direction_name,direction_kind,property,alpha,decode_count,valid_count,descriptor,mean_value,median_value,q25_value,q75_value,mean_change_from_seed,median_change_from_seed,q25_change_from_seed,q75_change_from_seed
raw::cLogP,raw_property,cLogP,-150.0,50,50,MolWt,62.61152000000001,38.0275,33.03,63.79700000000001,-262.11044000000004,-271.2720000000001,-318.10900000000004,-206.33474999999999
raw::cLogP,raw_property,cLogP,-150.0,50,50,CarbonCount,0.88,0.0,0.0,1.0,-16.22,-17.0,-20.0,-12.25
raw::cLogP,raw_property,cLogP,-150.0,50,50,HeavyAtomCount_calc,4.08,2.5,2.0,4.0,-18.6,-20.0,-22.75,-15.0
raw::cLogP,raw_property,cLogP,-150.0,50,50,HeteroatomCount,3.2,2.0,2.0,3.75,-2.38,-2.5,-4.0,-1.0
raw::cLogP,raw_property,cLogP,-150.0,50,50,RingCount_calc,0.08,0.0,0.0,0.0,-2.68,-3.0,-3.0,-2.0
raw::cLogP,raw_property,cLogP,-150.0,50,50,AromaticRingCount_calc,0.0,0.0,0.0,0.0,-2.08,-2.0,-3.0,-1.0
raw::cLogP,raw_property,cLogP,-150.0,50,50,BondCount,3.14,1.5,1.0,3.0,-21.3,-23.0,-25.75,-17.0
raw::cLogP,raw_property,cLogP,-150.0,50,50,BranchPointCount,0.48,0.0,0.0,0.75,-6.66,-7.0,-8.0,-5.0
raw::cLogP,raw_property,cLogP,-150.0,50,50,AromaticAtomFraction,0.0,0.0,0.0,0.0,-0.512588623479048,-0.5,-0.6520935960591133,-0.4182692307692308
raw::cLogP,raw_property,cLogP,-150.0,50,50,AromaticBondFraction,0.0,0.0,0.0,0.0,-0.48690678907577895,-0.47058823529411764,-0.6157894736842104,-0.39285714285714285
raw::cLogP,raw_property,cLogP,-146.96969696969697,50,50,MolWt,61.63158000000001,44.527,33.03,71.81925000000001,-263.0903800000001,-286.0370000000001,-328.53650000000016,-200.40425
raw::cLogP,raw_property,cLogP,-146.96969696969697,50,50,CarbonCount,0.96,0.0,0.0,1.0,-16.14,-17.0,-20.0,-12.25
raw::cLogP,raw_property,cLogP,-146.96969696969697,50,50,HeavyAtomCount_calc,4.02,3.0,2.0,4.75,-18.66,-20.0,-23.0,-14.25
raw::cLogP,raw_property,cLogP,-146.96969696969697,50,50,HeteroatomCount,3.06,2.0,2.0,3.75,-2.52,-2.5,-4.0,-1.0
raw::cLogP,raw_property,cLogP,-146.96969696969697,50,50,RingCount_calc,0.08,0.0,0.0,0.0,-2.68,-3.0,-3.75,-2.0
raw::cLogP,raw_property,cLogP,-146.96969696969697,50,50,AromaticRingCount_calc,0.0,0.0,0.0,0.0,-2.08,-2.0,-3.0,-1.0
raw::cLogP,raw_property,cLogP,-146.96969696969697,50,50,BondCount,3.08,2.0,1.0,3.75,-21.36,-23.0,-26.0,-16.25
raw::cLogP,raw_property,cLogP,-146.96969696969697,50,50,BranchPointCount,0.38,0.0,0.0,0.0,-6.76,-7.0,-9.0,-5.0
raw::cLogP,raw_property,cLogP,-146.96969696969697,50,50,AromaticAtomFraction,0.0,0.0,0.0,0.0,-0.512588623479048,-0.5,-0.6520935960591133,-0.4182692307692308
raw::cLogP,raw_property,cLogP,-146.96969696969697,50,50,AromaticBondFraction,0.0,0.0,0.0,0.0,-0.48690678907577895,-0.47058823529411764,-0.6157894736842104,-0.39285714285714285
raw::cLogP,raw_property,cLogP,-143.93939393939394,50,50,MolWt,62.43240000000001,43.025000000000006,33.03,74.82100000000001,-262.28956000000005,-279.0235000000001,-325.44550000000015,-200.40425
raw::cLogP,raw_property,cLogP,-143.93939393939394,50,50,CarbonCount,1.02,0.5,0.0,1.0,-16.08,-17.0,-20.0,-12.25
raw::cLogP,raw_property,cLogP,-143.93939393939394,50,50,HeavyAtomCount_calc,4.08,3.0,2.0,5.0,-18.6,-20.0,-23.0,-14.25
raw::cLogP,raw_property,cLogP,-143.93939393939394,50,50,HeteroatomCount,3.06,2.0,2.0,3.75,-2.52,-2.5,-4.0,-1.0
raw::cLogP,raw_property,cLogP,-143.93939393939394,50,50,RingCount_calc,0.06,0.0,0.0,0.0,-2.7,-3.0,-3.75,-2.0
raw::cLogP,raw_property,cLogP,-143.93939393939394,50,50,AromaticRingCount_calc,0.0,0.0,0.0,0.0,-2.08,-2.0,-3.0,-1.0
raw::cLogP,raw_property,cLogP,-143.93939393939394,50,50,BondCount,3.14,2.0,1.0,4.0,-21.3,-23.0,-26.0,-16.25
raw::cLogP,raw_property,cLogP,-143.93939393939394,50,50,BranchPointCount,0.38,0.0,0.0,0.0,-6.76,-7.0,-9.0,-5.0
raw::cLogP,raw_property,cLogP,-143.93939393939394,50,50,AromaticAtomFraction,0.0,0.0,0.0,0.0,-0.512588623479048,-0.5,-0.6520935960591133,-0.4182692307692308
raw::cLogP,raw_property,cLogP,-143.93939393939394,50,50,AromaticBondFraction,0.0,0.0,0.0,0.0,-0.48690678907577895,-0.47058823529411764,-0.6157894736842104,-0.39285714285714285
raw::cLogP,raw_property,cLogP,-140.9090909090909,50,50,MolWt,66.35532,47.551,33.03,78.55099999999999,-258.3666400000001,-277.3365,-308.3867500000001,-200.40425
raw::cLogP,raw_property,cLogP,-140.9090909090909,50,50,CarbonCount,1.14,1.0,0.0,2.0,-15.96,-17.0,-19.0,-12.25
raw::cLogP,raw_property,cLogP,-140.9090909090909,50,50,HeavyAtomCount_calc,4.36,3.0,2.0,5.0,-18.32,-19.0,-22.0,-14.25
raw::cLogP,raw_property,cLogP,-140.9090909090909,50,50,HeteroatomCount,3.22,2.0,2.0,4.0,-2.36,-2.0,-3.75,-1.0
raw::cLogP,raw_property,cLogP,-140.9090909090909,50,50,RingCount_calc,0.06,0.0,0.0,0.0,-2.7,-3.0,-3.75,-2.0
raw::cLogP,raw_property,cLogP,-140.9090909090909,50,50,AromaticRingCount_calc,0.0,0.0,0.0,0.0,-2.08,-2.0,-3.0,-1.0
raw::cLogP,raw_property,cLogP,-140.9090909090909,50,50,BondCount,3.42,2.0,1.0,4.0,-21.02,-22.0,-25.0,-16.25
raw::cLogP,raw_property,cLogP,-140.9090909090909,50,50,BranchPointCount,0.44,0.0,0.0,1.0,-6.7,-7.0,-8.0,-5.0
raw::cLogP,raw_property,cLogP,-140.9090909090909,50,50,AromaticAtomFraction,0.0,0.0,0.0,0.0,-0.512588623479048,-0.5,-0.6520935960591133,-0.4182692307692308
raw::cLogP,raw_property,cLogP,-140.9090909090909,50,50,AromaticBondFraction,0.0,0.0,0.0,0.0,-0.48690678907577895,-0.47058823529411764,-0.6157894736842104,-0.39285714285714285
raw::cLogP,raw_property,cLogP,-137.87878787878788,50,50,MolWt,71.72016,58.06,33.03,89.04099999999998,-253.0018000000001,-267.3385000000002,-306.5975000000001,-198.21725
raw::cLogP,raw_property,cLogP,-137.87878787878788,50,50,CarbonCount,1.32,1.0,0.0,2.0,-15.78,-17.0,-19.0,-12.25
raw::cLogP,raw_property,cLogP,-137.87878787878788,50,50,HeavyAtomCount_calc,4.72,4.0,2.0,6.0,-17.96,-19.0,-21.75,-14.0
raw::cLogP,raw_property,cLogP,-137.87878787878788,50,50,HeteroatomCount,3.4,3.0,2.0,4.0,-2.18,-2.0,-4.0,-1.0
raw::cLogP,raw_property,cLogP,-137.87878787878788,50,50,RingCount_calc,0.08,0.0,0.0,0.0,-2.68,-3.0,-3.0,-2.0
raw::cLogP,raw_property,cLogP,-137.87878787878788,50,50,AromaticRingCount_calc,0.0,0.0,0.0,0.0,-2.08,-2.0,-3.0,-1.0
raw::cLogP,raw_property,cLogP,-137.87878787878788,50,50,BondCount,3.8,3.0,1.0,5.0,-20.64,-22.0,-25.0,-16.0
raw::cLogP,raw_property,cLogP,-137.87878787878788,50,50,BranchPointCount,0.56,0.0,0.0,1.0,-6.58,-7.0,-8.0,-5.0
raw::cLogP,raw_property,cLogP,-137.87878787878788,50,50,AromaticAtomFraction,0.0,0.0,0.0,0.0,-0.512588623479048,-0.5,-0.6520935960591133,-0.4182692307692308
raw::cLogP,raw_property,cLogP,-137.87878787878788,50,50,AromaticBondFraction,0.0,0.0,0.0,0.0,-0.48690678907577895,-0.47058823529411764,-0.6157894736842104,-0.39285714285714285
raw::cLogP,raw_property,cLogP,-134.84848484848484,50,50,MolWt,68.5117,62.07000000000001,33.03,91.80799999999999,-256.21026000000006,-267.58050000000014,-306.5975000000001,-201.95349999999996
raw::cLogP,raw_property,cLogP,-134.84848484848484,50,50,CarbonCount,1.22,1.0,0.0,2.0,-15.88,-17.0,-19.0,-13.0
raw::cLogP,raw_property,cLogP,-134.84848484848484,50,50,HeavyAtomCount_calc,4.54,4.0,2.0,6.0,-18.14,-18.5,-22.0,-14.25
raw::cLogP,raw_property,cLogP,-134.84848484848484,50,50,HeteroatomCount,3.32,3.0,2.0,4.0,-2.26,-2.0,-4.0,-1.0
raw::cLogP,raw_property,cLogP,-134.84848484848484,50,50,RingCount_calc,0.1,0.0,0.0,0.0,-2.66,-3.0,-3.0,-2.0
raw::cLogP,raw_property,cLogP,-134.84848484848484,50,50,AromaticRingCount_calc,0.0,0.0,0.0,0.0,-2.08,-2.0,-3.0,-1.0
raw::cLogP,raw_property,cLogP,-134.84848484848484,50,50,BondCount,3.64,3.0,1.0,6.0,-20.8,-22.0,-25.0,-16.25
raw::cLogP,raw_property,cLogP,-134.84848484848484,50,50,BranchPointCount,0.54,0.0,0.0,1.0,-6.6,-7.0,-8.0,-5.0
raw::cLogP,raw_property,cLogP,-134.84848484848484,50,50,AromaticAtomFraction,0.0,0.0,0.0,0.0,-0.512588623479048,-0.5,-0.6520935960591133,-0.4182692307692308
raw::cLogP,raw_property,cLogP,-134.84848484848484,50,50,AromaticBondFraction,0.0,0.0,0.0,0.0,-0.48690678907577895,-0.47058823529411764,-0.6157894736842104,-0.39285714285714285
raw::cLogP,raw_property,cLogP,-131.8181818181818,50,50,MolWt,70.95474,70.543,33.03,96.31325000000001,-253.7672200000001,-264.86650000000014,-305.9050000000001,-201.95349999999996
raw::cLogP,raw_property,cLogP,-131.8181818181818,50,50,CarbonCount,1.32,1.0,0.0,2.0,-15.78,-16.5,-19.0,-13.0
raw::cLogP,raw_property,cLogP,-131.8181818181818,50,50,HeavyAtomCount_calc,4.7,4.5,2.0,6.75,-17.98,-18.5,-21.75,-14.25
raw::cLogP,raw_property,cLogP,-131.8181818181818,50,50,HeteroatomCount,3.38,3.0,2.0,4.0,-2.2,-2.0,-3.75,-1.0
raw::cLogP,raw_property,cLogP,-131.8181818181818,50,50,RingCount_calc,0.08,0.0,0.0,0.0,-2.68,-3.0,-3.75,-2.0
raw::cLogP,raw_property,cLogP,-131.8181818181818,50,50,AromaticRingCount_calc,0.0,0.0,0.0,0.0,-2.08,-2.0,-3.0,-1.0
raw::cLogP,raw_property,cLogP,-131.8181818181818,50,50,BondCount,3.78,3.5,1.0,6.0,-20.66,-22.0,-25.0,-16.25
raw::cLogP,raw_property,cLogP,-131.8181818181818,50,50,BranchPointCount,0.58,0.0,0.0,1.0,-6.56,-6.5,-8.0,-5.0
raw::cLogP,raw_property,cLogP,-131.8181818181818,50,50,AromaticAtomFraction,0.0,0.0,0.0,0.0,-0.512588623479048,-0.5,-0.6520935960591133,-0.4182692307692308
raw::cLogP,raw_property,cLogP,-131.8181818181818,50,50,AromaticBondFraction,0.0,0.0,0.0,0.0,-0.49050744374026345,-0.47058823529411764,-0.6157894736842104,-0.39642857142857146
raw::cLogP,raw_property,cLogP,-128.78787878787878,50,50,MolWt,73.77814,71.551,33.03,98.80399999999999,-250.94382000000004,-263.5530000000001,-298.3590000000001,-198.21725
raw::cLogP,raw_property,cLogP,-128.78787878787878,50,50,CarbonCount,1.46,1.0,0.0,2.0,-15.64,-16.5,-19.0,-12.25
raw::cLogP,raw_property,cLogP,-128.78787878787878,50,50,HeavyAtomCount_calc,4.9,5.0,2.0,7.0,-17.78,-18.0,-21.0,-14.25
raw::cLogP,raw_property,cLogP,-128.78787878787878,50,50,HeteroatomCount,3.44,3.0,2.0,4.0,-2.14,-2.0,-3.75,-1.0
raw::cLogP,raw_property,cLogP,-128.78787878787878,50,50,RingCount_calc,0.1,0.0,0.0,0.0,-2.66,-3.0,-3.75,-2.0
raw::cLogP,raw_property,cLogP,-128.78787878787878,50,50,AromaticRingCount_calc,0.0,0.0,0.0,0.0,-2.08,-2.0,-3.0,-1.0
raw::cLogP,raw_property,cLogP,-128.78787878787878,50,50,BondCount,4.0,4.0,1.0,6.0,-20.44,-22.0,-25.0,-16.25
raw::cLogP,raw_property,cLogP,-128.78787878787878,50,50,BranchPointCount,0.64,0.0,0.0,1.0,-6.5,-6.0,-8.0,-5.0
raw::cLogP,raw_property,cLogP,-128.78787878787878,50,50,AromaticAtomFraction,0.0,0.0,0.0,0.0,-0.512588623479048,-0.5,-0.6520935960591133,-0.4182692307692308
raw::cLogP,raw_property,cLogP,-128.78787878787878,50,50,AromaticBondFraction,0.0,0.0,0.0,0.0,-0.49050744374026345,-0.47058823529411764,-0.6157894736842104,-0.39642857142857146
raw::cLogP,raw_property,cLogP,-125.75757575757576,50,50,MolWt,79.98257999999998,77.555,33.276,104.836,-244.7393800000001,-261.9085,-281.9140000000001,-192.32399999999996
raw::cLogP,raw_property,cLogP,-125.75757575757576,50,50,CarbonCount,1.68,2.0,0.25,3.0,-15.42,-16.0,-18.75,-12.25
raw::cLogP,raw_property,cLogP,-125.75757575757576,50,50,HeavyAtomCount_calc,5.34,5.0,2.0,7.0,-17.34,-18.0,-20.75,-13.25
raw::cLogP,raw_property,cLogP,-125.75757575757576,50,50,HeteroatomCount,3.66,3.0,2.0,4.75,-1.92,-2.0,-3.0,-1.0
raw::cLogP,raw_property,cLogP,-125.75757575757576,50,50,RingCount_calc,0.18,0.0,0.0,0.0,-2.58,-2.5,-3.75,-2.0
raw::cLogP,raw_property,cLogP,-125.75757575757576,50,50,AromaticRingCount_calc,0.0,0.0,0.0,0.0,-2.08,-2.0,-3.0,-1.0
raw::cLogP,raw_property,cLogP,-125.75757575757576,50,50,BondCount,4.52,4.0,1.0,6.0,-19.92,-21.0,-23.75,-16.0
raw::cLogP,raw_property,cLogP,-125.75757575757576,50,50,BranchPointCount,0.8,0.0,0.0,1.0,-6.34,-6.0,-8.0,-5.0
raw::cLogP,raw_property,cLogP,-125.75757575757576,50,50,AromaticAtomFraction,0.0,0.0,0.0,0.0,-0.512588623479048,-0.5,-0.6520935960591133,-0.4182692307692308
raw::cLogP,raw_property,cLogP,-125.75757575757576,50,50,AromaticBondFraction,0.0,0.0,0.0,0.0,-0.4847791295013108,-0.47058823529411764,-0.6157894736842104,-0.39285714285714285
raw::cLogP,raw_property,cLogP,-122.72727272727272,50,50,MolWt,81.70526,77.555,47.056999999999995,105.09299999999999,-243.0167000000001,-255.0540000000001,-282.35125000000005,-190.4880000000001
raw::cLogP,raw_property,cLogP,-122.72727272727272,50,50,CarbonCount,1.78,2.0,1.0,3.0,-15.32,-16.0,-18.75,-12.0
raw::cLogP,raw_property,cLogP,-122.72727272727272,50,50,HeavyAtomCount_calc,5.46,5.0,3.0,7.0,-17.22,-18.0,-20.75,-13.25
raw::cLogP,raw_property,cLogP,-122.72727272727272,50,50,HeteroatomCount,3.68,3.0,2.0,4.75,-1.9,-2.0,-3.0,-1.0
raw::cLogP,raw_property,cLogP,-122.72727272727272,50,50,RingCount_calc,0.14,0.0,0.0,0.0,-2.62,-3.0,-3.75,-2.0
raw::cLogP,raw_property,cLogP,-122.72727272727272,50,50,AromaticRingCount_calc,0.0,0.0,0.0,0.0,-2.08,-2.0,-3.0,-1.0
raw::cLogP,raw_property,cLogP,-122.72727272727272,50,50,BondCount,4.6,4.0,2.0,6.0,-19.84,-21.0,-23.75,-16.0
raw::cLogP,raw_property,cLogP,-122.72727272727272,50,50,BranchPointCount,0.8,0.5,0.0,1.0,-6.34,-6.0,-8.0,-5.0
raw::cLogP,raw_property,cLogP,-122.72727272727272,50,50,AromaticAtomFraction,0.0,0.0,0.0,0.0,-0.512588623479048,-0.5,-0.6520935960591133,-0.4182692307692308
raw::cLogP,raw_property,cLogP,-122.72727272727272,50,50,AromaticBondFraction,0.0,0.0,0.0,0.0,-0.4833601198589224,-0.4644607843137255,-0.6078947368421053,-0.39285714285714285
raw::cLogP,raw_property,cLogP,-119.69696969696967,50,50,MolWt,90.57314000000001,89.094,48.042,109.12375,-234.14882000000006,-251.67600000000016,-273.74800000000016,-170.49975000000006
raw::cLogP,raw_property,cLogP,-119.69696969696967,50,50,CarbonCount,2.08,2.0,1.0,3.0,-15.02,-15.5,-18.0,-12.0
raw::cLogP,raw_property,cLogP,-119.69696969696967,50,50,HeavyAtomCount_calc,6.06,6.0,3.0,7.0,-16.62,-17.0,-19.0,-13.0
raw::cLogP,raw_property,cLogP,-119.69696969696967,50,50,HeteroatomCount,3.98,4.0,2.0,5.0,-1.6,-1.5,-3.0,-0.25
raw::cLogP,raw_property,cLogP,-119.69696969696967,50,50,RingCount_calc,0.16,0.0,0.0,0.0,-2.6,-2.5,-3.0,-2.0
raw::cLogP,raw_property,cLogP,-119.69696969696967,50,50,AromaticRingCount_calc,0.0,0.0,0.0,0.0,-2.08,-2.0,-3.0,-1.0
raw::cLogP,raw_property,cLogP,-119.69696969696967,50,50,BondCount,5.22,5.0,2.0,7.0,-19.22,-20.0,-22.0,-15.25
raw::cLogP,raw_property,cLogP,-119.69696969696967,50,50,BranchPointCount,0.96,1.0,0.0,1.0,-6.18,-6.0,-8.0,-5.0
raw::cLogP,raw_property,cLogP,-119.69696969696967,50,50,AromaticAtomFraction,0.0,0.0,0.0,0.0,-0.512588623479048,-0.5,-0.6520935960591133,-0.4182692307692308
raw::cLogP,raw_property,cLogP,-119.69696969696967,50,50,AromaticBondFraction,0.0,0.0,0.0,0.0,-0.4871010697937744,-0.47058823529411764,-0.631578947368421,-0.39285714285714285
raw::cLogP,raw_property,cLogP,-116.66666666666666,50,50,MolWt,90.65464,94.5635,48.042,114.58699999999999,-234.0673200000001,-250.8660000000001,-274.6400000000001,-170.49975000000006
raw::cLogP,raw_property,cLogP,-116.66666666666666,50,50,CarbonCount,2.18,2.0,1.0,3.0,-14.92,-15.0,-18.0,-12.0
raw::cLogP,raw_property,cLogP,-116.66666666666666,50,50,HeavyAtomCount_calc,6.08,6.0,3.0,8.0,-16.6,-17.0,-19.0,-13.0
raw::cLogP,raw_property,cLogP,-116.66666666666666,50,50,HeteroatomCount,3.9,4.0,2.0,5.0,-1.68,-1.5,-3.0,-0.25
raw::cLogP,raw_property,cLogP,-116.66666666666666,50,50,RingCount_calc,0.16,0.0,0.0,0.0,-2.6,-2.5,-3.0,-2.0
raw::cLogP,raw_property,cLogP,-116.66666666666666,50,50,AromaticRingCount_calc,0.0,0.0,0.0,0.0,-2.08,-2.0,-3.0,-1.0
raw::cLogP,raw_property,cLogP,-116.66666666666666,50,50,BondCount,5.24,5.0,2.0,7.0,-19.2,-20.0,-22.0,-15.25
raw::cLogP,raw_property,cLogP,-116.66666666666666,50,50,BranchPointCount,1.0,1.0,0.0,1.75,-6.14,-6.0,-8.0,-5.0
raw::cLogP,raw_property,cLogP,-116.66666666666666,50,50,AromaticAtomFraction,0.0,0.0,0.0,0.0,-0.512588623479048,-0.5,-0.6520935960591133,-0.4182692307692308
raw::cLogP,raw_property,cLogP,-116.66666666666666,50,50,AromaticBondFraction,0.0,0.0,0.0,0.0,-0.4871010697937744,-0.47058823529411764,-0.631578947368421,-0.39285714285714285
raw::cLogP,raw_property,cLogP,-113.63636363636364,50,50,MolWt,93.41508,86.564,49.789750000000005,125.61399999999999,-231.3068800000001,-241.83650000000034,-273.74800000000016,-176.9650000000001
raw::cLogP,raw_property,cLogP,-113.63636363636364,50,50,CarbonCount,2.22,2.0,1.0,3.0,-14.88,-15.0,-18.0,-12.0
raw::cLogP,raw_property,cLogP,-113.63636363636364,50,50,HeavyAtomCount_calc,6.28,6.0,3.25,9.0,-16.4,-17.0,-19.0,-13.0
raw::cLogP,raw_property,cLogP,-113.63636363636364,50,50,HeteroatomCount,4.06,4.0,2.0,5.0,-1.52,-2.0,-3.0,0.0
raw::cLogP,raw_property,cLogP,-113.63636363636364,50,50,RingCount_calc,0.16,0.0,0.0,0.0,-2.6,-2.5,-3.0,-2.0
raw::cLogP,raw_property,cLogP,-113.63636363636364,50,50,AromaticRingCount_calc,0.0,0.0,0.0,0.0,-2.08,-2.0,-3.0,-1.0
raw::cLogP,raw_property,cLogP,-113.63636363636364,50,50,BondCount,5.44,5.0,2.25,8.0,-19.0,-20.0,-22.75,-15.25
raw::cLogP,raw_property,cLogP,-113.63636363636364,50,50,BranchPointCount,1.16,1.0,0.0,2.0,-5.98,-6.0,-8.0,-4.25
raw::cLogP,raw_property,cLogP,-113.63636363636364,50,50,AromaticAtomFraction,0.0,0.0,0.0,0.0,-0.512588623479048,-0.5,-0.6520935960591133,-0.4182692307692308
raw::cLogP,raw_property,cLogP,-113.63636363636364,50,50,AromaticBondFraction,0.0,0.0,0.0,0.0,-0.4871010697937744,-0.47058823529411764,-0.631578947368421,-0.39285714285714285
raw::cLogP,raw_property,cLogP,-110.6060606060606,50,50,MolWt,93.69373999999999,87.572,64.31275,118.092,-231.02822000000006,-238.5455000000001,-274.2010000000001,-185.70225000000002
raw::cLogP,raw_property,cLogP,-110.6060606060606,50,50,CarbonCount,2.38,2.0,1.0,3.0,-14.72,-15.0,-17.75,-11.25
raw::cLogP,raw_property,cLogP,-110.6060606060606,50,50,HeavyAtomCount_calc,6.34,6.0,4.25,8.0,-16.34,-17.0,-19.0,-13.0
raw::cLogP,raw_property,cLogP,-110.6060606060606,50,50,HeteroatomCount,3.96,4.0,3.0,5.0,-1.62,-2.0,-3.0,0.0
raw::cLogP,raw_property,cLogP,-110.6060606060606,50,50,RingCount_calc,0.28,0.0,0.0,0.75,-2.48,-2.5,-3.0,-2.0
raw::cLogP,raw_property,cLogP,-110.6060606060606,50,50,AromaticRingCount_calc,0.04,0.0,0.0,0.0,-2.04,-2.0,-3.0,-1.0
raw::cLogP,raw_property,cLogP,-110.6060606060606,50,50,BondCount,5.62,5.0,3.25,8.0,-18.82,-19.5,-22.0,-15.0
raw::cLogP,raw_property,cLogP,-110.6060606060606,50,50,BranchPointCount,1.26,1.0,0.0,2.0,-5.88,-6.0,-7.0,-4.25
raw::cLogP,raw_property,cLogP,-110.6060606060606,50,50,AromaticAtomFraction,0.026000000000000002,0.0,0.0,0.0,-0.4865886234790481,-0.48193548387096774,-0.6321428571428571,-0.38846153846153847
raw::cLogP,raw_property,cLogP,-110.6060606060606,50,50,AromaticBondFraction,0.02653061224489796,0.0,0.0,0.0,-0.4605704575488764,-0.4444444444444444,-0.6,-0.36363636363636365
raw::cLogP,raw_property,cLogP,-107.57575757575758,50,50,MolWt,97.53723999999998,96.59199999999998,65.06375,118.092,-227.18472000000006,-231.76750000000004,-264.27200000000005,-175.15199999999996
raw::cLogP,raw_property,cLogP,-107.57575757575758,50,50,CarbonCount,2.48,2.0,1.0,3.0,-14.62,-15.0,-17.75,-12.0
raw::cLogP,raw_property,cLogP,-107.57575757575758,50,50,HeavyAtomCount_calc,6.6,6.5,4.25,8.0,-16.08,-16.5,-18.0,-13.0
raw::cLogP,raw_property,cLogP,-107.57575757575758,50,50,HeteroatomCount,4.12,4.0,3.0,5.0,-1.46,-2.0,-3.0,0.0
raw::cLogP,raw_property,cLogP,-107.57575757575758,50,50,RingCount_calc,0.26,0.0,0.0,0.75,-2.5,-3.0,-3.0,-2.0
raw::cLogP,raw_property,cLogP,-107.57575757575758,50,50,AromaticRingCount_calc,0.06,0.0,0.0,0.0,-2.02,-2.0,-3.0,-1.0
raw::cLogP,raw_property,cLogP,-107.57575757575758,50,50,BondCount,5.86,6.0,4.0,8.0,-18.58,-19.0,-21.0,-15.0
raw::cLogP,raw_property,cLogP,-107.57575757575758,50,50,BranchPointCount,1.3,1.0,0.0,2.0,-5.84,-6.0,-7.0,-4.25
raw::cLogP,raw_property,cLogP,-107.57575757575758,50,50,AromaticAtomFraction,0.03660606060606061,0.0,0.0,0.0,-0.47598256287298746,-0.48193548387096774,-0.6321428571428571,-0.3926282051282052
raw::cLogP,raw_property,cLogP,-107.57575757575758,50,50,AromaticBondFraction,0.03735312306740878,0.0,0.0,0.0,-0.44974794672636564,-0.4444444444444444,-0.6,-0.39285714285714285
raw::cLogP,raw_property,cLogP,-104.54545454545456,50,50,MolWt,102.7009,98.06099999999998,75.067,121.34100000000001,-222.02106000000003,-234.3420000000001,-264.27200000000005,-168.949
raw::cLogP,raw_property,cLogP,-104.54545454545456,50,50,CarbonCount,2.6,3.0,2.0,3.0,-14.5,-15.0,-18.0,-12.0
raw::cLogP,raw_property,cLogP,-104.54545454545456,50,50,HeavyAtomCount_calc,6.94,7.0,5.0,8.0,-15.74,-16.5,-18.0,-12.25
raw::cLogP,raw_property,cLogP,-104.54545454545456,50,50,HeteroatomCount,4.34,4.0,3.0,5.75,-1.24,-2.0,-2.75,0.0
raw::cLogP,raw_property,cLogP,-104.54545454545456,50,50,RingCount_calc,0.24,0.0,0.0,0.0,-2.52,-3.0,-3.0,-2.0
raw::cLogP,raw_property,cLogP,-104.54545454545456,50,50,AromaticRingCount_calc,0.02,0.0,0.0,0.0,-2.06,-2.0,-3.0,-1.0
raw::cLogP,raw_property,cLogP,-104.54545454545456,50,50,BondCount,6.18,6.0,4.0,8.0,-18.26,-19.5,-21.0,-14.0
raw::cLogP,raw_property,cLogP,-104.54545454545456,50,50,BranchPointCount,1.3,1.0,0.0,2.0,-5.84,-6.0,-7.0,-4.25
raw::cLogP,raw_property,cLogP,-104.54545454545456,50,50,AromaticAtomFraction,0.013333333333333332,0.0,0.0,0.0,-0.49925529014571474,-0.5,-0.6520935960591133,-0.4182692307692308
raw::cLogP,raw_property,cLogP,-104.54545454545456,50,50,AromaticBondFraction,0.013605442176870748,0.0,0.0,0.0,-0.4734956276169036,-0.47058823529411764,-0.631578947368421,-0.39285714285714285
raw::cLogP,raw_property,cLogP,-101.51515151515152,50,50,MolWt,104.58792,102.587,75.31299999999999,138.38324999999998,-220.13404000000006,-231.31450000000007,-261.046,-168.949
raw::cLogP,raw_property,cLogP,-101.51515151515152,50,50,CarbonCount,2.76,3.0,2.0,3.0,-14.34,-15.0,-18.0,-11.25
raw::cLogP,raw_property,cLogP,-101.51515151515152,50,50,HeavyAtomCount_calc,7.04,7.0,5.0,9.75,-15.64,-16.0,-18.0,-13.0
raw::cLogP,raw_property,cLogP,-101.51515151515152,50,50,HeteroatomCount,4.28,4.0,3.0,5.75,-1.3,-1.0,-2.0,0.0
raw::cLogP,raw_property,cLogP,-101.51515151515152,50,50,RingCount_calc,0.2,0.0,0.0,0.0,-2.56,-3.0,-3.0,-2.0
raw::cLogP,raw_property,cLogP,-101.51515151515152,50,50,AromaticRingCount_calc,0.02,0.0,0.0,0.0,-2.06,-2.0,-3.0,-1.0
raw::cLogP,raw_property,cLogP,-101.51515151515152,50,50,BondCount,6.24,6.0,4.0,9.0,-18.2,-19.0,-21.75,-15.0
raw::cLogP,raw_property,cLogP,-101.51515151515152,50,50,BranchPointCount,1.18,1.0,0.0,2.0,-5.96,-6.0,-7.75,-4.0
raw::cLogP,raw_property,cLogP,-101.51515151515152,50,50,AromaticAtomFraction,0.013333333333333332,0.0,0.0,0.0,-0.49925529014571474,-0.5,-0.6520935960591133,-0.4182692307692308
raw::cLogP,raw_property,cLogP,-101.51515151515152,50,50,AromaticBondFraction,0.013605442176870748,0.0,0.0,0.0,-0.4734956276169036,-0.47058823529411764,-0.631578947368421,-0.39285714285714285
raw::cLogP,raw_property,cLogP,-98.48484848484848,50,50,MolWt,107.65106,117.06199999999998,85.569,130.83299999999997,-217.07090000000008,-225.32000000000005,-260.3885,-164.04699999999997
raw::cLogP,raw_property,cLogP,-98.48484848484848,50,50,CarbonCount,2.92,3.0,2.0,4.0,-14.18,-15.0,-17.75,-11.0
raw::cLogP,raw_property,cLogP,-98.48484848484848,50,50,HeavyAtomCount_calc,7.26,7.5,5.25,9.0,-15.42,-16.0,-18.0,-12.25
raw::cLogP,raw_property,cLogP,-98.48484848484848,50,50,HeteroatomCount,4.34,4.0,3.0,5.0,-1.24,-1.0,-2.0,0.0
raw::cLogP,raw_property,cLogP,-98.48484848484848,50,50,RingCount_calc,0.18,0.0,0.0,0.0,-2.58,-3.0,-3.0,-2.0
raw::cLogP,raw_property,cLogP,-98.48484848484848,50,50,AromaticRingCount_calc,0.04,0.0,0.0,0.0,-2.04,-2.0,-3.0,-1.0
raw::cLogP,raw_property,cLogP,-98.48484848484848,50,50,BondCount,6.44,6.5,4.25,9.0,-18.0,-18.0,-22.0,-14.25
raw::cLogP,raw_property,cLogP,-98.48484848484848,50,50,BranchPointCount,1.22,1.0,0.0,2.0,-5.92,-6.0,-7.0,-4.25
raw::cLogP,raw_property,cLogP,-98.48484848484848,50,50,AromaticAtomFraction,0.024444444444444446,0.0,0.0,0.0,-0.4881441790346036,-0.5,-0.6520935960591133,-0.4182692307692308
raw::cLogP,raw_property,cLogP,-98.48484848484848,50,50,AromaticBondFraction,0.024943310657596373,0.0,0.0,0.0,-0.462157759136178,-0.47058823529411764,-0.631578947368421,-0.39285714285714285
raw::cLogP,raw_property,cLogP,-95.45454545454544,50,50,MolWt,115.95805999999997,118.092,89.34,142.362,-208.76390000000006,-222.26100000000008,-253.68150000000006,-155.239
raw::cLogP,raw_property,cLogP,-95.45454545454544,50,50,CarbonCount,3.22,3.0,2.25,4.0,-13.88,-14.5,-17.0,-11.0
raw::cLogP,raw_property,cLogP,-95.45454545454544,50,50,HeavyAtomCount_calc,7.86,8.0,6.0,10.0,-14.82,-15.0,-18.0,-11.0
raw::cLogP,raw_property,cLogP,-95.45454545454544,50,50,HeteroatomCount,4.64,5.0,3.0,6.0,-0.94,-1.0,-2.0,0.0
raw::cLogP,raw_property,cLogP,-95.45454545454544,50,50,RingCount_calc,0.3,0.0,0.0,1.0,-2.46,-2.0,-3.0,-2.0
raw::cLogP,raw_property,cLogP,-95.45454545454544,50,50,AromaticRingCount_calc,0.04,0.0,0.0,0.0,-2.04,-2.0,-3.0,-1.0
raw::cLogP,raw_property,cLogP,-95.45454545454544,50,50,BondCount,7.16,7.0,5.0,9.0,-17.28,-17.5,-21.0,-13.25
raw::cLogP,raw_property,cLogP,-95.45454545454544,50,50,BranchPointCount,1.54,1.0,0.25,2.0,-5.6,-5.5,-7.0,-4.0
raw::cLogP,raw_property,cLogP,-95.45454545454544,50,50,AromaticAtomFraction,0.024444444444444446,0.0,0.0,0.0,-0.4881441790346036,-0.5,-0.6520935960591133,-0.4182692307692308
raw::cLogP,raw_property,cLogP,-95.45454545454544,50,50,AromaticBondFraction,0.024943310657596373,0.0,0.0,0.0,-0.462157759136178,-0.47058823529411764,-0.631578947368421,-0.39285714285714285
raw::cLogP,raw_property,cLogP,-92.42424242424242,50,50,MolWt,118.67921999999999,119.65050000000001,89.095,143.873,-206.04274000000004,-214.82700000000017,-256.39875000000023,-151.16275
raw::cLogP,raw_property,cLogP,-92.42424242424242,50,50,CarbonCount,3.36,3.0,3.0,4.0,-13.74,-14.0,-17.0,-10.25
raw::cLogP,raw_property,cLogP,-92.42424242424242,50,50,HeavyAtomCount_calc,8.06,8.0,6.0,10.0,-14.62,-14.5,-18.0,-11.0
raw::cLogP,raw_property,cLogP,-92.42424242424242,50,50,HeteroatomCount,4.7,5.0,3.0,6.0,-0.88,-1.0,-2.0,0.0
raw::cLogP,raw_property,cLogP,-92.42424242424242,50,50,RingCount_calc,0.36,0.0,0.0,1.0,-2.4,-2.0,-3.0,-2.0
raw::cLogP,raw_property,cLogP,-92.42424242424242,50,50,AromaticRingCount_calc,0.04,0.0,0.0,0.0,-2.04,-2.0,-3.0,-1.0
raw::cLogP,raw_property,cLogP,-92.42424242424242,50,50,BondCount,7.42,8.0,5.0,9.0,-17.02,-17.0,-21.0,-13.0
raw::cLogP,raw_property,cLogP,-92.42424242424242,50,50,BranchPointCount,1.62,2.0,1.0,2.0,-5.52,-5.0,-7.0,-4.0
raw::cLogP,raw_property,cLogP,-92.42424242424242,50,50,AromaticAtomFraction,0.02583333333333333,0.0,0.0,0.0,-0.4867552901457147,-0.49193548387096775,-0.6428571428571429,-0.3926282051282052
raw::cLogP,raw_property,cLogP,-92.42424242424242,50,50,AromaticBondFraction,0.026360544217687073,0.0,0.0,0.0,-0.4607405255760873,-0.4583333333333333,-0.6,-0.39285714285714285
raw::cLogP,raw_property,cLogP,-89.39393939393939,50,50,MolWt,127.44884,130.1375,91.84274999999998,144.838,-197.2731200000001,-198.8245,-252.29350000000008,-151.16275
raw::cLogP,raw_property,cLogP,-89.39393939393939,50,50,CarbonCount,3.76,4.0,3.0,4.75,-13.34,-13.5,-16.75,-10.0
raw::cLogP,raw_property,cLogP,-89.39393939393939,50,50,HeavyAtomCount_calc,8.68,9.0,6.25,10.0,-14.0,-13.5,-17.0,-11.0
raw::cLogP,raw_property,cLogP,-89.39393939393939,50,50,HeteroatomCount,4.92,5.0,3.0,6.0,-0.66,-0.5,-2.0,0.0
raw::cLogP,raw_property,cLogP,-89.39393939393939,50,50,RingCount_calc,0.38,0.0,0.0,1.0,-2.38,-2.0,-3.0,-2.0
raw::cLogP,raw_property,cLogP,-89.39393939393939,50,50,AromaticRingCount_calc,0.04,0.0,0.0,0.0,-2.04,-2.0,-3.0,-1.0
raw::cLogP,raw_property,cLogP,-89.39393939393939,50,50,BondCount,8.06,8.0,5.25,9.75,-16.38,-17.0,-19.75,-13.0
raw::cLogP,raw_property,cLogP,-89.39393939393939,50,50,BranchPointCount,1.84,2.0,1.0,2.75,-5.3,-5.0,-7.0,-4.0
raw::cLogP,raw_property,cLogP,-89.39393939393939,50,50,AromaticAtomFraction,0.02583333333333333,0.0,0.0,0.0,-0.4867552901457147,-0.49193548387096775,-0.6428571428571429,-0.3926282051282052
raw::cLogP,raw_property,cLogP,-89.39393939393939,50,50,AromaticBondFraction,0.026360544217687073,0.0,0.0,0.0,-0.4607405255760873,-0.4583333333333333,-0.6,-0.39285714285714285
raw::cLogP,raw_property,cLogP,-86.36363636363637,50,50,MolWt,131.34109999999998,131.603,100.33399999999999,158.40074999999996,-193.38086000000007,-190.59549999999996,-238.89575000000008,-156.23775000000003
raw::cLogP,raw_property,cLogP,-86.36363636363637,50,50,CarbonCount,4.06,4.0,3.0,5.0,-13.04,-13.0,-16.0,-10.0
raw::cLogP,raw_property,cLogP,-86.36363636363637,50,50,HeavyAtomCount_calc,8.9,9.0,7.0,10.75,-13.78,-13.0,-17.0,-11.0
raw::cLogP,raw_property,cLogP,-86.36363636363637,50,50,HeteroatomCount,4.84,5.0,3.0,6.0,-0.74,-0.5,-2.0,0.75
raw::cLogP,raw_property,cLogP,-86.36363636363637,50,50,RingCount_calc,0.48,0.0,0.0,1.0,-2.28,-2.0,-3.0,-1.0
raw::cLogP,raw_property,cLogP,-86.36363636363637,50,50,AromaticRingCount_calc,0.06,0.0,0.0,0.0,-2.02,-2.0,-2.75,-1.0
raw::cLogP,raw_property,cLogP,-86.36363636363637,50,50,BondCount,8.38,8.0,6.0,10.0,-16.06,-16.5,-19.0,-13.0
raw::cLogP,raw_property,cLogP,-86.36363636363637,50,50,BranchPointCount,1.94,2.0,1.0,3.0,-5.2,-5.0,-7.0,-4.0
raw::cLogP,raw_property,cLogP,-86.36363636363637,50,50,AromaticAtomFraction,0.028690476190476186,0.0,0.0,0.0,-0.48389814728857183,-0.48193548387096774,-0.6428571428571429,-0.37740384615384615
raw::cLogP,raw_property,cLogP,-86.36363636363637,50,50,AromaticBondFraction,0.029275996112730802,0.0,0.0,0.0,-0.4578250736810436,-0.4444444444444444,-0.6,-0.35294117647058826
raw::cLogP,raw_property,cLogP,-83.33333333333333,50,50,MolWt,129.8624,131.603,103.33399999999999,153.18525000000002,-194.85956000000004,-185.24900000000002,-242.87325000000016,-150.70275000000004
raw::cLogP,raw_property,cLogP,-83.33333333333333,50,50,CarbonCount,4.22,4.0,3.0,5.0,-12.88,-13.0,-16.0,-10.0
raw::cLogP,raw_property,cLogP,-83.33333333333333,50,50,HeavyAtomCount_calc,8.86,9.0,7.0,10.0,-13.82,-14.0,-17.0,-11.0
raw::cLogP,raw_property,cLogP,-83.33333333333333,50,50,HeteroatomCount,4.64,5.0,3.0,6.0,-0.94,-1.0,-2.0,0.0
raw::cLogP,raw_property,cLogP,-83.33333333333333,50,50,RingCount_calc,0.34,0.0,0.0,1.0,-2.42,-2.0,-3.0,-2.0
raw::cLogP,raw_property,cLogP,-83.33333333333333,50,50,AromaticRingCount_calc,0.04,0.0,0.0,0.0,-2.04,-2.0,-3.0,-1.0
raw::cLogP,raw_property,cLogP,-83.33333333333333,50,50,BondCount,8.18,9.0,6.0,9.75,-16.26,-17.0,-19.75,-12.25
raw::cLogP,raw_property,cLogP,-83.33333333333333,50,50,BranchPointCount,1.72,2.0,1.0,2.0,-5.42,-5.0,-7.0,-4.0
raw::cLogP,raw_property,cLogP,-83.33333333333333,50,50,AromaticAtomFraction,0.02583333333333333,0.0,0.0,0.0,-0.4867552901457147,-0.49193548387096775,-0.6428571428571429,-0.3926282051282052
raw::cLogP,raw_property,cLogP,-83.33333333333333,50,50,AromaticBondFraction,0.02583333333333333,0.0,0.0,0.0,-0.4615257150645656,-0.4644607843137255,-0.6,-0.39285714285714285
raw::cLogP,raw_property,cLogP,-80.3030303030303,50,50,MolWt,137.24862,140.12199999999999,96.614,159.637,-187.47334000000006,-186.31950000000012,-235.75850000000008,-140.746
raw::cLogP,raw_property,cLogP,-80.3030303030303,50,50,CarbonCount,4.48,4.0,3.0,5.0,-12.62,-13.0,-16.0,-10.0
raw::cLogP,raw_property,cLogP,-80.3030303030303,50,50,HeavyAtomCount_calc,9.36,9.0,7.0,11.0,-13.32,-13.5,-16.75,-10.0
raw::cLogP,raw_property,cLogP,-80.3030303030303,50,50,HeteroatomCount,4.88,5.0,3.0,6.0,-0.7,-1.0,-2.0,0.0
raw::cLogP,raw_property,cLogP,-80.3030303030303,50,50,RingCount_calc,0.36,0.0,0.0,1.0,-2.4,-2.0,-3.0,-2.0
raw::cLogP,raw_property,cLogP,-80.3030303030303,50,50,AromaticRingCount_calc,0.02,0.0,0.0,0.0,-2.06,-2.0,-3.0,-1.0
raw::cLogP,raw_property,cLogP,-80.3030303030303,50,50,BondCount,8.7,9.0,6.0,10.75,-15.74,-17.0,-19.0,-12.0
raw::cLogP,raw_property,cLogP,-80.3030303030303,50,50,BranchPointCount,1.9,2.0,1.0,3.0,-5.24,-5.0,-6.0,-4.0
raw::cLogP,raw_property,cLogP,-80.3030303030303,50,50,AromaticAtomFraction,0.013333333333333332,0.0,0.0,0.0,-0.49925529014571474,-0.5,-0.6520935960591133,-0.4182692307692308
raw::cLogP,raw_property,cLogP,-80.3030303030303,50,50,AromaticBondFraction,0.013333333333333332,0.0,0.0,0.0,-0.4740257150645656,-0.47058823529411764,-0.6236842105263157,-0.39464285714285713
raw::cLogP,raw_property,cLogP,-77.27272727272728,50,50,MolWt,144.85878,144.15249999999997,100.87200000000001,166.642,-179.86318000000006,-183.4080000000002,-219.79150000000007,-137.26900000000006
raw::cLogP,raw_property,cLogP,-77.27272727272728,50,50,CarbonCount,4.88,5.0,3.0,6.0,-12.22,-12.5,-15.0,-10.0
raw::cLogP,raw_property,cLogP,-77.27272727272728,50,50,HeavyAtomCount_calc,9.9,9.5,7.0,12.0,-12.78,-12.5,-16.0,-10.0
raw::cLogP,raw_property,cLogP,-77.27272727272728,50,50,HeteroatomCount,5.02,5.0,4.0,6.0,-0.56,-1.0,-1.0,0.0
raw::cLogP,raw_property,cLogP,-77.27272727272728,50,50,RingCount_calc,0.4,0.0,0.0,1.0,-2.36,-2.5,-3.0,-2.0
raw::cLogP,raw_property,cLogP,-77.27272727272728,50,50,AromaticRingCount_calc,0.02,0.0,0.0,0.0,-2.06,-2.0,-3.0,-1.0
raw::cLogP,raw_property,cLogP,-77.27272727272728,50,50,BondCount,9.3,9.0,6.0,11.75,-15.14,-15.0,-19.0,-12.0
raw::cLogP,raw_property,cLogP,-77.27272727272728,50,50,BranchPointCount,2.04,2.0,1.0,3.0,-5.1,-5.0,-6.0,-4.0
raw::cLogP,raw_property,cLogP,-77.27272727272728,50,50,AromaticAtomFraction,0.013333333333333332,0.0,0.0,0.0,-0.49925529014571474,-0.5,-0.6520935960591133,-0.4182692307692308
raw::cLogP,raw_property,cLogP,-77.27272727272728,50,50,AromaticBondFraction,0.013333333333333332,0.0,0.0,0.0,-0.4740257150645656,-0.47058823529411764,-0.6236842105263157,-0.39464285714285713
raw::cLogP,raw_property,cLogP,-74.24242424242425,50,50,MolWt,145.09716,144.65849999999998,106.85475000000001,166.939,-179.62480000000008,-184.79600000000008,-224.31650000000008,-124.62600000000003
raw::cLogP,raw_property,cLogP,-74.24242424242425,50,50,CarbonCount,4.88,5.0,3.0,6.0,-12.22,-13.0,-15.0,-9.25
raw::cLogP,raw_property,cLogP,-74.24242424242425,50,50,HeavyAtomCount_calc,9.92,10.0,7.25,11.0,-12.76,-12.5,-16.0,-10.0
raw::cLogP,raw_property,cLogP,-74.24242424242425,50,50,HeteroatomCount,5.04,5.0,4.0,6.0,-0.54,-1.0,-1.0,0.0
raw::cLogP,raw_property,cLogP,-74.24242424242425,50,50,RingCount_calc,0.36,0.0,0.0,1.0,-2.4,-3.0,-3.0,-2.0
raw::cLogP,raw_property,cLogP,-74.24242424242425,50,50,AromaticRingCount_calc,0.04,0.0,0.0,0.0,-2.04,-2.0,-2.75,-1.0
raw::cLogP,raw_property,cLogP,-74.24242424242425,50,50,BondCount,9.28,9.0,6.25,11.0,-15.16,-15.5,-19.0,-12.0
raw::cLogP,raw_property,cLogP,-74.24242424242425,50,50,BranchPointCount,2.14,2.0,1.0,3.0,-5.0,-5.0,-6.0,-3.25
raw::cLogP,raw_property,cLogP,-74.24242424242425,50,50,AromaticAtomFraction,0.02424242424242424,0.0,0.0,0.0,-0.4883461992366238,-0.5,-0.6520935960591133,-0.3926282051282052
raw::cLogP,raw_property,cLogP,-74.24242424242425,50,50,AromaticBondFraction,0.02424242424242424,0.0,0.0,0.0,-0.46311662415547467,-0.4644607843137255,-0.6236842105263157,-0.39285714285714285
raw::cLogP,raw_property,cLogP,-71.21212121212122,50,50,MolWt,152.32587999999998,149.1315,117.35300000000001,189.909,-172.39608000000004,-169.23600000000008,-209.97050000000013,-123.63900000000005
raw::cLogP,raw_property,cLogP,-71.21212121212122,50,50,CarbonCount,5.36,5.0,4.0,7.0,-11.74,-12.0,-14.75,-9.0
raw::cLogP,raw_property,cLogP,-71.21212121212122,50,50,HeavyAtomCount_calc,10.46,10.0,8.0,13.0,-12.22,-12.0,-16.0,-9.0
raw::cLogP,raw_property,cLogP,-71.21212121212122,50,50,HeteroatomCount,5.1,5.0,3.25,6.0,-0.48,-1.0,-1.75,1.0
raw::cLogP,raw_property,cLogP,-71.21212121212122,50,50,RingCount_calc,0.34,0.0,0.0,1.0,-2.42,-2.5,-3.0,-2.0
raw::cLogP,raw_property,cLogP,-71.21212121212122,50,50,AromaticRingCount_calc,0.04,0.0,0.0,0.0,-2.04,-2.0,-2.75,-1.0
raw::cLogP,raw_property,cLogP,-71.21212121212122,50,50,BondCount,9.8,9.5,7.0,12.0,-14.64,-14.0,-19.0,-11.0
raw::cLogP,raw_property,cLogP,-71.21212121212122,50,50,BranchPointCount,2.02,2.0,1.0,3.0,-5.12,-5.0,-6.0,-3.0
raw::cLogP,raw_property,cLogP,-71.21212121212122,50,50,AromaticAtomFraction,0.02424242424242424,0.0,0.0,0.0,-0.4883461992366238,-0.5,-0.6520935960591133,-0.3926282051282052
raw::cLogP,raw_property,cLogP,-71.21212121212122,50,50,AromaticBondFraction,0.02424242424242424,0.0,0.0,0.0,-0.46311662415547467,-0.4644607843137255,-0.6236842105263157,-0.39285714285714285
raw::cLogP,raw_property,cLogP,-68.18181818181819,50,50,MolWt,168.80868,162.65049999999997,118.089,198.89625,-155.91328000000007,-162.7175000000002,-198.58100000000007,-107.67100000000005
raw::cLogP,raw_property,cLogP,-68.18181818181819,50,50,CarbonCount,6.18,6.0,4.0,7.0,-10.92,-11.0,-13.75,-8.0
raw::cLogP,raw_property,cLogP,-68.18181818181819,50,50,HeavyAtomCount_calc,11.58,11.0,8.0,13.75,-11.1,-10.5,-14.0,-8.0
raw::cLogP,raw_property,cLogP,-68.18181818181819,50,50,HeteroatomCount,5.4,5.0,4.0,6.0,-0.18,0.0,-1.0,2.0
raw::cLogP,raw_property,cLogP,-68.18181818181819,50,50,RingCount_calc,0.38,0.0,0.0,1.0,-2.38,-2.5,-3.0,-1.25
raw::cLogP,raw_property,cLogP,-68.18181818181819,50,50,AromaticRingCount_calc,0.06,0.0,0.0,0.0,-2.02,-2.0,-2.75,-1.0
raw::cLogP,raw_property,cLogP,-68.18181818181819,50,50,BondCount,10.96,11.0,7.25,13.0,-13.48,-14.0,-17.75,-10.0
raw::cLogP,raw_property,cLogP,-68.18181818181819,50,50,BranchPointCount,2.2,2.0,1.0,3.0,-4.94,-5.0,-6.0,-3.0
raw::cLogP,raw_property,cLogP,-68.18181818181819,50,50,AromaticAtomFraction,0.027468230694037143,0.0,0.0,0.0,-0.4851203927850109,-0.49,-0.6428571428571429,-0.38846153846153847
raw::cLogP,raw_property,cLogP,-68.18181818181819,50,50,AromaticBondFraction,0.02727272727272727,0.0,0.0,0.0,-0.4600863211251716,-0.45138888888888884,-0.6,-0.37094155844155846
raw::cLogP,raw_property,cLogP,-65.15151515151516,50,50,MolWt,175.45934,173.192,124.892,201.20399999999998,-149.26262000000006,-159.92650000000017,-198.25775000000004,-92.37124999999997
raw::cLogP,raw_property,cLogP,-65.15151515151516,50,50,CarbonCount,6.74,6.0,5.0,8.0,-10.36,-10.0,-14.0,-7.0
raw::cLogP,raw_property,cLogP,-65.15151515151516,50,50,HeavyAtomCount_calc,12.1,11.5,9.0,13.75,-10.58,-10.0,-14.0,-7.0
raw::cLogP,raw_property,cLogP,-65.15151515151516,50,50,HeteroatomCount,5.36,5.0,4.0,6.0,-0.22,0.0,-1.0,1.0
raw::cLogP,raw_property,cLogP,-65.15151515151516,50,50,RingCount_calc,0.5,0.0,0.0,1.0,-2.26,-2.0,-3.0,-1.25
raw::cLogP,raw_property,cLogP,-65.15151515151516,50,50,AromaticRingCount_calc,0.06,0.0,0.0,0.0,-2.02,-2.0,-2.75,-1.0
raw::cLogP,raw_property,cLogP,-65.15151515151516,50,50,BondCount,11.6,11.0,8.25,13.0,-12.84,-13.5,-17.0,-9.0
raw::cLogP,raw_property,cLogP,-65.15151515151516,50,50,BranchPointCount,2.38,2.0,1.0,3.0,-4.76,-5.0,-6.0,-3.0
raw::cLogP,raw_property,cLogP,-65.15151515151516,50,50,AromaticAtomFraction,0.023081036610448375,0.0,0.0,0.0,-0.4895075868685997,-0.5,-0.6520935960591133,-0.4041666666666667
raw::cLogP,raw_property,cLogP,-65.15151515151516,50,50,AromaticBondFraction,0.022337662337662337,0.0,0.0,0.0,-0.4650213860602366,-0.4644607843137255,-0.6236842105263157,-0.39285714285714285
raw::cLogP,raw_property,cLogP,-62.121212121212125,50,50,MolWt,178.89966,173.168,130.11399999999998,201.259,-145.8223000000001,-150.2240000000001,-184.09975000000009,-95.17249999999996
raw::cLogP,raw_property,cLogP,-62.121212121212125,50,50,CarbonCount,6.92,6.0,5.0,8.0,-10.18,-10.0,-14.0,-7.0
raw::cLogP,raw_property,cLogP,-62.121212121212125,50,50,HeavyAtomCount_calc,12.4,12.0,9.0,14.0,-10.28,-10.5,-13.0,-6.25
raw::cLogP,raw_property,cLogP,-62.121212121212125,50,50,HeteroatomCount,5.48,5.0,4.0,6.0,-0.1,0.0,-1.0,1.0
raw::cLogP,raw_property,cLogP,-62.121212121212125,50,50,RingCount_calc,0.56,0.0,0.0,1.0,-2.2,-2.0,-3.0,-2.0
raw::cLogP,raw_property,cLogP,-62.121212121212125,50,50,AromaticRingCount_calc,0.12,0.0,0.0,0.0,-1.96,-2.0,-2.75,-1.0
raw::cLogP,raw_property,cLogP,-62.121212121212125,50,50,BondCount,11.94,12.0,8.25,14.0,-12.5,-14.0,-16.0,-9.0
raw::cLogP,raw_property,cLogP,-62.121212121212125,50,50,BranchPointCount,2.52,2.0,1.0,3.0,-4.62,-4.0,-6.0,-3.0
raw::cLogP,raw_property,cLogP,-62.121212121212125,50,50,AromaticAtomFraction,0.04594744336123647,0.0,0.0,0.0,-0.46664118011781164,-0.4707692307692308,-0.6321428571428571,-0.3760302197802198
raw::cLogP,raw_property,cLogP,-62.121212121212125,50,50,AromaticBondFraction,0.0446017316017316,0.0,0.0,0.0,-0.44275731679616726,-0.4444444444444444,-0.5863636363636363,-0.3543610547667343
raw::cLogP,raw_property,cLogP,-59.09090909090909,50,50,MolWt,188.95388000000003,176.19549999999998,145.13400000000001,221.59099999999998,-135.76808000000008,-129.35150000000004,-173.63125000000014,-88.63425000000007
raw::cLogP,raw_property,cLogP,-59.09090909090909,50,50,CarbonCount,7.66,7.0,6.0,9.0,-9.44,-10.0,-12.75,-6.25
raw::cLogP,raw_property,cLogP,-59.09090909090909,50,50,HeavyAtomCount_calc,13.08,12.0,10.0,15.0,-9.6,-9.0,-12.0,-6.25
raw::cLogP,raw_property,cLogP,-59.09090909090909,50,50,HeteroatomCount,5.42,5.0,4.0,7.0,-0.16,0.0,-1.0,1.0
raw::cLogP,raw_property,cLogP,-59.09090909090909,50,50,RingCount_calc,0.6,0.5,0.0,1.0,-2.16,-2.0,-3.0,-2.0
raw::cLogP,raw_property,cLogP,-59.09090909090909,50,50,AromaticRingCount_calc,0.1,0.0,0.0,0.0,-1.98,-2.0,-2.0,-1.0
raw::cLogP,raw_property,cLogP,-59.09090909090909,50,50,BondCount,12.66,12.0,9.25,15.75,-11.78,-12.0,-14.75,-9.0
raw::cLogP,raw_property,cLogP,-59.09090909090909,50,50,BranchPointCount,2.6,2.0,2.0,4.0,-4.54,-4.5,-6.0,-3.25
raw::cLogP,raw_property,cLogP,-59.09090909090909,50,50,AromaticAtomFraction,0.04282517482517483,0.0,0.0,0.0,-0.46976344865387326,-0.4707692307692308,-0.6321428571428571,-0.37740384615384615
raw::cLogP,raw_property,cLogP,-59.09090909090909,50,50,AromaticBondFraction,0.041665834165834165,0.0,0.0,0.0,-0.44569321423206465,-0.4444444444444444,-0.5863636363636363,-0.3556149732620321
raw::cLogP,raw_property,cLogP,-56.06060606060606,50,50,MolWt,189.85904000000002,176.22899999999998,150.14749999999998,225.24225,-134.86292000000012,-127.14350000000006,-176.43700000000013,-90.29849999999999
raw::cLogP,raw_property,cLogP,-56.06060606060606,50,50,CarbonCount,7.72,7.0,6.0,9.0,-9.38,-9.0,-13.0,-6.0
raw::cLogP,raw_property,cLogP,-56.06060606060606,50,50,HeavyAtomCount_calc,13.16,12.0,10.25,15.0,-9.52,-9.5,-12.0,-6.0
raw::cLogP,raw_property,cLogP,-56.06060606060606,50,50,HeteroatomCount,5.44,5.0,4.0,7.0,-0.14,0.0,-1.0,1.0
raw::cLogP,raw_property,cLogP,-56.06060606060606,50,50,RingCount_calc,0.64,0.5,0.0,1.0,-2.12,-2.0,-3.0,-1.25
raw::cLogP,raw_property,cLogP,-56.06060606060606,50,50,AromaticRingCount_calc,0.14,0.0,0.0,0.0,-1.94,-2.0,-2.0,-1.0
raw::cLogP,raw_property,cLogP,-56.06060606060606,50,50,BondCount,12.78,12.0,10.0,14.75,-11.66,-12.0,-15.0,-8.0
raw::cLogP,raw_property,cLogP,-56.06060606060606,50,50,BranchPointCount,2.82,2.0,2.0,4.0,-4.32,-4.0,-5.0,-3.0
raw::cLogP,raw_property,cLogP,-56.06060606060606,50,50,AromaticAtomFraction,0.05562737262737263,0.0,0.0,0.0,-0.45696125085167544,-0.4707692307692308,-0.6321428571428571,-0.3533653846153846
raw::cLogP,raw_property,cLogP,-56.06060606060606,50,50,AromaticBondFraction,0.05396306918887564,0.0,0.0,0.0,-0.4333959792090233,-0.4444444444444444,-0.5863636363636363,-0.3382352941176471
raw::cLogP,raw_property,cLogP,-53.03030303030303,50,50,MolWt,199.93698,175.20749999999998,150.92375,223.83849999999998,-124.78498000000008,-117.6940000000002,-166.44700000000014,-71.93675000000009
raw::cLogP,raw_property,cLogP,-53.03030303030303,50,50,CarbonCount,8.36,8.0,6.0,10.0,-8.74,-10.0,-12.0,-5.25
raw::cLogP,raw_property,cLogP,-53.03030303030303,50,50,HeavyAtomCount_calc,13.86,12.0,11.0,15.75,-8.82,-9.0,-12.0,-5.0
raw::cLogP,raw_property,cLogP,-53.03030303030303,50,50,HeteroatomCount,5.5,5.0,4.0,6.0,-0.08,0.0,-1.0,1.0
raw::cLogP,raw_property,cLogP,-53.03030303030303,50,50,RingCount_calc,0.74,1.0,0.0,1.0,-2.02,-2.0,-3.0,-1.0
raw::cLogP,raw_property,cLogP,-53.03030303030303,50,50,AromaticRingCount_calc,0.2,0.0,0.0,0.0,-1.88,-2.0,-2.0,-1.0
raw::cLogP,raw_property,cLogP,-53.03030303030303,50,50,BondCount,13.58,12.0,10.0,16.0,-10.86,-11.0,-14.0,-7.0
raw::cLogP,raw_property,cLogP,-53.03030303030303,50,50,BranchPointCount,2.94,3.0,2.0,4.0,-4.2,-4.0,-5.75,-3.0
raw::cLogP,raw_property,cLogP,-53.03030303030303,50,50,AromaticAtomFraction,0.07520979020979021,0.0,0.0,0.0,-0.4373788332692579,-0.46153846153846156,-0.5863636363636363,-0.3333333333333333
raw::cLogP,raw_property,cLogP,-53.03030303030303,50,50,AromaticBondFraction,0.07378509725568548,0.0,0.0,0.0,-0.4135739511422134,-0.42857142857142855,-0.5454545454545454,-0.3210565476190476
raw::cLogP,raw_property,cLogP,-50.0,50,50,MolWt,208.543,198.736,157.91199999999998,240.01874999999998,-116.17896000000006,-117.6940000000002,-159.67900000000014,-67.9145
raw::cLogP,raw_property,cLogP,-50.0,50,50,CarbonCount,9.12,9.0,6.25,10.0,-7.98,-8.0,-11.0,-5.0
raw::cLogP,raw_property,cLogP,-50.0,50,50,HeavyAtomCount_calc,14.52,14.0,11.0,17.0,-8.16,-8.0,-11.75,-4.25
raw::cLogP,raw_property,cLogP,-50.0,50,50,HeteroatomCount,5.4,5.0,4.0,6.0,-0.18,0.0,-1.0,1.0
raw::cLogP,raw_property,cLogP,-50.0,50,50,RingCount_calc,0.82,1.0,0.0,1.0,-1.94,-2.0,-3.0,-1.0
raw::cLogP,raw_property,cLogP,-50.0,50,50,AromaticRingCount_calc,0.22,0.0,0.0,0.0,-1.86,-2.0,-2.0,-1.0
raw::cLogP,raw_property,cLogP,-50.0,50,50,BondCount,14.32,13.0,11.0,17.0,-10.12,-10.0,-14.0,-6.25
raw::cLogP,raw_property,cLogP,-50.0,50,50,BranchPointCount,3.18,3.0,2.0,4.0,-3.96,-4.0,-5.0,-2.0
raw::cLogP,raw_property,cLogP,-50.0,50,50,AromaticAtomFraction,0.07975106987955285,0.0,0.0,0.0,-0.4328375535994952,-0.452991452991453,-0.5501567398119123,-0.30833333333333335
raw::cLogP,raw_property,cLogP,-50.0,50,50,AromaticBondFraction,0.07813422989119584,0.0,0.0,0.0,-0.409224818506703,-0.42857142857142855,-0.5419034090909091,-0.2924107142857143
raw::cLogP,raw_property,cLogP,-46.96969696969697,50,50,MolWt,222.94403999999997,207.7635,168.95499999999998,255.07074999999998,-101.77792000000007,-90.02350000000006,-153.9012500000001,-41.79675000000006
raw::cLogP,raw_property,cLogP,-46.96969696969697,50,50,CarbonCount,10.08,9.0,8.0,11.75,-7.02,-7.0,-9.0,-4.0
raw::cLogP,raw_property,cLogP,-46.96969696969697,50,50,HeavyAtomCount_calc,15.54,14.5,12.0,17.75,-7.14,-6.0,-10.0,-3.0
raw::cLogP,raw_property,cLogP,-46.96969696969697,50,50,HeteroatomCount,5.46,5.0,4.0,6.75,-0.12,0.0,-1.0,1.0
raw::cLogP,raw_property,cLogP,-46.96969696969697,50,50,RingCount_calc,0.9,1.0,0.0,1.0,-1.86,-2.0,-2.75,-1.0
raw::cLogP,raw_property,cLogP,-46.96969696969697,50,50,AromaticRingCount_calc,0.26,0.0,0.0,0.75,-1.82,-2.0,-2.0,-1.0
raw::cLogP,raw_property,cLogP,-46.96969696969697,50,50,BondCount,15.42,14.0,12.0,18.0,-9.02,-8.0,-13.0,-5.0
raw::cLogP,raw_property,cLogP,-46.96969696969697,50,50,BranchPointCount,3.4,3.0,2.0,4.0,-3.74,-4.0,-5.0,-2.0
raw::cLogP,raw_property,cLogP,-46.96969696969697,50,50,AromaticAtomFraction,0.10053633363540485,0.0,0.0,0.14423076923076925,-0.41205228984364317,-0.4495977878330819,-0.5274936061381075,-0.2568979933110368
raw::cLogP,raw_property,cLogP,-46.96969696969697,50,50,AromaticBondFraction,0.09872720152822455,0.0,0.0,0.14423076923076925,-0.38863184686967434,-0.4269293924466338,-0.5237691001697793,-0.23901098901098902
raw::cLogP,raw_property,cLogP,-43.93939393939394,50,50,MolWt,232.96581999999998,221.73299999999995,179.43925000000002,268.02299999999997,-91.75614000000007,-68.05299999999998,-151.28925000000007,-39.57075000000002
raw::cLogP,raw_property,cLogP,-43.93939393939394,50,50,CarbonCount,10.76,9.0,9.0,13.0,-6.34,-6.0,-9.0,-3.0
raw::cLogP,raw_property,cLogP,-43.93939393939394,50,50,HeavyAtomCount_calc,16.24,15.5,13.0,19.0,-6.44,-5.0,-9.75,-3.0
raw::cLogP,raw_property,cLogP,-43.93939393939394,50,50,HeteroatomCount,5.48,5.0,4.0,6.0,-0.1,0.0,-1.0,1.0
raw::cLogP,raw_property,cLogP,-43.93939393939394,50,50,RingCount_calc,1.14,1.0,1.0,1.0,-1.62,-2.0,-2.0,-1.0
raw::cLogP,raw_property,cLogP,-43.93939393939394,50,50,AromaticRingCount_calc,0.32,0.0,0.0,1.0,-1.76,-2.0,-2.0,-1.0
raw::cLogP,raw_property,cLogP,-43.93939393939394,50,50,BondCount,16.36,15.0,13.0,19.0,-8.08,-6.0,-12.5,-4.0
raw::cLogP,raw_property,cLogP,-43.93939393939394,50,50,BranchPointCount,3.76,3.0,3.0,4.75,-3.38,-3.0,-5.0,-2.0
raw::cLogP,raw_property,cLogP,-43.93939393939394,50,50,AromaticAtomFraction,0.1256138497808327,0.0,0.0,0.2826923076923077,-0.38697477369821537,-0.4369565217391304,-0.5206146926536732,-0.23307692307692307
raw::cLogP,raw_property,cLogP,-43.93939393939394,50,50,AromaticBondFraction,0.12194068562866517,0.0,0.0,0.25120772946859904,-0.3654183627692338,-0.41522988505747127,-0.5120967741935484,-0.2222222222222222
raw::cLogP,raw_property,cLogP,-40.90909090909091,50,50,MolWt,254.60096,248.2215,200.974,297.651,-70.12100000000005,-58.03900000000003,-99.08175000000003,-37.278000000000034
raw::cLogP,raw_property,cLogP,-40.90909090909091,50,50,CarbonCount,12.06,11.0,9.0,15.75,-5.04,-4.0,-8.0,-3.0
raw::cLogP,raw_property,cLogP,-40.90909090909091,50,50,HeavyAtomCount_calc,17.66,17.0,13.25,20.75,-5.02,-4.0,-7.0,-2.0
raw::cLogP,raw_property,cLogP,-40.90909090909091,50,50,HeteroatomCount,5.6,5.0,4.0,6.75,0.02,0.0,-1.0,1.0
raw::cLogP,raw_property,cLogP,-40.90909090909091,50,50,RingCount_calc,1.36,1.0,1.0,2.0,-1.4,-1.0,-2.0,-1.0
raw::cLogP,raw_property,cLogP,-40.90909090909091,50,50,AromaticRingCount_calc,0.38,0.0,0.0,1.0,-1.7,-2.0,-2.0,-1.0
raw::cLogP,raw_property,cLogP,-40.90909090909091,50,50,BondCount,18.0,17.0,13.0,22.75,-6.44,-6.0,-8.75,-4.0
raw::cLogP,raw_property,cLogP,-40.90909090909091,50,50,BranchPointCount,4.28,4.0,3.0,5.75,-2.86,-3.0,-4.0,-2.0
raw::cLogP,raw_property,cLogP,-40.90909090909091,50,50,AromaticAtomFraction,0.12926211740329388,0.0,0.0,0.2767857142857143,-0.3833265060757542,-0.40976190476190477,-0.5120967741935484,-0.22644230769230766
raw::cLogP,raw_property,cLogP,-40.90909090909091,50,50,AromaticBondFraction,0.12452570095140869,0.0,0.0,0.25565217391304346,-0.36283334744649026,-0.39285714285714285,-0.495,-0.19978632478632477
raw::cLogP,raw_property,cLogP,-37.87878787878788,50,50,MolWt,270.61014,260.2765,204.02375,334.15250000000003,-54.11182000000006,-46.045500000000104,-72.69800000000006,-19.12725000000006
raw::cLogP,raw_property,cLogP,-37.87878787878788,50,50,CarbonCount,12.96,13.0,10.0,16.0,-4.14,-3.5,-6.0,-2.0
raw::cLogP,raw_property,cLogP,-37.87878787878788,50,50,HeavyAtomCount_calc,18.72,18.0,14.0,22.0,-3.96,-3.0,-5.0,-2.0
raw::cLogP,raw_property,cLogP,-37.87878787878788,50,50,HeteroatomCount,5.76,5.0,4.0,7.0,0.18,0.0,0.0,1.0
raw::cLogP,raw_property,cLogP,-37.87878787878788,50,50,RingCount_calc,1.44,1.0,1.0,2.0,-1.32,-1.0,-2.0,-1.0
raw::cLogP,raw_property,cLogP,-37.87878787878788,50,50,AromaticRingCount_calc,0.52,0.0,0.0,1.0,-1.56,-1.0,-2.0,-1.0
raw::cLogP,raw_property,cLogP,-37.87878787878788,50,50,BondCount,19.12,19.0,13.25,23.0,-5.32,-5.0,-6.75,-2.25
raw::cLogP,raw_property,cLogP,-37.87878787878788,50,50,BranchPointCount,4.56,5.0,3.0,6.0,-2.58,-2.5,-4.0,-1.0
raw::cLogP,raw_property,cLogP,-37.87878787878788,50,50,AromaticAtomFraction,0.17518812136702602,0.0,0.0,0.35294117647058826,-0.33740050211202205,-0.3333333333333333,-0.5,-0.19142857142857142
raw::cLogP,raw_property,cLogP,-37.87878787878788,50,50,AromaticBondFraction,0.16897077553034148,0.0,0.0,0.3480392156862745,-0.3183882728675574,-0.32291666666666663,-0.4675245098039216,-0.17095716783216786
raw::cLogP,raw_property,cLogP,-34.848484848484844,50,50,MolWt,289.18102000000005,281.788,238.36599999999999,341.3644999999999,-35.540940000000035,-24.02199999999999,-54.36125000000003,-9.995000000000005
raw::cLogP,raw_property,cLogP,-34.848484848484844,50,50,CarbonCount,14.22,13.5,11.0,18.0,-2.88,-2.0,-4.0,-1.0
raw::cLogP,raw_property,cLogP,-34.848484848484844,50,50,HeavyAtomCount_calc,20.12,19.5,17.0,24.0,-2.56,-2.0,-3.0,-1.0
raw::cLogP,raw_property,cLogP,-34.848484848484844,50,50,HeteroatomCount,5.9,5.0,4.0,7.0,0.32,0.0,0.0,1.0
raw::cLogP,raw_property,cLogP,-34.848484848484844,50,50,RingCount_calc,1.52,1.0,1.0,2.0,-1.24,-1.0,-2.0,-1.0
raw::cLogP,raw_property,cLogP,-34.848484848484844,50,50,AromaticRingCount_calc,0.84,1.0,0.0,1.0,-1.24,-1.0,-2.0,0.0
raw::cLogP,raw_property,cLogP,-34.848484848484844,50,50,BondCount,20.62,20.0,16.25,24.75,-3.82,-3.0,-5.0,-1.0
raw::cLogP,raw_property,cLogP,-34.848484848484844,50,50,BranchPointCount,5.0,5.0,3.0,6.0,-2.14,-2.0,-3.75,-1.0
raw::cLogP,raw_property,cLogP,-34.848484848484844,50,50,AromaticAtomFraction,0.2663191082415854,0.2792207792207792,0.0,0.4572649572649573,-0.2462695152374627,-0.2353846153846154,-0.41321428571428576,0.0
raw::cLogP,raw_property,cLogP,-34.848484848484844,50,50,AromaticBondFraction,0.25856414272312384,0.26679841897233203,0.0,0.44805194805194803,-0.22879490567477503,-0.2222222222222222,-0.39285714285714285,0.0
raw::cLogP,raw_property,cLogP,-31.818181818181813,50,50,MolWt,295.72346,288.318,240.77425,349.25275000000005,-28.998500000000046,-13.00650000000006,-51.06575000000015,0.0
raw::cLogP,raw_property,cLogP,-31.818181818181813,50,50,CarbonCount,14.9,14.0,12.0,18.0,-2.2,-2.0,-3.0,0.0
raw::cLogP,raw_property,cLogP,-31.818181818181813,50,50,HeavyAtomCount_calc,20.6,21.0,17.0,24.0,-2.08,-1.0,-3.0,0.0
raw::cLogP,raw_property,cLogP,-31.818181818181813,50,50,HeteroatomCount,5.7,5.0,4.0,7.0,0.12,0.0,0.0,0.0
raw::cLogP,raw_property,cLogP,-31.818181818181813,50,50,RingCount_calc,1.72,2.0,1.0,2.0,-1.04,-1.0,-1.0,0.0
raw::cLogP,raw_property,cLogP,-31.818181818181813,50,50,AromaticRingCount_calc,1.14,1.0,1.0,2.0,-0.94,-1.0,-1.0,0.0
raw::cLogP,raw_property,cLogP,-31.818181818181813,50,50,BondCount,21.32,21.5,17.0,25.0,-3.12,-2.0,-4.0,-0.25
raw::cLogP,raw_property,cLogP,-31.818181818181813,50,50,BranchPointCount,5.36,5.0,4.0,6.0,-1.78,-2.0,-2.75,0.0
raw::cLogP,raw_property,cLogP,-31.818181818181813,50,50,AromaticAtomFraction,0.329012177011504,0.3333333333333333,0.20208333333333334,0.4903846153846154,-0.18357644646754412,-0.18263090676883784,-0.307516339869281,0.0
raw::cLogP,raw_property,cLogP,-31.818181818181813,50,50,AromaticBondFraction,0.32226023769144,0.3431372549019608,0.190625,0.49404761904761907,-0.16509881070645896,-0.15727086533538145,-0.28148210282298036,0.0
raw::cLogP,raw_property,cLogP,-28.787878787878785,50,50,MolWt,303.2258,311.595,243.3085,357.7107500000001,-21.496160000000035,-4.987000000000023,-24.763000000000005,0.0
raw::cLogP,raw_property,cLogP,-28.787878787878785,50,50,CarbonCount,15.6,17.0,12.25,19.0,-1.5,-1.0,-2.0,0.0
raw::cLogP,raw_property,cLogP,-28.787878787878785,50,50,HeavyAtomCount_calc,21.18,22.0,17.0,25.75,-1.5,-0.5,-2.0,0.0
raw::cLogP,raw_property,cLogP,-28.787878787878785,50,50,HeteroatomCount,5.58,5.0,4.0,6.75,0.0,0.0,0.0,0.0
raw::cLogP,raw_property,cLogP,-28.787878787878785,50,50,RingCount_calc,2.06,2.0,1.25,2.75,-0.7,-1.0,-1.0,0.0
raw::cLogP,raw_property,cLogP,-28.787878787878785,50,50,AromaticRingCount_calc,1.44,1.5,1.0,2.0,-0.64,0.0,-1.0,0.0
raw::cLogP,raw_property,cLogP,-28.787878787878785,50,50,BondCount,22.22,24.0,17.25,27.0,-2.22,-2.0,-3.0,0.0
raw::cLogP,raw_property,cLogP,-28.787878787878785,50,50,BranchPointCount,5.98,6.0,4.25,8.0,-1.16,-1.0,-2.0,0.0
raw::cLogP,raw_property,cLogP,-28.787878787878785,50,50,AromaticAtomFraction,0.38960820097677,0.43167701863354035,0.2670807453416149,0.5163043478260869,-0.12298042250227802,0.0,-0.2376923076923077,0.0
raw::cLogP,raw_property,cLogP,-28.787878787878785,50,50,AromaticBondFraction,0.3782696558711162,0.41379310344827586,0.25,0.5,-0.10908939252678271,0.0,-0.2222222222222222,0.0
raw::cLogP,raw_property,cLogP,-25.757575757575765,50,50,MolWt,314.30280000000005,326.75250000000005,252.803,368.13525000000004,-10.419160000000016,0.0,-13.77499999999992,0.0
raw::cLogP,raw_property,cLogP,-25.757575757575765,50,50,CarbonCount,16.26,17.0,13.0,19.0,-0.84,0.0,-2.0,0.0
raw::cLogP,raw_property,cLogP,-25.757575757575765,50,50,HeavyAtomCount_calc,21.88,23.0,18.0,26.0,-0.8,0.0,-1.0,0.0
raw::cLogP,raw_property,cLogP,-25.757575757575765,50,50,HeteroatomCount,5.62,5.0,4.0,7.0,0.04,0.0,0.0,0.0
raw::cLogP,raw_property,cLogP,-25.757575757575765,50,50,RingCount_calc,2.28,2.0,2.0,3.0,-0.48,0.0,-1.0,0.0
raw::cLogP,raw_property,cLogP,-25.757575757575765,50,50,AromaticRingCount_calc,1.6,2.0,1.0,2.0,-0.48,0.0,-1.0,0.0
raw::cLogP,raw_property,cLogP,-25.757575757575765,50,50,BondCount,23.14,25.0,18.25,27.0,-1.3,0.0,-2.75,0.0
raw::cLogP,raw_property,cLogP,-25.757575757575765,50,50,BranchPointCount,6.28,6.0,5.0,8.0,-0.86,0.0,-2.0,0.0
raw::cLogP,raw_property,cLogP,-25.757575757575765,50,50,AromaticAtomFraction,0.4247259246715817,0.45138888888888884,0.3117059891107078,0.6051136363636364,-0.0878626988074664,0.0,-0.2008454907161804,0.0
raw::cLogP,raw_property,cLogP,-25.757575757575765,50,50,AromaticBondFraction,0.4089709667267335,0.42833333333333334,0.3174872665534805,0.5863636363636363,-0.07838808167116547,0.0,-0.16465811965811966,0.0
raw::cLogP,raw_property,cLogP,-22.727272727272734,50,50,MolWt,320.06902,340.9295000000001,252.803,377.50925000000007,-4.652940000000006,0.0,-1.4812500000000028,0.0
raw::cLogP,raw_property,cLogP,-22.727272727272734,50,50,CarbonCount,16.64,17.0,13.0,20.0,-0.46,0.0,-0.75,0.0
raw::cLogP,raw_property,cLogP,-22.727272727272734,50,50,HeavyAtomCount_calc,22.3,23.0,18.0,26.0,-0.38,0.0,0.0,0.0
raw::cLogP,raw_property,cLogP,-22.727272727272734,50,50,HeteroatomCount,5.66,5.0,4.0,7.0,0.08,0.0,0.0,0.0
raw::cLogP,raw_property,cLogP,-22.727272727272734,50,50,RingCount_calc,2.5,2.5,2.0,3.0,-0.26,0.0,0.0,0.0
raw::cLogP,raw_property,cLogP,-22.727272727272734,50,50,AromaticRingCount_calc,1.8,2.0,1.0,2.0,-0.28,0.0,0.0,0.0
raw::cLogP,raw_property,cLogP,-22.727272727272734,50,50,BondCount,23.8,25.0,18.25,28.0,-0.64,0.0,-0.75,0.0
raw::cLogP,raw_property,cLogP,-22.727272727272734,50,50,BranchPointCount,6.68,7.0,5.0,8.0,-0.46,0.0,-0.75,0.0
raw::cLogP,raw_property,cLogP,-22.727272727272734,50,50,AromaticAtomFraction,0.46272146095859834,0.46153846153846156,0.3333333333333333,0.6299342105263157,-0.0498671625204498,0.0,0.0,0.0
raw::cLogP,raw_property,cLogP,-22.727272727272734,50,50,AromaticBondFraction,0.44275827830258097,0.4444444444444444,0.3333333333333333,0.6,-0.04460077009531796,0.0,0.0,0.0
raw::cLogP,raw_property,cLogP,-19.69696969696969,50,50,MolWt,321.45930000000004,346.88400000000007,252.803,379.21325000000013,-3.2626600000000052,0.0,0.0,0.0
raw::cLogP,raw_property,cLogP,-19.69696969696969,50,50,CarbonCount,16.72,17.0,13.0,20.0,-0.38,0.0,0.0,0.0
raw::cLogP,raw_property,cLogP,-19.69696969696969,50,50,HeavyAtomCount_calc,22.38,23.5,18.0,26.0,-0.3,0.0,0.0,0.0
raw::cLogP,raw_property,cLogP,-19.69696969696969,50,50,HeteroatomCount,5.66,5.0,4.0,7.0,0.08,0.0,0.0,0.0
raw::cLogP,raw_property,cLogP,-19.69696969696969,50,50,RingCount_calc,2.54,2.5,2.0,3.0,-0.22,0.0,0.0,0.0
raw::cLogP,raw_property,cLogP,-19.69696969696969,50,50,AromaticRingCount_calc,1.86,2.0,1.0,2.0,-0.22,0.0,0.0,0.0
raw::cLogP,raw_property,cLogP,-19.69696969696969,50,50,BondCount,23.92,26.0,18.25,28.0,-0.52,0.0,0.0,0.0
raw::cLogP,raw_property,cLogP,-19.69696969696969,50,50,BranchPointCount,6.78,7.0,5.0,9.0,-0.36,0.0,0.0,0.0
raw::cLogP,raw_property,cLogP,-19.69696969696969,50,50,AromaticAtomFraction,0.474858109941799,0.46153846153846156,0.34259259259259256,0.6299342105263157,-0.03773051353724909,0.0,0.0,0.0
raw::cLogP,raw_property,cLogP,-19.69696969696969,50,50,AromaticBondFraction,0.4539869772022475,0.4444444444444444,0.3382352941176471,0.6,-0.03337207119565131,0.0,0.0,0.0
raw::cLogP,raw_property,cLogP,-16.666666666666657,50,50,MolWt,322.98124000000007,348.4205000000001,252.803,382.2672500000001,-1.7407200000000034,0.0,0.0,0.0
raw::cLogP,raw_property,cLogP,-16.666666666666657,50,50,CarbonCount,16.92,17.5,13.0,20.75,-0.18,0.0,0.0,0.0
raw::cLogP,raw_property,cLogP,-16.666666666666657,50,50,HeavyAtomCount_calc,22.52,24.0,18.0,26.0,-0.16,0.0,0.0,0.0
raw::cLogP,raw_property,cLogP,-16.666666666666657,50,50,HeteroatomCount,5.6,5.0,4.0,7.0,0.02,0.0,0.0,0.0
raw::cLogP,raw_property,cLogP,-16.666666666666657,50,50,RingCount_calc,2.62,3.0,2.0,3.0,-0.14,0.0,0.0,0.0
raw::cLogP,raw_property,cLogP,-16.666666666666657,50,50,AromaticRingCount_calc,1.96,2.0,1.0,2.0,-0.12,0.0,0.0,0.0
raw::cLogP,raw_property,cLogP,-16.666666666666657,50,50,BondCount,24.14,26.0,18.25,28.75,-0.3,0.0,0.0,0.0
raw::cLogP,raw_property,cLogP,-16.666666666666657,50,50,BranchPointCount,6.9,7.0,5.0,9.0,-0.24,0.0,0.0,0.0
raw::cLogP,raw_property,cLogP,-16.666666666666657,50,50,AromaticAtomFraction,0.49186515795886393,0.4707692307692308,0.37740384615384615,0.6321428571428571,-0.020723465520184097,0.0,0.0,0.0
raw::cLogP,raw_property,cLogP,-16.666666666666657,50,50,AromaticBondFraction,0.4689981731282509,0.4444444444444444,0.3675548589341693,0.5863636363636363,-0.018360875269648087,0.0,0.0,0.0
raw::cLogP,raw_property,cLogP,-13.636363636363626,50,50,MolWt,323.94212000000005,351.8940000000001,252.803,382.2672500000001,-0.7798400000000038,0.0,0.0,0.0
raw::cLogP,raw_property,cLogP,-13.636363636363626,50,50,CarbonCount,17.0,18.0,13.0,20.75,-0.1,0.0,0.0,0.0
raw::cLogP,raw_property,cLogP,-13.636363636363626,50,50,HeavyAtomCount_calc,22.6,24.0,18.0,26.0,-0.08,0.0,0.0,0.0
raw::cLogP,raw_property,cLogP,-13.636363636363626,50,50,HeteroatomCount,5.6,5.0,4.0,7.0,0.02,0.0,0.0,0.0
raw::cLogP,raw_property,cLogP,-13.636363636363626,50,50,RingCount_calc,2.66,3.0,2.0,3.0,-0.1,0.0,0.0,0.0
raw::cLogP,raw_property,cLogP,-13.636363636363626,50,50,AromaticRingCount_calc,2.0,2.0,1.0,2.0,-0.08,0.0,0.0,0.0
raw::cLogP,raw_property,cLogP,-13.636363636363626,50,50,BondCount,24.26,26.0,18.25,28.75,-0.18,0.0,0.0,0.0
raw::cLogP,raw_property,cLogP,-13.636363636363626,50,50,BranchPointCount,6.98,7.0,5.0,9.0,-0.16,0.0,0.0,0.0
raw::cLogP,raw_property,cLogP,-13.636363636363626,50,50,AromaticAtomFraction,0.49972300254084645,0.48193548387096774,0.4041666666666667,0.6321428571428571,-0.012865620938201584,0.0,0.0,0.0
raw::cLogP,raw_property,cLogP,-13.636363636363626,50,50,AromaticBondFraction,0.4758083948031277,0.45138888888888884,0.39285714285714285,0.5863636363636363,-0.01155065359477124,0.0,0.0,0.0
raw::cLogP,raw_property,cLogP,-10.606060606060597,50,50,MolWt,325.4032000000001,351.8940000000001,252.803,386.3540000000001,0.6812400000000003,0.0,0.0,0.0
raw::cLogP,raw_property,cLogP,-10.606060606060597,50,50,CarbonCount,17.1,18.0,13.0,21.0,0.0,0.0,0.0,0.0
raw::cLogP,raw_property,cLogP,-10.606060606060597,50,50,HeavyAtomCount_calc,22.72,24.0,18.0,26.75,0.04,0.0,0.0,0.0
raw::cLogP,raw_property,cLogP,-10.606060606060597,50,50,HeteroatomCount,5.62,5.0,4.0,7.0,0.04,0.0,0.0,0.0
raw::cLogP,raw_property,cLogP,-10.606060606060597,50,50,RingCount_calc,2.72,3.0,2.0,3.0,-0.04,0.0,0.0,0.0
raw::cLogP,raw_property,cLogP,-10.606060606060597,50,50,AromaticRingCount_calc,2.04,2.0,1.0,2.75,-0.04,0.0,0.0,0.0
raw::cLogP,raw_property,cLogP,-10.606060606060597,50,50,BondCount,24.44,26.0,18.25,29.0,0.0,0.0,0.0,0.0
raw::cLogP,raw_property,cLogP,-10.606060606060597,50,50,BranchPointCount,7.08,7.0,5.0,9.0,-0.06,0.0,0.0,0.0
raw::cLogP,raw_property,cLogP,-10.606060606060597,50,50,AromaticAtomFraction,0.5059915330299652,0.49193548387096775,0.4041666666666667,0.6428571428571429,-0.006597090449082858,0.0,0.0,0.0
raw::cLogP,raw_property,cLogP,-10.606060606060597,50,50,AromaticBondFraction,0.48124793728678783,0.4644607843137255,0.39285714285714285,0.6,-0.0061111111111111106,0.0,0.0,0.0
raw::cLogP,raw_property,cLogP,-7.575757575757564,50,50,MolWt,325.06258,351.8940000000001,252.803,386.3540000000001,0.34062000000000014,0.0,0.0,0.0
raw::cLogP,raw_property,cLogP,-7.575757575757564,50,50,CarbonCount,17.1,18.0,13.0,21.0,0.0,0.0,0.0,0.0
raw::cLogP,raw_property,cLogP,-7.575757575757564,50,50,HeavyAtomCount_calc,22.7,24.0,18.0,26.75,0.02,0.0,0.0,0.0
raw::cLogP,raw_property,cLogP,-7.575757575757564,50,50,HeteroatomCount,5.6,5.0,4.0,7.0,0.02,0.0,0.0,0.0
raw::cLogP,raw_property,cLogP,-7.575757575757564,50,50,RingCount_calc,2.74,3.0,2.0,3.0,-0.02,0.0,0.0,0.0
raw::cLogP,raw_property,cLogP,-7.575757575757564,50,50,AromaticRingCount_calc,2.04,2.0,1.0,2.75,-0.04,0.0,0.0,0.0
raw::cLogP,raw_property,cLogP,-7.575757575757564,50,50,BondCount,24.44,26.0,18.25,29.0,0.0,0.0,0.0,0.0
raw::cLogP,raw_property,cLogP,-7.575757575757564,50,50,BranchPointCount,7.1,7.0,5.0,9.0,-0.04,0.0,0.0,0.0
raw::cLogP,raw_property,cLogP,-7.575757575757564,50,50,AromaticAtomFraction,0.5063141136751265,0.49193548387096775,0.4041666666666667,0.6428571428571429,-0.0062745098039215675,0.0,0.0,0.0
raw::cLogP,raw_property,cLogP,-7.575757575757564,50,50,AromaticBondFraction,0.48124793728678783,0.4644607843137255,0.39285714285714285,0.6,-0.0061111111111111106,0.0,0.0,0.0
raw::cLogP,raw_property,cLogP,-4.545454545454561,50,50,MolWt,325.46408,351.8940000000001,252.803,386.3540000000001,0.7421199999999964,0.0,0.0,0.0
raw::cLogP,raw_property,cLogP,-4.545454545454561,50,50,CarbonCount,17.12,18.0,13.0,21.0,0.02,0.0,0.0,0.0
raw::cLogP,raw_property,cLogP,-4.545454545454561,50,50,HeavyAtomCount_calc,22.72,24.0,18.0,26.75,0.04,0.0,0.0,0.0
raw::cLogP,raw_property,cLogP,-4.545454545454561,50,50,HeteroatomCount,5.6,5.0,4.0,7.0,0.02,0.0,0.0,0.0
raw::cLogP,raw_property,cLogP,-4.545454545454561,50,50,RingCount_calc,2.7,3.0,2.0,3.0,-0.06,0.0,0.0,0.0
raw::cLogP,raw_property,cLogP,-4.545454545454561,50,50,AromaticRingCount_calc,2.0,2.0,1.0,2.0,-0.08,0.0,0.0,0.0
raw::cLogP,raw_property,cLogP,-4.545454545454561,50,50,BondCount,24.42,26.0,18.25,29.0,-0.02,0.0,0.0,0.0
raw::cLogP,raw_property,cLogP,-4.545454545454561,50,50,BranchPointCount,7.04,7.0,5.0,9.0,-0.1,0.0,0.0,0.0
raw::cLogP,raw_property,cLogP,-4.545454545454561,50,50,AromaticAtomFraction,0.5003866943202877,0.49,0.38846153846153847,0.6428571428571429,-0.012201929158760278,0.0,0.0,0.0
raw::cLogP,raw_property,cLogP,-4.545454545454561,50,50,AromaticBondFraction,0.4755560605360875,0.45138888888888884,0.37094155844155846,0.6,-0.011802987861811389,0.0,0.0,0.0
raw::cLogP,raw_property,cLogP,-1.5151515151515298,50,50,MolWt,325.46408,351.8940000000001,252.803,386.3540000000001,0.7421199999999964,0.0,0.0,0.0
raw::cLogP,raw_property,cLogP,-1.5151515151515298,50,50,CarbonCount,17.12,18.0,13.0,21.0,0.02,0.0,0.0,0.0
raw::cLogP,raw_property,cLogP,-1.5151515151515298,50,50,HeavyAtomCount_calc,22.72,24.0,18.0,26.75,0.04,0.0,0.0,0.0
raw::cLogP,raw_property,cLogP,-1.5151515151515298,50,50,HeteroatomCount,5.6,5.0,4.0,7.0,0.02,0.0,0.0,0.0
raw::cLogP,raw_property,cLogP,-1.5151515151515298,50,50,RingCount_calc,2.7,3.0,2.0,3.0,-0.06,0.0,0.0,0.0
raw::cLogP,raw_property,cLogP,-1.5151515151515298,50,50,AromaticRingCount_calc,2.0,2.0,1.0,2.0,-0.08,0.0,0.0,0.0
raw::cLogP,raw_property,cLogP,-1.5151515151515298,50,50,BondCount,24.42,26.0,18.25,29.0,-0.02,0.0,0.0,0.0
raw::cLogP,raw_property,cLogP,-1.5151515151515298,50,50,BranchPointCount,7.04,7.0,5.0,9.0,-0.1,0.0,0.0,0.0
raw::cLogP,raw_property,cLogP,-1.5151515151515298,50,50,AromaticAtomFraction,0.5003866943202877,0.49,0.38846153846153847,0.6428571428571429,-0.012201929158760278,0.0,0.0,0.0
raw::cLogP,raw_property,cLogP,-1.5151515151515298,50,50,AromaticBondFraction,0.4755560605360875,0.45138888888888884,0.37094155844155846,0.6,-0.011802987861811389,0.0,0.0,0.0
raw::cLogP,raw_property,cLogP,1.5151515151515014,50,50,MolWt,325.5249600000001,351.8940000000001,252.803,386.3540000000001,0.8029999999999973,0.0,0.0,0.0
raw::cLogP,raw_property,cLogP,1.5151515151515014,50,50,CarbonCount,17.14,18.0,13.0,21.0,0.04,0.0,0.0,0.0
raw::cLogP,raw_property,cLogP,1.5151515151515014,50,50,HeavyAtomCount_calc,22.72,24.0,18.0,26.75,0.04,0.0,0.0,0.0
raw::cLogP,raw_property,cLogP,1.5151515151515014,50,50,HeteroatomCount,5.58,5.0,4.0,7.0,0.0,0.0,0.0,0.0
raw::cLogP,raw_property,cLogP,1.5151515151515014,50,50,RingCount_calc,2.68,3.0,2.0,3.0,-0.08,0.0,0.0,0.0
raw::cLogP,raw_property,cLogP,1.5151515151515014,50,50,AromaticRingCount_calc,1.98,2.0,1.0,2.0,-0.1,0.0,0.0,0.0
raw::cLogP,raw_property,cLogP,1.5151515151515014,50,50,BondCount,24.4,26.0,18.25,29.0,-0.04,0.0,0.0,0.0
raw::cLogP,raw_property,cLogP,1.5151515151515014,50,50,BranchPointCount,7.02,7.0,5.0,9.0,-0.12,0.0,0.0,0.0
raw::cLogP,raw_property,cLogP,1.5151515151515014,50,50,AromaticAtomFraction,0.496857282555582,0.49,0.38846153846153847,0.6428571428571429,-0.01573134092346616,0.0,0.0,0.0
raw::cLogP,raw_property,cLogP,1.5151515151515014,50,50,AromaticBondFraction,0.4722283294436506,0.45138888888888884,0.37094155844155846,0.6,-0.015130718954248364,0.0,0.0,0.0
raw::cLogP,raw_property,cLogP,4.5454545454545325,50,50,MolWt,325.44432000000006,351.8940000000001,252.803,386.3540000000001,0.7223599999999964,0.0,0.0,0.0
raw::cLogP,raw_property,cLogP,4.5454545454545325,50,50,CarbonCount,17.14,18.0,13.0,21.0,0.04,0.0,0.0,0.0
raw::cLogP,raw_property,cLogP,4.5454545454545325,50,50,HeavyAtomCount_calc,22.72,24.0,18.0,26.75,0.04,0.0,0.0,0.0
raw::cLogP,raw_property,cLogP,4.5454545454545325,50,50,HeteroatomCount,5.58,5.0,4.0,7.0,0.0,0.0,0.0,0.0
raw::cLogP,raw_property,cLogP,4.5454545454545325,50,50,RingCount_calc,2.7,3.0,2.0,3.0,-0.06,0.0,0.0,0.0
raw::cLogP,raw_property,cLogP,4.5454545454545325,50,50,AromaticRingCount_calc,2.0,2.0,1.0,2.0,-0.08,0.0,0.0,0.0
raw::cLogP,raw_property,cLogP,4.5454545454545325,50,50,BondCount,24.42,26.0,18.25,29.0,-0.02,0.0,0.0,0.0
raw::cLogP,raw_property,cLogP,4.5454545454545325,50,50,BranchPointCount,7.04,7.0,5.0,9.0,-0.1,0.0,0.0,0.0
raw::cLogP,raw_property,cLogP,4.5454545454545325,50,50,AromaticAtomFraction,0.5002780174184419,0.49,0.38846153846153847,0.6428571428571429,-0.01231060606060606,0.0,0.0,0.0
raw::cLogP,raw_property,cLogP,4.5454545454545325,50,50,AromaticBondFraction,0.4755560605360875,0.45138888888888884,0.37094155844155846,0.6,-0.011802987861811389,0.0,0.0,0.0
raw::cLogP,raw_property,cLogP,7.575757575757564,50,50,MolWt,325.44432000000006,351.8940000000001,252.803,386.3540000000001,0.7223599999999964,0.0,0.0,0.0
raw::cLogP,raw_property,cLogP,7.575757575757564,50,50,CarbonCount,17.14,18.0,13.0,21.0,0.04,0.0,0.0,0.0
raw::cLogP,raw_property,cLogP,7.575757575757564,50,50,HeavyAtomCount_calc,22.72,24.0,18.0,26.75,0.04,0.0,0.0,0.0
raw::cLogP,raw_property,cLogP,7.575757575757564,50,50,HeteroatomCount,5.58,5.0,4.0,7.0,0.0,0.0,0.0,0.0
raw::cLogP,raw_property,cLogP,7.575757575757564,50,50,RingCount_calc,2.7,3.0,2.0,3.0,-0.06,0.0,0.0,0.0
raw::cLogP,raw_property,cLogP,7.575757575757564,50,50,AromaticRingCount_calc,2.0,2.0,1.0,2.0,-0.08,0.0,0.0,0.0
raw::cLogP,raw_property,cLogP,7.575757575757564,50,50,BondCount,24.42,26.0,18.25,29.0,-0.02,0.0,0.0,0.0
raw::cLogP,raw_property,cLogP,7.575757575757564,50,50,BranchPointCount,7.04,7.0,5.0,9.0,-0.1,0.0,0.0,0.0
raw::cLogP,raw_property,cLogP,7.575757575757564,50,50,AromaticAtomFraction,0.5002780174184419,0.49,0.38846153846153847,0.6428571428571429,-0.01231060606060606,0.0,0.0,0.0
raw::cLogP,raw_property,cLogP,7.575757575757564,50,50,AromaticBondFraction,0.4755560605360875,0.45138888888888884,0.37094155844155846,0.6,-0.011802987861811389,0.0,0.0,0.0
raw::cLogP,raw_property,cLogP,10.606060606060597,50,50,MolWt,326.65486000000004,351.8940000000001,252.803,387.1017500000001,1.9328999999999952,0.0,0.0,0.0
raw::cLogP,raw_property,cLogP,10.606060606060597,50,50,CarbonCount,17.2,18.5,13.0,21.0,0.1,0.0,0.0,0.0
raw::cLogP,raw_property,cLogP,10.606060606060597,50,50,HeavyAtomCount_calc,22.78,24.0,18.0,26.75,0.1,0.0,0.0,0.0
raw::cLogP,raw_property,cLogP,10.606060606060597,50,50,HeteroatomCount,5.58,5.0,4.0,7.0,0.0,0.0,0.0,0.0
raw::cLogP,raw_property,cLogP,10.606060606060597,50,50,RingCount_calc,2.7,3.0,2.0,3.0,-0.06,0.0,0.0,0.0
raw::cLogP,raw_property,cLogP,10.606060606060597,50,50,AromaticRingCount_calc,1.98,2.0,1.0,2.0,-0.1,0.0,0.0,0.0
raw::cLogP,raw_property,cLogP,10.606060606060597,50,50,BondCount,24.48,26.5,18.25,29.0,0.04,0.0,0.0,0.0
raw::cLogP,raw_property,cLogP,10.606060606060597,50,50,BranchPointCount,7.06,7.5,5.0,9.0,-0.08,0.0,0.0,0.0
raw::cLogP,raw_property,cLogP,10.606060606060597,50,50,AromaticAtomFraction,0.49616230959685176,0.4707692307692308,0.37740384615384615,0.6428571428571429,-0.016426313882196234,0.0,0.0,0.0
raw::cLogP,raw_property,cLogP,10.606060606060597,50,50,AromaticBondFraction,0.47171287669290374,0.4444444444444444,0.3556149732620321,0.6,-0.015646171704995233,0.0,0.0,0.0
raw::cLogP,raw_property,cLogP,13.636363636363626,50,50,MolWt,327.51704000000007,352.4340000000001,252.803,389.0215000000001,2.795079999999997,0.0,0.0,0.0
raw::cLogP,raw_property,cLogP,13.636363636363626,50,50,CarbonCount,17.28,18.5,13.0,21.0,0.18,0.0,0.0,0.0
raw::cLogP,raw_property,cLogP,13.636363636363626,50,50,HeavyAtomCount_calc,22.84,24.0,18.0,27.75,0.16,0.0,0.0,0.0
raw::cLogP,raw_property,cLogP,13.636363636363626,50,50,HeteroatomCount,5.56,5.0,4.0,7.0,-0.02,0.0,0.0,0.0
raw::cLogP,raw_property,cLogP,13.636363636363626,50,50,RingCount_calc,2.68,3.0,2.0,3.0,-0.08,0.0,0.0,0.0
raw::cLogP,raw_property,cLogP,13.636363636363626,50,50,AromaticRingCount_calc,1.98,2.0,1.0,2.0,-0.1,0.0,0.0,0.0
raw::cLogP,raw_property,cLogP,13.636363636363626,50,50,BondCount,24.52,26.5,18.25,29.75,0.08,0.0,0.0,0.0
raw::cLogP,raw_property,cLogP,13.636363636363626,50,50,BranchPointCount,7.06,7.5,5.0,9.0,-0.08,0.0,0.0,0.0
raw::cLogP,raw_property,cLogP,13.636363636363626,50,50,AromaticAtomFraction,0.4948740065020971,0.4707692307692308,0.37740384615384615,0.6428571428571429,-0.01771461697695094,0.0,0.0,0.0
raw::cLogP,raw_property,cLogP,13.636363636363626,50,50,AromaticBondFraction,0.4708272305425516,0.4444444444444444,0.3556149732620321,0.6,-0.016531817855347266,0.0,0.0,0.0
raw::cLogP,raw_property,cLogP,16.666666666666657,50,50,MolWt,331.96366,352.4340000000001,255.79475,400.5897500000001,7.241699999999995,0.0,0.0,14.401999999999973
raw::cLogP,raw_property,cLogP,16.666666666666657,50,50,CarbonCount,17.62,19.0,13.25,21.75,0.52,0.0,0.0,0.75
raw::cLogP,raw_property,cLogP,16.666666666666657,50,50,HeavyAtomCount_calc,23.18,25.0,18.0,28.0,0.5,0.0,0.0,0.75
raw::cLogP,raw_property,cLogP,16.666666666666657,50,50,HeteroatomCount,5.56,5.0,4.0,7.0,-0.02,0.0,0.0,0.0
raw::cLogP,raw_property,cLogP,16.666666666666657,50,50,RingCount_calc,2.74,3.0,2.0,3.0,-0.02,0.0,0.0,0.0
raw::cLogP,raw_property,cLogP,16.666666666666657,50,50,AromaticRingCount_calc,1.9,2.0,1.0,2.0,-0.18,0.0,0.0,0.0
raw::cLogP,raw_property,cLogP,16.666666666666657,50,50,BondCount,24.92,27.0,19.0,31.0,0.48,0.0,0.0,0.0
raw::cLogP,raw_property,cLogP,16.666666666666657,50,50,BranchPointCount,7.26,8.0,5.25,9.0,0.12,0.0,0.0,0.0
raw::cLogP,raw_property,cLogP,16.666666666666657,50,50,AromaticAtomFraction,0.4737747114403051,0.46153846153846156,0.3688811188811189,0.590625,-0.03881391203874298,0.0,-0.029532967032967067,0.0
raw::cLogP,raw_property,cLogP,16.666666666666657,50,50,AromaticBondFraction,0.45032371628293455,0.4444444444444444,0.3556149732620321,0.5454545454545454,-0.03703533211496437,0.0,-0.027558379120879127,0.0
raw::cLogP,raw_property,cLogP,19.69696969696969,50,50,MolWt,343.26560000000006,376.8325000000001,255.79475,411.30250000000024,18.54364000000001,0.0,0.0,26.038000000000054
raw::cLogP,raw_property,cLogP,19.69696969696969,50,50,CarbonCount,18.38,19.5,13.25,22.75,1.28,0.0,0.0,2.0
raw::cLogP,raw_property,cLogP,19.69696969696969,50,50,HeavyAtomCount_calc,24.0,26.0,18.0,30.0,1.32,0.0,0.0,2.0
raw::cLogP,raw_property,cLogP,19.69696969696969,50,50,HeteroatomCount,5.62,5.0,4.0,7.0,0.04,0.0,0.0,0.0
raw::cLogP,raw_property,cLogP,19.69696969696969,50,50,RingCount_calc,2.9,3.0,2.0,4.0,0.14,0.0,0.0,0.0
raw::cLogP,raw_property,cLogP,19.69696969696969,50,50,AromaticRingCount_calc,1.94,2.0,1.0,2.0,-0.14,0.0,0.0,0.0
raw::cLogP,raw_property,cLogP,19.69696969696969,50,50,BondCount,25.86,28.0,19.0,32.0,1.42,0.0,0.0,2.0
raw::cLogP,raw_property,cLogP,19.69696969696969,50,50,BranchPointCount,7.62,8.0,5.25,9.75,0.48,0.0,0.0,1.0
raw::cLogP,raw_property,cLogP,19.69696969696969,50,50,AromaticAtomFraction,0.4661225862584573,0.4422222222222222,0.3688811188811189,0.5589717741935484,-0.04646603722059073,0.0,-0.03889877641824248,0.0
raw::cLogP,raw_property,cLogP,19.69696969696969,50,50,AromaticBondFraction,0.44336492746377837,0.4226190476190476,0.3556149732620321,0.5406698564593301,-0.04399412093412048,0.0,-0.03799185214626388,0.0
raw::cLogP,raw_property,cLogP,22.72727272727272,50,50,MolWt,346.6529200000001,384.94000000000017,255.79475,421.0642500000001,21.930960000000006,2.015999999999991,0.0,37.06224999999996
raw::cLogP,raw_property,cLogP,22.72727272727272,50,50,CarbonCount,18.64,20.0,14.0,23.0,1.54,0.0,0.0,2.0
raw::cLogP,raw_property,cLogP,22.72727272727272,50,50,HeavyAtomCount_calc,24.3,27.0,18.0,30.0,1.62,0.0,0.0,2.75
raw::cLogP,raw_property,cLogP,22.72727272727272,50,50,HeteroatomCount,5.66,5.5,4.0,7.0,0.08,0.0,0.0,0.0
raw::cLogP,raw_property,cLogP,22.72727272727272,50,50,RingCount_calc,2.84,3.0,2.0,4.0,0.08,0.0,0.0,0.0
raw::cLogP,raw_property,cLogP,22.72727272727272,50,50,AromaticRingCount_calc,1.92,2.0,1.0,2.0,-0.16,0.0,0.0,0.0
raw::cLogP,raw_property,cLogP,22.72727272727272,50,50,BondCount,26.12,29.0,19.25,32.0,1.68,0.0,0.0,3.0
raw::cLogP,raw_property,cLogP,22.72727272727272,50,50,BranchPointCount,7.62,8.0,6.0,10.0,0.48,0.0,0.0,1.0
raw::cLogP,raw_property,cLogP,22.72727272727272,50,50,AromaticAtomFraction,0.45759920958235045,0.4365079365079365,0.3556149732620321,0.5589717741935484,-0.05498941389669764,-0.008241758241758254,-0.07565247252747256,0.0
raw::cLogP,raw_property,cLogP,22.72727272727272,50,50,AromaticBondFraction,0.4350447846872965,0.41522988505747127,0.3357142857142857,0.5251716247139588,-0.052314263710602354,-0.007662835249042141,-0.06633403361344535,0.0
raw::cLogP,raw_property,cLogP,25.75757575757575,50,50,MolWt,357.01062000000013,390.4720000000001,311.12525000000005,412.866,32.28866000000003,25.03000000000003,0.0,55.55225000000016
raw::cLogP,raw_property,cLogP,25.75757575757575,50,50,CarbonCount,19.28,20.5,17.0,23.0,2.18,2.0,0.0,3.75
raw::cLogP,raw_property,cLogP,25.75757575757575,50,50,HeavyAtomCount_calc,24.98,27.0,23.0,29.75,2.3,2.0,0.0,4.0
raw::cLogP,raw_property,cLogP,25.75757575757575,50,50,HeteroatomCount,5.7,5.5,4.0,7.0,0.12,0.0,0.0,0.0
raw::cLogP,raw_property,cLogP,25.75757575757575,50,50,RingCount_calc,2.96,3.0,2.0,4.0,0.2,0.0,0.0,1.0
raw::cLogP,raw_property,cLogP,25.75757575757575,50,50,AromaticRingCount_calc,1.84,2.0,1.0,2.0,-0.24,0.0,0.0,0.0
raw::cLogP,raw_property,cLogP,25.75757575757575,50,50,BondCount,26.9,29.0,23.25,32.0,2.46,2.0,0.0,4.75
raw::cLogP,raw_property,cLogP,25.75757575757575,50,50,BranchPointCount,7.9,8.0,6.0,10.0,0.76,0.0,0.0,2.0
raw::cLogP,raw_property,cLogP,25.75757575757575,50,50,AromaticAtomFraction,0.43380060163554957,0.42857142857142855,0.32008928571428574,0.5454545454545454,-0.07878802184349845,-0.03159340659340662,-0.13385869565217393,0.0
raw::cLogP,raw_property,cLogP,25.75757575757575,50,50,AromaticBondFraction,0.41218136014474605,0.41379310344827586,0.2995356037151703,0.5161290322580645,-0.07517768825315291,-0.03433488708794602,-0.13049113876319762,0.0
raw::cLogP,raw_property,cLogP,28.787878787878785,50,50,MolWt,360.94494000000014,393.0115000000003,303.8705,428.77100000000024,36.222980000000035,33.77900000000008,0.0,69.08625
raw::cLogP,raw_property,cLogP,28.787878787878785,50,50,CarbonCount,19.74,21.0,17.0,25.0,2.64,3.0,0.0,5.0
raw::cLogP,raw_property,cLogP,28.787878787878785,50,50,HeavyAtomCount_calc,25.14,27.0,22.25,30.0,2.46,2.0,0.0,5.0
raw::cLogP,raw_property,cLogP,28.787878787878785,50,50,HeteroatomCount,5.4,5.0,4.0,7.0,-0.18,0.0,0.0,0.0
raw::cLogP,raw_property,cLogP,28.787878787878785,50,50,RingCount_calc,2.82,3.0,2.0,3.75,0.06,0.0,0.0,0.0
raw::cLogP,raw_property,cLogP,28.787878787878785,50,50,AromaticRingCount_calc,1.66,2.0,1.0,2.0,-0.42,0.0,-1.0,0.0
raw::cLogP,raw_property,cLogP,28.787878787878785,50,50,BondCount,26.88,29.0,22.25,32.75,2.44,2.0,0.0,6.0
raw::cLogP,raw_property,cLogP,28.787878787878785,50,50,BranchPointCount,7.56,8.0,6.0,10.0,0.42,0.0,0.0,1.75
raw::cLogP,raw_property,cLogP,28.787878787878785,50,50,AromaticAtomFraction,0.3851111522023343,0.4,0.2222222222222222,0.5395256916996047,-0.12747747127671383,-0.07032429194831866,-0.18969615896849623,0.0
raw::cLogP,raw_property,cLogP,28.787878787878785,50,50,AromaticBondFraction,0.36704249692159757,0.37083333333333335,0.20874384236453203,0.5107142857142857,-0.1203165514763013,-0.06114136759298047,-0.19396551724137928,0.0
raw::cLogP,raw_property,cLogP,31.818181818181813,50,50,MolWt,373.72280000000006,403.4770000000002,316.92625000000004,439.56900000000024,49.000840000000046,52.12000000000003,7.251999999999953,80.83424999999994
raw::cLogP,raw_property,cLogP,31.818181818181813,50,50,CarbonCount,20.94,22.0,18.0,25.0,3.84,4.0,1.0,6.0
raw::cLogP,raw_property,cLogP,31.818181818181813,50,50,HeavyAtomCount_calc,26.24,27.5,23.0,31.0,3.56,3.5,0.25,6.0
raw::cLogP,raw_property,cLogP,31.818181818181813,50,50,HeteroatomCount,5.3,5.0,4.0,7.0,-0.28,0.0,-0.75,0.0
raw::cLogP,raw_property,cLogP,31.818181818181813,50,50,RingCount_calc,2.9,3.0,2.0,4.0,0.14,0.0,0.0,1.0
raw::cLogP,raw_property,cLogP,31.818181818181813,50,50,AromaticRingCount_calc,1.64,2.0,1.0,2.0,-0.44,0.0,-1.0,0.0
raw::cLogP,raw_property,cLogP,31.818181818181813,50,50,BondCount,28.02,29.0,25.0,33.75,3.58,3.0,0.0,6.0
raw::cLogP,raw_property,cLogP,31.818181818181813,50,50,BranchPointCount,7.76,8.0,6.0,10.0,0.62,0.0,0.0,2.75
raw::cLogP,raw_property,cLogP,31.818181818181813,50,50,AromaticAtomFraction,0.36023081196587825,0.3693181818181818,0.2222222222222222,0.5,-0.15235781151316985,-0.11862818590704646,-0.23576923076923076,-0.04012605042016806
raw::cLogP,raw_property,cLogP,31.818181818181813,50,50,AromaticBondFraction,0.34355039592008907,0.33854166666666663,0.20874384236453203,0.48428571428571426,-0.14380865247780983,-0.11135545905707195,-0.21839080459770113,-0.03513257575757575
raw::cLogP,raw_property,cLogP,34.848484848484844,50,50,MolWt,383.38352000000015,412.97050000000024,328.8850000000001,439.56900000000024,58.66156000000005,63.794500000000056,5.296749999999946,105.14050000000012
raw::cLogP,raw_property,cLogP,34.848484848484844,50,50,CarbonCount,21.68,22.0,19.25,25.0,4.58,5.0,1.0,7.0
raw::cLogP,raw_property,cLogP,34.848484848484844,50,50,HeavyAtomCount_calc,26.8,28.0,24.0,31.0,4.12,4.5,0.0,7.0
raw::cLogP,raw_property,cLogP,34.848484848484844,50,50,HeteroatomCount,5.12,5.5,3.0,6.0,-0.46,0.0,-1.0,0.0
raw::cLogP,raw_property,cLogP,34.848484848484844,50,50,RingCount_calc,2.7,2.5,2.0,4.0,-0.06,0.0,-1.0,1.0
raw::cLogP,raw_property,cLogP,34.848484848484844,50,50,AromaticRingCount_calc,1.32,1.0,0.0,2.0,-0.76,-1.0,-1.0,0.0
raw::cLogP,raw_property,cLogP,34.848484848484844,50,50,BondCount,28.42,29.0,25.0,34.0,3.98,5.0,0.0,7.75
raw::cLogP,raw_property,cLogP,34.848484848484844,50,50,BranchPointCount,7.46,7.0,6.0,9.75,0.32,0.0,-1.75,3.0
raw::cLogP,raw_property,cLogP,34.848484848484844,50,50,AromaticAtomFraction,0.28389740988397333,0.245,0.0,0.4903846153846154,-0.22869121359507483,-0.19921782285036144,-0.38072909064370164,-0.05455955334987592
raw::cLogP,raw_property,cLogP,34.848484848484844,50,50,AromaticBondFraction,0.2721112967548981,0.24,0.0,0.46153846153846156,-0.21524775164300083,-0.18964097496706192,-0.3424242424242424,-0.052947052947052944
raw::cLogP,raw_property,cLogP,37.87878787878788,50,50,MolWt,387.34122,420.5585000000002,320.80625,456.0960000000001,62.61926000000006,65.61100000000013,14.530999999999977,110.7070000000001
raw::cLogP,raw_property,cLogP,37.87878787878788,50,50,CarbonCount,22.06,23.5,19.0,26.0,4.96,5.0,1.25,7.75
raw::cLogP,raw_property,cLogP,37.87878787878788,50,50,HeavyAtomCount_calc,27.02,29.0,24.0,31.75,4.34,5.0,1.0,7.0
raw::cLogP,raw_property,cLogP,37.87878787878788,50,50,HeteroatomCount,4.96,5.0,3.0,6.0,-0.62,0.0,-1.0,0.0
raw::cLogP,raw_property,cLogP,37.87878787878788,50,50,RingCount_calc,2.56,2.0,1.25,4.0,-0.2,0.0,-1.0,1.0
raw::cLogP,raw_property,cLogP,37.87878787878788,50,50,AromaticRingCount_calc,1.18,1.0,0.0,2.0,-0.9,-1.0,-1.0,0.0
raw::cLogP,raw_property,cLogP,37.87878787878788,50,50,BondCount,28.48,31.0,25.0,34.0,4.04,5.0,0.0,7.75
raw::cLogP,raw_property,cLogP,37.87878787878788,50,50,BranchPointCount,7.12,7.0,6.0,9.0,-0.02,0.0,-2.0,2.75
raw::cLogP,raw_property,cLogP,37.87878787878788,50,50,AromaticAtomFraction,0.26093241067261597,0.2554347826086957,0.0,0.3967741935483871,-0.25165621280643213,-0.20648278011531868,-0.4255952380952381,-0.07488752685169758
raw::cLogP,raw_property,cLogP,37.87878787878788,50,50,AromaticBondFraction,0.25080070951938427,0.25043478260869567,0.0,0.3812316715542522,-0.23655833887851466,-0.19522311212814644,-0.41250000000000003,-0.060876623376623376
raw::cLogP,raw_property,cLogP,40.90909090909091,50,50,MolWt,399.42640000000006,424.94000000000017,326.56600000000003,466.8925000000003,74.70444000000005,77.047,18.068750000000065,125.21800000000019
raw::cLogP,raw_property,cLogP,40.90909090909091,50,50,CarbonCount,22.68,24.0,19.0,27.0,5.58,6.0,2.0,8.75
raw::cLogP,raw_property,cLogP,40.90909090909091,50,50,HeavyAtomCount_calc,27.52,30.0,24.0,33.0,4.84,5.0,1.0,8.75
raw::cLogP,raw_property,cLogP,40.90909090909091,50,50,HeteroatomCount,4.84,5.0,3.0,6.0,-0.74,0.0,-2.0,0.0
raw::cLogP,raw_property,cLogP,40.90909090909091,50,50,RingCount_calc,2.58,2.5,1.0,3.0,-0.18,0.0,-1.0,0.0
raw::cLogP,raw_property,cLogP,40.90909090909091,50,50,AromaticRingCount_calc,0.94,1.0,0.0,1.0,-1.14,-1.0,-2.0,0.0
raw::cLogP,raw_property,cLogP,40.90909090909091,50,50,BondCount,28.96,31.5,25.0,35.0,4.52,5.0,0.25,9.0
raw::cLogP,raw_property,cLogP,40.90909090909091,50,50,BranchPointCount,7.06,7.0,5.0,9.0,-0.08,0.0,-2.0,1.75
raw::cLogP,raw_property,cLogP,40.90909090909091,50,50,AromaticAtomFraction,0.21137273624308495,0.1935483870967742,0.0,0.3404761904761905,-0.30121588723596315,-0.2768521800779865,-0.46153846153846156,-0.11801075268817204
raw::cLogP,raw_property,cLogP,40.90909090909091,50,50,AromaticBondFraction,0.20397590440710617,0.175,0.0,0.3218146718146718,-0.2833831439907928,-0.24837662337662336,-0.4415845648604269,-0.10064935064935064
raw::cLogP,raw_property,cLogP,43.93939393939394,50,50,MolWt,403.3483600000001,443.7320000000002,326.56600000000003,477.20550000000026,78.62640000000005,79.59100000000001,18.068750000000065,118.37025000000008
raw::cLogP,raw_property,cLogP,43.93939393939394,50,50,CarbonCount,23.38,25.0,19.25,28.0,6.28,6.0,2.0,9.0
raw::cLogP,raw_property,cLogP,43.93939393939394,50,50,HeavyAtomCount_calc,28.22,31.0,24.0,33.75,5.54,5.0,1.25,9.0
raw::cLogP,raw_property,cLogP,43.93939393939394,50,50,HeteroatomCount,4.84,5.0,3.0,6.0,-0.74,-1.0,-1.75,0.0
raw::cLogP,raw_property,cLogP,43.93939393939394,50,50,RingCount_calc,2.66,2.5,1.0,4.0,-0.1,0.0,-1.0,1.0
raw::cLogP,raw_property,cLogP,43.93939393939394,50,50,AromaticRingCount_calc,0.98,1.0,0.0,1.0,-1.1,-1.0,-2.0,0.0
raw::cLogP,raw_property,cLogP,43.93939393939394,50,50,BondCount,29.74,33.0,25.0,36.0,5.3,5.0,0.25,9.0
raw::cLogP,raw_property,cLogP,43.93939393939394,50,50,BranchPointCount,7.32,8.0,5.25,9.0,0.18,0.0,-1.75,2.0
raw::cLogP,raw_property,cLogP,43.93939393939394,50,50,AromaticAtomFraction,0.21629191854268462,0.1875,0.0,0.35844155844155845,-0.2962967049363635,-0.26026278569954553,-0.46153846153846156,-0.12373106060606058
raw::cLogP,raw_property,cLogP,43.93939393939394,50,50,AromaticBondFraction,0.20886864018079088,0.17647058823529413,0.0,0.3333333333333333,-0.278490408217108,-0.24630600437052047,-0.4273109243697479,-0.11891233766233765
raw::cLogP,raw_property,cLogP,46.96969696969697,50,50,MolWt,398.17368000000005,438.73500000000024,314.66625000000005,473.18325000000016,73.45172000000008,81.055,14.298249999999989,125.23025000000017
raw::cLogP,raw_property,cLogP,46.96969696969697,50,50,CarbonCount,23.28,25.0,19.25,29.0,6.18,7.0,2.0,9.0
raw::cLogP,raw_property,cLogP,46.96969696969697,50,50,HeavyAtomCount_calc,27.8,30.5,23.25,33.0,5.12,6.0,1.0,9.0
raw::cLogP,raw_property,cLogP,46.96969696969697,50,50,HeteroatomCount,4.52,4.5,3.0,6.0,-1.06,-1.0,-2.0,0.0
raw::cLogP,raw_property,cLogP,46.96969696969697,50,50,RingCount_calc,2.54,2.0,2.0,4.0,-0.22,0.0,-1.0,0.75
raw::cLogP,raw_property,cLogP,46.96969696969697,50,50,AromaticRingCount_calc,0.94,1.0,0.0,1.0,-1.14,-1.0,-2.0,0.0
raw::cLogP,raw_property,cLogP,46.96969696969697,50,50,BondCount,29.28,32.0,24.25,36.0,4.84,6.0,0.0,9.0
raw::cLogP,raw_property,cLogP,46.96969696969697,50,50,BranchPointCount,7.1,8.0,5.0,9.0,-0.04,0.0,-2.0,2.75
raw::cLogP,raw_property,cLogP,46.96969696969697,50,50,AromaticAtomFraction,0.20021991416246834,0.17647058823529413,0.0,0.3289473684210526,-0.3123687093165798,-0.3037115456470295,-0.47333916083916083,-0.12633522727272725
raw::cLogP,raw_property,cLogP,46.96969696969697,50,50,AromaticBondFraction,0.1933952231869946,0.16666666666666666,0.0,0.3057692307692308,-0.2939638252109043,-0.29481393523139254,-0.4548611111111111,-0.11389819857561793
raw::cLogP,raw_property,cLogP,50.0,50,50,MolWt,396.9207,437.61950000000024,318.23850000000004,470.40075000000024,72.19874000000006,68.85549999999989,17.81175000000006,125.29850000000013
raw::cLogP,raw_property,cLogP,50.0,50,50,CarbonCount,23.34,25.5,19.25,29.0,6.24,6.5,2.0,9.75
raw::cLogP,raw_property,cLogP,50.0,50,50,HeavyAtomCount_calc,27.7,30.0,23.0,34.0,5.02,4.5,1.25,8.75
raw::cLogP,raw_property,cLogP,50.0,50,50,HeteroatomCount,4.36,4.0,3.0,5.0,-1.22,-1.0,-2.0,0.0
raw::cLogP,raw_property,cLogP,50.0,50,50,RingCount_calc,2.54,2.0,2.0,4.0,-0.22,0.0,-1.0,0.75
raw::cLogP,raw_property,cLogP,50.0,50,50,AromaticRingCount_calc,0.82,1.0,0.0,1.0,-1.26,-1.0,-2.0,-1.0
raw::cLogP,raw_property,cLogP,50.0,50,50,BondCount,29.16,33.0,23.25,35.0,4.72,3.5,1.0,9.0
raw::cLogP,raw_property,cLogP,50.0,50,50,BranchPointCount,6.82,7.0,4.0,9.0,-0.32,-0.5,-2.75,2.75
raw::cLogP,raw_property,cLogP,50.0,50,50,AromaticAtomFraction,0.1853772000191375,0.1875,0.0,0.3050239234449761,-0.3272114234599106,-0.3333333333333333,-0.46153846153846156,-0.20929802955665022
raw::cLogP,raw_property,cLogP,50.0,50,50,AromaticBondFraction,0.1790438059719587,0.17142857142857143,0.0,0.29117647058823526,-0.3083152424259402,-0.3322649572649572,-0.4320633658868953,-0.21019585253456224
raw::cLogP,raw_property,cLogP,53.03030303030303,50,50,MolWt,404.75346000000013,447.9970000000002,322.2420000000001,476.4857500000003,80.0315000000001,72.87800000000013,30.392250000000033,131.7120000000001
raw::cLogP,raw_property,cLogP,53.03030303030303,50,50,CarbonCount,23.82,26.0,19.25,29.0,6.72,7.0,3.0,10.75
raw::cLogP,raw_property,cLogP,53.03030303030303,50,50,HeavyAtomCount_calc,28.06,31.0,23.0,34.0,5.38,5.0,2.0,9.0
raw::cLogP,raw_property,cLogP,53.03030303030303,50,50,HeteroatomCount,4.24,4.0,3.0,5.0,-1.34,-1.0,-2.0,0.0
raw::cLogP,raw_property,cLogP,53.03030303030303,50,50,RingCount_calc,2.5,2.0,1.0,4.0,-0.26,0.0,-1.0,1.0
raw::cLogP,raw_property,cLogP,53.03030303030303,50,50,AromaticRingCount_calc,0.56,0.0,0.0,1.0,-1.52,-1.5,-2.0,-1.0
raw::cLogP,raw_property,cLogP,53.03030303030303,50,50,BondCount,29.46,33.0,24.0,36.0,5.02,5.0,1.0,9.0
raw::cLogP,raw_property,cLogP,53.03030303030303,50,50,BranchPointCount,6.76,7.0,4.0,9.0,-0.38,0.0,-2.0,2.0
raw::cLogP,raw_property,cLogP,53.03030303030303,50,50,AromaticAtomFraction,0.1325953981296654,0.0,0.0,0.20517241379310344,-0.37999322534938273,-0.3563520739991328,-0.5,-0.23934782608695654
raw::cLogP,raw_property,cLogP,53.03030303030303,50,50,AromaticBondFraction,0.1280239651244937,0.0,0.0,0.1935483870967742,-0.35933508327340513,-0.347005710757833,-0.4675245098039216,-0.23992232331621866
raw::cLogP,raw_property,cLogP,56.06060606060606,50,50,MolWt,412.63160000000016,460.04250000000025,322.2420000000001,507.0265000000003,87.90964000000007,82.19000000000023,24.190500000000057,149.52100000000013
raw::cLogP,raw_property,cLogP,56.06060606060606,50,50,CarbonCount,24.24,27.0,19.25,30.0,7.14,8.0,3.0,10.0
raw::cLogP,raw_property,cLogP,56.06060606060606,50,50,HeavyAtomCount_calc,28.38,32.0,23.0,34.0,5.7,5.5,1.25,9.75
raw::cLogP,raw_property,cLogP,56.06060606060606,50,50,HeteroatomCount,4.14,4.0,3.0,5.0,-1.44,-1.0,-2.0,0.0
raw::cLogP,raw_property,cLogP,56.06060606060606,50,50,RingCount_calc,2.5,2.0,1.25,3.75,-0.26,0.0,-1.0,1.0
raw::cLogP,raw_property,cLogP,56.06060606060606,50,50,AromaticRingCount_calc,0.5,0.0,0.0,1.0,-1.58,-2.0,-2.0,-1.0
raw::cLogP,raw_property,cLogP,56.06060606060606,50,50,BondCount,29.84,33.0,23.25,36.0,5.4,5.5,0.25,10.0
raw::cLogP,raw_property,cLogP,56.06060606060606,50,50,BranchPointCount,7.06,7.0,4.25,10.0,-0.08,0.0,-2.0,3.0
raw::cLogP,raw_property,cLogP,56.06060606060606,50,50,AromaticAtomFraction,0.1300892071706351,0.0,0.0,0.20517241379310344,-0.382499416308413,-0.38278388278388276,-0.5,-0.23934782608695654
raw::cLogP,raw_property,cLogP,56.06060606060606,50,50,AromaticBondFraction,0.12563027240913488,0.0,0.0,0.19203629032258063,-0.361728775988764,-0.37238165060745704,-0.4675245098039216,-0.2509920634920635
raw::cLogP,raw_property,cLogP,59.09090909090909,50,50,MolWt,402.1213200000002,444.0965000000002,312.9565,492.4762500000002,77.39936000000007,78.63950000000007,17.07075000000006,145.73075000000009
raw::cLogP,raw_property,cLogP,59.09090909090909,50,50,CarbonCount,23.86,26.0,19.0,29.75,6.76,7.5,2.25,10.75
raw::cLogP,raw_property,cLogP,59.09090909090909,50,50,HeavyAtomCount_calc,27.72,31.0,22.25,34.0,5.04,6.0,1.0,10.0
raw::cLogP,raw_property,cLogP,59.09090909090909,50,50,HeteroatomCount,3.86,3.5,3.0,5.0,-1.72,-1.0,-2.75,0.0
raw::cLogP,raw_property,cLogP,59.09090909090909,50,50,RingCount_calc,2.44,2.0,1.0,4.0,-0.32,0.0,-1.0,1.0
raw::cLogP,raw_property,cLogP,59.09090909090909,50,50,AromaticRingCount_calc,0.54,0.0,0.0,1.0,-1.54,-2.0,-2.0,-1.0
raw::cLogP,raw_property,cLogP,59.09090909090909,50,50,BondCount,29.1,32.5,22.25,37.0,4.66,5.0,0.0,11.0
raw::cLogP,raw_property,cLogP,59.09090909090909,50,50,BranchPointCount,6.78,7.0,4.0,9.75,-0.36,0.0,-3.0,2.0
raw::cLogP,raw_property,cLogP,59.09090909090909,50,50,AromaticAtomFraction,0.13076703311083546,0.0,0.0,0.23922413793103448,-0.3818215903682126,-0.38278388278388276,-0.5,-0.2468103448275862
raw::cLogP,raw_property,cLogP,59.09090909090909,50,50,AromaticBondFraction,0.12641397532870072,0.0,0.0,0.22601867572156195,-0.36094507306919815,-0.3850186877076412,-0.46759634888438134,-0.2551691729323308
raw::cLogP,raw_property,cLogP,62.121212121212125,50,50,MolWt,395.2120600000001,430.6105000000002,291.40774999999996,500.8517500000002,70.49010000000008,71.61350000000003,10.60600000000003,161.5325000000003
raw::cLogP,raw_property,cLogP,62.121212121212125,50,50,CarbonCount,23.88,26.0,18.25,31.0,6.78,7.0,2.0,12.0
raw::cLogP,raw_property,cLogP,62.121212121212125,50,50,HeavyAtomCount_calc,27.46,30.0,21.25,35.0,4.78,5.5,1.0,10.0
raw::cLogP,raw_property,cLogP,62.121212121212125,50,50,HeteroatomCount,3.58,3.5,2.0,5.0,-2.0,-2.0,-3.0,-1.0
raw::cLogP,raw_property,cLogP,62.121212121212125,50,50,RingCount_calc,2.42,2.0,1.0,4.0,-0.34,0.0,-1.0,1.0
raw::cLogP,raw_property,cLogP,62.121212121212125,50,50,AromaticRingCount_calc,0.58,0.0,0.0,1.0,-1.5,-1.0,-2.0,-1.0
raw::cLogP,raw_property,cLogP,62.121212121212125,50,50,BondCount,28.84,32.5,22.0,38.0,4.4,5.0,0.0,11.0
raw::cLogP,raw_property,cLogP,62.121212121212125,50,50,BranchPointCount,6.72,7.0,4.0,9.75,-0.42,-1.0,-2.0,2.0
raw::cLogP,raw_property,cLogP,62.121212121212125,50,50,AromaticAtomFraction,0.13376274400759527,0.0,0.0,0.25,-0.3788258794714528,-0.38278388278388276,-0.5,-0.2543103448275862
raw::cLogP,raw_property,cLogP,62.121212121212125,50,50,AromaticBondFraction,0.1290038777012461,0.0,0.0,0.2353238866396761,-0.3583551706966528,-0.3754058441558441,-0.4776470588235294,-0.2551691729323308
raw::cLogP,raw_property,cLogP,65.15151515151516,50,50,MolWt,420.9828000000002,466.55100000000016,317.3760000000001,514.6492500000003,96.26084000000006,113.80700000000013,30.781250000000043,169.80200000000016
raw::cLogP,raw_property,cLogP,65.15151515151516,50,50,CarbonCount,25.34,28.0,19.5,32.75,8.24,10.0,2.0,12.75
raw::cLogP,raw_property,cLogP,65.15151515151516,50,50,HeavyAtomCount_calc,29.08,33.5,23.0,36.0,6.4,7.5,1.25,11.0
raw::cLogP,raw_property,cLogP,65.15151515151516,50,50,HeteroatomCount,3.74,4.0,2.0,5.0,-1.84,-2.0,-2.0,-0.25
raw::cLogP,raw_property,cLogP,65.15151515151516,50,50,RingCount_calc,2.58,2.0,1.0,4.0,-0.18,0.0,-1.0,1.0
raw::cLogP,raw_property,cLogP,65.15151515151516,50,50,AromaticRingCount_calc,0.54,0.0,0.0,1.0,-1.54,-2.0,-2.0,-1.0
raw::cLogP,raw_property,cLogP,65.15151515151516,50,50,BondCount,30.52,34.5,24.0,38.75,6.08,7.5,0.25,11.0
raw::cLogP,raw_property,cLogP,65.15151515151516,50,50,BranchPointCount,7.06,8.0,5.0,9.0,-0.08,0.0,-2.0,3.0
raw::cLogP,raw_property,cLogP,65.15151515151516,50,50,AromaticAtomFraction,0.1170155481681487,0.0,0.0,0.17521008403361346,-0.3955730753108993,-0.4126811594202899,-0.520336605890603,-0.266617294634536
raw::cLogP,raw_property,cLogP,65.15151515151516,50,50,AromaticBondFraction,0.11229067482942177,0.0,0.0,0.16911196911196913,-0.37506837356847716,-0.39285714285714285,-0.4952485380116959,-0.2688858971753708
raw::cLogP,raw_property,cLogP,68.18181818181819,50,50,MolWt,441.2625400000002,474.1775000000003,338.74075000000005,524.2715000000002,116.54058000000005,135.1060000000001,48.69800000000002,194.38475
raw::cLogP,raw_property,cLogP,68.18181818181819,50,50,CarbonCount,26.8,29.0,23.0,32.0,9.7,10.5,5.5,15.0
raw::cLogP,raw_property,cLogP,68.18181818181819,50,50,HeavyAtomCount_calc,30.24,34.0,24.5,36.0,7.56,8.0,4.0,13.0
raw::cLogP,raw_property,cLogP,68.18181818181819,50,50,HeteroatomCount,3.44,3.0,2.25,5.0,-2.14,-2.0,-3.0,0.0
raw::cLogP,raw_property,cLogP,68.18181818181819,50,50,RingCount_calc,2.7,3.0,1.0,4.0,-0.06,0.0,-1.0,1.0
raw::cLogP,raw_property,cLogP,68.18181818181819,50,50,AromaticRingCount_calc,0.44,0.0,0.0,1.0,-1.64,-2.0,-2.0,-1.0
raw::cLogP,raw_property,cLogP,68.18181818181819,50,50,BondCount,31.84,35.0,25.25,38.75,7.4,8.0,3.25,13.0
raw::cLogP,raw_property,cLogP,68.18181818181819,50,50,BranchPointCount,7.4,8.0,5.0,9.75,0.26,1.0,-2.0,3.0
raw::cLogP,raw_property,cLogP,68.18181818181819,50,50,AromaticAtomFraction,0.09561253751113113,0.0,0.0,0.17142857142857143,-0.416976085967917,-0.43167701863354035,-0.520336605890603,-0.2948275862068966
raw::cLogP,raw_property,cLogP,68.18181818181819,50,50,AromaticBondFraction,0.09276904525583951,0.0,0.0,0.15789473684210525,-0.3945900031420594,-0.41522988505747127,-0.495,-0.28928571428571426
raw::cLogP,raw_property,cLogP,71.21212121212122,50,50,MolWt,446.31550000000016,480.2220000000002,385.5830000000002,516.0770000000002,121.5935400000001,132.8430000000001,48.38600000000004,207.0864999999998
raw::cLogP,raw_property,cLogP,71.21212121212122,50,50,CarbonCount,27.48,30.0,24.5,32.0,10.38,11.0,7.0,15.75
raw::cLogP,raw_property,cLogP,71.21212121212122,50,50,HeavyAtomCount_calc,30.88,34.0,28.0,36.0,8.2,9.0,4.0,14.0
raw::cLogP,raw_property,cLogP,71.21212121212122,50,50,HeteroatomCount,3.4,3.0,2.0,5.0,-2.18,-2.0,-3.0,-1.0
raw::cLogP,raw_property,cLogP,71.21212121212122,50,50,RingCount_calc,2.8,2.5,2.0,4.0,0.04,0.0,-1.0,1.0
raw::cLogP,raw_property,cLogP,71.21212121212122,50,50,AromaticRingCount_calc,0.48,0.0,0.0,1.0,-1.6,-2.0,-2.0,-1.0
raw::cLogP,raw_property,cLogP,71.21212121212122,50,50,BondCount,32.58,35.0,31.0,38.0,8.14,9.0,3.25,14.75
raw::cLogP,raw_property,cLogP,71.21212121212122,50,50,BranchPointCount,7.52,8.0,6.0,10.0,0.38,1.0,-2.0,3.0
raw::cLogP,raw_property,cLogP,71.21212121212122,50,50,AromaticAtomFraction,0.0997722966744934,0.0,0.0,0.16911196911196913,-0.4128163268045547,-0.42374005305039786,-0.5142897566496887,-0.30321637426900583
raw::cLogP,raw_property,cLogP,71.21212121212122,50,50,AromaticBondFraction,0.0972553686644123,0.0,0.0,0.15789473684210525,-0.39010367973348664,-0.39642857142857146,-0.4866666666666666,-0.2927252826137569
raw::cLogP,raw_property,cLogP,74.24242424242425,50,50,MolWt,462.1642400000001,492.87950000000023,408.62900000000013,526.3782500000001,137.4422800000001,155.4605000000001,68.68150000000006,218.151
raw::cLogP,raw_property,cLogP,74.24242424242425,50,50,CarbonCount,28.38,30.0,26.0,32.0,11.28,12.0,8.0,15.75
raw::cLogP,raw_property,cLogP,74.24242424242425,50,50,HeavyAtomCount_calc,31.68,34.0,28.0,36.0,9.0,9.5,5.25,14.75
raw::cLogP,raw_property,cLogP,74.24242424242425,50,50,HeteroatomCount,3.3,3.0,2.0,4.75,-2.28,-2.0,-3.0,-1.0
raw::cLogP,raw_property,cLogP,74.24242424242425,50,50,RingCount_calc,2.8,3.0,2.0,4.0,0.04,0.0,-1.0,1.0
raw::cLogP,raw_property,cLogP,74.24242424242425,50,50,AromaticRingCount_calc,0.4,0.0,0.0,1.0,-1.68,-2.0,-2.0,-1.0
raw::cLogP,raw_property,cLogP,74.24242424242425,50,50,BondCount,33.34,35.0,29.5,38.0,8.9,9.0,5.0,15.0
raw::cLogP,raw_property,cLogP,74.24242424242425,50,50,BranchPointCount,7.64,8.0,6.0,10.0,0.5,1.0,-1.75,3.0
raw::cLogP,raw_property,cLogP,74.24242424242425,50,50,AromaticAtomFraction,0.09264815266685336,0.0,0.0,0.17023809523809524,-0.41994047081219477,-0.42374005305039786,-0.520336605890603,-0.31586905772495755
raw::cLogP,raw_property,cLogP,74.24242424242425,50,50,AromaticBondFraction,0.08845570889720891,0.0,0.0,0.15789473684210525,-0.39890333950069,-0.40689655172413797,-0.495,-0.3125
raw::cLogP,raw_property,cLogP,77.27272727272728,50,50,MolWt,468.26110000000017,492.0680000000001,417.0355000000001,542.1970000000001,143.53914000000006,155.4605000000001,89.7330000000001,224.64125000000033
raw::cLogP,raw_property,cLogP,77.27272727272728,50,50,CarbonCount,29.04,31.0,26.0,33.0,11.94,13.0,9.25,17.0
raw::cLogP,raw_property,cLogP,77.27272727272728,50,50,HeavyAtomCount_calc,32.3,35.0,29.25,36.75,9.62,10.0,7.0,14.75
raw::cLogP,raw_property,cLogP,77.27272727272728,50,50,HeteroatomCount,3.26,3.5,2.0,4.0,-2.32,-2.0,-3.0,-1.0
raw::cLogP,raw_property,cLogP,77.27272727272728,50,50,RingCount_calc,3.04,3.0,2.0,4.0,0.28,1.0,-1.0,2.0
raw::cLogP,raw_property,cLogP,77.27272727272728,50,50,AromaticRingCount_calc,0.46,0.0,0.0,1.0,-1.62,-2.0,-2.0,-1.0
raw::cLogP,raw_property,cLogP,77.27272727272728,50,50,BondCount,34.16,37.0,32.0,39.0,9.72,10.5,5.5,15.75
raw::cLogP,raw_property,cLogP,77.27272727272728,50,50,BranchPointCount,8.08,8.0,6.25,10.0,0.94,1.0,-1.0,3.0
raw::cLogP,raw_property,cLogP,77.27272727272728,50,50,AromaticAtomFraction,0.09089269229653707,0.0,0.0,0.16216216216216217,-0.42169593118251103,-0.42374005305039786,-0.520336605890603,-0.3266250303177298
raw::cLogP,raw_property,cLogP,77.27272727272728,50,50,AromaticBondFraction,0.08624557251101363,0.0,0.0,0.15592105263157893,-0.4011134758868853,-0.40689655172413797,-0.495,-0.29735576923076923
raw::cLogP,raw_property,cLogP,80.30303030303031,50,50,MolWt,461.7799400000002,495.1170000000002,397.09325000000024,541.7127500000001,137.05798000000007,143.2525000000002,84.75400000000006,210.65550000000007
raw::cLogP,raw_property,cLogP,80.30303030303031,50,50,CarbonCount,29.06,31.0,26.0,33.0,11.96,13.0,9.25,18.0
raw::cLogP,raw_property,cLogP,80.30303030303031,50,50,HeavyAtomCount_calc,32.08,35.0,28.0,37.0,9.4,10.0,7.0,15.75
raw::cLogP,raw_property,cLogP,80.30303030303031,50,50,HeteroatomCount,3.02,3.0,2.0,4.0,-2.56,-2.0,-3.0,-1.0
raw::cLogP,raw_property,cLogP,80.30303030303031,50,50,RingCount_calc,3.06,3.0,2.0,4.0,0.3,0.0,-1.0,1.0
raw::cLogP,raw_property,cLogP,80.30303030303031,50,50,AromaticRingCount_calc,0.42,0.0,0.0,1.0,-1.66,-2.0,-2.0,-1.0
raw::cLogP,raw_property,cLogP,80.30303030303031,50,50,BondCount,33.98,37.5,28.25,39.0,9.54,10.0,5.25,16.75
raw::cLogP,raw_property,cLogP,80.30303030303031,50,50,BranchPointCount,8.16,8.5,6.0,10.0,1.02,1.0,-1.75,4.0
raw::cLogP,raw_property,cLogP,80.30303030303031,50,50,AromaticAtomFraction,0.08362096762839798,0.0,0.0,0.16216216216216217,-0.4289676558506501,-0.42857142857142855,-0.520336605890603,-0.3266250303177298
raw::cLogP,raw_property,cLogP,80.30303030303031,50,50,AromaticBondFraction,0.0790683706528795,0.0,0.0,0.15384615384615385,-0.4082906777450194,-0.40689655172413797,-0.495,-0.3171383378932968
raw::cLogP,raw_property,cLogP,83.33333333333334,50,50,MolWt,467.1595200000001,495.456,399.2592500000001,551.0935000000002,142.43756000000008,160.77050000000008,85.77300000000004,234.56499999999988
raw::cLogP,raw_property,cLogP,83.33333333333334,50,50,CarbonCount,29.22,31.0,24.5,34.0,12.12,14.0,10.0,17.0
raw::cLogP,raw_property,cLogP,83.33333333333334,50,50,HeavyAtomCount_calc,32.04,35.0,28.0,38.0,9.36,10.0,7.0,14.75
raw::cLogP,raw_property,cLogP,83.33333333333334,50,50,HeteroatomCount,2.82,3.0,2.0,4.0,-2.76,-2.5,-4.0,-1.0
raw::cLogP,raw_property,cLogP,83.33333333333334,50,50,RingCount_calc,3.04,3.0,2.0,4.0,0.28,1.0,-1.0,1.0
raw::cLogP,raw_property,cLogP,83.33333333333334,50,50,AromaticRingCount_calc,0.36,0.0,0.0,1.0,-1.72,-2.0,-2.0,-1.0
raw::cLogP,raw_property,cLogP,83.33333333333334,50,50,BondCount,33.94,37.0,29.25,41.0,9.5,10.5,5.5,15.75
raw::cLogP,raw_property,cLogP,83.33333333333334,50,50,BranchPointCount,8.02,8.0,6.0,11.0,0.88,1.0,-1.0,3.75
raw::cLogP,raw_property,cLogP,83.33333333333334,50,50,AromaticAtomFraction,0.0705548999480888,0.0,0.0,0.14821428571428572,-0.44203372353095927,-0.452991452991453,-0.5280112044817927,-0.33346774193548384
raw::cLogP,raw_property,cLogP,83.33333333333334,50,50,AromaticBondFraction,0.06660859054941529,0.0,0.0,0.13874207188160675,-0.42075045784848364,-0.42857142857142855,-0.5018939393939393,-0.3333333333333333
raw::cLogP,raw_property,cLogP,86.36363636363637,50,50,MolWt,483.5848000000001,510.71650000000017,447.84625000000017,540.4780000000002,158.86284000000006,166.7530000000001,112.23700000000012,243.57324999999977
raw::cLogP,raw_property,cLogP,86.36363636363637,50,50,CarbonCount,30.9,32.5,28.0,35.0,13.8,14.5,12.0,18.75
raw::cLogP,raw_property,cLogP,86.36363636363637,50,50,HeavyAtomCount_calc,33.78,36.0,32.25,38.0,11.1,11.5,8.0,16.0
raw::cLogP,raw_property,cLogP,86.36363636363637,50,50,HeteroatomCount,2.88,3.0,2.0,4.0,-2.7,-2.0,-4.0,-1.0
raw::cLogP,raw_property,cLogP,86.36363636363637,50,50,RingCount_calc,3.14,3.0,2.0,4.0,0.38,0.0,0.0,1.0
raw::cLogP,raw_property,cLogP,86.36363636363637,50,50,AromaticRingCount_calc,0.36,0.0,0.0,0.75,-1.72,-2.0,-2.0,-1.0
raw::cLogP,raw_property,cLogP,86.36363636363637,50,50,BondCount,35.74,38.0,33.25,40.75,11.3,11.5,8.0,17.5
raw::cLogP,raw_property,cLogP,86.36363636363637,50,50,BranchPointCount,8.16,8.0,6.25,10.0,1.02,1.5,-1.0,3.0
raw::cLogP,raw_property,cLogP,86.36363636363637,50,50,AromaticAtomFraction,0.07773618697424482,0.0,0.0,0.14547038327526132,-0.43485243650480326,-0.46153846153846156,-0.5280112044817927,-0.3333333333333333
raw::cLogP,raw_property,cLogP,86.36363636363637,50,50,AromaticBondFraction,0.07382769309699755,0.0,0.0,0.13488142292490118,-0.41353135530090135,-0.4444444444444444,-0.5237691001697793,-0.3177083333333333
raw::cLogP,raw_property,cLogP,89.3939393939394,50,50,MolWt,500.5927600000001,511.09000000000015,454.80475000000024,562.7412500000002,175.8708000000001,192.8620000000001,116.30675000000004,257.1655000000001
raw::cLogP,raw_property,cLogP,89.3939393939394,50,50,CarbonCount,32.04,33.0,29.25,36.0,14.94,15.5,12.0,20.75
raw::cLogP,raw_property,cLogP,89.3939393939394,50,50,HeavyAtomCount_calc,35.0,37.0,33.25,38.0,12.32,12.0,9.0,18.5
raw::cLogP,raw_property,cLogP,89.3939393939394,50,50,HeteroatomCount,2.96,3.0,2.0,4.0,-2.62,-2.0,-4.0,-1.0
raw::cLogP,raw_property,cLogP,89.3939393939394,50,50,RingCount_calc,3.42,3.0,2.25,4.0,0.66,1.0,0.0,2.0
raw::cLogP,raw_property,cLogP,89.3939393939394,50,50,AromaticRingCount_calc,0.44,0.0,0.0,1.0,-1.64,-2.0,-2.0,-1.0
raw::cLogP,raw_property,cLogP,89.3939393939394,50,50,BondCount,37.26,39.0,35.25,42.0,12.82,12.0,9.25,18.75
raw::cLogP,raw_property,cLogP,89.3939393939394,50,50,BranchPointCount,8.72,9.0,7.0,11.0,1.58,3.0,-1.0,4.0
raw::cLogP,raw_property,cLogP,89.3939393939394,50,50,AromaticAtomFraction,0.08725318279882824,0.0,0.0,0.15592105263157893,-0.42533544068021983,-0.4258241758241758,-0.5125,-0.3333333333333333
raw::cLogP,raw_property,cLogP,89.3939393939394,50,50,AromaticBondFraction,0.08066784314536482,0.0,0.0,0.14463981849120816,-0.4066912052525341,-0.40689655172413797,-0.5120967741935484,-0.29607371794871795
raw::cLogP,raw_property,cLogP,92.42424242424244,50,50,MolWt,516.1045200000001,532.1185000000003,495.25675000000035,565.9137500000002,191.3825600000001,199.80250000000015,128.57050000000012,275.6350000000003
raw::cLogP,raw_property,cLogP,92.42424242424244,50,50,CarbonCount,33.1,35.0,30.0,36.75,16.0,17.5,13.0,21.0
raw::cLogP,raw_property,cLogP,92.42424242424244,50,50,HeavyAtomCount_calc,36.04,37.5,34.0,39.75,13.36,15.0,9.25,20.0
raw::cLogP,raw_property,cLogP,92.42424242424244,50,50,HeteroatomCount,2.94,3.0,2.0,4.0,-2.64,-2.5,-4.0,-1.25
raw::cLogP,raw_property,cLogP,92.42424242424244,50,50,RingCount_calc,3.16,3.0,2.0,4.0,0.4,0.0,0.0,1.75
raw::cLogP,raw_property,cLogP,92.42424242424244,50,50,AromaticRingCount_calc,0.26,0.0,0.0,0.0,-1.82,-2.0,-2.0,-1.0
raw::cLogP,raw_property,cLogP,92.42424242424244,50,50,BondCount,38.1,39.0,36.0,42.0,13.66,16.0,9.0,21.0
raw::cLogP,raw_property,cLogP,92.42424242424244,50,50,BranchPointCount,8.52,9.0,7.0,10.0,1.38,2.0,0.0,4.0
raw::cLogP,raw_property,cLogP,92.42424242424244,50,50,AromaticAtomFraction,0.042534512167906,0.0,0.0,0.0,-0.470054111311142,-0.46153846153846156,-0.5501567398119123,-0.34375
raw::cLogP,raw_property,cLogP,92.42424242424244,50,50,AromaticBondFraction,0.03923252805819383,0.0,0.0,0.0,-0.44812652033970507,-0.4444444444444444,-0.5425411641929498,-0.3382352941176471
raw::cLogP,raw_property,cLogP,95.45454545454544,50,50,MolWt,530.6090000000002,553.1175000000003,506.80025000000023,580.7375000000002,205.8870400000001,219.87850000000003,151.7267500000001,279.7630000000002
raw::cLogP,raw_property,cLogP,95.45454545454544,50,50,CarbonCount,34.58,35.0,33.0,38.0,17.48,18.5,15.25,22.0
raw::cLogP,raw_property,cLogP,95.45454545454544,50,50,HeavyAtomCount_calc,37.32,38.0,36.0,40.0,14.64,16.0,10.0,20.0
raw::cLogP,raw_property,cLogP,95.45454545454544,50,50,HeteroatomCount,2.74,3.0,1.25,4.0,-2.84,-3.0,-4.0,-1.0
raw::cLogP,raw_property,cLogP,95.45454545454544,50,50,RingCount_calc,3.52,4.0,2.0,5.0,0.76,1.0,0.0,2.0
raw::cLogP,raw_property,cLogP,95.45454545454544,50,50,AromaticRingCount_calc,0.32,0.0,0.0,0.0,-1.76,-2.0,-2.0,-1.0
raw::cLogP,raw_property,cLogP,95.45454545454544,50,50,BondCount,39.78,41.0,37.0,43.75,15.34,16.5,11.0,21.0
raw::cLogP,raw_property,cLogP,95.45454545454544,50,50,BranchPointCount,9.32,9.5,7.25,11.0,2.18,3.0,0.0,4.0
raw::cLogP,raw_property,cLogP,95.45454545454544,50,50,AromaticAtomFraction,0.055101815441097435,0.0,0.0,0.0,-0.45748680803795067,-0.46153846153846156,-0.5501567398119123,-0.3333333333333333
raw::cLogP,raw_property,cLogP,95.45454545454544,50,50,AromaticBondFraction,0.05124852633224726,0.0,0.0,0.0,-0.4361105220656516,-0.4444444444444444,-0.5419034090909091,-0.3333333333333333
raw::cLogP,raw_property,cLogP,98.48484848484848,50,50,MolWt,522.2637600000003,527.4430000000002,493.2242500000003,567.825,197.5418000000001,188.36699999999993,109.27550000000011,274.3022500000002
raw::cLogP,raw_property,cLogP,98.48484848484848,50,50,CarbonCount,34.44,35.0,31.25,37.0,17.34,17.5,13.0,21.0
raw::cLogP,raw_property,cLogP,98.48484848484848,50,50,HeavyAtomCount_calc,37.12,38.0,34.25,40.0,14.44,14.5,8.25,19.0
raw::cLogP,raw_property,cLogP,98.48484848484848,50,50,HeteroatomCount,2.68,2.0,2.0,4.0,-2.9,-3.0,-4.0,-1.0
raw::cLogP,raw_property,cLogP,98.48484848484848,50,50,RingCount_calc,3.3,3.0,2.0,4.0,0.54,0.5,-0.75,2.0
raw::cLogP,raw_property,cLogP,98.48484848484848,50,50,AromaticRingCount_calc,0.22,0.0,0.0,0.0,-1.86,-2.0,-2.0,-1.0
raw::cLogP,raw_property,cLogP,98.48484848484848,50,50,BondCount,39.3,40.0,36.0,42.0,14.86,14.5,7.25,20.75
raw::cLogP,raw_property,cLogP,98.48484848484848,50,50,BranchPointCount,8.58,9.0,7.0,10.0,1.44,2.0,-1.0,3.75
raw::cLogP,raw_property,cLogP,98.48484848484848,50,50,AromaticAtomFraction,0.04226033615507299,0.0,0.0,0.0,-0.470328287323975,-0.4707692307692308,-0.5501567398119123,-0.34375
raw::cLogP,raw_property,cLogP,98.48484848484848,50,50,AromaticBondFraction,0.03924307862679955,0.0,0.0,0.0,-0.4481159697710993,-0.45079365079365075,-0.5419034090909091,-0.3382352941176471
raw::cLogP,raw_property,cLogP,101.5151515151515,50,50,MolWt,544.4070400000002,561.2020000000002,512.9587500000001,587.2862500000003,219.68508000000008,218.61850000000018,158.7890000000001,270.5535000000002
raw::cLogP,raw_property,cLogP,101.5151515151515,50,50,CarbonCount,36.12,37.0,32.0,40.0,19.02,19.0,16.0,22.0
raw::cLogP,raw_property,cLogP,101.5151515151515,50,50,HeavyAtomCount_calc,38.66,39.0,35.25,42.0,15.98,16.0,9.5,19.75
raw::cLogP,raw_property,cLogP,101.5151515151515,50,50,HeteroatomCount,2.54,2.0,1.25,3.0,-3.04,-3.0,-4.0,-1.0
raw::cLogP,raw_property,cLogP,101.5151515151515,50,50,RingCount_calc,3.34,3.0,2.0,4.75,0.58,1.0,-1.0,2.0
raw::cLogP,raw_property,cLogP,101.5151515151515,50,50,AromaticRingCount_calc,0.36,0.0,0.0,0.75,-1.72,-2.0,-2.0,-1.0
raw::cLogP,raw_property,cLogP,101.5151515151515,50,50,BondCount,40.82,41.0,37.0,44.75,16.38,17.0,9.25,20.75
raw::cLogP,raw_property,cLogP,101.5151515151515,50,50,BranchPointCount,8.72,9.0,7.25,11.0,1.58,2.0,-1.0,4.0
raw::cLogP,raw_property,cLogP,101.5151515151515,50,50,AromaticAtomFraction,0.05919762407882793,0.0,0.0,0.07894736842105263,-0.45339099940022015,-0.46153846153846156,-0.5461460446247465,-0.3333333333333333
raw::cLogP,raw_property,cLogP,101.5151515151515,50,50,AromaticBondFraction,0.055240392581586174,0.0,0.0,0.07500000000000001,-0.4321186558163127,-0.4365079365079365,-0.5302204457364341,-0.31145833333333334
raw::cLogP,raw_property,cLogP,104.54545454545452,50,50,MolWt,551.7617000000001,557.2910000000002,512.9660000000002,600.9505000000001,227.03974000000005,228.59900000000007,130.02849999999998,273.043
raw::cLogP,raw_property,cLogP,104.54545454545452,50,50,CarbonCount,36.7,37.0,33.0,40.75,19.6,20.0,16.25,23.75
raw::cLogP,raw_property,cLogP,104.54545454545452,50,50,HeavyAtomCount_calc,39.06,39.0,35.25,42.0,16.38,16.0,9.5,21.0
raw::cLogP,raw_property,cLogP,104.54545454545452,50,50,HeteroatomCount,2.36,2.0,1.25,3.0,-3.22,-3.0,-4.0,-1.25
raw::cLogP,raw_property,cLogP,104.54545454545452,50,50,RingCount_calc,3.14,3.0,2.0,5.0,0.38,0.0,-1.0,2.0
raw::cLogP,raw_property,cLogP,104.54545454545452,50,50,AromaticRingCount_calc,0.32,0.0,0.0,0.0,-1.76,-2.0,-2.0,-1.0
raw::cLogP,raw_property,cLogP,104.54545454545452,50,50,BondCount,41.12,42.0,37.25,45.0,16.68,17.0,8.75,21.75
raw::cLogP,raw_property,cLogP,104.54545454545452,50,50,BranchPointCount,8.26,9.0,7.0,10.0,1.12,1.0,-1.0,3.0
raw::cLogP,raw_property,cLogP,104.54545454545452,50,50,AromaticAtomFraction,0.046427552028960664,0.0,0.0,0.0,-0.4661610714500874,-0.47863636363636364,-0.5501567398119123,-0.3649038461538462
raw::cLogP,raw_property,cLogP,104.54545454545452,50,50,AromaticBondFraction,0.04336561343732024,0.0,0.0,0.0,-0.4439934349605787,-0.45138888888888884,-0.5419034090909091,-0.3408687732636414
raw::cLogP,raw_property,cLogP,107.57575757575756,50,50,MolWt,609.3258000000001,561.3030000000001,515.9770000000001,616.1190000000001,284.60384,224.35800000000006,146.51875000000004,313.01800000000026
raw::cLogP,raw_property,cLogP,107.57575757575756,50,50,CarbonCount,41.12,37.5,34.0,40.0,24.02,20.5,15.25,26.0
raw::cLogP,raw_property,cLogP,107.57575757575756,50,50,HeavyAtomCount_calc,43.48,41.0,37.25,42.0,20.8,17.5,10.25,24.0
raw::cLogP,raw_property,cLogP,107.57575757575756,50,50,HeteroatomCount,2.36,2.0,1.0,3.0,-3.22,-3.0,-4.0,-2.0
raw::cLogP,raw_property,cLogP,107.57575757575756,50,50,RingCount_calc,2.9,3.0,2.0,4.0,0.14,0.0,-1.0,1.0
raw::cLogP,raw_property,cLogP,107.57575757575756,50,50,AromaticRingCount_calc,0.18,0.0,0.0,0.0,-1.9,-2.0,-2.75,-1.0
raw::cLogP,raw_property,cLogP,107.57575757575756,50,50,BondCount,45.34,42.5,39.0,45.0,20.9,18.0,10.25,25.0
raw::cLogP,raw_property,cLogP,107.57575757575756,50,50,BranchPointCount,8.26,8.5,6.0,10.0,1.12,1.0,-1.0,3.0
raw::cLogP,raw_property,cLogP,107.57575757575756,50,50,AromaticAtomFraction,0.031648164304292424,0.0,0.0,0.0,-0.48094045917475564,-0.47863636363636364,-0.6321428571428571,-0.37092391304347827
raw::cLogP,raw_property,cLogP,107.57575757575756,50,50,AromaticBondFraction,0.02939259101916909,0.0,0.0,0.0,-0.4579664573787299,-0.4599358974358974,-0.5863636363636363,-0.3382352941176471
raw::cLogP,raw_property,cLogP,110.60606060606062,50,50,MolWt,656.7733600000001,576.4805000000001,523.1847500000002,636.9257500000002,332.05140000000006,272.54150000000004,177.53900000000007,359.79000000000025
raw::cLogP,raw_property,cLogP,110.60606060606062,50,50,CarbonCount,45.08,39.0,35.0,43.75,27.98,22.0,18.0,26.75
raw::cLogP,raw_property,cLogP,110.60606060606062,50,50,HeavyAtomCount_calc,47.42,42.0,38.0,46.0,24.74,20.0,13.25,25.0
raw::cLogP,raw_property,cLogP,110.60606060606062,50,50,HeteroatomCount,2.34,2.0,1.0,3.0,-3.24,-3.0,-4.0,-2.0
raw::cLogP,raw_property,cLogP,110.60606060606062,50,50,RingCount_calc,2.98,3.0,2.0,4.0,0.22,0.0,-1.0,1.0
raw::cLogP,raw_property,cLogP,110.60606060606062,50,50,AromaticRingCount_calc,0.16,0.0,0.0,0.0,-1.92,-2.0,-2.0,-1.0
raw::cLogP,raw_property,cLogP,110.60606060606062,50,50,BondCount,49.32,43.5,41.0,47.75,24.88,19.5,13.25,26.75
raw::cLogP,raw_property,cLogP,110.60606060606062,50,50,BranchPointCount,8.4,9.0,7.0,10.75,1.26,1.5,-1.0,3.0
raw::cLogP,raw_property,cLogP,110.60606060606062,50,50,AromaticAtomFraction,0.0249981099544802,0.0,0.0,0.0,-0.4875905135245679,-0.48193548387096774,-0.6321428571428571,-0.37092391304347827
raw::cLogP,raw_property,cLogP,110.60606060606062,50,50,AromaticBondFraction,0.0236528772444315,0.0,0.0,0.0,-0.4637061711534674,-0.45939922480620154,-0.6100478468899522,-0.3382352941176471
raw::cLogP,raw_property,cLogP,113.63636363636364,50,50,MolWt,699.15062,596.2110000000002,536.0082500000001,639.8505000000004,374.42866000000004,271.96799999999996,182.7610000000002,396.8685000000002
raw::cLogP,raw_property,cLogP,113.63636363636364,50,50,CarbonCount,48.38,40.5,36.0,46.5,31.28,24.0,20.0,28.0
raw::cLogP,raw_property,cLogP,113.63636363636364,50,50,HeavyAtomCount_calc,50.7,42.5,39.0,47.75,28.02,21.0,15.0,28.0
raw::cLogP,raw_property,cLogP,113.63636363636364,50,50,HeteroatomCount,2.32,2.0,1.0,3.0,-3.26,-3.0,-4.0,-2.0
raw::cLogP,raw_property,cLogP,113.63636363636364,50,50,RingCount_calc,3.02,2.0,2.0,4.0,0.26,0.0,-1.0,2.0
raw::cLogP,raw_property,cLogP,113.63636363636364,50,50,AromaticRingCount_calc,0.2,0.0,0.0,0.0,-1.88,-2.0,-2.0,-1.0
raw::cLogP,raw_property,cLogP,113.63636363636364,50,50,BondCount,52.6,45.5,40.25,50.75,28.16,21.0,16.0,29.75
raw::cLogP,raw_property,cLogP,113.63636363636364,50,50,BranchPointCount,8.38,8.0,6.0,11.0,1.24,0.0,-1.0,4.0
raw::cLogP,raw_property,cLogP,113.63636363636364,50,50,AromaticAtomFraction,0.03284962353238065,0.0,0.0,0.0,-0.47973899994666747,-0.48193548387096774,-0.636204481792717,-0.34239130434782605
raw::cLogP,raw_property,cLogP,113.63636363636364,50,50,AromaticBondFraction,0.030886213325942418,0.0,0.0,0.0,-0.45647283507195646,-0.4577380952380952,-0.6110257144390959,-0.3333333333333333
raw::cLogP,raw_property,cLogP,116.66666666666669,50,50,MolWt,759.6246800000001,611.4680000000003,554.2187500000002,750.6457499999999,434.90272000000004,296.01700000000005,250.12299999999982,428.3375000000003
raw::cLogP,raw_property,cLogP,116.66666666666669,50,50,CarbonCount,52.98,41.0,38.0,55.25,35.88,26.0,21.0,36.0
raw::cLogP,raw_property,cLogP,116.66666666666669,50,50,HeavyAtomCount_calc,55.16,43.0,40.0,56.25,32.48,23.0,16.5,30.75
raw::cLogP,raw_property,cLogP,116.66666666666669,50,50,HeteroatomCount,2.18,2.0,1.0,3.0,-3.4,-3.0,-5.0,-2.0
raw::cLogP,raw_property,cLogP,116.66666666666669,50,50,RingCount_calc,3.18,3.0,2.0,4.0,0.42,0.5,-1.0,1.75
raw::cLogP,raw_property,cLogP,116.66666666666669,50,50,AromaticRingCount_calc,0.12,0.0,0.0,0.0,-1.96,-2.0,-3.0,-1.0
raw::cLogP,raw_property,cLogP,116.66666666666669,50,50,BondCount,57.24,45.0,42.25,59.5,32.8,23.0,17.25,30.75
raw::cLogP,raw_property,cLogP,116.66666666666669,50,50,BranchPointCount,8.58,8.0,6.0,11.0,1.44,2.0,-1.0,3.0
raw::cLogP,raw_property,cLogP,116.66666666666669,50,50,AromaticAtomFraction,0.015647960734917258,0.0,0.0,0.0,-0.49694066274413085,-0.49193548387096775,-0.6520935960591133,-0.37740384615384615
raw::cLogP,raw_property,cLogP,116.66666666666669,50,50,AromaticBondFraction,0.014663271885156384,0.0,0.0,0.0,-0.47269577651274247,-0.47058823529411764,-0.6236842105263157,-0.356060606060606
raw::cLogP,raw_property,cLogP,119.69696969696967,50,50,MolWt,778.7341000000001,597.8375000000002,544.4947500000001,799.3424999999995,454.01214,310.4815000000003,198.80400000000023,470.78674999999987
raw::cLogP,raw_property,cLogP,119.69696969696967,50,50,CarbonCount,54.82,42.0,38.0,57.0,37.72,25.5,21.0,38.0
raw::cLogP,raw_property,cLogP,119.69696969696967,50,50,HeavyAtomCount_calc,56.68,43.0,40.0,58.75,34.0,24.0,16.25,35.5
raw::cLogP,raw_property,cLogP,119.69696969696967,50,50,HeteroatomCount,1.86,2.0,1.0,2.0,-3.72,-3.5,-5.0,-2.0
raw::cLogP,raw_property,cLogP,119.69696969696967,50,50,RingCount_calc,2.8,3.0,2.0,4.0,0.04,0.0,-1.0,1.0
raw::cLogP,raw_property,cLogP,119.69696969696967,50,50,AromaticRingCount_calc,0.08,0.0,0.0,0.0,-2.0,-2.0,-3.0,-1.0
raw::cLogP,raw_property,cLogP,119.69696969696967,50,50,BondCount,58.38,46.0,41.0,58.75,33.94,23.5,17.0,34.75
raw::cLogP,raw_property,cLogP,119.69696969696967,50,50,BranchPointCount,7.82,8.0,6.0,10.0,0.68,0.0,-1.0,3.0
raw::cLogP,raw_property,cLogP,119.69696969696967,50,50,AromaticAtomFraction,0.015370267099975,0.0,0.0,0.0,-0.49721835637907313,-0.49193548387096775,-0.6520935960591133,-0.38846153846153847
raw::cLogP,raw_property,cLogP,119.69696969696967,50,50,AromaticBondFraction,0.014797482475107078,0.0,0.0,0.0,-0.47256156592279175,-0.4644607843137255,-0.6211394302848575,-0.37094155844155846
raw::cLogP,raw_property,cLogP,122.72727272727276,50,50,MolWt,817.0402799999999,605.755,553.5302500000001,853.0587499999995,492.31831999999997,333.5854999999999,226.9272500000002,489.5909999999998
raw::cLogP,raw_property,cLogP,122.72727272727276,50,50,CarbonCount,57.62,42.0,39.0,61.0,40.52,28.0,21.25,40.5
raw::cLogP,raw_property,cLogP,122.72727272727276,50,50,HeavyAtomCount_calc,59.42,44.0,41.0,62.0,36.74,26.0,16.25,36.5
raw::cLogP,raw_property,cLogP,122.72727272727276,50,50,HeteroatomCount,1.8,2.0,1.0,2.75,-3.78,-3.0,-5.0,-2.0
raw::cLogP,raw_property,cLogP,122.72727272727276,50,50,RingCount_calc,2.7,3.0,1.0,4.0,-0.06,0.0,-1.0,1.0
raw::cLogP,raw_property,cLogP,122.72727272727276,50,50,AromaticRingCount_calc,0.16,0.0,0.0,0.0,-1.92,-2.0,-2.75,-1.0
raw::cLogP,raw_property,cLogP,122.72727272727276,50,50,BondCount,61.02,46.5,41.25,64.5,36.58,25.0,17.0,35.75
raw::cLogP,raw_property,cLogP,122.72727272727276,50,50,BranchPointCount,7.74,8.0,5.25,11.0,0.6,0.5,-2.0,4.0
raw::cLogP,raw_property,cLogP,122.72727272727276,50,50,AromaticAtomFraction,0.028388500631447336,0.0,0.0,0.0,-0.4842001228476008,-0.47270471464019853,-0.6428571428571429,-0.3533653846153846
raw::cLogP,raw_property,cLogP,122.72727272727276,50,50,AromaticBondFraction,0.027039226153020967,0.0,0.0,0.0,-0.460319822244878,-0.4444444444444444,-0.5976890756302521,-0.35073529411764703
raw::cLogP,raw_property,cLogP,125.75757575757576,50,50,MolWt,1002.0399000000001,670.2204999999999,573.8467500000003,1698.9477500000007,677.3179400000001,444.19299999999976,243.23499999999996,1330.2919999999995
raw::cLogP,raw_property,cLogP,125.75757575757576,50,50,CarbonCount,71.22,45.0,37.25,122.75,54.12,30.0,22.0,105.75
raw::cLogP,raw_property,cLogP,125.75757575757576,50,50,HeavyAtomCount_calc,72.96,47.0,41.0,124.0,50.28,29.0,17.5,98.75
raw::cLogP,raw_property,cLogP,125.75757575757576,50,50,HeteroatomCount,1.74,2.0,1.0,2.0,-3.84,-3.0,-5.0,-2.0
raw::cLogP,raw_property,cLogP,125.75757575757576,50,50,RingCount_calc,2.56,2.0,0.25,4.0,-0.2,-1.0,-2.0,1.0
raw::cLogP,raw_property,cLogP,125.75757575757576,50,50,AromaticRingCount_calc,0.08,0.0,0.0,0.0,-2.0,-2.0,-3.0,-1.0
raw::cLogP,raw_property,cLogP,125.75757575757576,50,50,BondCount,74.44,52.0,41.25,126.0,50.0,30.0,18.75,98.75
raw::cLogP,raw_property,cLogP,125.75757575757576,50,50,BranchPointCount,7.2,7.5,3.0,11.0,0.06,-0.5,-3.0,3.0
raw::cLogP,raw_property,cLogP,125.75757575757576,50,50,AromaticAtomFraction,0.007006412897515717,0.0,0.0,0.0,-0.5055822105815324,-0.49193548387096775,-0.6370907738095238,-0.4182692307692308
raw::cLogP,raw_property,cLogP,125.75757575757576,50,50,AromaticBondFraction,0.0067638386402237675,0.0,0.0,0.0,-0.48059520975767506,-0.47058823529411764,-0.5884615384615385,-0.3943035865745789
raw::cLogP,raw_property,cLogP,128.7878787878788,50,50,MolWt,964.29088,643.9055,568.3627500000001,1669.5572500000003,639.56892,375.1145000000002,230.22949999999986,1335.2105000000006
raw::cLogP,raw_property,cLogP,128.7878787878788,50,50,CarbonCount,68.86,45.5,38.25,122.75,51.76,30.5,23.0,104.75
raw::cLogP,raw_property,cLogP,128.7878787878788,50,50,HeavyAtomCount_calc,70.34,47.0,40.25,124.5,47.66,28.5,16.75,101.0
raw::cLogP,raw_property,cLogP,128.7878787878788,50,50,HeteroatomCount,1.48,1.0,1.0,2.0,-4.1,-3.5,-5.0,-2.25
raw::cLogP,raw_property,cLogP,128.7878787878788,50,50,RingCount_calc,2.3,2.0,1.0,4.0,-0.46,-0.5,-2.0,1.0
raw::cLogP,raw_property,cLogP,128.7878787878788,50,50,AromaticRingCount_calc,0.08,0.0,0.0,0.0,-2.0,-2.0,-3.0,-1.0
raw::cLogP,raw_property,cLogP,128.7878787878788,50,50,BondCount,71.52,49.5,42.25,128.0,47.08,30.0,17.5,101.0
raw::cLogP,raw_property,cLogP,128.7878787878788,50,50,BranchPointCount,6.22,6.0,3.0,9.0,-0.92,-1.0,-4.0,2.0
raw::cLogP,raw_property,cLogP,128.7878787878788,50,50,AromaticAtomFraction,0.009852753182081146,0.0,0.0,0.0,-0.5027358702969669,-0.49193548387096775,-0.6520935960591133,-0.4182692307692308
raw::cLogP,raw_property,cLogP,128.7878787878788,50,50,AromaticBondFraction,0.009553961568833903,0.0,0.0,0.0,-0.47780508682906503,-0.47058823529411764,-0.6236842105263157,-0.3943035865745789
raw::cLogP,raw_property,cLogP,131.8181818181818,50,50,MolWt,1073.31436,818.7154999999993,597.7597499999999,1694.9437500000004,748.5924,479.6664999999997,291.5712500000001,1384.3475000000003
raw::cLogP,raw_property,cLogP,131.8181818181818,50,50,CarbonCount,76.82,56.5,41.0,127.25,59.72,41.0,25.25,110.75
raw::cLogP,raw_property,cLogP,131.8181818181818,50,50,HeavyAtomCount_calc,78.24,58.0,42.25,128.25,55.56,35.0,22.5,105.75
raw::cLogP,raw_property,cLogP,131.8181818181818,50,50,HeteroatomCount,1.42,1.0,1.0,2.0,-4.16,-4.0,-5.0,-3.0
raw::cLogP,raw_property,cLogP,131.8181818181818,50,50,RingCount_calc,2.1,2.0,0.0,4.0,-0.66,-1.0,-2.0,1.0
raw::cLogP,raw_property,cLogP,131.8181818181818,50,50,AromaticRingCount_calc,0.12,0.0,0.0,0.0,-1.96,-2.0,-2.75,-1.0
raw::cLogP,raw_property,cLogP,131.8181818181818,50,50,BondCount,79.24,60.0,44.5,129.75,54.8,35.5,22.5,105.5
raw::cLogP,raw_property,cLogP,131.8181818181818,50,50,BranchPointCount,5.96,6.5,2.0,9.0,-1.18,-1.0,-5.0,2.0
raw::cLogP,raw_property,cLogP,131.8181818181818,50,50,AromaticAtomFraction,0.014050098895491706,0.0,0.0,0.0,-0.4985385245835564,-0.49193548387096775,-0.6520935960591133,-0.37740384615384615
raw::cLogP,raw_property,cLogP,131.8181818181818,50,50,AromaticBondFraction,0.01350463984189953,0.0,0.0,0.0,-0.47385440855599936,-0.45751633986928103,-0.6236842105263157,-0.36292016806722693
raw::cLogP,raw_property,cLogP,134.84848484848487,50,50,MolWt,1099.9704800000002,885.876999999999,563.2482500000004,1757.99,775.2485200000001,544.508999999999,222.66149999999988,1412.3115000000003
raw::cLogP,raw_property,cLogP,134.84848484848487,50,50,CarbonCount,79.1,60.0,39.25,130.75,62.0,41.5,22.0,111.5
raw::cLogP,raw_property,cLogP,134.84848484848487,50,50,HeavyAtomCount_calc,80.28,62.0,41.0,130.75,57.6,37.5,14.75,107.75
raw::cLogP,raw_property,cLogP,134.84848484848487,50,50,HeteroatomCount,1.18,1.0,0.25,2.0,-4.4,-4.0,-5.75,-3.0
raw::cLogP,raw_property,cLogP,134.84848484848487,50,50,RingCount_calc,1.84,1.0,0.0,4.0,-0.92,-2.0,-2.75,1.0
raw::cLogP,raw_property,cLogP,134.84848484848487,50,50,AromaticRingCount_calc,0.1,0.0,0.0,0.0,-1.98,-2.0,-2.75,-1.0
raw::cLogP,raw_property,cLogP,134.84848484848487,50,50,BondCount,81.0,63.0,42.25,133.0,56.56,38.0,14.0,105.5
raw::cLogP,raw_property,cLogP,134.84848484848487,50,50,BranchPointCount,5.38,5.0,2.0,9.0,-1.76,-2.5,-5.0,1.75
raw::cLogP,raw_property,cLogP,134.84848484848487,50,50,AromaticAtomFraction,0.008309006137608958,0.0,0.0,0.0,-0.5042796173414391,-0.49193548387096775,-0.6520935960591133,-0.41098484848484845
raw::cLogP,raw_property,cLogP,134.84848484848487,50,50,AromaticBondFraction,0.007945401889644807,0.0,0.0,0.0,-0.47941364650825413,-0.4644607843137255,-0.6161654135338346,-0.39464285714285713
raw::cLogP,raw_property,cLogP,137.87878787878788,50,50,MolWt,1170.6362000000001,1122.9714999999983,553.8107500000003,1862.5587500000006,845.9142400000002,753.6814999999983,175.7037500000003,1512.898
raw::cLogP,raw_property,cLogP,137.87878787878788,50,50,CarbonCount,84.2,80.5,39.75,135.75,67.1,62.5,18.75,116.75
raw::cLogP,raw_property,cLogP,137.87878787878788,50,50,HeavyAtomCount_calc,85.42,81.5,41.25,137.0,62.74,57.0,13.0,111.75
raw::cLogP,raw_property,cLogP,137.87878787878788,50,50,HeteroatomCount,1.22,1.0,0.0,2.0,-4.36,-4.0,-6.0,-3.0
raw::cLogP,raw_property,cLogP,137.87878787878788,50,50,RingCount_calc,1.62,1.0,0.0,3.0,-1.14,-2.0,-3.0,0.0
raw::cLogP,raw_property,cLogP,137.87878787878788,50,50,AromaticRingCount_calc,0.02,0.0,0.0,0.0,-2.06,-2.0,-3.0,-1.0
raw::cLogP,raw_property,cLogP,137.87878787878788,50,50,BondCount,86.0,81.5,43.25,137.75,61.56,55.0,13.5,112.75
raw::cLogP,raw_property,cLogP,137.87878787878788,50,50,BranchPointCount,4.92,4.0,2.0,8.0,-2.22,-3.5,-6.0,2.0
raw::cLogP,raw_property,cLogP,137.87878787878788,50,50,AromaticAtomFraction,0.004277660324171952,0.0,0.0,0.0,-0.5083109631548761,-0.5,-0.6520935960591133,-0.4182692307692308
raw::cLogP,raw_property,cLogP,137.87878787878788,50,50,AromaticBondFraction,0.00400375939849624,0.0,0.0,0.0,-0.48335528899940267,-0.47058823529411764,-0.6236842105263157,-0.39464285714285713
raw::cLogP,raw_property,cLogP,140.90909090909088,50,50,MolWt,1256.2654000000005,1588.0994999999994,571.8187500000001,1941.9357500000003,931.5434400000001,1197.9565000000002,237.40575,1590.5045000000005
raw::cLogP,raw_property,cLogP,140.90909090909088,50,50,CarbonCount,90.52,117.0,40.25,140.5,73.42,95.5,20.25,122.0
raw::cLogP,raw_property,cLogP,140.90909090909088,50,50,HeavyAtomCount_calc,91.54,118.0,42.25,140.75,68.86,92.0,16.5,117.0
raw::cLogP,raw_property,cLogP,140.90909090909088,50,50,HeteroatomCount,1.02,1.0,0.0,2.0,-4.56,-4.0,-6.0,-3.0
raw::cLogP,raw_property,cLogP,140.90909090909088,50,50,RingCount_calc,1.24,1.0,0.0,2.0,-1.52,-2.0,-3.0,0.0
raw::cLogP,raw_property,cLogP,140.90909090909088,50,50,AromaticRingCount_calc,0.06,0.0,0.0,0.0,-2.02,-2.0,-3.0,-1.0
raw::cLogP,raw_property,cLogP,140.90909090909088,50,50,BondCount,91.74,119.0,42.0,140.75,67.3,91.0,13.75,116.0
raw::cLogP,raw_property,cLogP,140.90909090909088,50,50,BranchPointCount,4.18,3.5,1.0,6.75,-2.96,-4.0,-6.0,0.0
raw::cLogP,raw_property,cLogP,140.90909090909088,50,50,AromaticAtomFraction,0.008589434785200144,0.0,0.0,0.0,-0.503999188693848,-0.49193548387096775,-0.6010535557506586,-0.4182692307692308
raw::cLogP,raw_property,cLogP,140.90909090909088,50,50,AromaticBondFraction,0.008341881260068948,0.0,0.0,0.0,-0.47901716713782994,-0.4644607843137255,-0.559721300597213,-0.39464285714285713
raw::cLogP,raw_property,cLogP,143.93939393939394,50,50,MolWt,1335.9966400000005,1722.0595000000003,604.85925,1973.1647500000004,1011.2746800000002,1426.9315,306.01500000000004,1604.08725
raw::cLogP,raw_property,cLogP,143.93939393939394,50,50,CarbonCount,96.28,128.5,45.5,142.0,79.18,111.5,29.25,124.0
raw::cLogP,raw_property,cLogP,143.93939393939394,50,50,HeavyAtomCount_calc,97.26,129.5,45.75,142.0,74.58,105.5,24.5,119.25
raw::cLogP,raw_property,cLogP,143.93939393939394,50,50,HeteroatomCount,0.98,1.0,0.0,1.75,-4.6,-4.0,-6.0,-3.0
raw::cLogP,raw_property,cLogP,143.93939393939394,50,50,RingCount_calc,1.34,1.0,0.0,2.75,-1.42,-2.0,-3.0,-1.0
raw::cLogP,raw_property,cLogP,143.93939393939394,50,50,AromaticRingCount_calc,0.02,0.0,0.0,0.0,-2.06,-2.0,-3.0,-1.0
raw::cLogP,raw_property,cLogP,143.93939393939394,50,50,BondCount,97.56,131.5,48.5,141.75,73.12,103.5,23.5,117.0
raw::cLogP,raw_property,cLogP,143.93939393939394,50,50,BranchPointCount,4.16,3.0,1.0,6.75,-2.98,-4.0,-6.0,0.0
raw::cLogP,raw_property,cLogP,143.93939393939394,50,50,AromaticAtomFraction,0.006550387596899226,0.0,0.0,0.0,-0.5060382358821489,-0.49193548387096775,-0.6520935960591133,-0.4041666666666667
raw::cLogP,raw_property,cLogP,143.93939393939394,50,50,AromaticBondFraction,0.0063981976907913265,0.0,0.0,0.0,-0.48096085070710765,-0.4644607843137255,-0.6236842105263157,-0.39285714285714285
raw::cLogP,raw_property,cLogP,146.96969696969694,50,50,MolWt,1403.6091600000002,1870.2040000000004,588.375,2010.2217500000008,1078.8872000000003,1515.7884999999997,355.8030000000003,1669.408750000001
raw::cLogP,raw_property,cLogP,146.96969696969694,50,50,CarbonCount,101.02,136.0,45.0,143.75,83.92,116.0,30.0,126.5
raw::cLogP,raw_property,cLogP,146.96969696969694,50,50,HeavyAtomCount_calc,101.82,137.0,45.0,144.5,79.14,111.0,27.0,120.0
raw::cLogP,raw_property,cLogP,146.96969696969694,50,50,HeteroatomCount,0.8,1.0,0.0,1.0,-4.78,-4.0,-6.0,-3.0
raw::cLogP,raw_property,cLogP,146.96969696969694,50,50,RingCount_calc,0.72,0.0,0.0,1.0,-2.04,-2.0,-3.0,-1.25
raw::cLogP,raw_property,cLogP,146.96969696969694,50,50,AromaticRingCount_calc,0.0,0.0,0.0,0.0,-2.08,-2.0,-3.0,-1.0
raw::cLogP,raw_property,cLogP,146.96969696969694,50,50,BondCount,101.54,136.0,44.5,143.75,77.1,108.5,27.25,117.75
raw::cLogP,raw_property,cLogP,146.96969696969694,50,50,BranchPointCount,3.04,2.0,1.0,5.75,-4.1,-5.0,-6.0,-2.0
raw::cLogP,raw_property,cLogP,146.96969696969694,50,50,AromaticAtomFraction,0.0,0.0,0.0,0.0,-0.512588623479048,-0.5,-0.6520935960591133,-0.4182692307692308
raw::cLogP,raw_property,cLogP,146.96969696969694,50,50,AromaticBondFraction,0.0,0.0,0.0,0.0,-0.4873590483978989,-0.47058823529411764,-0.6236842105263157,-0.39464285714285713
raw::cLogP,raw_property,cLogP,150.0,50,50,MolWt,1527.0816800000007,1906.409,899.4452499999999,2035.346000000001,1202.3597200000006,1553.2470000000003,524.18,1687.7587500000009
raw::cLogP,raw_property,cLogP,150.0,50,50,CarbonCount,110.48,139.0,65.25,146.0,93.38,119.5,42.75,129.0
raw::cLogP,raw_property,cLogP,150.0,50,50,HeavyAtomCount_calc,111.1,139.0,66.5,146.0,88.42,114.0,39.25,123.0
raw::cLogP,raw_property,cLogP,150.0,50,50,HeteroatomCount,0.62,1.0,0.0,1.0,-4.96,-4.5,-6.0,-3.0
raw::cLogP,raw_property,cLogP,150.0,50,50,RingCount_calc,0.82,0.0,0.0,1.0,-1.94,-2.0,-3.0,-1.0
raw::cLogP,raw_property,cLogP,150.0,50,50,AromaticRingCount_calc,0.02,0.0,0.0,0.0,-2.06,-2.0,-3.0,-1.0
raw::cLogP,raw_property,cLogP,150.0,50,50,BondCount,110.9,138.5,68.25,145.0,86.46,111.0,38.0,122.0
raw::cLogP,raw_property,cLogP,150.0,50,50,BranchPointCount,3.04,2.0,0.0,4.75,-4.1,-5.0,-7.0,-0.25
raw::cLogP,raw_property,cLogP,150.0,50,50,AromaticAtomFraction,0.0032181588902900383,0.0,0.0,0.0,-0.509370464588758,-0.5,-0.6428571428571429,-0.4182692307692308
raw::cLogP,raw_property,cLogP,150.0,50,50,AromaticBondFraction,0.003106980048546563,0.0,0.0,0.0,-0.4842520683493523,-0.47058823529411764,-0.6,-0.39464285714285713
residual::cLogP,residual_property,cLogP,-150.0,50,50,MolWt,280.00030000000004,251.17700000000002,190.65275,366.5750000000001,-44.72166000000003,-52.60049999999999,-159.2747500000001,66.52425000000001
residual::cLogP,residual_property,cLogP,-150.0,50,50,CarbonCount,7.34,7.0,5.0,9.0,-9.76,-10.0,-12.75,-5.25
residual::cLogP,residual_property,cLogP,-150.0,50,50,HeavyAtomCount_calc,19.22,17.0,13.25,25.0,-3.46,-3.5,-11.75,4.0
residual::cLogP,residual_property,cLogP,-150.0,50,50,HeteroatomCount,11.88,11.0,8.0,15.0,6.3,5.0,2.0,10.0
residual::cLogP,residual_property,cLogP,-150.0,50,50,RingCount_calc,0.48,0.0,0.0,1.0,-2.28,-2.0,-3.0,-1.0
residual::cLogP,residual_property,cLogP,-150.0,50,50,AromaticRingCount_calc,0.08,0.0,0.0,0.0,-2.0,-2.0,-2.75,-1.0
residual::cLogP,residual_property,cLogP,-150.0,50,50,BondCount,18.68,16.5,13.0,24.75,-5.76,-5.0,-14.0,1.75
residual::cLogP,residual_property,cLogP,-150.0,50,50,BranchPointCount,2.7,2.0,1.0,4.0,-4.44,-4.5,-7.0,-2.25
residual::cLogP,residual_property,cLogP,-150.0,50,50,AromaticAtomFraction,0.014142857142857141,0.0,0.0,0.0,-0.4984457663361909,-0.48193548387096774,-0.6520935960591133,-0.39464285714285713
residual::cLogP,residual_property,cLogP,-150.0,50,50,AromaticBondFraction,0.014642857142857141,0.0,0.0,0.0,-0.47271619125504183,-0.45138888888888884,-0.6236842105263157,-0.39285714285714285
residual::cLogP,residual_property,cLogP,-146.96969696969697,50,50,MolWt,298.99710000000005,267.7575,199.87599999999998,373.11800000000005,-25.724860000000017,-54.102499999999985,-140.51550000000012,73.05400000000003
residual::cLogP,residual_property,cLogP,-146.96969696969697,50,50,CarbonCount,8.1,8.0,5.25,10.0,-9.0,-9.5,-13.75,-5.0
residual::cLogP,residual_property,cLogP,-146.96969696969697,50,50,HeavyAtomCount_calc,20.58,18.5,14.0,26.0,-2.1,-3.5,-10.0,4.75
residual::cLogP,residual_property,cLogP,-146.96969696969697,50,50,HeteroatomCount,12.48,10.0,8.0,15.75,6.9,5.0,2.0,9.75
residual::cLogP,residual_property,cLogP,-146.96969696969697,50,50,RingCount_calc,0.56,0.0,0.0,1.0,-2.2,-2.0,-3.0,-1.25
residual::cLogP,residual_property,cLogP,-146.96969696969697,50,50,AromaticRingCount_calc,0.02,0.0,0.0,0.0,-2.06,-2.0,-2.75,-1.0
residual::cLogP,residual_property,cLogP,-146.96969696969697,50,50,BondCount,20.14,18.0,13.25,26.75,-4.3,-5.5,-13.75,3.75
residual::cLogP,residual_property,cLogP,-146.96969696969697,50,50,BranchPointCount,3.18,3.0,1.0,4.75,-3.96,-4.0,-6.0,-2.0
residual::cLogP,residual_property,cLogP,-146.96969696969697,50,50,AromaticAtomFraction,0.001568627450980392,0.0,0.0,0.0,-0.5110199960280677,-0.49193548387096775,-0.6520935960591133,-0.4182692307692308
residual::cLogP,residual_property,cLogP,-146.96969696969697,50,50,AromaticBondFraction,0.001568627450980392,0.0,0.0,0.0,-0.4857904209469185,-0.4644607843137255,-0.6236842105263157,-0.39285714285714285
residual::cLogP,residual_property,cLogP,-143.93939393939394,50,50,MolWt,275.49438000000004,257.76800000000003,184.13400000000001,348.87000000000006,-49.227580000000025,-54.102499999999985,-135.32125000000008,20.954249999999945
residual::cLogP,residual_property,cLogP,-143.93939393939394,50,50,CarbonCount,7.62,8.0,5.0,9.0,-9.48,-10.5,-12.0,-5.5
residual::cLogP,residual_property,cLogP,-143.93939393939394,50,50,HeavyAtomCount_calc,18.98,18.0,13.0,24.0,-3.7,-4.0,-9.75,3.0
residual::cLogP,residual_property,cLogP,-143.93939393939394,50,50,HeteroatomCount,11.36,10.0,8.0,14.0,5.78,5.0,2.0,8.0
residual::cLogP,residual_property,cLogP,-143.93939393939394,50,50,RingCount_calc,0.48,0.0,0.0,1.0,-2.28,-2.0,-3.0,-1.25
residual::cLogP,residual_property,cLogP,-143.93939393939394,50,50,AromaticRingCount_calc,0.02,0.0,0.0,0.0,-2.06,-2.0,-2.75,-1.0
residual::cLogP,residual_property,cLogP,-143.93939393939394,50,50,BondCount,18.46,17.0,12.25,23.75,-5.98,-6.0,-13.0,0.75
residual::cLogP,residual_property,cLogP,-143.93939393939394,50,50,BranchPointCount,3.04,3.0,1.0,4.0,-4.1,-4.0,-6.0,-3.0
residual::cLogP,residual_property,cLogP,-143.93939393939394,50,50,AromaticAtomFraction,0.0025806451612903226,0.0,0.0,0.0,-0.5100079783177578,-0.49193548387096775,-0.6520935960591133,-0.4041666666666667
residual::cLogP,residual_property,cLogP,-143.93939393939394,50,50,AromaticBondFraction,0.0025806451612903226,0.0,0.0,0.0,-0.48477840323660865,-0.4644607843137255,-0.6236842105263157,-0.39285714285714285
residual::cLogP,residual_property,cLogP,-140.9090909090909,50,50,MolWt,270.6716,233.74599999999998,173.148,333.0617500000001,-54.05036000000001,-67.20249999999999,-161.2097500000001,20.728000000000016
residual::cLogP,residual_property,cLogP,-140.9090909090909,50,50,CarbonCount,7.78,7.0,5.0,9.0,-9.32,-9.5,-13.0,-5.0
residual::cLogP,residual_property,cLogP,-140.9090909090909,50,50,HeavyAtomCount_calc,18.72,16.0,12.0,23.25,-3.96,-4.5,-11.75,3.75
residual::cLogP,residual_property,cLogP,-140.9090909090909,50,50,HeteroatomCount,10.94,9.0,7.0,12.75,5.36,4.5,1.25,7.0
residual::cLogP,residual_property,cLogP,-140.9090909090909,50,50,RingCount_calc,0.52,0.0,0.0,1.0,-2.24,-2.0,-3.0,-2.0
residual::cLogP,residual_property,cLogP,-140.9090909090909,50,50,AromaticRingCount_calc,0.02,0.0,0.0,0.0,-2.06,-2.0,-2.75,-1.0
residual::cLogP,residual_property,cLogP,-140.9090909090909,50,50,BondCount,18.24,16.0,12.0,22.5,-6.2,-6.5,-14.0,1.75
residual::cLogP,residual_property,cLogP,-140.9090909090909,50,50,BranchPointCount,3.14,2.0,1.0,4.0,-4.0,-4.0,-6.0,-2.0
residual::cLogP,residual_property,cLogP,-140.9090909090909,50,50,AromaticAtomFraction,0.006666666666666666,0.0,0.0,0.0,-0.5059219568123814,-0.49193548387096775,-0.6520935960591133,-0.4041666666666667
residual::cLogP,residual_property,cLogP,-140.9090909090909,50,50,AromaticBondFraction,0.006666666666666666,0.0,0.0,0.0,-0.4806923817312322,-0.4644607843137255,-0.6236842105263157,-0.39285714285714285
residual::cLogP,residual_property,cLogP,-137.87878787878788,50,50,MolWt,257.04148000000004,239.719,172.44,299.278,-67.68048000000005,-69.64100000000003,-169.00350000000014,6.916249999999948
residual::cLogP,residual_property,cLogP,-137.87878787878788,50,50,CarbonCount,7.52,7.0,5.0,9.0,-9.58,-10.0,-13.0,-6.0
residual::cLogP,residual_property,cLogP,-137.87878787878788,50,50,HeavyAtomCount_calc,17.8,17.0,12.0,21.0,-4.88,-4.0,-12.0,1.0
residual::cLogP,residual_property,cLogP,-137.87878787878788,50,50,HeteroatomCount,10.28,9.0,7.0,12.0,4.7,4.0,1.0,6.75
residual::cLogP,residual_property,cLogP,-137.87878787878788,50,50,RingCount_calc,0.5,0.0,0.0,1.0,-2.26,-2.0,-3.0,-2.0
residual::cLogP,residual_property,cLogP,-137.87878787878788,50,50,AromaticRingCount_calc,0.02,0.0,0.0,0.0,-2.06,-2.0,-2.75,-1.0
residual::cLogP,residual_property,cLogP,-137.87878787878788,50,50,BondCount,17.3,16.0,12.0,20.75,-7.14,-6.5,-14.0,-1.0
residual::cLogP,residual_property,cLogP,-137.87878787878788,50,50,BranchPointCount,2.94,2.0,1.0,4.0,-4.2,-4.5,-6.0,-2.25
residual::cLogP,residual_property,cLogP,-137.87878787878788,50,50,AromaticAtomFraction,0.006666666666666666,0.0,0.0,0.0,-0.5059219568123814,-0.49193548387096775,-0.6520935960591133,-0.4041666666666667
residual::cLogP,residual_property,cLogP,-137.87878787878788,50,50,AromaticBondFraction,0.006666666666666666,0.0,0.0,0.0,-0.4806923817312322,-0.4644607843137255,-0.6236842105263157,-0.39285714285714285
residual::cLogP,residual_property,cLogP,-134.84848484848484,50,50,MolWt,265.18690000000004,242.21699999999998,174.199,318.06325000000004,-59.53506000000003,-62.66350000000002,-168.03325000000012,23.73075000000003
residual::cLogP,residual_property,cLogP,-134.84848484848484,50,50,CarbonCount,7.58,7.0,5.0,9.0,-9.52,-10.0,-13.0,-5.0
residual::cLogP,residual_property,cLogP,-134.84848484848484,50,50,HeavyAtomCount_calc,18.3,17.0,12.0,21.0,-4.38,-4.0,-11.75,1.75
residual::cLogP,residual_property,cLogP,-134.84848484848484,50,50,HeteroatomCount,10.72,9.5,7.0,13.0,5.14,5.0,1.0,8.0
residual::cLogP,residual_property,cLogP,-134.84848484848484,50,50,RingCount_calc,0.54,0.0,0.0,1.0,-2.22,-2.0,-3.0,-1.0
residual::cLogP,residual_property,cLogP,-134.84848484848484,50,50,AromaticRingCount_calc,0.02,0.0,0.0,0.0,-2.06,-2.0,-3.0,-1.0
residual::cLogP,residual_property,cLogP,-134.84848484848484,50,50,BondCount,17.84,16.5,12.0,21.0,-6.6,-6.5,-14.0,0.0
residual::cLogP,residual_property,cLogP,-134.84848484848484,50,50,BranchPointCount,3.16,2.5,1.25,4.0,-3.98,-4.0,-6.0,-2.0
residual::cLogP,residual_property,cLogP,-134.84848484848484,50,50,AromaticAtomFraction,0.005714285714285714,0.0,0.0,0.0,-0.5068743377647623,-0.49193548387096775,-0.6520935960591133,-0.4041666666666667
residual::cLogP,residual_property,cLogP,-134.84848484848484,50,50,AromaticBondFraction,0.005714285714285714,0.0,0.0,0.0,-0.48164476268361317,-0.4644607843137255,-0.6236842105263157,-0.39285714285714285
residual::cLogP,residual_property,cLogP,-131.8181818181818,50,50,MolWt,282.88376000000005,255.752,191.94275,356.34950000000015,-41.83820000000001,-50.554499999999976,-134.66250000000005,62.85900000000008
residual::cLogP,residual_property,cLogP,-131.8181818181818,50,50,CarbonCount,8.38,8.0,6.0,10.0,-8.72,-9.0,-12.0,-4.25
residual::cLogP,residual_property,cLogP,-131.8181818181818,50,50,HeavyAtomCount_calc,19.6,18.0,13.25,24.5,-3.08,-3.5,-10.0,4.0
residual::cLogP,residual_property,cLogP,-131.8181818181818,50,50,HeteroatomCount,11.22,10.0,7.25,15.5,5.64,5.0,2.0,9.0
residual::cLogP,residual_property,cLogP,-131.8181818181818,50,50,RingCount_calc,0.66,1.0,0.0,1.0,-2.1,-2.0,-3.0,-1.0
residual::cLogP,residual_property,cLogP,-131.8181818181818,50,50,AromaticRingCount_calc,0.02,0.0,0.0,0.0,-2.06,-2.0,-3.0,-1.0
residual::cLogP,residual_property,cLogP,-131.8181818181818,50,50,BondCount,19.26,17.5,12.5,24.5,-5.18,-5.5,-13.0,3.0
residual::cLogP,residual_property,cLogP,-131.8181818181818,50,50,BranchPointCount,3.52,3.5,2.0,5.0,-3.62,-4.0,-6.0,-1.0
residual::cLogP,residual_property,cLogP,-131.8181818181818,50,50,AromaticAtomFraction,0.005714285714285714,0.0,0.0,0.0,-0.5068743377647623,-0.49193548387096775,-0.6520935960591133,-0.4041666666666667
residual::cLogP,residual_property,cLogP,-131.8181818181818,50,50,AromaticBondFraction,0.005714285714285714,0.0,0.0,0.0,-0.48164476268361317,-0.4644607843137255,-0.6236842105263157,-0.39285714285714285
residual::cLogP,residual_property,cLogP,-128.78787878787878,50,50,MolWt,299.7811400000001,274.267,180.91774999999998,413.3700000000001,-24.940819999999995,-12.968499999999963,-91.93125000000006,61.67200000000011
residual::cLogP,residual_property,cLogP,-128.78787878787878,50,50,CarbonCount,8.98,9.0,6.0,11.0,-8.12,-8.0,-11.0,-5.0
residual::cLogP,residual_property,cLogP,-128.78787878787878,50,50,HeavyAtomCount_calc,20.7,19.0,12.25,29.0,-1.98,-2.0,-7.0,3.75
residual::cLogP,residual_property,cLogP,-128.78787878787878,50,50,HeteroatomCount,11.72,10.0,7.25,16.75,6.14,5.0,3.0,11.0
residual::cLogP,residual_property,cLogP,-128.78787878787878,50,50,RingCount_calc,0.66,0.0,0.0,1.0,-2.1,-2.0,-3.0,-1.0
residual::cLogP,residual_property,cLogP,-128.78787878787878,50,50,AromaticRingCount_calc,0.0,0.0,0.0,0.0,-2.08,-2.0,-3.0,-1.0
residual::cLogP,residual_property,cLogP,-128.78787878787878,50,50,BondCount,20.34,18.0,11.25,29.0,-4.1,-4.0,-9.75,2.75
residual::cLogP,residual_property,cLogP,-128.78787878787878,50,50,BranchPointCount,3.66,3.0,1.25,6.0,-3.48,-3.5,-6.0,-1.0
residual::cLogP,residual_property,cLogP,-128.78787878787878,50,50,AromaticAtomFraction,0.0,0.0,0.0,0.0,-0.512588623479048,-0.5,-0.6520935960591133,-0.4182692307692308
residual::cLogP,residual_property,cLogP,-128.78787878787878,50,50,AromaticBondFraction,0.0,0.0,0.0,0.0,-0.4873590483978989,-0.47058823529411764,-0.6236842105263157,-0.39464285714285713
residual::cLogP,residual_property,cLogP,-125.75757575757576,50,50,MolWt,287.99228000000005,245.73300000000003,188.417,396.15650000000005,-36.729680000000016,-26.01200000000003,-109.89925000000002,12.658499999999933
residual::cLogP,residual_property,cLogP,-125.75757575757576,50,50,CarbonCount,8.68,8.0,5.25,11.0,-8.42,-8.0,-11.75,-5.0
residual::cLogP,residual_property,cLogP,-125.75757575757576,50,50,HeavyAtomCount_calc,19.88,17.0,13.0,27.5,-2.8,-3.0,-7.75,1.75
residual::cLogP,residual_property,cLogP,-125.75757575757576,50,50,HeteroatomCount,11.2,10.0,7.25,15.75,5.62,5.0,3.0,10.0
residual::cLogP,residual_property,cLogP,-125.75757575757576,50,50,RingCount_calc,0.48,0.0,0.0,1.0,-2.28,-2.0,-3.0,-1.0
residual::cLogP,residual_property,cLogP,-125.75757575757576,50,50,AromaticRingCount_calc,0.0,0.0,0.0,0.0,-2.08,-2.0,-3.0,-1.0
residual::cLogP,residual_property,cLogP,-125.75757575757576,50,50,BondCount,19.36,16.0,12.0,27.0,-5.08,-4.0,-10.75,-1.0
residual::cLogP,residual_property,cLogP,-125.75757575757576,50,50,BranchPointCount,3.22,2.5,1.0,6.0,-3.92,-4.0,-6.0,-1.25
residual::cLogP,residual_property,cLogP,-125.75757575757576,50,50,AromaticAtomFraction,0.0,0.0,0.0,0.0,-0.512588623479048,-0.5,-0.6520935960591133,-0.4182692307692308
residual::cLogP,residual_property,cLogP,-125.75757575757576,50,50,AromaticBondFraction,0.0,0.0,0.0,0.0,-0.4873590483978989,-0.47058823529411764,-0.6236842105263157,-0.39464285714285713
residual::cLogP,residual_property,cLogP,-122.72727272727272,50,50,MolWt,288.79798000000005,235.70350000000002,194.931,385.1590000000001,-35.92398000000001,-24.51099999999998,-90.87550000000002,43.936250000000015
residual::cLogP,residual_property,cLogP,-122.72727272727272,50,50,CarbonCount,9.08,8.0,6.0,11.75,-8.02,-8.5,-11.0,-5.0
residual::cLogP,residual_property,cLogP,-122.72727272727272,50,50,HeavyAtomCount_calc,20.02,16.5,14.0,27.0,-2.66,-3.0,-7.0,2.75
residual::cLogP,residual_property,cLogP,-122.72727272727272,50,50,HeteroatomCount,10.94,10.0,7.25,14.0,5.36,5.0,3.0,7.75
residual::cLogP,residual_property,cLogP,-122.72727272727272,50,50,RingCount_calc,0.58,0.0,0.0,1.0,-2.18,-2.0,-3.0,-1.0
residual::cLogP,residual_property,cLogP,-122.72727272727272,50,50,AromaticRingCount_calc,0.0,0.0,0.0,0.0,-2.08,-2.0,-3.0,-1.0
residual::cLogP,residual_property,cLogP,-122.72727272727272,50,50,BondCount,19.6,16.5,13.25,26.75,-4.84,-4.0,-10.0,1.0
residual::cLogP,residual_property,cLogP,-122.72727272727272,50,50,BranchPointCount,3.24,3.0,2.0,4.75,-3.9,-4.0,-6.0,-1.25
residual::cLogP,residual_property,cLogP,-122.72727272727272,50,50,AromaticAtomFraction,0.0,0.0,0.0,0.0,-0.512588623479048,-0.5,-0.6520935960591133,-0.4182692307692308
residual::cLogP,residual_property,cLogP,-122.72727272727272,50,50,AromaticBondFraction,0.0,0.0,0.0,0.0,-0.4873590483978989,-0.47058823529411764,-0.6236842105263157,-0.39464285714285713
residual::cLogP,residual_property,cLogP,-119.69696969696967,50,50,MolWt,307.3498000000001,285.778,203.179,398.71325000000024,-17.37215999999998,-22.437999999999974,-59.961750000000066,62.692000000000164
residual::cLogP,residual_property,cLogP,-119.69696969696967,50,50,CarbonCount,9.68,9.0,6.0,12.75,-7.42,-7.0,-9.75,-5.0
residual::cLogP,residual_property,cLogP,-119.69696969696967,50,50,HeavyAtomCount_calc,21.32,20.0,14.0,27.75,-1.36,-2.0,-4.0,3.75
residual::cLogP,residual_property,cLogP,-119.69696969696967,50,50,HeteroatomCount,11.64,10.0,7.0,16.75,6.06,5.0,4.0,10.0
residual::cLogP,residual_property,cLogP,-119.69696969696967,50,50,RingCount_calc,0.74,1.0,0.0,1.0,-2.02,-2.0,-3.0,-1.0
residual::cLogP,residual_property,cLogP,-119.69696969696967,50,50,AromaticRingCount_calc,0.0,0.0,0.0,0.0,-2.08,-2.0,-3.0,-1.0
residual::cLogP,residual_property,cLogP,-119.69696969696967,50,50,BondCount,21.06,19.0,14.0,27.75,-3.38,-4.0,-6.75,2.0
residual::cLogP,residual_property,cLogP,-119.69696969696967,50,50,BranchPointCount,3.88,4.0,2.0,5.0,-3.26,-3.0,-5.0,-1.25
residual::cLogP,residual_property,cLogP,-119.69696969696967,50,50,AromaticAtomFraction,0.0,0.0,0.0,0.0,-0.512588623479048,-0.5,-0.6520935960591133,-0.4182692307692308
residual::cLogP,residual_property,cLogP,-119.69696969696967,50,50,AromaticBondFraction,0.0,0.0,0.0,0.0,-0.4873590483978989,-0.47058823529411764,-0.6236842105263157,-0.39464285714285713
residual::cLogP,residual_property,cLogP,-116.66666666666666,50,50,MolWt,311.62916000000007,301.28900000000004,203.91275,410.45825000000025,-13.09279999999998,-28.26199999999993,-79.44825000000003,69.5200000000001
residual::cLogP,residual_property,cLogP,-116.66666666666666,50,50,CarbonCount,9.88,9.0,6.0,13.75,-7.22,-7.0,-9.75,-3.0
residual::cLogP,residual_property,cLogP,-116.66666666666666,50,50,HeavyAtomCount_calc,21.64,21.0,14.0,28.75,-1.04,-2.0,-4.75,4.0
residual::cLogP,residual_property,cLogP,-116.66666666666666,50,50,HeteroatomCount,11.76,11.5,7.0,15.0,6.18,5.0,4.0,9.75
residual::cLogP,residual_property,cLogP,-116.66666666666666,50,50,RingCount_calc,0.88,1.0,0.0,1.0,-1.88,-2.0,-3.0,-1.0
residual::cLogP,residual_property,cLogP,-116.66666666666666,50,50,AromaticRingCount_calc,0.06,0.0,0.0,0.0,-2.02,-2.0,-3.0,-1.0
residual::cLogP,residual_property,cLogP,-116.66666666666666,50,50,BondCount,21.5,21.5,14.0,29.0,-2.94,-4.0,-7.75,3.75
residual::cLogP,residual_property,cLogP,-116.66666666666666,50,50,BranchPointCount,4.14,3.5,2.0,5.75,-3.0,-3.0,-5.75,-1.0
residual::cLogP,residual_property,cLogP,-116.66666666666666,50,50,AromaticAtomFraction,0.023095238095238092,0.0,0.0,0.0,-0.48949338538381,-0.5,-0.6428571428571429,-0.3926282051282052
residual::cLogP,residual_property,cLogP,-116.66666666666666,50,50,AromaticBondFraction,0.023095238095238092,0.0,0.0,0.0,-0.4642638103026608,-0.47058823529411764,-0.6,-0.39285714285714285
residual::cLogP,residual_property,cLogP,-113.63636363636364,50,50,MolWt,301.56582000000003,300.80300000000005,204.661,383.6942500000001,-23.15613999999999,-16.020999999999958,-75.62675000000007,60.747000000000035
residual::cLogP,residual_property,cLogP,-113.63636363636364,50,50,CarbonCount,9.96,9.5,6.0,13.75,-7.14,-7.0,-9.0,-3.25
residual::cLogP,residual_property,cLogP,-113.63636363636364,50,50,HeavyAtomCount_calc,20.98,21.0,14.0,26.75,-1.7,-0.5,-4.75,3.0
residual::cLogP,residual_property,cLogP,-113.63636363636364,50,50,HeteroatomCount,11.02,10.0,7.0,15.0,5.44,5.0,3.25,8.75
residual::cLogP,residual_property,cLogP,-113.63636363636364,50,50,RingCount_calc,0.8,0.5,0.0,1.0,-1.96,-2.0,-3.0,-1.0
residual::cLogP,residual_property,cLogP,-113.63636363636364,50,50,AromaticRingCount_calc,0.02,0.0,0.0,0.0,-2.06,-2.0,-3.0,-1.0
residual::cLogP,residual_property,cLogP,-113.63636363636364,50,50,BondCount,20.76,20.5,14.0,27.75,-3.68,-2.0,-8.0,2.0
residual::cLogP,residual_property,cLogP,-113.63636363636364,50,50,BranchPointCount,3.94,3.0,1.25,6.75,-3.2,-3.0,-5.75,-1.0
residual::cLogP,residual_property,cLogP,-113.63636363636364,50,50,AromaticAtomFraction,0.01,0.0,0.0,0.0,-0.502588623479048,-0.5,-0.6520935960591133,-0.4041666666666667
residual::cLogP,residual_property,cLogP,-113.63636363636364,50,50,AromaticBondFraction,0.01,0.0,0.0,0.0,-0.4773590483978989,-0.47058823529411764,-0.6236842105263157,-0.39285714285714285
residual::cLogP,residual_property,cLogP,-110.6060606060606,50,50,MolWt,281.98702000000003,263.2135,177.6905,373.16525000000007,-42.734939999999995,-24.031499999999994,-109.61700000000005,49.15700000000004
residual::cLogP,residual_property,cLogP,-110.6060606060606,50,50,CarbonCount,9.32,8.0,5.0,13.0,-7.78,-7.5,-10.0,-4.0
residual::cLogP,residual_property,cLogP,-110.6060606060606,50,50,HeavyAtomCount_calc,19.62,18.5,12.5,26.75,-3.06,-1.0,-4.75,2.0
residual::cLogP,residual_property,cLogP,-110.6060606060606,50,50,HeteroatomCount,10.3,10.0,7.0,13.75,4.72,4.0,2.0,7.75
residual::cLogP,residual_property,cLogP,-110.6060606060606,50,50,RingCount_calc,0.76,1.0,0.0,1.0,-2.0,-2.0,-3.0,-1.0
residual::cLogP,residual_property,cLogP,-110.6060606060606,50,50,AromaticRingCount_calc,0.02,0.0,0.0,0.0,-2.06,-2.0,-3.0,-1.0
residual::cLogP,residual_property,cLogP,-110.6060606060606,50,50,BondCount,19.38,17.5,11.5,27.75,-5.06,-3.5,-8.0,1.0
residual::cLogP,residual_property,cLogP,-110.6060606060606,50,50,BranchPointCount,3.82,3.0,2.0,6.0,-3.32,-3.0,-5.0,-1.0
residual::cLogP,residual_property,cLogP,-110.6060606060606,50,50,AromaticAtomFraction,0.01,0.0,0.0,0.0,-0.502588623479048,-0.5,-0.6520935960591133,-0.4041666666666667
residual::cLogP,residual_property,cLogP,-110.6060606060606,50,50,AromaticBondFraction,0.01,0.0,0.0,0.0,-0.4773590483978989,-0.47058823529411764,-0.6236842105263157,-0.39285714285714285
residual::cLogP,residual_property,cLogP,-107.57575757575758,50,50,MolWt,288.9131600000001,263.2135,200.715,390.1280000000001,-35.8088,-24.40849999999996,-82.03300000000002,35.995999999999995
residual::cLogP,residual_property,cLogP,-107.57575757575758,50,50,CarbonCount,9.76,9.0,6.0,13.0,-7.34,-7.0,-10.0,-4.0
residual::cLogP,residual_property,cLogP,-107.57575757575758,50,50,HeavyAtomCount_calc,20.12,18.5,14.0,27.0,-2.56,-1.0,-4.75,2.0
residual::cLogP,residual_property,cLogP,-107.57575757575758,50,50,HeteroatomCount,10.36,10.0,7.0,13.75,4.78,4.0,2.25,6.75
residual::cLogP,residual_property,cLogP,-107.57575757575758,50,50,RingCount_calc,0.82,1.0,0.0,1.0,-1.94,-2.0,-3.0,-1.0
residual::cLogP,residual_property,cLogP,-107.57575757575758,50,50,AromaticRingCount_calc,0.04,0.0,0.0,0.0,-2.04,-2.0,-3.0,-1.0
residual::cLogP,residual_property,cLogP,-107.57575757575758,50,50,BondCount,19.94,17.5,13.0,28.0,-4.5,-3.5,-7.75,1.0
residual::cLogP,residual_property,cLogP,-107.57575757575758,50,50,BranchPointCount,4.08,4.0,3.0,6.0,-3.06,-3.0,-5.0,-1.0
residual::cLogP,residual_property,cLogP,-107.57575757575758,50,50,AromaticAtomFraction,0.015,0.0,0.0,0.0,-0.49758862347904803,-0.49193548387096775,-0.6520935960591133,-0.38846153846153847
residual::cLogP,residual_property,cLogP,-107.57575757575758,50,50,AromaticBondFraction,0.015,0.0,0.0,0.0,-0.4723590483978989,-0.47058823529411764,-0.6236842105263157,-0.37094155844155846
residual::cLogP,residual_property,cLogP,-104.54545454545456,50,50,MolWt,285.9918200000001,250.2025,201.45275,396.1512500000002,-38.73014,-23.007499999999993,-114.02250000000019,42.23800000000006
residual::cLogP,residual_property,cLogP,-104.54545454545456,50,50,CarbonCount,9.64,9.0,6.0,13.0,-7.46,-6.0,-10.75,-3.25
residual::cLogP,residual_property,cLogP,-104.54545454545456,50,50,HeavyAtomCount_calc,19.86,17.5,14.0,27.75,-2.82,-1.0,-6.75,2.0
residual::cLogP,residual_property,cLogP,-104.54545454545456,50,50,HeteroatomCount,10.22,9.0,6.0,14.0,4.64,4.0,2.0,7.0
residual::cLogP,residual_property,cLogP,-104.54545454545456,50,50,RingCount_calc,0.62,0.5,0.0,1.0,-2.14,-2.0,-3.0,-1.0
residual::cLogP,residual_property,cLogP,-104.54545454545456,50,50,AromaticRingCount_calc,0.04,0.0,0.0,0.0,-2.04,-2.0,-3.0,-1.0
residual::cLogP,residual_property,cLogP,-104.54545454545456,50,50,BondCount,19.48,17.0,13.0,28.0,-4.96,-2.5,-9.0,1.0
residual::cLogP,residual_property,cLogP,-104.54545454545456,50,50,BranchPointCount,3.88,3.0,2.0,6.0,-3.26,-3.0,-6.0,-1.0
residual::cLogP,residual_property,cLogP,-104.54545454545456,50,50,AromaticAtomFraction,0.01625,0.0,0.0,0.0,-0.496338623479048,-0.49193548387096775,-0.6520935960591133,-0.38846153846153847
residual::cLogP,residual_property,cLogP,-104.54545454545456,50,50,AromaticBondFraction,0.01625,0.0,0.0,0.0,-0.4711090483978989,-0.47058823529411764,-0.6236842105263157,-0.37094155844155846
residual::cLogP,residual_property,cLogP,-101.51515151515152,50,50,MolWt,305.7110200000001,280.836,214.512,420.4360000000001,-19.01093999999999,0.4730000000000416,-67.48424999999995,53.5132500000001
residual::cLogP,residual_property,cLogP,-101.51515151515152,50,50,CarbonCount,10.22,10.5,7.0,13.0,-6.88,-6.5,-9.0,-3.0
residual::cLogP,residual_property,cLogP,-101.51515151515152,50,50,HeavyAtomCount_calc,21.22,20.0,15.0,28.0,-1.46,0.0,-4.75,3.0
residual::cLogP,residual_property,cLogP,-101.51515151515152,50,50,HeteroatomCount,11.0,10.5,7.0,15.0,5.42,4.0,3.0,9.75
residual::cLogP,residual_property,cLogP,-101.51515151515152,50,50,RingCount_calc,0.74,1.0,0.0,1.0,-2.02,-2.0,-3.0,-1.0
residual::cLogP,residual_property,cLogP,-101.51515151515152,50,50,AromaticRingCount_calc,0.08,0.0,0.0,0.0,-2.0,-2.0,-3.0,-1.0
residual::cLogP,residual_property,cLogP,-101.51515151515152,50,50,BondCount,20.96,19.5,15.0,28.75,-3.48,-1.5,-7.5,1.0
residual::cLogP,residual_property,cLogP,-101.51515151515152,50,50,BranchPointCount,4.38,4.0,3.0,6.0,-2.76,-2.0,-5.0,-1.0
residual::cLogP,residual_property,cLogP,-101.51515151515152,50,50,AromaticAtomFraction,0.02783333333333333,0.0,0.0,0.0,-0.4847552901457147,-0.48193548387096774,-0.6321428571428571,-0.37740384615384615
residual::cLogP,residual_property,cLogP,-101.51515151515152,50,50,AromaticBondFraction,0.02783333333333333,0.0,0.0,0.0,-0.4595257150645656,-0.4644607843137255,-0.5863636363636363,-0.3556149732620321
residual::cLogP,residual_property,cLogP,-98.48484848484848,50,50,MolWt,317.7837000000001,302.321,214.47899999999998,428.6110000000001,-6.938259999999982,5.9900000000000375,-78.88349999999997,62.88975000000009
residual::cLogP,residual_property,cLogP,-98.48484848484848,50,50,CarbonCount,10.68,10.5,7.0,14.0,-6.42,-7.0,-9.0,-3.0
residual::cLogP,residual_property,cLogP,-98.48484848484848,50,50,HeavyAtomCount_calc,22.06,21.0,15.0,30.0,-0.62,0.5,-4.75,4.75
residual::cLogP,residual_property,cLogP,-98.48484848484848,50,50,HeteroatomCount,11.38,10.0,7.0,15.75,5.8,4.0,3.0,9.0
residual::cLogP,residual_property,cLogP,-98.48484848484848,50,50,RingCount_calc,0.76,1.0,0.0,1.0,-2.0,-2.0,-3.0,-1.0
residual::cLogP,residual_property,cLogP,-98.48484848484848,50,50,AromaticRingCount_calc,0.08,0.0,0.0,0.0,-2.0,-2.0,-2.75,-1.0
residual::cLogP,residual_property,cLogP,-98.48484848484848,50,50,BondCount,21.82,20.0,15.0,29.75,-2.62,-1.0,-7.25,2.0
residual::cLogP,residual_property,cLogP,-98.48484848484848,50,50,BranchPointCount,4.52,4.0,2.25,6.75,-2.62,-2.0,-4.0,-0.25
residual::cLogP,residual_property,cLogP,-98.48484848484848,50,50,AromaticAtomFraction,0.025555555555555554,0.0,0.0,0.0,-0.48703306792349255,-0.48193548387096774,-0.6321428571428571,-0.38846153846153847
residual::cLogP,residual_property,cLogP,-98.48484848484848,50,50,AromaticBondFraction,0.02538011695906433,0.0,0.0,0.0,-0.46197893143883456,-0.4644607843137255,-0.5863636363636363,-0.37094155844155846
residual::cLogP,residual_property,cLogP,-95.45454545454544,50,50,MolWt,308.4816200000001,291.736,216.24074999999996,384.64575000000013,-16.240340000000007,0.4015000000001123,-78.88349999999997,50.846250000000055
residual::cLogP,residual_property,cLogP,-95.45454545454544,50,50,CarbonCount,10.54,10.0,7.0,13.0,-6.56,-5.5,-9.0,-3.0
residual::cLogP,residual_property,cLogP,-95.45454545454544,50,50,HeavyAtomCount_calc,21.42,20.0,15.25,26.0,-1.26,0.0,-5.5,3.0
residual::cLogP,residual_property,cLogP,-95.45454545454544,50,50,HeteroatomCount,10.88,10.0,7.0,14.75,5.3,5.0,3.0,8.0
residual::cLogP,residual_property,cLogP,-95.45454545454544,50,50,RingCount_calc,0.88,1.0,0.0,1.0,-1.88,-2.0,-3.0,-1.0
residual::cLogP,residual_property,cLogP,-95.45454545454544,50,50,AromaticRingCount_calc,0.08,0.0,0.0,0.0,-2.0,-2.0,-3.0,-1.0
residual::cLogP,residual_property,cLogP,-95.45454545454544,50,50,BondCount,21.3,19.5,15.0,26.75,-3.14,-1.0,-7.75,1.75
residual::cLogP,residual_property,cLogP,-95.45454545454544,50,50,BranchPointCount,4.56,4.5,2.25,7.0,-2.58,-2.0,-4.0,-1.0
residual::cLogP,residual_property,cLogP,-95.45454545454544,50,50,AromaticAtomFraction,0.027222222222222224,0.0,0.0,0.0,-0.4853664012568259,-0.4641025641025641,-0.5879310344827586,-0.37740384615384615
residual::cLogP,residual_property,cLogP,-95.45454545454544,50,50,AromaticBondFraction,0.026581196581196585,0.0,0.0,0.0,-0.4607778518167023,-0.4444444444444444,-0.5454545454545454,-0.3556149732620321
residual::cLogP,residual_property,cLogP,-92.42424242424242,50,50,MolWt,298.7187800000001,293.78950000000003,216.99274999999997,354.11375000000004,-26.00318000000002,-4.496000000000009,-69.46774999999997,46.14075000000007
residual::cLogP,residual_property,cLogP,-92.42424242424242,50,50,CarbonCount,10.6,10.0,7.0,13.0,-6.5,-6.0,-8.0,-3.0
residual::cLogP,residual_property,cLogP,-92.42424242424242,50,50,HeavyAtomCount_calc,20.74,20.0,15.25,24.75,-1.94,-1.0,-4.0,3.0
residual::cLogP,residual_property,cLogP,-92.42424242424242,50,50,HeteroatomCount,10.14,9.0,7.0,13.0,4.56,4.0,3.0,7.0
residual::cLogP,residual_property,cLogP,-92.42424242424242,50,50,RingCount_calc,0.9,1.0,0.0,1.0,-1.86,-2.0,-3.0,-1.0
residual::cLogP,residual_property,cLogP,-92.42424242424242,50,50,AromaticRingCount_calc,0.02,0.0,0.0,0.0,-2.06,-2.0,-3.0,-1.0
residual::cLogP,residual_property,cLogP,-92.42424242424242,50,50,BondCount,20.64,20.0,15.0,25.75,-3.8,-2.0,-6.0,2.0
residual::cLogP,residual_property,cLogP,-92.42424242424242,50,50,BranchPointCount,4.4,4.0,2.25,6.0,-2.74,-2.0,-3.0,-1.0
residual::cLogP,residual_property,cLogP,-92.42424242424242,50,50,AromaticAtomFraction,0.006666666666666666,0.0,0.0,0.0,-0.5059219568123814,-0.49193548387096775,-0.6428571428571429,-0.4182692307692308
residual::cLogP,residual_property,cLogP,-92.42424242424242,50,50,AromaticBondFraction,0.006666666666666666,0.0,0.0,0.0,-0.4806923817312322,-0.4644607843137255,-0.6,-0.39464285714285713
residual::cLogP,residual_property,cLogP,-89.39393939393939,50,50,MolWt,293.87538000000006,275.733,197.958,358.82825,-30.846580000000007,-1.0344999999999658,-83.45149999999998,37.03000000000006
residual::cLogP,residual_property,cLogP,-89.39393939393939,50,50,CarbonCount,10.56,10.0,7.0,13.0,-6.54,-5.0,-8.0,-3.0
residual::cLogP,residual_property,cLogP,-89.39393939393939,50,50,HeavyAtomCount_calc,20.38,19.0,14.0,25.0,-2.3,0.0,-3.75,3.0
residual::cLogP,residual_property,cLogP,-89.39393939393939,50,50,HeteroatomCount,9.82,9.0,6.25,13.0,4.24,4.0,2.0,7.0
residual::cLogP,residual_property,cLogP,-89.39393939393939,50,50,RingCount_calc,0.8,1.0,0.0,1.0,-1.96,-2.0,-3.0,-1.0
residual::cLogP,residual_property,cLogP,-89.39393939393939,50,50,AromaticRingCount_calc,0.0,0.0,0.0,0.0,-2.08,-2.0,-3.0,-1.0
residual::cLogP,residual_property,cLogP,-89.39393939393939,50,50,BondCount,20.16,19.5,13.0,26.0,-4.28,-2.0,-5.0,1.0
residual::cLogP,residual_property,cLogP,-89.39393939393939,50,50,BranchPointCount,4.16,4.0,2.0,6.0,-2.98,-2.0,-4.75,-1.0
residual::cLogP,residual_property,cLogP,-89.39393939393939,50,50,AromaticAtomFraction,0.0,0.0,0.0,0.0,-0.512588623479048,-0.5,-0.6520935960591133,-0.4182692307692308
residual::cLogP,residual_property,cLogP,-89.39393939393939,50,50,AromaticBondFraction,0.0,0.0,0.0,0.0,-0.4873590483978989,-0.47058823529411764,-0.6236842105263157,-0.39464285714285713
residual::cLogP,residual_property,cLogP,-86.36363636363637,50,50,MolWt,306.55572000000006,279.8125,190.659,350.9132500000002,-18.16624,-19.990000000000038,-82.77149999999997,28.256749999999982
residual::cLogP,residual_property,cLogP,-86.36363636363637,50,50,CarbonCount,11.1,10.0,7.0,13.0,-6.0,-6.0,-9.0,-3.0
residual::cLogP,residual_property,cLogP,-86.36363636363637,50,50,HeavyAtomCount_calc,21.24,19.5,13.0,24.75,-1.44,-1.0,-5.0,2.0
residual::cLogP,residual_property,cLogP,-86.36363636363637,50,50,HeteroatomCount,10.14,9.0,6.25,13.0,4.56,4.0,2.0,7.0
residual::cLogP,residual_property,cLogP,-86.36363636363637,50,50,RingCount_calc,0.74,1.0,0.0,1.0,-2.02,-2.0,-3.0,-1.0
residual::cLogP,residual_property,cLogP,-86.36363636363637,50,50,AromaticRingCount_calc,0.0,0.0,0.0,0.0,-2.08,-2.0,-3.0,-1.0
residual::cLogP,residual_property,cLogP,-86.36363636363637,50,50,BondCount,20.98,19.0,13.0,24.75,-3.46,-3.5,-7.75,0.75
residual::cLogP,residual_property,cLogP,-86.36363636363637,50,50,BranchPointCount,4.06,4.0,2.0,6.0,-3.08,-3.0,-5.0,-2.0
residual::cLogP,residual_property,cLogP,-86.36363636363637,50,50,AromaticAtomFraction,0.0,0.0,0.0,0.0,-0.512588623479048,-0.5,-0.6520935960591133,-0.4182692307692308
residual::cLogP,residual_property,cLogP,-86.36363636363637,50,50,AromaticBondFraction,0.0,0.0,0.0,0.0,-0.4873590483978989,-0.47058823529411764,-0.6236842105263157,-0.39464285714285713
residual::cLogP,residual_property,cLogP,-83.33333333333333,50,50,MolWt,276.3962800000001,271.80550000000005,184.20799999999997,348.5590000000001,-48.32568000000002,-28.488000000000028,-84.68775000000005,10.744
residual::cLogP,residual_property,cLogP,-83.33333333333333,50,50,CarbonCount,10.04,10.0,7.0,13.0,-7.06,-6.0,-9.0,-3.25
residual::cLogP,residual_property,cLogP,-83.33333333333333,50,50,HeavyAtomCount_calc,19.24,18.5,13.0,25.0,-3.44,-2.0,-4.75,0.0
residual::cLogP,residual_property,cLogP,-83.33333333333333,50,50,HeteroatomCount,9.2,8.5,6.0,12.0,3.62,3.0,2.0,6.0
residual::cLogP,residual_property,cLogP,-83.33333333333333,50,50,RingCount_calc,0.78,1.0,0.0,1.0,-1.98,-2.0,-3.0,-1.0
residual::cLogP,residual_property,cLogP,-83.33333333333333,50,50,AromaticRingCount_calc,0.02,0.0,0.0,0.0,-2.06,-2.0,-2.75,-1.0
residual::cLogP,residual_property,cLogP,-83.33333333333333,50,50,BondCount,19.02,18.0,13.0,25.0,-5.42,-3.5,-7.75,-1.0
residual::cLogP,residual_property,cLogP,-83.33333333333333,50,50,BranchPointCount,3.82,3.0,2.0,5.75,-3.32,-3.0,-5.0,-1.25
residual::cLogP,residual_property,cLogP,-83.33333333333333,50,50,AromaticAtomFraction,0.0048,0.0,0.0,0.0,-0.5077886234790481,-0.49956521739130433,-0.6428571428571429,-0.4182692307692308
residual::cLogP,residual_property,cLogP,-83.33333333333333,50,50,AromaticBondFraction,0.004615384615384616,0.0,0.0,0.0,-0.48274366378251427,-0.4644607843137255,-0.6,-0.39464285714285713
residual::cLogP,residual_property,cLogP,-80.3030303030303,50,50,MolWt,310.03736000000004,304.31050000000016,210.47999999999996,388.65875000000017,-14.684600000000005,-7.020999999999987,-59.474250000000026,39.331000000000046
residual::cLogP,residual_property,cLogP,-80.3030303030303,50,50,CarbonCount,11.62,11.0,8.0,14.0,-5.48,-5.0,-8.0,-3.0
residual::cLogP,residual_property,cLogP,-80.3030303030303,50,50,HeavyAtomCount_calc,21.6,22.0,15.0,27.25,-1.08,-0.5,-3.0,3.0
residual::cLogP,residual_property,cLogP,-80.3030303030303,50,50,HeteroatomCount,9.98,9.5,6.0,13.0,4.4,4.0,2.25,7.0
residual::cLogP,residual_property,cLogP,-80.3030303030303,50,50,RingCount_calc,1.04,1.0,0.0,2.0,-1.72,-1.0,-3.0,-1.0
residual::cLogP,residual_property,cLogP,-80.3030303030303,50,50,AromaticRingCount_calc,0.02,0.0,0.0,0.0,-2.06,-2.0,-2.75,-1.0
residual::cLogP,residual_property,cLogP,-80.3030303030303,50,50,BondCount,21.64,21.5,14.0,26.75,-2.8,-2.0,-4.75,2.0
residual::cLogP,residual_property,cLogP,-80.3030303030303,50,50,BranchPointCount,4.68,4.0,3.0,6.75,-2.46,-2.0,-4.75,-1.0
residual::cLogP,residual_property,cLogP,-80.3030303030303,50,50,AromaticAtomFraction,0.005454545454545454,0.0,0.0,0.0,-0.5071340780245026,-0.49193548387096775,-0.6428571428571429,-0.4182692307692308
residual::cLogP,residual_property,cLogP,-80.3030303030303,50,50,AromaticBondFraction,0.005217391304347826,0.0,0.0,0.0,-0.48214165709355106,-0.4644607843137255,-0.6,-0.39288700430004775
residual::cLogP,residual_property,cLogP,-77.27272727272728,50,50,MolWt,307.79426,304.7940000000001,190.21675,392.6292500000002,-16.92770000000002,-3.0205000000000126,-53.59574999999999,37.6862500000001
residual::cLogP,residual_property,cLogP,-77.27272727272728,50,50,CarbonCount,11.32,11.0,7.0,14.75,-5.78,-5.0,-7.75,-3.0
residual::cLogP,residual_property,cLogP,-77.27272727272728,50,50,HeavyAtomCount_calc,21.34,22.0,13.25,28.0,-1.34,0.0,-3.0,2.0
residual::cLogP,residual_property,cLogP,-77.27272727272728,50,50,HeteroatomCount,10.02,10.0,6.0,13.0,4.44,4.0,2.25,7.0
residual::cLogP,residual_property,cLogP,-77.27272727272728,50,50,RingCount_calc,1.06,1.0,0.0,2.0,-1.7,-1.0,-2.75,-1.0
residual::cLogP,residual_property,cLogP,-77.27272727272728,50,50,AromaticRingCount_calc,0.06,0.0,0.0,0.0,-2.02,-2.0,-2.0,-1.0
residual::cLogP,residual_property,cLogP,-77.27272727272728,50,50,BondCount,21.4,22.0,13.25,28.75,-3.04,-2.0,-4.75,1.0
residual::cLogP,residual_property,cLogP,-77.27272727272728,50,50,BranchPointCount,4.78,4.5,2.0,7.0,-2.36,-2.0,-4.0,-1.0
residual::cLogP,residual_property,cLogP,-77.27272727272728,50,50,AromaticAtomFraction,0.016883116883116882,0.0,0.0,0.0,-0.49570550659593116,-0.48193548387096774,-0.5879310344827586,-0.4182692307692308
residual::cLogP,residual_property,cLogP,-77.27272727272728,50,50,AromaticBondFraction,0.01602198900549725,0.0,0.0,0.0,-0.47133705939240167,-0.45138888888888884,-0.5454545454545454,-0.39288700430004775
residual::cLogP,residual_property,cLogP,-74.24242424242425,50,50,MolWt,302.45310000000006,331.84850000000006,186.96299999999997,403.39600000000013,-22.268859999999986,6.962000000000046,-50.03299999999997,35.97100000000019
residual::cLogP,residual_property,cLogP,-74.24242424242425,50,50,CarbonCount,11.62,12.5,7.0,16.75,-5.48,-4.0,-7.0,-3.0
residual::cLogP,residual_property,cLogP,-74.24242424242425,50,50,HeavyAtomCount_calc,21.04,23.5,13.0,28.0,-1.64,0.0,-3.0,2.0
residual::cLogP,residual_property,cLogP,-74.24242424242425,50,50,HeteroatomCount,9.42,9.5,6.0,13.0,3.84,3.5,2.0,7.0
residual::cLogP,residual_property,cLogP,-74.24242424242425,50,50,RingCount_calc,1.06,1.0,0.0,2.0,-1.7,-1.0,-2.75,-1.0
residual::cLogP,residual_property,cLogP,-74.24242424242425,50,50,AromaticRingCount_calc,0.1,0.0,0.0,0.0,-1.98,-2.0,-2.0,-1.0
residual::cLogP,residual_property,cLogP,-74.24242424242425,50,50,BondCount,21.08,23.5,13.0,28.75,-3.36,-1.0,-5.0,0.75
residual::cLogP,residual_property,cLogP,-74.24242424242425,50,50,BranchPointCount,4.72,5.0,2.0,7.0,-2.42,-2.0,-3.0,-1.0
residual::cLogP,residual_property,cLogP,-74.24242424242425,50,50,AromaticAtomFraction,0.025733333333333337,0.0,0.0,0.0,-0.4868552901457147,-0.48193548387096774,-0.5501567398119123,-0.4
residual::cLogP,residual_property,cLogP,-74.24242424242425,50,50,AromaticBondFraction,0.024730079955886414,0.0,0.0,0.0,-0.4626289684420125,-0.45138888888888884,-0.5419034090909091,-0.37094155844155846
residual::cLogP,residual_property,cLogP,-71.21212121212122,50,50,MolWt,301.0120600000001,305.82650000000007,193.7225,399.1382500000002,-23.709899999999994,-2.4499999999999744,-54.75599999999991,27.689499999999867
residual::cLogP,residual_property,cLogP,-71.21212121212122,50,50,CarbonCount,11.72,12.0,8.0,16.0,-5.38,-4.0,-8.0,-3.0
residual::cLogP,residual_property,cLogP,-71.21212121212122,50,50,HeavyAtomCount_calc,20.92,20.5,13.5,27.75,-1.76,0.0,-3.0,2.0
residual::cLogP,residual_property,cLogP,-71.21212121212122,50,50,HeteroatomCount,9.2,9.0,6.0,12.0,3.62,4.0,2.0,6.0
residual::cLogP,residual_property,cLogP,-71.21212121212122,50,50,RingCount_calc,1.04,1.0,0.0,2.0,-1.72,-1.5,-2.0,-1.0
residual::cLogP,residual_property,cLogP,-71.21212121212122,50,50,AromaticRingCount_calc,0.14,0.0,0.0,0.0,-1.94,-2.0,-2.0,-1.0
residual::cLogP,residual_property,cLogP,-71.21212121212122,50,50,BondCount,20.96,20.5,13.5,27.75,-3.48,-2.0,-6.0,1.0
residual::cLogP,residual_property,cLogP,-71.21212121212122,50,50,BranchPointCount,4.78,5.0,2.25,7.0,-2.36,-2.0,-3.0,-1.0
residual::cLogP,residual_property,cLogP,-71.21212121212122,50,50,AromaticAtomFraction,0.04026764705882353,0.0,0.0,0.0,-0.4723209764202245,-0.46153846153846156,-0.5414438502673796,-0.36691810344827586
residual::cLogP,residual_property,cLogP,-71.21212121212122,50,50,AromaticBondFraction,0.03837393162393163,0.0,0.0,0.0,-0.44898511677396724,-0.4365079365079365,-0.5406698564593301,-0.3453125
residual::cLogP,residual_property,cLogP,-68.18181818181819,50,50,MolWt,303.18230000000005,305.3045000000001,218.74075000000002,403.1490000000001,-21.539659999999984,-4.510500000000022,-53.812999999999995,19.035000000000053
residual::cLogP,residual_property,cLogP,-68.18181818181819,50,50,CarbonCount,11.98,11.5,9.0,16.0,-5.12,-4.0,-7.0,-3.0
residual::cLogP,residual_property,cLogP,-68.18181818181819,50,50,HeavyAtomCount_calc,21.08,21.0,15.0,28.0,-1.6,-0.5,-3.0,2.0
residual::cLogP,residual_property,cLogP,-68.18181818181819,50,50,HeteroatomCount,9.1,8.5,6.0,12.0,3.52,3.0,2.0,6.0
residual::cLogP,residual_property,cLogP,-68.18181818181819,50,50,RingCount_calc,1.08,1.0,0.0,2.0,-1.68,-1.0,-2.0,-1.0
residual::cLogP,residual_property,cLogP,-68.18181818181819,50,50,AromaticRingCount_calc,0.2,0.0,0.0,0.0,-1.88,-2.0,-2.0,-1.0
residual::cLogP,residual_property,cLogP,-68.18181818181819,50,50,BondCount,21.16,21.0,15.25,28.75,-3.28,-2.0,-4.75,0.0
residual::cLogP,residual_property,cLogP,-68.18181818181819,50,50,BranchPointCount,4.92,5.0,3.0,7.0,-2.22,-2.0,-3.0,-1.0
residual::cLogP,residual_property,cLogP,-68.18181818181819,50,50,AromaticAtomFraction,0.05592219251336898,0.0,0.0,0.0,-0.45666643096567905,-0.4557692307692308,-0.5414438502673796,-0.3333333333333333
residual::cLogP,residual_property,cLogP,-68.18181818181819,50,50,AromaticBondFraction,0.05366897481603364,0.0,0.0,0.0,-0.4336900735818653,-0.42857142857142855,-0.5406698564593301,-0.3333333333333333
residual::cLogP,residual_property,cLogP,-65.15151515151516,50,50,MolWt,317.03932000000003,316.8720000000001,232.22474999999997,417.4305,-7.6826399999999975,-4.510500000000022,-31.046750000000003,51.74800000000009
residual::cLogP,residual_property,cLogP,-65.15151515151516,50,50,CarbonCount,12.6,13.0,9.0,17.0,-4.5,-4.0,-6.75,-2.0
residual::cLogP,residual_property,cLogP,-65.15151515151516,50,50,HeavyAtomCount_calc,22.04,22.5,16.0,28.75,-0.64,0.0,-2.0,2.0
residual::cLogP,residual_property,cLogP,-65.15151515151516,50,50,HeteroatomCount,9.44,9.0,6.25,12.0,3.86,4.0,2.0,6.0
residual::cLogP,residual_property,cLogP,-65.15151515151516,50,50,RingCount_calc,1.16,1.0,0.0,2.0,-1.6,-1.0,-2.0,-1.0
residual::cLogP,residual_property,cLogP,-65.15151515151516,50,50,AromaticRingCount_calc,0.22,0.0,0.0,0.0,-1.86,-2.0,-2.0,-1.0
residual::cLogP,residual_property,cLogP,-65.15151515151516,50,50,BondCount,22.2,22.5,16.0,30.75,-2.24,-2.0,-4.0,2.0
residual::cLogP,residual_property,cLogP,-65.15151515151516,50,50,BranchPointCount,5.32,5.0,3.0,8.0,-1.82,-2.0,-3.0,0.0
residual::cLogP,residual_property,cLogP,-65.15151515151516,50,50,AromaticAtomFraction,0.05585123760620719,0.0,0.0,0.0,-0.4567373858728409,-0.46153846153846156,-0.5501567398119123,-0.3333333333333333
residual::cLogP,residual_property,cLogP,-65.15151515151516,50,50,AromaticBondFraction,0.05299459811746338,0.0,0.0,0.0,-0.4343644502804355,-0.42857142857142855,-0.5419034090909091,-0.3333333333333333
residual::cLogP,residual_property,cLogP,-62.121212121212125,50,50,MolWt,324.54610000000014,348.365,230.72774999999996,414.7062500000001,-0.17585999999999558,3.4860000000000184,-28.909750000000017,45.511750000000035
residual::cLogP,residual_property,cLogP,-62.121212121212125,50,50,CarbonCount,13.42,13.5,10.25,17.0,-3.68,-3.0,-5.0,-1.0
residual::cLogP,residual_property,cLogP,-62.121212121212125,50,50,HeavyAtomCount_calc,22.76,24.5,16.25,29.0,0.08,0.5,-2.0,2.75
residual::cLogP,residual_property,cLogP,-62.121212121212125,50,50,HeteroatomCount,9.34,9.0,6.0,12.0,3.76,3.5,2.0,6.0
residual::cLogP,residual_property,cLogP,-62.121212121212125,50,50,RingCount_calc,1.42,1.0,1.0,2.0,-1.34,-1.0,-2.0,-1.0
residual::cLogP,residual_property,cLogP,-62.121212121212125,50,50,AromaticRingCount_calc,0.18,0.0,0.0,0.0,-1.9,-2.0,-2.0,-1.0
residual::cLogP,residual_property,cLogP,-62.121212121212125,50,50,BondCount,23.14,24.5,16.0,30.0,-1.3,-1.0,-3.75,2.0
residual::cLogP,residual_property,cLogP,-62.121212121212125,50,50,BranchPointCount,5.64,5.0,3.25,8.0,-1.5,-1.5,-3.0,0.0
residual::cLogP,residual_property,cLogP,-62.121212121212125,50,50,AromaticAtomFraction,0.05563142604521915,0.0,0.0,0.0,-0.45695719743382895,-0.46153846153846156,-0.5414438502673796,-0.3333333333333333
residual::cLogP,residual_property,cLogP,-62.121212121212125,50,50,AromaticBondFraction,0.052916893142699595,0.0,0.0,0.0,-0.43444215525519936,-0.42857142857142855,-0.530016447368421,-0.33549107142857143
residual::cLogP,residual_property,cLogP,-59.09090909090909,50,50,MolWt,307.7516600000001,341.8560000000001,209.97499999999997,403.8365000000001,-16.9703,-0.23499999999998522,-52.68375,42.26725000000003
residual::cLogP,residual_property,cLogP,-59.09090909090909,50,50,CarbonCount,12.88,12.5,9.0,17.0,-4.22,-3.0,-5.0,-2.0
residual::cLogP,residual_property,cLogP,-59.09090909090909,50,50,HeavyAtomCount_calc,21.58,23.5,15.0,28.0,-1.1,0.0,-2.75,3.0
residual::cLogP,residual_property,cLogP,-59.09090909090909,50,50,HeteroatomCount,8.7,9.0,5.0,12.0,3.12,3.0,1.0,6.0
residual::cLogP,residual_property,cLogP,-59.09090909090909,50,50,RingCount_calc,1.38,1.0,1.0,2.0,-1.38,-1.0,-2.0,-1.0
residual::cLogP,residual_property,cLogP,-59.09090909090909,50,50,AromaticRingCount_calc,0.2,0.0,0.0,0.0,-1.88,-2.0,-2.0,-1.0
residual::cLogP,residual_property,cLogP,-59.09090909090909,50,50,BondCount,21.92,23.0,15.25,30.0,-2.52,-1.0,-4.0,1.0
residual::cLogP,residual_property,cLogP,-59.09090909090909,50,50,BranchPointCount,5.3,5.0,3.0,8.0,-1.84,-2.0,-3.0,0.0
residual::cLogP,residual_property,cLogP,-59.09090909090909,50,50,AromaticAtomFraction,0.06791368631368631,0.0,0.0,0.0,-0.44467493716536177,-0.4557692307692308,-0.5274936061381075,-0.3333333333333333
residual::cLogP,residual_property,cLogP,-59.09090909090909,50,50,AromaticBondFraction,0.06488888888888888,0.0,0.0,0.0,-0.42247015950901,-0.42857142857142855,-0.5237691001697793,-0.3333333333333333
residual::cLogP,residual_property,cLogP,-56.06060606060606,50,50,MolWt,306.45288000000005,329.358,226.72499999999997,402.2350000000002,-18.26908000000001,1.7605000000000501,-38.58149999999995,21.15700000000004
residual::cLogP,residual_property,cLogP,-56.06060606060606,50,50,CarbonCount,13.2,14.0,9.0,17.0,-3.9,-3.0,-4.75,-1.25
residual::cLogP,residual_property,cLogP,-56.06060606060606,50,50,HeavyAtomCount_calc,21.56,23.0,16.0,28.0,-1.12,0.0,-2.0,2.0
residual::cLogP,residual_property,cLogP,-56.06060606060606,50,50,HeteroatomCount,8.36,8.0,6.0,11.0,2.78,3.0,1.0,4.75
residual::cLogP,residual_property,cLogP,-56.06060606060606,50,50,RingCount_calc,1.56,1.0,1.0,3.0,-1.2,-1.0,-2.0,-0.25
residual::cLogP,residual_property,cLogP,-56.06060606060606,50,50,AromaticRingCount_calc,0.3,0.0,0.0,0.75,-1.78,-2.0,-2.0,-1.0
residual::cLogP,residual_property,cLogP,-56.06060606060606,50,50,BondCount,22.08,23.5,16.0,28.0,-2.36,-1.0,-3.0,1.0
residual::cLogP,residual_property,cLogP,-56.06060606060606,50,50,BranchPointCount,5.52,5.0,3.25,8.0,-1.62,-1.5,-3.0,0.0
residual::cLogP,residual_property,cLogP,-56.06060606060606,50,50,AromaticAtomFraction,0.0988143990067903,0.0,0.0,0.15000000000000002,-0.41377422447225776,-0.42857142857142855,-0.5169632925472748,-0.27785560344827587
residual::cLogP,residual_property,cLogP,-56.06060606060606,50,50,AromaticBondFraction,0.0945482593185918,0.0,0.0,0.1388888888888889,-0.3928107890793071,-0.40689655172413797,-0.5,-0.27133665966386555
residual::cLogP,residual_property,cLogP,-53.03030303030303,50,50,MolWt,311.9522600000001,344.3405,244.50675,404.1037500000001,-12.76970000000001,3.2749999999999915,-24.054250000000003,31.77000000000004
residual::cLogP,residual_property,cLogP,-53.03030303030303,50,50,CarbonCount,13.6,14.0,10.25,17.75,-3.5,-3.0,-5.0,-1.0
residual::cLogP,residual_property,cLogP,-53.03030303030303,50,50,HeavyAtomCount_calc,21.92,24.0,17.25,28.0,-0.76,1.0,-1.0,2.0
residual::cLogP,residual_property,cLogP,-53.03030303030303,50,50,HeteroatomCount,8.32,8.5,5.25,11.0,2.74,3.0,1.0,4.0
residual::cLogP,residual_property,cLogP,-53.03030303030303,50,50,RingCount_calc,1.76,1.5,1.0,3.0,-1.0,-1.0,-2.0,0.0
residual::cLogP,residual_property,cLogP,-53.03030303030303,50,50,AromaticRingCount_calc,0.34,0.0,0.0,1.0,-1.74,-2.0,-2.0,-1.0
residual::cLogP,residual_property,cLogP,-53.03030303030303,50,50,BondCount,22.58,25.5,17.0,29.75,-1.86,0.0,-2.75,1.0
residual::cLogP,residual_property,cLogP,-53.03030303030303,50,50,BranchPointCount,5.72,6.0,3.0,8.0,-1.42,-1.0,-2.0,0.0
residual::cLogP,residual_property,cLogP,-53.03030303030303,50,50,AromaticAtomFraction,0.10450617866137474,0.0,0.0,0.19545454545454546,-0.40808244481767325,-0.4198717948717949,-0.5274936061381075,-0.26204054566123536
residual::cLogP,residual_property,cLogP,-53.03030303030303,50,50,AromaticBondFraction,0.10026943773770683,0.0,0.0,0.1880184331797235,-0.38708961066019204,-0.39642857142857146,-0.5237691001697793,-0.23415258576548897
residual::cLogP,residual_property,cLogP,-50.0,50,50,MolWt,315.61886000000004,333.3455000000001,241.62025,397.01750000000004,-9.103100000000007,2.996499999999969,-30.04624999999993,31.01700000000011
residual::cLogP,residual_property,cLogP,-50.0,50,50,CarbonCount,13.98,14.0,11.0,18.0,-3.12,-2.0,-5.0,-0.25
residual::cLogP,residual_property,cLogP,-50.0,50,50,HeavyAtomCount_calc,22.06,23.5,15.75,27.75,-0.62,0.5,-2.0,2.0
residual::cLogP,residual_property,cLogP,-50.0,50,50,HeteroatomCount,8.08,8.0,6.0,10.75,2.5,3.0,1.0,4.0
residual::cLogP,residual_property,cLogP,-50.0,50,50,RingCount_calc,1.64,1.0,1.0,2.75,-1.12,-1.0,-2.0,-1.0
residual::cLogP,residual_property,cLogP,-50.0,50,50,AromaticRingCount_calc,0.34,0.0,0.0,1.0,-1.74,-2.0,-2.0,-1.0
residual::cLogP,residual_property,cLogP,-50.0,50,50,BondCount,22.66,24.5,16.75,29.0,-1.78,0.0,-3.75,1.75
residual::cLogP,residual_property,cLogP,-50.0,50,50,BranchPointCount,5.56,6.0,3.25,8.0,-1.58,-1.0,-3.0,0.0
residual::cLogP,residual_property,cLogP,-50.0,50,50,AromaticAtomFraction,0.10710924244837287,0.0,0.0,0.21071428571428572,-0.40547938103067516,-0.4083333333333333,-0.5414438502673796,-0.2677718832891247
residual::cLogP,residual_property,cLogP,-50.0,50,50,AromaticBondFraction,0.10332055240750894,0.0,0.0,0.2,-0.38403849599038997,-0.39285714285714285,-0.530016447368421,-0.24926739926739924
residual::cLogP,residual_property,cLogP,-46.96969696969697,50,50,MolWt,311.2193600000001,323.3710000000001,237.86025,398.41300000000007,-13.502600000000015,0.4939999999999998,-35.34274999999997,18.043000000000042
residual::cLogP,residual_property,cLogP,-46.96969696969697,50,50,CarbonCount,14.06,14.5,11.0,18.0,-3.04,-2.0,-5.0,-0.25
residual::cLogP,residual_property,cLogP,-46.96969696969697,50,50,HeavyAtomCount_calc,21.76,23.0,15.75,28.0,-0.92,0.0,-2.0,1.0
residual::cLogP,residual_property,cLogP,-46.96969696969697,50,50,HeteroatomCount,7.7,7.0,5.0,10.0,2.12,2.0,1.0,4.0
residual::cLogP,residual_property,cLogP,-46.96969696969697,50,50,RingCount_calc,1.52,1.0,1.0,2.0,-1.24,-1.0,-2.0,0.0
residual::cLogP,residual_property,cLogP,-46.96969696969697,50,50,AromaticRingCount_calc,0.54,0.0,0.0,1.0,-1.54,-1.5,-2.0,-1.0
residual::cLogP,residual_property,cLogP,-46.96969696969697,50,50,BondCount,22.24,23.5,16.75,28.75,-2.2,-1.0,-4.0,1.0
residual::cLogP,residual_property,cLogP,-46.96969696969697,50,50,BranchPointCount,5.22,5.0,3.0,7.0,-1.92,-2.0,-3.0,0.0
residual::cLogP,residual_property,cLogP,-46.96969696969697,50,50,AromaticAtomFraction,0.16218314477215173,0.0,0.0,0.2795031055900621,-0.3504054787068963,-0.35120177103099304,-0.4753846153846154,-0.20251989389920427
residual::cLogP,residual_property,cLogP,-46.96969696969697,50,50,AromaticBondFraction,0.15777437304348732,0.0,0.0,0.2608695652173913,-0.3295846753544115,-0.3333333333333333,-0.4548611111111111,-0.17799599253403603
residual::cLogP,residual_property,cLogP,-43.93939393939394,50,50,MolWt,308.18890000000005,317.8440000000001,241.62025,389.6780000000001,-16.533060000000006,0.0,-42.168,16.526999999999987
residual::cLogP,residual_property,cLogP,-43.93939393939394,50,50,CarbonCount,14.2,14.5,11.25,18.0,-2.9,-2.0,-5.0,0.0
residual::cLogP,residual_property,cLogP,-43.93939393939394,50,50,HeavyAtomCount_calc,21.54,23.0,15.25,27.75,-1.14,0.0,-2.0,1.0
residual::cLogP,residual_property,cLogP,-43.93939393939394,50,50,HeteroatomCount,7.34,7.0,5.0,9.75,1.76,2.0,1.0,3.0
residual::cLogP,residual_property,cLogP,-43.93939393939394,50,50,RingCount_calc,1.38,1.0,1.0,2.0,-1.38,-1.0,-2.0,0.0
residual::cLogP,residual_property,cLogP,-43.93939393939394,50,50,AromaticRingCount_calc,0.62,0.0,0.0,1.0,-1.46,-1.0,-2.0,-1.0
residual::cLogP,residual_property,cLogP,-43.93939393939394,50,50,BondCount,21.92,23.0,16.0,28.75,-2.52,-1.0,-4.75,0.0
residual::cLogP,residual_property,cLogP,-43.93939393939394,50,50,BranchPointCount,5.38,5.5,3.25,7.0,-1.76,-2.0,-3.0,0.0
residual::cLogP,residual_property,cLogP,-43.93939393939394,50,50,AromaticAtomFraction,0.18049432609702476,0.0,0.0,0.2857142857142857,-0.33209429738202334,-0.3333333333333333,-0.46153846153846156,-0.20251989389920427
residual::cLogP,residual_property,cLogP,-43.93939393939394,50,50,AromaticBondFraction,0.175088889563631,0.0,0.0,0.26976284584980237,-0.3122701588342679,-0.3157865418894831,-0.4463736263736264,-0.17799599253403603
residual::cLogP,residual_property,cLogP,-40.90909090909091,50,50,MolWt,313.1643800000001,319.3810000000001,250.01874999999998,383.6765000000001,-11.557580000000009,0.0,-32.98175000000015,15.03374999999999
residual::cLogP,residual_property,cLogP,-40.90909090909091,50,50,CarbonCount,14.66,15.0,12.0,18.0,-2.44,-2.0,-3.75,0.0
residual::cLogP,residual_property,cLogP,-40.90909090909091,50,50,HeavyAtomCount_calc,21.9,23.0,17.25,26.75,-0.78,0.0,-1.75,1.0
residual::cLogP,residual_property,cLogP,-40.90909090909091,50,50,HeteroatomCount,7.24,7.0,4.25,9.0,1.66,1.5,0.25,3.0
residual::cLogP,residual_property,cLogP,-40.90909090909091,50,50,RingCount_calc,1.46,1.0,1.0,2.0,-1.3,-1.0,-2.0,0.0
residual::cLogP,residual_property,cLogP,-40.90909090909091,50,50,AromaticRingCount_calc,0.66,0.5,0.0,1.0,-1.42,-1.0,-2.0,-1.0
residual::cLogP,residual_property,cLogP,-40.90909090909091,50,50,BondCount,22.36,23.0,18.25,27.75,-2.08,-1.0,-4.0,0.0
residual::cLogP,residual_property,cLogP,-40.90909090909091,50,50,BranchPointCount,5.48,5.5,4.0,7.0,-1.66,-1.0,-3.0,0.0
residual::cLogP,residual_property,cLogP,-40.90909090909091,50,50,AromaticAtomFraction,0.18318114120301704,0.07575757575757576,0.0,0.2857142857142857,-0.329407482276031,-0.32380952380952377,-0.4356660955236668,-0.17911222959948594
residual::cLogP,residual_property,cLogP,-40.90909090909091,50,50,AromaticBondFraction,0.17983523192678402,0.07575757575757576,0.0,0.26976284584980237,-0.3075238164711148,-0.30330882352941174,-0.4433974358974359,-0.15637245297805644
residual::cLogP,residual_property,cLogP,-37.87878787878788,50,50,MolWt,318.2193200000001,321.32750000000004,260.862,389.4420000000002,-6.50264000000001,0.0,-13.159500000000236,16.52699999999998
residual::cLogP,residual_property,cLogP,-37.87878787878788,50,50,CarbonCount,15.46,17.0,12.25,19.0,-1.64,-1.0,-2.0,0.0
residual::cLogP,residual_property,cLogP,-37.87878787878788,50,50,HeavyAtomCount_calc,22.38,23.0,18.0,27.0,-0.3,0.0,-0.75,1.0
residual::cLogP,residual_property,cLogP,-37.87878787878788,50,50,HeteroatomCount,6.92,6.5,4.25,9.0,1.34,1.0,0.0,2.75
residual::cLogP,residual_property,cLogP,-37.87878787878788,50,50,RingCount_calc,1.74,2.0,1.0,2.0,-1.02,-1.0,-2.0,0.0
residual::cLogP,residual_property,cLogP,-37.87878787878788,50,50,AromaticRingCount_calc,0.88,1.0,0.0,1.0,-1.2,-1.0,-2.0,0.0
residual::cLogP,residual_property,cLogP,-37.87878787878788,50,50,BondCount,23.12,24.0,19.0,28.0,-1.32,0.0,-2.75,0.0
residual::cLogP,residual_property,cLogP,-37.87878787878788,50,50,BranchPointCount,6.02,6.0,4.0,8.0,-1.12,-0.5,-2.0,0.0
residual::cLogP,residual_property,cLogP,-37.87878787878788,50,50,AromaticAtomFraction,0.24298436306045001,0.2222222222222222,0.0,0.4532967032967033,-0.26960426041859814,-0.23038461538461538,-0.40625,-0.0035612535612535717
residual::cLogP,residual_property,cLogP,-37.87878787878788,50,50,AromaticBondFraction,0.23575592766137082,0.21428571428571427,0.0,0.42142857142857143,-0.2516031207365281,-0.2222222222222222,-0.37752100840336134,-0.0033866995073891654
residual::cLogP,residual_property,cLogP,-34.848484848484844,50,50,MolWt,324.01542000000006,341.43700000000007,249.00799999999998,388.70100000000014,-0.7065400000000062,0.0,-9.742749999999972,10.264000000000067
residual::cLogP,residual_property,cLogP,-34.848484848484844,50,50,CarbonCount,16.2,18.0,13.0,20.0,-0.9,0.0,-1.0,0.0
residual::cLogP,residual_property,cLogP,-34.848484848484844,50,50,HeavyAtomCount_calc,22.86,24.0,18.0,27.0,0.18,0.0,0.0,1.0
residual::cLogP,residual_property,cLogP,-34.848484848484844,50,50,HeteroatomCount,6.66,6.0,4.0,8.0,1.08,1.0,0.0,2.0
residual::cLogP,residual_property,cLogP,-34.848484848484844,50,50,RingCount_calc,2.0,2.0,1.0,3.0,-0.76,-0.5,-1.0,0.0
residual::cLogP,residual_property,cLogP,-34.848484848484844,50,50,AromaticRingCount_calc,1.18,1.0,1.0,2.0,-0.9,-1.0,-1.0,0.0
residual::cLogP,residual_property,cLogP,-34.848484848484844,50,50,BondCount,23.86,25.5,19.0,28.75,-0.58,0.0,-1.0,0.0
residual::cLogP,residual_property,cLogP,-34.848484848484844,50,50,BranchPointCount,6.48,6.5,5.0,8.0,-0.66,0.0,-1.0,0.0
residual::cLogP,residual_property,cLogP,-34.848484848484844,50,50,AromaticAtomFraction,0.3179544381635958,0.2928571428571428,0.18592436974789917,0.4753623188405797,-0.1946341853154523,-0.18131291497108587,-0.30630786038755675,0.0
residual::cLogP,residual_property,cLogP,-34.848484848484844,50,50,AromaticBondFraction,0.30771382060795544,0.26785714285714285,0.18029556650246306,0.4729032258064516,-0.17964522778994343,-0.15649490595611287,-0.2994281045751634,0.0
residual::cLogP,residual_property,cLogP,-31.818181818181813,50,50,MolWt,318.37950000000006,334.56800000000004,248.515,374.44250000000005,-6.342460000000013,0.0,-7.816500000000062,12.997250000000008
residual::cLogP,residual_property,cLogP,-31.818181818181813,50,50,CarbonCount,16.02,17.0,13.0,20.0,-1.08,0.0,-1.0,0.0
residual::cLogP,residual_property,cLogP,-31.818181818181813,50,50,HeavyAtomCount_calc,22.44,24.0,18.0,27.0,-0.24,0.0,0.0,0.0
residual::cLogP,residual_property,cLogP,-31.818181818181813,50,50,HeteroatomCount,6.42,6.0,4.0,8.0,0.84,1.0,0.0,1.75
residual::cLogP,residual_property,cLogP,-31.818181818181813,50,50,RingCount_calc,2.1,2.0,1.25,3.0,-0.66,0.0,-1.0,0.0
residual::cLogP,residual_property,cLogP,-31.818181818181813,50,50,AromaticRingCount_calc,1.26,1.0,1.0,2.0,-0.82,0.0,-1.0,0.0
residual::cLogP,residual_property,cLogP,-31.818181818181813,50,50,BondCount,23.52,25.5,18.25,28.0,-0.92,0.0,-1.75,0.0
residual::cLogP,residual_property,cLogP,-31.818181818181813,50,50,BranchPointCount,6.42,6.0,5.0,8.0,-0.72,0.0,-1.0,0.0
residual::cLogP,residual_property,cLogP,-31.818181818181813,50,50,AromaticAtomFraction,0.35214068671659626,0.3484848484848485,0.22814685314685315,0.5,-0.1604479367624518,-0.020100334448160506,-0.2972140762463343,0.0
residual::cLogP,residual_property,cLogP,-31.818181818181813,50,50,AromaticBondFraction,0.3383334313084751,0.3431372549019608,0.21859903381642512,0.495,-0.14902561708942388,-0.017167277167277145,-0.25810442754176766,0.0
residual::cLogP,residual_property,cLogP,-28.787878787878785,50,50,MolWt,317.31842000000006,338.57950000000005,248.515,384.1760000000001,-7.4035400000000156,0.0,-2.2522500000000747,0.0
residual::cLogP,residual_property,cLogP,-28.787878787878785,50,50,CarbonCount,16.4,17.5,13.0,20.0,-0.7,0.0,-0.75,0.0
residual::cLogP,residual_property,cLogP,-28.787878787878785,50,50,HeavyAtomCount_calc,22.46,24.0,18.0,27.0,-0.22,0.0,0.0,0.0
residual::cLogP,residual_property,cLogP,-28.787878787878785,50,50,HeteroatomCount,6.06,5.5,4.0,7.0,0.48,0.0,0.0,1.0
residual::cLogP,residual_property,cLogP,-28.787878787878785,50,50,RingCount_calc,2.3,2.0,2.0,3.0,-0.46,0.0,-1.0,0.0
residual::cLogP,residual_property,cLogP,-28.787878787878785,50,50,AromaticRingCount_calc,1.52,1.5,1.0,2.0,-0.56,0.0,-1.0,0.0
residual::cLogP,residual_property,cLogP,-28.787878787878785,50,50,BondCount,23.76,26.0,18.25,29.0,-0.68,0.0,0.0,0.0
residual::cLogP,residual_property,cLogP,-28.787878787878785,50,50,BranchPointCount,6.62,7.0,5.0,8.0,-0.52,0.0,-0.75,0.0
residual::cLogP,residual_property,cLogP,-28.787878787878785,50,50,AromaticAtomFraction,0.40840157869959365,0.42857142857142855,0.2425,0.5129310344827587,-0.10418704477945444,0.0,-0.21982758620689655,0.0
residual::cLogP,residual_property,cLogP,-28.787878787878785,50,50,AromaticBondFraction,0.391237786756792,0.41379310344827586,0.22916666666666666,0.5237691001697793,-0.09612126164110686,0.0,-0.19671336206896553,0.0
residual::cLogP,residual_property,cLogP,-25.757575757575765,50,50,MolWt,323.20146000000005,341.91050000000007,252.803,387.25425000000007,-1.5205000000000108,0.0,0.0,0.7409999999999997
residual::cLogP,residual_property,cLogP,-25.757575757575765,50,50,CarbonCount,16.6,18.0,13.0,20.0,-0.5,0.0,0.0,0.0
residual::cLogP,residual_property,cLogP,-25.757575757575765,50,50,HeavyAtomCount_calc,22.64,24.0,18.0,27.0,-0.04,0.0,0.0,0.0
residual::cLogP,residual_property,cLogP,-25.757575757575765,50,50,HeteroatomCount,6.04,5.5,4.0,7.0,0.46,0.0,0.0,1.0
residual::cLogP,residual_property,cLogP,-25.757575757575765,50,50,RingCount_calc,2.28,2.0,2.0,3.0,-0.48,0.0,-1.0,0.0
residual::cLogP,residual_property,cLogP,-25.757575757575765,50,50,AromaticRingCount_calc,1.54,1.5,1.0,2.0,-0.54,0.0,-1.0,0.0
residual::cLogP,residual_property,cLogP,-25.757575757575765,50,50,BondCount,23.92,26.0,18.25,29.0,-0.52,0.0,0.0,0.0
residual::cLogP,residual_property,cLogP,-25.757575757575765,50,50,BranchPointCount,6.56,7.0,5.0,8.0,-0.58,0.0,-0.75,0.0
residual::cLogP,residual_property,cLogP,-25.757575757575765,50,50,AromaticAtomFraction,0.4064281157517147,0.4365079365079365,0.2589285714285714,0.5,-0.1061605077273334,0.0,-0.21982758620689655,0.0
residual::cLogP,residual_property,cLogP,-25.757575757575765,50,50,AromaticBondFraction,0.38987791029064517,0.41379310344827586,0.25,0.5120967741935484,-0.09748113810725373,0.0,-0.19947916666666668,0.0
residual::cLogP,residual_property,cLogP,-22.727272727272734,50,50,MolWt,326.00922,348.4205000000001,252.803,386.3540000000001,1.2872599999999899,0.0,0.0,0.0
residual::cLogP,residual_property,cLogP,-22.727272727272734,50,50,CarbonCount,16.86,18.0,13.0,20.0,-0.24,0.0,0.0,0.0
residual::cLogP,residual_property,cLogP,-22.727272727272734,50,50,HeavyAtomCount_calc,22.78,24.0,18.0,27.0,0.1,0.0,0.0,0.0
residual::cLogP,residual_property,cLogP,-22.727272727272734,50,50,HeteroatomCount,5.92,5.0,4.0,7.0,0.34,0.0,0.0,0.0
residual::cLogP,residual_property,cLogP,-22.727272727272734,50,50,RingCount_calc,2.46,3.0,2.0,3.0,-0.3,0.0,0.0,0.0
residual::cLogP,residual_property,cLogP,-22.727272727272734,50,50,AromaticRingCount_calc,1.8,2.0,1.0,2.0,-0.28,0.0,0.0,0.0
residual::cLogP,residual_property,cLogP,-22.727272727272734,50,50,BondCount,24.24,26.0,18.25,29.0,-0.2,0.0,0.0,0.0
residual::cLogP,residual_property,cLogP,-22.727272727272734,50,50,BranchPointCount,6.8,7.0,5.0,9.0,-0.34,0.0,0.0,0.0
residual::cLogP,residual_property,cLogP,-22.727272727272734,50,50,AromaticAtomFraction,0.4586731944247858,0.452991452991453,0.3333333333333333,0.6321428571428571,-0.053915429054262255,0.0,-0.009677419354838734,0.0
residual::cLogP,residual_property,cLogP,-22.727272727272734,50,50,AromaticBondFraction,0.43764249881608563,0.42857142857142855,0.3333333333333333,0.5863636363636363,-0.04971654958181327,0.0,0.0,0.0
residual::cLogP,residual_property,cLogP,-19.69696969696969,50,50,MolWt,325.08622,348.4205000000001,252.803,386.3540000000001,0.3642599999999902,0.0,0.0,0.0
residual::cLogP,residual_property,cLogP,-19.69696969696969,50,50,CarbonCount,17.02,18.0,13.0,21.0,-0.08,0.0,0.0,0.0
residual::cLogP,residual_property,cLogP,-19.69696969696969,50,50,HeavyAtomCount_calc,22.74,24.0,18.0,26.75,0.06,0.0,0.0,0.0
residual::cLogP,residual_property,cLogP,-19.69696969696969,50,50,HeteroatomCount,5.72,5.0,4.0,7.0,0.14,0.0,0.0,0.0
residual::cLogP,residual_property,cLogP,-19.69696969696969,50,50,RingCount_calc,2.62,3.0,2.0,3.0,-0.14,0.0,0.0,0.0
residual::cLogP,residual_property,cLogP,-19.69696969696969,50,50,AromaticRingCount_calc,1.94,2.0,1.0,2.0,-0.14,0.0,0.0,0.0
residual::cLogP,residual_property,cLogP,-19.69696969696969,50,50,BondCount,24.36,26.0,18.25,29.0,-0.08,0.0,0.0,0.0
residual::cLogP,residual_property,cLogP,-19.69696969696969,50,50,BranchPointCount,7.0,7.0,5.0,9.0,-0.14,0.0,0.0,0.0
residual::cLogP,residual_property,cLogP,-19.69696969696969,50,50,AromaticAtomFraction,0.49109281386487985,0.4707692307692308,0.38523573200992556,0.6428571428571429,-0.021495809614168245,0.0,0.0,0.0
residual::cLogP,residual_property,cLogP,-19.69696969696969,50,50,AromaticBondFraction,0.46732076641844045,0.4444444444444444,0.37094155844155846,0.6,-0.02003828197945845,0.0,0.0,0.0
residual::cLogP,residual_property,cLogP,-16.666666666666657,50,50,MolWt,324.69406000000004,351.8940000000001,252.803,386.3540000000001,-0.02790000000000987,0.0,0.0,0.0
residual::cLogP,residual_property,cLogP,-16.666666666666657,50,50,CarbonCount,17.06,18.0,13.0,21.0,-0.04,0.0,0.0,0.0
residual::cLogP,residual_property,cLogP,-16.666666666666657,50,50,HeavyAtomCount_calc,22.7,24.0,18.0,26.75,0.02,0.0,0.0,0.0
residual::cLogP,residual_property,cLogP,-16.666666666666657,50,50,HeteroatomCount,5.64,5.0,4.0,7.0,0.06,0.0,0.0,0.0
residual::cLogP,residual_property,cLogP,-16.666666666666657,50,50,RingCount_calc,2.66,3.0,2.0,3.0,-0.1,0.0,0.0,0.0
residual::cLogP,residual_property,cLogP,-16.666666666666657,50,50,AromaticRingCount_calc,1.96,2.0,1.0,2.0,-0.12,0.0,0.0,0.0
residual::cLogP,residual_property,cLogP,-16.666666666666657,50,50,BondCount,24.36,26.0,18.25,29.0,-0.08,0.0,0.0,0.0
residual::cLogP,residual_property,cLogP,-16.666666666666657,50,50,BranchPointCount,7.04,7.0,5.0,9.0,-0.1,0.0,0.0,0.0
residual::cLogP,residual_property,cLogP,-16.666666666666657,50,50,AromaticAtomFraction,0.4922782977358475,0.48193548387096774,0.38846153846153847,0.6428571428571429,-0.020310325743200505,0.0,0.0,0.0
residual::cLogP,residual_property,cLogP,-16.666666666666657,50,50,AromaticBondFraction,0.4684972370066757,0.45138888888888884,0.37094155844155846,0.6,-0.018861811391223157,0.0,0.0,0.0
residual::cLogP,residual_property,cLogP,-13.636363636363626,50,50,MolWt,325.48384000000004,351.8940000000001,252.803,386.3540000000001,0.7618799999999919,0.0,0.0,0.0
residual::cLogP,residual_property,cLogP,-13.636363636363626,50,50,CarbonCount,17.1,18.0,13.0,21.0,0.0,0.0,0.0,0.0
residual::cLogP,residual_property,cLogP,-13.636363636363626,50,50,HeavyAtomCount_calc,22.72,24.0,18.0,26.75,0.04,0.0,0.0,0.0
residual::cLogP,residual_property,cLogP,-13.636363636363626,50,50,HeteroatomCount,5.62,5.0,4.0,7.0,0.04,0.0,0.0,0.0
residual::cLogP,residual_property,cLogP,-13.636363636363626,50,50,RingCount_calc,2.7,3.0,2.0,3.0,-0.06,0.0,0.0,0.0
residual::cLogP,residual_property,cLogP,-13.636363636363626,50,50,AromaticRingCount_calc,2.02,2.0,1.0,2.75,-0.06,0.0,0.0,0.0
residual::cLogP,residual_property,cLogP,-13.636363636363626,50,50,BondCount,24.42,26.0,18.25,29.0,-0.02,0.0,0.0,0.0
residual::cLogP,residual_property,cLogP,-13.636363636363626,50,50,BranchPointCount,7.08,7.0,5.0,9.0,-0.06,0.0,0.0,0.0
residual::cLogP,residual_property,cLogP,-13.636363636363626,50,50,AromaticAtomFraction,0.5028665330299652,0.49193548387096775,0.4041666666666667,0.6428571428571429,-0.009722090449082857,0.0,0.0,0.0
residual::cLogP,residual_property,cLogP,-13.636363636363626,50,50,AromaticBondFraction,0.47849723700667574,0.4644607843137255,0.39285714285714285,0.6,-0.008861811391223155,0.0,0.0,0.0
residual::cLogP,residual_property,cLogP,-10.606060606060597,50,50,MolWt,325.14322000000004,351.8940000000001,252.803,386.3540000000001,0.4212599999999918,0.0,0.0,0.0
residual::cLogP,residual_property,cLogP,-10.606060606060597,50,50,CarbonCount,17.1,18.0,13.0,21.0,0.0,0.0,0.0,0.0
residual::cLogP,residual_property,cLogP,-10.606060606060597,50,50,HeavyAtomCount_calc,22.7,24.0,18.0,26.75,0.02,0.0,0.0,0.0
residual::cLogP,residual_property,cLogP,-10.606060606060597,50,50,HeteroatomCount,5.6,5.0,4.0,7.0,0.02,0.0,0.0,0.0
residual::cLogP,residual_property,cLogP,-10.606060606060597,50,50,RingCount_calc,2.72,3.0,2.0,3.0,-0.04,0.0,0.0,0.0
residual::cLogP,residual_property,cLogP,-10.606060606060597,50,50,AromaticRingCount_calc,2.02,2.0,1.0,2.75,-0.06,0.0,0.0,0.0
residual::cLogP,residual_property,cLogP,-10.606060606060597,50,50,BondCount,24.42,26.0,18.25,29.0,-0.02,0.0,0.0,0.0
residual::cLogP,residual_property,cLogP,-10.606060606060597,50,50,BranchPointCount,7.1,7.0,5.0,9.0,-0.04,0.0,0.0,0.0
residual::cLogP,residual_property,cLogP,-10.606060606060597,50,50,AromaticAtomFraction,0.5031891136751265,0.49193548387096775,0.4041666666666667,0.6428571428571429,-0.009399509803921567,0.0,0.0,0.0
residual::cLogP,residual_property,cLogP,-10.606060606060597,50,50,AromaticBondFraction,0.47849723700667574,0.4644607843137255,0.39285714285714285,0.6,-0.008861811391223155,0.0,0.0,0.0
residual::cLogP,residual_property,cLogP,-7.575757575757564,50,50,MolWt,325.14322000000004,351.8940000000001,252.803,386.3540000000001,0.4212599999999918,0.0,0.0,0.0
residual::cLogP,residual_property,cLogP,-7.575757575757564,50,50,CarbonCount,17.1,18.0,13.0,21.0,0.0,0.0,0.0,0.0
residual::cLogP,residual_property,cLogP,-7.575757575757564,50,50,HeavyAtomCount_calc,22.7,24.0,18.0,26.75,0.02,0.0,0.0,0.0
residual::cLogP,residual_property,cLogP,-7.575757575757564,50,50,HeteroatomCount,5.6,5.0,4.0,7.0,0.02,0.0,0.0,0.0
residual::cLogP,residual_property,cLogP,-7.575757575757564,50,50,RingCount_calc,2.72,3.0,2.0,3.0,-0.04,0.0,0.0,0.0
residual::cLogP,residual_property,cLogP,-7.575757575757564,50,50,AromaticRingCount_calc,2.02,2.0,1.0,2.75,-0.06,0.0,0.0,0.0
residual::cLogP,residual_property,cLogP,-7.575757575757564,50,50,BondCount,24.42,26.0,18.25,29.0,-0.02,0.0,0.0,0.0
residual::cLogP,residual_property,cLogP,-7.575757575757564,50,50,BranchPointCount,7.1,7.0,5.0,9.0,-0.04,0.0,0.0,0.0
residual::cLogP,residual_property,cLogP,-7.575757575757564,50,50,AromaticAtomFraction,0.5031891136751265,0.49193548387096775,0.4041666666666667,0.6428571428571429,-0.009399509803921567,0.0,0.0,0.0
residual::cLogP,residual_property,cLogP,-7.575757575757564,50,50,AromaticBondFraction,0.47849723700667574,0.4644607843137255,0.39285714285714285,0.6,-0.008861811391223155,0.0,0.0,0.0
residual::cLogP,residual_property,cLogP,-4.545454545454561,50,50,MolWt,325.14322000000004,351.8940000000001,252.803,386.3540000000001,0.4212599999999918,0.0,0.0,0.0
residual::cLogP,residual_property,cLogP,-4.545454545454561,50,50,CarbonCount,17.1,18.0,13.0,21.0,0.0,0.0,0.0,0.0
residual::cLogP,residual_property,cLogP,-4.545454545454561,50,50,HeavyAtomCount_calc,22.7,24.0,18.0,26.75,0.02,0.0,0.0,0.0
residual::cLogP,residual_property,cLogP,-4.545454545454561,50,50,HeteroatomCount,5.6,5.0,4.0,7.0,0.02,0.0,0.0,0.0
residual::cLogP,residual_property,cLogP,-4.545454545454561,50,50,RingCount_calc,2.72,3.0,2.0,3.0,-0.04,0.0,0.0,0.0
residual::cLogP,residual_property,cLogP,-4.545454545454561,50,50,AromaticRingCount_calc,2.02,2.0,1.0,2.75,-0.06,0.0,0.0,0.0
residual::cLogP,residual_property,cLogP,-4.545454545454561,50,50,BondCount,24.42,26.0,18.25,29.0,-0.02,0.0,0.0,0.0
residual::cLogP,residual_property,cLogP,-4.545454545454561,50,50,BranchPointCount,7.1,7.0,5.0,9.0,-0.04,0.0,0.0,0.0
residual::cLogP,residual_property,cLogP,-4.545454545454561,50,50,AromaticAtomFraction,0.5031891136751265,0.49193548387096775,0.4041666666666667,0.6428571428571429,-0.009399509803921567,0.0,0.0,0.0
residual::cLogP,residual_property,cLogP,-4.545454545454561,50,50,AromaticBondFraction,0.47849723700667574,0.4644607843137255,0.39285714285714285,0.6,-0.008861811391223155,0.0,0.0,0.0
residual::cLogP,residual_property,cLogP,-1.5151515151515298,50,50,MolWt,325.46408,351.8940000000001,252.803,386.3540000000001,0.7421199999999964,0.0,0.0,0.0
residual::cLogP,residual_property,cLogP,-1.5151515151515298,50,50,CarbonCount,17.12,18.0,13.0,21.0,0.02,0.0,0.0,0.0
residual::cLogP,residual_property,cLogP,-1.5151515151515298,50,50,HeavyAtomCount_calc,22.72,24.0,18.0,26.75,0.04,0.0,0.0,0.0
residual::cLogP,residual_property,cLogP,-1.5151515151515298,50,50,HeteroatomCount,5.6,5.0,4.0,7.0,0.02,0.0,0.0,0.0
residual::cLogP,residual_property,cLogP,-1.5151515151515298,50,50,RingCount_calc,2.7,3.0,2.0,3.0,-0.06,0.0,0.0,0.0
residual::cLogP,residual_property,cLogP,-1.5151515151515298,50,50,AromaticRingCount_calc,2.0,2.0,1.0,2.0,-0.08,0.0,0.0,0.0
residual::cLogP,residual_property,cLogP,-1.5151515151515298,50,50,BondCount,24.42,26.0,18.25,29.0,-0.02,0.0,0.0,0.0
residual::cLogP,residual_property,cLogP,-1.5151515151515298,50,50,BranchPointCount,7.04,7.0,5.0,9.0,-0.1,0.0,0.0,0.0
residual::cLogP,residual_property,cLogP,-1.5151515151515298,50,50,AromaticAtomFraction,0.5003866943202877,0.49,0.38846153846153847,0.6428571428571429,-0.012201929158760278,0.0,0.0,0.0
residual::cLogP,residual_property,cLogP,-1.5151515151515298,50,50,AromaticBondFraction,0.4755560605360875,0.45138888888888884,0.37094155844155846,0.6,-0.011802987861811389,0.0,0.0,0.0
residual::cLogP,residual_property,cLogP,1.5151515151515014,50,50,MolWt,325.08314000000007,351.8940000000001,252.803,386.3540000000001,0.3611799999999982,0.0,0.0,0.0
residual::cLogP,residual_property,cLogP,1.5151515151515014,50,50,CarbonCount,17.12,18.0,13.0,21.0,0.02,0.0,0.0,0.0
residual::cLogP,residual_property,cLogP,1.5151515151515014,50,50,HeavyAtomCount_calc,22.7,24.0,18.0,26.75,0.02,0.0,0.0,0.0
residual::cLogP,residual_property,cLogP,1.5151515151515014,50,50,HeteroatomCount,5.58,5.0,4.0,7.0,0.0,0.0,0.0,0.0
residual::cLogP,residual_property,cLogP,1.5151515151515014,50,50,RingCount_calc,2.74,3.0,2.0,3.0,-0.02,0.0,0.0,0.0
residual::cLogP,residual_property,cLogP,1.5151515151515014,50,50,AromaticRingCount_calc,2.04,2.0,1.0,2.75,-0.04,0.0,0.0,0.0
residual::cLogP,residual_property,cLogP,1.5151515151515014,50,50,BondCount,24.44,26.0,18.25,29.0,0.0,0.0,0.0,0.0
residual::cLogP,residual_property,cLogP,1.5151515151515014,50,50,BranchPointCount,7.1,7.0,5.0,9.0,-0.04,0.0,0.0,0.0
residual::cLogP,residual_property,cLogP,1.5151515151515014,50,50,AromaticAtomFraction,0.5066612041242093,0.5,0.4041666666666667,0.6520935960591133,-0.00592741935483871,0.0,0.0,0.0
residual::cLogP,residual_property,cLogP,1.5151515151515014,50,50,AromaticBondFraction,0.48147669545672245,0.4644607843137255,0.39285714285714285,0.6236842105263157,-0.00588235294117647,0.0,0.0,0.0
residual::cLogP,residual_property,cLogP,4.5454545454545325,50,50,MolWt,325.08314000000007,351.8940000000001,252.803,386.3540000000001,0.3611799999999982,0.0,0.0,0.0
residual::cLogP,residual_property,cLogP,4.5454545454545325,50,50,CarbonCount,17.12,18.0,13.0,21.0,0.02,0.0,0.0,0.0
residual::cLogP,residual_property,cLogP,4.5454545454545325,50,50,HeavyAtomCount_calc,22.7,24.0,18.0,26.75,0.02,0.0,0.0,0.0
residual::cLogP,residual_property,cLogP,4.5454545454545325,50,50,HeteroatomCount,5.58,5.0,4.0,7.0,0.0,0.0,0.0,0.0
residual::cLogP,residual_property,cLogP,4.5454545454545325,50,50,RingCount_calc,2.74,3.0,2.0,3.0,-0.02,0.0,0.0,0.0
residual::cLogP,residual_property,cLogP,4.5454545454545325,50,50,AromaticRingCount_calc,2.04,2.0,1.0,2.75,-0.04,0.0,0.0,0.0
residual::cLogP,residual_property,cLogP,4.5454545454545325,50,50,BondCount,24.44,26.0,18.25,29.0,0.0,0.0,0.0,0.0
residual::cLogP,residual_property,cLogP,4.5454545454545325,50,50,BranchPointCount,7.1,7.0,5.0,9.0,-0.04,0.0,0.0,0.0
residual::cLogP,residual_property,cLogP,4.5454545454545325,50,50,AromaticAtomFraction,0.5066612041242093,0.5,0.4041666666666667,0.6520935960591133,-0.00592741935483871,0.0,0.0,0.0
residual::cLogP,residual_property,cLogP,4.5454545454545325,50,50,AromaticBondFraction,0.48147669545672245,0.4644607843137255,0.39285714285714285,0.6236842105263157,-0.00588235294117647,0.0,0.0,0.0
residual::cLogP,residual_property,cLogP,7.575757575757564,50,50,MolWt,325.27272000000005,351.8940000000001,252.803,386.3540000000001,0.550759999999999,0.0,0.0,0.0
residual::cLogP,residual_property,cLogP,7.575757575757564,50,50,CarbonCount,17.12,18.0,13.0,21.0,0.02,0.0,0.0,0.0
residual::cLogP,residual_property,cLogP,7.575757575757564,50,50,HeavyAtomCount_calc,22.68,24.0,18.0,26.75,0.0,0.0,0.0,0.0
residual::cLogP,residual_property,cLogP,7.575757575757564,50,50,HeteroatomCount,5.56,5.0,4.0,7.0,-0.02,0.0,0.0,0.0
residual::cLogP,residual_property,cLogP,7.575757575757564,50,50,RingCount_calc,2.72,3.0,2.0,3.0,-0.04,0.0,0.0,0.0
residual::cLogP,residual_property,cLogP,7.575757575757564,50,50,AromaticRingCount_calc,2.02,2.0,1.0,2.0,-0.06,0.0,0.0,0.0
residual::cLogP,residual_property,cLogP,7.575757575757564,50,50,BondCount,24.4,26.0,18.25,29.0,-0.04,0.0,0.0,0.0
residual::cLogP,residual_property,cLogP,7.575757575757564,50,50,BranchPointCount,7.06,7.0,5.0,9.0,-0.08,0.0,0.0,0.0
residual::cLogP,residual_property,cLogP,7.575757575757564,50,50,AromaticAtomFraction,0.503345696102819,0.49,0.38846153846153847,0.6520935960591133,-0.009242927376229084,0.0,0.0,0.0
residual::cLogP,residual_property,cLogP,7.575757575757564,50,50,AromaticBondFraction,0.4785355189861342,0.45138888888888884,0.37094155844155846,0.6236842105263157,-0.008823529411764704,0.0,0.0,0.0
residual::cLogP,residual_property,cLogP,10.606060606060597,50,50,MolWt,325.2015200000001,351.8940000000001,252.803,386.3540000000001,0.47955999999999904,0.0,0.0,0.0
residual::cLogP,residual_property,cLogP,10.606060606060597,50,50,CarbonCount,17.08,18.0,13.0,21.0,-0.02,0.0,0.0,0.0
residual::cLogP,residual_property,cLogP,10.606060606060597,50,50,HeavyAtomCount_calc,22.64,24.0,18.0,26.75,-0.04,0.0,0.0,0.0
residual::cLogP,residual_property,cLogP,10.606060606060597,50,50,HeteroatomCount,5.56,5.0,4.0,7.0,-0.02,0.0,0.0,0.0
residual::cLogP,residual_property,cLogP,10.606060606060597,50,50,RingCount_calc,2.68,3.0,2.0,3.0,-0.08,0.0,0.0,0.0
residual::cLogP,residual_property,cLogP,10.606060606060597,50,50,AromaticRingCount_calc,1.98,2.0,1.0,2.0,-0.1,0.0,0.0,0.0
residual::cLogP,residual_property,cLogP,10.606060606060597,50,50,BondCount,24.32,26.0,18.25,29.0,-0.12,0.0,0.0,0.0
residual::cLogP,residual_property,cLogP,10.606060606060597,50,50,BranchPointCount,6.98,7.0,5.0,9.0,-0.16,0.0,0.0,0.0
residual::cLogP,residual_property,cLogP,10.606060606060597,50,50,AromaticAtomFraction,0.49775429825335654,0.4707692307692308,0.38523573200992556,0.6428571428571429,-0.014834325225691449,0.0,0.0,0.0
residual::cLogP,residual_property,cLogP,10.606060606060597,50,50,AromaticBondFraction,0.4732577412083564,0.4444444444444444,0.3664772727272727,0.6,-0.014101307189542483,0.0,0.0,0.0
residual::cLogP,residual_property,cLogP,13.636363636363626,50,50,MolWt,326.5194600000001,351.8940000000001,252.803,386.3540000000001,1.7975000000000012,0.0,0.0,0.0
residual::cLogP,residual_property,cLogP,13.636363636363626,50,50,CarbonCount,17.08,18.0,13.0,21.0,-0.02,0.0,0.0,0.0
residual::cLogP,residual_property,cLogP,13.636363636363626,50,50,HeavyAtomCount_calc,22.64,24.0,18.0,26.75,-0.04,0.0,0.0,0.0
residual::cLogP,residual_property,cLogP,13.636363636363626,50,50,HeteroatomCount,5.56,5.0,4.0,7.0,-0.02,0.0,0.0,0.0
residual::cLogP,residual_property,cLogP,13.636363636363626,50,50,RingCount_calc,2.66,3.0,2.0,3.0,-0.1,0.0,0.0,0.0
residual::cLogP,residual_property,cLogP,13.636363636363626,50,50,AromaticRingCount_calc,1.98,2.0,1.0,2.0,-0.1,0.0,0.0,0.0
residual::cLogP,residual_property,cLogP,13.636363636363626,50,50,BondCount,24.3,26.0,18.25,29.0,-0.14,0.0,0.0,0.0
residual::cLogP,residual_property,cLogP,13.636363636363626,50,50,BranchPointCount,6.96,7.0,5.0,9.0,-0.18,0.0,0.0,0.0
residual::cLogP,residual_property,cLogP,13.636363636363626,50,50,AromaticAtomFraction,0.49775429825335654,0.4707692307692308,0.38523573200992556,0.6428571428571429,-0.014834325225691449,0.0,0.0,0.0
residual::cLogP,residual_property,cLogP,13.636363636363626,50,50,AromaticBondFraction,0.47336469308001417,0.4444444444444444,0.3664772727272727,0.6,-0.013994355317884727,0.0,0.0,0.0
residual::cLogP,residual_property,cLogP,16.666666666666657,50,50,MolWt,326.5194600000001,351.8940000000001,252.803,386.3540000000001,1.7975000000000012,0.0,0.0,0.0
residual::cLogP,residual_property,cLogP,16.666666666666657,50,50,CarbonCount,17.08,18.0,13.0,21.0,-0.02,0.0,0.0,0.0
residual::cLogP,residual_property,cLogP,16.666666666666657,50,50,HeavyAtomCount_calc,22.64,24.0,18.0,26.75,-0.04,0.0,0.0,0.0
residual::cLogP,residual_property,cLogP,16.666666666666657,50,50,HeteroatomCount,5.56,5.0,4.0,7.0,-0.02,0.0,0.0,0.0
residual::cLogP,residual_property,cLogP,16.666666666666657,50,50,RingCount_calc,2.66,3.0,2.0,3.0,-0.1,0.0,0.0,0.0
residual::cLogP,residual_property,cLogP,16.666666666666657,50,50,AromaticRingCount_calc,1.98,2.0,1.0,2.0,-0.1,0.0,0.0,0.0
residual::cLogP,residual_property,cLogP,16.666666666666657,50,50,BondCount,24.3,26.0,18.25,29.0,-0.14,0.0,0.0,0.0
residual::cLogP,residual_property,cLogP,16.666666666666657,50,50,BranchPointCount,6.96,7.0,5.0,9.0,-0.18,0.0,0.0,0.0
residual::cLogP,residual_property,cLogP,16.666666666666657,50,50,AromaticAtomFraction,0.49775429825335654,0.4707692307692308,0.38523573200992556,0.6428571428571429,-0.014834325225691449,0.0,0.0,0.0
residual::cLogP,residual_property,cLogP,16.666666666666657,50,50,AromaticBondFraction,0.47336469308001417,0.4444444444444444,0.3664772727272727,0.6,-0.013994355317884727,0.0,0.0,0.0
residual::cLogP,residual_property,cLogP,19.69696969696969,50,50,MolWt,326.2877800000001,348.4205000000001,252.803,386.3540000000001,1.5658199999999953,0.0,0.0,0.0
residual::cLogP,residual_property,cLogP,19.69696969696969,50,50,CarbonCount,17.08,18.0,13.0,20.75,-0.02,0.0,0.0,0.0
residual::cLogP,residual_property,cLogP,19.69696969696969,50,50,HeavyAtomCount_calc,22.6,23.5,18.0,26.75,-0.08,0.0,0.0,0.0
residual::cLogP,residual_property,cLogP,19.69696969696969,50,50,HeteroatomCount,5.52,5.0,4.0,7.0,-0.06,0.0,0.0,0.0
residual::cLogP,residual_property,cLogP,19.69696969696969,50,50,RingCount_calc,2.66,3.0,2.0,3.0,-0.1,0.0,0.0,0.0
residual::cLogP,residual_property,cLogP,19.69696969696969,50,50,AromaticRingCount_calc,1.94,2.0,1.0,2.0,-0.14,0.0,0.0,0.0
residual::cLogP,residual_property,cLogP,19.69696969696969,50,50,BondCount,24.26,26.0,18.25,29.0,-0.18,0.0,0.0,0.0
residual::cLogP,residual_property,cLogP,19.69696969696969,50,50,BranchPointCount,6.9,7.0,5.0,9.0,-0.24,0.0,0.0,0.0
residual::cLogP,residual_property,cLogP,19.69696969696969,50,50,AromaticAtomFraction,0.48835063850931865,0.4707692307692308,0.3664772727272727,0.6428571428571429,-0.024237984969729388,0.0,0.0,0.0
residual::cLogP,residual_property,cLogP,19.69696969696969,50,50,AromaticBondFraction,0.46405052597172947,0.4444444444444444,0.35294117647058826,0.6,-0.02330852242616948,0.0,0.0,0.0
residual::cLogP,residual_property,cLogP,22.72727272727272,50,50,MolWt,326.1358600000001,348.4205000000001,252.803,386.3540000000001,1.4138999999999988,0.0,0.0,0.0
residual::cLogP,residual_property,cLogP,22.72727272727272,50,50,CarbonCount,17.06,18.0,13.0,20.75,-0.04,0.0,0.0,0.0
residual::cLogP,residual_property,cLogP,22.72727272727272,50,50,HeavyAtomCount_calc,22.56,23.5,18.0,26.75,-0.12,0.0,0.0,0.0
residual::cLogP,residual_property,cLogP,22.72727272727272,50,50,HeteroatomCount,5.5,5.0,4.0,7.0,-0.08,0.0,0.0,0.0
residual::cLogP,residual_property,cLogP,22.72727272727272,50,50,RingCount_calc,2.68,3.0,2.0,3.0,-0.08,0.0,0.0,0.0
residual::cLogP,residual_property,cLogP,22.72727272727272,50,50,AromaticRingCount_calc,1.96,2.0,1.0,2.0,-0.12,0.0,0.0,0.0
residual::cLogP,residual_property,cLogP,22.72727272727272,50,50,BondCount,24.24,26.0,18.25,29.0,-0.2,0.0,0.0,0.0
residual::cLogP,residual_property,cLogP,22.72727272727272,50,50,BranchPointCount,6.94,7.0,5.0,9.0,-0.2,0.0,0.0,0.0
residual::cLogP,residual_property,cLogP,22.72727272727272,50,50,AromaticAtomFraction,0.49169112411067384,0.49,0.37740384615384615,0.6520935960591133,-0.02089749936837422,0.0,0.0,0.0
residual::cLogP,residual_property,cLogP,22.72727272727272,50,50,AromaticBondFraction,0.4681623300835336,0.45138888888888884,0.3556149732620321,0.6115384615384616,-0.019196718314365372,0.0,0.0,0.0
residual::cLogP,residual_property,cLogP,25.75757575757575,50,50,MolWt,325.02306000000004,348.9605000000001,252.803,382.2672500000001,0.30109999999999104,0.0,0.0,0.0
residual::cLogP,residual_property,cLogP,25.75757575757575,50,50,CarbonCount,17.12,17.5,13.0,21.0,0.02,0.0,0.0,0.0
residual::cLogP,residual_property,cLogP,25.75757575757575,50,50,HeavyAtomCount_calc,22.5,24.0,18.0,26.75,-0.18,0.0,0.0,0.0
residual::cLogP,residual_property,cLogP,25.75757575757575,50,50,HeteroatomCount,5.38,5.0,4.0,7.0,-0.2,0.0,0.0,0.0
residual::cLogP,residual_property,cLogP,25.75757575757575,50,50,RingCount_calc,2.64,3.0,2.0,3.0,-0.12,0.0,0.0,0.0
residual::cLogP,residual_property,cLogP,25.75757575757575,50,50,AromaticRingCount_calc,1.88,2.0,1.0,2.0,-0.2,0.0,0.0,0.0
residual::cLogP,residual_property,cLogP,25.75757575757575,50,50,BondCount,24.14,26.0,18.25,28.75,-0.3,0.0,0.0,0.0
residual::cLogP,residual_property,cLogP,25.75757575757575,50,50,BranchPointCount,6.88,7.0,5.0,9.0,-0.26,0.0,0.0,0.0
residual::cLogP,residual_property,cLogP,25.75757575757575,50,50,AromaticAtomFraction,0.4749784856954492,0.46153846153846156,0.3495297805642633,0.6520935960591133,-0.037610137783598854,0.0,0.0,0.0
residual::cLogP,residual_property,cLogP,25.75757575757575,50,50,AromaticBondFraction,0.4528417358124195,0.4365079365079365,0.3460477941176471,0.6115384615384616,-0.0345173125854794,0.0,0.0,0.0
residual::cLogP,residual_property,cLogP,28.787878787878785,50,50,MolWt,329.13498000000004,348.9605000000001,252.803,387.35575000000006,4.413019999999998,0.0,0.0,0.06600000000001671
residual::cLogP,residual_property,cLogP,28.787878787878785,50,50,CarbonCount,17.24,17.0,13.0,21.0,0.14,0.0,0.0,0.0
residual::cLogP,residual_property,cLogP,28.787878787878785,50,50,HeavyAtomCount_calc,22.46,23.0,18.0,26.75,-0.22,0.0,0.0,0.0
residual::cLogP,residual_property,cLogP,28.787878787878785,50,50,HeteroatomCount,5.22,5.0,4.0,6.75,-0.36,0.0,0.0,0.0
residual::cLogP,residual_property,cLogP,28.787878787878785,50,50,RingCount_calc,2.5,3.0,2.0,3.0,-0.26,0.0,0.0,0.0
residual::cLogP,residual_property,cLogP,28.787878787878785,50,50,AromaticRingCount_calc,1.74,2.0,1.0,2.0,-0.34,0.0,0.0,0.0
residual::cLogP,residual_property,cLogP,28.787878787878785,50,50,BondCount,23.96,26.0,18.25,28.75,-0.48,0.0,0.0,0.0
residual::cLogP,residual_property,cLogP,28.787878787878785,50,50,BranchPointCount,6.66,7.0,5.0,8.0,-0.48,0.0,0.0,0.0
residual::cLogP,residual_property,cLogP,28.787878787878785,50,50,AromaticAtomFraction,0.44766741395859033,0.4365079365079365,0.3333333333333333,0.6321428571428571,-0.06492120952045768,0.0,-0.012931034482758647,0.0
residual::cLogP,residual_property,cLogP,28.787878787878785,50,50,AromaticBondFraction,0.42805707956490946,0.41522988505747127,0.3125,0.5863636363636363,-0.05930196883298937,0.0,-0.012096774193548376,0.0
residual::cLogP,residual_property,cLogP,31.818181818181813,50,50,MolWt,331.7868200000001,351.9525000000001,252.803,397.5535000000001,7.064859999999997,0.0,0.0,8.858000000000047
residual::cLogP,residual_property,cLogP,31.818181818181813,50,50,CarbonCount,17.52,17.5,13.0,21.0,0.42,0.0,0.0,1.0
residual::cLogP,residual_property,cLogP,31.818181818181813,50,50,HeavyAtomCount_calc,22.5,23.0,18.0,27.0,-0.18,0.0,0.0,0.0
residual::cLogP,residual_property,cLogP,31.818181818181813,50,50,HeteroatomCount,4.98,5.0,4.0,6.75,-0.6,0.0,-1.0,0.0
residual::cLogP,residual_property,cLogP,31.818181818181813,50,50,RingCount_calc,2.42,2.5,2.0,3.0,-0.34,0.0,-1.0,0.0
residual::cLogP,residual_property,cLogP,31.818181818181813,50,50,AromaticRingCount_calc,1.58,1.5,1.0,2.0,-0.5,0.0,-1.0,0.0
residual::cLogP,residual_property,cLogP,31.818181818181813,50,50,BondCount,23.9,26.0,18.25,28.0,-0.54,0.0,-1.0,0.0
residual::cLogP,residual_property,cLogP,31.818181818181813,50,50,BranchPointCount,6.4,7.0,5.0,8.0,-0.74,0.0,-1.0,0.0
residual::cLogP,residual_property,cLogP,31.818181818181813,50,50,AromaticAtomFraction,0.40452045654695,0.4258241758241758,0.25271739130434784,0.5395256916996047,-0.10806816693209811,0.0,-0.17187863287607533,0.0
residual::cLogP,residual_property,cLogP,31.818181818181813,50,50,AromaticBondFraction,0.38611115545858987,0.40689655172413797,0.2382943143812709,0.5406698564593301,-0.10124789293930903,0.0,-0.1674982492997199,0.0
residual::cLogP,residual_property,cLogP,34.848484848484844,50,50,MolWt,332.0099400000001,342.44450000000006,249.84499999999997,399.3955000000001,7.287979999999985,0.0,-0.7409999999999997,17.643
residual::cLogP,residual_property,cLogP,34.848484848484844,50,50,CarbonCount,17.84,18.0,14.0,21.75,0.74,0.5,0.0,1.0
residual::cLogP,residual_property,cLogP,34.848484848484844,50,50,HeavyAtomCount_calc,22.54,23.0,18.0,27.0,-0.14,0.0,0.0,0.0
residual::cLogP,residual_property,cLogP,34.848484848484844,50,50,HeteroatomCount,4.7,5.0,3.0,5.75,-0.88,-1.0,-2.0,0.0
residual::cLogP,residual_property,cLogP,34.848484848484844,50,50,RingCount_calc,2.48,3.0,2.0,3.0,-0.28,0.0,-1.0,0.0
residual::cLogP,residual_property,cLogP,34.848484848484844,50,50,AromaticRingCount_calc,1.4,1.0,1.0,2.0,-0.68,0.0,-1.0,0.0
residual::cLogP,residual_property,cLogP,34.848484848484844,50,50,BondCount,23.98,26.0,18.25,29.0,-0.46,0.0,-0.75,0.0
residual::cLogP,residual_property,cLogP,34.848484848484844,50,50,BranchPointCount,6.52,7.0,5.0,8.0,-0.62,0.0,-1.0,0.0
residual::cLogP,residual_property,cLogP,34.848484848484844,50,50,AromaticAtomFraction,0.34862512026945175,0.34888438133874244,0.19516129032258064,0.5,-0.16396350320959638,-0.004273504273504286,-0.293706797235023,0.0
residual::cLogP,residual_property,cLogP,34.848484848484844,50,50,AromaticBondFraction,0.33308492578627963,0.3333333333333333,0.18444055944055945,0.5,-0.1542741226116193,-0.003968253968253968,-0.27907754010695185,0.0
residual::cLogP,residual_property,cLogP,37.87878787878788,50,50,MolWt,336.3974600000001,349.6910000000001,255.79475,402.02425000000017,11.675499999999984,0.0,-1.725999999999999,21.36625
residual::cLogP,residual_property,cLogP,37.87878787878788,50,50,CarbonCount,18.02,18.5,14.0,22.0,0.92,1.0,0.0,2.0
residual::cLogP,residual_property,cLogP,37.87878787878788,50,50,HeavyAtomCount_calc,22.58,23.5,18.0,27.75,-0.1,0.0,0.0,0.0
residual::cLogP,residual_property,cLogP,37.87878787878788,50,50,HeteroatomCount,4.56,4.0,3.0,6.0,-1.02,-1.0,-2.0,0.0
residual::cLogP,residual_property,cLogP,37.87878787878788,50,50,RingCount_calc,2.48,2.5,2.0,3.0,-0.28,0.0,-1.0,0.0
residual::cLogP,residual_property,cLogP,37.87878787878788,50,50,AromaticRingCount_calc,1.38,1.0,1.0,2.0,-0.7,0.0,-1.0,0.0
residual::cLogP,residual_property,cLogP,37.87878787878788,50,50,BondCount,24.0,26.0,18.25,29.0,-0.44,0.0,-1.0,0.0
residual::cLogP,residual_property,cLogP,37.87878787878788,50,50,BranchPointCount,6.48,7.0,5.0,8.75,-0.66,0.0,-1.0,0.0
residual::cLogP,residual_property,cLogP,37.87878787878788,50,50,AromaticAtomFraction,0.3516865868237437,0.3431372549019608,0.20434782608695654,0.5,-0.16090203665530445,-0.013620689655172435,-0.29642857142857143,0.0
residual::cLogP,residual_property,cLogP,37.87878787878788,50,50,AromaticBondFraction,0.33730117361632783,0.3333333333333333,0.18870192307692307,0.5,-0.15005787478157104,-0.00962109785639198,-0.25730519480519476,0.0
residual::cLogP,residual_property,cLogP,40.90909090909091,50,50,MolWt,340.27280000000013,358.4000000000001,255.79475,416.0602500000002,15.550839999999983,0.533999999999935,-0.9880000000000422,26.445749999999975
residual::cLogP,residual_property,cLogP,40.90909090909091,50,50,CarbonCount,18.42,20.0,13.25,23.0,1.32,1.0,0.0,2.0
residual::cLogP,residual_property,cLogP,40.90909090909091,50,50,HeavyAtomCount_calc,22.78,24.0,18.0,27.75,0.1,0.0,0.0,1.0
residual::cLogP,residual_property,cLogP,40.90909090909091,50,50,HeteroatomCount,4.36,4.0,3.0,5.75,-1.22,-1.0,-2.0,0.0
residual::cLogP,residual_property,cLogP,40.90909090909091,50,50,RingCount_calc,2.3,2.0,2.0,3.0,-0.46,0.0,-1.0,0.0
residual::cLogP,residual_property,cLogP,40.90909090909091,50,50,AromaticRingCount_calc,1.26,1.0,1.0,2.0,-0.82,-0.5,-1.75,0.0
residual::cLogP,residual_property,cLogP,40.90909090909091,50,50,BondCount,24.06,26.0,18.25,29.0,-0.38,0.0,-1.0,0.75
residual::cLogP,residual_property,cLogP,40.90909090909091,50,50,BranchPointCount,6.22,6.5,5.0,8.0,-0.92,0.0,-2.0,0.0
residual::cLogP,residual_property,cLogP,40.90909090909091,50,50,AromaticAtomFraction,0.3225893414928212,0.3,0.17402597402597403,0.4916666666666667,-0.18999928198622695,-0.0560355306217859,-0.3518207282913165,0.0
residual::cLogP,residual_property,cLogP,40.90909090909091,50,50,AromaticBondFraction,0.3114617496585453,0.2857142857142857,0.16573926868044517,0.4861111111111111,-0.1758972987393536,-0.044016645119586306,-0.3367117117117117,0.0
residual::cLogP,residual_property,cLogP,43.93939393939394,50,50,MolWt,338.70752000000016,348.16600000000005,255.79475,417.59800000000024,13.985560000000005,0.040000000000020464,-0.9880000000000422,22.35474999999999
residual::cLogP,residual_property,cLogP,43.93939393939394,50,50,CarbonCount,18.48,20.0,13.25,23.0,1.38,1.0,0.0,3.0
residual::cLogP,residual_property,cLogP,43.93939393939394,50,50,HeavyAtomCount_calc,22.72,24.0,18.0,28.0,0.04,0.0,0.0,1.0
residual::cLogP,residual_property,cLogP,43.93939393939394,50,50,HeteroatomCount,4.24,4.0,3.0,5.0,-1.34,-1.0,-2.0,0.0
residual::cLogP,residual_property,cLogP,43.93939393939394,50,50,RingCount_calc,2.16,2.0,1.0,3.0,-0.6,-0.5,-1.0,0.0
residual::cLogP,residual_property,cLogP,43.93939393939394,50,50,AromaticRingCount_calc,1.06,1.0,0.0,2.0,-1.02,-1.0,-2.0,0.0
residual::cLogP,residual_property,cLogP,43.93939393939394,50,50,BondCount,23.86,25.5,18.25,29.0,-0.58,0.0,-1.0,0.0
residual::cLogP,residual_property,cLogP,43.93939393939394,50,50,BranchPointCount,6.1,6.0,5.0,8.0,-1.04,-1.0,-2.0,0.0
residual::cLogP,residual_property,cLogP,43.93939393939394,50,50,AromaticAtomFraction,0.27985491003780966,0.25043478260869567,0.0,0.44047619047619047,-0.23273371344123842,-0.20148854144356396,-0.46153846153846156,0.0
residual::cLogP,residual_property,cLogP,43.93939393939394,50,50,AromaticBondFraction,0.2714173083673825,0.2361111111111111,0.0,0.42234848484848486,-0.21594174003051642,-0.21061827956989246,-0.42487684729064035,0.0
residual::cLogP,residual_property,cLogP,46.96969696969697,50,50,MolWt,343.9203800000001,356.37350000000004,262.3335,426.46775000000014,19.198420000000002,15.035000000000025,-0.05349999999999966,39.25424999999994
residual::cLogP,residual_property,cLogP,46.96969696969697,50,50,CarbonCount,18.84,20.0,13.25,23.0,1.74,2.0,0.0,3.0
residual::cLogP,residual_property,cLogP,46.96969696969697,50,50,HeavyAtomCount_calc,22.82,24.0,17.25,27.75,0.14,0.0,-0.75,1.0
residual::cLogP,residual_property,cLogP,46.96969696969697,50,50,HeteroatomCount,3.98,4.0,3.0,5.0,-1.6,-2.0,-2.0,0.0
residual::cLogP,residual_property,cLogP,46.96969696969697,50,50,RingCount_calc,2.04,2.0,1.0,3.0,-0.72,-1.0,-1.0,0.0
residual::cLogP,residual_property,cLogP,46.96969696969697,50,50,AromaticRingCount_calc,0.9,1.0,0.0,1.0,-1.18,-1.0,-2.0,0.0
residual::cLogP,residual_property,cLogP,46.96969696969697,50,50,BondCount,23.86,25.0,17.25,29.0,-0.58,0.0,-1.0,0.75
residual::cLogP,residual_property,cLogP,46.96969696969697,50,50,BranchPointCount,5.88,6.0,4.0,7.75,-1.26,-1.0,-2.0,0.0
residual::cLogP,residual_property,cLogP,46.96969696969697,50,50,AromaticAtomFraction,0.24345217731109975,0.2222222222222222,0.0,0.42487684729064035,-0.26913644616794835,-0.27619047619047615,-0.4635989010989011,-0.022569444444444434
residual::cLogP,residual_property,cLogP,46.96969696969697,50,50,AromaticBondFraction,0.23632039685212963,0.2111111111111111,0.0,0.4103448275862069,-0.25103865154576926,-0.25089605734767023,-0.44047619047619047,-0.003694581280788173
residual::cLogP,residual_property,cLogP,50.0,50,50,MolWt,341.0001000000001,353.63250000000005,255.80899999999994,422.17475,16.27813999999999,14.098499999999973,-2.7159999999999584,44.173999999999964
residual::cLogP,residual_property,cLogP,50.0,50,50,CarbonCount,18.94,20.0,14.0,23.0,1.84,2.0,0.25,3.0
residual::cLogP,residual_property,cLogP,50.0,50,50,HeavyAtomCount_calc,22.72,24.5,16.5,27.0,0.04,0.0,-0.75,2.0
residual::cLogP,residual_property,cLogP,50.0,50,50,HeteroatomCount,3.78,4.0,3.0,5.0,-1.8,-2.0,-3.0,-1.0
residual::cLogP,residual_property,cLogP,50.0,50,50,RingCount_calc,1.9,2.0,1.0,2.75,-0.86,-1.0,-1.0,0.0
residual::cLogP,residual_property,cLogP,50.0,50,50,AromaticRingCount_calc,0.86,1.0,0.0,1.0,-1.22,-1.0,-2.0,0.0
residual::cLogP,residual_property,cLogP,50.0,50,50,BondCount,23.58,25.0,17.25,28.0,-0.86,0.0,-2.0,0.0
residual::cLogP,residual_property,cLogP,50.0,50,50,BranchPointCount,5.58,6.0,4.0,7.0,-1.56,-1.5,-3.0,0.0
residual::cLogP,residual_property,cLogP,50.0,50,50,AromaticAtomFraction,0.2345295052265304,0.21980676328502413,0.0,0.4,-0.2780591182525177,-0.30102639296187683,-0.46153846153846156,-0.04144927536231882
residual::cLogP,residual_property,cLogP,50.0,50,50,AromaticBondFraction,0.22794798103755182,0.20344827586206898,0.0,0.3967741935483871,-0.2594110673603471,-0.2834224598930481,-0.42857142857142855,-0.018416768416768432
residual::cLogP,residual_property,cLogP,53.03030303030303,50,50,MolWt,332.60594000000003,334.1825,243.49949999999998,425.7985000000002,7.883979999999992,12.598500000000001,-4.225000000000001,39.43025000000016
residual::cLogP,residual_property,cLogP,53.03030303030303,50,50,CarbonCount,18.86,20.0,13.25,24.0,1.76,2.0,0.0,4.0
residual::cLogP,residual_property,cLogP,53.03030303030303,50,50,HeavyAtomCount_calc,22.24,24.0,16.0,28.5,-0.44,0.5,-0.75,1.75
residual::cLogP,residual_property,cLogP,53.03030303030303,50,50,HeteroatomCount,3.38,4.0,2.0,4.0,-2.2,-2.0,-3.0,-1.0
residual::cLogP,residual_property,cLogP,53.03030303030303,50,50,RingCount_calc,1.8,1.0,1.0,3.0,-0.96,-1.0,-2.0,0.0
residual::cLogP,residual_property,cLogP,53.03030303030303,50,50,AromaticRingCount_calc,0.72,1.0,0.0,1.0,-1.36,-1.0,-2.0,-0.25
residual::cLogP,residual_property,cLogP,53.03030303030303,50,50,BondCount,23.02,24.5,16.0,30.0,-1.42,0.0,-2.0,1.0
residual::cLogP,residual_property,cLogP,53.03030303030303,50,50,BranchPointCount,5.3,5.0,3.25,7.0,-1.84,-2.0,-3.0,0.0
residual::cLogP,residual_property,cLogP,53.03030303030303,50,50,AromaticAtomFraction,0.2080449531199024,0.17394957983193277,0.0,0.4,-0.3045436703591457,-0.3456582633053221,-0.48371848739495793,-0.05732758620689655
residual::cLogP,residual_property,cLogP,53.03030303030303,50,50,AromaticBondFraction,0.20223713279447825,0.1667953667953668,0.0,0.39375000000000004,-0.28512191560342065,-0.3355855855855856,-0.4617063492063492,-0.0392792691179788
residual::cLogP,residual_property,cLogP,56.06060606060606,50,50,MolWt,323.36856000000006,341.50899999999996,227.47249999999997,410.7782500000001,-1.3534000000000168,0.029499999999970328,-20.849000000000004,41.77100000000013
residual::cLogP,residual_property,cLogP,56.06060606060606,50,50,CarbonCount,18.28,20.0,13.0,23.75,1.18,2.0,0.0,3.75
residual::cLogP,residual_property,cLogP,56.06060606060606,50,50,HeavyAtomCount_calc,21.32,23.5,15.0,27.0,-1.36,0.0,-1.75,1.0
residual::cLogP,residual_property,cLogP,56.06060606060606,50,50,HeteroatomCount,3.04,3.0,2.0,4.0,-2.54,-2.0,-4.0,-1.0
residual::cLogP,residual_property,cLogP,56.06060606060606,50,50,RingCount_calc,1.74,1.0,1.0,2.0,-1.02,-1.0,-2.0,0.0
residual::cLogP,residual_property,cLogP,56.06060606060606,50,50,AromaticRingCount_calc,0.58,0.0,0.0,1.0,-1.5,-1.0,-2.0,-1.0
residual::cLogP,residual_property,cLogP,56.06060606060606,50,50,BondCount,22.06,24.5,15.0,28.0,-2.38,0.0,-3.0,0.0
residual::cLogP,residual_property,cLogP,56.06060606060606,50,50,BranchPointCount,5.12,5.0,3.0,7.0,-2.02,-2.0,-3.0,0.0
residual::cLogP,residual_property,cLogP,56.06060606060606,50,50,AromaticAtomFraction,0.1743591307294638,0.0,0.0,0.3560606060606061,-0.3382294927495843,-0.36730769230769234,-0.5,-0.22949033724895798
residual::cLogP,residual_property,cLogP,56.06060606060606,50,50,AromaticBondFraction,0.16911143884030133,0.0,0.0,0.3310810810810811,-0.3182476095575976,-0.35416666666666663,-0.47805555555555557,-0.21919191919191922
residual::cLogP,residual_property,cLogP,59.09090909090909,50,50,MolWt,325.0622000000001,345.178,217.08374999999995,419.0450000000002,0.3402399999999915,0.5235000000000412,-26.730499999999992,50.26425000000013
residual::cLogP,residual_property,cLogP,59.09090909090909,50,50,CarbonCount,18.74,22.0,13.0,24.0,1.64,2.0,0.25,5.0
residual::cLogP,residual_property,cLogP,59.09090909090909,50,50,HeavyAtomCount_calc,21.5,24.0,15.0,28.0,-1.18,0.0,-2.0,2.0
residual::cLogP,residual_property,cLogP,59.09090909090909,50,50,HeteroatomCount,2.76,3.0,2.0,3.75,-2.82,-2.0,-4.0,-1.25
residual::cLogP,residual_property,cLogP,59.09090909090909,50,50,RingCount_calc,1.76,1.5,1.0,3.0,-1.0,-1.0,-1.75,0.0
residual::cLogP,residual_property,cLogP,59.09090909090909,50,50,AromaticRingCount_calc,0.66,0.5,0.0,1.0,-1.42,-1.0,-2.0,-0.25
residual::cLogP,residual_property,cLogP,59.09090909090909,50,50,BondCount,22.22,25.0,15.0,29.0,-2.22,0.0,-4.75,1.0
residual::cLogP,residual_property,cLogP,59.09090909090909,50,50,BranchPointCount,5.08,5.0,3.0,7.75,-2.06,-2.0,-3.0,0.0
residual::cLogP,residual_property,cLogP,59.09090909090909,50,50,AromaticAtomFraction,0.19475543992443523,0.08823529411764706,0.0,0.38407258064516125,-0.3178331835546129,-0.3416666666666667,-0.49754901960784315,-0.07790898617511521
residual::cLogP,residual_property,cLogP,59.09090909090909,50,50,AromaticBondFraction,0.18902934718034536,0.08333333333333333,0.0,0.37215909090909094,-0.29832970121755353,-0.30240384615384613,-0.47181372549019607,-0.05827020202020203
residual::cLogP,residual_property,cLogP,62.121212121212125,50,50,MolWt,339.03352000000007,364.44950000000006,242.30624999999998,411.0117500000002,14.31156,17.775500000000022,-4.472000000000001,61.64374999999999
residual::cLogP,residual_property,cLogP,62.121212121212125,50,50,CarbonCount,19.28,21.5,14.0,24.0,2.18,3.0,0.25,5.0
residual::cLogP,residual_property,cLogP,62.121212121212125,50,50,HeavyAtomCount_calc,22.06,24.5,16.0,27.75,-0.62,0.5,-2.0,2.0
residual::cLogP,residual_property,cLogP,62.121212121212125,50,50,HeteroatomCount,2.78,3.0,2.0,4.0,-2.8,-2.0,-4.0,-1.25
residual::cLogP,residual_property,cLogP,62.121212121212125,50,50,RingCount_calc,1.7,1.5,1.0,2.0,-1.06,-1.0,-2.0,0.0
residual::cLogP,residual_property,cLogP,62.121212121212125,50,50,AromaticRingCount_calc,0.66,0.5,0.0,1.0,-1.42,-1.0,-2.0,-0.25
residual::cLogP,residual_property,cLogP,62.121212121212125,50,50,BondCount,22.74,24.5,16.25,29.0,-1.7,0.0,-3.75,1.0
residual::cLogP,residual_property,cLogP,62.121212121212125,50,50,BranchPointCount,5.26,5.0,3.0,7.0,-1.88,-2.0,-4.0,0.0
residual::cLogP,residual_property,cLogP,62.121212121212125,50,50,AromaticAtomFraction,0.1866721974132041,0.09375,0.0,0.35294117647058826,-0.32591642606584403,-0.3583333333333333,-0.46153846153846156,-0.1328125
residual::cLogP,residual_property,cLogP,62.121212121212125,50,50,AromaticBondFraction,0.1820559305484847,0.09090909090909091,0.0,0.3480392156862745,-0.30530311784941416,-0.32918233082706766,-0.44047619047619047,-0.07536764705882351
residual::cLogP,residual_property,cLogP,65.15151515151516,50,50,MolWt,339.4114,350.48950000000013,242.30224999999996,410.0922500000001,14.689439999999985,23.623499999999964,-3.177999999999976,50.912
residual::cLogP,residual_property,cLogP,65.15151515151516,50,50,CarbonCount,19.46,20.0,15.0,24.0,2.36,3.0,0.0,5.0
residual::cLogP,residual_property,cLogP,65.15151515151516,50,50,HeavyAtomCount_calc,22.12,23.0,17.0,27.75,-0.56,0.5,-1.75,2.0
residual::cLogP,residual_property,cLogP,65.15151515151516,50,50,HeteroatomCount,2.66,3.0,2.0,4.0,-2.92,-2.0,-4.0,-2.0
residual::cLogP,residual_property,cLogP,65.15151515151516,50,50,RingCount_calc,1.64,1.0,1.0,2.0,-1.12,-1.0,-2.0,0.0
residual::cLogP,residual_property,cLogP,65.15151515151516,50,50,AromaticRingCount_calc,0.62,0.0,0.0,1.0,-1.46,-1.0,-2.0,-1.0
residual::cLogP,residual_property,cLogP,65.15151515151516,50,50,BondCount,22.76,23.0,17.0,28.75,-1.68,0.0,-3.0,1.75
residual::cLogP,residual_property,cLogP,65.15151515151516,50,50,BranchPointCount,4.98,5.0,3.0,6.75,-2.16,-2.0,-4.0,-0.25
residual::cLogP,residual_property,cLogP,65.15151515151516,50,50,AromaticAtomFraction,0.17318668660734424,0.0,0.0,0.3333333333333333,-0.33940193687170384,-0.3583333333333333,-0.5,-0.1709821428571428
residual::cLogP,residual_property,cLogP,65.15151515151516,50,50,AromaticBondFraction,0.16791858999807116,0.0,0.0,0.3289473684210526,-0.31944045839982776,-0.3483709273182957,-0.4776470588235294,-0.12442704354469059
residual::cLogP,residual_property,cLogP,68.18181818181819,50,50,MolWt,339.74388000000005,353.70700000000005,246.8625,417.72325,15.021919999999982,28.259500000000003,-0.7314999999999969,57.64099999999995
residual::cLogP,residual_property,cLogP,68.18181818181819,50,50,CarbonCount,19.44,21.0,14.0,24.0,2.34,3.0,0.0,5.75
residual::cLogP,residual_property,cLogP,68.18181818181819,50,50,HeavyAtomCount_calc,22.02,23.0,16.0,27.0,-0.66,1.0,-2.0,2.75
residual::cLogP,residual_property,cLogP,68.18181818181819,50,50,HeteroatomCount,2.58,3.0,2.0,3.75,-3.0,-2.0,-4.0,-2.0
residual::cLogP,residual_property,cLogP,68.18181818181819,50,50,RingCount_calc,1.46,1.0,1.0,2.0,-1.3,-1.0,-2.0,0.0
residual::cLogP,residual_property,cLogP,68.18181818181819,50,50,AromaticRingCount_calc,0.58,0.0,0.0,1.0,-1.5,-1.0,-2.0,-1.0
residual::cLogP,residual_property,cLogP,68.18181818181819,50,50,BondCount,22.48,24.0,16.0,28.0,-1.96,0.0,-4.75,2.0
residual::cLogP,residual_property,cLogP,68.18181818181819,50,50,BranchPointCount,4.7,5.0,3.0,6.0,-2.44,-2.0,-4.0,-1.0
residual::cLogP,residual_property,cLogP,68.18181818181819,50,50,AromaticAtomFraction,0.15790042474143143,0.0,0.0,0.3289473684210526,-0.3546881987376166,-0.39230769230769236,-0.5074110671936759,-0.17236453201970442
residual::cLogP,residual_property,cLogP,68.18181818181819,50,50,AromaticBondFraction,0.15469682414782235,0.0,0.0,0.3289473684210526,-0.33266222425007663,-0.3782467532467533,-0.49912587412587417,-0.12442704354469059
residual::cLogP,residual_property,cLogP,71.21212121212122,50,50,MolWt,333.9632600000001,347.8335000000001,240.28799999999998,396.88625,9.241299999999992,26.834000000000003,-6.958750000000087,67.72325000000001
residual::cLogP,residual_property,cLogP,71.21212121212122,50,50,CarbonCount,19.64,21.0,13.25,25.0,2.54,3.0,0.25,6.0
residual::cLogP,residual_property,cLogP,71.21212121212122,50,50,HeavyAtomCount_calc,22.0,22.5,15.25,27.0,-0.68,1.0,-1.5,3.0
residual::cLogP,residual_property,cLogP,71.21212121212122,50,50,HeteroatomCount,2.36,2.0,2.0,3.0,-3.22,-2.5,-4.0,-2.0
residual::cLogP,residual_property,cLogP,71.21212121212122,50,50,RingCount_calc,1.74,1.5,1.0,2.0,-1.02,-1.0,-2.0,0.0
residual::cLogP,residual_property,cLogP,71.21212121212122,50,50,AromaticRingCount_calc,0.58,0.0,0.0,1.0,-1.5,-1.0,-2.0,-1.0
residual::cLogP,residual_property,cLogP,71.21212121212122,50,50,BondCount,22.7,24.0,16.0,29.0,-1.74,0.0,-1.75,2.0
residual::cLogP,residual_property,cLogP,71.21212121212122,50,50,BranchPointCount,5.0,5.0,3.0,7.0,-2.14,-2.0,-3.75,0.0
residual::cLogP,residual_property,cLogP,71.21212121212122,50,50,AromaticAtomFraction,0.16811654395073952,0.0,0.0,0.3289473684210526,-0.3444720795283086,-0.3598039215686274,-0.4988095238095238,-0.16004464285714287
residual::cLogP,residual_property,cLogP,71.21212121212122,50,50,AromaticBondFraction,0.16350068110957403,0.0,0.0,0.3289473684210526,-0.32385836728832484,-0.337218045112782,-0.4776470588235294,-0.12442704354469059
residual::cLogP,residual_property,cLogP,74.24242424242425,50,50,MolWt,329.38190000000003,337.4885000000001,240.28799999999998,398.90375000000006,4.659939999999993,17.811499999999995,-17.346249999999984,69.69125000000007
residual::cLogP,residual_property,cLogP,74.24242424242425,50,50,CarbonCount,19.82,22.0,13.25,25.0,2.72,3.0,0.25,7.0
residual::cLogP,residual_property,cLogP,74.24242424242425,50,50,HeavyAtomCount_calc,22.1,24.0,15.25,27.75,-0.58,1.0,-3.5,3.0
residual::cLogP,residual_property,cLogP,74.24242424242425,50,50,HeteroatomCount,2.28,2.0,1.0,3.0,-3.3,-3.0,-4.0,-2.0
residual::cLogP,residual_property,cLogP,74.24242424242425,50,50,RingCount_calc,1.6,1.5,1.0,2.0,-1.16,-1.0,-2.0,0.0
residual::cLogP,residual_property,cLogP,74.24242424242425,50,50,AromaticRingCount_calc,0.56,0.0,0.0,1.0,-1.52,-1.0,-2.0,-1.0
residual::cLogP,residual_property,cLogP,74.24242424242425,50,50,BondCount,22.7,24.5,16.0,28.0,-1.74,0.0,-4.0,2.0
residual::cLogP,residual_property,cLogP,74.24242424242425,50,50,BranchPointCount,4.84,5.0,3.0,6.0,-2.3,-2.0,-4.0,-1.0
residual::cLogP,residual_property,cLogP,74.24242424242425,50,50,AromaticAtomFraction,0.1549635093658032,0.0,0.0,0.25815217391304346,-0.3576251141132448,-0.3798076923076923,-0.491600790513834,-0.22306497849976112
residual::cLogP,residual_property,cLogP,74.24242424242425,50,50,AromaticBondFraction,0.15058758579820872,0.0,0.0,0.25,-0.33677146259969026,-0.3564705882352941,-0.46405228758169936,-0.2222222222222222
residual::cLogP,residual_property,cLogP,77.27272727272728,50,50,MolWt,338.7046000000001,337.708,257.43724999999995,388.98400000000015,13.98263999999999,40.82400000000004,-31.625250000000023,73.97050000000006
residual::cLogP,residual_property,cLogP,77.27272727272728,50,50,CarbonCount,20.66,22.0,16.25,25.0,3.56,4.0,0.25,7.0
residual::cLogP,residual_property,cLogP,77.27272727272728,50,50,HeavyAtomCount_calc,22.88,24.5,17.25,27.75,0.2,1.0,-1.0,3.75
residual::cLogP,residual_property,cLogP,77.27272727272728,50,50,HeteroatomCount,2.22,2.0,1.0,3.0,-3.36,-3.0,-4.0,-2.0
residual::cLogP,residual_property,cLogP,77.27272727272728,50,50,RingCount_calc,1.7,1.5,1.0,2.0,-1.06,-1.0,-2.0,0.0
residual::cLogP,residual_property,cLogP,77.27272727272728,50,50,AromaticRingCount_calc,0.54,0.0,0.0,1.0,-1.54,-1.0,-2.0,-1.0
residual::cLogP,residual_property,cLogP,77.27272727272728,50,50,BondCount,23.54,25.0,18.0,28.0,-0.9,0.0,-3.0,3.0
residual::cLogP,residual_property,cLogP,77.27272727272728,50,50,BranchPointCount,5.0,5.0,3.0,7.0,-2.14,-2.0,-4.0,-0.25
residual::cLogP,residual_property,cLogP,77.27272727272728,50,50,AromaticAtomFraction,0.14275998482017338,0.0,0.0,0.2475,-0.3698286386588747,-0.3798076923076923,-0.5,-0.24103678929765887
residual::cLogP,residual_property,cLogP,77.27272727272728,50,50,AromaticBondFraction,0.13955675945698626,0.0,0.0,0.24,-0.34780228894091264,-0.3564705882352941,-0.4776470588235294,-0.2222222222222222
residual::cLogP,residual_property,cLogP,80.30303030303031,50,50,MolWt,351.55804000000006,348.9425000000001,257.43724999999995,427.19925000000023,26.836080000000017,44.72450000000005,-13.182249999999904,78.79700000000008
residual::cLogP,residual_property,cLogP,80.30303030303031,50,50,CarbonCount,21.22,23.0,16.0,26.0,4.12,5.0,2.0,8.0
residual::cLogP,residual_property,cLogP,80.30303030303031,50,50,HeavyAtomCount_calc,23.44,25.0,17.25,29.0,0.76,1.0,-1.0,4.75
residual::cLogP,residual_property,cLogP,80.30303030303031,50,50,HeteroatomCount,2.22,2.0,1.0,3.0,-3.36,-3.0,-4.0,-2.0
residual::cLogP,residual_property,cLogP,80.30303030303031,50,50,RingCount_calc,1.92,2.0,1.0,2.0,-0.84,-1.0,-1.75,0.0
residual::cLogP,residual_property,cLogP,80.30303030303031,50,50,AromaticRingCount_calc,0.56,0.5,0.0,1.0,-1.52,-1.0,-2.0,-1.0
residual::cLogP,residual_property,cLogP,80.30303030303031,50,50,BondCount,24.3,26.5,18.0,31.0,-0.14,0.5,-2.0,4.0
residual::cLogP,residual_property,cLogP,80.30303030303031,50,50,BranchPointCount,5.36,5.0,3.0,7.0,-1.78,-1.5,-3.0,0.0
residual::cLogP,residual_property,cLogP,80.30303030303031,50,50,AromaticAtomFraction,0.15541337670836497,0.08333333333333333,0.0,0.25,-0.3571752467706832,-0.3798076923076923,-0.5,-0.20512422360248447
residual::cLogP,residual_property,cLogP,80.30303030303031,50,50,AromaticBondFraction,0.15161382083846364,0.075,0.0,0.2475,-0.33574522755943526,-0.3564705882352941,-0.47166803784450845,-0.19815564552406656
residual::cLogP,residual_property,cLogP,83.33333333333334,50,50,MolWt,349.49240000000003,341.27750000000003,277.99625,425.12750000000017,24.77044000000001,33.84700000000004,-23.06375000000004,85.09825000000001
residual::cLogP,residual_property,cLogP,83.33333333333334,50,50,CarbonCount,21.18,22.5,17.25,26.0,4.08,6.0,2.0,8.0
residual::cLogP,residual_property,cLogP,83.33333333333334,50,50,HeavyAtomCount_calc,23.44,24.5,19.0,29.0,0.76,2.0,-1.0,5.0
residual::cLogP,residual_property,cLogP,83.33333333333334,50,50,HeteroatomCount,2.26,2.0,1.0,3.0,-3.32,-3.0,-4.0,-2.0
residual::cLogP,residual_property,cLogP,83.33333333333334,50,50,RingCount_calc,1.8,2.0,1.0,2.0,-0.96,-1.0,-2.0,0.0
residual::cLogP,residual_property,cLogP,83.33333333333334,50,50,AromaticRingCount_calc,0.48,0.0,0.0,1.0,-1.6,-1.5,-2.0,-1.0
residual::cLogP,residual_property,cLogP,83.33333333333334,50,50,BondCount,24.2,24.5,19.25,29.75,-0.24,1.0,-3.5,5.0
residual::cLogP,residual_property,cLogP,83.33333333333334,50,50,BranchPointCount,5.26,5.0,3.0,7.0,-1.88,-1.5,-3.0,0.0
residual::cLogP,residual_property,cLogP,83.33333333333334,50,50,AromaticAtomFraction,0.11810970000135491,0.0,0.0,0.21243842364532017,-0.39447892347769326,-0.41666666666666663,-0.5169632925472748,-0.2544602456367162
residual::cLogP,residual_property,cLogP,83.33333333333334,50,50,AromaticBondFraction,0.11612216174182559,0.0,0.0,0.20517241379310344,-0.37123688665607335,-0.40332512315270935,-0.47713622713622716,-0.23369565217391303
residual::cLogP,residual_property,cLogP,86.36363636363637,50,50,MolWt,368.5717000000001,350.8765000000001,308.38550000000004,431.62025000000017,43.84974000000002,73.69600000000001,-5.933250000000044,109.90000000000002
residual::cLogP,residual_property,cLogP,86.36363636363637,50,50,CarbonCount,22.78,23.0,18.25,28.0,5.68,8.0,4.0,9.0
residual::cLogP,residual_property,cLogP,86.36363636363637,50,50,HeavyAtomCount_calc,25.02,25.0,22.0,30.75,2.34,3.5,0.0,6.75
residual::cLogP,residual_property,cLogP,86.36363636363637,50,50,HeteroatomCount,2.24,2.0,1.0,3.0,-3.34,-3.0,-4.0,-2.0
residual::cLogP,residual_property,cLogP,86.36363636363637,50,50,RingCount_calc,1.7,1.5,1.0,2.0,-1.06,-1.0,-2.0,0.0
residual::cLogP,residual_property,cLogP,86.36363636363637,50,50,AromaticRingCount_calc,0.44,0.0,0.0,1.0,-1.64,-1.5,-2.0,-1.0
residual::cLogP,residual_property,cLogP,86.36363636363637,50,50,BondCount,25.68,26.0,22.0,31.75,1.24,2.5,-1.0,6.0
residual::cLogP,residual_property,cLogP,86.36363636363637,50,50,BranchPointCount,5.28,5.0,3.25,7.0,-1.86,-2.0,-3.0,0.0
residual::cLogP,residual_property,cLogP,86.36363636363637,50,50,AromaticAtomFraction,0.10183787521638772,0.0,0.0,0.19838709677419356,-0.4107507482626604,-0.40064102564102566,-0.5120967741935484,-0.26350961538461537
residual::cLogP,residual_property,cLogP,86.36363636363637,50,50,AromaticBondFraction,0.10057176524324449,0.0,0.0,0.1875,-0.38678728315465444,-0.381043956043956,-0.47713622713622716,-0.23961568322981366
residual::cLogP,residual_property,cLogP,89.3939393939394,50,50,MolWt,371.85146000000015,358.3895,316.3760000000001,435.57075000000015,47.12950000000003,71.66300000000001,-6.081750000000042,111.44050000000013
residual::cLogP,residual_property,cLogP,89.3939393939394,50,50,CarbonCount,23.16,24.0,20.0,27.75,6.06,8.0,4.0,9.75
residual::cLogP,residual_property,cLogP,89.3939393939394,50,50,HeavyAtomCount_calc,25.28,25.0,22.0,30.0,2.6,3.5,0.0,7.0
residual::cLogP,residual_property,cLogP,89.3939393939394,50,50,HeteroatomCount,2.12,2.0,1.0,3.0,-3.46,-3.0,-4.75,-2.0
residual::cLogP,residual_property,cLogP,89.3939393939394,50,50,RingCount_calc,1.46,1.0,1.0,2.0,-1.3,-1.0,-2.0,-1.0
residual::cLogP,residual_property,cLogP,89.3939393939394,50,50,AromaticRingCount_calc,0.38,0.0,0.0,1.0,-1.7,-2.0,-2.0,-1.0
residual::cLogP,residual_property,cLogP,89.3939393939394,50,50,BondCount,25.72,26.5,22.0,30.75,1.28,3.0,-2.0,6.0
residual::cLogP,residual_property,cLogP,89.3939393939394,50,50,BranchPointCount,5.02,5.0,3.0,7.0,-2.12,-2.0,-4.0,-1.0
residual::cLogP,residual_property,cLogP,89.3939393939394,50,50,AromaticAtomFraction,0.09095916195200082,0.0,0.0,0.18607954545454547,-0.4216294615270473,-0.42487179487179483,-0.5120967741935484,-0.27649658808933003
residual::cLogP,residual_property,cLogP,89.3939393939394,50,50,AromaticBondFraction,0.08980059669266417,0.0,0.0,0.1804812834224599,-0.39755845170523474,-0.40332512315270935,-0.47713622713622716,-0.2433035714285714
residual::cLogP,residual_property,cLogP,92.42424242424244,50,50,MolWt,369.3547800000001,358.3895,315.6542500000001,445.1610000000002,44.63282000000003,64.90450000000013,-5.695250000000044,106.47500000000015
residual::cLogP,residual_property,cLogP,92.42424242424244,50,50,CarbonCount,22.88,24.0,19.25,28.0,5.78,8.0,1.75,10.0
residual::cLogP,residual_property,cLogP,92.42424242424244,50,50,HeavyAtomCount_calc,24.98,25.0,22.0,31.0,2.3,4.0,-0.75,6.75
residual::cLogP,residual_property,cLogP,92.42424242424244,50,50,HeteroatomCount,2.1,2.0,1.0,3.0,-3.48,-3.0,-4.75,-2.0
residual::cLogP,residual_property,cLogP,92.42424242424244,50,50,RingCount_calc,1.28,1.0,1.0,2.0,-1.48,-1.0,-2.0,-1.0
residual::cLogP,residual_property,cLogP,92.42424242424244,50,50,AromaticRingCount_calc,0.3,0.0,0.0,1.0,-1.78,-2.0,-2.0,-1.0
residual::cLogP,residual_property,cLogP,92.42424242424244,50,50,BondCount,25.26,25.5,22.0,31.75,0.82,2.5,-2.0,5.5
residual::cLogP,residual_property,cLogP,92.42424242424244,50,50,BranchPointCount,4.74,4.5,3.0,6.0,-2.4,-2.0,-4.0,-1.0
residual::cLogP,residual_property,cLogP,92.42424242424244,50,50,AromaticAtomFraction,0.07210733017110726,0.0,0.0,0.17289348171701113,-0.4404812933079408,-0.4527417027417028,-0.5274936061381075,-0.2769574175824176
residual::cLogP,residual_property,cLogP,92.42424242424244,50,50,AromaticBondFraction,0.07143021078695463,0.0,0.0,0.17081447963800905,-0.4159288376109443,-0.42605042016806716,-0.5120967741935484,-0.2433035714285714
residual::cLogP,residual_property,cLogP,95.45454545454544,50,50,MolWt,369.8454800000002,366.62200000000007,314.36675000000014,454.6085000000001,45.12352000000003,73.63500000000008,-14.441500000000062,104.49825000000018
residual::cLogP,residual_property,cLogP,95.45454545454544,50,50,CarbonCount,22.88,24.0,19.0,28.0,5.78,8.0,1.5,10.0
residual::cLogP,residual_property,cLogP,95.45454545454544,50,50,HeavyAtomCount_calc,24.98,25.5,22.0,31.0,2.3,3.5,-1.0,7.0
residual::cLogP,residual_property,cLogP,95.45454545454544,50,50,HeteroatomCount,2.1,2.0,1.0,3.0,-3.48,-3.0,-4.75,-2.0
residual::cLogP,residual_property,cLogP,95.45454545454544,50,50,RingCount_calc,1.38,1.0,1.0,2.0,-1.38,-1.0,-2.0,-1.0
residual::cLogP,residual_property,cLogP,95.45454545454544,50,50,AromaticRingCount_calc,0.26,0.0,0.0,0.0,-1.82,-2.0,-2.0,-1.0
residual::cLogP,residual_property,cLogP,95.45454545454544,50,50,BondCount,25.36,26.0,22.0,32.5,0.92,2.0,-2.0,6.0
residual::cLogP,residual_property,cLogP,95.45454545454544,50,50,BranchPointCount,4.92,4.5,3.0,6.0,-2.22,-2.0,-3.75,-1.0
residual::cLogP,residual_property,cLogP,95.45454545454544,50,50,AromaticAtomFraction,0.06625284290872525,0.0,0.0,0.0,-0.44633578057032286,-0.46153846153846156,-0.5367007672634271,-0.28928571428571426
residual::cLogP,residual_property,cLogP,95.45454545454544,50,50,AromaticBondFraction,0.06382289605819018,0.0,0.0,0.0,-0.4235361523397087,-0.42857142857142855,-0.5237691001697793,-0.27194940476190477
residual::cLogP,residual_property,cLogP,98.48484848484848,50,50,MolWt,383.14398000000006,373.7270000000001,323.73850000000004,461.6392500000002,58.422020000000046,81.98900000000006,13.338500000000067,114.09725000000009
residual::cLogP,residual_property,cLogP,98.48484848484848,50,50,CarbonCount,23.88,24.5,20.25,28.75,6.78,9.0,4.0,11.0
residual::cLogP,residual_property,cLogP,98.48484848484848,50,50,HeavyAtomCount_calc,26.02,26.5,22.25,31.0,3.34,5.5,0.25,8.0
residual::cLogP,residual_property,cLogP,98.48484848484848,50,50,HeteroatomCount,2.14,2.0,1.0,3.0,-3.44,-3.0,-4.0,-2.0
residual::cLogP,residual_property,cLogP,98.48484848484848,50,50,RingCount_calc,1.38,1.0,1.0,2.0,-1.38,-1.0,-2.0,-1.0
residual::cLogP,residual_property,cLogP,98.48484848484848,50,50,AromaticRingCount_calc,0.26,0.0,0.0,0.0,-1.82,-2.0,-2.0,-1.0
residual::cLogP,residual_property,cLogP,98.48484848484848,50,50,BondCount,26.4,27.0,22.25,32.0,1.96,4.0,-1.5,7.0
residual::cLogP,residual_property,cLogP,98.48484848484848,50,50,BranchPointCount,4.84,4.0,3.0,6.0,-2.3,-2.0,-3.75,-1.0
residual::cLogP,residual_property,cLogP,98.48484848484848,50,50,AromaticAtomFraction,0.06552127189975487,0.0,0.0,0.0,-0.4470673515792932,-0.46153846153846156,-0.5367007672634271,-0.2808441558441559
residual::cLogP,residual_property,cLogP,98.48484848484848,50,50,AromaticBondFraction,0.06313843612527824,0.0,0.0,0.0,-0.42422061227262065,-0.42857142857142855,-0.5237691001697793,-0.25969742063492063
residual::cLogP,residual_property,cLogP,101.5151515151515,50,50,MolWt,400.4785400000001,395.76300000000003,339.55750000000006,470.0035000000002,75.75658000000007,95.21200000000007,34.639750000000035,130.73750000000015
residual::cLogP,residual_property,cLogP,101.5151515151515,50,50,CarbonCount,25.54,26.0,21.0,29.75,8.44,10.0,6.25,12.0
residual::cLogP,residual_property,cLogP,101.5151515151515,50,50,HeavyAtomCount_calc,27.5,27.5,23.0,32.0,4.82,7.0,2.25,9.0
residual::cLogP,residual_property,cLogP,101.5151515151515,50,50,HeteroatomCount,1.96,2.0,1.0,3.0,-3.62,-3.0,-5.0,-2.0
residual::cLogP,residual_property,cLogP,101.5151515151515,50,50,RingCount_calc,1.38,1.0,1.0,2.0,-1.38,-1.0,-2.0,-1.0
residual::cLogP,residual_property,cLogP,101.5151515151515,50,50,AromaticRingCount_calc,0.22,0.0,0.0,0.0,-1.86,-2.0,-2.0,-1.0
residual::cLogP,residual_property,cLogP,101.5151515151515,50,50,BondCount,27.86,28.0,24.0,32.75,3.42,5.0,1.0,9.0
residual::cLogP,residual_property,cLogP,101.5151515151515,50,50,BranchPointCount,4.92,4.5,3.25,6.0,-2.22,-2.0,-3.75,-1.0
residual::cLogP,residual_property,cLogP,101.5151515151515,50,50,AromaticAtomFraction,0.054450412578895546,0.0,0.0,0.0,-0.4581382109001526,-0.46153846153846156,-0.5879310344827586,-0.28928571428571426
residual::cLogP,residual_property,cLogP,101.5151515151515,50,50,AromaticBondFraction,0.05262109820004556,0.0,0.0,0.0,-0.4347379501978533,-0.4365079365079365,-0.5419034090909091,-0.27194940476190477
residual::cLogP,residual_property,cLogP,104.54545454545452,50,50,MolWt,401.2048200000001,384.27250000000015,340.67600000000016,482.37450000000024,76.48286000000006,101.72850000000007,18.316250000000025,143.26150000000013
residual::cLogP,residual_property,cLogP,104.54545454545452,50,50,CarbonCount,25.96,26.0,22.0,31.0,8.86,11.0,7.0,12.75
residual::cLogP,residual_property,cLogP,104.54545454545452,50,50,HeavyAtomCount_calc,27.86,27.0,23.25,33.0,5.18,6.0,2.0,10.0
residual::cLogP,residual_property,cLogP,104.54545454545452,50,50,HeteroatomCount,1.9,2.0,1.0,2.75,-3.68,-3.0,-5.0,-2.0
residual::cLogP,residual_property,cLogP,104.54545454545452,50,50,RingCount_calc,1.36,1.0,1.0,2.0,-1.4,-1.0,-2.0,-1.0
residual::cLogP,residual_property,cLogP,104.54545454545452,50,50,AromaticRingCount_calc,0.22,0.0,0.0,0.0,-1.86,-2.0,-2.0,-1.0
residual::cLogP,residual_property,cLogP,104.54545454545452,50,50,BondCount,28.22,27.0,24.25,33.75,3.78,5.0,1.0,9.0
residual::cLogP,residual_property,cLogP,104.54545454545452,50,50,BranchPointCount,4.96,5.0,3.0,6.0,-2.18,-2.0,-4.0,-1.0
residual::cLogP,residual_property,cLogP,104.54545454545452,50,50,AromaticAtomFraction,0.0527605629548354,0.0,0.0,0.0,-0.45982806052421266,-0.46153846153846156,-0.5879310344827586,-0.30833333333333335
residual::cLogP,residual_property,cLogP,104.54545454545452,50,50,AromaticBondFraction,0.050765989502831614,0.0,0.0,0.0,-0.43659305889506733,-0.4365079365079365,-0.5419034090909091,-0.2924107142857143
residual::cLogP,residual_property,cLogP,107.57575757575756,50,50,MolWt,407.24522000000013,397.23150000000015,350.5090000000001,479.6422500000002,82.52326000000006,97.21550000000016,31.255500000000012,147.50825000000015
residual::cLogP,residual_property,cLogP,107.57575757575756,50,50,CarbonCount,27.08,28.0,24.25,31.0,9.98,11.0,8.25,13.0
residual::cLogP,residual_property,cLogP,107.57575757575756,50,50,HeavyAtomCount_calc,28.86,29.0,26.0,33.0,6.18,7.0,3.25,10.0
residual::cLogP,residual_property,cLogP,107.57575757575756,50,50,HeteroatomCount,1.78,2.0,1.0,2.0,-3.8,-3.0,-5.0,-2.25
residual::cLogP,residual_property,cLogP,107.57575757575756,50,50,RingCount_calc,1.4,1.0,1.0,2.0,-1.36,-1.0,-2.0,-1.0
residual::cLogP,residual_property,cLogP,107.57575757575756,50,50,AromaticRingCount_calc,0.22,0.0,0.0,0.0,-1.86,-2.0,-2.0,-1.0
residual::cLogP,residual_property,cLogP,107.57575757575756,50,50,BondCount,29.24,29.5,26.0,33.0,4.8,6.0,2.0,9.0
residual::cLogP,residual_property,cLogP,107.57575757575756,50,50,BranchPointCount,4.94,5.0,3.0,6.0,-2.2,-2.0,-4.0,-1.0
residual::cLogP,residual_property,cLogP,107.57575757575756,50,50,AromaticAtomFraction,0.048251929951380654,0.0,0.0,0.0,-0.46433669352766743,-0.46904761904761905,-0.5501567398119123,-0.3333333333333333
residual::cLogP,residual_property,cLogP,107.57575757575756,50,50,AromaticBondFraction,0.04702294114390889,0.0,0.0,0.0,-0.44033610725399003,-0.4444444444444444,-0.5419034090909091,-0.3177083333333333
residual::cLogP,residual_property,cLogP,110.60606060606062,50,50,MolWt,435.1023800000002,452.30550000000017,376.34375000000017,490.7012500000003,110.3804200000001,112.76150000000013,73.6900000000001,164.56850000000009
residual::cLogP,residual_property,cLogP,110.60606060606062,50,50,CarbonCount,29.38,30.0,27.0,32.0,12.28,12.0,10.25,15.5
residual::cLogP,residual_property,cLogP,110.60606060606062,50,50,HeavyAtomCount_calc,31.08,32.0,27.25,34.75,8.4,8.0,6.0,12.75
residual::cLogP,residual_property,cLogP,110.60606060606062,50,50,HeteroatomCount,1.7,2.0,1.0,2.0,-3.88,-3.5,-5.0,-2.25
residual::cLogP,residual_property,cLogP,110.60606060606062,50,50,RingCount_calc,1.38,1.0,1.0,2.0,-1.38,-1.0,-2.0,-0.25
residual::cLogP,residual_property,cLogP,110.60606060606062,50,50,AromaticRingCount_calc,0.18,0.0,0.0,0.0,-1.9,-2.0,-2.0,-1.0
residual::cLogP,residual_property,cLogP,110.60606060606062,50,50,BondCount,31.46,32.0,28.0,35.0,7.02,7.0,5.0,10.75
residual::cLogP,residual_property,cLogP,110.60606060606062,50,50,BranchPointCount,4.86,4.0,3.0,6.0,-2.28,-2.0,-3.0,-1.0
residual::cLogP,residual_property,cLogP,110.60606060606062,50,50,AromaticAtomFraction,0.037468619618449835,0.0,0.0,0.0,-0.47512000386059816,-0.4795833333333333,-0.5879310344827586,-0.34375
residual::cLogP,residual_property,cLogP,110.60606060606062,50,50,AromaticBondFraction,0.03637643283435709,0.0,0.0,0.0,-0.4509826155635418,-0.4444444444444444,-0.5454545454545454,-0.3382352941176471
residual::cLogP,residual_property,cLogP,113.63636363636364,50,50,MolWt,448.48986000000014,441.86000000000024,380.53925000000015,509.35675000000026,123.76790000000007,129.51750000000007,73.43025000000011,170.41475000000025
residual::cLogP,residual_property,cLogP,113.63636363636364,50,50,CarbonCount,30.62,31.0,26.25,33.75,13.52,13.0,11.0,15.75
residual::cLogP,residual_property,cLogP,113.63636363636364,50,50,HeavyAtomCount_calc,32.12,32.0,27.25,35.0,9.44,9.0,6.25,12.75
residual::cLogP,residual_property,cLogP,113.63636363636364,50,50,HeteroatomCount,1.5,1.0,1.0,2.0,-4.08,-4.0,-5.0,-3.0
residual::cLogP,residual_property,cLogP,113.63636363636364,50,50,RingCount_calc,1.28,1.0,0.0,1.75,-1.48,-2.0,-2.0,-1.0
residual::cLogP,residual_property,cLogP,113.63636363636364,50,50,AromaticRingCount_calc,0.18,0.0,0.0,0.0,-1.9,-2.0,-2.0,-1.0
residual::cLogP,residual_property,cLogP,113.63636363636364,50,50,BondCount,32.38,32.0,27.0,36.75,7.94,7.0,5.0,11.0
residual::cLogP,residual_property,cLogP,113.63636363636364,50,50,BranchPointCount,4.64,4.0,3.0,6.0,-2.5,-2.0,-4.0,-1.0
residual::cLogP,residual_property,cLogP,113.63636363636364,50,50,AromaticAtomFraction,0.040144793802688546,0.0,0.0,0.0,-0.4724438296763595,-0.47571428571428576,-0.5879310344827586,-0.34375
residual::cLogP,residual_property,cLogP,113.63636363636364,50,50,AromaticBondFraction,0.03906159810016752,0.0,0.0,0.0,-0.44829745029773144,-0.4444444444444444,-0.5454545454545454,-0.3382352941176471
residual::cLogP,residual_property,cLogP,116.66666666666669,50,50,MolWt,471.19534000000016,464.6415000000002,397.48200000000014,517.1617500000003,146.47338000000013,145.29300000000012,73.93425000000012,181.84925000000024
residual::cLogP,residual_property,cLogP,116.66666666666669,50,50,CarbonCount,32.4,32.0,28.0,34.75,15.3,15.0,11.0,17.75
residual::cLogP,residual_property,cLogP,116.66666666666669,50,50,HeavyAtomCount_calc,33.9,34.0,30.0,36.0,11.22,10.0,7.0,14.0
residual::cLogP,residual_property,cLogP,116.66666666666669,50,50,HeteroatomCount,1.5,1.0,1.0,2.0,-4.08,-4.0,-5.0,-3.0
residual::cLogP,residual_property,cLogP,116.66666666666669,50,50,RingCount_calc,1.52,1.0,1.0,2.0,-1.24,-1.0,-2.0,-1.0
residual::cLogP,residual_property,cLogP,116.66666666666669,50,50,AromaticRingCount_calc,0.18,0.0,0.0,0.0,-1.9,-2.0,-2.0,-1.0
residual::cLogP,residual_property,cLogP,116.66666666666669,50,50,BondCount,34.38,34.0,29.0,37.0,9.94,8.5,5.25,12.0
residual::cLogP,residual_property,cLogP,116.66666666666669,50,50,BranchPointCount,4.84,5.0,3.0,6.0,-2.3,-2.0,-3.0,-1.0
residual::cLogP,residual_property,cLogP,116.66666666666669,50,50,AromaticAtomFraction,0.03829724326106007,0.0,0.0,0.0,-0.47429138021798806,-0.47571428571428576,-0.5879310344827586,-0.34375
residual::cLogP,residual_property,cLogP,116.66666666666669,50,50,AromaticBondFraction,0.036873834873834874,0.0,0.0,0.0,-0.450485213524064,-0.4444444444444444,-0.5454545454545454,-0.3382352941176471
residual::cLogP,residual_property,cLogP,119.69696969696967,50,50,MolWt,484.68366000000026,466.63200000000023,414.6770000000002,534.3767500000002,159.96170000000012,164.48800000000017,102.52225000000017,196.79299999999995
residual::cLogP,residual_property,cLogP,119.69696969696967,50,50,CarbonCount,33.22,32.5,29.0,36.0,16.12,15.0,12.0,19.0
residual::cLogP,residual_property,cLogP,119.69696969696967,50,50,HeavyAtomCount_calc,34.72,34.0,30.25,37.0,12.04,11.0,8.0,15.0
residual::cLogP,residual_property,cLogP,119.69696969696967,50,50,HeteroatomCount,1.5,1.0,1.0,2.0,-4.08,-3.5,-5.0,-3.0
residual::cLogP,residual_property,cLogP,119.69696969696967,50,50,RingCount_calc,1.12,1.0,0.0,1.0,-1.64,-2.0,-2.0,-1.0
residual::cLogP,residual_property,cLogP,119.69696969696967,50,50,AromaticRingCount_calc,0.16,0.0,0.0,0.0,-1.92,-2.0,-2.0,-1.0
residual::cLogP,residual_property,cLogP,119.69696969696967,50,50,BondCount,34.84,34.0,30.0,37.75,10.4,8.5,7.0,14.0
residual::cLogP,residual_property,cLogP,119.69696969696967,50,50,BranchPointCount,4.32,4.0,3.0,6.0,-2.82,-2.5,-4.0,-1.0
residual::cLogP,residual_property,cLogP,119.69696969696967,50,50,AromaticAtomFraction,0.031182514354715495,0.0,0.0,0.0,-0.4814061091243326,-0.48193548387096774,-0.5599259193932444,-0.3926282051282052
residual::cLogP,residual_property,cLogP,119.69696969696967,50,50,AromaticBondFraction,0.030476309196897432,0.0,0.0,0.0,-0.45688273920100153,-0.45138888888888884,-0.5419034090909091,-0.39285714285714285
residual::cLogP,residual_property,cLogP,122.72727272727276,50,50,MolWt,508.70818000000014,481.7270000000004,429.1907500000002,557.4157500000002,183.98622000000006,173.87950000000015,94.63750000000009,218.93775000000025
residual::cLogP,residual_property,cLogP,122.72727272727276,50,50,CarbonCount,35.3,33.5,31.0,37.0,18.2,16.0,13.0,21.0
residual::cLogP,residual_property,cLogP,122.72727272727276,50,50,HeavyAtomCount_calc,36.66,35.0,31.25,39.0,13.98,13.0,7.5,16.75
residual::cLogP,residual_property,cLogP,122.72727272727276,50,50,HeteroatomCount,1.36,1.0,1.0,2.0,-4.22,-4.0,-5.0,-3.0
residual::cLogP,residual_property,cLogP,122.72727272727276,50,50,RingCount_calc,0.96,1.0,0.0,1.0,-1.8,-2.0,-2.75,-1.0
residual::cLogP,residual_property,cLogP,122.72727272727276,50,50,AromaticRingCount_calc,0.16,0.0,0.0,0.0,-1.92,-2.0,-2.0,-1.0
residual::cLogP,residual_property,cLogP,122.72727272727276,50,50,BondCount,36.62,35.5,32.0,38.75,12.18,10.5,6.0,15.0
residual::cLogP,residual_property,cLogP,122.72727272727276,50,50,BranchPointCount,4.16,4.0,3.0,6.0,-2.98,-3.0,-4.0,-2.0
residual::cLogP,residual_property,cLogP,122.72727272727276,50,50,AromaticAtomFraction,0.028957843159456063,0.0,0.0,0.0,-0.483630780319592,-0.48193548387096774,-0.5942420681551116,-0.34375
residual::cLogP,residual_property,cLogP,122.72727272727276,50,50,AromaticBondFraction,0.028401097293954437,0.0,0.0,0.0,-0.45895795110394455,-0.4644607843137255,-0.5454545454545454,-0.3382352941176471
residual::cLogP,residual_property,cLogP,125.75757575757576,50,50,MolWt,571.2864400000002,500.7340000000003,449.64525000000015,593.2015000000001,246.5644800000001,197.38700000000003,107.46750000000021,249.60550000000012
residual::cLogP,residual_property,cLogP,125.75757575757576,50,50,CarbonCount,39.82,35.0,31.0,40.0,22.72,17.0,13.0,22.0
residual::cLogP,residual_property,cLogP,125.75757575757576,50,50,HeavyAtomCount_calc,41.2,36.0,33.0,41.0,18.52,14.5,8.25,19.5
residual::cLogP,residual_property,cLogP,125.75757575757576,50,50,HeteroatomCount,1.38,1.0,1.0,2.0,-4.2,-4.0,-5.75,-3.0
residual::cLogP,residual_property,cLogP,125.75757575757576,50,50,RingCount_calc,0.8,1.0,0.0,1.0,-1.96,-2.0,-3.0,-1.0
residual::cLogP,residual_property,cLogP,125.75757575757576,50,50,AromaticRingCount_calc,0.14,0.0,0.0,0.0,-1.94,-2.0,-2.0,-1.0
residual::cLogP,residual_property,cLogP,125.75757575757576,50,50,BondCount,41.0,36.0,33.0,41.0,16.56,12.0,6.25,17.0
residual::cLogP,residual_property,cLogP,125.75757575757576,50,50,BranchPointCount,4.06,4.0,3.0,5.75,-3.08,-3.0,-4.0,-2.0
residual::cLogP,residual_property,cLogP,125.75757575757576,50,50,AromaticAtomFraction,0.022406822248285666,0.0,0.0,0.0,-0.49018180123076244,-0.49193548387096775,-0.5706572389480935,-0.37740384615384615
residual::cLogP,residual_property,cLogP,125.75757575757576,50,50,AromaticBondFraction,0.02198868736683863,0.0,0.0,0.0,-0.4653703610310603,-0.4644607843137255,-0.5419034090909091,-0.36292016806722693
residual::cLogP,residual_property,cLogP,128.7878787878788,50,50,MolWt,604.5964000000001,509.75550000000027,449.9430000000003,594.3925000000002,279.87444000000005,189.2630000000002,113.44200000000029,274.1527500000002
residual::cLogP,residual_property,cLogP,128.7878787878788,50,50,CarbonCount,42.5,35.0,32.0,41.0,25.4,18.0,14.0,23.0
residual::cLogP,residual_property,cLogP,128.7878787878788,50,50,HeavyAtomCount_calc,43.7,37.0,33.0,42.75,21.02,14.0,10.0,19.0
residual::cLogP,residual_property,cLogP,128.7878787878788,50,50,HeteroatomCount,1.2,1.0,1.0,2.0,-4.38,-4.0,-6.0,-3.0
residual::cLogP,residual_property,cLogP,128.7878787878788,50,50,RingCount_calc,0.74,1.0,0.0,1.0,-2.02,-2.0,-3.0,-1.0
residual::cLogP,residual_property,cLogP,128.7878787878788,50,50,AromaticRingCount_calc,0.1,0.0,0.0,0.0,-1.98,-2.0,-2.0,-1.0
residual::cLogP,residual_property,cLogP,128.7878787878788,50,50,BondCount,43.44,37.0,33.0,42.75,19.0,12.0,8.0,18.0
residual::cLogP,residual_property,cLogP,128.7878787878788,50,50,BranchPointCount,3.72,4.0,3.0,5.0,-3.42,-3.0,-5.0,-2.0
residual::cLogP,residual_property,cLogP,128.7878787878788,50,50,AromaticAtomFraction,0.01689550513079925,0.0,0.0,0.0,-0.4956931183482488,-0.49193548387096775,-0.6321428571428571,-0.3926282051282052
residual::cLogP,residual_property,cLogP,128.7878787878788,50,50,AromaticBondFraction,0.016562864798158917,0.0,0.0,0.0,-0.47079618359974,-0.4644607843137255,-0.5863636363636363,-0.39285714285714285
residual::cLogP,residual_property,cLogP,131.8181818181818,50,50,MolWt,663.8207800000001,531.0275000000004,481.20625000000024,644.6962500000001,339.0988200000001,211.81350000000003,120.7370000000003,294.78525000000013
residual::cLogP,residual_property,cLogP,131.8181818181818,50,50,CarbonCount,46.66,37.5,34.0,44.0,29.56,19.5,15.0,25.0
residual::cLogP,residual_property,cLogP,131.8181818181818,50,50,HeavyAtomCount_calc,47.9,38.0,35.0,45.0,25.22,15.5,9.5,21.0
residual::cLogP,residual_property,cLogP,131.8181818181818,50,50,HeteroatomCount,1.24,1.0,1.0,2.0,-4.34,-4.0,-6.0,-3.0
residual::cLogP,residual_property,cLogP,131.8181818181818,50,50,RingCount_calc,0.7,1.0,0.0,1.0,-2.06,-2.0,-3.0,-1.0
residual::cLogP,residual_property,cLogP,131.8181818181818,50,50,AromaticRingCount_calc,0.1,0.0,0.0,0.0,-1.98,-2.0,-2.0,-1.0
residual::cLogP,residual_property,cLogP,131.8181818181818,50,50,BondCount,47.58,38.0,35.0,44.75,23.14,13.5,8.0,19.0
residual::cLogP,residual_property,cLogP,131.8181818181818,50,50,BranchPointCount,3.5,3.0,2.0,4.0,-3.64,-4.0,-5.0,-2.0
residual::cLogP,residual_property,cLogP,131.8181818181818,50,50,AromaticAtomFraction,0.016306306306306306,0.0,0.0,0.0,-0.49628231717274174,-0.49193548387096775,-0.6321428571428571,-0.3926282051282052
residual::cLogP,residual_property,cLogP,131.8181818181818,50,50,AromaticBondFraction,0.01580734580734581,0.0,0.0,0.0,-0.471551702590553,-0.4644607843137255,-0.5863636363636363,-0.39285714285714285
residual::cLogP,residual_property,cLogP,134.84848484848487,50,50,MolWt,609.11178,530.7615000000003,451.67025000000035,598.9547500000002,284.38982,203.39400000000006,117.4625000000003,277.82850000000036
residual::cLogP,residual_property,cLogP,134.84848484848487,50,50,CarbonCount,43.02,37.5,32.25,42.75,25.92,19.0,15.0,25.0
residual::cLogP,residual_property,cLogP,134.84848484848487,50,50,HeavyAtomCount_calc,44.18,38.5,33.5,43.75,21.5,15.0,9.0,21.0
residual::cLogP,residual_property,cLogP,134.84848484848487,50,50,HeteroatomCount,1.16,1.0,1.0,2.0,-4.42,-4.0,-5.75,-3.0
residual::cLogP,residual_property,cLogP,134.84848484848487,50,50,RingCount_calc,0.58,0.0,0.0,1.0,-2.18,-2.0,-3.0,-1.0
residual::cLogP,residual_property,cLogP,134.84848484848487,50,50,AromaticRingCount_calc,0.08,0.0,0.0,0.0,-2.0,-2.0,-2.0,-1.0
residual::cLogP,residual_property,cLogP,134.84848484848487,50,50,BondCount,43.74,38.5,33.5,43.0,19.3,11.5,7.5,19.75
residual::cLogP,residual_property,cLogP,134.84848484848487,50,50,BranchPointCount,3.16,3.0,2.0,4.0,-3.98,-4.0,-6.0,-2.0
residual::cLogP,residual_property,cLogP,134.84848484848487,50,50,AromaticAtomFraction,0.012887624466571834,0.0,0.0,0.0,-0.4997009990124763,-0.49193548387096775,-0.6321428571428571,-0.3926282051282052
residual::cLogP,residual_property,cLogP,134.84848484848487,50,50,AromaticBondFraction,0.012388663967611336,0.0,0.0,0.0,-0.4749703844302875,-0.4644607843137255,-0.5863636363636363,-0.39285714285714285
residual::cLogP,residual_property,cLogP,137.87878787878788,50,50,MolWt,783.5065400000002,553.9045000000003,500.7700000000003,630.47075,458.7845800000001,215.94900000000007,139.98125000000024,314.5890000000004
residual::cLogP,residual_property,cLogP,137.87878787878788,50,50,CarbonCount,55.98,39.5,35.0,45.75,38.88,21.0,17.0,27.0
residual::cLogP,residual_property,cLogP,137.87878787878788,50,50,HeavyAtomCount_calc,56.92,40.5,37.0,46.0,34.24,17.0,12.0,24.0
residual::cLogP,residual_property,cLogP,137.87878787878788,50,50,HeteroatomCount,0.94,1.0,0.0,1.75,-4.64,-4.0,-6.0,-3.0
residual::cLogP,residual_property,cLogP,137.87878787878788,50,50,RingCount_calc,0.5,0.0,0.0,1.0,-2.26,-2.0,-3.0,-1.0
residual::cLogP,residual_property,cLogP,137.87878787878788,50,50,AromaticRingCount_calc,0.06,0.0,0.0,0.0,-2.02,-2.0,-2.0,-1.0
residual::cLogP,residual_property,cLogP,137.87878787878788,50,50,BondCount,56.42,40.0,36.25,45.0,31.98,14.5,9.25,22.0
residual::cLogP,residual_property,cLogP,137.87878787878788,50,50,BranchPointCount,2.88,2.0,2.0,4.0,-4.26,-4.0,-6.0,-2.0
residual::cLogP,residual_property,cLogP,137.87878787878788,50,50,AromaticAtomFraction,0.009644381223328592,0.0,0.0,0.0,-0.5029442422557195,-0.49193548387096775,-0.6321428571428571,-0.4041666666666667
residual::cLogP,residual_property,cLogP,137.87878787878788,50,50,AromaticBondFraction,0.009473684210526315,0.0,0.0,0.0,-0.4778853641873726,-0.4644607843137255,-0.5863636363636363,-0.39285714285714285
residual::cLogP,residual_property,cLogP,140.90909090909088,50,50,MolWt,900.9756000000004,585.7745000000001,510.24225000000024,805.5067499999993,576.2536400000001,269.0259999999997,172.51825000000025,441.18099999999936
residual::cLogP,residual_property,cLogP,140.90909090909088,50,50,CarbonCount,64.74,41.0,37.0,58.0,47.64,25.0,18.25,38.75
residual::cLogP,residual_property,cLogP,140.90909090909088,50,50,HeavyAtomCount_calc,65.52,41.0,38.0,58.5,42.84,20.0,14.25,35.5
residual::cLogP,residual_property,cLogP,140.90909090909088,50,50,HeteroatomCount,0.78,1.0,0.0,1.0,-4.8,-4.0,-6.0,-3.0
residual::cLogP,residual_property,cLogP,140.90909090909088,50,50,RingCount_calc,0.5,0.0,0.0,1.0,-2.26,-2.0,-3.0,-1.0
residual::cLogP,residual_property,cLogP,140.90909090909088,50,50,AromaticRingCount_calc,0.06,0.0,0.0,0.0,-2.02,-2.0,-2.0,-1.0
residual::cLogP,residual_property,cLogP,140.90909090909088,50,50,BondCount,65.02,41.0,38.0,57.75,40.58,17.0,11.25,34.0
residual::cLogP,residual_property,cLogP,140.90909090909088,50,50,BranchPointCount,2.78,2.0,1.25,4.0,-4.36,-5.0,-6.0,-2.25
residual::cLogP,residual_property,cLogP,140.90909090909088,50,50,AromaticAtomFraction,0.009644381223328592,0.0,0.0,0.0,-0.5029442422557195,-0.49193548387096775,-0.6321428571428571,-0.4041666666666667
residual::cLogP,residual_property,cLogP,140.90909090909088,50,50,AromaticBondFraction,0.00931174089068826,0.0,0.0,0.0,-0.47804730750721064,-0.4644607843137255,-0.5863636363636363,-0.39285714285714285
residual::cLogP,residual_property,cLogP,143.93939393939394,50,50,MolWt,957.8176400000004,604.9625000000002,510.7462500000002,1829.29725,633.0956800000002,304.61249999999995,173.82274999999998,1422.23625
residual::cLogP,residual_property,cLogP,143.93939393939394,50,50,CarbonCount,68.92,43.5,36.25,133.25,51.82,26.0,19.25,109.25
residual::cLogP,residual_property,cLogP,143.93939393939394,50,50,HeavyAtomCount_calc,69.66,44.0,38.0,134.75,46.98,22.5,14.25,105.75
residual::cLogP,residual_property,cLogP,143.93939393939394,50,50,HeteroatomCount,0.74,1.0,0.0,1.0,-4.84,-4.5,-6.0,-3.25
residual::cLogP,residual_property,cLogP,143.93939393939394,50,50,RingCount_calc,0.46,0.0,0.0,1.0,-2.3,-3.0,-3.0,-1.0
residual::cLogP,residual_property,cLogP,143.93939393939394,50,50,AromaticRingCount_calc,0.06,0.0,0.0,0.0,-2.02,-2.0,-2.0,-1.0
residual::cLogP,residual_property,cLogP,143.93939393939394,50,50,BondCount,69.1,44.0,38.0,133.75,44.66,20.0,12.0,102.75
residual::cLogP,residual_property,cLogP,143.93939393939394,50,50,BranchPointCount,2.6,2.0,1.0,4.0,-4.54,-5.0,-6.75,-2.25
residual::cLogP,residual_property,cLogP,143.93939393939394,50,50,AromaticAtomFraction,0.009644381223328592,0.0,0.0,0.0,-0.5029442422557195,-0.49193548387096775,-0.6321428571428571,-0.4041666666666667
residual::cLogP,residual_property,cLogP,143.93939393939394,50,50,AromaticBondFraction,0.00931174089068826,0.0,0.0,0.0,-0.47804730750721064,-0.4644607843137255,-0.5863636363636363,-0.39285714285714285
residual::cLogP,residual_property,cLogP,146.96969696969694,50,50,MolWt,1052.5327200000002,622.9285000000002,546.5640000000002,1945.2270000000005,727.81076,341.22100000000023,206.44050000000013,1510.8010000000004
residual::cLogP,residual_property,cLogP,146.96969696969694,50,50,CarbonCount,75.94,46.5,38.0,143.0,58.84,30.0,20.25,119.75
residual::cLogP,residual_property,cLogP,146.96969696969694,50,50,HeavyAtomCount_calc,76.54,47.5,39.0,144.0,53.86,26.0,16.25,112.25
residual::cLogP,residual_property,cLogP,146.96969696969694,50,50,HeteroatomCount,0.6,0.5,0.0,1.0,-4.98,-5.0,-6.0,-3.25
residual::cLogP,residual_property,cLogP,146.96969696969694,50,50,RingCount_calc,0.38,0.0,0.0,0.75,-2.38,-3.0,-3.0,-1.25
residual::cLogP,residual_property,cLogP,146.96969696969694,50,50,AromaticRingCount_calc,0.06,0.0,0.0,0.0,-2.02,-2.0,-2.0,-1.0
residual::cLogP,residual_property,cLogP,146.96969696969694,50,50,BondCount,75.9,47.0,40.0,143.0,51.46,24.5,13.25,108.5
residual::cLogP,residual_property,cLogP,146.96969696969694,50,50,BranchPointCount,2.3,2.0,1.0,3.0,-4.84,-5.0,-7.0,-3.0
residual::cLogP,residual_property,cLogP,146.96969696969694,50,50,AromaticAtomFraction,0.009230769230769232,0.0,0.0,0.0,-0.5033578542482788,-0.49193548387096775,-0.6321428571428571,-0.4041666666666667
residual::cLogP,residual_property,cLogP,146.96969696969694,50,50,AromaticBondFraction,0.009076923076923076,0.0,0.0,0.0,-0.47828212532097586,-0.4644607843137255,-0.5863636363636363,-0.39285714285714285
residual::cLogP,residual_property,cLogP,150.0,50,50,MolWt,1178.5314800000006,694.1399999999996,571.1370000000002,2061.884000000001,853.8095200000002,435.42049999999995,216.69750000000005,1671.672000000001
residual::cLogP,residual_property,cLogP,150.0,50,50,CarbonCount,85.16,51.0,42.0,148.0,68.06,37.0,22.0,127.75
residual::cLogP,residual_property,cLogP,150.0,50,50,HeavyAtomCount_calc,85.66,51.0,42.25,148.0,62.98,34.0,18.0,121.0
residual::cLogP,residual_property,cLogP,150.0,50,50,HeteroatomCount,0.5,0.0,0.0,1.0,-5.08,-5.0,-6.0,-4.0
residual::cLogP,residual_property,cLogP,150.0,50,50,RingCount_calc,0.36,0.0,0.0,1.0,-2.4,-3.0,-3.0,-2.0
residual::cLogP,residual_property,cLogP,150.0,50,50,AromaticRingCount_calc,0.02,0.0,0.0,0.0,-2.06,-2.0,-2.75,-1.0
residual::cLogP,residual_property,cLogP,150.0,50,50,BondCount,85.0,50.5,42.0,147.0,60.56,32.5,15.25,118.0
residual::cLogP,residual_property,cLogP,150.0,50,50,BranchPointCount,2.08,2.0,1.0,3.0,-5.06,-5.0,-7.0,-3.0
residual::cLogP,residual_property,cLogP,150.0,50,50,AromaticAtomFraction,0.003157894736842105,0.0,0.0,0.0,-0.509430728742206,-0.5,-0.6428571428571429,-0.4182692307692308
residual::cLogP,residual_property,cLogP,150.0,50,50,AromaticBondFraction,0.003157894736842105,0.0,0.0,0.0,-0.4842011536610568,-0.47058823529411764,-0.6,-0.39464285714285713
