direction_name,direction_kind,property,alpha,decode_count,valid_count,descriptor,mean_value,median_value,q25_value,q75_value,mean_change_from_seed,median_change_from_seed,q25_change_from_seed,q75_change_from_seed
raw::HeavyAtomCount,raw_property,HeavyAtomCount,-150.0,50,41,MolWt,18.138390243902442,16.043,16.043,16.043,-300.2574146341464,-329.4400000000001,-373.4780000000001,-222.23999999999998
raw::HeavyAtomCount,raw_property,HeavyAtomCount,-150.0,50,41,CarbonCount,0.926829268292683,1.0,1.0,1.0,-15.951219512195122,-17.0,-20.0,-12.0
raw::HeavyAtomCount,raw_property,HeavyAtomCount,-150.0,50,41,HeavyAtomCount_calc,1.1219512195121952,1.0,1.0,1.0,-21.24390243902439,-23.0,-27.0,-16.0
raw::HeavyAtomCount,raw_property,HeavyAtomCount,-150.0,50,41,HeteroatomCount,0.1951219512195122,0.0,0.0,0.0,-5.2926829268292686,-4.0,-6.0,-4.0
raw::HeavyAtomCount,raw_property,HeavyAtomCount,-150.0,50,41,RingCount_calc,0.0,0.0,0.0,0.0,-2.5853658536585367,-3.0,-3.0,-2.0
raw::HeavyAtomCount,raw_property,HeavyAtomCount,-150.0,50,41,AromaticRingCount_calc,0.0,0.0,0.0,0.0,-1.8780487804878048,-2.0,-2.0,-1.0
raw::HeavyAtomCount,raw_property,HeavyAtomCount,-150.0,50,41,BondCount,0.12195121951219512,0.0,0.0,0.0,-23.829268292682926,-26.0,-30.0,-17.0
raw::HeavyAtomCount,raw_property,HeavyAtomCount,-150.0,50,41,BranchPointCount,0.0,0.0,0.0,0.0,-6.951219512195122,-7.0,-9.0,-5.0
raw::HeavyAtomCount,raw_property,HeavyAtomCount,-150.0,50,41,AromaticAtomFraction,0.0,0.0,0.0,0.0,-0.4739648939797278,-0.46153846153846156,-0.5454545454545454,-0.38461538461538464
raw::HeavyAtomCount,raw_property,HeavyAtomCount,-150.0,50,41,AromaticBondFraction,0.0,0.0,0.0,0.0,-0.4107843137254902,-0.47058823529411764,-0.5,-0.3333333333333333
raw::HeavyAtomCount,raw_property,HeavyAtomCount,-146.96969696969697,50,41,MolWt,18.089219512195122,16.043,16.043,16.043,-300.3065853658537,-329.4400000000001,-373.4780000000001,-222.23999999999998
raw::HeavyAtomCount,raw_property,HeavyAtomCount,-146.96969696969697,50,41,CarbonCount,0.926829268292683,1.0,1.0,1.0,-15.951219512195122,-17.0,-20.0,-12.0
raw::HeavyAtomCount,raw_property,HeavyAtomCount,-146.96969696969697,50,41,HeavyAtomCount_calc,1.1219512195121952,1.0,1.0,1.0,-21.24390243902439,-23.0,-27.0,-16.0
raw::HeavyAtomCount,raw_property,HeavyAtomCount,-146.96969696969697,50,41,HeteroatomCount,0.1951219512195122,0.0,0.0,0.0,-5.2926829268292686,-4.0,-6.0,-4.0
raw::HeavyAtomCount,raw_property,HeavyAtomCount,-146.96969696969697,50,41,RingCount_calc,0.0,0.0,0.0,0.0,-2.5853658536585367,-3.0,-3.0,-2.0
raw::HeavyAtomCount,raw_property,HeavyAtomCount,-146.96969696969697,50,41,AromaticRingCount_calc,0.0,0.0,0.0,0.0,-1.8780487804878048,-2.0,-2.0,-1.0
raw::HeavyAtomCount,raw_property,HeavyAtomCount,-146.96969696969697,50,41,BondCount,0.12195121951219512,0.0,0.0,0.0,-23.829268292682926,-26.0,-30.0,-17.0
raw::HeavyAtomCount,raw_property,HeavyAtomCount,-146.96969696969697,50,41,BranchPointCount,0.0,0.0,0.0,0.0,-6.951219512195122,-7.0,-9.0,-5.0
raw::HeavyAtomCount,raw_property,HeavyAtomCount,-146.96969696969697,50,41,AromaticAtomFraction,0.0,0.0,0.0,0.0,-0.4739648939797278,-0.46153846153846156,-0.5454545454545454,-0.38461538461538464
raw::HeavyAtomCount,raw_property,HeavyAtomCount,-146.96969696969697,50,41,AromaticBondFraction,0.0,0.0,0.0,0.0,-0.4107843137254902,-0.47058823529411764,-0.5,-0.3333333333333333
raw::HeavyAtomCount,raw_property,HeavyAtomCount,-143.93939393939394,50,41,MolWt,18.431341463414636,16.043,16.043,16.043,-299.9644634146342,-329.4400000000001,-373.4780000000001,-222.23999999999998
raw::HeavyAtomCount,raw_property,HeavyAtomCount,-143.93939393939394,50,41,CarbonCount,0.9512195121951219,1.0,1.0,1.0,-15.926829268292684,-17.0,-20.0,-11.0
raw::HeavyAtomCount,raw_property,HeavyAtomCount,-143.93939393939394,50,41,HeavyAtomCount_calc,1.146341463414634,1.0,1.0,1.0,-21.21951219512195,-23.0,-27.0,-16.0
raw::HeavyAtomCount,raw_property,HeavyAtomCount,-143.93939393939394,50,41,HeteroatomCount,0.1951219512195122,0.0,0.0,0.0,-5.2926829268292686,-4.0,-6.0,-4.0
raw::HeavyAtomCount,raw_property,HeavyAtomCount,-143.93939393939394,50,41,RingCount_calc,0.0,0.0,0.0,0.0,-2.5853658536585367,-3.0,-3.0,-2.0
raw::HeavyAtomCount,raw_property,HeavyAtomCount,-143.93939393939394,50,41,AromaticRingCount_calc,0.0,0.0,0.0,0.0,-1.8780487804878048,-2.0,-2.0,-1.0
raw::HeavyAtomCount,raw_property,HeavyAtomCount,-143.93939393939394,50,41,BondCount,0.14634146341463414,0.0,0.0,0.0,-23.804878048780488,-26.0,-30.0,-17.0
raw::HeavyAtomCount,raw_property,HeavyAtomCount,-143.93939393939394,50,41,BranchPointCount,0.0,0.0,0.0,0.0,-6.951219512195122,-7.0,-9.0,-5.0
raw::HeavyAtomCount,raw_property,HeavyAtomCount,-143.93939393939394,50,41,AromaticAtomFraction,0.0,0.0,0.0,0.0,-0.4739648939797278,-0.46153846153846156,-0.5454545454545454,-0.38461538461538464
raw::HeavyAtomCount,raw_property,HeavyAtomCount,-143.93939393939394,50,41,AromaticBondFraction,0.0,0.0,0.0,0.0,-0.3899393090569561,-0.4019607843137255,-0.49264705882352944,-0.2976190476190476
raw::HeavyAtomCount,raw_property,HeavyAtomCount,-140.9090909090909,50,42,MolWt,18.755404761904764,16.043,16.043,17.522,-300.62757142857146,-332.3775000000001,-372.4855000000001,-223.4905
raw::HeavyAtomCount,raw_property,HeavyAtomCount,-140.9090909090909,50,42,CarbonCount,0.9523809523809523,1.0,1.0,1.0,-15.952380952380953,-17.0,-20.0,-11.25
raw::HeavyAtomCount,raw_property,HeavyAtomCount,-140.9090909090909,50,42,HeavyAtomCount_calc,1.1666666666666667,1.0,1.0,1.0,-21.238095238095237,-23.0,-26.75,-15.25
raw::HeavyAtomCount,raw_property,HeavyAtomCount,-140.9090909090909,50,42,HeteroatomCount,0.21428571428571427,0.0,0.0,0.0,-5.285714285714286,-4.0,-6.0,-4.0
raw::HeavyAtomCount,raw_property,HeavyAtomCount,-140.9090909090909,50,42,RingCount_calc,0.0,0.0,0.0,0.0,-2.619047619047619,-3.0,-3.0,-2.0
raw::HeavyAtomCount,raw_property,HeavyAtomCount,-140.9090909090909,50,42,AromaticRingCount_calc,0.0,0.0,0.0,0.0,-1.880952380952381,-2.0,-2.0,-1.0
raw::HeavyAtomCount,raw_property,HeavyAtomCount,-140.9090909090909,50,42,BondCount,0.16666666666666666,0.0,0.0,0.0,-23.857142857142858,-26.5,-29.75,-17.0
raw::HeavyAtomCount,raw_property,HeavyAtomCount,-140.9090909090909,50,42,BranchPointCount,0.0,0.0,0.0,0.0,-7.0,-7.0,-9.0,-5.0
raw::HeavyAtomCount,raw_property,HeavyAtomCount,-140.9090909090909,50,42,AromaticAtomFraction,0.0,0.0,0.0,0.0,-0.47458477745640093,-0.4707692307692308,-0.5414438502673796,-0.38846153846153847
raw::HeavyAtomCount,raw_property,HeavyAtomCount,-140.9090909090909,50,42,AromaticBondFraction,0.0,0.0,0.0,0.0,-0.4294717887154862,-0.47058823529411764,-0.5,-0.30952380952380953
raw::HeavyAtomCount,raw_property,HeavyAtomCount,-137.87878787878788,50,42,MolWt,18.755404761904764,16.043,16.043,17.522,-300.62757142857146,-332.3775000000001,-372.4855000000001,-223.4905
raw::HeavyAtomCount,raw_property,HeavyAtomCount,-137.87878787878788,50,42,CarbonCount,0.9523809523809523,1.0,1.0,1.0,-15.952380952380953,-17.0,-20.0,-11.25
raw::HeavyAtomCount,raw_property,HeavyAtomCount,-137.87878787878788,50,42,HeavyAtomCount_calc,1.1666666666666667,1.0,1.0,1.0,-21.238095238095237,-23.0,-26.75,-15.25
raw::HeavyAtomCount,raw_property,HeavyAtomCount,-137.87878787878788,50,42,HeteroatomCount,0.21428571428571427,0.0,0.0,0.0,-5.285714285714286,-4.0,-6.0,-4.0
raw::HeavyAtomCount,raw_property,HeavyAtomCount,-137.87878787878788,50,42,RingCount_calc,0.0,0.0,0.0,0.0,-2.619047619047619,-3.0,-3.0,-2.0
raw::HeavyAtomCount,raw_property,HeavyAtomCount,-137.87878787878788,50,42,AromaticRingCount_calc,0.0,0.0,0.0,0.0,-1.880952380952381,-2.0,-2.0,-1.0
raw::HeavyAtomCount,raw_property,HeavyAtomCount,-137.87878787878788,50,42,BondCount,0.16666666666666666,0.0,0.0,0.0,-23.857142857142858,-26.5,-29.75,-17.0
raw::HeavyAtomCount,raw_property,HeavyAtomCount,-137.87878787878788,50,42,BranchPointCount,0.0,0.0,0.0,0.0,-7.0,-7.0,-9.0,-5.0
raw::HeavyAtomCount,raw_property,HeavyAtomCount,-137.87878787878788,50,42,AromaticAtomFraction,0.0,0.0,0.0,0.0,-0.47458477745640093,-0.4707692307692308,-0.5414438502673796,-0.38846153846153847
raw::HeavyAtomCount,raw_property,HeavyAtomCount,-137.87878787878788,50,42,AromaticBondFraction,0.0,0.0,0.0,0.0,-0.4294717887154862,-0.47058823529411764,-0.5,-0.30952380952380953
raw::HeavyAtomCount,raw_property,HeavyAtomCount,-134.84848484848484,50,42,MolWt,19.804285714285715,16.043,16.043,18.015,-299.5786904761905,-332.3775000000001,-372.4855000000001,-223.4905
raw::HeavyAtomCount,raw_property,HeavyAtomCount,-134.84848484848484,50,42,CarbonCount,1.0,1.0,1.0,1.0,-15.904761904761905,-17.0,-20.0,-11.25
raw::HeavyAtomCount,raw_property,HeavyAtomCount,-134.84848484848484,50,42,HeavyAtomCount_calc,1.2380952380952381,1.0,1.0,1.0,-21.166666666666668,-23.0,-26.75,-15.25
raw::HeavyAtomCount,raw_property,HeavyAtomCount,-134.84848484848484,50,42,HeteroatomCount,0.23809523809523808,0.0,0.0,0.0,-5.261904761904762,-4.0,-6.0,-4.0
raw::HeavyAtomCount,raw_property,HeavyAtomCount,-134.84848484848484,50,42,RingCount_calc,0.0,0.0,0.0,0.0,-2.619047619047619,-3.0,-3.0,-2.0
raw::HeavyAtomCount,raw_property,HeavyAtomCount,-134.84848484848484,50,42,AromaticRingCount_calc,0.0,0.0,0.0,0.0,-1.880952380952381,-2.0,-2.0,-1.0
raw::HeavyAtomCount,raw_property,HeavyAtomCount,-134.84848484848484,50,42,BondCount,0.23809523809523808,0.0,0.0,0.0,-23.785714285714285,-26.5,-29.75,-17.0
raw::HeavyAtomCount,raw_property,HeavyAtomCount,-134.84848484848484,50,42,BranchPointCount,0.0,0.0,0.0,0.0,-7.0,-7.0,-9.0,-5.0
raw::HeavyAtomCount,raw_property,HeavyAtomCount,-134.84848484848484,50,42,AromaticAtomFraction,0.0,0.0,0.0,0.0,-0.47458477745640093,-0.4707692307692308,-0.5414438502673796,-0.38846153846153847
raw::HeavyAtomCount,raw_property,HeavyAtomCount,-134.84848484848484,50,42,AromaticBondFraction,0.0,0.0,0.0,0.0,-0.4339402427637722,-0.47058823529411764,-0.5,-0.3333333333333333
raw::HeavyAtomCount,raw_property,HeavyAtomCount,-131.8181818181818,50,42,MolWt,19.804285714285715,16.043,16.043,18.015,-299.5786904761905,-332.3775000000001,-372.4855000000001,-223.4905
raw::HeavyAtomCount,raw_property,HeavyAtomCount,-131.8181818181818,50,42,CarbonCount,1.0,1.0,1.0,1.0,-15.904761904761905,-17.0,-20.0,-11.25
raw::HeavyAtomCount,raw_property,HeavyAtomCount,-131.8181818181818,50,42,HeavyAtomCount_calc,1.2380952380952381,1.0,1.0,1.0,-21.166666666666668,-23.0,-26.75,-15.25
raw::HeavyAtomCount,raw_property,HeavyAtomCount,-131.8181818181818,50,42,HeteroatomCount,0.23809523809523808,0.0,0.0,0.0,-5.261904761904762,-4.0,-6.0,-4.0
raw::HeavyAtomCount,raw_property,HeavyAtomCount,-131.8181818181818,50,42,RingCount_calc,0.0,0.0,0.0,0.0,-2.619047619047619,-3.0,-3.0,-2.0
raw::HeavyAtomCount,raw_property,HeavyAtomCount,-131.8181818181818,50,42,AromaticRingCount_calc,0.0,0.0,0.0,0.0,-1.880952380952381,-2.0,-2.0,-1.0
raw::HeavyAtomCount,raw_property,HeavyAtomCount,-131.8181818181818,50,42,BondCount,0.23809523809523808,0.0,0.0,0.0,-23.785714285714285,-26.5,-29.75,-17.0
raw::HeavyAtomCount,raw_property,HeavyAtomCount,-131.8181818181818,50,42,BranchPointCount,0.0,0.0,0.0,0.0,-7.0,-7.0,-9.0,-5.0
raw::HeavyAtomCount,raw_property,HeavyAtomCount,-131.8181818181818,50,42,AromaticAtomFraction,0.0,0.0,0.0,0.0,-0.47458477745640093,-0.4707692307692308,-0.5414438502673796,-0.38846153846153847
raw::HeavyAtomCount,raw_property,HeavyAtomCount,-131.8181818181818,50,42,AromaticBondFraction,0.0,0.0,0.0,0.0,-0.4339402427637722,-0.47058823529411764,-0.5,-0.3333333333333333
raw::HeavyAtomCount,raw_property,HeavyAtomCount,-128.78787878787878,50,42,MolWt,19.804285714285715,16.043,16.043,18.015,-299.5786904761905,-332.3775000000001,-372.4855000000001,-223.4905
raw::HeavyAtomCount,raw_property,HeavyAtomCount,-128.78787878787878,50,42,CarbonCount,1.0,1.0,1.0,1.0,-15.904761904761905,-17.0,-20.0,-11.25
raw::HeavyAtomCount,raw_property,HeavyAtomCount,-128.78787878787878,50,42,HeavyAtomCount_calc,1.2380952380952381,1.0,1.0,1.0,-21.166666666666668,-23.0,-26.75,-15.25
raw::HeavyAtomCount,raw_property,HeavyAtomCount,-128.78787878787878,50,42,HeteroatomCount,0.23809523809523808,0.0,0.0,0.0,-5.261904761904762,-4.0,-6.0,-4.0
raw::HeavyAtomCount,raw_property,HeavyAtomCount,-128.78787878787878,50,42,RingCount_calc,0.0,0.0,0.0,0.0,-2.619047619047619,-3.0,-3.0,-2.0
raw::HeavyAtomCount,raw_property,HeavyAtomCount,-128.78787878787878,50,42,AromaticRingCount_calc,0.0,0.0,0.0,0.0,-1.880952380952381,-2.0,-2.0,-1.0
raw::HeavyAtomCount,raw_property,HeavyAtomCount,-128.78787878787878,50,42,BondCount,0.23809523809523808,0.0,0.0,0.0,-23.785714285714285,-26.5,-29.75,-17.0
raw::HeavyAtomCount,raw_property,HeavyAtomCount,-128.78787878787878,50,42,BranchPointCount,0.0,0.0,0.0,0.0,-7.0,-7.0,-9.0,-5.0
raw::HeavyAtomCount,raw_property,HeavyAtomCount,-128.78787878787878,50,42,AromaticAtomFraction,0.0,0.0,0.0,0.0,-0.47458477745640093,-0.4707692307692308,-0.5414438502673796,-0.38846153846153847
raw::HeavyAtomCount,raw_property,HeavyAtomCount,-128.78787878787878,50,42,AromaticBondFraction,0.0,0.0,0.0,0.0,-0.4339402427637722,-0.47058823529411764,-0.5,-0.3333333333333333
raw::HeavyAtomCount,raw_property,HeavyAtomCount,-125.75757575757576,50,43,MolWt,20.506813953488372,16.043,16.043,23.034499999999998,-300.35206976744195,-335.3150000000001,-371.4930000000001,-224.74099999999999
raw::HeavyAtomCount,raw_property,HeavyAtomCount,-125.75757575757576,50,43,CarbonCount,0.9767441860465116,1.0,1.0,1.0,-16.0,-17.0,-20.0,-11.5
raw::HeavyAtomCount,raw_property,HeavyAtomCount,-125.75757575757576,50,43,HeavyAtomCount_calc,1.2790697674418605,1.0,1.0,1.5,-21.209302325581394,-23.0,-26.5,-15.5
raw::HeavyAtomCount,raw_property,HeavyAtomCount,-125.75757575757576,50,43,HeteroatomCount,0.3023255813953488,0.0,0.0,1.0,-5.209302325581396,-4.0,-6.0,-3.0
raw::HeavyAtomCount,raw_property,HeavyAtomCount,-125.75757575757576,50,43,RingCount_calc,0.0,0.0,0.0,0.0,-2.6511627906976742,-3.0,-3.0,-2.0
raw::HeavyAtomCount,raw_property,HeavyAtomCount,-125.75757575757576,50,43,AromaticRingCount_calc,0.0,0.0,0.0,0.0,-1.930232558139535,-2.0,-2.0,-1.0
raw::HeavyAtomCount,raw_property,HeavyAtomCount,-125.75757575757576,50,43,BondCount,0.27906976744186046,0.0,0.0,0.5,-23.86046511627907,-26.0,-29.5,-17.0
raw::HeavyAtomCount,raw_property,HeavyAtomCount,-125.75757575757576,50,43,BranchPointCount,0.0,0.0,0.0,0.0,-7.046511627906977,-7.0,-9.0,-5.0
raw::HeavyAtomCount,raw_property,HeavyAtomCount,-125.75757575757576,50,43,AromaticAtomFraction,0.0,0.0,0.0,0.0,-0.48233146420607315,-0.48,-0.54858934169279,-0.39230769230769236
raw::HeavyAtomCount,raw_property,HeavyAtomCount,-125.75757575757576,50,43,AromaticBondFraction,0.0,0.0,0.0,0.0,-0.4450328340702672,-0.47058823529411764,-0.5,-0.38095238095238093
raw::HeavyAtomCount,raw_property,HeavyAtomCount,-122.72727272727272,50,43,MolWt,22.46406976744186,16.043,16.043,30.07,-298.39481395348844,-335.3150000000001,-371.4930000000001,-224.74099999999999
raw::HeavyAtomCount,raw_property,HeavyAtomCount,-122.72727272727272,50,43,CarbonCount,1.1162790697674418,1.0,1.0,1.0,-15.86046511627907,-17.0,-19.5,-11.5
raw::HeavyAtomCount,raw_property,HeavyAtomCount,-122.72727272727272,50,43,HeavyAtomCount_calc,1.4186046511627908,1.0,1.0,2.0,-21.069767441860463,-23.0,-26.5,-15.5
raw::HeavyAtomCount,raw_property,HeavyAtomCount,-122.72727272727272,50,43,HeteroatomCount,0.3023255813953488,0.0,0.0,1.0,-5.209302325581396,-4.0,-6.0,-3.0
raw::HeavyAtomCount,raw_property,HeavyAtomCount,-122.72727272727272,50,43,RingCount_calc,0.023255813953488372,0.0,0.0,0.0,-2.627906976744186,-3.0,-3.0,-2.0
raw::HeavyAtomCount,raw_property,HeavyAtomCount,-122.72727272727272,50,43,AromaticRingCount_calc,0.0,0.0,0.0,0.0,-1.930232558139535,-2.0,-2.0,-1.0
raw::HeavyAtomCount,raw_property,HeavyAtomCount,-122.72727272727272,50,43,BondCount,0.4418604651162791,0.0,0.0,1.0,-23.697674418604652,-26.0,-29.5,-17.0
raw::HeavyAtomCount,raw_property,HeavyAtomCount,-122.72727272727272,50,43,BranchPointCount,0.0,0.0,0.0,0.0,-7.046511627906977,-7.0,-9.0,-5.0
raw::HeavyAtomCount,raw_property,HeavyAtomCount,-122.72727272727272,50,43,AromaticAtomFraction,0.0,0.0,0.0,0.0,-0.48233146420607315,-0.48,-0.54858934169279,-0.39230769230769236
raw::HeavyAtomCount,raw_property,HeavyAtomCount,-122.72727272727272,50,43,AromaticBondFraction,0.0,0.0,0.0,0.0,-0.39836730146604094,-0.4365079365079365,-0.49264705882352944,-0.2924107142857143
raw::HeavyAtomCount,raw_property,HeavyAtomCount,-119.69696969696967,50,43,MolWt,23.53441860465116,18.015,16.043,32.042,-297.32446511627916,-335.3150000000001,-367.9620000000001,-221.96349999999995
raw::HeavyAtomCount,raw_property,HeavyAtomCount,-119.69696969696967,50,43,CarbonCount,1.1395348837209303,1.0,1.0,1.0,-15.837209302325581,-17.0,-19.5,-11.5
raw::HeavyAtomCount,raw_property,HeavyAtomCount,-119.69696969696967,50,43,HeavyAtomCount_calc,1.4883720930232558,1.0,1.0,2.0,-21.0,-23.0,-26.5,-15.5
raw::HeavyAtomCount,raw_property,HeavyAtomCount,-119.69696969696967,50,43,HeteroatomCount,0.3488372093023256,0.0,0.0,1.0,-5.162790697674419,-4.0,-6.0,-3.0
raw::HeavyAtomCount,raw_property,HeavyAtomCount,-119.69696969696967,50,43,RingCount_calc,0.023255813953488372,0.0,0.0,0.0,-2.627906976744186,-3.0,-3.0,-2.0
raw::HeavyAtomCount,raw_property,HeavyAtomCount,-119.69696969696967,50,43,AromaticRingCount_calc,0.0,0.0,0.0,0.0,-1.930232558139535,-2.0,-2.0,-1.0
raw::HeavyAtomCount,raw_property,HeavyAtomCount,-119.69696969696967,50,43,BondCount,0.5116279069767442,0.0,0.0,1.0,-23.627906976744185,-26.0,-29.5,-17.0
raw::HeavyAtomCount,raw_property,HeavyAtomCount,-119.69696969696967,50,43,BranchPointCount,0.0,0.0,0.0,0.0,-7.046511627906977,-7.0,-9.0,-5.0
raw::HeavyAtomCount,raw_property,HeavyAtomCount,-119.69696969696967,50,43,AromaticAtomFraction,0.0,0.0,0.0,0.0,-0.48233146420607315,-0.48,-0.54858934169279,-0.39230769230769236
raw::HeavyAtomCount,raw_property,HeavyAtomCount,-119.69696969696967,50,43,AromaticBondFraction,0.0,0.0,0.0,0.0,-0.4250491194695347,-0.4444444444444444,-0.5,-0.3125
raw::HeavyAtomCount,raw_property,HeavyAtomCount,-116.66666666666666,50,43,MolWt,25.211325581395343,30.07,16.043,32.042,-295.64755813953496,-335.3150000000001,-367.9620000000001,-220.97749999999996
raw::HeavyAtomCount,raw_property,HeavyAtomCount,-116.66666666666666,50,43,CarbonCount,1.2325581395348837,1.0,1.0,2.0,-15.744186046511627,-17.0,-19.5,-11.0
raw::HeavyAtomCount,raw_property,HeavyAtomCount,-116.66666666666666,50,43,HeavyAtomCount_calc,1.6046511627906976,2.0,1.0,2.0,-20.88372093023256,-23.0,-26.5,-15.5
raw::HeavyAtomCount,raw_property,HeavyAtomCount,-116.66666666666666,50,43,HeteroatomCount,0.37209302325581395,0.0,0.0,1.0,-5.1395348837209305,-4.0,-6.0,-3.0
raw::HeavyAtomCount,raw_property,HeavyAtomCount,-116.66666666666666,50,43,RingCount_calc,0.023255813953488372,0.0,0.0,0.0,-2.627906976744186,-3.0,-3.0,-2.0
raw::HeavyAtomCount,raw_property,HeavyAtomCount,-116.66666666666666,50,43,AromaticRingCount_calc,0.0,0.0,0.0,0.0,-1.930232558139535,-2.0,-2.0,-1.0
raw::HeavyAtomCount,raw_property,HeavyAtomCount,-116.66666666666666,50,43,BondCount,0.627906976744186,1.0,0.0,1.0,-23.511627906976745,-26.0,-29.5,-17.0
raw::HeavyAtomCount,raw_property,HeavyAtomCount,-116.66666666666666,50,43,BranchPointCount,0.0,0.0,0.0,0.0,-7.046511627906977,-7.0,-9.0,-5.0
raw::HeavyAtomCount,raw_property,HeavyAtomCount,-116.66666666666666,50,43,AromaticAtomFraction,0.0,0.0,0.0,0.0,-0.48233146420607315,-0.48,-0.54858934169279,-0.39230769230769236
raw::HeavyAtomCount,raw_property,HeavyAtomCount,-116.66666666666666,50,43,AromaticBondFraction,0.0,0.0,0.0,0.0,-0.4559271106586756,-0.47058823529411764,-0.5406698564593301,-0.3333333333333333
raw::HeavyAtomCount,raw_property,HeavyAtomCount,-113.63636363636364,50,43,MolWt,25.90960465116279,30.07,16.043,32.042,-294.9492790697675,-322.2820000000001,-367.9620000000001,-220.97749999999996
raw::HeavyAtomCount,raw_property,HeavyAtomCount,-113.63636363636364,50,43,CarbonCount,1.255813953488372,1.0,1.0,2.0,-15.720930232558139,-17.0,-19.5,-11.0
raw::HeavyAtomCount,raw_property,HeavyAtomCount,-113.63636363636364,50,43,HeavyAtomCount_calc,1.6511627906976745,2.0,1.0,2.0,-20.837209302325583,-23.0,-26.0,-15.5
raw::HeavyAtomCount,raw_property,HeavyAtomCount,-113.63636363636364,50,43,HeteroatomCount,0.3953488372093023,0.0,0.0,1.0,-5.116279069767442,-4.0,-6.0,-3.0
raw::HeavyAtomCount,raw_property,HeavyAtomCount,-113.63636363636364,50,43,RingCount_calc,0.023255813953488372,0.0,0.0,0.0,-2.627906976744186,-3.0,-3.0,-2.0
raw::HeavyAtomCount,raw_property,HeavyAtomCount,-113.63636363636364,50,43,AromaticRingCount_calc,0.0,0.0,0.0,0.0,-1.930232558139535,-2.0,-2.0,-1.0
raw::HeavyAtomCount,raw_property,HeavyAtomCount,-113.63636363636364,50,43,BondCount,0.6744186046511628,1.0,0.0,1.0,-23.46511627906977,-26.0,-29.0,-17.0
raw::HeavyAtomCount,raw_property,HeavyAtomCount,-113.63636363636364,50,43,BranchPointCount,0.0,0.0,0.0,0.0,-7.046511627906977,-7.0,-9.0,-5.0
raw::HeavyAtomCount,raw_property,HeavyAtomCount,-113.63636363636364,50,43,AromaticAtomFraction,0.0,0.0,0.0,0.0,-0.48233146420607315,-0.48,-0.54858934169279,-0.39230769230769236
raw::HeavyAtomCount,raw_property,HeavyAtomCount,-113.63636363636364,50,43,AromaticBondFraction,0.0,0.0,0.0,0.0,-0.45349549715177667,-0.47058823529411764,-0.5358851674641147,-0.3333333333333333
raw::HeavyAtomCount,raw_property,HeavyAtomCount,-110.6060606060606,50,45,MolWt,26.405333333333328,30.07,16.043,32.042,-295.78344444444457,-321.2880000000001,-366.41600000000017,-221.68699999999995
raw::HeavyAtomCount,raw_property,HeavyAtomCount,-110.6060606060606,50,45,CarbonCount,1.2666666666666666,1.0,1.0,2.0,-15.688888888888888,-17.0,-19.0,-11.0
raw::HeavyAtomCount,raw_property,HeavyAtomCount,-110.6060606060606,50,45,HeavyAtomCount_calc,1.6888888888888889,2.0,1.0,2.0,-20.822222222222223,-23.0,-26.0,-16.0
raw::HeavyAtomCount,raw_property,HeavyAtomCount,-110.6060606060606,50,45,HeteroatomCount,0.4222222222222222,0.0,0.0,1.0,-5.133333333333334,-5.0,-6.0,-3.0
raw::HeavyAtomCount,raw_property,HeavyAtomCount,-110.6060606060606,50,45,RingCount_calc,0.022222222222222223,0.0,0.0,0.0,-2.6444444444444444,-3.0,-3.0,-2.0
raw::HeavyAtomCount,raw_property,HeavyAtomCount,-110.6060606060606,50,45,AromaticRingCount_calc,0.0,0.0,0.0,0.0,-1.9333333333333333,-2.0,-2.0,-1.0
raw::HeavyAtomCount,raw_property,HeavyAtomCount,-110.6060606060606,50,45,BondCount,0.7111111111111111,1.0,0.0,1.0,-23.466666666666665,-26.0,-29.0,-17.0
raw::HeavyAtomCount,raw_property,HeavyAtomCount,-110.6060606060606,50,45,BranchPointCount,0.0,0.0,0.0,0.0,-7.088888888888889,-7.0,-9.0,-5.0
raw::HeavyAtomCount,raw_property,HeavyAtomCount,-110.6060606060606,50,45,AromaticAtomFraction,0.0,0.0,0.0,0.0,-0.4844842538311024,-0.48,-0.5517241379310345,-0.4
raw::HeavyAtomCount,raw_property,HeavyAtomCount,-110.6060606060606,50,45,AromaticBondFraction,0.0,0.0,0.0,0.0,-0.4487326411978115,-0.4444444444444444,-0.5197368421052632,-0.3409090909090909
raw::HeavyAtomCount,raw_property,HeavyAtomCount,-107.57575757575758,50,45,MolWt,27.228999999999996,30.07,17.031,32.042,-294.9597777777779,-321.2880000000001,-364.8320000000001,-217.17999999999998
raw::HeavyAtomCount,raw_property,HeavyAtomCount,-107.57575757575758,50,45,CarbonCount,1.3333333333333333,1.0,1.0,2.0,-15.622222222222222,-17.0,-19.0,-11.0
raw::HeavyAtomCount,raw_property,HeavyAtomCount,-107.57575757575758,50,45,HeavyAtomCount_calc,1.7555555555555555,2.0,1.0,2.0,-20.755555555555556,-23.0,-25.0,-16.0
raw::HeavyAtomCount,raw_property,HeavyAtomCount,-107.57575757575758,50,45,HeteroatomCount,0.4222222222222222,0.0,0.0,1.0,-5.133333333333334,-5.0,-6.0,-3.0
raw::HeavyAtomCount,raw_property,HeavyAtomCount,-107.57575757575758,50,45,RingCount_calc,0.022222222222222223,0.0,0.0,0.0,-2.6444444444444444,-3.0,-3.0,-2.0
raw::HeavyAtomCount,raw_property,HeavyAtomCount,-107.57575757575758,50,45,AromaticRingCount_calc,0.0,0.0,0.0,0.0,-1.9333333333333333,-2.0,-2.0,-1.0
raw::HeavyAtomCount,raw_property,HeavyAtomCount,-107.57575757575758,50,45,BondCount,0.7777777777777778,1.0,0.0,1.0,-23.4,-26.0,-29.0,-17.0
raw::HeavyAtomCount,raw_property,HeavyAtomCount,-107.57575757575758,50,45,BranchPointCount,0.0,0.0,0.0,0.0,-7.088888888888889,-7.0,-9.0,-5.0
raw::HeavyAtomCount,raw_property,HeavyAtomCount,-107.57575757575758,50,45,AromaticAtomFraction,0.0,0.0,0.0,0.0,-0.4844842538311024,-0.48,-0.5517241379310345,-0.4
raw::HeavyAtomCount,raw_property,HeavyAtomCount,-107.57575757575758,50,45,AromaticBondFraction,0.0,0.0,0.0,0.0,-0.4494407914159298,-0.4444444444444444,-0.5263157894736842,-0.35294117647058826
raw::HeavyAtomCount,raw_property,HeavyAtomCount,-104.54545454545456,50,45,MolWt,28.607311111111105,30.07,17.031,32.042,-293.5814666666668,-321.1490000000001,-364.8320000000001,-217.17999999999998
raw::HeavyAtomCount,raw_property,HeavyAtomCount,-104.54545454545456,50,45,CarbonCount,1.3555555555555556,1.0,1.0,2.0,-15.6,-17.0,-19.0,-11.0
raw::HeavyAtomCount,raw_property,HeavyAtomCount,-104.54545454545456,50,45,HeavyAtomCount_calc,1.8444444444444446,2.0,1.0,2.0,-20.666666666666668,-23.0,-25.0,-16.0
raw::HeavyAtomCount,raw_property,HeavyAtomCount,-104.54545454545456,50,45,HeteroatomCount,0.4888888888888889,0.0,0.0,1.0,-5.066666666666666,-5.0,-6.0,-3.0
raw::HeavyAtomCount,raw_property,HeavyAtomCount,-104.54545454545456,50,45,RingCount_calc,0.0,0.0,0.0,0.0,-2.6666666666666665,-3.0,-3.0,-2.0
raw::HeavyAtomCount,raw_property,HeavyAtomCount,-104.54545454545456,50,45,AromaticRingCount_calc,0.0,0.0,0.0,0.0,-1.9333333333333333,-2.0,-2.0,-1.0
raw::HeavyAtomCount,raw_property,HeavyAtomCount,-104.54545454545456,50,45,BondCount,0.8444444444444444,1.0,0.0,1.0,-23.333333333333332,-26.0,-29.0,-17.0
raw::HeavyAtomCount,raw_property,HeavyAtomCount,-104.54545454545456,50,45,BranchPointCount,0.0,0.0,0.0,0.0,-7.088888888888889,-7.0,-9.0,-5.0
raw::HeavyAtomCount,raw_property,HeavyAtomCount,-104.54545454545456,50,45,AromaticAtomFraction,0.0,0.0,0.0,0.0,-0.4844842538311024,-0.48,-0.5517241379310345,-0.4
raw::HeavyAtomCount,raw_property,HeavyAtomCount,-104.54545454545456,50,45,AromaticBondFraction,0.0,0.0,0.0,0.0,-0.4494407914159298,-0.4444444444444444,-0.5263157894736842,-0.35294117647058826
raw::HeavyAtomCount,raw_property,HeavyAtomCount,-101.51515151515152,50,45,MolWt,30.853111111111108,30.07,18.015,32.042,-291.3356666666668,-321.1490000000001,-364.8320000000001,-208.21299999999997
raw::HeavyAtomCount,raw_property,HeavyAtomCount,-101.51515151515152,50,45,CarbonCount,1.4222222222222223,1.0,1.0,2.0,-15.533333333333333,-17.0,-19.0,-11.0
raw::HeavyAtomCount,raw_property,HeavyAtomCount,-101.51515151515152,50,45,HeavyAtomCount_calc,2.0,2.0,1.0,2.0,-20.511111111111113,-22.0,-25.0,-15.0
raw::HeavyAtomCount,raw_property,HeavyAtomCount,-101.51515151515152,50,45,HeteroatomCount,0.5777777777777777,1.0,0.0,1.0,-4.977777777777778,-4.0,-6.0,-3.0
raw::HeavyAtomCount,raw_property,HeavyAtomCount,-101.51515151515152,50,45,RingCount_calc,0.0,0.0,0.0,0.0,-2.6666666666666665,-3.0,-3.0,-2.0
raw::HeavyAtomCount,raw_property,HeavyAtomCount,-101.51515151515152,50,45,AromaticRingCount_calc,0.0,0.0,0.0,0.0,-1.9333333333333333,-2.0,-2.0,-1.0
raw::HeavyAtomCount,raw_property,HeavyAtomCount,-101.51515151515152,50,45,BondCount,1.0,1.0,0.0,1.0,-23.177777777777777,-25.0,-28.0,-17.0
raw::HeavyAtomCount,raw_property,HeavyAtomCount,-101.51515151515152,50,45,BranchPointCount,0.0,0.0,0.0,0.0,-7.088888888888889,-7.0,-9.0,-5.0
raw::HeavyAtomCount,raw_property,HeavyAtomCount,-101.51515151515152,50,45,AromaticAtomFraction,0.0,0.0,0.0,0.0,-0.4844842538311024,-0.48,-0.5517241379310345,-0.4
raw::HeavyAtomCount,raw_property,HeavyAtomCount,-101.51515151515152,50,45,AromaticBondFraction,0.0,0.0,0.0,0.0,-0.4479023686210465,-0.4444444444444444,-0.513157894736842,-0.3582887700534759
raw::HeavyAtomCount,raw_property,HeavyAtomCount,-98.48484848484848,50,45,MolWt,30.54237777777777,30.07,18.015,32.042,-291.64640000000014,-321.2880000000001,-364.8320000000001,-208.21299999999997
raw::HeavyAtomCount,raw_property,HeavyAtomCount,-98.48484848484848,50,45,CarbonCount,1.4222222222222223,1.0,1.0,2.0,-15.533333333333333,-17.0,-19.0,-11.0
raw::HeavyAtomCount,raw_property,HeavyAtomCount,-98.48484848484848,50,45,HeavyAtomCount_calc,1.9777777777777779,2.0,1.0,2.0,-20.533333333333335,-23.0,-25.0,-15.0
raw::HeavyAtomCount,raw_property,HeavyAtomCount,-98.48484848484848,50,45,HeteroatomCount,0.5555555555555556,1.0,0.0,1.0,-5.0,-4.0,-6.0,-3.0
raw::HeavyAtomCount,raw_property,HeavyAtomCount,-98.48484848484848,50,45,RingCount_calc,0.0,0.0,0.0,0.0,-2.6666666666666665,-3.0,-3.0,-2.0
raw::HeavyAtomCount,raw_property,HeavyAtomCount,-98.48484848484848,50,45,AromaticRingCount_calc,0.0,0.0,0.0,0.0,-1.9333333333333333,-2.0,-2.0,-1.0
raw::HeavyAtomCount,raw_property,HeavyAtomCount,-98.48484848484848,50,45,BondCount,0.9777777777777777,1.0,0.0,1.0,-23.2,-26.0,-28.0,-17.0
raw::HeavyAtomCount,raw_property,HeavyAtomCount,-98.48484848484848,50,45,BranchPointCount,0.0,0.0,0.0,0.0,-7.088888888888889,-7.0,-9.0,-5.0
raw::HeavyAtomCount,raw_property,HeavyAtomCount,-98.48484848484848,50,45,AromaticAtomFraction,0.0,0.0,0.0,0.0,-0.4844842538311024,-0.48,-0.5517241379310345,-0.4
raw::HeavyAtomCount,raw_property,HeavyAtomCount,-98.48484848484848,50,45,AromaticBondFraction,0.0,0.0,0.0,0.0,-0.4479023686210465,-0.4444444444444444,-0.513157894736842,-0.3582887700534759
raw::HeavyAtomCount,raw_property,HeavyAtomCount,-95.45454545454544,50,46,MolWt,32.217195652173906,30.07,18.015,32.042,-291.50665217391315,-321.2185000000001,-363.48675000000014,-209.21649999999997
raw::HeavyAtomCount,raw_property,HeavyAtomCount,-95.45454545454544,50,46,CarbonCount,1.4782608695652173,1.0,1.0,2.0,-15.543478260869565,-17.0,-19.0,-11.0
raw::HeavyAtomCount,raw_property,HeavyAtomCount,-95.45454545454544,50,46,HeavyAtomCount_calc,2.0652173913043477,2.0,1.0,2.0,-20.565217391304348,-22.5,-25.0,-15.0
raw::HeavyAtomCount,raw_property,HeavyAtomCount,-95.45454545454544,50,46,HeteroatomCount,0.5869565217391305,1.0,0.0,1.0,-5.021739130434782,-4.5,-6.0,-3.0
raw::HeavyAtomCount,raw_property,HeavyAtomCount,-95.45454545454544,50,46,RingCount_calc,0.0,0.0,0.0,0.0,-2.6739130434782608,-3.0,-3.0,-2.0
raw::HeavyAtomCount,raw_property,HeavyAtomCount,-95.45454545454544,50,46,AromaticRingCount_calc,0.0,0.0,0.0,0.0,-1.9565217391304348,-2.0,-2.0,-1.0
raw::HeavyAtomCount,raw_property,HeavyAtomCount,-95.45454545454544,50,46,BondCount,1.065217391304348,1.0,0.0,1.0,-23.23913043478261,-25.5,-28.75,-17.0
raw::HeavyAtomCount,raw_property,HeavyAtomCount,-95.45454545454544,50,46,BranchPointCount,0.0,0.0,0.0,0.0,-7.130434782608695,-7.5,-9.0,-5.0
raw::HeavyAtomCount,raw_property,HeavyAtomCount,-95.45454545454544,50,46,AromaticAtomFraction,0.0,0.0,0.0,0.0,-0.4879271427229727,-0.48193548387096774,-0.5879310344827586,-0.4041666666666667
raw::HeavyAtomCount,raw_property,HeavyAtomCount,-95.45454545454544,50,46,AromaticBondFraction,0.0,0.0,0.0,0.0,-0.4393955391615698,-0.42857142857142855,-0.5,-0.35294117647058826
raw::HeavyAtomCount,raw_property,HeavyAtomCount,-92.42424242424242,50,48,MolWt,34.5885,30.07,18.015,34.55175,-289.88820833333335,-321.2185000000001,-359.45550000000014,-211.2235
raw::HeavyAtomCount,raw_property,HeavyAtomCount,-92.42424242424242,50,48,CarbonCount,1.5416666666666667,1.0,1.0,2.0,-15.5625,-17.0,-19.0,-11.0
raw::HeavyAtomCount,raw_property,HeavyAtomCount,-92.42424242424242,50,48,HeavyAtomCount_calc,2.2083333333333335,2.0,1.0,2.25,-20.458333333333332,-22.5,-25.0,-15.0
raw::HeavyAtomCount,raw_property,HeavyAtomCount,-92.42424242424242,50,48,HeteroatomCount,0.6666666666666666,1.0,0.0,1.0,-4.895833333333333,-4.5,-6.0,-3.0
raw::HeavyAtomCount,raw_property,HeavyAtomCount,-92.42424242424242,50,48,RingCount_calc,0.020833333333333332,0.0,0.0,0.0,-2.6875,-3.0,-3.0,-2.0
raw::HeavyAtomCount,raw_property,HeavyAtomCount,-92.42424242424242,50,48,AromaticRingCount_calc,0.0,0.0,0.0,0.0,-2.0208333333333335,-2.0,-2.25,-1.0
raw::HeavyAtomCount,raw_property,HeavyAtomCount,-92.42424242424242,50,48,BondCount,1.2291666666666667,1.0,0.0,1.25,-23.145833333333332,-26.0,-28.25,-17.0
raw::HeavyAtomCount,raw_property,HeavyAtomCount,-92.42424242424242,50,48,BranchPointCount,0.0625,0.0,0.0,0.0,-7.083333333333333,-7.5,-9.0,-5.0
raw::HeavyAtomCount,raw_property,HeavyAtomCount,-92.42424242424242,50,48,AromaticAtomFraction,0.0,0.0,0.0,0.0,-0.4995261929356027,-0.49193548387096775,-0.6428571428571429,-0.41250000000000003
raw::HeavyAtomCount,raw_property,HeavyAtomCount,-92.42424242424242,50,48,AromaticBondFraction,0.0,0.0,0.0,0.0,-0.4460799840881903,-0.4365079365079365,-0.5197368421052632,-0.3556149732620321
raw::HeavyAtomCount,raw_property,HeavyAtomCount,-89.39393939393939,50,48,MolWt,35.70464583333334,31.058,25.544249999999998,42.584999999999994,-288.77206250000006,-321.2185000000001,-358.5412500000001,-211.2235
raw::HeavyAtomCount,raw_property,HeavyAtomCount,-89.39393939393939,50,48,CarbonCount,1.6666666666666667,1.5,1.0,2.0,-15.4375,-17.0,-19.0,-11.0
raw::HeavyAtomCount,raw_property,HeavyAtomCount,-89.39393939393939,50,48,HeavyAtomCount_calc,2.3541666666666665,2.0,1.75,3.0,-20.3125,-22.0,-25.0,-15.0
raw::HeavyAtomCount,raw_property,HeavyAtomCount,-89.39393939393939,50,48,HeteroatomCount,0.6875,1.0,0.0,1.0,-4.875,-4.5,-6.0,-3.0
raw::HeavyAtomCount,raw_property,HeavyAtomCount,-89.39393939393939,50,48,RingCount_calc,0.041666666666666664,0.0,0.0,0.0,-2.6666666666666665,-3.0,-3.0,-2.0
raw::HeavyAtomCount,raw_property,HeavyAtomCount,-89.39393939393939,50,48,AromaticRingCount_calc,0.0,0.0,0.0,0.0,-2.0208333333333335,-2.0,-2.25,-1.0
raw::HeavyAtomCount,raw_property,HeavyAtomCount,-89.39393939393939,50,48,BondCount,1.3958333333333333,1.0,0.75,2.0,-22.979166666666668,-25.5,-28.25,-17.0
raw::HeavyAtomCount,raw_property,HeavyAtomCount,-89.39393939393939,50,48,BranchPointCount,0.10416666666666667,0.0,0.0,0.0,-7.041666666666667,-7.5,-9.0,-5.0
raw::HeavyAtomCount,raw_property,HeavyAtomCount,-89.39393939393939,50,48,AromaticAtomFraction,0.0,0.0,0.0,0.0,-0.4995261929356027,-0.49193548387096775,-0.6428571428571429,-0.41250000000000003
raw::HeavyAtomCount,raw_property,HeavyAtomCount,-89.39393939393939,50,48,AromaticBondFraction,0.0,0.0,0.0,0.0,-0.4462265376787325,-0.4365079365079365,-0.5311004784688995,-0.3480392156862745
raw::HeavyAtomCount,raw_property,HeavyAtomCount,-86.36363636363637,50,48,MolWt,37.790416666666665,31.058,30.07,46.036,-286.6862916666667,-309.3945000000001,-358.5412500000001,-211.2235
raw::HeavyAtomCount,raw_property,HeavyAtomCount,-86.36363636363637,50,48,CarbonCount,1.7708333333333333,2.0,1.0,2.0,-15.333333333333334,-17.0,-19.0,-11.0
raw::HeavyAtomCount,raw_property,HeavyAtomCount,-86.36363636363637,50,48,HeavyAtomCount_calc,2.5,2.0,2.0,3.0,-20.166666666666668,-22.0,-25.0,-15.0
raw::HeavyAtomCount,raw_property,HeavyAtomCount,-86.36363636363637,50,48,HeteroatomCount,0.7291666666666666,1.0,0.0,1.0,-4.833333333333333,-4.5,-6.0,-3.0
raw::HeavyAtomCount,raw_property,HeavyAtomCount,-86.36363636363637,50,48,RingCount_calc,0.041666666666666664,0.0,0.0,0.0,-2.6666666666666665,-3.0,-3.0,-2.0
raw::HeavyAtomCount,raw_property,HeavyAtomCount,-86.36363636363637,50,48,AromaticRingCount_calc,0.0,0.0,0.0,0.0,-2.0208333333333335,-2.0,-2.25,-1.0
raw::HeavyAtomCount,raw_property,HeavyAtomCount,-86.36363636363637,50,48,BondCount,1.5416666666666667,1.0,1.0,2.0,-22.833333333333332,-25.5,-28.25,-17.0
raw::HeavyAtomCount,raw_property,HeavyAtomCount,-86.36363636363637,50,48,BranchPointCount,0.10416666666666667,0.0,0.0,0.0,-7.041666666666667,-7.5,-9.0,-5.0
raw::HeavyAtomCount,raw_property,HeavyAtomCount,-86.36363636363637,50,48,AromaticAtomFraction,0.0,0.0,0.0,0.0,-0.4995261929356027,-0.49193548387096775,-0.6428571428571429,-0.41250000000000003
raw::HeavyAtomCount,raw_property,HeavyAtomCount,-86.36363636363637,50,48,AromaticBondFraction,0.0,0.0,0.0,0.0,-0.45067734037228885,-0.4444444444444444,-0.5406698564593301,-0.3556149732620321
raw::HeavyAtomCount,raw_property,HeavyAtomCount,-83.33333333333333,50,48,MolWt,40.62922916666667,32.042,30.07,46.036,-283.84747916666674,-307.19150000000013,-355.3557500000002,-209.92275
raw::HeavyAtomCount,raw_property,HeavyAtomCount,-83.33333333333333,50,48,CarbonCount,1.9583333333333333,2.0,1.0,3.0,-15.145833333333334,-16.5,-19.0,-11.0
raw::HeavyAtomCount,raw_property,HeavyAtomCount,-83.33333333333333,50,48,HeavyAtomCount_calc,2.6875,2.0,2.0,3.0,-19.979166666666668,-22.0,-25.0,-15.0
raw::HeavyAtomCount,raw_property,HeavyAtomCount,-83.33333333333333,50,48,HeteroatomCount,0.7291666666666666,1.0,0.0,1.0,-4.833333333333333,-4.5,-6.0,-3.0
raw::HeavyAtomCount,raw_property,HeavyAtomCount,-83.33333333333333,50,48,RingCount_calc,0.041666666666666664,0.0,0.0,0.0,-2.6666666666666665,-3.0,-3.0,-2.0
raw::HeavyAtomCount,raw_property,HeavyAtomCount,-83.33333333333333,50,48,AromaticRingCount_calc,0.0,0.0,0.0,0.0,-2.0208333333333335,-2.0,-2.25,-1.0
raw::HeavyAtomCount,raw_property,HeavyAtomCount,-83.33333333333333,50,48,BondCount,1.7291666666666667,1.0,1.0,2.0,-22.645833333333332,-25.0,-28.0,-17.0
raw::HeavyAtomCount,raw_property,HeavyAtomCount,-83.33333333333333,50,48,BranchPointCount,0.10416666666666667,0.0,0.0,0.0,-7.041666666666667,-7.5,-9.0,-5.0
raw::HeavyAtomCount,raw_property,HeavyAtomCount,-83.33333333333333,50,48,AromaticAtomFraction,0.0,0.0,0.0,0.0,-0.4995261929356027,-0.49193548387096775,-0.6428571428571429,-0.41250000000000003
raw::HeavyAtomCount,raw_property,HeavyAtomCount,-83.33333333333333,50,48,AromaticBondFraction,0.0,0.0,0.0,0.0,-0.45142472335367445,-0.4444444444444444,-0.5348011363636364,-0.3609625668449198
raw::HeavyAtomCount,raw_property,HeavyAtomCount,-80.3030303030303,50,49,MolWt,44.998816326530616,44.096999999999994,31.058,46.069,-279.0260612244899,-306.3610000000001,-352.8210000000001,-212.227
raw::HeavyAtomCount,raw_property,HeavyAtomCount,-80.3030303030303,50,49,CarbonCount,2.0816326530612246,2.0,1.0,3.0,-15.040816326530612,-16.0,-18.0,-11.0
raw::HeavyAtomCount,raw_property,HeavyAtomCount,-80.3030303030303,50,49,HeavyAtomCount_calc,2.938775510204082,3.0,2.0,3.0,-19.73469387755102,-22.0,-24.0,-15.0
raw::HeavyAtomCount,raw_property,HeavyAtomCount,-80.3030303030303,50,49,HeteroatomCount,0.8571428571428571,1.0,1.0,1.0,-4.6938775510204085,-4.0,-6.0,-3.0
raw::HeavyAtomCount,raw_property,HeavyAtomCount,-80.3030303030303,50,49,RingCount_calc,0.04081632653061224,0.0,0.0,0.0,-2.693877551020408,-3.0,-3.0,-2.0
raw::HeavyAtomCount,raw_property,HeavyAtomCount,-80.3030303030303,50,49,AromaticRingCount_calc,0.0,0.0,0.0,0.0,-2.0408163265306123,-2.0,-3.0,-1.0
raw::HeavyAtomCount,raw_property,HeavyAtomCount,-80.3030303030303,50,49,BondCount,1.9795918367346939,2.0,1.0,2.0,-22.428571428571427,-25.0,-27.0,-17.0
raw::HeavyAtomCount,raw_property,HeavyAtomCount,-80.3030303030303,50,49,BranchPointCount,0.12244897959183673,0.0,0.0,0.0,-7.020408163265306,-7.0,-9.0,-5.0
raw::HeavyAtomCount,raw_property,HeavyAtomCount,-80.3030303030303,50,49,AromaticAtomFraction,0.0,0.0,0.0,0.0,-0.5044160754222762,-0.5,-0.6428571428571429,-0.4166666666666667
raw::HeavyAtomCount,raw_property,HeavyAtomCount,-80.3030303030303,50,49,AromaticBondFraction,0.0,0.0,0.0,0.0,-0.4578750115539074,-0.4444444444444444,-0.5383522727272727,-0.3782467532467533
raw::HeavyAtomCount,raw_property,HeavyAtomCount,-77.27272727272728,50,49,MolWt,49.799204081632645,45.084999999999994,32.042,58.080000000000005,-274.22567346938786,-299.4140000000001,-328.43700000000007,-212.227
raw::HeavyAtomCount,raw_property,HeavyAtomCount,-77.27272727272728,50,49,CarbonCount,2.306122448979592,2.0,1.0,3.0,-14.816326530612244,-16.0,-18.0,-11.0
raw::HeavyAtomCount,raw_property,HeavyAtomCount,-77.27272727272728,50,49,HeavyAtomCount_calc,3.2857142857142856,3.0,2.0,4.0,-19.387755102040817,-22.0,-23.0,-15.0
raw::HeavyAtomCount,raw_property,HeavyAtomCount,-77.27272727272728,50,49,HeteroatomCount,0.9795918367346939,1.0,1.0,1.0,-4.571428571428571,-4.0,-6.0,-3.0
raw::HeavyAtomCount,raw_property,HeavyAtomCount,-77.27272727272728,50,49,RingCount_calc,0.08163265306122448,0.0,0.0,0.0,-2.6530612244897958,-3.0,-3.0,-2.0
raw::HeavyAtomCount,raw_property,HeavyAtomCount,-77.27272727272728,50,49,AromaticRingCount_calc,0.0,0.0,0.0,0.0,-2.0408163265306123,-2.0,-3.0,-1.0
raw::HeavyAtomCount,raw_property,HeavyAtomCount,-77.27272727272728,50,49,BondCount,2.36734693877551,2.0,1.0,3.0,-22.040816326530614,-24.0,-26.0,-17.0
raw::HeavyAtomCount,raw_property,HeavyAtomCount,-77.27272727272728,50,49,BranchPointCount,0.24489795918367346,0.0,0.0,0.0,-6.8979591836734695,-7.0,-8.0,-5.0
raw::HeavyAtomCount,raw_property,HeavyAtomCount,-77.27272727272728,50,49,AromaticAtomFraction,0.0,0.0,0.0,0.0,-0.5044160754222762,-0.5,-0.6428571428571429,-0.4166666666666667
raw::HeavyAtomCount,raw_property,HeavyAtomCount,-77.27272727272728,50,49,AromaticBondFraction,0.0,0.0,0.0,0.0,-0.46238353401859134,-0.4444444444444444,-0.5454545454545454,-0.38555194805194803
raw::HeavyAtomCount,raw_property,HeavyAtomCount,-74.24242424242425,50,50,MolWt,51.6338,45.55499999999999,32.042,59.10099999999999,-273.0881600000001,-299.8610000000001,-328.16725000000037,-207.73749999999998
raw::HeavyAtomCount,raw_property,HeavyAtomCount,-74.24242424242425,50,50,CarbonCount,2.32,2.0,1.0,3.0,-14.78,-16.0,-18.0,-11.0
raw::HeavyAtomCount,raw_property,HeavyAtomCount,-74.24242424242425,50,50,HeavyAtomCount_calc,3.38,3.0,2.0,4.0,-19.3,-22.0,-23.0,-15.0
raw::HeavyAtomCount,raw_property,HeavyAtomCount,-74.24242424242425,50,50,HeteroatomCount,1.06,1.0,1.0,1.0,-4.52,-4.0,-5.75,-3.0
raw::HeavyAtomCount,raw_property,HeavyAtomCount,-74.24242424242425,50,50,RingCount_calc,0.06,0.0,0.0,0.0,-2.7,-3.0,-3.0,-2.0
raw::HeavyAtomCount,raw_property,HeavyAtomCount,-74.24242424242425,50,50,AromaticRingCount_calc,0.0,0.0,0.0,0.0,-2.08,-2.0,-3.0,-1.0
raw::HeavyAtomCount,raw_property,HeavyAtomCount,-74.24242424242425,50,50,BondCount,2.44,2.0,1.0,3.0,-22.0,-24.5,-26.0,-17.0
raw::HeavyAtomCount,raw_property,HeavyAtomCount,-74.24242424242425,50,50,BranchPointCount,0.22,0.0,0.0,0.0,-6.92,-7.0,-8.0,-5.0
raw::HeavyAtomCount,raw_property,HeavyAtomCount,-74.24242424242425,50,50,AromaticAtomFraction,0.0,0.0,0.0,0.0,-0.512588623479048,-0.5,-0.6520935960591133,-0.4182692307692308
raw::HeavyAtomCount,raw_property,HeavyAtomCount,-74.24242424242425,50,50,AromaticBondFraction,0.0,0.0,0.0,0.0,-0.46238353401859134,-0.4444444444444444,-0.5454545454545454,-0.38555194805194803
raw::HeavyAtomCount,raw_property,HeavyAtomCount,-71.21212121212122,50,50,MolWt,57.66032,46.069,42.080999999999996,69.16799999999999,-267.06164000000007,-293.18650000000014,-323.45300000000015,-205.31425
raw::HeavyAtomCount,raw_property,HeavyAtomCount,-71.21212121212122,50,50,CarbonCount,2.7,2.5,1.25,3.0,-14.4,-15.5,-18.0,-11.0
raw::HeavyAtomCount,raw_property,HeavyAtomCount,-71.21212121212122,50,50,HeavyAtomCount_calc,3.84,3.0,2.25,4.75,-18.84,-21.0,-23.0,-15.0
raw::HeavyAtomCount,raw_property,HeavyAtomCount,-71.21212121212122,50,50,HeteroatomCount,1.14,1.0,1.0,1.0,-4.44,-4.0,-5.75,-3.0
raw::HeavyAtomCount,raw_property,HeavyAtomCount,-71.21212121212122,50,50,RingCount_calc,0.04,0.0,0.0,0.0,-2.72,-3.0,-3.0,-2.0
raw::HeavyAtomCount,raw_property,HeavyAtomCount,-71.21212121212122,50,50,AromaticRingCount_calc,0.0,0.0,0.0,0.0,-2.08,-2.0,-3.0,-1.0
raw::HeavyAtomCount,raw_property,HeavyAtomCount,-71.21212121212122,50,50,BondCount,2.88,2.0,1.25,3.75,-21.56,-24.0,-26.0,-17.0
raw::HeavyAtomCount,raw_property,HeavyAtomCount,-71.21212121212122,50,50,BranchPointCount,0.28,0.0,0.0,0.0,-6.86,-7.0,-8.0,-5.0
raw::HeavyAtomCount,raw_property,HeavyAtomCount,-71.21212121212122,50,50,AromaticAtomFraction,0.0,0.0,0.0,0.0,-0.512588623479048,-0.5,-0.6520935960591133,-0.4182692307692308
raw::HeavyAtomCount,raw_property,HeavyAtomCount,-71.21212121212122,50,50,AromaticBondFraction,0.0,0.0,0.0,0.0,-0.4791872036966191,-0.4583333333333333,-0.6,-0.39285714285714285
raw::HeavyAtomCount,raw_property,HeavyAtomCount,-68.18181818181819,50,50,MolWt,63.34652,58.574000000000005,42.574,74.12299999999999,-261.37544,-283.84450000000015,-313.75625000000014,-202.47524999999996
raw::HeavyAtomCount,raw_property,HeavyAtomCount,-68.18181818181819,50,50,CarbonCount,3.04,3.0,2.0,4.0,-14.06,-15.0,-17.75,-11.0
raw::HeavyAtomCount,raw_property,HeavyAtomCount,-68.18181818181819,50,50,HeavyAtomCount_calc,4.26,4.0,3.0,5.0,-18.42,-20.0,-22.0,-15.0
raw::HeavyAtomCount,raw_property,HeavyAtomCount,-68.18181818181819,50,50,HeteroatomCount,1.22,1.0,1.0,1.75,-4.36,-4.0,-5.75,-3.0
raw::HeavyAtomCount,raw_property,HeavyAtomCount,-68.18181818181819,50,50,RingCount_calc,0.04,0.0,0.0,0.0,-2.72,-3.0,-3.0,-2.0
raw::HeavyAtomCount,raw_property,HeavyAtomCount,-68.18181818181819,50,50,AromaticRingCount_calc,0.0,0.0,0.0,0.0,-2.08,-2.0,-3.0,-1.0
raw::HeavyAtomCount,raw_property,HeavyAtomCount,-68.18181818181819,50,50,BondCount,3.3,3.0,2.0,4.0,-21.14,-23.0,-25.75,-17.0
raw::HeavyAtomCount,raw_property,HeavyAtomCount,-68.18181818181819,50,50,BranchPointCount,0.3,0.0,0.0,0.0,-6.84,-7.0,-8.0,-5.0
raw::HeavyAtomCount,raw_property,HeavyAtomCount,-68.18181818181819,50,50,AromaticAtomFraction,0.0,0.0,0.0,0.0,-0.512588623479048,-0.5,-0.6520935960591133,-0.4182692307692308
raw::HeavyAtomCount,raw_property,HeavyAtomCount,-68.18181818181819,50,50,AromaticBondFraction,0.0,0.0,0.0,0.0,-0.4836272138760165,-0.4644607843137255,-0.6078947368421053,-0.39285714285714285
raw::HeavyAtomCount,raw_property,HeavyAtomCount,-65.15151515151516,50,50,MolWt,70.3752,60.096000000000004,45.31999999999999,79.102,-254.34676000000007,-267.297,-311.84575000000007,-201.44899999999998
raw::HeavyAtomCount,raw_property,HeavyAtomCount,-65.15151515151516,50,50,CarbonCount,3.48,3.0,2.0,5.0,-13.62,-14.0,-17.0,-11.0
raw::HeavyAtomCount,raw_property,HeavyAtomCount,-65.15151515151516,50,50,HeavyAtomCount_calc,4.78,4.0,3.0,6.0,-17.9,-19.0,-21.75,-14.0
raw::HeavyAtomCount,raw_property,HeavyAtomCount,-65.15151515151516,50,50,HeteroatomCount,1.3,1.0,1.0,2.0,-4.28,-4.0,-5.0,-3.0
raw::HeavyAtomCount,raw_property,HeavyAtomCount,-65.15151515151516,50,50,RingCount_calc,0.1,0.0,0.0,0.0,-2.66,-3.0,-3.0,-2.0
raw::HeavyAtomCount,raw_property,HeavyAtomCount,-65.15151515151516,50,50,AromaticRingCount_calc,0.0,0.0,0.0,0.0,-2.08,-2.0,-3.0,-1.0
raw::HeavyAtomCount,raw_property,HeavyAtomCount,-65.15151515151516,50,50,BondCount,3.88,3.0,2.0,5.0,-20.56,-22.0,-25.0,-15.25
raw::HeavyAtomCount,raw_property,HeavyAtomCount,-65.15151515151516,50,50,BranchPointCount,0.52,0.0,0.0,1.0,-6.62,-7.0,-8.0,-5.0
raw::HeavyAtomCount,raw_property,HeavyAtomCount,-65.15151515151516,50,50,AromaticAtomFraction,0.0,0.0,0.0,0.0,-0.512588623479048,-0.5,-0.6520935960591133,-0.4182692307692308
raw::HeavyAtomCount,raw_property,HeavyAtomCount,-65.15151515151516,50,50,AromaticBondFraction,0.0,0.0,0.0,0.0,-0.4871010697937744,-0.47058823529411764,-0.631578947368421,-0.39285714285714285
raw::HeavyAtomCount,raw_property,HeavyAtomCount,-62.121212121212125,50,50,MolWt,79.56726,74.08099999999999,58.08,89.72575,-245.15470000000008,-265.8360000000002,-297.9107500000001,-189.76
raw::HeavyAtomCount,raw_property,HeavyAtomCount,-62.121212121212125,50,50,CarbonCount,4.02,4.0,3.0,5.0,-13.08,-13.0,-17.0,-9.0
raw::HeavyAtomCount,raw_property,HeavyAtomCount,-62.121212121212125,50,50,HeavyAtomCount_calc,5.44,5.0,4.0,6.0,-17.24,-18.0,-21.0,-13.25
raw::HeavyAtomCount,raw_property,HeavyAtomCount,-62.121212121212125,50,50,HeteroatomCount,1.42,1.0,1.0,2.0,-4.16,-4.0,-5.0,-2.0
raw::HeavyAtomCount,raw_property,HeavyAtomCount,-62.121212121212125,50,50,RingCount_calc,0.12,0.0,0.0,0.0,-2.64,-3.0,-3.0,-2.0
raw::HeavyAtomCount,raw_property,HeavyAtomCount,-62.121212121212125,50,50,AromaticRingCount_calc,0.02,0.0,0.0,0.0,-2.06,-2.0,-3.0,-1.0
raw::HeavyAtomCount,raw_property,HeavyAtomCount,-62.121212121212125,50,50,BondCount,4.56,4.0,3.0,5.0,-19.88,-22.0,-24.0,-15.0
raw::HeavyAtomCount,raw_property,HeavyAtomCount,-62.121212121212125,50,50,BranchPointCount,0.62,0.0,0.0,1.0,-6.52,-7.0,-8.0,-5.0
raw::HeavyAtomCount,raw_property,HeavyAtomCount,-62.121212121212125,50,50,AromaticAtomFraction,0.012,0.0,0.0,0.0,-0.5005886234790481,-0.5,-0.6520935960591133,-0.4182692307692308
raw::HeavyAtomCount,raw_property,HeavyAtomCount,-62.121212121212125,50,50,AromaticBondFraction,0.012244897959183673,0.0,0.0,0.0,-0.47485617183459067,-0.47058823529411764,-0.631578947368421,-0.39285714285714285
raw::HeavyAtomCount,raw_property,HeavyAtomCount,-59.09090909090909,50,50,MolWt,86.87834,74.12299999999999,58.080000000000005,107.62625,-237.84362000000007,-255.07900000000018,-293.23225000000014,-189.76
raw::HeavyAtomCount,raw_property,HeavyAtomCount,-59.09090909090909,50,50,CarbonCount,4.26,4.0,3.0,6.0,-12.84,-13.0,-16.0,-9.0
raw::HeavyAtomCount,raw_property,HeavyAtomCount,-59.09090909090909,50,50,HeavyAtomCount_calc,5.86,5.0,4.0,7.0,-16.82,-18.0,-21.0,-13.25
raw::HeavyAtomCount,raw_property,HeavyAtomCount,-59.09090909090909,50,50,HeteroatomCount,1.6,1.0,1.0,2.0,-3.98,-4.0,-5.0,-2.25
raw::HeavyAtomCount,raw_property,HeavyAtomCount,-59.09090909090909,50,50,RingCount_calc,0.22,0.0,0.0,0.0,-2.54,-3.0,-3.0,-2.0
raw::HeavyAtomCount,raw_property,HeavyAtomCount,-59.09090909090909,50,50,AromaticRingCount_calc,0.04,0.0,0.0,0.0,-2.04,-2.0,-2.75,-1.0
raw::HeavyAtomCount,raw_property,HeavyAtomCount,-59.09090909090909,50,50,BondCount,5.06,4.0,3.0,6.0,-19.38,-20.0,-24.0,-15.0
raw::HeavyAtomCount,raw_property,HeavyAtomCount,-59.09090909090909,50,50,BranchPointCount,0.78,0.0,0.0,1.0,-6.36,-6.5,-8.0,-5.0
raw::HeavyAtomCount,raw_property,HeavyAtomCount,-59.09090909090909,50,50,AromaticAtomFraction,0.026666666666666665,0.0,0.0,0.0,-0.48592195681238143,-0.5,-0.6520935960591133,-0.3926282051282052
raw::HeavyAtomCount,raw_property,HeavyAtomCount,-59.09090909090909,50,50,AromaticBondFraction,0.027210884353741496,0.0,0.0,0.0,-0.4598901854400329,-0.4583333333333333,-0.631578947368421,-0.39285714285714285
raw::HeavyAtomCount,raw_property,HeavyAtomCount,-56.06060606060606,50,50,MolWt,91.26441999999999,84.63399999999999,62.08525,113.95425,-233.45754000000008,-255.07900000000018,-276.2000000000004,-182.21975
raw::HeavyAtomCount,raw_property,HeavyAtomCount,-56.06060606060606,50,50,CarbonCount,4.54,4.5,3.0,6.0,-12.56,-13.0,-16.0,-9.0
raw::HeavyAtomCount,raw_property,HeavyAtomCount,-56.06060606060606,50,50,HeavyAtomCount_calc,6.18,6.0,4.0,7.0,-16.5,-18.0,-20.0,-13.0
raw::HeavyAtomCount,raw_property,HeavyAtomCount,-56.06060606060606,50,50,HeteroatomCount,1.64,1.0,1.0,2.0,-3.94,-4.0,-5.0,-2.0
raw::HeavyAtomCount,raw_property,HeavyAtomCount,-56.06060606060606,50,50,RingCount_calc,0.24,0.0,0.0,0.0,-2.52,-3.0,-3.0,-2.0
raw::HeavyAtomCount,raw_property,HeavyAtomCount,-56.06060606060606,50,50,AromaticRingCount_calc,0.04,0.0,0.0,0.0,-2.04,-2.0,-2.75,-1.0
raw::HeavyAtomCount,raw_property,HeavyAtomCount,-56.06060606060606,50,50,BondCount,5.42,5.0,3.0,6.75,-19.02,-20.0,-23.0,-14.25
raw::HeavyAtomCount,raw_property,HeavyAtomCount,-56.06060606060606,50,50,BranchPointCount,0.78,0.0,0.0,1.0,-6.36,-6.0,-8.0,-5.0
raw::HeavyAtomCount,raw_property,HeavyAtomCount,-56.06060606060606,50,50,AromaticAtomFraction,0.02424242424242424,0.0,0.0,0.0,-0.4883461992366238,-0.5,-0.6520935960591133,-0.3926282051282052
raw::HeavyAtomCount,raw_property,HeavyAtomCount,-56.06060606060606,50,50,AromaticBondFraction,0.02473716759431045,0.0,0.0,0.0,-0.46236390219946394,-0.4583333333333333,-0.631578947368421,-0.39285714285714285
raw::HeavyAtomCount,raw_property,HeavyAtomCount,-53.03030303030303,50,50,MolWt,105.12674000000001,90.6395,73.341,130.72275,-219.59522000000007,-236.2070000000001,-261.2692500000004,-173.23250000000002
raw::HeavyAtomCount,raw_property,HeavyAtomCount,-53.03030303030303,50,50,CarbonCount,5.1,5.0,3.25,6.0,-12.0,-12.0,-15.0,-9.0
raw::HeavyAtomCount,raw_property,HeavyAtomCount,-53.03030303030303,50,50,HeavyAtomCount_calc,7.06,6.0,5.0,9.0,-15.62,-16.0,-19.0,-12.25
raw::HeavyAtomCount,raw_property,HeavyAtomCount,-53.03030303030303,50,50,HeteroatomCount,1.96,2.0,1.0,2.75,-3.62,-3.0,-4.75,-2.0
raw::HeavyAtomCount,raw_property,HeavyAtomCount,-53.03030303030303,50,50,RingCount_calc,0.3,0.0,0.0,1.0,-2.46,-3.0,-3.0,-2.0
raw::HeavyAtomCount,raw_property,HeavyAtomCount,-53.03030303030303,50,50,AromaticRingCount_calc,0.08,0.0,0.0,0.0,-2.0,-2.0,-2.0,-1.0
raw::HeavyAtomCount,raw_property,HeavyAtomCount,-53.03030303030303,50,50,BondCount,6.36,5.0,4.0,8.75,-18.08,-19.0,-22.0,-14.0
raw::HeavyAtomCount,raw_property,HeavyAtomCount,-53.03030303030303,50,50,BranchPointCount,0.92,1.0,0.0,2.0,-6.22,-6.0,-7.75,-5.0
raw::HeavyAtomCount,raw_property,HeavyAtomCount,-53.03030303030303,50,50,AromaticAtomFraction,0.05257575757575757,0.0,0.0,0.0,-0.4600128659032905,-0.4707692307692308,-0.6321428571428571,-0.34375
raw::HeavyAtomCount,raw_property,HeavyAtomCount,-53.03030303030303,50,50,AromaticBondFraction,0.05257575757575757,0.0,0.0,0.0,-0.4347832908221413,-0.4444444444444444,-0.5863636363636363,-0.3382352941176471
raw::HeavyAtomCount,raw_property,HeavyAtomCount,-50.0,50,50,MolWt,113.69071999999998,108.11999999999998,80.62299999999998,143.18599999999998,-211.03124000000008,-218.97300000000013,-253.76600000000008,-160.72000000000003
raw::HeavyAtomCount,raw_property,HeavyAtomCount,-50.0,50,50,CarbonCount,5.44,5.5,4.0,7.0,-11.66,-11.5,-14.75,-9.0
raw::HeavyAtomCount,raw_property,HeavyAtomCount,-50.0,50,50,HeavyAtomCount_calc,7.58,7.5,6.0,9.0,-15.1,-16.0,-18.75,-12.0
raw::HeavyAtomCount,raw_property,HeavyAtomCount,-50.0,50,50,HeteroatomCount,2.14,2.0,1.0,3.0,-3.44,-3.0,-4.75,-2.0
raw::HeavyAtomCount,raw_property,HeavyAtomCount,-50.0,50,50,RingCount_calc,0.38,0.0,0.0,1.0,-2.38,-3.0,-3.0,-2.0
raw::HeavyAtomCount,raw_property,HeavyAtomCount,-50.0,50,50,AromaticRingCount_calc,0.1,0.0,0.0,0.0,-1.98,-2.0,-2.0,-1.0
raw::HeavyAtomCount,raw_property,HeavyAtomCount,-50.0,50,50,BondCount,6.96,7.0,5.0,9.0,-17.48,-18.0,-22.0,-13.0
raw::HeavyAtomCount,raw_property,HeavyAtomCount,-50.0,50,50,BranchPointCount,1.06,1.0,0.0,2.0,-6.08,-6.0,-7.0,-5.0
raw::HeavyAtomCount,raw_property,HeavyAtomCount,-50.0,50,50,AromaticAtomFraction,0.06507575757575756,0.0,0.0,0.0,-0.44751286590329054,-0.4707692307692308,-0.6321428571428571,-0.34375
raw::HeavyAtomCount,raw_property,HeavyAtomCount,-50.0,50,50,AromaticBondFraction,0.06507575757575756,0.0,0.0,0.0,-0.42228329082214133,-0.4444444444444444,-0.5863636363636363,-0.3382352941176471
raw::HeavyAtomCount,raw_property,HeavyAtomCount,-46.96969696969697,50,50,MolWt,129.1841,127.65699999999998,84.36500000000001,158.94575,-195.5378600000001,-201.9595000000001,-231.01600000000005,-152.05149999999992
raw::HeavyAtomCount,raw_property,HeavyAtomCount,-46.96969696969697,50,50,CarbonCount,6.02,6.0,5.0,7.0,-11.08,-11.0,-14.0,-8.25
raw::HeavyAtomCount,raw_property,HeavyAtomCount,-46.96969696969697,50,50,HeavyAtomCount_calc,8.4,8.5,6.0,10.0,-14.28,-15.0,-17.75,-11.0
raw::HeavyAtomCount,raw_property,HeavyAtomCount,-46.96969696969697,50,50,HeteroatomCount,2.38,2.0,2.0,3.0,-3.2,-3.0,-4.0,-2.0
raw::HeavyAtomCount,raw_property,HeavyAtomCount,-46.96969696969697,50,50,RingCount_calc,0.4,0.0,0.0,1.0,-2.36,-2.0,-3.0,-2.0
raw::HeavyAtomCount,raw_property,HeavyAtomCount,-46.96969696969697,50,50,AromaticRingCount_calc,0.08,0.0,0.0,0.0,-2.0,-2.0,-2.0,-1.0
raw::HeavyAtomCount,raw_property,HeavyAtomCount,-46.96969696969697,50,50,BondCount,7.8,8.0,5.0,10.0,-16.64,-18.0,-20.0,-13.0
raw::HeavyAtomCount,raw_property,HeavyAtomCount,-46.96969696969697,50,50,BranchPointCount,1.22,1.0,0.0,2.0,-5.92,-6.0,-7.0,-4.0
raw::HeavyAtomCount,raw_property,HeavyAtomCount,-46.96969696969697,50,50,AromaticAtomFraction,0.05040909090909091,0.0,0.0,0.0,-0.4621795325699572,-0.49,-0.6428571428571429,-0.37740384615384615
raw::HeavyAtomCount,raw_property,HeavyAtomCount,-46.96969696969697,50,50,AromaticBondFraction,0.05040909090909091,0.0,0.0,0.0,-0.436949957488808,-0.45138888888888884,-0.6,-0.36292016806722693
raw::HeavyAtomCount,raw_property,HeavyAtomCount,-43.93939393939394,50,50,MolWt,145.08187999999998,145.20199999999997,94.13499999999999,183.48049999999998,-179.6400800000001,-181.22350000000006,-222.95725000000007,-139.95775
raw::HeavyAtomCount,raw_property,HeavyAtomCount,-43.93939393939394,50,50,CarbonCount,6.92,7.0,5.0,8.75,-10.18,-10.0,-13.0,-7.25
raw::HeavyAtomCount,raw_property,HeavyAtomCount,-43.93939393939394,50,50,HeavyAtomCount_calc,9.6,10.0,6.25,12.0,-13.08,-13.5,-16.0,-10.0
raw::HeavyAtomCount,raw_property,HeavyAtomCount,-43.93939393939394,50,50,HeteroatomCount,2.68,3.0,2.0,3.0,-2.9,-3.0,-4.0,-1.25
raw::HeavyAtomCount,raw_property,HeavyAtomCount,-43.93939393939394,50,50,RingCount_calc,0.56,0.0,0.0,1.0,-2.2,-2.0,-3.0,-1.25
raw::HeavyAtomCount,raw_property,HeavyAtomCount,-43.93939393939394,50,50,AromaticRingCount_calc,0.1,0.0,0.0,0.0,-1.98,-2.0,-2.0,-1.0
raw::HeavyAtomCount,raw_property,HeavyAtomCount,-43.93939393939394,50,50,BondCount,9.16,9.0,6.0,12.0,-15.28,-15.5,-19.0,-11.5
raw::HeavyAtomCount,raw_property,HeavyAtomCount,-43.93939393939394,50,50,BranchPointCount,1.64,2.0,1.0,2.75,-5.5,-5.0,-7.0,-4.0
raw::HeavyAtomCount,raw_property,HeavyAtomCount,-43.93939393939394,50,50,AromaticAtomFraction,0.050389610389610394,0.0,0.0,0.0,-0.46219901308943767,-0.49,-0.6428571428571429,-0.37740384615384615
raw::HeavyAtomCount,raw_property,HeavyAtomCount,-43.93939393939394,50,50,AromaticBondFraction,0.050389610389610394,0.0,0.0,0.0,-0.4369694380082885,-0.45138888888888884,-0.6,-0.36292016806722693
raw::HeavyAtomCount,raw_property,HeavyAtomCount,-40.90909090909091,50,50,MolWt,156.7699,151.68899999999996,100.12899999999999,202.209,-167.9520600000001,-165.6245,-205.4570000000002,-126.82750000000009
raw::HeavyAtomCount,raw_property,HeavyAtomCount,-40.90909090909091,50,50,CarbonCount,7.52,7.0,5.0,9.75,-9.58,-9.0,-13.0,-7.0
raw::HeavyAtomCount,raw_property,HeavyAtomCount,-40.90909090909091,50,50,HeavyAtomCount_calc,10.28,10.0,7.0,12.0,-12.4,-12.5,-15.0,-9.25
raw::HeavyAtomCount,raw_property,HeavyAtomCount,-40.90909090909091,50,50,HeteroatomCount,2.76,3.0,2.0,3.0,-2.82,-2.0,-4.0,-1.25
raw::HeavyAtomCount,raw_property,HeavyAtomCount,-40.90909090909091,50,50,RingCount_calc,0.6,0.0,0.0,1.0,-2.16,-2.0,-3.0,-1.0
raw::HeavyAtomCount,raw_property,HeavyAtomCount,-40.90909090909091,50,50,AromaticRingCount_calc,0.14,0.0,0.0,0.0,-1.94,-2.0,-2.0,-1.0
raw::HeavyAtomCount,raw_property,HeavyAtomCount,-40.90909090909091,50,50,BondCount,9.86,9.0,6.0,12.0,-14.58,-14.5,-17.75,-11.0
raw::HeavyAtomCount,raw_property,HeavyAtomCount,-40.90909090909091,50,50,BranchPointCount,1.8,1.0,1.0,2.75,-5.34,-5.0,-6.0,-4.0
raw::HeavyAtomCount,raw_property,HeavyAtomCount,-40.90909090909091,50,50,AromaticAtomFraction,0.06147319347319347,0.0,0.0,0.0,-0.45111543000585463,-0.46153846153846156,-0.6321428571428571,-0.3333333333333333
raw::HeavyAtomCount,raw_property,HeavyAtomCount,-40.90909090909091,50,50,AromaticBondFraction,0.05962292609351433,0.0,0.0,0.0,-0.42773612230438457,-0.4444444444444444,-0.5863636363636363,-0.3333333333333333
raw::HeavyAtomCount,raw_property,HeavyAtomCount,-37.87878787878788,50,50,MolWt,177.33897999999996,173.731,113.69624999999999,231.12925,-147.3829800000001,-143.12000000000006,-181.71450000000019,-109.81400000000005
raw::HeavyAtomCount,raw_property,HeavyAtomCount,-37.87878787878788,50,50,CarbonCount,8.54,8.0,6.0,10.0,-8.56,-8.5,-11.0,-6.0
raw::HeavyAtomCount,raw_property,HeavyAtomCount,-37.87878787878788,50,50,HeavyAtomCount_calc,11.58,11.0,7.25,14.75,-11.1,-10.5,-13.0,-9.0
raw::HeavyAtomCount,raw_property,HeavyAtomCount,-37.87878787878788,50,50,HeteroatomCount,3.04,3.0,2.0,4.0,-2.54,-2.0,-3.0,-1.0
raw::HeavyAtomCount,raw_property,HeavyAtomCount,-37.87878787878788,50,50,RingCount_calc,0.72,1.0,0.0,1.0,-2.04,-2.0,-3.0,-1.25
raw::HeavyAtomCount,raw_property,HeavyAtomCount,-37.87878787878788,50,50,AromaticRingCount_calc,0.22,0.0,0.0,0.0,-1.86,-2.0,-2.0,-1.0
raw::HeavyAtomCount,raw_property,HeavyAtomCount,-37.87878787878788,50,50,BondCount,11.3,11.0,7.0,14.75,-13.14,-13.0,-15.75,-10.25
raw::HeavyAtomCount,raw_property,HeavyAtomCount,-37.87878787878788,50,50,BranchPointCount,2.28,2.0,1.0,3.0,-4.86,-5.0,-6.0,-4.0
raw::HeavyAtomCount,raw_property,HeavyAtomCount,-37.87878787878788,50,50,AromaticAtomFraction,0.08668297131145428,0.0,0.0,0.0,-0.42590565216759374,-0.46153846153846156,-0.5879310344827586,-0.3333333333333333
raw::HeavyAtomCount,raw_property,HeavyAtomCount,-37.87878787878788,50,50,AromaticBondFraction,0.08458974358974357,0.0,0.0,0.0,-0.4027693048081553,-0.4365079365079365,-0.5454545454545454,-0.3177083333333333
raw::HeavyAtomCount,raw_property,HeavyAtomCount,-34.848484848484844,50,50,MolWt,185.1541,184.11549999999997,127.91025,231.57199999999997,-139.56786000000008,-135.63600000000005,-167.40950000000007,-101.10800000000002
raw::HeavyAtomCount,raw_property,HeavyAtomCount,-34.848484848484844,50,50,CarbonCount,9.06,8.0,6.25,11.75,-8.04,-8.0,-10.75,-6.0
raw::HeavyAtomCount,raw_property,HeavyAtomCount,-34.848484848484844,50,50,HeavyAtomCount_calc,12.28,12.0,9.0,15.0,-10.4,-10.0,-12.75,-8.0
raw::HeavyAtomCount,raw_property,HeavyAtomCount,-34.848484848484844,50,50,HeteroatomCount,3.22,3.0,2.0,4.0,-2.36,-2.0,-3.0,-1.0
raw::HeavyAtomCount,raw_property,HeavyAtomCount,-34.848484848484844,50,50,RingCount_calc,0.84,1.0,0.0,1.0,-1.92,-2.0,-2.0,-1.0
raw::HeavyAtomCount,raw_property,HeavyAtomCount,-34.848484848484844,50,50,AromaticRingCount_calc,0.26,0.0,0.0,0.75,-1.82,-2.0,-2.0,-1.0
raw::HeavyAtomCount,raw_property,HeavyAtomCount,-34.848484848484844,50,50,BondCount,12.12,12.0,9.0,16.0,-12.32,-12.0,-15.0,-10.0
raw::HeavyAtomCount,raw_property,HeavyAtomCount,-34.848484848484844,50,50,BranchPointCount,2.5,2.0,1.0,3.0,-4.64,-4.0,-6.0,-3.25
raw::HeavyAtomCount,raw_property,HeavyAtomCount,-34.848484848484844,50,50,AromaticAtomFraction,0.10765388275295396,0.0,0.0,0.1875,-0.40493474072609414,-0.43961352657004826,-0.5501567398119123,-0.25735294117647056
raw::HeavyAtomCount,raw_property,HeavyAtomCount,-34.848484848484844,50,50,AromaticBondFraction,0.1047056766762649,0.0,0.0,0.1875,-0.382653371721634,-0.4226190476190476,-0.5419034090909091,-0.23557692307692307
raw::HeavyAtomCount,raw_property,HeavyAtomCount,-31.818181818181813,50,50,MolWt,205.07032000000004,199.1505,147.94199999999998,248.637,-119.65164000000006,-118.10250000000005,-156.69825000000012,-77.04575000000003
raw::HeavyAtomCount,raw_property,HeavyAtomCount,-31.818181818181813,50,50,CarbonCount,10.2,10.0,7.25,13.0,-6.9,-7.0,-9.0,-4.25
raw::HeavyAtomCount,raw_property,HeavyAtomCount,-31.818181818181813,50,50,HeavyAtomCount_calc,13.84,13.0,10.0,17.75,-8.84,-9.0,-12.0,-6.0
raw::HeavyAtomCount,raw_property,HeavyAtomCount,-31.818181818181813,50,50,HeteroatomCount,3.64,3.0,2.25,5.0,-1.94,-2.0,-3.0,-1.0
raw::HeavyAtomCount,raw_property,HeavyAtomCount,-31.818181818181813,50,50,RingCount_calc,0.96,1.0,0.0,1.0,-1.8,-2.0,-2.0,-1.0
raw::HeavyAtomCount,raw_property,HeavyAtomCount,-31.818181818181813,50,50,AromaticRingCount_calc,0.4,0.0,0.0,1.0,-1.68,-2.0,-2.0,-1.0
raw::HeavyAtomCount,raw_property,HeavyAtomCount,-31.818181818181813,50,50,BondCount,13.78,13.5,9.0,17.75,-10.66,-11.0,-14.0,-8.0
raw::HeavyAtomCount,raw_property,HeavyAtomCount,-31.818181818181813,50,50,BranchPointCount,2.94,3.0,2.0,4.0,-4.2,-4.0,-5.0,-3.0
raw::HeavyAtomCount,raw_property,HeavyAtomCount,-31.818181818181813,50,50,AromaticAtomFraction,0.15846571320723965,0.0,0.0,0.3289473684210526,-0.3541229102718084,-0.40064102564102566,-0.5169632925472748,-0.14174162918540728
raw::HeavyAtomCount,raw_property,HeavyAtomCount,-31.818181818181813,50,50,AromaticBondFraction,0.15410028758426927,0.0,0.0,0.31184210526315786,-0.33325876081362965,-0.39285714285714285,-0.5,-0.1299715909090909
raw::HeavyAtomCount,raw_property,HeavyAtomCount,-28.787878787878785,50,50,MolWt,225.65504,230.779,181.66624999999996,261.17250000000007,-99.06692000000007,-103.12200000000007,-134.05125000000004,-64.05074999999997
raw::HeavyAtomCount,raw_property,HeavyAtomCount,-28.787878787878785,50,50,CarbonCount,11.12,10.5,8.0,13.0,-5.98,-6.0,-8.0,-3.25
raw::HeavyAtomCount,raw_property,HeavyAtomCount,-28.787878787878785,50,50,HeavyAtomCount_calc,15.26,15.0,12.0,17.0,-7.42,-8.0,-9.75,-4.25
raw::HeavyAtomCount,raw_property,HeavyAtomCount,-28.787878787878785,50,50,HeteroatomCount,4.14,4.0,3.0,5.0,-1.44,-1.0,-2.0,-0.25
raw::HeavyAtomCount,raw_property,HeavyAtomCount,-28.787878787878785,50,50,RingCount_calc,1.02,1.0,0.0,2.0,-1.74,-2.0,-2.0,-1.0
raw::HeavyAtomCount,raw_property,HeavyAtomCount,-28.787878787878785,50,50,AromaticRingCount_calc,0.46,0.0,0.0,1.0,-1.62,-2.0,-2.0,-1.0
raw::HeavyAtomCount,raw_property,HeavyAtomCount,-28.787878787878785,50,50,BondCount,15.28,15.0,11.0,18.0,-9.16,-10.0,-12.75,-6.0
raw::HeavyAtomCount,raw_property,HeavyAtomCount,-28.787878787878785,50,50,BranchPointCount,3.3,3.0,2.0,5.0,-3.84,-4.0,-5.0,-2.25
raw::HeavyAtomCount,raw_property,HeavyAtomCount,-28.787878787878785,50,50,AromaticAtomFraction,0.15745052470749063,0.0,0.0,0.3289473684210526,-0.3551380987715575,-0.35416666666666663,-0.5206146926536732,-0.14200042835724994
raw::HeavyAtomCount,raw_property,HeavyAtomCount,-28.787878787878785,50,50,AromaticBondFraction,0.15468849702676812,0.0,0.0,0.3157894736842105,-0.3326705513711308,-0.3431372549019608,-0.5120967741935484,-0.1377155172413793
raw::HeavyAtomCount,raw_property,HeavyAtomCount,-25.757575757575765,50,50,MolWt,259.11350000000004,252.9425,205.25824999999998,314.12049999999994,-65.60846000000004,-61.54450000000001,-97.44675000000002,-34.01700000000001
raw::HeavyAtomCount,raw_property,HeavyAtomCount,-25.757575757575765,50,50,CarbonCount,13.26,13.0,10.0,17.0,-3.84,-3.0,-6.0,-2.0
raw::HeavyAtomCount,raw_property,HeavyAtomCount,-25.757575757575765,50,50,HeavyAtomCount_calc,17.74,17.5,14.0,22.0,-4.94,-5.0,-7.0,-3.0
raw::HeavyAtomCount,raw_property,HeavyAtomCount,-25.757575757575765,50,50,HeteroatomCount,4.48,4.0,3.25,5.75,-1.1,-1.0,-2.0,0.0
raw::HeavyAtomCount,raw_property,HeavyAtomCount,-25.757575757575765,50,50,RingCount_calc,1.24,1.0,1.0,2.0,-1.52,-1.5,-2.0,-1.0
raw::HeavyAtomCount,raw_property,HeavyAtomCount,-25.757575757575765,50,50,AromaticRingCount_calc,0.66,1.0,0.0,1.0,-1.42,-1.0,-2.0,-1.0
raw::HeavyAtomCount,raw_property,HeavyAtomCount,-25.757575757575765,50,50,BondCount,17.98,17.5,13.25,22.75,-6.46,-6.0,-9.0,-4.0
raw::HeavyAtomCount,raw_property,HeavyAtomCount,-25.757575757575765,50,50,BranchPointCount,3.94,4.0,3.0,5.0,-3.2,-3.0,-4.0,-2.0
raw::HeavyAtomCount,raw_property,HeavyAtomCount,-25.757575757575765,50,50,AromaticAtomFraction,0.2166423132185033,0.18934081346423562,0.0,0.4375,-0.2959463102605448,-0.2885091354483319,-0.44202898550724634,-0.1348575712143928
raw::HeavyAtomCount,raw_property,HeavyAtomCount,-25.757575757575765,50,50,AromaticBondFraction,0.21414689846617094,0.18682065217391303,0.0,0.4461538461538462,-0.27321214993172804,-0.24616368286445015,-0.4255952380952381,-0.11780324938219675
raw::HeavyAtomCount,raw_property,HeavyAtomCount,-22.727272727272734,50,50,MolWt,279.15948000000003,274.3639999999999,224.805,344.98375000000004,-45.56248000000005,-35.51900000000006,-72.56925000000005,-17.533750000000012
raw::HeavyAtomCount,raw_property,HeavyAtomCount,-22.727272727272734,50,50,CarbonCount,14.4,14.0,10.25,18.0,-2.7,-2.0,-4.0,-1.0
raw::HeavyAtomCount,raw_property,HeavyAtomCount,-22.727272727272734,50,50,HeavyAtomCount_calc,19.36,20.0,14.0,23.0,-3.32,-3.0,-5.0,-1.0
raw::HeavyAtomCount,raw_property,HeavyAtomCount,-22.727272727272734,50,50,HeteroatomCount,4.96,4.0,4.0,6.0,-0.62,0.0,-1.0,0.0
raw::HeavyAtomCount,raw_property,HeavyAtomCount,-22.727272727272734,50,50,RingCount_calc,1.64,1.5,1.0,2.0,-1.12,-1.0,-2.0,-1.0
raw::HeavyAtomCount,raw_property,HeavyAtomCount,-22.727272727272734,50,50,AromaticRingCount_calc,1.1,1.0,1.0,2.0,-0.98,-1.0,-1.0,0.0
raw::HeavyAtomCount,raw_property,HeavyAtomCount,-22.727272727272734,50,50,BondCount,20.0,21.0,15.0,24.75,-4.44,-4.0,-6.0,-2.0
raw::HeavyAtomCount,raw_property,HeavyAtomCount,-22.727272727272734,50,50,BranchPointCount,4.82,5.0,3.25,6.0,-2.32,-2.0,-3.0,-2.0
raw::HeavyAtomCount,raw_property,HeavyAtomCount,-22.727272727272734,50,50,AromaticAtomFraction,0.32156068039785907,0.3431372549019608,0.21506211180124224,0.4753846153846154,-0.19102794308118912,-0.17994505494505497,-0.29144960929673414,0.0
raw::HeavyAtomCount,raw_property,HeavyAtomCount,-22.727272727272734,50,50,AromaticBondFraction,0.3145969771124166,0.3550420168067227,0.20952023988005997,0.46153846153846156,-0.17276207128548232,-0.15096982758620692,-0.2610679954140577,0.0
raw::HeavyAtomCount,raw_property,HeavyAtomCount,-19.69696969696969,50,50,MolWt,298.74578,310.87850000000003,247.24999999999997,354.43250000000006,-25.97618000000003,-12.50500000000008,-40.53600000000007,0.0
raw::HeavyAtomCount,raw_property,HeavyAtomCount,-19.69696969696969,50,50,CarbonCount,15.54,16.5,12.0,19.0,-1.56,-1.0,-2.0,0.0
raw::HeavyAtomCount,raw_property,HeavyAtomCount,-19.69696969696969,50,50,HeavyAtomCount_calc,20.72,22.0,17.25,24.75,-1.96,-1.0,-3.0,0.0
raw::HeavyAtomCount,raw_property,HeavyAtomCount,-19.69696969696969,50,50,HeteroatomCount,5.18,5.0,4.0,6.0,-0.4,0.0,-1.0,0.0
raw::HeavyAtomCount,raw_property,HeavyAtomCount,-19.69696969696969,50,50,RingCount_calc,1.96,2.0,1.0,3.0,-0.8,-1.0,-1.0,0.0
raw::HeavyAtomCount,raw_property,HeavyAtomCount,-19.69696969696969,50,50,AromaticRingCount_calc,1.48,1.0,1.0,2.0,-0.6,-0.5,-1.0,0.0
raw::HeavyAtomCount,raw_property,HeavyAtomCount,-19.69696969696969,50,50,BondCount,21.68,23.0,18.0,25.75,-2.76,-2.0,-3.75,0.0
raw::HeavyAtomCount,raw_property,HeavyAtomCount,-19.69696969696969,50,50,BranchPointCount,5.54,6.0,4.25,7.0,-1.6,-2.0,-2.0,0.0
raw::HeavyAtomCount,raw_property,HeavyAtomCount,-19.69696969696969,50,50,AromaticAtomFraction,0.41535275557878165,0.3956521739130435,0.27954545454545454,0.5163043478260869,-0.09723586790026639,0.0,-0.1880510793554272,0.0
raw::HeavyAtomCount,raw_property,HeavyAtomCount,-19.69696969696969,50,50,AromaticBondFraction,0.40311879804757134,0.3935483870967742,0.26383399209486164,0.5,-0.08424025035032762,0.0,-0.1714300192561062,0.0
raw::HeavyAtomCount,raw_property,HeavyAtomCount,-16.666666666666657,50,50,MolWt,309.59704000000005,326.6020000000001,248.515,367.14925000000005,-15.124920000000024,0.0,-24.02199999999999,0.0
raw::HeavyAtomCount,raw_property,HeavyAtomCount,-16.666666666666657,50,50,CarbonCount,16.12,17.0,13.0,19.0,-0.98,0.0,-1.75,0.0
raw::HeavyAtomCount,raw_property,HeavyAtomCount,-16.666666666666657,50,50,HeavyAtomCount_calc,21.48,23.0,18.0,25.75,-1.2,0.0,-2.0,0.0
raw::HeavyAtomCount,raw_property,HeavyAtomCount,-16.666666666666657,50,50,HeteroatomCount,5.36,5.0,4.0,6.75,-0.22,0.0,0.0,0.0
raw::HeavyAtomCount,raw_property,HeavyAtomCount,-16.666666666666657,50,50,RingCount_calc,2.16,2.0,2.0,3.0,-0.6,0.0,-1.0,0.0
raw::HeavyAtomCount,raw_property,HeavyAtomCount,-16.666666666666657,50,50,AromaticRingCount_calc,1.72,2.0,1.0,2.0,-0.36,0.0,-1.0,0.0
raw::HeavyAtomCount,raw_property,HeavyAtomCount,-16.666666666666657,50,50,BondCount,22.64,24.0,18.0,27.0,-1.8,-1.0,-3.0,0.0
raw::HeavyAtomCount,raw_property,HeavyAtomCount,-16.666666666666657,50,50,BranchPointCount,6.04,6.0,5.0,7.0,-1.1,-1.0,-2.0,0.0
raw::HeavyAtomCount,raw_property,HeavyAtomCount,-16.666666666666657,50,50,AromaticAtomFraction,0.46439993162883786,0.45993589743589747,0.3333333333333333,0.6116071428571428,-0.0481886918502102,0.0,-0.09615384615384619,0.0
raw::HeavyAtomCount,raw_property,HeavyAtomCount,-16.666666666666657,50,50,AromaticBondFraction,0.44866005676308673,0.4444444444444444,0.3333333333333333,0.5863636363636363,-0.03869899163481214,0.0,-0.09020815928710665,0.008152173913043473
raw::HeavyAtomCount,raw_property,HeavyAtomCount,-13.636363636363626,50,50,MolWt,316.18294000000003,344.453,252.803,372.2660000000001,-8.539020000000017,0.0,-11.754000000000076,0.0
raw::HeavyAtomCount,raw_property,HeavyAtomCount,-13.636363636363626,50,50,CarbonCount,16.54,17.0,13.0,20.0,-0.56,0.0,-0.75,0.0
raw::HeavyAtomCount,raw_property,HeavyAtomCount,-13.636363636363626,50,50,HeavyAtomCount_calc,21.98,23.0,18.0,26.0,-0.7,0.0,-1.0,0.0
raw::HeavyAtomCount,raw_property,HeavyAtomCount,-13.636363636363626,50,50,HeteroatomCount,5.44,5.0,4.0,7.0,-0.14,0.0,0.0,0.0
raw::HeavyAtomCount,raw_property,HeavyAtomCount,-13.636363636363626,50,50,RingCount_calc,2.46,2.0,2.0,3.0,-0.3,0.0,-1.0,0.0
raw::HeavyAtomCount,raw_property,HeavyAtomCount,-13.636363636363626,50,50,AromaticRingCount_calc,1.86,2.0,1.0,2.0,-0.22,0.0,0.0,0.0
raw::HeavyAtomCount,raw_property,HeavyAtomCount,-13.636363636363626,50,50,BondCount,23.42,25.0,18.25,28.0,-1.02,0.0,-2.0,0.0
raw::HeavyAtomCount,raw_property,HeavyAtomCount,-13.636363636363626,50,50,BranchPointCount,6.5,7.0,5.0,8.0,-0.64,0.0,-2.0,0.0
raw::HeavyAtomCount,raw_property,HeavyAtomCount,-13.636363636363626,50,50,AromaticAtomFraction,0.4817147611595831,0.46153846153846156,0.3416666666666667,0.6400375939849624,-0.030873862319464943,0.0,0.0,0.0
raw::HeavyAtomCount,raw_property,HeavyAtomCount,-13.636363636363626,50,50,AromaticBondFraction,0.46204464227919145,0.4444444444444444,0.3460477941176471,0.6115384615384616,-0.025314406118707423,0.0,0.0,0.0
raw::HeavyAtomCount,raw_property,HeavyAtomCount,-10.606060606060597,50,50,MolWt,322.55998000000005,346.88400000000007,252.803,382.2672500000001,-2.161980000000002,0.0,0.0,0.0
raw::HeavyAtomCount,raw_property,HeavyAtomCount,-10.606060606060597,50,50,CarbonCount,16.92,17.5,13.0,20.0,-0.18,0.0,0.0,0.0
raw::HeavyAtomCount,raw_property,HeavyAtomCount,-10.606060606060597,50,50,HeavyAtomCount_calc,22.5,23.5,18.0,26.0,-0.18,0.0,0.0,0.0
raw::HeavyAtomCount,raw_property,HeavyAtomCount,-10.606060606060597,50,50,HeteroatomCount,5.58,5.0,4.0,7.0,0.0,0.0,0.0,0.0
raw::HeavyAtomCount,raw_property,HeavyAtomCount,-10.606060606060597,50,50,RingCount_calc,2.66,3.0,2.0,3.0,-0.1,0.0,0.0,0.0
raw::HeavyAtomCount,raw_property,HeavyAtomCount,-10.606060606060597,50,50,AromaticRingCount_calc,2.0,2.0,1.0,2.0,-0.08,0.0,0.0,0.0
raw::HeavyAtomCount,raw_property,HeavyAtomCount,-10.606060606060597,50,50,BondCount,24.16,26.0,18.25,28.75,-0.28,0.0,0.0,0.0
raw::HeavyAtomCount,raw_property,HeavyAtomCount,-10.606060606060597,50,50,BranchPointCount,6.94,7.0,5.0,9.0,-0.2,0.0,0.0,0.0
raw::HeavyAtomCount,raw_property,HeavyAtomCount,-10.606060606060597,50,50,AromaticAtomFraction,0.49664849129219724,0.48193548387096774,0.38846153846153847,0.6520935960591133,-0.015940132186850763,0.0,0.0,0.0
raw::HeavyAtomCount,raw_property,HeavyAtomCount,-10.606060606060597,50,50,AromaticBondFraction,0.47358150646158415,0.45138888888888884,0.38269704433497537,0.6236842105263157,-0.013777541936314757,0.0,0.0,0.0
raw::HeavyAtomCount,raw_property,HeavyAtomCount,-7.575757575757564,50,50,MolWt,324.48174000000006,351.8940000000001,252.803,386.3540000000001,-0.24022000000000163,0.0,0.0,0.0
raw::HeavyAtomCount,raw_property,HeavyAtomCount,-7.575757575757564,50,50,CarbonCount,17.08,18.0,13.0,20.75,-0.02,0.0,0.0,0.0
raw::HeavyAtomCount,raw_property,HeavyAtomCount,-7.575757575757564,50,50,HeavyAtomCount_calc,22.66,24.0,18.0,26.75,-0.02,0.0,0.0,0.0
raw::HeavyAtomCount,raw_property,HeavyAtomCount,-7.575757575757564,50,50,HeteroatomCount,5.58,5.0,4.0,7.0,0.0,0.0,0.0,0.0
raw::HeavyAtomCount,raw_property,HeavyAtomCount,-7.575757575757564,50,50,RingCount_calc,2.74,3.0,2.0,3.0,-0.02,0.0,0.0,0.0
raw::HeavyAtomCount,raw_property,HeavyAtomCount,-7.575757575757564,50,50,AromaticRingCount_calc,2.08,2.0,1.0,3.0,0.0,0.0,0.0,0.0
raw::HeavyAtomCount,raw_property,HeavyAtomCount,-7.575757575757564,50,50,BondCount,24.4,26.0,18.25,29.0,-0.04,0.0,0.0,0.0
raw::HeavyAtomCount,raw_property,HeavyAtomCount,-7.575757575757564,50,50,BranchPointCount,7.1,7.0,5.0,9.0,-0.04,0.0,0.0,0.0
raw::HeavyAtomCount,raw_property,HeavyAtomCount,-7.575757575757564,50,50,AromaticAtomFraction,0.5129327095005534,0.5,0.4182692307692308,0.6520935960591133,0.0003440860215053765,0.0,0.0,0.0
raw::HeavyAtomCount,raw_property,HeavyAtomCount,-7.575757575757564,50,50,AromaticBondFraction,0.48794728369201656,0.4752941176470588,0.39464285714285713,0.6236842105263157,0.0005882352941176472,0.0,0.0,0.0
raw::HeavyAtomCount,raw_property,HeavyAtomCount,-4.545454545454561,50,50,MolWt,325.0042000000001,351.8940000000001,252.803,386.3540000000001,0.28223999999999705,0.0,0.0,0.0
raw::HeavyAtomCount,raw_property,HeavyAtomCount,-4.545454545454561,50,50,CarbonCount,17.1,18.0,13.0,21.0,0.0,0.0,0.0,0.0
raw::HeavyAtomCount,raw_property,HeavyAtomCount,-4.545454545454561,50,50,HeavyAtomCount_calc,22.68,24.0,18.0,26.75,0.0,0.0,0.0,0.0
raw::HeavyAtomCount,raw_property,HeavyAtomCount,-4.545454545454561,50,50,HeteroatomCount,5.58,5.0,4.0,7.0,0.0,0.0,0.0,0.0
raw::HeavyAtomCount,raw_property,HeavyAtomCount,-4.545454545454561,50,50,RingCount_calc,2.68,3.0,2.0,3.0,-0.08,0.0,0.0,0.0
raw::HeavyAtomCount,raw_property,HeavyAtomCount,-4.545454545454561,50,50,AromaticRingCount_calc,1.98,2.0,1.0,2.0,-0.1,0.0,0.0,0.0
raw::HeavyAtomCount,raw_property,HeavyAtomCount,-4.545454545454561,50,50,BondCount,24.36,26.0,18.25,29.0,-0.08,0.0,0.0,0.0
raw::HeavyAtomCount,raw_property,HeavyAtomCount,-4.545454545454561,50,50,BranchPointCount,7.02,7.0,5.0,9.0,-0.12,0.0,0.0,0.0
raw::HeavyAtomCount,raw_property,HeavyAtomCount,-4.545454545454561,50,50,AromaticAtomFraction,0.497077870790876,0.49,0.38846153846153847,0.6428571428571429,-0.015510752688172043,0.0,0.0,0.0
raw::HeavyAtomCount,raw_property,HeavyAtomCount,-4.545454545454561,50,50,AromaticBondFraction,0.47244891767894465,0.45138888888888884,0.37094155844155846,0.6,-0.014910130718954246,0.0,0.0,0.0
raw::HeavyAtomCount,raw_property,HeavyAtomCount,-1.5151515151515298,50,50,MolWt,325.5249600000001,351.8940000000001,252.803,386.3540000000001,0.8029999999999973,0.0,0.0,0.0
raw::HeavyAtomCount,raw_property,HeavyAtomCount,-1.5151515151515298,50,50,CarbonCount,17.14,18.0,13.0,21.0,0.04,0.0,0.0,0.0
raw::HeavyAtomCount,raw_property,HeavyAtomCount,-1.5151515151515298,50,50,HeavyAtomCount_calc,22.72,24.0,18.0,26.75,0.04,0.0,0.0,0.0
raw::HeavyAtomCount,raw_property,HeavyAtomCount,-1.5151515151515298,50,50,HeteroatomCount,5.58,5.0,4.0,7.0,0.0,0.0,0.0,0.0
raw::HeavyAtomCount,raw_property,HeavyAtomCount,-1.5151515151515298,50,50,RingCount_calc,2.68,3.0,2.0,3.0,-0.08,0.0,0.0,0.0
raw::HeavyAtomCount,raw_property,HeavyAtomCount,-1.5151515151515298,50,50,AromaticRingCount_calc,1.98,2.0,1.0,2.0,-0.1,0.0,0.0,0.0
raw::HeavyAtomCount,raw_property,HeavyAtomCount,-1.5151515151515298,50,50,BondCount,24.4,26.0,18.25,29.0,-0.04,0.0,0.0,0.0
raw::HeavyAtomCount,raw_property,HeavyAtomCount,-1.5151515151515298,50,50,BranchPointCount,7.02,7.0,5.0,9.0,-0.12,0.0,0.0,0.0
raw::HeavyAtomCount,raw_property,HeavyAtomCount,-1.5151515151515298,50,50,AromaticAtomFraction,0.496857282555582,0.49,0.38846153846153847,0.6428571428571429,-0.01573134092346616,0.0,0.0,0.0
raw::HeavyAtomCount,raw_property,HeavyAtomCount,-1.5151515151515298,50,50,AromaticBondFraction,0.4722283294436506,0.45138888888888884,0.37094155844155846,0.6,-0.015130718954248364,0.0,0.0,0.0
raw::HeavyAtomCount,raw_property,HeavyAtomCount,1.5151515151515014,50,50,MolWt,325.78494000000006,351.8940000000001,252.803,386.3540000000001,1.0629799999999954,0.0,0.0,0.0
raw::HeavyAtomCount,raw_property,HeavyAtomCount,1.5151515151515014,50,50,CarbonCount,17.14,18.0,13.0,21.0,0.04,0.0,0.0,0.0
raw::HeavyAtomCount,raw_property,HeavyAtomCount,1.5151515151515014,50,50,HeavyAtomCount_calc,22.74,24.0,18.0,26.75,0.06,0.0,0.0,0.0
raw::HeavyAtomCount,raw_property,HeavyAtomCount,1.5151515151515014,50,50,HeteroatomCount,5.6,5.0,4.0,7.0,0.02,0.0,0.0,0.0
raw::HeavyAtomCount,raw_property,HeavyAtomCount,1.5151515151515014,50,50,RingCount_calc,2.68,3.0,2.0,3.0,-0.08,0.0,0.0,0.0
raw::HeavyAtomCount,raw_property,HeavyAtomCount,1.5151515151515014,50,50,AromaticRingCount_calc,2.0,2.0,1.0,2.0,-0.08,0.0,0.0,0.0
raw::HeavyAtomCount,raw_property,HeavyAtomCount,1.5151515151515014,50,50,BondCount,24.42,26.0,18.25,29.0,-0.02,0.0,0.0,0.0
raw::HeavyAtomCount,raw_property,HeavyAtomCount,1.5151515151515014,50,50,BranchPointCount,7.02,7.0,5.0,9.0,-0.12,0.0,0.0,0.0
raw::HeavyAtomCount,raw_property,HeavyAtomCount,1.5151515151515014,50,50,AromaticAtomFraction,0.5000641136751265,0.49,0.38846153846153847,0.6428571428571429,-0.012524509803921568,0.0,0.0,0.0
raw::HeavyAtomCount,raw_property,HeavyAtomCount,1.5151515151515014,50,50,AromaticBondFraction,0.4755560605360875,0.45138888888888884,0.37094155844155846,0.6,-0.011802987861811389,0.0,0.0,0.0
raw::HeavyAtomCount,raw_property,HeavyAtomCount,4.5454545454545325,50,50,MolWt,325.78494000000006,351.8940000000001,252.803,386.3540000000001,1.0629799999999954,0.0,0.0,0.0
raw::HeavyAtomCount,raw_property,HeavyAtomCount,4.5454545454545325,50,50,CarbonCount,17.14,18.0,13.0,21.0,0.04,0.0,0.0,0.0
raw::HeavyAtomCount,raw_property,HeavyAtomCount,4.5454545454545325,50,50,HeavyAtomCount_calc,22.74,24.0,18.0,26.75,0.06,0.0,0.0,0.0
raw::HeavyAtomCount,raw_property,HeavyAtomCount,4.5454545454545325,50,50,HeteroatomCount,5.6,5.0,4.0,7.0,0.02,0.0,0.0,0.0
raw::HeavyAtomCount,raw_property,HeavyAtomCount,4.5454545454545325,50,50,RingCount_calc,2.68,3.0,2.0,3.0,-0.08,0.0,0.0,0.0
raw::HeavyAtomCount,raw_property,HeavyAtomCount,4.5454545454545325,50,50,AromaticRingCount_calc,2.0,2.0,1.0,2.0,-0.08,0.0,0.0,0.0
raw::HeavyAtomCount,raw_property,HeavyAtomCount,4.5454545454545325,50,50,BondCount,24.42,26.0,18.25,29.0,-0.02,0.0,0.0,0.0
raw::HeavyAtomCount,raw_property,HeavyAtomCount,4.5454545454545325,50,50,BranchPointCount,7.02,7.0,5.0,9.0,-0.12,0.0,0.0,0.0
raw::HeavyAtomCount,raw_property,HeavyAtomCount,4.5454545454545325,50,50,AromaticAtomFraction,0.5000641136751265,0.49,0.38846153846153847,0.6428571428571429,-0.012524509803921568,0.0,0.0,0.0
raw::HeavyAtomCount,raw_property,HeavyAtomCount,4.5454545454545325,50,50,AromaticBondFraction,0.4755560605360875,0.45138888888888884,0.37094155844155846,0.6,-0.011802987861811389,0.0,0.0,0.0
raw::HeavyAtomCount,raw_property,HeavyAtomCount,7.575757575757564,50,50,MolWt,326.26538000000005,351.8940000000001,252.803,387.1017500000001,1.5434199999999885,0.0,0.0,0.0
raw::HeavyAtomCount,raw_property,HeavyAtomCount,7.575757575757564,50,50,CarbonCount,17.18,18.5,13.0,21.0,0.08,0.0,0.0,0.0
raw::HeavyAtomCount,raw_property,HeavyAtomCount,7.575757575757564,50,50,HeavyAtomCount_calc,22.78,24.0,18.0,27.0,0.1,0.0,0.0,0.0
raw::HeavyAtomCount,raw_property,HeavyAtomCount,7.575757575757564,50,50,HeteroatomCount,5.6,5.0,4.0,7.0,0.02,0.0,0.0,0.0
raw::HeavyAtomCount,raw_property,HeavyAtomCount,7.575757575757564,50,50,RingCount_calc,2.7,3.0,2.0,3.0,-0.06,0.0,0.0,0.0
raw::HeavyAtomCount,raw_property,HeavyAtomCount,7.575757575757564,50,50,AromaticRingCount_calc,2.02,2.0,1.0,2.75,-0.06,0.0,0.0,0.0
raw::HeavyAtomCount,raw_property,HeavyAtomCount,7.575757575757564,50,50,BondCount,24.48,26.5,18.25,29.0,0.04,0.0,0.0,0.0
raw::HeavyAtomCount,raw_property,HeavyAtomCount,7.575757575757564,50,50,BranchPointCount,7.12,7.5,5.0,9.0,-0.02,0.0,0.0,0.0
raw::HeavyAtomCount,raw_property,HeavyAtomCount,7.575757575757564,50,50,AromaticAtomFraction,0.5021400373034695,0.49193548387096775,0.4041666666666667,0.6428571428571429,-0.010448586175578584,0.0,0.0,0.0
raw::HeavyAtomCount,raw_property,HeavyAtomCount,7.575757575757564,50,50,AromaticBondFraction,0.47787200017454234,0.4644607843137255,0.39285714285714285,0.6,-0.00948704822335654,0.0,0.0,0.0
raw::HeavyAtomCount,raw_property,HeavyAtomCount,10.606060606060597,50,50,MolWt,335.33546,356.14750000000004,252.803,407.20800000000014,10.613499999999995,0.0,0.0,24.290249999999816
raw::HeavyAtomCount,raw_property,HeavyAtomCount,10.606060606060597,50,50,CarbonCount,17.72,19.0,13.0,22.0,0.62,0.0,0.0,0.75
raw::HeavyAtomCount,raw_property,HeavyAtomCount,10.606060606060597,50,50,HeavyAtomCount_calc,23.44,25.0,18.0,29.0,0.76,0.0,0.0,1.75
raw::HeavyAtomCount,raw_property,HeavyAtomCount,10.606060606060597,50,50,HeteroatomCount,5.72,5.0,4.0,7.0,0.14,0.0,0.0,0.0
raw::HeavyAtomCount,raw_property,HeavyAtomCount,10.606060606060597,50,50,RingCount_calc,2.76,3.0,2.0,3.0,0.0,0.0,0.0,0.0
raw::HeavyAtomCount,raw_property,HeavyAtomCount,10.606060606060597,50,50,AromaticRingCount_calc,1.96,2.0,1.0,2.75,-0.12,0.0,0.0,0.0
raw::HeavyAtomCount,raw_property,HeavyAtomCount,10.606060606060597,50,50,BondCount,25.2,27.0,18.25,32.0,0.76,0.0,0.0,0.75
raw::HeavyAtomCount,raw_property,HeavyAtomCount,10.606060606060597,50,50,BranchPointCount,7.44,8.0,5.0,9.75,0.3,0.0,0.0,0.0
raw::HeavyAtomCount,raw_property,HeavyAtomCount,10.606060606060597,50,50,AromaticAtomFraction,0.47951572997795544,0.4843597262952102,0.4,0.590625,-0.03307289350109256,0.0,-0.02837301587301584,0.0
raw::HeavyAtomCount,raw_property,HeavyAtomCount,10.606060606060597,50,50,AromaticBondFraction,0.45614652514810383,0.4577380952380952,0.375,0.5454545454545454,-0.031212523249795055,0.0,-0.02173592690834071,0.0
raw::HeavyAtomCount,raw_property,HeavyAtomCount,13.636363636363626,50,50,MolWt,345.22486000000004,382.35900000000015,255.79475,426.8082500000001,20.502900000000007,0.0,0.0,28.809999999999803
raw::HeavyAtomCount,raw_property,HeavyAtomCount,13.636363636363626,50,50,CarbonCount,18.34,20.0,13.25,23.0,1.24,0.0,0.0,2.0
raw::HeavyAtomCount,raw_property,HeavyAtomCount,13.636363636363626,50,50,HeavyAtomCount_calc,24.14,26.5,18.0,30.0,1.46,0.0,0.0,2.0
raw::HeavyAtomCount,raw_property,HeavyAtomCount,13.636363636363626,50,50,HeteroatomCount,5.8,5.0,4.0,7.0,0.22,0.0,0.0,0.0
raw::HeavyAtomCount,raw_property,HeavyAtomCount,13.636363636363626,50,50,RingCount_calc,2.9,3.0,2.0,4.0,0.14,0.0,0.0,0.0
raw::HeavyAtomCount,raw_property,HeavyAtomCount,13.636363636363626,50,50,AromaticRingCount_calc,1.98,2.0,1.0,2.75,-0.1,0.0,0.0,0.0
raw::HeavyAtomCount,raw_property,HeavyAtomCount,13.636363636363626,50,50,BondCount,26.0,28.5,19.0,32.0,1.56,0.0,0.0,2.75
raw::HeavyAtomCount,raw_property,HeavyAtomCount,13.636363636363626,50,50,BranchPointCount,7.8,8.0,5.25,10.0,0.66,0.0,0.0,1.0
raw::HeavyAtomCount,raw_property,HeavyAtomCount,13.636363636363626,50,50,AromaticAtomFraction,0.4708064439255659,0.47270471464019853,0.39464285714285713,0.5589717741935484,-0.04178217955348207,0.0,-0.056929708222811674,0.0
raw::HeavyAtomCount,raw_property,HeavyAtomCount,13.636363636363626,50,50,AromaticBondFraction,0.44838760383846443,0.45079365079365075,0.3664772727272727,0.5286377708978328,-0.03897144455943448,0.0,-0.050995879120879106,0.0
raw::HeavyAtomCount,raw_property,HeavyAtomCount,16.666666666666657,50,50,MolWt,353.36598000000004,390.9140000000001,264.59700000000004,429.02750000000015,28.644020000000026,1.4210854715202004e-13,0.0,52.092500000000086
raw::HeavyAtomCount,raw_property,HeavyAtomCount,16.666666666666657,50,50,CarbonCount,18.82,20.0,14.25,23.0,1.72,0.0,0.0,3.75
raw::HeavyAtomCount,raw_property,HeavyAtomCount,16.666666666666657,50,50,HeavyAtomCount_calc,24.74,27.0,18.25,30.0,2.06,0.0,0.0,3.75
raw::HeavyAtomCount,raw_property,HeavyAtomCount,16.666666666666657,50,50,HeteroatomCount,5.92,6.0,4.0,7.75,0.34,0.0,0.0,1.0
raw::HeavyAtomCount,raw_property,HeavyAtomCount,16.666666666666657,50,50,RingCount_calc,2.94,3.0,2.0,4.0,0.18,0.0,0.0,0.0
raw::HeavyAtomCount,raw_property,HeavyAtomCount,16.666666666666657,50,50,AromaticRingCount_calc,1.9,2.0,1.0,2.0,-0.18,0.0,0.0,0.0
raw::HeavyAtomCount,raw_property,HeavyAtomCount,16.666666666666657,50,50,BondCount,26.62,29.5,20.0,33.0,2.18,0.0,0.0,4.0
raw::HeavyAtomCount,raw_property,HeavyAtomCount,16.666666666666657,50,50,BranchPointCount,8.0,8.0,6.0,10.0,0.86,0.0,0.0,2.0
raw::HeavyAtomCount,raw_property,HeavyAtomCount,16.666666666666657,50,50,AromaticAtomFraction,0.440515139530098,0.43167701863354035,0.35294117647058826,0.5424242424242424,-0.07207348394895007,-0.03159340659340662,-0.12907608695652176,0.0
raw::HeavyAtomCount,raw_property,HeavyAtomCount,16.666666666666657,50,50,AromaticBondFraction,0.419828977389678,0.4083333333333333,0.3357142857142857,0.5156682027649769,-0.06753007100822096,-0.027380952380952367,-0.11753356453917599,0.0
raw::HeavyAtomCount,raw_property,HeavyAtomCount,19.69696969696969,50,50,MolWt,373.49348000000003,412.1650000000001,325.37725,440.7715000000001,48.77152000000003,39.057000000000016,0.0,81.83875000000026
raw::HeavyAtomCount,raw_property,HeavyAtomCount,19.69696969696969,50,50,CarbonCount,19.72,21.0,17.25,24.0,2.62,2.0,0.0,4.0
raw::HeavyAtomCount,raw_property,HeavyAtomCount,19.69696969696969,50,50,HeavyAtomCount_calc,26.16,29.0,23.25,31.0,3.48,3.0,0.0,6.0
raw::HeavyAtomCount,raw_property,HeavyAtomCount,19.69696969696969,50,50,HeteroatomCount,6.44,6.0,4.0,8.0,0.86,0.0,0.0,2.0
raw::HeavyAtomCount,raw_property,HeavyAtomCount,19.69696969696969,50,50,RingCount_calc,2.94,3.0,2.0,4.0,0.18,0.0,0.0,0.75
raw::HeavyAtomCount,raw_property,HeavyAtomCount,19.69696969696969,50,50,AromaticRingCount_calc,1.84,2.0,1.0,2.0,-0.24,0.0,0.0,0.0
raw::HeavyAtomCount,raw_property,HeavyAtomCount,19.69696969696969,50,50,BondCount,28.04,31.0,24.75,33.75,3.6,2.5,0.0,6.0
raw::HeavyAtomCount,raw_property,HeavyAtomCount,19.69696969696969,50,50,BranchPointCount,8.26,9.0,7.25,10.0,1.12,0.0,0.0,2.0
raw::HeavyAtomCount,raw_property,HeavyAtomCount,19.69696969696969,50,50,AromaticAtomFraction,0.4174475786382896,0.4226190476190476,0.3025210084033613,0.5333333333333333,-0.0951410448407585,-0.06387267904509283,-0.16380494505494503,0.0
raw::HeavyAtomCount,raw_property,HeavyAtomCount,19.69696969696969,50,50,AromaticBondFraction,0.39767655451985995,0.39642857142857146,0.2708333333333333,0.5107142857142857,-0.08968249387803898,-0.05818772401433692,-0.16176470588235295,0.0
raw::HeavyAtomCount,raw_property,HeavyAtomCount,22.72727272727272,50,50,MolWt,384.56968000000006,425.6935000000002,340.0015000000001,449.25600000000014,59.84772000000005,57.05200000000005,0.0,87.3272500000001
raw::HeavyAtomCount,raw_property,HeavyAtomCount,22.72727272727272,50,50,CarbonCount,20.2,21.0,18.0,24.0,3.1,2.0,0.0,5.0
raw::HeavyAtomCount,raw_property,HeavyAtomCount,22.72727272727272,50,50,HeavyAtomCount_calc,26.9,29.0,23.25,31.0,4.22,4.0,0.0,6.0
raw::HeavyAtomCount,raw_property,HeavyAtomCount,22.72727272727272,50,50,HeteroatomCount,6.7,6.5,5.0,9.0,1.12,1.0,0.0,2.0
raw::HeavyAtomCount,raw_property,HeavyAtomCount,22.72727272727272,50,50,RingCount_calc,3.04,3.0,2.0,4.0,0.28,0.0,0.0,1.0
raw::HeavyAtomCount,raw_property,HeavyAtomCount,22.72727272727272,50,50,AromaticRingCount_calc,1.72,2.0,1.0,2.0,-0.36,0.0,-1.0,0.0
raw::HeavyAtomCount,raw_property,HeavyAtomCount,22.72727272727272,50,50,BondCount,28.82,31.5,24.5,34.0,4.38,4.0,0.0,7.0
raw::HeavyAtomCount,raw_property,HeavyAtomCount,22.72727272727272,50,50,BranchPointCount,8.32,9.0,7.0,10.0,1.18,0.0,0.0,3.0
raw::HeavyAtomCount,raw_property,HeavyAtomCount,22.72727272727272,50,50,AromaticAtomFraction,0.38297539901381134,0.3870967741935484,0.22348484848484848,0.5107142857142857,-0.1296132244652367,-0.11013064896123367,-0.22142857142857142,0.0
raw::HeavyAtomCount,raw_property,HeavyAtomCount,22.72727272727272,50,50,AromaticBondFraction,0.36513935964796024,0.36363636363636365,0.2072557471264368,0.5,-0.12221968874993866,-0.10389254385964909,-0.2115987460815047,0.0
raw::HeavyAtomCount,raw_property,HeavyAtomCount,25.75757575757575,50,50,MolWt,388.92770000000013,424.69800000000015,350.51725000000005,456.8282500000003,64.20574000000005,67.06900000000002,0.0,96.8370000000003
raw::HeavyAtomCount,raw_property,HeavyAtomCount,25.75757575757575,50,50,CarbonCount,20.5,21.0,18.25,24.0,3.4,3.0,0.0,5.75
raw::HeavyAtomCount,raw_property,HeavyAtomCount,25.75757575757575,50,50,HeavyAtomCount_calc,27.3,29.5,24.25,32.0,4.62,5.0,0.0,7.0
raw::HeavyAtomCount,raw_property,HeavyAtomCount,25.75757575757575,50,50,HeteroatomCount,6.8,6.5,5.0,9.0,1.22,1.0,0.0,2.0
raw::HeavyAtomCount,raw_property,HeavyAtomCount,25.75757575757575,50,50,RingCount_calc,3.1,3.0,2.0,4.0,0.34,0.0,0.0,1.0
raw::HeavyAtomCount,raw_property,HeavyAtomCount,25.75757575757575,50,50,AromaticRingCount_calc,1.72,2.0,1.0,2.0,-0.36,0.0,-1.0,0.0
raw::HeavyAtomCount,raw_property,HeavyAtomCount,25.75757575757575,50,50,BondCount,29.3,32.0,25.25,34.0,4.86,4.0,0.0,8.0
raw::HeavyAtomCount,raw_property,HeavyAtomCount,25.75757575757575,50,50,BranchPointCount,8.62,9.0,8.0,10.0,1.48,1.0,0.0,3.0
raw::HeavyAtomCount,raw_property,HeavyAtomCount,25.75757575757575,50,50,AromaticAtomFraction,0.37497656848048455,0.3798076923076923,0.20874384236453203,0.5107142857142857,-0.1376120549985635,-0.125,-0.24652037617554856,0.0
raw::HeavyAtomCount,raw_property,HeavyAtomCount,25.75757575757575,50,50,AromaticBondFraction,0.35657745968661464,0.3582887700534759,0.19516129032258064,0.5,-0.13078158871128434,-0.10292220113851994,-0.2372271825396825,0.0
raw::HeavyAtomCount,raw_property,HeavyAtomCount,28.787878787878785,50,50,MolWt,397.06054000000006,435.4855000000002,343.41100000000006,467.37450000000035,72.33858000000008,70.05900000000005,5.684341886080802e-14,110.14600000000016
raw::HeavyAtomCount,raw_property,HeavyAtomCount,28.787878787878785,50,50,CarbonCount,20.88,22.0,19.0,25.0,3.78,3.0,0.0,6.0
raw::HeavyAtomCount,raw_property,HeavyAtomCount,28.787878787878785,50,50,HeavyAtomCount_calc,27.9,31.0,25.25,32.0,5.22,5.0,0.0,8.0
raw::HeavyAtomCount,raw_property,HeavyAtomCount,28.787878787878785,50,50,HeteroatomCount,7.02,7.0,5.0,9.0,1.44,1.5,0.0,2.0
raw::HeavyAtomCount,raw_property,HeavyAtomCount,28.787878787878785,50,50,RingCount_calc,3.04,3.0,2.0,4.0,0.28,0.0,0.0,1.0
raw::HeavyAtomCount,raw_property,HeavyAtomCount,28.787878787878785,50,50,AromaticRingCount_calc,1.66,2.0,1.0,2.0,-0.42,0.0,-1.0,0.0
raw::HeavyAtomCount,raw_property,HeavyAtomCount,28.787878787878785,50,50,BondCount,29.86,33.0,26.5,34.75,5.42,4.5,0.0,8.75
raw::HeavyAtomCount,raw_property,HeavyAtomCount,28.787878787878785,50,50,BranchPointCount,8.58,9.0,7.25,10.0,1.44,1.0,0.0,3.0
raw::HeavyAtomCount,raw_property,HeavyAtomCount,28.787878787878785,50,50,AromaticAtomFraction,0.35548332264576366,0.375,0.2,0.5,-0.1571053008332844,-0.14926082268881458,-0.2779251998001998,-0.0022977941176470576
raw::HeavyAtomCount,raw_property,HeavyAtomCount,28.787878787878785,50,50,AromaticBondFraction,0.340280207258678,0.35294117647058826,0.1935483870967742,0.4493421052631579,-0.14707884113922082,-0.15297981997677118,-0.27041157372039726,0.0
raw::HeavyAtomCount,raw_property,HeavyAtomCount,31.818181818181813,50,50,MolWt,397.1137600000001,427.96000000000015,332.56950000000006,470.85725000000014,72.39180000000006,64.07550000000009,9.947598300641403e-14,116.46125000000016
raw::HeavyAtomCount,raw_property,HeavyAtomCount,31.818181818181813,50,50,CarbonCount,20.74,22.0,18.0,25.0,3.64,2.5,0.0,6.0
raw::HeavyAtomCount,raw_property,HeavyAtomCount,31.818181818181813,50,50,HeavyAtomCount_calc,27.9,31.0,23.0,32.75,5.22,4.5,0.0,8.0
raw::HeavyAtomCount,raw_property,HeavyAtomCount,31.818181818181813,50,50,HeteroatomCount,7.16,7.0,6.0,9.0,1.58,2.0,0.25,2.0
raw::HeavyAtomCount,raw_property,HeavyAtomCount,31.818181818181813,50,50,RingCount_calc,2.98,3.0,2.0,4.0,0.22,0.0,0.0,1.0
raw::HeavyAtomCount,raw_property,HeavyAtomCount,31.818181818181813,50,50,AromaticRingCount_calc,1.54,2.0,1.0,2.0,-0.54,0.0,-1.0,0.0
raw::HeavyAtomCount,raw_property,HeavyAtomCount,31.818181818181813,50,50,BondCount,29.68,32.0,25.0,34.75,5.24,4.5,0.0,8.75
raw::HeavyAtomCount,raw_property,HeavyAtomCount,31.818181818181813,50,50,BranchPointCount,8.26,9.0,6.25,10.0,1.12,1.0,0.0,3.0
raw::HeavyAtomCount,raw_property,HeavyAtomCount,31.818181818181813,50,50,AromaticAtomFraction,0.33082334609413344,0.3693181818181818,0.19516129032258064,0.4461538461538462,-0.18176527738491463,-0.1726208574034661,-0.3008064516129032,-0.03344558667139312
raw::HeavyAtomCount,raw_property,HeavyAtomCount,31.818181818181813,50,50,AromaticBondFraction,0.3178592580195463,0.35294117647058826,0.18901209677419356,0.42692307692307696,-0.16949979037835267,-0.16296542848266982,-0.3036349620493359,-0.03059628543499511
raw::HeavyAtomCount,raw_property,HeavyAtomCount,34.848484848484844,50,50,MolWt,407.1024000000001,439.2015000000002,382.4300000000001,468.54575000000017,82.38044000000008,81.61200000000008,2.520000000000053,134.17300000000014
raw::HeavyAtomCount,raw_property,HeavyAtomCount,34.848484848484844,50,50,CarbonCount,21.18,22.0,18.0,25.0,4.08,3.5,0.0,7.0
raw::HeavyAtomCount,raw_property,HeavyAtomCount,34.848484848484844,50,50,HeavyAtomCount_calc,28.5,30.5,23.75,33.0,5.82,6.0,0.0,8.75
raw::HeavyAtomCount,raw_property,HeavyAtomCount,34.848484848484844,50,50,HeteroatomCount,7.32,7.5,6.0,9.0,1.74,2.0,0.25,3.0
raw::HeavyAtomCount,raw_property,HeavyAtomCount,34.848484848484844,50,50,RingCount_calc,2.7,2.5,2.0,3.0,-0.06,0.0,-1.0,1.0
raw::HeavyAtomCount,raw_property,HeavyAtomCount,34.848484848484844,50,50,AromaticRingCount_calc,1.36,1.0,1.0,2.0,-0.72,-1.0,-1.0,0.0
raw::HeavyAtomCount,raw_property,HeavyAtomCount,34.848484848484844,50,50,BondCount,30.1,32.0,25.75,34.0,5.66,5.0,0.0,9.75
raw::HeavyAtomCount,raw_property,HeavyAtomCount,34.848484848484844,50,50,BranchPointCount,7.88,8.0,6.0,9.75,0.74,0.0,-1.0,3.0
raw::HeavyAtomCount,raw_property,HeavyAtomCount,34.848484848484844,50,50,AromaticAtomFraction,0.29917469563353166,0.3335907335907336,0.1875,0.3902524544179523,-0.21341392784551644,-0.21455938697318008,-0.34467649467649464,-0.052854473113093825
raw::HeavyAtomCount,raw_property,HeavyAtomCount,34.848484848484844,50,50,AromaticBondFraction,0.28577307021201226,0.3090185676392573,0.1792279411764706,0.375,-0.20158597818588664,-0.20634037819799778,-0.33749999999999997,-0.04453946591043364
raw::HeavyAtomCount,raw_property,HeavyAtomCount,37.87878787878788,50,50,MolWt,414.42486000000014,440.4495000000003,382.4300000000001,481.2855000000002,89.70290000000008,88.07700000000014,16.17300000000001,148.6590000000001
raw::HeavyAtomCount,raw_property,HeavyAtomCount,37.87878787878788,50,50,CarbonCount,21.48,22.0,18.25,25.0,4.38,4.0,0.0,7.75
raw::HeavyAtomCount,raw_property,HeavyAtomCount,37.87878787878788,50,50,HeavyAtomCount_calc,28.92,31.0,26.5,33.0,6.24,6.0,1.25,10.0
raw::HeavyAtomCount,raw_property,HeavyAtomCount,37.87878787878788,50,50,HeteroatomCount,7.44,8.0,6.0,9.0,1.86,2.0,0.0,3.0
raw::HeavyAtomCount,raw_property,HeavyAtomCount,37.87878787878788,50,50,RingCount_calc,2.9,3.0,2.0,3.0,0.14,0.0,-1.0,1.0
raw::HeavyAtomCount,raw_property,HeavyAtomCount,37.87878787878788,50,50,AromaticRingCount_calc,1.36,1.0,1.0,2.0,-0.72,-1.0,-1.0,0.0
raw::HeavyAtomCount,raw_property,HeavyAtomCount,37.87878787878788,50,50,BondCount,30.72,33.5,28.25,35.0,6.28,6.0,1.0,11.75
raw::HeavyAtomCount,raw_property,HeavyAtomCount,37.87878787878788,50,50,BranchPointCount,8.04,8.5,6.0,10.0,0.9,1.0,-0.75,3.0
raw::HeavyAtomCount,raw_property,HeavyAtomCount,37.87878787878788,50,50,AromaticAtomFraction,0.2955093685442234,0.2856071964017991,0.18181818181818182,0.4342741935483871,-0.21707925493482474,-0.21543773567761573,-0.33725182863113895,-0.06520833333333334
raw::HeavyAtomCount,raw_property,HeavyAtomCount,37.87878787878788,50,50,AromaticBondFraction,0.2825246570554125,0.27329192546583847,0.1726890756302521,0.4005681818181818,-0.20483439134248646,-0.2091421023359288,-0.31449485199485194,-0.058779537456008044
raw::HeavyAtomCount,raw_property,HeavyAtomCount,40.90909090909091,50,50,MolWt,408.6537400000002,440.1785000000002,359.6522500000001,484.54925000000026,83.93178000000009,89.72050000000016,4.419000000000068,143.66400000000021
raw::HeavyAtomCount,raw_property,HeavyAtomCount,40.90909090909091,50,50,CarbonCount,21.42,22.0,17.0,25.75,4.32,4.0,0.0,9.0
raw::HeavyAtomCount,raw_property,HeavyAtomCount,40.90909090909091,50,50,HeavyAtomCount_calc,28.82,31.0,23.75,34.0,6.14,7.0,0.0,11.0
raw::HeavyAtomCount,raw_property,HeavyAtomCount,40.90909090909091,50,50,HeteroatomCount,7.4,7.5,6.0,9.0,1.82,2.0,1.0,3.0
raw::HeavyAtomCount,raw_property,HeavyAtomCount,40.90909090909091,50,50,RingCount_calc,2.84,3.0,2.0,4.0,0.08,0.0,-1.0,1.0
raw::HeavyAtomCount,raw_property,HeavyAtomCount,40.90909090909091,50,50,AromaticRingCount_calc,1.14,1.0,0.0,2.0,-0.94,-1.0,-2.0,0.0
raw::HeavyAtomCount,raw_property,HeavyAtomCount,40.90909090909091,50,50,BondCount,30.54,33.0,23.75,36.0,6.1,6.5,0.0,11.0
raw::HeavyAtomCount,raw_property,HeavyAtomCount,40.90909090909091,50,50,BranchPointCount,7.96,8.0,6.0,9.75,0.82,1.0,-2.0,3.0
raw::HeavyAtomCount,raw_property,HeavyAtomCount,40.90909090909091,50,50,AromaticAtomFraction,0.25235217211884503,0.1967741935483871,0.03787878787878788,0.375,-0.2602364513602031,-0.2808243727598566,-0.40535714285714286,-0.12708333333333335
raw::HeavyAtomCount,raw_property,HeavyAtomCount,40.90909090909091,50,50,AromaticBondFraction,0.24092297158368223,0.1875,0.03571428571428571,0.3560924369747899,-0.2464360768142167,-0.2628489326765189,-0.3743487831723126,-0.10275162337662336
raw::HeavyAtomCount,raw_property,HeavyAtomCount,43.93939393939394,50,50,MolWt,425.4591400000001,463.0925000000002,382.1712500000001,486.7662500000001,100.73718000000008,100.10849999999994,30.04000000000005,143.44950000000017
raw::HeavyAtomCount,raw_property,HeavyAtomCount,43.93939393939394,50,50,CarbonCount,22.22,23.0,18.5,25.0,5.12,4.5,1.25,8.0
raw::HeavyAtomCount,raw_property,HeavyAtomCount,43.93939393939394,50,50,HeavyAtomCount_calc,30.04,33.0,26.0,34.0,7.36,7.5,2.0,11.0
raw::HeavyAtomCount,raw_property,HeavyAtomCount,43.93939393939394,50,50,HeteroatomCount,7.82,8.0,6.0,10.0,2.24,2.0,1.0,4.0
raw::HeavyAtomCount,raw_property,HeavyAtomCount,43.93939393939394,50,50,RingCount_calc,2.78,2.5,2.0,3.75,0.02,0.0,-1.0,1.0
raw::HeavyAtomCount,raw_property,HeavyAtomCount,43.93939393939394,50,50,AromaticRingCount_calc,0.94,1.0,0.0,1.0,-1.14,-1.0,-2.0,0.0
raw::HeavyAtomCount,raw_property,HeavyAtomCount,43.93939393939394,50,50,BondCount,31.74,34.0,27.25,37.0,7.3,8.0,1.0,11.0
raw::HeavyAtomCount,raw_property,HeavyAtomCount,43.93939393939394,50,50,BranchPointCount,8.08,8.5,6.0,10.0,0.94,1.0,-1.0,3.0
raw::HeavyAtomCount,raw_property,HeavyAtomCount,43.93939393939394,50,50,AromaticAtomFraction,0.19691758011904323,0.17647058823529413,0.0,0.3504201680672269,-0.31567104336000484,-0.3199453118807958,-0.46153846153846156,-0.16688311688311686
raw::HeavyAtomCount,raw_property,HeavyAtomCount,43.93939393939394,50,50,AromaticBondFraction,0.1870039799161015,0.16666666666666666,0.0,0.32432432432432434,-0.3003550684817975,-0.3036630036630037,-0.43214285714285716,-0.16999530075187969
raw::HeavyAtomCount,raw_property,HeavyAtomCount,46.96969696969697,50,50,MolWt,426.0804400000002,455.74050000000034,353.94000000000005,495.67800000000034,101.35848000000006,92.24650000000003,22.87375,184.19075000000015
raw::HeavyAtomCount,raw_property,HeavyAtomCount,46.96969696969697,50,50,CarbonCount,22.08,23.5,18.0,26.75,4.98,5.0,1.0,8.0
raw::HeavyAtomCount,raw_property,HeavyAtomCount,46.96969696969697,50,50,HeavyAtomCount_calc,29.9,33.0,25.25,35.0,7.22,7.0,2.0,11.75
raw::HeavyAtomCount,raw_property,HeavyAtomCount,46.96969696969697,50,50,HeteroatomCount,7.82,8.0,6.0,9.75,2.24,2.5,1.0,3.0
raw::HeavyAtomCount,raw_property,HeavyAtomCount,46.96969696969697,50,50,RingCount_calc,2.6,2.0,2.0,3.0,-0.16,0.0,-1.0,1.0
raw::HeavyAtomCount,raw_property,HeavyAtomCount,46.96969696969697,50,50,AromaticRingCount_calc,0.78,1.0,0.0,1.0,-1.3,-1.0,-2.0,-1.0
raw::HeavyAtomCount,raw_property,HeavyAtomCount,46.96969696969697,50,50,BondCount,31.42,34.0,26.25,37.0,6.98,7.0,1.25,11.0
raw::HeavyAtomCount,raw_property,HeavyAtomCount,46.96969696969697,50,50,BranchPointCount,7.54,7.0,6.0,10.0,0.4,0.0,-2.0,2.75
raw::HeavyAtomCount,raw_property,HeavyAtomCount,46.96969696969697,50,50,AromaticAtomFraction,0.16483280523488442,0.1644144144144144,0.0,0.2475,-0.3477558182441637,-0.3199453118807958,-0.4765966386554622,-0.21840659340659346
raw::HeavyAtomCount,raw_property,HeavyAtomCount,46.96969696969697,50,50,AromaticBondFraction,0.1563616195418222,0.14817073170731707,0.0,0.23626373626373626,-0.3309974288560767,-0.31448551448551443,-0.4548611111111111,-0.2208880678708265
raw::HeavyAtomCount,raw_property,HeavyAtomCount,50.0,50,50,MolWt,417.8663200000002,444.7475000000001,359.7042500000001,492.3822500000002,93.14436000000006,89.62150000000008,23.98475000000002,163.17000000000036
raw::HeavyAtomCount,raw_property,HeavyAtomCount,50.0,50,50,CarbonCount,21.8,23.0,18.0,25.75,4.7,4.0,1.0,9.0
raw::HeavyAtomCount,raw_property,HeavyAtomCount,50.0,50,50,HeavyAtomCount_calc,29.46,31.5,25.25,34.75,6.78,6.5,2.0,11.75
raw::HeavyAtomCount,raw_property,HeavyAtomCount,50.0,50,50,HeteroatomCount,7.66,8.0,6.0,9.75,2.08,2.0,1.0,3.0
raw::HeavyAtomCount,raw_property,HeavyAtomCount,50.0,50,50,RingCount_calc,2.44,2.0,2.0,3.0,-0.32,-0.5,-1.0,1.0
raw::HeavyAtomCount,raw_property,HeavyAtomCount,50.0,50,50,AromaticRingCount_calc,0.72,1.0,0.0,1.0,-1.36,-1.0,-2.0,-1.0
raw::HeavyAtomCount,raw_property,HeavyAtomCount,50.0,50,50,BondCount,30.82,32.0,26.25,36.0,6.38,6.0,1.0,11.0
raw::HeavyAtomCount,raw_property,HeavyAtomCount,50.0,50,50,BranchPointCount,7.24,7.0,5.0,9.0,0.1,0.0,-2.0,2.0
raw::HeavyAtomCount,raw_property,HeavyAtomCount,50.0,50,50,AromaticAtomFraction,0.14713975980281987,0.1471861471861472,0.0,0.2376923076923077,-0.3654488636762283,-0.3533026113671275,-0.5,-0.24013456686291001
raw::HeavyAtomCount,raw_property,HeavyAtomCount,50.0,50,50,AromaticBondFraction,0.14144663407727762,0.13523391812865498,0.0,0.22664835164835165,-0.34591241432062136,-0.3378582202111614,-0.4737942612942613,-0.22298534798534797
raw::HeavyAtomCount,raw_property,HeavyAtomCount,53.03030303030303,50,50,MolWt,426.32100000000014,458.5105000000002,355.892,509.0585000000002,101.59904000000007,100.60050000000007,20.401499999999913,165.9197500000002
raw::HeavyAtomCount,raw_property,HeavyAtomCount,53.03030303030303,50,50,CarbonCount,22.2,23.0,18.0,26.0,5.1,4.0,1.0,9.75
raw::HeavyAtomCount,raw_property,HeavyAtomCount,53.03030303030303,50,50,HeavyAtomCount_calc,30.12,32.0,25.25,36.0,7.44,6.5,2.25,12.0
raw::HeavyAtomCount,raw_property,HeavyAtomCount,53.03030303030303,50,50,HeteroatomCount,7.92,8.0,6.0,10.0,2.34,2.0,1.0,4.0
raw::HeavyAtomCount,raw_property,HeavyAtomCount,53.03030303030303,50,50,RingCount_calc,2.72,3.0,2.0,4.0,-0.04,0.0,-1.0,1.0
raw::HeavyAtomCount,raw_property,HeavyAtomCount,53.03030303030303,50,50,AromaticRingCount_calc,0.64,0.5,0.0,1.0,-1.44,-1.0,-2.0,-1.0
raw::HeavyAtomCount,raw_property,HeavyAtomCount,53.03030303030303,50,50,BondCount,31.76,34.0,27.0,38.0,7.32,6.0,1.25,12.75
raw::HeavyAtomCount,raw_property,HeavyAtomCount,53.03030303030303,50,50,BranchPointCount,7.58,8.0,6.0,10.0,0.44,1.0,-2.0,3.0
raw::HeavyAtomCount,raw_property,HeavyAtomCount,53.03030303030303,50,50,AromaticAtomFraction,0.14175647489464438,0.14852941176470588,0.0,0.2274247491638796,-0.3708321485844038,-0.35120177103099304,-0.4829032258064516,-0.24407894736842106
raw::HeavyAtomCount,raw_property,HeavyAtomCount,53.03030303030303,50,50,AromaticBondFraction,0.13503214426045665,0.13721804511278196,0.0,0.21875,-0.3523269041374422,-0.336171310629515,-0.4548611111111111,-0.2326007326007326
raw::HeavyAtomCount,raw_property,HeavyAtomCount,56.06060606060606,50,50,MolWt,438.4001400000002,476.0545000000002,363.3915,516.4027500000002,113.6781800000001,111.07050000000015,36.4825,199.57850000000025
raw::HeavyAtomCount,raw_property,HeavyAtomCount,56.06060606060606,50,50,CarbonCount,23.06,24.0,18.25,27.0,5.96,4.5,2.0,11.0
raw::HeavyAtomCount,raw_property,HeavyAtomCount,56.06060606060606,50,50,HeavyAtomCount_calc,31.04,33.5,25.25,37.0,8.36,8.0,3.0,14.0
raw::HeavyAtomCount,raw_property,HeavyAtomCount,56.06060606060606,50,50,HeteroatomCount,7.98,8.0,6.0,10.0,2.4,3.0,1.0,4.0
raw::HeavyAtomCount,raw_property,HeavyAtomCount,56.06060606060606,50,50,RingCount_calc,2.56,2.5,2.0,3.0,-0.2,-1.0,-1.0,1.0
raw::HeavyAtomCount,raw_property,HeavyAtomCount,56.06060606060606,50,50,AromaticRingCount_calc,0.54,0.0,0.0,1.0,-1.54,-2.0,-2.0,-1.0
raw::HeavyAtomCount,raw_property,HeavyAtomCount,56.06060606060606,50,50,BondCount,32.6,35.0,27.25,38.75,8.16,8.0,2.0,14.0
raw::HeavyAtomCount,raw_property,HeavyAtomCount,56.06060606060606,50,50,BranchPointCount,7.6,7.5,6.0,10.0,0.46,0.0,-2.0,3.0
raw::HeavyAtomCount,raw_property,HeavyAtomCount,56.06060606060606,50,50,AromaticAtomFraction,0.12063074024376123,0.0,0.0,0.2274247491638796,-0.3919578832352868,-0.4258241758241758,-0.4960526315789474,-0.28072145246058283
raw::HeavyAtomCount,raw_property,HeavyAtomCount,56.06060606060606,50,50,AromaticBondFraction,0.11479038816605874,0.0,0.0,0.21279761904761904,-0.37256866023184027,-0.4,-0.46759634888438134,-0.27610185513411317
raw::HeavyAtomCount,raw_property,HeavyAtomCount,59.09090909090909,50,50,MolWt,440.5857200000002,477.5485000000002,378.81750000000017,518.3150000000003,115.86376000000007,142.69600000000017,32.01800000000012,196.5897500000002
raw::HeavyAtomCount,raw_property,HeavyAtomCount,59.09090909090909,50,50,CarbonCount,23.62,25.0,19.25,27.75,6.52,7.0,2.25,12.0
raw::HeavyAtomCount,raw_property,HeavyAtomCount,59.09090909090909,50,50,HeavyAtomCount_calc,31.42,33.5,26.0,36.75,8.74,10.0,2.25,15.0
raw::HeavyAtomCount,raw_property,HeavyAtomCount,59.09090909090909,50,50,HeteroatomCount,7.8,8.0,6.0,10.0,2.22,3.0,0.0,4.0
raw::HeavyAtomCount,raw_property,HeavyAtomCount,59.09090909090909,50,50,RingCount_calc,2.82,3.0,2.0,4.0,0.06,0.0,-1.0,1.0
raw::HeavyAtomCount,raw_property,HeavyAtomCount,59.09090909090909,50,50,AromaticRingCount_calc,0.48,0.0,0.0,1.0,-1.6,-2.0,-2.0,-1.0
raw::HeavyAtomCount,raw_property,HeavyAtomCount,59.09090909090909,50,50,BondCount,33.2,35.5,27.75,39.75,8.76,10.0,3.0,16.0
raw::HeavyAtomCount,raw_property,HeavyAtomCount,59.09090909090909,50,50,BranchPointCount,7.54,8.0,5.0,10.0,0.4,0.5,-2.0,3.0
raw::HeavyAtomCount,raw_property,HeavyAtomCount,59.09090909090909,50,50,AromaticAtomFraction,0.10529705076304657,0.0,0.0,0.19838709677419356,-0.4072915727160014,-0.43167701863354035,-0.5120967741935484,-0.30430602006688967
raw::HeavyAtomCount,raw_property,HeavyAtomCount,59.09090909090909,50,50,AromaticBondFraction,0.10000650792301899,0.0,0.0,0.19323821339950373,-0.38735254047488,-0.41522988505747127,-0.5,-0.2930372807017544
raw::HeavyAtomCount,raw_property,HeavyAtomCount,62.121212121212125,50,50,MolWt,446.7176800000001,478.53450000000015,371.71900000000005,533.1257500000003,121.99572000000008,136.16200000000006,27.33250000000009,216.76175000000012
raw::HeavyAtomCount,raw_property,HeavyAtomCount,62.121212121212125,50,50,CarbonCount,23.64,24.5,19.0,28.75,6.54,6.5,1.0,12.75
raw::HeavyAtomCount,raw_property,HeavyAtomCount,62.121212121212125,50,50,HeavyAtomCount_calc,31.76,34.0,27.0,37.0,9.08,9.5,2.0,17.75
raw::HeavyAtomCount,raw_property,HeavyAtomCount,62.121212121212125,50,50,HeteroatomCount,8.12,8.0,6.0,10.0,2.54,3.0,0.0,4.0
raw::HeavyAtomCount,raw_property,HeavyAtomCount,62.121212121212125,50,50,RingCount_calc,2.86,3.0,2.0,4.0,0.1,0.0,-1.0,1.0
raw::HeavyAtomCount,raw_property,HeavyAtomCount,62.121212121212125,50,50,AromaticRingCount_calc,0.54,0.0,0.0,1.0,-1.54,-1.0,-2.0,-1.0
raw::HeavyAtomCount,raw_property,HeavyAtomCount,62.121212121212125,50,50,BondCount,33.56,35.0,27.5,40.0,9.12,9.0,0.5,18.75
raw::HeavyAtomCount,raw_property,HeavyAtomCount,62.121212121212125,50,50,BranchPointCount,7.42,8.0,5.0,9.75,0.28,0.0,-2.75,3.75
raw::HeavyAtomCount,raw_property,HeavyAtomCount,62.121212121212125,50,50,AromaticAtomFraction,0.10342782804852363,0.0,0.0,0.1804812834224599,-0.4091607954305244,-0.42857142857142855,-0.5,-0.3255764163372859
raw::HeavyAtomCount,raw_property,HeavyAtomCount,62.121212121212125,50,50,AromaticBondFraction,0.09754863894317124,0.0,0.0,0.17521008403361346,-0.3898104094547277,-0.40879875886524825,-0.49718045112781956,-0.3130463286713287
raw::HeavyAtomCount,raw_property,HeavyAtomCount,65.15151515151516,50,50,MolWt,470.37302000000017,487.5630000000001,453.76300000000003,512.6352500000003,145.6510600000001,147.7055000000002,86.9475,222.78074999999995
raw::HeavyAtomCount,raw_property,HeavyAtomCount,65.15151515151516,50,50,CarbonCount,25.16,25.5,22.0,28.0,8.06,7.5,4.0,13.5
raw::HeavyAtomCount,raw_property,HeavyAtomCount,65.15151515151516,50,50,HeavyAtomCount_calc,33.6,34.0,32.0,37.0,10.92,11.0,6.25,16.75
raw::HeavyAtomCount,raw_property,HeavyAtomCount,65.15151515151516,50,50,HeteroatomCount,8.44,8.5,6.25,10.0,2.86,3.0,1.25,4.75
raw::HeavyAtomCount,raw_property,HeavyAtomCount,65.15151515151516,50,50,RingCount_calc,3.0,3.0,2.0,4.0,0.24,0.0,-0.75,1.0
raw::HeavyAtomCount,raw_property,HeavyAtomCount,65.15151515151516,50,50,AromaticRingCount_calc,0.66,0.0,0.0,1.0,-1.42,-1.0,-2.0,-1.0
raw::HeavyAtomCount,raw_property,HeavyAtomCount,65.15151515151516,50,50,BondCount,35.5,36.0,33.25,39.75,11.06,11.0,5.25,18.75
raw::HeavyAtomCount,raw_property,HeavyAtomCount,65.15151515151516,50,50,BranchPointCount,7.94,8.0,6.0,10.0,0.8,1.0,-1.0,3.75
raw::HeavyAtomCount,raw_property,HeavyAtomCount,65.15151515151516,50,50,AromaticAtomFraction,0.12362790992256727,0.0,0.0,0.1900330851943755,-0.3889607135564808,-0.3935235507246376,-0.5,-0.28667539890450106
raw::HeavyAtomCount,raw_property,HeavyAtomCount,65.15151515151516,50,50,AromaticBondFraction,0.11855954102671287,0.0,0.0,0.17521008403361346,-0.368799507371186,-0.3515984015984016,-0.495,-0.2678863211951447
raw::HeavyAtomCount,raw_property,HeavyAtomCount,68.18181818181819,50,50,MolWt,490.1611800000001,492.53950000000026,454.23875000000015,523.7322500000001,165.43922000000006,141.70400000000004,87.81125000000006,217.16750000000027
raw::HeavyAtomCount,raw_property,HeavyAtomCount,68.18181818181819,50,50,CarbonCount,26.46,26.0,22.0,29.0,9.36,9.0,3.25,13.0
raw::HeavyAtomCount,raw_property,HeavyAtomCount,68.18181818181819,50,50,HeavyAtomCount_calc,35.2,35.5,33.0,37.0,12.52,11.0,7.0,17.0
raw::HeavyAtomCount,raw_property,HeavyAtomCount,68.18181818181819,50,50,HeteroatomCount,8.74,8.0,7.0,10.0,3.16,3.0,2.0,5.0
raw::HeavyAtomCount,raw_property,HeavyAtomCount,68.18181818181819,50,50,RingCount_calc,2.88,3.0,2.0,4.0,0.12,0.0,-1.0,1.0
raw::HeavyAtomCount,raw_property,HeavyAtomCount,68.18181818181819,50,50,AromaticRingCount_calc,0.52,0.0,0.0,1.0,-1.56,-1.0,-2.0,-1.0
raw::HeavyAtomCount,raw_property,HeavyAtomCount,68.18181818181819,50,50,BondCount,37.02,37.0,34.25,39.0,12.58,11.0,4.75,18.0
raw::HeavyAtomCount,raw_property,HeavyAtomCount,68.18181818181819,50,50,BranchPointCount,7.82,8.0,6.0,10.0,0.68,0.5,-2.0,2.75
raw::HeavyAtomCount,raw_property,HeavyAtomCount,68.18181818181819,50,50,AromaticAtomFraction,0.10408124460706958,0.0,0.0,0.17521008403361346,-0.4085073788719785,-0.4289297658862876,-0.5274936061381075,-0.2505252100840336
raw::HeavyAtomCount,raw_property,HeavyAtomCount,68.18181818181819,50,50,AromaticBondFraction,0.09842637135134336,0.0,0.0,0.16666666666666666,-0.3889326770465555,-0.41522988505747127,-0.5153019023986766,-0.2384920634920635
raw::HeavyAtomCount,raw_property,HeavyAtomCount,71.21212121212122,50,50,MolWt,494.01436000000024,509.2840000000002,465.0677500000002,527.8880000000004,169.2924000000001,161.77900000000014,106.12375000000004,257.17624999999987
raw::HeavyAtomCount,raw_property,HeavyAtomCount,71.21212121212122,50,50,CarbonCount,26.4,27.0,24.25,30.0,9.3,9.0,5.0,15.0
raw::HeavyAtomCount,raw_property,HeavyAtomCount,71.21212121212122,50,50,HeavyAtomCount_calc,35.36,36.5,34.0,38.0,12.68,12.0,8.0,19.75
raw::HeavyAtomCount,raw_property,HeavyAtomCount,71.21212121212122,50,50,HeteroatomCount,8.96,9.0,7.25,11.0,3.38,4.0,2.0,5.0
raw::HeavyAtomCount,raw_property,HeavyAtomCount,71.21212121212122,50,50,RingCount_calc,3.2,3.0,2.0,4.0,0.44,0.5,-1.0,1.0
raw::HeavyAtomCount,raw_property,HeavyAtomCount,71.21212121212122,50,50,AromaticRingCount_calc,0.42,0.0,0.0,1.0,-1.66,-1.5,-2.0,-1.0
raw::HeavyAtomCount,raw_property,HeavyAtomCount,71.21212121212122,50,50,BondCount,37.44,38.0,35.25,40.0,13.0,12.0,8.0,20.75
raw::HeavyAtomCount,raw_property,HeavyAtomCount,71.21212121212122,50,50,BranchPointCount,8.16,8.0,7.0,10.0,1.02,1.0,-1.0,3.75
raw::HeavyAtomCount,raw_property,HeavyAtomCount,71.21212121212122,50,50,AromaticAtomFraction,0.07898191245714466,0.0,0.0,0.15518575851393188,-0.43360671102190346,-0.43167701863354035,-0.526369168356998,-0.3333333333333333
raw::HeavyAtomCount,raw_property,HeavyAtomCount,71.21212121212122,50,50,AromaticBondFraction,0.07430374387607257,0.0,0.0,0.1393733850129199,-0.4130553045218263,-0.41522988505747127,-0.5120967741935484,-0.31663894663894665
raw::HeavyAtomCount,raw_property,HeavyAtomCount,74.24242424242425,50,50,MolWt,497.2203600000002,512.6310000000003,464.32600000000025,535.3162500000003,172.49840000000017,153.1850000000001,114.04775000000012,262.24125000000043
raw::HeavyAtomCount,raw_property,HeavyAtomCount,74.24242424242425,50,50,CarbonCount,27.36,27.0,23.25,30.0,10.26,9.0,5.0,14.75
raw::HeavyAtomCount,raw_property,HeavyAtomCount,74.24242424242425,50,50,HeavyAtomCount_calc,35.92,37.0,34.0,38.75,13.24,12.0,8.25,19.0
raw::HeavyAtomCount,raw_property,HeavyAtomCount,74.24242424242425,50,50,HeteroatomCount,8.56,8.0,7.0,10.0,2.98,4.0,2.0,5.0
raw::HeavyAtomCount,raw_property,HeavyAtomCount,74.24242424242425,50,50,RingCount_calc,3.36,3.0,2.0,4.0,0.6,0.5,-1.0,2.0
raw::HeavyAtomCount,raw_property,HeavyAtomCount,74.24242424242425,50,50,AromaticRingCount_calc,0.38,0.0,0.0,1.0,-1.7,-1.0,-2.0,-1.0
raw::HeavyAtomCount,raw_property,HeavyAtomCount,74.24242424242425,50,50,BondCount,38.16,39.0,35.0,42.0,13.72,12.5,8.0,20.0
raw::HeavyAtomCount,raw_property,HeavyAtomCount,74.24242424242425,50,50,BranchPointCount,8.26,8.0,7.0,10.0,1.12,1.0,-1.75,4.0
raw::HeavyAtomCount,raw_property,HeavyAtomCount,74.24242424242425,50,50,AromaticAtomFraction,0.08390662401096033,0.0,0.0,0.14926470588235294,-0.4286819994680877,-0.4400523315577983,-0.526369168356998,-0.2936234817813765
raw::HeavyAtomCount,raw_property,HeavyAtomCount,74.24242424242425,50,50,AromaticBondFraction,0.07910132479939007,0.0,0.0,0.13605651105651106,-0.40825772359850887,-0.42857142857142855,-0.5160560502116479,-0.2767857142857143
raw::HeavyAtomCount,raw_property,HeavyAtomCount,77.27272727272728,50,50,MolWt,526.4847600000002,501.6130000000004,446.5440000000002,553.9972500000002,201.76280000000008,172.29400000000015,103.59474999999996,261.61524999999995
raw::HeavyAtomCount,raw_property,HeavyAtomCount,77.27272727272728,50,50,CarbonCount,29.36,27.0,23.0,30.0,12.26,10.0,5.0,14.75
raw::HeavyAtomCount,raw_property,HeavyAtomCount,77.27272727272728,50,50,HeavyAtomCount_calc,38.22,36.0,32.0,39.0,15.54,13.5,8.0,18.75
raw::HeavyAtomCount,raw_property,HeavyAtomCount,77.27272727272728,50,50,HeteroatomCount,8.86,9.0,7.0,10.0,3.28,4.0,2.0,5.0
raw::HeavyAtomCount,raw_property,HeavyAtomCount,77.27272727272728,50,50,RingCount_calc,3.22,3.0,2.0,4.0,0.46,0.5,-0.75,1.0
raw::HeavyAtomCount,raw_property,HeavyAtomCount,77.27272727272728,50,50,AromaticRingCount_calc,0.38,0.0,0.0,1.0,-1.7,-1.0,-2.0,-1.0
raw::HeavyAtomCount,raw_property,HeavyAtomCount,77.27272727272728,50,50,BondCount,40.3,38.0,33.25,42.0,15.86,14.0,7.0,20.0
raw::HeavyAtomCount,raw_property,HeavyAtomCount,77.27272727272728,50,50,BranchPointCount,7.68,7.0,6.0,10.0,0.54,1.0,-2.0,3.0
raw::HeavyAtomCount,raw_property,HeavyAtomCount,77.27272727272728,50,50,AromaticAtomFraction,0.05863346378527457,0.0,0.0,0.13073549257759784,-0.4539551596937736,-0.46153846153846156,-0.6007217321571772,-0.3083477342549923
raw::HeavyAtomCount,raw_property,HeavyAtomCount,77.27272727272728,50,50,AromaticBondFraction,0.054927507285859975,0.0,0.0,0.1205331820760068,-0.4324315411120389,-0.4444444444444444,-0.5441433566433567,-0.2864782276546982
raw::HeavyAtomCount,raw_property,HeavyAtomCount,80.30303030303031,50,50,MolWt,539.7870000000001,505.29550000000023,441.3385000000002,542.4402500000002,215.06504000000007,179.22300000000018,93.46825000000017,286.8164999999998
raw::HeavyAtomCount,raw_property,HeavyAtomCount,80.30303030303031,50,50,CarbonCount,30.1,27.0,23.25,30.0,13.0,8.5,4.25,16.0
raw::HeavyAtomCount,raw_property,HeavyAtomCount,80.30303030303031,50,50,HeavyAtomCount_calc,39.18,37.0,31.5,39.0,16.5,13.0,8.0,22.0
raw::HeavyAtomCount,raw_property,HeavyAtomCount,80.30303030303031,50,50,HeteroatomCount,9.08,9.0,7.0,10.0,3.5,4.0,2.0,5.0
raw::HeavyAtomCount,raw_property,HeavyAtomCount,80.30303030303031,50,50,RingCount_calc,2.98,3.0,2.0,4.0,0.22,0.0,-0.75,1.0
raw::HeavyAtomCount,raw_property,HeavyAtomCount,80.30303030303031,50,50,AromaticRingCount_calc,0.32,0.0,0.0,1.0,-1.76,-2.0,-2.0,-1.0
raw::HeavyAtomCount,raw_property,HeavyAtomCount,80.30303030303031,50,50,BondCount,41.04,38.5,33.25,41.75,16.6,13.5,7.0,22.0
raw::HeavyAtomCount,raw_property,HeavyAtomCount,80.30303030303031,50,50,BranchPointCount,7.78,7.5,5.0,10.0,0.64,1.0,-2.0,3.0
raw::HeavyAtomCount,raw_property,HeavyAtomCount,80.30303030303031,50,50,AromaticAtomFraction,0.05284077186864999,0.0,0.0,0.1259157509157509,-0.4597478516103981,-0.46153846153846156,-0.637912087912088,-0.31798245614035087
raw::HeavyAtomCount,raw_property,HeavyAtomCount,80.30303030303031,50,50,AromaticBondFraction,0.04955013096817875,0.0,0.0,0.11438321536905965,-0.43780891742972017,-0.4365079365079365,-0.5958333333333333,-0.2916101924640824
raw::HeavyAtomCount,raw_property,HeavyAtomCount,83.33333333333334,50,50,MolWt,579.9733000000001,499.13350000000025,432.07725000000016,563.9067500000003,255.25134000000006,190.30700000000016,80.46050000000005,292.6307500000003
raw::HeavyAtomCount,raw_property,HeavyAtomCount,83.33333333333334,50,50,CarbonCount,33.14,27.5,23.25,30.75,16.04,10.0,5.5,17.0
raw::HeavyAtomCount,raw_property,HeavyAtomCount,83.33333333333334,50,50,HeavyAtomCount_calc,42.28,36.0,31.25,41.0,19.6,14.0,8.0,21.75
raw::HeavyAtomCount,raw_property,HeavyAtomCount,83.33333333333334,50,50,HeteroatomCount,9.14,9.0,7.0,10.0,3.56,4.0,2.0,5.0
raw::HeavyAtomCount,raw_property,HeavyAtomCount,83.33333333333334,50,50,RingCount_calc,3.44,3.0,2.0,5.0,0.68,1.0,0.0,2.0
raw::HeavyAtomCount,raw_property,HeavyAtomCount,83.33333333333334,50,50,AromaticRingCount_calc,0.38,0.0,0.0,1.0,-1.7,-1.0,-2.0,-1.0
raw::HeavyAtomCount,raw_property,HeavyAtomCount,83.33333333333334,50,50,BondCount,44.62,39.0,32.25,43.0,20.18,14.5,6.5,23.0
raw::HeavyAtomCount,raw_property,HeavyAtomCount,83.33333333333334,50,50,BranchPointCount,8.08,8.0,5.25,10.0,0.94,2.0,-1.0,3.75
raw::HeavyAtomCount,raw_property,HeavyAtomCount,83.33333333333334,50,50,AromaticAtomFraction,0.06821738997515554,0.0,0.0,0.14092664092664092,-0.44437123350389257,-0.43961352657004826,-0.5414438502673796,-0.30317494914269105
raw::HeavyAtomCount,raw_property,HeavyAtomCount,83.33333333333334,50,50,AromaticBondFraction,0.0635603786515377,0.0,0.0,0.13513896766874645,-0.4237986697463612,-0.42408103592314117,-0.530016447368421,-0.292032967032967
raw::HeavyAtomCount,raw_property,HeavyAtomCount,86.36363636363637,50,50,MolWt,652.5408200000002,516.1360000000002,442.58650000000017,667.54,327.81886,200.74900000000017,117.62350000000008,338.90775000000025
raw::HeavyAtomCount,raw_property,HeavyAtomCount,86.36363636363637,50,50,CarbonCount,37.64,29.0,24.0,40.75,20.54,14.0,7.0,20.5
raw::HeavyAtomCount,raw_property,HeavyAtomCount,86.36363636363637,50,50,HeavyAtomCount_calc,47.58,37.0,31.5,49.0,24.9,18.0,10.25,26.25
raw::HeavyAtomCount,raw_property,HeavyAtomCount,86.36363636363637,50,50,HeteroatomCount,9.94,9.0,7.0,11.75,4.36,4.0,2.0,6.0
raw::HeavyAtomCount,raw_property,HeavyAtomCount,86.36363636363637,50,50,RingCount_calc,3.28,3.0,2.0,4.0,0.52,0.0,-1.0,2.0
raw::HeavyAtomCount,raw_property,HeavyAtomCount,86.36363636363637,50,50,AromaticRingCount_calc,0.48,0.0,0.0,1.0,-1.6,-1.0,-2.0,-1.0
raw::HeavyAtomCount,raw_property,HeavyAtomCount,86.36363636363637,50,50,BondCount,49.78,39.0,33.25,52.25,25.34,21.0,10.25,26.5
raw::HeavyAtomCount,raw_property,HeavyAtomCount,86.36363636363637,50,50,BranchPointCount,8.0,8.0,6.0,10.0,0.86,1.0,-1.75,4.0
raw::HeavyAtomCount,raw_property,HeavyAtomCount,86.36363636363637,50,50,AromaticAtomFraction,0.06969759166435856,0.0,0.0,0.13843494657448147,-0.44289103181468953,-0.43646346929627966,-0.526369168356998,-0.3477106227106227
raw::HeavyAtomCount,raw_property,HeavyAtomCount,86.36363636363637,50,50,AromaticBondFraction,0.0655287335282489,0.0,0.0,0.12987736900780378,-0.42183031486965,-0.4226190476190476,-0.513511868533171,-0.33539789789789787
raw::HeavyAtomCount,raw_property,HeavyAtomCount,89.3939393939394,50,50,MolWt,632.5631800000002,525.8720000000002,442.60125000000016,577.7245000000001,307.8412200000001,222.32449999999992,132.42325000000022,325.41100000000034
raw::HeavyAtomCount,raw_property,HeavyAtomCount,89.3939393939394,50,50,CarbonCount,35.66,28.0,23.25,32.75,18.56,11.0,7.0,18.0
raw::HeavyAtomCount,raw_property,HeavyAtomCount,89.3939393939394,50,50,HeavyAtomCount_calc,46.0,37.5,31.25,42.75,23.32,16.5,10.5,24.5
raw::HeavyAtomCount,raw_property,HeavyAtomCount,89.3939393939394,50,50,HeteroatomCount,10.34,10.0,8.0,11.0,4.76,4.5,3.0,6.75
raw::HeavyAtomCount,raw_property,HeavyAtomCount,89.3939393939394,50,50,RingCount_calc,3.36,3.0,2.0,4.0,0.6,0.0,-0.75,1.0
raw::HeavyAtomCount,raw_property,HeavyAtomCount,89.3939393939394,50,50,AromaticRingCount_calc,0.36,0.0,0.0,1.0,-1.72,-2.0,-2.0,-1.0
raw::HeavyAtomCount,raw_property,HeavyAtomCount,89.3939393939394,50,50,BondCount,48.26,40.0,34.0,44.75,23.82,16.5,11.0,25.75
raw::HeavyAtomCount,raw_property,HeavyAtomCount,89.3939393939394,50,50,BranchPointCount,8.12,8.0,6.0,10.0,0.98,1.0,-2.0,3.75
raw::HeavyAtomCount,raw_property,HeavyAtomCount,89.3939393939394,50,50,AromaticAtomFraction,0.05599079382701259,0.0,0.0,0.11835548172757475,-0.4565978296520355,-0.46153846153846156,-0.5780570849029267,-0.33602150537634407
raw::HeavyAtomCount,raw_property,HeavyAtomCount,89.3939393939394,50,50,AromaticBondFraction,0.05210123757931157,0.0,0.0,0.11182301740812378,-0.4352578108185874,-0.4291979949874687,-0.5419034090909091,-0.3330392156862745
raw::HeavyAtomCount,raw_property,HeavyAtomCount,92.42424242424244,50,50,MolWt,650.5678200000001,515.6110000000003,441.58725000000015,651.7525000000002,325.84586000000013,225.75050000000027,136.47650000000021,360.38700000000006
raw::HeavyAtomCount,raw_property,HeavyAtomCount,92.42424242424244,50,50,CarbonCount,37.94,28.0,23.25,34.75,20.84,10.5,7.0,19.75
raw::HeavyAtomCount,raw_property,HeavyAtomCount,92.42424242424244,50,50,HeavyAtomCount_calc,47.46,37.5,31.0,48.0,24.78,16.0,11.0,26.5
raw::HeavyAtomCount,raw_property,HeavyAtomCount,92.42424242424244,50,50,HeteroatomCount,9.52,8.0,6.25,12.0,3.94,4.0,2.0,6.75
raw::HeavyAtomCount,raw_property,HeavyAtomCount,92.42424242424244,50,50,RingCount_calc,3.1,3.0,2.0,4.0,0.34,0.0,-1.0,2.0
raw::HeavyAtomCount,raw_property,HeavyAtomCount,92.42424242424244,50,50,AromaticRingCount_calc,0.38,0.0,0.0,1.0,-1.7,-1.5,-2.0,-1.0
raw::HeavyAtomCount,raw_property,HeavyAtomCount,92.42424242424244,50,50,BondCount,49.54,40.0,32.0,54.5,25.1,16.5,10.0,27.75
raw::HeavyAtomCount,raw_property,HeavyAtomCount,92.42424242424244,50,50,BranchPointCount,7.56,7.5,4.0,10.75,0.42,1.0,-2.0,3.0
raw::HeavyAtomCount,raw_property,HeavyAtomCount,92.42424242424244,50,50,AromaticAtomFraction,0.059245270336542574,0.0,0.0,0.09305012442232492,-0.45334335314250546,-0.46638627073409683,-0.5501567398119123,-0.32976190476190476
raw::HeavyAtomCount,raw_property,HeavyAtomCount,92.42424242424244,50,50,AromaticBondFraction,0.05704271983692744,0.0,0.0,0.08892200695479384,-0.43031632856097146,-0.4444444444444444,-0.5419034090909091,-0.3177083333333333
raw::HeavyAtomCount,raw_property,HeavyAtomCount,95.45454545454544,50,50,MolWt,757.2290000000003,555.2150000000004,494.82675000000023,1296.6592500000002,432.50704000000013,291.87700000000024,165.98500000000018,911.6162500000002
raw::HeavyAtomCount,raw_property,HeavyAtomCount,95.45454545454544,50,50,CarbonCount,44.78,30.0,25.0,76.5,27.68,16.0,10.0,58.0
raw::HeavyAtomCount,raw_property,HeavyAtomCount,95.45454545454544,50,50,HeavyAtomCount_calc,55.58,39.0,35.25,95.0,32.9,21.5,13.0,69.0
raw::HeavyAtomCount,raw_property,HeavyAtomCount,95.45454545454544,50,50,HeteroatomCount,10.8,10.0,7.0,13.5,5.22,5.0,3.0,8.0
raw::HeavyAtomCount,raw_property,HeavyAtomCount,95.45454545454544,50,50,RingCount_calc,4.12,4.0,2.25,5.0,1.36,1.0,0.0,3.0
raw::HeavyAtomCount,raw_property,HeavyAtomCount,95.45454545454544,50,50,AromaticRingCount_calc,0.46,0.0,0.0,1.0,-1.62,-2.0,-2.0,-1.0
raw::HeavyAtomCount,raw_property,HeavyAtomCount,95.45454545454544,50,50,BondCount,58.52,42.5,37.5,97.25,34.08,23.0,14.25,69.5
raw::HeavyAtomCount,raw_property,HeavyAtomCount,95.45454545454544,50,50,BranchPointCount,8.96,9.0,6.25,12.0,1.82,2.0,-1.0,5.0
raw::HeavyAtomCount,raw_property,HeavyAtomCount,95.45454545454544,50,50,AromaticAtomFraction,0.057126317261960595,0.0,0.0,0.06277447687935934,-0.4554623062170875,-0.46153846153846156,-0.5431488801054019,-0.3333333333333333
raw::HeavyAtomCount,raw_property,HeavyAtomCount,95.45454545454544,50,50,AromaticBondFraction,0.053197300308412084,0.0,0.0,0.05946643717728055,-0.4341617480894868,-0.43543956043956045,-0.530016447368421,-0.3333333333333333
raw::HeavyAtomCount,raw_property,HeavyAtomCount,98.48484848484848,50,50,MolWt,714.8723000000002,559.2150000000003,486.0467500000003,983.9474999999999,390.1503400000001,296.90299999999996,130.35850000000016,559.3932499999997
raw::HeavyAtomCount,raw_property,HeavyAtomCount,98.48484848484848,50,50,CarbonCount,41.16,30.0,24.25,53.75,24.06,15.5,9.25,32.75
raw::HeavyAtomCount,raw_property,HeavyAtomCount,98.48484848484848,50,50,HeavyAtomCount_calc,52.16,40.5,35.0,71.0,29.48,21.0,11.25,42.5
raw::HeavyAtomCount,raw_property,HeavyAtomCount,98.48484848484848,50,50,HeteroatomCount,11.0,10.5,8.0,13.5,5.42,6.0,3.25,8.0
raw::HeavyAtomCount,raw_property,HeavyAtomCount,98.48484848484848,50,50,RingCount_calc,3.54,3.5,2.0,4.0,0.78,1.0,0.0,2.0
raw::HeavyAtomCount,raw_property,HeavyAtomCount,98.48484848484848,50,50,AromaticRingCount_calc,0.34,0.0,0.0,1.0,-1.74,-2.0,-2.0,-1.0
raw::HeavyAtomCount,raw_property,HeavyAtomCount,98.48484848484848,50,50,BondCount,54.5,42.0,37.0,74.0,30.06,22.0,12.0,43.5
raw::HeavyAtomCount,raw_property,HeavyAtomCount,98.48484848484848,50,50,BranchPointCount,7.82,8.0,5.25,10.0,0.68,1.0,-2.0,4.0
raw::HeavyAtomCount,raw_property,HeavyAtomCount,98.48484848484848,50,50,AromaticAtomFraction,0.04853121083710108,0.0,0.0,0.10125291375291375,-0.464057412641947,-0.46153846153846156,-0.5414438502673796,-0.34417500280993596
raw::HeavyAtomCount,raw_property,HeavyAtomCount,98.48484848484848,50,50,AromaticBondFraction,0.04670571273109383,0.0,0.0,0.09503113648157759,-0.440653335666805,-0.4332046332046332,-0.53125,-0.3424922600619195
raw::HeavyAtomCount,raw_property,HeavyAtomCount,101.5151515151515,50,50,MolWt,841.31238,595.7715000000001,498.04900000000015,1305.5765000000004,516.59042,297.45050000000015,205.78000000000003,934.1469999999997
raw::HeavyAtomCount,raw_property,HeavyAtomCount,101.5151515151515,50,50,CarbonCount,49.12,33.0,26.25,82.0,32.02,18.0,12.25,59.0
raw::HeavyAtomCount,raw_property,HeavyAtomCount,101.5151515151515,50,50,HeavyAtomCount_calc,61.58,43.5,36.0,97.5,38.9,24.0,15.0,69.75
raw::HeavyAtomCount,raw_property,HeavyAtomCount,101.5151515151515,50,50,HeteroatomCount,12.46,11.0,8.25,16.0,6.88,6.0,4.0,10.0
raw::HeavyAtomCount,raw_property,HeavyAtomCount,101.5151515151515,50,50,RingCount_calc,3.5,4.0,2.25,5.0,0.74,1.0,0.0,2.0
raw::HeavyAtomCount,raw_property,HeavyAtomCount,101.5151515151515,50,50,AromaticRingCount_calc,0.3,0.0,0.0,1.0,-1.78,-2.0,-2.0,-1.0
raw::HeavyAtomCount,raw_property,HeavyAtomCount,101.5151515151515,50,50,BondCount,63.98,47.5,39.0,99.25,39.54,24.5,16.0,70.25
raw::HeavyAtomCount,raw_property,HeavyAtomCount,101.5151515151515,50,50,BranchPointCount,8.06,8.0,6.0,11.0,0.92,1.0,-2.0,3.0
raw::HeavyAtomCount,raw_property,HeavyAtomCount,101.5151515151515,50,50,AromaticAtomFraction,0.03369190070074578,0.0,0.0,0.04535217035217035,-0.4788967227783023,-0.46911627346409956,-0.5501567398119123,-0.4041666666666667
raw::HeavyAtomCount,raw_property,HeavyAtomCount,101.5151515151515,50,50,AromaticBondFraction,0.03172287800719494,0.0,0.0,0.04435170807453416,-0.45563617039070403,-0.4444444444444444,-0.5419034090909091,-0.38654761904761903
raw::HeavyAtomCount,raw_property,HeavyAtomCount,104.54545454545452,50,50,MolWt,799.5528600000001,552.1435000000001,489.3470000000002,1282.80025,474.8309000000001,298.5965000000001,198.5057500000001,910.8159999999998
raw::HeavyAtomCount,raw_property,HeavyAtomCount,104.54545454545452,50,50,CarbonCount,47.08,31.0,26.0,76.5,29.98,18.0,11.25,57.0
raw::HeavyAtomCount,raw_property,HeavyAtomCount,104.54545454545452,50,50,HeavyAtomCount_calc,58.7,41.0,36.0,94.25,36.02,23.0,16.25,68.75
raw::HeavyAtomCount,raw_property,HeavyAtomCount,104.54545454545452,50,50,HeteroatomCount,11.62,10.0,7.25,14.75,6.04,5.0,3.25,8.0
raw::HeavyAtomCount,raw_property,HeavyAtomCount,104.54545454545452,50,50,RingCount_calc,3.58,4.0,2.0,4.0,0.82,1.0,0.0,2.0
raw::HeavyAtomCount,raw_property,HeavyAtomCount,104.54545454545452,50,50,AromaticRingCount_calc,0.38,0.0,0.0,1.0,-1.7,-2.0,-2.0,-1.0
raw::HeavyAtomCount,raw_property,HeavyAtomCount,104.54545454545452,50,50,BondCount,61.16,44.0,38.0,96.0,36.72,25.5,16.25,68.75
raw::HeavyAtomCount,raw_property,HeavyAtomCount,104.54545454545452,50,50,BranchPointCount,7.56,7.0,5.0,10.0,0.42,1.0,-2.0,3.75
raw::HeavyAtomCount,raw_property,HeavyAtomCount,104.54545454545452,50,50,AromaticAtomFraction,0.04247554721910457,0.0,0.0,0.06293173506704591,-0.47011307625994353,-0.46153846153846156,-0.5467199327165686,-0.35607626733266445
raw::HeavyAtomCount,raw_property,HeavyAtomCount,104.54545454545452,50,50,AromaticBondFraction,0.03997775793210077,0.0,0.0,0.06014933628318584,-0.44738129046579816,-0.4444444444444444,-0.530016447368421,-0.3382352941176471
raw::HeavyAtomCount,raw_property,HeavyAtomCount,107.57575757575756,50,50,MolWt,923.4876000000003,631.7595000000001,507.8777500000002,1421.351,598.7656400000001,352.40800000000024,221.77575000000007,1040.8157500000002
raw::HeavyAtomCount,raw_property,HeavyAtomCount,107.57575757575756,50,50,CarbonCount,54.42,37.5,27.0,84.5,37.32,20.5,13.0,65.75
raw::HeavyAtomCount,raw_property,HeavyAtomCount,107.57575757575756,50,50,HeavyAtomCount_calc,67.68,46.5,37.0,105.0,45.0,26.0,17.25,76.25
raw::HeavyAtomCount,raw_property,HeavyAtomCount,107.57575757575756,50,50,HeteroatomCount,13.26,12.0,8.0,18.0,7.68,7.0,4.0,10.0
raw::HeavyAtomCount,raw_property,HeavyAtomCount,107.57575757575756,50,50,RingCount_calc,3.26,3.0,2.0,4.0,0.5,0.0,-1.0,2.0
raw::HeavyAtomCount,raw_property,HeavyAtomCount,107.57575757575756,50,50,AromaticRingCount_calc,0.38,0.0,0.0,1.0,-1.7,-1.5,-2.0,-1.0
raw::HeavyAtomCount,raw_property,HeavyAtomCount,107.57575757575756,50,50,BondCount,69.78,49.0,38.25,106.5,45.34,28.5,18.0,77.25
raw::HeavyAtomCount,raw_property,HeavyAtomCount,107.57575757575756,50,50,BranchPointCount,7.44,7.0,5.0,10.0,0.3,0.5,-1.75,2.75
raw::HeavyAtomCount,raw_property,HeavyAtomCount,107.57575757575756,50,50,AromaticAtomFraction,0.04575973779659383,0.0,0.0,0.05267857142857143,-0.46682888568245423,-0.46153846153846156,-0.5419737919737919,-0.3647090419415361
raw::HeavyAtomCount,raw_property,HeavyAtomCount,107.57575757575756,50,50,AromaticBondFraction,0.04385669787791499,0.0,0.0,0.050597460791635546,-0.443502350519984,-0.42857142857142855,-0.5366586538461539,-0.34541457733205305
raw::HeavyAtomCount,raw_property,HeavyAtomCount,110.60606060606062,50,50,MolWt,983.6309000000001,950.0784999999998,518.6330000000003,1396.7805000000003,658.9089400000001,560.3199999999997,247.34400000000028,1011.2190000000003
raw::HeavyAtomCount,raw_property,HeavyAtomCount,110.60606060606062,50,50,CarbonCount,58.12,45.5,29.0,84.5,41.02,28.5,15.0,63.75
raw::HeavyAtomCount,raw_property,HeavyAtomCount,110.60606060606062,50,50,HeavyAtomCount_calc,72.12,67.5,38.0,103.5,49.44,42.5,20.0,75.75
raw::HeavyAtomCount,raw_property,HeavyAtomCount,110.60606060606062,50,50,HeteroatomCount,14.0,12.5,9.25,18.0,8.42,7.0,5.0,12.0
raw::HeavyAtomCount,raw_property,HeavyAtomCount,110.60606060606062,50,50,RingCount_calc,3.66,4.0,2.0,4.0,0.9,1.0,0.0,2.0
raw::HeavyAtomCount,raw_property,HeavyAtomCount,110.60606060606062,50,50,AromaticRingCount_calc,0.42,0.0,0.0,1.0,-1.66,-2.0,-2.0,-1.0
raw::HeavyAtomCount,raw_property,HeavyAtomCount,110.60606060606062,50,50,BondCount,74.56,71.0,41.0,106.5,50.12,44.5,19.5,78.0
raw::HeavyAtomCount,raw_property,HeavyAtomCount,110.60606060606062,50,50,BranchPointCount,8.14,8.0,6.0,10.0,1.0,1.0,-1.0,4.0
raw::HeavyAtomCount,raw_property,HeavyAtomCount,110.60606060606062,50,50,AromaticAtomFraction,0.04279644600755886,0.0,0.0,0.05199353448275862,-0.46979217747148916,-0.46153846153846156,-0.5904440154440155,-0.3392064740923907
raw::HeavyAtomCount,raw_property,HeavyAtomCount,110.60606060606062,50,50,AromaticBondFraction,0.040768322931234655,0.0,0.0,0.051562500000000004,-0.4465907254666643,-0.42857142857142855,-0.5454545454545454,-0.3333333333333333
raw::HeavyAtomCount,raw_property,HeavyAtomCount,113.63636363636364,50,50,MolWt,1029.8868,1175.0749999999996,525.4900000000002,1483.6217500000002,705.1648400000001,833.2524999999999,270.6240000000004,1142.2265000000002
raw::HeavyAtomCount,raw_property,HeavyAtomCount,113.63636363636364,50,50,CarbonCount,60.56,64.0,29.0,90.5,43.46,48.5,15.0,72.75
raw::HeavyAtomCount,raw_property,HeavyAtomCount,113.63636363636364,50,50,HeavyAtomCount_calc,75.66,85.0,38.25,109.5,52.98,60.5,20.25,86.0
raw::HeavyAtomCount,raw_property,HeavyAtomCount,113.63636363636364,50,50,HeteroatomCount,15.1,13.5,10.0,20.75,9.52,8.0,5.0,13.0
raw::HeavyAtomCount,raw_property,HeavyAtomCount,113.63636363636364,50,50,RingCount_calc,3.86,4.0,2.25,5.0,1.1,1.0,0.0,2.0
raw::HeavyAtomCount,raw_property,HeavyAtomCount,113.63636363636364,50,50,AromaticRingCount_calc,0.22,0.0,0.0,0.0,-1.86,-2.0,-3.0,-1.0
raw::HeavyAtomCount,raw_property,HeavyAtomCount,113.63636363636364,50,50,BondCount,78.26,86.5,41.5,114.5,53.82,60.5,21.25,88.5
raw::HeavyAtomCount,raw_property,HeavyAtomCount,113.63636363636364,50,50,BranchPointCount,8.24,8.0,6.0,9.75,1.1,1.0,-1.0,4.0
raw::HeavyAtomCount,raw_property,HeavyAtomCount,113.63636363636364,50,50,AromaticAtomFraction,0.02211309336975569,0.0,0.0,0.0,-0.49047553010929235,-0.47270471464019853,-0.6520935960591133,-0.3346774193548387
raw::HeavyAtomCount,raw_property,HeavyAtomCount,113.63636363636364,50,50,AromaticBondFraction,0.021037723259769887,0.0,0.0,0.0,-0.46632132513812896,-0.4644607843137255,-0.6219198703103288,-0.3382352941176471
raw::HeavyAtomCount,raw_property,HeavyAtomCount,116.66666666666669,50,50,MolWt,1009.9048000000003,1152.1884999999997,519.9557500000003,1444.44,685.1828400000002,803.7359999999996,188.30449999999996,1119.3705000000004
raw::HeavyAtomCount,raw_property,HeavyAtomCount,116.66666666666669,50,50,CarbonCount,59.94,68.0,30.25,87.25,42.84,49.5,11.25,70.0
raw::HeavyAtomCount,raw_property,HeavyAtomCount,116.66666666666669,50,50,HeavyAtomCount_calc,74.24,84.0,38.25,107.0,51.56,59.5,14.25,84.25
raw::HeavyAtomCount,raw_property,HeavyAtomCount,116.66666666666669,50,50,HeteroatomCount,14.3,13.0,9.0,18.0,8.72,7.0,4.0,12.0
raw::HeavyAtomCount,raw_property,HeavyAtomCount,116.66666666666669,50,50,RingCount_calc,3.7,4.0,2.0,5.0,0.94,1.0,-1.0,2.0
raw::HeavyAtomCount,raw_property,HeavyAtomCount,116.66666666666669,50,50,AromaticRingCount_calc,0.46,0.0,0.0,1.0,-1.62,-1.5,-2.0,-1.0
raw::HeavyAtomCount,raw_property,HeavyAtomCount,116.66666666666669,50,50,BondCount,76.74,85.0,42.25,111.75,52.3,58.5,16.0,84.0
raw::HeavyAtomCount,raw_property,HeavyAtomCount,116.66666666666669,50,50,BranchPointCount,7.84,8.0,5.0,10.0,0.7,0.0,-2.0,3.75
raw::HeavyAtomCount,raw_property,HeavyAtomCount,116.66666666666669,50,50,AromaticAtomFraction,0.04256206605375499,0.0,0.0,0.05704551137784446,-0.4700265574252931,-0.46153846153846156,-0.5879310344827586,-0.3467021276595744
raw::HeavyAtomCount,raw_property,HeavyAtomCount,116.66666666666669,50,50,AromaticBondFraction,0.041579973784253044,0.0,0.0,0.055432703801099686,-0.4457790746136458,-0.4444444444444444,-0.5454545454545454,-0.3382352941176471
raw::HeavyAtomCount,raw_property,HeavyAtomCount,119.69696969696967,50,50,MolWt,1086.8789400000003,1316.4739999999997,516.5205000000003,1520.6755000000005,762.1569800000002,915.1079999999995,203.06400000000014,1225.8622500000006
raw::HeavyAtomCount,raw_property,HeavyAtomCount,119.69696969696967,50,50,CarbonCount,64.84,77.5,27.0,93.5,47.74,60.5,12.0,76.75
raw::HeavyAtomCount,raw_property,HeavyAtomCount,119.69696969696967,50,50,HeavyAtomCount_calc,79.86,96.0,38.0,113.25,57.18,68.5,15.25,93.0
raw::HeavyAtomCount,raw_property,HeavyAtomCount,119.69696969696967,50,50,HeteroatomCount,15.02,13.0,10.25,18.0,9.44,8.0,4.0,13.0
raw::HeavyAtomCount,raw_property,HeavyAtomCount,119.69696969696967,50,50,RingCount_calc,3.58,3.0,2.0,4.75,0.82,0.5,-1.0,2.0
raw::HeavyAtomCount,raw_property,HeavyAtomCount,119.69696969696967,50,50,AromaticRingCount_calc,0.28,0.0,0.0,0.0,-1.8,-2.0,-2.75,-1.0
raw::HeavyAtomCount,raw_property,HeavyAtomCount,119.69696969696967,50,50,BondCount,82.28,99.5,41.0,116.75,57.84,69.5,15.25,94.75
raw::HeavyAtomCount,raw_property,HeavyAtomCount,119.69696969696967,50,50,BranchPointCount,7.6,8.0,4.25,9.75,0.46,0.0,-2.75,2.0
raw::HeavyAtomCount,raw_property,HeavyAtomCount,119.69696969696967,50,50,AromaticAtomFraction,0.03315358480803848,0.0,0.0,0.0,-0.47943503867100956,-0.46153846153846156,-0.6240502942750134,-0.3393100358422939
raw::HeavyAtomCount,raw_property,HeavyAtomCount,119.69696969696967,50,50,AromaticBondFraction,0.030754151987695648,0.0,0.0,0.0,-0.45660489641020324,-0.44345238095238093,-0.5820604811973098,-0.3382352941176471
raw::HeavyAtomCount,raw_property,HeavyAtomCount,122.72727272727276,50,50,MolWt,1175.5216400000002,1337.4035000000003,681.4735000000001,1551.1032500000001,850.7996800000002,994.5265000000005,388.69475000000017,1229.3660000000007
raw::HeavyAtomCount,raw_property,HeavyAtomCount,122.72727272727276,50,50,CarbonCount,70.86,84.5,34.25,96.25,53.76,65.5,21.0,76.75
raw::HeavyAtomCount,raw_property,HeavyAtomCount,122.72727272727276,50,50,HeavyAtomCount_calc,86.32,100.5,47.5,115.5,63.64,76.5,29.0,91.0
raw::HeavyAtomCount,raw_property,HeavyAtomCount,122.72727272727276,50,50,HeteroatomCount,15.46,14.0,11.0,17.0,9.88,8.5,6.0,11.75
raw::HeavyAtomCount,raw_property,HeavyAtomCount,122.72727272727276,50,50,RingCount_calc,3.4,3.0,2.0,4.0,0.64,0.5,-1.0,2.0
raw::HeavyAtomCount,raw_property,HeavyAtomCount,122.72727272727276,50,50,AromaticRingCount_calc,0.34,0.0,0.0,1.0,-1.74,-2.0,-2.75,-1.0
raw::HeavyAtomCount,raw_property,HeavyAtomCount,122.72727272727276,50,50,BondCount,88.66,103.5,47.5,118.0,64.22,74.0,30.5,91.0
raw::HeavyAtomCount,raw_property,HeavyAtomCount,122.72727272727276,50,50,BranchPointCount,7.9,7.0,6.0,10.0,0.76,0.0,-3.0,3.75
raw::HeavyAtomCount,raw_property,HeavyAtomCount,122.72727272727276,50,50,AromaticAtomFraction,0.03613912587442545,0.0,0.0,0.043011346890657234,-0.47644949760462263,-0.46153846153846156,-0.5969298245614034,-0.3784613973959289
raw::HeavyAtomCount,raw_property,HeavyAtomCount,122.72727272727276,50,50,AromaticBondFraction,0.03406689767159419,0.0,0.0,0.042283862697621424,-0.4532921507263047,-0.42857142857142855,-0.5573406478578892,-0.3556149732620321
raw::HeavyAtomCount,raw_property,HeavyAtomCount,125.75757575757576,50,50,MolWt,1171.5552200000002,1319.7185,765.3962499999999,1495.7130000000006,846.8332600000001,953.4004999999999,421.2825000000003,1186.3805000000002
raw::HeavyAtomCount,raw_property,HeavyAtomCount,125.75757575757576,50,50,CarbonCount,70.48,78.0,38.75,91.75,53.38,64.5,22.25,74.5
raw::HeavyAtomCount,raw_property,HeavyAtomCount,125.75757575757576,50,50,HeavyAtomCount_calc,86.04,97.5,56.25,108.0,63.36,71.0,33.25,89.0
raw::HeavyAtomCount,raw_property,HeavyAtomCount,125.75757575757576,50,50,HeteroatomCount,15.56,14.0,11.0,20.0,9.98,9.5,5.25,13.75
raw::HeavyAtomCount,raw_property,HeavyAtomCount,125.75757575757576,50,50,RingCount_calc,3.32,3.0,2.0,4.0,0.56,0.0,-1.0,2.0
raw::HeavyAtomCount,raw_property,HeavyAtomCount,125.75757575757576,50,50,AromaticRingCount_calc,0.24,0.0,0.0,0.0,-1.84,-2.0,-3.0,-1.0
raw::HeavyAtomCount,raw_property,HeavyAtomCount,125.75757575757576,50,50,BondCount,88.12,99.5,58.25,112.0,63.68,71.0,36.25,87.0
raw::HeavyAtomCount,raw_property,HeavyAtomCount,125.75757575757576,50,50,BranchPointCount,7.04,6.0,5.0,9.0,-0.1,-1.0,-3.0,2.0
raw::HeavyAtomCount,raw_property,HeavyAtomCount,125.75757575757576,50,50,AromaticAtomFraction,0.019339080290545655,0.0,0.0,0.0,-0.49324954318850245,-0.46153846153846156,-0.6105263157894736,-0.35759615384615384
raw::HeavyAtomCount,raw_property,HeavyAtomCount,125.75757575757576,50,50,AromaticBondFraction,0.018624282406626433,0.0,0.0,0.0,-0.46873476599127245,-0.45138888888888884,-0.5815476771100692,-0.35136554621848737
raw::HeavyAtomCount,raw_property,HeavyAtomCount,128.7878787878788,50,50,MolWt,1241.3522400000002,1405.9405,1026.6367499999997,1566.8390000000004,916.6302800000001,1051.3459999999995,616.0582499999992,1229.8087499999997
raw::HeavyAtomCount,raw_property,HeavyAtomCount,128.7878787878788,50,50,CarbonCount,74.9,84.5,59.25,96.75,57.8,67.5,39.0,78.75
raw::HeavyAtomCount,raw_property,HeavyAtomCount,128.7878787878788,50,50,HeavyAtomCount_calc,91.2,104.0,76.5,115.75,68.52,79.0,47.75,91.75
raw::HeavyAtomCount,raw_property,HeavyAtomCount,128.7878787878788,50,50,HeteroatomCount,16.3,14.0,11.25,20.75,10.72,10.0,7.0,14.75
raw::HeavyAtomCount,raw_property,HeavyAtomCount,128.7878787878788,50,50,RingCount_calc,3.46,3.0,2.0,4.0,0.7,0.0,-1.0,2.0
raw::HeavyAtomCount,raw_property,HeavyAtomCount,128.7878787878788,50,50,AromaticRingCount_calc,0.24,0.0,0.0,0.0,-1.84,-2.0,-2.0,-1.0
raw::HeavyAtomCount,raw_property,HeavyAtomCount,128.7878787878788,50,50,BondCount,93.42,106.0,77.75,117.75,68.98,79.0,46.5,92.0
raw::HeavyAtomCount,raw_property,HeavyAtomCount,128.7878787878788,50,50,BranchPointCount,7.2,7.0,5.0,9.0,0.06,-0.5,-2.75,2.0
raw::HeavyAtomCount,raw_property,HeavyAtomCount,128.7878787878788,50,50,AromaticAtomFraction,0.03031232589550921,0.0,0.0,0.0,-0.48227629758353885,-0.46153846153846156,-0.5969298245614034,-0.37259615384615385
raw::HeavyAtomCount,raw_property,HeavyAtomCount,128.7878787878788,50,50,AromaticBondFraction,0.028669109026737555,0.0,0.0,0.0,-0.45868993937116137,-0.4444444444444444,-0.5528395513095635,-0.35653409090909094
raw::HeavyAtomCount,raw_property,HeavyAtomCount,131.8181818181818,50,50,MolWt,1205.1142200000002,1415.4855000000002,890.7522499999994,1576.5492500000012,880.3922600000001,1049.2820000000004,542.6887499999993,1263.1650000000004
raw::HeavyAtomCount,raw_property,HeavyAtomCount,131.8181818181818,50,50,CarbonCount,73.56,83.5,50.25,98.0,56.46,67.0,34.25,77.0
raw::HeavyAtomCount,raw_property,HeavyAtomCount,131.8181818181818,50,50,HeavyAtomCount_calc,88.7,103.5,64.75,117.25,66.02,79.5,40.25,94.75
raw::HeavyAtomCount,raw_property,HeavyAtomCount,131.8181818181818,50,50,HeteroatomCount,15.14,14.0,10.25,18.0,9.56,8.5,4.0,13.5
raw::HeavyAtomCount,raw_property,HeavyAtomCount,131.8181818181818,50,50,RingCount_calc,3.0,3.0,2.0,4.0,0.24,0.0,-1.75,2.0
raw::HeavyAtomCount,raw_property,HeavyAtomCount,131.8181818181818,50,50,AromaticRingCount_calc,0.22,0.0,0.0,0.0,-1.86,-2.0,-2.75,-1.0
raw::HeavyAtomCount,raw_property,HeavyAtomCount,131.8181818181818,50,50,BondCount,90.64,105.0,67.5,119.75,66.2,80.0,41.0,94.5
raw::HeavyAtomCount,raw_property,HeavyAtomCount,131.8181818181818,50,50,BranchPointCount,6.64,6.5,4.0,9.0,-0.5,-1.0,-5.0,2.0
raw::HeavyAtomCount,raw_property,HeavyAtomCount,131.8181818181818,50,50,AromaticAtomFraction,0.020503422185323215,0.0,0.0,0.0,-0.4920852012937249,-0.48193548387096774,-0.6157759714055113,-0.37006578947368424
raw::HeavyAtomCount,raw_property,HeavyAtomCount,131.8181818181818,50,50,AromaticBondFraction,0.0200502074668519,0.0,0.0,0.0,-0.4673088409310469,-0.45138888888888884,-0.5869563614919651,-0.3496535633484163
raw::HeavyAtomCount,raw_property,HeavyAtomCount,134.84848484848487,50,50,MolWt,1219.2631600000002,1423.3630000000005,870.5869999999995,1611.76875,894.5412000000002,1048.1485000000002,427.3097499999992,1277.9587500000002
raw::HeavyAtomCount,raw_property,HeavyAtomCount,134.84848484848487,50,50,CarbonCount,74.56,87.0,48.25,99.0,57.46,71.0,27.25,82.0
raw::HeavyAtomCount,raw_property,HeavyAtomCount,134.84848484848487,50,50,HeavyAtomCount_calc,89.78,103.5,65.0,119.75,67.1,79.5,34.25,95.5
raw::HeavyAtomCount,raw_property,HeavyAtomCount,134.84848484848487,50,50,HeteroatomCount,15.22,13.0,10.0,19.0,9.64,8.0,5.0,14.0
raw::HeavyAtomCount,raw_property,HeavyAtomCount,134.84848484848487,50,50,RingCount_calc,3.26,3.0,2.0,4.0,0.5,0.5,-1.0,2.0
raw::HeavyAtomCount,raw_property,HeavyAtomCount,134.84848484848487,50,50,AromaticRingCount_calc,0.28,0.0,0.0,0.0,-1.8,-2.0,-2.75,-1.0
raw::HeavyAtomCount,raw_property,HeavyAtomCount,134.84848484848487,50,50,BondCount,91.86,106.0,66.25,120.75,67.42,80.0,33.0,95.75
raw::HeavyAtomCount,raw_property,HeavyAtomCount,134.84848484848487,50,50,BranchPointCount,6.94,7.5,5.0,9.0,-0.2,-0.5,-3.0,3.0
raw::HeavyAtomCount,raw_property,HeavyAtomCount,134.84848484848487,50,50,AromaticAtomFraction,0.022293723708511702,0.0,0.0,0.03125,-0.4902948997705364,-0.48193548387096774,-0.6211550245098039,-0.3987967914438502
raw::HeavyAtomCount,raw_property,HeavyAtomCount,134.84848484848487,50,50,AromaticBondFraction,0.021913324247970847,0.0,0.0,0.030737704918032786,-0.4654457241499281,-0.45138888888888884,-0.5663273001508295,-0.3817508710801394
raw::HeavyAtomCount,raw_property,HeavyAtomCount,137.87878787878788,50,50,MolWt,1272.82932,1362.214,1198.5234999999998,1609.6734999999996,948.1073600000003,1090.8195,807.8544999999996,1266.5977500000001
raw::HeavyAtomCount,raw_property,HeavyAtomCount,137.87878787878788,50,50,CarbonCount,77.72,87.0,65.5,99.5,60.62,68.5,52.25,81.0
raw::HeavyAtomCount,raw_property,HeavyAtomCount,137.87878787878788,50,50,HeavyAtomCount_calc,93.62,100.0,88.5,118.0,70.94,82.0,60.25,94.75
raw::HeavyAtomCount,raw_property,HeavyAtomCount,137.87878787878788,50,50,HeteroatomCount,15.9,15.0,10.25,19.75,10.32,9.5,5.0,14.0
raw::HeavyAtomCount,raw_property,HeavyAtomCount,137.87878787878788,50,50,RingCount_calc,3.02,3.0,2.0,4.0,0.26,0.0,-1.75,2.0
raw::HeavyAtomCount,raw_property,HeavyAtomCount,137.87878787878788,50,50,AromaticRingCount_calc,0.24,0.0,0.0,0.0,-1.84,-2.0,-2.0,-1.0
raw::HeavyAtomCount,raw_property,HeavyAtomCount,137.87878787878788,50,50,BondCount,95.52,103.0,90.0,120.75,71.08,82.0,58.75,94.75
raw::HeavyAtomCount,raw_property,HeavyAtomCount,137.87878787878788,50,50,BranchPointCount,6.62,7.0,4.25,9.0,-0.52,-1.0,-4.0,2.75
raw::HeavyAtomCount,raw_property,HeavyAtomCount,137.87878787878788,50,50,AromaticAtomFraction,0.015705524891834445,0.0,0.0,0.0,-0.4968830985872137,-0.5,-0.611340206185567,-0.4052220137585991
raw::HeavyAtomCount,raw_property,HeavyAtomCount,137.87878787878788,50,50,AromaticBondFraction,0.015426061707719412,0.0,0.0,0.0,-0.47193298669017947,-0.47058823529411764,-0.5786346704245046,-0.37094155844155846
raw::HeavyAtomCount,raw_property,HeavyAtomCount,140.90909090909088,50,50,MolWt,1232.3064200000001,1372.5965000000006,1077.1554999999998,1533.3177499999997,907.5844600000003,1037.6474999999996,660.8889999999994,1208.2987500000006
raw::HeavyAtomCount,raw_property,HeavyAtomCount,140.90909090909088,50,50,CarbonCount,74.76,85.0,62.5,96.0,57.66,66.0,41.75,78.0
raw::HeavyAtomCount,raw_property,HeavyAtomCount,140.90909090909088,50,50,HeavyAtomCount_calc,90.34,100.5,80.5,113.75,67.66,76.5,51.5,89.0
raw::HeavyAtomCount,raw_property,HeavyAtomCount,140.90909090909088,50,50,HeteroatomCount,15.58,14.0,10.25,20.75,10.0,9.5,5.0,16.0
raw::HeavyAtomCount,raw_property,HeavyAtomCount,140.90909090909088,50,50,RingCount_calc,2.76,2.0,1.0,4.0,0.0,0.0,-2.0,1.0
raw::HeavyAtomCount,raw_property,HeavyAtomCount,140.90909090909088,50,50,AromaticRingCount_calc,0.2,0.0,0.0,0.0,-1.88,-2.0,-3.0,-1.0
raw::HeavyAtomCount,raw_property,HeavyAtomCount,140.90909090909088,50,50,BondCount,92.0,101.5,82.75,115.0,67.56,76.5,51.25,90.75
raw::HeavyAtomCount,raw_property,HeavyAtomCount,140.90909090909088,50,50,BranchPointCount,6.12,5.5,3.0,9.0,-1.02,-1.0,-4.0,2.0
raw::HeavyAtomCount,raw_property,HeavyAtomCount,140.90909090909088,50,50,AromaticAtomFraction,0.012000671665492428,0.0,0.0,0.0,-0.5005879518135556,-0.47270471464019853,-0.6388095238095238,-0.4028761061946903
raw::HeavyAtomCount,raw_property,HeavyAtomCount,140.90909090909088,50,50,AromaticBondFraction,0.011739694390291678,0.0,0.0,0.0,-0.47561935400760724,-0.4644607843137255,-0.6,-0.3739495798319328
raw::HeavyAtomCount,raw_property,HeavyAtomCount,143.93939393939394,50,50,MolWt,1260.90178,1408.8980000000001,1215.6715,1566.138750000001,936.1798200000002,1080.8449999999998,834.1582500000001,1273.0100000000007
raw::HeavyAtomCount,raw_property,HeavyAtomCount,143.93939393939394,50,50,CarbonCount,76.82,85.5,69.0,97.0,59.72,71.0,51.0,80.25
raw::HeavyAtomCount,raw_property,HeavyAtomCount,143.93939393939394,50,50,HeavyAtomCount_calc,92.7,105.0,90.5,117.0,70.02,80.5,62.75,93.75
raw::HeavyAtomCount,raw_property,HeavyAtomCount,143.93939393939394,50,50,HeteroatomCount,15.88,15.0,9.25,20.0,10.3,9.0,5.0,13.0
raw::HeavyAtomCount,raw_property,HeavyAtomCount,143.93939393939394,50,50,RingCount_calc,2.6,2.0,1.25,3.75,-0.16,0.0,-2.0,1.0
raw::HeavyAtomCount,raw_property,HeavyAtomCount,143.93939393939394,50,50,AromaticRingCount_calc,0.2,0.0,0.0,0.0,-1.88,-2.0,-2.75,-1.0
raw::HeavyAtomCount,raw_property,HeavyAtomCount,143.93939393939394,50,50,BondCount,94.22,107.5,91.5,118.75,69.78,82.0,60.5,94.0
raw::HeavyAtomCount,raw_property,HeavyAtomCount,143.93939393939394,50,50,BranchPointCount,5.74,5.5,4.0,7.0,-1.4,-2.0,-4.0,0.0
raw::HeavyAtomCount,raw_property,HeavyAtomCount,143.93939393939394,50,50,AromaticAtomFraction,0.01012280943988261,0.0,0.0,0.0,-0.5024658140391655,-0.49193548387096775,-0.6428571428571429,-0.40402097902097905
raw::HeavyAtomCount,raw_property,HeavyAtomCount,143.93939393939394,50,50,AromaticBondFraction,0.01010177724817895,0.0,0.0,0.0,-0.47725727114971994,-0.4644607843137255,-0.6,-0.37267766955266957
raw::HeavyAtomCount,raw_property,HeavyAtomCount,146.96969696969694,50,50,MolWt,1391.2730800000002,1509.2804999999996,1295.3405,1634.5220000000008,1066.55112,1128.2284999999997,917.1179999999999,1335.3467500000006
raw::HeavyAtomCount,raw_property,HeavyAtomCount,146.96969696969694,50,50,CarbonCount,83.26,88.0,77.5,97.75,66.16,72.0,60.0,80.0
raw::HeavyAtomCount,raw_property,HeavyAtomCount,146.96969696969694,50,50,HeavyAtomCount_calc,101.84,109.0,93.75,119.75,79.16,84.5,71.75,99.0
raw::HeavyAtomCount,raw_property,HeavyAtomCount,146.96969696969694,50,50,HeteroatomCount,18.58,16.0,13.0,25.0,13.0,12.0,7.0,19.5
raw::HeavyAtomCount,raw_property,HeavyAtomCount,146.96969696969694,50,50,RingCount_calc,2.42,2.0,1.0,3.75,-0.34,-1.0,-2.0,1.0
raw::HeavyAtomCount,raw_property,HeavyAtomCount,146.96969696969694,50,50,AromaticRingCount_calc,0.14,0.0,0.0,0.0,-1.94,-2.0,-2.75,-1.0
raw::HeavyAtomCount,raw_property,HeavyAtomCount,146.96969696969694,50,50,BondCount,103.16,111.0,95.25,122.5,78.72,83.5,68.5,99.75
raw::HeavyAtomCount,raw_property,HeavyAtomCount,146.96969696969694,50,50,BranchPointCount,5.74,5.0,4.0,8.0,-1.4,-2.0,-4.0,0.75
raw::HeavyAtomCount,raw_property,HeavyAtomCount,146.96969696969694,50,50,AromaticAtomFraction,0.010026817329275722,0.0,0.0,0.0,-0.5025618061497723,-0.49193548387096775,-0.6428571428571429,-0.40381054131054134
raw::HeavyAtomCount,raw_property,HeavyAtomCount,146.96969696969694,50,50,AromaticBondFraction,0.009894139023483944,0.0,0.0,0.0,-0.477464909374415,-0.4644607843137255,-0.6052283653846153,-0.39285714285714285
raw::HeavyAtomCount,raw_property,HeavyAtomCount,150.0,50,50,MolWt,1245.1634200000003,1437.5705000000005,947.1982499999999,1598.1102500000002,920.4414600000002,1074.0045000000002,605.7237499999998,1308.6050000000002
raw::HeavyAtomCount,raw_property,HeavyAtomCount,150.0,50,50,CarbonCount,75.28,86.5,47.25,97.5,58.18,70.0,30.25,79.0
raw::HeavyAtomCount,raw_property,HeavyAtomCount,150.0,50,50,HeavyAtomCount_calc,91.42,105.5,68.75,119.0,68.74,81.0,45.75,97.5
raw::HeavyAtomCount,raw_property,HeavyAtomCount,150.0,50,50,HeteroatomCount,16.14,14.0,10.25,20.0,10.56,9.0,5.25,15.75
raw::HeavyAtomCount,raw_property,HeavyAtomCount,150.0,50,50,RingCount_calc,2.3,2.0,1.0,3.0,-0.46,-1.0,-2.0,1.0
raw::HeavyAtomCount,raw_property,HeavyAtomCount,150.0,50,50,AromaticRingCount_calc,0.22,0.0,0.0,0.0,-1.86,-2.0,-3.0,-1.0
raw::HeavyAtomCount,raw_property,HeavyAtomCount,150.0,50,50,BondCount,92.62,105.5,70.0,121.25,68.18,78.5,43.5,95.75
raw::HeavyAtomCount,raw_property,HeavyAtomCount,150.0,50,50,BranchPointCount,5.3,5.0,3.0,7.0,-1.84,-2.0,-5.0,0.75
raw::HeavyAtomCount,raw_property,HeavyAtomCount,150.0,50,50,AromaticAtomFraction,0.023422011615917154,0.0,0.0,0.0,-0.4891666118631309,-0.48666122226759223,-0.5994949494949495,-0.38846153846153847
raw::HeavyAtomCount,raw_property,HeavyAtomCount,150.0,50,50,AromaticBondFraction,0.022791720225457394,0.0,0.0,0.0,-0.4645673281724415,-0.4545946945677446,-0.5454545454545454,-0.37094155844155846
residual::HeavyAtomCount,residual_property,HeavyAtomCount,-150.0,50,50,MolWt,244.07718000000006,227.6819999999999,179.8995,332.6400000000001,-80.64478000000005,-46.063,-182.91300000000015,11.77725000000001
residual::HeavyAtomCount,residual_property,HeavyAtomCount,-150.0,50,50,CarbonCount,13.7,13.0,9.25,18.0,-3.4,-2.0,-9.0,2.0
residual::HeavyAtomCount,residual_property,HeavyAtomCount,-150.0,50,50,HeavyAtomCount_calc,16.7,15.5,12.0,22.0,-5.98,-4.0,-12.5,0.75
residual::HeavyAtomCount,residual_property,HeavyAtomCount,-150.0,50,50,HeteroatomCount,3.0,3.0,2.0,4.0,-2.58,-2.0,-4.0,-1.0
residual::HeavyAtomCount,residual_property,HeavyAtomCount,-150.0,50,50,RingCount_calc,0.74,1.0,0.0,1.0,-2.02,-2.0,-3.0,-1.0
residual::HeavyAtomCount,residual_property,HeavyAtomCount,-150.0,50,50,AromaticRingCount_calc,0.02,0.0,0.0,0.0,-2.06,-2.0,-2.75,-1.0
residual::HeavyAtomCount,residual_property,HeavyAtomCount,-150.0,50,50,BondCount,16.44,15.0,12.0,21.75,-8.0,-5.5,-15.0,-1.0
residual::HeavyAtomCount,residual_property,HeavyAtomCount,-150.0,50,50,BranchPointCount,2.6,2.0,1.0,3.0,-4.54,-4.0,-6.0,-3.0
residual::HeavyAtomCount,residual_property,HeavyAtomCount,-150.0,50,50,AromaticAtomFraction,0.006,0.0,0.0,0.0,-0.5065886234790481,-0.49193548387096775,-0.6520935960591133,-0.4041666666666667
residual::HeavyAtomCount,residual_property,HeavyAtomCount,-150.0,50,50,AromaticBondFraction,0.005806451612903226,0.0,0.0,0.0,-0.4815525967849957,-0.4644607843137255,-0.6236842105263157,-0.39285714285714285
residual::HeavyAtomCount,residual_property,HeavyAtomCount,-146.96969696969697,50,50,MolWt,242.77286,227.6819999999999,170.98274999999998,323.62650000000014,-81.94910000000006,-53.590500000000034,-183.37650000000014,-4.94574999999999
residual::HeavyAtomCount,residual_property,HeavyAtomCount,-146.96969696969697,50,50,CarbonCount,13.34,13.0,9.0,17.0,-3.76,-3.0,-8.75,1.75
residual::HeavyAtomCount,residual_property,HeavyAtomCount,-146.96969696969697,50,50,HeavyAtomCount_calc,16.52,16.0,12.0,21.5,-6.16,-4.5,-11.0,0.0
residual::HeavyAtomCount,residual_property,HeavyAtomCount,-146.96969696969697,50,50,HeteroatomCount,3.18,3.0,2.0,4.0,-2.4,-2.0,-3.0,-1.0
residual::HeavyAtomCount,residual_property,HeavyAtomCount,-146.96969696969697,50,50,RingCount_calc,0.76,1.0,0.0,1.0,-2.0,-2.0,-3.0,-1.0
residual::HeavyAtomCount,residual_property,HeavyAtomCount,-146.96969696969697,50,50,AromaticRingCount_calc,0.04,0.0,0.0,0.0,-2.04,-2.0,-2.75,-1.0
residual::HeavyAtomCount,residual_property,HeavyAtomCount,-146.96969696969697,50,50,BondCount,16.26,15.0,12.0,20.75,-8.18,-7.0,-14.75,-1.0
residual::HeavyAtomCount,residual_property,HeavyAtomCount,-146.96969696969697,50,50,BranchPointCount,2.8,3.0,2.0,4.0,-4.34,-4.0,-6.0,-2.25
residual::HeavyAtomCount,residual_property,HeavyAtomCount,-146.96969696969697,50,50,AromaticAtomFraction,0.013132183908045977,0.0,0.0,0.0,-0.4994564395710021,-0.49193548387096775,-0.6520935960591133,-0.38846153846153847
residual::HeavyAtomCount,residual_property,HeavyAtomCount,-146.96969696969697,50,50,AromaticBondFraction,0.012666666666666666,0.0,0.0,0.0,-0.47469238173123224,-0.4644607843137255,-0.6236842105263157,-0.37094155844155846
residual::HeavyAtomCount,residual_property,HeavyAtomCount,-143.93939393939394,50,50,MolWt,238.02949999999998,227.6819999999999,170.73299999999998,325.1385000000001,-86.69246000000007,-53.582500000000024,-184.0940000000001,-11.563500000000047
residual::HeavyAtomCount,residual_property,HeavyAtomCount,-143.93939393939394,50,50,CarbonCount,13.0,12.5,9.0,16.75,-4.1,-3.5,-8.75,0.75
residual::HeavyAtomCount,residual_property,HeavyAtomCount,-143.93939393939394,50,50,HeavyAtomCount_calc,16.02,15.0,12.0,20.75,-6.66,-5.0,-13.0,-1.0
residual::HeavyAtomCount,residual_property,HeavyAtomCount,-143.93939393939394,50,50,HeteroatomCount,3.02,3.0,2.0,4.0,-2.56,-2.0,-3.75,-1.0
residual::HeavyAtomCount,residual_property,HeavyAtomCount,-143.93939393939394,50,50,RingCount_calc,0.78,1.0,0.0,1.0,-1.98,-2.0,-3.0,-1.0
residual::HeavyAtomCount,residual_property,HeavyAtomCount,-143.93939393939394,50,50,AromaticRingCount_calc,0.04,0.0,0.0,0.0,-2.04,-2.0,-3.0,-1.0
residual::HeavyAtomCount,residual_property,HeavyAtomCount,-143.93939393939394,50,50,BondCount,15.8,15.0,11.25,21.5,-8.64,-7.5,-15.0,-1.25
residual::HeavyAtomCount,residual_property,HeavyAtomCount,-143.93939393939394,50,50,BranchPointCount,2.84,3.0,1.0,4.0,-4.3,-4.0,-6.0,-3.0
residual::HeavyAtomCount,residual_property,HeavyAtomCount,-143.93939393939394,50,50,AromaticAtomFraction,0.02867948717948718,0.0,0.0,0.0,-0.4839091362995609,-0.49193548387096775,-0.6520935960591133,-0.37740384615384615
residual::HeavyAtomCount,residual_property,HeavyAtomCount,-143.93939393939394,50,50,AromaticBondFraction,0.028168734491315135,0.0,0.0,0.0,-0.4591903139065838,-0.4644607843137255,-0.6236842105263157,-0.36292016806722693
residual::HeavyAtomCount,residual_property,HeavyAtomCount,-140.9090909090909,50,50,MolWt,232.30432000000002,225.70049999999995,181.48799999999997,296.23100000000005,-92.41764000000005,-49.07900000000001,-184.0940000000001,-8.72500000000008
residual::HeavyAtomCount,residual_property,HeavyAtomCount,-140.9090909090909,50,50,CarbonCount,12.5,12.0,9.0,15.75,-4.6,-4.0,-8.0,0.0
residual::HeavyAtomCount,residual_property,HeavyAtomCount,-140.9090909090909,50,50,HeavyAtomCount_calc,15.64,14.5,12.0,19.75,-7.04,-4.0,-11.0,-1.0
residual::HeavyAtomCount,residual_property,HeavyAtomCount,-140.9090909090909,50,50,HeteroatomCount,3.14,3.0,2.0,4.0,-2.44,-2.0,-4.0,-1.0
residual::HeavyAtomCount,residual_property,HeavyAtomCount,-140.9090909090909,50,50,RingCount_calc,0.68,0.0,0.0,1.0,-2.08,-2.0,-3.0,-1.25
residual::HeavyAtomCount,residual_property,HeavyAtomCount,-140.9090909090909,50,50,AromaticRingCount_calc,0.02,0.0,0.0,0.0,-2.06,-2.0,-3.0,-1.0
residual::HeavyAtomCount,residual_property,HeavyAtomCount,-140.9090909090909,50,50,BondCount,15.32,14.0,11.5,19.75,-9.12,-6.5,-13.0,-2.0
residual::HeavyAtomCount,residual_property,HeavyAtomCount,-140.9090909090909,50,50,BranchPointCount,2.88,3.0,1.0,4.0,-4.26,-4.0,-6.0,-2.25
residual::HeavyAtomCount,residual_property,HeavyAtomCount,-140.9090909090909,50,50,AromaticAtomFraction,0.013846153846153847,0.0,0.0,0.0,-0.4987424696328942,-0.5,-0.6520935960591133,-0.4182692307692308
residual::HeavyAtomCount,residual_property,HeavyAtomCount,-140.9090909090909,50,50,AromaticBondFraction,0.013846153846153847,0.0,0.0,0.0,-0.4735128945517451,-0.47058823529411764,-0.6236842105263157,-0.39464285714285713
residual::HeavyAtomCount,residual_property,HeavyAtomCount,-137.87878787878788,50,50,MolWt,230.35734,224.20049999999995,176.99775,293.15675000000005,-94.36462000000004,-59.051000000000045,-178.01075000000014,-11.53500000000006
residual::HeavyAtomCount,residual_property,HeavyAtomCount,-137.87878787878788,50,50,CarbonCount,12.24,12.0,9.0,15.75,-4.86,-4.0,-8.0,0.0
residual::HeavyAtomCount,residual_property,HeavyAtomCount,-137.87878787878788,50,50,HeavyAtomCount_calc,15.38,15.0,12.0,20.0,-7.3,-4.5,-11.0,-1.0
residual::HeavyAtomCount,residual_property,HeavyAtomCount,-137.87878787878788,50,50,HeteroatomCount,3.14,3.0,2.0,4.0,-2.44,-2.0,-4.0,-1.0
residual::HeavyAtomCount,residual_property,HeavyAtomCount,-137.87878787878788,50,50,RingCount_calc,0.76,0.0,0.0,1.0,-2.0,-2.0,-3.0,-1.0
residual::HeavyAtomCount,residual_property,HeavyAtomCount,-137.87878787878788,50,50,AromaticRingCount_calc,0.06,0.0,0.0,0.0,-2.02,-2.0,-2.75,-1.0
residual::HeavyAtomCount,residual_property,HeavyAtomCount,-137.87878787878788,50,50,BondCount,15.12,14.0,12.0,19.0,-9.32,-7.5,-13.75,-2.25
residual::HeavyAtomCount,residual_property,HeavyAtomCount,-137.87878787878788,50,50,BranchPointCount,3.06,3.0,2.0,4.0,-4.08,-4.0,-6.0,-2.0
residual::HeavyAtomCount,residual_property,HeavyAtomCount,-137.87878787878788,50,50,AromaticAtomFraction,0.022040133779264216,0.0,0.0,0.0,-0.4905484896997839,-0.49193548387096775,-0.6520935960591133,-0.4182692307692308
residual::HeavyAtomCount,residual_property,HeavyAtomCount,-137.87878787878788,50,50,AromaticBondFraction,0.021584249084249083,0.0,0.0,0.0,-0.46577479931364985,-0.4644607843137255,-0.5998397435897436,-0.39464285714285713
residual::HeavyAtomCount,residual_property,HeavyAtomCount,-134.84848484848484,50,50,MolWt,236.35685999999998,221.25899999999996,179.45749999999995,314.6355,-88.36510000000006,-44.0595,-187.411,-8.72500000000008
residual::HeavyAtomCount,residual_property,HeavyAtomCount,-134.84848484848484,50,50,CarbonCount,12.64,12.0,9.0,16.75,-4.46,-3.0,-9.0,1.0
residual::HeavyAtomCount,residual_property,HeavyAtomCount,-134.84848484848484,50,50,HeavyAtomCount_calc,15.94,15.0,12.0,21.0,-6.74,-3.0,-13.0,-1.0
residual::HeavyAtomCount,residual_property,HeavyAtomCount,-134.84848484848484,50,50,HeteroatomCount,3.3,3.0,2.0,4.0,-2.28,-2.0,-3.0,-1.0
residual::HeavyAtomCount,residual_property,HeavyAtomCount,-134.84848484848484,50,50,RingCount_calc,0.82,0.0,0.0,1.0,-1.94,-2.0,-3.0,-1.0
residual::HeavyAtomCount,residual_property,HeavyAtomCount,-134.84848484848484,50,50,AromaticRingCount_calc,0.06,0.0,0.0,0.0,-2.02,-2.0,-2.75,-1.0
residual::HeavyAtomCount,residual_property,HeavyAtomCount,-134.84848484848484,50,50,BondCount,15.74,15.0,11.5,20.75,-8.7,-6.0,-16.0,-2.0
residual::HeavyAtomCount,residual_property,HeavyAtomCount,-134.84848484848484,50,50,BranchPointCount,3.3,3.0,2.0,4.0,-3.84,-4.0,-6.0,-1.0
residual::HeavyAtomCount,residual_property,HeavyAtomCount,-134.84848484848484,50,50,AromaticAtomFraction,0.022692307692307692,0.0,0.0,0.0,-0.48989631578674037,-0.49193548387096775,-0.6520935960591133,-0.4182692307692308
residual::HeavyAtomCount,residual_property,HeavyAtomCount,-134.84848484848484,50,50,AromaticBondFraction,0.022217582417582416,0.0,0.0,0.0,-0.4651414659803165,-0.4644607843137255,-0.5919230769230769,-0.39464285714285713
residual::HeavyAtomCount,residual_property,HeavyAtomCount,-131.8181818181818,50,50,MolWt,241.69736000000003,227.91199999999998,191.23499999999996,295.97675000000004,-83.02460000000006,-51.03100000000008,-157.00750000000016,-2.9667499999999905
residual::HeavyAtomCount,residual_property,HeavyAtomCount,-131.8181818181818,50,50,CarbonCount,12.68,11.0,9.0,17.0,-4.42,-3.5,-9.0,0.0
residual::HeavyAtomCount,residual_property,HeavyAtomCount,-131.8181818181818,50,50,HeavyAtomCount_calc,16.1,14.0,12.0,21.0,-6.58,-3.5,-12.0,-1.25
residual::HeavyAtomCount,residual_property,HeavyAtomCount,-131.8181818181818,50,50,HeteroatomCount,3.42,3.0,2.0,5.0,-2.16,-2.0,-3.0,-1.0
residual::HeavyAtomCount,residual_property,HeavyAtomCount,-131.8181818181818,50,50,RingCount_calc,0.68,0.0,0.0,1.0,-2.08,-2.0,-3.0,-1.0
residual::HeavyAtomCount,residual_property,HeavyAtomCount,-131.8181818181818,50,50,AromaticRingCount_calc,0.02,0.0,0.0,0.0,-2.06,-2.0,-3.0,-1.0
residual::HeavyAtomCount,residual_property,HeavyAtomCount,-131.8181818181818,50,50,BondCount,15.74,14.0,11.0,20.75,-8.7,-6.5,-15.0,-2.25
residual::HeavyAtomCount,residual_property,HeavyAtomCount,-131.8181818181818,50,50,BranchPointCount,3.06,3.0,2.0,4.0,-4.08,-4.0,-6.0,-2.0
residual::HeavyAtomCount,residual_property,HeavyAtomCount,-131.8181818181818,50,50,AromaticAtomFraction,0.007142857142857143,0.0,0.0,0.0,-0.505445766336191,-0.49193548387096775,-0.6428571428571429,-0.4182692307692308
residual::HeavyAtomCount,residual_property,HeavyAtomCount,-131.8181818181818,50,50,AromaticBondFraction,0.007142857142857143,0.0,0.0,0.0,-0.4802161912550418,-0.4644607843137255,-0.6,-0.39464285714285713
residual::HeavyAtomCount,residual_property,HeavyAtomCount,-128.78787878787878,50,50,MolWt,234.71832000000003,227.7215,185.91999999999996,299.59125000000006,-90.00364000000008,-60.53050000000006,-159.8357500000002,-2.484000000000023
residual::HeavyAtomCount,residual_property,HeavyAtomCount,-128.78787878787878,50,50,CarbonCount,12.44,11.0,9.0,17.0,-4.66,-3.5,-9.0,0.0
residual::HeavyAtomCount,residual_property,HeavyAtomCount,-128.78787878787878,50,50,HeavyAtomCount_calc,15.84,14.5,12.25,21.0,-6.84,-4.0,-12.0,-1.0
residual::HeavyAtomCount,residual_property,HeavyAtomCount,-128.78787878787878,50,50,HeteroatomCount,3.4,3.0,2.0,4.0,-2.18,-2.0,-3.0,-0.25
residual::HeavyAtomCount,residual_property,HeavyAtomCount,-128.78787878787878,50,50,RingCount_calc,0.74,0.0,0.0,1.0,-2.02,-2.0,-3.0,-1.0
residual::HeavyAtomCount,residual_property,HeavyAtomCount,-128.78787878787878,50,50,AromaticRingCount_calc,0.0,0.0,0.0,0.0,-2.08,-2.0,-3.0,-1.0
residual::HeavyAtomCount,residual_property,HeavyAtomCount,-128.78787878787878,50,50,BondCount,15.52,14.5,11.25,21.5,-8.92,-6.5,-15.0,-2.25
residual::HeavyAtomCount,residual_property,HeavyAtomCount,-128.78787878787878,50,50,BranchPointCount,3.22,3.0,2.0,4.0,-3.92,-4.0,-6.0,-2.0
residual::HeavyAtomCount,residual_property,HeavyAtomCount,-128.78787878787878,50,50,AromaticAtomFraction,0.0,0.0,0.0,0.0,-0.512588623479048,-0.5,-0.6520935960591133,-0.4182692307692308
residual::HeavyAtomCount,residual_property,HeavyAtomCount,-128.78787878787878,50,50,AromaticBondFraction,0.0,0.0,0.0,0.0,-0.4873590483978989,-0.47058823529411764,-0.6236842105263157,-0.39464285714285713
residual::HeavyAtomCount,residual_property,HeavyAtomCount,-125.75757575757576,50,50,MolWt,240.94044000000002,244.081,180.74774999999994,313.3592500000001,-83.78152000000006,-42.027500000000046,-144.69725000000014,1.4929999999999808
residual::HeavyAtomCount,residual_property,HeavyAtomCount,-125.75757575757576,50,50,CarbonCount,12.6,11.5,7.5,17.0,-4.5,-2.5,-9.75,0.0
residual::HeavyAtomCount,residual_property,HeavyAtomCount,-125.75757575757576,50,50,HeavyAtomCount_calc,16.16,15.0,12.0,21.75,-6.52,-3.0,-11.0,0.0
residual::HeavyAtomCount,residual_property,HeavyAtomCount,-125.75757575757576,50,50,HeteroatomCount,3.56,3.0,2.0,4.75,-2.02,-1.5,-3.0,0.0
residual::HeavyAtomCount,residual_property,HeavyAtomCount,-125.75757575757576,50,50,RingCount_calc,0.84,0.0,0.0,1.0,-1.92,-2.0,-3.0,-1.0
residual::HeavyAtomCount,residual_property,HeavyAtomCount,-125.75757575757576,50,50,AromaticRingCount_calc,0.0,0.0,0.0,0.0,-2.08,-2.0,-3.0,-1.0
residual::HeavyAtomCount,residual_property,HeavyAtomCount,-125.75757575757576,50,50,BondCount,15.92,15.0,11.0,22.0,-8.52,-5.5,-14.0,-2.0
residual::HeavyAtomCount,residual_property,HeavyAtomCount,-125.75757575757576,50,50,BranchPointCount,3.44,3.0,2.0,5.0,-3.7,-3.5,-5.0,-2.0
residual::HeavyAtomCount,residual_property,HeavyAtomCount,-125.75757575757576,50,50,AromaticAtomFraction,0.0,0.0,0.0,0.0,-0.512588623479048,-0.5,-0.6520935960591133,-0.4182692307692308
residual::HeavyAtomCount,residual_property,HeavyAtomCount,-125.75757575757576,50,50,AromaticBondFraction,0.0,0.0,0.0,0.0,-0.4873590483978989,-0.47058823529411764,-0.6236842105263157,-0.39464285714285713
residual::HeavyAtomCount,residual_property,HeavyAtomCount,-122.72727272727272,50,50,MolWt,258.52318,249.71999999999997,200.754,320.44325000000003,-66.19878000000007,-40.0385000000001,-131.0487500000001,0.006999999999990791
residual::HeavyAtomCount,residual_property,HeavyAtomCount,-122.72727272727272,50,50,CarbonCount,13.08,12.0,9.0,17.0,-4.02,-2.0,-9.0,0.0
residual::HeavyAtomCount,residual_property,HeavyAtomCount,-122.72727272727272,50,50,HeavyAtomCount_calc,17.04,15.5,13.0,22.75,-5.64,-3.0,-11.0,-0.25
residual::HeavyAtomCount,residual_property,HeavyAtomCount,-122.72727272727272,50,50,HeteroatomCount,3.96,4.0,3.0,5.0,-1.62,-1.0,-3.0,0.0
residual::HeavyAtomCount,residual_property,HeavyAtomCount,-122.72727272727272,50,50,RingCount_calc,0.8,0.0,0.0,1.0,-1.96,-2.0,-3.0,-1.0
residual::HeavyAtomCount,residual_property,HeavyAtomCount,-122.72727272727272,50,50,AromaticRingCount_calc,0.02,0.0,0.0,0.0,-2.06,-2.0,-3.0,-1.0
residual::HeavyAtomCount,residual_property,HeavyAtomCount,-122.72727272727272,50,50,BondCount,16.76,15.5,13.0,22.75,-7.68,-5.0,-13.75,-2.0
residual::HeavyAtomCount,residual_property,HeavyAtomCount,-122.72727272727272,50,50,BranchPointCount,3.62,3.0,2.0,5.0,-3.52,-3.5,-5.0,-2.0
residual::HeavyAtomCount,residual_property,HeavyAtomCount,-122.72727272727272,50,50,AromaticAtomFraction,0.005217391304347826,0.0,0.0,0.0,-0.5073712321747003,-0.5,-0.6498447204968945,-0.4182692307692308
residual::HeavyAtomCount,residual_property,HeavyAtomCount,-122.72727272727272,50,50,AromaticBondFraction,0.005,0.0,0.0,0.0,-0.4823590483978989,-0.47058823529411764,-0.6,-0.39464285714285713
residual::HeavyAtomCount,residual_property,HeavyAtomCount,-119.69696969696967,50,50,MolWt,266.14558,245.688,196.99399999999994,326.45725,-58.57638000000006,-25.996000000000052,-116.19300000000018,11.543999999999997
residual::HeavyAtomCount,residual_property,HeavyAtomCount,-119.69696969696967,50,50,CarbonCount,13.42,12.0,10.0,17.0,-3.68,-2.0,-8.0,0.0
residual::HeavyAtomCount,residual_property,HeavyAtomCount,-119.69696969696967,50,50,HeavyAtomCount_calc,17.44,15.5,13.0,22.5,-5.24,-3.0,-10.0,0.0
residual::HeavyAtomCount,residual_property,HeavyAtomCount,-119.69696969696967,50,50,HeteroatomCount,4.02,4.0,3.0,5.0,-1.56,-1.0,-3.0,0.0
residual::HeavyAtomCount,residual_property,HeavyAtomCount,-119.69696969696967,50,50,RingCount_calc,0.78,0.0,0.0,1.0,-1.98,-2.0,-3.0,-1.0
residual::HeavyAtomCount,residual_property,HeavyAtomCount,-119.69696969696967,50,50,AromaticRingCount_calc,0.0,0.0,0.0,0.0,-2.08,-2.0,-3.0,-1.0
residual::HeavyAtomCount,residual_property,HeavyAtomCount,-119.69696969696967,50,50,BondCount,17.18,15.5,13.0,22.5,-7.26,-5.0,-13.0,-1.25
residual::HeavyAtomCount,residual_property,HeavyAtomCount,-119.69696969696967,50,50,BranchPointCount,3.76,3.0,2.0,5.0,-3.38,-3.0,-5.75,-2.0
residual::HeavyAtomCount,residual_property,HeavyAtomCount,-119.69696969696967,50,50,AromaticAtomFraction,0.0,0.0,0.0,0.0,-0.512588623479048,-0.5,-0.6520935960591133,-0.4182692307692308
residual::HeavyAtomCount,residual_property,HeavyAtomCount,-119.69696969696967,50,50,AromaticBondFraction,0.0,0.0,0.0,0.0,-0.4873590483978989,-0.47058823529411764,-0.6236842105263157,-0.39464285714285713
residual::HeavyAtomCount,residual_property,HeavyAtomCount,-116.66666666666666,50,50,MolWt,265.00942000000003,246.6275,200.04899999999998,319.5487500000001,-59.71254000000006,-32.49550000000001,-127.27700000000016,8.262999999999984
residual::HeavyAtomCount,residual_property,HeavyAtomCount,-116.66666666666666,50,50,CarbonCount,13.22,12.0,10.0,16.0,-3.88,-2.0,-8.0,0.0
residual::HeavyAtomCount,residual_property,HeavyAtomCount,-116.66666666666666,50,50,HeavyAtomCount_calc,17.26,16.5,13.25,21.0,-5.42,-3.5,-10.0,-1.0
residual::HeavyAtomCount,residual_property,HeavyAtomCount,-116.66666666666666,50,50,HeteroatomCount,4.04,4.0,3.0,5.0,-1.54,-1.0,-3.0,0.0
residual::HeavyAtomCount,residual_property,HeavyAtomCount,-116.66666666666666,50,50,RingCount_calc,0.74,0.0,0.0,1.0,-2.02,-2.0,-3.0,-1.0
residual::HeavyAtomCount,residual_property,HeavyAtomCount,-116.66666666666666,50,50,AromaticRingCount_calc,0.0,0.0,0.0,0.0,-2.08,-2.0,-3.0,-1.0
residual::HeavyAtomCount,residual_property,HeavyAtomCount,-116.66666666666666,50,50,BondCount,16.96,16.0,13.0,20.75,-7.48,-5.0,-12.75,-2.25
residual::HeavyAtomCount,residual_property,HeavyAtomCount,-116.66666666666666,50,50,BranchPointCount,3.6,3.0,2.0,5.0,-3.54,-3.0,-5.0,-2.0
residual::HeavyAtomCount,residual_property,HeavyAtomCount,-116.66666666666666,50,50,AromaticAtomFraction,0.0,0.0,0.0,0.0,-0.512588623479048,-0.5,-0.6520935960591133,-0.4182692307692308
residual::HeavyAtomCount,residual_property,HeavyAtomCount,-116.66666666666666,50,50,AromaticBondFraction,0.0,0.0,0.0,0.0,-0.4873590483978989,-0.47058823529411764,-0.6236842105263157,-0.39464285714285713
residual::HeavyAtomCount,residual_property,HeavyAtomCount,-113.63636363636364,50,50,MolWt,256.8961,242.8755,195.48199999999997,317.28400000000005,-67.82586000000008,-45.839500000000086,-130.92000000000004,1.5169999999999888
residual::HeavyAtomCount,residual_property,HeavyAtomCount,-113.63636363636364,50,50,CarbonCount,12.76,12.0,10.0,15.0,-4.34,-3.5,-8.75,0.0
residual::HeavyAtomCount,residual_property,HeavyAtomCount,-113.63636363636364,50,50,HeavyAtomCount_calc,16.86,15.5,13.25,21.0,-5.82,-5.0,-10.0,-1.0
residual::HeavyAtomCount,residual_property,HeavyAtomCount,-113.63636363636364,50,50,HeteroatomCount,4.1,4.0,3.0,5.0,-1.48,-1.0,-2.75,0.0
residual::HeavyAtomCount,residual_property,HeavyAtomCount,-113.63636363636364,50,50,RingCount_calc,0.7,0.0,0.0,1.0,-2.06,-2.0,-3.0,-1.0
residual::HeavyAtomCount,residual_property,HeavyAtomCount,-113.63636363636364,50,50,AromaticRingCount_calc,0.0,0.0,0.0,0.0,-2.08,-2.0,-3.0,-1.0
residual::HeavyAtomCount,residual_property,HeavyAtomCount,-113.63636363636364,50,50,BondCount,16.54,16.0,12.25,20.0,-7.9,-7.0,-13.0,-2.0
residual::HeavyAtomCount,residual_property,HeavyAtomCount,-113.63636363636364,50,50,BranchPointCount,3.46,3.0,2.0,5.0,-3.68,-4.0,-5.75,-2.0
residual::HeavyAtomCount,residual_property,HeavyAtomCount,-113.63636363636364,50,50,AromaticAtomFraction,0.0,0.0,0.0,0.0,-0.512588623479048,-0.5,-0.6520935960591133,-0.4182692307692308
residual::HeavyAtomCount,residual_property,HeavyAtomCount,-113.63636363636364,50,50,AromaticBondFraction,0.0,0.0,0.0,0.0,-0.4873590483978989,-0.47058823529411764,-0.6236842105263157,-0.39464285714285713
residual::HeavyAtomCount,residual_property,HeavyAtomCount,-110.6060606060606,50,50,MolWt,260.2318,245.892,191.98874999999998,325.63625000000013,-64.49016000000007,-35.53600000000003,-119.33750000000003,-1.4930000000000234
residual::HeavyAtomCount,residual_property,HeavyAtomCount,-110.6060606060606,50,50,CarbonCount,12.72,12.0,9.0,15.0,-4.38,-4.0,-7.75,0.0
residual::HeavyAtomCount,residual_property,HeavyAtomCount,-110.6060606060606,50,50,HeavyAtomCount_calc,16.9,15.0,12.25,21.0,-5.78,-4.0,-10.0,-1.0
residual::HeavyAtomCount,residual_property,HeavyAtomCount,-110.6060606060606,50,50,HeteroatomCount,4.18,4.0,3.0,6.0,-1.4,-1.0,-2.0,0.0
residual::HeavyAtomCount,residual_property,HeavyAtomCount,-110.6060606060606,50,50,RingCount_calc,0.7,0.0,0.0,1.0,-2.06,-2.0,-3.0,-1.0
residual::HeavyAtomCount,residual_property,HeavyAtomCount,-110.6060606060606,50,50,AromaticRingCount_calc,0.0,0.0,0.0,0.0,-2.08,-2.0,-3.0,-1.0
residual::HeavyAtomCount,residual_property,HeavyAtomCount,-110.6060606060606,50,50,BondCount,16.58,15.5,12.0,20.75,-7.86,-7.0,-12.0,-2.25
residual::HeavyAtomCount,residual_property,HeavyAtomCount,-110.6060606060606,50,50,BranchPointCount,3.72,3.0,2.0,5.0,-3.42,-3.5,-5.0,-2.0
residual::HeavyAtomCount,residual_property,HeavyAtomCount,-110.6060606060606,50,50,AromaticAtomFraction,0.0,0.0,0.0,0.0,-0.512588623479048,-0.5,-0.6520935960591133,-0.4182692307692308
residual::HeavyAtomCount,residual_property,HeavyAtomCount,-110.6060606060606,50,50,AromaticBondFraction,0.0,0.0,0.0,0.0,-0.4873590483978989,-0.47058823529411764,-0.6236842105263157,-0.39464285714285713
residual::HeavyAtomCount,residual_property,HeavyAtomCount,-107.57575757575758,50,50,MolWt,267.60422,244.07149999999996,195.22099999999998,339.45724999999993,-57.117740000000055,-32.51050000000009,-101.05100000000016,-2.7300000000000324
residual::HeavyAtomCount,residual_property,HeavyAtomCount,-107.57575757575758,50,50,CarbonCount,12.9,12.5,9.0,16.75,-4.2,-3.0,-7.75,-1.0
residual::HeavyAtomCount,residual_property,HeavyAtomCount,-107.57575757575758,50,50,HeavyAtomCount_calc,17.36,16.0,13.0,22.0,-5.32,-3.0,-9.75,-1.0
residual::HeavyAtomCount,residual_property,HeavyAtomCount,-107.57575757575758,50,50,HeteroatomCount,4.46,4.0,3.0,6.0,-1.12,-1.0,-2.0,0.0
residual::HeavyAtomCount,residual_property,HeavyAtomCount,-107.57575757575758,50,50,RingCount_calc,0.62,0.0,0.0,1.0,-2.14,-2.0,-3.0,-1.0
residual::HeavyAtomCount,residual_property,HeavyAtomCount,-107.57575757575758,50,50,AromaticRingCount_calc,0.02,0.0,0.0,0.0,-2.06,-2.0,-2.75,-1.0
residual::HeavyAtomCount,residual_property,HeavyAtomCount,-107.57575757575758,50,50,BondCount,16.96,16.5,12.0,22.0,-7.48,-6.0,-11.75,-2.25
residual::HeavyAtomCount,residual_property,HeavyAtomCount,-107.57575757575758,50,50,BranchPointCount,3.76,3.0,2.0,5.75,-3.38,-3.5,-5.0,-2.0
residual::HeavyAtomCount,residual_property,HeavyAtomCount,-107.57575757575758,50,50,AromaticAtomFraction,0.007058823529411765,0.0,0.0,0.0,-0.5055297999496363,-0.49193548387096775,-0.6520935960591133,-0.4041666666666667
residual::HeavyAtomCount,residual_property,HeavyAtomCount,-107.57575757575758,50,50,AromaticBondFraction,0.007058823529411765,0.0,0.0,0.0,-0.48030022486848717,-0.4644607843137255,-0.6236842105263157,-0.39285714285714285
residual::HeavyAtomCount,residual_property,HeavyAtomCount,-104.54545454545456,50,50,MolWt,253.00392000000002,244.77899999999994,191.76,311.99275,-71.71804000000006,-36.03449999999998,-115.0497500000001,-11.012750000000032
residual::HeavyAtomCount,residual_property,HeavyAtomCount,-104.54545454545456,50,50,CarbonCount,12.12,12.0,9.0,14.0,-4.98,-5.0,-8.0,-1.0
residual::HeavyAtomCount,residual_property,HeavyAtomCount,-104.54545454545456,50,50,HeavyAtomCount_calc,16.44,15.0,13.0,19.75,-6.24,-5.0,-10.0,-1.0
residual::HeavyAtomCount,residual_property,HeavyAtomCount,-104.54545454545456,50,50,HeteroatomCount,4.32,4.0,3.0,6.0,-1.26,-1.0,-2.0,0.0
residual::HeavyAtomCount,residual_property,HeavyAtomCount,-104.54545454545456,50,50,RingCount_calc,0.56,0.0,0.0,1.0,-2.2,-2.0,-3.0,-1.0
residual::HeavyAtomCount,residual_property,HeavyAtomCount,-104.54545454545456,50,50,AromaticRingCount_calc,0.0,0.0,0.0,0.0,-2.08,-2.0,-3.0,-1.0
residual::HeavyAtomCount,residual_property,HeavyAtomCount,-104.54545454545456,50,50,BondCount,16.0,14.5,12.0,19.0,-8.44,-7.5,-14.0,-2.25
residual::HeavyAtomCount,residual_property,HeavyAtomCount,-104.54545454545456,50,50,BranchPointCount,3.54,3.0,2.0,5.0,-3.6,-4.0,-5.0,-2.0
residual::HeavyAtomCount,residual_property,HeavyAtomCount,-104.54545454545456,50,50,AromaticAtomFraction,0.0,0.0,0.0,0.0,-0.512588623479048,-0.5,-0.6520935960591133,-0.4182692307692308
residual::HeavyAtomCount,residual_property,HeavyAtomCount,-104.54545454545456,50,50,AromaticBondFraction,0.0,0.0,0.0,0.0,-0.4873590483978989,-0.47058823529411764,-0.6236842105263157,-0.39464285714285713
residual::HeavyAtomCount,residual_property,HeavyAtomCount,-101.51515151515152,50,50,MolWt,266.44706,247.94999999999996,196.04674999999997,328.027,-58.27490000000007,-31.191499999999934,-111.67250000000004,-1.978000000000037
residual::HeavyAtomCount,residual_property,HeavyAtomCount,-101.51515151515152,50,50,CarbonCount,12.44,12.0,9.25,15.0,-4.66,-4.0,-8.0,-1.0
residual::HeavyAtomCount,residual_property,HeavyAtomCount,-101.51515151515152,50,50,HeavyAtomCount_calc,17.16,15.5,13.25,22.0,-5.52,-3.5,-10.0,-1.0
residual::HeavyAtomCount,residual_property,HeavyAtomCount,-101.51515151515152,50,50,HeteroatomCount,4.72,4.0,3.0,6.0,-0.86,-1.0,-2.0,0.0
residual::HeavyAtomCount,residual_property,HeavyAtomCount,-101.51515151515152,50,50,RingCount_calc,0.62,0.0,0.0,1.0,-2.14,-2.0,-3.0,-1.0
residual::HeavyAtomCount,residual_property,HeavyAtomCount,-101.51515151515152,50,50,AromaticRingCount_calc,0.0,0.0,0.0,0.0,-2.08,-2.0,-3.0,-1.0
residual::HeavyAtomCount,residual_property,HeavyAtomCount,-101.51515151515152,50,50,BondCount,16.78,15.5,13.0,21.0,-7.66,-5.5,-13.75,-2.0
residual::HeavyAtomCount,residual_property,HeavyAtomCount,-101.51515151515152,50,50,BranchPointCount,3.76,3.0,2.0,5.0,-3.38,-3.0,-5.0,-1.25
residual::HeavyAtomCount,residual_property,HeavyAtomCount,-101.51515151515152,50,50,AromaticAtomFraction,0.0,0.0,0.0,0.0,-0.512588623479048,-0.5,-0.6520935960591133,-0.4182692307692308
residual::HeavyAtomCount,residual_property,HeavyAtomCount,-101.51515151515152,50,50,AromaticBondFraction,0.0,0.0,0.0,0.0,-0.4873590483978989,-0.47058823529411764,-0.6236842105263157,-0.39464285714285713
residual::HeavyAtomCount,residual_property,HeavyAtomCount,-98.48484848484848,50,50,MolWt,266.7268,253.16499999999996,197.54149999999996,321.69825000000003,-57.99516000000007,-28.632000000000005,-109.41900000000007,-5.457000000000015
residual::HeavyAtomCount,residual_property,HeavyAtomCount,-98.48484848484848,50,50,CarbonCount,12.54,12.0,9.0,16.0,-4.56,-4.0,-6.75,-1.0
residual::HeavyAtomCount,residual_property,HeavyAtomCount,-98.48484848484848,50,50,HeavyAtomCount_calc,17.44,16.5,13.0,22.0,-5.24,-4.0,-8.0,-1.0
residual::HeavyAtomCount,residual_property,HeavyAtomCount,-98.48484848484848,50,50,HeteroatomCount,4.9,5.0,3.0,6.0,-0.68,-1.0,-1.75,1.0
residual::HeavyAtomCount,residual_property,HeavyAtomCount,-98.48484848484848,50,50,RingCount_calc,0.72,0.0,0.0,1.0,-2.04,-2.0,-3.0,-1.0
residual::HeavyAtomCount,residual_property,HeavyAtomCount,-98.48484848484848,50,50,AromaticRingCount_calc,0.0,0.0,0.0,0.0,-2.08,-2.0,-3.0,-1.0
residual::HeavyAtomCount,residual_property,HeavyAtomCount,-98.48484848484848,50,50,BondCount,17.16,16.0,13.0,22.0,-7.28,-6.5,-11.0,-2.0
residual::HeavyAtomCount,residual_property,HeavyAtomCount,-98.48484848484848,50,50,BranchPointCount,3.88,3.0,2.0,5.75,-3.26,-3.0,-5.0,-1.0
residual::HeavyAtomCount,residual_property,HeavyAtomCount,-98.48484848484848,50,50,AromaticAtomFraction,0.0,0.0,0.0,0.0,-0.512588623479048,-0.5,-0.6520935960591133,-0.4182692307692308
residual::HeavyAtomCount,residual_property,HeavyAtomCount,-98.48484848484848,50,50,AromaticBondFraction,0.0,0.0,0.0,0.0,-0.4873590483978989,-0.47058823529411764,-0.6236842105263157,-0.39464285714285713
residual::HeavyAtomCount,residual_property,HeavyAtomCount,-95.45454545454544,50,50,MolWt,275.03034,284.4675,205.74674999999996,320.97700000000003,-49.69162000000006,-25.571000000000026,-93.32425000000013,3.266999999999925
residual::HeavyAtomCount,residual_property,HeavyAtomCount,-95.45454545454544,50,50,CarbonCount,12.86,12.0,9.0,17.0,-4.24,-3.5,-7.0,-0.25
residual::HeavyAtomCount,residual_property,HeavyAtomCount,-95.45454545454544,50,50,HeavyAtomCount_calc,17.82,17.5,13.0,22.0,-4.86,-3.0,-8.0,-0.25
residual::HeavyAtomCount,residual_property,HeavyAtomCount,-95.45454545454544,50,50,HeteroatomCount,4.96,5.0,3.0,6.0,-0.62,-1.0,-1.75,1.0
residual::HeavyAtomCount,residual_property,HeavyAtomCount,-95.45454545454544,50,50,RingCount_calc,0.72,0.5,0.0,1.0,-2.04,-2.0,-3.0,-1.0
residual::HeavyAtomCount,residual_property,HeavyAtomCount,-95.45454545454544,50,50,AromaticRingCount_calc,0.0,0.0,0.0,0.0,-2.08,-2.0,-3.0,-1.0
residual::HeavyAtomCount,residual_property,HeavyAtomCount,-95.45454545454544,50,50,BondCount,17.54,17.0,13.0,21.75,-6.9,-5.0,-10.75,-2.0
residual::HeavyAtomCount,residual_property,HeavyAtomCount,-95.45454545454544,50,50,BranchPointCount,4.04,4.0,2.0,5.0,-3.1,-3.0,-5.0,-1.0
residual::HeavyAtomCount,residual_property,HeavyAtomCount,-95.45454545454544,50,50,AromaticAtomFraction,0.0,0.0,0.0,0.0,-0.512588623479048,-0.5,-0.6520935960591133,-0.4182692307692308
residual::HeavyAtomCount,residual_property,HeavyAtomCount,-95.45454545454544,50,50,AromaticBondFraction,0.0,0.0,0.0,0.0,-0.4873590483978989,-0.47058823529411764,-0.6236842105263157,-0.39464285714285713
residual::HeavyAtomCount,residual_property,HeavyAtomCount,-92.42424242424242,50,50,MolWt,266.57081999999997,256.269,205.74674999999996,314.393,-58.15114000000005,-25.860499999999973,-114.83750000000006,2.759249999999959
residual::HeavyAtomCount,residual_property,HeavyAtomCount,-92.42424242424242,50,50,CarbonCount,12.52,12.0,9.0,16.75,-4.58,-4.0,-7.0,-1.0
residual::HeavyAtomCount,residual_property,HeavyAtomCount,-92.42424242424242,50,50,HeavyAtomCount_calc,17.26,17.0,12.0,22.0,-5.42,-2.5,-8.75,-1.0
residual::HeavyAtomCount,residual_property,HeavyAtomCount,-92.42424242424242,50,50,HeteroatomCount,4.74,4.0,3.0,6.0,-0.84,-1.0,-2.0,1.0
residual::HeavyAtomCount,residual_property,HeavyAtomCount,-92.42424242424242,50,50,RingCount_calc,0.78,1.0,0.0,1.0,-1.98,-2.0,-3.0,-1.0
residual::HeavyAtomCount,residual_property,HeavyAtomCount,-92.42424242424242,50,50,AromaticRingCount_calc,0.02,0.0,0.0,0.0,-2.06,-2.0,-3.0,-1.0
residual::HeavyAtomCount,residual_property,HeavyAtomCount,-92.42424242424242,50,50,BondCount,17.04,16.5,12.0,21.75,-7.4,-5.0,-11.75,-1.25
residual::HeavyAtomCount,residual_property,HeavyAtomCount,-92.42424242424242,50,50,BranchPointCount,4.14,4.0,2.0,5.75,-3.0,-2.0,-5.0,-1.0
residual::HeavyAtomCount,residual_property,HeavyAtomCount,-92.42424242424242,50,50,AromaticAtomFraction,0.0048,0.0,0.0,0.0,-0.5077886234790481,-0.49193548387096775,-0.6428571428571429,-0.41554597701149426
residual::HeavyAtomCount,residual_property,HeavyAtomCount,-92.42424242424242,50,50,AromaticBondFraction,0.004615384615384616,0.0,0.0,0.0,-0.48274366378251427,-0.4644607843137255,-0.6,-0.39464285714285713
residual::HeavyAtomCount,residual_property,HeavyAtomCount,-89.39393939393939,50,50,MolWt,276.72176,270.35299999999995,205.85099999999997,353.05174999999997,-48.00020000000005,-16.01300000000002,-111.26175000000009,11.307249999999968
residual::HeavyAtomCount,residual_property,HeavyAtomCount,-89.39393939393939,50,50,CarbonCount,12.86,13.0,9.0,17.5,-4.24,-3.0,-6.75,-1.0
residual::HeavyAtomCount,residual_property,HeavyAtomCount,-89.39393939393939,50,50,HeavyAtomCount_calc,17.82,18.0,13.0,22.0,-4.86,-2.0,-8.0,-1.0
residual::HeavyAtomCount,residual_property,HeavyAtomCount,-89.39393939393939,50,50,HeteroatomCount,4.96,4.5,3.0,7.0,-0.62,0.0,-1.0,1.0
residual::HeavyAtomCount,residual_property,HeavyAtomCount,-89.39393939393939,50,50,RingCount_calc,0.8,1.0,0.0,1.0,-1.96,-2.0,-3.0,-1.0
residual::HeavyAtomCount,residual_property,HeavyAtomCount,-89.39393939393939,50,50,AromaticRingCount_calc,0.04,0.0,0.0,0.0,-2.04,-2.0,-3.0,-1.0
residual::HeavyAtomCount,residual_property,HeavyAtomCount,-89.39393939393939,50,50,BondCount,17.6,17.0,12.0,22.0,-6.84,-4.5,-10.0,-2.0
residual::HeavyAtomCount,residual_property,HeavyAtomCount,-89.39393939393939,50,50,BranchPointCount,4.14,4.0,3.0,5.0,-3.0,-2.0,-5.0,-1.0
residual::HeavyAtomCount,residual_property,HeavyAtomCount,-89.39393939393939,50,50,AromaticAtomFraction,0.013371428571428572,0.0,0.0,0.0,-0.49921719490761957,-0.48193548387096774,-0.6321428571428571,-0.4037931034482759
residual::HeavyAtomCount,residual_property,HeavyAtomCount,-89.39393939393939,50,50,AromaticBondFraction,0.012615384615384615,0.0,0.0,0.0,-0.4747436637825143,-0.45138888888888884,-0.5863636363636363,-0.39285714285714285
residual::HeavyAtomCount,residual_property,HeavyAtomCount,-86.36363636363637,50,50,MolWt,281.54942000000005,281.7475,217.11224999999996,352.54775,-43.17254000000005,-13.531500000000023,-83.08900000000011,15.783250000000024
residual::HeavyAtomCount,residual_property,HeavyAtomCount,-86.36363636363637,50,50,CarbonCount,13.32,13.0,8.25,17.5,-3.78,-2.0,-5.0,-1.0
residual::HeavyAtomCount,residual_property,HeavyAtomCount,-86.36363636363637,50,50,HeavyAtomCount_calc,18.3,18.0,13.0,23.0,-4.38,-2.0,-6.75,-0.25
residual::HeavyAtomCount,residual_property,HeavyAtomCount,-86.36363636363637,50,50,HeteroatomCount,4.98,5.0,4.0,6.0,-0.6,0.0,-1.75,1.0
residual::HeavyAtomCount,residual_property,HeavyAtomCount,-86.36363636363637,50,50,RingCount_calc,0.94,1.0,0.0,1.0,-1.82,-2.0,-3.0,-1.0
residual::HeavyAtomCount,residual_property,HeavyAtomCount,-86.36363636363637,50,50,AromaticRingCount_calc,0.06,0.0,0.0,0.0,-2.02,-2.0,-3.0,-1.0
residual::HeavyAtomCount,residual_property,HeavyAtomCount,-86.36363636363637,50,50,BondCount,18.2,18.0,12.0,23.0,-6.24,-3.5,-9.5,-2.0
residual::HeavyAtomCount,residual_property,HeavyAtomCount,-86.36363636363637,50,50,BranchPointCount,4.24,4.0,2.25,6.0,-2.9,-2.0,-4.75,-1.0
residual::HeavyAtomCount,residual_property,HeavyAtomCount,-86.36363636363637,50,50,AromaticAtomFraction,0.01857142857142857,0.0,0.0,0.0,-0.4940171949076195,-0.48193548387096774,-0.5879310344827586,-0.4041666666666667
residual::HeavyAtomCount,residual_property,HeavyAtomCount,-86.36363636363637,50,50,AromaticBondFraction,0.017714285714285714,0.0,0.0,0.0,-0.4696447626836132,-0.45729166666666665,-0.5454545454545454,-0.39285714285714285
residual::HeavyAtomCount,residual_property,HeavyAtomCount,-83.33333333333333,50,50,MolWt,292.2961,278.71999999999997,219.12349999999998,367.15650000000005,-32.42586000000004,-11.479000000000056,-51.64299999999999,17.797250000000034
residual::HeavyAtomCount,residual_property,HeavyAtomCount,-83.33333333333333,50,50,CarbonCount,13.84,13.0,8.25,18.0,-3.26,-2.0,-5.0,0.0
residual::HeavyAtomCount,residual_property,HeavyAtomCount,-83.33333333333333,50,50,HeavyAtomCount_calc,19.08,19.0,13.25,23.75,-3.6,-1.0,-4.75,0.0
residual::HeavyAtomCount,residual_property,HeavyAtomCount,-83.33333333333333,50,50,HeteroatomCount,5.24,5.0,4.0,7.0,-0.34,0.0,-1.0,1.0
residual::HeavyAtomCount,residual_property,HeavyAtomCount,-83.33333333333333,50,50,RingCount_calc,1.0,1.0,0.0,1.0,-1.76,-2.0,-3.0,-1.0
residual::HeavyAtomCount,residual_property,HeavyAtomCount,-83.33333333333333,50,50,AromaticRingCount_calc,0.1,0.0,0.0,0.0,-1.98,-2.0,-3.0,-1.0
residual::HeavyAtomCount,residual_property,HeavyAtomCount,-83.33333333333333,50,50,BondCount,19.04,19.0,13.25,24.0,-5.4,-3.0,-7.75,-1.0
residual::HeavyAtomCount,residual_property,HeavyAtomCount,-83.33333333333333,50,50,BranchPointCount,4.52,4.5,3.0,6.0,-2.62,-2.0,-4.0,-1.0
residual::HeavyAtomCount,residual_property,HeavyAtomCount,-83.33333333333333,50,50,AromaticAtomFraction,0.0314010989010989,0.0,0.0,0.0,-0.48118752457794917,-0.48193548387096774,-0.5879310344827586,-0.4041666666666667
residual::HeavyAtomCount,residual_property,HeavyAtomCount,-83.33333333333333,50,50,AromaticBondFraction,0.030658730158730156,0.0,0.0,0.0,-0.4567003182391688,-0.45138888888888884,-0.5454545454545454,-0.39285714285714285
residual::HeavyAtomCount,residual_property,HeavyAtomCount,-80.3030303030303,50,50,MolWt,287.41234000000003,273.79049999999995,219.12349999999998,363.7877500000001,-37.30962000000004,-12.999000000000002,-67.63225000000011,19.26125000000001
residual::HeavyAtomCount,residual_property,HeavyAtomCount,-80.3030303030303,50,50,CarbonCount,13.36,13.0,8.5,17.75,-3.74,-2.5,-7.0,-0.25
residual::HeavyAtomCount,residual_property,HeavyAtomCount,-80.3030303030303,50,50,HeavyAtomCount_calc,18.6,18.0,14.0,23.0,-4.08,-2.0,-6.75,0.0
residual::HeavyAtomCount,residual_property,HeavyAtomCount,-80.3030303030303,50,50,HeteroatomCount,5.24,5.0,4.0,7.0,-0.34,0.0,-1.0,1.0
residual::HeavyAtomCount,residual_property,HeavyAtomCount,-80.3030303030303,50,50,RingCount_calc,0.84,1.0,0.0,1.0,-1.92,-2.0,-3.0,-1.0
residual::HeavyAtomCount,residual_property,HeavyAtomCount,-80.3030303030303,50,50,AromaticRingCount_calc,0.16,0.0,0.0,0.0,-1.92,-2.0,-3.0,-1.0
residual::HeavyAtomCount,residual_property,HeavyAtomCount,-80.3030303030303,50,50,BondCount,18.4,18.0,14.0,22.75,-6.04,-3.0,-9.5,-1.0
residual::HeavyAtomCount,residual_property,HeavyAtomCount,-80.3030303030303,50,50,BranchPointCount,4.26,4.0,3.0,5.75,-2.88,-2.0,-5.0,-1.0
residual::HeavyAtomCount,residual_property,HeavyAtomCount,-80.3030303030303,50,50,AromaticAtomFraction,0.05437588881706529,0.0,0.0,0.0,-0.45821273466198276,-0.4707692307692308,-0.5501567398119123,-0.37740384615384615
residual::HeavyAtomCount,residual_property,HeavyAtomCount,-80.3030303030303,50,50,AromaticBondFraction,0.05284920634920635,0.0,0.0,0.0,-0.4345098420486926,-0.4444444444444444,-0.5419034090909091,-0.3556149732620321
residual::HeavyAtomCount,residual_property,HeavyAtomCount,-77.27272727272728,50,50,MolWt,284.55072,270.33500000000004,211.278,352.5957500000001,-40.17124000000004,-13.009000000000007,-80.84325000000014,18.25725000000002
residual::HeavyAtomCount,residual_property,HeavyAtomCount,-77.27272727272728,50,50,CarbonCount,13.16,13.0,8.5,16.0,-3.94,-2.5,-7.0,-1.0
residual::HeavyAtomCount,residual_property,HeavyAtomCount,-77.27272727272728,50,50,HeavyAtomCount_calc,18.44,18.0,13.25,23.0,-4.24,-2.0,-6.75,0.0
residual::HeavyAtomCount,residual_property,HeavyAtomCount,-77.27272727272728,50,50,HeteroatomCount,5.28,5.0,4.0,7.0,-0.3,0.0,-1.0,1.0
residual::HeavyAtomCount,residual_property,HeavyAtomCount,-77.27272727272728,50,50,RingCount_calc,0.98,1.0,0.0,1.0,-1.78,-2.0,-3.0,-1.0
residual::HeavyAtomCount,residual_property,HeavyAtomCount,-77.27272727272728,50,50,AromaticRingCount_calc,0.2,0.0,0.0,0.0,-1.88,-2.0,-2.0,-1.0
residual::HeavyAtomCount,residual_property,HeavyAtomCount,-77.27272727272728,50,50,BondCount,18.4,18.0,13.5,22.0,-6.04,-3.0,-9.5,-1.25
residual::HeavyAtomCount,residual_property,HeavyAtomCount,-77.27272727272728,50,50,BranchPointCount,4.38,4.0,3.0,5.75,-2.76,-2.5,-4.75,-1.0
residual::HeavyAtomCount,residual_property,HeavyAtomCount,-77.27272727272728,50,50,AromaticAtomFraction,0.06832629367536489,0.0,0.0,0.0,-0.4442623298036832,-0.46153846153846156,-0.5274936061381075,-0.34375
residual::HeavyAtomCount,residual_property,HeavyAtomCount,-77.27272727272728,50,50,AromaticBondFraction,0.06619912280701755,0.0,0.0,0.0,-0.4211599255908814,-0.4365079365079365,-0.5237691001697793,-0.3382352941176471
residual::HeavyAtomCount,residual_property,HeavyAtomCount,-74.24242424242425,50,50,MolWt,293.992,272.77549999999997,219.12349999999998,368.3920000000001,-30.729960000000037,-13.517500000000005,-52.25125000000001,13.73324999999997
residual::HeavyAtomCount,residual_property,HeavyAtomCount,-74.24242424242425,50,50,CarbonCount,13.52,13.5,10.0,17.0,-3.58,-2.0,-6.75,0.0
residual::HeavyAtomCount,residual_property,HeavyAtomCount,-74.24242424242425,50,50,HeavyAtomCount_calc,19.0,18.5,14.0,24.75,-3.68,-2.0,-5.0,0.0
residual::HeavyAtomCount,residual_property,HeavyAtomCount,-74.24242424242425,50,50,HeteroatomCount,5.48,5.0,4.0,7.0,-0.1,0.0,-1.0,1.0
residual::HeavyAtomCount,residual_property,HeavyAtomCount,-74.24242424242425,50,50,RingCount_calc,1.06,1.0,0.25,2.0,-1.7,-2.0,-3.0,-1.0
residual::HeavyAtomCount,residual_property,HeavyAtomCount,-74.24242424242425,50,50,AromaticRingCount_calc,0.3,0.0,0.0,0.0,-1.78,-2.0,-2.0,-1.0
residual::HeavyAtomCount,residual_property,HeavyAtomCount,-74.24242424242425,50,50,BondCount,19.04,18.0,14.25,25.0,-5.4,-3.0,-7.0,-1.0
residual::HeavyAtomCount,residual_property,HeavyAtomCount,-74.24242424242425,50,50,BranchPointCount,4.6,4.0,3.0,6.0,-2.54,-2.0,-4.0,-0.25
residual::HeavyAtomCount,residual_property,HeavyAtomCount,-74.24242424242425,50,50,AromaticAtomFraction,0.10671526610644257,0.0,0.0,0.0,-0.40587335737260555,-0.452991452991453,-0.5206146926536732,-0.2589285714285714
residual::HeavyAtomCount,residual_property,HeavyAtomCount,-74.24242424242425,50,50,AromaticBondFraction,0.10413058608058609,0.0,0.0,0.0,-0.38322846231731283,-0.42857142857142855,-0.5120967741935484,-0.25416666666666665
residual::HeavyAtomCount,residual_property,HeavyAtomCount,-71.21212121212122,50,50,MolWt,307.45354000000003,310.2725,224.49349999999998,389.47650000000016,-17.268420000000027,-6.319999999999993,-32.08100000000003,19.021499999999996
residual::HeavyAtomCount,residual_property,HeavyAtomCount,-71.21212121212122,50,50,CarbonCount,14.2,14.0,11.0,18.0,-2.9,-2.0,-4.75,0.0
residual::HeavyAtomCount,residual_property,HeavyAtomCount,-71.21212121212122,50,50,HeavyAtomCount_calc,19.96,20.5,15.25,25.0,-2.72,-2.0,-4.5,0.0
residual::HeavyAtomCount,residual_property,HeavyAtomCount,-71.21212121212122,50,50,HeteroatomCount,5.76,5.5,4.0,8.0,0.18,0.0,-0.75,1.0
residual::HeavyAtomCount,residual_property,HeavyAtomCount,-71.21212121212122,50,50,RingCount_calc,1.22,1.0,1.0,2.0,-1.54,-1.5,-2.0,-1.0
residual::HeavyAtomCount,residual_property,HeavyAtomCount,-71.21212121212122,50,50,AromaticRingCount_calc,0.42,0.0,0.0,1.0,-1.66,-2.0,-2.0,-1.0
residual::HeavyAtomCount,residual_property,HeavyAtomCount,-71.21212121212122,50,50,BondCount,20.16,21.0,15.25,26.0,-4.28,-3.0,-7.0,-1.0
residual::HeavyAtomCount,residual_property,HeavyAtomCount,-71.21212121212122,50,50,BranchPointCount,5.18,4.5,3.0,7.0,-1.96,-1.5,-3.0,-0.25
residual::HeavyAtomCount,residual_property,HeavyAtomCount,-71.21212121212122,50,50,AromaticAtomFraction,0.13677900237017884,0.0,0.0,0.25,-0.37580962110886923,-0.4198717948717949,-0.5,-0.22071428571428575
residual::HeavyAtomCount,residual_property,HeavyAtomCount,-71.21212121212122,50,50,AromaticBondFraction,0.13293294387604732,0.0,0.0,0.24,-0.3544261045218516,-0.40332512315270935,-0.495,-0.21581196581196577
residual::HeavyAtomCount,residual_property,HeavyAtomCount,-68.18181818181819,50,50,MolWt,312.7052000000001,306.26000000000005,236.10625,390.6290000000001,-12.016760000000023,0.0,-31.23774999999999,17.108250000000027
residual::HeavyAtomCount,residual_property,HeavyAtomCount,-68.18181818181819,50,50,CarbonCount,14.54,14.0,11.0,18.0,-2.56,-2.0,-3.75,0.0
residual::HeavyAtomCount,residual_property,HeavyAtomCount,-68.18181818181819,50,50,HeavyAtomCount_calc,20.34,20.0,16.0,25.0,-2.34,-1.0,-3.0,0.0
residual::HeavyAtomCount,residual_property,HeavyAtomCount,-68.18181818181819,50,50,HeteroatomCount,5.8,5.5,4.0,8.0,0.22,0.0,0.0,1.0
residual::HeavyAtomCount,residual_property,HeavyAtomCount,-68.18181818181819,50,50,RingCount_calc,1.28,1.0,1.0,2.0,-1.48,-2.0,-2.0,-0.25
residual::HeavyAtomCount,residual_property,HeavyAtomCount,-68.18181818181819,50,50,AromaticRingCount_calc,0.46,0.0,0.0,1.0,-1.62,-2.0,-2.0,-1.0
residual::HeavyAtomCount,residual_property,HeavyAtomCount,-68.18181818181819,50,50,BondCount,20.6,20.5,16.0,26.0,-3.84,-2.0,-6.0,0.0
residual::HeavyAtomCount,residual_property,HeavyAtomCount,-68.18181818181819,50,50,BranchPointCount,5.26,4.5,4.0,7.0,-1.88,-1.0,-3.0,-1.0
residual::HeavyAtomCount,residual_property,HeavyAtomCount,-68.18181818181819,50,50,AromaticAtomFraction,0.1499280706931602,0.0,0.0,0.3,-0.3626605527858879,-0.4198717948717949,-0.49728260869565216,-0.22071428571428575
residual::HeavyAtomCount,residual_property,HeavyAtomCount,-68.18181818181819,50,50,AromaticBondFraction,0.144691700212165,0.0,0.0,0.29642857142857143,-0.34266734818573397,-0.39642857142857146,-0.47024886877828054,-0.21581196581196577
residual::HeavyAtomCount,residual_property,HeavyAtomCount,-65.15151515151516,50,50,MolWt,312.49520000000007,318.697,226.23574999999994,383.42575000000005,-12.226760000000022,0.0,-26.57225000000004,15.589000000000027
residual::HeavyAtomCount,residual_property,HeavyAtomCount,-65.15151515151516,50,50,CarbonCount,14.6,14.0,11.0,18.0,-2.5,-2.0,-3.0,0.0
residual::HeavyAtomCount,residual_property,HeavyAtomCount,-65.15151515151516,50,50,HeavyAtomCount_calc,20.42,20.5,15.25,25.0,-2.26,-1.0,-3.0,0.0
residual::HeavyAtomCount,residual_property,HeavyAtomCount,-65.15151515151516,50,50,HeteroatomCount,5.82,5.5,4.0,8.0,0.24,0.0,0.0,1.0
residual::HeavyAtomCount,residual_property,HeavyAtomCount,-65.15151515151516,50,50,RingCount_calc,1.42,1.0,1.0,2.0,-1.34,-1.0,-2.0,0.0
residual::HeavyAtomCount,residual_property,HeavyAtomCount,-65.15151515151516,50,50,AromaticRingCount_calc,0.56,0.0,0.0,1.0,-1.52,-1.5,-2.0,-1.0
residual::HeavyAtomCount,residual_property,HeavyAtomCount,-65.15151515151516,50,50,BondCount,20.8,21.5,16.0,26.0,-3.64,-2.0,-5.0,0.0
residual::HeavyAtomCount,residual_property,HeavyAtomCount,-65.15151515151516,50,50,BranchPointCount,5.42,5.0,4.0,7.0,-1.72,-1.0,-2.0,0.0
residual::HeavyAtomCount,residual_property,HeavyAtomCount,-65.15151515151516,50,50,AromaticAtomFraction,0.18519704929909533,0.0,0.0,0.3333333333333333,-0.3273915741799528,-0.39230769230769236,-0.4835553997194951,-0.16735472408026758
residual::HeavyAtomCount,residual_property,HeavyAtomCount,-65.15151515151516,50,50,AromaticBondFraction,0.1783441356485821,0.0,0.0,0.3289473684210526,-0.3090149127493168,-0.3508465218991535,-0.4548611111111111,-0.15221958348556813
residual::HeavyAtomCount,residual_property,HeavyAtomCount,-62.121212121212125,50,50,MolWt,317.03378000000004,331.40250000000003,237.11025,384.99475000000007,-7.688180000000022,0.0,-14.510999999999992,15.544499999999971
residual::HeavyAtomCount,residual_property,HeavyAtomCount,-62.121212121212125,50,50,CarbonCount,14.68,14.5,11.25,18.0,-2.42,-2.0,-3.0,0.0
residual::HeavyAtomCount,residual_property,HeavyAtomCount,-62.121212121212125,50,50,HeavyAtomCount_calc,20.64,21.5,15.25,25.0,-2.04,-1.0,-2.0,0.0
residual::HeavyAtomCount,residual_property,HeavyAtomCount,-62.121212121212125,50,50,HeteroatomCount,5.96,6.0,4.0,8.0,0.38,0.0,0.0,1.0
residual::HeavyAtomCount,residual_property,HeavyAtomCount,-62.121212121212125,50,50,RingCount_calc,1.52,1.5,1.0,2.0,-1.24,-1.0,-2.0,0.0
residual::HeavyAtomCount,residual_property,HeavyAtomCount,-62.121212121212125,50,50,AromaticRingCount_calc,0.56,0.0,0.0,1.0,-1.52,-1.5,-2.0,-1.0
residual::HeavyAtomCount,residual_property,HeavyAtomCount,-62.121212121212125,50,50,BondCount,21.12,22.5,16.0,26.0,-3.32,-1.5,-4.0,0.0
residual::HeavyAtomCount,residual_property,HeavyAtomCount,-62.121212121212125,50,50,BranchPointCount,5.62,5.0,4.0,7.0,-1.52,-1.0,-2.75,0.0
residual::HeavyAtomCount,residual_property,HeavyAtomCount,-62.121212121212125,50,50,AromaticAtomFraction,0.17931867694680995,0.0,0.0,0.3,-0.3332699465322381,-0.4083333333333333,-0.49728260869565216,-0.16735472408026758
residual::HeavyAtomCount,residual_property,HeavyAtomCount,-62.121212121212125,50,50,AromaticBondFraction,0.17226308803917498,0.0,0.0,0.3,-0.3150959603587239,-0.39285714285714285,-0.46650641025641026,-0.15221958348556813
residual::HeavyAtomCount,residual_property,HeavyAtomCount,-59.09090909090909,50,50,MolWt,306.3996,329.7555,232.84550000000002,372.72600000000006,-18.322360000000025,0.0,-24.697750000000084,7.738000000000028
residual::HeavyAtomCount,residual_property,HeavyAtomCount,-59.09090909090909,50,50,CarbonCount,14.52,14.5,11.0,19.0,-2.58,-2.0,-4.0,0.0
residual::HeavyAtomCount,residual_property,HeavyAtomCount,-59.09090909090909,50,50,HeavyAtomCount_calc,20.22,21.0,15.0,26.0,-2.46,-1.0,-3.0,0.0
residual::HeavyAtomCount,residual_property,HeavyAtomCount,-59.09090909090909,50,50,HeteroatomCount,5.7,5.5,4.0,7.0,0.12,0.0,0.0,1.0
residual::HeavyAtomCount,residual_property,HeavyAtomCount,-59.09090909090909,50,50,RingCount_calc,1.56,1.5,1.0,2.0,-1.2,-1.0,-2.0,0.0
residual::HeavyAtomCount,residual_property,HeavyAtomCount,-59.09090909090909,50,50,AromaticRingCount_calc,0.62,0.5,0.0,1.0,-1.46,-1.0,-2.0,0.0
residual::HeavyAtomCount,residual_property,HeavyAtomCount,-59.09090909090909,50,50,BondCount,20.76,23.0,15.0,26.0,-3.68,-2.0,-5.0,0.0
residual::HeavyAtomCount,residual_property,HeavyAtomCount,-59.09090909090909,50,50,BranchPointCount,5.52,5.0,4.0,7.0,-1.62,-1.0,-3.0,0.0
residual::HeavyAtomCount,residual_property,HeavyAtomCount,-59.09090909090909,50,50,AromaticAtomFraction,0.19333269518663465,0.08064516129032258,0.0,0.3333333333333333,-0.3192559282924135,-0.3542183622828784,-0.4956521739130435,-0.038636363636363635
residual::HeavyAtomCount,residual_property,HeavyAtomCount,-59.09090909090909,50,50,AromaticBondFraction,0.18505123148548935,0.07575757575757576,0.0,0.328125,-0.30230781691240954,-0.3413547237076649,-0.4568269230769231,-0.03636363636363635
residual::HeavyAtomCount,residual_property,HeavyAtomCount,-56.06060606060606,50,50,MolWt,307.26506000000006,327.77000000000004,245.036,372.7595000000001,-17.456900000000022,0.0,-24.697750000000084,1.7630000000000123
residual::HeavyAtomCount,residual_property,HeavyAtomCount,-56.06060606060606,50,50,CarbonCount,14.96,15.0,11.25,18.75,-2.14,-1.0,-3.0,0.0
residual::HeavyAtomCount,residual_property,HeavyAtomCount,-56.06060606060606,50,50,HeavyAtomCount_calc,20.62,21.5,16.0,25.75,-2.06,-0.5,-3.0,0.0
residual::HeavyAtomCount,residual_property,HeavyAtomCount,-56.06060606060606,50,50,HeteroatomCount,5.66,5.5,4.0,7.0,0.08,0.0,0.0,1.0
residual::HeavyAtomCount,residual_property,HeavyAtomCount,-56.06060606060606,50,50,RingCount_calc,1.66,2.0,1.0,2.0,-1.1,-1.0,-2.0,0.0
residual::HeavyAtomCount,residual_property,HeavyAtomCount,-56.06060606060606,50,50,AromaticRingCount_calc,0.74,1.0,0.0,1.0,-1.34,-1.0,-2.0,0.0
residual::HeavyAtomCount,residual_property,HeavyAtomCount,-56.06060606060606,50,50,BondCount,21.26,23.0,16.0,26.0,-3.18,-1.0,-4.75,0.0
residual::HeavyAtomCount,residual_property,HeavyAtomCount,-56.06060606060606,50,50,BranchPointCount,5.66,5.0,4.0,7.75,-1.48,-1.0,-3.0,0.0
residual::HeavyAtomCount,residual_property,HeavyAtomCount,-56.06060606060606,50,50,AromaticAtomFraction,0.23287723433145427,0.2264957264957265,0.0,0.38333333333333336,-0.2797113891475939,-0.28360215053763443,-0.4773411371237459,0.0
residual::HeavyAtomCount,residual_property,HeavyAtomCount,-56.06060606060606,50,50,AromaticBondFraction,0.22305950622501516,0.21825396825396826,0.0,0.3645833333333333,-0.2642995421728837,-0.2613930187459599,-0.4444444444444444,0.0
residual::HeavyAtomCount,residual_property,HeavyAtomCount,-53.03030303030303,50,50,MolWt,304.34026,327.77000000000004,245.036,363.5537500000001,-20.38170000000003,0.0,-24.697750000000084,0.2692500000000777
residual::HeavyAtomCount,residual_property,HeavyAtomCount,-53.03030303030303,50,50,CarbonCount,14.9,15.0,11.25,18.75,-2.2,-1.0,-4.0,0.0
residual::HeavyAtomCount,residual_property,HeavyAtomCount,-53.03030303030303,50,50,HeavyAtomCount_calc,20.54,20.5,16.25,25.0,-2.14,-0.5,-3.0,0.0
residual::HeavyAtomCount,residual_property,HeavyAtomCount,-53.03030303030303,50,50,HeteroatomCount,5.64,5.5,4.0,7.0,0.06,0.0,0.0,1.0
residual::HeavyAtomCount,residual_property,HeavyAtomCount,-53.03030303030303,50,50,RingCount_calc,1.6,2.0,1.0,2.0,-1.16,-1.0,-2.0,0.0
residual::HeavyAtomCount,residual_property,HeavyAtomCount,-53.03030303030303,50,50,AromaticRingCount_calc,0.76,1.0,0.0,1.0,-1.32,-1.0,-2.0,0.0
residual::HeavyAtomCount,residual_property,HeavyAtomCount,-53.03030303030303,50,50,BondCount,21.14,22.5,16.5,26.0,-3.3,-2.0,-5.0,0.0
residual::HeavyAtomCount,residual_property,HeavyAtomCount,-53.03030303030303,50,50,BranchPointCount,5.6,5.0,4.0,7.0,-1.54,-1.0,-3.0,0.0
residual::HeavyAtomCount,residual_property,HeavyAtomCount,-53.03030303030303,50,50,AromaticAtomFraction,0.23908935554357547,0.2264957264957265,0.0,0.42142857142857143,-0.27349926793547263,-0.2869106699751861,-0.4835553997194951,0.0
residual::HeavyAtomCount,residual_property,HeavyAtomCount,-53.03030303030303,50,50,AromaticBondFraction,0.22870743473409372,0.21825396825396826,0.0,0.39375000000000004,-0.2586516136638052,-0.2613930187459599,-0.45034188034188033,0.0
residual::HeavyAtomCount,residual_property,HeavyAtomCount,-50.0,50,50,MolWt,303.8439200000001,325.24100000000004,245.036,370.69825000000014,-20.878040000000027,0.0,-25.81249999999993,0.0
residual::HeavyAtomCount,residual_property,HeavyAtomCount,-50.0,50,50,CarbonCount,15.2,15.0,11.25,18.75,-1.9,-0.5,-3.0,0.0
residual::HeavyAtomCount,residual_property,HeavyAtomCount,-50.0,50,50,HeavyAtomCount_calc,20.7,21.5,16.25,25.75,-1.98,0.0,-2.75,0.0
residual::HeavyAtomCount,residual_property,HeavyAtomCount,-50.0,50,50,HeteroatomCount,5.5,5.5,4.0,7.0,-0.08,0.0,0.0,0.75
residual::HeavyAtomCount,residual_property,HeavyAtomCount,-50.0,50,50,RingCount_calc,1.94,2.0,1.25,3.0,-0.82,-1.0,-1.0,0.0
residual::HeavyAtomCount,residual_property,HeavyAtomCount,-50.0,50,50,AromaticRingCount_calc,0.88,1.0,0.0,1.0,-1.2,-1.0,-2.0,0.0
residual::HeavyAtomCount,residual_property,HeavyAtomCount,-50.0,50,50,BondCount,21.62,23.0,17.25,26.0,-2.82,-1.0,-4.0,0.0
residual::HeavyAtomCount,residual_property,HeavyAtomCount,-50.0,50,50,BranchPointCount,5.88,6.0,4.0,7.75,-1.26,0.0,-2.75,0.0
residual::HeavyAtomCount,residual_property,HeavyAtomCount,-50.0,50,50,AromaticAtomFraction,0.27216054232780573,0.25,0.0,0.4532967032967033,-0.24042808115124237,-0.22683760683760681,-0.4548494983277592,0.0
residual::HeavyAtomCount,residual_property,HeavyAtomCount,-50.0,50,50,AromaticBondFraction,0.26099666360695434,0.24,0.0,0.421474358974359,-0.22636238479094456,-0.2108648056923919,-0.4386160714285714,0.0
residual::HeavyAtomCount,residual_property,HeavyAtomCount,-46.96969696969697,50,50,MolWt,315.36716000000007,335.2545,249.52174999999997,379.76875,-9.35480000000001,0.0,0.0,2.0160000000000764
residual::HeavyAtomCount,residual_property,HeavyAtomCount,-46.96969696969697,50,50,CarbonCount,15.92,16.0,12.25,20.0,-1.18,0.0,-1.0,0.0
residual::HeavyAtomCount,residual_property,HeavyAtomCount,-46.96969696969697,50,50,HeavyAtomCount_calc,21.54,23.0,17.0,26.0,-1.14,0.0,-0.75,0.0
residual::HeavyAtomCount,residual_property,HeavyAtomCount,-46.96969696969697,50,50,HeteroatomCount,5.62,5.0,4.0,7.0,0.04,0.0,0.0,1.0
residual::HeavyAtomCount,residual_property,HeavyAtomCount,-46.96969696969697,50,50,RingCount_calc,1.94,2.0,1.0,3.0,-0.82,-0.5,-1.0,0.0
residual::HeavyAtomCount,residual_property,HeavyAtomCount,-46.96969696969697,50,50,AromaticRingCount_calc,1.02,1.0,0.0,1.75,-1.06,-1.0,-2.0,0.0
residual::HeavyAtomCount,residual_property,HeavyAtomCount,-46.96969696969697,50,50,BondCount,22.48,24.0,17.25,27.75,-1.96,0.0,-2.0,0.0
residual::HeavyAtomCount,residual_property,HeavyAtomCount,-46.96969696969697,50,50,BranchPointCount,6.02,6.0,4.0,8.0,-1.12,0.0,-2.0,0.0
residual::HeavyAtomCount,residual_property,HeavyAtomCount,-46.96969696969697,50,50,AromaticAtomFraction,0.2974908957875627,0.2792207792207792,0.0,0.4753846153846154,-0.2150977276914854,-0.18768290532996418,-0.4343245044144594,0.0
residual::HeavyAtomCount,residual_property,HeavyAtomCount,-46.96969696969697,50,50,AromaticBondFraction,0.28433621924651,0.2608695652173913,0.0,0.4532967032967033,-0.20302282915138892,-0.17168876951485645,-0.4271978021978022,0.0
residual::HeavyAtomCount,residual_property,HeavyAtomCount,-43.93939393939394,50,50,MolWt,320.7004800000001,343.28450000000004,250.79424999999998,387.51350000000014,-4.021480000000006,0.0,0.0,2.016000000000062
residual::HeavyAtomCount,residual_property,HeavyAtomCount,-43.93939393939394,50,50,CarbonCount,16.2,17.0,13.0,20.0,-0.9,0.0,0.0,0.0
residual::HeavyAtomCount,residual_property,HeavyAtomCount,-43.93939393939394,50,50,HeavyAtomCount_calc,21.94,23.0,17.0,26.75,-0.74,0.0,0.0,0.0
residual::HeavyAtomCount,residual_property,HeavyAtomCount,-43.93939393939394,50,50,HeteroatomCount,5.74,5.0,4.0,7.0,0.16,0.0,0.0,0.0
residual::HeavyAtomCount,residual_property,HeavyAtomCount,-43.93939393939394,50,50,RingCount_calc,1.98,2.0,1.0,3.0,-0.78,0.0,-1.0,0.0
residual::HeavyAtomCount,residual_property,HeavyAtomCount,-43.93939393939394,50,50,AromaticRingCount_calc,1.18,1.0,1.0,2.0,-0.9,-1.0,-2.0,0.0
residual::HeavyAtomCount,residual_property,HeavyAtomCount,-43.93939393939394,50,50,BondCount,22.92,24.0,17.25,27.75,-1.52,0.0,-2.0,0.0
residual::HeavyAtomCount,residual_property,HeavyAtomCount,-43.93939393939394,50,50,BranchPointCount,6.22,6.0,4.25,8.0,-0.92,0.0,-1.0,0.0
residual::HeavyAtomCount,residual_property,HeavyAtomCount,-43.93939393939394,50,50,AromaticAtomFraction,0.32892183044430384,0.3333333333333333,0.1650853889943074,0.5,-0.1836667930347443,-0.18425499231950848,-0.3403225806451613,0.0
residual::HeavyAtomCount,residual_property,HeavyAtomCount,-43.93939393939394,50,50,AromaticBondFraction,0.31591727560364424,0.3193050193050193,0.1531512605042017,0.5,-0.17144177279425465,-0.15627626050420168,-0.320855614973262,0.0
residual::HeavyAtomCount,residual_property,HeavyAtomCount,-40.90909090909091,50,50,MolWt,318.67298000000005,336.721,250.79424999999998,387.45400000000006,-6.048980000000017,0.0,0.0,2.0160000000000053
residual::HeavyAtomCount,residual_property,HeavyAtomCount,-40.90909090909091,50,50,CarbonCount,16.3,17.0,13.0,20.0,-0.8,0.0,0.0,0.0
residual::HeavyAtomCount,residual_property,HeavyAtomCount,-40.90909090909091,50,50,HeavyAtomCount_calc,21.96,23.0,17.25,26.0,-0.72,0.0,0.0,0.0
residual::HeavyAtomCount,residual_property,HeavyAtomCount,-40.90909090909091,50,50,HeteroatomCount,5.66,5.5,4.0,7.0,0.08,0.0,0.0,0.0
residual::HeavyAtomCount,residual_property,HeavyAtomCount,-40.90909090909091,50,50,RingCount_calc,2.02,2.0,1.0,3.0,-0.74,0.0,-1.75,0.0
residual::HeavyAtomCount,residual_property,HeavyAtomCount,-40.90909090909091,50,50,AromaticRingCount_calc,1.3,1.0,1.0,2.0,-0.78,0.0,-1.75,0.0
residual::HeavyAtomCount,residual_property,HeavyAtomCount,-40.90909090909091,50,50,BondCount,22.98,24.0,18.0,27.0,-1.46,0.0,-1.75,0.0
residual::HeavyAtomCount,residual_property,HeavyAtomCount,-40.90909090909091,50,50,BranchPointCount,6.18,6.0,5.0,8.0,-0.96,0.0,-1.0,0.0
residual::HeavyAtomCount,residual_property,HeavyAtomCount,-40.90909090909091,50,50,AromaticAtomFraction,0.35763872324665386,0.3380952380952381,0.20357142857142857,0.5340909090909091,-0.15494990023239422,0.0,-0.26902173913043476,0.0
residual::HeavyAtomCount,residual_property,HeavyAtomCount,-40.90909090909091,50,50,AromaticBondFraction,0.34285488822285365,0.3333333333333333,0.19595490716180372,0.5406698564593301,-0.14450416017504536,0.0,-0.2376923076923077,0.0
residual::HeavyAtomCount,residual_property,HeavyAtomCount,-37.87878787878788,50,50,MolWt,324.21461999999997,343.28450000000004,250.79424999999998,387.5060000000001,-0.5073400000000118,0.0,0.0,1.7639999999999247
residual::HeavyAtomCount,residual_property,HeavyAtomCount,-37.87878787878788,50,50,CarbonCount,16.56,17.0,13.0,20.0,-0.54,0.0,0.0,0.0
residual::HeavyAtomCount,residual_property,HeavyAtomCount,-37.87878787878788,50,50,HeavyAtomCount_calc,22.28,23.5,17.25,26.75,-0.4,0.0,0.0,0.0
residual::HeavyAtomCount,residual_property,HeavyAtomCount,-37.87878787878788,50,50,HeteroatomCount,5.72,5.0,4.0,7.0,0.14,0.0,0.0,0.0
residual::HeavyAtomCount,residual_property,HeavyAtomCount,-37.87878787878788,50,50,RingCount_calc,2.26,2.0,2.0,3.0,-0.5,0.0,-1.0,0.0
residual::HeavyAtomCount,residual_property,HeavyAtomCount,-37.87878787878788,50,50,AromaticRingCount_calc,1.44,1.0,1.0,2.0,-0.64,0.0,-1.0,0.0
residual::HeavyAtomCount,residual_property,HeavyAtomCount,-37.87878787878788,50,50,BondCount,23.52,25.5,18.0,28.0,-0.92,0.0,-1.0,0.0
residual::HeavyAtomCount,residual_property,HeavyAtomCount,-37.87878787878788,50,50,BranchPointCount,6.52,6.5,5.0,8.75,-0.62,0.0,-1.0,0.0
residual::HeavyAtomCount,residual_property,HeavyAtomCount,-37.87878787878788,50,50,AromaticAtomFraction,0.38452507683559367,0.3599137931034483,0.23076923076923078,0.5340909090909091,-0.12806354664345443,0.0,-0.2376923076923077,0.0
residual::HeavyAtomCount,residual_property,HeavyAtomCount,-37.87878787878788,50,50,AromaticBondFraction,0.36834229127457446,0.34834558823529416,0.21626984126984125,0.5406698564593301,-0.11901675712332445,0.0,-0.22023809523809523,0.0
residual::HeavyAtomCount,residual_property,HeavyAtomCount,-34.848484848484844,50,50,MolWt,323.43410000000006,348.62200000000007,250.79424999999998,387.5060000000001,-1.2878599999999982,0.0,0.0,0.6119999999999806
residual::HeavyAtomCount,residual_property,HeavyAtomCount,-34.848484848484844,50,50,CarbonCount,16.64,17.0,13.0,20.0,-0.46,0.0,0.0,0.0
residual::HeavyAtomCount,residual_property,HeavyAtomCount,-34.848484848484844,50,50,HeavyAtomCount_calc,22.28,23.0,18.0,26.75,-0.4,0.0,0.0,0.0
residual::HeavyAtomCount,residual_property,HeavyAtomCount,-34.848484848484844,50,50,HeteroatomCount,5.64,5.0,4.0,7.0,0.06,0.0,0.0,0.0
residual::HeavyAtomCount,residual_property,HeavyAtomCount,-34.848484848484844,50,50,RingCount_calc,2.36,2.0,2.0,3.0,-0.4,0.0,-1.0,0.0
residual::HeavyAtomCount,residual_property,HeavyAtomCount,-34.848484848484844,50,50,AromaticRingCount_calc,1.58,1.0,1.0,2.0,-0.5,0.0,-1.0,0.0
residual::HeavyAtomCount,residual_property,HeavyAtomCount,-34.848484848484844,50,50,BondCount,23.6,26.0,18.0,28.0,-0.84,0.0,-1.0,0.0
residual::HeavyAtomCount,residual_property,HeavyAtomCount,-34.848484848484844,50,50,BranchPointCount,6.62,7.0,5.0,8.0,-0.52,0.0,-1.0,0.0
residual::HeavyAtomCount,residual_property,HeavyAtomCount,-34.848484848484844,50,50,AromaticAtomFraction,0.41452740576226255,0.40064102564102566,0.275974025974026,0.6321428571428571,-0.09806121771678551,0.0,-0.18803696303696307,0.0
residual::HeavyAtomCount,residual_property,HeavyAtomCount,-34.848484848484844,50,50,AromaticBondFraction,0.3972737607989336,0.39642857142857146,0.2608695652173913,0.5755494505494505,-0.09008528759896535,0.0,-0.16668548842461883,0.0
residual::HeavyAtomCount,residual_property,HeavyAtomCount,-31.818181818181813,50,50,MolWt,320.07048000000003,346.88400000000007,250.79424999999998,383.31275000000016,-4.651480000000009,0.0,0.0,0.0
residual::HeavyAtomCount,residual_property,HeavyAtomCount,-31.818181818181813,50,50,CarbonCount,16.7,17.0,13.0,20.0,-0.4,0.0,0.0,0.0
residual::HeavyAtomCount,residual_property,HeavyAtomCount,-31.818181818181813,50,50,HeavyAtomCount_calc,22.26,23.0,18.0,26.0,-0.42,0.0,0.0,0.0
residual::HeavyAtomCount,residual_property,HeavyAtomCount,-31.818181818181813,50,50,HeteroatomCount,5.56,5.0,4.0,7.0,-0.02,0.0,0.0,0.0
residual::HeavyAtomCount,residual_property,HeavyAtomCount,-31.818181818181813,50,50,RingCount_calc,2.44,2.0,2.0,3.0,-0.32,0.0,0.0,0.0
residual::HeavyAtomCount,residual_property,HeavyAtomCount,-31.818181818181813,50,50,AromaticRingCount_calc,1.74,2.0,1.0,2.0,-0.34,0.0,-0.75,0.0
residual::HeavyAtomCount,residual_property,HeavyAtomCount,-31.818181818181813,50,50,BondCount,23.66,26.0,18.0,28.0,-0.78,0.0,-0.75,0.0
residual::HeavyAtomCount,residual_property,HeavyAtomCount,-31.818181818181813,50,50,BranchPointCount,6.64,7.0,5.0,9.0,-0.5,0.0,-0.75,0.0
residual::HeavyAtomCount,residual_property,HeavyAtomCount,-31.818181818181813,50,50,AromaticAtomFraction,0.4503332527689656,0.4365079365079365,0.3244047619047619,0.6428571428571429,-0.062255370710082525,0.0,-0.0967741935483871,0.0
residual::HeavyAtomCount,residual_property,HeavyAtomCount,-31.818181818181813,50,50,AromaticBondFraction,0.43010121017886777,0.41522988505747127,0.3108836206896552,0.5942307692307692,-0.05725783821903117,0.0,-0.1102941176470588,0.0
residual::HeavyAtomCount,residual_property,HeavyAtomCount,-28.787878787878785,50,50,MolWt,315.34626000000003,343.94650000000007,244.27625,382.2672500000001,-9.375700000000005,0.0,0.0,0.0
residual::HeavyAtomCount,residual_property,HeavyAtomCount,-28.787878787878785,50,50,CarbonCount,16.66,17.0,13.0,20.75,-0.44,0.0,0.0,0.0
residual::HeavyAtomCount,residual_property,HeavyAtomCount,-28.787878787878785,50,50,HeavyAtomCount_calc,22.0,23.0,17.25,26.0,-0.68,0.0,0.0,0.0
residual::HeavyAtomCount,residual_property,HeavyAtomCount,-28.787878787878785,50,50,HeteroatomCount,5.34,5.0,4.0,6.75,-0.24,0.0,0.0,0.0
residual::HeavyAtomCount,residual_property,HeavyAtomCount,-28.787878787878785,50,50,RingCount_calc,2.5,2.5,2.0,3.0,-0.26,0.0,0.0,0.0
residual::HeavyAtomCount,residual_property,HeavyAtomCount,-28.787878787878785,50,50,AromaticRingCount_calc,1.8,2.0,1.0,2.0,-0.28,0.0,0.0,0.0
residual::HeavyAtomCount,residual_property,HeavyAtomCount,-28.787878787878785,50,50,BondCount,23.5,26.0,18.0,28.75,-0.94,0.0,0.0,0.0
residual::HeavyAtomCount,residual_property,HeavyAtomCount,-28.787878787878785,50,50,BranchPointCount,6.6,7.0,5.0,9.0,-0.54,0.0,0.0,0.0
residual::HeavyAtomCount,residual_property,HeavyAtomCount,-28.787878787878785,50,50,AromaticAtomFraction,0.4615380737544317,0.452991452991453,0.3333333333333333,0.6428571428571429,-0.051050549724616395,0.0,0.0,0.0
residual::HeavyAtomCount,residual_property,HeavyAtomCount,-28.787878787878785,50,50,AromaticBondFraction,0.44039880307332774,0.4226190476190476,0.3333333333333333,0.5942307692307692,-0.04696024532457127,0.0,0.0,0.0
residual::HeavyAtomCount,residual_property,HeavyAtomCount,-25.757575757575765,50,50,MolWt,317.97556000000003,348.4205000000001,248.515,382.2672500000001,-6.7464000000000075,0.0,0.0,0.0
residual::HeavyAtomCount,residual_property,HeavyAtomCount,-25.757575757575765,50,50,CarbonCount,16.8,17.5,13.0,20.75,-0.3,0.0,0.0,0.0
residual::HeavyAtomCount,residual_property,HeavyAtomCount,-25.757575757575765,50,50,HeavyAtomCount_calc,22.2,23.5,18.0,26.0,-0.48,0.0,0.0,0.0
residual::HeavyAtomCount,residual_property,HeavyAtomCount,-25.757575757575765,50,50,HeteroatomCount,5.4,5.0,4.0,6.75,-0.18,0.0,0.0,0.0
residual::HeavyAtomCount,residual_property,HeavyAtomCount,-25.757575757575765,50,50,RingCount_calc,2.64,3.0,2.0,3.0,-0.12,0.0,0.0,0.0
residual::HeavyAtomCount,residual_property,HeavyAtomCount,-25.757575757575765,50,50,AromaticRingCount_calc,1.96,2.0,1.0,2.0,-0.12,0.0,0.0,0.0
residual::HeavyAtomCount,residual_property,HeavyAtomCount,-25.757575757575765,50,50,BondCount,23.84,26.0,18.0,28.75,-0.6,0.0,0.0,0.0
residual::HeavyAtomCount,residual_property,HeavyAtomCount,-25.757575757575765,50,50,BranchPointCount,6.82,7.0,5.0,9.0,-0.32,0.0,0.0,0.0
residual::HeavyAtomCount,residual_property,HeavyAtomCount,-25.757575757575765,50,50,AromaticAtomFraction,0.49295444863098814,0.48193548387096774,0.37740384615384615,0.6428571428571429,-0.01963417484805984,0.0,0.0,0.0
residual::HeavyAtomCount,residual_property,HeavyAtomCount,-25.757575757575765,50,50,AromaticBondFraction,0.468970059372337,0.4444444444444444,0.3556149732620321,0.6,-0.01838898902556191,0.0,0.0,0.0
residual::HeavyAtomCount,residual_property,HeavyAtomCount,-22.727272727272734,50,50,MolWt,318.13514000000004,348.4205000000001,248.515,382.2672500000001,-6.586820000000004,0.0,0.0,0.0
residual::HeavyAtomCount,residual_property,HeavyAtomCount,-22.727272727272734,50,50,CarbonCount,16.82,17.5,13.0,20.75,-0.28,0.0,0.0,0.0
residual::HeavyAtomCount,residual_property,HeavyAtomCount,-22.727272727272734,50,50,HeavyAtomCount_calc,22.22,23.5,18.0,26.0,-0.46,0.0,0.0,0.0
residual::HeavyAtomCount,residual_property,HeavyAtomCount,-22.727272727272734,50,50,HeteroatomCount,5.4,5.0,4.0,6.75,-0.18,0.0,0.0,0.0
residual::HeavyAtomCount,residual_property,HeavyAtomCount,-22.727272727272734,50,50,RingCount_calc,2.66,3.0,2.0,3.0,-0.1,0.0,0.0,0.0
residual::HeavyAtomCount,residual_property,HeavyAtomCount,-22.727272727272734,50,50,AromaticRingCount_calc,1.96,2.0,1.0,2.0,-0.12,0.0,0.0,0.0
residual::HeavyAtomCount,residual_property,HeavyAtomCount,-22.727272727272734,50,50,BondCount,23.88,26.0,18.0,28.75,-0.56,0.0,0.0,0.0
residual::HeavyAtomCount,residual_property,HeavyAtomCount,-22.727272727272734,50,50,BranchPointCount,6.84,7.0,5.0,9.0,-0.3,0.0,0.0,0.0
residual::HeavyAtomCount,residual_property,HeavyAtomCount,-22.727272727272734,50,50,AromaticAtomFraction,0.4951514183279579,0.4843597262952102,0.38846153846153847,0.6428571428571429,-0.01743720515109014,0.0,0.0,0.0
residual::HeavyAtomCount,residual_property,HeavyAtomCount,-22.727272727272734,50,50,AromaticBondFraction,0.47063199525780225,0.45751633986928103,0.37094155844155846,0.6,-0.016727053140096617,0.0,0.0,0.0
residual::HeavyAtomCount,residual_property,HeavyAtomCount,-19.69696969696969,50,50,MolWt,318.57608000000005,348.4205000000001,248.515,382.2672500000001,-6.145880000000003,0.0,0.0,0.0
residual::HeavyAtomCount,residual_property,HeavyAtomCount,-19.69696969696969,50,50,CarbonCount,16.82,17.5,13.0,20.75,-0.28,0.0,0.0,0.0
residual::HeavyAtomCount,residual_property,HeavyAtomCount,-19.69696969696969,50,50,HeavyAtomCount_calc,22.24,23.5,18.0,26.0,-0.44,0.0,0.0,0.0
residual::HeavyAtomCount,residual_property,HeavyAtomCount,-19.69696969696969,50,50,HeteroatomCount,5.42,5.0,4.0,6.75,-0.16,0.0,0.0,0.0
residual::HeavyAtomCount,residual_property,HeavyAtomCount,-19.69696969696969,50,50,RingCount_calc,2.66,3.0,2.0,3.0,-0.1,0.0,0.0,0.0
residual::HeavyAtomCount,residual_property,HeavyAtomCount,-19.69696969696969,50,50,AromaticRingCount_calc,1.94,2.0,1.0,2.0,-0.14,0.0,0.0,0.0
residual::HeavyAtomCount,residual_property,HeavyAtomCount,-19.69696969696969,50,50,BondCount,23.9,26.0,18.0,28.75,-0.54,0.0,0.0,0.0
residual::HeavyAtomCount,residual_property,HeavyAtomCount,-19.69696969696969,50,50,BranchPointCount,6.84,7.0,5.0,9.0,-0.3,0.0,0.0,0.0
residual::HeavyAtomCount,residual_property,HeavyAtomCount,-19.69696969696969,50,50,AromaticAtomFraction,0.4889838603956941,0.48193548387096774,0.37740384615384615,0.6428571428571429,-0.023604763083353957,0.0,0.0,0.0
residual::HeavyAtomCount,residual_property,HeavyAtomCount,-19.69696969696969,50,50,AromaticBondFraction,0.46464880198049135,0.4444444444444444,0.3556149732620321,0.6,-0.02271024641740754,0.0,0.0,0.0
residual::HeavyAtomCount,residual_property,HeavyAtomCount,-16.666666666666657,50,50,MolWt,318.61640000000006,348.4205000000001,248.515,382.2672500000001,-6.105560000000005,0.0,0.0,0.0
residual::HeavyAtomCount,residual_property,HeavyAtomCount,-16.666666666666657,50,50,CarbonCount,16.82,17.5,13.0,20.75,-0.28,0.0,0.0,0.0
residual::HeavyAtomCount,residual_property,HeavyAtomCount,-16.666666666666657,50,50,HeavyAtomCount_calc,22.24,23.5,18.0,26.0,-0.44,0.0,0.0,0.0
residual::HeavyAtomCount,residual_property,HeavyAtomCount,-16.666666666666657,50,50,HeteroatomCount,5.42,5.0,4.0,6.75,-0.16,0.0,0.0,0.0
residual::HeavyAtomCount,residual_property,HeavyAtomCount,-16.666666666666657,50,50,RingCount_calc,2.64,3.0,2.0,3.0,-0.12,0.0,0.0,0.0
residual::HeavyAtomCount,residual_property,HeavyAtomCount,-16.666666666666657,50,50,AromaticRingCount_calc,1.94,2.0,1.0,2.0,-0.14,0.0,0.0,0.0
residual::HeavyAtomCount,residual_property,HeavyAtomCount,-16.666666666666657,50,50,BondCount,23.88,26.0,18.0,28.75,-0.56,0.0,0.0,0.0
residual::HeavyAtomCount,residual_property,HeavyAtomCount,-16.666666666666657,50,50,BranchPointCount,6.82,7.0,5.0,9.0,-0.32,0.0,0.0,0.0
residual::HeavyAtomCount,residual_property,HeavyAtomCount,-16.666666666666657,50,50,AromaticAtomFraction,0.4889838603956941,0.48193548387096774,0.37740384615384615,0.6428571428571429,-0.023604763083353957,0.0,0.0,0.0
residual::HeavyAtomCount,residual_property,HeavyAtomCount,-16.666666666666657,50,50,AromaticBondFraction,0.4647496423166258,0.4444444444444444,0.3556149732620321,0.6,-0.022609406081273088,0.0,0.0,0.0
residual::HeavyAtomCount,residual_property,HeavyAtomCount,-13.636363636363626,50,50,MolWt,325.5249600000001,351.8940000000001,252.803,386.3540000000001,0.8029999999999995,0.0,0.0,0.0
residual::HeavyAtomCount,residual_property,HeavyAtomCount,-13.636363636363626,50,50,CarbonCount,17.14,18.0,13.0,21.0,0.04,0.0,0.0,0.0
residual::HeavyAtomCount,residual_property,HeavyAtomCount,-13.636363636363626,50,50,HeavyAtomCount_calc,22.72,24.0,18.0,26.75,0.04,0.0,0.0,0.0
residual::HeavyAtomCount,residual_property,HeavyAtomCount,-13.636363636363626,50,50,HeteroatomCount,5.58,5.0,4.0,7.0,0.0,0.0,0.0,0.0
residual::HeavyAtomCount,residual_property,HeavyAtomCount,-13.636363636363626,50,50,RingCount_calc,2.66,3.0,2.0,3.0,-0.1,0.0,0.0,0.0
residual::HeavyAtomCount,residual_property,HeavyAtomCount,-13.636363636363626,50,50,AromaticRingCount_calc,2.0,2.0,1.0,2.75,-0.08,0.0,0.0,0.0
residual::HeavyAtomCount,residual_property,HeavyAtomCount,-13.636363636363626,50,50,BondCount,24.38,26.0,18.25,29.0,-0.06,0.0,0.0,0.0
residual::HeavyAtomCount,residual_property,HeavyAtomCount,-13.636363636363626,50,50,BranchPointCount,7.0,7.0,5.0,9.0,-0.14,0.0,0.0,0.0
residual::HeavyAtomCount,residual_property,HeavyAtomCount,-13.636363636363626,50,50,AromaticAtomFraction,0.4989838603956941,0.49193548387096775,0.38846153846153847,0.6428571428571429,-0.013604763083353956,0.0,0.0,0.0
residual::HeavyAtomCount,residual_property,HeavyAtomCount,-13.636363636363626,50,50,AromaticBondFraction,0.4741614070225082,0.45751633986928103,0.37094155844155846,0.6,-0.013197641375390734,0.0,0.0,0.0
residual::HeavyAtomCount,residual_property,HeavyAtomCount,-10.606060606060597,50,50,MolWt,325.48464,351.8940000000001,252.803,386.3540000000001,0.762679999999998,0.0,0.0,0.0
residual::HeavyAtomCount,residual_property,HeavyAtomCount,-10.606060606060597,50,50,CarbonCount,17.14,18.0,13.0,21.0,0.04,0.0,0.0,0.0
residual::HeavyAtomCount,residual_property,HeavyAtomCount,-10.606060606060597,50,50,HeavyAtomCount_calc,22.72,24.0,18.0,26.75,0.04,0.0,0.0,0.0
residual::HeavyAtomCount,residual_property,HeavyAtomCount,-10.606060606060597,50,50,HeteroatomCount,5.58,5.0,4.0,7.0,0.0,0.0,0.0,0.0
residual::HeavyAtomCount,residual_property,HeavyAtomCount,-10.606060606060597,50,50,RingCount_calc,2.68,3.0,2.0,3.0,-0.08,0.0,0.0,0.0
residual::HeavyAtomCount,residual_property,HeavyAtomCount,-10.606060606060597,50,50,AromaticRingCount_calc,2.02,2.0,1.0,2.75,-0.06,0.0,0.0,0.0
residual::HeavyAtomCount,residual_property,HeavyAtomCount,-10.606060606060597,50,50,BondCount,24.4,26.0,18.25,29.0,-0.04,0.0,0.0,0.0
residual::HeavyAtomCount,residual_property,HeavyAtomCount,-10.606060606060597,50,50,BranchPointCount,7.04,7.0,5.0,9.0,-0.1,0.0,0.0,0.0
residual::HeavyAtomCount,residual_property,HeavyAtomCount,-10.606060606060597,50,50,AromaticAtomFraction,0.5024621212652592,0.49193548387096775,0.4041666666666667,0.6428571428571429,-0.01012650221378874,0.0,0.0,0.0
residual::HeavyAtomCount,residual_property,HeavyAtomCount,-10.606060606060597,50,50,AromaticBondFraction,0.47811068238482707,0.4644607843137255,0.39285714285714285,0.6,-0.009248366013071893,0.0,0.0,0.0
residual::HeavyAtomCount,residual_property,HeavyAtomCount,-7.575757575757564,50,50,MolWt,325.84582,351.8940000000001,252.803,386.3540000000001,1.1238599999999963,0.0,0.0,0.0
residual::HeavyAtomCount,residual_property,HeavyAtomCount,-7.575757575757564,50,50,CarbonCount,17.16,18.0,13.0,21.0,0.06,0.0,0.0,0.0
residual::HeavyAtomCount,residual_property,HeavyAtomCount,-7.575757575757564,50,50,HeavyAtomCount_calc,22.74,24.0,18.0,26.75,0.06,0.0,0.0,0.0
residual::HeavyAtomCount,residual_property,HeavyAtomCount,-7.575757575757564,50,50,HeteroatomCount,5.58,5.0,4.0,7.0,0.0,0.0,0.0,0.0
residual::HeavyAtomCount,residual_property,HeavyAtomCount,-7.575757575757564,50,50,RingCount_calc,2.66,3.0,2.0,3.0,-0.1,0.0,0.0,0.0
residual::HeavyAtomCount,residual_property,HeavyAtomCount,-7.575757575757564,50,50,AromaticRingCount_calc,1.98,2.0,1.0,2.0,-0.1,0.0,0.0,0.0
residual::HeavyAtomCount,residual_property,HeavyAtomCount,-7.575757575757564,50,50,BondCount,24.4,26.0,18.25,29.0,-0.04,0.0,0.0,0.0
residual::HeavyAtomCount,residual_property,HeavyAtomCount,-7.575757575757564,50,50,BranchPointCount,7.0,7.0,5.0,9.0,-0.14,0.0,0.0,0.0
residual::HeavyAtomCount,residual_property,HeavyAtomCount,-7.575757575757564,50,50,AromaticAtomFraction,0.49653470191042054,0.49,0.38846153846153847,0.6428571428571429,-0.01605392156862745,0.0,0.0,0.0
residual::HeavyAtomCount,residual_property,HeavyAtomCount,-7.575757575757564,50,50,AromaticBondFraction,0.4722283294436506,0.45138888888888884,0.37094155844155846,0.6,-0.015130718954248364,0.0,0.0,0.0
residual::HeavyAtomCount,residual_property,HeavyAtomCount,-4.545454545454561,50,50,MolWt,325.84582,351.8940000000001,252.803,386.3540000000001,1.1238599999999963,0.0,0.0,0.0
residual::HeavyAtomCount,residual_property,HeavyAtomCount,-4.545454545454561,50,50,CarbonCount,17.16,18.0,13.0,21.0,0.06,0.0,0.0,0.0
residual::HeavyAtomCount,residual_property,HeavyAtomCount,-4.545454545454561,50,50,HeavyAtomCount_calc,22.74,24.0,18.0,26.75,0.06,0.0,0.0,0.0
residual::HeavyAtomCount,residual_property,HeavyAtomCount,-4.545454545454561,50,50,HeteroatomCount,5.58,5.0,4.0,7.0,0.0,0.0,0.0,0.0
residual::HeavyAtomCount,residual_property,HeavyAtomCount,-4.545454545454561,50,50,RingCount_calc,2.66,3.0,2.0,3.0,-0.1,0.0,0.0,0.0
residual::HeavyAtomCount,residual_property,HeavyAtomCount,-4.545454545454561,50,50,AromaticRingCount_calc,1.98,2.0,1.0,2.0,-0.1,0.0,0.0,0.0
residual::HeavyAtomCount,residual_property,HeavyAtomCount,-4.545454545454561,50,50,BondCount,24.4,26.0,18.25,29.0,-0.04,0.0,0.0,0.0
residual::HeavyAtomCount,residual_property,HeavyAtomCount,-4.545454545454561,50,50,BranchPointCount,7.0,7.0,5.0,9.0,-0.14,0.0,0.0,0.0
residual::HeavyAtomCount,residual_property,HeavyAtomCount,-4.545454545454561,50,50,AromaticAtomFraction,0.49653470191042054,0.49,0.38846153846153847,0.6428571428571429,-0.01605392156862745,0.0,0.0,0.0
residual::HeavyAtomCount,residual_property,HeavyAtomCount,-4.545454545454561,50,50,AromaticBondFraction,0.4722283294436506,0.45138888888888884,0.37094155844155846,0.6,-0.015130718954248364,0.0,0.0,0.0
residual::HeavyAtomCount,residual_property,HeavyAtomCount,-1.5151515151515298,50,50,MolWt,325.5249600000001,351.8940000000001,252.803,386.3540000000001,0.8029999999999973,0.0,0.0,0.0
residual::HeavyAtomCount,residual_property,HeavyAtomCount,-1.5151515151515298,50,50,CarbonCount,17.14,18.0,13.0,21.0,0.04,0.0,0.0,0.0
residual::HeavyAtomCount,residual_property,HeavyAtomCount,-1.5151515151515298,50,50,HeavyAtomCount_calc,22.72,24.0,18.0,26.75,0.04,0.0,0.0,0.0
residual::HeavyAtomCount,residual_property,HeavyAtomCount,-1.5151515151515298,50,50,HeteroatomCount,5.58,5.0,4.0,7.0,0.0,0.0,0.0,0.0
residual::HeavyAtomCount,residual_property,HeavyAtomCount,-1.5151515151515298,50,50,RingCount_calc,2.68,3.0,2.0,3.0,-0.08,0.0,0.0,0.0
residual::HeavyAtomCount,residual_property,HeavyAtomCount,-1.5151515151515298,50,50,AromaticRingCount_calc,1.98,2.0,1.0,2.0,-0.1,0.0,0.0,0.0
residual::HeavyAtomCount,residual_property,HeavyAtomCount,-1.5151515151515298,50,50,BondCount,24.4,26.0,18.25,29.0,-0.04,0.0,0.0,0.0
residual::HeavyAtomCount,residual_property,HeavyAtomCount,-1.5151515151515298,50,50,BranchPointCount,7.02,7.0,5.0,9.0,-0.12,0.0,0.0,0.0
residual::HeavyAtomCount,residual_property,HeavyAtomCount,-1.5151515151515298,50,50,AromaticAtomFraction,0.496857282555582,0.49,0.38846153846153847,0.6428571428571429,-0.01573134092346616,0.0,0.0,0.0
residual::HeavyAtomCount,residual_property,HeavyAtomCount,-1.5151515151515298,50,50,AromaticBondFraction,0.4722283294436506,0.45138888888888884,0.37094155844155846,0.6,-0.015130718954248364,0.0,0.0,0.0
residual::HeavyAtomCount,residual_property,HeavyAtomCount,1.5151515151515014,50,50,MolWt,325.5249600000001,351.8940000000001,252.803,386.3540000000001,0.8029999999999973,0.0,0.0,0.0
residual::HeavyAtomCount,residual_property,HeavyAtomCount,1.5151515151515014,50,50,CarbonCount,17.14,18.0,13.0,21.0,0.04,0.0,0.0,0.0
residual::HeavyAtomCount,residual_property,HeavyAtomCount,1.5151515151515014,50,50,HeavyAtomCount_calc,22.72,24.0,18.0,26.75,0.04,0.0,0.0,0.0
residual::HeavyAtomCount,residual_property,HeavyAtomCount,1.5151515151515014,50,50,HeteroatomCount,5.58,5.0,4.0,7.0,0.0,0.0,0.0,0.0
residual::HeavyAtomCount,residual_property,HeavyAtomCount,1.5151515151515014,50,50,RingCount_calc,2.68,3.0,2.0,3.0,-0.08,0.0,0.0,0.0
residual::HeavyAtomCount,residual_property,HeavyAtomCount,1.5151515151515014,50,50,AromaticRingCount_calc,1.98,2.0,1.0,2.0,-0.1,0.0,0.0,0.0
residual::HeavyAtomCount,residual_property,HeavyAtomCount,1.5151515151515014,50,50,BondCount,24.4,26.0,18.25,29.0,-0.04,0.0,0.0,0.0
residual::HeavyAtomCount,residual_property,HeavyAtomCount,1.5151515151515014,50,50,BranchPointCount,7.02,7.0,5.0,9.0,-0.12,0.0,0.0,0.0
residual::HeavyAtomCount,residual_property,HeavyAtomCount,1.5151515151515014,50,50,AromaticAtomFraction,0.496857282555582,0.49,0.38846153846153847,0.6428571428571429,-0.01573134092346616,0.0,0.0,0.0
residual::HeavyAtomCount,residual_property,HeavyAtomCount,1.5151515151515014,50,50,AromaticBondFraction,0.4722283294436506,0.45138888888888884,0.37094155844155846,0.6,-0.015130718954248364,0.0,0.0,0.0
residual::HeavyAtomCount,residual_property,HeavyAtomCount,4.5454545454545325,50,50,MolWt,325.5249600000001,351.8940000000001,252.803,386.3540000000001,0.8029999999999973,0.0,0.0,0.0
residual::HeavyAtomCount,residual_property,HeavyAtomCount,4.5454545454545325,50,50,CarbonCount,17.14,18.0,13.0,21.0,0.04,0.0,0.0,0.0
residual::HeavyAtomCount,residual_property,HeavyAtomCount,4.5454545454545325,50,50,HeavyAtomCount_calc,22.72,24.0,18.0,26.75,0.04,0.0,0.0,0.0
residual::HeavyAtomCount,residual_property,HeavyAtomCount,4.5454545454545325,50,50,HeteroatomCount,5.58,5.0,4.0,7.0,0.0,0.0,0.0,0.0
residual::HeavyAtomCount,residual_property,HeavyAtomCount,4.5454545454545325,50,50,RingCount_calc,2.68,3.0,2.0,3.0,-0.08,0.0,0.0,0.0
residual::HeavyAtomCount,residual_property,HeavyAtomCount,4.5454545454545325,50,50,AromaticRingCount_calc,1.98,2.0,1.0,2.0,-0.1,0.0,0.0,0.0
residual::HeavyAtomCount,residual_property,HeavyAtomCount,4.5454545454545325,50,50,BondCount,24.4,26.0,18.25,29.0,-0.04,0.0,0.0,0.0
residual::HeavyAtomCount,residual_property,HeavyAtomCount,4.5454545454545325,50,50,BranchPointCount,7.02,7.0,5.0,9.0,-0.12,0.0,0.0,0.0
residual::HeavyAtomCount,residual_property,HeavyAtomCount,4.5454545454545325,50,50,AromaticAtomFraction,0.496857282555582,0.49,0.38846153846153847,0.6428571428571429,-0.01573134092346616,0.0,0.0,0.0
residual::HeavyAtomCount,residual_property,HeavyAtomCount,4.5454545454545325,50,50,AromaticBondFraction,0.4722283294436506,0.45138888888888884,0.37094155844155846,0.6,-0.015130718954248364,0.0,0.0,0.0
residual::HeavyAtomCount,residual_property,HeavyAtomCount,7.575757575757564,50,50,MolWt,325.01194000000004,351.8940000000001,252.803,386.3540000000001,0.2899799999999982,0.0,0.0,0.0
residual::HeavyAtomCount,residual_property,HeavyAtomCount,7.575757575757564,50,50,CarbonCount,17.08,18.0,13.0,21.0,-0.02,0.0,0.0,0.0
residual::HeavyAtomCount,residual_property,HeavyAtomCount,7.575757575757564,50,50,HeavyAtomCount_calc,22.66,24.0,18.0,26.75,-0.02,0.0,0.0,0.0
residual::HeavyAtomCount,residual_property,HeavyAtomCount,7.575757575757564,50,50,HeteroatomCount,5.58,5.0,4.0,7.0,0.0,0.0,0.0,0.0
residual::HeavyAtomCount,residual_property,HeavyAtomCount,7.575757575757564,50,50,RingCount_calc,2.7,3.0,2.0,3.0,-0.06,0.0,0.0,0.0
residual::HeavyAtomCount,residual_property,HeavyAtomCount,7.575757575757564,50,50,AromaticRingCount_calc,2.0,2.0,1.0,2.0,-0.08,0.0,0.0,0.0
residual::HeavyAtomCount,residual_property,HeavyAtomCount,7.575757575757564,50,50,BondCount,24.36,26.0,18.25,29.0,-0.08,0.0,0.0,0.0
residual::HeavyAtomCount,residual_property,HeavyAtomCount,7.575757575757564,50,50,BranchPointCount,7.02,7.0,5.0,9.0,-0.12,0.0,0.0,0.0
residual::HeavyAtomCount,residual_property,HeavyAtomCount,7.575757575757564,50,50,AromaticAtomFraction,0.5010698062747471,0.49,0.3903225806451613,0.6428571428571429,-0.011518817204301075,0.0,0.0,0.0
residual::HeavyAtomCount,residual_property,HeavyAtomCount,7.575757575757564,50,50,AromaticBondFraction,0.4761989176789447,0.45138888888888884,0.3794642857142857,0.6,-0.011160130718954246,0.0,0.0,0.0
residual::HeavyAtomCount,residual_property,HeavyAtomCount,10.606060606060597,50,50,MolWt,325.01194000000004,351.8940000000001,252.803,386.3540000000001,0.2899799999999982,0.0,0.0,0.0
residual::HeavyAtomCount,residual_property,HeavyAtomCount,10.606060606060597,50,50,CarbonCount,17.08,18.0,13.0,21.0,-0.02,0.0,0.0,0.0
residual::HeavyAtomCount,residual_property,HeavyAtomCount,10.606060606060597,50,50,HeavyAtomCount_calc,22.66,24.0,18.0,26.75,-0.02,0.0,0.0,0.0
residual::HeavyAtomCount,residual_property,HeavyAtomCount,10.606060606060597,50,50,HeteroatomCount,5.58,5.0,4.0,7.0,0.0,0.0,0.0,0.0
residual::HeavyAtomCount,residual_property,HeavyAtomCount,10.606060606060597,50,50,RingCount_calc,2.7,3.0,2.0,3.0,-0.06,0.0,0.0,0.0
residual::HeavyAtomCount,residual_property,HeavyAtomCount,10.606060606060597,50,50,AromaticRingCount_calc,2.0,2.0,1.0,2.0,-0.08,0.0,0.0,0.0
residual::HeavyAtomCount,residual_property,HeavyAtomCount,10.606060606060597,50,50,BondCount,24.36,26.0,18.25,29.0,-0.08,0.0,0.0,0.0
residual::HeavyAtomCount,residual_property,HeavyAtomCount,10.606060606060597,50,50,BranchPointCount,7.02,7.0,5.0,9.0,-0.12,0.0,0.0,0.0
residual::HeavyAtomCount,residual_property,HeavyAtomCount,10.606060606060597,50,50,AromaticAtomFraction,0.5010698062747471,0.49,0.3903225806451613,0.6428571428571429,-0.011518817204301075,0.0,0.0,0.0
residual::HeavyAtomCount,residual_property,HeavyAtomCount,10.606060606060597,50,50,AromaticBondFraction,0.4761989176789447,0.45138888888888884,0.3794642857142857,0.6,-0.011160130718954246,0.0,0.0,0.0
residual::HeavyAtomCount,residual_property,HeavyAtomCount,13.636363636363626,50,50,MolWt,325.01194000000004,351.8940000000001,252.803,386.3540000000001,0.2899799999999982,0.0,0.0,0.0
residual::HeavyAtomCount,residual_property,HeavyAtomCount,13.636363636363626,50,50,CarbonCount,17.08,18.0,13.0,21.0,-0.02,0.0,0.0,0.0
residual::HeavyAtomCount,residual_property,HeavyAtomCount,13.636363636363626,50,50,HeavyAtomCount_calc,22.66,24.0,18.0,26.75,-0.02,0.0,0.0,0.0
residual::HeavyAtomCount,residual_property,HeavyAtomCount,13.636363636363626,50,50,HeteroatomCount,5.58,5.0,4.0,7.0,0.0,0.0,0.0,0.0
residual::HeavyAtomCount,residual_property,HeavyAtomCount,13.636363636363626,50,50,RingCount_calc,2.7,3.0,2.0,3.0,-0.06,0.0,0.0,0.0
residual::HeavyAtomCount,residual_property,HeavyAtomCount,13.636363636363626,50,50,AromaticRingCount_calc,2.0,2.0,1.0,2.0,-0.08,0.0,0.0,0.0
residual::HeavyAtomCount,residual_property,HeavyAtomCount,13.636363636363626,50,50,BondCount,24.36,26.0,18.25,29.0,-0.08,0.0,0.0,0.0
residual::HeavyAtomCount,residual_property,HeavyAtomCount,13.636363636363626,50,50,BranchPointCount,7.02,7.0,5.0,9.0,-0.12,0.0,0.0,0.0
residual::HeavyAtomCount,residual_property,HeavyAtomCount,13.636363636363626,50,50,AromaticAtomFraction,0.5010698062747471,0.49,0.3903225806451613,0.6428571428571429,-0.011518817204301075,0.0,0.0,0.0
residual::HeavyAtomCount,residual_property,HeavyAtomCount,13.636363636363626,50,50,AromaticBondFraction,0.4761989176789447,0.45138888888888884,0.3794642857142857,0.6,-0.011160130718954246,0.0,0.0,0.0
residual::HeavyAtomCount,residual_property,HeavyAtomCount,16.666666666666657,50,50,MolWt,325.7486200000001,351.8940000000001,252.803,386.3540000000001,1.026659999999997,0.0,0.0,0.0
residual::HeavyAtomCount,residual_property,HeavyAtomCount,16.666666666666657,50,50,CarbonCount,17.06,18.0,13.0,21.0,-0.04,0.0,0.0,0.0
residual::HeavyAtomCount,residual_property,HeavyAtomCount,16.666666666666657,50,50,HeavyAtomCount_calc,22.64,24.0,18.0,26.75,-0.04,0.0,0.0,0.0
residual::HeavyAtomCount,residual_property,HeavyAtomCount,16.666666666666657,50,50,HeteroatomCount,5.58,5.0,4.0,7.0,0.0,0.0,0.0,0.0
residual::HeavyAtomCount,residual_property,HeavyAtomCount,16.666666666666657,50,50,RingCount_calc,2.7,3.0,2.0,3.0,-0.06,0.0,0.0,0.0
residual::HeavyAtomCount,residual_property,HeavyAtomCount,16.666666666666657,50,50,AromaticRingCount_calc,1.96,2.0,1.0,2.0,-0.12,0.0,0.0,0.0
residual::HeavyAtomCount,residual_property,HeavyAtomCount,16.666666666666657,50,50,BondCount,24.34,26.0,18.25,29.0,-0.1,0.0,0.0,0.0
residual::HeavyAtomCount,residual_property,HeavyAtomCount,16.666666666666657,50,50,BranchPointCount,6.98,7.0,5.0,9.0,-0.16,0.0,0.0,0.0
residual::HeavyAtomCount,residual_property,HeavyAtomCount,16.666666666666657,50,50,AromaticAtomFraction,0.4940805589629191,0.4707692307692308,0.38523573200992556,0.6428571428571429,-0.018508064516129033,0.0,0.0,0.0
residual::HeavyAtomCount,residual_property,HeavyAtomCount,16.666666666666657,50,50,AromaticBondFraction,0.46981745600336533,0.4444444444444444,0.3664772727272727,0.6,-0.01754159239453357,0.0,0.0,0.0
residual::HeavyAtomCount,residual_property,HeavyAtomCount,19.69696969696969,50,50,MolWt,325.63016000000005,351.8940000000001,252.803,386.3540000000001,0.9082000000000028,0.0,0.0,0.0
residual::HeavyAtomCount,residual_property,HeavyAtomCount,19.69696969696969,50,50,CarbonCount,17.08,18.0,13.0,21.0,-0.02,0.0,0.0,0.0
residual::HeavyAtomCount,residual_property,HeavyAtomCount,19.69696969696969,50,50,HeavyAtomCount_calc,22.62,24.0,18.0,26.75,-0.06,0.0,0.0,0.0
residual::HeavyAtomCount,residual_property,HeavyAtomCount,19.69696969696969,50,50,HeteroatomCount,5.54,5.0,4.0,7.0,-0.04,0.0,0.0,0.0
residual::HeavyAtomCount,residual_property,HeavyAtomCount,19.69696969696969,50,50,RingCount_calc,2.62,3.0,2.0,3.0,-0.14,0.0,0.0,0.0
residual::HeavyAtomCount,residual_property,HeavyAtomCount,19.69696969696969,50,50,AromaticRingCount_calc,1.9,2.0,1.0,2.0,-0.18,0.0,0.0,0.0
residual::HeavyAtomCount,residual_property,HeavyAtomCount,19.69696969696969,50,50,BondCount,24.24,26.0,18.25,28.75,-0.2,0.0,0.0,0.0
residual::HeavyAtomCount,residual_property,HeavyAtomCount,19.69696969696969,50,50,BranchPointCount,6.86,7.0,5.0,9.0,-0.28,0.0,0.0,0.0
residual::HeavyAtomCount,residual_property,HeavyAtomCount,19.69696969696969,50,50,AromaticAtomFraction,0.48385067390544767,0.46153846153846156,0.37740384615384615,0.6428571428571429,-0.028737949573600298,0.0,0.0,0.0
residual::HeavyAtomCount,residual_property,HeavyAtomCount,19.69696969696969,50,50,AromaticBondFraction,0.4596903787795139,0.4444444444444444,0.3556149732620321,0.6,-0.02766866961838499,0.0,0.0,0.0
residual::HeavyAtomCount,residual_property,HeavyAtomCount,22.72727272727272,50,50,MolWt,325.59038000000004,351.8940000000001,252.803,389.0215000000001,0.8684200000000021,0.0,0.0,0.0
residual::HeavyAtomCount,residual_property,HeavyAtomCount,22.72727272727272,50,50,CarbonCount,17.16,18.0,13.0,21.0,0.06,0.0,0.0,0.0
residual::HeavyAtomCount,residual_property,HeavyAtomCount,22.72727272727272,50,50,HeavyAtomCount_calc,22.66,24.0,18.0,26.75,-0.02,0.0,0.0,0.0
residual::HeavyAtomCount,residual_property,HeavyAtomCount,22.72727272727272,50,50,HeteroatomCount,5.5,5.0,4.0,7.0,-0.08,0.0,0.0,0.0
residual::HeavyAtomCount,residual_property,HeavyAtomCount,22.72727272727272,50,50,RingCount_calc,2.68,3.0,2.0,3.0,-0.08,0.0,0.0,0.0
residual::HeavyAtomCount,residual_property,HeavyAtomCount,22.72727272727272,50,50,AromaticRingCount_calc,1.86,2.0,1.0,2.0,-0.22,0.0,0.0,0.0
residual::HeavyAtomCount,residual_property,HeavyAtomCount,22.72727272727272,50,50,BondCount,24.32,26.0,18.25,29.0,-0.12,0.0,0.0,0.0
residual::HeavyAtomCount,residual_property,HeavyAtomCount,22.72727272727272,50,50,BranchPointCount,6.82,7.0,5.0,9.0,-0.32,0.0,0.0,0.0
residual::HeavyAtomCount,residual_property,HeavyAtomCount,22.72727272727272,50,50,AromaticAtomFraction,0.4869588430351686,0.4707692307692308,0.37740384615384615,0.6428571428571429,-0.02562978044387944,0.0,0.0,0.0
residual::HeavyAtomCount,residual_property,HeavyAtomCount,22.72727272727272,50,50,AromaticBondFraction,0.46262017005086115,0.4444444444444444,0.3556149732620321,0.6,-0.02473887834703774,0.0,0.0,0.0
residual::HeavyAtomCount,residual_property,HeavyAtomCount,25.75757575757575,50,50,MolWt,325.10342,351.8940000000001,252.803,389.0215000000001,0.3814599999999905,0.0,0.0,0.0
residual::HeavyAtomCount,residual_property,HeavyAtomCount,25.75757575757575,50,50,CarbonCount,17.24,18.0,13.0,21.0,0.14,0.0,0.0,0.0
residual::HeavyAtomCount,residual_property,HeavyAtomCount,25.75757575757575,50,50,HeavyAtomCount_calc,22.7,24.0,18.0,26.75,0.02,0.0,0.0,0.0
residual::HeavyAtomCount,residual_property,HeavyAtomCount,25.75757575757575,50,50,HeteroatomCount,5.46,5.0,4.0,6.75,-0.12,0.0,0.0,0.0
residual::HeavyAtomCount,residual_property,HeavyAtomCount,25.75757575757575,50,50,RingCount_calc,2.66,3.0,2.0,3.0,-0.1,0.0,0.0,0.0
residual::HeavyAtomCount,residual_property,HeavyAtomCount,25.75757575757575,50,50,AromaticRingCount_calc,1.86,2.0,1.0,2.0,-0.22,0.0,0.0,0.0
residual::HeavyAtomCount,residual_property,HeavyAtomCount,25.75757575757575,50,50,BondCount,24.34,26.0,18.25,29.0,-0.1,0.0,0.0,0.0
residual::HeavyAtomCount,residual_property,HeavyAtomCount,25.75757575757575,50,50,BranchPointCount,6.78,7.0,5.0,9.0,-0.36,0.0,0.0,0.0
residual::HeavyAtomCount,residual_property,HeavyAtomCount,25.75757575757575,50,50,AromaticAtomFraction,0.48673637362471256,0.4707692307692308,0.37740384615384615,0.6428571428571429,-0.025852249854335506,0.0,0.0,0.0
residual::HeavyAtomCount,residual_property,HeavyAtomCount,25.75757575757575,50,50,AromaticBondFraction,0.4625064802407767,0.45138888888888884,0.3556149732620321,0.6,-0.024852568157122234,0.0,0.0,0.0
residual::HeavyAtomCount,residual_property,HeavyAtomCount,28.787878787878785,50,50,MolWt,324.01472000000007,351.8940000000001,252.803,386.7822500000001,-0.7072400000000084,0.0,0.0,0.0
residual::HeavyAtomCount,residual_property,HeavyAtomCount,28.787878787878785,50,50,CarbonCount,17.2,18.0,13.0,21.0,0.1,0.0,0.0,0.0
residual::HeavyAtomCount,residual_property,HeavyAtomCount,28.787878787878785,50,50,HeavyAtomCount_calc,22.64,24.0,18.0,26.75,-0.04,0.0,0.0,0.0
residual::HeavyAtomCount,residual_property,HeavyAtomCount,28.787878787878785,50,50,HeteroatomCount,5.44,5.0,4.0,6.75,-0.14,0.0,0.0,0.0
residual::HeavyAtomCount,residual_property,HeavyAtomCount,28.787878787878785,50,50,RingCount_calc,2.64,3.0,2.0,3.0,-0.12,0.0,0.0,0.0
residual::HeavyAtomCount,residual_property,HeavyAtomCount,28.787878787878785,50,50,AromaticRingCount_calc,1.82,2.0,1.0,2.0,-0.26,0.0,0.0,0.0
residual::HeavyAtomCount,residual_property,HeavyAtomCount,28.787878787878785,50,50,BondCount,24.26,26.0,18.25,29.0,-0.18,0.0,0.0,0.0
residual::HeavyAtomCount,residual_property,HeavyAtomCount,28.787878787878785,50,50,BranchPointCount,6.8,7.0,5.0,8.75,-0.34,0.0,0.0,0.0
residual::HeavyAtomCount,residual_property,HeavyAtomCount,28.787878787878785,50,50,AromaticAtomFraction,0.4805236735231504,0.4707692307692308,0.37740384615384615,0.6428571428571429,-0.03206494995589763,0.0,0.0,0.0
residual::HeavyAtomCount,residual_property,HeavyAtomCount,28.787878787878785,50,50,AromaticBondFraction,0.45628586214919087,0.45138888888888884,0.3584558823529412,0.6,-0.03107318624870807,0.0,0.0,0.0
residual::HeavyAtomCount,residual_property,HeavyAtomCount,31.818181818181813,50,50,MolWt,323.74510000000004,351.8940000000001,252.803,388.5400000000001,-0.9768600000000152,0.0,0.0,0.0
residual::HeavyAtomCount,residual_property,HeavyAtomCount,31.818181818181813,50,50,CarbonCount,17.16,18.0,13.0,21.0,0.06,0.0,0.0,0.0
residual::HeavyAtomCount,residual_property,HeavyAtomCount,31.818181818181813,50,50,HeavyAtomCount_calc,22.64,24.0,18.0,27.0,-0.04,0.0,0.0,0.0
residual::HeavyAtomCount,residual_property,HeavyAtomCount,31.818181818181813,50,50,HeteroatomCount,5.48,5.0,4.0,6.75,-0.1,0.0,0.0,0.0
residual::HeavyAtomCount,residual_property,HeavyAtomCount,31.818181818181813,50,50,RingCount_calc,2.64,3.0,2.0,3.0,-0.12,0.0,0.0,0.0
residual::HeavyAtomCount,residual_property,HeavyAtomCount,31.818181818181813,50,50,AromaticRingCount_calc,1.78,2.0,1.0,2.0,-0.3,0.0,0.0,0.0
residual::HeavyAtomCount,residual_property,HeavyAtomCount,31.818181818181813,50,50,BondCount,24.26,26.0,18.25,29.75,-0.18,0.0,0.0,0.0
residual::HeavyAtomCount,residual_property,HeavyAtomCount,31.818181818181813,50,50,BranchPointCount,6.82,7.0,5.0,8.0,-0.32,0.0,0.0,0.0
residual::HeavyAtomCount,residual_property,HeavyAtomCount,31.818181818181813,50,50,AromaticAtomFraction,0.471036494035971,0.4707692307692308,0.34375,0.6321428571428571,-0.04155212944307712,0.0,0.0,0.0
residual::HeavyAtomCount,residual_property,HeavyAtomCount,31.818181818181813,50,50,AromaticBondFraction,0.4476864294420539,0.45138888888888884,0.3382352941176471,0.5863636363636363,-0.039672618955844986,0.0,0.0,0.0
residual::HeavyAtomCount,residual_property,HeavyAtomCount,34.848484848484844,50,50,MolWt,324.8209800000001,351.8940000000001,252.803,386.51425000000006,0.09901999999998566,0.0,0.0,0.0
residual::HeavyAtomCount,residual_property,HeavyAtomCount,34.848484848484844,50,50,CarbonCount,17.3,18.5,13.0,21.0,0.2,0.0,0.0,0.0
residual::HeavyAtomCount,residual_property,HeavyAtomCount,34.848484848484844,50,50,HeavyAtomCount_calc,22.74,24.0,18.0,27.0,0.06,0.0,0.0,0.0
residual::HeavyAtomCount,residual_property,HeavyAtomCount,34.848484848484844,50,50,HeteroatomCount,5.44,5.0,4.0,6.75,-0.14,0.0,0.0,0.0
residual::HeavyAtomCount,residual_property,HeavyAtomCount,34.848484848484844,50,50,RingCount_calc,2.56,3.0,2.0,3.0,-0.2,0.0,0.0,0.0
residual::HeavyAtomCount,residual_property,HeavyAtomCount,34.848484848484844,50,50,AromaticRingCount_calc,1.68,2.0,1.0,2.0,-0.4,0.0,0.0,0.0
residual::HeavyAtomCount,residual_property,HeavyAtomCount,34.848484848484844,50,50,BondCount,24.28,26.0,18.25,28.75,-0.16,0.0,0.0,0.0
residual::HeavyAtomCount,residual_property,HeavyAtomCount,34.848484848484844,50,50,BranchPointCount,6.7,7.0,5.0,8.0,-0.44,0.0,0.0,0.0
residual::HeavyAtomCount,residual_property,HeavyAtomCount,34.848484848484844,50,50,AromaticAtomFraction,0.4504976456567117,0.46153846153846156,0.30833333333333335,0.5888888888888889,-0.06209097782233641,0.0,0.0,0.0
residual::HeavyAtomCount,residual_property,HeavyAtomCount,34.848484848484844,50,50,AromaticBondFraction,0.4289058392489874,0.4365079365079365,0.2924107142857143,0.5454545454545454,-0.05845320914891146,0.0,-0.012096774193548376,0.0
residual::HeavyAtomCount,residual_property,HeavyAtomCount,37.87878787878788,50,50,MolWt,322.34642,349.4285000000001,252.803,385.3572500000001,-2.3755400000000133,0.0,0.0,0.0
residual::HeavyAtomCount,residual_property,HeavyAtomCount,37.87878787878788,50,50,CarbonCount,17.26,18.0,13.0,21.75,0.16,0.0,0.0,0.0
residual::HeavyAtomCount,residual_property,HeavyAtomCount,37.87878787878788,50,50,HeavyAtomCount_calc,22.58,23.5,18.0,27.0,-0.1,0.0,0.0,0.0
residual::HeavyAtomCount,residual_property,HeavyAtomCount,37.87878787878788,50,50,HeteroatomCount,5.32,5.0,4.0,6.0,-0.26,0.0,0.0,0.0
residual::HeavyAtomCount,residual_property,HeavyAtomCount,37.87878787878788,50,50,RingCount_calc,2.46,2.0,2.0,3.0,-0.3,0.0,-0.75,0.0
residual::HeavyAtomCount,residual_property,HeavyAtomCount,37.87878787878788,50,50,AromaticRingCount_calc,1.58,1.0,1.0,2.0,-0.5,0.0,-1.0,0.0
residual::HeavyAtomCount,residual_property,HeavyAtomCount,37.87878787878788,50,50,BondCount,24.0,26.0,18.25,29.0,-0.44,0.0,0.0,0.0
residual::HeavyAtomCount,residual_property,HeavyAtomCount,37.87878787878788,50,50,BranchPointCount,6.36,7.0,5.0,7.75,-0.78,0.0,-1.0,0.0
residual::HeavyAtomCount,residual_property,HeavyAtomCount,37.87878787878788,50,50,AromaticAtomFraction,0.43002261649385287,0.4481605351170569,0.28928571428571426,0.5501567398119123,-0.08256600698519519,0.0,-0.1047705314009662,0.0
residual::HeavyAtomCount,residual_property,HeavyAtomCount,37.87878787878788,50,50,AromaticBondFraction,0.41060883712154456,0.42857142857142855,0.2670807453416149,0.5419034090909091,-0.07675021127635429,0.0,-0.11626228740833203,0.0
residual::HeavyAtomCount,residual_property,HeavyAtomCount,40.90909090909091,50,50,MolWt,326.34952000000004,351.8940000000001,248.515,389.0215000000001,1.6275599999999895,0.0,0.0,1.5119999999999294
residual::HeavyAtomCount,residual_property,HeavyAtomCount,40.90909090909091,50,50,CarbonCount,17.38,18.5,13.0,21.75,0.28,0.0,0.0,0.0
residual::HeavyAtomCount,residual_property,HeavyAtomCount,40.90909090909091,50,50,HeavyAtomCount_calc,22.86,24.0,18.0,27.0,0.18,0.0,0.0,0.0
residual::HeavyAtomCount,residual_property,HeavyAtomCount,40.90909090909091,50,50,HeteroatomCount,5.48,5.0,4.0,6.75,-0.1,0.0,0.0,0.0
residual::HeavyAtomCount,residual_property,HeavyAtomCount,40.90909090909091,50,50,RingCount_calc,2.46,2.0,2.0,3.0,-0.3,0.0,-1.0,0.0
residual::HeavyAtomCount,residual_property,HeavyAtomCount,40.90909090909091,50,50,AromaticRingCount_calc,1.52,1.0,1.0,2.0,-0.56,0.0,-1.0,0.0
residual::HeavyAtomCount,residual_property,HeavyAtomCount,40.90909090909091,50,50,BondCount,24.28,26.0,18.0,29.0,-0.16,0.0,0.0,0.0
residual::HeavyAtomCount,residual_property,HeavyAtomCount,40.90909090909091,50,50,BranchPointCount,6.4,7.0,5.0,8.0,-0.74,0.0,-2.0,0.0
residual::HeavyAtomCount,residual_property,HeavyAtomCount,40.90909090909091,50,50,AromaticAtomFraction,0.4178786437682862,0.43167701863354035,0.28928571428571426,0.5424242424242424,-0.09470997971076184,0.0,-0.14979619565217392,0.0
residual::HeavyAtomCount,residual_property,HeavyAtomCount,40.90909090909091,50,50,AromaticBondFraction,0.3991150020508595,0.4226190476190476,0.2670807453416149,0.530016447368421,-0.08824404634703945,0.0,-0.15214932126696834,0.0
residual::HeavyAtomCount,residual_property,HeavyAtomCount,43.93939393939394,50,50,MolWt,322.8503400000001,348.4425000000001,252.803,385.3572500000001,-1.871620000000014,0.0,0.0,0.0
residual::HeavyAtomCount,residual_property,HeavyAtomCount,43.93939393939394,50,50,CarbonCount,17.38,18.5,13.0,21.75,0.28,0.0,0.0,1.0
residual::HeavyAtomCount,residual_property,HeavyAtomCount,43.93939393939394,50,50,HeavyAtomCount_calc,22.74,24.0,18.0,27.0,0.06,0.0,0.0,0.0
residual::HeavyAtomCount,residual_property,HeavyAtomCount,43.93939393939394,50,50,HeteroatomCount,5.36,5.0,4.0,6.0,-0.22,0.0,0.0,0.0
residual::HeavyAtomCount,residual_property,HeavyAtomCount,43.93939393939394,50,50,RingCount_calc,2.44,2.0,2.0,3.0,-0.32,0.0,-1.0,0.0
residual::HeavyAtomCount,residual_property,HeavyAtomCount,43.93939393939394,50,50,AromaticRingCount_calc,1.42,1.0,1.0,2.0,-0.66,0.0,-1.0,0.0
residual::HeavyAtomCount,residual_property,HeavyAtomCount,43.93939393939394,50,50,BondCount,24.14,26.0,18.25,29.0,-0.3,0.0,0.0,0.0
residual::HeavyAtomCount,residual_property,HeavyAtomCount,43.93939393939394,50,50,BranchPointCount,6.32,6.5,5.0,8.0,-0.82,0.0,-2.0,0.0
residual::HeavyAtomCount,residual_property,HeavyAtomCount,43.93939393939394,50,50,AromaticAtomFraction,0.3850480885124154,0.38873626373626374,0.22435897435897434,0.5163043478260869,-0.12754053496663267,0.0,-0.22863247863247865,0.0
residual::HeavyAtomCount,residual_property,HeavyAtomCount,43.93939393939394,50,50,AromaticBondFraction,0.36932211414527805,0.37976190476190474,0.210727969348659,0.5197368421052632,-0.11803693425262086,0.0,-0.20675971538040502,0.0
residual::HeavyAtomCount,residual_property,HeavyAtomCount,46.96969696969697,50,50,MolWt,323.1542600000001,348.4425000000001,252.803,389.28875000000016,-1.5677000000000192,0.0,0.0,2.016000000000062
residual::HeavyAtomCount,residual_property,HeavyAtomCount,46.96969696969697,50,50,CarbonCount,17.46,19.0,13.0,21.0,0.36,0.0,0.0,1.0
residual::HeavyAtomCount,residual_property,HeavyAtomCount,46.96969696969697,50,50,HeavyAtomCount_calc,22.78,24.0,18.0,28.0,0.1,0.0,0.0,0.0
residual::HeavyAtomCount,residual_property,HeavyAtomCount,46.96969696969697,50,50,HeteroatomCount,5.32,5.0,4.0,6.75,-0.26,0.0,-1.0,0.0
residual::HeavyAtomCount,residual_property,HeavyAtomCount,46.96969696969697,50,50,RingCount_calc,2.28,2.0,2.0,3.0,-0.48,0.0,-1.0,0.0
residual::HeavyAtomCount,residual_property,HeavyAtomCount,46.96969696969697,50,50,AromaticRingCount_calc,1.32,1.0,1.0,2.0,-0.76,0.0,-1.0,0.0
residual::HeavyAtomCount,residual_property,HeavyAtomCount,46.96969696969697,50,50,BondCount,24.04,26.0,18.25,28.75,-0.4,0.0,-1.0,0.0
residual::HeavyAtomCount,residual_property,HeavyAtomCount,46.96969696969697,50,50,BranchPointCount,6.1,6.0,5.0,7.75,-1.04,0.0,-2.0,0.0
residual::HeavyAtomCount,residual_property,HeavyAtomCount,46.96969696969697,50,50,AromaticAtomFraction,0.36139044462373704,0.3333333333333333,0.22435897435897434,0.5,-0.15119817885531103,-0.020109890109890116,-0.25274613824309566,0.0
residual::HeavyAtomCount,residual_property,HeavyAtomCount,46.96969696969697,50,50,AromaticBondFraction,0.34644402455759327,0.3333333333333333,0.20874384236453203,0.5,-0.14091502384030563,-0.02133699633699636,-0.22698412698412695,0.0
residual::HeavyAtomCount,residual_property,HeavyAtomCount,50.0,50,50,MolWt,324.76038000000005,345.1155,255.79475,393.76025000000004,0.03841999999997938,0.0,0.0,8.64275000000005
residual::HeavyAtomCount,residual_property,HeavyAtomCount,50.0,50,50,CarbonCount,17.56,19.0,13.25,21.75,0.46,0.0,0.0,1.0
residual::HeavyAtomCount,residual_property,HeavyAtomCount,50.0,50,50,HeavyAtomCount_calc,22.96,24.0,18.0,28.0,0.28,0.0,0.0,1.0
residual::HeavyAtomCount,residual_property,HeavyAtomCount,50.0,50,50,HeteroatomCount,5.4,5.0,4.0,7.0,-0.18,0.0,0.0,0.0
residual::HeavyAtomCount,residual_property,HeavyAtomCount,50.0,50,50,RingCount_calc,2.2,2.0,2.0,3.0,-0.56,0.0,-1.0,0.0
residual::HeavyAtomCount,residual_property,HeavyAtomCount,50.0,50,50,AromaticRingCount_calc,1.18,1.0,1.0,2.0,-0.9,-1.0,-1.75,0.0
residual::HeavyAtomCount,residual_property,HeavyAtomCount,50.0,50,50,BondCount,24.14,26.0,19.0,30.0,-0.3,0.0,-1.0,0.0
residual::HeavyAtomCount,residual_property,HeavyAtomCount,50.0,50,50,BranchPointCount,5.94,6.0,5.0,7.0,-1.2,-0.5,-2.75,0.0
residual::HeavyAtomCount,residual_property,HeavyAtomCount,50.0,50,50,AromaticAtomFraction,0.33120517211864775,0.3,0.20689655172413793,0.495,-0.18138345136040038,-0.14334239130434784,-0.29867149758454103,0.0
residual::HeavyAtomCount,residual_property,HeavyAtomCount,50.0,50,50,AromaticBondFraction,0.3196581373079636,0.2857142857142857,0.2,0.4572649572649573,-0.16770091108993526,-0.1449579831932773,-0.28049799465240643,0.0
residual::HeavyAtomCount,residual_property,HeavyAtomCount,53.03030303030303,50,50,MolWt,328.57562000000013,351.1555,255.79475,395.2305000000001,3.8536600000000005,0.0,-8.190249999999935,20.62600000000006
residual::HeavyAtomCount,residual_property,HeavyAtomCount,53.03030303030303,50,50,CarbonCount,17.88,20.0,14.0,22.0,0.78,0.0,0.0,2.0
residual::HeavyAtomCount,residual_property,HeavyAtomCount,53.03030303030303,50,50,HeavyAtomCount_calc,23.3,25.0,18.0,29.0,0.62,0.0,0.0,2.0
residual::HeavyAtomCount,residual_property,HeavyAtomCount,53.03030303030303,50,50,HeteroatomCount,5.42,5.0,4.0,6.75,-0.16,0.0,0.0,0.0
residual::HeavyAtomCount,residual_property,HeavyAtomCount,53.03030303030303,50,50,RingCount_calc,2.1,2.0,1.0,3.0,-0.66,-1.0,-1.0,0.0
residual::HeavyAtomCount,residual_property,HeavyAtomCount,53.03030303030303,50,50,AromaticRingCount_calc,1.04,1.0,1.0,1.0,-1.04,-1.0,-2.0,0.0
residual::HeavyAtomCount,residual_property,HeavyAtomCount,53.03030303030303,50,50,BondCount,24.36,26.0,19.0,30.0,-0.08,0.0,-1.0,1.0
residual::HeavyAtomCount,residual_property,HeavyAtomCount,53.03030303030303,50,50,BranchPointCount,5.64,6.0,5.0,7.0,-1.5,-1.0,-3.0,0.0
residual::HeavyAtomCount,residual_property,HeavyAtomCount,53.03030303030303,50,50,AromaticAtomFraction,0.2953485191496808,0.3,0.1726890756302521,0.44047619047619047,-0.21724010432936733,-0.16772575250836122,-0.4148309121219338,0.0
residual::HeavyAtomCount,residual_property,HeavyAtomCount,53.03030303030303,50,50,AromaticBondFraction,0.28589117783689216,0.2857142857142857,0.16447876447876447,0.41594827586206895,-0.20146787056100673,-0.16850548831972978,-0.3823621553884712,0.0
residual::HeavyAtomCount,residual_property,HeavyAtomCount,56.06060606060606,50,50,MolWt,333.1729600000001,351.1555,255.79475,396.26250000000016,8.451000000000004,0.5159999999999911,0.0,28.05400000000001
residual::HeavyAtomCount,residual_property,HeavyAtomCount,56.06060606060606,50,50,CarbonCount,18.04,20.0,14.0,22.0,0.94,1.0,0.0,2.0
residual::HeavyAtomCount,residual_property,HeavyAtomCount,56.06060606060606,50,50,HeavyAtomCount_calc,23.58,25.0,18.0,29.0,0.9,0.5,0.0,2.0
residual::HeavyAtomCount,residual_property,HeavyAtomCount,56.06060606060606,50,50,HeteroatomCount,5.54,5.0,4.0,7.0,-0.04,0.0,0.0,0.0
residual::HeavyAtomCount,residual_property,HeavyAtomCount,56.06060606060606,50,50,RingCount_calc,2.24,2.0,1.0,3.0,-0.52,0.0,-1.0,0.0
residual::HeavyAtomCount,residual_property,HeavyAtomCount,56.06060606060606,50,50,AromaticRingCount_calc,1.04,1.0,1.0,1.0,-1.04,-1.0,-2.0,0.0
residual::HeavyAtomCount,residual_property,HeavyAtomCount,56.06060606060606,50,50,BondCount,24.72,26.0,19.0,30.0,0.28,0.0,0.0,1.0
residual::HeavyAtomCount,residual_property,HeavyAtomCount,56.06060606060606,50,50,BranchPointCount,5.8,6.0,5.0,7.0,-1.34,-1.0,-2.0,0.0
residual::HeavyAtomCount,residual_property,HeavyAtomCount,56.06060606060606,50,50,AromaticAtomFraction,0.2952238499491495,0.28043478260869564,0.19516129032258064,0.4255952380952381,-0.21736477352989858,-0.23046398046398048,-0.33793103448275863,0.0
residual::HeavyAtomCount,residual_property,HeavyAtomCount,56.06060606060606,50,50,AromaticBondFraction,0.28423424453472396,0.27329192546583847,0.18444055944055945,0.4,-0.2031248038631749,-0.2102858826996758,-0.333545637829912,-0.002673796791443847
residual::HeavyAtomCount,residual_property,HeavyAtomCount,59.09090909090909,50,50,MolWt,334.8586400000001,360.42100000000016,261.19175,397.4922500000001,10.136680000000014,9.309500000000014,0.0,28.053999999999967
residual::HeavyAtomCount,residual_property,HeavyAtomCount,59.09090909090909,50,50,CarbonCount,18.4,20.0,14.0,22.75,1.3,1.0,0.0,2.0
residual::HeavyAtomCount,residual_property,HeavyAtomCount,59.09090909090909,50,50,HeavyAtomCount_calc,23.8,26.0,18.0,28.75,1.12,1.0,0.0,2.0
residual::HeavyAtomCount,residual_property,HeavyAtomCount,59.09090909090909,50,50,HeteroatomCount,5.4,5.0,4.0,7.0,-0.18,0.0,-1.0,0.0
residual::HeavyAtomCount,residual_property,HeavyAtomCount,59.09090909090909,50,50,RingCount_calc,2.36,2.0,2.0,3.0,-0.4,0.0,-1.0,0.0
residual::HeavyAtomCount,residual_property,HeavyAtomCount,59.09090909090909,50,50,AromaticRingCount_calc,0.94,1.0,0.25,1.0,-1.14,-1.0,-2.0,0.0
residual::HeavyAtomCount,residual_property,HeavyAtomCount,59.09090909090909,50,50,BondCount,25.06,28.0,19.0,30.0,0.62,1.0,0.0,2.0
residual::HeavyAtomCount,residual_property,HeavyAtomCount,59.09090909090909,50,50,BranchPointCount,5.88,6.0,5.0,7.0,-1.26,-1.0,-2.0,0.0
residual::HeavyAtomCount,residual_property,HeavyAtomCount,59.09090909090909,50,50,AromaticAtomFraction,0.2708412610912746,0.2403846153846154,0.04285714285714286,0.41594827586206895,-0.2417473623877735,-0.23877394636015326,-0.40554298642533937,-0.004120879120879127
residual::HeavyAtomCount,residual_property,HeavyAtomCount,59.09090909090909,50,50,AromaticBondFraction,0.25929267914141074,0.22252747252747251,0.04054054054054054,0.3967741935483871,-0.22806636925648813,-0.22123346928686194,-0.37797619047619047,-0.011408089881720707
residual::HeavyAtomCount,residual_property,HeavyAtomCount,62.121212121212125,50,50,MolWt,325.06182000000007,321.13250000000005,264.15500000000003,409.2672500000001,0.33986000000000216,11.96849999999992,-7.094999999999985,27.221000000000018
residual::HeavyAtomCount,residual_property,HeavyAtomCount,62.121212121212125,50,50,CarbonCount,18.18,20.0,14.25,23.0,1.08,2.0,0.0,3.0
residual::HeavyAtomCount,residual_property,HeavyAtomCount,62.121212121212125,50,50,HeavyAtomCount_calc,23.18,23.5,18.5,29.0,0.5,1.5,0.0,2.0
residual::HeavyAtomCount,residual_property,HeavyAtomCount,62.121212121212125,50,50,HeteroatomCount,5.0,5.0,4.0,6.0,-0.58,0.0,-1.0,0.0
residual::HeavyAtomCount,residual_property,HeavyAtomCount,62.121212121212125,50,50,RingCount_calc,2.34,2.0,1.0,3.0,-0.42,0.0,-1.0,0.0
residual::HeavyAtomCount,residual_property,HeavyAtomCount,62.121212121212125,50,50,AromaticRingCount_calc,0.8,1.0,0.0,1.0,-1.28,-1.0,-2.0,0.0
residual::HeavyAtomCount,residual_property,HeavyAtomCount,62.121212121212125,50,50,BondCount,24.42,24.0,19.25,30.0,-0.02,1.0,0.0,2.0
residual::HeavyAtomCount,residual_property,HeavyAtomCount,62.121212121212125,50,50,BranchPointCount,5.54,6.0,4.0,7.0,-1.6,-1.0,-3.0,0.0
residual::HeavyAtomCount,residual_property,HeavyAtomCount,62.121212121212125,50,50,AromaticAtomFraction,0.236198348448362,0.20689655172413793,0.0,0.38823529411764707,-0.27639027503068614,-0.25193633952254646,-0.4285714285714286,-0.02824892498805541
residual::HeavyAtomCount,residual_property,HeavyAtomCount,62.121212121212125,50,50,AromaticBondFraction,0.2248877243654409,0.2,0.0,0.35294117647058826,-0.262471324032458,-0.22936507936507933,-0.4,-0.027192434980414078
residual::HeavyAtomCount,residual_property,HeavyAtomCount,65.15151515151516,50,50,MolWt,332.8679400000001,328.88900000000007,274.56874999999997,402.2520000000001,8.145980000000003,14.011499999999899,-0.82224999999994,38.309750000000136
residual::HeavyAtomCount,residual_property,HeavyAtomCount,65.15151515151516,50,50,CarbonCount,18.56,19.0,16.0,22.75,1.46,2.0,0.0,4.0
residual::HeavyAtomCount,residual_property,HeavyAtomCount,65.15151515151516,50,50,HeavyAtomCount_calc,23.72,24.0,20.0,29.0,1.04,2.0,0.0,3.0
residual::HeavyAtomCount,residual_property,HeavyAtomCount,65.15151515151516,50,50,HeteroatomCount,5.16,5.0,4.0,6.0,-0.42,0.0,-1.0,0.0
residual::HeavyAtomCount,residual_property,HeavyAtomCount,65.15151515151516,50,50,RingCount_calc,2.4,2.0,1.25,3.0,-0.36,0.0,-1.0,0.0
residual::HeavyAtomCount,residual_property,HeavyAtomCount,65.15151515151516,50,50,AromaticRingCount_calc,0.74,1.0,0.0,1.0,-1.34,-1.0,-2.0,0.0
residual::HeavyAtomCount,residual_property,HeavyAtomCount,65.15151515151516,50,50,BondCount,25.02,24.5,21.25,31.0,0.58,1.0,0.0,2.75
residual::HeavyAtomCount,residual_property,HeavyAtomCount,65.15151515151516,50,50,BranchPointCount,5.74,6.0,4.0,7.0,-1.4,-1.0,-2.0,0.0
residual::HeavyAtomCount,residual_property,HeavyAtomCount,65.15151515151516,50,50,AromaticAtomFraction,0.2235312835299761,0.20689655172413793,0.0,0.37894736842105264,-0.28905733994907207,-0.2686104218362283,-0.4903846153846154,-0.02824892498805541
residual::HeavyAtomCount,residual_property,HeavyAtomCount,65.15151515151516,50,50,AromaticBondFraction,0.21270509014751263,0.1935483870967742,0.0,0.34365325077399383,-0.2746539582503863,-0.24724616858237547,-0.46008403361344535,-0.027192434980414078
residual::HeavyAtomCount,residual_property,HeavyAtomCount,68.18181818181819,50,50,MolWt,327.9948200000001,348.4915000000001,269.57225,393.0520000000001,3.2728600000000063,9.560000000000002,-4.72024999999995,28.05400000000001
residual::HeavyAtomCount,residual_property,HeavyAtomCount,68.18181818181819,50,50,CarbonCount,18.56,19.5,15.25,23.0,1.46,2.0,0.0,3.0
residual::HeavyAtomCount,residual_property,HeavyAtomCount,68.18181818181819,50,50,HeavyAtomCount_calc,23.52,25.0,20.0,28.75,0.84,1.0,0.0,2.75
residual::HeavyAtomCount,residual_property,HeavyAtomCount,68.18181818181819,50,50,HeteroatomCount,4.96,5.0,4.0,6.0,-0.62,0.0,-1.0,0.0
residual::HeavyAtomCount,residual_property,HeavyAtomCount,68.18181818181819,50,50,RingCount_calc,2.44,2.0,2.0,3.0,-0.32,0.0,-1.0,0.0
residual::HeavyAtomCount,residual_property,HeavyAtomCount,68.18181818181819,50,50,AromaticRingCount_calc,0.74,1.0,0.0,1.0,-1.34,-1.0,-2.0,0.0
residual::HeavyAtomCount,residual_property,HeavyAtomCount,68.18181818181819,50,50,BondCount,24.84,26.0,21.0,30.75,0.4,0.0,0.0,2.75
residual::HeavyAtomCount,residual_property,HeavyAtomCount,68.18181818181819,50,50,BranchPointCount,5.74,6.0,4.0,7.0,-1.4,-1.0,-2.75,0.0
residual::HeavyAtomCount,residual_property,HeavyAtomCount,68.18181818181819,50,50,AromaticAtomFraction,0.21761163180072912,0.20714285714285713,0.0,0.31184210526315786,-0.294976991678319,-0.2668521800779865,-0.5,-0.033436171951618174
residual::HeavyAtomCount,residual_property,HeavyAtomCount,68.18181818181819,50,50,AromaticBondFraction,0.2066486221795486,0.1935483870967742,0.0,0.3082706766917293,-0.2807104262183503,-0.24107142857142855,-0.4776470588235294,-0.027192434980414078
residual::HeavyAtomCount,residual_property,HeavyAtomCount,71.21212121212122,50,50,MolWt,322.9089200000001,317.8825000000001,268.817,394.4280000000001,-1.8130399999999764,4.356000000000051,-2.808999999999969,33.80800000000008
residual::HeavyAtomCount,residual_property,HeavyAtomCount,71.21212121212122,50,50,CarbonCount,18.4,19.0,15.0,23.75,1.3,2.0,0.0,4.0
residual::HeavyAtomCount,residual_property,HeavyAtomCount,71.21212121212122,50,50,HeavyAtomCount_calc,23.2,23.5,20.0,29.0,0.52,1.0,0.0,3.0
residual::HeavyAtomCount,residual_property,HeavyAtomCount,71.21212121212122,50,50,HeteroatomCount,4.8,5.0,4.0,6.0,-0.78,0.0,-2.0,0.0
residual::HeavyAtomCount,residual_property,HeavyAtomCount,71.21212121212122,50,50,RingCount_calc,2.38,2.0,1.0,3.0,-0.38,0.0,-1.0,0.0
residual::HeavyAtomCount,residual_property,HeavyAtomCount,71.21212121212122,50,50,AromaticRingCount_calc,0.72,1.0,0.0,1.0,-1.36,-1.0,-2.0,0.0
residual::HeavyAtomCount,residual_property,HeavyAtomCount,71.21212121212122,50,50,BondCount,24.48,25.0,21.0,30.0,0.04,0.5,0.0,2.75
residual::HeavyAtomCount,residual_property,HeavyAtomCount,71.21212121212122,50,50,BranchPointCount,5.5,5.5,4.0,7.0,-1.64,-1.5,-3.0,0.0
residual::HeavyAtomCount,residual_property,HeavyAtomCount,71.21212121212122,50,50,AromaticAtomFraction,0.21334857558357645,0.20344827586206898,0.0,0.32159442724458204,-0.2992400478954717,-0.24732095490716183,-0.520336605890603,-0.03355263157894739
residual::HeavyAtomCount,residual_property,HeavyAtomCount,71.21212121212122,50,50,AromaticBondFraction,0.2027109877284782,0.1905241935483871,0.0,0.3132309941520468,-0.2846480606694207,-0.23574308755760368,-0.495,-0.04102167182662542
residual::HeavyAtomCount,residual_property,HeavyAtomCount,74.24242424242425,50,50,MolWt,323.0886200000001,331.37750000000005,251.79949999999997,392.5692500000001,-1.6333399999999763,14.329500000000039,-13.753500000000017,40.561250000000086
residual::HeavyAtomCount,residual_property,HeavyAtomCount,74.24242424242425,50,50,CarbonCount,18.08,19.0,14.0,23.0,0.98,1.0,0.0,4.0
residual::HeavyAtomCount,residual_property,HeavyAtomCount,74.24242424242425,50,50,HeavyAtomCount_calc,23.18,24.5,18.25,28.75,0.5,1.0,0.0,3.0
residual::HeavyAtomCount,residual_property,HeavyAtomCount,74.24242424242425,50,50,HeteroatomCount,5.1,5.0,4.0,6.75,-0.48,0.0,-1.0,0.0
residual::HeavyAtomCount,residual_property,HeavyAtomCount,74.24242424242425,50,50,RingCount_calc,2.42,2.0,2.0,3.0,-0.34,0.0,-1.0,0.0
residual::HeavyAtomCount,residual_property,HeavyAtomCount,74.24242424242425,50,50,AromaticRingCount_calc,0.64,1.0,0.0,1.0,-1.44,-1.0,-2.0,-1.0
residual::HeavyAtomCount,residual_property,HeavyAtomCount,74.24242424242425,50,50,BondCount,24.5,26.5,19.0,30.75,0.06,1.0,0.0,2.75
residual::HeavyAtomCount,residual_property,HeavyAtomCount,74.24242424242425,50,50,BranchPointCount,5.4,6.0,4.0,7.0,-1.74,-1.0,-2.75,0.0
residual::HeavyAtomCount,residual_property,HeavyAtomCount,74.24242424242425,50,50,AromaticAtomFraction,0.19509861053840066,0.20022246941045607,0.0,0.2891705069124424,-0.3174900129406475,-0.2668521800779865,-0.49789915966386555,-0.12406832298136644
residual::HeavyAtomCount,residual_property,HeavyAtomCount,74.24242424242425,50,50,AromaticBondFraction,0.18443902816725646,0.1905241935483871,0.0,0.2727272727272727,-0.30292002023064246,-0.2514984488419023,-0.4696078431372549,-0.1264367816091954
residual::HeavyAtomCount,residual_property,HeavyAtomCount,77.27272727272728,50,50,MolWt,324.2019000000001,339.37700000000007,251.79949999999997,401.08800000000025,-0.5200599999999792,15.529000000000039,-25.950999999999993,42.33425000000007
residual::HeavyAtomCount,residual_property,HeavyAtomCount,77.27272727272728,50,50,CarbonCount,18.32,19.5,14.0,23.75,1.22,2.0,0.0,4.0
residual::HeavyAtomCount,residual_property,HeavyAtomCount,77.27272727272728,50,50,HeavyAtomCount_calc,23.28,25.0,18.25,29.0,0.6,1.0,0.0,3.0
residual::HeavyAtomCount,residual_property,HeavyAtomCount,77.27272727272728,50,50,HeteroatomCount,4.96,5.0,3.0,6.0,-0.62,0.0,-2.0,0.0
residual::HeavyAtomCount,residual_property,HeavyAtomCount,77.27272727272728,50,50,RingCount_calc,2.46,2.0,1.0,3.0,-0.3,0.0,-1.0,0.0
residual::HeavyAtomCount,residual_property,HeavyAtomCount,77.27272727272728,50,50,AromaticRingCount_calc,0.62,1.0,0.0,1.0,-1.46,-1.0,-2.0,-1.0
residual::HeavyAtomCount,residual_property,HeavyAtomCount,77.27272727272728,50,50,BondCount,24.54,26.5,19.0,31.0,0.1,1.0,0.0,2.0
residual::HeavyAtomCount,residual_property,HeavyAtomCount,77.27272727272728,50,50,BranchPointCount,5.38,6.0,4.0,7.0,-1.76,-1.0,-3.0,0.0
residual::HeavyAtomCount,residual_property,HeavyAtomCount,77.27272727272728,50,50,AromaticAtomFraction,0.18512347927286454,0.1863425925925926,0.0,0.2891705069124424,-0.32746514420618356,-0.2735709549071618,-0.5120967741935484,-0.11904761904761904
residual::HeavyAtomCount,residual_property,HeavyAtomCount,77.27272727272728,50,50,AromaticBondFraction,0.17618898049124532,0.17444219066937122,0.0,0.2727272727272727,-0.3111700679066536,-0.25531178380443087,-0.4776470588235294,-0.11290290169600517
residual::HeavyAtomCount,residual_property,HeavyAtomCount,80.30303030303031,50,50,MolWt,326.2988000000001,350.9320000000001,240.55749999999998,404.55225000000013,1.5768400000000111,17.510000000000048,-14.100000000000023,40.12475000000002
residual::HeavyAtomCount,residual_property,HeavyAtomCount,80.30303030303031,50,50,CarbonCount,18.58,19.5,14.25,23.0,1.48,2.0,0.25,5.0
residual::HeavyAtomCount,residual_property,HeavyAtomCount,80.30303030303031,50,50,HeavyAtomCount_calc,23.48,25.5,17.25,29.75,0.8,2.0,0.0,3.0
residual::HeavyAtomCount,residual_property,HeavyAtomCount,80.30303030303031,50,50,HeteroatomCount,4.9,5.0,3.25,6.0,-0.68,-1.0,-2.0,0.0
residual::HeavyAtomCount,residual_property,HeavyAtomCount,80.30303030303031,50,50,RingCount_calc,2.64,2.5,2.0,3.75,-0.12,0.0,-1.0,0.75
residual::HeavyAtomCount,residual_property,HeavyAtomCount,80.30303030303031,50,50,AromaticRingCount_calc,0.68,1.0,0.0,1.0,-1.4,-1.0,-2.0,-0.25
residual::HeavyAtomCount,residual_property,HeavyAtomCount,80.30303030303031,50,50,BondCount,24.88,27.0,18.25,31.0,0.44,1.0,0.0,3.0
residual::HeavyAtomCount,residual_property,HeavyAtomCount,80.30303030303031,50,50,BranchPointCount,5.44,6.0,4.0,7.0,-1.7,-1.0,-3.0,0.0
residual::HeavyAtomCount,residual_property,HeavyAtomCount,80.30303030303031,50,50,AromaticAtomFraction,0.1968861338854692,0.1935483870967742,0.0,0.3694852941176471,-0.3157024895935789,-0.29064624015535656,-0.4903846153846154,-0.09269896769896765
residual::HeavyAtomCount,residual_property,HeavyAtomCount,80.30303030303031,50,50,AromaticBondFraction,0.1858470569282359,0.17914438502673796,0.0,0.34946236559139787,-0.30151199146966307,-0.2836105476673428,-0.4675245098039216,-0.090034965034965
residual::HeavyAtomCount,residual_property,HeavyAtomCount,83.33333333333334,50,50,MolWt,321.86130000000014,338.94000000000005,251.02574999999996,404.32200000000023,-2.8606599999999793,18.026000000000025,-24.022500000000008,45.67375000000017
residual::HeavyAtomCount,residual_property,HeavyAtomCount,83.33333333333334,50,50,CarbonCount,18.46,19.5,13.5,23.75,1.36,2.5,0.0,5.0
residual::HeavyAtomCount,residual_property,HeavyAtomCount,83.33333333333334,50,50,HeavyAtomCount_calc,23.24,24.5,18.25,29.0,0.56,2.0,-0.75,4.0
residual::HeavyAtomCount,residual_property,HeavyAtomCount,83.33333333333334,50,50,HeteroatomCount,4.78,4.5,4.0,6.0,-0.8,-1.0,-2.0,0.0
residual::HeavyAtomCount,residual_property,HeavyAtomCount,83.33333333333334,50,50,RingCount_calc,2.56,2.0,2.0,3.0,-0.2,0.0,-1.0,0.75
residual::HeavyAtomCount,residual_property,HeavyAtomCount,83.33333333333334,50,50,AromaticRingCount_calc,0.72,1.0,0.0,1.0,-1.36,-1.0,-2.0,-1.0
residual::HeavyAtomCount,residual_property,HeavyAtomCount,83.33333333333334,50,50,BondCount,24.58,26.0,19.25,31.0,0.14,1.5,-1.75,4.75
residual::HeavyAtomCount,residual_property,HeavyAtomCount,83.33333333333334,50,50,BranchPointCount,5.2,6.0,3.25,7.0,-1.94,-2.0,-3.75,0.0
residual::HeavyAtomCount,residual_property,HeavyAtomCount,83.33333333333334,50,50,AromaticAtomFraction,0.18878837988396094,0.1875,0.0,0.29642857142857143,-0.3238002435950872,-0.3273809523809524,-0.4572649572649573,-0.16251717032967034
residual::HeavyAtomCount,residual_property,HeavyAtomCount,83.33333333333334,50,50,AromaticBondFraction,0.17985115091268816,0.17914438502673796,0.0,0.2727272727272727,-0.30750789748521073,-0.30885545905707196,-0.44047619047619047,-0.16195054945054946
residual::HeavyAtomCount,residual_property,HeavyAtomCount,86.36363636363637,50,50,MolWt,324.32618000000014,339.89250000000004,250.53299999999996,410.2887500000002,-0.39577999999998553,16.05400000000003,-20.439000000000036,47.14275000000005
residual::HeavyAtomCount,residual_property,HeavyAtomCount,86.36363636363637,50,50,CarbonCount,18.52,20.0,13.0,25.0,1.42,3.0,0.0,5.0
residual::HeavyAtomCount,residual_property,HeavyAtomCount,86.36363636363637,50,50,HeavyAtomCount_calc,23.46,25.0,18.0,30.0,0.78,2.0,0.0,4.0
residual::HeavyAtomCount,residual_property,HeavyAtomCount,86.36363636363637,50,50,HeteroatomCount,4.94,5.0,4.0,6.0,-0.64,0.0,-2.0,0.0
residual::HeavyAtomCount,residual_property,HeavyAtomCount,86.36363636363637,50,50,RingCount_calc,2.4,2.0,2.0,3.0,-0.36,0.0,-1.0,0.0
residual::HeavyAtomCount,residual_property,HeavyAtomCount,86.36363636363637,50,50,AromaticRingCount_calc,0.56,0.0,0.0,1.0,-1.52,-1.0,-2.0,-1.0
residual::HeavyAtomCount,residual_property,HeavyAtomCount,86.36363636363637,50,50,BondCount,24.74,27.0,19.0,31.0,0.3,2.0,0.0,4.0
residual::HeavyAtomCount,residual_property,HeavyAtomCount,86.36363636363637,50,50,BranchPointCount,5.2,6.0,3.25,6.75,-1.94,-2.0,-3.0,-0.25
residual::HeavyAtomCount,residual_property,HeavyAtomCount,86.36363636363637,50,50,AromaticAtomFraction,0.1467203045861236,0.0,0.0,0.23076923076923078,-0.3658683188929245,-0.3498236677115988,-0.5120967741935484,-0.24026785714285714
residual::HeavyAtomCount,residual_property,HeavyAtomCount,86.36363636363637,50,50,AromaticBondFraction,0.1397214030732302,0.0,0.0,0.20689655172413793,-0.34763764532466873,-0.3413978494623656,-0.49264705882352944,-0.21919191919191922
residual::HeavyAtomCount,residual_property,HeavyAtomCount,89.3939393939394,50,50,MolWt,325.6189200000001,348.43950000000007,250.28099999999998,408.5907500000002,0.8969600000000191,16.053999999999974,-8.853249999999981,43.89850000000014
residual::HeavyAtomCount,residual_property,HeavyAtomCount,89.3939393939394,50,50,CarbonCount,18.82,20.5,13.0,24.75,1.72,3.5,0.0,5.0
residual::HeavyAtomCount,residual_property,HeavyAtomCount,89.3939393939394,50,50,HeavyAtomCount_calc,23.5,26.0,18.0,30.0,0.82,2.0,1.0,4.0
residual::HeavyAtomCount,residual_property,HeavyAtomCount,89.3939393939394,50,50,HeteroatomCount,4.68,5.0,4.0,5.0,-0.9,-1.0,-2.0,0.0
residual::HeavyAtomCount,residual_property,HeavyAtomCount,89.3939393939394,50,50,RingCount_calc,2.54,2.0,1.25,3.75,-0.22,0.0,-1.0,0.75
residual::HeavyAtomCount,residual_property,HeavyAtomCount,89.3939393939394,50,50,AromaticRingCount_calc,0.58,0.0,0.0,1.0,-1.5,-2.0,-2.0,-1.0
residual::HeavyAtomCount,residual_property,HeavyAtomCount,89.3939393939394,50,50,BondCount,24.88,28.0,19.0,31.0,0.44,2.0,0.0,4.0
residual::HeavyAtomCount,residual_property,HeavyAtomCount,89.3939393939394,50,50,BranchPointCount,5.22,6.0,3.0,7.0,-1.92,-1.0,-3.0,0.0
residual::HeavyAtomCount,residual_property,HeavyAtomCount,89.3939393939394,50,50,AromaticAtomFraction,0.14533261383364152,0.0,0.0,0.23076923076923078,-0.36725600964540656,-0.36904761904761907,-0.4753846153846154,-0.2528846153846154
residual::HeavyAtomCount,residual_property,HeavyAtomCount,89.3939393939394,50,50,AromaticBondFraction,0.13876444439445984,0.0,0.0,0.20689655172413793,-0.34859460400343906,-0.35120177103099304,-0.4548611111111111,-0.2324638962569997
residual::HeavyAtomCount,residual_property,HeavyAtomCount,92.42424242424244,50,50,MolWt,315.99806000000007,352.4485,237.291,404.7730000000002,-8.723899999999993,13.871000000000038,-13.55300000000004,61.379000000000175
residual::HeavyAtomCount,residual_property,HeavyAtomCount,92.42424242424244,50,50,CarbonCount,18.32,19.0,12.25,24.75,1.22,3.0,0.0,5.0
residual::HeavyAtomCount,residual_property,HeavyAtomCount,92.42424242424244,50,50,HeavyAtomCount_calc,22.92,26.0,17.0,30.0,0.24,2.0,0.0,5.0
residual::HeavyAtomCount,residual_property,HeavyAtomCount,92.42424242424244,50,50,HeteroatomCount,4.6,4.0,3.25,5.0,-0.98,-1.0,-2.0,0.0
residual::HeavyAtomCount,residual_property,HeavyAtomCount,92.42424242424244,50,50,RingCount_calc,2.32,2.0,1.0,3.0,-0.44,0.0,-1.0,0.75
residual::HeavyAtomCount,residual_property,HeavyAtomCount,92.42424242424244,50,50,AromaticRingCount_calc,0.48,0.0,0.0,1.0,-1.6,-1.5,-2.0,-1.0
residual::HeavyAtomCount,residual_property,HeavyAtomCount,92.42424242424244,50,50,BondCount,24.12,27.5,18.0,31.75,-0.32,2.0,-0.75,4.75
residual::HeavyAtomCount,residual_property,HeavyAtomCount,92.42424242424244,50,50,BranchPointCount,4.94,5.0,3.0,7.0,-2.2,-2.0,-3.0,0.0
residual::HeavyAtomCount,residual_property,HeavyAtomCount,92.42424242424244,50,50,AromaticAtomFraction,0.1263474079683757,0.0,0.0,0.22664835164835165,-0.3862412155106724,-0.3798076923076923,-0.4753846153846154,-0.2683002481389578
residual::HeavyAtomCount,residual_property,HeavyAtomCount,92.42424242424244,50,50,AromaticBondFraction,0.11998782055502474,0.0,0.0,0.20689655172413793,-0.3673712278428741,-0.3538602941176471,-0.45039682539682535,-0.24107142857142855
residual::HeavyAtomCount,residual_property,HeavyAtomCount,95.45454545454544,50,50,MolWt,319.18046000000004,341.9485000000001,241.10074999999998,398.02525000000014,-5.541499999999997,22.092500000000015,-41.62125000000001,71.14975000000004
residual::HeavyAtomCount,residual_property,HeavyAtomCount,95.45454545454544,50,50,CarbonCount,18.58,19.5,13.5,24.75,1.48,3.5,0.0,5.75
residual::HeavyAtomCount,residual_property,HeavyAtomCount,95.45454545454544,50,50,HeavyAtomCount_calc,23.2,25.5,17.25,29.0,0.52,3.0,-2.0,5.75
residual::HeavyAtomCount,residual_property,HeavyAtomCount,95.45454545454544,50,50,HeteroatomCount,4.62,5.0,3.0,5.0,-0.96,-1.0,-2.0,0.0
residual::HeavyAtomCount,residual_property,HeavyAtomCount,95.45454545454544,50,50,RingCount_calc,2.36,2.0,1.0,3.0,-0.4,0.0,-1.0,1.0
residual::HeavyAtomCount,residual_property,HeavyAtomCount,95.45454545454544,50,50,AromaticRingCount_calc,0.5,0.0,0.0,1.0,-1.58,-1.0,-2.0,-1.0
residual::HeavyAtomCount,residual_property,HeavyAtomCount,95.45454545454544,50,50,BondCount,24.46,27.5,18.0,31.0,0.02,3.0,-2.0,6.0
residual::HeavyAtomCount,residual_property,HeavyAtomCount,95.45454545454544,50,50,BranchPointCount,4.82,5.0,3.0,7.0,-2.32,-2.0,-3.75,0.0
residual::HeavyAtomCount,residual_property,HeavyAtomCount,95.45454545454544,50,50,AromaticAtomFraction,0.12250642768647087,0.0,0.0,0.22664835164835165,-0.3900821957925772,-0.3961538461538462,-0.5163043478260869,-0.2411111111111111
residual::HeavyAtomCount,residual_property,HeavyAtomCount,95.45454545454544,50,50,AromaticBondFraction,0.11526186687573774,0.0,0.0,0.21243842364532017,-0.3720971815221612,-0.3882389162561576,-0.4776470588235294,-0.22323994252873564
residual::HeavyAtomCount,residual_property,HeavyAtomCount,98.48484848484848,50,50,MolWt,326.6095,349.7805000000001,262.7285,405.77600000000007,1.887540000000007,26.88850000000005,-32.99524999999997,82.2055000000001
residual::HeavyAtomCount,residual_property,HeavyAtomCount,98.48484848484848,50,50,CarbonCount,18.68,19.5,13.5,25.0,1.58,4.0,0.0,6.0
residual::HeavyAtomCount,residual_property,HeavyAtomCount,98.48484848484848,50,50,HeavyAtomCount_calc,23.44,25.0,18.25,30.0,0.76,2.5,0.0,6.0
residual::HeavyAtomCount,residual_property,HeavyAtomCount,98.48484848484848,50,50,HeteroatomCount,4.76,5.0,4.0,6.0,-0.82,-1.0,-2.0,1.0
residual::HeavyAtomCount,residual_property,HeavyAtomCount,98.48484848484848,50,50,RingCount_calc,2.58,2.0,1.0,4.0,-0.18,0.0,-1.0,1.0
residual::HeavyAtomCount,residual_property,HeavyAtomCount,98.48484848484848,50,50,AromaticRingCount_calc,0.6,0.0,0.0,1.0,-1.48,-1.0,-2.0,-1.0
residual::HeavyAtomCount,residual_property,HeavyAtomCount,98.48484848484848,50,50,BondCount,24.84,27.0,19.0,31.75,0.4,3.0,-0.75,5.75
residual::HeavyAtomCount,residual_property,HeavyAtomCount,98.48484848484848,50,50,BranchPointCount,5.14,5.0,3.0,7.0,-2.0,-2.0,-3.75,0.0
residual::HeavyAtomCount,residual_property,HeavyAtomCount,98.48484848484848,50,50,AromaticAtomFraction,0.13521962808017615,0.0,0.0,0.24,-0.3773689953988719,-0.3937362637362638,-0.4959677419354839,-0.21800015890672175
residual::HeavyAtomCount,residual_property,HeavyAtomCount,98.48484848484848,50,50,AromaticBondFraction,0.12643648485785888,0.0,0.0,0.2222222222222222,-0.3609225635400401,-0.3882389162561576,-0.4675245098039216,-0.21428571428571427
residual::HeavyAtomCount,residual_property,HeavyAtomCount,101.5151515151515,50,50,MolWt,332.68208000000004,350.93200000000013,287.111,394.77300000000014,7.960120000000026,31.59800000000004,-24.04424999999995,89.65375000000012
residual::HeavyAtomCount,residual_property,HeavyAtomCount,101.5151515151515,50,50,CarbonCount,19.34,21.0,14.25,24.75,2.24,4.0,1.0,6.0
residual::HeavyAtomCount,residual_property,HeavyAtomCount,101.5151515151515,50,50,HeavyAtomCount_calc,24.12,26.0,19.5,29.75,1.44,3.0,1.0,6.75
residual::HeavyAtomCount,residual_property,HeavyAtomCount,101.5151515151515,50,50,HeteroatomCount,4.78,5.0,4.0,6.0,-0.8,-0.5,-2.0,1.0
residual::HeavyAtomCount,residual_property,HeavyAtomCount,101.5151515151515,50,50,RingCount_calc,2.58,2.0,1.0,4.0,-0.18,0.0,-1.0,1.0
residual::HeavyAtomCount,residual_property,HeavyAtomCount,101.5151515151515,50,50,AromaticRingCount_calc,0.54,0.0,0.0,1.0,-1.54,-1.5,-2.0,-1.0
residual::HeavyAtomCount,residual_property,HeavyAtomCount,101.5151515151515,50,50,BondCount,25.54,27.5,20.25,31.0,1.1,3.0,0.0,6.75
residual::HeavyAtomCount,residual_property,HeavyAtomCount,101.5151515151515,50,50,BranchPointCount,5.02,5.0,3.0,7.0,-2.12,-2.0,-3.0,-0.25
residual::HeavyAtomCount,residual_property,HeavyAtomCount,101.5151515151515,50,50,AromaticAtomFraction,0.13123881251511013,0.0,0.0,0.25565217391304346,-0.38134981096393794,-0.41217948717948716,-0.520336605890603,-0.23138142910111764
residual::HeavyAtomCount,residual_property,HeavyAtomCount,101.5151515151515,50,50,AromaticBondFraction,0.12342938582541779,0.0,0.0,0.23555555555555555,-0.3639296625724811,-0.3939207344379758,-0.4776470588235294,-0.2184065934065934
residual::HeavyAtomCount,residual_property,HeavyAtomCount,104.54545454545452,50,50,MolWt,327.4888800000001,343.77500000000003,248.81825,416.2932500000003,2.7669200000000327,23.64500000000018,-34.5005,77.39200000000015
residual::HeavyAtomCount,residual_property,HeavyAtomCount,104.54545454545452,50,50,CarbonCount,19.0,20.5,13.0,24.75,1.9,3.0,-0.75,6.0
residual::HeavyAtomCount,residual_property,HeavyAtomCount,104.54545454545452,50,50,HeavyAtomCount_calc,23.66,25.0,17.25,30.0,0.98,3.0,-2.0,6.0
residual::HeavyAtomCount,residual_property,HeavyAtomCount,104.54545454545452,50,50,HeteroatomCount,4.66,4.0,4.0,6.0,-0.92,-1.0,-2.0,0.75
residual::HeavyAtomCount,residual_property,HeavyAtomCount,104.54545454545452,50,50,RingCount_calc,2.38,2.0,1.0,3.0,-0.38,0.0,-1.0,1.0
residual::HeavyAtomCount,residual_property,HeavyAtomCount,104.54545454545452,50,50,AromaticRingCount_calc,0.42,0.0,0.0,1.0,-1.66,-2.0,-2.0,-1.0
residual::HeavyAtomCount,residual_property,HeavyAtomCount,104.54545454545452,50,50,BondCount,24.92,28.0,17.25,32.0,0.48,2.5,-2.0,5.75
residual::HeavyAtomCount,residual_property,HeavyAtomCount,104.54545454545452,50,50,BranchPointCount,4.64,5.0,3.0,6.0,-2.5,-2.0,-4.0,-1.0
residual::HeavyAtomCount,residual_property,HeavyAtomCount,104.54545454545452,50,50,AromaticAtomFraction,0.10366822399370243,0.0,0.0,0.22863247863247865,-0.40892039948534564,-0.41428571428571426,-0.5414438502673796,-0.2384004884004884
residual::HeavyAtomCount,residual_property,HeavyAtomCount,104.54545454545452,50,50,AromaticBondFraction,0.09771336070569248,0.0,0.0,0.21243842364532017,-0.3896456876922064,-0.39642857142857146,-0.530016447368421,-0.2303113553113553
residual::HeavyAtomCount,residual_property,HeavyAtomCount,107.57575757575756,50,50,MolWt,332.51534000000015,362.96700000000004,263.851,420.24200000000013,7.793380000000036,25.415500000000065,-23.777250000000027,85.5780000000001
residual::HeavyAtomCount,residual_property,HeavyAtomCount,107.57575757575756,50,50,CarbonCount,19.46,22.0,13.25,25.0,2.36,4.0,0.0,6.75
residual::HeavyAtomCount,residual_property,HeavyAtomCount,107.57575757575756,50,50,HeavyAtomCount_calc,24.08,27.0,19.0,30.75,1.4,3.0,-1.0,6.75
residual::HeavyAtomCount,residual_property,HeavyAtomCount,107.57575757575756,50,50,HeteroatomCount,4.62,5.0,4.0,5.0,-0.96,-1.0,-2.0,0.75
residual::HeavyAtomCount,residual_property,HeavyAtomCount,107.57575757575756,50,50,RingCount_calc,2.5,2.0,1.0,3.0,-0.26,0.0,-1.0,1.0
residual::HeavyAtomCount,residual_property,HeavyAtomCount,107.57575757575756,50,50,AromaticRingCount_calc,0.46,0.0,0.0,1.0,-1.62,-2.0,-2.0,-1.0
residual::HeavyAtomCount,residual_property,HeavyAtomCount,107.57575757575756,50,50,BondCount,25.46,29.0,18.5,32.0,1.02,3.5,-1.0,6.0
residual::HeavyAtomCount,residual_property,HeavyAtomCount,107.57575757575756,50,50,BranchPointCount,4.94,5.0,3.0,6.75,-2.2,-1.5,-3.0,-1.0
residual::HeavyAtomCount,residual_property,HeavyAtomCount,107.57575757575756,50,50,AromaticAtomFraction,0.110033241339445,0.0,0.0,0.21839080459770113,-0.40255538213960307,-0.431390977443609,-0.5120967741935484,-0.24107142857142855
residual::HeavyAtomCount,residual_property,HeavyAtomCount,107.57575757575756,50,50,AromaticBondFraction,0.10306055712091547,0.0,0.0,0.2,-0.3842984912769834,-0.40625,-0.5,-0.23906249999999996
residual::HeavyAtomCount,residual_property,HeavyAtomCount,110.60606060606062,50,50,MolWt,335.38352000000015,361.96900000000005,295.8227499999999,413.08175000000006,10.661560000000032,26.37349999999998,-24.859000000000027,87.93025000000019
residual::HeavyAtomCount,residual_property,HeavyAtomCount,110.60606060606062,50,50,CarbonCount,19.66,22.0,14.0,25.0,2.56,4.5,0.0,6.75
residual::HeavyAtomCount,residual_property,HeavyAtomCount,110.60606060606062,50,50,HeavyAtomCount_calc,24.32,27.0,19.25,30.0,1.64,4.0,-1.0,6.75
residual::HeavyAtomCount,residual_property,HeavyAtomCount,110.60606060606062,50,50,HeteroatomCount,4.66,5.0,4.0,5.0,-0.92,-1.0,-2.0,1.0
residual::HeavyAtomCount,residual_property,HeavyAtomCount,110.60606060606062,50,50,RingCount_calc,2.36,2.0,1.0,3.0,-0.4,0.0,-1.0,0.0
residual::HeavyAtomCount,residual_property,HeavyAtomCount,110.60606060606062,50,50,AromaticRingCount_calc,0.42,0.0,0.0,1.0,-1.66,-2.0,-2.0,-1.0
residual::HeavyAtomCount,residual_property,HeavyAtomCount,110.60606060606062,50,50,BondCount,25.48,29.0,19.0,32.0,1.04,3.5,-1.0,5.75
residual::HeavyAtomCount,residual_property,HeavyAtomCount,110.60606060606062,50,50,BranchPointCount,4.5,4.5,3.0,6.0,-2.64,-2.0,-5.0,-1.0
residual::HeavyAtomCount,residual_property,HeavyAtomCount,110.60606060606062,50,50,AromaticAtomFraction,0.09986357860923109,0.0,0.0,0.2,-0.41272504486981704,-0.43167701863354035,-0.5501567398119123,-0.2528846153846154
residual::HeavyAtomCount,residual_property,HeavyAtomCount,110.60606060606062,50,50,AromaticBondFraction,0.09446695923428118,0.0,0.0,0.19838709677419356,-0.39289208916361773,-0.40625,-0.5419034090909091,-0.24508928571428568
residual::HeavyAtomCount,residual_property,HeavyAtomCount,113.63636363636364,50,50,MolWt,358.0213200000001,369.9280000000001,303.1990000000001,415.2462500000001,33.29936000000005,30.881500000000045,-13.297000000000025,105.64225000000013
residual::HeavyAtomCount,residual_property,HeavyAtomCount,113.63636363636364,50,50,CarbonCount,21.06,23.0,17.25,25.0,3.96,4.5,1.25,7.0
residual::HeavyAtomCount,residual_property,HeavyAtomCount,113.63636363636364,50,50,HeavyAtomCount_calc,25.96,27.5,22.0,30.75,3.28,3.5,1.0,7.0
residual::HeavyAtomCount,residual_property,HeavyAtomCount,113.63636363636364,50,50,HeteroatomCount,4.9,5.0,4.0,6.0,-0.68,-1.0,-2.0,1.0
residual::HeavyAtomCount,residual_property,HeavyAtomCount,113.63636363636364,50,50,RingCount_calc,2.5,3.0,1.25,3.0,-0.26,0.0,-1.0,1.0
residual::HeavyAtomCount,residual_property,HeavyAtomCount,113.63636363636364,50,50,AromaticRingCount_calc,0.44,0.0,0.0,1.0,-1.64,-1.5,-2.0,-1.0
residual::HeavyAtomCount,residual_property,HeavyAtomCount,113.63636363636364,50,50,BondCount,27.32,29.0,23.0,32.0,2.88,3.5,1.0,6.75
residual::HeavyAtomCount,residual_property,HeavyAtomCount,113.63636363636364,50,50,BranchPointCount,5.04,5.0,4.0,6.75,-2.1,-2.0,-4.0,-0.25
residual::HeavyAtomCount,residual_property,HeavyAtomCount,113.63636363636364,50,50,AromaticAtomFraction,0.10391226436507794,0.0,0.0,0.21243842364532017,-0.40867635911397016,-0.4285714285714286,-0.5290032679738562,-0.23887931034482757
residual::HeavyAtomCount,residual_property,HeavyAtomCount,113.63636363636364,50,50,AromaticBondFraction,0.09826116703859542,0.0,0.0,0.2,-0.3890978813593034,-0.4,-0.5237691001697793,-0.2235576923076923
residual::HeavyAtomCount,residual_property,HeavyAtomCount,116.66666666666669,50,50,MolWt,356.19106000000016,366.97300000000007,303.9370000000001,423.11675000000037,31.469100000000047,28.387499999999932,-26.756000000000032,103.11100000000017
residual::HeavyAtomCount,residual_property,HeavyAtomCount,116.66666666666669,50,50,CarbonCount,21.02,22.0,17.0,25.75,3.92,5.0,0.25,7.0
residual::HeavyAtomCount,residual_property,HeavyAtomCount,116.66666666666669,50,50,HeavyAtomCount_calc,25.9,27.0,22.0,31.75,3.22,4.0,-1.0,7.0
residual::HeavyAtomCount,residual_property,HeavyAtomCount,116.66666666666669,50,50,HeteroatomCount,4.88,5.0,4.0,6.0,-0.7,-1.0,-2.0,1.0
residual::HeavyAtomCount,residual_property,HeavyAtomCount,116.66666666666669,50,50,RingCount_calc,2.48,3.0,1.25,3.0,-0.28,0.0,-1.0,1.0
residual::HeavyAtomCount,residual_property,HeavyAtomCount,116.66666666666669,50,50,AromaticRingCount_calc,0.48,0.0,0.0,1.0,-1.6,-1.0,-2.0,-1.0
residual::HeavyAtomCount,residual_property,HeavyAtomCount,116.66666666666669,50,50,BondCount,27.2,29.0,22.25,32.0,2.76,3.5,-0.5,6.0
residual::HeavyAtomCount,residual_property,HeavyAtomCount,116.66666666666669,50,50,BranchPointCount,4.78,5.0,3.25,6.0,-2.36,-2.0,-4.0,-1.0
residual::HeavyAtomCount,residual_property,HeavyAtomCount,116.66666666666669,50,50,AromaticAtomFraction,0.09957473522754881,0.0,0.0,0.19203629032258063,-0.41301388825149926,-0.4365079365079365,-0.5178190227703985,-0.25449751861042186
residual::HeavyAtomCount,residual_property,HeavyAtomCount,116.66666666666669,50,50,AromaticBondFraction,0.09617675967511613,0.0,0.0,0.18607954545454547,-0.3911822887227828,-0.3993103448275862,-0.5,-0.24756493506493504
residual::HeavyAtomCount,residual_property,HeavyAtomCount,119.69696969696967,50,50,MolWt,367.9203600000001,386.9895000000001,338.40875000000005,426.3495000000001,43.19840000000005,53.19100000000009,3.472999999999928,106.38325000000013
residual::HeavyAtomCount,residual_property,HeavyAtomCount,119.69696969696967,50,50,CarbonCount,21.7,23.5,18.25,25.75,4.6,5.0,2.25,7.75
residual::HeavyAtomCount,residual_property,HeavyAtomCount,119.69696969696967,50,50,HeavyAtomCount_calc,26.78,28.0,25.0,32.0,4.1,4.0,2.0,7.75
residual::HeavyAtomCount,residual_property,HeavyAtomCount,119.69696969696967,50,50,HeteroatomCount,5.08,5.0,4.0,6.0,-0.5,-1.0,-2.0,1.0
residual::HeavyAtomCount,residual_property,HeavyAtomCount,119.69696969696967,50,50,RingCount_calc,2.74,3.0,2.0,3.0,-0.02,0.0,-1.0,1.0
residual::HeavyAtomCount,residual_property,HeavyAtomCount,119.69696969696967,50,50,AromaticRingCount_calc,0.48,0.0,0.0,1.0,-1.6,-1.0,-2.0,-1.0
residual::HeavyAtomCount,residual_property,HeavyAtomCount,119.69696969696967,50,50,BondCount,28.36,30.0,25.5,33.0,3.92,4.0,1.25,6.75
residual::HeavyAtomCount,residual_property,HeavyAtomCount,119.69696969696967,50,50,BranchPointCount,5.32,5.0,4.0,7.0,-1.82,-2.0,-4.0,-1.0
residual::HeavyAtomCount,residual_property,HeavyAtomCount,119.69696969696967,50,50,AromaticAtomFraction,0.09659367230913722,0.0,0.0,0.1935483870967742,-0.4159949511699108,-0.44365079365079363,-0.5208999360613811,-0.27092262576133547
residual::HeavyAtomCount,residual_property,HeavyAtomCount,119.69696969696967,50,50,AromaticBondFraction,0.09301602542046172,0.0,0.0,0.18181818181818182,-0.3943430229774371,-0.40689655172413797,-0.5,-0.24756493506493504
residual::HeavyAtomCount,residual_property,HeavyAtomCount,122.72727272727276,50,50,MolWt,362.80742000000015,385.4675000000001,325.24050000000005,432.6150000000003,38.08546000000005,36.52900000000014,-2.6149999999999523,103.60850000000015
residual::HeavyAtomCount,residual_property,HeavyAtomCount,122.72727272727276,50,50,CarbonCount,21.46,23.0,19.0,25.75,4.36,4.5,1.25,8.75
residual::HeavyAtomCount,residual_property,HeavyAtomCount,122.72727272727276,50,50,HeavyAtomCount_calc,26.5,28.0,24.25,31.75,3.82,4.0,1.25,7.75
residual::HeavyAtomCount,residual_property,HeavyAtomCount,122.72727272727276,50,50,HeteroatomCount,5.04,5.0,4.0,6.0,-0.54,-1.0,-2.0,1.0
residual::HeavyAtomCount,residual_property,HeavyAtomCount,122.72727272727276,50,50,RingCount_calc,2.74,3.0,2.0,3.75,-0.02,0.0,-1.0,1.0
residual::HeavyAtomCount,residual_property,HeavyAtomCount,122.72727272727276,50,50,AromaticRingCount_calc,0.46,0.0,0.0,1.0,-1.62,-1.0,-2.0,-1.0
residual::HeavyAtomCount,residual_property,HeavyAtomCount,122.72727272727276,50,50,BondCount,28.08,30.0,25.5,33.75,3.64,4.0,1.0,8.0
residual::HeavyAtomCount,residual_property,HeavyAtomCount,122.72727272727276,50,50,BranchPointCount,5.3,6.0,4.0,7.0,-1.84,-1.0,-4.0,0.0
residual::HeavyAtomCount,residual_property,HeavyAtomCount,122.72727272727276,50,50,AromaticAtomFraction,0.08991752394769473,0.0,0.0,0.19203629032258063,-0.42267109953135334,-0.4365079365079365,-0.5208999360613811,-0.28121878121878124
residual::HeavyAtomCount,residual_property,HeavyAtomCount,122.72727272727276,50,50,AromaticBondFraction,0.08584133992302262,0.0,0.0,0.1804812834224599,-0.4015177084748763,-0.40689655172413797,-0.5,-0.25297619047619047
residual::HeavyAtomCount,residual_property,HeavyAtomCount,125.75757575757576,50,50,MolWt,349.5687000000001,390.01600000000013,314.11875000000003,425.8400000000001,24.84674000000004,38.60150000000007,-26.21899999999998,104.86225000000013
residual::HeavyAtomCount,residual_property,HeavyAtomCount,125.75757575757576,50,50,CarbonCount,20.46,22.0,18.0,25.75,3.36,4.0,-0.75,8.0
residual::HeavyAtomCount,residual_property,HeavyAtomCount,125.75757575757576,50,50,HeavyAtomCount_calc,25.46,28.0,22.25,31.75,2.78,3.5,-0.5,8.0
residual::HeavyAtomCount,residual_property,HeavyAtomCount,125.75757575757576,50,50,HeteroatomCount,5.0,5.0,3.0,6.0,-0.58,-1.0,-2.0,1.0
residual::HeavyAtomCount,residual_property,HeavyAtomCount,125.75757575757576,50,50,RingCount_calc,2.48,3.0,2.0,3.0,-0.28,0.0,-1.0,1.0
residual::HeavyAtomCount,residual_property,HeavyAtomCount,125.75757575757576,50,50,AromaticRingCount_calc,0.46,0.0,0.0,1.0,-1.62,-1.0,-2.0,-1.0
residual::HeavyAtomCount,residual_property,HeavyAtomCount,125.75757575757576,50,50,BondCount,26.84,30.0,23.5,33.0,2.4,4.0,-1.5,8.0
residual::HeavyAtomCount,residual_property,HeavyAtomCount,125.75757575757576,50,50,BranchPointCount,4.9,5.5,4.0,6.75,-2.24,-2.0,-3.0,0.0
residual::HeavyAtomCount,residual_property,HeavyAtomCount,125.75757575757576,50,50,AromaticAtomFraction,0.08614959046505537,0.0,0.0,0.1875,-0.4264390330139928,-0.4365079365079365,-0.5178190227703985,-0.28928571428571426
residual::HeavyAtomCount,residual_property,HeavyAtomCount,125.75757575757576,50,50,AromaticBondFraction,0.08298323990140757,0.0,0.0,0.1804812834224599,-0.4043758084964913,-0.40689655172413797,-0.5,-0.2678571428571428
residual::HeavyAtomCount,residual_property,HeavyAtomCount,128.7878787878788,50,50,MolWt,353.3783000000001,383.5285000000001,319.88200000000006,433.84000000000026,28.656340000000043,37.1185000000001,-2.9862499999999983,115.44525000000023
residual::HeavyAtomCount,residual_property,HeavyAtomCount,128.7878787878788,50,50,CarbonCount,20.92,23.0,18.25,25.0,3.82,4.5,0.25,9.0
residual::HeavyAtomCount,residual_property,HeavyAtomCount,128.7878787878788,50,50,HeavyAtomCount_calc,25.78,28.0,22.5,32.0,3.1,4.0,0.25,9.0
residual::HeavyAtomCount,residual_property,HeavyAtomCount,128.7878787878788,50,50,HeteroatomCount,4.86,5.0,3.25,6.0,-0.72,-1.0,-2.0,1.0
residual::HeavyAtomCount,residual_property,HeavyAtomCount,128.7878787878788,50,50,RingCount_calc,2.44,2.5,2.0,3.0,-0.32,0.0,-1.0,1.0
residual::HeavyAtomCount,residual_property,HeavyAtomCount,128.7878787878788,50,50,AromaticRingCount_calc,0.38,0.0,0.0,1.0,-1.7,-1.5,-2.0,-1.0
residual::HeavyAtomCount,residual_property,HeavyAtomCount,128.7878787878788,50,50,BondCount,27.12,29.0,23.5,33.0,2.68,3.0,0.25,8.0
residual::HeavyAtomCount,residual_property,HeavyAtomCount,128.7878787878788,50,50,BranchPointCount,4.76,5.0,4.0,6.0,-2.38,-2.0,-3.0,-1.0
residual::HeavyAtomCount,residual_property,HeavyAtomCount,128.7878787878788,50,50,AromaticAtomFraction,0.07183664592488123,0.0,0.0,0.18181818181818182,-0.4407519775541669,-0.46153846153846156,-0.531809462915601,-0.30431034482758623
residual::HeavyAtomCount,residual_property,HeavyAtomCount,128.7878787878788,50,50,AromaticBondFraction,0.06942432689749031,0.0,0.0,0.17142857142857143,-0.41793472150040856,-0.4226190476190476,-0.530016447368421,-0.2924107142857143
residual::HeavyAtomCount,residual_property,HeavyAtomCount,131.8181818181818,50,50,MolWt,362.90446000000003,386.00350000000003,320.90525,433.30500000000023,38.182500000000054,46.66450000000006,-13.133749999999907,124.71200000000002
residual::HeavyAtomCount,residual_property,HeavyAtomCount,131.8181818181818,50,50,CarbonCount,21.64,23.5,20.0,26.0,4.54,5.0,1.25,9.0
residual::HeavyAtomCount,residual_property,HeavyAtomCount,131.8181818181818,50,50,HeavyAtomCount_calc,26.54,28.5,24.0,32.0,3.86,4.0,0.25,9.0
residual::HeavyAtomCount,residual_property,HeavyAtomCount,131.8181818181818,50,50,HeteroatomCount,4.9,5.0,4.0,6.0,-0.68,-1.0,-2.0,1.0
residual::HeavyAtomCount,residual_property,HeavyAtomCount,131.8181818181818,50,50,RingCount_calc,2.48,3.0,2.0,3.0,-0.28,0.0,-1.0,1.0
residual::HeavyAtomCount,residual_property,HeavyAtomCount,131.8181818181818,50,50,AromaticRingCount_calc,0.38,0.0,0.0,1.0,-1.7,-1.5,-2.0,-1.0
residual::HeavyAtomCount,residual_property,HeavyAtomCount,131.8181818181818,50,50,BondCount,27.88,30.0,26.0,33.0,3.44,4.5,-0.75,8.75
residual::HeavyAtomCount,residual_property,HeavyAtomCount,131.8181818181818,50,50,BranchPointCount,4.9,5.0,4.0,6.75,-2.24,-1.5,-3.75,0.0
residual::HeavyAtomCount,residual_property,HeavyAtomCount,131.8181818181818,50,50,AromaticAtomFraction,0.07548069438858912,0.0,0.0,0.18181818181818182,-0.437107929090459,-0.46153846153846156,-0.5266544117647058,-0.28928571428571426
residual::HeavyAtomCount,residual_property,HeavyAtomCount,131.8181818181818,50,50,AromaticBondFraction,0.07244339429114402,0.0,0.0,0.17142857142857143,-0.4149156541067549,-0.4226190476190476,-0.5120967741935484,-0.27881493506493504
residual::HeavyAtomCount,residual_property,HeavyAtomCount,134.84848484848487,50,50,MolWt,364.38088000000005,391.4950000000001,324.8907500000001,436.08000000000027,39.65892000000006,49.09599999999995,-19.297499999999943,121.22600000000008
residual::HeavyAtomCount,residual_property,HeavyAtomCount,134.84848484848487,50,50,CarbonCount,21.54,23.5,19.0,26.0,4.44,5.0,0.25,9.0
residual::HeavyAtomCount,residual_property,HeavyAtomCount,134.84848484848487,50,50,HeavyAtomCount_calc,26.52,29.0,24.25,32.0,3.84,4.0,0.0,9.0
residual::HeavyAtomCount,residual_property,HeavyAtomCount,134.84848484848487,50,50,HeteroatomCount,4.98,5.0,4.0,6.0,-0.6,0.0,-2.0,1.0
residual::HeavyAtomCount,residual_property,HeavyAtomCount,134.84848484848487,50,50,RingCount_calc,2.36,2.0,2.0,3.0,-0.4,0.0,-1.0,1.0
residual::HeavyAtomCount,residual_property,HeavyAtomCount,134.84848484848487,50,50,AromaticRingCount_calc,0.32,0.0,0.0,1.0,-1.76,-2.0,-2.0,-1.0
residual::HeavyAtomCount,residual_property,HeavyAtomCount,134.84848484848487,50,50,BondCount,27.78,30.0,25.25,33.0,3.34,4.5,-1.0,9.0
residual::HeavyAtomCount,residual_property,HeavyAtomCount,134.84848484848487,50,50,BranchPointCount,4.7,5.0,3.0,6.0,-2.44,-2.0,-3.0,-1.0
residual::HeavyAtomCount,residual_property,HeavyAtomCount,134.84848484848487,50,50,AromaticAtomFraction,0.07161352746316793,0.0,0.0,0.1804812834224599,-0.44097509601588014,-0.4551731578379544,-0.5414438502673796,-0.28928571428571426
residual::HeavyAtomCount,residual_property,HeavyAtomCount,134.84848484848487,50,50,AromaticBondFraction,0.06796597793635781,0.0,0.0,0.17142857142857143,-0.419393070461541,-0.4226190476190476,-0.5243920145190563,-0.27881493506493504
residual::HeavyAtomCount,residual_property,HeavyAtomCount,137.87878787878788,50,50,MolWt,380.3189200000002,399.53650000000016,356.4330000000001,433.1330000000002,55.59696000000005,53.59850000000009,-2.028500000000065,121.22600000000008
residual::HeavyAtomCount,residual_property,HeavyAtomCount,137.87878787878788,50,50,CarbonCount,22.8,24.0,20.25,26.75,5.7,5.5,2.25,9.75
residual::HeavyAtomCount,residual_property,HeavyAtomCount,137.87878787878788,50,50,HeavyAtomCount_calc,27.84,29.0,26.0,32.0,5.16,4.0,1.0,9.75
residual::HeavyAtomCount,residual_property,HeavyAtomCount,137.87878787878788,50,50,HeteroatomCount,5.04,5.0,4.0,6.0,-0.54,0.0,-2.0,1.0
residual::HeavyAtomCount,residual_property,HeavyAtomCount,137.87878787878788,50,50,RingCount_calc,2.46,2.0,2.0,3.0,-0.3,0.0,-1.0,0.75
residual::HeavyAtomCount,residual_property,HeavyAtomCount,137.87878787878788,50,50,AromaticRingCount_calc,0.4,0.0,0.0,1.0,-1.68,-1.0,-2.0,-1.0
residual::HeavyAtomCount,residual_property,HeavyAtomCount,137.87878787878788,50,50,BondCount,29.24,31.0,28.0,34.0,4.8,4.0,1.0,9.0
residual::HeavyAtomCount,residual_property,HeavyAtomCount,137.87878787878788,50,50,BranchPointCount,4.94,5.0,3.0,7.0,-2.2,-2.0,-3.0,-1.0
residual::HeavyAtomCount,residual_property,HeavyAtomCount,137.87878787878788,50,50,AromaticAtomFraction,0.08435821549114492,0.0,0.0,0.18181818181818182,-0.42823040798790324,-0.45844780219780223,-0.5132229003196744,-0.30833333333333335
residual::HeavyAtomCount,residual_property,HeavyAtomCount,137.87878787878788,50,50,AromaticBondFraction,0.08023500005096817,0.0,0.0,0.17521008403361346,-0.4071240483469307,-0.42857142857142855,-0.49397759103641453,-0.2979525862068966
residual::HeavyAtomCount,residual_property,HeavyAtomCount,140.90909090909088,50,50,MolWt,368.30576000000013,396.0295000000001,344.1597500000001,429.1042500000002,43.583800000000046,49.66650000000001,-3.4842500000000456,106.10250000000019
residual::HeavyAtomCount,residual_property,HeavyAtomCount,140.90909090909088,50,50,CarbonCount,22.18,24.0,21.0,26.0,5.08,5.0,1.25,10.5
residual::HeavyAtomCount,residual_property,HeavyAtomCount,140.90909090909088,50,50,HeavyAtomCount_calc,27.02,29.0,25.25,31.0,4.34,4.0,1.0,9.5
residual::HeavyAtomCount,residual_property,HeavyAtomCount,140.90909090909088,50,50,HeteroatomCount,4.84,4.0,4.0,6.0,-0.74,-1.0,-2.0,1.0
residual::HeavyAtomCount,residual_property,HeavyAtomCount,140.90909090909088,50,50,RingCount_calc,2.46,2.0,2.0,3.0,-0.3,0.0,-1.0,0.75
residual::HeavyAtomCount,residual_property,HeavyAtomCount,140.90909090909088,50,50,AromaticRingCount_calc,0.44,0.0,0.0,1.0,-1.64,-1.0,-2.0,-1.0
residual::HeavyAtomCount,residual_property,HeavyAtomCount,140.90909090909088,50,50,BondCount,28.44,30.0,27.0,34.0,4.0,3.0,0.5,9.75
residual::HeavyAtomCount,residual_property,HeavyAtomCount,140.90909090909088,50,50,BranchPointCount,5.02,5.0,3.25,7.0,-2.12,-2.0,-4.0,0.0
residual::HeavyAtomCount,residual_property,HeavyAtomCount,140.90909090909088,50,50,AromaticAtomFraction,0.09334550349614215,0.0,0.0,0.2,-0.419243119982906,-0.4466261492909459,-0.5055378908320085,-0.29601806239737277
residual::HeavyAtomCount,residual_property,HeavyAtomCount,140.90909090909088,50,50,AromaticBondFraction,0.08879025705634297,0.0,0.0,0.19203629032258063,-0.398568791341556,-0.41522988505747127,-0.47994485294117645,-0.29585097801976207
residual::HeavyAtomCount,residual_property,HeavyAtomCount,143.93939393939394,50,50,MolWt,373.79704000000015,396.0095000000002,344.6687500000001,444.56600000000026,49.07508000000007,54.09350000000006,-4.028750000000009,140.9430000000002
residual::HeavyAtomCount,residual_property,HeavyAtomCount,143.93939393939394,50,50,CarbonCount,22.38,24.0,20.25,26.75,5.28,5.0,2.0,11.0
residual::HeavyAtomCount,residual_property,HeavyAtomCount,143.93939393939394,50,50,HeavyAtomCount_calc,27.42,29.0,25.25,33.0,4.74,4.5,1.0,10.75
residual::HeavyAtomCount,residual_property,HeavyAtomCount,143.93939393939394,50,50,HeteroatomCount,5.04,5.0,4.0,6.0,-0.54,0.0,-2.0,1.0
residual::HeavyAtomCount,residual_property,HeavyAtomCount,143.93939393939394,50,50,RingCount_calc,2.36,2.0,2.0,3.0,-0.4,0.0,-1.0,0.0
residual::HeavyAtomCount,residual_property,HeavyAtomCount,143.93939393939394,50,50,AromaticRingCount_calc,0.36,0.0,0.0,1.0,-1.72,-2.0,-2.0,-1.0
residual::HeavyAtomCount,residual_property,HeavyAtomCount,143.93939393939394,50,50,BondCount,28.78,30.5,27.25,34.0,4.34,4.0,0.25,10.75
residual::HeavyAtomCount,residual_property,HeavyAtomCount,143.93939393939394,50,50,BranchPointCount,4.78,5.0,3.0,6.0,-2.36,-2.0,-4.0,-1.0
residual::HeavyAtomCount,residual_property,HeavyAtomCount,143.93939393939394,50,50,AromaticAtomFraction,0.07545106727256828,0.0,0.0,0.18181818181818182,-0.43713755620647987,-0.46153846153846156,-0.5258893280632412,-0.3333333333333333
residual::HeavyAtomCount,residual_property,HeavyAtomCount,143.93939393939394,50,50,AromaticBondFraction,0.0721207394394569,0.0,0.0,0.17023809523809524,-0.415238308958442,-0.430952380952381,-0.5,-0.3177083333333333
residual::HeavyAtomCount,residual_property,HeavyAtomCount,146.96969696969694,50,50,MolWt,395.5080400000001,411.2595000000001,383.48025000000007,446.7972500000002,70.78608000000007,60.61549999999991,13.464000000000027,174.27800000000025
residual::HeavyAtomCount,residual_property,HeavyAtomCount,146.96969696969694,50,50,CarbonCount,23.64,25.0,23.0,27.75,6.54,6.5,3.0,12.0
residual::HeavyAtomCount,residual_property,HeavyAtomCount,146.96969696969694,50,50,HeavyAtomCount_calc,28.88,30.0,28.0,33.0,6.2,5.5,1.25,13.0
residual::HeavyAtomCount,residual_property,HeavyAtomCount,146.96969696969694,50,50,HeteroatomCount,5.24,4.5,4.0,6.0,-0.34,0.0,-2.0,1.0
residual::HeavyAtomCount,residual_property,HeavyAtomCount,146.96969696969694,50,50,RingCount_calc,2.26,2.0,2.0,3.0,-0.5,0.0,-1.0,0.0
residual::HeavyAtomCount,residual_property,HeavyAtomCount,146.96969696969694,50,50,AromaticRingCount_calc,0.36,0.0,0.0,1.0,-1.72,-2.0,-2.0,-1.0
residual::HeavyAtomCount,residual_property,HeavyAtomCount,146.96969696969694,50,50,BondCount,30.14,32.0,29.0,35.0,5.7,5.0,2.0,14.0
residual::HeavyAtomCount,residual_property,HeavyAtomCount,146.96969696969694,50,50,BranchPointCount,4.6,5.0,3.0,6.0,-2.54,-2.0,-5.0,0.0
residual::HeavyAtomCount,residual_property,HeavyAtomCount,146.96969696969694,50,50,AromaticAtomFraction,0.07289196386001659,0.0,0.0,0.18181818181818182,-0.43969665961903154,-0.452991452991453,-0.5274936061381075,-0.2993730407523511
residual::HeavyAtomCount,residual_property,HeavyAtomCount,146.96969696969694,50,50,AromaticBondFraction,0.06979173753475608,0.0,0.0,0.17142857142857143,-0.4175673108631428,-0.41522988505747127,-0.49620535714285713,-0.2979525862068966
residual::HeavyAtomCount,residual_property,HeavyAtomCount,150.0,50,50,MolWt,403.4889400000001,418.0710000000001,383.48025000000007,459.83025000000015,78.76698000000006,76.7835,34.31100000000009,177.2072500000001
residual::HeavyAtomCount,residual_property,HeavyAtomCount,150.0,50,50,CarbonCount,24.12,25.0,23.0,27.75,7.02,7.0,4.0,11.0
residual::HeavyAtomCount,residual_property,HeavyAtomCount,150.0,50,50,HeavyAtomCount_calc,29.52,31.0,28.0,33.0,6.84,6.5,3.0,13.5
residual::HeavyAtomCount,residual_property,HeavyAtomCount,150.0,50,50,HeteroatomCount,5.4,5.5,4.0,7.0,-0.18,0.0,-1.0,1.0
residual::HeavyAtomCount,residual_property,HeavyAtomCount,150.0,50,50,RingCount_calc,2.36,2.0,2.0,3.0,-0.4,0.0,-1.0,0.0
residual::HeavyAtomCount,residual_property,HeavyAtomCount,150.0,50,50,AromaticRingCount_calc,0.4,0.0,0.0,1.0,-1.68,-1.5,-2.0,-1.0
residual::HeavyAtomCount,residual_property,HeavyAtomCount,150.0,50,50,BondCount,30.8,32.0,29.0,34.75,6.36,5.0,3.0,12.5
residual::HeavyAtomCount,residual_property,HeavyAtomCount,150.0,50,50,BranchPointCount,4.7,5.0,4.0,6.0,-2.44,-2.0,-4.0,-1.0
residual::HeavyAtomCount,residual_property,HeavyAtomCount,150.0,50,50,AromaticAtomFraction,0.08195031850129672,0.0,0.0,0.19203629032258063,-0.43063830497775135,-0.4388198757763975,-0.5132229003196744,-0.2911358091623746
residual::HeavyAtomCount,residual_property,HeavyAtomCount,150.0,50,50,AromaticBondFraction,0.07766838059563722,0.0,0.0,0.18607954545454547,-0.4096906678022617,-0.41522988505747127,-0.49813685636856364,-0.2987664373113289
