method,property,seed_id,confound,spearman_alpha_confound,linear_slope_confound_per_alpha
MolecuLA raw OLS (seed-excluded),FractionCSP3,0,selfies_len_tokens,-0.24324386802446163,-0.051502970297029785
MolecuLA raw OLS (seed-excluded),FractionCSP3,0,branch_token_count,0.7471521057829626,0.015112871287128713
MolecuLA raw OLS (seed-excluded),FractionCSP3,0,ring_token_count,-0.9051670994828583,-0.029956435643564355
MolecuLA raw OLS (seed-excluded),FractionCSP3,0,token_entropy,-0.3380177983338603,-0.0023313761897941305
MolecuLA raw OLS (seed-excluded),FractionCSP3,1,selfies_len_tokens,-0.2619006200702215,-0.03186930693069302
MolecuLA raw OLS (seed-excluded),FractionCSP3,1,branch_token_count,0.4934085829290766,0.00876039603960396
MolecuLA raw OLS (seed-excluded),FractionCSP3,1,ring_token_count,-0.9435289846160931,-0.030392079207920798
MolecuLA raw OLS (seed-excluded),FractionCSP3,1,token_entropy,-0.5224307545065734,-0.0030356973815452346
MolecuLA raw OLS (seed-excluded),FractionCSP3,2,selfies_len_tokens,-0.19782969237926265,0.08695445544554449
MolecuLA raw OLS (seed-excluded),FractionCSP3,2,branch_token_count,-0.43647887381208056,-0.003887128712871287
MolecuLA raw OLS (seed-excluded),FractionCSP3,2,ring_token_count,-0.9074522358398364,-0.027794059405940603
MolecuLA raw OLS (seed-excluded),FractionCSP3,2,token_entropy,-0.6085992526244481,-0.0044206521203692655
MolecuLA raw OLS (seed-excluded),FractionCSP3,3,selfies_len_tokens,0.11450721576375314,0.11627128712871287
MolecuLA raw OLS (seed-excluded),FractionCSP3,3,branch_token_count,0.7552942564877814,0.01872475247524753
MolecuLA raw OLS (seed-excluded),FractionCSP3,3,ring_token_count,-0.9634242432483126,-0.034625742574257413
MolecuLA raw OLS (seed-excluded),FractionCSP3,3,token_entropy,-0.7275646475572992,-0.005213770269504939
MolecuLA raw OLS (seed-excluded),FractionCSP3,4,selfies_len_tokens,-0.27292921748708343,0.04330495049504953
MolecuLA raw OLS (seed-excluded),FractionCSP3,4,branch_token_count,0.3695162162855685,0.004926732673267322
MolecuLA raw OLS (seed-excluded),FractionCSP3,4,ring_token_count,-0.8860517099048152,-0.025570297029702968
MolecuLA raw OLS (seed-excluded),FractionCSP3,4,token_entropy,-0.70127180688295,-0.004393549827127515
MolecuLA raw OLS (seed-excluded),FractionCSP3,5,selfies_len_tokens,-0.02009870028829566,0.028772277227722746
MolecuLA raw OLS (seed-excluded),FractionCSP3,5,branch_token_count,0.28588303856072533,0.0070297029702970325
MolecuLA raw OLS (seed-excluded),FractionCSP3,5,ring_token_count,-0.9712093017456782,-0.04462772277227724
MolecuLA raw OLS (seed-excluded),FractionCSP3,5,token_entropy,-0.4703502871235325,-0.004086976951375283
MolecuLA raw OLS (seed-excluded),FractionCSP3,6,selfies_len_tokens,-0.1765987024379376,-0.08078019801980198
MolecuLA raw OLS (seed-excluded),FractionCSP3,6,branch_token_count,0.7523794731490325,0.01595643564356436
MolecuLA raw OLS (seed-excluded),FractionCSP3,6,ring_token_count,-0.9417211658413339,-0.03317821782178218
MolecuLA raw OLS (seed-excluded),FractionCSP3,6,token_entropy,-0.35196154610392183,-0.002318870606731616
MolecuLA raw OLS (seed-excluded),FractionCSP3,7,selfies_len_tokens,-0.23821321815088362,0.01083168316831681
MolecuLA raw OLS (seed-excluded),FractionCSP3,7,branch_token_count,0.002181827873127535,0.0001485148514851466
MolecuLA raw OLS (seed-excluded),FractionCSP3,7,ring_token_count,-0.9046656000908315,-0.033283168316831695
MolecuLA raw OLS (seed-excluded),FractionCSP3,7,token_entropy,-0.6391241048923275,-0.0041856953904780845
MolecuLA raw OLS (seed-excluded),FractionCSP3,8,selfies_len_tokens,-0.041901337009259625,0.18285940594059408
MolecuLA raw OLS (seed-excluded),FractionCSP3,8,branch_token_count,-0.015466972992559516,-0.003403960396039603
MolecuLA raw OLS (seed-excluded),FractionCSP3,8,ring_token_count,-0.9243772158670328,-0.023863366336633673
MolecuLA raw OLS (seed-excluded),FractionCSP3,8,token_entropy,-0.663327152414124,-0.0049744886456139685
MolecuLA raw OLS (seed-excluded),FractionCSP3,9,selfies_len_tokens,-0.0003315444635798093,0.1756792079207921
MolecuLA raw OLS (seed-excluded),FractionCSP3,9,branch_token_count,-0.1958896898812461,-0.004730693069306931
MolecuLA raw OLS (seed-excluded),FractionCSP3,9,ring_token_count,-0.8221559830629631,-0.02256237623762376
MolecuLA raw OLS (seed-excluded),FractionCSP3,9,token_entropy,-0.5280896923311172,-0.004825383782829646
MolecuLA raw OLS (seed-excluded),FractionCSP3,10,selfies_len_tokens,-0.31700589794692524,-0.040803960396039785
MolecuLA raw OLS (seed-excluded),FractionCSP3,10,branch_token_count,0.3603474232815457,0.005770297029702964
MolecuLA raw OLS (seed-excluded),FractionCSP3,10,ring_token_count,-0.9000459139681369,-0.029546534653465354
MolecuLA raw OLS (seed-excluded),FractionCSP3,10,token_entropy,-0.5285698329413041,-0.00440106582452578
MolecuLA raw OLS (seed-excluded),FractionCSP3,11,selfies_len_tokens,0.1155168862906086,0.27449702970297035
MolecuLA raw OLS (seed-excluded),FractionCSP3,11,branch_token_count,0.044544502335382055,-0.0007722772277227726
MolecuLA raw OLS (seed-excluded),FractionCSP3,11,ring_token_count,-0.9434132580686161,-0.020689108910891096
MolecuLA raw OLS (seed-excluded),FractionCSP3,11,token_entropy,-0.6800559399437486,-0.005475194406756036
MolecuLA raw OLS (seed-excluded),FractionCSP3,12,selfies_len_tokens,0.2018101688518833,0.14671881188118818
MolecuLA raw OLS (seed-excluded),FractionCSP3,12,branch_token_count,0.42015879553875873,0.009893069306930692
MolecuLA raw OLS (seed-excluded),FractionCSP3,12,ring_token_count,-0.9679692643017191,-0.039972277227722786
MolecuLA raw OLS (seed-excluded),FractionCSP3,12,token_entropy,-0.7345165661347036,-0.005144384752333513
MolecuLA raw OLS (seed-excluded),FractionCSP3,13,selfies_len_tokens,-0.04097071895997642,0.0008792079207921448
MolecuLA raw OLS (seed-excluded),FractionCSP3,13,branch_token_count,0.5788681836433164,0.018564356435643563
MolecuLA raw OLS (seed-excluded),FractionCSP3,13,ring_token_count,-0.8806814308749739,-0.01717227722772278
MolecuLA raw OLS (seed-excluded),FractionCSP3,13,token_entropy,-0.7695674685210256,-0.0030698388840135187
MolecuLA raw OLS (seed-excluded),FractionCSP3,14,selfies_len_tokens,-0.1056533066603352,-0.012122772277227746
MolecuLA raw OLS (seed-excluded),FractionCSP3,14,branch_token_count,0.6167795040052809,0.006601980198019802
MolecuLA raw OLS (seed-excluded),FractionCSP3,14,ring_token_count,-0.9119214207853115,-0.0273881188118812
MolecuLA raw OLS (seed-excluded),FractionCSP3,14,token_entropy,-0.5511776799219719,-0.0034542188391486124
MolecuLA raw OLS (seed-excluded),FractionCSP3,15,selfies_len_tokens,-0.15933823051452892,0.037229702970297054
MolecuLA raw OLS (seed-excluded),FractionCSP3,15,branch_token_count,0.756345636848331,0.009071287128712873
MolecuLA raw OLS (seed-excluded),FractionCSP3,15,ring_token_count,-0.8802689058073238,-0.022097029702970297
MolecuLA raw OLS (seed-excluded),FractionCSP3,15,token_entropy,-0.4125641431463578,-0.003316060771516127
MolecuLA raw OLS (seed-excluded),FractionCSP3,16,selfies_len_tokens,-0.3926555252597889,-0.06362772277227713
MolecuLA raw OLS (seed-excluded),FractionCSP3,16,branch_token_count,0.7829985073362291,0.01057821782178218
MolecuLA raw OLS (seed-excluded),FractionCSP3,16,ring_token_count,-0.8937448017217967,-0.027433663366336635
MolecuLA raw OLS (seed-excluded),FractionCSP3,16,token_entropy,-0.3381997559242806,-0.0030536514349503263
MolecuLA raw OLS (seed-excluded),FractionCSP3,17,selfies_len_tokens,0.2718048199164384,0.18405940594059403
MolecuLA raw OLS (seed-excluded),FractionCSP3,17,branch_token_count,0.04283561267509592,0.000637623762376237
MolecuLA raw OLS (seed-excluded),FractionCSP3,17,ring_token_count,-0.9433408564044284,-0.04102970297029703
MolecuLA raw OLS (seed-excluded),FractionCSP3,17,token_entropy,-0.6416057162079716,-0.005850870646573469
MolecuLA raw OLS (seed-excluded),FractionCSP3,18,selfies_len_tokens,-0.357146370933028,-0.09191089108910888
MolecuLA raw OLS (seed-excluded),FractionCSP3,18,branch_token_count,0.8352392009245179,0.016760396039603963
MolecuLA raw OLS (seed-excluded),FractionCSP3,18,ring_token_count,-0.9836809504226565,-0.0347108910891089
MolecuLA raw OLS (seed-excluded),FractionCSP3,18,token_entropy,-0.31820959320543346,-0.00253952860993312
MolecuLA raw OLS (seed-excluded),FractionCSP3,19,selfies_len_tokens,-0.5183427309435288,-0.1154257425742574
MolecuLA raw OLS (seed-excluded),FractionCSP3,19,branch_token_count,0.3312695726622962,0.0036613861386138617
MolecuLA raw OLS (seed-excluded),FractionCSP3,19,ring_token_count,-0.9652679910436244,-0.03353267326732674
MolecuLA raw OLS (seed-excluded),FractionCSP3,19,token_entropy,-0.20990210801117437,-0.0017397600665928692
MolecuLA raw OLS (seed-excluded),FractionCSP3,20,selfies_len_tokens,-0.017756103839010717,-0.025659405940594134
MolecuLA raw OLS (seed-excluded),FractionCSP3,20,branch_token_count,0.43900085996083527,0.012681188118811883
MolecuLA raw OLS (seed-excluded),FractionCSP3,20,ring_token_count,-0.980107924736748,-0.03848910891089111
MolecuLA raw OLS (seed-excluded),FractionCSP3,20,token_entropy,-0.517294408651339,-0.004217546386593304
MolecuLA raw OLS (seed-excluded),FractionCSP3,21,selfies_len_tokens,0.0427960452412907,0.10767326732673263
MolecuLA raw OLS (seed-excluded),FractionCSP3,21,branch_token_count,0.8225610879935497,0.021916831683168318
MolecuLA raw OLS (seed-excluded),FractionCSP3,21,ring_token_count,-0.9539052574062231,-0.031340594059405945
MolecuLA raw OLS (seed-excluded),FractionCSP3,21,token_entropy,-0.4288749720217039,-0.002727129900524749
MolecuLA raw OLS (seed-excluded),FractionCSP3,22,selfies_len_tokens,-0.05258488185168203,0.025558415841584126
MolecuLA raw OLS (seed-excluded),FractionCSP3,22,branch_token_count,0.42460571045572354,0.009463366336633668
MolecuLA raw OLS (seed-excluded),FractionCSP3,22,ring_token_count,-0.9842931411852689,-0.04409306930693069
MolecuLA raw OLS (seed-excluded),FractionCSP3,22,token_entropy,-0.7527583836604167,-0.004849571515396257
MolecuLA raw OLS (seed-excluded),FractionCSP3,23,selfies_len_tokens,-0.12341344254080815,0.047150495049504935
MolecuLA raw OLS (seed-excluded),FractionCSP3,23,branch_token_count,0.3083220299045076,0.003653465346534655
MolecuLA raw OLS (seed-excluded),FractionCSP3,23,ring_token_count,-0.7871342038327417,-0.022233663366336642
MolecuLA raw OLS (seed-excluded),FractionCSP3,23,token_entropy,-0.9482882886175973,-0.0052137905395357
MolecuLA raw OLS (seed-excluded),FractionCSP3,24,selfies_len_tokens,-0.13170732843578986,0.080118811881188
MolecuLA raw OLS (seed-excluded),FractionCSP3,24,branch_token_count,0.3943426936440923,0.004287128712871288
MolecuLA raw OLS (seed-excluded),FractionCSP3,24,ring_token_count,-0.8678855446672983,-0.021295049504950498
MolecuLA raw OLS (seed-excluded),FractionCSP3,24,token_entropy,-0.4543800984059686,-0.003629367381434852
MolecuLA raw OLS (seed-excluded),FractionCSP3,25,selfies_len_tokens,-0.22094466813912428,-0.02635445544554456
MolecuLA raw OLS (seed-excluded),FractionCSP3,25,branch_token_count,0.7276181004851053,0.014643564356435643
MolecuLA raw OLS (seed-excluded),FractionCSP3,25,ring_token_count,-0.9095567934436001,-0.029722772277227714
MolecuLA raw OLS (seed-excluded),FractionCSP3,25,token_entropy,-0.4346270986304484,-0.003129443295358571
MolecuLA raw OLS (seed-excluded),FractionCSP3,26,selfies_len_tokens,-0.1782131308655776,-0.015459405940594032
MolecuLA raw OLS (seed-excluded),FractionCSP3,26,branch_token_count,0.8744401296212032,0.01605544554455446
MolecuLA raw OLS (seed-excluded),FractionCSP3,26,ring_token_count,-0.8685506319725567,-0.02593069306930694
MolecuLA raw OLS (seed-excluded),FractionCSP3,26,token_entropy,-0.5796633913810392,-0.0034620379892787256
MolecuLA raw OLS (seed-excluded),FractionCSP3,27,selfies_len_tokens,0.11216307735022689,0.1871663366336634
MolecuLA raw OLS (seed-excluded),FractionCSP3,27,branch_token_count,0.6425225216197312,0.015237623762376239
MolecuLA raw OLS (seed-excluded),FractionCSP3,27,ring_token_count,-0.9494244295941329,-0.03286732673267328
MolecuLA raw OLS (seed-excluded),FractionCSP3,27,token_entropy,-0.7566976545215532,-0.005314751561379026
MolecuLA raw OLS (seed-excluded),FractionCSP3,28,selfies_len_tokens,0.03406806930483879,0.1827326732673267
MolecuLA raw OLS (seed-excluded),FractionCSP3,28,branch_token_count,0.436663777389867,0.005564356435643566
MolecuLA raw OLS (seed-excluded),FractionCSP3,28,ring_token_count,-0.9364515160419784,-0.025142574257425755
MolecuLA raw OLS (seed-excluded),FractionCSP3,28,token_entropy,-0.8585761334540158,-0.005645536701341205
MolecuLA raw OLS (seed-excluded),FractionCSP3,29,selfies_len_tokens,-0.31766477043216357,-0.06122574257425744
MolecuLA raw OLS (seed-excluded),FractionCSP3,29,branch_token_count,0.5448763937237988,0.007625742574257423
MolecuLA raw OLS (seed-excluded),FractionCSP3,29,ring_token_count,-0.9271731120759806,-0.02594653465346535
MolecuLA raw OLS (seed-excluded),FractionCSP3,29,token_entropy,-0.356471733562485,-0.0027210124533888157
MolecuLA raw OLS (seed-excluded),FractionCSP3,30,selfies_len_tokens,-0.4812824228426765,-0.12901980198019808
MolecuLA raw OLS (seed-excluded),FractionCSP3,30,branch_token_count,0.769659572834815,0.014556435643564356
MolecuLA raw OLS (seed-excluded),FractionCSP3,30,ring_token_count,-0.9546830703229663,-0.030780198019801985
MolecuLA raw OLS (seed-excluded),FractionCSP3,30,token_entropy,-0.14376674885334514,-0.0013097549455864546
MolecuLA raw OLS (seed-excluded),FractionCSP3,31,selfies_len_tokens,-0.3122827607584557,0.09109108910891091
MolecuLA raw OLS (seed-excluded),FractionCSP3,31,branch_token_count,-0.150348208730664,-0.009207920792079211
MolecuLA raw OLS (seed-excluded),FractionCSP3,31,ring_token_count,-0.8124007064506868,-0.02593069306930694
MolecuLA raw OLS (seed-excluded),FractionCSP3,31,token_entropy,-0.7100949040167797,-0.005397566195778654
MolecuLA raw OLS (seed-excluded),FractionCSP3,32,selfies_len_tokens,-0.12198214005931086,0.023778217821782206
MolecuLA raw OLS (seed-excluded),FractionCSP3,32,branch_token_count,0.08518235425023966,0.000596039603960391
MolecuLA raw OLS (seed-excluded),FractionCSP3,32,ring_token_count,-0.7752121592213291,-0.023419801980198027
MolecuLA raw OLS (seed-excluded),FractionCSP3,32,token_entropy,-0.6578599480923443,-0.00418175072035454
MolecuLA raw OLS (seed-excluded),FractionCSP3,33,selfies_len_tokens,-0.03259766674777666,0.11126930693069308
MolecuLA raw OLS (seed-excluded),FractionCSP3,33,branch_token_count,0.5875525906143104,0.012087128712871292
MolecuLA raw OLS (seed-excluded),FractionCSP3,33,ring_token_count,-0.9098049115234336,-0.019459405940594057
MolecuLA raw OLS (seed-excluded),FractionCSP3,33,token_entropy,-0.5826045638095211,-0.004123700924088425
MolecuLA raw OLS (seed-excluded),FractionCSP3,34,selfies_len_tokens,-0.34568708915835544,-0.16516633663366337
MolecuLA raw OLS (seed-excluded),FractionCSP3,34,branch_token_count,0.6183907942972197,0.01822376237623763
MolecuLA raw OLS (seed-excluded),FractionCSP3,34,ring_token_count,-0.9703300463061698,-0.04437821782178218
MolecuLA raw OLS (seed-excluded),FractionCSP3,34,token_entropy,-0.21222187407473395,-0.0014498344038905552
MolecuLA raw OLS (seed-excluded),FractionCSP3,35,selfies_len_tokens,-0.07494825360310042,0.05916831683168315
MolecuLA raw OLS (seed-excluded),FractionCSP3,35,branch_token_count,0.1318372289266635,0.0011445544554455447
MolecuLA raw OLS (seed-excluded),FractionCSP3,35,ring_token_count,-0.9678761929253219,-0.03783366336633663
MolecuLA raw OLS (seed-excluded),FractionCSP3,35,token_entropy,-0.45283406675547505,-0.003983345624597581
MolecuLA raw OLS (seed-excluded),FractionCSP3,36,selfies_len_tokens,-0.15845540611322317,0.005621782178217828
MolecuLA raw OLS (seed-excluded),FractionCSP3,36,branch_token_count,0.6478123236840122,0.01156237623762377
MolecuLA raw OLS (seed-excluded),FractionCSP3,36,ring_token_count,-0.8992846547141576,-0.026980198019801994
MolecuLA raw OLS (seed-excluded),FractionCSP3,36,token_entropy,-0.41127484147972293,-0.0025830542147789715
MolecuLA raw OLS (seed-excluded),FractionCSP3,37,selfies_len_tokens,-0.24464119252988592,0.11862178217821785
MolecuLA raw OLS (seed-excluded),FractionCSP3,37,branch_token_count,0.21405547042481057,0.0017069306930693085
MolecuLA raw OLS (seed-excluded),FractionCSP3,37,ring_token_count,-0.9375746767722338,-0.04041980198019802
MolecuLA raw OLS (seed-excluded),FractionCSP3,37,token_entropy,-0.7519451679296514,-0.005506487918010999
MolecuLA raw OLS (seed-excluded),FractionCSP3,38,selfies_len_tokens,-0.04551422718507279,0.09021980198019794
MolecuLA raw OLS (seed-excluded),FractionCSP3,38,branch_token_count,-0.2674534599717728,-0.0074198019801980175
MolecuLA raw OLS (seed-excluded),FractionCSP3,38,ring_token_count,-0.9337697904267354,-0.029710891089108914
MolecuLA raw OLS (seed-excluded),FractionCSP3,38,token_entropy,-0.7617073731385032,-0.005203416784851482
MolecuLA raw OLS (seed-excluded),FractionCSP3,39,selfies_len_tokens,-0.10903972008275031,0.06698019801980198
MolecuLA raw OLS (seed-excluded),FractionCSP3,39,branch_token_count,-0.4980235592009807,-0.008399999999999998
MolecuLA raw OLS (seed-excluded),FractionCSP3,39,ring_token_count,-0.8710372861998447,-0.01750495049504951
MolecuLA raw OLS (seed-excluded),FractionCSP3,39,token_entropy,-0.5096368863033177,-0.0041237114787173726
MolecuLA raw OLS (seed-excluded),FractionCSP3,40,selfies_len_tokens,-0.10612172154643398,0.13245346534653474
MolecuLA raw OLS (seed-excluded),FractionCSP3,40,branch_token_count,-0.6070213067674107,-0.011702970297029708
MolecuLA raw OLS (seed-excluded),FractionCSP3,40,ring_token_count,-0.9324604126604442,-0.02896039603960396
MolecuLA raw OLS (seed-excluded),FractionCSP3,40,token_entropy,-0.8130180168305863,-0.00560197297205875
MolecuLA raw OLS (seed-excluded),FractionCSP3,41,selfies_len_tokens,0.12036908739668796,0.07233069306930699
MolecuLA raw OLS (seed-excluded),FractionCSP3,41,branch_token_count,0.8835644420487638,0.017873267326732677
MolecuLA raw OLS (seed-excluded),FractionCSP3,41,ring_token_count,-0.9833583093598304,-0.036083168316831685
MolecuLA raw OLS (seed-excluded),FractionCSP3,41,token_entropy,-0.6450708041332331,-0.004525252078381869
MolecuLA raw OLS (seed-excluded),FractionCSP3,42,selfies_len_tokens,-0.11309533644371265,0.09167524752475248
MolecuLA raw OLS (seed-excluded),FractionCSP3,42,branch_token_count,0.38934997396212584,0.006772277227722776
MolecuLA raw OLS (seed-excluded),FractionCSP3,42,ring_token_count,-0.9629085132911281,-0.034007920792079205
MolecuLA raw OLS (seed-excluded),FractionCSP3,42,token_entropy,-0.6125914633515832,-0.005270620251838978
MolecuLA raw OLS (seed-excluded),FractionCSP3,43,selfies_len_tokens,-0.13706195026757786,0.12914059405940603
MolecuLA raw OLS (seed-excluded),FractionCSP3,43,branch_token_count,-0.08216236979038255,-0.004378217821782183
MolecuLA raw OLS (seed-excluded),FractionCSP3,43,ring_token_count,-0.9421282075465681,-0.025829702970297037
MolecuLA raw OLS (seed-excluded),FractionCSP3,43,token_entropy,-0.49980307562395004,-0.005233080728772884
MolecuLA raw OLS (seed-excluded),FractionCSP3,44,selfies_len_tokens,0.23202049681520062,0.14707128712871287
MolecuLA raw OLS (seed-excluded),FractionCSP3,44,branch_token_count,0.38585770826220417,0.012827722772277238
MolecuLA raw OLS (seed-excluded),FractionCSP3,44,ring_token_count,-0.9606678454278319,-0.028271287128712876
MolecuLA raw OLS (seed-excluded),FractionCSP3,44,token_entropy,-0.817822826871705,-0.0053857011272090615
MolecuLA raw OLS (seed-excluded),FractionCSP3,45,selfies_len_tokens,-0.04247740159348443,0.2069465346534654
MolecuLA raw OLS (seed-excluded),FractionCSP3,45,branch_token_count,-0.0631744026719648,-0.005025742574257424
MolecuLA raw OLS (seed-excluded),FractionCSP3,45,ring_token_count,-0.9656266277135879,-0.031245544554455457
MolecuLA raw OLS (seed-excluded),FractionCSP3,45,token_entropy,-0.5393661431886537,-0.005971382234478301
MolecuLA raw OLS (seed-excluded),FractionCSP3,46,selfies_len_tokens,-0.32301811481830167,0.09884752475247525
MolecuLA raw OLS (seed-excluded),FractionCSP3,46,branch_token_count,0.22978422771225168,0.0021405940594059424
MolecuLA raw OLS (seed-excluded),FractionCSP3,46,ring_token_count,-0.960187438533773,-0.027118811881188132
MolecuLA raw OLS (seed-excluded),FractionCSP3,46,token_entropy,-0.6571861191826411,-0.004380291555542656
MolecuLA raw OLS (seed-excluded),FractionCSP3,47,selfies_len_tokens,-0.07905305975103759,-0.03912871287128715
MolecuLA raw OLS (seed-excluded),FractionCSP3,47,branch_token_count,0.5550697130664398,0.012578217821782173
MolecuLA raw OLS (seed-excluded),FractionCSP3,47,ring_token_count,-0.9769140107518626,-0.03730099009900991
MolecuLA raw OLS (seed-excluded),FractionCSP3,47,token_entropy,-0.6399896194371278,-0.004479857009472122
MolecuLA raw OLS (seed-excluded),FractionCSP3,48,selfies_len_tokens,-0.331286446086877,0.018548514851485117
MolecuLA raw OLS (seed-excluded),FractionCSP3,48,branch_token_count,-0.0669639961703314,-2.9702970297030532e-05
MolecuLA raw OLS (seed-excluded),FractionCSP3,48,ring_token_count,-0.958604868890694,-0.022455445544554465
MolecuLA raw OLS (seed-excluded),FractionCSP3,48,token_entropy,-0.9292450292338414,-0.003839352051764207
MolecuLA raw OLS (seed-excluded),FractionCSP3,49,selfies_len_tokens,-0.2058998505807151,0.12883564356435645
MolecuLA raw OLS (seed-excluded),FractionCSP3,49,branch_token_count,0.0552969944660138,-0.0023366336633663387
MolecuLA raw OLS (seed-excluded),FractionCSP3,49,ring_token_count,-0.9481016822157073,-0.03168712871287129
MolecuLA raw OLS (seed-excluded),FractionCSP3,49,token_entropy,-0.7729638722395306,-0.00539432679461195
MolecuLA raw OLS (seed-excluded),HBA,0,selfies_len_tokens,0.9970945992638259,0.45780990099009905
MolecuLA raw OLS (seed-excluded),HBA,0,branch_token_count,0.9774227216324557,0.04984752475247525
MolecuLA raw OLS (seed-excluded),HBA,0,ring_token_count,0.962351363240388,0.04437821782178218
MolecuLA raw OLS (seed-excluded),HBA,0,token_entropy,0.8548159605675268,0.004810409327432799
MolecuLA raw OLS (seed-excluded),HBA,1,selfies_len_tokens,0.9949742252848355,0.43748514851485165
MolecuLA raw OLS (seed-excluded),HBA,1,branch_token_count,0.9697881500582995,0.03554257425742575
MolecuLA raw OLS (seed-excluded),HBA,1,ring_token_count,0.9538814096365795,0.031083168316831687
MolecuLA raw OLS (seed-excluded),HBA,1,token_entropy,0.8713225410405511,0.005899273147452459
MolecuLA raw OLS (seed-excluded),HBA,2,selfies_len_tokens,0.9938426302382599,0.40832673267326747
MolecuLA raw OLS (seed-excluded),HBA,2,branch_token_count,0.9426262002551712,0.03723564356435644
MolecuLA raw OLS (seed-excluded),HBA,2,ring_token_count,0.9382854908881102,0.028144554455445545
MolecuLA raw OLS (seed-excluded),HBA,2,token_entropy,0.8751451783454628,0.004601220387975016
MolecuLA raw OLS (seed-excluded),HBA,3,selfies_len_tokens,0.9939669120589855,0.5192831683168317
MolecuLA raw OLS (seed-excluded),HBA,3,branch_token_count,0.9884503456323668,0.11995445544554456
MolecuLA raw OLS (seed-excluded),HBA,3,ring_token_count,0.9514852191809926,0.03374059405940595
MolecuLA raw OLS (seed-excluded),HBA,3,token_entropy,0.7544069391326444,0.003439792313243168
MolecuLA raw OLS (seed-excluded),HBA,4,selfies_len_tokens,0.9939906334466186,0.5042415841584158
MolecuLA raw OLS (seed-excluded),HBA,4,branch_token_count,0.8607081174685182,0.04267722772277228
MolecuLA raw OLS (seed-excluded),HBA,4,ring_token_count,0.8494916833120945,0.021629702970297034
MolecuLA raw OLS (seed-excluded),HBA,4,token_entropy,0.7823662305571272,0.0033691726852392023
MolecuLA raw OLS (seed-excluded),HBA,5,selfies_len_tokens,0.9863548382430397,0.5541821782178219
MolecuLA raw OLS (seed-excluded),HBA,5,branch_token_count,0.9185381411212452,0.04922376237623763
MolecuLA raw OLS (seed-excluded),HBA,5,ring_token_count,0.9195464810892803,0.057512871287128724
MolecuLA raw OLS (seed-excluded),HBA,5,token_entropy,0.5853046949699261,0.0024456476124320625
MolecuLA raw OLS (seed-excluded),HBA,6,selfies_len_tokens,0.9955690220773855,0.4756415841584159
MolecuLA raw OLS (seed-excluded),HBA,6,branch_token_count,0.8743704974259339,0.028281188118811883
MolecuLA raw OLS (seed-excluded),HBA,6,ring_token_count,0.9278970119470747,0.03453861386138614
MolecuLA raw OLS (seed-excluded),HBA,6,token_entropy,0.6816299591797937,0.00427574111166112
MolecuLA raw OLS (seed-excluded),HBA,7,selfies_len_tokens,0.9913185440475459,0.40479009900990115
MolecuLA raw OLS (seed-excluded),HBA,7,branch_token_count,0.9649373680595704,0.04270099009900991
MolecuLA raw OLS (seed-excluded),HBA,7,ring_token_count,0.9218825828840971,0.03493267326732674
MolecuLA raw OLS (seed-excluded),HBA,7,token_entropy,0.7859456081248952,0.005015461571064533
MolecuLA raw OLS (seed-excluded),HBA,8,selfies_len_tokens,0.9889300248484387,0.49691683168316836
MolecuLA raw OLS (seed-excluded),HBA,8,branch_token_count,0.9492707479294819,0.04552673267326733
MolecuLA raw OLS (seed-excluded),HBA,8,ring_token_count,0.7276492345480824,0.022213861386138616
MolecuLA raw OLS (seed-excluded),HBA,8,token_entropy,0.6941784272632738,0.0030414483876813996
MolecuLA raw OLS (seed-excluded),HBA,9,selfies_len_tokens,0.9853320406659207,0.43974653465346547
MolecuLA raw OLS (seed-excluded),HBA,9,branch_token_count,0.9575975420298094,0.049209900990099024
MolecuLA raw OLS (seed-excluded),HBA,9,ring_token_count,0.9470637709730307,0.02310891089108912
MolecuLA raw OLS (seed-excluded),HBA,9,token_entropy,0.7487054702360528,0.006577778592203767
MolecuLA raw OLS (seed-excluded),HBA,10,selfies_len_tokens,0.9958636390165588,0.4684376237623763
MolecuLA raw OLS (seed-excluded),HBA,10,branch_token_count,0.9742246630756793,0.0522851485148515
MolecuLA raw OLS (seed-excluded),HBA,10,ring_token_count,0.8484897036969961,0.02172475247524753
MolecuLA raw OLS (seed-excluded),HBA,10,token_entropy,0.7232330080485079,0.004102332892091879
MolecuLA raw OLS (seed-excluded),HBA,11,selfies_len_tokens,0.9888852495186846,0.4665445544554455
MolecuLA raw OLS (seed-excluded),HBA,11,branch_token_count,0.9326933066267283,0.03870495049504951
MolecuLA raw OLS (seed-excluded),HBA,11,ring_token_count,0.9614577881621744,0.026659405940594065
MolecuLA raw OLS (seed-excluded),HBA,11,token_entropy,0.8899240960309688,0.007946915913911634
MolecuLA raw OLS (seed-excluded),HBA,12,selfies_len_tokens,0.9958691472185085,0.48996435643564357
MolecuLA raw OLS (seed-excluded),HBA,12,branch_token_count,0.9679670757040189,0.04769108910891091
MolecuLA raw OLS (seed-excluded),HBA,12,ring_token_count,0.9528467402441952,0.039299009900990105
MolecuLA raw OLS (seed-excluded),HBA,12,token_entropy,0.7134619109975612,0.003918201738741928
MolecuLA raw OLS (seed-excluded),HBA,13,selfies_len_tokens,0.9937941930989278,0.36409702970297025
MolecuLA raw OLS (seed-excluded),HBA,13,branch_token_count,0.9740420989708755,0.05030891089108911
MolecuLA raw OLS (seed-excluded),HBA,13,ring_token_count,0.8168541832803465,0.017627722772277234
MolecuLA raw OLS (seed-excluded),HBA,13,token_entropy,0.929042794502316,0.005657115120804448
MolecuLA raw OLS (seed-excluded),HBA,14,selfies_len_tokens,0.995399278534731,0.43674455445544563
MolecuLA raw OLS (seed-excluded),HBA,14,branch_token_count,0.9726238699366988,0.03969900990099011
MolecuLA raw OLS (seed-excluded),HBA,14,ring_token_count,0.9504254645129817,0.0277009900990099
MolecuLA raw OLS (seed-excluded),HBA,14,token_entropy,0.776250582278191,0.0052775735346816555
MolecuLA raw OLS (seed-excluded),HBA,15,selfies_len_tokens,0.995947449269943,0.42990099009901006
MolecuLA raw OLS (seed-excluded),HBA,15,branch_token_count,0.8766194038646741,0.023827722772277234
MolecuLA raw OLS (seed-excluded),HBA,15,ring_token_count,0.9657332826374624,0.031299009900990105
MolecuLA raw OLS (seed-excluded),HBA,15,token_entropy,0.7533935803690304,0.004721353732753696
MolecuLA raw OLS (seed-excluded),HBA,16,selfies_len_tokens,0.9955321476233466,0.48052079207920795
MolecuLA raw OLS (seed-excluded),HBA,16,branch_token_count,0.9805514480239091,0.04482772277227724
MolecuLA raw OLS (seed-excluded),HBA,16,ring_token_count,0.8873217000161726,0.02952475247524753
MolecuLA raw OLS (seed-excluded),HBA,16,token_entropy,0.746320350359141,0.004118444667566962
MolecuLA raw OLS (seed-excluded),HBA,17,selfies_len_tokens,0.969898826565342,0.5790198019801981
MolecuLA raw OLS (seed-excluded),HBA,17,branch_token_count,0.7115621174215284,0.04471881188118812
MolecuLA raw OLS (seed-excluded),HBA,17,ring_token_count,0.6237538464114882,0.025770297029702974
MolecuLA raw OLS (seed-excluded),HBA,17,token_entropy,0.45484437695365837,0.002464303405489398
MolecuLA raw OLS (seed-excluded),HBA,18,selfies_len_tokens,0.9950291679140625,0.5034237623762376
MolecuLA raw OLS (seed-excluded),HBA,18,branch_token_count,0.9298827662176203,0.04095841584158416
MolecuLA raw OLS (seed-excluded),HBA,18,ring_token_count,0.9289253875776339,0.030843564356435645
MolecuLA raw OLS (seed-excluded),HBA,18,token_entropy,0.6953302069690562,0.00458850719137344
MolecuLA raw OLS (seed-excluded),HBA,19,selfies_len_tokens,0.9957908994294329,0.49595247524752484
MolecuLA raw OLS (seed-excluded),HBA,19,branch_token_count,0.983769793400051,0.0708079207920792
MolecuLA raw OLS (seed-excluded),HBA,19,ring_token_count,0.9366881247656978,0.04943762376237626
MolecuLA raw OLS (seed-excluded),HBA,19,token_entropy,0.7141870128053978,0.003931508546324373
MolecuLA raw OLS (seed-excluded),HBA,20,selfies_len_tokens,0.987785113346567,0.5330376237623763
MolecuLA raw OLS (seed-excluded),HBA,20,branch_token_count,0.8973821185515861,0.046885148514851496
MolecuLA raw OLS (seed-excluded),HBA,20,ring_token_count,0.6342648623861356,0.019031683168316837
MolecuLA raw OLS (seed-excluded),HBA,20,token_entropy,0.5987657028806082,0.0024304315262036456
MolecuLA raw OLS (seed-excluded),HBA,21,selfies_len_tokens,0.995740069007125,0.46266534653465347
MolecuLA raw OLS (seed-excluded),HBA,21,branch_token_count,0.8887411491938595,0.038976237623762386
MolecuLA raw OLS (seed-excluded),HBA,21,ring_token_count,0.8447243758599722,0.029942574257425747
MolecuLA raw OLS (seed-excluded),HBA,21,token_entropy,0.8394071721986782,0.003724753301202829
MolecuLA raw OLS (seed-excluded),HBA,22,selfies_len_tokens,0.9916181901870316,0.5225861386138614
MolecuLA raw OLS (seed-excluded),HBA,22,branch_token_count,0.9772108655521565,0.07327920792079208
MolecuLA raw OLS (seed-excluded),HBA,22,ring_token_count,0.8274989427097298,0.023263366336633666
MolecuLA raw OLS (seed-excluded),HBA,22,token_entropy,0.760598655241881,0.003228039390922002
MolecuLA raw OLS (seed-excluded),HBA,23,selfies_len_tokens,0.993785100087996,0.495219801980198
MolecuLA raw OLS (seed-excluded),HBA,23,branch_token_count,0.9185792000963968,0.0327920792079208
MolecuLA raw OLS (seed-excluded),HBA,23,ring_token_count,0.8208692745348761,0.021150495049504957
MolecuLA raw OLS (seed-excluded),HBA,23,token_entropy,0.8645949591263623,0.004582231623375747
MolecuLA raw OLS (seed-excluded),HBA,24,selfies_len_tokens,0.9949317228639531,0.4892990099009901
MolecuLA raw OLS (seed-excluded),HBA,24,branch_token_count,0.9652271226650639,0.037255445544554455
MolecuLA raw OLS (seed-excluded),HBA,24,ring_token_count,0.9564548844087233,0.02864752475247525
MolecuLA raw OLS (seed-excluded),HBA,24,token_entropy,0.8893725417111689,0.006109972895494892
MolecuLA raw OLS (seed-excluded),HBA,25,selfies_len_tokens,0.9929231204005761,0.4438316831683169
MolecuLA raw OLS (seed-excluded),HBA,25,branch_token_count,0.8552472452277289,0.03705148514851486
MolecuLA raw OLS (seed-excluded),HBA,25,ring_token_count,0.9279765126348338,0.029598019801980197
MolecuLA raw OLS (seed-excluded),HBA,25,token_entropy,0.7336853634234625,0.002963676238511647
MolecuLA raw OLS (seed-excluded),HBA,26,selfies_len_tokens,0.9953207357234681,0.3948356435643566
MolecuLA raw OLS (seed-excluded),HBA,26,branch_token_count,0.9761156995737135,0.048358415841584165
MolecuLA raw OLS (seed-excluded),HBA,26,ring_token_count,0.9457016053868833,0.02614257425742575
MolecuLA raw OLS (seed-excluded),HBA,26,token_entropy,0.904773938059266,0.004208467703292042
MolecuLA raw OLS (seed-excluded),HBA,27,selfies_len_tokens,0.9929938405912084,0.5161148514851486
MolecuLA raw OLS (seed-excluded),HBA,27,branch_token_count,0.9781482071211514,0.06843366336633665
MolecuLA raw OLS (seed-excluded),HBA,27,ring_token_count,0.8746006398072478,0.028548514851485147
MolecuLA raw OLS (seed-excluded),HBA,27,token_entropy,0.8388612718835576,0.005272640375034944
MolecuLA raw OLS (seed-excluded),HBA,28,selfies_len_tokens,0.9921685675833917,0.4976237623762376
MolecuLA raw OLS (seed-excluded),HBA,28,branch_token_count,0.9351603276812727,0.032178217821782186
MolecuLA raw OLS (seed-excluded),HBA,28,ring_token_count,0.9633950679686152,0.022083168316831686
MolecuLA raw OLS (seed-excluded),HBA,28,token_entropy,0.8550497346087316,0.007951579713555765
MolecuLA raw OLS (seed-excluded),HBA,29,selfies_len_tokens,0.9936614882615247,0.3961920792079209
MolecuLA raw OLS (seed-excluded),HBA,29,branch_token_count,0.9276106194372014,0.03622376237623763
MolecuLA raw OLS (seed-excluded),HBA,29,ring_token_count,0.9437358473073805,0.026738613861386144
MolecuLA raw OLS (seed-excluded),HBA,29,token_entropy,0.863498647455713,0.004690137241455108
MolecuLA raw OLS (seed-excluded),HBA,30,selfies_len_tokens,0.9939666013244765,0.46017425742574264
MolecuLA raw OLS (seed-excluded),HBA,30,branch_token_count,0.9824494967319977,0.06645940594059407
MolecuLA raw OLS (seed-excluded),HBA,30,ring_token_count,0.9429210085019921,0.03735049504950496
MolecuLA raw OLS (seed-excluded),HBA,30,token_entropy,0.9167358368230799,0.005682911767010814
MolecuLA raw OLS (seed-excluded),HBA,31,selfies_len_tokens,0.9961373355891091,0.42744950495049516
MolecuLA raw OLS (seed-excluded),HBA,31,branch_token_count,0.9701442060370469,0.07396831683168317
MolecuLA raw OLS (seed-excluded),HBA,31,ring_token_count,0.8449582166152917,0.014154455445544556
MolecuLA raw OLS (seed-excluded),HBA,31,token_entropy,0.8035820274675586,0.004376638741160951
MolecuLA raw OLS (seed-excluded),HBA,32,selfies_len_tokens,0.991188832878992,0.4384257425742576
MolecuLA raw OLS (seed-excluded),HBA,32,branch_token_count,0.9432187189426743,0.03830693069306931
MolecuLA raw OLS (seed-excluded),HBA,32,ring_token_count,0.8963294930505997,0.031174257425742577
MolecuLA raw OLS (seed-excluded),HBA,32,token_entropy,0.8320895097799251,0.0053419419806901725
MolecuLA raw OLS (seed-excluded),HBA,33,selfies_len_tokens,0.987227309523524,0.34440396039603965
MolecuLA raw OLS (seed-excluded),HBA,33,branch_token_count,0.9614803230498399,0.03863762376237625
MolecuLA raw OLS (seed-excluded),HBA,33,ring_token_count,0.8708634369981877,0.02397227722772278
MolecuLA raw OLS (seed-excluded),HBA,33,token_entropy,0.9065154109777551,0.005362569524425573
MolecuLA raw OLS (seed-excluded),HBA,34,selfies_len_tokens,0.9873251892594621,0.5347188118811882
MolecuLA raw OLS (seed-excluded),HBA,34,branch_token_count,0.9553205705595386,0.054762376237623776
MolecuLA raw OLS (seed-excluded),HBA,34,ring_token_count,0.8635682453421479,0.031512871287128714
MolecuLA raw OLS (seed-excluded),HBA,34,token_entropy,0.5867991827662266,0.003050323828188296
MolecuLA raw OLS (seed-excluded),HBA,35,selfies_len_tokens,0.995423479156123,0.4643485148514852
MolecuLA raw OLS (seed-excluded),HBA,35,branch_token_count,0.9501840203641747,0.04340396039603961
MolecuLA raw OLS (seed-excluded),HBA,35,ring_token_count,0.9273841431497805,0.036702970297029715
MolecuLA raw OLS (seed-excluded),HBA,35,token_entropy,0.7127925703165475,0.0038058430870938314
MolecuLA raw OLS (seed-excluded),HBA,36,selfies_len_tokens,0.9949315021131863,0.4766277227722773
MolecuLA raw OLS (seed-excluded),HBA,36,branch_token_count,0.8393545190072274,0.03442178217821783
MolecuLA raw OLS (seed-excluded),HBA,36,ring_token_count,0.8179425322100418,0.03337821782178218
MolecuLA raw OLS (seed-excluded),HBA,36,token_entropy,0.7010028759457225,0.004731971827530479
MolecuLA raw OLS (seed-excluded),HBA,37,selfies_len_tokens,0.9944683101329812,0.4912633663366337
MolecuLA raw OLS (seed-excluded),HBA,37,branch_token_count,0.9681425186882523,0.040582178217821785
MolecuLA raw OLS (seed-excluded),HBA,37,ring_token_count,0.9553695247157894,0.04531683168316831
MolecuLA raw OLS (seed-excluded),HBA,37,token_entropy,0.7409728278693485,0.0038867734166851404
MolecuLA raw OLS (seed-excluded),HBA,38,selfies_len_tokens,0.9965437203700754,0.4530297029702971
MolecuLA raw OLS (seed-excluded),HBA,38,branch_token_count,0.904085800654988,0.036910891089108916
MolecuLA raw OLS (seed-excluded),HBA,38,ring_token_count,0.9663940729316023,0.042556435643564365
MolecuLA raw OLS (seed-excluded),HBA,38,token_entropy,0.7945280852549114,0.004366526318250085
MolecuLA raw OLS (seed-excluded),HBA,39,selfies_len_tokens,0.991094998716586,0.40047920792079217
MolecuLA raw OLS (seed-excluded),HBA,39,branch_token_count,0.9746662534259536,0.05116435643564357
MolecuLA raw OLS (seed-excluded),HBA,39,ring_token_count,0.930953644324578,0.0185940594059406
MolecuLA raw OLS (seed-excluded),HBA,39,token_entropy,0.8928268502469343,0.004719094532622254
MolecuLA raw OLS (seed-excluded),HBA,40,selfies_len_tokens,0.9939697931660005,0.4596871287128713
MolecuLA raw OLS (seed-excluded),HBA,40,branch_token_count,0.9819811598078902,0.05833663366336635
MolecuLA raw OLS (seed-excluded),HBA,40,ring_token_count,0.9569127684016139,0.023748514851485155
MolecuLA raw OLS (seed-excluded),HBA,40,token_entropy,0.8831758227524843,0.004055568560223743
MolecuLA raw OLS (seed-excluded),HBA,41,selfies_len_tokens,0.9957787345330128,0.45560792079207935
MolecuLA raw OLS (seed-excluded),HBA,41,branch_token_count,0.9814857779448999,0.05164158415841586
MolecuLA raw OLS (seed-excluded),HBA,41,ring_token_count,0.9459596313888331,0.028106930693069312
MolecuLA raw OLS (seed-excluded),HBA,41,token_entropy,0.7733841614618822,0.0037147134343731227
MolecuLA raw OLS (seed-excluded),HBA,42,selfies_len_tokens,0.9947527798702749,0.460770297029703
MolecuLA raw OLS (seed-excluded),HBA,42,branch_token_count,0.9818218747818419,0.05913069306930693
MolecuLA raw OLS (seed-excluded),HBA,42,ring_token_count,0.8690298361015923,0.025409900990099016
MolecuLA raw OLS (seed-excluded),HBA,42,token_entropy,0.736481229275143,0.0043937936097478624
MolecuLA raw OLS (seed-excluded),HBA,43,selfies_len_tokens,0.9887062084022835,0.48485148514851495
MolecuLA raw OLS (seed-excluded),HBA,43,branch_token_count,0.9635077402666306,0.047110891089108924
MolecuLA raw OLS (seed-excluded),HBA,43,ring_token_count,0.9131306612702508,0.01825940594059406
MolecuLA raw OLS (seed-excluded),HBA,43,token_entropy,0.69077717080644,0.004420765704793256
MolecuLA raw OLS (seed-excluded),HBA,44,selfies_len_tokens,0.9935302288168204,0.45922178217821785
MolecuLA raw OLS (seed-excluded),HBA,44,branch_token_count,0.7068460171761238,0.048352475247524764
MolecuLA raw OLS (seed-excluded),HBA,44,ring_token_count,0.5952707696132972,0.01155445544554456
MolecuLA raw OLS (seed-excluded),HBA,44,token_entropy,0.7255434952563324,0.0026103207318196194
MolecuLA raw OLS (seed-excluded),HBA,45,selfies_len_tokens,0.9942590180606509,0.5079128712871287
MolecuLA raw OLS (seed-excluded),HBA,45,branch_token_count,0.8912621892652572,0.03625544554455446
MolecuLA raw OLS (seed-excluded),HBA,45,ring_token_count,0.8788259226520156,0.03224158415841585
MolecuLA raw OLS (seed-excluded),HBA,45,token_entropy,0.6809443391560059,0.00438132657712679
MolecuLA raw OLS (seed-excluded),HBA,46,selfies_len_tokens,0.9944772706520584,0.504580198019802
MolecuLA raw OLS (seed-excluded),HBA,46,branch_token_count,0.9803383052985819,0.0700990099009901
MolecuLA raw OLS (seed-excluded),HBA,46,ring_token_count,0.9475513466428022,0.02665148514851486
MolecuLA raw OLS (seed-excluded),HBA,46,token_entropy,0.8719855432005709,0.004142393972964416
MolecuLA raw OLS (seed-excluded),HBA,47,selfies_len_tokens,0.9941474215809458,0.5017108910891089
MolecuLA raw OLS (seed-excluded),HBA,47,branch_token_count,0.9379049287489367,0.05711881188118813
MolecuLA raw OLS (seed-excluded),HBA,47,ring_token_count,0.8499803992524272,0.026233663366336635
MolecuLA raw OLS (seed-excluded),HBA,47,token_entropy,0.6387511556357839,0.0033609211809552844
MolecuLA raw OLS (seed-excluded),HBA,48,selfies_len_tokens,0.9947030375508565,0.4581207920792079
MolecuLA raw OLS (seed-excluded),HBA,48,branch_token_count,0.8660927840859831,0.030857425742574256
MolecuLA raw OLS (seed-excluded),HBA,48,ring_token_count,0.9568685451653486,0.03621782178217822
MolecuLA raw OLS (seed-excluded),HBA,48,token_entropy,0.8719703114846308,0.005725925316585018
MolecuLA raw OLS (seed-excluded),HBA,49,selfies_len_tokens,0.9958721573917136,0.49126336633663364
MolecuLA raw OLS (seed-excluded),HBA,49,branch_token_count,0.9870619791515409,0.039491089108910894
MolecuLA raw OLS (seed-excluded),HBA,49,ring_token_count,0.9440079732336852,0.03974653465346535
MolecuLA raw OLS (seed-excluded),HBA,49,token_entropy,0.8273279435209189,0.004628853447314575
MolecuLA raw OLS (seed-excluded),TPSA,0,selfies_len_tokens,0.9861679626956967,0.3058752475247525
MolecuLA raw OLS (seed-excluded),TPSA,0,branch_token_count,0.984470458046281,0.05700396039603961
MolecuLA raw OLS (seed-excluded),TPSA,0,ring_token_count,0.7291153019796125,0.006881188118811881
MolecuLA raw OLS (seed-excluded),TPSA,0,token_entropy,0.8608276008895834,0.004626060874745965
MolecuLA raw OLS (seed-excluded),TPSA,1,selfies_len_tokens,0.9903946913052607,0.2701663366336634
MolecuLA raw OLS (seed-excluded),TPSA,1,branch_token_count,0.9609812979985591,0.04185346534653466
MolecuLA raw OLS (seed-excluded),TPSA,1,ring_token_count,0.2728692107166449,0.0028950495049504953
MolecuLA raw OLS (seed-excluded),TPSA,1,token_entropy,0.90808166003931,0.005548872538226713
MolecuLA raw OLS (seed-excluded),TPSA,2,selfies_len_tokens,0.9415109982384188,0.21001584158415845
MolecuLA raw OLS (seed-excluded),TPSA,2,branch_token_count,0.9661696076857453,0.04421980198019803
MolecuLA raw OLS (seed-excluded),TPSA,2,ring_token_count,0.8253414291291437,0.0066039603960396055
MolecuLA raw OLS (seed-excluded),TPSA,2,token_entropy,0.98019356883602,0.0061963374976268465
MolecuLA raw OLS (seed-excluded),TPSA,3,selfies_len_tokens,0.9880791553888432,0.39330099009901004
MolecuLA raw OLS (seed-excluded),TPSA,3,branch_token_count,0.9901907957807173,0.09690891089108915
MolecuLA raw OLS (seed-excluded),TPSA,3,ring_token_count,-0.7467054454652888,-0.009415841584158417
MolecuLA raw OLS (seed-excluded),TPSA,3,token_entropy,0.7602671789849272,0.0037988888063115616
MolecuLA raw OLS (seed-excluded),TPSA,4,selfies_len_tokens,0.9939987451658857,0.37663960396039614
MolecuLA raw OLS (seed-excluded),TPSA,4,branch_token_count,0.979160464648011,0.05426930693069308
MolecuLA raw OLS (seed-excluded),TPSA,4,ring_token_count,-0.12110379927302664,-0.002693069306930693
MolecuLA raw OLS (seed-excluded),TPSA,4,token_entropy,0.8367123080085919,0.004462003716592979
MolecuLA raw OLS (seed-excluded),TPSA,5,selfies_len_tokens,0.9308951511232656,0.39870495049504956
MolecuLA raw OLS (seed-excluded),TPSA,5,branch_token_count,0.9765128843821202,0.06175643564356436
MolecuLA raw OLS (seed-excluded),TPSA,5,ring_token_count,0.2738975608858337,0.005051485148514855
MolecuLA raw OLS (seed-excluded),TPSA,5,token_entropy,0.7190623563460256,0.0042526064135835545
MolecuLA raw OLS (seed-excluded),TPSA,6,selfies_len_tokens,0.9731212320595454,0.3414693069306931
MolecuLA raw OLS (seed-excluded),TPSA,6,branch_token_count,0.9367730689392803,0.032516831683168324
MolecuLA raw OLS (seed-excluded),TPSA,6,ring_token_count,-0.0449720298639198,0.00030495049504950845
MolecuLA raw OLS (seed-excluded),TPSA,6,token_entropy,0.7604870755347831,0.003724782375498679
MolecuLA raw OLS (seed-excluded),TPSA,7,selfies_len_tokens,0.9827537724582733,0.21662178217821784
MolecuLA raw OLS (seed-excluded),TPSA,7,branch_token_count,0.9707459022808309,0.047338613861386145
MolecuLA raw OLS (seed-excluded),TPSA,7,ring_token_count,0.8465793085967337,0.0093980198019802
MolecuLA raw OLS (seed-excluded),TPSA,7,token_entropy,0.959988645987954,0.006197780566213963
MolecuLA raw OLS (seed-excluded),TPSA,8,selfies_len_tokens,0.772638427943127,0.21052475247524755
MolecuLA raw OLS (seed-excluded),TPSA,8,branch_token_count,0.9885337015027409,0.057354455445544565
MolecuLA raw OLS (seed-excluded),TPSA,8,ring_token_count,-0.09984628353954877,-0.0017445544554455447
MolecuLA raw OLS (seed-excluded),TPSA,8,token_entropy,0.856727142896968,0.005285048919687484
MolecuLA raw OLS (seed-excluded),TPSA,9,selfies_len_tokens,0.9815563119400981,0.2854970297029703
MolecuLA raw OLS (seed-excluded),TPSA,9,branch_token_count,0.9534867335314188,0.05730891089108912
MolecuLA raw OLS (seed-excluded),TPSA,9,ring_token_count,0.3268257842630879,0.002506930693069307
MolecuLA raw OLS (seed-excluded),TPSA,9,token_entropy,0.8796705708397554,0.006689896457448555
MolecuLA raw OLS (seed-excluded),TPSA,10,selfies_len_tokens,0.977893346359952,0.334429702970297
MolecuLA raw OLS (seed-excluded),TPSA,10,branch_token_count,0.9875651204027289,0.0625940594059406
MolecuLA raw OLS (seed-excluded),TPSA,10,ring_token_count,-0.7497683257554056,-0.011413861386138613
MolecuLA raw OLS (seed-excluded),TPSA,10,token_entropy,0.7258203110927315,0.003992632656956102
MolecuLA raw OLS (seed-excluded),TPSA,11,selfies_len_tokens,0.7595751888511094,0.25940792079207914
MolecuLA raw OLS (seed-excluded),TPSA,11,branch_token_count,0.9740934538505862,0.04929702970297032
MolecuLA raw OLS (seed-excluded),TPSA,11,ring_token_count,0.794362257968369,0.010029702970297032
MolecuLA raw OLS (seed-excluded),TPSA,11,token_entropy,0.9152497669046499,0.007928065755266596
MolecuLA raw OLS (seed-excluded),TPSA,12,selfies_len_tokens,0.9885878197892664,0.37694257425742583
MolecuLA raw OLS (seed-excluded),TPSA,12,branch_token_count,0.9885817312870618,0.060162376237623764
MolecuLA raw OLS (seed-excluded),TPSA,12,ring_token_count,0.15313696230250481,0.002366336633663366
MolecuLA raw OLS (seed-excluded),TPSA,12,token_entropy,0.7172494043524735,0.004192315001624901
MolecuLA raw OLS (seed-excluded),TPSA,13,selfies_len_tokens,0.9840140498549161,0.22751485148514852
MolecuLA raw OLS (seed-excluded),TPSA,13,branch_token_count,0.9798581203021369,0.041841584158415844
MolecuLA raw OLS (seed-excluded),TPSA,13,ring_token_count,0.542872491145388,0.004196039603960397
MolecuLA raw OLS (seed-excluded),TPSA,13,token_entropy,0.9590596798260953,0.00568415251364883
MolecuLA raw OLS (seed-excluded),TPSA,14,selfies_len_tokens,0.9912074501220176,0.3608514851485149
MolecuLA raw OLS (seed-excluded),TPSA,14,branch_token_count,0.9782729520774467,0.044295049504950494
MolecuLA raw OLS (seed-excluded),TPSA,14,ring_token_count,0.0931349906191683,0.0008138613861386134
MolecuLA raw OLS (seed-excluded),TPSA,14,token_entropy,0.7674590859256558,0.0038872249191232054
MolecuLA raw OLS (seed-excluded),TPSA,15,selfies_len_tokens,0.9838237020740581,0.3045306930693069
MolecuLA raw OLS (seed-excluded),TPSA,15,branch_token_count,0.9345278835827847,0.032445544554455454
MolecuLA raw OLS (seed-excluded),TPSA,15,ring_token_count,0.7571842646445647,0.009500990099009904
MolecuLA raw OLS (seed-excluded),TPSA,15,token_entropy,0.8421788193000104,0.0043901067340417835
MolecuLA raw OLS (seed-excluded),TPSA,16,selfies_len_tokens,0.9947391015999771,0.3549881188118812
MolecuLA raw OLS (seed-excluded),TPSA,16,branch_token_count,0.9816375121594305,0.05175049504950497
MolecuLA raw OLS (seed-excluded),TPSA,16,ring_token_count,0.14059253315798,0.001340594059405945
MolecuLA raw OLS (seed-excluded),TPSA,16,token_entropy,0.7744208106339053,0.004611591545072418
MolecuLA raw OLS (seed-excluded),TPSA,17,selfies_len_tokens,0.9579055716277878,0.42063960396039607
MolecuLA raw OLS (seed-excluded),TPSA,17,branch_token_count,0.8883813346718921,0.05325742574257426
MolecuLA raw OLS (seed-excluded),TPSA,17,ring_token_count,-0.42371885201226195,-0.014524752475247527
MolecuLA raw OLS (seed-excluded),TPSA,17,token_entropy,0.6303309083823206,0.0044221572823358105
MolecuLA raw OLS (seed-excluded),TPSA,18,selfies_len_tokens,0.9923208056059034,0.3833386138613862
MolecuLA raw OLS (seed-excluded),TPSA,18,branch_token_count,0.9889669552651986,0.05042970297029704
MolecuLA raw OLS (seed-excluded),TPSA,18,ring_token_count,-0.10285317090784646,-0.0018059405940594098
MolecuLA raw OLS (seed-excluded),TPSA,18,token_entropy,0.6686040686782265,0.0035414579367964603
MolecuLA raw OLS (seed-excluded),TPSA,19,selfies_len_tokens,0.9847841606365668,0.3458455445544555
MolecuLA raw OLS (seed-excluded),TPSA,19,branch_token_count,0.9893930782920245,0.0637940594059406
MolecuLA raw OLS (seed-excluded),TPSA,19,ring_token_count,0.3548372294919697,0.010722772277227725
MolecuLA raw OLS (seed-excluded),TPSA,19,token_entropy,0.7686309852315564,0.004112761588258277
MolecuLA raw OLS (seed-excluded),TPSA,20,selfies_len_tokens,0.9288553050113519,0.44836633663366343
MolecuLA raw OLS (seed-excluded),TPSA,20,branch_token_count,0.9733250120054409,0.07575247524752478
MolecuLA raw OLS (seed-excluded),TPSA,20,ring_token_count,-0.3892935546941297,-0.008679207920792083
MolecuLA raw OLS (seed-excluded),TPSA,20,token_entropy,0.6938457338656138,0.004025322538443858
MolecuLA raw OLS (seed-excluded),TPSA,21,selfies_len_tokens,0.9400141712798407,0.31335049504950496
MolecuLA raw OLS (seed-excluded),TPSA,21,branch_token_count,0.9856772418089649,0.05492277227722773
MolecuLA raw OLS (seed-excluded),TPSA,21,ring_token_count,-0.5718248371339656,-0.014182178217821782
MolecuLA raw OLS (seed-excluded),TPSA,21,token_entropy,0.9041978855233888,0.00402406569891343
MolecuLA raw OLS (seed-excluded),TPSA,22,selfies_len_tokens,0.9065730011633385,0.3619980198019803
MolecuLA raw OLS (seed-excluded),TPSA,22,branch_token_count,0.9890980243921496,0.08199405940594061
MolecuLA raw OLS (seed-excluded),TPSA,22,ring_token_count,-0.6670932718445374,-0.01508712871287129
MolecuLA raw OLS (seed-excluded),TPSA,22,token_entropy,0.7762549101776597,0.003912011014104573
MolecuLA raw OLS (seed-excluded),TPSA,23,selfies_len_tokens,0.962053060213696,0.2869881188118812
MolecuLA raw OLS (seed-excluded),TPSA,23,branch_token_count,0.9689646118548746,0.04451881188118813
MolecuLA raw OLS (seed-excluded),TPSA,23,ring_token_count,-0.12926573237657685,-0.0012158415841584161
MolecuLA raw OLS (seed-excluded),TPSA,23,token_entropy,0.9088009167166136,0.004815068547227259
MolecuLA raw OLS (seed-excluded),TPSA,24,selfies_len_tokens,0.877838297615999,0.29202574257425745
MolecuLA raw OLS (seed-excluded),TPSA,24,branch_token_count,0.9764757626677837,0.04377425742574258
MolecuLA raw OLS (seed-excluded),TPSA,24,ring_token_count,0.6528620107393672,0.007273267326732674
MolecuLA raw OLS (seed-excluded),TPSA,24,token_entropy,0.9223108228266983,0.0062649039166337165
MolecuLA raw OLS (seed-excluded),TPSA,25,selfies_len_tokens,0.9594508545761334,0.30988712871287133
MolecuLA raw OLS (seed-excluded),TPSA,25,branch_token_count,0.9866603551449297,0.0659920792079208
MolecuLA raw OLS (seed-excluded),TPSA,25,ring_token_count,-0.6962644587323414,-0.01708118811881189
MolecuLA raw OLS (seed-excluded),TPSA,25,token_entropy,0.7478444907596484,0.00349562685285158
MolecuLA raw OLS (seed-excluded),TPSA,26,selfies_len_tokens,0.994048081561085,0.25437227722772277
MolecuLA raw OLS (seed-excluded),TPSA,26,branch_token_count,0.9745999682056629,0.043601980198019814
MolecuLA raw OLS (seed-excluded),TPSA,26,ring_token_count,0.15598590072389085,0.0009029702970297039
MolecuLA raw OLS (seed-excluded),TPSA,26,token_entropy,0.9161953306730728,0.00431572930023612
MolecuLA raw OLS (seed-excluded),TPSA,27,selfies_len_tokens,0.93715449558654,0.36321386138613865
MolecuLA raw OLS (seed-excluded),TPSA,27,branch_token_count,0.9898797186467723,0.06922178217821782
MolecuLA raw OLS (seed-excluded),TPSA,27,ring_token_count,-0.17110244941982602,-0.003487128712871288
MolecuLA raw OLS (seed-excluded),TPSA,27,token_entropy,0.8548532555651855,0.004314709134452785
MolecuLA raw OLS (seed-excluded),TPSA,28,selfies_len_tokens,0.9781224659596615,0.3756950495049506
MolecuLA raw OLS (seed-excluded),TPSA,28,branch_token_count,0.9792173293491715,0.040401980198019806
MolecuLA raw OLS (seed-excluded),TPSA,28,ring_token_count,0.8011018514631217,0.0042356435643564365
MolecuLA raw OLS (seed-excluded),TPSA,28,token_entropy,0.8966735898561424,0.006985282139648289
MolecuLA raw OLS (seed-excluded),TPSA,29,selfies_len_tokens,0.9920582702860797,0.2665386138613862
MolecuLA raw OLS (seed-excluded),TPSA,29,branch_token_count,0.9681521786547853,0.04989504950495051
MolecuLA raw OLS (seed-excluded),TPSA,29,ring_token_count,0.6274350355716084,0.00607722772277228
MolecuLA raw OLS (seed-excluded),TPSA,29,token_entropy,0.9718346068813615,0.005433498380292067
MolecuLA raw OLS (seed-excluded),TPSA,30,selfies_len_tokens,0.9959902562956942,0.32740792079207925
MolecuLA raw OLS (seed-excluded),TPSA,30,branch_token_count,0.9920690312665461,0.06676435643564356
MolecuLA raw OLS (seed-excluded),TPSA,30,ring_token_count,0.07635350319902211,0.0018396039603960396
MolecuLA raw OLS (seed-excluded),TPSA,30,token_entropy,0.9326858185658493,0.004345601958961654
MolecuLA raw OLS (seed-excluded),TPSA,31,selfies_len_tokens,0.9784355724742322,0.29755841584158416
MolecuLA raw OLS (seed-excluded),TPSA,31,branch_token_count,0.9918008320606464,0.08946534653465348
MolecuLA raw OLS (seed-excluded),TPSA,31,ring_token_count,-0.6714373452584693,-0.007277227722772276
MolecuLA raw OLS (seed-excluded),TPSA,31,token_entropy,0.7869790311946748,0.0036179207804713045
MolecuLA raw OLS (seed-excluded),TPSA,32,selfies_len_tokens,0.9861478133165311,0.319819801980198
MolecuLA raw OLS (seed-excluded),TPSA,32,branch_token_count,0.9708436008811506,0.05005742574257427
MolecuLA raw OLS (seed-excluded),TPSA,32,ring_token_count,0.7742780502784198,0.007114851485148516
MolecuLA raw OLS (seed-excluded),TPSA,32,token_entropy,0.9075042794168386,0.007180423364969668
MolecuLA raw OLS (seed-excluded),TPSA,33,selfies_len_tokens,0.9736202748279296,0.20822178217821785
MolecuLA raw OLS (seed-excluded),TPSA,33,branch_token_count,0.9699234721725714,0.04009108910891089
MolecuLA raw OLS (seed-excluded),TPSA,33,ring_token_count,0.6646714004065736,0.005047524752475248
MolecuLA raw OLS (seed-excluded),TPSA,33,token_entropy,0.9552582184629623,0.006814929053637638
MolecuLA raw OLS (seed-excluded),TPSA,34,selfies_len_tokens,0.9694440511770683,0.40944158415841586
MolecuLA raw OLS (seed-excluded),TPSA,34,branch_token_count,0.9880664025205976,0.07354455445544555
MolecuLA raw OLS (seed-excluded),TPSA,34,ring_token_count,-0.18174268104512808,-0.006059405940594067
MolecuLA raw OLS (seed-excluded),TPSA,34,token_entropy,0.6210357606646051,0.003775859457166857
MolecuLA raw OLS (seed-excluded),TPSA,35,selfies_len_tokens,0.9723036829699085,0.3283405940594061
MolecuLA raw OLS (seed-excluded),TPSA,35,branch_token_count,0.9875555059252441,0.06818217821782178
MolecuLA raw OLS (seed-excluded),TPSA,35,ring_token_count,-0.1865561612517911,-0.004461386138613866
MolecuLA raw OLS (seed-excluded),TPSA,35,token_entropy,0.7383299674684921,0.004459328125505844
MolecuLA raw OLS (seed-excluded),TPSA,36,selfies_len_tokens,0.9936065842721938,0.2910950495049505
MolecuLA raw OLS (seed-excluded),TPSA,36,branch_token_count,0.9837163921585613,0.049714851485148516
MolecuLA raw OLS (seed-excluded),TPSA,36,ring_token_count,0.29613875242229915,0.0067663366336633704
MolecuLA raw OLS (seed-excluded),TPSA,36,token_entropy,0.8711835217950062,0.004976795149437393
MolecuLA raw OLS (seed-excluded),TPSA,37,selfies_len_tokens,0.9787185303240824,0.373730693069307
MolecuLA raw OLS (seed-excluded),TPSA,37,branch_token_count,0.9856430799383348,0.044023762376237625
MolecuLA raw OLS (seed-excluded),TPSA,37,ring_token_count,0.5237822487802015,0.01074059405940594
MolecuLA raw OLS (seed-excluded),TPSA,37,token_entropy,0.8405808931232123,0.005620730033135194
MolecuLA raw OLS (seed-excluded),TPSA,38,selfies_len_tokens,0.9884213383014326,0.3058970297029703
MolecuLA raw OLS (seed-excluded),TPSA,38,branch_token_count,0.984567562810765,0.053801980198019815
MolecuLA raw OLS (seed-excluded),TPSA,38,ring_token_count,-0.09430919092827858,-0.0028079207920792076
MolecuLA raw OLS (seed-excluded),TPSA,38,token_entropy,0.8337046252199962,0.004478257648539805
MolecuLA raw OLS (seed-excluded),TPSA,39,selfies_len_tokens,0.9888804596350808,0.2993980198019802
MolecuLA raw OLS (seed-excluded),TPSA,39,branch_token_count,0.9738527040698814,0.053992079207920804
MolecuLA raw OLS (seed-excluded),TPSA,39,ring_token_count,0.6227616694133498,0.005641584158415843
MolecuLA raw OLS (seed-excluded),TPSA,39,token_entropy,0.8988143112154174,0.0058380607922258075
MolecuLA raw OLS (seed-excluded),TPSA,40,selfies_len_tokens,0.7705814495077639,0.214829702970297
MolecuLA raw OLS (seed-excluded),TPSA,40,branch_token_count,0.9795097446312868,0.061996039603960405
MolecuLA raw OLS (seed-excluded),TPSA,40,ring_token_count,-0.20227606085562405,-0.0022772277227722775
MolecuLA raw OLS (seed-excluded),TPSA,40,token_entropy,0.8819975641750438,0.004633542591580397
MolecuLA raw OLS (seed-excluded),TPSA,41,selfies_len_tokens,0.9885725029359153,0.3540554455445545
MolecuLA raw OLS (seed-excluded),TPSA,41,branch_token_count,0.9851085681832363,0.06388118811881188
MolecuLA raw OLS (seed-excluded),TPSA,41,ring_token_count,0.10018321223672795,0.0008118811881188124
MolecuLA raw OLS (seed-excluded),TPSA,41,token_entropy,0.7911512592712596,0.004857332097168531
MolecuLA raw OLS (seed-excluded),TPSA,42,selfies_len_tokens,0.9032240377417495,0.30057821782178223
MolecuLA raw OLS (seed-excluded),TPSA,42,branch_token_count,0.9906987987227706,0.06116831683168318
MolecuLA raw OLS (seed-excluded),TPSA,42,ring_token_count,-0.5359996414740998,-0.011231683168316832
MolecuLA raw OLS (seed-excluded),TPSA,42,token_entropy,0.7565234813473225,0.0049123858554918996
MolecuLA raw OLS (seed-excluded),TPSA,43,selfies_len_tokens,0.9011627993022525,0.3094039603960396
MolecuLA raw OLS (seed-excluded),TPSA,43,branch_token_count,0.9804105104353614,0.05775049504950495
MolecuLA raw OLS (seed-excluded),TPSA,43,ring_token_count,-0.21648409089862047,-0.0023069306930693085
MolecuLA raw OLS (seed-excluded),TPSA,43,token_entropy,0.7848098994827123,0.005598742376868912
MolecuLA raw OLS (seed-excluded),TPSA,44,selfies_len_tokens,0.9426676803023775,0.32701782178217825
MolecuLA raw OLS (seed-excluded),TPSA,44,branch_token_count,0.979311432595361,0.07944752475247527
MolecuLA raw OLS (seed-excluded),TPSA,44,ring_token_count,-0.7919839022928139,-0.01596435643564357
MolecuLA raw OLS (seed-excluded),TPSA,44,token_entropy,0.8709133156538936,0.004111786143529982
MolecuLA raw OLS (seed-excluded),TPSA,45,selfies_len_tokens,0.9348563745963749,0.3278118811881188
MolecuLA raw OLS (seed-excluded),TPSA,45,branch_token_count,0.9800365917560258,0.04570495049504951
MolecuLA raw OLS (seed-excluded),TPSA,45,ring_token_count,0.26734134024093187,0.004360396039603963
MolecuLA raw OLS (seed-excluded),TPSA,45,token_entropy,0.8075398136230905,0.005296147841578217
MolecuLA raw OLS (seed-excluded),TPSA,46,selfies_len_tokens,0.9917621093452434,0.42857821782178224
MolecuLA raw OLS (seed-excluded),TPSA,46,branch_token_count,0.9922962233217288,0.08036237623762378
MolecuLA raw OLS (seed-excluded),TPSA,46,ring_token_count,0.2436990772628588,0.0035485148514851476
MolecuLA raw OLS (seed-excluded),TPSA,46,token_entropy,0.7654621002493724,0.004148727319374326
MolecuLA raw OLS (seed-excluded),TPSA,47,selfies_len_tokens,0.9882955656671802,0.34891089108910894
MolecuLA raw OLS (seed-excluded),TPSA,47,branch_token_count,0.9897240716250613,0.0639029702970297
MolecuLA raw OLS (seed-excluded),TPSA,47,ring_token_count,-0.5185943245920168,-0.009780198019801985
MolecuLA raw OLS (seed-excluded),TPSA,47,token_entropy,0.7206775411330834,0.003743994263542136
MolecuLA raw OLS (seed-excluded),TPSA,48,selfies_len_tokens,0.9531993218309143,0.27142376237623766
MolecuLA raw OLS (seed-excluded),TPSA,48,branch_token_count,0.9831516850677406,0.039526732673267326
MolecuLA raw OLS (seed-excluded),TPSA,48,ring_token_count,-0.14775754070583372,-0.0033504950495049533
MolecuLA raw OLS (seed-excluded),TPSA,48,token_entropy,0.9113565567427454,0.0037599951778859845
MolecuLA raw OLS (seed-excluded),TPSA,49,selfies_len_tokens,0.9867984782396276,0.3697940594059407
MolecuLA raw OLS (seed-excluded),TPSA,49,branch_token_count,0.9909895521797063,0.049271287128712885
MolecuLA raw OLS (seed-excluded),TPSA,49,ring_token_count,0.13564688594714622,0.0012415841584158414
MolecuLA raw OLS (seed-excluded),TPSA,49,token_entropy,0.8440271289394733,0.004935118710308623
MolecuLA raw OLS (seed-excluded),cLogP,0,selfies_len_tokens,0.9959785203771306,0.4232970297029704
MolecuLA raw OLS (seed-excluded),cLogP,0,branch_token_count,0.5867753157994107,0.018251485148514855
MolecuLA raw OLS (seed-excluded),cLogP,0,ring_token_count,0.9787188433931138,0.04940594059405942
MolecuLA raw OLS (seed-excluded),cLogP,0,token_entropy,-0.32697649241862475,-0.0009238684732858351
MolecuLA raw OLS (seed-excluded),cLogP,1,selfies_len_tokens,0.9915790533676694,0.4142574257425743
MolecuLA raw OLS (seed-excluded),cLogP,1,branch_token_count,0.9136274046506392,0.025459405940594065
MolecuLA raw OLS (seed-excluded),cLogP,1,ring_token_count,0.9458697558401171,0.03200792079207921
MolecuLA raw OLS (seed-excluded),cLogP,1,token_entropy,0.2588304284446679,0.0019301997496416338
MolecuLA raw OLS (seed-excluded),cLogP,2,selfies_len_tokens,0.9875808731568667,0.43920198019801987
MolecuLA raw OLS (seed-excluded),cLogP,2,branch_token_count,0.7687124496509705,0.018750495049504955
MolecuLA raw OLS (seed-excluded),cLogP,2,ring_token_count,0.7946872274920689,0.024421782178217825
MolecuLA raw OLS (seed-excluded),cLogP,2,token_entropy,0.23816740140518583,0.0023064720170485626
MolecuLA raw OLS (seed-excluded),cLogP,3,selfies_len_tokens,0.9906386506381629,0.45499009900990106
MolecuLA raw OLS (seed-excluded),cLogP,3,branch_token_count,0.9693698993117401,0.059148514851485146
MolecuLA raw OLS (seed-excluded),cLogP,3,ring_token_count,0.9219692081837771,0.04459207920792079
MolecuLA raw OLS (seed-excluded),cLogP,3,token_entropy,-0.23854342322391747,-0.00039229940835020384
MolecuLA raw OLS (seed-excluded),cLogP,4,selfies_len_tokens,0.9953253584465731,0.33377623762376235
MolecuLA raw OLS (seed-excluded),cLogP,4,branch_token_count,0.7347766547303005,0.02477029702970298
MolecuLA raw OLS (seed-excluded),cLogP,4,ring_token_count,0.9547245840352897,0.03582574257425743
MolecuLA raw OLS (seed-excluded),cLogP,4,token_entropy,-0.1112563005100519,-0.0008587049434646243
MolecuLA raw OLS (seed-excluded),cLogP,5,selfies_len_tokens,0.9861446065981663,0.49001980198019807
MolecuLA raw OLS (seed-excluded),cLogP,5,branch_token_count,0.5280890527179333,0.02112277227722772
MolecuLA raw OLS (seed-excluded),cLogP,5,ring_token_count,0.6434642678753373,0.0322930693069307
MolecuLA raw OLS (seed-excluded),cLogP,5,token_entropy,-0.41309041170090377,-0.003557685967107991
MolecuLA raw OLS (seed-excluded),cLogP,6,selfies_len_tokens,0.9929362373841263,0.38789108910891107
MolecuLA raw OLS (seed-excluded),cLogP,6,branch_token_count,0.5353349895591127,0.009800000000000005
MolecuLA raw OLS (seed-excluded),cLogP,6,ring_token_count,0.7729613192974135,0.023837623762376244
MolecuLA raw OLS (seed-excluded),cLogP,6,token_entropy,-0.3760655289626849,-0.0026984916758537314
MolecuLA raw OLS (seed-excluded),cLogP,7,selfies_len_tokens,0.9892249094418273,0.3324910891089109
MolecuLA raw OLS (seed-excluded),cLogP,7,branch_token_count,0.9090699901932663,0.027918811881188124
MolecuLA raw OLS (seed-excluded),cLogP,7,ring_token_count,0.9726852077981458,0.03669108910891089
MolecuLA raw OLS (seed-excluded),cLogP,7,token_entropy,0.19152157487104687,0.0024071184816241197
MolecuLA raw OLS (seed-excluded),cLogP,8,selfies_len_tokens,0.9956404755774184,0.46382178217821785
MolecuLA raw OLS (seed-excluded),cLogP,8,branch_token_count,0.3680606710800814,0.012178217821782184
MolecuLA raw OLS (seed-excluded),cLogP,8,ring_token_count,0.5163309479828218,0.01870891089108911
MolecuLA raw OLS (seed-excluded),cLogP,8,token_entropy,-0.4056841442736276,-0.003039954547207303
MolecuLA raw OLS (seed-excluded),cLogP,9,selfies_len_tokens,0.9938998969884276,0.4155405940594061
MolecuLA raw OLS (seed-excluded),cLogP,9,branch_token_count,0.6657561866594723,0.02166930693069307
MolecuLA raw OLS (seed-excluded),cLogP,9,ring_token_count,0.6646029569716597,0.015661386138613863
MolecuLA raw OLS (seed-excluded),cLogP,9,token_entropy,0.15904748906159108,0.0019627323247930154
MolecuLA raw OLS (seed-excluded),cLogP,10,selfies_len_tokens,0.9945657879018649,0.4280732673267328
MolecuLA raw OLS (seed-excluded),cLogP,10,branch_token_count,0.6116214481139738,0.022512871287128713
MolecuLA raw OLS (seed-excluded),cLogP,10,ring_token_count,0.898341430008795,0.03058811881188119
MolecuLA raw OLS (seed-excluded),cLogP,10,token_entropy,-0.17944917268817245,-0.0015002656132020505
MolecuLA raw OLS (seed-excluded),cLogP,11,selfies_len_tokens,0.9926156708159976,0.4159980198019802
MolecuLA raw OLS (seed-excluded),cLogP,11,branch_token_count,0.5170004799463938,0.012774257425742577
MolecuLA raw OLS (seed-excluded),cLogP,11,ring_token_count,0.7478221612863406,0.019122772277227727
MolecuLA raw OLS (seed-excluded),cLogP,11,token_entropy,0.03026513552852052,-0.0010784234417229952
MolecuLA raw OLS (seed-excluded),cLogP,12,selfies_len_tokens,0.9950429577529881,0.41474851485148523
MolecuLA raw OLS (seed-excluded),cLogP,12,branch_token_count,0.627272094235123,0.021968316831683172
MolecuLA raw OLS (seed-excluded),cLogP,12,ring_token_count,0.7690000463910444,0.03455445544554456
MolecuLA raw OLS (seed-excluded),cLogP,12,token_entropy,-0.29491199966962356,-0.0024609228620262797
MolecuLA raw OLS (seed-excluded),cLogP,13,selfies_len_tokens,0.9754872873540821,0.35599603960396037
MolecuLA raw OLS (seed-excluded),cLogP,13,branch_token_count,0.9466215420601702,0.03084752475247525
MolecuLA raw OLS (seed-excluded),cLogP,13,ring_token_count,0.9648444964794437,0.02861980198019802
MolecuLA raw OLS (seed-excluded),cLogP,13,token_entropy,0.6035113421753922,0.004265180326899924
MolecuLA raw OLS (seed-excluded),cLogP,14,selfies_len_tokens,0.9968418193198461,0.3548237623762377
MolecuLA raw OLS (seed-excluded),cLogP,14,branch_token_count,0.9599276822837645,0.0257980198019802
MolecuLA raw OLS (seed-excluded),cLogP,14,ring_token_count,0.9714049692706793,0.03561980198019802
MolecuLA raw OLS (seed-excluded),cLogP,14,token_entropy,-0.10622960500154763,-0.00022508603285511082
MolecuLA raw OLS (seed-excluded),cLogP,15,selfies_len_tokens,0.9954749927653841,0.4462732673267328
MolecuLA raw OLS (seed-excluded),cLogP,15,branch_token_count,0.7381727203666566,0.015750495049504952
MolecuLA raw OLS (seed-excluded),cLogP,15,ring_token_count,0.9136696697096777,0.03398019801980198
MolecuLA raw OLS (seed-excluded),cLogP,15,token_entropy,-0.03383926590832364,0.0001552076889939216
MolecuLA raw OLS (seed-excluded),cLogP,16,selfies_len_tokens,0.9936017657416886,0.4304831683168318
MolecuLA raw OLS (seed-excluded),cLogP,16,branch_token_count,0.5575762520069409,0.012461386138613861
MolecuLA raw OLS (seed-excluded),cLogP,16,ring_token_count,0.9030963480710156,0.04213465346534654
MolecuLA raw OLS (seed-excluded),cLogP,16,token_entropy,-0.05291222519067302,-0.0005249148360828882
MolecuLA raw OLS (seed-excluded),cLogP,17,selfies_len_tokens,0.9850400493754427,0.40025742574257434
MolecuLA raw OLS (seed-excluded),cLogP,17,branch_token_count,0.7971070861405936,0.04184356435643566
MolecuLA raw OLS (seed-excluded),cLogP,17,ring_token_count,0.7283301014471608,0.029736633663366343
MolecuLA raw OLS (seed-excluded),cLogP,17,token_entropy,-0.4805045054329206,-0.0030691606947105053
MolecuLA raw OLS (seed-excluded),cLogP,18,selfies_len_tokens,0.9940455626109497,0.40448514851485157
MolecuLA raw OLS (seed-excluded),cLogP,18,branch_token_count,0.6141615991279273,0.016966336633663367
MolecuLA raw OLS (seed-excluded),cLogP,18,ring_token_count,0.94898191234243,0.037065346534653466
MolecuLA raw OLS (seed-excluded),cLogP,18,token_entropy,-0.35410916605947984,-0.0018923900349822496
MolecuLA raw OLS (seed-excluded),cLogP,19,selfies_len_tokens,0.9962036846712449,0.4357188118811882
MolecuLA raw OLS (seed-excluded),cLogP,19,branch_token_count,0.8512386145819234,0.02378217821782179
MolecuLA raw OLS (seed-excluded),cLogP,19,ring_token_count,0.8223860908530055,0.042104950495049503
MolecuLA raw OLS (seed-excluded),cLogP,19,token_entropy,-0.229907951721339,-0.001657215610861108
MolecuLA raw OLS (seed-excluded),cLogP,20,selfies_len_tokens,0.9903294825240596,0.4520158415841584
MolecuLA raw OLS (seed-excluded),cLogP,20,branch_token_count,0.15076341872598983,-0.0001821782178217787
MolecuLA raw OLS (seed-excluded),cLogP,20,ring_token_count,0.39692115131794725,0.01742772277227723
MolecuLA raw OLS (seed-excluded),cLogP,20,token_entropy,-0.3677730648297368,-0.00445879673837633
MolecuLA raw OLS (seed-excluded),cLogP,21,selfies_len_tokens,0.9919281948427676,0.5000792079207921
MolecuLA raw OLS (seed-excluded),cLogP,21,branch_token_count,0.5668035855232534,0.014994059405940594
MolecuLA raw OLS (seed-excluded),cLogP,21,ring_token_count,0.7107319504859851,0.02928316831683168
MolecuLA raw OLS (seed-excluded),cLogP,21,token_entropy,-0.632324291806543,-0.0020840318850924035
MolecuLA raw OLS (seed-excluded),cLogP,22,selfies_len_tokens,0.9924704750249517,0.5002970297029703
MolecuLA raw OLS (seed-excluded),cLogP,22,branch_token_count,0.5330127604155591,0.018764356435643566
MolecuLA raw OLS (seed-excluded),cLogP,22,ring_token_count,0.515828042065877,0.021453465346534653
MolecuLA raw OLS (seed-excluded),cLogP,22,token_entropy,-0.34697057820253896,-0.003098037844896686
MolecuLA raw OLS (seed-excluded),cLogP,23,selfies_len_tokens,0.9942652463126466,0.37269108910891097
MolecuLA raw OLS (seed-excluded),cLogP,23,branch_token_count,0.8501779911708565,0.02333465346534654
MolecuLA raw OLS (seed-excluded),cLogP,23,ring_token_count,0.9311532155086136,0.030423762376237628
MolecuLA raw OLS (seed-excluded),cLogP,23,token_entropy,0.23931256240868407,0.001426874194811545
MolecuLA raw OLS (seed-excluded),cLogP,24,selfies_len_tokens,0.9940660778518121,0.4392950495049506
MolecuLA raw OLS (seed-excluded),cLogP,24,branch_token_count,0.34247777973998167,0.006405940594059408
MolecuLA raw OLS (seed-excluded),cLogP,24,ring_token_count,0.6792009008385851,0.01866930693069307
MolecuLA raw OLS (seed-excluded),cLogP,24,token_entropy,-0.08410716923613812,-0.0019788937211784284
MolecuLA raw OLS (seed-excluded),cLogP,25,selfies_len_tokens,0.9916807917889462,0.4559782178217822
MolecuLA raw OLS (seed-excluded),cLogP,25,branch_token_count,0.6231462715736922,0.01706930693069307
MolecuLA raw OLS (seed-excluded),cLogP,25,ring_token_count,0.9205959933252642,0.04273069306930693
MolecuLA raw OLS (seed-excluded),cLogP,25,token_entropy,-0.2656900042863935,-0.0015788534998274672
MolecuLA raw OLS (seed-excluded),cLogP,26,selfies_len_tokens,0.9956351520899641,0.4453940594059407
MolecuLA raw OLS (seed-excluded),cLogP,26,branch_token_count,0.7444630012991468,0.020976237623762377
MolecuLA raw OLS (seed-excluded),cLogP,26,ring_token_count,0.8585104617982551,0.03054653465346535
MolecuLA raw OLS (seed-excluded),cLogP,26,token_entropy,0.12153682073475293,0.0016006949848084541
MolecuLA raw OLS (seed-excluded),cLogP,27,selfies_len_tokens,0.9940055298814574,0.48648910891089114
MolecuLA raw OLS (seed-excluded),cLogP,27,branch_token_count,0.5471313051111433,0.019706930693069308
MolecuLA raw OLS (seed-excluded),cLogP,27,ring_token_count,0.6537687926097678,0.021699009900990104
MolecuLA raw OLS (seed-excluded),cLogP,27,token_entropy,-0.41961671642109855,-0.0027745056598646686
MolecuLA raw OLS (seed-excluded),cLogP,28,selfies_len_tokens,0.9886771981864967,0.3434534653465347
MolecuLA raw OLS (seed-excluded),cLogP,28,branch_token_count,0.899051683764946,0.022922772277227724
MolecuLA raw OLS (seed-excluded),cLogP,28,ring_token_count,0.9451878695763826,0.02363564356435644
MolecuLA raw OLS (seed-excluded),cLogP,28,token_entropy,0.29500176580432963,0.0007505558733681186
MolecuLA raw OLS (seed-excluded),cLogP,29,selfies_len_tokens,0.990743915619927,0.3858534653465348
MolecuLA raw OLS (seed-excluded),cLogP,29,branch_token_count,0.9194361453498747,0.025667326732673277
MolecuLA raw OLS (seed-excluded),cLogP,29,ring_token_count,0.9494789486555036,0.034255445544554466
MolecuLA raw OLS (seed-excluded),cLogP,29,token_entropy,0.24414971948023428,0.00210558291928181
MolecuLA raw OLS (seed-excluded),cLogP,30,selfies_len_tokens,0.9940281637260666,0.48015247524752475
MolecuLA raw OLS (seed-excluded),cLogP,30,branch_token_count,0.7337821011060529,0.0275920792079208
MolecuLA raw OLS (seed-excluded),cLogP,30,ring_token_count,0.9396219598704748,0.044310891089108906
MolecuLA raw OLS (seed-excluded),cLogP,30,token_entropy,-0.40753087973689534,-0.0014085502503864672
MolecuLA raw OLS (seed-excluded),cLogP,31,selfies_len_tokens,0.9949589481658332,0.4763188118811882
MolecuLA raw OLS (seed-excluded),cLogP,31,branch_token_count,0.26796946502473246,0.013922772277227723
MolecuLA raw OLS (seed-excluded),cLogP,31,ring_token_count,0.4773039465706462,0.013570297029702973
MolecuLA raw OLS (seed-excluded),cLogP,31,token_entropy,0.008068183553811366,-0.0013017852520723616
MolecuLA raw OLS (seed-excluded),cLogP,32,selfies_len_tokens,0.990086285106488,0.35182178217821786
MolecuLA raw OLS (seed-excluded),cLogP,32,branch_token_count,0.9023822187470153,0.029310891089108913
MolecuLA raw OLS (seed-excluded),cLogP,32,ring_token_count,0.9639297824333898,0.03368712871287129
MolecuLA raw OLS (seed-excluded),cLogP,32,token_entropy,0.255264415525208,0.0024797326691173983
MolecuLA raw OLS (seed-excluded),cLogP,33,selfies_len_tokens,0.984662068169357,0.3416732673267327
MolecuLA raw OLS (seed-excluded),cLogP,33,branch_token_count,0.8999058558474483,0.023790099009901002
MolecuLA raw OLS (seed-excluded),cLogP,33,ring_token_count,0.9228413019006625,0.02181782178217822
MolecuLA raw OLS (seed-excluded),cLogP,33,token_entropy,0.2785301564813934,0.003929879524811518
MolecuLA raw OLS (seed-excluded),cLogP,34,selfies_len_tokens,0.9845441042815932,0.5115148514851485
MolecuLA raw OLS (seed-excluded),cLogP,34,branch_token_count,0.2517154210656397,0.008556435643564357
MolecuLA raw OLS (seed-excluded),cLogP,34,ring_token_count,0.3550323590785042,0.015132673267326731
MolecuLA raw OLS (seed-excluded),cLogP,34,token_entropy,-0.3736423524997967,-0.003684460726704294
MolecuLA raw OLS (seed-excluded),cLogP,35,selfies_len_tokens,0.9915258120882999,0.45309702970297033
MolecuLA raw OLS (seed-excluded),cLogP,35,branch_token_count,0.5633573401703037,0.015673267326732673
MolecuLA raw OLS (seed-excluded),cLogP,35,ring_token_count,0.8933373724026847,0.0391940594059406
MolecuLA raw OLS (seed-excluded),cLogP,35,token_entropy,-0.3747670469468868,-0.002544445485045202
MolecuLA raw OLS (seed-excluded),cLogP,36,selfies_len_tokens,0.9933777063584085,0.49373069306930695
MolecuLA raw OLS (seed-excluded),cLogP,36,branch_token_count,0.6198142647809406,0.018223762376237625
MolecuLA raw OLS (seed-excluded),cLogP,36,ring_token_count,0.8283270117226758,0.041518811881188125
MolecuLA raw OLS (seed-excluded),cLogP,36,token_entropy,-0.13170070243336673,-0.0010667048286112273
MolecuLA raw OLS (seed-excluded),cLogP,37,selfies_len_tokens,0.9943379601493387,0.4268732673267328
MolecuLA raw OLS (seed-excluded),cLogP,37,branch_token_count,0.6996161502995065,0.01768118811881188
MolecuLA raw OLS (seed-excluded),cLogP,37,ring_token_count,0.7651454133211296,0.033392079207920804
MolecuLA raw OLS (seed-excluded),cLogP,37,token_entropy,-0.1977298379494481,-0.0013501927785181886
MolecuLA raw OLS (seed-excluded),cLogP,38,selfies_len_tokens,0.9944106305237594,0.40635049504950504
MolecuLA raw OLS (seed-excluded),cLogP,38,branch_token_count,0.8262351378118173,0.02543762376237624
MolecuLA raw OLS (seed-excluded),cLogP,38,ring_token_count,0.9413116246397512,0.03862178217821782
MolecuLA raw OLS (seed-excluded),cLogP,38,token_entropy,0.058798648951500734,0.0013140850380012475
MolecuLA raw OLS (seed-excluded),cLogP,39,selfies_len_tokens,0.9916491049171513,0.3734633663366338
MolecuLA raw OLS (seed-excluded),cLogP,39,branch_token_count,0.6777598734916143,0.018259405940594064
MolecuLA raw OLS (seed-excluded),cLogP,39,ring_token_count,0.8154577881114639,0.024110891089108917
MolecuLA raw OLS (seed-excluded),cLogP,39,token_entropy,0.0858784213942952,0.00010269067102815478
MolecuLA raw OLS (seed-excluded),cLogP,40,selfies_len_tokens,0.9940450794721525,0.43823564356435657
MolecuLA raw OLS (seed-excluded),cLogP,40,branch_token_count,0.6818985104822337,0.021697029702970296
MolecuLA raw OLS (seed-excluded),cLogP,40,ring_token_count,0.8237505498065008,0.02768514851485149
MolecuLA raw OLS (seed-excluded),cLogP,40,token_entropy,-0.0023076164658974575,-0.000396416133267515
MolecuLA raw OLS (seed-excluded),cLogP,41,selfies_len_tokens,0.9935924288891856,0.46373267326732676
MolecuLA raw OLS (seed-excluded),cLogP,41,branch_token_count,0.7390643598221708,0.027613861386138614
MolecuLA raw OLS (seed-excluded),cLogP,41,ring_token_count,0.911513566011766,0.03494257425742575
MolecuLA raw OLS (seed-excluded),cLogP,41,token_entropy,-0.049311468911146294,0.0003268934086339467
MolecuLA raw OLS (seed-excluded),cLogP,42,selfies_len_tokens,0.9937165187055451,0.45888316831683174
MolecuLA raw OLS (seed-excluded),cLogP,42,branch_token_count,0.4719855257641926,0.016178217821782182
MolecuLA raw OLS (seed-excluded),cLogP,42,ring_token_count,0.7360427823578856,0.027255445544554467
MolecuLA raw OLS (seed-excluded),cLogP,42,token_entropy,-0.1526799648263183,-0.0018557287434271825
MolecuLA raw OLS (seed-excluded),cLogP,43,selfies_len_tokens,0.9919750344961118,0.42470297029702986
MolecuLA raw OLS (seed-excluded),cLogP,43,branch_token_count,0.6226778773109405,0.019809900990099015
MolecuLA raw OLS (seed-excluded),cLogP,43,ring_token_count,0.6454216444428652,0.017803960396039608
MolecuLA raw OLS (seed-excluded),cLogP,43,token_entropy,-0.08368090737384525,-0.0015046026448797246
MolecuLA raw OLS (seed-excluded),cLogP,44,selfies_len_tokens,0.9921641360353547,0.4601722772277228
MolecuLA raw OLS (seed-excluded),cLogP,44,branch_token_count,0.3407515400930343,0.019035643564356435
MolecuLA raw OLS (seed-excluded),cLogP,44,ring_token_count,0.7218241951927766,0.024687128712871296
MolecuLA raw OLS (seed-excluded),cLogP,44,token_entropy,-0.9031727989791385,-0.003620736608769515
MolecuLA raw OLS (seed-excluded),cLogP,45,selfies_len_tokens,0.9938081664694551,0.4466059405940595
MolecuLA raw OLS (seed-excluded),cLogP,45,branch_token_count,0.27801862738060695,0.006053465346534657
MolecuLA raw OLS (seed-excluded),cLogP,45,ring_token_count,0.6271419295172499,0.025182178217821784
MolecuLA raw OLS (seed-excluded),cLogP,45,token_entropy,-0.26800320399721045,-0.003106132660211055
MolecuLA raw OLS (seed-excluded),cLogP,46,selfies_len_tokens,0.9934725113698024,0.35597227722772284
MolecuLA raw OLS (seed-excluded),cLogP,46,branch_token_count,0.6423599551782893,0.016271287128712876
MolecuLA raw OLS (seed-excluded),cLogP,46,ring_token_count,0.7410864822708042,0.01963366336633664
MolecuLA raw OLS (seed-excluded),cLogP,46,token_entropy,-0.3535972034302076,-0.0019246600470263163
MolecuLA raw OLS (seed-excluded),cLogP,47,selfies_len_tokens,0.9958089123503788,0.4570673267326733
MolecuLA raw OLS (seed-excluded),cLogP,47,branch_token_count,0.5221387529965046,0.02064752475247525
MolecuLA raw OLS (seed-excluded),cLogP,47,ring_token_count,0.7955384610016344,0.026144554455445546
MolecuLA raw OLS (seed-excluded),cLogP,47,token_entropy,-0.4510702032269386,-0.002879483842034904
MolecuLA raw OLS (seed-excluded),cLogP,48,selfies_len_tokens,0.9932681435254681,0.466960396039604
MolecuLA raw OLS (seed-excluded),cLogP,48,branch_token_count,0.4887149199175094,0.01023960396039604
MolecuLA raw OLS (seed-excluded),cLogP,48,ring_token_count,0.6360903682099398,0.0256950495049505
MolecuLA raw OLS (seed-excluded),cLogP,48,token_entropy,-0.2346880162375389,-0.0022432476452714004
MolecuLA raw OLS (seed-excluded),cLogP,49,selfies_len_tokens,0.9959055797687463,0.36855643564356444
MolecuLA raw OLS (seed-excluded),cLogP,49,branch_token_count,0.44579560362223225,0.010441584158415845
MolecuLA raw OLS (seed-excluded),cLogP,49,ring_token_count,0.8182347251959161,0.02784950495049506
MolecuLA raw OLS (seed-excluded),cLogP,49,token_entropy,-0.41806014321183854,-0.002008178728592533
MolecuLA raw OLS (seed-excluded),BertzCT,0,selfies_len_tokens,0.9746902381970051,0.5919445544554457
MolecuLA raw OLS (seed-excluded),BertzCT,0,branch_token_count,0.8003826263440579,0.034859405940594064
MolecuLA raw OLS (seed-excluded),BertzCT,0,ring_token_count,0.9502985667975274,0.07052475247524753
MolecuLA raw OLS (seed-excluded),BertzCT,0,token_entropy,0.4735457112376596,0.005136144282863907
MolecuLA raw OLS (seed-excluded),BertzCT,1,selfies_len_tokens,0.9898616498066879,0.5630455445544554
MolecuLA raw OLS (seed-excluded),BertzCT,1,branch_token_count,0.905993519937049,0.0341881188118812
MolecuLA raw OLS (seed-excluded),BertzCT,1,ring_token_count,0.9464971968801986,0.06666534653465347
MolecuLA raw OLS (seed-excluded),BertzCT,1,token_entropy,0.6483500493973402,0.0046843998998550235
MolecuLA raw OLS (seed-excluded),BertzCT,2,selfies_len_tokens,0.9913729455773241,0.5079821782178218
MolecuLA raw OLS (seed-excluded),BertzCT,2,branch_token_count,0.8861260488298116,0.0302950495049505
MolecuLA raw OLS (seed-excluded),BertzCT,2,ring_token_count,0.9615800321640676,0.0591980198019802
MolecuLA raw OLS (seed-excluded),BertzCT,2,token_entropy,0.7647582492878373,0.007316717196193998
MolecuLA raw OLS (seed-excluded),BertzCT,3,selfies_len_tokens,0.9925345004663048,0.5893683168316832
MolecuLA raw OLS (seed-excluded),BertzCT,3,branch_token_count,0.9735385785688707,0.10562178217821785
MolecuLA raw OLS (seed-excluded),BertzCT,3,ring_token_count,0.9680721605048733,0.08670495049504952
MolecuLA raw OLS (seed-excluded),BertzCT,3,token_entropy,0.6960095028178411,0.005386953903790997
MolecuLA raw OLS (seed-excluded),BertzCT,4,selfies_len_tokens,0.9924591059236649,0.5583742574257426
MolecuLA raw OLS (seed-excluded),BertzCT,4,branch_token_count,0.839855253832247,0.04184554455445545
MolecuLA raw OLS (seed-excluded),BertzCT,4,ring_token_count,0.9584486836643834,0.06526336633663368
MolecuLA raw OLS (seed-excluded),BertzCT,4,token_entropy,0.7518356161436996,0.005258113239484421
MolecuLA raw OLS (seed-excluded),BertzCT,5,selfies_len_tokens,0.9858191031883276,0.6320831683168319
MolecuLA raw OLS (seed-excluded),BertzCT,5,branch_token_count,0.9563645031800035,0.07177227722772278
MolecuLA raw OLS (seed-excluded),BertzCT,5,ring_token_count,0.9315850788899568,0.09280792079207924
MolecuLA raw OLS (seed-excluded),BertzCT,5,token_entropy,0.4668685368634134,0.0038075320136106245
MolecuLA raw OLS (seed-excluded),BertzCT,6,selfies_len_tokens,0.9913912163531261,0.6029801980198021
MolecuLA raw OLS (seed-excluded),BertzCT,6,branch_token_count,0.6035360310893454,0.019354455445544556
MolecuLA raw OLS (seed-excluded),BertzCT,6,ring_token_count,0.9350148204692149,0.06416633663366338
MolecuLA raw OLS (seed-excluded),BertzCT,6,token_entropy,0.4558503838770812,0.0036441612815230778
MolecuLA raw OLS (seed-excluded),BertzCT,7,selfies_len_tokens,0.9904313607138255,0.4874138613861387
MolecuLA raw OLS (seed-excluded),BertzCT,7,branch_token_count,0.9632809047870405,0.048938613861386156
MolecuLA raw OLS (seed-excluded),BertzCT,7,ring_token_count,0.9686820722083533,0.09055445544554457
MolecuLA raw OLS (seed-excluded),BertzCT,7,token_entropy,0.7314357842453643,0.005935660240928285
MolecuLA raw OLS (seed-excluded),BertzCT,8,selfies_len_tokens,0.9918782735541324,0.5848000000000001
MolecuLA raw OLS (seed-excluded),BertzCT,8,branch_token_count,0.982965769016399,0.07092277227722774
MolecuLA raw OLS (seed-excluded),BertzCT,8,ring_token_count,0.8976767397448442,0.054720792079207936
MolecuLA raw OLS (seed-excluded),BertzCT,8,token_entropy,0.558517829691918,0.005041733526129497
MolecuLA raw OLS (seed-excluded),BertzCT,9,selfies_len_tokens,0.9891005668994739,0.4994257425742575
MolecuLA raw OLS (seed-excluded),BertzCT,9,branch_token_count,0.9424866369253384,0.061855445544554466
MolecuLA raw OLS (seed-excluded),BertzCT,9,ring_token_count,0.9493503454870063,0.05697029702970298
MolecuLA raw OLS (seed-excluded),BertzCT,9,token_entropy,0.6750851310340977,0.007261530772621144
MolecuLA raw OLS (seed-excluded),BertzCT,10,selfies_len_tokens,0.9936402038316182,0.5688455445544556
MolecuLA raw OLS (seed-excluded),BertzCT,10,branch_token_count,0.7960790051861187,0.03921584158415842
MolecuLA raw OLS (seed-excluded),BertzCT,10,ring_token_count,0.9599183204673583,0.07474851485148515
MolecuLA raw OLS (seed-excluded),BertzCT,10,token_entropy,0.5599956824312623,0.004323483019520715
MolecuLA raw OLS (seed-excluded),BertzCT,11,selfies_len_tokens,0.9941986007092499,0.5257346534653466
MolecuLA raw OLS (seed-excluded),BertzCT,11,branch_token_count,0.8421709439557922,0.032348514851485155
MolecuLA raw OLS (seed-excluded),BertzCT,11,ring_token_count,0.9503997812284428,0.0682970297029703
MolecuLA raw OLS (seed-excluded),BertzCT,11,token_entropy,0.7324652428278325,0.0065068912641087235
MolecuLA raw OLS (seed-excluded),BertzCT,12,selfies_len_tokens,0.9927975419399684,0.5752257425742575
MolecuLA raw OLS (seed-excluded),BertzCT,12,branch_token_count,0.8513311067699084,0.04127326732673268
MolecuLA raw OLS (seed-excluded),BertzCT,12,ring_token_count,0.9652676829751167,0.08976237623762376
MolecuLA raw OLS (seed-excluded),BertzCT,12,token_entropy,0.6565844862527117,0.005512691849372579
MolecuLA raw OLS (seed-excluded),BertzCT,13,selfies_len_tokens,0.969834865501228,0.4930574257425743
MolecuLA raw OLS (seed-excluded),BertzCT,13,branch_token_count,0.9061349578119715,0.039120792079207926
MolecuLA raw OLS (seed-excluded),BertzCT,13,ring_token_count,0.959396832210571,0.05825148514851486
MolecuLA raw OLS (seed-excluded),BertzCT,13,token_entropy,0.816952466402289,0.008121555386969839
MolecuLA raw OLS (seed-excluded),BertzCT,14,selfies_len_tokens,0.9856913258130123,0.5660277227722773
MolecuLA raw OLS (seed-excluded),BertzCT,14,branch_token_count,0.9042284548453878,0.034437623762376246
MolecuLA raw OLS (seed-excluded),BertzCT,14,ring_token_count,0.9455603128524321,0.05762772277227723
MolecuLA raw OLS (seed-excluded),BertzCT,14,token_entropy,0.6110149077346575,0.007584437250291009
MolecuLA raw OLS (seed-excluded),BertzCT,15,selfies_len_tokens,0.992395332220215,0.5910693069306933
MolecuLA raw OLS (seed-excluded),BertzCT,15,branch_token_count,0.7642251339636016,0.0193960396039604
MolecuLA raw OLS (seed-excluded),BertzCT,15,ring_token_count,0.9381183263017494,0.0673762376237624
MolecuLA raw OLS (seed-excluded),BertzCT,15,token_entropy,0.643610538227766,0.006030657323734614
MolecuLA raw OLS (seed-excluded),BertzCT,16,selfies_len_tokens,0.9913638485581481,0.6093445544554458
MolecuLA raw OLS (seed-excluded),BertzCT,16,branch_token_count,0.9799871829740264,0.06078613861386138
MolecuLA raw OLS (seed-excluded),BertzCT,16,ring_token_count,0.9089753275688105,0.06521782178217822
MolecuLA raw OLS (seed-excluded),BertzCT,16,token_entropy,0.5992191449328284,0.006913647258040347
MolecuLA raw OLS (seed-excluded),BertzCT,17,selfies_len_tokens,0.9832473993838386,0.6212653465346536
MolecuLA raw OLS (seed-excluded),BertzCT,17,branch_token_count,0.9418252546491032,0.08776435643564358
MolecuLA raw OLS (seed-excluded),BertzCT,17,ring_token_count,0.8296025927079094,0.060980198019801986
MolecuLA raw OLS (seed-excluded),BertzCT,17,token_entropy,0.5118824098903076,0.005898957448196396
MolecuLA raw OLS (seed-excluded),BertzCT,18,selfies_len_tokens,0.9845315550382147,0.6115782178217822
MolecuLA raw OLS (seed-excluded),BertzCT,18,branch_token_count,0.8504999930581648,0.03872475247524752
MolecuLA raw OLS (seed-excluded),BertzCT,18,ring_token_count,0.9207717910115432,0.056645544554455446
MolecuLA raw OLS (seed-excluded),BertzCT,18,token_entropy,0.4880990962821513,0.006551370224997125
MolecuLA raw OLS (seed-excluded),BertzCT,19,selfies_len_tokens,0.9920052554252837,0.6098198019801981
MolecuLA raw OLS (seed-excluded),BertzCT,19,branch_token_count,0.9589299066349976,0.05581980198019802
MolecuLA raw OLS (seed-excluded),BertzCT,19,ring_token_count,0.87181775618754,0.060368316831683165
MolecuLA raw OLS (seed-excluded),BertzCT,19,token_entropy,0.5241652926694875,0.006445795813677989
MolecuLA raw OLS (seed-excluded),BertzCT,20,selfies_len_tokens,0.9838053139154967,0.6393603960396039
MolecuLA raw OLS (seed-excluded),BertzCT,20,branch_token_count,0.7403598672684516,0.04228514851485149
MolecuLA raw OLS (seed-excluded),BertzCT,20,ring_token_count,0.9135733632511558,0.06272673267326732
MolecuLA raw OLS (seed-excluded),BertzCT,20,token_entropy,0.49528307792882453,0.0043036331111697464
MolecuLA raw OLS (seed-excluded),BertzCT,21,selfies_len_tokens,0.9904224548856823,0.609411881188119
MolecuLA raw OLS (seed-excluded),BertzCT,21,branch_token_count,0.6326659039805284,0.022821782178217818
MolecuLA raw OLS (seed-excluded),BertzCT,21,ring_token_count,0.835119972719857,0.053776237623762387
MolecuLA raw OLS (seed-excluded),BertzCT,21,token_entropy,0.43793435765004085,0.0030685738004531736
MolecuLA raw OLS (seed-excluded),BertzCT,22,selfies_len_tokens,0.988074771029114,0.6224673267326734
MolecuLA raw OLS (seed-excluded),BertzCT,22,branch_token_count,0.9516633820743547,0.06631089108910893
MolecuLA raw OLS (seed-excluded),BertzCT,22,ring_token_count,0.9323150444229167,0.0719920792079208
MolecuLA raw OLS (seed-excluded),BertzCT,22,token_entropy,0.6686426084610072,0.005114542837503799
MolecuLA raw OLS (seed-excluded),BertzCT,23,selfies_len_tokens,0.9923409356280569,0.5607227722772278
MolecuLA raw OLS (seed-excluded),BertzCT,23,branch_token_count,0.9505777583680104,0.04551485148514852
MolecuLA raw OLS (seed-excluded),BertzCT,23,ring_token_count,0.9498596668910285,0.05340396039603962
MolecuLA raw OLS (seed-excluded),BertzCT,23,token_entropy,0.7414266689023233,0.004970600987536422
MolecuLA raw OLS (seed-excluded),BertzCT,24,selfies_len_tokens,0.9923199078321694,0.5674138613861387
MolecuLA raw OLS (seed-excluded),BertzCT,24,branch_token_count,0.9061066045195576,0.028493069306930695
MolecuLA raw OLS (seed-excluded),BertzCT,24,ring_token_count,0.9522502225673748,0.07147326732673268
MolecuLA raw OLS (seed-excluded),BertzCT,24,token_entropy,0.676600155785493,0.006618284854319449
MolecuLA raw OLS (seed-excluded),BertzCT,25,selfies_len_tokens,0.9891431434942564,0.6130277227722774
MolecuLA raw OLS (seed-excluded),BertzCT,25,branch_token_count,0.8282094759603422,0.03945346534653465
MolecuLA raw OLS (seed-excluded),BertzCT,25,ring_token_count,0.9438716600257588,0.07286534653465347
MolecuLA raw OLS (seed-excluded),BertzCT,25,token_entropy,0.4272737511287833,0.0022866749286877376
MolecuLA raw OLS (seed-excluded),BertzCT,26,selfies_len_tokens,0.9954261082744162,0.5396633663366338
MolecuLA raw OLS (seed-excluded),BertzCT,26,branch_token_count,0.9774430722230545,0.06605148514851486
MolecuLA raw OLS (seed-excluded),BertzCT,26,ring_token_count,0.9620780297748959,0.0685782178217822
MolecuLA raw OLS (seed-excluded),BertzCT,26,token_entropy,0.7151965582378212,0.007451795632467197
MolecuLA raw OLS (seed-excluded),BertzCT,27,selfies_len_tokens,0.9923197605997355,0.5956594059405942
MolecuLA raw OLS (seed-excluded),BertzCT,27,branch_token_count,0.8595069581119261,0.04186732673267327
MolecuLA raw OLS (seed-excluded),BertzCT,27,ring_token_count,0.9352307952412624,0.06061188118811881
MolecuLA raw OLS (seed-excluded),BertzCT,27,token_entropy,0.6020190974900973,0.005692157193064952
MolecuLA raw OLS (seed-excluded),BertzCT,28,selfies_len_tokens,0.9933623204385256,0.5381089108910893
MolecuLA raw OLS (seed-excluded),BertzCT,28,branch_token_count,0.874690690247909,0.030811881188118815
MolecuLA raw OLS (seed-excluded),BertzCT,28,ring_token_count,0.9344510472151977,0.05212475247524754
MolecuLA raw OLS (seed-excluded),BertzCT,28,token_entropy,0.7677653067703358,0.006243601333020743
MolecuLA raw OLS (seed-excluded),BertzCT,29,selfies_len_tokens,0.9881172353228687,0.5270792079207922
MolecuLA raw OLS (seed-excluded),BertzCT,29,branch_token_count,0.9560945625882459,0.07509504950495051
MolecuLA raw OLS (seed-excluded),BertzCT,29,ring_token_count,0.9588152322163682,0.06544158415841586
MolecuLA raw OLS (seed-excluded),BertzCT,29,token_entropy,0.7084233577485275,0.005031105333720576
MolecuLA raw OLS (seed-excluded),BertzCT,30,selfies_len_tokens,0.9822609089240252,0.6165425742574258
MolecuLA raw OLS (seed-excluded),BertzCT,30,branch_token_count,0.7769054636273336,0.041964356435643564
MolecuLA raw OLS (seed-excluded),BertzCT,30,ring_token_count,0.9214705370540428,0.06293861386138613
MolecuLA raw OLS (seed-excluded),BertzCT,30,token_entropy,0.4387996996505634,0.005833859649150418
MolecuLA raw OLS (seed-excluded),BertzCT,31,selfies_len_tokens,0.9902192447324749,0.5785861386138614
MolecuLA raw OLS (seed-excluded),BertzCT,31,branch_token_count,0.842617088178166,0.05663564356435643
MolecuLA raw OLS (seed-excluded),BertzCT,31,ring_token_count,0.9600906179696062,0.05495049504950496
MolecuLA raw OLS (seed-excluded),BertzCT,31,token_entropy,0.6658142610853698,0.0067887082067981525
MolecuLA raw OLS (seed-excluded),BertzCT,32,selfies_len_tokens,0.9918207486800584,0.5254415841584159
MolecuLA raw OLS (seed-excluded),BertzCT,32,branch_token_count,0.8657065178503758,0.037239603960396044
MolecuLA raw OLS (seed-excluded),BertzCT,32,ring_token_count,0.9617555229657907,0.07370693069306931
MolecuLA raw OLS (seed-excluded),BertzCT,32,token_entropy,0.7176411347727638,0.0054908562808887364
MolecuLA raw OLS (seed-excluded),BertzCT,33,selfies_len_tokens,0.9925012266034953,0.4701980198019803
MolecuLA raw OLS (seed-excluded),BertzCT,33,branch_token_count,0.9254135468533292,0.03372475247524753
MolecuLA raw OLS (seed-excluded),BertzCT,33,ring_token_count,0.9629582791707874,0.06265742574257427
MolecuLA raw OLS (seed-excluded),BertzCT,33,token_entropy,0.7343252623724329,0.005484104683216897
MolecuLA raw OLS (seed-excluded),BertzCT,34,selfies_len_tokens,0.980833426609731,0.654592079207921
MolecuLA raw OLS (seed-excluded),BertzCT,34,branch_token_count,0.9826772686929979,0.07591881188118811
MolecuLA raw OLS (seed-excluded),BertzCT,34,ring_token_count,0.9238681447120715,0.07676237623762378
MolecuLA raw OLS (seed-excluded),BertzCT,34,token_entropy,0.4868812125220582,0.0043836102776920694
MolecuLA raw OLS (seed-excluded),BertzCT,35,selfies_len_tokens,0.9912584824801203,0.5888613861386138
MolecuLA raw OLS (seed-excluded),BertzCT,35,branch_token_count,0.9413455183322053,0.0465009900990099
MolecuLA raw OLS (seed-excluded),BertzCT,35,ring_token_count,0.9353268018177386,0.07380198019801981
MolecuLA raw OLS (seed-excluded),BertzCT,35,token_entropy,0.5430103767824873,0.005248544521279454
MolecuLA raw OLS (seed-excluded),BertzCT,36,selfies_len_tokens,0.9902131407432863,0.6206752475247524
MolecuLA raw OLS (seed-excluded),BertzCT,36,branch_token_count,0.9624423773985297,0.07516633663366337
MolecuLA raw OLS (seed-excluded),BertzCT,36,ring_token_count,0.8817028431063633,0.06609108910891091
MolecuLA raw OLS (seed-excluded),BertzCT,36,token_entropy,0.5870445732024231,0.006237661858621883
MolecuLA raw OLS (seed-excluded),BertzCT,37,selfies_len_tokens,0.9933713964747239,0.585350495049505
MolecuLA raw OLS (seed-excluded),BertzCT,37,branch_token_count,0.9413901735175302,0.036988118811881195
MolecuLA raw OLS (seed-excluded),BertzCT,37,ring_token_count,0.9582963213387855,0.08998613861386139
MolecuLA raw OLS (seed-excluded),BertzCT,37,token_entropy,0.7067348966447019,0.0065218630682521254
MolecuLA raw OLS (seed-excluded),BertzCT,38,selfies_len_tokens,0.9936009129327625,0.5695881188118813
MolecuLA raw OLS (seed-excluded),BertzCT,38,branch_token_count,0.8472377412539729,0.038665346534653464
MolecuLA raw OLS (seed-excluded),BertzCT,38,ring_token_count,0.9656644069681106,0.09094059405940595
MolecuLA raw OLS (seed-excluded),BertzCT,38,token_entropy,0.6261889995917187,0.005453141611228234
MolecuLA raw OLS (seed-excluded),BertzCT,39,selfies_len_tokens,0.9906494254401748,0.5215386138613862
MolecuLA raw OLS (seed-excluded),BertzCT,39,branch_token_count,0.9583202575437686,0.044980198019801985
MolecuLA raw OLS (seed-excluded),BertzCT,39,ring_token_count,0.9566989416989095,0.05366732673267328
MolecuLA raw OLS (seed-excluded),BertzCT,39,token_entropy,0.7326644582630304,0.007486677533369606
MolecuLA raw OLS (seed-excluded),BertzCT,40,selfies_len_tokens,0.9950885962192697,0.5165386138613862
MolecuLA raw OLS (seed-excluded),BertzCT,40,branch_token_count,0.8339771022453101,0.03875841584158416
MolecuLA raw OLS (seed-excluded),BertzCT,40,ring_token_count,0.9713543035958139,0.060988118811881195
MolecuLA raw OLS (seed-excluded),BertzCT,40,token_entropy,0.7009925468504864,0.00785785864429778
MolecuLA raw OLS (seed-excluded),BertzCT,41,selfies_len_tokens,0.9913426990311237,0.5946594059405941
MolecuLA raw OLS (seed-excluded),BertzCT,41,branch_token_count,0.983474967194628,0.07465346534653466
MolecuLA raw OLS (seed-excluded),BertzCT,41,ring_token_count,0.9555395742488755,0.08572871287128715
MolecuLA raw OLS (seed-excluded),BertzCT,41,token_entropy,0.6573068124749805,0.004810937317126717
MolecuLA raw OLS (seed-excluded),BertzCT,42,selfies_len_tokens,0.9927430085094303,0.5891940594059407
MolecuLA raw OLS (seed-excluded),BertzCT,42,branch_token_count,0.9741967235192359,0.05498019801980198
MolecuLA raw OLS (seed-excluded),BertzCT,42,ring_token_count,0.9419408912598787,0.06577623762376239
MolecuLA raw OLS (seed-excluded),BertzCT,42,token_entropy,0.5956572793465589,0.005638883697727056
MolecuLA raw OLS (seed-excluded),BertzCT,43,selfies_len_tokens,0.9856790631763007,0.5676574257425743
MolecuLA raw OLS (seed-excluded),BertzCT,43,branch_token_count,0.9827468988821169,0.08315049504950496
MolecuLA raw OLS (seed-excluded),BertzCT,43,ring_token_count,0.9529279462274763,0.0753940594059406
MolecuLA raw OLS (seed-excluded),BertzCT,43,token_entropy,0.6893657388107132,0.005886150479274321
MolecuLA raw OLS (seed-excluded),BertzCT,44,selfies_len_tokens,0.9898061563139934,0.591310891089109
MolecuLA raw OLS (seed-excluded),BertzCT,44,branch_token_count,0.6483658870450639,0.048275247524752485
MolecuLA raw OLS (seed-excluded),BertzCT,44,ring_token_count,0.872903108472889,0.04719801980198021
MolecuLA raw OLS (seed-excluded),BertzCT,44,token_entropy,0.48778409969525804,0.004445961507260423
MolecuLA raw OLS (seed-excluded),BertzCT,45,selfies_len_tokens,0.9900495290988739,0.5976178217821783
MolecuLA raw OLS (seed-excluded),BertzCT,45,branch_token_count,0.948748487746179,0.04423960396039604
MolecuLA raw OLS (seed-excluded),BertzCT,45,ring_token_count,0.9403086936926892,0.065380198019802
MolecuLA raw OLS (seed-excluded),BertzCT,45,token_entropy,0.6023349814330009,0.005696679009042239
MolecuLA raw OLS (seed-excluded),BertzCT,46,selfies_len_tokens,0.9926826781764276,0.579031683168317
MolecuLA raw OLS (seed-excluded),BertzCT,46,branch_token_count,0.9743032751766441,0.08252475247524753
MolecuLA raw OLS (seed-excluded),BertzCT,46,ring_token_count,0.9632458133667092,0.0649920792079208
MolecuLA raw OLS (seed-excluded),BertzCT,46,token_entropy,0.7147665623146872,0.005979263943038584
MolecuLA raw OLS (seed-excluded),BertzCT,47,selfies_len_tokens,0.991369907398781,0.6080891089108912
MolecuLA raw OLS (seed-excluded),BertzCT,47,branch_token_count,0.9587627436935199,0.06491089108910893
MolecuLA raw OLS (seed-excluded),BertzCT,47,ring_token_count,0.9239845345054057,0.0606990099009901
MolecuLA raw OLS (seed-excluded),BertzCT,47,token_entropy,0.5624927521409486,0.004444533522058827
MolecuLA raw OLS (seed-excluded),BertzCT,48,selfies_len_tokens,0.9921352979161252,0.5900376237623765
MolecuLA raw OLS (seed-excluded),BertzCT,48,branch_token_count,0.9031005593919461,0.04338613861386139
MolecuLA raw OLS (seed-excluded),BertzCT,48,ring_token_count,0.8512312471916371,0.048279207920792086
MolecuLA raw OLS (seed-excluded),BertzCT,48,token_entropy,0.611759251223921,0.004682288772770691
MolecuLA raw OLS (seed-excluded),BertzCT,49,selfies_len_tokens,0.9957124334608104,0.5369584158415842
MolecuLA raw OLS (seed-excluded),BertzCT,49,branch_token_count,0.9454037248945653,0.036916831683168325
MolecuLA raw OLS (seed-excluded),BertzCT,49,ring_token_count,0.967666864754935,0.08685148514851485
MolecuLA raw OLS (seed-excluded),BertzCT,49,token_entropy,0.7261176587867223,0.006322681188108743
MolecuLA raw OLS (seed-excluded),HeavyAtomCount,0,selfies_len_tokens,0.9912216579661218,0.6095623762376239
MolecuLA raw OLS (seed-excluded),HeavyAtomCount,0,branch_token_count,0.9731024900002336,0.06329900990099009
MolecuLA raw OLS (seed-excluded),HeavyAtomCount,0,ring_token_count,0.9541005814666148,0.061427722772277225
MolecuLA raw OLS (seed-excluded),HeavyAtomCount,0,token_entropy,0.5185249230762801,0.006689773707342881
MolecuLA raw OLS (seed-excluded),HeavyAtomCount,1,selfies_len_tokens,0.9876768488672948,0.566891089108911
MolecuLA raw OLS (seed-excluded),HeavyAtomCount,1,branch_token_count,0.9586053829719202,0.04083762376237624
MolecuLA raw OLS (seed-excluded),HeavyAtomCount,1,ring_token_count,0.9513672094698522,0.05976633663366337
MolecuLA raw OLS (seed-excluded),HeavyAtomCount,1,token_entropy,0.6840542880491223,0.00548627009065583
MolecuLA raw OLS (seed-excluded),HeavyAtomCount,2,selfies_len_tokens,0.9924437624445082,0.5052237623762378
MolecuLA raw OLS (seed-excluded),HeavyAtomCount,2,branch_token_count,0.9535601377467107,0.0449089108910891
MolecuLA raw OLS (seed-excluded),HeavyAtomCount,2,ring_token_count,0.9709373849854748,0.0607920792079208
MolecuLA raw OLS (seed-excluded),HeavyAtomCount,2,token_entropy,0.8157792994953353,0.0078680407825535
MolecuLA raw OLS (seed-excluded),HeavyAtomCount,3,selfies_len_tokens,0.9881354635826743,0.6174415841584159
MolecuLA raw OLS (seed-excluded),HeavyAtomCount,3,branch_token_count,0.9889965155138383,0.12715841584158416
MolecuLA raw OLS (seed-excluded),HeavyAtomCount,3,ring_token_count,0.9604461523413514,0.0976732673267327
MolecuLA raw OLS (seed-excluded),HeavyAtomCount,3,token_entropy,0.8646281410791429,0.00845376679339132
MolecuLA raw OLS (seed-excluded),HeavyAtomCount,4,selfies_len_tokens,0.9929726314291847,0.5782594059405941
MolecuLA raw OLS (seed-excluded),HeavyAtomCount,4,branch_token_count,0.9611637231771741,0.06039207920792079
MolecuLA raw OLS (seed-excluded),HeavyAtomCount,4,ring_token_count,0.9688581972411603,0.05603366336633664
MolecuLA raw OLS (seed-excluded),HeavyAtomCount,4,token_entropy,0.7459404831017343,0.006805975184970019
MolecuLA raw OLS (seed-excluded),HeavyAtomCount,5,selfies_len_tokens,0.9843144420985926,0.650910891089109
MolecuLA raw OLS (seed-excluded),HeavyAtomCount,5,branch_token_count,0.9803400543782864,0.09553267326732677
MolecuLA raw OLS (seed-excluded),HeavyAtomCount,5,ring_token_count,0.9265238400511052,0.11295643564356436
MolecuLA raw OLS (seed-excluded),HeavyAtomCount,5,token_entropy,0.603060680620573,0.004710084773294814
MolecuLA raw OLS (seed-excluded),HeavyAtomCount,6,selfies_len_tokens,0.98988284740521,0.6214594059405942
MolecuLA raw OLS (seed-excluded),HeavyAtomCount,6,branch_token_count,0.9236029850142048,0.035988118811881194
MolecuLA raw OLS (seed-excluded),HeavyAtomCount,6,ring_token_count,0.9527070911003126,0.07055643564356437
MolecuLA raw OLS (seed-excluded),HeavyAtomCount,6,token_entropy,0.47421472359102335,0.005124294692758512
MolecuLA raw OLS (seed-excluded),HeavyAtomCount,7,selfies_len_tokens,0.9903646290098014,0.5280574257425744
MolecuLA raw OLS (seed-excluded),HeavyAtomCount,7,branch_token_count,0.9691222775324613,0.062053465346534664
MolecuLA raw OLS (seed-excluded),HeavyAtomCount,7,ring_token_count,0.9611009162941888,0.08094257425742575
MolecuLA raw OLS (seed-excluded),HeavyAtomCount,7,token_entropy,0.8780593219198657,0.00735098470377419
MolecuLA raw OLS (seed-excluded),HeavyAtomCount,8,selfies_len_tokens,0.9904827728788552,0.6236118811881188
MolecuLA raw OLS (seed-excluded),HeavyAtomCount,8,branch_token_count,0.9583956823554298,0.0639881188118812
MolecuLA raw OLS (seed-excluded),HeavyAtomCount,8,ring_token_count,0.9193623786828475,0.04966732673267329
MolecuLA raw OLS (seed-excluded),HeavyAtomCount,8,token_entropy,0.5366028083703542,0.005743188115007815
MolecuLA raw OLS (seed-excluded),HeavyAtomCount,9,selfies_len_tokens,0.994612036672213,0.49652871287128714
MolecuLA raw OLS (seed-excluded),HeavyAtomCount,9,branch_token_count,0.9602353053900045,0.06822574257425744
MolecuLA raw OLS (seed-excluded),HeavyAtomCount,9,ring_token_count,0.9562175919418545,0.04752475247524754
MolecuLA raw OLS (seed-excluded),HeavyAtomCount,9,token_entropy,0.7738802888339381,0.009346123280536339
MolecuLA raw OLS (seed-excluded),HeavyAtomCount,10,selfies_len_tokens,0.9878682185778354,0.6139267326732675
MolecuLA raw OLS (seed-excluded),HeavyAtomCount,10,branch_token_count,0.9585931510035797,0.05856633663366337
MolecuLA raw OLS (seed-excluded),HeavyAtomCount,10,ring_token_count,0.9510502435410922,0.0649861386138614
MolecuLA raw OLS (seed-excluded),HeavyAtomCount,10,token_entropy,0.5903453940289953,0.007089865345470926
MolecuLA raw OLS (seed-excluded),HeavyAtomCount,11,selfies_len_tokens,0.9947809322668678,0.5321821782178219
MolecuLA raw OLS (seed-excluded),HeavyAtomCount,11,branch_token_count,0.8915661232986425,0.04080990099009901
MolecuLA raw OLS (seed-excluded),HeavyAtomCount,11,ring_token_count,0.9523743729982589,0.06056237623762376
MolecuLA raw OLS (seed-excluded),HeavyAtomCount,11,token_entropy,0.7598130049284298,0.007547128106706315
MolecuLA raw OLS (seed-excluded),HeavyAtomCount,12,selfies_len_tokens,0.9900980380147787,0.6044396039603961
MolecuLA raw OLS (seed-excluded),HeavyAtomCount,12,branch_token_count,0.9750241663957555,0.07037425742574258
MolecuLA raw OLS (seed-excluded),HeavyAtomCount,12,ring_token_count,0.961486138544283,0.08673861386138615
MolecuLA raw OLS (seed-excluded),HeavyAtomCount,12,token_entropy,0.6640453887517064,0.007043060613267072
MolecuLA raw OLS (seed-excluded),HeavyAtomCount,13,selfies_len_tokens,0.9799459403121914,0.49875049504950497
MolecuLA raw OLS (seed-excluded),HeavyAtomCount,13,branch_token_count,0.9645847795279864,0.05017425742574258
MolecuLA raw OLS (seed-excluded),HeavyAtomCount,13,ring_token_count,0.9593036748520001,0.05641584158415842
MolecuLA raw OLS (seed-excluded),HeavyAtomCount,13,token_entropy,0.8824805099205238,0.008657811896681099
MolecuLA raw OLS (seed-excluded),HeavyAtomCount,14,selfies_len_tokens,0.9891915758268081,0.5846554455445546
MolecuLA raw OLS (seed-excluded),HeavyAtomCount,14,branch_token_count,0.9624207200558236,0.0530970297029703
MolecuLA raw OLS (seed-excluded),HeavyAtomCount,14,ring_token_count,0.9419506133031317,0.05402772277227724
MolecuLA raw OLS (seed-excluded),HeavyAtomCount,14,token_entropy,0.6892409945048763,0.008121156014797673
MolecuLA raw OLS (seed-excluded),HeavyAtomCount,15,selfies_len_tokens,0.9912307643305941,0.5900594059405941
MolecuLA raw OLS (seed-excluded),HeavyAtomCount,15,branch_token_count,0.8657562700096042,0.03181188118811881
MolecuLA raw OLS (seed-excluded),HeavyAtomCount,15,ring_token_count,0.946843515131392,0.060021782178217825
MolecuLA raw OLS (seed-excluded),HeavyAtomCount,15,token_entropy,0.6721799878019634,0.006656767647591425
MolecuLA raw OLS (seed-excluded),HeavyAtomCount,16,selfies_len_tokens,0.9892430770461081,0.6141326732673268
MolecuLA raw OLS (seed-excluded),HeavyAtomCount,16,branch_token_count,0.9630351438113167,0.058938613861386144
MolecuLA raw OLS (seed-excluded),HeavyAtomCount,16,ring_token_count,0.9218916712909254,0.06111881188118812
MolecuLA raw OLS (seed-excluded),HeavyAtomCount,16,token_entropy,0.6321538250601687,0.007730875125769566
MolecuLA raw OLS (seed-excluded),HeavyAtomCount,17,selfies_len_tokens,0.9814576402316763,0.6579049504950497
MolecuLA raw OLS (seed-excluded),HeavyAtomCount,17,branch_token_count,0.9358920397723992,0.11307326732673266
MolecuLA raw OLS (seed-excluded),HeavyAtomCount,17,ring_token_count,0.9069714183475521,0.07446138613861387
MolecuLA raw OLS (seed-excluded),HeavyAtomCount,17,token_entropy,0.39210327223554536,0.006187149627675641
MolecuLA raw OLS (seed-excluded),HeavyAtomCount,18,selfies_len_tokens,0.990134397309527,0.6109069306930693
MolecuLA raw OLS (seed-excluded),HeavyAtomCount,18,branch_token_count,0.9586211581997165,0.056221782178217834
MolecuLA raw OLS (seed-excluded),HeavyAtomCount,18,ring_token_count,0.9427007108300917,0.05486732673267327
MolecuLA raw OLS (seed-excluded),HeavyAtomCount,18,token_entropy,0.5293931017017224,0.007498906411610968
MolecuLA raw OLS (seed-excluded),HeavyAtomCount,19,selfies_len_tokens,0.9846831933755473,0.6227089108910892
MolecuLA raw OLS (seed-excluded),HeavyAtomCount,19,branch_token_count,0.9614723465936974,0.07922772277227724
MolecuLA raw OLS (seed-excluded),HeavyAtomCount,19,ring_token_count,0.9000462868640876,0.06224950495049505
MolecuLA raw OLS (seed-excluded),HeavyAtomCount,19,token_entropy,0.5623939320098907,0.007714273198218957
MolecuLA raw OLS (seed-excluded),HeavyAtomCount,20,selfies_len_tokens,0.9859683192004169,0.6397643564356437
MolecuLA raw OLS (seed-excluded),HeavyAtomCount,20,branch_token_count,0.8815817198550425,0.06539207920792081
MolecuLA raw OLS (seed-excluded),HeavyAtomCount,20,ring_token_count,0.9413945754041243,0.056479207920792085
MolecuLA raw OLS (seed-excluded),HeavyAtomCount,20,token_entropy,0.43229204411879923,0.0040503477702223
MolecuLA raw OLS (seed-excluded),HeavyAtomCount,21,selfies_len_tokens,0.9905312714478864,0.6210495049504952
MolecuLA raw OLS (seed-excluded),HeavyAtomCount,21,branch_token_count,0.8122407402490681,0.03434653465346535
MolecuLA raw OLS (seed-excluded),HeavyAtomCount,21,ring_token_count,0.8643342160789756,0.05467920792079209
MolecuLA raw OLS (seed-excluded),HeavyAtomCount,21,token_entropy,0.4555900692286965,0.004250300521608112
MolecuLA raw OLS (seed-excluded),HeavyAtomCount,22,selfies_len_tokens,0.9862024534064565,0.6520772277227723
MolecuLA raw OLS (seed-excluded),HeavyAtomCount,22,branch_token_count,0.9498678170819456,0.08023168316831684
MolecuLA raw OLS (seed-excluded),HeavyAtomCount,22,ring_token_count,0.9300460092317461,0.07849900990099011
MolecuLA raw OLS (seed-excluded),HeavyAtomCount,22,token_entropy,0.6437988388890342,0.006980808094561886
MolecuLA raw OLS (seed-excluded),HeavyAtomCount,23,selfies_len_tokens,0.9937971954182506,0.546661386138614
MolecuLA raw OLS (seed-excluded),HeavyAtomCount,23,branch_token_count,0.9231289753674353,0.04236831683168318
MolecuLA raw OLS (seed-excluded),HeavyAtomCount,23,ring_token_count,0.9473072023362976,0.049477227722772285
MolecuLA raw OLS (seed-excluded),HeavyAtomCount,23,token_entropy,0.8268159106989709,0.006378024982439945
MolecuLA raw OLS (seed-excluded),HeavyAtomCount,24,selfies_len_tokens,0.9926009450581088,0.5870831683168319
MolecuLA raw OLS (seed-excluded),HeavyAtomCount,24,branch_token_count,0.9543292610861471,0.04236237623762377
MolecuLA raw OLS (seed-excluded),HeavyAtomCount,24,ring_token_count,0.9500068711382128,0.057992079207920794
MolecuLA raw OLS (seed-excluded),HeavyAtomCount,24,token_entropy,0.7474511086896402,0.007484609736510459
MolecuLA raw OLS (seed-excluded),HeavyAtomCount,25,selfies_len_tokens,0.9902949442799943,0.6188435643564357
MolecuLA raw OLS (seed-excluded),HeavyAtomCount,25,branch_token_count,0.9596139651059955,0.06212475247524753
MolecuLA raw OLS (seed-excluded),HeavyAtomCount,25,ring_token_count,0.9494400122805565,0.07296237623762378
MolecuLA raw OLS (seed-excluded),HeavyAtomCount,25,token_entropy,0.536226074670598,0.005729717098491721
MolecuLA raw OLS (seed-excluded),HeavyAtomCount,26,selfies_len_tokens,0.9960136829922442,0.5395821782178218
MolecuLA raw OLS (seed-excluded),HeavyAtomCount,26,branch_token_count,0.9799736262070029,0.07605148514851487
MolecuLA raw OLS (seed-excluded),HeavyAtomCount,26,ring_token_count,0.965380407780183,0.0642851485148515
MolecuLA raw OLS (seed-excluded),HeavyAtomCount,26,token_entropy,0.75801531361664,0.008462637130692133
MolecuLA raw OLS (seed-excluded),HeavyAtomCount,27,selfies_len_tokens,0.9899798049786345,0.6234396039603961
MolecuLA raw OLS (seed-excluded),HeavyAtomCount,27,branch_token_count,0.9209040202479242,0.05188712871287131
MolecuLA raw OLS (seed-excluded),HeavyAtomCount,27,ring_token_count,0.9375881764687322,0.0525980198019802
MolecuLA raw OLS (seed-excluded),HeavyAtomCount,27,token_entropy,0.5584619326208018,0.005979624639342388
MolecuLA raw OLS (seed-excluded),HeavyAtomCount,28,selfies_len_tokens,0.9932324548845515,0.5498316831683169
MolecuLA raw OLS (seed-excluded),HeavyAtomCount,28,branch_token_count,0.9011943742291388,0.03883366336633663
MolecuLA raw OLS (seed-excluded),HeavyAtomCount,28,ring_token_count,0.9484994707238186,0.042629702970297036
MolecuLA raw OLS (seed-excluded),HeavyAtomCount,28,token_entropy,0.6713283664847415,0.004789511013938492
MolecuLA raw OLS (seed-excluded),HeavyAtomCount,29,selfies_len_tokens,0.9926613647114905,0.5206435643564357
MolecuLA raw OLS (seed-excluded),HeavyAtomCount,29,branch_token_count,0.9625927836511826,0.08672871287128714
MolecuLA raw OLS (seed-excluded),HeavyAtomCount,29,ring_token_count,0.9593535432219025,0.05334653465346535
MolecuLA raw OLS (seed-excluded),HeavyAtomCount,29,token_entropy,0.7802750634189698,0.007004958743443243
MolecuLA raw OLS (seed-excluded),HeavyAtomCount,30,selfies_len_tokens,0.9889884008754255,0.6132257425742577
MolecuLA raw OLS (seed-excluded),HeavyAtomCount,30,branch_token_count,0.9060657152065748,0.05580396039603962
MolecuLA raw OLS (seed-excluded),HeavyAtomCount,30,ring_token_count,0.9385875119884739,0.05941188118811881
MolecuLA raw OLS (seed-excluded),HeavyAtomCount,30,token_entropy,0.46985173016711357,0.006637871028166669
MolecuLA raw OLS (seed-excluded),HeavyAtomCount,31,selfies_len_tokens,0.9896041234605002,0.6052792079207922
MolecuLA raw OLS (seed-excluded),HeavyAtomCount,31,branch_token_count,0.8453116729077201,0.06490495049504952
MolecuLA raw OLS (seed-excluded),HeavyAtomCount,31,ring_token_count,0.9387890962952429,0.04422376237623763
MolecuLA raw OLS (seed-excluded),HeavyAtomCount,31,token_entropy,0.6322663412751006,0.007379446779333702
MolecuLA raw OLS (seed-excluded),HeavyAtomCount,32,selfies_len_tokens,0.9909189609955258,0.5230435643564357
MolecuLA raw OLS (seed-excluded),HeavyAtomCount,32,branch_token_count,0.951833433896157,0.052811881188118824
MolecuLA raw OLS (seed-excluded),HeavyAtomCount,32,ring_token_count,0.9615909051138518,0.0706772277227723
MolecuLA raw OLS (seed-excluded),HeavyAtomCount,32,token_entropy,0.8846074080216525,0.008676234408719851
MolecuLA raw OLS (seed-excluded),HeavyAtomCount,33,selfies_len_tokens,0.9826365625946417,0.4601920792079208
MolecuLA raw OLS (seed-excluded),HeavyAtomCount,33,branch_token_count,0.9614453170502436,0.04341188118811883
MolecuLA raw OLS (seed-excluded),HeavyAtomCount,33,ring_token_count,0.9616464958403778,0.06162178217821783
MolecuLA raw OLS (seed-excluded),HeavyAtomCount,33,token_entropy,0.8644405050921907,0.006092972569634509
MolecuLA raw OLS (seed-excluded),HeavyAtomCount,34,selfies_len_tokens,0.983905919271271,0.6545564356435646
MolecuLA raw OLS (seed-excluded),HeavyAtomCount,34,branch_token_count,0.946389386283956,0.06957227722772277
MolecuLA raw OLS (seed-excluded),HeavyAtomCount,34,ring_token_count,0.9339171231424583,0.06143762376237624
MolecuLA raw OLS (seed-excluded),HeavyAtomCount,34,token_entropy,0.4931773359222133,0.005373652167513655
MolecuLA raw OLS (seed-excluded),HeavyAtomCount,35,selfies_len_tokens,0.9875068686877777,0.6050316831683169
MolecuLA raw OLS (seed-excluded),HeavyAtomCount,35,branch_token_count,0.9726215306575298,0.06035643564356436
MolecuLA raw OLS (seed-excluded),HeavyAtomCount,35,ring_token_count,0.9585577087520607,0.07282970297029705
MolecuLA raw OLS (seed-excluded),HeavyAtomCount,35,token_entropy,0.5325624191955953,0.0076041242807483415
MolecuLA raw OLS (seed-excluded),HeavyAtomCount,36,selfies_len_tokens,0.988511869211269,0.6194633663366337
MolecuLA raw OLS (seed-excluded),HeavyAtomCount,36,branch_token_count,0.9587008087435777,0.08231881188118814
MolecuLA raw OLS (seed-excluded),HeavyAtomCount,36,ring_token_count,0.8488008595249713,0.0552970297029703
MolecuLA raw OLS (seed-excluded),HeavyAtomCount,36,token_entropy,0.618153715606895,0.007763630416896772
MolecuLA raw OLS (seed-excluded),HeavyAtomCount,37,selfies_len_tokens,0.9931720443598037,0.5777029702970298
MolecuLA raw OLS (seed-excluded),HeavyAtomCount,37,branch_token_count,0.9724979432489433,0.05603960396039605
MolecuLA raw OLS (seed-excluded),HeavyAtomCount,37,ring_token_count,0.961314412872569,0.0784891089108911
MolecuLA raw OLS (seed-excluded),HeavyAtomCount,37,token_entropy,0.6521391835054566,0.006566785094489165
MolecuLA raw OLS (seed-excluded),HeavyAtomCount,38,selfies_len_tokens,0.9892097370818924,0.5751861386138615
MolecuLA raw OLS (seed-excluded),HeavyAtomCount,38,branch_token_count,0.8789778004179155,0.044154455445544555
MolecuLA raw OLS (seed-excluded),HeavyAtomCount,38,ring_token_count,0.9673663165135024,0.08101584158415842
MolecuLA raw OLS (seed-excluded),HeavyAtomCount,38,token_entropy,0.7083710797796801,0.005591719858621014
MolecuLA raw OLS (seed-excluded),HeavyAtomCount,39,selfies_len_tokens,0.9897342904359608,0.5533069306930694
MolecuLA raw OLS (seed-excluded),HeavyAtomCount,39,branch_token_count,0.9609308835858409,0.05857623762376237
MolecuLA raw OLS (seed-excluded),HeavyAtomCount,39,ring_token_count,0.9564364342099164,0.046087128712871295
MolecuLA raw OLS (seed-excluded),HeavyAtomCount,39,token_entropy,0.7578591537129351,0.008022124174841359
MolecuLA raw OLS (seed-excluded),HeavyAtomCount,40,selfies_len_tokens,0.9942469305113828,0.5568910891089109
MolecuLA raw OLS (seed-excluded),HeavyAtomCount,40,branch_token_count,0.931114679612344,0.05395049504950497
MolecuLA raw OLS (seed-excluded),HeavyAtomCount,40,ring_token_count,0.9688327529058579,0.062495049504950495
MolecuLA raw OLS (seed-excluded),HeavyAtomCount,40,token_entropy,0.7209409346452939,0.00769551643548196
MolecuLA raw OLS (seed-excluded),HeavyAtomCount,41,selfies_len_tokens,0.9906281639490965,0.5961801980198022
MolecuLA raw OLS (seed-excluded),HeavyAtomCount,41,branch_token_count,0.9727428384843545,0.08073861386138614
MolecuLA raw OLS (seed-excluded),HeavyAtomCount,41,ring_token_count,0.9565090281746852,0.0729782178217822
MolecuLA raw OLS (seed-excluded),HeavyAtomCount,41,token_entropy,0.6980199980865536,0.006277120506884802
MolecuLA raw OLS (seed-excluded),HeavyAtomCount,42,selfies_len_tokens,0.992325846504441,0.6020138613861388
MolecuLA raw OLS (seed-excluded),HeavyAtomCount,42,branch_token_count,0.9818965203035791,0.0557980198019802
MolecuLA raw OLS (seed-excluded),HeavyAtomCount,42,ring_token_count,0.9492471851686552,0.06436831683168318
MolecuLA raw OLS (seed-excluded),HeavyAtomCount,42,token_entropy,0.5824343411060541,0.0066106388862043185
MolecuLA raw OLS (seed-excluded),HeavyAtomCount,43,selfies_len_tokens,0.9920808773678396,0.5764574257425743
MolecuLA raw OLS (seed-excluded),HeavyAtomCount,43,branch_token_count,0.9688492222599798,0.07854059405940594
MolecuLA raw OLS (seed-excluded),HeavyAtomCount,43,ring_token_count,0.9522566574277755,0.06240594059405941
MolecuLA raw OLS (seed-excluded),HeavyAtomCount,43,token_entropy,0.7129058493362115,0.007807009267840149
MolecuLA raw OLS (seed-excluded),HeavyAtomCount,44,selfies_len_tokens,0.9873755601516384,0.6293227722772278
MolecuLA raw OLS (seed-excluded),HeavyAtomCount,44,branch_token_count,0.7437076340471068,0.06153465346534653
MolecuLA raw OLS (seed-excluded),HeavyAtomCount,44,ring_token_count,0.9136532233394176,0.05305742574257427
MolecuLA raw OLS (seed-excluded),HeavyAtomCount,44,token_entropy,0.5614953382199172,0.005009546375324744
MolecuLA raw OLS (seed-excluded),HeavyAtomCount,45,selfies_len_tokens,0.9929515272848767,0.5810574257425744
MolecuLA raw OLS (seed-excluded),HeavyAtomCount,45,branch_token_count,0.9419003042848418,0.05007128712871288
MolecuLA raw OLS (seed-excluded),HeavyAtomCount,45,ring_token_count,0.9381007550815492,0.05556831683168316
MolecuLA raw OLS (seed-excluded),HeavyAtomCount,45,token_entropy,0.6143776294596818,0.0071697901172276665
MolecuLA raw OLS (seed-excluded),HeavyAtomCount,46,selfies_len_tokens,0.994584806592713,0.5654178217821784
MolecuLA raw OLS (seed-excluded),HeavyAtomCount,46,branch_token_count,0.9889716837997669,0.11111683168316833
MolecuLA raw OLS (seed-excluded),HeavyAtomCount,46,ring_token_count,0.9705782338248952,0.06284950495049506
MolecuLA raw OLS (seed-excluded),HeavyAtomCount,46,token_entropy,0.7174459975383767,0.007438402855443491
MolecuLA raw OLS (seed-excluded),HeavyAtomCount,47,selfies_len_tokens,0.9864641962667194,0.6502534653465347
MolecuLA raw OLS (seed-excluded),HeavyAtomCount,47,branch_token_count,0.8604215030280626,0.06305148514851484
MolecuLA raw OLS (seed-excluded),HeavyAtomCount,47,ring_token_count,0.9407648967916135,0.05922970297029703
MolecuLA raw OLS (seed-excluded),HeavyAtomCount,47,token_entropy,0.48828552184600893,0.00634298206282139
MolecuLA raw OLS (seed-excluded),HeavyAtomCount,48,selfies_len_tokens,0.9875948433139097,0.5871940594059407
MolecuLA raw OLS (seed-excluded),HeavyAtomCount,48,branch_token_count,0.8461595688955611,0.03332871287128713
MolecuLA raw OLS (seed-excluded),HeavyAtomCount,48,ring_token_count,0.8715885318953795,0.04855841584158418
MolecuLA raw OLS (seed-excluded),HeavyAtomCount,48,token_entropy,0.6506274411683719,0.006645512206429262
MolecuLA raw OLS (seed-excluded),HeavyAtomCount,49,selfies_len_tokens,0.9926613815032309,0.5619306930693071
MolecuLA raw OLS (seed-excluded),HeavyAtomCount,49,branch_token_count,0.9795811963941827,0.05518811881188119
MolecuLA raw OLS (seed-excluded),HeavyAtomCount,49,ring_token_count,0.9660968374869873,0.08605148514851486
MolecuLA raw OLS (seed-excluded),HeavyAtomCount,49,token_entropy,0.724775619890499,0.007525854518167387
ChemSpacE extreme-SVM,FractionCSP3,0,selfies_len_tokens,-0.004296861588873989,-0.0017940594059404579
ChemSpacE extreme-SVM,FractionCSP3,0,branch_token_count,-0.007071579764500568,-0.00014059405940594107
ChemSpacE extreme-SVM,FractionCSP3,0,ring_token_count,-0.011679426891951946,-0.0007485148514851487
ChemSpacE extreme-SVM,FractionCSP3,0,token_entropy,-0.7140793167980434,-0.0015350729641147559
ChemSpacE extreme-SVM,FractionCSP3,1,selfies_len_tokens,0.003265554071030489,0.0012950495049504941
ChemSpacE extreme-SVM,FractionCSP3,1,branch_token_count,-0.002746575942883134,-0.00015049504950495065
ChemSpacE extreme-SVM,FractionCSP3,1,ring_token_count,-0.023210065318706397,-0.0007326732673267327
ChemSpacE extreme-SVM,FractionCSP3,1,token_entropy,-0.7487801789060476,-0.001522188729232939
ChemSpacE extreme-SVM,FractionCSP3,2,selfies_len_tokens,0.017107766274177705,0.00802970297029715
ChemSpacE extreme-SVM,FractionCSP3,2,branch_token_count,-0.030904595791302225,-0.0004297029702970298
ChemSpacE extreme-SVM,FractionCSP3,2,ring_token_count,-0.037009287610162964,-0.0011643564356435647
ChemSpacE extreme-SVM,FractionCSP3,2,token_entropy,-0.737605175880007,-0.00047085463870246916
ChemSpacE extreme-SVM,FractionCSP3,3,selfies_len_tokens,-0.0020192769075825234,-0.0008772277227722638
ChemSpacE extreme-SVM,FractionCSP3,3,branch_token_count,-0.015928739909092247,-0.0006099009900990106
ChemSpacE extreme-SVM,FractionCSP3,3,ring_token_count,-0.018692956526321535,-0.0009267326732673268
ChemSpacE extreme-SVM,FractionCSP3,3,token_entropy,-0.7072470209712597,-0.0009017734561278689
ChemSpacE extreme-SVM,FractionCSP3,4,selfies_len_tokens,0.016399653620866955,0.006976237623762534
ChemSpacE extreme-SVM,FractionCSP3,4,branch_token_count,-0.027369422727818647,-0.0006336633663366342
ChemSpacE extreme-SVM,FractionCSP3,4,ring_token_count,-0.026694806655515102,-0.0011287128712871288
ChemSpacE extreme-SVM,FractionCSP3,4,token_entropy,-0.7118100080154387,-0.0014730807448870519
ChemSpacE extreme-SVM,FractionCSP3,5,selfies_len_tokens,-0.0015446154138842854,-0.0002712871287129662
ChemSpacE extreme-SVM,FractionCSP3,5,branch_token_count,-0.014045413761115877,-0.00045742574257425807
ChemSpacE extreme-SVM,FractionCSP3,5,ring_token_count,-0.01756627989738264,-0.0010772277227722776
ChemSpacE extreme-SVM,FractionCSP3,5,token_entropy,-0.7482048064039437,-0.0013149945768684257
ChemSpacE extreme-SVM,FractionCSP3,6,selfies_len_tokens,-0.0019775731441573985,-0.0005504950495048392
ChemSpacE extreme-SVM,FractionCSP3,6,branch_token_count,-0.0056684591456187434,-2.178217821782221e-05
ChemSpacE extreme-SVM,FractionCSP3,6,ring_token_count,-0.017785698908147338,-0.0008732673267326734
ChemSpacE extreme-SVM,FractionCSP3,6,token_entropy,-0.6897646622865173,-0.0013838854536313422
ChemSpacE extreme-SVM,FractionCSP3,7,selfies_len_tokens,0.011637525338849715,0.005390099009901028
ChemSpacE extreme-SVM,FractionCSP3,7,branch_token_count,-0.02145748878245052,-0.00036039603960396054
ChemSpacE extreme-SVM,FractionCSP3,7,ring_token_count,-0.026704052781026135,-0.0011722772277227723
ChemSpacE extreme-SVM,FractionCSP3,7,token_entropy,-0.7350351772532717,-0.0007075432137603657
ChemSpacE extreme-SVM,FractionCSP3,8,selfies_len_tokens,0.009877419683870084,0.00418415841584163
ChemSpacE extreme-SVM,FractionCSP3,8,branch_token_count,-0.026871756123650607,-0.0005069306930693073
ChemSpacE extreme-SVM,FractionCSP3,8,ring_token_count,-0.03871859303205182,-0.0013366336633663367
ChemSpacE extreme-SVM,FractionCSP3,8,token_entropy,-0.7405839638728593,-0.0007074357607101939
ChemSpacE extreme-SVM,FractionCSP3,9,selfies_len_tokens,0.0170660914162639,0.007643564356435747
ChemSpacE extreme-SVM,FractionCSP3,9,branch_token_count,-0.02654075582639677,-0.00043762376237623765
ChemSpacE extreme-SVM,FractionCSP3,9,ring_token_count,-0.041789381235891085,-0.0007247524752475248
ChemSpacE extreme-SVM,FractionCSP3,9,token_entropy,-0.6195351428792638,-0.0014981791480765335
ChemSpacE extreme-SVM,FractionCSP3,10,selfies_len_tokens,0.0036144155379290205,0.0014653465346535506
ChemSpacE extreme-SVM,FractionCSP3,10,branch_token_count,-0.013050803673092455,-0.00026336633663366394
ChemSpacE extreme-SVM,FractionCSP3,10,ring_token_count,-0.026244259298330436,-0.0009564356435643564
ChemSpacE extreme-SVM,FractionCSP3,10,token_entropy,-0.7475959734250996,-0.0012149505582922818
ChemSpacE extreme-SVM,FractionCSP3,11,selfies_len_tokens,0.023159143265120426,0.009803960396039561
ChemSpacE extreme-SVM,FractionCSP3,11,branch_token_count,-0.026296211469876634,-0.0003207920792079209
ChemSpacE extreme-SVM,FractionCSP3,11,ring_token_count,-0.028056502506875802,-0.0007405940594059406
ChemSpacE extreme-SVM,FractionCSP3,11,token_entropy,-0.7709405605471544,-0.0010341229291760392
ChemSpacE extreme-SVM,FractionCSP3,12,selfies_len_tokens,0.016781082624232852,0.006875247524752494
ChemSpacE extreme-SVM,FractionCSP3,12,branch_token_count,-0.02180607261002446,-0.0006178217821782183
ChemSpacE extreme-SVM,FractionCSP3,12,ring_token_count,-0.026723791244717618,-0.0015108910891089118
ChemSpacE extreme-SVM,FractionCSP3,12,token_entropy,-0.6865910265247969,-0.0015316921395501187
ChemSpacE extreme-SVM,FractionCSP3,13,selfies_len_tokens,0.004414632403013333,0.002142574257425932
ChemSpacE extreme-SVM,FractionCSP3,13,branch_token_count,-0.004065556752303605,-0.0001623762376237626
ChemSpacE extreme-SVM,FractionCSP3,13,ring_token_count,-0.03627862167720021,-0.0006534653465346535
ChemSpacE extreme-SVM,FractionCSP3,13,token_entropy,-0.6961507278194209,-0.001588489731487621
ChemSpacE extreme-SVM,FractionCSP3,14,selfies_len_tokens,-0.003929523661723609,-0.0016970297029701964
ChemSpacE extreme-SVM,FractionCSP3,14,branch_token_count,-0.008667470886040652,-0.0001643564356435646
ChemSpacE extreme-SVM,FractionCSP3,14,ring_token_count,-0.006008715919985195,-0.0007346534653465349
ChemSpacE extreme-SVM,FractionCSP3,14,token_entropy,-0.561634933857461,-0.001573267540836142
ChemSpacE extreme-SVM,FractionCSP3,15,selfies_len_tokens,0.0037377656042174873,0.0016297029702971506
ChemSpacE extreme-SVM,FractionCSP3,15,branch_token_count,-0.01921238816374259,-0.00016237623762376254
ChemSpacE extreme-SVM,FractionCSP3,15,ring_token_count,-0.025380641202184136,-0.0008376237623762377
ChemSpacE extreme-SVM,FractionCSP3,15,token_entropy,-0.501588532735148,-0.0012202768261678433
ChemSpacE extreme-SVM,FractionCSP3,16,selfies_len_tokens,0.0031936708053159823,0.0013960396039604365
ChemSpacE extreme-SVM,FractionCSP3,16,branch_token_count,-0.013819135482758467,-0.0002633663366336637
ChemSpacE extreme-SVM,FractionCSP3,16,ring_token_count,-0.01167212660350985,-0.0008396039603960399
ChemSpacE extreme-SVM,FractionCSP3,16,token_entropy,-0.5214778251854721,-0.0013259296882046489
ChemSpacE extreme-SVM,FractionCSP3,17,selfies_len_tokens,0.00970663900933771,0.0028079207920791737
ChemSpacE extreme-SVM,FractionCSP3,17,branch_token_count,-0.021701652608843644,-0.0008336633663366343
ChemSpacE extreme-SVM,FractionCSP3,17,ring_token_count,-0.029513760485114317,-0.0010990099009900996
ChemSpacE extreme-SVM,FractionCSP3,17,token_entropy,-0.6357699321596859,-0.001561278227309815
ChemSpacE extreme-SVM,FractionCSP3,18,selfies_len_tokens,-0.004406672023898093,-0.0014118811881186073
ChemSpacE extreme-SVM,FractionCSP3,18,branch_token_count,-0.0066472358621182835,-8.910891089108966e-05
ChemSpacE extreme-SVM,FractionCSP3,18,ring_token_count,-0.023014936450982758,-0.000821782178217822
ChemSpacE extreme-SVM,FractionCSP3,18,token_entropy,-0.730690533563946,-0.0013788135070332242
ChemSpacE extreme-SVM,FractionCSP3,19,selfies_len_tokens,-0.0029240516079077727,-0.0011841584158414798
ChemSpacE extreme-SVM,FractionCSP3,19,branch_token_count,-0.01470265476760435,-0.00036831683168316867
ChemSpacE extreme-SVM,FractionCSP3,19,ring_token_count,-0.011496236832579054,-0.0009445544554455449
ChemSpacE extreme-SVM,FractionCSP3,19,token_entropy,-0.594041533129489,-0.0012795164693004066
ChemSpacE extreme-SVM,FractionCSP3,20,selfies_len_tokens,0.004291308930908008,0.0014712871287129092
ChemSpacE extreme-SVM,FractionCSP3,20,branch_token_count,-0.018114105466776394,-0.00038415841584158497
ChemSpacE extreme-SVM,FractionCSP3,20,ring_token_count,-0.030159591658393388,-0.0009623762376237624
ChemSpacE extreme-SVM,FractionCSP3,20,token_entropy,-0.730313146770069,-0.001425964637604041
ChemSpacE extreme-SVM,FractionCSP3,21,selfies_len_tokens,-0.0017650805079333072,-0.0005089108910890034
ChemSpacE extreme-SVM,FractionCSP3,21,branch_token_count,-0.006695589251811747,-0.0001306930693069311
ChemSpacE extreme-SVM,FractionCSP3,21,ring_token_count,-0.010063745629374373,-0.0006970297029702974
ChemSpacE extreme-SVM,FractionCSP3,21,token_entropy,-0.7371137981171471,-0.00033251549524441495
ChemSpacE extreme-SVM,FractionCSP3,22,selfies_len_tokens,0.010760814042379186,0.004299009900990227
ChemSpacE extreme-SVM,FractionCSP3,22,branch_token_count,-0.028511259990976673,-0.0006594059405940602
ChemSpacE extreme-SVM,FractionCSP3,22,ring_token_count,-0.039340219169083195,-0.0016118811881188123
ChemSpacE extreme-SVM,FractionCSP3,22,token_entropy,-0.5994111826809465,-0.0015450083565623598
ChemSpacE extreme-SVM,FractionCSP3,23,selfies_len_tokens,0.010921910171806049,0.004837623762376316
ChemSpacE extreme-SVM,FractionCSP3,23,branch_token_count,-0.015649489960200817,-0.0003663366336633666
ChemSpacE extreme-SVM,FractionCSP3,23,ring_token_count,-0.032467561989290954,-0.0008336633663366338
ChemSpacE extreme-SVM,FractionCSP3,23,token_entropy,-0.7406959343559917,-0.0009360814853645772
ChemSpacE extreme-SVM,FractionCSP3,24,selfies_len_tokens,0.01602151505261383,0.006599999999999978
ChemSpacE extreme-SVM,FractionCSP3,24,branch_token_count,-0.01909652905339242,-0.0002514851485148516
ChemSpacE extreme-SVM,FractionCSP3,24,ring_token_count,-0.02339266292340489,-0.0006574257425742574
ChemSpacE extreme-SVM,FractionCSP3,24,token_entropy,-0.7592959446875583,-0.0006826699953852518
ChemSpacE extreme-SVM,FractionCSP3,25,selfies_len_tokens,-0.0024030614144152254,-0.000590099009900867
ChemSpacE extreme-SVM,FractionCSP3,25,branch_token_count,-0.006975136212604942,-0.00012673267326732737
ChemSpacE extreme-SVM,FractionCSP3,25,ring_token_count,-0.016283528560160545,-0.0005425742574257429
ChemSpacE extreme-SVM,FractionCSP3,25,token_entropy,-0.6182188317820643,-0.0014620554023409558
ChemSpacE extreme-SVM,FractionCSP3,26,selfies_len_tokens,0.00389230741406625,0.0014910891089109232
ChemSpacE extreme-SVM,FractionCSP3,26,branch_token_count,-0.006922244018864287,-0.0001227722772277231
ChemSpacE extreme-SVM,FractionCSP3,26,ring_token_count,-0.01521993355509787,-0.0006455445544554455
ChemSpacE extreme-SVM,FractionCSP3,26,token_entropy,-0.3321824066039416,-0.0010512560212487686
ChemSpacE extreme-SVM,FractionCSP3,27,selfies_len_tokens,0.011557760776687371,0.004510891089108989
ChemSpacE extreme-SVM,FractionCSP3,27,branch_token_count,-0.01306883471471537,-0.0003306930693069312
ChemSpacE extreme-SVM,FractionCSP3,27,ring_token_count,-0.035614588383028244,-0.001110891089108911
ChemSpacE extreme-SVM,FractionCSP3,27,token_entropy,-0.7540251461501158,-0.0010493082584438662
ChemSpacE extreme-SVM,FractionCSP3,28,selfies_len_tokens,0.017209849105690914,0.007435643564356535
ChemSpacE extreme-SVM,FractionCSP3,28,branch_token_count,-0.02918862697609034,-0.0003940594059405942
ChemSpacE extreme-SVM,FractionCSP3,28,ring_token_count,-0.044359863935483385,-0.0008475247524752475
ChemSpacE extreme-SVM,FractionCSP3,28,token_entropy,-0.7486224841201514,-0.0013002067900983367
ChemSpacE extreme-SVM,FractionCSP3,29,selfies_len_tokens,0.003872243995659694,0.001415841584158418
ChemSpacE extreme-SVM,FractionCSP3,29,branch_token_count,-0.009120428497523364,-0.00020000000000000012
ChemSpacE extreme-SVM,FractionCSP3,29,ring_token_count,-0.02796025576458601,-0.0007663366336633662
ChemSpacE extreme-SVM,FractionCSP3,29,token_entropy,-0.7328224224715222,-0.00043672129831217764
ChemSpacE extreme-SVM,FractionCSP3,30,selfies_len_tokens,-0.010125538347065003,-0.0041089108910889295
ChemSpacE extreme-SVM,FractionCSP3,30,branch_token_count,0.007729344025718936,0.00020198019801980136
ChemSpacE extreme-SVM,FractionCSP3,30,ring_token_count,0.002115628196308913,-0.0006772277227722772
ChemSpacE extreme-SVM,FractionCSP3,30,token_entropy,-0.6974808561277736,-0.0013577864747110026
ChemSpacE extreme-SVM,FractionCSP3,31,selfies_len_tokens,0.010217653731107806,0.004370297029703051
ChemSpacE extreme-SVM,FractionCSP3,31,branch_token_count,-0.01993307844621045,-0.0006138613861386144
ChemSpacE extreme-SVM,FractionCSP3,31,ring_token_count,-0.027039757419725304,-0.0006574257425742573
ChemSpacE extreme-SVM,FractionCSP3,31,token_entropy,-0.7549414592931021,-0.0006745636998804533
ChemSpacE extreme-SVM,FractionCSP3,32,selfies_len_tokens,0.011568566716839777,0.0052514851485148655
ChemSpacE extreme-SVM,FractionCSP3,32,branch_token_count,-0.022628656471238986,-0.0004059405940594061
ChemSpacE extreme-SVM,FractionCSP3,32,ring_token_count,-0.018215083100293485,-0.0007683168316831684
ChemSpacE extreme-SVM,FractionCSP3,32,token_entropy,-0.5332654940690118,-0.0012371560922814137
ChemSpacE extreme-SVM,FractionCSP3,33,selfies_len_tokens,0.010664813682659985,0.004653465346534702
ChemSpacE extreme-SVM,FractionCSP3,33,branch_token_count,-0.01573349298518575,-0.00022574257425742579
ChemSpacE extreme-SVM,FractionCSP3,33,ring_token_count,-0.027056508587151046,-0.0006455445544554455
ChemSpacE extreme-SVM,FractionCSP3,33,token_entropy,-0.7416326423161606,-0.00045710725024293136
ChemSpacE extreme-SVM,FractionCSP3,34,selfies_len_tokens,-0.006600154017678233,-0.001891089108910947
ChemSpacE extreme-SVM,FractionCSP3,34,branch_token_count,-0.012614580438201278,-0.00022376237623762446
ChemSpacE extreme-SVM,FractionCSP3,34,ring_token_count,-0.022622690624151474,-0.0009980198019801981
ChemSpacE extreme-SVM,FractionCSP3,34,token_entropy,-0.748949268717227,-0.0009015361555709704
ChemSpacE extreme-SVM,FractionCSP3,35,selfies_len_tokens,-0.0017649807454771706,-0.00044752475247521867
ChemSpacE extreme-SVM,FractionCSP3,35,branch_token_count,-0.013657811680586399,-0.0003326732673267332
ChemSpacE extreme-SVM,FractionCSP3,35,ring_token_count,-0.01783528815416485,-0.0009009900990099009
ChemSpacE extreme-SVM,FractionCSP3,35,token_entropy,-0.5993151960413261,-0.0013519793913049625
ChemSpacE extreme-SVM,FractionCSP3,36,selfies_len_tokens,0.004076843892715945,0.0018871287128714288
ChemSpacE extreme-SVM,FractionCSP3,36,branch_token_count,-0.007076237700461149,-0.00020396039603960432
ChemSpacE extreme-SVM,FractionCSP3,36,ring_token_count,-0.017506598312227315,-0.0008831683168316834
ChemSpacE extreme-SVM,FractionCSP3,36,token_entropy,-0.7501099457489936,-0.0013206268161739566
ChemSpacE extreme-SVM,FractionCSP3,37,selfies_len_tokens,0.009856712147383656,0.0042712871287129165
ChemSpacE extreme-SVM,FractionCSP3,37,branch_token_count,-0.027964742262877044,-0.000532673267326733
ChemSpacE extreme-SVM,FractionCSP3,37,ring_token_count,-0.048030344760984445,-0.00205940594059406
ChemSpacE extreme-SVM,FractionCSP3,37,token_entropy,-0.6065492510958391,-0.0015562380700040036
ChemSpacE extreme-SVM,FractionCSP3,38,selfies_len_tokens,0.0032144913472367705,0.0016574257425743637
ChemSpacE extreme-SVM,FractionCSP3,38,branch_token_count,-0.02082652400253209,-0.0004514851485148516
ChemSpacE extreme-SVM,FractionCSP3,38,ring_token_count,-0.01816339524018019,-0.0008099009900990102
ChemSpacE extreme-SVM,FractionCSP3,38,token_entropy,-0.7408802123858463,-0.000953702433420782
ChemSpacE extreme-SVM,FractionCSP3,39,selfies_len_tokens,0.016830953215154,0.007627722772277219
ChemSpacE extreme-SVM,FractionCSP3,39,branch_token_count,-0.021543071371354635,-0.0004178217821782181
ChemSpacE extreme-SVM,FractionCSP3,39,ring_token_count,-0.023377877357386414,-0.0005386138613861387
ChemSpacE extreme-SVM,FractionCSP3,39,token_entropy,-0.7426213171629683,-0.0003872801536110878
ChemSpacE extreme-SVM,FractionCSP3,40,selfies_len_tokens,0.01682053637775997,0.007477227722772241
ChemSpacE extreme-SVM,FractionCSP3,40,branch_token_count,-0.02570217682612143,-0.0004534653465346536
ChemSpacE extreme-SVM,FractionCSP3,40,ring_token_count,-0.0235288470380707,-0.0007247524752475249
ChemSpacE extreme-SVM,FractionCSP3,40,token_entropy,-0.743362231522167,-0.00043465635115779247
ChemSpacE extreme-SVM,FractionCSP3,41,selfies_len_tokens,0.003317657295950173,0.0016356435643565743
ChemSpacE extreme-SVM,FractionCSP3,41,branch_token_count,-0.013708226967092133,-0.0002970297029702975
ChemSpacE extreme-SVM,FractionCSP3,41,ring_token_count,-0.028472532242857326,-0.0010475247524752477
ChemSpacE extreme-SVM,FractionCSP3,41,token_entropy,-0.7484666640257218,-0.0011507376088499763
ChemSpacE extreme-SVM,FractionCSP3,42,selfies_len_tokens,0.009856712147383656,0.004182178217821821
ChemSpacE extreme-SVM,FractionCSP3,42,branch_token_count,-0.02667475982889703,-0.0005049504950495055
ChemSpacE extreme-SVM,FractionCSP3,42,ring_token_count,-0.03191943797506071,-0.00147920792079208
ChemSpacE extreme-SVM,FractionCSP3,42,token_entropy,-0.7450813018237958,-0.0015211753760656496
ChemSpacE extreme-SVM,FractionCSP3,43,selfies_len_tokens,0.016943019398282255,0.0073960396039604425
ChemSpacE extreme-SVM,FractionCSP3,43,branch_token_count,-0.02612851828944513,-0.0004316831683168318
ChemSpacE extreme-SVM,FractionCSP3,43,ring_token_count,-0.02335343400808632,-0.0007841584158415842
ChemSpacE extreme-SVM,FractionCSP3,43,token_entropy,-0.7469940911801118,-0.0004944101311210702
ChemSpacE extreme-SVM,FractionCSP3,44,selfies_len_tokens,-0.002084070961174266,-0.0003564356435643156
ChemSpacE extreme-SVM,FractionCSP3,44,branch_token_count,-0.013239255825741912,-0.00043762376237623847
ChemSpacE extreme-SVM,FractionCSP3,44,ring_token_count,-0.018004687050238256,-0.000821782178217822
ChemSpacE extreme-SVM,FractionCSP3,44,token_entropy,-0.7348478529628962,-0.0004869142381305368
ChemSpacE extreme-SVM,FractionCSP3,45,selfies_len_tokens,0.015864565273539848,0.006245544554455504
ChemSpacE extreme-SVM,FractionCSP3,45,branch_token_count,-0.024827856379871453,-0.000423762376237624
ChemSpacE extreme-SVM,FractionCSP3,45,ring_token_count,-0.030576865461242487,-0.0011801980198019805
ChemSpacE extreme-SVM,FractionCSP3,45,token_entropy,-0.7659908402015447,-0.0012631558397615168
ChemSpacE extreme-SVM,FractionCSP3,46,selfies_len_tokens,0.016419326071426255,0.006992079207920932
ChemSpacE extreme-SVM,FractionCSP3,46,branch_token_count,-0.02730702686840922,-0.0007762376237623769
ChemSpacE extreme-SVM,FractionCSP3,46,ring_token_count,-0.0318320158302058,-0.0010970297029702972
ChemSpacE extreme-SVM,FractionCSP3,46,token_entropy,-0.7522274945623059,-0.0012109564717552013
ChemSpacE extreme-SVM,FractionCSP3,47,selfies_len_tokens,0.004056269993890073,0.0018138613861387318
ChemSpacE extreme-SVM,FractionCSP3,47,branch_token_count,-0.007990085090159606,-0.0002871287128712877
ChemSpacE extreme-SVM,FractionCSP3,47,ring_token_count,-0.012298170838890659,-0.0008772277227722772
ChemSpacE extreme-SVM,FractionCSP3,47,token_entropy,-0.542668355863534,-0.0013502793718084766
ChemSpacE extreme-SVM,FractionCSP3,48,selfies_len_tokens,0.010901746344863362,0.004788118811881281
ChemSpacE extreme-SVM,FractionCSP3,48,branch_token_count,-0.027878886077647578,-0.00042178217821782206
ChemSpacE extreme-SVM,FractionCSP3,48,ring_token_count,-0.018144099421259715,-0.0008039603960396043
ChemSpacE extreme-SVM,FractionCSP3,48,token_entropy,-0.4591531491001509,-0.0013859131804187213
ChemSpacE extreme-SVM,FractionCSP3,49,selfies_len_tokens,0.016377964295370057,0.006687128712871428
ChemSpacE extreme-SVM,FractionCSP3,49,branch_token_count,-0.027730556493998484,-0.0005346534653465351
ChemSpacE extreme-SVM,FractionCSP3,49,ring_token_count,-0.049760697354521585,-0.0015960396039603963
ChemSpacE extreme-SVM,FractionCSP3,49,token_entropy,-0.6512784335492263,-0.0015603392940241965
ChemSpacE extreme-SVM,HBA,0,selfies_len_tokens,0.12800538012805068,0.07831485148514838
ChemSpacE extreme-SVM,HBA,0,branch_token_count,0.02236812678689494,0.0008316831683168308
ChemSpacE extreme-SVM,HBA,0,ring_token_count,-0.034194977693230405,0.0005287128712871279
ChemSpacE extreme-SVM,HBA,0,token_entropy,0.3187116203527007,0.0009184342822175789
ChemSpacE extreme-SVM,HBA,1,selfies_len_tokens,0.1440573993653568,0.09520000000000012
ChemSpacE extreme-SVM,HBA,1,branch_token_count,0.038501422283951106,0.0006257425742574251
ChemSpacE extreme-SVM,HBA,1,ring_token_count,0.013252590057760003,0.0005742574257425739
ChemSpacE extreme-SVM,HBA,1,token_entropy,0.19641762477558097,0.0005064040738473194
ChemSpacE extreme-SVM,HBA,2,selfies_len_tokens,0.09704558664833815,0.061497029702970274
ChemSpacE extreme-SVM,HBA,2,branch_token_count,0.05607870940442472,0.0009702970297029696
ChemSpacE extreme-SVM,HBA,2,ring_token_count,0.005512369483077151,0.0007524752475247522
ChemSpacE extreme-SVM,HBA,2,token_entropy,0.16937404637363696,0.00046801393952400485
ChemSpacE extreme-SVM,HBA,3,selfies_len_tokens,0.14687489394372097,0.09227326732673265
ChemSpacE extreme-SVM,HBA,3,branch_token_count,0.017084432067507902,0.0009188118811881174
ChemSpacE extreme-SVM,HBA,3,ring_token_count,-0.11268210775519494,-0.0009207920792079215
ChemSpacE extreme-SVM,HBA,3,token_entropy,0.49830138821041653,0.0021495378817295145
ChemSpacE extreme-SVM,HBA,4,selfies_len_tokens,0.16294346247322414,0.10771683168316834
ChemSpacE extreme-SVM,HBA,4,branch_token_count,0.028667527427272348,0.000790099009900989
ChemSpacE extreme-SVM,HBA,4,ring_token_count,0.005322117348610515,0.000734653465346534
ChemSpacE extreme-SVM,HBA,4,token_entropy,0.0632161314684778,0.00018245775969321555
ChemSpacE extreme-SVM,HBA,5,selfies_len_tokens,0.1003056933898715,0.051875247524752484
ChemSpacE extreme-SVM,HBA,5,branch_token_count,0.0169428387030379,0.0006039603960396028
ChemSpacE extreme-SVM,HBA,5,ring_token_count,-0.03659293117024046,0.0003544554455445531
ChemSpacE extreme-SVM,HBA,5,token_entropy,0.16863364268666275,0.00042225385162203
ChemSpacE extreme-SVM,HBA,6,selfies_len_tokens,0.16305126696378613,0.10546138613861389
ChemSpacE extreme-SVM,HBA,6,branch_token_count,0.029104535114237946,0.00040198019801980137
ChemSpacE extreme-SVM,HBA,6,ring_token_count,-0.002357229917273622,0.0006336633663366329
ChemSpacE extreme-SVM,HBA,6,token_entropy,0.14026151373513218,0.00028008722886270856
ChemSpacE extreme-SVM,HBA,7,selfies_len_tokens,0.1427461666079518,0.0945069306930694
ChemSpacE extreme-SVM,HBA,7,branch_token_count,0.04774892873519593,0.0011029702970297023
ChemSpacE extreme-SVM,HBA,7,ring_token_count,-0.04412603927912744,0.000546534653465346
ChemSpacE extreme-SVM,HBA,7,token_entropy,0.17438818048066226,0.0005499695879398304
ChemSpacE extreme-SVM,HBA,8,selfies_len_tokens,0.11388981573172657,0.06804356435643559
ChemSpacE extreme-SVM,HBA,8,branch_token_count,0.022067968666548334,0.0007306930693069298
ChemSpacE extreme-SVM,HBA,8,ring_token_count,-0.04509021715753343,0.00031683168316831603
ChemSpacE extreme-SVM,HBA,8,token_entropy,0.13545505989580703,0.00046088752987162384
ChemSpacE extreme-SVM,HBA,9,selfies_len_tokens,0.15691975371745093,0.10775643564356452
ChemSpacE extreme-SVM,HBA,9,branch_token_count,0.031819454216891335,0.0008415841584158408
ChemSpacE extreme-SVM,HBA,9,ring_token_count,0.028020370681352904,0.0005841584158415838
ChemSpacE extreme-SVM,HBA,9,token_entropy,0.10394443059427942,0.0003807337894024498
ChemSpacE extreme-SVM,HBA,10,selfies_len_tokens,0.13521955295721566,0.08268910891089107
ChemSpacE extreme-SVM,HBA,10,branch_token_count,0.02391396017252288,0.001065346534653464
ChemSpacE extreme-SVM,HBA,10,ring_token_count,-0.006415056161747041,0.00036237623762376184
ChemSpacE extreme-SVM,HBA,10,token_entropy,0.20463311378567636,0.0004043720115785344
ChemSpacE extreme-SVM,HBA,11,selfies_len_tokens,0.12831470435209774,0.08414257425742563
ChemSpacE extreme-SVM,HBA,11,branch_token_count,0.050423657804623344,0.0008574257425742567
ChemSpacE extreme-SVM,HBA,11,ring_token_count,0.04421533353110888,0.0008019801980198016
ChemSpacE extreme-SVM,HBA,11,token_entropy,0.1586307132932148,0.00044860333030581677
ChemSpacE extreme-SVM,HBA,12,selfies_len_tokens,0.13251852102118322,0.07963366336633661
ChemSpacE extreme-SVM,HBA,12,branch_token_count,0.021525795092039206,0.0008158415841584148
ChemSpacE extreme-SVM,HBA,12,ring_token_count,-0.10754541629599688,-0.00235841584158416
ChemSpacE extreme-SVM,HBA,12,token_entropy,-0.001638087756174357,-3.4862247233553264e-05
ChemSpacE extreme-SVM,HBA,13,selfies_len_tokens,0.16561283618353992,0.11940198019801986
ChemSpacE extreme-SVM,HBA,13,branch_token_count,0.03523245007667929,0.0008871287128712864
ChemSpacE extreme-SVM,HBA,13,ring_token_count,0.03565531993291416,0.0005168316831683164
ChemSpacE extreme-SVM,HBA,13,token_entropy,0.6317485051380769,0.003345044701430173
ChemSpacE extreme-SVM,HBA,14,selfies_len_tokens,0.1823940990390339,0.12717227722772273
ChemSpacE extreme-SVM,HBA,14,branch_token_count,0.034020425970198526,0.0005881188118811874
ChemSpacE extreme-SVM,HBA,14,ring_token_count,0.026094156569702594,0.0005267326732673261
ChemSpacE extreme-SVM,HBA,14,token_entropy,0.21154753598709156,0.0005208669125158032
ChemSpacE extreme-SVM,HBA,15,selfies_len_tokens,0.14233942829650276,0.09179207920792079
ChemSpacE extreme-SVM,HBA,15,branch_token_count,0.02660480637434998,0.000532673267326732
ChemSpacE extreme-SVM,HBA,15,ring_token_count,-0.0024456539045681256,0.0006099009900990093
ChemSpacE extreme-SVM,HBA,15,token_entropy,0.040461699951406305,0.00023160792771163816
ChemSpacE extreme-SVM,HBA,16,selfies_len_tokens,0.1612681391360608,0.10482772277227723
ChemSpacE extreme-SVM,HBA,16,branch_token_count,0.026953423713520965,0.0006732673267326725
ChemSpacE extreme-SVM,HBA,16,ring_token_count,-0.13968973901465973,-0.0016851485148514861
ChemSpacE extreme-SVM,HBA,16,token_entropy,-0.0053976896878334575,-9.118430669940887e-06
ChemSpacE extreme-SVM,HBA,17,selfies_len_tokens,0.10365564070690658,0.04868514851485149
ChemSpacE extreme-SVM,HBA,17,branch_token_count,0.014592628802154445,0.000667326732673266
ChemSpacE extreme-SVM,HBA,17,ring_token_count,-0.004009223015035053,0.0003643564356435635
ChemSpacE extreme-SVM,HBA,17,token_entropy,0.0705763243309414,0.00019285812120185678
ChemSpacE extreme-SVM,HBA,18,selfies_len_tokens,0.1555119250396633,0.09720198019801984
ChemSpacE extreme-SVM,HBA,18,branch_token_count,0.00988251513767191,0.0006217821782178208
ChemSpacE extreme-SVM,HBA,18,ring_token_count,-0.11583407473112776,-0.0005326732673267334
ChemSpacE extreme-SVM,HBA,18,token_entropy,0.01389950550811964,4.851859248687515e-05
ChemSpacE extreme-SVM,HBA,19,selfies_len_tokens,0.13468376361972725,0.08412673267326722
ChemSpacE extreme-SVM,HBA,19,branch_token_count,0.02734682674208123,0.0008732673267326723
ChemSpacE extreme-SVM,HBA,19,ring_token_count,-0.07528393952811416,0.00015049504950494935
ChemSpacE extreme-SVM,HBA,19,token_entropy,0.09819631565864366,0.00012800597249913875
ChemSpacE extreme-SVM,HBA,20,selfies_len_tokens,0.12291991992975507,0.06554653465346531
ChemSpacE extreme-SVM,HBA,20,branch_token_count,0.009784471729121703,0.0007801980198019789
ChemSpacE extreme-SVM,HBA,20,ring_token_count,-0.0262470709304433,0.0001326732673267319
ChemSpacE extreme-SVM,HBA,20,token_entropy,0.19451079778424382,0.0004384776333889061
ChemSpacE extreme-SVM,HBA,21,selfies_len_tokens,0.1320007589437268,0.07576435643564351
ChemSpacE extreme-SVM,HBA,21,branch_token_count,0.021053562861861632,0.0005643564356435636
ChemSpacE extreme-SVM,HBA,21,ring_token_count,-0.10985801903236,-0.003200000000000002
ChemSpacE extreme-SVM,HBA,21,token_entropy,0.30182084666046605,0.0012699458336299038
ChemSpacE extreme-SVM,HBA,22,selfies_len_tokens,0.12183567478390485,0.0736079207920791
ChemSpacE extreme-SVM,HBA,22,branch_token_count,0.029062893016705418,0.0009544554455445532
ChemSpacE extreme-SVM,HBA,22,ring_token_count,-0.04503969744058382,0.0002653465346534645
ChemSpacE extreme-SVM,HBA,22,token_entropy,0.16904493704008863,0.0005236012305218783
ChemSpacE extreme-SVM,HBA,23,selfies_len_tokens,0.12902966645890923,0.08291287128712868
ChemSpacE extreme-SVM,HBA,23,branch_token_count,0.03856485587584646,0.0006831683168316824
ChemSpacE extreme-SVM,HBA,23,ring_token_count,0.025798368247030842,0.0005801980198019797
ChemSpacE extreme-SVM,HBA,23,token_entropy,0.19812423565307197,0.0005370658495806987
ChemSpacE extreme-SVM,HBA,24,selfies_len_tokens,0.10119283386078413,0.06174455445544542
ChemSpacE extreme-SVM,HBA,24,branch_token_count,0.06013639115718621,0.0011346534653465339
ChemSpacE extreme-SVM,HBA,24,ring_token_count,0.03192799000036919,0.0006198019801980193
ChemSpacE extreme-SVM,HBA,24,token_entropy,0.20874629753642646,0.0006060493299804256
ChemSpacE extreme-SVM,HBA,25,selfies_len_tokens,0.1616864787170095,0.10064158415841594
ChemSpacE extreme-SVM,HBA,25,branch_token_count,0.015696256895849265,0.0007247524752475239
ChemSpacE extreme-SVM,HBA,25,ring_token_count,-0.11712061712494713,-0.0009188118811881198
ChemSpacE extreme-SVM,HBA,25,token_entropy,0.36210622231169104,0.0013939605371315706
ChemSpacE extreme-SVM,HBA,26,selfies_len_tokens,0.15099304758690898,0.10095247524752476
ChemSpacE extreme-SVM,HBA,26,branch_token_count,0.041522255116042094,0.0007643564356435636
ChemSpacE extreme-SVM,HBA,26,ring_token_count,-0.057652732157170365,0.0001306930693069301
ChemSpacE extreme-SVM,HBA,26,token_entropy,0.07373490687008113,9.031679051952044e-05
ChemSpacE extreme-SVM,HBA,27,selfies_len_tokens,0.10728516499361686,0.06186732673267318
ChemSpacE extreme-SVM,HBA,27,branch_token_count,0.030078774992602947,0.0012653465346534644
ChemSpacE extreme-SVM,HBA,27,ring_token_count,-0.027594686357644786,0.00044356435643564285
ChemSpacE extreme-SVM,HBA,27,token_entropy,0.1293807167089989,0.0003545980140643902
ChemSpacE extreme-SVM,HBA,28,selfies_len_tokens,0.1134835144213638,0.07261980198019806
ChemSpacE extreme-SVM,HBA,28,branch_token_count,0.04220153671282651,0.0005702970297029697
ChemSpacE extreme-SVM,HBA,28,ring_token_count,0.04391479593476385,0.000655445544554455
ChemSpacE extreme-SVM,HBA,28,token_entropy,0.29695051857594684,0.000888331137557292
ChemSpacE extreme-SVM,HBA,29,selfies_len_tokens,0.15652256468562356,0.10597227722772279
ChemSpacE extreme-SVM,HBA,29,branch_token_count,0.04290669487049276,0.0008495049504950488
ChemSpacE extreme-SVM,HBA,29,ring_token_count,0.016713009231100723,0.0007049504950495044
ChemSpacE extreme-SVM,HBA,29,token_entropy,0.2944637390780961,0.0008570270122641279
ChemSpacE extreme-SVM,HBA,30,selfies_len_tokens,0.15571811496451488,0.1038633663366336
ChemSpacE extreme-SVM,HBA,30,branch_token_count,0.034398859178363446,0.0012336633663366325
ChemSpacE extreme-SVM,HBA,30,ring_token_count,-0.12009473054431782,-0.0004950495049504962
ChemSpacE extreme-SVM,HBA,30,token_entropy,0.044883914889896646,0.00011301627338178393
ChemSpacE extreme-SVM,HBA,31,selfies_len_tokens,0.11449542306479271,0.0699643564356436
ChemSpacE extreme-SVM,HBA,31,branch_token_count,0.059498455338393215,0.002136633663366335
ChemSpacE extreme-SVM,HBA,31,ring_token_count,-0.002927785113421281,0.0002217821782178214
ChemSpacE extreme-SVM,HBA,31,token_entropy,0.3928877703765161,0.0015762367113001847
ChemSpacE extreme-SVM,HBA,32,selfies_len_tokens,0.17203438244481498,0.12123762376237632
ChemSpacE extreme-SVM,HBA,32,branch_token_count,0.026986846583301315,0.0006217821782178212
ChemSpacE extreme-SVM,HBA,32,ring_token_count,0.03227211125546453,0.0006772277227722767
ChemSpacE extreme-SVM,HBA,32,token_entropy,0.17644045752187779,0.0005070635615749734
ChemSpacE extreme-SVM,HBA,33,selfies_len_tokens,0.15349575161999743,0.10657227722772279
ChemSpacE extreme-SVM,HBA,33,branch_token_count,0.04710863065724843,0.0007702970297029699
ChemSpacE extreme-SVM,HBA,33,ring_token_count,0.03998428054774772,0.0007584158415841581
ChemSpacE extreme-SVM,HBA,33,token_entropy,0.6204953166568045,0.0024042099498109725
ChemSpacE extreme-SVM,HBA,34,selfies_len_tokens,0.10852609790624466,0.05633465346534644
ChemSpacE extreme-SVM,HBA,34,branch_token_count,0.02303075827632711,0.0009425742574257413
ChemSpacE extreme-SVM,HBA,34,ring_token_count,-0.04347022634827956,-0.00017821782178217924
ChemSpacE extreme-SVM,HBA,34,token_entropy,0.149804866718726,0.00034430275392093875
ChemSpacE extreme-SVM,HBA,35,selfies_len_tokens,0.13434357580048908,0.07976039603960387
ChemSpacE extreme-SVM,HBA,35,branch_token_count,0.015527031062346451,0.0006376237623762367
ChemSpacE extreme-SVM,HBA,35,ring_token_count,-0.029239541654796395,0.0005267326732673259
ChemSpacE extreme-SVM,HBA,35,token_entropy,0.02581375132649304,0.000131486232814608
ChemSpacE extreme-SVM,HBA,36,selfies_len_tokens,0.15701222052945782,0.10282178217821772
ChemSpacE extreme-SVM,HBA,36,branch_token_count,0.026804568513525185,0.000728712871287128
ChemSpacE extreme-SVM,HBA,36,ring_token_count,-0.11392025538258713,-0.0003089108910891102
ChemSpacE extreme-SVM,HBA,36,token_entropy,0.08565642867800065,0.0003677077844260486
ChemSpacE extreme-SVM,HBA,37,selfies_len_tokens,0.13442175518175506,0.08319207920792063
ChemSpacE extreme-SVM,HBA,37,branch_token_count,0.040397483769446046,0.0005980198019801973
ChemSpacE extreme-SVM,HBA,37,ring_token_count,-0.08342586937245111,-0.0002990099009901002
ChemSpacE extreme-SVM,HBA,37,token_entropy,0.034916766964738166,0.00012272565688496706
ChemSpacE extreme-SVM,HBA,38,selfies_len_tokens,0.14297506253381895,0.09212475247524751
ChemSpacE extreme-SVM,HBA,38,branch_token_count,0.035983455246360645,0.0006099009900990091
ChemSpacE extreme-SVM,HBA,38,ring_token_count,-0.07580222626054185,0.00026732673267326626
ChemSpacE extreme-SVM,HBA,38,token_entropy,0.139470831266215,0.0004265289557957521
ChemSpacE extreme-SVM,HBA,39,selfies_len_tokens,0.15138247031275281,0.10296039603960407
ChemSpacE extreme-SVM,HBA,39,branch_token_count,0.0787164437763771,0.001528712871287128
ChemSpacE extreme-SVM,HBA,39,ring_token_count,0.027645839280883128,0.0005207920792079205
ChemSpacE extreme-SVM,HBA,39,token_entropy,0.1950244313177106,0.0005843012333421007
ChemSpacE extreme-SVM,HBA,40,selfies_len_tokens,0.11374860459581529,0.0712772277227722
ChemSpacE extreme-SVM,HBA,40,branch_token_count,0.061074506886234496,0.001704950495049504
ChemSpacE extreme-SVM,HBA,40,ring_token_count,0.025784015872280644,0.0008198019801980193
ChemSpacE extreme-SVM,HBA,40,token_entropy,0.16491613127878305,0.00034285400975045285
ChemSpacE extreme-SVM,HBA,41,selfies_len_tokens,0.1426286522445439,0.09042772277227715
ChemSpacE extreme-SVM,HBA,41,branch_token_count,0.04697755878738185,0.001178217821782177
ChemSpacE extreme-SVM,HBA,41,ring_token_count,0.011071338088151335,0.0006376237623762369
ChemSpacE extreme-SVM,HBA,41,token_entropy,0.2531995521809799,0.0007959977358663768
ChemSpacE extreme-SVM,HBA,42,selfies_len_tokens,0.11563085342478055,0.06973663366336628
ChemSpacE extreme-SVM,HBA,42,branch_token_count,0.021719587833714485,0.0007524752475247516
ChemSpacE extreme-SVM,HBA,42,ring_token_count,0.003580895109319224,0.000526732673267326
ChemSpacE extreme-SVM,HBA,42,token_entropy,0.1818686684519312,0.0004001444557598388
ChemSpacE extreme-SVM,HBA,43,selfies_len_tokens,0.12836885425264616,0.08276039603960386
ChemSpacE extreme-SVM,HBA,43,branch_token_count,0.02629470322055922,0.0006495049504950486
ChemSpacE extreme-SVM,HBA,43,ring_token_count,0.0026766601492165033,0.0003841584158415838
ChemSpacE extreme-SVM,HBA,43,token_entropy,0.2885178633008157,0.0009481054117060603
ChemSpacE extreme-SVM,HBA,44,selfies_len_tokens,0.10775034770082793,0.055160396039603855
ChemSpacE extreme-SVM,HBA,44,branch_token_count,0.022739350267840873,0.0010871287128712856
ChemSpacE extreme-SVM,HBA,44,ring_token_count,-0.010688736632124884,0.0003029702970297023
ChemSpacE extreme-SVM,HBA,44,token_entropy,0.15316038586840386,0.00039676299079263814
ChemSpacE extreme-SVM,HBA,45,selfies_len_tokens,0.13128880753142447,0.0804039603960395
ChemSpacE extreme-SVM,HBA,45,branch_token_count,0.0574366949712739,0.000821782178217821
ChemSpacE extreme-SVM,HBA,45,ring_token_count,0.010444926079039527,0.0006851485148514843
ChemSpacE extreme-SVM,HBA,45,token_entropy,0.12609560290570404,0.00032262089740144495
ChemSpacE extreme-SVM,HBA,46,selfies_len_tokens,0.11989008339750547,0.07175247524752465
ChemSpacE extreme-SVM,HBA,46,branch_token_count,0.02878523136135051,0.0009999999999999987
ChemSpacE extreme-SVM,HBA,46,ring_token_count,-0.01797788554653303,0.00025940594059405884
ChemSpacE extreme-SVM,HBA,46,token_entropy,0.1776140811629553,0.00035731376928434515
ChemSpacE extreme-SVM,HBA,47,selfies_len_tokens,0.14716222500409404,0.08992475247524757
ChemSpacE extreme-SVM,HBA,47,branch_token_count,0.04395983255384473,0.0011188118811881176
ChemSpacE extreme-SVM,HBA,47,ring_token_count,-0.0030815560104717806,0.0005623762376237616
ChemSpacE extreme-SVM,HBA,47,token_entropy,0.09516128735129128,0.00031779455594668467
ChemSpacE extreme-SVM,HBA,48,selfies_len_tokens,0.12939456771804242,0.08062970297029697
ChemSpacE extreme-SVM,HBA,48,branch_token_count,0.026348115001278885,0.0005564356435643558
ChemSpacE extreme-SVM,HBA,48,ring_token_count,0.022560878157471705,0.0008514851485148508
ChemSpacE extreme-SVM,HBA,48,token_entropy,0.4552533313259366,0.0017243452637501348
ChemSpacE extreme-SVM,HBA,49,selfies_len_tokens,0.12952893966561915,0.08143366336633655
ChemSpacE extreme-SVM,HBA,49,branch_token_count,0.043191318184069426,0.0005881188118811874
ChemSpacE extreme-SVM,HBA,49,ring_token_count,-0.026275096886383357,0.000631683168316831
ChemSpacE extreme-SVM,HBA,49,token_entropy,0.07648271194429325,0.00019704294231112963
ChemSpacE extreme-SVM,TPSA,0,selfies_len_tokens,0.06042953453088237,0.03555643564356439
ChemSpacE extreme-SVM,TPSA,0,branch_token_count,0.04866326052528357,0.002348514851485147
ChemSpacE extreme-SVM,TPSA,0,ring_token_count,0.019869635965013385,0.0008950495049504942
ChemSpacE extreme-SVM,TPSA,0,token_entropy,0.29147441710439115,0.0011942695255137408
ChemSpacE extreme-SVM,TPSA,1,selfies_len_tokens,0.04959014092042849,0.028724752475247518
ChemSpacE extreme-SVM,TPSA,1,branch_token_count,0.06908542185649351,0.001704950495049504
ChemSpacE extreme-SVM,TPSA,1,ring_token_count,0.027263050736993973,0.0004376237623762372
ChemSpacE extreme-SVM,TPSA,1,token_entropy,0.5073454244277785,0.002061839755259202
ChemSpacE extreme-SVM,TPSA,2,selfies_len_tokens,0.026583981281689928,0.016845544554455496
ChemSpacE extreme-SVM,TPSA,2,branch_token_count,0.11194950898440939,0.0037683168316831675
ChemSpacE extreme-SVM,TPSA,2,ring_token_count,0.05166582577934758,0.000857425742574257
ChemSpacE extreme-SVM,TPSA,2,token_entropy,0.6927022281608394,0.0027014130742397707
ChemSpacE extreme-SVM,TPSA,3,selfies_len_tokens,0.0662315572281374,0.039435643564356394
ChemSpacE extreme-SVM,TPSA,3,branch_token_count,0.04711548035725164,0.002584158415841583
ChemSpacE extreme-SVM,TPSA,3,ring_token_count,0.011409734160020276,0.00043960396039603906
ChemSpacE extreme-SVM,TPSA,3,token_entropy,0.09436174520561921,0.00029241189024389576
ChemSpacE extreme-SVM,TPSA,4,selfies_len_tokens,0.0640153851082189,0.036649504950495126
ChemSpacE extreme-SVM,TPSA,4,branch_token_count,0.06976899522274671,0.0022118811881188106
ChemSpacE extreme-SVM,TPSA,4,ring_token_count,0.024440818888865526,0.0006415841584158409
ChemSpacE extreme-SVM,TPSA,4,token_entropy,0.06404469978036308,0.000260793396973311
ChemSpacE extreme-SVM,TPSA,5,selfies_len_tokens,0.04127425407178342,0.02088514851485154
ChemSpacE extreme-SVM,TPSA,5,branch_token_count,0.05085959239450324,0.00303168316831683
ChemSpacE extreme-SVM,TPSA,5,ring_token_count,-0.0023017537387192513,0.0010356435643564344
ChemSpacE extreme-SVM,TPSA,5,token_entropy,0.476926884148774,0.002151271919428185
ChemSpacE extreme-SVM,TPSA,6,selfies_len_tokens,0.05590257705960209,0.0321049504950496
ChemSpacE extreme-SVM,TPSA,6,branch_token_count,0.05084151348744522,0.0012554455445544547
ChemSpacE extreme-SVM,TPSA,6,ring_token_count,0.016810451742975588,0.0006039603960396033
ChemSpacE extreme-SVM,TPSA,6,token_entropy,0.6358266035680932,0.0025046026786387275
ChemSpacE extreme-SVM,TPSA,7,selfies_len_tokens,0.0361159900029135,0.022724752475247578
ChemSpacE extreme-SVM,TPSA,7,branch_token_count,0.08499017954491347,0.0023465346534653456
ChemSpacE extreme-SVM,TPSA,7,ring_token_count,0.03534367941997451,0.0005287128712871283
ChemSpacE extreme-SVM,TPSA,7,token_entropy,0.38736387475212897,0.001615996314045446
ChemSpacE extreme-SVM,TPSA,8,selfies_len_tokens,0.031261915054846115,0.01727920792079206
ChemSpacE extreme-SVM,TPSA,8,branch_token_count,0.08167138410899419,0.003794059405940592
ChemSpacE extreme-SVM,TPSA,8,ring_token_count,0.029058339150620092,0.0006376237623762368
ChemSpacE extreme-SVM,TPSA,8,token_entropy,0.47443562992666494,0.002062235025190343
ChemSpacE extreme-SVM,TPSA,9,selfies_len_tokens,0.032020490394871245,0.019150495049504994
ChemSpacE extreme-SVM,TPSA,9,branch_token_count,0.06250214230892977,0.003883168316831681
ChemSpacE extreme-SVM,TPSA,9,ring_token_count,0.027068762794337474,0.00027722772277227704
ChemSpacE extreme-SVM,TPSA,9,token_entropy,0.7224568424316887,0.002467225186621943
ChemSpacE extreme-SVM,TPSA,10,selfies_len_tokens,0.05589291703246202,0.032203960396039705
ChemSpacE extreme-SVM,TPSA,10,branch_token_count,0.056222133556923334,0.002893069306930692
ChemSpacE extreme-SVM,TPSA,10,ring_token_count,0.014026664885542583,0.0002752475247524748
ChemSpacE extreme-SVM,TPSA,10,token_entropy,0.6948030532845548,0.0026814351697122423
ChemSpacE extreme-SVM,TPSA,11,selfies_len_tokens,0.02354897335212114,0.014095049504950522
ChemSpacE extreme-SVM,TPSA,11,branch_token_count,0.09917007251165177,0.0025702970297029697
ChemSpacE extreme-SVM,TPSA,11,ring_token_count,0.052019310303829884,0.0006772277227722768
ChemSpacE extreme-SVM,TPSA,11,token_entropy,0.15858920631273885,0.0005476800202399217
ChemSpacE extreme-SVM,TPSA,12,selfies_len_tokens,0.055661076381100266,0.031708910891089154
ChemSpacE extreme-SVM,TPSA,12,branch_token_count,0.10887568264866326,0.00313069306930693
ChemSpacE extreme-SVM,TPSA,12,ring_token_count,-0.010035221541841001,0.0006415841584158406
ChemSpacE extreme-SVM,TPSA,12,token_entropy,0.630834976114126,0.0025687658967048672
ChemSpacE extreme-SVM,TPSA,13,selfies_len_tokens,0.07835632935768079,0.05169900990099007
ChemSpacE extreme-SVM,TPSA,13,branch_token_count,0.06183207514839762,0.0024455445544554447
ChemSpacE extreme-SVM,TPSA,13,ring_token_count,0.03023247931127175,0.0003247524752475245
ChemSpacE extreme-SVM,TPSA,13,token_entropy,0.1559966267995318,0.00046290063009989444
ChemSpacE extreme-SVM,TPSA,14,selfies_len_tokens,0.08251211143616222,0.05128118811881171
ChemSpacE extreme-SVM,TPSA,14,branch_token_count,0.06528652465641371,0.0014891089108910883
ChemSpacE extreme-SVM,TPSA,14,ring_token_count,0.009211731770350732,0.0003346534653465341
ChemSpacE extreme-SVM,TPSA,14,token_entropy,0.6863515582151494,0.002600230669695225
ChemSpacE extreme-SVM,TPSA,15,selfies_len_tokens,0.04113239556243056,0.024277227722772257
ChemSpacE extreme-SVM,TPSA,15,branch_token_count,0.05680353185554287,0.0015069306930693062
ChemSpacE extreme-SVM,TPSA,15,ring_token_count,0.02245878070562626,0.00046534653465346484
ChemSpacE extreme-SVM,TPSA,15,token_entropy,0.07994371731777583,0.00031667632691729196
ChemSpacE extreme-SVM,TPSA,16,selfies_len_tokens,0.07633492685452842,0.04612277227722773
ChemSpacE extreme-SVM,TPSA,16,branch_token_count,0.0652443306176278,0.002370297029702969
ChemSpacE extreme-SVM,TPSA,16,ring_token_count,-0.004891307809136251,0.0004811881188118804
ChemSpacE extreme-SVM,TPSA,16,token_entropy,0.6869912596452882,0.002612777487017469
ChemSpacE extreme-SVM,TPSA,17,selfies_len_tokens,0.0405835424470744,0.019055445544554572
ChemSpacE extreme-SVM,TPSA,17,branch_token_count,0.03737493561735297,0.0016930693069306915
ChemSpacE extreme-SVM,TPSA,17,ring_token_count,0.016153416199731215,0.000702970297029702
ChemSpacE extreme-SVM,TPSA,17,token_entropy,0.6880821371096728,0.0013314343503433757
ChemSpacE extreme-SVM,TPSA,18,selfies_len_tokens,0.08703382544758846,0.05170099009900991
ChemSpacE extreme-SVM,TPSA,18,branch_token_count,0.06015795354477687,0.0021603960396039588
ChemSpacE extreme-SVM,TPSA,18,ring_token_count,0.010560380558494658,0.00048316831683168255
ChemSpacE extreme-SVM,TPSA,18,token_entropy,0.4081468282813627,0.0007593114305339922
ChemSpacE extreme-SVM,TPSA,19,selfies_len_tokens,0.06628797252390242,0.03903960396039604
ChemSpacE extreme-SVM,TPSA,19,branch_token_count,0.06554379378747477,0.0028316831683168303
ChemSpacE extreme-SVM,TPSA,19,ring_token_count,0.004918221709063757,0.0008673267326732662
ChemSpacE extreme-SVM,TPSA,19,token_entropy,0.6566233103246132,0.0019451991229496857
ChemSpacE extreme-SVM,TPSA,20,selfies_len_tokens,0.04070959637671194,0.019259405940594103
ChemSpacE extreme-SVM,TPSA,20,branch_token_count,0.05007355470798126,0.0027782178217821757
ChemSpacE extreme-SVM,TPSA,20,ring_token_count,-0.003362186196558843,0.0002653465346534648
ChemSpacE extreme-SVM,TPSA,20,token_entropy,0.5455095923262012,0.0023170479466485755
ChemSpacE extreme-SVM,TPSA,21,selfies_len_tokens,0.046002658965530796,0.024906930693069377
ChemSpacE extreme-SVM,TPSA,21,branch_token_count,0.07116846580699623,0.003162376237623761
ChemSpacE extreme-SVM,TPSA,21,ring_token_count,-0.003389649113343663,0.0005643564356435634
ChemSpacE extreme-SVM,TPSA,21,token_entropy,0.30971208062625394,0.0013478671376289022
ChemSpacE extreme-SVM,TPSA,22,selfies_len_tokens,0.046252465863719325,0.026029702970297042
ChemSpacE extreme-SVM,TPSA,22,branch_token_count,0.08994338691095469,0.003445544554455444
ChemSpacE extreme-SVM,TPSA,22,ring_token_count,0.023436501500993946,0.0007168316831683161
ChemSpacE extreme-SVM,TPSA,22,token_entropy,0.5074996800452042,0.002376894030023133
ChemSpacE extreme-SVM,TPSA,23,selfies_len_tokens,0.04123865586097137,0.0245584158415842
ChemSpacE extreme-SVM,TPSA,23,branch_token_count,0.0755849300156565,0.0017999999999999989
ChemSpacE extreme-SVM,TPSA,23,ring_token_count,0.03169335224159391,0.0003069306930693067
ChemSpacE extreme-SVM,TPSA,23,token_entropy,0.6741675437507898,0.0028811222440545056
ChemSpacE extreme-SVM,TPSA,24,selfies_len_tokens,0.03196917221933472,0.01892079207920783
ChemSpacE extreme-SVM,TPSA,24,branch_token_count,0.11814121681610601,0.003968316831683167
ChemSpacE extreme-SVM,TPSA,24,ring_token_count,0.03581829487883184,0.0004732673267326728
ChemSpacE extreme-SVM,TPSA,24,token_entropy,0.7131078460437102,0.0031439533195446847
ChemSpacE extreme-SVM,TPSA,25,selfies_len_tokens,0.0772136680326643,0.04620990099009907
ChemSpacE extreme-SVM,TPSA,25,branch_token_count,0.06056003554598286,0.003130693069306929
ChemSpacE extreme-SVM,TPSA,25,ring_token_count,0.0031135177053726935,0.0004118811881188111
ChemSpacE extreme-SVM,TPSA,25,token_entropy,0.1819627119734395,0.0005981760672212581
ChemSpacE extreme-SVM,TPSA,26,selfies_len_tokens,0.0613604221414485,0.03773465346534655
ChemSpacE extreme-SVM,TPSA,26,branch_token_count,0.07391616260232071,0.0021386138613861375
ChemSpacE extreme-SVM,TPSA,26,ring_token_count,0.023777579507252514,0.0004019801980198016
ChemSpacE extreme-SVM,TPSA,26,token_entropy,0.6618366143408091,0.0015199049122260454
ChemSpacE extreme-SVM,TPSA,27,selfies_len_tokens,0.037049061263782136,0.020447524752475296
ChemSpacE extreme-SVM,TPSA,27,branch_token_count,0.11323111151245123,0.007368316831683166
ChemSpacE extreme-SVM,TPSA,27,ring_token_count,0.03337583974764758,0.0004950495049504944
ChemSpacE extreme-SVM,TPSA,27,token_entropy,0.7050267332646001,0.00299113889616014
ChemSpacE extreme-SVM,TPSA,28,selfies_len_tokens,0.036743909298488406,0.02046336633663366
ChemSpacE extreme-SVM,TPSA,28,branch_token_count,0.06934119836763203,0.0016574257425742568
ChemSpacE extreme-SVM,TPSA,28,ring_token_count,0.04383488502478619,0.0005920792079207917
ChemSpacE extreme-SVM,TPSA,28,token_entropy,0.40012430879715133,0.001474076320031187
ChemSpacE extreme-SVM,TPSA,29,selfies_len_tokens,0.049016572737617316,0.02820198019801989
ChemSpacE extreme-SVM,TPSA,29,branch_token_count,0.07048278991619679,0.0025445544554455433
ChemSpacE extreme-SVM,TPSA,29,ring_token_count,0.027115721280936946,0.0004237623762376234
ChemSpacE extreme-SVM,TPSA,29,token_entropy,0.3956904241524269,0.0016771266710262397
ChemSpacE extreme-SVM,TPSA,30,selfies_len_tokens,0.08238673978451777,0.05060594059405941
ChemSpacE extreme-SVM,TPSA,30,branch_token_count,0.06101179403796628,0.003085148514851484
ChemSpacE extreme-SVM,TPSA,30,ring_token_count,0.01577700301855243,0.00048712871287128634
ChemSpacE extreme-SVM,TPSA,30,token_entropy,0.656173351014904,0.0019710471073712144
ChemSpacE extreme-SVM,TPSA,31,selfies_len_tokens,0.032346352480289976,0.018938613861386133
ChemSpacE extreme-SVM,TPSA,31,branch_token_count,0.11492515344873724,0.008998019801980197
ChemSpacE extreme-SVM,TPSA,31,ring_token_count,0.007150147162931072,0.00011089108910891067
ChemSpacE extreme-SVM,TPSA,31,token_entropy,0.6758494807285441,0.0031057717154666263
ChemSpacE extreme-SVM,TPSA,32,selfies_len_tokens,0.050729369427126726,0.031213861386138693
ChemSpacE extreme-SVM,TPSA,32,branch_token_count,0.05619067567814739,0.001613861386138613
ChemSpacE extreme-SVM,TPSA,32,ring_token_count,0.03596537437770147,0.0006475247524752471
ChemSpacE extreme-SVM,TPSA,32,token_entropy,0.15693890440829228,0.0005270776835403169
ChemSpacE extreme-SVM,TPSA,33,selfies_len_tokens,0.035978924672268174,0.022598019801980264
ChemSpacE extreme-SVM,TPSA,33,branch_token_count,0.057897820560290636,0.00173069306930693
ChemSpacE extreme-SVM,TPSA,33,ring_token_count,0.03984091475393744,0.0004871287128712868
ChemSpacE extreme-SVM,TPSA,33,token_entropy,0.2149462933133762,0.0007693474600069303
ChemSpacE extreme-SVM,TPSA,34,selfies_len_tokens,0.045723402535454385,0.022833663366336653
ChemSpacE extreme-SVM,TPSA,34,branch_token_count,0.09013913406147685,0.004229702970297028
ChemSpacE extreme-SVM,TPSA,34,ring_token_count,-0.011594193500439342,0.000217821782178217
ChemSpacE extreme-SVM,TPSA,34,token_entropy,0.6132285642975692,0.0029344965311081344
ChemSpacE extreme-SVM,TPSA,35,selfies_len_tokens,0.05110172608974368,0.030304950495049568
ChemSpacE extreme-SVM,TPSA,35,branch_token_count,0.07877547928921384,0.0030297029702970285
ChemSpacE extreme-SVM,TPSA,35,ring_token_count,0.00936519803845279,0.0004831683168316824
ChemSpacE extreme-SVM,TPSA,35,token_entropy,0.3332141211498272,0.0008211076384473715
ChemSpacE extreme-SVM,TPSA,36,selfies_len_tokens,0.05003022769525763,0.028807920792079188
ChemSpacE extreme-SVM,TPSA,36,branch_token_count,0.04799453145584686,0.0017128712871287122
ChemSpacE extreme-SVM,TPSA,36,ring_token_count,0.007486928550399962,0.0006653465346534645
ChemSpacE extreme-SVM,TPSA,36,token_entropy,0.6530695238257478,0.0025962508894000415
ChemSpacE extreme-SVM,TPSA,37,selfies_len_tokens,0.0411674579986702,0.02464554455445542
ChemSpacE extreme-SVM,TPSA,37,branch_token_count,0.11172995556797195,0.002764356435643563
ChemSpacE extreme-SVM,TPSA,37,ring_token_count,0.022472340144166277,0.000990099009900989
ChemSpacE extreme-SVM,TPSA,37,token_entropy,0.6079408806990382,0.002518484963386844
ChemSpacE extreme-SVM,TPSA,38,selfies_len_tokens,0.04145053186036754,0.024554455445544614
ChemSpacE extreme-SVM,TPSA,38,branch_token_count,0.0713323533657642,0.002518811881188118
ChemSpacE extreme-SVM,TPSA,38,ring_token_count,0.029821882173728033,0.0007881188118811873
ChemSpacE extreme-SVM,TPSA,38,token_entropy,0.4493726693411481,0.001942923964815502
ChemSpacE extreme-SVM,TPSA,39,selfies_len_tokens,0.04143668959140418,0.024667326732673404
ChemSpacE extreme-SVM,TPSA,39,branch_token_count,0.14475129750342922,0.008966336633663363
ChemSpacE extreme-SVM,TPSA,39,ring_token_count,0.039288722859470625,0.00034257425742574224
ChemSpacE extreme-SVM,TPSA,39,token_entropy,0.7006530550296711,0.002970862977494647
ChemSpacE extreme-SVM,TPSA,40,selfies_len_tokens,0.032197949742995176,0.0189465346534653
ChemSpacE extreme-SVM,TPSA,40,branch_token_count,0.08594135569426214,0.003974257425742572
ChemSpacE extreme-SVM,TPSA,40,ring_token_count,0.06359131470891909,0.0014356435643564354
ChemSpacE extreme-SVM,TPSA,40,token_entropy,0.11614173436816541,0.0003897314456030955
ChemSpacE extreme-SVM,TPSA,41,selfies_len_tokens,0.050964069812947474,0.03056831683168322
ChemSpacE extreme-SVM,TPSA,41,branch_token_count,0.0914547236343354,0.005043564356435642
ChemSpacE extreme-SVM,TPSA,41,ring_token_count,0.025915587733423385,0.0004297029702970292
ChemSpacE extreme-SVM,TPSA,41,token_entropy,0.368831505794384,0.0015094512686835966
ChemSpacE extreme-SVM,TPSA,42,selfies_len_tokens,0.03709877446396636,0.020437623762376254
ChemSpacE extreme-SVM,TPSA,42,branch_token_count,0.08011088898065898,0.003491089108910889
ChemSpacE extreme-SVM,TPSA,42,ring_token_count,0.026283575313539965,0.00048316831683168244
ChemSpacE extreme-SVM,TPSA,42,token_entropy,0.6312674190140461,0.00260409817289406
ChemSpacE extreme-SVM,TPSA,43,selfies_len_tokens,0.03220763106811251,0.01913861386138621
ChemSpacE extreme-SVM,TPSA,43,branch_token_count,0.07622702866325509,0.0035287128712871273
ChemSpacE extreme-SVM,TPSA,43,ring_token_count,0.03962478322723693,0.0004237623762376234
ChemSpacE extreme-SVM,TPSA,43,token_entropy,0.36837619817136413,0.0014965329817201271
ChemSpacE extreme-SVM,TPSA,44,selfies_len_tokens,0.04440236722917055,0.022540594059405963
ChemSpacE extreme-SVM,TPSA,44,branch_token_count,0.04953262968169049,0.004558415841584156
ChemSpacE extreme-SVM,TPSA,44,ring_token_count,0.018411954835861583,0.0005683168316831677
ChemSpacE extreme-SVM,TPSA,44,token_entropy,0.46337746353911474,0.002032013131030433
ChemSpacE extreme-SVM,TPSA,45,selfies_len_tokens,0.03702722281185242,0.020538613861386067
ChemSpacE extreme-SVM,TPSA,45,branch_token_count,0.08947235293582072,0.0020415841584158403
ChemSpacE extreme-SVM,TPSA,45,ring_token_count,0.037957003358131576,0.0007207920792079199
ChemSpacE extreme-SVM,TPSA,45,token_entropy,0.7315922484881778,0.002485215923577718
ChemSpacE extreme-SVM,TPSA,46,selfies_len_tokens,0.046123538139718444,0.02631683168316837
ChemSpacE extreme-SVM,TPSA,46,branch_token_count,0.11058019673476448,0.004237623762376236
ChemSpacE extreme-SVM,TPSA,46,ring_token_count,0.01716057801638791,0.00045940594059405883
ChemSpacE extreme-SVM,TPSA,46,token_entropy,0.4810638721908413,0.002124039492975783
ChemSpacE extreme-SVM,TPSA,47,selfies_len_tokens,0.08698996349433896,0.05191287128712875
ChemSpacE extreme-SVM,TPSA,47,branch_token_count,0.078984174849356,0.0030613861386138597
ChemSpacE extreme-SVM,TPSA,47,ring_token_count,0.024566786198280136,0.0007564356435643557
ChemSpacE extreme-SVM,TPSA,47,token_entropy,0.42088252085481487,0.0010866768315566887
ChemSpacE extreme-SVM,TPSA,48,selfies_len_tokens,0.061237342437716884,0.03688910891089104
ChemSpacE extreme-SVM,TPSA,48,branch_token_count,0.0564587795569331,0.0014653465346534647
ChemSpacE extreme-SVM,TPSA,48,ring_token_count,0.040541776970278276,0.0011346534653465339
ChemSpacE extreme-SVM,TPSA,48,token_entropy,0.2608777418005564,0.0008528155285779063
ChemSpacE extreme-SVM,TPSA,49,selfies_len_tokens,0.04146083648519305,0.02465346534653465
ChemSpacE extreme-SVM,TPSA,49,branch_token_count,0.11192446723404649,0.003902970297029701
ChemSpacE extreme-SVM,TPSA,49,ring_token_count,0.026635201000082168,0.0006277227722772271
ChemSpacE extreme-SVM,TPSA,49,token_entropy,0.7087639374485043,0.0027660338972121438
ChemSpacE extreme-SVM,cLogP,0,selfies_len_tokens,0.06267904292588654,0.030253465346534628
ChemSpacE extreme-SVM,cLogP,0,branch_token_count,-0.03184776035739006,-0.0007603960396039609
ChemSpacE extreme-SVM,cLogP,0,ring_token_count,-0.015500183692467464,0.000722772277227722
ChemSpacE extreme-SVM,cLogP,0,token_entropy,-0.03698641191202697,-0.0003091680116034787
ChemSpacE extreme-SVM,cLogP,1,selfies_len_tokens,0.055272837260365186,0.030615841584158365
ChemSpacE extreme-SVM,cLogP,1,branch_token_count,-0.014239572058709358,-0.00013267326732673302
ChemSpacE extreme-SVM,cLogP,1,ring_token_count,-0.01660069364622154,0.0003425742574257422
ChemSpacE extreme-SVM,cLogP,1,token_entropy,-0.06323590385949523,-0.00035855940906168453
ChemSpacE extreme-SVM,cLogP,2,selfies_len_tokens,0.052982900726074846,0.03241188118811888
ChemSpacE extreme-SVM,cLogP,2,branch_token_count,-0.033836597568607754,-0.0002000000000000002
ChemSpacE extreme-SVM,cLogP,2,ring_token_count,-0.06236782454966715,-0.0008118811881188126
ChemSpacE extreme-SVM,cLogP,2,token_entropy,-0.05363414579050846,-0.0003580078506084627
ChemSpacE extreme-SVM,cLogP,3,selfies_len_tokens,0.05276099327084766,0.024706930693069236
ChemSpacE extreme-SVM,cLogP,3,branch_token_count,-0.009362807991628783,-0.0003821782178217832
ChemSpacE extreme-SVM,cLogP,3,ring_token_count,-0.0006272302542809504,0.0005445544554455441
ChemSpacE extreme-SVM,cLogP,3,token_entropy,-0.05587852267030503,-0.00035172608598623664
ChemSpacE extreme-SVM,cLogP,4,selfies_len_tokens,0.045711877542828815,0.022097029702970426
ChemSpacE extreme-SVM,cLogP,4,branch_token_count,-0.02274339742311974,-0.00044356435643564437
ChemSpacE extreme-SVM,cLogP,4,ring_token_count,-0.037297778137507856,-0.00027722772277227796
ChemSpacE extreme-SVM,cLogP,4,token_entropy,-0.03309854652343202,-0.0002764974934290367
ChemSpacE extreme-SVM,cLogP,5,selfies_len_tokens,0.04857249622440034,0.019473267326732737
ChemSpacE extreme-SVM,cLogP,5,branch_token_count,-0.04879470361445114,-0.0013623762376237633
ChemSpacE extreme-SVM,cLogP,5,ring_token_count,-0.02595592892036146,0.00018415841584158309
ChemSpacE extreme-SVM,cLogP,5,token_entropy,-0.07090020105197002,-0.0004320197088046663
ChemSpacE extreme-SVM,cLogP,6,selfies_len_tokens,0.028895113821214385,0.011996039603960399
ChemSpacE extreme-SVM,cLogP,6,branch_token_count,-0.03906788534146108,-0.0005801980198019806
ChemSpacE extreme-SVM,cLogP,6,ring_token_count,-0.00919690299067487,0.00032079207920792014
ChemSpacE extreme-SVM,cLogP,6,token_entropy,-0.04916084309696758,-0.00028602864300487685
ChemSpacE extreme-SVM,cLogP,7,selfies_len_tokens,0.05250597241219236,0.031134653465346506
ChemSpacE extreme-SVM,cLogP,7,branch_token_count,-0.029603901037383702,-0.0002099009900990102
ChemSpacE extreme-SVM,cLogP,7,ring_token_count,-0.022194813737195222,-4.356435643564395e-05
ChemSpacE extreme-SVM,cLogP,7,token_entropy,-0.06508753025104325,-0.0004061866669851881
ChemSpacE extreme-SVM,cLogP,8,selfies_len_tokens,0.070679848402246,0.03553465346534647
ChemSpacE extreme-SVM,cLogP,8,branch_token_count,-0.0414603732608135,-0.0008039603960396046
ChemSpacE extreme-SVM,cLogP,8,ring_token_count,-0.05738633874041395,-0.0008752475247524756
ChemSpacE extreme-SVM,cLogP,8,token_entropy,-0.07881654202831187,-0.0005015131791546205
ChemSpacE extreme-SVM,cLogP,9,selfies_len_tokens,0.0502598617203459,0.030491089108910876
ChemSpacE extreme-SVM,cLogP,9,branch_token_count,-0.008437001089881976,-0.00017821782178217857
ChemSpacE extreme-SVM,cLogP,9,ring_token_count,-0.042977513140591145,-0.0003287128712871289
ChemSpacE extreme-SVM,cLogP,9,token_entropy,-0.04027271993892954,-0.0002590022921991921
ChemSpacE extreme-SVM,cLogP,10,selfies_len_tokens,0.04228411203071438,0.01868118811881192
ChemSpacE extreme-SVM,cLogP,10,branch_token_count,-0.03492544918863388,-0.0010891089108910896
ChemSpacE extreme-SVM,cLogP,10,ring_token_count,-0.04533527868078692,-0.0009326732673267334
ChemSpacE extreme-SVM,cLogP,10,token_entropy,-0.0517941656914739,-0.00039318436384650645
ChemSpacE extreme-SVM,cLogP,11,selfies_len_tokens,0.04106134784123812,0.022320792079207938
ChemSpacE extreme-SVM,cLogP,11,branch_token_count,-0.022015465501394292,-0.00019603960396039633
ChemSpacE extreme-SVM,cLogP,11,ring_token_count,-0.008561463204788235,0.00022376237623762348
ChemSpacE extreme-SVM,cLogP,11,token_entropy,-0.04670524999600961,-0.0002960645150027155
ChemSpacE extreme-SVM,cLogP,12,selfies_len_tokens,0.04306267970005204,0.018815841584158336
ChemSpacE extreme-SVM,cLogP,12,branch_token_count,-0.059818773901803665,-0.0012495049504950499
ChemSpacE extreme-SVM,cLogP,12,ring_token_count,-0.05662391735500439,-0.0020217821782178226
ChemSpacE extreme-SVM,cLogP,12,token_entropy,-0.049552345751115084,-0.0003615552447654573
ChemSpacE extreme-SVM,cLogP,13,selfies_len_tokens,0.04308913637148075,0.027485148514851482
ChemSpacE extreme-SVM,cLogP,13,branch_token_count,-0.010219884477378451,-0.00016831683168316868
ChemSpacE extreme-SVM,cLogP,13,ring_token_count,-0.0074873715801914735,0.0002950495049504948
ChemSpacE extreme-SVM,cLogP,13,token_entropy,-0.045397149929047136,-0.00026464724401816404
ChemSpacE extreme-SVM,cLogP,14,selfies_len_tokens,0.05425554376492342,0.028316831683168328
ChemSpacE extreme-SVM,cLogP,14,branch_token_count,-0.027311962807645276,-0.00012871287128712923
ChemSpacE extreme-SVM,cLogP,14,ring_token_count,-0.008686532896351244,0.0003861386138613856
ChemSpacE extreme-SVM,cLogP,14,token_entropy,-0.058598932809142315,-0.0003720729558857705
ChemSpacE extreme-SVM,cLogP,15,selfies_len_tokens,0.04855924287125298,0.026150495049504834
ChemSpacE extreme-SVM,cLogP,15,branch_token_count,-0.015203159083843334,-0.00023168316831683193
ChemSpacE extreme-SVM,cLogP,15,ring_token_count,-0.034666136859240027,-0.0005346534653465351
ChemSpacE extreme-SVM,cLogP,15,token_entropy,-0.04935735711141055,-0.00032789495593227574
ChemSpacE extreme-SVM,cLogP,16,selfies_len_tokens,0.040665248771892024,0.01984554455445542
ChemSpacE extreme-SVM,cLogP,16,branch_token_count,-0.024208824039923336,-0.00046336633663366376
ChemSpacE extreme-SVM,cLogP,16,ring_token_count,-0.05605362530956078,-0.0016237623762376248
ChemSpacE extreme-SVM,cLogP,16,token_entropy,-0.033915813692041656,-0.00027797593887179907
ChemSpacE extreme-SVM,cLogP,17,selfies_len_tokens,0.042336930134042744,0.015817821782178252
ChemSpacE extreme-SVM,cLogP,17,branch_token_count,-0.03150492859203405,-0.000588118811881189
ChemSpacE extreme-SVM,cLogP,17,ring_token_count,-0.020405563653730415,9.900990099008978e-06
ChemSpacE extreme-SVM,cLogP,17,token_entropy,-0.07833346959660716,-0.0004348716118722901
ChemSpacE extreme-SVM,cLogP,18,selfies_len_tokens,0.03764800614265613,0.01718019801980199
ChemSpacE extreme-SVM,cLogP,18,branch_token_count,-0.03866021246259329,-0.001370297029702971
ChemSpacE extreme-SVM,cLogP,18,ring_token_count,-0.017441752458643673,0.0003702970297029696
ChemSpacE extreme-SVM,cLogP,18,token_entropy,-0.01650497950155943,-0.00026119568741813384
ChemSpacE extreme-SVM,cLogP,19,selfies_len_tokens,0.04586733606396098,0.02219009900990107
ChemSpacE extreme-SVM,cLogP,19,branch_token_count,-0.01633326195276094,-0.0002752475247524758
ChemSpacE extreme-SVM,cLogP,19,ring_token_count,-0.02650862072785487,-8.11881188118824e-05
ChemSpacE extreme-SVM,cLogP,19,token_entropy,-0.05136271723177461,-0.00031469903848968
ChemSpacE extreme-SVM,cLogP,20,selfies_len_tokens,0.03476045655083392,0.013360396039603876
ChemSpacE extreme-SVM,cLogP,20,branch_token_count,-0.05153869594370947,-0.001588118811881189
ChemSpacE extreme-SVM,cLogP,20,ring_token_count,0.01047212085344073,0.0007207920792079199
ChemSpacE extreme-SVM,cLogP,20,token_entropy,-0.05631531403760328,-0.00031474000984138735
ChemSpacE extreme-SVM,cLogP,21,selfies_len_tokens,0.06325964411069139,0.029572277227722696
ChemSpacE extreme-SVM,cLogP,21,branch_token_count,-0.04758245189303693,-0.0008435643564356442
ChemSpacE extreme-SVM,cLogP,21,ring_token_count,-0.07584094211721061,-0.002681188118811883
ChemSpacE extreme-SVM,cLogP,21,token_entropy,-0.07913560471699244,-0.0005489124219445158
ChemSpacE extreme-SVM,cLogP,22,selfies_len_tokens,0.05288465417723439,0.024211881188118692
ChemSpacE extreme-SVM,cLogP,22,branch_token_count,-0.048405261793732925,-0.0008396039603960402
ChemSpacE extreme-SVM,cLogP,22,ring_token_count,-0.0367095378897656,-5.346534653465418e-05
ChemSpacE extreme-SVM,cLogP,22,token_entropy,-0.08343852404593431,-0.0004714297333175141
ChemSpacE extreme-SVM,cLogP,23,selfies_len_tokens,0.04545617481183838,0.0243623762376238
ChemSpacE extreme-SVM,cLogP,23,branch_token_count,-0.024121847898038336,-0.000336633663366337
ChemSpacE extreme-SVM,cLogP,23,ring_token_count,-0.023021647414193658,-3.762376237623796e-05
ChemSpacE extreme-SVM,cLogP,23,token_entropy,-0.05269465922570653,-0.00032849246668605053
ChemSpacE extreme-SVM,cLogP,24,selfies_len_tokens,0.04934186197581721,0.02603960396039595
ChemSpacE extreme-SVM,cLogP,24,branch_token_count,-0.03746744793009944,-0.0003247524752475249
ChemSpacE extreme-SVM,cLogP,24,ring_token_count,-0.010948908663671424,0.00014059405940594028
ChemSpacE extreme-SVM,cLogP,24,token_entropy,-0.03556192055388806,-0.00035002140952871953
ChemSpacE extreme-SVM,cLogP,25,selfies_len_tokens,0.04399802751295777,0.018798019801980228
ChemSpacE extreme-SVM,cLogP,25,branch_token_count,-0.026837355529981524,-0.0008000000000000008
ChemSpacE extreme-SVM,cLogP,25,ring_token_count,-0.028976620209897743,-0.00022574257425742668
ChemSpacE extreme-SVM,cLogP,25,token_entropy,-0.07674563192289784,-0.0004714580104711318
ChemSpacE extreme-SVM,cLogP,26,selfies_len_tokens,0.044997128279079,0.023138613861386163
ChemSpacE extreme-SVM,cLogP,26,branch_token_count,-0.02875714189602774,-0.00028514851485148565
ChemSpacE extreme-SVM,cLogP,26,ring_token_count,-0.02883959100486374,-7.524752475247577e-05
ChemSpacE extreme-SVM,cLogP,26,token_entropy,-0.0237929122691725,-0.00022282483178889028
ChemSpacE extreme-SVM,cLogP,27,selfies_len_tokens,0.04325123345361463,0.01922970297029705
ChemSpacE extreme-SVM,cLogP,27,branch_token_count,-0.053118439689750906,-0.001451485148514852
ChemSpacE extreme-SVM,cLogP,27,ring_token_count,-0.027487661583377804,0.00018415841584158366
ChemSpacE extreme-SVM,cLogP,27,token_entropy,-0.04158578336916413,-0.0003320708653953488
ChemSpacE extreme-SVM,cLogP,28,selfies_len_tokens,0.02736978979930935,0.016049504950494998
ChemSpacE extreme-SVM,cLogP,28,branch_token_count,0.002163957697451954,0.00011485148514851457
ChemSpacE extreme-SVM,cLogP,28,ring_token_count,0.012959334112870473,0.00022376237623762354
ChemSpacE extreme-SVM,cLogP,28,token_entropy,-0.05341471970783745,-0.000323204363282724
ChemSpacE extreme-SVM,cLogP,29,selfies_len_tokens,0.05388414501781203,0.0313504950495049
ChemSpacE extreme-SVM,cLogP,29,branch_token_count,-0.028567651705655176,-0.00022772277227722793
ChemSpacE extreme-SVM,cLogP,29,ring_token_count,0.0011952677542055772,0.0004891089108910887
ChemSpacE extreme-SVM,cLogP,29,token_entropy,-0.052765261038086674,-0.0003261338900835837
ChemSpacE extreme-SVM,cLogP,30,selfies_len_tokens,0.06133492429797284,0.031077227722772275
ChemSpacE extreme-SVM,cLogP,30,branch_token_count,-0.019397786989416604,-0.0006633663366336641
ChemSpacE extreme-SVM,cLogP,30,ring_token_count,-0.030864655764199903,-1.1881188118812835e-05
ChemSpacE extreme-SVM,cLogP,30,token_entropy,-0.028834710261945937,-0.0002934552964989407
ChemSpacE extreme-SVM,cLogP,31,selfies_len_tokens,0.05857477522812372,0.030138613861386127
ChemSpacE extreme-SVM,cLogP,31,branch_token_count,-0.035000354775988146,-0.000966336633663367
ChemSpacE extreme-SVM,cLogP,31,ring_token_count,-0.049942369114407394,-0.0005168316831683172
ChemSpacE extreme-SVM,cLogP,31,token_entropy,-0.06584974269063136,-0.0004180620447588682
ChemSpacE extreme-SVM,cLogP,32,selfies_len_tokens,0.03437650206816594,0.021180198019801873
ChemSpacE extreme-SVM,cLogP,32,branch_token_count,-0.009118249609704124,-0.00015445544554455477
ChemSpacE extreme-SVM,cLogP,32,ring_token_count,-0.02469850140444143,-0.00023168316831683204
ChemSpacE extreme-SVM,cLogP,32,token_entropy,-0.03288810025100914,-0.0002554272923520812
ChemSpacE extreme-SVM,cLogP,33,selfies_len_tokens,0.042913785092372016,0.025827722772277253
ChemSpacE extreme-SVM,cLogP,33,branch_token_count,-0.020379681799358833,-0.0001366336633663368
ChemSpacE extreme-SVM,cLogP,33,ring_token_count,-0.03183613163146398,-0.00012475247524752496
ChemSpacE extreme-SVM,cLogP,33,token_entropy,-0.07722716010998816,-0.0004395582269043791
ChemSpacE extreme-SVM,cLogP,34,selfies_len_tokens,0.05985225120678861,0.024924752475247454
ChemSpacE extreme-SVM,cLogP,34,branch_token_count,-0.0544083401949172,-0.001863366336633664
ChemSpacE extreme-SVM,cLogP,34,ring_token_count,-0.027722767281779807,0.0001366336633663357
ChemSpacE extreme-SVM,cLogP,34,token_entropy,-0.07764336926784642,-0.00043367273080872085
ChemSpacE extreme-SVM,cLogP,35,selfies_len_tokens,0.04423613955069576,0.019510891089108792
ChemSpacE extreme-SVM,cLogP,35,branch_token_count,-0.03338982160217678,-0.0009485148514851491
ChemSpacE extreme-SVM,cLogP,35,ring_token_count,-0.00866159159270424,0.0005623762376237614
ChemSpacE extreme-SVM,cLogP,35,token_entropy,-0.030975148442925104,-0.00025803458815518637
ChemSpacE extreme-SVM,cLogP,36,selfies_len_tokens,0.0601620538892294,0.029831683168316813
ChemSpacE extreme-SVM,cLogP,36,branch_token_count,-0.04097347218762248,-0.0008158415841584164
ChemSpacE extreme-SVM,cLogP,36,ring_token_count,-0.062416094444232774,-0.0017504950495049513
ChemSpacE extreme-SVM,cLogP,36,token_entropy,-0.05283128787429394,-0.0004143626456170725
ChemSpacE extreme-SVM,cLogP,37,selfies_len_tokens,0.0521958626392058,0.024600000000000066
ChemSpacE extreme-SVM,cLogP,37,branch_token_count,-0.04691667240103975,-0.0008811881188118815
ChemSpacE extreme-SVM,cLogP,37,ring_token_count,-0.04937436233943205,-0.0006514851485148523
ChemSpacE extreme-SVM,cLogP,37,token_entropy,-0.060471325225146894,-0.00040365880604000947
ChemSpacE extreme-SVM,cLogP,38,selfies_len_tokens,0.04379867707794667,0.02229900990099015
ChemSpacE extreme-SVM,cLogP,38,branch_token_count,-0.014029947841485507,-0.0002297029702970303
ChemSpacE extreme-SVM,cLogP,38,ring_token_count,-0.044380098080457134,-0.0010277227722772285
ChemSpacE extreme-SVM,cLogP,38,token_entropy,-0.07251020772985065,-0.0004278670700001486
ChemSpacE extreme-SVM,cLogP,39,selfies_len_tokens,0.0412342449283603,0.023799999999999984
ChemSpacE extreme-SVM,cLogP,39,branch_token_count,-0.029885603493326748,-0.00031881188118811917
ChemSpacE extreme-SVM,cLogP,39,ring_token_count,-0.057011425698095454,-0.0011940594059405944
ChemSpacE extreme-SVM,cLogP,39,token_entropy,-0.03420447485143162,-0.000295011445376722
ChemSpacE extreme-SVM,cLogP,40,selfies_len_tokens,0.04281105035757044,0.023457425742574162
ChemSpacE extreme-SVM,cLogP,40,branch_token_count,-0.015036324130015603,-0.00022574257425742622
ChemSpacE extreme-SVM,cLogP,40,ring_token_count,-0.05761545299207033,-0.0013089108910891096
ChemSpacE extreme-SVM,cLogP,40,token_entropy,-0.03405416214017583,-0.0002624272492890417
ChemSpacE extreme-SVM,cLogP,41,selfies_len_tokens,0.06201796696701438,0.030261386138613844
ChemSpacE extreme-SVM,cLogP,41,branch_token_count,-0.045213653665550156,-0.0013366336633663372
ChemSpacE extreme-SVM,cLogP,41,ring_token_count,-0.021765526667990236,0.0003049504950495045
ChemSpacE extreme-SVM,cLogP,41,token_entropy,-0.05409715216063682,-0.00041499818698614475
ChemSpacE extreme-SVM,cLogP,42,selfies_len_tokens,0.053206108709439884,0.025362376237623697
ChemSpacE extreme-SVM,cLogP,42,branch_token_count,-0.04120431796730394,-0.0009524752475247529
ChemSpacE extreme-SVM,cLogP,42,ring_token_count,-0.053011780926594185,-0.0009564356435643571
ChemSpacE extreme-SVM,cLogP,42,token_entropy,-0.06341713982726774,-0.0004512746452774956
ChemSpacE extreme-SVM,cLogP,43,selfies_len_tokens,0.04198164624826149,0.022643564356435584
ChemSpacE extreme-SVM,cLogP,43,branch_token_count,-0.022502856672755395,-0.00024752475247524807
ChemSpacE extreme-SVM,cLogP,43,ring_token_count,-0.04325845943872353,-0.0005940594059405943
ChemSpacE extreme-SVM,cLogP,43,token_entropy,-0.05965586009905532,-0.00038618939281614674
ChemSpacE extreme-SVM,cLogP,44,selfies_len_tokens,0.06979065073486362,0.029984158415841566
ChemSpacE extreme-SVM,cLogP,44,branch_token_count,-0.05598867339366689,-0.0024376237623762393
ChemSpacE extreme-SVM,cLogP,44,ring_token_count,-0.010062792081615021,0.000237623762376237
ChemSpacE extreme-SVM,cLogP,44,token_entropy,-0.07641915417568168,-0.0005330300559759847
ChemSpacE extreme-SVM,cLogP,45,selfies_len_tokens,0.05193709011310921,0.0247485148514852
ChemSpacE extreme-SVM,cLogP,45,branch_token_count,-0.04008124339749633,-0.0008158415841584165
ChemSpacE extreme-SVM,cLogP,45,ring_token_count,-0.034685602568708715,-9.504950495049585e-05
ChemSpacE extreme-SVM,cLogP,45,token_entropy,-0.056774888602825306,-0.00038014155853074413
ChemSpacE extreme-SVM,cLogP,46,selfies_len_tokens,0.04563063536179604,0.02182772277227717
ChemSpacE extreme-SVM,cLogP,46,branch_token_count,-0.022829491132819787,-0.0005188118811881197
ChemSpacE extreme-SVM,cLogP,46,ring_token_count,-0.03629933923249459,-5.668678598337651e-19
ChemSpacE extreme-SVM,cLogP,46,token_entropy,-0.03533139861884731,-0.0003441456494385359
ChemSpacE extreme-SVM,cLogP,47,selfies_len_tokens,0.05345045674882555,0.024502970297029608
ChemSpacE extreme-SVM,cLogP,47,branch_token_count,-0.036535822757410984,-0.00126930693069307
ChemSpacE extreme-SVM,cLogP,47,ring_token_count,-0.008562614822679858,0.0005584158415841578
ChemSpacE extreme-SVM,cLogP,47,token_entropy,-0.054186591595873364,-0.0004065645822776906
ChemSpacE extreme-SVM,cLogP,48,selfies_len_tokens,0.061068781158553555,0.03031881188118814
ChemSpacE extreme-SVM,cLogP,48,branch_token_count,-0.03757490296322766,-0.0005603960396039609
ChemSpacE extreme-SVM,cLogP,48,ring_token_count,-0.05001032475971667,-0.0007227722772277235
ChemSpacE extreme-SVM,cLogP,48,token_entropy,-0.07599302536137685,-0.00043935270346960294
ChemSpacE extreme-SVM,cLogP,49,selfies_len_tokens,0.044378987755120496,0.02183366336633666
ChemSpacE extreme-SVM,cLogP,49,branch_token_count,-0.0377592940808546,-0.00045742574257425796
ChemSpacE extreme-SVM,cLogP,49,ring_token_count,-0.048364158015068326,-0.0007524752475247533
ChemSpacE extreme-SVM,cLogP,49,token_entropy,-0.04084875927554766,-0.0003112604374418534
ChemSpacE extreme-SVM,BertzCT,0,selfies_len_tokens,0.7735333796958538,0.7120673267326733
ChemSpacE extreme-SVM,BertzCT,0,branch_token_count,0.050481275744404995,0.001273267326732672
ChemSpacE extreme-SVM,BertzCT,0,ring_token_count,0.027886105842197955,0.00107128712871287
ChemSpacE extreme-SVM,BertzCT,0,token_entropy,0.04841727755242991,0.000162935920805067
ChemSpacE extreme-SVM,BertzCT,1,selfies_len_tokens,0.5686920971003064,0.49236039603960396
ChemSpacE extreme-SVM,BertzCT,1,branch_token_count,0.03503165792751114,0.0008396039603960387
ChemSpacE extreme-SVM,BertzCT,1,ring_token_count,0.031186244911735484,0.00128118811881188
ChemSpacE extreme-SVM,BertzCT,1,token_entropy,0.022458147036348394,0.00010049120995208875
ChemSpacE extreme-SVM,BertzCT,2,selfies_len_tokens,0.492257761455265,0.4228
ChemSpacE extreme-SVM,BertzCT,2,branch_token_count,0.028224902425554445,0.0008376237623762369
ChemSpacE extreme-SVM,BertzCT,2,ring_token_count,0.028466310905234587,0.0015485148514851475
ChemSpacE extreme-SVM,BertzCT,2,token_entropy,0.030191958429225278,0.00014759962930466894
ChemSpacE extreme-SVM,BertzCT,3,selfies_len_tokens,0.6628221649401879,0.578160396039604
ChemSpacE extreme-SVM,BertzCT,3,branch_token_count,0.21699582412886895,0.03764752475247525
ChemSpacE extreme-SVM,BertzCT,3,ring_token_count,0.017659991606177382,0.0010851485148514841
ChemSpacE extreme-SVM,BertzCT,3,token_entropy,0.16523724031999854,0.0005978746861555274
ChemSpacE extreme-SVM,BertzCT,4,selfies_len_tokens,0.5983151672944534,0.5251108910891089
ChemSpacE extreme-SVM,BertzCT,4,branch_token_count,0.039349082087682966,0.001566336633663365
ChemSpacE extreme-SVM,BertzCT,4,ring_token_count,0.027922708609435017,0.0011128712871287117
ChemSpacE extreme-SVM,BertzCT,4,token_entropy,0.02298069502254831,0.00010965052336305469
ChemSpacE extreme-SVM,BertzCT,5,selfies_len_tokens,0.3696518733664379,0.295239603960396
ChemSpacE extreme-SVM,BertzCT,5,branch_token_count,0.09467482440077844,0.008138613861386135
ChemSpacE extreme-SVM,BertzCT,5,ring_token_count,0.013198100659919535,0.0015089108910891073
ChemSpacE extreme-SVM,BertzCT,5,token_entropy,0.06345830695049506,0.00017257582767104981
ChemSpacE extreme-SVM,BertzCT,6,selfies_len_tokens,0.5426229413720948,0.46715049504950495
ChemSpacE extreme-SVM,BertzCT,6,branch_token_count,0.047944874390237514,0.0015029702970297022
ChemSpacE extreme-SVM,BertzCT,6,ring_token_count,0.02777731739287859,0.0012554455445544543
ChemSpacE extreme-SVM,BertzCT,6,token_entropy,0.022191118902084268,0.00010742719857930129
ChemSpacE extreme-SVM,BertzCT,7,selfies_len_tokens,0.47168448072978836,0.40438613861386147
ChemSpacE extreme-SVM,BertzCT,7,branch_token_count,0.051652267840530695,0.0014732673267326727
ChemSpacE extreme-SVM,BertzCT,7,ring_token_count,0.03901926553734036,0.001879207920792078
ChemSpacE extreme-SVM,BertzCT,7,token_entropy,0.0378260358860124,0.00016847981955038084
ChemSpacE extreme-SVM,BertzCT,8,selfies_len_tokens,0.25694897450197823,0.19912871287128714
ChemSpacE extreme-SVM,BertzCT,8,branch_token_count,0.0799921968471892,0.004190099009900988
ChemSpacE extreme-SVM,BertzCT,8,ring_token_count,0.021135217921777385,0.0008732673267326721
ChemSpacE extreme-SVM,BertzCT,8,token_entropy,0.059950856408490044,0.00018981175200766622
ChemSpacE extreme-SVM,BertzCT,9,selfies_len_tokens,0.4268868875905782,0.3570396039603961
ChemSpacE extreme-SVM,BertzCT,9,branch_token_count,0.15347758360700278,0.01001980198019802
ChemSpacE extreme-SVM,BertzCT,9,ring_token_count,0.03137799694260021,0.0011386138613861377
ChemSpacE extreme-SVM,BertzCT,9,token_entropy,0.13428546973068903,0.0004243754149316154
ChemSpacE extreme-SVM,BertzCT,10,selfies_len_tokens,0.49886793433510934,0.4289366336633663
ChemSpacE extreme-SVM,BertzCT,10,branch_token_count,0.12744612573627617,0.007849504950495047
ChemSpacE extreme-SVM,BertzCT,10,ring_token_count,0.027838094340921573,0.0008079207920792071
ChemSpacE extreme-SVM,BertzCT,10,token_entropy,0.108475175710537,0.00027355337574251555
ChemSpacE extreme-SVM,BertzCT,11,selfies_len_tokens,0.26949206177929347,0.2122059405940594
ChemSpacE extreme-SVM,BertzCT,11,branch_token_count,0.060420364876966205,0.0016356435643564346
ChemSpacE extreme-SVM,BertzCT,11,ring_token_count,0.038402322609736854,0.0015306930693069298
ChemSpacE extreme-SVM,BertzCT,11,token_entropy,0.043795784128735936,0.0002018662001813428
ChemSpacE extreme-SVM,BertzCT,12,selfies_len_tokens,0.5214390428318088,0.45108316831683165
ChemSpacE extreme-SVM,BertzCT,12,branch_token_count,0.05836590172500535,0.004396039603960394
ChemSpacE extreme-SVM,BertzCT,12,ring_token_count,0.02830882738651122,0.0017089108910891076
ChemSpacE extreme-SVM,BertzCT,12,token_entropy,0.0515149636903324,0.00020584915733064217
ChemSpacE extreme-SVM,BertzCT,13,selfies_len_tokens,0.8264573002518513,0.7536435643564359
ChemSpacE extreme-SVM,BertzCT,13,branch_token_count,0.10165946915561688,0.004504950495049504
ChemSpacE extreme-SVM,BertzCT,13,ring_token_count,0.03883747640701433,0.0013683168316831673
ChemSpacE extreme-SVM,BertzCT,13,token_entropy,0.12768489931543325,0.0004493762355564987
ChemSpacE extreme-SVM,BertzCT,14,selfies_len_tokens,0.8495207713935095,0.7593089108910893
ChemSpacE extreme-SVM,BertzCT,14,branch_token_count,0.04264300395947174,0.0011663366336633653
ChemSpacE extreme-SVM,BertzCT,14,ring_token_count,0.027644353732599367,0.0008772277227722762
ChemSpacE extreme-SVM,BertzCT,14,token_entropy,0.036807337480569254,0.00014331127803028702
ChemSpacE extreme-SVM,BertzCT,15,selfies_len_tokens,0.4708548224644744,0.4055524752475248
ChemSpacE extreme-SVM,BertzCT,15,branch_token_count,0.03522606301793343,0.0007366336633663362
ChemSpacE extreme-SVM,BertzCT,15,ring_token_count,0.031173912409640205,0.0011366336633663356
ChemSpacE extreme-SVM,BertzCT,15,token_entropy,0.06452572220360614,0.00025360474788561416
ChemSpacE extreme-SVM,BertzCT,16,selfies_len_tokens,0.8561075563711887,0.7593326732673268
ChemSpacE extreme-SVM,BertzCT,16,branch_token_count,0.06653878431954698,0.0024178217821782164
ChemSpacE extreme-SVM,BertzCT,16,ring_token_count,0.02383565003056852,0.0008178217821782168
ChemSpacE extreme-SVM,BertzCT,16,token_entropy,0.05902851681331644,0.00018545861699840563
ChemSpacE extreme-SVM,BertzCT,17,selfies_len_tokens,0.2784545193493879,0.2059544554455445
ChemSpacE extreme-SVM,BertzCT,17,branch_token_count,0.07333880398853777,0.003954455445544552
ChemSpacE extreme-SVM,BertzCT,17,ring_token_count,0.01723692541437984,0.0008871287128712857
ChemSpacE extreme-SVM,BertzCT,17,token_entropy,0.060138584544435415,0.00025566003801430275
ChemSpacE extreme-SVM,BertzCT,18,selfies_len_tokens,0.8938198316154877,0.7604950495049508
ChemSpacE extreme-SVM,BertzCT,18,branch_token_count,0.02741569057467577,0.0006910891089108901
ChemSpacE extreme-SVM,BertzCT,18,ring_token_count,0.021135217921777385,0.0008158415841584149
ChemSpacE extreme-SVM,BertzCT,18,token_entropy,0.028987520418614677,9.940715866277013e-05
ChemSpacE extreme-SVM,BertzCT,19,selfies_len_tokens,0.8730198193943741,0.760132673267327
ChemSpacE extreme-SVM,BertzCT,19,branch_token_count,0.042642570311359304,0.0013227722772277215
ChemSpacE extreme-SVM,BertzCT,19,ring_token_count,0.027607754803924692,0.0011089108910891075
ChemSpacE extreme-SVM,BertzCT,19,token_entropy,0.03672228297454829,0.00015058903173997197
ChemSpacE extreme-SVM,BertzCT,20,selfies_len_tokens,0.2779310844603682,0.21013465346534657
ChemSpacE extreme-SVM,BertzCT,20,branch_token_count,0.05077310264822336,0.0019861386138613846
ChemSpacE extreme-SVM,BertzCT,20,ring_token_count,0.017321538652739346,0.0008118811881188109
ChemSpacE extreme-SVM,BertzCT,20,token_entropy,0.02272195785618683,8.874837818570588e-05
ChemSpacE extreme-SVM,BertzCT,21,selfies_len_tokens,0.6276353274498467,0.550081188118812
ChemSpacE extreme-SVM,BertzCT,21,branch_token_count,0.04190623690242278,0.0008415841584158407
ChemSpacE extreme-SVM,BertzCT,21,ring_token_count,0.020790548098476382,0.0008415841584158404
ChemSpacE extreme-SVM,BertzCT,21,token_entropy,0.020546078955491005,5.607646221406779e-05
ChemSpacE extreme-SVM,BertzCT,22,selfies_len_tokens,0.33310028199503156,0.26456831683168314
ChemSpacE extreme-SVM,BertzCT,22,branch_token_count,0.0923325811221373,0.0044772277227722755
ChemSpacE extreme-SVM,BertzCT,22,ring_token_count,0.031186244911735484,0.0016178217821782165
ChemSpacE extreme-SVM,BertzCT,22,token_entropy,0.05971239351180315,0.00023940837457471224
ChemSpacE extreme-SVM,BertzCT,23,selfies_len_tokens,0.42176196936949195,0.3555524752475248
ChemSpacE extreme-SVM,BertzCT,23,branch_token_count,0.042192634661968396,0.0007762376237623755
ChemSpacE extreme-SVM,BertzCT,23,ring_token_count,0.024392234477828397,0.0010792079207920782
ChemSpacE extreme-SVM,BertzCT,23,token_entropy,0.021145634990977102,9.448379708950163e-05
ChemSpacE extreme-SVM,BertzCT,24,selfies_len_tokens,0.25119250871081134,0.19159405940594054
ChemSpacE extreme-SVM,BertzCT,24,branch_token_count,0.0881959428100192,0.004009900990099008
ChemSpacE extreme-SVM,BertzCT,24,ring_token_count,0.031186244911735484,0.0010613861386138605
ChemSpacE extreme-SVM,BertzCT,24,token_entropy,0.08005084247358522,0.0002290537953640594
ChemSpacE extreme-SVM,BertzCT,25,selfies_len_tokens,0.7947789765350388,0.7205029702970298
ChemSpacE extreme-SVM,BertzCT,25,branch_token_count,0.08522848345553231,0.003546534653465344
ChemSpacE extreme-SVM,BertzCT,25,ring_token_count,0.017309240314894992,0.0009405940594059393
ChemSpacE extreme-SVM,BertzCT,25,token_entropy,0.05043097741443047,9.324067786928598e-05
ChemSpacE extreme-SVM,BertzCT,26,selfies_len_tokens,0.7075031012192238,0.6250732673267329
ChemSpacE extreme-SVM,BertzCT,26,branch_token_count,0.14658748439113017,0.007744554455445541
ChemSpacE extreme-SVM,BertzCT,26,ring_token_count,0.028236990178199223,0.0012930693069306918
ChemSpacE extreme-SVM,BertzCT,26,token_entropy,0.13408026522728145,0.0004461766252721224
ChemSpacE extreme-SVM,BertzCT,27,selfies_len_tokens,0.3043893829077254,0.23876633663366334
ChemSpacE extreme-SVM,BertzCT,27,branch_token_count,0.09391276743693226,0.004986138613861384
ChemSpacE extreme-SVM,BertzCT,27,ring_token_count,0.021288279246497555,0.0010079207920792067
ChemSpacE extreme-SVM,BertzCT,27,token_entropy,0.08453072174261017,0.00021324249796904587
ChemSpacE extreme-SVM,BertzCT,28,selfies_len_tokens,0.2893909725903843,0.22746534653465336
ChemSpacE extreme-SVM,BertzCT,28,branch_token_count,0.054055528569596896,0.0008752475247524744
ChemSpacE extreme-SVM,BertzCT,28,ring_token_count,0.0312759546761202,0.0008930693069306923
ChemSpacE extreme-SVM,BertzCT,28,token_entropy,0.03169632455395334,0.00014791694331368012
ChemSpacE extreme-SVM,BertzCT,29,selfies_len_tokens,0.5717861771927678,0.4999524752475248
ChemSpacE extreme-SVM,BertzCT,29,branch_token_count,0.054816692716312135,0.0022118811881188106
ChemSpacE extreme-SVM,BertzCT,29,ring_token_count,0.02829708442851557,0.0014415841584158407
ChemSpacE extreme-SVM,BertzCT,29,token_entropy,0.02902673883136548,0.0001336105044179972
ChemSpacE extreme-SVM,BertzCT,30,selfies_len_tokens,0.9005782054382677,0.7604198019801983
ChemSpacE extreme-SVM,BertzCT,30,branch_token_count,0.031009765508804545,0.0010792079207920782
ChemSpacE extreme-SVM,BertzCT,30,ring_token_count,0.01753932908757152,0.00106138613861386
ChemSpacE extreme-SVM,BertzCT,30,token_entropy,0.02894333212529362,9.654564912604589e-05
ChemSpacE extreme-SVM,BertzCT,31,selfies_len_tokens,0.3881539252238894,0.3209960396039604
ChemSpacE extreme-SVM,BertzCT,31,branch_token_count,0.16554503089134093,0.02293663366336634
ChemSpacE extreme-SVM,BertzCT,31,ring_token_count,0.021237546711150142,0.0007940594059405934
ChemSpacE extreme-SVM,BertzCT,31,token_entropy,0.14003457778712944,0.0005290761337666868
ChemSpacE extreme-SVM,BertzCT,32,selfies_len_tokens,0.5146839475316534,0.4450415841584158
ChemSpacE extreme-SVM,BertzCT,32,branch_token_count,0.11402736061503044,0.005518811881188117
ChemSpacE extreme-SVM,BertzCT,32,ring_token_count,0.03898252767277348,0.001766336633663365
ChemSpacE extreme-SVM,BertzCT,32,token_entropy,0.08488342568055852,0.000381294806133159
ChemSpacE extreme-SVM,BertzCT,33,selfies_len_tokens,0.3777738646266875,0.3123485148514852
ChemSpacE extreme-SVM,BertzCT,33,branch_token_count,0.09202428074434273,0.0020138613861386133
ChemSpacE extreme-SVM,BertzCT,33,ring_token_count,0.03891000203989389,0.0015366336633663355
ChemSpacE extreme-SVM,BertzCT,33,token_entropy,0.06749840606376427,0.00021384856006209508
ChemSpacE extreme-SVM,BertzCT,34,selfies_len_tokens,0.5205849891099813,0.4513485148514852
ChemSpacE extreme-SVM,BertzCT,34,branch_token_count,0.07881628663909498,0.006584158415841581
ChemSpacE extreme-SVM,BertzCT,34,ring_token_count,0.01739406428561893,0.0010158415841584143
ChemSpacE extreme-SVM,BertzCT,34,token_entropy,0.06825178734697537,0.00021052188847421661
ChemSpacE extreme-SVM,BertzCT,35,selfies_len_tokens,0.4513614578894709,0.3790811881188121
ChemSpacE extreme-SVM,BertzCT,35,branch_token_count,0.06201026940103211,0.0033821782178217806
ChemSpacE extreme-SVM,BertzCT,35,ring_token_count,0.027559740494239853,0.0010910891089108898
ChemSpacE extreme-SVM,BertzCT,35,token_entropy,0.03090607071329551,0.0001152141920229017
ChemSpacE extreme-SVM,BertzCT,36,selfies_len_tokens,0.7113416062418969,0.6329306930693069
ChemSpacE extreme-SVM,BertzCT,36,branch_token_count,0.050735012841501,0.002009900990099008
ChemSpacE extreme-SVM,BertzCT,36,ring_token_count,0.02119870609795567,0.0010772277227722759
ChemSpacE extreme-SVM,BertzCT,36,token_entropy,0.048549031481629604,0.00019902474667740741
ChemSpacE extreme-SVM,BertzCT,37,selfies_len_tokens,0.44901554061993393,0.38333861386138623
ChemSpacE extreme-SVM,BertzCT,37,branch_token_count,0.08360095088385708,0.005269306930693067
ChemSpacE extreme-SVM,BertzCT,37,ring_token_count,0.035168039400362006,0.0016534653465346521
ChemSpacE extreme-SVM,BertzCT,37,token_entropy,0.07572641965650417,0.0002774475418814716
ChemSpacE extreme-SVM,BertzCT,38,selfies_len_tokens,0.5272080845137803,0.45230099009900987
ChemSpacE extreme-SVM,BertzCT,38,branch_token_count,0.06944718112465702,0.0024297029702970282
ChemSpacE extreme-SVM,BertzCT,38,ring_token_count,0.021339299688070947,0.0012653465346534637
ChemSpacE extreme-SVM,BertzCT,38,token_entropy,0.03711746368995344,0.0001006983485479736
ChemSpacE extreme-SVM,BertzCT,39,selfies_len_tokens,0.4953605184646849,0.43049900990099016
ChemSpacE extreme-SVM,BertzCT,39,branch_token_count,0.09888949971905324,0.005623762376237622
ChemSpacE extreme-SVM,BertzCT,39,ring_token_count,0.031009354910338648,0.0008514851485148508
ChemSpacE extreme-SVM,BertzCT,39,token_entropy,0.09023087653112846,0.00024954814417298463
ChemSpacE extreme-SVM,BertzCT,40,selfies_len_tokens,0.381676061885943,0.3217465346534653
ChemSpacE extreme-SVM,BertzCT,40,branch_token_count,0.09036723557025764,0.004691089108910889
ChemSpacE extreme-SVM,BertzCT,40,ring_token_count,0.031147979580555436,0.0012396039603960384
ChemSpacE extreme-SVM,BertzCT,40,token_entropy,0.08471322493712005,0.00021809606767199353
ChemSpacE extreme-SVM,BertzCT,41,selfies_len_tokens,0.5726054380001454,0.5000970297029703
ChemSpacE extreme-SVM,BertzCT,41,branch_token_count,0.05545276805018566,0.001944554455445543
ChemSpacE extreme-SVM,BertzCT,41,ring_token_count,0.02137727522272786,0.0011366336633663356
ChemSpacE extreme-SVM,BertzCT,41,token_entropy,0.02998619159859626,9.530757188851663e-05
ChemSpacE extreme-SVM,BertzCT,42,selfies_len_tokens,0.3293027013366711,0.2612514851485148
ChemSpacE extreme-SVM,BertzCT,42,branch_token_count,0.06850951298709912,0.0041821782178217805
ChemSpacE extreme-SVM,BertzCT,42,ring_token_count,0.027958631475077537,0.0011445544554455436
ChemSpacE extreme-SVM,BertzCT,42,token_entropy,0.053823012369692884,0.00019617246851319058
ChemSpacE extreme-SVM,BertzCT,43,selfies_len_tokens,0.28817397545596984,0.22547524752475243
ChemSpacE extreme-SVM,BertzCT,43,branch_token_count,0.12530548805351358,0.008675247524752475
ChemSpacE extreme-SVM,BertzCT,43,ring_token_count,0.02433796921758851,0.0008792079207920781
ChemSpacE extreme-SVM,BertzCT,43,token_entropy,0.09280053936384854,0.00031677871167247695
ChemSpacE extreme-SVM,BertzCT,44,selfies_len_tokens,0.38535507091817967,0.31817227722772284
ChemSpacE extreme-SVM,BertzCT,44,branch_token_count,0.038254345014399574,0.0013782178217821763
ChemSpacE extreme-SVM,BertzCT,44,ring_token_count,0.020727054389190248,0.0007049504950495038
ChemSpacE extreme-SVM,BertzCT,44,token_entropy,0.030639847897083714,8.103978926224818e-05
ChemSpacE extreme-SVM,BertzCT,45,selfies_len_tokens,0.2719415901954913,0.21266732673267322
ChemSpacE extreme-SVM,BertzCT,45,branch_token_count,0.0807790312753499,0.0036673267326732648
ChemSpacE extreme-SVM,BertzCT,45,ring_token_count,0.027801154137052014,0.0010772277227722759
ChemSpacE extreme-SVM,BertzCT,45,token_entropy,0.0659942668662208,0.00024922955945636693
ChemSpacE extreme-SVM,BertzCT,46,selfies_len_tokens,0.4083440242371718,0.34183366336633664
ChemSpacE extreme-SVM,BertzCT,46,branch_token_count,0.07783697196709229,0.005386138613861384
ChemSpacE extreme-SVM,BertzCT,46,ring_token_count,0.024136695912162574,0.0009188118811881177
ChemSpacE extreme-SVM,BertzCT,46,token_entropy,0.06905825593622811,0.00021182226972091573
ChemSpacE extreme-SVM,BertzCT,47,selfies_len_tokens,0.8346405950563173,0.7546712871287129
ChemSpacE extreme-SVM,BertzCT,47,branch_token_count,0.0424929383077156,0.001601980198019801
ChemSpacE extreme-SVM,BertzCT,47,ring_token_count,0.02108419748020399,0.0008138613861386129
ChemSpacE extreme-SVM,BertzCT,47,token_entropy,0.03991473012285804,0.00014598368741344724
ChemSpacE extreme-SVM,BertzCT,48,selfies_len_tokens,0.7504010178504102,0.6620158415841585
ChemSpacE extreme-SVM,BertzCT,48,branch_token_count,0.049845226970014304,0.0008633663366336625
ChemSpacE extreme-SVM,BertzCT,48,ring_token_count,0.020918097473313656,0.0007801980198019792
ChemSpacE extreme-SVM,BertzCT,48,token_entropy,0.0728181386027835,8.364224710971062e-05
ChemSpacE extreme-SVM,BertzCT,49,selfies_len_tokens,0.4036298892830297,0.33444554455445547
ChemSpacE extreme-SVM,BertzCT,49,branch_token_count,0.06365338311540196,0.0036910891089108893
ChemSpacE extreme-SVM,BertzCT,49,ring_token_count,0.03552536788984455,0.001825742574257424
ChemSpacE extreme-SVM,BertzCT,49,token_entropy,0.05740942857558879,0.0002320751989585091
ChemSpacE extreme-SVM,HeavyAtomCount,0,selfies_len_tokens,0.8938198316154877,0.760483168316832
ChemSpacE extreme-SVM,HeavyAtomCount,0,branch_token_count,0.07691911721857614,0.0017465346534653453
ChemSpacE extreme-SVM,HeavyAtomCount,0,ring_token_count,0.024309325758688036,0.00112079207920792
ChemSpacE extreme-SVM,HeavyAtomCount,0,token_entropy,0.5196935184742633,0.001240623058460382
ChemSpacE extreme-SVM,HeavyAtomCount,1,selfies_len_tokens,0.8972705887584552,0.7604396039603961
ChemSpacE extreme-SVM,HeavyAtomCount,1,branch_token_count,0.03536516833714952,0.0010178217821782169
ChemSpacE extreme-SVM,HeavyAtomCount,1,ring_token_count,0.031211755132522178,0.001013861386138613
ChemSpacE extreme-SVM,HeavyAtomCount,1,token_entropy,0.20029665815198205,0.0009390333680523202
ChemSpacE extreme-SVM,HeavyAtomCount,2,selfies_len_tokens,0.9041690949016215,0.7592079207920795
ChemSpacE extreme-SVM,HeavyAtomCount,2,branch_token_count,0.04629286702802883,0.001334653465346534
ChemSpacE extreme-SVM,HeavyAtomCount,2,ring_token_count,0.043141014872665286,0.001605940594059405
ChemSpacE extreme-SVM,HeavyAtomCount,2,token_entropy,0.3076454383745963,0.0010156081259043823
ChemSpacE extreme-SVM,HeavyAtomCount,3,selfies_len_tokens,0.9005782054382677,0.7604871287128716
ChemSpacE extreme-SVM,HeavyAtomCount,3,branch_token_count,0.6951914199021401,0.11297821782178219
ChemSpacE extreme-SVM,HeavyAtomCount,3,ring_token_count,0.027753817975239143,0.0011108910891089096
ChemSpacE extreme-SVM,HeavyAtomCount,3,token_entropy,0.594343125832247,0.002315854723157658
ChemSpacE extreme-SVM,HeavyAtomCount,4,selfies_len_tokens,0.8972873076396684,0.7604792079207922
ChemSpacE extreme-SVM,HeavyAtomCount,4,branch_token_count,0.11448769705267542,0.002609900990099009
ChemSpacE extreme-SVM,HeavyAtomCount,4,ring_token_count,0.03481032552756971,0.0009702970297029692
ChemSpacE extreme-SVM,HeavyAtomCount,4,token_entropy,0.372554389871294,0.0010990134618148774
ChemSpacE extreme-SVM,HeavyAtomCount,5,selfies_len_tokens,0.9029770410999801,0.7610118811881191
ChemSpacE extreme-SVM,HeavyAtomCount,5,branch_token_count,0.2856319964012616,0.013475247524752473
ChemSpacE extreme-SVM,HeavyAtomCount,5,ring_token_count,0.019321724216209174,0.001516831683168315
ChemSpacE extreme-SVM,HeavyAtomCount,5,token_entropy,0.26985304286525974,0.001419214554879264
ChemSpacE extreme-SVM,HeavyAtomCount,6,selfies_len_tokens,0.9005881999618865,0.76040198019802
ChemSpacE extreme-SVM,HeavyAtomCount,6,branch_token_count,0.07734964164335405,0.0016495049504950485
ChemSpacE extreme-SVM,HeavyAtomCount,6,ring_token_count,0.03511001707184681,0.0013485148514851475
ChemSpacE extreme-SVM,HeavyAtomCount,6,token_entropy,0.19919736958151835,0.0010183855612915242
ChemSpacE extreme-SVM,HeavyAtomCount,7,selfies_len_tokens,0.9041690949016215,0.7592910891089111
ChemSpacE extreme-SVM,HeavyAtomCount,7,branch_token_count,0.05208574370580094,0.002358415841584157
ChemSpacE extreme-SVM,HeavyAtomCount,7,ring_token_count,0.03883747640701433,0.0014712871287128704
ChemSpacE extreme-SVM,HeavyAtomCount,7,token_entropy,0.1740195999222712,0.0008752537248064262
ChemSpacE extreme-SVM,HeavyAtomCount,8,selfies_len_tokens,0.9037243339465728,0.7604178217821783
ChemSpacE extreme-SVM,HeavyAtomCount,8,branch_token_count,0.07636116748585967,0.0016118811881188106
ChemSpacE extreme-SVM,HeavyAtomCount,8,ring_token_count,0.027487214861360278,0.0007346534653465337
ChemSpacE extreme-SVM,HeavyAtomCount,8,token_entropy,0.2537556184222535,0.0005090354025846725
ChemSpacE extreme-SVM,HeavyAtomCount,9,selfies_len_tokens,0.9041757314678034,0.7592336633663369
ChemSpacE extreme-SVM,HeavyAtomCount,9,branch_token_count,0.046475242558662616,0.0020316831683168304
ChemSpacE extreme-SVM,HeavyAtomCount,9,ring_token_count,0.031262775574095576,0.0008475247524752469
ChemSpacE extreme-SVM,HeavyAtomCount,9,token_entropy,0.3471317495687235,0.0006467153547109022
ChemSpacE extreme-SVM,HeavyAtomCount,10,selfies_len_tokens,0.9005782054382677,0.7604752475247528
ChemSpacE extreme-SVM,HeavyAtomCount,10,branch_token_count,0.8468641617971469,0.15177029702970296
ChemSpacE extreme-SVM,HeavyAtomCount,10,ring_token_count,0.03062502005442818,0.0006910891089108903
ChemSpacE extreme-SVM,HeavyAtomCount,10,token_entropy,0.6398624592689403,0.003307695024427766
ChemSpacE extreme-SVM,HeavyAtomCount,11,selfies_len_tokens,0.9102641693957906,0.7591940594059409
ChemSpacE extreme-SVM,HeavyAtomCount,11,branch_token_count,0.06104130711856208,0.001299009900990098
ChemSpacE extreme-SVM,HeavyAtomCount,11,ring_token_count,0.03130188959746305,0.0010633663366336624
ChemSpacE extreme-SVM,HeavyAtomCount,11,token_entropy,0.4362310312077302,0.0013724784315200572
ChemSpacE extreme-SVM,HeavyAtomCount,12,selfies_len_tokens,0.8972839638883474,0.760491089108911
ChemSpacE extreme-SVM,HeavyAtomCount,12,branch_token_count,0.1376206584022613,0.0042752475247524735
ChemSpacE extreme-SVM,HeavyAtomCount,12,ring_token_count,0.034844519567811254,0.0011029702970297018
ChemSpacE extreme-SVM,HeavyAtomCount,12,token_entropy,0.2263423585194374,0.0009172870337096757
ChemSpacE extreme-SVM,HeavyAtomCount,13,selfies_len_tokens,0.900877992913475,0.7592930693069309
ChemSpacE extreme-SVM,HeavyAtomCount,13,branch_token_count,0.06884100586104663,0.002778217821782177
ChemSpacE extreme-SVM,HeavyAtomCount,13,ring_token_count,0.031326975809360204,0.0009663366336633655
ChemSpacE extreme-SVM,HeavyAtomCount,13,token_entropy,0.28723611384366676,0.000955451651307917
ChemSpacE extreme-SVM,HeavyAtomCount,14,selfies_len_tokens,0.8938164748924013,0.7605445544554458
ChemSpacE extreme-SVM,HeavyAtomCount,14,branch_token_count,0.7763612918375243,0.11621782178217822
ChemSpacE extreme-SVM,HeavyAtomCount,14,ring_token_count,0.02770445447048835,0.0008475247524752466
ChemSpacE extreme-SVM,HeavyAtomCount,14,token_entropy,0.7694662895164275,0.002996740946766559
ChemSpacE extreme-SVM,HeavyAtomCount,15,selfies_len_tokens,0.9005815369584649,0.7604673267326734
ChemSpacE extreme-SVM,HeavyAtomCount,15,branch_token_count,0.03545620753704147,0.000922772277227722
ChemSpacE extreme-SVM,HeavyAtomCount,15,ring_token_count,0.031034866514542955,0.0011306930693069297
ChemSpacE extreme-SVM,HeavyAtomCount,15,token_entropy,0.3794145255428734,0.0010407229914581517
ChemSpacE extreme-SVM,HeavyAtomCount,16,selfies_len_tokens,0.8938164748924013,0.7605564356435646
ChemSpacE extreme-SVM,HeavyAtomCount,16,branch_token_count,0.17814402301247584,0.004647524752475247
ChemSpacE extreme-SVM,HeavyAtomCount,16,ring_token_count,0.030676040496001568,0.0009663366336633653
ChemSpacE extreme-SVM,HeavyAtomCount,16,token_entropy,0.2516200286189779,0.0011047715433542284
ChemSpacE extreme-SVM,HeavyAtomCount,17,selfies_len_tokens,0.8999816646463803,0.7611445544554457
ChemSpacE extreme-SVM,HeavyAtomCount,17,branch_token_count,0.41964215288525375,0.01599009900990099
ChemSpacE extreme-SVM,HeavyAtomCount,17,ring_token_count,0.027414689228480695,0.0010217821782178204
ChemSpacE extreme-SVM,HeavyAtomCount,17,token_entropy,0.38790207312128466,0.0016829494820327388
ChemSpacE extreme-SVM,HeavyAtomCount,18,selfies_len_tokens,0.8938198316154877,0.7605603960396041
ChemSpacE extreme-SVM,HeavyAtomCount,18,branch_token_count,0.6399729709647796,0.02061980198019802
ChemSpacE extreme-SVM,HeavyAtomCount,18,ring_token_count,0.027838094340921573,0.0008673267326732663
ChemSpacE extreme-SVM,HeavyAtomCount,18,token_entropy,0.7210355482019163,0.0027140472722318554
ChemSpacE extreme-SVM,HeavyAtomCount,19,selfies_len_tokens,0.8901838252430069,0.7605485148514853
ChemSpacE extreme-SVM,HeavyAtomCount,19,branch_token_count,0.06242971689486226,0.005568316831683166
ChemSpacE extreme-SVM,HeavyAtomCount,19,ring_token_count,0.03489139798914972,0.0013960396039603945
ChemSpacE extreme-SVM,HeavyAtomCount,19,token_entropy,0.5267166121049951,0.0015265217039020437
ChemSpacE extreme-SVM,HeavyAtomCount,20,selfies_len_tokens,0.9029770410999801,0.7610376237623765
ChemSpacE extreme-SVM,HeavyAtomCount,20,branch_token_count,0.07108224875014396,0.001552475247524751
ChemSpacE extreme-SVM,HeavyAtomCount,20,ring_token_count,0.02377937137860143,0.0007425742574257417
ChemSpacE extreme-SVM,HeavyAtomCount,20,token_entropy,0.19953790321466644,0.0005463477899961505
ChemSpacE extreme-SVM,HeavyAtomCount,21,selfies_len_tokens,0.8968224066351732,0.7612831683168318
ChemSpacE extreme-SVM,HeavyAtomCount,21,branch_token_count,0.03441842120043813,0.0008930693069306918
ChemSpacE extreme-SVM,HeavyAtomCount,21,ring_token_count,0.027160849513402172,0.0008594059405940581
ChemSpacE extreme-SVM,HeavyAtomCount,21,token_entropy,0.19139866290159224,0.0007775961166157859
ChemSpacE extreme-SVM,HeavyAtomCount,22,selfies_len_tokens,0.896825752107378,0.7612158415841587
ChemSpacE extreme-SVM,HeavyAtomCount,22,branch_token_count,0.05484918555901813,0.0019306930693069287
ChemSpacE extreme-SVM,HeavyAtomCount,22,ring_token_count,0.027728629387129267,0.0012059405940594045
ChemSpacE extreme-SVM,HeavyAtomCount,22,token_entropy,0.23443278110543325,0.0007504715819986337
ChemSpacE extreme-SVM,HeavyAtomCount,23,selfies_len_tokens,0.9041790497326276,0.7592990099009903
ChemSpacE extreme-SVM,HeavyAtomCount,23,branch_token_count,0.0427092884215849,0.00111089108910891
ChemSpacE extreme-SVM,HeavyAtomCount,23,ring_token_count,0.03851251771204454,0.0009485148514851478
ChemSpacE extreme-SVM,HeavyAtomCount,23,token_entropy,0.17924143689494948,0.0008679997241018564
ChemSpacE extreme-SVM,HeavyAtomCount,24,selfies_len_tokens,0.9066974192204377,0.7603742574257428
ChemSpacE extreme-SVM,HeavyAtomCount,24,branch_token_count,0.22143218692099492,0.004154455445544553
ChemSpacE extreme-SVM,HeavyAtomCount,24,ring_token_count,0.03085461204150844,0.0008871287128712862
ChemSpacE extreme-SVM,HeavyAtomCount,24,token_entropy,0.25938828179104173,0.0005576530870009751
ChemSpacE extreme-SVM,HeavyAtomCount,25,selfies_len_tokens,0.9037243339465728,0.7604079207920795
ChemSpacE extreme-SVM,HeavyAtomCount,25,branch_token_count,0.05419713512241639,0.0012138613861386127
ChemSpacE extreme-SVM,HeavyAtomCount,25,ring_token_count,0.0162338518019356,0.0009168316831683158
ChemSpacE extreme-SVM,HeavyAtomCount,25,token_entropy,0.21786948595790437,0.0006743696495659258
ChemSpacE extreme-SVM,HeavyAtomCount,26,selfies_len_tokens,0.8972839638883474,0.7605227722772281
ChemSpacE extreme-SVM,HeavyAtomCount,26,branch_token_count,0.04326121899981425,0.0018752475247524737
ChemSpacE extreme-SVM,HeavyAtomCount,26,ring_token_count,0.031199422976260206,0.0012396039603960384
ChemSpacE extreme-SVM,HeavyAtomCount,26,token_entropy,0.36938961137229126,0.001115235014403613
ChemSpacE extreme-SVM,HeavyAtomCount,27,selfies_len_tokens,0.9066941101721914,0.7603623762376239
ChemSpacE extreme-SVM,HeavyAtomCount,27,branch_token_count,0.28207956475423673,0.015031683168316832
ChemSpacE extreme-SVM,HeavyAtomCount,27,ring_token_count,0.027596339288026038,0.0007683168316831675
ChemSpacE extreme-SVM,HeavyAtomCount,27,token_entropy,0.2611587533530673,0.0007303510374927131
ChemSpacE extreme-SVM,HeavyAtomCount,28,selfies_len_tokens,0.9067139642805234,0.7602871287128714
ChemSpacE extreme-SVM,HeavyAtomCount,28,branch_token_count,0.03778677482168884,0.0007782178217821776
ChemSpacE extreme-SVM,HeavyAtomCount,28,ring_token_count,0.03125044410950021,0.0009643564356435634
ChemSpacE extreme-SVM,HeavyAtomCount,28,token_entropy,0.12847451510138413,0.0005483007077963109
ChemSpacE extreme-SVM,HeavyAtomCount,29,selfies_len_tokens,0.9008879841112277,0.7592653465346536
ChemSpacE extreme-SVM,HeavyAtomCount,29,branch_token_count,0.046834122586655605,0.001855445544554454
ChemSpacE extreme-SVM,HeavyAtomCount,29,ring_token_count,0.03574437567372094,0.0012534653465346526
ChemSpacE extreme-SVM,HeavyAtomCount,29,token_entropy,0.20721909204796313,0.0010934821627218982
ChemSpacE extreme-SVM,HeavyAtomCount,30,selfies_len_tokens,0.8938198316154877,0.7605267326732674
ChemSpacE extreme-SVM,HeavyAtomCount,30,branch_token_count,0.8405637148402444,0.4592138613861387
ChemSpacE extreme-SVM,HeavyAtomCount,30,ring_token_count,0.027873678886974756,0.0011168316831683155
ChemSpacE extreme-SVM,HeavyAtomCount,30,token_entropy,0.6671565393091242,0.001848231296211521
ChemSpacE extreme-SVM,HeavyAtomCount,31,selfies_len_tokens,0.9037276538688171,0.7604079207920794
ChemSpacE extreme-SVM,HeavyAtomCount,31,branch_token_count,0.08630981491015588,0.0026792079207920774
ChemSpacE extreme-SVM,HeavyAtomCount,31,ring_token_count,0.02118623836335077,0.0005722772277227716
ChemSpacE extreme-SVM,HeavyAtomCount,31,token_entropy,0.3263379268156548,0.0006010275654568853
ChemSpacE extreme-SVM,HeavyAtomCount,32,selfies_len_tokens,0.9008879841112277,0.7592950495049507
ChemSpacE extreme-SVM,HeavyAtomCount,32,branch_token_count,0.07927018271143854,0.003304950495049504
ChemSpacE extreme-SVM,HeavyAtomCount,32,ring_token_count,0.03911596755849858,0.001625742574257425
ChemSpacE extreme-SVM,HeavyAtomCount,32,token_entropy,0.38130599706375623,0.0012425559199292265
ChemSpacE extreme-SVM,HeavyAtomCount,33,selfies_len_tokens,0.9041690949016215,0.7591603960396043
ChemSpacE extreme-SVM,HeavyAtomCount,33,branch_token_count,0.046580529011241774,0.0013663366336633654
ChemSpacE extreme-SVM,HeavyAtomCount,33,ring_token_count,0.03891000203989389,0.0013762376237623755
ChemSpacE extreme-SVM,HeavyAtomCount,33,token_entropy,0.10235017311433837,0.00044441110637599614
ChemSpacE extreme-SVM,HeavyAtomCount,34,selfies_len_tokens,0.8968224066351732,0.7611881188118813
ChemSpacE extreme-SVM,HeavyAtomCount,34,branch_token_count,0.21330210369005917,0.006154455445544552
ChemSpacE extreme-SVM,HeavyAtomCount,34,ring_token_count,0.024056009727164897,0.001093069306930692
ChemSpacE extreme-SVM,HeavyAtomCount,34,token_entropy,0.20542840382260863,0.0007813302280206005
ChemSpacE extreme-SVM,HeavyAtomCount,35,selfies_len_tokens,0.9005881999618865,0.7604752475247525
ChemSpacE extreme-SVM,HeavyAtomCount,35,branch_token_count,0.15619460798950868,0.008065346534653463
ChemSpacE extreme-SVM,HeavyAtomCount,35,ring_token_count,0.027644353732599367,0.0009900990099009888
ChemSpacE extreme-SVM,HeavyAtomCount,35,token_entropy,0.25840096755406006,0.0011483776671807327
ChemSpacE extreme-SVM,HeavyAtomCount,36,selfies_len_tokens,0.8972839638883474,0.7605009900990102
ChemSpacE extreme-SVM,HeavyAtomCount,36,branch_token_count,0.14348899176459454,0.003346534653465345
ChemSpacE extreme-SVM,HeavyAtomCount,36,ring_token_count,0.02770445447048835,0.001146534653465345
ChemSpacE extreme-SVM,HeavyAtomCount,36,token_entropy,0.3444374929574496,0.0018539279793867473
ChemSpacE extreme-SVM,HeavyAtomCount,37,selfies_len_tokens,0.8972873076396684,0.7604316831683169
ChemSpacE extreme-SVM,HeavyAtomCount,37,branch_token_count,0.1369187018805818,0.0026158415841584146
ChemSpacE extreme-SVM,HeavyAtomCount,37,ring_token_count,0.03478727233185609,0.0011544554455445533
ChemSpacE extreme-SVM,HeavyAtomCount,37,token_entropy,0.21802247246699613,0.0007407968786374595
ChemSpacE extreme-SVM,HeavyAtomCount,38,selfies_len_tokens,0.8972839638883474,0.7604495049504952
ChemSpacE extreme-SVM,HeavyAtomCount,38,branch_token_count,0.05948383298642847,0.0019148514851485133
ChemSpacE extreme-SVM,HeavyAtomCount,38,ring_token_count,0.028031157107957116,0.0012811881188118798
ChemSpacE extreme-SVM,HeavyAtomCount,38,token_entropy,0.1607407789260074,0.0007161452913842883
ChemSpacE extreme-SVM,HeavyAtomCount,39,selfies_len_tokens,0.9041690949016215,0.7592277227722775
ChemSpacE extreme-SVM,HeavyAtomCount,39,branch_token_count,0.3246594717865199,0.017310891089108913
ChemSpacE extreme-SVM,HeavyAtomCount,39,ring_token_count,0.031211755132522178,0.00074059405940594
ChemSpacE extreme-SVM,HeavyAtomCount,39,token_entropy,0.30108513628864425,0.0008569792259329504
ChemSpacE extreme-SVM,HeavyAtomCount,40,selfies_len_tokens,0.9037210140121323,0.7604099009900992
ChemSpacE extreme-SVM,HeavyAtomCount,40,branch_token_count,0.07208294623937991,0.003023762376237623
ChemSpacE extreme-SVM,HeavyAtomCount,40,ring_token_count,0.038305621765897406,0.0012653465346534644
ChemSpacE extreme-SVM,HeavyAtomCount,40,token_entropy,0.26064233147373744,0.0007619014585371643
ChemSpacE extreme-SVM,HeavyAtomCount,41,selfies_len_tokens,0.8972873076396684,0.7604712871287133
ChemSpacE extreme-SVM,HeavyAtomCount,41,branch_token_count,0.14383692242031576,0.0052792079207920764
ChemSpacE extreme-SVM,HeavyAtomCount,41,ring_token_count,0.027873678886974756,0.0009683168316831672
ChemSpacE extreme-SVM,HeavyAtomCount,41,token_entropy,0.14155593577339065,0.0007095759713974175
ChemSpacE extreme-SVM,HeavyAtomCount,42,selfies_len_tokens,0.9037243339465728,0.7604178217821784
ChemSpacE extreme-SVM,HeavyAtomCount,42,branch_token_count,0.12533100058864968,0.002213861386138613
ChemSpacE extreme-SVM,HeavyAtomCount,42,ring_token_count,0.0162457417650256,0.0006851485148514843
ChemSpacE extreme-SVM,HeavyAtomCount,42,token_entropy,0.2082075612641503,0.0005040325207712546
ChemSpacE extreme-SVM,HeavyAtomCount,43,selfies_len_tokens,0.9066908011118686,0.7603742574257428
ChemSpacE extreme-SVM,HeavyAtomCount,43,branch_token_count,0.10809706320452815,0.002192079207920791
ChemSpacE extreme-SVM,HeavyAtomCount,43,ring_token_count,0.03771378825170444,0.0007425742574257418
ChemSpacE extreme-SVM,HeavyAtomCount,43,token_entropy,0.28661479505009113,0.00054600561527675
ChemSpacE extreme-SVM,HeavyAtomCount,44,selfies_len_tokens,0.8968224066351732,0.761231683168317
ChemSpacE extreme-SVM,HeavyAtomCount,44,branch_token_count,0.03425704883044278,0.001526732673267325
ChemSpacE extreme-SVM,HeavyAtomCount,44,ring_token_count,0.02730590077916133,0.000792079207920791
ChemSpacE extreme-SVM,HeavyAtomCount,44,token_entropy,0.2076964089160033,0.0009610469702677433
ChemSpacE extreme-SVM,HeavyAtomCount,45,selfies_len_tokens,0.9066974192204377,0.7603683168316834
ChemSpacE extreme-SVM,HeavyAtomCount,45,branch_token_count,0.141072083771563,0.0018930693069306918
ChemSpacE extreme-SVM,HeavyAtomCount,45,ring_token_count,0.027450952044920488,0.0007980198019801971
ChemSpacE extreme-SVM,HeavyAtomCount,45,token_entropy,0.34349957808034165,0.0005984944444139656
ChemSpacE extreme-SVM,HeavyAtomCount,46,selfies_len_tokens,0.9005881999618865,0.7604297029702971
ChemSpacE extreme-SVM,HeavyAtomCount,46,branch_token_count,0.13741246944836416,0.004118811881188117
ChemSpacE extreme-SVM,HeavyAtomCount,46,ring_token_count,0.027873678886974756,0.0008138613861386131
ChemSpacE extreme-SVM,HeavyAtomCount,46,token_entropy,0.17226039019311945,0.0006411120194670714
ChemSpacE extreme-SVM,HeavyAtomCount,47,selfies_len_tokens,0.8935042445246124,0.7613861386138617
ChemSpacE extreme-SVM,HeavyAtomCount,47,branch_token_count,0.2005729132814705,0.003780198019801978
ChemSpacE extreme-SVM,HeavyAtomCount,47,ring_token_count,0.027571828099719784,0.0008554455445544544
ChemSpacE extreme-SVM,HeavyAtomCount,47,token_entropy,0.3157018276659648,0.0011580203710031204
ChemSpacE extreme-SVM,HeavyAtomCount,48,selfies_len_tokens,0.8972839638883474,0.7604316831683169
ChemSpacE extreme-SVM,HeavyAtomCount,48,branch_token_count,0.03417674101018464,0.0005306930693069299
ChemSpacE extreme-SVM,HeavyAtomCount,48,ring_token_count,0.027318320977196164,0.0007465346534653457
ChemSpacE extreme-SVM,HeavyAtomCount,48,token_entropy,0.14812188416078778,0.0005008652318057238
ChemSpacE extreme-SVM,HeavyAtomCount,49,selfies_len_tokens,0.9005782054382677,0.7604099009900992
ChemSpacE extreme-SVM,HeavyAtomCount,49,branch_token_count,0.13746037120587665,0.0026574257425742566
ChemSpacE extreme-SVM,HeavyAtomCount,49,ring_token_count,0.027861930631238097,0.0010376237623762367
ChemSpacE extreme-SVM,HeavyAtomCount,49,token_entropy,0.21738579985489015,0.0006370519113158159
