method,property,alpha,latent_displacement,requested_candidates,valid_count,valid_fraction,changed_from_seed_count,changed_from_seed_fraction_all,changed_from_seed_fraction_valid,median_property,median_property_delta,median_expected_signed_improvement,expected_sign_fraction_valid,median_seed_similarity,q25_seed_similarity,q75_seed_similarity,scaffold_evaluable_count,scaffold_retention_fraction
MolecuLA raw OLS (seed-excluded),FractionCSP3,-150.0,150.0,50,50,1.0,50,1.0,1.0,0.0,-0.27420824789245835,0.27420824789245835,0.88,0.045047329276538206,0.03375547514759093,0.056593406593406594,28,0.0
MolecuLA raw OLS (seed-excluded),FractionCSP3,-146.96969696969697,146.96969696969697,50,50,1.0,50,1.0,1.0,0.0,-0.24038461538461536,0.24038461538461536,0.88,0.04951000408329931,0.03458299919807538,0.058403361344537816,30,0.0
MolecuLA raw OLS (seed-excluded),FractionCSP3,-143.93939393939394,143.93939393939394,50,50,1.0,50,1.0,1.0,0.04904306220095694,-0.24038461538461536,0.24038461538461536,0.84,0.05084745762711865,0.03458299919807538,0.059606627877561345,31,0.0
MolecuLA raw OLS (seed-excluded),FractionCSP3,-140.9090909090909,140.9090909090909,50,50,1.0,50,1.0,1.0,0.058823529411764705,-0.23982905982905978,0.23982905982905978,0.84,0.05093393289519198,0.03861116514296829,0.062338917525773196,32,0.0
MolecuLA raw OLS (seed-excluded),FractionCSP3,-137.87878787878788,137.87878787878788,50,50,1.0,50,1.0,1.0,0.06458333333333333,-0.2517482517482517,0.2517482517482517,0.88,0.04941284123837121,0.0399145415084102,0.06434454358270418,33,0.0
MolecuLA raw OLS (seed-excluded),FractionCSP3,-134.84848484848484,134.84848484848484,50,50,1.0,50,1.0,1.0,0.06066176470588235,-0.24395604395604392,0.24395604395604392,0.84,0.050957481337228175,0.042279411764705885,0.06547113752122241,34,0.0
MolecuLA raw OLS (seed-excluded),FractionCSP3,-131.8181818181818,131.8181818181818,50,50,1.0,50,1.0,1.0,0.0625,-0.21428571428571425,0.21428571428571425,0.78,0.05064102564102564,0.042895545314900155,0.0649050024050024,34,0.0
MolecuLA raw OLS (seed-excluded),FractionCSP3,-128.78787878787878,128.78787878787878,50,50,1.0,50,1.0,1.0,0.06904761904761905,-0.21825396825396826,0.21825396825396826,0.78,0.05805527468823728,0.043287476280834916,0.06802825552825553,32,0.0
MolecuLA raw OLS (seed-excluded),FractionCSP3,-125.75757575757575,125.75757575757575,50,50,1.0,50,1.0,1.0,0.07179487179487179,-0.22444444444444445,0.22444444444444445,0.82,0.0514142215173143,0.04177631578947368,0.07269061583577713,32,0.0
MolecuLA raw OLS (seed-excluded),FractionCSP3,-122.72727272727272,122.72727272727272,50,50,1.0,50,1.0,1.0,0.07846153846153847,-0.1972569366117753,0.1972569366117753,0.82,0.05265491630639618,0.04041666666666667,0.07565361410150243,34,0.0
MolecuLA raw OLS (seed-excluded),FractionCSP3,-119.69696969696969,119.69696969696969,50,50,1.0,50,1.0,1.0,0.08166666666666667,-0.19028520499108734,0.19028520499108734,0.88,0.05868847754340652,0.043670642554828776,0.07149460708782743,39,0.0
MolecuLA raw OLS (seed-excluded),FractionCSP3,-116.66666666666666,116.66666666666666,50,50,1.0,50,1.0,1.0,0.08514492753623187,-0.1857142857142857,0.1857142857142857,0.84,0.05454545454545454,0.042559706062461726,0.07486702127659574,36,0.0
MolecuLA raw OLS (seed-excluded),FractionCSP3,-113.63636363636364,113.63636363636364,50,50,1.0,50,1.0,1.0,0.09090909090909091,-0.2054334554334554,0.2054334554334554,0.84,0.05839727195225916,0.043478260869565216,0.07542097788598093,38,0.0
MolecuLA raw OLS (seed-excluded),FractionCSP3,-110.60606060606061,110.60606060606061,50,50,1.0,50,1.0,1.0,0.09307359307359307,-0.19352869352869354,0.19352869352869354,0.84,0.060943112038002546,0.04425837320574162,0.07542097788598093,40,0.0
MolecuLA raw OLS (seed-excluded),FractionCSP3,-107.57575757575758,107.57575757575758,50,50,1.0,50,1.0,1.0,0.10172413793103449,-0.2,0.2,0.84,0.058396649133060585,0.04456928838951311,0.07656023222060958,39,0.0
MolecuLA raw OLS (seed-excluded),FractionCSP3,-104.54545454545455,104.54545454545455,50,50,1.0,50,1.0,1.0,0.08893280632411067,-0.2071428571428571,0.2071428571428571,0.88,0.058823529411764705,0.04419934640522876,0.07536785042593208,39,0.0
MolecuLA raw OLS (seed-excluded),FractionCSP3,-101.51515151515152,101.51515151515152,50,50,1.0,50,1.0,1.0,0.08893280632411067,-0.22063492063492063,0.22063492063492063,0.86,0.0553551912568306,0.04419934640522876,0.08099547511312218,38,0.0
MolecuLA raw OLS (seed-excluded),FractionCSP3,-98.48484848484848,98.48484848484848,50,50,1.0,50,1.0,1.0,0.09307359307359307,-0.20384615384615384,0.20384615384615384,0.84,0.06116452991452992,0.04407814407814408,0.08169693994436263,41,0.0
MolecuLA raw OLS (seed-excluded),FractionCSP3,-95.45454545454545,95.45454545454545,50,50,1.0,50,1.0,1.0,0.10526315789473684,-0.197480881691408,0.197480881691408,0.86,0.06889830508474576,0.05161943319838057,0.08417787873492923,41,0.0
MolecuLA raw OLS (seed-excluded),FractionCSP3,-92.42424242424242,92.42424242424242,50,50,1.0,50,1.0,1.0,0.11145510835913312,-0.21169515669515668,0.21169515669515668,0.84,0.0663003663003663,0.048352774274905426,0.08364860774818401,38,0.0
MolecuLA raw OLS (seed-excluded),FractionCSP3,-89.39393939393939,89.39393939393939,50,50,1.0,50,1.0,1.0,0.1,-0.17541478129713423,0.17541478129713423,0.88,0.06311047889995258,0.04887820512820513,0.07554945054945056,38,0.0
MolecuLA raw OLS (seed-excluded),FractionCSP3,-86.36363636363637,86.36363636363637,50,50,1.0,50,1.0,1.0,0.11437908496732026,-0.17290209790209787,0.17290209790209787,0.88,0.06451612903225806,0.04975497549754976,0.08225650916104146,43,0.0
MolecuLA raw OLS (seed-excluded),FractionCSP3,-83.33333333333333,83.33333333333333,50,50,1.0,50,1.0,1.0,0.11324786324786325,-0.17634615384615385,0.17634615384615385,0.86,0.06667852062588905,0.053513513513513515,0.08116145415664261,43,0.0
MolecuLA raw OLS (seed-excluded),FractionCSP3,-80.3030303030303,80.3030303030303,50,50,1.0,50,1.0,1.0,0.10526315789473684,-0.18114774114774115,0.18114774114774115,0.9,0.06944444444444445,0.054645354645354645,0.08713093709884467,40,0.0
MolecuLA raw OLS (seed-excluded),FractionCSP3,-77.27272727272728,77.27272727272728,50,50,1.0,50,1.0,1.0,0.1213235294117647,-0.18963675213675216,0.18963675213675216,0.84,0.07362240289069558,0.05442942942942943,0.08962912087912088,38,0.0
MolecuLA raw OLS (seed-excluded),FractionCSP3,-74.24242424242425,74.24242424242425,50,50,1.0,50,1.0,1.0,0.1165158371040724,-0.17719780219780218,0.17719780219780218,0.82,0.08554006968641115,0.05498477929984779,0.09556645686782672,43,0.0
MolecuLA raw OLS (seed-excluded),FractionCSP3,-71.21212121212122,71.21212121212122,50,50,1.0,50,1.0,1.0,0.10025062656641603,-0.20343137254901955,0.20343137254901955,0.82,0.07929669306008383,0.06176021382206949,0.09556645686782672,41,0.0
MolecuLA raw OLS (seed-excluded),FractionCSP3,-68.18181818181819,68.18181818181819,50,50,1.0,50,1.0,1.0,0.11929824561403508,-0.1920995670995671,0.1920995670995671,0.86,0.08695855115758028,0.06704545454545455,0.10854640151515152,44,0.0
MolecuLA raw OLS (seed-excluded),FractionCSP3,-65.15151515151516,65.15151515151516,50,50,1.0,50,1.0,1.0,0.12771739130434784,-0.17131410256410254,0.17131410256410254,0.82,0.09359605911330049,0.06785714285714285,0.1197029702970297,46,0.043478260869565216
MolecuLA raw OLS (seed-excluded),FractionCSP3,-62.121212121212125,62.121212121212125,50,50,1.0,50,1.0,1.0,0.125,-0.17131410256410254,0.17131410256410254,0.82,0.09555223632893536,0.0625207848353841,0.12987736900780378,45,0.022222222222222223
MolecuLA raw OLS (seed-excluded),FractionCSP3,-59.09090909090909,59.09090909090909,50,50,1.0,50,1.0,1.0,0.12771739130434784,-0.12959299959299955,0.12959299959299955,0.84,0.10113796189745557,0.07637362637362638,0.1310935441370224,49,0.02040816326530612
MolecuLA raw OLS (seed-excluded),FractionCSP3,-56.06060606060606,56.06060606060606,50,50,1.0,50,1.0,1.0,0.11555555555555555,-0.15952380952380948,0.15952380952380948,0.86,0.1,0.06642653167185877,0.1308377896613191,47,0.02127659574468085
MolecuLA raw OLS (seed-excluded),FractionCSP3,-53.03030303030303,53.03030303030303,50,50,1.0,50,1.0,1.0,0.13333333333333333,-0.15238095238095237,0.15238095238095237,0.84,0.10258838383838384,0.07219827586206896,0.13073953677366923,47,0.02127659574468085
MolecuLA raw OLS (seed-excluded),FractionCSP3,-50.0,50.0,50,50,1.0,50,1.0,1.0,0.13339920948616601,-0.12976190476190474,0.12976190476190474,0.78,0.11278964107223989,0.08059370231654875,0.13822115384615385,50,0.02
MolecuLA raw OLS (seed-excluded),FractionCSP3,-46.96969696969697,46.96969696969697,50,50,1.0,50,1.0,1.0,0.16333333333333333,-0.12000442086648982,0.12000442086648982,0.82,0.11378020713463752,0.0817391304347826,0.13672248803827752,49,0.02040816326530612
MolecuLA raw OLS (seed-excluded),FractionCSP3,-43.93939393939394,43.93939393939394,50,50,1.0,49,0.98,0.98,0.18614718614718614,-0.09908963585434172,0.09908963585434172,0.74,0.12097560975609756,0.09646440516005733,0.15701376936316697,47,0.06382978723404255
MolecuLA raw OLS (seed-excluded),FractionCSP3,-40.90909090909091,40.90909090909091,50,50,1.0,49,0.98,0.98,0.18181818181818182,-0.06994047619047619,0.06994047619047619,0.74,0.13434486419534636,0.10759708737864077,0.22099892588614392,49,0.10204081632653061
MolecuLA raw OLS (seed-excluded),FractionCSP3,-37.878787878787875,37.878787878787875,50,50,1.0,49,0.98,0.98,0.19230769230769232,-0.07620200576856923,0.07620200576856923,0.7,0.13805693069306932,0.10518740121923685,0.24890350877192982,49,0.12244897959183673
MolecuLA raw OLS (seed-excluded),FractionCSP3,-34.848484848484844,34.848484848484844,50,50,1.0,48,0.96,0.96,0.20526315789473684,-0.0797658862876254,0.0797658862876254,0.72,0.1675438596491228,0.11955223880597014,0.2847443112307316,49,0.14285714285714285
MolecuLA raw OLS (seed-excluded),FractionCSP3,-31.818181818181813,31.818181818181813,50,50,1.0,45,0.9,0.9,0.21980676328502413,-0.0840393905611297,0.0840393905611297,0.66,0.23759143155694878,0.1700531914893617,0.3916728763040238,47,0.23404255319148937
MolecuLA raw OLS (seed-excluded),FractionCSP3,-28.787878787878782,28.787878787878782,50,50,1.0,36,0.72,0.72,0.2403846153846154,-0.025324675324675278,0.025324675324675278,0.58,0.3187307601231352,0.21689406099518457,1.0,48,0.3541666666666667
MolecuLA raw OLS (seed-excluded),FractionCSP3,-25.757575757575765,25.757575757575765,50,50,1.0,32,0.64,0.64,0.23076923076923078,-0.004901960784313722,0.004901960784313722,0.5,0.47754010695187166,0.25896551724137934,1.0,50,0.4
MolecuLA raw OLS (seed-excluded),FractionCSP3,-22.727272727272734,22.727272727272734,50,50,1.0,20,0.4,0.4,0.2792207792207792,0.0,0.0,0.3,1.0,0.36197663096397276,1.0,50,0.6
MolecuLA raw OLS (seed-excluded),FractionCSP3,-19.69696969696969,19.69696969696969,50,50,1.0,12,0.24,0.24,0.2928571428571428,0.0,0.0,0.12,1.0,1.0,1.0,50,0.78
MolecuLA raw OLS (seed-excluded),FractionCSP3,-16.666666666666657,16.666666666666657,50,50,1.0,6,0.12,0.12,0.2928571428571428,0.0,0.0,0.08,1.0,1.0,1.0,50,0.88
MolecuLA raw OLS (seed-excluded),FractionCSP3,-13.636363636363626,13.636363636363626,50,50,1.0,4,0.08,0.08,0.2928571428571428,0.0,0.0,0.02,1.0,1.0,1.0,50,0.92
MolecuLA raw OLS (seed-excluded),FractionCSP3,-10.606060606060595,10.606060606060595,50,50,1.0,2,0.04,0.04,0.2857142857142857,0.0,0.0,0.02,1.0,1.0,1.0,50,0.96
MolecuLA raw OLS (seed-excluded),FractionCSP3,-7.575757575757564,7.575757575757564,50,50,1.0,2,0.04,0.04,0.2857142857142857,0.0,0.0,0.02,1.0,1.0,1.0,50,0.96
MolecuLA raw OLS (seed-excluded),FractionCSP3,-4.545454545454561,4.545454545454561,50,50,1.0,2,0.04,0.04,0.2857142857142857,0.0,0.0,0.02,1.0,1.0,1.0,50,0.96
MolecuLA raw OLS (seed-excluded),FractionCSP3,-1.5151515151515298,1.5151515151515298,50,50,1.0,2,0.04,0.04,0.2857142857142857,0.0,0.0,0.0,1.0,1.0,1.0,50,0.96
MolecuLA raw OLS (seed-excluded),FractionCSP3,1.5151515151515014,1.5151515151515014,50,50,1.0,2,0.04,0.04,0.2857142857142857,0.0,0.0,0.42,1.0,1.0,1.0,50,0.96
MolecuLA raw OLS (seed-excluded),FractionCSP3,4.5454545454545325,4.5454545454545325,50,50,1.0,3,0.06,0.06,0.2857142857142857,0.0,0.0,0.42,1.0,1.0,1.0,50,0.94
MolecuLA raw OLS (seed-excluded),FractionCSP3,7.575757575757564,7.575757575757564,50,50,1.0,3,0.06,0.06,0.2857142857142857,0.0,0.0,0.42,1.0,1.0,1.0,50,0.94
MolecuLA raw OLS (seed-excluded),FractionCSP3,10.606060606060595,10.606060606060595,50,50,1.0,3,0.06,0.06,0.2857142857142857,0.0,0.0,0.42,1.0,1.0,1.0,50,0.94
MolecuLA raw OLS (seed-excluded),FractionCSP3,13.636363636363626,13.636363636363626,50,50,1.0,7,0.14,0.14,0.3038461538461539,0.0,0.0,0.48,1.0,1.0,1.0,50,0.86
MolecuLA raw OLS (seed-excluded),FractionCSP3,16.666666666666657,16.666666666666657,50,50,1.0,12,0.24,0.24,0.3038461538461539,2.7755575615628914e-17,2.7755575615628914e-17,0.54,1.0,1.0,1.0,50,0.78
MolecuLA raw OLS (seed-excluded),FractionCSP3,19.69696969696969,19.69696969696969,50,50,1.0,21,0.42,0.42,0.3138461538461539,5.551115123125783e-17,5.551115123125783e-17,0.64,1.0,0.4533333333333333,1.0,50,0.6
MolecuLA raw OLS (seed-excluded),FractionCSP3,22.72727272727272,22.72727272727272,50,50,1.0,30,0.6,0.6,0.3416666666666667,0.039230769230769263,0.039230769230769263,0.78,0.569220199244246,0.35416666666666663,1.0,50,0.42
MolecuLA raw OLS (seed-excluded),FractionCSP3,25.75757575757575,25.75757575757575,50,50,1.0,39,0.78,0.78,0.4258823529411765,0.07846153846153847,0.07846153846153847,0.86,0.3333333333333333,0.22238685344827586,0.6739130434782609,49,0.24489795918367346
MolecuLA raw OLS (seed-excluded),FractionCSP3,28.787878787878782,28.787878787878782,50,50,1.0,46,0.92,0.92,0.5,0.17783216783216788,0.17783216783216788,0.92,0.23430107526881722,0.16354487000279563,0.42976190476190473,47,0.10638297872340426
MolecuLA raw OLS (seed-excluded),FractionCSP3,31.818181818181813,31.818181818181813,50,50,1.0,49,0.98,0.98,0.5916666666666667,0.2576086956521739,0.2576086956521739,0.96,0.17994310099573257,0.12580128205128205,0.24170918367346939,45,0.022222222222222223
MolecuLA raw OLS (seed-excluded),FractionCSP3,34.848484848484844,34.848484848484844,50,50,1.0,49,0.98,0.98,0.6172161172161172,0.30119047619047623,0.30119047619047623,0.98,0.14854215918045705,0.1111111111111111,0.2127110694183865,43,0.023255813953488372
MolecuLA raw OLS (seed-excluded),FractionCSP3,37.878787878787875,37.878787878787875,50,50,1.0,50,1.0,1.0,0.6568627450980392,0.35,0.35,1.0,0.153125,0.11561866125760649,0.191699123661149,46,0.0
MolecuLA raw OLS (seed-excluded),FractionCSP3,40.90909090909091,40.90909090909091,50,50,1.0,50,1.0,1.0,0.6899313501144164,0.37957875457875456,0.37957875457875456,1.0,0.14285714285714285,0.09435760579489134,0.17280766396462785,46,0.0
MolecuLA raw OLS (seed-excluded),FractionCSP3,43.93939393939394,43.93939393939394,50,50,1.0,50,1.0,1.0,0.721111111111111,0.4295634920634921,0.4295634920634921,1.0,0.11436781609195402,0.09357696566998892,0.1514240506329114,39,0.0
MolecuLA raw OLS (seed-excluded),FractionCSP3,46.96969696969697,46.96969696969697,50,50,1.0,50,1.0,1.0,0.7350877192982456,0.4289529914529915,0.4289529914529915,1.0,0.1084967320261438,0.0920747609388583,0.13313253012048193,39,0.0
MolecuLA raw OLS (seed-excluded),FractionCSP3,50.0,50.0,50,50,1.0,50,1.0,1.0,0.7928571428571429,0.45375457875457875,0.45375457875457875,1.0,0.09846650524616626,0.07472014925373134,0.11977321048901488,40,0.0
MolecuLA raw OLS (seed-excluded),FractionCSP3,53.03030303030303,53.03030303030303,50,50,1.0,50,1.0,1.0,0.8110119047619048,0.5024038461538461,0.5024038461538461,1.0,0.1,0.07437548790007806,0.1199290060851927,44,0.0
MolecuLA raw OLS (seed-excluded),FractionCSP3,56.06060606060606,56.06060606060606,50,50,1.0,50,1.0,1.0,0.8333333333333334,0.5264568764568764,0.5264568764568764,0.98,0.0949874686716792,0.0687046004842615,0.11839481555333999,40,0.0
MolecuLA raw OLS (seed-excluded),FractionCSP3,59.09090909090909,59.09090909090909,50,50,1.0,50,1.0,1.0,0.8603896103896104,0.5782608695652174,0.5782608695652174,1.0,0.09359605911330049,0.06694915254237288,0.12550607287449395,40,0.0
MolecuLA raw OLS (seed-excluded),FractionCSP3,62.121212121212125,62.121212121212125,50,50,1.0,50,1.0,1.0,0.9107142857142857,0.5839727195225917,0.5839727195225917,1.0,0.08333333333333333,0.06420595533498759,0.11607142857142858,40,0.0
MolecuLA raw OLS (seed-excluded),FractionCSP3,65.15151515151516,65.15151515151516,50,50,1.0,50,1.0,1.0,0.9023809523809524,0.5864812271062272,0.5864812271062272,1.0,0.08022988505747126,0.05512868565717141,0.10638862102217936,41,0.0
MolecuLA raw OLS (seed-excluded),FractionCSP3,68.18181818181819,68.18181818181819,50,50,1.0,50,1.0,1.0,0.9220647773279352,0.6069002006933042,0.6069002006933042,1.0,0.07835566659096072,0.05358695652173913,0.10980392156862745,40,0.0
MolecuLA raw OLS (seed-excluded),FractionCSP3,71.21212121212122,71.21212121212122,50,50,1.0,50,1.0,1.0,0.9166666666666667,0.6215201465201465,0.6215201465201465,1.0,0.07878411910669975,0.05615942028985507,0.10315438871473354,41,0.0
MolecuLA raw OLS (seed-excluded),FractionCSP3,74.24242424242425,74.24242424242425,50,50,1.0,50,1.0,1.0,0.9473684210526315,0.6284325889164599,0.6284325889164599,1.0,0.06937568756875688,0.05,0.10309641097818438,41,0.0
MolecuLA raw OLS (seed-excluded),FractionCSP3,77.27272727272728,77.27272727272728,50,50,1.0,50,1.0,1.0,0.9473684210526315,0.637948717948718,0.637948717948718,1.0,0.06879648411088574,0.048314144736842105,0.09972527472527473,41,0.0
MolecuLA raw OLS (seed-excluded),FractionCSP3,80.30303030303031,80.30303030303031,50,50,1.0,50,1.0,1.0,0.949874686716792,0.6848739495798319,0.6848739495798319,1.0,0.07504928189242466,0.04660247093023256,0.09845346589339961,41,0.0
MolecuLA raw OLS (seed-excluded),FractionCSP3,83.33333333333334,83.33333333333334,50,50,1.0,50,1.0,1.0,0.9582608695652174,0.6573015873015873,0.6573015873015873,1.0,0.06716791979949874,0.04674934873711632,0.09511278195488722,41,0.0
MolecuLA raw OLS (seed-excluded),FractionCSP3,86.36363636363637,86.36363636363637,50,50,1.0,50,1.0,1.0,0.9636243386243386,0.6715261862320686,0.6715261862320686,1.0,0.06666666666666667,0.04765625,0.09438596491228071,44,0.0
MolecuLA raw OLS (seed-excluded),FractionCSP3,89.3939393939394,89.3939393939394,50,50,1.0,50,1.0,1.0,0.9655172413793104,0.6772030651340997,0.6772030651340997,1.0,0.06299603174603174,0.04102891156462585,0.0885910815939279,47,0.0
MolecuLA raw OLS (seed-excluded),FractionCSP3,92.42424242424244,92.42424242424244,50,50,1.0,50,1.0,1.0,0.9666666666666667,0.6823734236777715,0.6823734236777715,1.0,0.06774475524475523,0.04325396825396825,0.09195402298850575,48,0.0
MolecuLA raw OLS (seed-excluded),FractionCSP3,95.45454545454544,95.45454545454544,50,50,1.0,50,1.0,1.0,0.9699820788530467,0.6573015873015873,0.6573015873015873,1.0,0.06539558089807555,0.047619047619047616,0.08314220183486239,46,0.0
MolecuLA raw OLS (seed-excluded),FractionCSP3,98.48484848484847,98.48484848484847,50,50,1.0,50,1.0,1.0,0.9666666666666667,0.6832792207792209,0.6832792207792209,1.0,0.06447368421052632,0.04327852998065764,0.08514001806684733,47,0.0
MolecuLA raw OLS (seed-excluded),FractionCSP3,101.5151515151515,101.5151515151515,50,50,1.0,50,1.0,1.0,0.9672043010752689,0.6832792207792209,0.6832792207792209,1.0,0.06060828680575962,0.039702970297029704,0.07782451923076923,48,0.0
MolecuLA raw OLS (seed-excluded),FractionCSP3,104.54545454545453,104.54545454545453,50,50,1.0,50,1.0,1.0,0.9692234848484849,0.6721153846153847,0.6721153846153847,1.0,0.05843860248093775,0.03393617021276596,0.07663170163170163,46,0.0
MolecuLA raw OLS (seed-excluded),FractionCSP3,107.57575757575756,107.57575757575756,50,50,1.0,50,1.0,1.0,0.9641025641025641,0.6568627450980392,0.6568627450980392,1.0,0.062198649951783994,0.038685094290880906,0.07914278269932257,43,0.0
MolecuLA raw OLS (seed-excluded),FractionCSP3,110.60606060606062,110.60606060606062,50,50,1.0,50,1.0,1.0,0.9681818181818183,0.6568627450980392,0.6568627450980392,1.0,0.054804804804804805,0.03345280764635603,0.07343974175035868,42,0.0
MolecuLA raw OLS (seed-excluded),FractionCSP3,113.63636363636363,113.63636363636363,50,50,1.0,50,1.0,1.0,0.9710084033613445,0.6705128205128206,0.6705128205128206,1.0,0.059190249369571304,0.03501234821979831,0.07343974175035868,40,0.0
MolecuLA raw OLS (seed-excluded),FractionCSP3,116.66666666666669,116.66666666666669,50,50,1.0,50,1.0,1.0,0.9736111111111111,0.6708333333333334,0.6708333333333334,1.0,0.05613048368953881,0.04193376068376068,0.07343974175035868,45,0.0
MolecuLA raw OLS (seed-excluded),FractionCSP3,119.69696969696969,119.69696969696969,50,50,1.0,50,1.0,1.0,0.9713257965056525,0.6483410138248848,0.6483410138248848,1.0,0.05918367346938776,0.03641679957469431,0.07221686746987951,42,0.0
MolecuLA raw OLS (seed-excluded),FractionCSP3,122.72727272727275,122.72727272727275,50,50,1.0,50,1.0,1.0,0.97003367003367,0.6443140193140193,0.6443140193140193,1.0,0.049281521959117586,0.034209470304975925,0.07107142857142856,39,0.0
MolecuLA raw OLS (seed-excluded),FractionCSP3,125.75757575757575,125.75757575757575,50,50,1.0,50,1.0,1.0,0.9591836734693877,0.6454401454401455,0.6454401454401455,1.0,0.052289815447710185,0.03590455049944506,0.0681175805539853,35,0.0
MolecuLA raw OLS (seed-excluded),FractionCSP3,128.7878787878788,128.7878787878788,50,50,1.0,50,1.0,1.0,0.9736659736659736,0.641969696969697,0.641969696969697,1.0,0.050031269543464665,0.03186446629213483,0.06839080459770115,31,0.0
MolecuLA raw OLS (seed-excluded),FractionCSP3,131.8181818181818,131.8181818181818,50,50,1.0,50,1.0,1.0,0.9853462157809985,0.641969696969697,0.641969696969697,1.0,0.056933744221879815,0.03571428571428571,0.0703169014084507,30,0.0
MolecuLA raw OLS (seed-excluded),FractionCSP3,134.84848484848487,134.84848484848487,50,50,1.0,50,1.0,1.0,0.9866207266869519,0.6486013986013986,0.6486013986013986,1.0,0.052289815447710185,0.033122119815668205,0.07719155844155844,30,0.0
MolecuLA raw OLS (seed-excluded),FractionCSP3,137.87878787878788,137.87878787878788,50,50,1.0,50,1.0,1.0,0.9863007271874267,0.6769904914652308,0.6769904914652308,1.0,0.05321557971014493,0.031374007936507936,0.0681967860906217,25,0.0
MolecuLA raw OLS (seed-excluded),FractionCSP3,140.90909090909088,140.90909090909088,50,50,1.0,50,1.0,1.0,1.0,0.6791424093148231,0.6791424093148231,1.0,0.042403356308061135,0.030192307692307692,0.07407407407407407,20,0.0
MolecuLA raw OLS (seed-excluded),FractionCSP3,143.93939393939394,143.93939393939394,50,50,1.0,50,1.0,1.0,1.0,0.6961538461538461,0.6961538461538461,1.0,0.04365079365079365,0.030651491365777078,0.06785337949721511,18,0.0
MolecuLA raw OLS (seed-excluded),FractionCSP3,146.96969696969694,146.96969696969694,50,50,1.0,50,1.0,1.0,1.0,0.6961538461538461,0.6961538461538461,1.0,0.04196009389671361,0.030192307692307692,0.06381919553962564,15,0.0
MolecuLA raw OLS (seed-excluded),FractionCSP3,150.0,150.0,50,50,1.0,50,1.0,1.0,1.0,0.7105052481764811,0.7105052481764811,1.0,0.04411764705882353,0.032390269698572186,0.06160241874527589,15,0.0
MolecuLA raw OLS (seed-excluded),HBA,-150.0,150.0,50,50,1.0,50,1.0,1.0,0.0,-4.0,4.0,1.0,0.02128623188405797,0.0,0.032692307692307694,10,0.0
MolecuLA raw OLS (seed-excluded),HBA,-146.96969696969697,146.96969696969697,50,50,1.0,50,1.0,1.0,0.0,-4.0,4.0,1.0,0.02128623188405797,0.0,0.03663522012578616,9,0.0
MolecuLA raw OLS (seed-excluded),HBA,-143.93939393939394,143.93939393939394,50,50,1.0,50,1.0,1.0,0.0,-4.0,4.0,1.0,0.021980676328502417,0.0,0.038461538461538464,10,0.0
MolecuLA raw OLS (seed-excluded),HBA,-140.9090909090909,140.9090909090909,50,49,0.98,49,0.98,1.0,0.0,-4.0,4.0,1.0,0.023809523809523808,0.0,0.038461538461538464,11,0.0
MolecuLA raw OLS (seed-excluded),HBA,-137.87878787878788,137.87878787878788,50,49,0.98,49,0.98,1.0,0.0,-4.0,4.0,1.0,0.023809523809523808,0.0,0.046153846153846156,14,0.0
MolecuLA raw OLS (seed-excluded),HBA,-134.84848484848484,134.84848484848484,50,50,1.0,50,1.0,1.0,0.0,-4.0,4.0,1.0,0.023268398268398268,0.0,0.038461538461538464,12,0.0
MolecuLA raw OLS (seed-excluded),HBA,-131.8181818181818,131.8181818181818,50,50,1.0,50,1.0,1.0,0.0,-4.0,4.0,1.0,0.025657894736842105,0.0,0.04422038742457923,14,0.0
MolecuLA raw OLS (seed-excluded),HBA,-128.78787878787878,128.78787878787878,50,50,1.0,50,1.0,1.0,0.0,-4.0,4.0,1.0,0.02667140825035562,0.0,0.04477611940298507,15,0.0
MolecuLA raw OLS (seed-excluded),HBA,-125.75757575757575,125.75757575757575,50,50,1.0,50,1.0,1.0,0.0,-4.0,4.0,1.0,0.02667140825035562,0.0038461538461538464,0.0504306751875521,16,0.0
MolecuLA raw OLS (seed-excluded),HBA,-122.72727272727272,122.72727272727272,50,50,1.0,50,1.0,1.0,0.0,-4.0,4.0,1.0,0.03603896103896104,0.015705128205128205,0.05663615560640732,18,0.0
MolecuLA raw OLS (seed-excluded),HBA,-119.69696969696969,119.69696969696969,50,50,1.0,50,1.0,1.0,0.0,-4.0,4.0,1.0,0.02667140825035562,0.016666666666666666,0.057367149758454104,16,0.0
MolecuLA raw OLS (seed-excluded),HBA,-116.66666666666666,116.66666666666666,50,50,1.0,50,1.0,1.0,0.0,-4.0,4.0,1.0,0.03704974271012007,0.018518518518518517,0.057367149758454104,19,0.0
MolecuLA raw OLS (seed-excluded),HBA,-113.63636363636364,113.63636363636364,50,50,1.0,50,1.0,1.0,0.0,-4.0,4.0,1.0,0.038098693759071114,0.019525117739403453,0.06122166943062465,20,0.0
MolecuLA raw OLS (seed-excluded),HBA,-110.60606060606061,110.60606060606061,50,50,1.0,50,1.0,1.0,0.0,-4.0,4.0,1.0,0.04195804195804196,0.0206252713851498,0.06202651515151515,21,0.0
MolecuLA raw OLS (seed-excluded),HBA,-107.57575757575758,107.57575757575758,50,50,1.0,50,1.0,1.0,0.0,-4.0,4.0,1.0,0.045233835931510355,0.024107142857142855,0.0625,22,0.0
MolecuLA raw OLS (seed-excluded),HBA,-104.54545454545455,104.54545454545455,50,50,1.0,50,1.0,1.0,0.0,-4.0,4.0,1.0,0.045233835931510355,0.027413127413127413,0.05967347651475467,23,0.0
MolecuLA raw OLS (seed-excluded),HBA,-101.51515151515152,101.51515151515152,50,50,1.0,50,1.0,1.0,0.0,-4.0,4.0,1.0,0.0476460578559274,0.029092071611253198,0.062259615384615385,26,0.0
MolecuLA raw OLS (seed-excluded),HBA,-98.48484848484848,98.48484848484848,50,50,1.0,50,1.0,1.0,0.0,-4.0,4.0,1.0,0.05084745762711865,0.034044418468731734,0.07362784471218206,27,0.0
MolecuLA raw OLS (seed-excluded),HBA,-95.45454545454545,95.45454545454545,50,50,1.0,50,1.0,1.0,0.0,-4.0,4.0,1.0,0.054563492063492064,0.03205818965517242,0.0739766081871345,28,0.0
MolecuLA raw OLS (seed-excluded),HBA,-92.42424242424242,92.42424242424242,50,50,1.0,50,1.0,1.0,0.0,-4.0,4.0,1.0,0.05358851674641148,0.034044418468731734,0.07415196743554953,30,0.0
MolecuLA raw OLS (seed-excluded),HBA,-89.39393939393939,89.39393939393939,50,50,1.0,50,1.0,1.0,0.0,-4.0,4.0,1.0,0.06173780487804878,0.034482758620689655,0.08065208065208065,30,0.0
MolecuLA raw OLS (seed-excluded),HBA,-86.36363636363637,86.36363636363637,50,50,1.0,50,1.0,1.0,0.0,-4.0,4.0,1.0,0.06299603174603174,0.03516398855381906,0.08277027027027027,31,0.0
MolecuLA raw OLS (seed-excluded),HBA,-83.33333333333333,83.33333333333333,50,50,1.0,50,1.0,1.0,0.0,-4.0,4.0,1.0,0.059754738015607586,0.035665990534144695,0.07874177631578946,31,0.0
MolecuLA raw OLS (seed-excluded),HBA,-80.3030303030303,80.3030303030303,50,50,1.0,50,1.0,1.0,0.0,-4.0,4.0,1.0,0.06061997703788749,0.04432744565217391,0.08277027027027027,33,0.0
MolecuLA raw OLS (seed-excluded),HBA,-77.27272727272728,77.27272727272728,50,50,1.0,50,1.0,1.0,0.0,-4.0,4.0,1.0,0.0639036341363822,0.04893104486600422,0.08466312056737588,34,0.0
MolecuLA raw OLS (seed-excluded),HBA,-74.24242424242425,74.24242424242425,50,50,1.0,50,1.0,1.0,0.0,-4.0,4.0,1.0,0.06356046323727443,0.04735137195121951,0.08108108108108109,35,0.0
MolecuLA raw OLS (seed-excluded),HBA,-71.21212121212122,71.21212121212122,50,50,1.0,50,1.0,1.0,0.0,-3.5,3.5,1.0,0.07009498853586636,0.04735137195121951,0.09050324675324675,34,0.0
MolecuLA raw OLS (seed-excluded),HBA,-68.18181818181819,68.18181818181819,50,50,1.0,50,1.0,1.0,0.0,-3.0,3.0,1.0,0.07269021739130435,0.05831053351573187,0.09272727272727273,37,0.0
MolecuLA raw OLS (seed-excluded),HBA,-65.15151515151516,65.15151515151516,50,50,1.0,50,1.0,1.0,0.0,-3.0,3.0,1.0,0.07692307692307693,0.06417668825161887,0.09433962264150944,38,0.0
MolecuLA raw OLS (seed-excluded),HBA,-62.121212121212125,62.121212121212125,50,50,1.0,50,1.0,1.0,0.0,-3.0,3.0,1.0,0.07742257742257742,0.06382978723404255,0.1069182389937107,35,0.0
MolecuLA raw OLS (seed-excluded),HBA,-59.09090909090909,59.09090909090909,50,50,1.0,50,1.0,1.0,0.0,-3.0,3.0,1.0,0.08031326781326781,0.0625,0.1,36,0.0
MolecuLA raw OLS (seed-excluded),HBA,-56.06060606060606,56.06060606060606,50,50,1.0,50,1.0,1.0,1.0,-3.0,3.0,0.98,0.08695987654320987,0.06557971014492753,0.12812911725955203,36,0.0
MolecuLA raw OLS (seed-excluded),HBA,-53.03030303030303,53.03030303030303,50,50,1.0,50,1.0,1.0,1.0,-3.0,3.0,0.96,0.10063291139240507,0.07391826923076923,0.12778465346534654,35,0.0
MolecuLA raw OLS (seed-excluded),HBA,-50.0,50.0,50,50,1.0,50,1.0,1.0,1.0,-3.0,3.0,0.96,0.10787898936170212,0.07875504032258064,0.1440909090909091,34,0.0
MolecuLA raw OLS (seed-excluded),HBA,-46.96969696969697,46.96969696969697,50,50,1.0,50,1.0,1.0,1.0,-3.0,3.0,0.96,0.10724554341575618,0.08054794520547945,0.15985507246376812,36,0.0
MolecuLA raw OLS (seed-excluded),HBA,-43.93939393939394,43.93939393939394,50,50,1.0,50,1.0,1.0,1.5,-2.0,2.0,0.98,0.1111111111111111,0.08794466403162055,0.20582356076759062,36,0.027777777777777776
MolecuLA raw OLS (seed-excluded),HBA,-40.90909090909091,40.90909090909091,50,50,1.0,50,1.0,1.0,2.0,-2.0,2.0,0.98,0.14247311827956988,0.09777987718469532,0.22245127436281859,39,0.05128205128205128
MolecuLA raw OLS (seed-excluded),HBA,-37.878787878787875,37.878787878787875,50,50,1.0,49,0.98,0.98,2.0,-2.0,2.0,0.92,0.16954022988505746,0.10575522098105877,0.2598684210526316,40,0.1
MolecuLA raw OLS (seed-excluded),HBA,-34.848484848484844,34.848484848484844,50,50,1.0,47,0.94,0.94,2.0,-1.0,1.0,0.88,0.22517605633802817,0.12246753246753246,0.33098591549295775,44,0.11363636363636363
MolecuLA raw OLS (seed-excluded),HBA,-31.818181818181813,31.818181818181813,50,50,1.0,43,0.86,0.86,3.0,-1.0,1.0,0.68,0.31333333333333335,0.15570719602977667,0.45138221153846153,45,0.2
MolecuLA raw OLS (seed-excluded),HBA,-28.787878787878782,28.787878787878782,50,50,1.0,37,0.74,0.74,3.0,-1.0,1.0,0.54,0.3944188722669736,0.2597317466720452,1.0,47,0.3404255319148936
MolecuLA raw OLS (seed-excluded),HBA,-25.757575757575765,25.757575757575765,50,50,1.0,32,0.64,0.64,3.0,0.0,0.0,0.42,0.5151515151515151,0.31973684210526315,1.0,48,0.3958333333333333
MolecuLA raw OLS (seed-excluded),HBA,-22.727272727272734,22.727272727272734,50,50,1.0,24,0.48,0.48,3.0,0.0,0.0,0.28,1.0,0.46929341844596084,1.0,50,0.52
MolecuLA raw OLS (seed-excluded),HBA,-19.69696969696969,19.69696969696969,50,50,1.0,13,0.26,0.26,4.0,0.0,0.0,0.16,1.0,0.75,1.0,50,0.74
MolecuLA raw OLS (seed-excluded),HBA,-16.666666666666657,16.666666666666657,50,50,1.0,8,0.16,0.16,4.0,0.0,0.0,0.12,1.0,1.0,1.0,50,0.84
MolecuLA raw OLS (seed-excluded),HBA,-13.636363636363626,13.636363636363626,50,50,1.0,3,0.06,0.06,4.0,0.0,0.0,0.06,1.0,1.0,1.0,50,0.94
MolecuLA raw OLS (seed-excluded),HBA,-10.606060606060595,10.606060606060595,50,50,1.0,3,0.06,0.06,4.0,0.0,0.0,0.04,1.0,1.0,1.0,50,0.94
MolecuLA raw OLS (seed-excluded),HBA,-7.575757575757564,7.575757575757564,50,50,1.0,1,0.02,0.02,4.0,0.0,0.0,0.0,1.0,1.0,1.0,50,0.98
MolecuLA raw OLS (seed-excluded),HBA,-4.545454545454561,4.545454545454561,50,50,1.0,1,0.02,0.02,4.0,0.0,0.0,0.0,1.0,1.0,1.0,50,0.98
MolecuLA raw OLS (seed-excluded),HBA,-1.5151515151515298,1.5151515151515298,50,50,1.0,1,0.02,0.02,4.0,0.0,0.0,0.0,1.0,1.0,1.0,50,0.98
MolecuLA raw OLS (seed-excluded),HBA,1.5151515151515014,1.5151515151515014,50,50,1.0,2,0.04,0.04,4.0,0.0,0.0,0.0,1.0,1.0,1.0,50,0.96
MolecuLA raw OLS (seed-excluded),HBA,4.5454545454545325,4.5454545454545325,50,50,1.0,3,0.06,0.06,4.0,0.0,0.0,0.0,1.0,1.0,1.0,50,0.94
MolecuLA raw OLS (seed-excluded),HBA,7.575757575757564,7.575757575757564,50,50,1.0,3,0.06,0.06,4.0,0.0,0.0,0.0,1.0,1.0,1.0,50,0.94
MolecuLA raw OLS (seed-excluded),HBA,10.606060606060595,10.606060606060595,50,50,1.0,5,0.1,0.1,4.0,0.0,0.0,0.02,1.0,1.0,1.0,50,0.92
MolecuLA raw OLS (seed-excluded),HBA,13.636363636363626,13.636363636363626,50,50,1.0,10,0.2,0.2,4.0,0.0,0.0,0.1,1.0,1.0,1.0,50,0.88
MolecuLA raw OLS (seed-excluded),HBA,16.666666666666657,16.666666666666657,50,50,1.0,22,0.44,0.44,4.0,0.0,0.0,0.34,1.0,0.5619870041039672,1.0,50,0.72
MolecuLA raw OLS (seed-excluded),HBA,19.69696969696969,19.69696969696969,50,50,1.0,28,0.56,0.56,4.5,1.0,1.0,0.52,0.6397849462365591,0.5068975496816516,1.0,50,0.64
MolecuLA raw OLS (seed-excluded),HBA,22.72727272727272,22.72727272727272,50,50,1.0,35,0.7,0.7,5.0,1.0,1.0,0.7,0.5465350523771153,0.3110995518565941,1.0,49,0.4897959183673469
MolecuLA raw OLS (seed-excluded),HBA,25.75757575757575,25.75757575757575,50,50,1.0,38,0.76,0.76,6.0,2.0,2.0,0.74,0.4275210084033613,0.25049742509363293,0.6566540948275862,48,0.3541666666666667
MolecuLA raw OLS (seed-excluded),HBA,28.787878787878782,28.787878787878782,50,50,1.0,41,0.82,0.82,6.0,2.0,2.0,0.78,0.38054298642533935,0.22580645161290322,0.5580645161290323,48,0.2708333333333333
MolecuLA raw OLS (seed-excluded),HBA,31.818181818181813,31.818181818181813,50,50,1.0,45,0.9,0.9,6.0,2.0,2.0,0.84,0.25543215837759536,0.19858490566037737,0.4134698275862069,48,0.20833333333333334
MolecuLA raw OLS (seed-excluded),HBA,34.848484848484844,34.848484848484844,50,50,1.0,46,0.92,0.92,7.0,3.0,3.0,0.9,0.23074229691876752,0.1913275584206285,0.3504566210045662,48,0.125
MolecuLA raw OLS (seed-excluded),HBA,37.878787878787875,37.878787878787875,50,50,1.0,47,0.94,0.94,7.5,3.5,3.5,0.88,0.20830969937606353,0.1524345930232558,0.2745923431407302,48,0.10416666666666667
MolecuLA raw OLS (seed-excluded),HBA,40.90909090909091,40.90909090909091,50,50,1.0,48,0.96,0.96,7.0,4.0,4.0,0.9,0.16614635364635366,0.12286752707313454,0.21661490683229812,47,0.06382978723404255
MolecuLA raw OLS (seed-excluded),HBA,43.93939393939394,43.93939393939394,50,50,1.0,48,0.96,0.96,8.0,4.0,4.0,0.88,0.1617104183757178,0.10178609285562858,0.20493835432859822,43,0.06976744186046512
MolecuLA raw OLS (seed-excluded),HBA,46.96969696969697,46.96969696969697,50,50,1.0,50,1.0,1.0,8.0,4.0,4.0,0.96,0.13533719865730853,0.09680851063829787,0.16394755063181582,46,0.021739130434782608
MolecuLA raw OLS (seed-excluded),HBA,50.0,50.0,50,50,1.0,50,1.0,1.0,9.0,6.0,6.0,0.92,0.1174731182795699,0.08413461538461538,0.1475601604278075,46,0.0
MolecuLA raw OLS (seed-excluded),HBA,53.03030303030303,53.03030303030303,50,50,1.0,50,1.0,1.0,10.0,6.0,6.0,0.94,0.114937106918239,0.09029484029484029,0.1406480117820324,43,0.0
MolecuLA raw OLS (seed-excluded),HBA,56.06060606060606,56.06060606060606,50,50,1.0,50,1.0,1.0,10.0,6.0,6.0,0.98,0.115114411882778,0.0836864406779661,0.1351445895522388,42,0.0
MolecuLA raw OLS (seed-excluded),HBA,59.09090909090909,59.09090909090909,50,50,1.0,50,1.0,1.0,11.0,7.0,7.0,0.96,0.11237244897959184,0.08714721586575133,0.13024093286461458,43,0.0
MolecuLA raw OLS (seed-excluded),HBA,62.121212121212125,62.121212121212125,50,50,1.0,50,1.0,1.0,11.5,8.0,8.0,0.96,0.10373025652514842,0.07942708333333333,0.12725728589308063,44,0.0
MolecuLA raw OLS (seed-excluded),HBA,65.15151515151516,65.15151515151516,50,50,1.0,50,1.0,1.0,11.0,7.5,7.5,0.94,0.10417797069994574,0.08478573712823792,0.12238288027761712,41,0.0
MolecuLA raw OLS (seed-excluded),HBA,68.18181818181819,68.18181818181819,50,50,1.0,50,1.0,1.0,11.0,7.0,7.0,0.9,0.09825934323118554,0.07569444444444444,0.12080039525691699,43,0.0
MolecuLA raw OLS (seed-excluded),HBA,71.21212121212122,71.21212121212122,50,50,1.0,50,1.0,1.0,12.0,7.5,7.5,0.9,0.09812311582223086,0.07598376444689048,0.11889469226425749,44,0.0
MolecuLA raw OLS (seed-excluded),HBA,74.24242424242425,74.24242424242425,50,50,1.0,50,1.0,1.0,13.0,9.0,9.0,0.88,0.08803271631510977,0.06861124232404345,0.10622954173486088,42,0.0
MolecuLA raw OLS (seed-excluded),HBA,77.27272727272728,77.27272727272728,50,50,1.0,50,1.0,1.0,14.0,9.0,9.0,0.9,0.07898841354723707,0.06196172248803827,0.10863286264441592,41,0.0
MolecuLA raw OLS (seed-excluded),HBA,80.30303030303031,80.30303030303031,50,50,1.0,50,1.0,1.0,13.0,9.5,9.5,0.94,0.0749198717948718,0.061003051106025934,0.0981125356125356,39,0.0
MolecuLA raw OLS (seed-excluded),HBA,83.33333333333334,83.33333333333334,50,50,1.0,50,1.0,1.0,13.0,9.0,9.0,0.92,0.07901352288488211,0.05862977602108037,0.10094936708860759,38,0.0
MolecuLA raw OLS (seed-excluded),HBA,86.36363636363637,86.36363636363637,50,50,1.0,50,1.0,1.0,13.0,9.5,9.5,0.92,0.0784928492849285,0.06155449212719975,0.10558712121212122,37,0.0
MolecuLA raw OLS (seed-excluded),HBA,89.3939393939394,89.3939393939394,50,50,1.0,50,1.0,1.0,14.0,10.0,10.0,0.9,0.07961972667855022,0.06536796536796537,0.10357142857142858,42,0.0
MolecuLA raw OLS (seed-excluded),HBA,92.42424242424244,92.42424242424244,50,50,1.0,50,1.0,1.0,14.0,11.0,11.0,0.88,0.07937668766876688,0.06015151515151515,0.09913264053678095,39,0.0
MolecuLA raw OLS (seed-excluded),HBA,95.45454545454544,95.45454545454544,50,50,1.0,50,1.0,1.0,13.5,9.0,9.0,0.9,0.07789745145631068,0.06030612244897959,0.09939024390243903,37,0.0
MolecuLA raw OLS (seed-excluded),HBA,98.48484848484847,98.48484848484847,50,50,1.0,50,1.0,1.0,15.0,11.0,11.0,0.9,0.07407614781634939,0.05626395581149371,0.09416187527642636,37,0.0
MolecuLA raw OLS (seed-excluded),HBA,101.5151515151515,101.5151515151515,50,50,1.0,50,1.0,1.0,15.5,11.0,11.0,0.92,0.07591036414565827,0.05202973127501429,0.09696636809193848,36,0.0
MolecuLA raw OLS (seed-excluded),HBA,104.54545454545453,104.54545454545453,50,50,1.0,50,1.0,1.0,17.0,12.0,12.0,0.88,0.07295468369829683,0.05427680427680428,0.0902670492165085,36,0.0
MolecuLA raw OLS (seed-excluded),HBA,107.57575757575756,107.57575757575756,50,50,1.0,50,1.0,1.0,16.0,11.0,11.0,0.86,0.07179663345929234,0.04853479853479853,0.09226369656833233,38,0.0
MolecuLA raw OLS (seed-excluded),HBA,110.60606060606062,110.60606060606062,50,50,1.0,50,1.0,1.0,18.0,14.0,14.0,0.88,0.07142857142857142,0.05303957568339453,0.09382176293941,40,0.0
MolecuLA raw OLS (seed-excluded),HBA,113.63636363636363,113.63636363636363,50,50,1.0,50,1.0,1.0,17.0,13.0,13.0,0.82,0.06685288640595903,0.055325352977286676,0.09276565464895636,38,0.0
MolecuLA raw OLS (seed-excluded),HBA,116.66666666666669,116.66666666666669,50,50,1.0,50,1.0,1.0,19.0,15.0,15.0,0.84,0.0645169578622816,0.048965091133765834,0.08616054875787912,37,0.0
MolecuLA raw OLS (seed-excluded),HBA,119.69696969696969,119.69696969696969,50,50,1.0,50,1.0,1.0,19.0,15.0,15.0,0.84,0.06374603174603174,0.05080213903743316,0.08333333333333333,38,0.0
MolecuLA raw OLS (seed-excluded),HBA,122.72727272727275,122.72727272727275,50,50,1.0,50,1.0,1.0,16.5,12.5,12.5,0.84,0.06477838971938107,0.048560544768069036,0.08147540983606558,35,0.0
MolecuLA raw OLS (seed-excluded),HBA,125.75757575757575,125.75757575757575,50,50,1.0,50,1.0,1.0,21.0,16.0,16.0,0.86,0.06716791979949874,0.056286549707602336,0.08241840878327568,38,0.0
MolecuLA raw OLS (seed-excluded),HBA,128.7878787878788,128.7878787878788,50,50,1.0,50,1.0,1.0,19.0,15.5,15.5,0.88,0.057256554307116105,0.0450437485609026,0.0734126984126984,32,0.0
MolecuLA raw OLS (seed-excluded),HBA,131.8181818181818,131.8181818181818,50,50,1.0,50,1.0,1.0,19.0,13.0,13.0,0.9,0.0603030303030303,0.042801251956181535,0.07932578972182933,25,0.0
MolecuLA raw OLS (seed-excluded),HBA,134.84848484848487,134.84848484848487,50,50,1.0,50,1.0,1.0,19.5,15.0,15.0,0.94,0.06073781291172596,0.046255906942929845,0.08750537634408602,31,0.0
MolecuLA raw OLS (seed-excluded),HBA,137.87878787878788,137.87878787878788,50,50,1.0,50,1.0,1.0,21.0,17.0,17.0,0.92,0.059500110595001106,0.04501748251748252,0.08257170636849781,27,0.0
MolecuLA raw OLS (seed-excluded),HBA,140.90909090909088,140.90909090909088,50,50,1.0,50,1.0,1.0,19.5,16.0,16.0,0.94,0.06194859992328347,0.04514017394522576,0.08016891033782067,28,0.0
MolecuLA raw OLS (seed-excluded),HBA,143.93939393939394,143.93939393939394,50,50,1.0,50,1.0,1.0,24.5,20.5,20.5,0.96,0.05201569264069264,0.04184322033898305,0.07950036075036075,23,0.0
MolecuLA raw OLS (seed-excluded),HBA,146.96969696969694,146.96969696969694,50,50,1.0,50,1.0,1.0,24.0,20.0,20.0,0.96,0.061004784688995214,0.042515857335967557,0.08042635658914729,27,0.0
MolecuLA raw OLS (seed-excluded),HBA,150.0,150.0,50,50,1.0,50,1.0,1.0,24.0,19.5,19.5,0.94,0.0551302977430067,0.04609090909090909,0.07328177384943615,22,0.0
MolecuLA raw OLS (seed-excluded),TPSA,-150.0,150.0,50,50,1.0,50,1.0,1.0,0.0,-57.785000000000004,57.785000000000004,1.0,0.04,0.029521510096575942,0.060379918588873815,17,0.0
MolecuLA raw OLS (seed-excluded),TPSA,-146.96969696969697,146.96969696969697,50,50,1.0,50,1.0,1.0,0.0,-57.785000000000004,57.785000000000004,1.0,0.040547945205479455,0.030889423076923078,0.06130536130536131,19,0.0
MolecuLA raw OLS (seed-excluded),TPSA,-143.93939393939394,143.93939393939394,50,50,1.0,50,1.0,1.0,0.0,-57.785000000000004,57.785000000000004,1.0,0.040547945205479455,0.031141439205955336,0.062259615384615385,22,0.0
MolecuLA raw OLS (seed-excluded),TPSA,-140.9090909090909,140.9090909090909,50,50,1.0,50,1.0,1.0,0.0,-57.785000000000004,57.785000000000004,1.0,0.04197651663405088,0.030791788856304986,0.06153846153846154,23,0.0
MolecuLA raw OLS (seed-excluded),TPSA,-137.87878787878788,137.87878787878788,50,50,1.0,50,1.0,1.0,0.0,-57.785000000000004,57.785000000000004,1.0,0.05,0.03435230024213075,0.0728034420289855,27,0.0
MolecuLA raw OLS (seed-excluded),TPSA,-134.84848484848484,134.84848484848484,50,50,1.0,50,1.0,1.0,0.0,-57.785000000000004,57.785000000000004,1.0,0.05390874745713456,0.032526881720430105,0.06795790416480071,30,0.0
MolecuLA raw OLS (seed-excluded),TPSA,-131.8181818181818,131.8181818181818,50,50,1.0,50,1.0,1.0,0.0,-57.785000000000004,57.785000000000004,1.0,0.05266805266805267,0.03305860805860806,0.06886534518113466,33,0.0
MolecuLA raw OLS (seed-excluded),TPSA,-128.78787878787878,128.78787878787878,50,50,1.0,50,1.0,1.0,0.0,-57.785000000000004,57.785000000000004,1.0,0.054299754299754296,0.035794723294723295,0.06987295825771325,35,0.0
MolecuLA raw OLS (seed-excluded),TPSA,-125.75757575757575,125.75757575757575,50,50,1.0,50,1.0,1.0,0.0,-57.785000000000004,57.785000000000004,1.0,0.054299754299754296,0.035171799706683424,0.07189168573607933,35,0.0
MolecuLA raw OLS (seed-excluded),TPSA,-122.72727272727272,122.72727272727272,50,50,1.0,50,1.0,1.0,0.0,-57.785000000000004,57.785000000000004,1.0,0.054299754299754296,0.03525369978858351,0.07445711929631665,35,0.0
MolecuLA raw OLS (seed-excluded),TPSA,-119.69696969696969,119.69696969696969,50,50,1.0,50,1.0,1.0,0.0,-57.785000000000004,57.785000000000004,1.0,0.054299754299754296,0.030539772727272728,0.07187218721872188,37,0.0
MolecuLA raw OLS (seed-excluded),TPSA,-116.66666666666666,116.66666666666666,50,50,1.0,50,1.0,1.0,0.0,-57.785000000000004,57.785000000000004,1.0,0.06060606060606061,0.04221724524076148,0.0783547794117647,38,0.0
MolecuLA raw OLS (seed-excluded),TPSA,-113.63636363636364,113.63636363636364,50,50,1.0,50,1.0,1.0,0.0,-55.580000000000005,55.580000000000005,1.0,0.06091527520098949,0.04719887955182073,0.07756410256410257,39,0.0
MolecuLA raw OLS (seed-excluded),TPSA,-110.60606060606061,110.60606060606061,50,50,1.0,50,1.0,1.0,0.0,-55.580000000000005,55.580000000000005,1.0,0.06186224489795918,0.04381965552178318,0.07803819444444444,39,0.0
MolecuLA raw OLS (seed-excluded),TPSA,-107.57575757575758,107.57575757575758,50,50,1.0,50,1.0,1.0,0.0,-55.580000000000005,55.580000000000005,1.0,0.05961265103056147,0.04067937800814513,0.07782451923076923,40,0.0
MolecuLA raw OLS (seed-excluded),TPSA,-104.54545454545455,104.54545454545455,50,50,1.0,50,1.0,1.0,0.0,-55.580000000000005,55.580000000000005,1.0,0.06110004977600796,0.04776247848537005,0.08008166969147006,41,0.0
MolecuLA raw OLS (seed-excluded),TPSA,-101.51515151515152,101.51515151515152,50,50,1.0,50,1.0,1.0,0.0,-55.580000000000005,55.580000000000005,1.0,0.06365740740740741,0.04561262707330123,0.08097210113339146,41,0.0
MolecuLA raw OLS (seed-excluded),TPSA,-98.48484848484848,98.48484848484848,50,50,1.0,50,1.0,1.0,0.0,-55.580000000000005,55.580000000000005,1.0,0.06458333333333333,0.04499299719887955,0.07865497076023392,41,0.0
MolecuLA raw OLS (seed-excluded),TPSA,-95.45454545454545,95.45454545454545,50,50,1.0,50,1.0,1.0,0.0,-55.580000000000005,55.580000000000005,1.0,0.05741758241758242,0.04350649350649351,0.07529536236995238,39,0.0
MolecuLA raw OLS (seed-excluded),TPSA,-92.42424242424242,92.42424242424242,50,50,1.0,50,1.0,1.0,0.0,-55.580000000000005,55.580000000000005,1.0,0.06291172595520422,0.04244982478496336,0.08191410588670862,39,0.0
MolecuLA raw OLS (seed-excluded),TPSA,-89.39393939393939,89.39393939393939,50,50,1.0,50,1.0,1.0,0.0,-55.580000000000005,55.580000000000005,1.0,0.06557572861920688,0.047619047619047616,0.08191410588670862,40,0.0
MolecuLA raw OLS (seed-excluded),TPSA,-86.36363636363637,86.36363636363637,50,50,1.0,50,1.0,1.0,0.0,-55.580000000000005,55.580000000000005,1.0,0.06679304192685102,0.054464285714285715,0.09479305740987984,41,0.0
MolecuLA raw OLS (seed-excluded),TPSA,-83.33333333333333,83.33333333333333,50,50,1.0,50,1.0,1.0,0.0,-54.0,54.0,1.0,0.06396617566830332,0.053877201565557725,0.09275594760759155,39,0.0
MolecuLA raw OLS (seed-excluded),TPSA,-80.3030303030303,80.3030303030303,50,50,1.0,50,1.0,1.0,0.0,-54.0,54.0,1.0,0.06451881451881451,0.055180397453212425,0.0854876615746181,38,0.0
MolecuLA raw OLS (seed-excluded),TPSA,-77.27272727272728,77.27272727272728,50,50,1.0,50,1.0,1.0,0.0,-52.745000000000005,52.745000000000005,1.0,0.06896551724137931,0.059043020193151885,0.08277027027027027,37,0.0
MolecuLA raw OLS (seed-excluded),TPSA,-74.24242424242425,74.24242424242425,50,50,1.0,50,1.0,1.0,0.0,-52.745000000000005,52.745000000000005,1.0,0.06396617566830332,0.05813953488372093,0.08333333333333333,38,0.0
MolecuLA raw OLS (seed-excluded),TPSA,-71.21212121212122,71.21212121212122,50,50,1.0,50,1.0,1.0,0.0,-48.405,48.405,1.0,0.07198275862068965,0.06040111940298507,0.08333333333333333,39,0.0
MolecuLA raw OLS (seed-excluded),TPSA,-68.18181818181819,68.18181818181819,50,50,1.0,50,1.0,1.0,0.0,-46.57,46.57,1.0,0.08022988505747126,0.06015151515151515,0.09507722007722008,39,0.0
MolecuLA raw OLS (seed-excluded),TPSA,-65.15151515151516,65.15151515151516,50,50,1.0,50,1.0,1.0,9.23,-46.220000000000006,46.220000000000006,1.0,0.07906250000000001,0.05839520274129069,0.10719814241486068,37,0.0
MolecuLA raw OLS (seed-excluded),TPSA,-62.121212121212125,62.121212121212125,50,50,1.0,50,1.0,1.0,9.23,-45.44500000000001,45.44500000000001,1.0,0.09213085764809903,0.06693106149627889,0.11764705882352941,38,0.0
MolecuLA raw OLS (seed-excluded),TPSA,-59.09090909090909,59.09090909090909,50,50,1.0,50,1.0,1.0,9.23,-42.585,42.585,1.0,0.09578092243186584,0.07278042775811663,0.13200280112044818,40,0.0
MolecuLA raw OLS (seed-excluded),TPSA,-56.06060606060606,56.06060606060606,50,50,1.0,50,1.0,1.0,12.03,-42.415000000000006,42.415000000000006,0.98,0.09780009564801531,0.07548076923076923,0.13016358228684732,41,0.04878048780487805
MolecuLA raw OLS (seed-excluded),TPSA,-53.03030303030303,53.03030303030303,50,50,1.0,50,1.0,1.0,17.07,-35.839999999999996,35.839999999999996,0.98,0.10268275538894095,0.07901250651380927,0.16346153846153846,41,0.04878048780487805
MolecuLA raw OLS (seed-excluded),TPSA,-50.0,50.0,50,50,1.0,50,1.0,1.0,20.785,-32.980000000000004,32.980000000000004,0.96,0.12220149253731344,0.07511792452830188,0.18536821705426357,41,0.04878048780487805
MolecuLA raw OLS (seed-excluded),TPSA,-46.96969696969697,46.96969696969697,50,50,1.0,49,0.98,0.98,28.615000000000002,-26.300000000000004,26.300000000000004,0.94,0.14527930209652457,0.10573308270676691,0.24362244897959184,43,0.09302325581395349
MolecuLA raw OLS (seed-excluded),TPSA,-43.93939393939394,43.93939393939394,50,50,1.0,49,0.98,0.98,29.46,-25.615000000000002,25.615000000000002,0.94,0.17294159042927515,0.10813492063492063,0.29679726368159204,45,0.13333333333333333
MolecuLA raw OLS (seed-excluded),TPSA,-40.90909090909091,40.90909090909091,50,50,1.0,47,0.94,0.94,32.480000000000004,-23.08,23.08,0.84,0.21808943089430893,0.1357142857142857,0.33316561242093157,47,0.14893617021276595
MolecuLA raw OLS (seed-excluded),TPSA,-37.878787878787875,37.878787878787875,50,50,1.0,44,0.88,0.88,35.53,-16.895000000000003,16.895000000000003,0.78,0.23385416666666667,0.15534034930586654,0.5364219114219114,47,0.19148936170212766
MolecuLA raw OLS (seed-excluded),TPSA,-34.848484848484844,34.848484848484844,50,50,1.0,39,0.78,0.78,40.129999999999995,-12.889999999999997,12.889999999999997,0.66,0.2928571428571428,0.16810344827586207,0.6269255455712452,48,0.2708333333333333
MolecuLA raw OLS (seed-excluded),TPSA,-31.818181818181813,31.818181818181813,50,50,1.0,35,0.7,0.7,48.405,-1.8850000000000016,1.8850000000000016,0.54,0.43736263736263736,0.2525684931506849,1.0,50,0.32
MolecuLA raw OLS (seed-excluded),TPSA,-28.787878787878782,28.787878787878782,50,50,1.0,28,0.56,0.56,52.34,0.0,0.0,0.4,0.5517503805175038,0.32578125,1.0,50,0.46
MolecuLA raw OLS (seed-excluded),TPSA,-25.757575757575765,25.757575757575765,50,50,1.0,19,0.38,0.38,55.580000000000005,0.0,0.0,0.26,1.0,0.4492694805194805,1.0,50,0.62
MolecuLA raw OLS (seed-excluded),TPSA,-22.727272727272734,22.727272727272734,50,50,1.0,12,0.24,0.24,55.580000000000005,0.0,0.0,0.22,1.0,1.0,1.0,50,0.76
MolecuLA raw OLS (seed-excluded),TPSA,-19.69696969696969,19.69696969696969,50,50,1.0,6,0.12,0.12,56.385000000000005,0.0,0.0,0.14,1.0,1.0,1.0,50,0.88
MolecuLA raw OLS (seed-excluded),TPSA,-16.666666666666657,16.666666666666657,50,50,1.0,4,0.08,0.08,57.785000000000004,0.0,0.0,0.1,1.0,1.0,1.0,50,0.92
MolecuLA raw OLS (seed-excluded),TPSA,-13.636363636363626,13.636363636363626,50,50,1.0,4,0.08,0.08,57.785000000000004,0.0,0.0,0.1,1.0,1.0,1.0,50,0.92
MolecuLA raw OLS (seed-excluded),TPSA,-10.606060606060595,10.606060606060595,50,50,1.0,3,0.06,0.06,57.785000000000004,0.0,0.0,0.08,1.0,1.0,1.0,50,0.94
MolecuLA raw OLS (seed-excluded),TPSA,-7.575757575757564,7.575757575757564,50,50,1.0,2,0.04,0.04,57.785000000000004,0.0,0.0,0.06,1.0,1.0,1.0,50,0.96
MolecuLA raw OLS (seed-excluded),TPSA,-4.545454545454561,4.545454545454561,50,50,1.0,1,0.02,0.02,57.785000000000004,0.0,0.0,0.06,1.0,1.0,1.0,50,0.98
MolecuLA raw OLS (seed-excluded),TPSA,-1.5151515151515298,1.5151515151515298,50,50,1.0,1,0.02,0.02,57.785000000000004,0.0,0.0,0.06,1.0,1.0,1.0,50,0.98
MolecuLA raw OLS (seed-excluded),TPSA,1.5151515151515014,1.5151515151515014,50,50,1.0,2,0.04,0.04,57.785000000000004,0.0,0.0,0.06,1.0,1.0,1.0,50,0.96
MolecuLA raw OLS (seed-excluded),TPSA,4.5454545454545325,4.5454545454545325,50,50,1.0,2,0.04,0.04,57.785000000000004,0.0,0.0,0.06,1.0,1.0,1.0,50,0.96
MolecuLA raw OLS (seed-excluded),TPSA,7.575757575757564,7.575757575757564,50,50,1.0,2,0.04,0.04,57.785000000000004,0.0,0.0,0.06,1.0,1.0,1.0,50,0.96
MolecuLA raw OLS (seed-excluded),TPSA,10.606060606060595,10.606060606060595,50,50,1.0,3,0.06,0.06,57.785000000000004,0.0,0.0,0.06,1.0,1.0,1.0,50,0.94
MolecuLA raw OLS (seed-excluded),TPSA,13.636363636363626,13.636363636363626,50,50,1.0,5,0.1,0.1,57.785000000000004,0.0,0.0,0.1,1.0,1.0,1.0,50,0.92
MolecuLA raw OLS (seed-excluded),TPSA,16.666666666666657,16.666666666666657,50,50,1.0,12,0.24,0.24,62.519999999999996,0.0,0.0,0.22,1.0,1.0,1.0,50,0.8
MolecuLA raw OLS (seed-excluded),TPSA,19.69696969696969,19.69696969696969,50,50,1.0,21,0.42,0.42,65.6,0.0,0.0,0.42,1.0,0.5590306545153273,1.0,50,0.7
MolecuLA raw OLS (seed-excluded),TPSA,22.72727272727272,22.72727272727272,50,50,1.0,31,0.62,0.62,76.36500000000001,17.070000000000007,17.070000000000007,0.6,0.6068181818181818,0.4398630136986301,1.0,49,0.5714285714285714
MolecuLA raw OLS (seed-excluded),TPSA,25.75757575757575,25.75757575757575,50,50,1.0,32,0.64,0.64,81.83500000000001,26.3,26.3,0.62,0.5939952904238619,0.38505244755244755,1.0,49,0.5306122448979592
MolecuLA raw OLS (seed-excluded),TPSA,28.787878787878782,28.787878787878782,50,50,1.0,37,0.74,0.74,92.01499999999999,29.264999999999997,29.264999999999997,0.72,0.5324074074074074,0.29374999999999996,0.9583333333333334,48,0.5
MolecuLA raw OLS (seed-excluded),TPSA,31.818181818181813,31.818181818181813,50,50,1.0,39,0.78,0.78,93.88499999999999,29.264999999999997,29.264999999999997,0.74,0.4597336715282181,0.22795163584637268,0.6732054890921886,47,0.40425531914893614
MolecuLA raw OLS (seed-excluded),TPSA,34.848484848484844,34.848484848484844,50,50,1.0,40,0.8,0.8,105.88,42.15500000000001,42.15500000000001,0.78,0.36676854681856075,0.22344155844155844,0.6203902229845626,47,0.3404255319148936
MolecuLA raw OLS (seed-excluded),TPSA,37.878787878787875,37.878787878787875,50,50,1.0,42,0.84,0.84,105.44999999999999,42.725,42.725,0.82,0.287632153045813,0.20106907894736842,0.43655569782330345,46,0.2608695652173913
MolecuLA raw OLS (seed-excluded),TPSA,40.90909090909091,40.90909090909091,50,50,1.0,44,0.88,0.88,100.97,43.31999999999999,43.31999999999999,0.82,0.22595281306715065,0.16263440860215053,0.38830230619616557,45,0.24444444444444444
MolecuLA raw OLS (seed-excluded),TPSA,43.93939393939394,43.93939393939394,50,50,1.0,46,0.92,0.92,107.14999999999999,53.33,53.33,0.88,0.20645363408521303,0.13392857142857142,0.3371345635496579,45,0.17777777777777778
MolecuLA raw OLS (seed-excluded),TPSA,46.96969696969697,46.96969696969697,50,50,1.0,49,0.98,0.98,124.48500000000001,60.60999999999999,60.60999999999999,0.9,0.17462910031305295,0.10526315789473684,0.25875897002954834,42,0.11904761904761904
MolecuLA raw OLS (seed-excluded),TPSA,50.0,50.0,50,50,1.0,49,0.98,0.98,131.82999999999998,75.35999999999999,75.35999999999999,0.92,0.16643356643356644,0.10480416156670747,0.24013772749631088,41,0.0975609756097561
MolecuLA raw OLS (seed-excluded),TPSA,53.03030303030303,53.03030303030303,50,50,1.0,50,1.0,1.0,139.18,75.07,75.07,0.96,0.13180272108843538,0.0900874971218052,0.20382104454685102,38,0.07894736842105263
MolecuLA raw OLS (seed-excluded),TPSA,56.06060606060606,56.06060606060606,50,50,1.0,50,1.0,1.0,141.555,76.75999999999998,76.75999999999998,0.96,0.1373285864978903,0.09974400599400599,0.20382104454685102,40,0.075
MolecuLA raw OLS (seed-excluded),TPSA,59.09090909090909,59.09090909090909,50,50,1.0,50,1.0,1.0,144.43,80.50999999999996,80.50999999999996,0.94,0.12962962962962962,0.09276523109243698,0.17310344827586208,36,0.05555555555555555
MolecuLA raw OLS (seed-excluded),TPSA,62.121212121212125,62.121212121212125,50,50,1.0,50,1.0,1.0,150.57,92.10999999999999,92.10999999999999,0.94,0.10471491228070176,0.08488565803422687,0.15772669220945082,37,0.05405405405405406
MolecuLA raw OLS (seed-excluded),TPSA,65.15151515151516,65.15151515151516,50,50,1.0,50,1.0,1.0,165.67499999999995,93.69,93.69,0.96,0.10912698412698413,0.08456672236810694,0.13907004830917874,38,0.02631578947368421
MolecuLA raw OLS (seed-excluded),TPSA,68.18181818181819,68.18181818181819,50,50,1.0,50,1.0,1.0,171.405,96.85,96.85,0.96,0.10831761994552692,0.08543432203389831,0.13316326530612244,33,0.030303030303030304
MolecuLA raw OLS (seed-excluded),TPSA,71.21212121212122,71.21212121212122,50,50,1.0,50,1.0,1.0,163.35,93.34500000000003,93.34500000000003,0.96,0.0967364604047257,0.0784313725490196,0.12451923076923077,28,0.03571428571428571
MolecuLA raw OLS (seed-excluded),TPSA,74.24242424242425,74.24242424242425,50,50,1.0,50,1.0,1.0,158.05,87.61500000000001,87.61500000000001,0.98,0.09745673279864922,0.0793254688445251,0.125,30,0.03333333333333333
MolecuLA raw OLS (seed-excluded),TPSA,77.27272727272728,77.27272727272728,50,50,1.0,50,1.0,1.0,161.45499999999998,86.74499999999998,86.74499999999998,0.92,0.09758560984994229,0.07872560615020698,0.12478745512941622,34,0.029411764705882353
MolecuLA raw OLS (seed-excluded),TPSA,80.30303030303031,80.30303030303031,50,50,1.0,50,1.0,1.0,164.69499999999996,95.55999999999999,95.55999999999999,0.92,0.09384935191978479,0.07347309010280186,0.11601307189542484,29,0.0
MolecuLA raw OLS (seed-excluded),TPSA,83.33333333333334,83.33333333333334,50,50,1.0,50,1.0,1.0,152.215,105.89000000000001,105.89000000000001,0.92,0.08941897654584222,0.07099871959026889,0.10971433344470431,29,0.0
MolecuLA raw OLS (seed-excluded),TPSA,86.36363636363637,86.36363636363637,50,50,1.0,50,1.0,1.0,175.11,115.03500000000001,115.03500000000001,0.9,0.0842739378566899,0.06645690312738367,0.10800527597402598,31,0.0
MolecuLA raw OLS (seed-excluded),TPSA,89.3939393939394,89.3939393939394,50,50,1.0,50,1.0,1.0,168.675,105.80000000000001,105.80000000000001,0.88,0.0837719298245614,0.0627840909090909,0.10349025974025974,27,0.0
MolecuLA raw OLS (seed-excluded),TPSA,92.42424242424244,92.42424242424244,50,50,1.0,50,1.0,1.0,171.23000000000002,115.85500000000002,115.85500000000002,0.9,0.08199279711884754,0.05756302521008403,0.1005690737833595,27,0.0
MolecuLA raw OLS (seed-excluded),TPSA,95.45454545454544,95.45454545454544,50,50,1.0,50,1.0,1.0,175.76000000000002,108.85000000000002,108.85000000000002,0.88,0.08102025506376595,0.05524642289348172,0.09463753723932473,29,0.0
MolecuLA raw OLS (seed-excluded),TPSA,98.48484848484847,98.48484848484847,50,50,1.0,50,1.0,1.0,180.83,118.44999999999999,118.44999999999999,0.88,0.07705627705627706,0.05698771390960948,0.10153061224489796,31,0.0
MolecuLA raw OLS (seed-excluded),TPSA,101.5151515151515,101.5151515151515,50,50,1.0,50,1.0,1.0,174.435,115.535,115.535,0.84,0.06787469287469287,0.052353896103896104,0.09190129705789307,26,0.0
MolecuLA raw OLS (seed-excluded),TPSA,104.54545454545453,104.54545454545453,50,50,1.0,50,1.0,1.0,166.995,101.685,101.685,0.86,0.06755215123859191,0.050699300699300696,0.10084269662921348,24,0.0
MolecuLA raw OLS (seed-excluded),TPSA,107.57575757575756,107.57575757575756,50,50,1.0,50,1.0,1.0,149.64000000000001,91.315,91.315,0.84,0.07362240289069558,0.04935556464811784,0.09930555555555556,22,0.0
MolecuLA raw OLS (seed-excluded),TPSA,110.60606060606062,110.60606060606062,50,50,1.0,50,1.0,1.0,173.94,117.07500000000002,117.07500000000002,0.86,0.06895531222255105,0.05134813639968279,0.09247076023391812,22,0.0
MolecuLA raw OLS (seed-excluded),TPSA,113.63636363636363,113.63636363636363,50,50,1.0,50,1.0,1.0,190.73000000000002,129.5,129.5,0.9,0.07435046987285793,0.052771556550951844,0.09622532683927199,23,0.0
MolecuLA raw OLS (seed-excluded),TPSA,116.66666666666669,116.66666666666669,50,50,1.0,50,1.0,1.0,213.60999999999999,145.33499999999998,145.33499999999998,0.92,0.07176186645213194,0.0476397966594045,0.09457671957671956,22,0.0
MolecuLA raw OLS (seed-excluded),TPSA,119.69696969696969,119.69696969696969,50,50,1.0,50,1.0,1.0,156.455,100.54,100.54,0.92,0.0641729581331503,0.04240442655935614,0.08531200941915228,17,0.0
MolecuLA raw OLS (seed-excluded),TPSA,122.72727272727275,122.72727272727275,50,50,1.0,50,1.0,1.0,161.745,102.70500000000003,102.70500000000003,0.92,0.06796703296703296,0.04240442655935614,0.08157332700522069,17,0.0
MolecuLA raw OLS (seed-excluded),TPSA,125.75757575757575,125.75757575757575,50,50,1.0,50,1.0,1.0,193.80999999999997,128.64999999999998,128.64999999999998,0.92,0.06308991554893195,0.03435230024213075,0.08634222919937207,17,0.0
MolecuLA raw OLS (seed-excluded),TPSA,128.7878787878788,128.7878787878788,50,50,1.0,50,1.0,1.0,185.29000000000002,119.53,119.53,0.92,0.05983343074225599,0.033946456086286596,0.0752016129032258,16,0.0
MolecuLA raw OLS (seed-excluded),TPSA,131.8181818181818,131.8181818181818,50,50,1.0,50,1.0,1.0,166.815,94.83499999999998,94.83499999999998,0.88,0.056873315363881405,0.038586413586413584,0.08163265306122448,18,0.0
MolecuLA raw OLS (seed-excluded),TPSA,134.84848484848487,134.84848484848487,50,50,1.0,50,1.0,1.0,155.685,85.89500000000001,85.89500000000001,0.9,0.06168478260869566,0.042360379346680715,0.08142650999793857,17,0.0
MolecuLA raw OLS (seed-excluded),TPSA,137.87878787878788,137.87878787878788,50,50,1.0,50,1.0,1.0,156.98000000000002,93.66000000000001,93.66000000000001,0.88,0.0573716542343133,0.043597706641184904,0.08163265306122448,17,0.0
MolecuLA raw OLS (seed-excluded),TPSA,140.90909090909088,140.90909090909088,50,50,1.0,50,1.0,1.0,135.66500000000002,90.46,90.46,0.86,0.058823529411764705,0.043478260869565216,0.08060606060606061,18,0.0
MolecuLA raw OLS (seed-excluded),TPSA,143.93939393939394,143.93939393939394,50,50,1.0,50,1.0,1.0,148.575,90.815,90.815,0.9,0.060462991166615895,0.03898128898128898,0.08349227541483883,17,0.0
MolecuLA raw OLS (seed-excluded),TPSA,146.96969696969694,146.96969696969694,50,50,1.0,50,1.0,1.0,146.745,97.08000000000001,97.08000000000001,0.9,0.056873315363881405,0.039312754804892255,0.06992219492219492,16,0.0
MolecuLA raw OLS (seed-excluded),TPSA,150.0,150.0,50,50,1.0,50,1.0,1.0,146.745,90.815,90.815,0.9,0.05607966457023061,0.03774038461538461,0.06734234234234235,16,0.0
MolecuLA raw OLS (seed-excluded),cLogP,-150.0,150.0,50,50,1.0,50,1.0,1.0,-0.6657000000000002,-3.9740750000000036,3.9740750000000036,1.0,0.023558758314855877,0.01533975659229209,0.05096153846153846,2,0.0
MolecuLA raw OLS (seed-excluded),cLogP,-146.96969696969697,146.96969696969697,50,50,1.0,50,1.0,1.0,-0.6657000000000002,-3.7307150000000022,3.7307150000000022,1.0,0.023558758314855877,0.01533975659229209,0.05,1,0.0
MolecuLA raw OLS (seed-excluded),cLogP,-143.93939393939394,143.93939393939394,50,50,1.0,50,1.0,1.0,-0.6657000000000002,-3.8684650000000023,3.8684650000000023,1.0,0.023558758314855877,0.01533975659229209,0.05,1,0.0
MolecuLA raw OLS (seed-excluded),cLogP,-140.9090909090909,140.9090909090909,50,50,1.0,50,1.0,1.0,-0.6657000000000002,-3.8684650000000023,3.8684650000000023,1.0,0.027205882352941177,0.017543859649122806,0.049695121951219515,2,0.0
MolecuLA raw OLS (seed-excluded),cLogP,-137.87878787878788,137.87878787878788,50,50,1.0,50,1.0,1.0,-0.6657000000000002,-4.072260000000002,4.072260000000002,1.0,0.03286637931034483,0.018444055944055945,0.055610724925521354,4,0.0
MolecuLA raw OLS (seed-excluded),cLogP,-134.84848484848484,134.84848484848484,50,50,1.0,50,1.0,1.0,-0.6657000000000002,-4.001410000000002,4.001410000000002,1.0,0.033482142857142856,0.01664222873900293,0.05406698564593301,5,0.0
MolecuLA raw OLS (seed-excluded),cLogP,-131.8181818181818,131.8181818181818,50,50,1.0,50,1.0,1.0,-0.6657000000000002,-4.038100000000002,4.038100000000002,1.0,0.033482142857142856,0.01805985552115583,0.0625,4,0.0
MolecuLA raw OLS (seed-excluded),cLogP,-128.78787878787878,128.78787878787878,50,50,1.0,50,1.0,1.0,-0.6657000000000002,-4.098750000000002,4.098750000000002,1.0,0.03704974271012007,0.0196078431372549,0.06076388888888889,5,0.0
MolecuLA raw OLS (seed-excluded),cLogP,-125.75757575757575,125.75757575757575,50,50,1.0,50,1.0,1.0,-0.74911,-4.077050000000002,4.077050000000002,1.0,0.03704974271012007,0.01932503770739065,0.06845461365341335,8,0.0
MolecuLA raw OLS (seed-excluded),cLogP,-122.72727272727272,122.72727272727272,50,50,1.0,50,1.0,1.0,-0.74911,-4.181400000000001,4.181400000000001,1.0,0.03704974271012007,0.019742225859247137,0.07436958234830575,7,0.0
MolecuLA raw OLS (seed-excluded),cLogP,-119.69696969696969,119.69696969696969,50,50,1.0,50,1.0,1.0,-0.7278600000000001,-4.5447900000000025,4.5447900000000025,1.0,0.06125,0.029751131221719455,0.08013212625397602,8,0.0
MolecuLA raw OLS (seed-excluded),cLogP,-116.66666666666666,116.66666666666666,50,50,1.0,50,1.0,1.0,-0.7401249999999995,-4.5447900000000025,4.5447900000000025,1.0,0.06125,0.03205818965517242,0.0880952380952381,7,0.0
MolecuLA raw OLS (seed-excluded),cLogP,-113.63636363636364,113.63636363636364,50,50,1.0,50,1.0,1.0,-0.7188100000000002,-4.3290700000000015,4.3290700000000015,1.0,0.06110074626865672,0.03163422131147541,0.08872549019607844,7,0.0
MolecuLA raw OLS (seed-excluded),cLogP,-110.60606060606061,110.60606060606061,50,50,1.0,50,1.0,1.0,-0.6986600000000001,-4.232460000000001,4.232460000000001,1.0,0.06458333333333333,0.04188829787234043,0.09050324675324675,13,0.0
MolecuLA raw OLS (seed-excluded),cLogP,-107.57575757575758,107.57575757575758,50,50,1.0,50,1.0,1.0,-0.6931499999999999,-4.381975000000001,4.381975000000001,1.0,0.06201923076923077,0.04188829787234043,0.08840579710144927,13,0.0
MolecuLA raw OLS (seed-excluded),cLogP,-104.54545454545455,104.54545454545455,50,50,1.0,50,1.0,1.0,-0.79027,-4.232460000000001,4.232460000000001,1.0,0.06666666666666667,0.05357142857142857,0.08870341614906832,12,0.0
MolecuLA raw OLS (seed-excluded),cLogP,-101.51515151515152,101.51515151515152,50,50,1.0,50,1.0,1.0,-0.79027,-4.232460000000001,4.232460000000001,1.0,0.06961259079903148,0.05113636363636364,0.0881062951496388,10,0.0
MolecuLA raw OLS (seed-excluded),cLogP,-98.48484848484848,98.48484848484848,50,50,1.0,50,1.0,1.0,-0.8365000000000001,-4.33931,4.33931,1.0,0.06977687626774848,0.045108695652173916,0.09490986214209968,9,0.0
MolecuLA raw OLS (seed-excluded),cLogP,-95.45454545454545,95.45454545454545,50,50,1.0,50,1.0,1.0,-0.8365000000000001,-4.382450000000001,4.382450000000001,1.0,0.07409948542024014,0.04765625,0.08664596273291925,14,0.0
MolecuLA raw OLS (seed-excluded),cLogP,-92.42424242424242,92.42424242424242,50,50,1.0,50,1.0,1.0,-0.8599,-4.3656500000000005,4.3656500000000005,1.0,0.08462640248269276,0.056089743589743585,0.09828029572484731,14,0.0
MolecuLA raw OLS (seed-excluded),cLogP,-89.39393939393939,89.39393939393939,50,50,1.0,50,1.0,1.0,-0.8966000000000001,-4.407050000000001,4.407050000000001,1.0,0.08392018779342722,0.05970149253731343,0.10084269662921348,15,0.0
MolecuLA raw OLS (seed-excluded),cLogP,-86.36363636363637,86.36363636363637,50,50,1.0,50,1.0,1.0,-0.7381500000000002,-4.367450000000002,4.367450000000002,1.0,0.08001422475106686,0.060698447893569846,0.10376602564102565,20,0.0
MolecuLA raw OLS (seed-excluded),cLogP,-83.33333333333333,83.33333333333333,50,50,1.0,50,1.0,1.0,-0.6847500000000001,-4.337005000000001,4.337005000000001,1.0,0.0782781862745098,0.060240963855421686,0.10582890070921985,15,0.0
MolecuLA raw OLS (seed-excluded),cLogP,-80.3030303030303,80.3030303030303,50,50,1.0,50,1.0,1.0,-0.9415499999999999,-4.501299999999999,4.501299999999999,1.0,0.07853618421052631,0.0625,0.10376602564102565,16,0.0
MolecuLA raw OLS (seed-excluded),cLogP,-77.27272727272728,77.27272727272728,50,50,1.0,50,1.0,1.0,-0.9398999999999996,-4.501299999999999,4.501299999999999,1.0,0.08022308022308022,0.06283244680851063,0.10582890070921985,18,0.0
MolecuLA raw OLS (seed-excluded),cLogP,-74.24242424242425,74.24242424242425,50,50,1.0,50,1.0,1.0,-0.8684500000000002,-4.424210000000001,4.424210000000001,0.98,0.08207949696833594,0.06283244680851063,0.10582890070921985,17,0.0
MolecuLA raw OLS (seed-excluded),cLogP,-71.21212121212122,71.21212121212122,50,50,1.0,50,1.0,1.0,-0.6727500000000001,-3.993410000000002,3.993410000000002,0.98,0.08754789272030652,0.05722495894909688,0.11840909090909091,17,0.0
MolecuLA raw OLS (seed-excluded),cLogP,-68.18181818181819,68.18181818181819,50,50,1.0,50,1.0,1.0,-0.5072000000000001,-3.9512600000000027,3.9512600000000027,0.98,0.09434801958166444,0.0599906629318394,0.12340815886034967,17,0.0
MolecuLA raw OLS (seed-excluded),cLogP,-65.15151515151516,65.15151515151516,50,50,1.0,50,1.0,1.0,-0.40085,-3.7732200000000007,3.7732200000000007,0.98,0.09569597069597069,0.06652905684344236,0.12811871227364185,22,0.0
MolecuLA raw OLS (seed-excluded),cLogP,-62.121212121212125,62.121212121212125,50,50,1.0,50,1.0,1.0,-0.43010000000000026,-3.763670000000001,3.763670000000001,0.98,0.10056995771281485,0.07520091848450057,0.1316901408450704,23,0.0
MolecuLA raw OLS (seed-excluded),cLogP,-59.09090909090909,59.09090909090909,50,50,1.0,50,1.0,1.0,-0.3037000000000002,-3.4995600000000033,3.4995600000000033,0.98,0.10416666666666667,0.0851063829787234,0.13695329873980727,25,0.0
MolecuLA raw OLS (seed-excluded),cLogP,-56.06060606060606,56.06060606060606,50,50,1.0,50,1.0,1.0,-0.38625,-3.4020650000000026,3.4020650000000026,0.98,0.10724717050018255,0.08920278637770898,0.1609105180533752,25,0.0
MolecuLA raw OLS (seed-excluded),cLogP,-53.03030303030303,53.03030303030303,50,50,1.0,50,1.0,1.0,0.23633999999999994,-3.373015000000002,3.373015000000002,0.98,0.12163978494623656,0.09758064516129032,0.16230405205560483,29,0.0
MolecuLA raw OLS (seed-excluded),cLogP,-50.0,50.0,50,50,1.0,50,1.0,1.0,0.32448499999999986,-3.021250000000003,3.021250000000003,0.98,0.125,0.10104166666666667,0.16532258064516128,32,0.0
MolecuLA raw OLS (seed-excluded),cLogP,-46.96969696969697,46.96969696969697,50,50,1.0,50,1.0,1.0,0.39335,-2.7029500000000004,2.7029500000000004,0.96,0.12382978723404255,0.10592691622103387,0.16680194805194806,35,0.0
MolecuLA raw OLS (seed-excluded),cLogP,-43.93939393939394,43.93939393939394,50,50,1.0,50,1.0,1.0,0.9327599999999999,-2.128450000000003,2.128450000000003,0.94,0.15726062143310082,0.10848214285714286,0.23878799110452187,40,0.05
MolecuLA raw OLS (seed-excluded),cLogP,-40.90909090909091,40.90909090909091,50,50,1.0,50,1.0,1.0,1.538735,-1.7995050000000004,1.7995050000000004,0.92,0.1793012524719842,0.1111111111111111,0.2725765306122449,43,0.023255813953488372
MolecuLA raw OLS (seed-excluded),cLogP,-37.878787878787875,37.878787878787875,50,50,1.0,48,0.96,0.96,1.4592,-1.6779500000000012,1.6779500000000012,0.88,0.19281045751633985,0.12907801418439716,0.302755376344086,44,0.045454545454545456
MolecuLA raw OLS (seed-excluded),cLogP,-34.848484848484844,34.848484848484844,50,50,1.0,43,0.86,0.86,2.10311,-1.0633,1.0633,0.84,0.31578276389597143,0.17261904761904762,0.4647832817337461,45,0.17777777777777778
MolecuLA raw OLS (seed-excluded),cLogP,-31.818181818181813,31.818181818181813,50,50,1.0,40,0.8,0.8,2.724500000000001,-0.6848100000000005,0.6848100000000005,0.78,0.3447022644674308,0.23073885573885575,0.5973084886128364,47,0.23404255319148937
MolecuLA raw OLS (seed-excluded),cLogP,-28.787878787878782,28.787878787878782,50,50,1.0,32,0.64,0.64,2.881460000000001,-0.09125000000000005,0.09125000000000005,0.54,0.5341085271317829,0.3101958525345622,1.0,48,0.375
MolecuLA raw OLS (seed-excluded),cLogP,-25.757575757575765,25.757575757575765,50,50,1.0,24,0.48,0.48,2.9818100000000016,0.0,0.0,0.42,1.0,0.4959677419354839,1.0,49,0.5306122448979592
MolecuLA raw OLS (seed-excluded),cLogP,-22.727272727272734,22.727272727272734,50,50,1.0,16,0.32,0.32,3.1678400000000013,0.0,0.0,0.3,1.0,0.626695873374788,1.0,50,0.7
MolecuLA raw OLS (seed-excluded),cLogP,-19.69696969696969,19.69696969696969,50,50,1.0,12,0.24,0.24,3.1586500000000006,0.0,0.0,0.22,1.0,1.0,1.0,50,0.76
MolecuLA raw OLS (seed-excluded),cLogP,-16.666666666666657,16.666666666666657,50,50,1.0,5,0.1,0.1,3.115740000000002,0.0,0.0,0.12,1.0,1.0,1.0,50,0.9
MolecuLA raw OLS (seed-excluded),cLogP,-13.636363636363626,13.636363636363626,50,50,1.0,3,0.06,0.06,3.115740000000002,0.0,0.0,0.08,1.0,1.0,1.0,50,0.94
MolecuLA raw OLS (seed-excluded),cLogP,-10.606060606060595,10.606060606060595,50,50,1.0,2,0.04,0.04,3.115740000000002,0.0,0.0,0.06,1.0,1.0,1.0,50,0.96
MolecuLA raw OLS (seed-excluded),cLogP,-7.575757575757564,7.575757575757564,50,50,1.0,1,0.02,0.02,3.115740000000002,0.0,0.0,0.04,1.0,1.0,1.0,50,0.98
MolecuLA raw OLS (seed-excluded),cLogP,-4.545454545454561,4.545454545454561,50,50,1.0,2,0.04,0.04,3.115740000000002,0.0,0.0,0.04,1.0,1.0,1.0,50,0.96
MolecuLA raw OLS (seed-excluded),cLogP,-1.5151515151515298,1.5151515151515298,50,50,1.0,2,0.04,0.04,3.115740000000002,0.0,0.0,0.04,1.0,1.0,1.0,50,0.96
MolecuLA raw OLS (seed-excluded),cLogP,1.5151515151515014,1.5151515151515014,50,50,1.0,2,0.04,0.04,3.115740000000002,0.0,0.0,0.04,1.0,1.0,1.0,50,0.96
MolecuLA raw OLS (seed-excluded),cLogP,4.5454545454545325,4.5454545454545325,50,50,1.0,3,0.06,0.06,3.2390400000000015,0.0,0.0,0.04,1.0,1.0,1.0,50,0.94
MolecuLA raw OLS (seed-excluded),cLogP,7.575757575757564,7.575757575757564,50,50,1.0,3,0.06,0.06,3.2390400000000015,0.0,0.0,0.04,1.0,1.0,1.0,50,0.94
MolecuLA raw OLS (seed-excluded),cLogP,10.606060606060595,10.606060606060595,50,50,1.0,5,0.1,0.1,3.2936500000000017,0.0,0.0,0.08,1.0,1.0,1.0,50,0.92
MolecuLA raw OLS (seed-excluded),cLogP,13.636363636363626,13.636363636363626,50,50,1.0,7,0.14,0.14,3.3730000000000016,0.0,0.0,0.12,1.0,1.0,1.0,50,0.9
MolecuLA raw OLS (seed-excluded),cLogP,16.666666666666657,16.666666666666657,50,50,1.0,15,0.3,0.3,3.8310000000000026,0.0,0.0,0.24,1.0,0.652895293495505,1.0,50,0.82
MolecuLA raw OLS (seed-excluded),cLogP,19.69696969696969,19.69696969696969,50,50,1.0,23,0.46,0.46,4.011700000000003,0.0,0.0,0.4,1.0,0.5403551251008878,1.0,50,0.72
MolecuLA raw OLS (seed-excluded),cLogP,22.72727272727272,22.72727272727272,50,50,1.0,29,0.58,0.58,4.061790000000003,0.07985000000000042,0.07985000000000042,0.5,0.6422527763088313,0.4655762871988663,1.0,50,0.62
MolecuLA raw OLS (seed-excluded),cLogP,25.75757575757575,25.75757575757575,50,50,1.0,34,0.68,0.68,4.256800000000003,0.4213500000000012,0.4213500000000012,0.58,0.5520853170824604,0.3879699248120301,1.0,50,0.46
MolecuLA raw OLS (seed-excluded),cLogP,28.787878787878782,28.787878787878782,50,50,1.0,39,0.78,0.78,4.547960000000003,1.2679350000000014,1.2679350000000014,0.7,0.3917004048582996,0.2648809523809524,0.5643624816805081,49,0.3469387755102041
MolecuLA raw OLS (seed-excluded),cLogP,31.818181818181813,31.818181818181813,50,50,1.0,44,0.88,0.88,4.730995000000004,1.4198500000000007,1.4198500000000007,0.8,0.34523809523809523,0.2132282137698604,0.44473443223443226,48,0.22916666666666666
MolecuLA raw OLS (seed-excluded),cLogP,34.848484848484844,34.848484848484844,50,50,1.0,46,0.92,0.92,5.265490000000005,1.6473000000000018,1.6473000000000018,0.84,0.24244897959183673,0.14293139293139293,0.37416982922201136,48,0.14583333333333334
MolecuLA raw OLS (seed-excluded),cLogP,37.878787878787875,37.878787878787875,50,50,1.0,48,0.96,0.96,5.360440000000006,1.7474000000000016,1.7474000000000016,0.86,0.21528724440116848,0.12058823529411765,0.30972101133391455,48,0.08333333333333333
MolecuLA raw OLS (seed-excluded),cLogP,40.90909090909091,40.90909090909091,50,50,1.0,48,0.96,0.96,5.851810000000005,2.0253000000000005,2.0253000000000005,0.88,0.17693699446573008,0.11484049930651873,0.2709821428571429,48,0.10416666666666667
MolecuLA raw OLS (seed-excluded),cLogP,43.93939393939394,43.93939393939394,50,50,1.0,48,0.96,0.96,5.883800000000006,2.274510000000003,2.274510000000003,0.9,0.1734874518379673,0.11428571428571428,0.2612689393939394,49,0.08163265306122448
MolecuLA raw OLS (seed-excluded),cLogP,46.96969696969697,46.96969696969697,50,50,1.0,48,0.96,0.96,6.1699000000000055,2.3659450000000026,2.3659450000000026,0.88,0.15188834154351394,0.10546875,0.21197552447552448,48,0.0625
MolecuLA raw OLS (seed-excluded),cLogP,50.0,50.0,50,50,1.0,49,0.98,0.98,6.294190000000006,2.242660000000003,2.242660000000003,0.92,0.14285714285714285,0.10541795665634675,0.19145299145299147,48,0.041666666666666664
MolecuLA raw OLS (seed-excluded),cLogP,53.03030303030303,53.03030303030303,50,50,1.0,49,0.98,0.98,6.4705950000000065,2.530635000000003,2.530635000000003,0.94,0.11583184257602863,0.09093406593406594,0.17223963775687914,48,0.041666666666666664
MolecuLA raw OLS (seed-excluded),cLogP,56.06060606060606,56.06060606060606,50,50,1.0,49,0.98,0.98,6.436150000000007,2.7444600000000032,2.7444600000000032,0.92,0.11150568181818182,0.0963183145598665,0.14883367139959433,48,0.041666666666666664
MolecuLA raw OLS (seed-excluded),cLogP,59.09090909090909,59.09090909090909,50,50,1.0,49,0.98,0.98,6.484590000000006,2.645099999999999,2.645099999999999,0.9,0.10963255494505494,0.08560906984442238,0.13689179375453886,47,0.0425531914893617
MolecuLA raw OLS (seed-excluded),cLogP,62.121212121212125,62.121212121212125,50,50,1.0,50,1.0,1.0,7.021500000000007,2.948300000000003,2.948300000000003,0.88,0.1085094995986085,0.08075022461814914,0.14388736263736263,47,0.02127659574468085
MolecuLA raw OLS (seed-excluded),cLogP,65.15151515151516,65.15151515151516,50,50,1.0,50,1.0,1.0,7.0475000000000065,3.3861000000000043,3.3861000000000043,0.92,0.10348520249221184,0.07905179615705932,0.1468253968253968,47,0.02127659574468085
MolecuLA raw OLS (seed-excluded),cLogP,68.18181818181819,68.18181818181819,50,50,1.0,50,1.0,1.0,7.968650000000007,4.430859999999999,4.430859999999999,0.94,0.09730014025245443,0.07579048568579974,0.11602447411003236,49,0.02040816326530612
MolecuLA raw OLS (seed-excluded),cLogP,71.21212121212122,71.21212121212122,50,50,1.0,50,1.0,1.0,8.211400000000006,4.561755000000002,4.561755000000002,0.94,0.09648889479984041,0.0807224025974026,0.11949042680494615,50,0.04
MolecuLA raw OLS (seed-excluded),cLogP,74.24242424242425,74.24242424242425,50,50,1.0,50,1.0,1.0,8.112650000000007,4.660399999999999,4.660399999999999,0.96,0.09227330779054917,0.07407407407407407,0.1206766917293233,49,0.02040816326530612
MolecuLA raw OLS (seed-excluded),cLogP,77.27272727272728,77.27272727272728,50,50,1.0,50,1.0,1.0,8.455700000000006,4.813099999999995,4.813099999999995,0.96,0.09424342105263159,0.06829760645967509,0.11247006500171057,50,0.0
MolecuLA raw OLS (seed-excluded),cLogP,80.30303030303031,80.30303030303031,50,50,1.0,50,1.0,1.0,8.554145000000005,5.199945000000001,5.199945000000001,0.98,0.09189537884119164,0.06682692307692308,0.10511015911872705,50,0.0
MolecuLA raw OLS (seed-excluded),cLogP,83.33333333333334,83.33333333333334,50,50,1.0,50,1.0,1.0,8.599145000000004,5.2425600000000045,5.2425600000000045,0.98,0.0860042735042735,0.06763236763236763,0.09950980392156863,48,0.0
MolecuLA raw OLS (seed-excluded),cLogP,86.36363636363637,86.36363636363637,50,50,1.0,50,1.0,1.0,9.031405000000003,5.468499999999986,5.468499999999986,0.98,0.08460926625571684,0.06742992177314211,0.10094936708860759,48,0.0
MolecuLA raw OLS (seed-excluded),cLogP,89.3939393939394,89.3939393939394,50,50,1.0,50,1.0,1.0,9.03351,5.73626,5.73626,0.98,0.07407407407407407,0.06308677098150782,0.09195804195804197,49,0.0
MolecuLA raw OLS (seed-excluded),cLogP,92.42424242424244,92.42424242424244,50,50,1.0,50,1.0,1.0,9.479135,6.313499999999984,6.313499999999984,0.96,0.07422711968166514,0.05721739130434783,0.08780906593406594,49,0.0
MolecuLA raw OLS (seed-excluded),cLogP,95.45454545454544,95.45454545454544,50,50,1.0,50,1.0,1.0,9.769994999999996,6.4208199999999955,6.4208199999999955,0.98,0.07418805657412259,0.056462809917355375,0.09003947767992712,50,0.0
MolecuLA raw OLS (seed-excluded),cLogP,98.48484848484847,98.48484848484847,50,50,1.0,50,1.0,1.0,9.529939999999996,6.330944999999986,6.330944999999986,0.94,0.06837606837606838,0.05376552795031056,0.08934466019417475,49,0.0
MolecuLA raw OLS (seed-excluded),cLogP,101.5151515151515,101.5151515151515,50,50,1.0,50,1.0,1.0,9.860509999999996,6.6958799999999945,6.6958799999999945,0.96,0.07028195101872814,0.05358695652173913,0.08069534632034633,49,0.0
MolecuLA raw OLS (seed-excluded),cLogP,104.54545454545453,104.54545454545453,50,50,1.0,50,1.0,1.0,10.232899999999994,7.172199999999981,7.172199999999981,0.96,0.07036751760563381,0.05658333333333333,0.08295454545454545,48,0.0
MolecuLA raw OLS (seed-excluded),cLogP,107.57575757575756,107.57575757575756,50,50,1.0,50,1.0,1.0,10.72044499999999,7.5723999999999885,7.5723999999999885,0.98,0.07252220663861618,0.05183658170914543,0.08230034545824019,47,0.0
MolecuLA raw OLS (seed-excluded),cLogP,110.60606060606062,110.60606060606062,50,50,1.0,50,1.0,1.0,10.549594999999991,7.507149999999977,7.507149999999977,0.98,0.06572914829836007,0.05434782608695652,0.08,46,0.0
MolecuLA raw OLS (seed-excluded),cLogP,113.63636363636363,113.63636363636363,50,50,1.0,50,1.0,1.0,11.297849999999986,7.845819999999982,7.845819999999982,1.0,0.060315215194988885,0.045773152081563295,0.07451738930595986,46,0.0
MolecuLA raw OLS (seed-excluded),cLogP,116.66666666666669,116.66666666666669,50,50,1.0,50,1.0,1.0,11.746899999999982,8.932739999999988,8.932739999999988,1.0,0.06360615473524525,0.047502958579881654,0.07501537200245952,48,0.0
MolecuLA raw OLS (seed-excluded),cLogP,119.69696969696969,119.69696969696969,50,50,1.0,50,1.0,1.0,11.976894999999981,9.44009999999999,9.44009999999999,1.0,0.06195175438596491,0.046296296296296294,0.07273519163763066,46,0.0
MolecuLA raw OLS (seed-excluded),cLogP,122.72727272727275,122.72727272727275,50,50,1.0,50,1.0,1.0,12.21789999999998,9.146249999999966,9.146249999999966,1.0,0.0573716542343133,0.04884026781444285,0.06751994680851064,42,0.0
MolecuLA raw OLS (seed-excluded),cLogP,125.75757575757575,125.75757575757575,50,50,1.0,50,1.0,1.0,13.104299999999975,10.618209999999983,10.618209999999983,1.0,0.060864197530864195,0.04554129077029841,0.07605255916345625,37,0.0
MolecuLA raw OLS (seed-excluded),cLogP,128.7878787878788,128.7878787878788,50,50,1.0,50,1.0,1.0,13.195999999999975,10.966699999999982,10.966699999999982,1.0,0.057438561768101595,0.04297369086769542,0.06924019607843138,38,0.0
MolecuLA raw OLS (seed-excluded),cLogP,131.8181818181818,131.8181818181818,50,50,1.0,50,1.0,1.0,18.173459999999974,14.718909999999969,14.718909999999969,1.0,0.05645528455284553,0.044444444444444446,0.07006110767326733,33,0.0
MolecuLA raw OLS (seed-excluded),cLogP,134.84848484848487,134.84848484848487,50,50,1.0,50,1.0,1.0,20.341249999999995,17.200799999999994,17.200799999999994,1.0,0.04908160192713038,0.03976190476190476,0.06350902184235517,30,0.0
MolecuLA raw OLS (seed-excluded),cLogP,137.87878787878788,137.87878787878788,50,50,1.0,50,1.0,1.0,27.875850000000064,23.178910000000062,23.178910000000062,1.0,0.045454545454545456,0.04113119615873464,0.058638962487798076,28,0.0
MolecuLA raw OLS (seed-excluded),cLogP,140.90909090909088,140.90909090909088,50,50,1.0,50,1.0,1.0,34.82980000000004,31.869420000000027,31.869420000000027,0.98,0.05183609493954322,0.038536076326774,0.06417173252279634,27,0.0
MolecuLA raw OLS (seed-excluded),cLogP,143.93939393939394,143.93939393939394,50,50,1.0,50,1.0,1.0,36.64114000000002,35.05095000000003,35.05095000000003,0.94,0.050915150232754974,0.033928571428571426,0.06335227272727273,26,0.0
MolecuLA raw OLS (seed-excluded),cLogP,146.96969696969694,146.96969696969694,50,50,1.0,50,1.0,1.0,45.805694999999844,40.765549999999834,40.765549999999834,0.94,0.05069006019674056,0.03488372093023256,0.057971014492753624,18,0.0
MolecuLA raw OLS (seed-excluded),cLogP,150.0,150.0,50,50,1.0,50,1.0,1.0,47.126599999999826,42.83993999999981,42.83993999999981,0.96,0.050139664804469276,0.04,0.05985148514851485,19,0.0
MolecuLA raw OLS (seed-excluded),BertzCT,-150.0,150.0,50,50,1.0,50,1.0,1.0,0.0,-733.5321357194807,733.5321357194807,1.0,0.02817460317460317,0.020208333333333335,0.04317207593386405,0,
MolecuLA raw OLS (seed-excluded),BertzCT,-146.96969696969697,146.96969696969697,50,50,1.0,50,1.0,1.0,0.0,-733.5321357194807,733.5321357194807,1.0,0.02817460317460317,0.020208333333333335,0.04317207593386405,0,
MolecuLA raw OLS (seed-excluded),BertzCT,-143.93939393939394,143.93939393939394,50,50,1.0,50,1.0,1.0,0.0,-733.5321357194807,733.5321357194807,1.0,0.027777777777777776,0.019705882352941177,0.04420289855072464,0,
MolecuLA raw OLS (seed-excluded),BertzCT,-140.9090909090909,140.9090909090909,50,50,1.0,50,1.0,1.0,0.0,-733.5321357194807,733.5321357194807,1.0,0.027777777777777776,0.019705882352941177,0.04420289855072464,0,
MolecuLA raw OLS (seed-excluded),BertzCT,-137.87878787878788,137.87878787878788,50,50,1.0,50,1.0,1.0,0.0,-733.5321357194807,733.5321357194807,1.0,0.02817460317460317,0.02,0.0452020202020202,0,
MolecuLA raw OLS (seed-excluded),BertzCT,-134.84848484848484,134.84848484848484,50,50,1.0,50,1.0,1.0,0.0,-733.5321357194807,733.5321357194807,1.0,0.02817460317460317,0.02,0.0452020202020202,0,
MolecuLA raw OLS (seed-excluded),BertzCT,-131.8181818181818,131.8181818181818,50,50,1.0,50,1.0,1.0,0.0,-733.5321357194807,733.5321357194807,1.0,0.02817460317460317,0.019705882352941177,0.0452020202020202,0,
MolecuLA raw OLS (seed-excluded),BertzCT,-128.78787878787878,128.78787878787878,50,50,1.0,50,1.0,1.0,0.0,-733.5321357194807,733.5321357194807,1.0,0.029437229437229435,0.02,0.05042101042502005,0,
MolecuLA raw OLS (seed-excluded),BertzCT,-125.75757575757575,125.75757575757575,50,50,1.0,50,1.0,1.0,0.0,-733.5321357194807,733.5321357194807,1.0,0.029437229437229435,0.02,0.05042101042502005,0,
MolecuLA raw OLS (seed-excluded),BertzCT,-122.72727272727272,122.72727272727272,50,50,1.0,50,1.0,1.0,0.0,-733.5321357194807,733.5321357194807,1.0,0.034482758620689655,0.021438953488372093,0.05042101042502005,0,
MolecuLA raw OLS (seed-excluded),BertzCT,-119.69696969696969,119.69696969696969,50,50,1.0,50,1.0,1.0,0.0,-733.5321357194807,733.5321357194807,1.0,0.03478523895946763,0.021180555555555557,0.05042101042502005,0,
MolecuLA raw OLS (seed-excluded),BertzCT,-116.66666666666666,116.66666666666666,50,50,1.0,50,1.0,1.0,0.0,-733.5321357194807,733.5321357194807,1.0,0.03540100250626566,0.021513002364066194,0.05634171907756813,0,
MolecuLA raw OLS (seed-excluded),BertzCT,-113.63636363636364,113.63636363636364,50,50,1.0,50,1.0,1.0,0.0,-733.5321357194807,733.5321357194807,1.0,0.03540100250626566,0.020944148936170214,0.05660377358490566,0,
MolecuLA raw OLS (seed-excluded),BertzCT,-110.60606060606061,110.60606060606061,50,50,1.0,50,1.0,1.0,0.0,-733.5321357194807,733.5321357194807,1.0,0.038838612368024134,0.022222222222222223,0.05634171907756813,0,
MolecuLA raw OLS (seed-excluded),BertzCT,-107.57575757575758,107.57575757575758,50,50,1.0,50,1.0,1.0,0.0,-733.5321357194807,733.5321357194807,1.0,0.038838612368024134,0.022222222222222223,0.0635386119257087,0,
MolecuLA raw OLS (seed-excluded),BertzCT,-104.54545454545455,104.54545454545455,50,50,1.0,50,1.0,1.0,0.0,-733.5321357194807,733.5321357194807,1.0,0.038838612368024134,0.02248062015503876,0.0635386119257087,0,
MolecuLA raw OLS (seed-excluded),BertzCT,-101.51515151515152,101.51515151515152,50,50,1.0,50,1.0,1.0,0.0,-733.5321357194807,733.5321357194807,1.0,0.03708791208791209,0.021180555555555557,0.0635386119257087,0,
MolecuLA raw OLS (seed-excluded),BertzCT,-98.48484848484848,98.48484848484848,50,50,1.0,50,1.0,1.0,0.0,-733.5321357194807,733.5321357194807,1.0,0.038838612368024134,0.021180555555555557,0.06630434782608696,1,0.0
MolecuLA raw OLS (seed-excluded),BertzCT,-95.45454545454545,95.45454545454545,50,50,1.0,50,1.0,1.0,0.0,-733.5321357194807,733.5321357194807,1.0,0.04044117647058823,0.020944148936170214,0.06504207573632538,1,0.0
MolecuLA raw OLS (seed-excluded),BertzCT,-92.42424242424242,92.42424242424242,50,50,1.0,50,1.0,1.0,0.0,-731.154691968399,731.154691968399,1.0,0.0392156862745098,0.020944148936170214,0.06391304347826086,2,0.0
MolecuLA raw OLS (seed-excluded),BertzCT,-89.39393939393939,89.39393939393939,50,50,1.0,50,1.0,1.0,0.0,-724.348847242185,724.348847242185,1.0,0.043560606060606064,0.02127659574468085,0.06630434782608696,3,0.0
MolecuLA raw OLS (seed-excluded),BertzCT,-86.36363636363637,86.36363636363637,50,50,1.0,50,1.0,1.0,1.0,-723.1037347443485,723.1037347443485,1.0,0.05263157894736842,0.023076923076923078,0.06987295825771325,3,0.0
MolecuLA raw OLS (seed-excluded),BertzCT,-83.33333333333333,83.33333333333333,50,50,1.0,50,1.0,1.0,2.0,-722.3988356241724,722.3988356241724,1.0,0.05442428730099963,0.023076923076923078,0.0764423076923077,2,0.0
MolecuLA raw OLS (seed-excluded),BertzCT,-80.3030303030303,80.3030303030303,50,50,1.0,50,1.0,1.0,2.0,-722.3988356241724,722.3988356241724,1.0,0.05771365149833518,0.026806526806526808,0.07923076923076923,2,0.0
MolecuLA raw OLS (seed-excluded),BertzCT,-77.27272727272728,77.27272727272728,50,50,1.0,50,1.0,1.0,7.5097750043269365,-724.5821241014681,724.5821241014681,1.0,0.05941176470588235,0.024242424242424242,0.09378103277060576,2,0.0
MolecuLA raw OLS (seed-excluded),BertzCT,-74.24242424242425,74.24242424242425,50,50,1.0,50,1.0,1.0,7.5097750043269365,-720.9724836270314,720.9724836270314,1.0,0.06186224489795918,0.023076923076923078,0.10458839406207826,1,0.0
MolecuLA raw OLS (seed-excluded),BertzCT,-71.21212121212122,71.21212121212122,50,50,1.0,50,1.0,1.0,14.0,-713.2535605285822,713.2535605285822,1.0,0.06857366771159874,0.04020979020979021,0.10638297872340426,1,0.0
MolecuLA raw OLS (seed-excluded),BertzCT,-68.18181818181819,68.18181818181819,50,50,1.0,50,1.0,1.0,20.219280948873624,-709.2870232216442,709.2870232216442,1.0,0.06854460093896714,0.05015822784810127,0.10695288753799392,2,0.0
MolecuLA raw OLS (seed-excluded),BertzCT,-65.15151515151516,65.15151515151516,50,50,1.0,50,1.0,1.0,27.161259458730164,-703.1505977902827,703.1505977902827,1.0,0.07785336356764927,0.05195099818511797,0.10345717234262125,7,0.0
MolecuLA raw OLS (seed-excluded),BertzCT,-62.121212121212125,62.121212121212125,50,50,1.0,50,1.0,1.0,41.0,-667.3630942393881,667.3630942393881,1.0,0.08558275789914208,0.05406746031746031,0.11540920716112532,9,0.0
MolecuLA raw OLS (seed-excluded),BertzCT,-59.09090909090909,59.09090909090909,50,50,1.0,50,1.0,1.0,45.52932501298081,-659.3081203239196,659.3081203239196,1.0,0.08706952566601689,0.06724137931034482,0.1170814479638009,8,0.0
MolecuLA raw OLS (seed-excluded),BertzCT,-56.06060606060606,56.06060606060606,50,50,1.0,50,1.0,1.0,65.23883095752751,-600.6858360201005,600.6858360201005,1.0,0.0967741935483871,0.06239837398373983,0.14135338345864662,10,0.0
MolecuLA raw OLS (seed-excluded),BertzCT,-53.03030303030303,53.03030303030303,50,50,1.0,50,1.0,1.0,87.90221923697459,-613.5258011261005,613.5258011261005,1.0,0.10839160839160839,0.06958128078817734,0.16096774193548385,13,0.0
MolecuLA raw OLS (seed-excluded),BertzCT,-50.0,50.0,50,50,1.0,50,1.0,1.0,112.60335893412778,-560.2733998757815,560.2733998757815,1.0,0.11630434782608695,0.07352941176470588,0.16427127779025374,17,0.0
MolecuLA raw OLS (seed-excluded),BertzCT,-46.96969696969697,46.96969696969697,50,50,1.0,50,1.0,1.0,122.7319807990923,-535.2634684326149,535.2634684326149,1.0,0.126131221719457,0.07413440059568131,0.16472226403733253,20,0.0
MolecuLA raw OLS (seed-excluded),BertzCT,-43.93939393939394,43.93939393939394,50,50,1.0,50,1.0,1.0,144.76927278138976,-539.6841531994223,539.6841531994223,1.0,0.11566332218506131,0.08719541328236981,0.17341867469879518,26,0.0
MolecuLA raw OLS (seed-excluded),BertzCT,-40.90909090909091,40.90909090909091,50,50,1.0,50,1.0,1.0,200.20390035438868,-468.1437151762429,468.1437151762429,1.0,0.12004801920768307,0.08832212563555847,0.18525943396226416,26,0.0
MolecuLA raw OLS (seed-excluded),BertzCT,-37.878787878787875,37.878787878787875,50,50,1.0,50,1.0,1.0,183.2149912200411,-481.1159536031197,481.1159536031197,1.0,0.13636363636363635,0.09354413702239789,0.19489708404802744,23,0.0
MolecuLA raw OLS (seed-excluded),BertzCT,-34.848484848484844,34.848484848484844,50,50,1.0,50,1.0,1.0,214.61301701612808,-450.38383227982854,450.38383227982854,1.0,0.15620915032679739,0.10728021978021977,0.21108228317272054,26,0.038461538461538464
MolecuLA raw OLS (seed-excluded),BertzCT,-31.818181818181813,31.818181818181813,50,50,1.0,50,1.0,1.0,288.0258703220299,-374.38095854941173,374.38095854941173,0.98,0.19174208144796379,0.1159502262443439,0.2802197802197802,32,0.03125
MolecuLA raw OLS (seed-excluded),BertzCT,-28.787878787878782,28.787878787878782,50,50,1.0,48,0.96,0.96,354.19126360176665,-304.80503306954455,304.80503306954455,0.96,0.2142261159783062,0.12712418300653594,0.30874125874125874,36,0.05555555555555555
MolecuLA raw OLS (seed-excluded),BertzCT,-25.757575757575765,25.757575757575765,50,50,1.0,45,0.9,0.9,374.6376016865433,-252.50776717574308,252.50776717574308,0.92,0.26110154905335625,0.18319148936170213,0.3340348330914369,39,0.1282051282051282
MolecuLA raw OLS (seed-excluded),BertzCT,-22.727272727272734,22.727272727272734,50,50,1.0,40,0.8,0.8,462.0431222386995,-167.78743596870356,167.78743596870356,0.8,0.4029540047581285,0.2857545045045045,0.5875504870515562,45,0.2222222222222222
MolecuLA raw OLS (seed-excluded),BertzCT,-19.69696969696969,19.69696969696969,50,50,1.0,33,0.66,0.66,591.2599538718193,-95.1732515037022,95.1732515037022,0.68,0.5579710144927537,0.39813451153657337,1.0,49,0.3469387755102041
MolecuLA raw OLS (seed-excluded),BertzCT,-16.666666666666657,16.666666666666657,50,50,1.0,26,0.52,0.52,624.2805876929065,-56.18174615891667,56.18174615891667,0.56,0.6881720430107527,0.4818532436708861,1.0,50,0.48
MolecuLA raw OLS (seed-excluded),BertzCT,-13.636363636363626,13.636363636363626,50,50,1.0,15,0.3,0.3,704.0113275138725,0.0,0.0,0.34,1.0,0.6338797814207651,1.0,50,0.7
MolecuLA raw OLS (seed-excluded),BertzCT,-10.606060606060595,10.606060606060595,50,50,1.0,6,0.12,0.12,717.2035721465948,0.0,0.0,0.14,1.0,1.0,1.0,50,0.9
MolecuLA raw OLS (seed-excluded),BertzCT,-7.575757575757564,7.575757575757564,50,50,1.0,3,0.06,0.06,734.5321357194807,0.0,0.0,0.1,1.0,1.0,1.0,50,0.94
MolecuLA raw OLS (seed-excluded),BertzCT,-4.545454545454561,4.545454545454561,50,50,1.0,2,0.04,0.04,734.5321357194807,0.0,0.0,0.08,1.0,1.0,1.0,50,0.96
MolecuLA raw OLS (seed-excluded),BertzCT,-1.5151515151515298,1.5151515151515298,50,50,1.0,2,0.04,0.04,734.5321357194807,0.0,0.0,0.08,1.0,1.0,1.0,50,0.96
MolecuLA raw OLS (seed-excluded),BertzCT,1.5151515151515014,1.5151515151515014,50,50,1.0,2,0.04,0.04,734.5321357194807,0.0,0.0,0.02,1.0,1.0,1.0,50,0.96
MolecuLA raw OLS (seed-excluded),BertzCT,4.5454545454545325,4.5454545454545325,50,50,1.0,4,0.08,0.08,734.5321357194807,0.0,0.0,0.02,1.0,1.0,1.0,50,0.92
MolecuLA raw OLS (seed-excluded),BertzCT,7.575757575757564,7.575757575757564,50,50,1.0,4,0.08,0.08,749.407771000368,0.0,0.0,0.04,1.0,1.0,1.0,50,0.94
MolecuLA raw OLS (seed-excluded),BertzCT,10.606060606060595,10.606060606060595,50,50,1.0,13,0.26,0.26,749.407771000368,0.0,0.0,0.24,1.0,0.8227272727272728,1.0,50,0.84
MolecuLA raw OLS (seed-excluded),BertzCT,13.636363636363626,13.636363636363626,50,50,1.0,20,0.4,0.4,807.2269451823502,0.0,0.0,0.38,1.0,0.6027757619738752,1.0,50,0.74
MolecuLA raw OLS (seed-excluded),BertzCT,16.666666666666657,16.666666666666657,50,50,1.0,29,0.58,0.58,830.0422411634212,5.684341886080802e-14,5.684341886080802e-14,0.5,0.6536264282165921,0.4357758620689655,1.0,50,0.58
MolecuLA raw OLS (seed-excluded),BertzCT,19.69696969696969,19.69696969696969,50,50,1.0,35,0.7,0.7,874.8377562926328,96.26520405367899,96.26520405367899,0.6,0.5378571428571428,0.32835090361445785,1.0,50,0.38
MolecuLA raw OLS (seed-excluded),BertzCT,22.72727272727272,22.72727272727272,50,50,1.0,36,0.72,0.72,893.6781137223284,91.05315837813117,91.05315837813117,0.6,0.5067567567567568,0.3235128012048193,1.0,50,0.38
MolecuLA raw OLS (seed-excluded),BertzCT,25.75757575757575,25.75757575757575,50,50,1.0,38,0.76,0.76,911.9556410631204,110.7841349777101,110.7841349777101,0.6,0.4609800362976406,0.2997734541577825,0.6931603773584906,50,0.34
MolecuLA raw OLS (seed-excluded),BertzCT,28.787878787878782,28.787878787878782,50,50,1.0,40,0.8,0.8,899.1651765883614,156.97008861626063,156.97008861626063,0.62,0.40161290322580645,0.30473751600512167,0.5409590409590409,50,0.26
MolecuLA raw OLS (seed-excluded),BertzCT,31.818181818181813,31.818181818181813,50,50,1.0,43,0.86,0.86,937.9736579259019,104.95421974387,104.95421974387,0.6,0.30033404190707563,0.20699420442571126,0.470671758715237,50,0.16
MolecuLA raw OLS (seed-excluded),BertzCT,34.848484848484844,34.848484848484844,50,50,1.0,43,0.86,0.86,973.5509131326726,116.96734073935454,116.96734073935454,0.6,0.2619047619047619,0.18635724331926862,0.39629120879120877,48,0.14583333333333334
MolecuLA raw OLS (seed-excluded),BertzCT,37.878787878787875,37.878787878787875,50,50,1.0,45,0.9,0.9,950.432197084124,147.94935724434134,147.94935724434134,0.64,0.21182983682983683,0.13845401174168298,0.3374929098128191,48,0.125
MolecuLA raw OLS (seed-excluded),BertzCT,40.90909090909091,40.90909090909091,50,50,1.0,45,0.9,0.9,922.9554303204241,147.26587415327475,147.26587415327475,0.68,0.18657357679914072,0.13211445501325433,0.29307165437302424,49,0.10204081632653061
MolecuLA raw OLS (seed-excluded),BertzCT,43.93939393939394,43.93939393939394,50,50,1.0,47,0.94,0.94,920.7825953516426,163.50905316582885,163.50905316582885,0.72,0.16552511415525112,0.11484049930651873,0.21272068095838587,47,0.06382978723404255
MolecuLA raw OLS (seed-excluded),BertzCT,46.96969696969697,46.96969696969697,50,50,1.0,48,0.96,0.96,931.5934204782666,154.36708212566555,154.36708212566555,0.62,0.1368421052631579,0.09705349531116794,0.2014423076923077,46,0.043478260869565216
MolecuLA raw OLS (seed-excluded),BertzCT,50.0,50.0,50,50,1.0,49,0.98,0.98,966.1692870203786,137.53485742249916,137.53485742249916,0.68,0.1256578947368421,0.09837116839810184,0.17753322259136212,48,0.020833333333333332
MolecuLA raw OLS (seed-excluded),BertzCT,53.03030303030303,53.03030303030303,50,50,1.0,50,1.0,1.0,975.7573384022475,215.16386267443949,215.16386267443949,0.74,0.12382075471698113,0.09195548759768943,0.15426587301587302,49,0.0
MolecuLA raw OLS (seed-excluded),BertzCT,56.06060606060606,56.06060606060606,50,50,1.0,50,1.0,1.0,1014.1916386004209,272.7612696148621,272.7612696148621,0.78,0.10748574857485749,0.08740898058252428,0.13086242834809797,49,0.0
MolecuLA raw OLS (seed-excluded),BertzCT,59.09090909090909,59.09090909090909,50,50,1.0,50,1.0,1.0,1060.5522970598636,328.0537236856029,328.0537236856029,0.86,0.10768500948766604,0.07489868287740628,0.13196492953130123,48,0.0
MolecuLA raw OLS (seed-excluded),BertzCT,62.121212121212125,62.121212121212125,50,50,1.0,50,1.0,1.0,988.5375026458635,317.4588193684228,317.4588193684228,0.82,0.10724554341575618,0.06744186046511627,0.12644643523702873,48,0.0
MolecuLA raw OLS (seed-excluded),BertzCT,65.15151515151516,65.15151515151516,50,50,1.0,50,1.0,1.0,1017.8947369305505,321.2595574068524,321.2595574068524,0.8,0.0935935935935936,0.07468872870249017,0.12027777777777778,49,0.0
MolecuLA raw OLS (seed-excluded),BertzCT,68.18181818181819,68.18181818181819,50,50,1.0,50,1.0,1.0,997.4157717375283,344.08808010361383,344.08808010361383,0.84,0.0945382323733863,0.07366557734204793,0.11535087719298245,48,0.0
MolecuLA raw OLS (seed-excluded),BertzCT,71.21212121212122,71.21212121212122,50,50,1.0,50,1.0,1.0,1023.7528930851206,297.2330806737944,297.2330806737944,0.84,0.0949874686716792,0.07476441241685144,0.12090909090909091,49,0.0
MolecuLA raw OLS (seed-excluded),BertzCT,74.24242424242425,74.24242424242425,50,50,1.0,50,1.0,1.0,1107.7020499770003,372.20807621006486,372.20807621006486,0.86,0.08919160783533857,0.06958128078817734,0.11730506155950753,49,0.0
MolecuLA raw OLS (seed-excluded),BertzCT,77.27272727272728,77.27272727272728,50,50,1.0,50,1.0,1.0,1075.9448424512289,344.0669139530374,344.0669139530374,0.82,0.09032634032634032,0.07261702127659574,0.1083668543845535,49,0.0
MolecuLA raw OLS (seed-excluded),BertzCT,80.30303030303031,80.30303030303031,50,50,1.0,50,1.0,1.0,1153.2618563824199,477.9120451644219,477.9120451644219,0.88,0.08164115380610226,0.06505376344086021,0.09803921568627451,49,0.0
MolecuLA raw OLS (seed-excluded),BertzCT,83.33333333333334,83.33333333333334,50,50,1.0,50,1.0,1.0,1148.966760238597,501.1316046424551,501.1316046424551,0.9,0.07207792207792207,0.0627840909090909,0.09538777908343127,49,0.0
MolecuLA raw OLS (seed-excluded),BertzCT,86.36363636363637,86.36363636363637,50,50,1.0,50,1.0,1.0,1276.9730038585644,603.4805516636945,603.4805516636945,0.86,0.07700966395783,0.06078088578088578,0.08775337837837838,50,0.0
MolecuLA raw OLS (seed-excluded),BertzCT,89.3939393939394,89.3939393939394,50,50,1.0,50,1.0,1.0,1256.6919243653535,633.4156206541684,633.4156206541684,0.9,0.08163401306144208,0.06306306306306306,0.09187810259238831,50,0.0
MolecuLA raw OLS (seed-excluded),BertzCT,92.42424242424244,92.42424242424244,50,50,1.0,50,1.0,1.0,1276.9587195158624,519.4345613378383,519.4345613378383,0.9,0.07226792009400705,0.05795153654818262,0.09975247524752476,49,0.0
MolecuLA raw OLS (seed-excluded),BertzCT,95.45454545454544,95.45454545454544,50,50,1.0,50,1.0,1.0,1345.6540771584741,806.4371669619802,806.4371669619802,0.9,0.07152600170502985,0.0622259427569162,0.09221735174923497,50,0.0
MolecuLA raw OLS (seed-excluded),BertzCT,98.48484848484847,98.48484848484847,50,50,1.0,50,1.0,1.0,1392.5664206488198,849.1880548277538,849.1880548277538,0.94,0.06921161030750073,0.06126924453992123,0.08969575200918484,50,0.0
MolecuLA raw OLS (seed-excluded),BertzCT,101.5151515151515,101.5151515151515,50,50,1.0,50,1.0,1.0,1459.3023205037366,788.7726891398747,788.7726891398747,0.96,0.0766780989710926,0.06076066790352505,0.09609683794466403,50,0.0
MolecuLA raw OLS (seed-excluded),BertzCT,104.54545454545453,104.54545454545453,50,50,1.0,50,1.0,1.0,1590.85837156129,1027.610492443937,1027.610492443937,0.94,0.06907395358924312,0.054625047582794066,0.08700980392156862,49,0.0
MolecuLA raw OLS (seed-excluded),BertzCT,107.57575757575756,107.57575757575756,50,50,1.0,50,1.0,1.0,1691.5626527742215,1036.0457272981682,1036.0457272981682,0.86,0.06987032799389778,0.053286474164133735,0.08383482714468629,50,0.0
MolecuLA raw OLS (seed-excluded),BertzCT,110.60606060606062,110.60606060606062,50,50,1.0,50,1.0,1.0,2508.3632794679143,1752.405787377215,1752.405787377215,0.88,0.06920498084291188,0.053729994837377386,0.08470728266619643,49,0.0
MolecuLA raw OLS (seed-excluded),BertzCT,113.63636363636363,113.63636363636363,50,50,1.0,50,1.0,1.0,3325.4610903535595,2538.8850522921157,2538.8850522921157,0.92,0.06628170139120015,0.05333333333333334,0.0777457757296467,50,0.0
MolecuLA raw OLS (seed-excluded),BertzCT,116.66666666666669,116.66666666666669,50,50,1.0,50,1.0,1.0,3860.070031263771,3064.1301644468012,3064.1301644468012,0.92,0.06227781009630922,0.05263157894736842,0.07575757575757576,50,0.0
MolecuLA raw OLS (seed-excluded),BertzCT,119.69696969696969,119.69696969696969,50,50,1.0,50,1.0,1.0,2385.249985210812,1827.088056431579,1827.088056431579,0.86,0.0664635223458753,0.05423917067752684,0.0863441518677281,50,0.0
MolecuLA raw OLS (seed-excluded),BertzCT,122.72727272727275,122.72727272727275,50,50,1.0,50,1.0,1.0,2932.4783989477883,1997.5348139725777,1997.5348139725777,0.88,0.0582579185520362,0.049019607843137254,0.07692307692307693,48,0.0
MolecuLA raw OLS (seed-excluded),BertzCT,125.75757575757575,125.75757575757575,50,50,1.0,50,1.0,1.0,3629.179269599105,2806.5527043133015,2806.5527043133015,0.86,0.058823529411764705,0.05,0.07656023222060958,46,0.0
MolecuLA raw OLS (seed-excluded),BertzCT,128.7878787878788,128.7878787878788,50,50,1.0,50,1.0,1.0,3510.8903328031843,3019.859771330486,3019.859771330486,0.94,0.05581516095534787,0.04791444508243786,0.0675597213005972,46,0.0
MolecuLA raw OLS (seed-excluded),BertzCT,131.8181818181818,131.8181818181818,50,50,1.0,50,1.0,1.0,2988.0811638010946,2207.5845044139405,2207.5845044139405,0.9,0.05977815826695451,0.0510388190267906,0.06813412791673662,48,0.0
MolecuLA raw OLS (seed-excluded),BertzCT,134.84848484848487,134.84848484848487,50,50,1.0,50,1.0,1.0,3807.2008113749534,2914.5349736586977,2914.5349736586977,0.92,0.05809228650137741,0.045132610006027724,0.07203966556484542,48,0.0
MolecuLA raw OLS (seed-excluded),BertzCT,137.87878787878788,137.87878787878788,50,50,1.0,50,1.0,1.0,4558.322060197688,3846.885954243211,3846.885954243211,0.9,0.06112494811124948,0.05384615384615385,0.08284883720930232,49,0.0
MolecuLA raw OLS (seed-excluded),BertzCT,140.90909090909088,140.90909090909088,50,50,1.0,50,1.0,1.0,4066.8638356831134,3048.5152582183528,3048.5152582183528,0.9,0.06015377657168702,0.048647620365246266,0.07284128289473683,50,0.0
MolecuLA raw OLS (seed-excluded),BertzCT,143.93939393939394,143.93939393939394,50,50,1.0,50,1.0,1.0,4265.0218877146135,3481.3120740806244,3481.3120740806244,0.92,0.0602048322299553,0.04990753018354386,0.07486702127659574,49,0.0
MolecuLA raw OLS (seed-excluded),BertzCT,146.96969696969694,146.96969696969694,50,50,1.0,50,1.0,1.0,3904.935995242869,3119.7761967808838,3119.7761967808838,0.94,0.05839727195225916,0.04856992915245342,0.07688643292682927,49,0.0
MolecuLA raw OLS (seed-excluded),BertzCT,150.0,150.0,50,50,1.0,50,1.0,1.0,4492.323107399827,3706.89715246424,3706.89715246424,0.92,0.06127648163046393,0.05010168961201502,0.07213345864661655,48,0.0
MolecuLA raw OLS (seed-excluded),HeavyAtomCount,-150.0,150.0,50,41,0.82,41,0.82,1.0,1.0,-23.0,23.0,1.0,0.0,0.0,0.0,0,
MolecuLA raw OLS (seed-excluded),HeavyAtomCount,-146.96969696969697,146.96969696969697,50,41,0.82,41,0.82,1.0,1.0,-23.0,23.0,1.0,0.0,0.0,0.0,0,
MolecuLA raw OLS (seed-excluded),HeavyAtomCount,-143.93939393939394,143.93939393939394,50,41,0.82,41,0.82,1.0,1.0,-23.0,23.0,1.0,0.0,0.0,0.0,0,
MolecuLA raw OLS (seed-excluded),HeavyAtomCount,-140.9090909090909,140.9090909090909,50,42,0.84,42,0.84,1.0,1.0,-23.0,23.0,1.0,0.0,0.0,0.0,0,
MolecuLA raw OLS (seed-excluded),HeavyAtomCount,-137.87878787878788,137.87878787878788,50,42,0.84,42,0.84,1.0,1.0,-23.0,23.0,1.0,0.0,0.0,0.0,0,
MolecuLA raw OLS (seed-excluded),HeavyAtomCount,-134.84848484848484,134.84848484848484,50,42,0.84,42,0.84,1.0,1.0,-23.0,23.0,1.0,0.0,0.0,0.0,0,
MolecuLA raw OLS (seed-excluded),HeavyAtomCount,-131.8181818181818,131.8181818181818,50,42,0.84,42,0.84,1.0,1.0,-23.0,23.0,1.0,0.0,0.0,0.0,0,
MolecuLA raw OLS (seed-excluded),HeavyAtomCount,-128.78787878787878,128.78787878787878,50,42,0.84,42,0.84,1.0,1.0,-23.0,23.0,1.0,0.0,0.0,0.0,0,
MolecuLA raw OLS (seed-excluded),HeavyAtomCount,-125.75757575757575,125.75757575757575,50,43,0.86,43,0.86,1.0,1.0,-23.0,23.0,1.0,0.0,0.0,0.0,0,
MolecuLA raw OLS (seed-excluded),HeavyAtomCount,-122.72727272727272,122.72727272727272,50,43,0.86,43,0.86,1.0,1.0,-23.0,23.0,1.0,0.0,0.0,0.021111111111111112,1,0.0
MolecuLA raw OLS (seed-excluded),HeavyAtomCount,-119.69696969696969,119.69696969696969,50,43,0.86,43,0.86,1.0,1.0,-23.0,23.0,1.0,0.0,0.0,0.02393162393162393,1,0.0
MolecuLA raw OLS (seed-excluded),HeavyAtomCount,-116.66666666666666,116.66666666666666,50,43,0.86,43,0.86,1.0,2.0,-23.0,23.0,1.0,0.014705882352941176,0.0,0.02817460317460317,1,0.0
MolecuLA raw OLS (seed-excluded),HeavyAtomCount,-113.63636363636364,113.63636363636364,50,43,0.86,43,0.86,1.0,2.0,-23.0,23.0,1.0,0.01639344262295082,0.0,0.0304147465437788,1,0.0
MolecuLA raw OLS (seed-excluded),HeavyAtomCount,-110.60606060606061,110.60606060606061,50,45,0.9,45,0.9,1.0,2.0,-23.0,23.0,1.0,0.017543859649122806,0.0,0.02857142857142857,1,0.0
MolecuLA raw OLS (seed-excluded),HeavyAtomCount,-107.57575757575758,107.57575757575758,50,45,0.9,45,0.9,1.0,2.0,-23.0,23.0,1.0,0.018518518518518517,0.0,0.02857142857142857,1,0.0
MolecuLA raw OLS (seed-excluded),HeavyAtomCount,-104.54545454545455,104.54545454545455,50,45,0.9,45,0.9,1.0,2.0,-23.0,23.0,1.0,0.022222222222222223,0.0,0.03125,0,
MolecuLA raw OLS (seed-excluded),HeavyAtomCount,-101.51515151515152,101.51515151515152,50,45,0.9,45,0.9,1.0,2.0,-22.0,22.0,1.0,0.023809523809523808,0.0,0.034482758620689655,0,
MolecuLA raw OLS (seed-excluded),HeavyAtomCount,-98.48484848484848,98.48484848484848,50,45,0.9,45,0.9,1.0,2.0,-23.0,23.0,1.0,0.023809523809523808,0.0,0.034482758620689655,0,
MolecuLA raw OLS (seed-excluded),HeavyAtomCount,-95.45454545454545,95.45454545454545,50,46,0.92,46,0.92,1.0,2.0,-22.5,22.5,1.0,0.02702702702702703,0.0,0.03571428571428571,0,
MolecuLA raw OLS (seed-excluded),HeavyAtomCount,-92.42424242424242,92.42424242424242,50,48,0.96,48,0.96,1.0,2.0,-22.5,22.5,1.0,0.02758751902587519,0.0,0.043719806763285025,1,0.0
MolecuLA raw OLS (seed-excluded),HeavyAtomCount,-89.39393939393939,89.39393939393939,50,48,0.96,48,0.96,1.0,2.0,-22.0,22.0,1.0,0.027777777777777776,0.0,0.04301242236024845,2,0.0
MolecuLA raw OLS (seed-excluded),HeavyAtomCount,-86.36363636363637,86.36363636363637,50,48,0.96,48,0.96,1.0,2.0,-22.0,22.0,1.0,0.03125,0.021947415329768273,0.043719806763285025,2,0.0
MolecuLA raw OLS (seed-excluded),HeavyAtomCount,-83.33333333333333,83.33333333333333,50,48,0.96,48,0.96,1.0,2.0,-22.0,22.0,1.0,0.034482758620689655,0.022045454545454545,0.050431034482758624,2,0.0
MolecuLA raw OLS (seed-excluded),HeavyAtomCount,-80.3030303030303,80.3030303030303,50,49,0.98,49,0.98,1.0,3.0,-22.0,22.0,1.0,0.038461538461538464,0.022727272727272728,0.05555555555555555,2,0.0
MolecuLA raw OLS (seed-excluded),HeavyAtomCount,-77.27272727272728,77.27272727272728,50,49,0.98,49,0.98,1.0,3.0,-22.0,22.0,1.0,0.0392156862745098,0.025,0.061224489795918366,4,0.0
MolecuLA raw OLS (seed-excluded),HeavyAtomCount,-74.24242424242425,74.24242424242425,50,50,1.0,50,1.0,1.0,3.0,-22.0,22.0,1.0,0.04103641456582633,0.025694444444444443,0.07473776223776224,3,0.0
MolecuLA raw OLS (seed-excluded),HeavyAtomCount,-71.21212121212122,71.21212121212122,50,50,1.0,50,1.0,1.0,3.0,-21.0,21.0,1.0,0.05195681511470985,0.030539772727272728,0.07844129554655871,2,0.0
MolecuLA raw OLS (seed-excluded),HeavyAtomCount,-68.18181818181819,68.18181818181819,50,50,1.0,50,1.0,1.0,4.0,-20.0,20.0,1.0,0.058914131690412014,0.034482758620689655,0.08188357310137169,2,0.0
MolecuLA raw OLS (seed-excluded),HeavyAtomCount,-65.15151515151516,65.15151515151516,50,50,1.0,50,1.0,1.0,4.0,-19.0,19.0,1.0,0.06110004977600796,0.03479064039408867,0.10234680573663624,5,0.0
MolecuLA raw OLS (seed-excluded),HeavyAtomCount,-62.121212121212125,62.121212121212125,50,50,1.0,50,1.0,1.0,5.0,-18.0,18.0,1.0,0.07062733693394266,0.05406746031746031,0.11455108359133126,6,0.0
MolecuLA raw OLS (seed-excluded),HeavyAtomCount,-59.09090909090909,59.09090909090909,50,50,1.0,50,1.0,1.0,5.0,-18.0,18.0,1.0,0.07671568627450981,0.05581761006289308,0.13385627530364372,9,0.0
MolecuLA raw OLS (seed-excluded),HeavyAtomCount,-56.06060606060606,56.06060606060606,50,50,1.0,50,1.0,1.0,6.0,-18.0,18.0,1.0,0.08318920788654444,0.05406746031746031,0.1407967032967033,11,0.0
MolecuLA raw OLS (seed-excluded),HeavyAtomCount,-53.03030303030303,53.03030303030303,50,50,1.0,50,1.0,1.0,6.0,-16.0,16.0,1.0,0.09556425309849967,0.06530648610121169,0.1474164133738602,15,0.0
MolecuLA raw OLS (seed-excluded),HeavyAtomCount,-50.0,50.0,50,50,1.0,50,1.0,1.0,7.5,-16.0,16.0,1.0,0.11583184257602863,0.06666666666666667,0.17964285714285713,19,0.0
MolecuLA raw OLS (seed-excluded),HeavyAtomCount,-46.96969696969697,46.96969696969697,50,50,1.0,50,1.0,1.0,8.5,-15.0,15.0,1.0,0.11174636174636175,0.06202686202686203,0.18264966740576496,20,0.0
MolecuLA raw OLS (seed-excluded),HeavyAtomCount,-43.93939393939394,43.93939393939394,50,50,1.0,50,1.0,1.0,10.0,-13.5,13.5,1.0,0.1407624633431085,0.09049751243781094,0.1949404761904762,24,0.0
MolecuLA raw OLS (seed-excluded),HeavyAtomCount,-40.90909090909091,40.90909090909091,50,50,1.0,50,1.0,1.0,10.0,-12.5,12.5,1.0,0.1313632441760138,0.0751231527093596,0.19467787114845939,23,0.0
MolecuLA raw OLS (seed-excluded),HeavyAtomCount,-37.878787878787875,37.878787878787875,50,50,1.0,50,1.0,1.0,11.0,-10.5,10.5,1.0,0.1449579831932773,0.09215442092154422,0.20455512984248617,30,0.0
MolecuLA raw OLS (seed-excluded),HeavyAtomCount,-34.848484848484844,34.848484848484844,50,50,1.0,50,1.0,1.0,12.0,-10.0,10.0,1.0,0.16129032258064516,0.09595626975763961,0.22768670309653916,32,0.0
MolecuLA raw OLS (seed-excluded),HeavyAtomCount,-31.818181818181813,31.818181818181813,50,50,1.0,50,1.0,1.0,13.0,-9.0,9.0,1.0,0.17916666666666664,0.1159502262443439,0.2442088382038489,33,0.030303030303030304
MolecuLA raw OLS (seed-excluded),HeavyAtomCount,-28.787878787878782,28.787878787878782,50,50,1.0,49,0.98,0.98,15.0,-8.0,8.0,0.98,0.19744964262508122,0.13823529411764707,0.3037023460410557,35,0.05714285714285714
MolecuLA raw OLS (seed-excluded),HeavyAtomCount,-25.757575757575765,25.757575757575765,50,50,1.0,46,0.92,0.92,17.5,-5.0,5.0,0.9,0.282055630936228,0.17591836734693878,0.3549773215564574,41,0.0975609756097561
MolecuLA raw OLS (seed-excluded),HeavyAtomCount,-22.727272727272734,22.727272727272734,50,50,1.0,43,0.86,0.86,20.0,-3.0,3.0,0.86,0.3675,0.29375,0.5868918219461698,46,0.15217391304347827
MolecuLA raw OLS (seed-excluded),HeavyAtomCount,-19.69696969696969,19.69696969696969,50,50,1.0,37,0.74,0.74,22.0,-1.0,1.0,0.62,0.5055555555555555,0.3760775862068966,0.9274193548387097,49,0.2653061224489796
MolecuLA raw OLS (seed-excluded),HeavyAtomCount,-16.666666666666657,16.666666666666657,50,50,1.0,27,0.54,0.54,23.0,0.0,0.0,0.46,0.6881720430107527,0.4818532436708861,1.0,50,0.48
MolecuLA raw OLS (seed-excluded),HeavyAtomCount,-13.636363636363626,13.636363636363626,50,50,1.0,16,0.32,0.32,23.0,0.0,0.0,0.28,1.0,0.6081186572989852,1.0,50,0.68
MolecuLA raw OLS (seed-excluded),HeavyAtomCount,-10.606060606060595,10.606060606060595,50,50,1.0,6,0.12,0.12,23.5,0.0,0.0,0.1,1.0,1.0,1.0,50,0.9
MolecuLA raw OLS (seed-excluded),HeavyAtomCount,-7.575757575757564,7.575757575757564,50,50,1.0,2,0.04,0.04,24.0,0.0,0.0,0.02,1.0,1.0,1.0,50,0.98
MolecuLA raw OLS (seed-excluded),HeavyAtomCount,-4.545454545454561,4.545454545454561,50,50,1.0,2,0.04,0.04,24.0,0.0,0.0,0.02,1.0,1.0,1.0,50,0.96
MolecuLA raw OLS (seed-excluded),HeavyAtomCount,-1.5151515151515298,1.5151515151515298,50,50,1.0,2,0.04,0.04,24.0,0.0,0.0,0.0,1.0,1.0,1.0,50,0.96
MolecuLA raw OLS (seed-excluded),HeavyAtomCount,1.5151515151515014,1.5151515151515014,50,50,1.0,3,0.06,0.06,24.0,0.0,0.0,0.06,1.0,1.0,1.0,50,0.94
MolecuLA raw OLS (seed-excluded),HeavyAtomCount,4.5454545454545325,4.5454545454545325,50,50,1.0,3,0.06,0.06,24.0,0.0,0.0,0.06,1.0,1.0,1.0,50,0.94
MolecuLA raw OLS (seed-excluded),HeavyAtomCount,7.575757575757564,7.575757575757564,50,50,1.0,5,0.1,0.1,24.0,0.0,0.0,0.08,1.0,1.0,1.0,50,0.94
MolecuLA raw OLS (seed-excluded),HeavyAtomCount,10.606060606060595,10.606060606060595,50,50,1.0,15,0.3,0.3,25.0,0.0,0.0,0.28,1.0,0.703494623655914,1.0,50,0.86
MolecuLA raw OLS (seed-excluded),HeavyAtomCount,13.636363636363626,13.636363636363626,50,50,1.0,21,0.42,0.42,26.5,0.0,0.0,0.42,1.0,0.5608519269776876,1.0,50,0.72
MolecuLA raw OLS (seed-excluded),HeavyAtomCount,16.666666666666657,16.666666666666657,50,50,1.0,28,0.56,0.56,27.0,0.0,0.0,0.48,0.6274972253052165,0.4735696517412935,1.0,50,0.6
MolecuLA raw OLS (seed-excluded),HeavyAtomCount,19.69696969696969,19.69696969696969,50,50,1.0,33,0.66,0.66,29.0,3.0,3.0,0.6,0.5172573904968272,0.4022727272727273,1.0,50,0.44
MolecuLA raw OLS (seed-excluded),HeavyAtomCount,22.72727272727272,22.72727272727272,50,50,1.0,37,0.74,0.74,29.0,4.0,4.0,0.68,0.44341590612777054,0.3592285508291276,0.9333333333333333,50,0.34
MolecuLA raw OLS (seed-excluded),HeavyAtomCount,25.75757575757575,25.75757575757575,50,50,1.0,39,0.78,0.78,29.5,5.0,5.0,0.7,0.4480769230769231,0.300547263681592,0.6136477987421384,50,0.32
MolecuLA raw OLS (seed-excluded),HeavyAtomCount,28.787878787878782,28.787878787878782,50,50,1.0,39,0.78,0.78,31.0,5.0,5.0,0.7,0.3843178621659634,0.30245133381398703,0.6136477987421384,50,0.28
MolecuLA raw OLS (seed-excluded),HeavyAtomCount,31.818181818181813,31.818181818181813,50,50,1.0,42,0.84,0.84,31.0,4.5,4.5,0.72,0.35669835782195336,0.2568718155001341,0.5074358974358975,49,0.24489795918367346
MolecuLA raw OLS (seed-excluded),HeavyAtomCount,34.848484848484844,34.848484848484844,50,50,1.0,45,0.9,0.9,30.5,6.0,6.0,0.72,0.2597402597402597,0.19896259276086625,0.38545258620689654,50,0.12
MolecuLA raw OLS (seed-excluded),HeavyAtomCount,37.878787878787875,37.878787878787875,50,50,1.0,46,0.92,0.92,31.0,6.0,6.0,0.76,0.27073382544507163,0.18437638213180008,0.35062296858071507,50,0.1
MolecuLA raw OLS (seed-excluded),HeavyAtomCount,40.90909090909091,40.90909090909091,50,50,1.0,46,0.92,0.92,31.0,7.0,7.0,0.72,0.22254725472547254,0.1449505888723433,0.34349627174813585,50,0.08
MolecuLA raw OLS (seed-excluded),HeavyAtomCount,43.93939393939394,43.93939393939394,50,50,1.0,49,0.98,0.98,33.0,7.5,7.5,0.82,0.17458538771851187,0.13596153846153847,0.29109977324263037,50,0.04
MolecuLA raw OLS (seed-excluded),HeavyAtomCount,46.96969696969697,46.96969696969697,50,50,1.0,50,1.0,1.0,33.0,7.0,7.0,0.84,0.15914538391602612,0.1220189701897019,0.21143162393162393,49,0.04081632653061224
MolecuLA raw OLS (seed-excluded),HeavyAtomCount,50.0,50.0,50,50,1.0,50,1.0,1.0,31.5,6.5,6.5,0.84,0.16333333333333333,0.1267135862913097,0.21592809364548493,48,0.0
MolecuLA raw OLS (seed-excluded),HeavyAtomCount,53.03030303030303,53.03030303030303,50,50,1.0,50,1.0,1.0,32.0,6.5,6.5,0.8,0.14619492656875832,0.11016869728209934,0.1948489261012013,49,0.0
MolecuLA raw OLS (seed-excluded),HeavyAtomCount,56.06060606060606,56.06060606060606,50,50,1.0,50,1.0,1.0,33.5,8.0,8.0,0.84,0.1497663551401869,0.109232868405094,0.19331650570676032,48,0.0
MolecuLA raw OLS (seed-excluded),HeavyAtomCount,59.09090909090909,59.09090909090909,50,50,1.0,50,1.0,1.0,33.5,10.0,10.0,0.82,0.12251082251082251,0.08096338428723782,0.15485305708816574,49,0.0
MolecuLA raw OLS (seed-excluded),HeavyAtomCount,62.121212121212125,62.121212121212125,50,50,1.0,50,1.0,1.0,34.0,9.5,9.5,0.78,0.10762914093206064,0.08147158814958717,0.14243697478991596,48,0.0
MolecuLA raw OLS (seed-excluded),HeavyAtomCount,65.15151515151516,65.15151515151516,50,50,1.0,50,1.0,1.0,34.0,11.0,11.0,0.86,0.12149532710280374,0.08287025071077797,0.14409388226240863,48,0.020833333333333332
MolecuLA raw OLS (seed-excluded),HeavyAtomCount,68.18181818181819,68.18181818181819,50,50,1.0,50,1.0,1.0,35.5,11.0,11.0,0.86,0.1077458843393837,0.08191158156911582,0.14547255234861345,48,0.0
MolecuLA raw OLS (seed-excluded),HeavyAtomCount,71.21212121212122,71.21212121212122,50,50,1.0,50,1.0,1.0,36.5,12.0,12.0,0.88,0.09569597069597069,0.08228603745130074,0.12584459459459457,50,0.0
MolecuLA raw OLS (seed-excluded),HeavyAtomCount,74.24242424242425,74.24242424242425,50,50,1.0,50,1.0,1.0,37.0,12.0,12.0,0.86,0.10346194503171248,0.08657495256166983,0.13001638001638002,50,0.0
MolecuLA raw OLS (seed-excluded),HeavyAtomCount,77.27272727272728,77.27272727272728,50,50,1.0,50,1.0,1.0,36.0,13.5,13.5,0.88,0.10591491841491842,0.07465277777777778,0.1183969097054563,49,0.0
MolecuLA raw OLS (seed-excluded),HeavyAtomCount,80.30303030303031,80.30303030303031,50,50,1.0,50,1.0,1.0,37.0,13.0,13.0,0.88,0.09800664451827243,0.0786071565986918,0.11749061326658322,50,0.0
MolecuLA raw OLS (seed-excluded),HeavyAtomCount,83.33333333333334,83.33333333333334,50,50,1.0,50,1.0,1.0,36.0,14.0,14.0,0.88,0.09063954018793906,0.06563168562098862,0.12199656750572083,49,0.0
MolecuLA raw OLS (seed-excluded),HeavyAtomCount,86.36363636363637,86.36363636363637,50,50,1.0,50,1.0,1.0,37.0,18.0,18.0,0.9,0.10056599959571458,0.07596112999150381,0.11749061326658322,50,0.0
MolecuLA raw OLS (seed-excluded),HeavyAtomCount,89.3939393939394,89.3939393939394,50,50,1.0,50,1.0,1.0,37.5,16.5,16.5,0.92,0.08612637362637363,0.06940090560780215,0.11326086956521739,50,0.0
MolecuLA raw OLS (seed-excluded),HeavyAtomCount,92.42424242424244,92.42424242424244,50,50,1.0,50,1.0,1.0,37.5,16.0,16.0,0.86,0.07924641148325359,0.06349399545602077,0.10965171192443919,48,0.0
MolecuLA raw OLS (seed-excluded),HeavyAtomCount,95.45454545454544,95.45454545454544,50,50,1.0,50,1.0,1.0,39.0,21.0,21.0,0.9,0.07335565924142083,0.05797176308539945,0.09501642935377876,47,0.0
MolecuLA raw OLS (seed-excluded),HeavyAtomCount,98.48484848484847,98.48484848484847,50,50,1.0,50,1.0,1.0,40.5,21.0,21.0,0.94,0.07971433072520086,0.06428571428571428,0.1069327731092437,48,0.0
MolecuLA raw OLS (seed-excluded),HeavyAtomCount,101.5151515151515,101.5151515151515,50,50,1.0,50,1.0,1.0,43.5,24.0,24.0,0.94,0.08246087425796006,0.0689935064935065,0.09799699747155499,48,0.0
MolecuLA raw OLS (seed-excluded),HeavyAtomCount,104.54545454545453,104.54545454545453,50,50,1.0,50,1.0,1.0,41.0,23.0,23.0,0.92,0.07231435828477514,0.061778846153846156,0.09821428571428571,50,0.0
MolecuLA raw OLS (seed-excluded),HeavyAtomCount,107.57575757575756,107.57575757575756,50,50,1.0,50,1.0,1.0,46.5,26.0,26.0,0.96,0.07729648991784914,0.0625,0.09467215671595233,49,0.0
MolecuLA raw OLS (seed-excluded),HeavyAtomCount,110.60606060606062,110.60606060606062,50,50,1.0,50,1.0,1.0,75.5,49.5,49.5,0.98,0.08017468688200396,0.06131491439083062,0.09896672806815565,50,0.0
MolecuLA raw OLS (seed-excluded),HeavyAtomCount,113.63636363636363,113.63636363636363,50,50,1.0,50,1.0,1.0,85.0,60.5,60.5,0.98,0.0720954777949176,0.05021186440677966,0.09090909090909091,49,0.0
MolecuLA raw OLS (seed-excluded),HeavyAtomCount,116.66666666666669,116.66666666666669,50,50,1.0,50,1.0,1.0,84.0,59.5,59.5,0.96,0.06876847290640395,0.054384615384615385,0.08573717948717949,49,0.0
MolecuLA raw OLS (seed-excluded),HeavyAtomCount,119.69696969696969,119.69696969696969,50,50,1.0,50,1.0,1.0,96.0,68.5,68.5,0.96,0.07380174291938998,0.055077507118000635,0.08485533453887883,48,0.0
MolecuLA raw OLS (seed-excluded),HeavyAtomCount,122.72727272727275,122.72727272727275,50,50,1.0,50,1.0,1.0,100.5,76.5,76.5,1.0,0.06843008739076155,0.057972484197005035,0.08066176470588235,50,0.0
MolecuLA raw OLS (seed-excluded),HeavyAtomCount,125.75757575757575,125.75757575757575,50,50,1.0,50,1.0,1.0,97.5,71.0,71.0,1.0,0.0631516691492158,0.05186499887311247,0.08424886553618342,50,0.0
MolecuLA raw OLS (seed-excluded),HeavyAtomCount,128.7878787878788,128.7878787878788,50,50,1.0,50,1.0,1.0,104.0,79.0,79.0,0.98,0.06499615975422426,0.05395894428152492,0.08533120842572062,49,0.0
MolecuLA raw OLS (seed-excluded),HeavyAtomCount,131.8181818181818,131.8181818181818,50,50,1.0,50,1.0,1.0,103.5,79.5,79.5,0.92,0.05853136373367587,0.04855769230769231,0.0764893001735107,49,0.0
MolecuLA raw OLS (seed-excluded),HeavyAtomCount,134.84848484848487,134.84848484848487,50,50,1.0,50,1.0,1.0,103.5,79.5,79.5,0.96,0.06477838971938107,0.04813664596273291,0.07732262747232807,49,0.0
MolecuLA raw OLS (seed-excluded),HeavyAtomCount,137.87878787878788,137.87878787878788,50,50,1.0,50,1.0,1.0,100.0,82.0,82.0,0.96,0.06598590089156127,0.04728212039532795,0.08002796188898095,49,0.0
MolecuLA raw OLS (seed-excluded),HeavyAtomCount,140.90909090909088,140.90909090909088,50,50,1.0,50,1.0,1.0,100.5,76.5,76.5,0.94,0.06410519827409081,0.05016046473838154,0.07359649122807017,47,0.0
MolecuLA raw OLS (seed-excluded),HeavyAtomCount,143.93939393939394,143.93939393939394,50,50,1.0,50,1.0,1.0,105.0,80.5,80.5,0.94,0.06154210308302266,0.05049628547071003,0.07807845084409136,49,0.0
MolecuLA raw OLS (seed-excluded),HeavyAtomCount,146.96969696969694,146.96969696969694,50,50,1.0,50,1.0,1.0,109.0,84.5,84.5,0.96,0.05595031055900621,0.04591523341523342,0.0766796494644596,46,0.0
MolecuLA raw OLS (seed-excluded),HeavyAtomCount,150.0,150.0,50,50,1.0,50,1.0,1.0,105.5,81.0,81.0,0.96,0.06513077565709144,0.04984569709754287,0.07535622944830106,44,0.0
ChemSpacE extreme-SVM,FractionCSP3,-150.0,150.0,50,50,1.0,50,1.0,1.0,0.0,-0.2857142857142857,0.2857142857142857,0.94,0.014835164835164751,0.0,0.019513574660633477,0,
ChemSpacE extreme-SVM,FractionCSP3,-146.96969696969697,146.96969696969697,50,50,1.0,50,1.0,1.0,0.0,-0.2857142857142857,0.2857142857142857,0.94,0.0161332292479833,0.0,0.0196078431372549,0,
ChemSpacE extreme-SVM,FractionCSP3,-143.93939393939394,143.93939393939394,50,50,1.0,50,1.0,1.0,0.0,-0.2857142857142857,0.2857142857142857,0.94,0.0134234234234234,0.0,0.019251336898395702,0,
ChemSpacE extreme-SVM,FractionCSP3,-140.9090909090909,140.9090909090909,50,50,1.0,50,1.0,1.0,0.0,-0.2857142857142857,0.2857142857142857,0.94,0.0118380498739142,0.0,0.019901960784313725,0,
ChemSpacE extreme-SVM,FractionCSP3,-137.87878787878788,137.87878787878788,50,50,1.0,50,1.0,1.0,0.0,-0.2857142857142857,0.2857142857142857,0.94,0.012143067412422649,0.0,0.020256617498484526,0,
ChemSpacE extreme-SVM,FractionCSP3,-134.84848484848484,134.84848484848484,50,50,1.0,50,1.0,1.0,0.0,-0.2857142857142857,0.2857142857142857,0.94,0.0124458874458874,0.0,0.021112085983768323,0,
ChemSpacE extreme-SVM,FractionCSP3,-131.8181818181818,131.8181818181818,50,50,1.0,50,1.0,1.0,0.0,-0.2857142857142857,0.2857142857142857,0.94,0.011437908496732,0.0,0.019901960784313725,0,
ChemSpacE extreme-SVM,FractionCSP3,-128.78787878787878,128.78787878787878,50,50,1.0,50,1.0,1.0,0.0,-0.2857142857142857,0.2857142857142857,0.94,0.011116600790513801,0.0,0.018615229110512048,0,
ChemSpacE extreme-SVM,FractionCSP3,-125.75757575757575,125.75757575757575,50,50,1.0,50,1.0,1.0,0.0,-0.2857142857142857,0.2857142857142857,0.94,0.0116963064295485,0.0,0.0171683226183518,0,
ChemSpacE extreme-SVM,FractionCSP3,-122.72727272727272,122.72727272727272,50,50,1.0,50,1.0,1.0,0.0,-0.2857142857142857,0.2857142857142857,0.94,0.011705914567360299,0.0,0.022008571759527352,0,
ChemSpacE extreme-SVM,FractionCSP3,-119.69696969696969,119.69696969696969,50,50,1.0,50,1.0,1.0,0.0,-0.2857142857142857,0.2857142857142857,0.94,0.01094497607655495,0.0,0.023188986901897822,0,
ChemSpacE extreme-SVM,FractionCSP3,-116.66666666666666,116.66666666666666,50,50,1.0,50,1.0,1.0,0.0,-0.2857142857142857,0.2857142857142857,0.94,0.010582306830906999,0.0,0.024245063879210202,0,
ChemSpacE extreme-SVM,FractionCSP3,-113.63636363636364,113.63636363636364,50,50,1.0,50,1.0,1.0,0.0,-0.2857142857142857,0.2857142857142857,0.94,0.0109903381642512,0.0,0.01995049504950495,0,
ChemSpacE extreme-SVM,FractionCSP3,-110.60606060606061,110.60606060606061,50,50,1.0,50,1.0,1.0,0.0,-0.2857142857142857,0.2857142857142857,0.94,0.011308458982877499,0.0,0.019901960784313725,0,
ChemSpacE extreme-SVM,FractionCSP3,-107.57575757575758,107.57575757575758,50,50,1.0,50,1.0,1.0,0.0,-0.2857142857142857,0.2857142857142857,0.94,0.0123456790123456,0.0,0.021458987001344677,0,
ChemSpacE extreme-SVM,FractionCSP3,-104.54545454545455,104.54545454545455,50,50,1.0,50,1.0,1.0,0.0,-0.2857142857142857,0.2857142857142857,0.94,0.0123456790123456,0.0,0.0212765957446808,0,
ChemSpacE extreme-SVM,FractionCSP3,-101.51515151515152,101.51515151515152,50,50,1.0,50,1.0,1.0,0.0,-0.2857142857142857,0.2857142857142857,0.94,0.01136510396487145,0.0,0.019422863485016626,0,
ChemSpacE extreme-SVM,FractionCSP3,-98.48484848484848,98.48484848484848,50,50,1.0,50,1.0,1.0,0.0,-0.2857142857142857,0.2857142857142857,0.94,0.00568181818181815,0.0,0.016065028161802324,0,
ChemSpacE extreme-SVM,FractionCSP3,-95.45454545454545,95.45454545454545,50,50,1.0,50,1.0,1.0,0.0,-0.2857142857142857,0.2857142857142857,0.94,0.01142894461859975,0.0,0.016065028161802324,0,
ChemSpacE extreme-SVM,FractionCSP3,-92.42424242424242,92.42424242424242,50,50,1.0,50,1.0,1.0,0.0,-0.2857142857142857,0.2857142857142857,0.94,0.00568181818181815,0.0,0.0158730158730158,0,
ChemSpacE extreme-SVM,FractionCSP3,-89.39393939393939,89.39393939393939,50,50,1.0,50,1.0,1.0,0.0,-0.2857142857142857,0.2857142857142857,0.94,0.0,0.0,0.01581101190476185,0,
ChemSpacE extreme-SVM,FractionCSP3,-86.36363636363637,86.36363636363637,50,50,1.0,50,1.0,1.0,0.0,-0.2857142857142857,0.2857142857142857,0.94,0.0,0.0,0.0158730158730158,0,
ChemSpacE extreme-SVM,FractionCSP3,-83.33333333333333,83.33333333333333,50,50,1.0,50,1.0,1.0,0.0,-0.2857142857142857,0.2857142857142857,0.94,0.0,0.0,0.016532258064516074,0,
ChemSpacE extreme-SVM,FractionCSP3,-80.3030303030303,80.3030303030303,50,50,1.0,50,1.0,1.0,0.0,-0.2857142857142857,0.2857142857142857,0.94,0.0,0.0,0.0158730158730158,0,
ChemSpacE extreme-SVM,FractionCSP3,-77.27272727272728,77.27272727272728,50,50,1.0,50,1.0,1.0,0.0,-0.2857142857142857,0.2857142857142857,0.94,0.0,0.0,0.015425888665325224,0,
ChemSpacE extreme-SVM,FractionCSP3,-74.24242424242425,74.24242424242425,50,50,1.0,50,1.0,1.0,0.0,-0.2857142857142857,0.2857142857142857,0.94,0.0,0.0,0.014035602503912326,0,
ChemSpacE extreme-SVM,FractionCSP3,-71.21212121212122,71.21212121212122,50,50,1.0,50,1.0,1.0,0.0,-0.2857142857142857,0.2857142857142857,0.94,0.0,0.0,0.0154761904761904,0,
ChemSpacE extreme-SVM,FractionCSP3,-68.18181818181819,68.18181818181819,50,50,1.0,50,1.0,1.0,0.0,-0.2857142857142857,0.2857142857142857,0.94,0.0,0.0,0.0153419384057971,0,
ChemSpacE extreme-SVM,FractionCSP3,-65.15151515151516,65.15151515151516,50,50,1.0,50,1.0,1.0,0.0,-0.2857142857142857,0.2857142857142857,0.94,0.0,0.0,0.0153419384057971,0,
ChemSpacE extreme-SVM,FractionCSP3,-62.121212121212125,62.121212121212125,50,50,1.0,50,1.0,1.0,0.0,-0.2857142857142857,0.2857142857142857,0.94,0.0,0.0,0.015625,0,
ChemSpacE extreme-SVM,FractionCSP3,-59.09090909090909,59.09090909090909,50,50,1.0,50,1.0,1.0,0.0,-0.2857142857142857,0.2857142857142857,0.94,0.0,0.0,0.015239876760563376,0,
ChemSpacE extreme-SVM,FractionCSP3,-56.06060606060606,56.06060606060606,50,50,1.0,50,1.0,1.0,0.0,-0.2857142857142857,0.2857142857142857,0.94,0.0,0.0,0.015239876760563376,0,
ChemSpacE extreme-SVM,FractionCSP3,-53.03030303030303,53.03030303030303,50,50,1.0,50,1.0,1.0,0.0,-0.2857142857142857,0.2857142857142857,0.94,0.0,0.0,0.015625,0,
ChemSpacE extreme-SVM,FractionCSP3,-50.0,50.0,50,50,1.0,50,1.0,1.0,0.0,-0.2857142857142857,0.2857142857142857,0.94,0.0,0.0,0.015625,0,
ChemSpacE extreme-SVM,FractionCSP3,-46.96969696969697,46.96969696969697,50,50,1.0,50,1.0,1.0,0.0,-0.2857142857142857,0.2857142857142857,0.94,0.0,0.0,0.015625,0,
ChemSpacE extreme-SVM,FractionCSP3,-43.93939393939394,43.93939393939394,50,50,1.0,50,1.0,1.0,0.0,-0.2857142857142857,0.2857142857142857,0.94,0.0,0.0,0.015143407534246575,0,
ChemSpacE extreme-SVM,FractionCSP3,-40.90909090909091,40.90909090909091,50,50,1.0,50,1.0,1.0,0.0,-0.2857142857142857,0.2857142857142857,0.94,0.0,0.0,0.0146186873849928,0,
ChemSpacE extreme-SVM,FractionCSP3,-37.878787878787875,37.878787878787875,50,50,1.0,50,1.0,1.0,0.0,-0.2857142857142857,0.2857142857142857,0.94,0.0,0.0,0.016003024193548373,0,
ChemSpacE extreme-SVM,FractionCSP3,-34.848484848484844,34.848484848484844,50,50,1.0,50,1.0,1.0,0.0,-0.2857142857142857,0.2857142857142857,0.94,0.0,0.0,0.016532258064516074,0,
ChemSpacE extreme-SVM,FractionCSP3,-31.818181818181813,31.818181818181813,50,50,1.0,50,1.0,1.0,0.0,-0.2857142857142857,0.2857142857142857,0.94,0.0,0.0,0.015668202764976925,0,
ChemSpacE extreme-SVM,FractionCSP3,-28.787878787878782,28.787878787878782,50,50,1.0,50,1.0,1.0,0.0,-0.2857142857142857,0.2857142857142857,0.94,0.0057471264367816,0.0,0.01732456140350875,3,0.0
ChemSpacE extreme-SVM,FractionCSP3,-25.757575757575765,25.757575757575765,50,50,1.0,50,1.0,1.0,0.0,-0.2819829424307036,0.2819829424307036,0.94,0.0157490079365079,0.0,0.028908138597904875,6,0.0
ChemSpacE extreme-SVM,FractionCSP3,-22.727272727272734,22.727272727272734,50,50,1.0,50,1.0,1.0,0.0,-0.2727272727272727,0.2727272727272727,0.94,0.0344827586206896,0.02128397917871595,0.050330715171558446,21,0.0
ChemSpacE extreme-SVM,FractionCSP3,-19.69696969696969,19.69696969696969,50,50,1.0,50,1.0,1.0,0.0039370078740157,-0.2502747252747253,0.2502747252747253,0.94,0.0386482449589245,0.0194230769230769,0.05783450704225347,26,0.0
ChemSpacE extreme-SVM,FractionCSP3,-16.666666666666657,16.666666666666657,50,50,1.0,50,1.0,1.0,0.0714285714285714,-0.21587301587301586,0.21587301587301586,0.92,0.0547452547452547,0.03652069791310295,0.07537940549354065,45,0.0
ChemSpacE extreme-SVM,FractionCSP3,-13.636363636363626,13.636363636363626,50,50,1.0,50,1.0,1.0,0.07417582417582415,-0.21032763532763532,0.21032763532763532,0.88,0.055064410204597056,0.04294430538172715,0.06706911829862643,39,0.0
ChemSpacE extreme-SVM,FractionCSP3,-10.606060606060595,10.606060606060595,50,50,1.0,50,1.0,1.0,0.0909090909090909,-0.1671030731133032,0.1671030731133032,0.84,0.07088534940450565,0.043108923467767526,0.09173913043478257,39,0.0
ChemSpacE extreme-SVM,FractionCSP3,-7.575757575757564,7.575757575757564,50,50,1.0,50,1.0,1.0,0.1333333333333333,-0.14112554112554104,0.14112554112554104,0.86,0.09581181870338495,0.07079831932773105,0.1142857142857142,48,0.0
ChemSpacE extreme-SVM,FractionCSP3,-4.545454545454561,4.545454545454561,50,50,1.0,50,1.0,1.0,0.1961722488038277,-0.0944444444444444,0.0944444444444444,0.76,0.16635944700460825,0.11566467513069448,0.24367977528089887,47,0.10638297872340426
ChemSpacE extreme-SVM,FractionCSP3,-1.5151515151515298,1.5151515151515298,50,50,1.0,4,0.08,0.08,0.2792207792207792,0.0,0.0,0.04,1.0,1.0,1.0,50,0.92
ChemSpacE extreme-SVM,FractionCSP3,1.5151515151515014,1.5151515151515014,50,50,1.0,3,0.06,0.06,0.2857142857142857,0.0,0.0,0.42,1.0,1.0,1.0,50,0.94
ChemSpacE extreme-SVM,FractionCSP3,4.5454545454545325,4.5454545454545325,50,50,1.0,50,1.0,1.0,0.6,0.29667795972143796,0.29667795972143796,1.0,0.16035530621785876,0.11157239231966784,0.24654761904761902,39,0.02564102564102564
ChemSpacE extreme-SVM,FractionCSP3,7.575757575757564,7.575757575757564,50,50,1.0,50,1.0,1.0,0.8090909090909091,0.4922360248447205,0.4922360248447205,1.0,0.1041666666666666,0.07537707390648563,0.13064759036144577,36,0.0
ChemSpacE extreme-SVM,FractionCSP3,10.606060606060595,10.606060606060595,50,50,1.0,50,1.0,1.0,0.9258241758241759,0.6083574320416426,0.6083574320416426,0.98,0.08166666666666665,0.05255457133818405,0.10603154305200338,26,0.0
ChemSpacE extreme-SVM,FractionCSP3,13.636363636363626,13.636363636363626,50,50,1.0,50,1.0,1.0,0.9272486772486773,0.6085534417792482,0.6085534417792482,1.0,0.06076923076923075,0.040021929824561375,0.08242790073775988,17,0.0
ChemSpacE extreme-SVM,FractionCSP3,16.666666666666657,16.666666666666657,50,50,1.0,50,1.0,1.0,1.0,0.6511965811965812,0.6511965811965812,1.0,0.0457157784743991,0.025724275724275672,0.0714285714285714,5,0.0
ChemSpacE extreme-SVM,FractionCSP3,19.69696969696969,19.69696969696969,50,50,1.0,50,1.0,1.0,1.0,0.7142857142857143,0.7142857142857143,1.0,0.03509852216748765,0.020625271385149774,0.05482456140350872,2,0.0
ChemSpacE extreme-SVM,FractionCSP3,22.72727272727272,22.72727272727272,50,50,1.0,50,1.0,1.0,1.0,0.7142857142857143,0.7142857142857143,1.0,0.0325224748810153,0.0196078431372549,0.0526315789473684,0,
ChemSpacE extreme-SVM,FractionCSP3,25.75757575757575,25.75757575757575,50,50,1.0,50,1.0,1.0,1.0,0.7142857142857143,0.7142857142857143,1.0,0.0325224748810153,0.019325037707390625,0.0526315789473684,0,
ChemSpacE extreme-SVM,FractionCSP3,28.787878787878782,28.787878787878782,50,50,1.0,50,1.0,1.0,1.0,0.7142857142857143,0.7142857142857143,1.0,0.0325224748810153,0.019325037707390625,0.0526315789473684,0,
ChemSpacE extreme-SVM,FractionCSP3,31.818181818181813,31.818181818181813,50,50,1.0,50,1.0,1.0,1.0,0.7142857142857143,0.7142857142857143,1.0,0.0325224748810153,0.019325037707390625,0.0526315789473684,0,
ChemSpacE extreme-SVM,FractionCSP3,34.848484848484844,34.848484848484844,50,50,1.0,50,1.0,1.0,1.0,0.7142857142857143,0.7142857142857143,1.0,0.0325224748810153,0.019325037707390625,0.0526315789473684,0,
ChemSpacE extreme-SVM,FractionCSP3,37.878787878787875,37.878787878787875,50,50,1.0,50,1.0,1.0,1.0,0.7142857142857143,0.7142857142857143,1.0,0.0325224748810153,0.019325037707390625,0.0526315789473684,0,
ChemSpacE extreme-SVM,FractionCSP3,40.90909090909091,40.90909090909091,50,50,1.0,50,1.0,1.0,1.0,0.7142857142857143,0.7142857142857143,1.0,0.0325224748810153,0.019325037707390625,0.0526315789473684,0,
ChemSpacE extreme-SVM,FractionCSP3,43.93939393939394,43.93939393939394,50,50,1.0,50,1.0,1.0,1.0,0.7142857142857143,0.7142857142857143,1.0,0.0325224748810153,0.019325037707390625,0.0526315789473684,0,
ChemSpacE extreme-SVM,FractionCSP3,46.96969696969697,46.96969696969697,50,50,1.0,50,1.0,1.0,1.0,0.7142857142857143,0.7142857142857143,1.0,0.0325224748810153,0.019325037707390625,0.0526315789473684,0,
ChemSpacE extreme-SVM,FractionCSP3,50.0,50.0,50,50,1.0,50,1.0,1.0,1.0,0.7142857142857143,0.7142857142857143,1.0,0.0325224748810153,0.019325037707390625,0.0526315789473684,0,
ChemSpacE extreme-SVM,FractionCSP3,53.03030303030303,53.03030303030303,50,50,1.0,50,1.0,1.0,1.0,0.7142857142857143,0.7142857142857143,1.0,0.0325224748810153,0.019325037707390625,0.0526315789473684,0,
ChemSpacE extreme-SVM,FractionCSP3,56.06060606060606,56.06060606060606,50,50,1.0,50,1.0,1.0,1.0,0.7142857142857143,0.7142857142857143,1.0,0.0325224748810153,0.019325037707390625,0.0526315789473684,0,
ChemSpacE extreme-SVM,FractionCSP3,59.09090909090909,59.09090909090909,50,50,1.0,50,1.0,1.0,1.0,0.7142857142857143,0.7142857142857143,1.0,0.0325224748810153,0.019325037707390625,0.0526315789473684,0,
ChemSpacE extreme-SVM,FractionCSP3,62.121212121212125,62.121212121212125,50,50,1.0,50,1.0,1.0,1.0,0.7142857142857143,0.7142857142857143,1.0,0.0325224748810153,0.019325037707390625,0.0526315789473684,0,
ChemSpacE extreme-SVM,FractionCSP3,65.15151515151516,65.15151515151516,50,50,1.0,50,1.0,1.0,1.0,0.7142857142857143,0.7142857142857143,1.0,0.0325224748810153,0.019325037707390625,0.0526315789473684,0,
ChemSpacE extreme-SVM,FractionCSP3,68.18181818181819,68.18181818181819,50,50,1.0,50,1.0,1.0,1.0,0.7142857142857143,0.7142857142857143,1.0,0.0325224748810153,0.019325037707390625,0.0526315789473684,0,
ChemSpacE extreme-SVM,FractionCSP3,71.21212121212122,71.21212121212122,50,50,1.0,50,1.0,1.0,1.0,0.7142857142857143,0.7142857142857143,1.0,0.0325224748810153,0.019325037707390625,0.0526315789473684,0,
ChemSpacE extreme-SVM,FractionCSP3,74.24242424242425,74.24242424242425,50,50,1.0,50,1.0,1.0,1.0,0.7142857142857143,0.7142857142857143,1.0,0.0325224748810153,0.019325037707390625,0.0526315789473684,0,
ChemSpacE extreme-SVM,FractionCSP3,77.27272727272728,77.27272727272728,50,50,1.0,50,1.0,1.0,1.0,0.7142857142857143,0.7142857142857143,1.0,0.0325224748810153,0.019325037707390625,0.0526315789473684,0,
ChemSpacE extreme-SVM,FractionCSP3,80.30303030303031,80.30303030303031,50,50,1.0,50,1.0,1.0,1.0,0.7142857142857143,0.7142857142857143,1.0,0.0325224748810153,0.019325037707390625,0.0526315789473684,0,
ChemSpacE extreme-SVM,FractionCSP3,83.33333333333334,83.33333333333334,50,50,1.0,50,1.0,1.0,1.0,0.7142857142857143,0.7142857142857143,1.0,0.0325224748810153,0.019325037707390625,0.0526315789473684,0,
ChemSpacE extreme-SVM,FractionCSP3,86.36363636363637,86.36363636363637,50,50,1.0,50,1.0,1.0,1.0,0.7142857142857143,0.7142857142857143,1.0,0.0325224748810153,0.019325037707390625,0.0526315789473684,0,
ChemSpacE extreme-SVM,FractionCSP3,89.3939393939394,89.3939393939394,50,50,1.0,50,1.0,1.0,1.0,0.7142857142857143,0.7142857142857143,1.0,0.0325224748810153,0.019325037707390625,0.0526315789473684,0,
ChemSpacE extreme-SVM,FractionCSP3,92.42424242424244,92.42424242424244,50,50,1.0,50,1.0,1.0,1.0,0.7142857142857143,0.7142857142857143,1.0,0.0325224748810153,0.019325037707390625,0.0526315789473684,0,
ChemSpacE extreme-SVM,FractionCSP3,95.45454545454544,95.45454545454544,50,50,1.0,50,1.0,1.0,1.0,0.7142857142857143,0.7142857142857143,1.0,0.0325224748810153,0.019325037707390625,0.0526315789473684,0,
ChemSpacE extreme-SVM,FractionCSP3,98.48484848484847,98.48484848484847,50,50,1.0,50,1.0,1.0,1.0,0.7142857142857143,0.7142857142857143,1.0,0.0325224748810153,0.019325037707390625,0.0526315789473684,0,
ChemSpacE extreme-SVM,FractionCSP3,101.5151515151515,101.5151515151515,50,50,1.0,50,1.0,1.0,1.0,0.7142857142857143,0.7142857142857143,1.0,0.0325224748810153,0.019325037707390625,0.0526315789473684,0,
ChemSpacE extreme-SVM,FractionCSP3,104.54545454545453,104.54545454545453,50,50,1.0,50,1.0,1.0,1.0,0.7142857142857143,0.7142857142857143,1.0,0.0325224748810153,0.019325037707390625,0.0526315789473684,0,
ChemSpacE extreme-SVM,FractionCSP3,107.57575757575756,107.57575757575756,50,50,1.0,50,1.0,1.0,1.0,0.7142857142857143,0.7142857142857143,1.0,0.0325224748810153,0.019325037707390625,0.0526315789473684,0,
ChemSpacE extreme-SVM,FractionCSP3,110.60606060606062,110.60606060606062,50,50,1.0,50,1.0,1.0,1.0,0.7142857142857143,0.7142857142857143,1.0,0.0325224748810153,0.019325037707390625,0.0526315789473684,0,
ChemSpacE extreme-SVM,FractionCSP3,113.63636363636363,113.63636363636363,50,50,1.0,50,1.0,1.0,1.0,0.7142857142857143,0.7142857142857143,1.0,0.0325224748810153,0.019325037707390625,0.0526315789473684,0,
ChemSpacE extreme-SVM,FractionCSP3,116.66666666666669,116.66666666666669,50,50,1.0,50,1.0,1.0,1.0,0.7142857142857143,0.7142857142857143,1.0,0.0325224748810153,0.019325037707390625,0.0526315789473684,0,
ChemSpacE extreme-SVM,FractionCSP3,119.69696969696969,119.69696969696969,50,50,1.0,50,1.0,1.0,1.0,0.7142857142857143,0.7142857142857143,1.0,0.0325224748810153,0.019325037707390625,0.0526315789473684,0,
ChemSpacE extreme-SVM,FractionCSP3,122.72727272727275,122.72727272727275,50,50,1.0,50,1.0,1.0,1.0,0.7142857142857143,0.7142857142857143,1.0,0.0325224748810153,0.019325037707390625,0.0526315789473684,0,
ChemSpacE extreme-SVM,FractionCSP3,125.75757575757575,125.75757575757575,50,50,1.0,50,1.0,1.0,1.0,0.7142857142857143,0.7142857142857143,1.0,0.0325224748810153,0.019325037707390625,0.0526315789473684,0,
ChemSpacE extreme-SVM,FractionCSP3,128.7878787878788,128.7878787878788,50,50,1.0,50,1.0,1.0,1.0,0.7142857142857143,0.7142857142857143,1.0,0.0325224748810153,0.019325037707390625,0.0526315789473684,0,
ChemSpacE extreme-SVM,FractionCSP3,131.8181818181818,131.8181818181818,50,50,1.0,50,1.0,1.0,1.0,0.7142857142857143,0.7142857142857143,1.0,0.0325224748810153,0.019325037707390625,0.0526315789473684,0,
ChemSpacE extreme-SVM,FractionCSP3,134.84848484848487,134.84848484848487,50,50,1.0,50,1.0,1.0,1.0,0.7142857142857143,0.7142857142857143,1.0,0.0325224748810153,0.019325037707390625,0.0526315789473684,0,
ChemSpacE extreme-SVM,FractionCSP3,137.87878787878788,137.87878787878788,50,50,1.0,50,1.0,1.0,1.0,0.7142857142857143,0.7142857142857143,1.0,0.0325224748810153,0.019325037707390625,0.0526315789473684,0,
ChemSpacE extreme-SVM,FractionCSP3,140.90909090909088,140.90909090909088,50,50,1.0,50,1.0,1.0,1.0,0.7142857142857143,0.7142857142857143,1.0,0.0325224748810153,0.019325037707390625,0.0526315789473684,0,
ChemSpacE extreme-SVM,FractionCSP3,143.93939393939394,143.93939393939394,50,50,1.0,50,1.0,1.0,1.0,0.7142857142857143,0.7142857142857143,1.0,0.0325224748810153,0.019325037707390625,0.0526315789473684,0,
ChemSpacE extreme-SVM,FractionCSP3,146.96969696969694,146.96969696969694,50,50,1.0,50,1.0,1.0,1.0,0.7142857142857143,0.7142857142857143,1.0,0.0325224748810153,0.019325037707390625,0.0526315789473684,0,
ChemSpacE extreme-SVM,FractionCSP3,150.0,150.0,50,50,1.0,50,1.0,1.0,1.0,0.7142857142857143,0.7142857142857143,1.0,0.0325224748810153,0.019325037707390625,0.0526315789473684,0,
ChemSpacE extreme-SVM,HBA,-150.0,150.0,50,50,1.0,50,1.0,1.0,0.0,-4.0,4.0,1.0,0.0325224748810153,0.019325037707390625,0.0526315789473684,0,
ChemSpacE extreme-SVM,HBA,-146.96969696969697,146.96969696969697,50,50,1.0,50,1.0,1.0,0.0,-4.0,4.0,1.0,0.0325224748810153,0.019325037707390625,0.0526315789473684,0,
ChemSpacE extreme-SVM,HBA,-143.93939393939394,143.93939393939394,50,50,1.0,50,1.0,1.0,0.0,-4.0,4.0,1.0,0.0325224748810153,0.019325037707390625,0.0526315789473684,0,
ChemSpacE extreme-SVM,HBA,-140.9090909090909,140.9090909090909,50,50,1.0,50,1.0,1.0,0.0,-4.0,4.0,1.0,0.0325224748810153,0.019325037707390625,0.0526315789473684,0,
ChemSpacE extreme-SVM,HBA,-137.87878787878788,137.87878787878788,50,50,1.0,50,1.0,1.0,0.0,-4.0,4.0,1.0,0.0325224748810153,0.019325037707390625,0.0526315789473684,0,
ChemSpacE extreme-SVM,HBA,-134.84848484848484,134.84848484848484,50,50,1.0,50,1.0,1.0,0.0,-4.0,4.0,1.0,0.0325224748810153,0.019325037707390625,0.0526315789473684,0,
ChemSpacE extreme-SVM,HBA,-131.8181818181818,131.8181818181818,50,50,1.0,50,1.0,1.0,0.0,-4.0,4.0,1.0,0.0325224748810153,0.019325037707390625,0.0526315789473684,0,
ChemSpacE extreme-SVM,HBA,-128.78787878787878,128.78787878787878,50,50,1.0,50,1.0,1.0,0.0,-4.0,4.0,1.0,0.0325224748810153,0.019325037707390625,0.0526315789473684,0,
ChemSpacE extreme-SVM,HBA,-125.75757575757575,125.75757575757575,50,50,1.0,50,1.0,1.0,0.0,-4.0,4.0,1.0,0.0325224748810153,0.019325037707390625,0.0526315789473684,0,
ChemSpacE extreme-SVM,HBA,-122.72727272727272,122.72727272727272,50,50,1.0,50,1.0,1.0,0.0,-4.0,4.0,1.0,0.0325224748810153,0.019325037707390625,0.0526315789473684,0,
ChemSpacE extreme-SVM,HBA,-119.69696969696969,119.69696969696969,50,50,1.0,50,1.0,1.0,0.0,-4.0,4.0,1.0,0.0325224748810153,0.019325037707390625,0.0526315789473684,0,
ChemSpacE extreme-SVM,HBA,-116.66666666666666,116.66666666666666,50,50,1.0,50,1.0,1.0,0.0,-4.0,4.0,1.0,0.0325224748810153,0.019325037707390625,0.0526315789473684,0,
ChemSpacE extreme-SVM,HBA,-113.63636363636364,113.63636363636364,50,50,1.0,50,1.0,1.0,0.0,-4.0,4.0,1.0,0.0325224748810153,0.019325037707390625,0.0526315789473684,0,
ChemSpacE extreme-SVM,HBA,-110.60606060606061,110.60606060606061,50,50,1.0,50,1.0,1.0,0.0,-4.0,4.0,1.0,0.0325224748810153,0.019325037707390625,0.0526315789473684,0,
ChemSpacE extreme-SVM,HBA,-107.57575757575758,107.57575757575758,50,50,1.0,50,1.0,1.0,0.0,-4.0,4.0,1.0,0.0325224748810153,0.019325037707390625,0.0526315789473684,0,
ChemSpacE extreme-SVM,HBA,-104.54545454545455,104.54545454545455,50,50,1.0,50,1.0,1.0,0.0,-4.0,4.0,1.0,0.0325224748810153,0.019325037707390625,0.0526315789473684,0,
ChemSpacE extreme-SVM,HBA,-101.51515151515152,101.51515151515152,50,50,1.0,50,1.0,1.0,0.0,-4.0,4.0,1.0,0.0325224748810153,0.019325037707390625,0.0526315789473684,0,
ChemSpacE extreme-SVM,HBA,-98.48484848484848,98.48484848484848,50,50,1.0,50,1.0,1.0,0.0,-4.0,4.0,1.0,0.0325224748810153,0.019325037707390625,0.0526315789473684,0,
ChemSpacE extreme-SVM,HBA,-95.45454545454545,95.45454545454545,50,50,1.0,50,1.0,1.0,0.0,-4.0,4.0,1.0,0.0325224748810153,0.019325037707390625,0.0526315789473684,0,
ChemSpacE extreme-SVM,HBA,-92.42424242424242,92.42424242424242,50,50,1.0,50,1.0,1.0,0.0,-4.0,4.0,1.0,0.0325224748810153,0.019325037707390625,0.0526315789473684,0,
ChemSpacE extreme-SVM,HBA,-89.39393939393939,89.39393939393939,50,50,1.0,50,1.0,1.0,0.0,-4.0,4.0,1.0,0.0325224748810153,0.019325037707390625,0.0526315789473684,0,
ChemSpacE extreme-SVM,HBA,-86.36363636363637,86.36363636363637,50,50,1.0,50,1.0,1.0,0.0,-4.0,4.0,1.0,0.0325224748810153,0.019325037707390625,0.0526315789473684,0,
ChemSpacE extreme-SVM,HBA,-83.33333333333333,83.33333333333333,50,50,1.0,50,1.0,1.0,0.0,-4.0,4.0,1.0,0.0325224748810153,0.019325037707390625,0.0526315789473684,0,
ChemSpacE extreme-SVM,HBA,-80.3030303030303,80.3030303030303,50,50,1.0,50,1.0,1.0,0.0,-4.0,4.0,1.0,0.0325224748810153,0.019325037707390625,0.0526315789473684,0,
ChemSpacE extreme-SVM,HBA,-77.27272727272728,77.27272727272728,50,50,1.0,50,1.0,1.0,0.0,-4.0,4.0,1.0,0.0325224748810153,0.019325037707390625,0.0526315789473684,0,
ChemSpacE extreme-SVM,HBA,-74.24242424242425,74.24242424242425,50,50,1.0,50,1.0,1.0,0.0,-4.0,4.0,1.0,0.0325224748810153,0.019325037707390625,0.0526315789473684,0,
ChemSpacE extreme-SVM,HBA,-71.21212121212122,71.21212121212122,50,50,1.0,50,1.0,1.0,0.0,-4.0,4.0,1.0,0.0325224748810153,0.019325037707390625,0.0526315789473684,0,
ChemSpacE extreme-SVM,HBA,-68.18181818181819,68.18181818181819,50,50,1.0,50,1.0,1.0,0.0,-4.0,4.0,1.0,0.0325224748810153,0.019325037707390625,0.0526315789473684,0,
ChemSpacE extreme-SVM,HBA,-65.15151515151516,65.15151515151516,50,50,1.0,50,1.0,1.0,0.0,-4.0,4.0,1.0,0.0325224748810153,0.019325037707390625,0.0526315789473684,0,
ChemSpacE extreme-SVM,HBA,-62.121212121212125,62.121212121212125,50,50,1.0,50,1.0,1.0,0.0,-4.0,4.0,1.0,0.0325224748810153,0.019325037707390625,0.0526315789473684,0,
ChemSpacE extreme-SVM,HBA,-59.09090909090909,59.09090909090909,50,50,1.0,50,1.0,1.0,0.0,-4.0,4.0,1.0,0.03398617511520735,0.019325037707390625,0.0526315789473684,0,
ChemSpacE extreme-SVM,HBA,-56.06060606060606,56.06060606060606,50,50,1.0,50,1.0,1.0,0.0,-4.0,4.0,1.0,0.0325224748810153,0.01895863570391865,0.05601503759398492,0,
ChemSpacE extreme-SVM,HBA,-53.03030303030303,53.03030303030303,50,50,1.0,50,1.0,1.0,0.0,-4.0,4.0,1.0,0.0363636363636363,0.019052904180540075,0.05907626208378082,0,
ChemSpacE extreme-SVM,HBA,-50.0,50.0,50,50,1.0,50,1.0,1.0,0.0,-4.0,4.0,1.0,0.032258064516129,0.0187908496732026,0.0519736842105263,0,
ChemSpacE extreme-SVM,HBA,-46.96969696969697,46.96969696969697,50,50,1.0,50,1.0,1.0,0.0,-4.0,4.0,1.0,0.03149801587301585,0.0185383244206773,0.0509615384615384,0,
ChemSpacE extreme-SVM,HBA,-43.93939393939394,43.93939393939394,50,50,1.0,50,1.0,1.0,0.0,-4.0,4.0,1.0,0.0306217858812529,0.01539589442815245,0.0519736842105263,0,
ChemSpacE extreme-SVM,HBA,-40.90909090909091,40.90909090909091,50,50,1.0,50,1.0,1.0,0.0,-4.0,4.0,1.0,0.0301587301587301,0.01646174863387975,0.0494047619047619,0,
ChemSpacE extreme-SVM,HBA,-37.878787878787875,37.878787878787875,50,50,1.0,50,1.0,1.0,0.0,-4.0,4.0,1.0,0.02923602219376865,0.01646174863387975,0.04804934021801488,0,
ChemSpacE extreme-SVM,HBA,-34.848484848484844,34.848484848484844,50,50,1.0,50,1.0,1.0,0.0,-4.0,4.0,1.0,0.02478580171358625,0.0,0.04821327283040268,0,
ChemSpacE extreme-SVM,HBA,-31.818181818181813,31.818181818181813,50,50,1.0,50,1.0,1.0,0.0,-4.0,4.0,1.0,0.024448419797256947,0.01646174863387975,0.049596774193548375,0,
ChemSpacE extreme-SVM,HBA,-28.787878787878782,28.787878787878782,50,50,1.0,50,1.0,1.0,0.0,-4.0,4.0,1.0,0.0247252747252747,0.0166666666666666,0.044729206963249474,1,0.0
ChemSpacE extreme-SVM,HBA,-25.757575757575765,25.757575757575765,50,50,1.0,50,1.0,1.0,0.0,-4.0,4.0,1.0,0.031024531024531003,0.01688596491228065,0.04564479638009045,0,
ChemSpacE extreme-SVM,HBA,-22.727272727272734,22.727272727272734,50,49,0.98,49,0.98,1.0,0.0,-4.0,4.0,1.0,0.037037037037037,0.0178571428571428,0.0526315789473684,3,0.0
ChemSpacE extreme-SVM,HBA,-19.69696969696969,19.69696969696969,50,48,0.96,48,0.96,1.0,0.0,-4.0,4.0,1.0,0.0325224748810153,0.02265019379844955,0.047811059907834075,5,0.0
ChemSpacE extreme-SVM,HBA,-16.666666666666657,16.666666666666657,50,47,0.94,47,0.94,1.0,0.0,-4.0,4.0,1.0,0.0416666666666666,0.02928571428571425,0.0625,11,0.0
ChemSpacE extreme-SVM,HBA,-13.636363636363626,13.636363636363626,50,47,0.94,47,0.94,1.0,0.0,-4.0,4.0,1.0,0.0612244897959183,0.0451153324287652,0.07796573411407501,23,0.0
ChemSpacE extreme-SVM,HBA,-10.606060606060595,10.606060606060595,50,50,1.0,50,1.0,1.0,0.0,-4.0,4.0,1.0,0.06723163841807905,0.04748923959827828,0.08909400366588108,33,0.0
ChemSpacE extreme-SVM,HBA,-7.575757575757564,7.575757575757564,50,50,1.0,50,1.0,1.0,1.0,-3.0,3.0,1.0,0.1094017094017094,0.07753357753357751,0.13832891246684345,40,0.0
ChemSpacE extreme-SVM,HBA,-4.545454545454561,4.545454545454561,50,50,1.0,49,0.98,0.98,2.0,-2.0,2.0,0.9,0.21333838575217878,0.1516566265060241,0.3178041018387553,46,0.10869565217391304
ChemSpacE extreme-SVM,HBA,-1.5151515151515298,1.5151515151515298,50,50,1.0,2,0.04,0.04,4.0,0.0,0.0,0.02,1.0,1.0,1.0,50,0.96
ChemSpacE extreme-SVM,HBA,1.5151515151515014,1.5151515151515014,50,50,1.0,4,0.08,0.08,4.0,0.0,0.0,0.02,1.0,1.0,1.0,50,0.94
ChemSpacE extreme-SVM,HBA,4.5454545454545325,4.5454545454545325,50,50,1.0,48,0.96,0.96,7.0,4.0,4.0,0.9,0.1658576051779935,0.1380227439471753,0.22333600641539691,47,0.06382978723404255
ChemSpacE extreme-SVM,HBA,7.575757575757564,7.575757575757564,50,50,1.0,50,1.0,1.0,10.0,6.0,6.0,0.96,0.10817445380901725,0.09049369747899152,0.13468468468468464,45,0.0
ChemSpacE extreme-SVM,HBA,10.606060606060595,10.606060606060595,50,50,1.0,50,1.0,1.0,14.0,10.0,10.0,0.98,0.0840336134453781,0.0718641114982578,0.10335435779816507,45,0.0
ChemSpacE extreme-SVM,HBA,13.636363636363626,13.636363636363626,50,50,1.0,50,1.0,1.0,17.0,13.0,13.0,0.92,0.0777777777777777,0.04979213907785335,0.0909090909090909,37,0.0
ChemSpacE extreme-SVM,HBA,16.666666666666657,16.666666666666657,50,50,1.0,50,1.0,1.0,19.0,15.5,15.5,0.96,0.06511768778123915,0.05479797979797975,0.0768895348837209,37,0.0
ChemSpacE extreme-SVM,HBA,19.69696969696969,19.69696969696969,50,50,1.0,50,1.0,1.0,26.0,22.0,22.0,1.0,0.0563492063492063,0.04449404761904757,0.064520202020202,20,0.0
ChemSpacE extreme-SVM,HBA,22.72727272727272,22.72727272727272,50,50,1.0,50,1.0,1.0,24.0,21.0,21.0,0.98,0.04809470958194595,0.0334745762711864,0.059482001755926224,3,0.0
ChemSpacE extreme-SVM,HBA,25.75757575757575,25.75757575757575,50,50,1.0,50,1.0,1.0,30.5,26.5,26.5,0.98,0.043167701863354,0.03580793182563087,0.05427438307873088,2,0.0
ChemSpacE extreme-SVM,HBA,28.787878787878782,28.787878787878782,50,50,1.0,50,1.0,1.0,39.0,36.0,36.0,1.0,0.0401612903225806,0.0285714285714285,0.051264835831239676,0,
ChemSpacE extreme-SVM,HBA,31.818181818181813,31.818181818181813,50,50,1.0,50,1.0,1.0,123.5,119.5,119.5,1.0,0.034090909090909,0.023881239242685003,0.0434782608695652,0,
ChemSpacE extreme-SVM,HBA,34.848484848484844,34.848484848484844,50,50,1.0,50,1.0,1.0,141.0,136.5,136.5,1.0,0.027027027027027,0.022806313536650576,0.03793706293706288,0,
ChemSpacE extreme-SVM,HBA,37.878787878787875,37.878787878787875,50,50,1.0,50,1.0,1.0,151.0,146.0,146.0,1.0,0.028577260665441903,0.0173169993950393,0.03721590909090908,0,
ChemSpacE extreme-SVM,HBA,40.90909090909091,40.90909090909091,50,50,1.0,50,1.0,1.0,154.0,149.0,149.0,1.0,0.028219395866454652,0.0181818181818181,0.04072290790722907,0,
ChemSpacE extreme-SVM,HBA,43.93939393939394,43.93939393939394,50,50,1.0,50,1.0,1.0,154.0,150.0,150.0,1.0,0.0303030303030303,0.0185185185185185,0.04053065567229683,0,
ChemSpacE extreme-SVM,HBA,46.96969696969697,46.96969696969697,50,50,1.0,50,1.0,1.0,154.0,150.0,150.0,1.0,0.0298507462686567,0.0185185185185185,0.043957800511508924,0,
ChemSpacE extreme-SVM,HBA,50.0,50.0,50,50,1.0,50,1.0,1.0,154.0,150.0,150.0,1.0,0.0303030303030303,0.018022486772486725,0.043172075933864025,0,
ChemSpacE extreme-SVM,HBA,53.03030303030303,53.03030303030303,50,50,1.0,50,1.0,1.0,154.0,150.0,150.0,1.0,0.0294372294372294,0.0176221804511278,0.04302536231884055,0,
ChemSpacE extreme-SVM,HBA,56.06060606060606,56.06060606060606,50,50,1.0,50,1.0,1.0,154.0,150.0,150.0,1.0,0.0298573975044563,0.017938311688311625,0.04152397260273968,0,
ChemSpacE extreme-SVM,HBA,59.09090909090909,59.09090909090909,50,50,1.0,50,1.0,1.0,154.0,150.0,150.0,1.0,0.027027027027027,0.01696428571428565,0.0405092592592592,0,
ChemSpacE extreme-SVM,HBA,62.121212121212125,62.121212121212125,50,50,1.0,50,1.0,1.0,154.0,150.0,150.0,1.0,0.0263340263340263,0.018022486772486725,0.037037037037037,0,
ChemSpacE extreme-SVM,HBA,65.15151515151516,65.15151515151516,50,50,1.0,50,1.0,1.0,154.0,150.0,150.0,1.0,0.02200193423597675,0.0173169993950393,0.03639846743295015,0,
ChemSpacE extreme-SVM,HBA,68.18181818181819,68.18181818181819,50,50,1.0,50,1.0,1.0,154.0,150.0,150.0,1.0,0.02084237950499345,0.01681034482758615,0.03392658509454945,0,
ChemSpacE extreme-SVM,HBA,71.21212121212122,71.21212121212122,50,50,1.0,50,1.0,1.0,154.0,150.0,150.0,1.0,0.02020408163265305,0.0166666666666666,0.03392658509454945,0,
ChemSpacE extreme-SVM,HBA,74.24242424242425,74.24242424242425,50,50,1.0,50,1.0,1.0,154.0,150.0,150.0,1.0,0.019803921568627453,0.01646174863387975,0.03392658509454945,0,
ChemSpacE extreme-SVM,HBA,77.27272727272728,77.27272727272728,50,50,1.0,50,1.0,1.0,154.0,150.0,150.0,1.0,0.019803921568627453,0.01600312256049955,0.03362045012503467,0,
ChemSpacE extreme-SVM,HBA,80.30303030303031,80.30303030303031,50,50,1.0,50,1.0,1.0,154.0,150.0,150.0,1.0,0.0196078431372549,0.015937019969277974,0.03362045012503467,0,
ChemSpacE extreme-SVM,HBA,83.33333333333334,83.33333333333334,50,50,1.0,50,1.0,1.0,154.0,150.0,150.0,1.0,0.01801948051948045,0.0,0.032180485570316025,0,
ChemSpacE extreme-SVM,HBA,86.36363636363637,86.36363636363637,50,50,1.0,50,1.0,1.0,154.0,150.0,150.0,1.0,0.0178571428571428,0.0,0.027027027027027,0,
ChemSpacE extreme-SVM,HBA,89.3939393939394,89.3939393939394,50,50,1.0,50,1.0,1.0,154.0,150.0,150.0,1.0,0.0177005012531328,0.0,0.027027027027027,0,
ChemSpacE extreme-SVM,HBA,92.42424242424244,92.42424242424244,50,50,1.0,50,1.0,1.0,154.0,150.0,150.0,1.0,0.0173926194797338,0.0,0.0238095238095238,0,
ChemSpacE extreme-SVM,HBA,95.45454545454544,95.45454545454544,50,50,1.0,50,1.0,1.0,154.0,150.0,150.0,1.0,0.0173926194797338,0.0,0.022959183673469375,0,
ChemSpacE extreme-SVM,HBA,98.48484848484847,98.48484848484847,50,50,1.0,50,1.0,1.0,154.0,150.0,150.0,1.0,0.0172465060957478,0.0,0.022959183673469375,0,
ChemSpacE extreme-SVM,HBA,101.5151515151515,101.5151515151515,50,50,1.0,50,1.0,1.0,154.0,150.0,150.0,1.0,0.0172465060957478,0.0,0.022959183673469375,0,
ChemSpacE extreme-SVM,HBA,104.54545454545453,104.54545454545453,50,50,1.0,50,1.0,1.0,154.0,150.0,150.0,1.0,0.0172413793103448,0.0,0.022959183673469375,0,
ChemSpacE extreme-SVM,HBA,107.57575757575756,107.57575757575756,50,50,1.0,50,1.0,1.0,154.0,150.0,150.0,1.0,0.0173926194797338,0.0,0.0238095238095238,0,
ChemSpacE extreme-SVM,HBA,110.60606060606062,110.60606060606062,50,50,1.0,50,1.0,1.0,154.0,150.0,150.0,1.0,0.0173926194797338,0.0,0.0238095238095238,0,
ChemSpacE extreme-SVM,HBA,113.63636363636363,113.63636363636363,50,50,1.0,50,1.0,1.0,154.0,150.0,150.0,1.0,0.0171052631578947,0.0,0.0238095238095238,0,
ChemSpacE extreme-SVM,HBA,116.66666666666669,116.66666666666669,50,50,1.0,50,1.0,1.0,154.0,150.0,150.0,1.0,0.0171052631578947,0.0,0.0238095238095238,0,
ChemSpacE extreme-SVM,HBA,119.69696969696969,119.69696969696969,50,50,1.0,50,1.0,1.0,154.0,150.0,150.0,1.0,0.0171052631578947,0.0,0.022959183673469375,0,
ChemSpacE extreme-SVM,HBA,122.72727272727275,122.72727272727275,50,50,1.0,50,1.0,1.0,154.0,150.0,150.0,1.0,0.0171052631578947,0.0,0.021059487624837125,0,
ChemSpacE extreme-SVM,HBA,125.75757575757575,125.75757575757575,50,50,1.0,50,1.0,1.0,154.0,150.0,150.0,1.0,0.0171052631578947,0.0,0.021059487624837125,0,
ChemSpacE extreme-SVM,HBA,128.7878787878788,128.7878787878788,50,50,1.0,50,1.0,1.0,154.0,150.0,150.0,1.0,0.016397849462365548,0.0,0.021059487624837125,0,
ChemSpacE extreme-SVM,HBA,131.8181818181818,131.8181818181818,50,50,1.0,50,1.0,1.0,154.0,150.0,150.0,1.0,0.016397849462365548,0.0,0.021059487624837125,0,
ChemSpacE extreme-SVM,HBA,134.84848484848487,134.84848484848487,50,50,1.0,50,1.0,1.0,154.0,150.0,150.0,1.0,0.016397849462365548,0.0,0.021406388642413475,0,
ChemSpacE extreme-SVM,HBA,137.87878787878788,137.87878787878788,50,50,1.0,50,1.0,1.0,154.0,150.0,150.0,1.0,0.016397849462365548,0.0,0.022959183673469375,0,
ChemSpacE extreme-SVM,HBA,140.90909090909088,140.90909090909088,50,50,1.0,50,1.0,1.0,154.0,150.0,150.0,1.0,0.016397849462365548,0.0,0.022959183673469375,0,
ChemSpacE extreme-SVM,HBA,143.93939393939394,143.93939393939394,50,50,1.0,50,1.0,1.0,154.0,150.0,150.0,1.0,0.016397849462365548,0.0,0.022959183673469375,0,
ChemSpacE extreme-SVM,HBA,146.96969696969694,146.96969696969694,50,50,1.0,50,1.0,1.0,154.0,150.0,150.0,1.0,0.016397849462365548,0.0,0.022959183673469375,0,
ChemSpacE extreme-SVM,HBA,150.0,150.0,50,50,1.0,50,1.0,1.0,154.0,150.0,150.0,1.0,0.016397849462365548,0.0,0.022959183673469375,0,
ChemSpacE extreme-SVM,TPSA,-150.0,150.0,50,50,1.0,50,1.0,1.0,0.0,-57.785000000000004,57.785000000000004,1.0,0.0325224748810153,0.019325037707390625,0.0526315789473684,0,
ChemSpacE extreme-SVM,TPSA,-146.96969696969697,146.96969696969697,50,50,1.0,50,1.0,1.0,0.0,-57.785000000000004,57.785000000000004,1.0,0.0325224748810153,0.019325037707390625,0.0526315789473684,0,
ChemSpacE extreme-SVM,TPSA,-143.93939393939394,143.93939393939394,50,50,1.0,50,1.0,1.0,0.0,-57.785000000000004,57.785000000000004,1.0,0.0325224748810153,0.019325037707390625,0.0526315789473684,0,
ChemSpacE extreme-SVM,TPSA,-140.9090909090909,140.9090909090909,50,50,1.0,50,1.0,1.0,0.0,-57.785000000000004,57.785000000000004,1.0,0.0325224748810153,0.019325037707390625,0.0526315789473684,0,
ChemSpacE extreme-SVM,TPSA,-137.87878787878788,137.87878787878788,50,50,1.0,50,1.0,1.0,0.0,-57.785000000000004,57.785000000000004,1.0,0.0325224748810153,0.019325037707390625,0.0526315789473684,0,
ChemSpacE extreme-SVM,TPSA,-134.84848484848484,134.84848484848484,50,50,1.0,50,1.0,1.0,0.0,-57.785000000000004,57.785000000000004,1.0,0.0325224748810153,0.019325037707390625,0.0526315789473684,0,
ChemSpacE extreme-SVM,TPSA,-131.8181818181818,131.8181818181818,50,50,1.0,50,1.0,1.0,0.0,-57.785000000000004,57.785000000000004,1.0,0.0325224748810153,0.019325037707390625,0.0526315789473684,0,
ChemSpacE extreme-SVM,TPSA,-128.78787878787878,128.78787878787878,50,50,1.0,50,1.0,1.0,0.0,-57.785000000000004,57.785000000000004,1.0,0.0325224748810153,0.019325037707390625,0.0526315789473684,0,
ChemSpacE extreme-SVM,TPSA,-125.75757575757575,125.75757575757575,50,50,1.0,50,1.0,1.0,0.0,-57.785000000000004,57.785000000000004,1.0,0.0325224748810153,0.019325037707390625,0.0526315789473684,0,
ChemSpacE extreme-SVM,TPSA,-122.72727272727272,122.72727272727272,50,50,1.0,50,1.0,1.0,0.0,-57.785000000000004,57.785000000000004,1.0,0.0325224748810153,0.019325037707390625,0.0526315789473684,0,
ChemSpacE extreme-SVM,TPSA,-119.69696969696969,119.69696969696969,50,50,1.0,50,1.0,1.0,0.0,-57.785000000000004,57.785000000000004,1.0,0.0325224748810153,0.019325037707390625,0.0526315789473684,0,
ChemSpacE extreme-SVM,TPSA,-116.66666666666666,116.66666666666666,50,50,1.0,50,1.0,1.0,0.0,-57.785000000000004,57.785000000000004,1.0,0.0325224748810153,0.019325037707390625,0.0526315789473684,0,
ChemSpacE extreme-SVM,TPSA,-113.63636363636364,113.63636363636364,50,50,1.0,50,1.0,1.0,0.0,-57.785000000000004,57.785000000000004,1.0,0.0325224748810153,0.019325037707390625,0.0526315789473684,0,
ChemSpacE extreme-SVM,TPSA,-110.60606060606061,110.60606060606061,50,50,1.0,50,1.0,1.0,0.0,-57.785000000000004,57.785000000000004,1.0,0.0325224748810153,0.019325037707390625,0.0526315789473684,0,
ChemSpacE extreme-SVM,TPSA,-107.57575757575758,107.57575757575758,50,50,1.0,50,1.0,1.0,0.0,-57.785000000000004,57.785000000000004,1.0,0.0325224748810153,0.019325037707390625,0.0526315789473684,0,
ChemSpacE extreme-SVM,TPSA,-104.54545454545455,104.54545454545455,50,50,1.0,50,1.0,1.0,0.0,-57.785000000000004,57.785000000000004,1.0,0.0325224748810153,0.019325037707390625,0.0526315789473684,0,
ChemSpacE extreme-SVM,TPSA,-101.51515151515152,101.51515151515152,50,50,1.0,50,1.0,1.0,0.0,-57.785000000000004,57.785000000000004,1.0,0.0325224748810153,0.019325037707390625,0.0526315789473684,0,
ChemSpacE extreme-SVM,TPSA,-98.48484848484848,98.48484848484848,50,50,1.0,50,1.0,1.0,0.0,-57.785000000000004,57.785000000000004,1.0,0.0325224748810153,0.019325037707390625,0.0526315789473684,0,
ChemSpacE extreme-SVM,TPSA,-95.45454545454545,95.45454545454545,50,50,1.0,50,1.0,1.0,0.0,-57.785000000000004,57.785000000000004,1.0,0.0325224748810153,0.019325037707390625,0.0526315789473684,0,
ChemSpacE extreme-SVM,TPSA,-92.42424242424242,92.42424242424242,50,50,1.0,50,1.0,1.0,0.0,-57.785000000000004,57.785000000000004,1.0,0.0325224748810153,0.019325037707390625,0.0526315789473684,0,
ChemSpacE extreme-SVM,TPSA,-89.39393939393939,89.39393939393939,50,50,1.0,50,1.0,1.0,0.0,-57.785000000000004,57.785000000000004,1.0,0.0325224748810153,0.019325037707390625,0.0526315789473684,0,
ChemSpacE extreme-SVM,TPSA,-86.36363636363637,86.36363636363637,50,50,1.0,50,1.0,1.0,0.0,-57.785000000000004,57.785000000000004,1.0,0.0325224748810153,0.019325037707390625,0.0526315789473684,0,
ChemSpacE extreme-SVM,TPSA,-83.33333333333333,83.33333333333333,50,50,1.0,50,1.0,1.0,0.0,-57.785000000000004,57.785000000000004,1.0,0.0325224748810153,0.019325037707390625,0.0526315789473684,0,
ChemSpacE extreme-SVM,TPSA,-80.3030303030303,80.3030303030303,50,50,1.0,50,1.0,1.0,0.0,-57.785000000000004,57.785000000000004,1.0,0.0325224748810153,0.019325037707390625,0.0526315789473684,0,
ChemSpacE extreme-SVM,TPSA,-77.27272727272728,77.27272727272728,50,50,1.0,50,1.0,1.0,0.0,-57.785000000000004,57.785000000000004,1.0,0.0325224748810153,0.019325037707390625,0.0526315789473684,0,
ChemSpacE extreme-SVM,TPSA,-74.24242424242425,74.24242424242425,50,50,1.0,50,1.0,1.0,0.0,-57.785000000000004,57.785000000000004,1.0,0.0325224748810153,0.019325037707390625,0.0526315789473684,0,
ChemSpacE extreme-SVM,TPSA,-71.21212121212122,71.21212121212122,50,50,1.0,50,1.0,1.0,0.0,-57.785000000000004,57.785000000000004,1.0,0.0325224748810153,0.019325037707390625,0.0526315789473684,0,
ChemSpacE extreme-SVM,TPSA,-68.18181818181819,68.18181818181819,50,50,1.0,50,1.0,1.0,0.0,-57.785000000000004,57.785000000000004,1.0,0.0325224748810153,0.019325037707390625,0.0526315789473684,0,
ChemSpacE extreme-SVM,TPSA,-65.15151515151516,65.15151515151516,50,50,1.0,50,1.0,1.0,0.0,-57.785000000000004,57.785000000000004,1.0,0.0325224748810153,0.019325037707390625,0.0526315789473684,0,
ChemSpacE extreme-SVM,TPSA,-62.121212121212125,62.121212121212125,50,50,1.0,50,1.0,1.0,0.0,-57.785000000000004,57.785000000000004,1.0,0.0325224748810153,0.019325037707390625,0.0526315789473684,0,
ChemSpacE extreme-SVM,TPSA,-59.09090909090909,59.09090909090909,50,50,1.0,50,1.0,1.0,0.0,-57.785000000000004,57.785000000000004,1.0,0.0325224748810153,0.019325037707390625,0.0526315789473684,0,
ChemSpacE extreme-SVM,TPSA,-56.06060606060606,56.06060606060606,50,50,1.0,50,1.0,1.0,0.0,-57.785000000000004,57.785000000000004,1.0,0.0325224748810153,0.019325037707390625,0.0526315789473684,0,
ChemSpacE extreme-SVM,TPSA,-53.03030303030303,53.03030303030303,50,50,1.0,50,1.0,1.0,0.0,-57.785000000000004,57.785000000000004,1.0,0.0325224748810153,0.019325037707390625,0.0526315789473684,0,
ChemSpacE extreme-SVM,TPSA,-50.0,50.0,50,50,1.0,50,1.0,1.0,0.0,-57.785000000000004,57.785000000000004,1.0,0.0325224748810153,0.019325037707390625,0.0526315789473684,0,
ChemSpacE extreme-SVM,TPSA,-46.96969696969697,46.96969696969697,50,50,1.0,50,1.0,1.0,0.0,-57.785000000000004,57.785000000000004,1.0,0.0325224748810153,0.019325037707390625,0.0526315789473684,0,
ChemSpacE extreme-SVM,TPSA,-43.93939393939394,43.93939393939394,50,50,1.0,50,1.0,1.0,0.0,-57.785000000000004,57.785000000000004,1.0,0.0325224748810153,0.019325037707390625,0.0526315789473684,0,
ChemSpacE extreme-SVM,TPSA,-40.90909090909091,40.90909090909091,50,50,1.0,50,1.0,1.0,0.0,-57.785000000000004,57.785000000000004,1.0,0.0325224748810153,0.019325037707390625,0.0526315789473684,0,
ChemSpacE extreme-SVM,TPSA,-37.878787878787875,37.878787878787875,50,50,1.0,50,1.0,1.0,0.0,-57.785000000000004,57.785000000000004,1.0,0.03128054740957965,0.01895863570391865,0.0526315789473684,0,
ChemSpacE extreme-SVM,TPSA,-34.848484848484844,34.848484848484844,50,50,1.0,50,1.0,1.0,0.0,-57.785000000000004,57.785000000000004,1.0,0.03128054740957965,0.01895863570391865,0.0526315789473684,0,
ChemSpacE extreme-SVM,TPSA,-31.818181818181813,31.818181818181813,50,50,1.0,50,1.0,1.0,0.0,-57.785000000000004,57.785000000000004,1.0,0.030776515151515152,0.0192307692307692,0.0519736842105263,0,
ChemSpacE extreme-SVM,TPSA,-28.787878787878782,28.787878787878782,50,50,1.0,50,1.0,1.0,0.0,-57.785000000000004,57.785000000000004,1.0,0.02991071428571425,0.018353344768439025,0.052294197031039096,0,
ChemSpacE extreme-SVM,TPSA,-25.757575757575765,25.757575757575765,50,50,1.0,50,1.0,1.0,0.0,-57.785000000000004,57.785000000000004,1.0,0.02837022132796775,0.018444055944055876,0.05482456140350872,0,
ChemSpacE extreme-SVM,TPSA,-22.727272727272734,22.727272727272734,50,50,1.0,50,1.0,1.0,0.0,-57.785000000000004,57.785000000000004,1.0,0.03041474654377875,0.018444055944055876,0.0555555555555555,0,
ChemSpacE extreme-SVM,TPSA,-19.69696969696969,19.69696969696969,50,50,1.0,50,1.0,1.0,0.0,-57.785000000000004,57.785000000000004,1.0,0.03390804597701145,0.01895863570391865,0.05482456140350872,0,
ChemSpacE extreme-SVM,TPSA,-16.666666666666657,16.666666666666657,50,50,1.0,50,1.0,1.0,0.0,-57.785000000000004,57.785000000000004,1.0,0.037037037037037,0.026879699248120274,0.06097860831079412,5,0.0
ChemSpacE extreme-SVM,TPSA,-13.636363636363626,13.636363636363626,50,50,1.0,50,1.0,1.0,0.0,-57.785000000000004,57.785000000000004,1.0,0.0404081632653061,0.025892857142857127,0.0648053278688524,12,0.0
ChemSpacE extreme-SVM,TPSA,-10.606060606060595,10.606060606060595,50,50,1.0,50,1.0,1.0,0.0,-57.160000000000004,57.160000000000004,1.0,0.0512820512820512,0.033064740205612626,0.07052058111380143,26,0.0
ChemSpacE extreme-SVM,TPSA,-7.575757575757564,7.575757575757564,50,50,1.0,50,1.0,1.0,0.0,-46.53,46.53,0.98,0.0796030405405405,0.05576086956521738,0.11083333333333333,33,0.0
ChemSpacE extreme-SVM,TPSA,-4.545454545454561,4.545454545454561,50,50,1.0,49,0.98,0.98,34.144999999999996,-21.300000000000004,21.300000000000004,0.84,0.23248075166383914,0.133940620782726,0.343716577540107,43,0.09302325581395349
ChemSpacE extreme-SVM,TPSA,-1.5151515151515298,1.5151515151515298,50,50,1.0,3,0.06,0.06,57.785000000000004,0.0,0.0,0.08,1.0,1.0,1.0,50,0.94
ChemSpacE extreme-SVM,TPSA,1.5151515151515014,1.5151515151515014,50,50,1.0,7,0.14,0.14,58.53,0.0,0.0,0.12,1.0,1.0,1.0,50,0.9
ChemSpacE extreme-SVM,TPSA,4.5454545454545325,4.5454545454545325,50,50,1.0,47,0.94,0.94,115.03999999999999,49.440000000000005,49.440000000000005,0.9,0.232051282051282,0.17473858007705004,0.3572140957446809,48,0.14583333333333334
ChemSpacE extreme-SVM,TPSA,7.575757575757564,7.575757575757564,50,50,1.0,50,1.0,1.0,149.95499999999998,102.655,102.655,0.88,0.10655314757481935,0.07506210812729207,0.1371021220159151,36,0.0
ChemSpacE extreme-SVM,TPSA,10.606060606060595,10.606060606060595,50,50,1.0,50,1.0,1.0,210.27,155.81,155.81,0.88,0.0863726790450928,0.060784313725490174,0.10409902597402593,35,0.0
ChemSpacE extreme-SVM,TPSA,13.636363636363626,13.636363636363626,50,50,1.0,50,1.0,1.0,214.95,152.67999999999995,152.67999999999995,0.88,0.0754746835443038,0.05397395224578387,0.09450549450549448,31,0.0
ChemSpacE extreme-SVM,TPSA,16.666666666666657,16.666666666666657,50,50,1.0,50,1.0,1.0,241.205,180.62,180.62,0.9,0.0576923076923076,0.037027027027027,0.07220496894409935,22,0.0
ChemSpacE extreme-SVM,TPSA,19.69696969696969,19.69696969696969,50,50,1.0,50,1.0,1.0,244.66499999999996,186.18999999999997,186.18999999999997,0.92,0.04839968774395,0.035165346995808075,0.07114955357142855,18,0.0
ChemSpacE extreme-SVM,TPSA,22.72727272727272,22.72727272727272,50,50,1.0,50,1.0,1.0,282.91999999999996,204.29,204.29,0.98,0.04,0.02878151260504195,0.057084785133565574,12,0.0
ChemSpacE extreme-SVM,TPSA,25.75757575757575,25.75757575757575,50,50,1.0,50,1.0,1.0,301.03499999999997,237.695,237.695,0.98,0.043167701863354,0.02948456610366915,0.058322192513368974,5,0.0
ChemSpacE extreme-SVM,TPSA,28.787878787878782,28.787878787878782,50,50,1.0,50,1.0,1.0,384.91499999999996,315.1449999999999,315.1449999999999,1.0,0.0398412698412698,0.0281153977466712,0.05,2,0.0
ChemSpacE extreme-SVM,TPSA,31.818181818181813,31.818181818181813,50,50,1.0,50,1.0,1.0,561.7949999999997,502.70999999999975,502.70999999999975,1.0,0.03827838827838825,0.02837313737497445,0.04863355862474283,0,
ChemSpacE extreme-SVM,TPSA,34.848484848484844,34.848484848484844,50,50,1.0,50,1.0,1.0,1610.1549999999993,1542.9250000000002,1542.9250000000002,0.98,0.03738644304682035,0.0235994397759103,0.046694711538461525,0,
ChemSpacE extreme-SVM,TPSA,37.878787878787875,37.878787878787875,50,50,1.0,50,1.0,1.0,1737.8849999999982,1680.7649999999976,1680.7649999999976,1.0,0.034090909090909,0.02208141321044545,0.04436274509803917,0,
ChemSpacE extreme-SVM,TPSA,40.90909090909091,40.90909090909091,50,50,1.0,50,1.0,1.0,1761.9799999999977,1700.1199999999983,1700.1199999999983,1.0,0.03916555885059815,0.023881239242685003,0.05063559322033895,0,
ChemSpacE extreme-SVM,TPSA,43.93939393939394,43.93939393939394,50,50,1.0,50,1.0,1.0,1767.769999999998,1714.0999999999976,1714.0999999999976,1.0,0.0335205992509363,0.020102040816326525,0.0466505028735632,0,
ChemSpacE extreme-SVM,TPSA,46.96969696969697,46.96969696969697,50,50,1.0,50,1.0,1.0,1771.2099999999978,1714.9299999999976,1714.9299999999976,1.0,0.03390804597701145,0.0204081632653061,0.046875,0,
ChemSpacE extreme-SVM,TPSA,50.0,50.0,50,50,1.0,50,1.0,1.0,1776.4899999999975,1716.7949999999973,1716.7949999999973,1.0,0.03055037313432835,0.021403683424589325,0.04678415697674418,0,
ChemSpacE extreme-SVM,TPSA,53.03030303030303,53.03030303030303,50,50,1.0,50,1.0,1.0,1778.6749999999975,1720.2949999999973,1720.2949999999973,1.0,0.03154495777446595,0.020625271385149774,0.0474330357142857,0,
ChemSpacE extreme-SVM,TPSA,56.06060606060606,56.06060606060606,50,50,1.0,50,1.0,1.0,1779.6099999999979,1724.4949999999974,1724.4949999999974,1.0,0.032002048131080346,0.0204081632653061,0.04782878411910665,0,
ChemSpacE extreme-SVM,TPSA,59.09090909090909,59.09090909090909,50,50,1.0,50,1.0,1.0,1779.6099999999979,1721.2099999999978,1721.2099999999978,1.0,0.0317540322580645,0.02143895348837205,0.0452849389416553,0,
ChemSpacE extreme-SVM,TPSA,62.121212121212125,62.121212121212125,50,50,1.0,50,1.0,1.0,1785.3999999999976,1724.1399999999976,1724.1399999999976,1.0,0.0325224748810153,0.0205144557823129,0.044296375266524454,0,
ChemSpacE extreme-SVM,TPSA,65.15151515151516,65.15151515151516,50,50,1.0,50,1.0,1.0,1788.199999999998,1724.0449999999978,1724.0449999999978,1.0,0.03149801587301585,0.020740905057675226,0.044776119402985,0,
ChemSpacE extreme-SVM,TPSA,68.18181818181819,68.18181818181819,50,50,1.0,50,1.0,1.0,1786.799999999998,1725.0099999999977,1725.0099999999977,1.0,0.03125,0.020861678004535124,0.042706237424547225,0,
ChemSpacE extreme-SVM,TPSA,71.21212121212122,71.21212121212122,50,50,1.0,50,1.0,1.0,1785.3999999999976,1719.029999999998,1719.029999999998,1.0,0.030536130536130503,0.019807923169267702,0.04152397260273968,0,
ChemSpacE extreme-SVM,TPSA,74.24242424242425,74.24242424242425,50,50,1.0,50,1.0,1.0,1779.7049999999977,1717.7699999999977,1717.7699999999977,1.0,0.030536130536130503,0.020861678004535124,0.043896713615023425,0,
ChemSpacE extreme-SVM,TPSA,77.27272727272728,77.27272727272728,50,50,1.0,50,1.0,1.0,1774.1049999999977,1713.5699999999977,1713.5699999999977,1.0,0.030536130536130503,0.02092409997706945,0.043896713615023425,0,
ChemSpacE extreme-SVM,TPSA,80.30303030303031,80.30303030303031,50,50,1.0,50,1.0,1.0,1769.904999999998,1711.009999999998,1711.009999999998,1.0,0.030076888285843498,0.0185383244206773,0.0422535211267605,0,
ChemSpacE extreme-SVM,TPSA,83.33333333333334,83.33333333333334,50,50,1.0,50,1.0,1.0,1764.304999999998,1703.674999999998,1703.674999999998,1.0,0.03154495777446595,0.021258503401360526,0.042706237424547225,0,
ChemSpacE extreme-SVM,TPSA,86.36363636363637,86.36363636363637,50,50,1.0,50,1.0,1.0,1755.904999999998,1699.8099999999981,1699.8099999999981,1.0,0.0321829163071613,0.019807923169267702,0.041714082503556155,0,
ChemSpacE extreme-SVM,TPSA,89.3939393939394,89.3939393939394,50,50,1.0,50,1.0,1.0,1750.304999999998,1694.3049999999982,1694.3049999999982,1.0,0.0294117647058823,0.019705882352941177,0.041118421052631526,0,
ChemSpacE extreme-SVM,TPSA,92.42424242424244,92.42424242424244,50,50,1.0,50,1.0,1.0,1741.9999999999984,1685.9049999999984,1685.9049999999984,1.0,0.0303030303030303,0.019807923169267702,0.04266917293233077,0,
ChemSpacE extreme-SVM,TPSA,95.45454545454544,95.45454545454544,50,50,1.0,50,1.0,1.0,1733.5999999999985,1674.7049999999986,1674.7049999999986,1.0,0.0298573975044563,0.0196078431372549,0.0434782608695652,0,
ChemSpacE extreme-SVM,TPSA,98.48484848484847,98.48484848484847,50,50,1.0,50,1.0,1.0,1722.3999999999987,1664.9049999999988,1664.9049999999988,1.0,0.031024531024531003,0.0185383244206773,0.04082191780821918,0,
ChemSpacE extreme-SVM,TPSA,101.5151515151515,101.5151515151515,50,50,1.0,50,1.0,1.0,1711.199999999999,1647.914999999999,1647.914999999999,1.0,0.030536130536130503,0.0185383244206773,0.040405405405405374,0,
ChemSpacE extreme-SVM,TPSA,104.54545454545453,104.54545454545453,50,50,1.0,50,1.0,1.0,1698.5049999999987,1629.619999999999,1629.619999999999,1.0,0.0317540322580645,0.0204081632653061,0.04102599944087223,0,
ChemSpacE extreme-SVM,TPSA,107.57575757575756,107.57575757575756,50,50,1.0,50,1.0,1.0,1688.799999999999,1617.1149999999993,1617.1149999999993,1.0,0.0325396825396825,0.019807923169267702,0.04480519480519475,0,
ChemSpacE extreme-SVM,TPSA,110.60606060606062,110.60606060606062,50,50,1.0,50,1.0,1.0,1673.3049999999994,1603.1149999999993,1603.1149999999993,1.0,0.0325396825396825,0.019807923169267702,0.04496047430830035,0,
ChemSpacE extreme-SVM,TPSA,113.63636363636363,113.63636363636363,50,50,1.0,50,1.0,1.0,1655.0099999999995,1586.2199999999998,1586.2199999999998,1.0,0.032258064516129,0.021188475390156024,0.041454081632653,0,
ChemSpacE extreme-SVM,TPSA,116.66666666666669,116.66666666666669,50,50,1.0,50,1.0,1.0,1636.6199999999997,1566.525,1566.525,1.0,0.03149801587301585,0.0238095238095238,0.0396153846153846,0,
ChemSpacE extreme-SVM,TPSA,119.69696969696969,119.69696969696969,50,50,1.0,50,1.0,1.0,1621.2199999999998,1551.1250000000002,1551.1250000000002,1.0,0.032002048131080346,0.023881239242685003,0.04124999999999995,0,
ChemSpacE extreme-SVM,TPSA,122.72727272727275,122.72727272727275,50,50,1.0,50,1.0,1.0,1605.8200000000002,1531.73,1531.73,1.0,0.03298296484233415,0.023881239242685003,0.0454545454545454,0,
ChemSpacE extreme-SVM,TPSA,125.75757575757575,125.75757575757575,50,50,1.0,50,1.0,1.0,1589.0200000000004,1516.3300000000002,1516.3300000000002,1.0,0.033174486803519,0.0238095238095238,0.04152397260273968,0,
ChemSpacE extreme-SVM,TPSA,128.7878787878788,128.7878787878788,50,50,1.0,50,1.0,1.0,1569.420000000001,1500.9300000000003,1500.9300000000003,1.0,0.035991379310344795,0.02190982776089155,0.0454545454545454,0,
ChemSpacE extreme-SVM,TPSA,131.8181818181818,131.8181818181818,50,50,1.0,50,1.0,1.0,1549.820000000001,1482.7300000000005,1482.7300000000005,1.0,0.0344827586206896,0.0238095238095238,0.0454545454545454,0,
ChemSpacE extreme-SVM,TPSA,134.84848484848487,134.84848484848487,50,50,1.0,50,1.0,1.0,1528.820000000001,1461.730000000001,1461.730000000001,1.0,0.03468323977546105,0.021258503401360526,0.0454545454545454,0,
ChemSpacE extreme-SVM,TPSA,137.87878787878788,137.87878787878788,50,50,1.0,50,1.0,1.0,1507.8200000000015,1442.7050000000013,1442.7050000000013,1.0,0.033370411568409294,0.0238095238095238,0.0454545454545454,0,
ChemSpacE extreme-SVM,TPSA,140.90909090909088,140.90909090909088,50,50,1.0,50,1.0,1.0,1488.2200000000018,1429.5350000000017,1429.5350000000017,1.0,0.032266458495966654,0.0238095238095238,0.0454545454545454,0,
ChemSpacE extreme-SVM,TPSA,143.93939393939394,143.93939393939394,50,50,1.0,50,1.0,1.0,1468.620000000002,1416.485000000002,1416.485000000002,1.0,0.033370411568409294,0.0238095238095238,0.044451654769630054,0,
ChemSpacE extreme-SVM,TPSA,146.96969696969694,146.96969696969694,50,50,1.0,50,1.0,1.0,1457.4200000000021,1411.615000000002,1411.615000000002,1.0,0.03509852216748765,0.021258503401360526,0.0454545454545454,0,
ChemSpacE extreme-SVM,TPSA,150.0,150.0,50,50,1.0,50,1.0,1.0,1447.6200000000022,1409.150000000002,1409.150000000002,1.0,0.03239289446185995,0.0239547038327526,0.04461150131694463,0,
ChemSpacE extreme-SVM,cLogP,-150.0,150.0,50,50,1.0,50,1.0,1.0,-76.48199999999896,-79.59773999999896,79.59773999999896,1.0,0.015079365079365,0.0,0.0202080832332933,0,
ChemSpacE extreme-SVM,cLogP,-146.96969696969697,146.96969696969697,50,50,1.0,50,1.0,1.0,-76.48199999999896,-79.59773999999896,79.59773999999896,1.0,0.015079365079365,0.0,0.0202080832332933,0,
ChemSpacE extreme-SVM,cLogP,-143.93939393939394,143.93939393939394,50,50,1.0,50,1.0,1.0,-76.48199999999896,-79.59773999999896,79.59773999999896,1.0,0.015079365079365,0.0,0.0202080832332933,0,
ChemSpacE extreme-SVM,cLogP,-140.9090909090909,140.9090909090909,50,50,1.0,50,1.0,1.0,-76.48199999999896,-79.59773999999896,79.59773999999896,1.0,0.015079365079365,0.0,0.0202080832332933,0,
ChemSpacE extreme-SVM,cLogP,-137.87878787878788,137.87878787878788,50,50,1.0,50,1.0,1.0,-76.48199999999896,-79.59773999999896,79.59773999999896,1.0,0.015079365079365,0.0,0.0202080832332933,0,
ChemSpacE extreme-SVM,cLogP,-134.84848484848484,134.84848484848484,50,50,1.0,50,1.0,1.0,-76.48199999999896,-79.59773999999896,79.59773999999896,1.0,0.015079365079365,0.0,0.0202080832332933,0,
ChemSpacE extreme-SVM,cLogP,-131.8181818181818,131.8181818181818,50,50,1.0,50,1.0,1.0,-76.48199999999896,-79.59773999999896,79.59773999999896,1.0,0.015079365079365,0.0,0.0202080832332933,0,
ChemSpacE extreme-SVM,cLogP,-128.78787878787878,128.78787878787878,50,50,1.0,50,1.0,1.0,-76.48199999999896,-79.59773999999896,79.59773999999896,1.0,0.015079365079365,0.0,0.0202080832332933,0,
ChemSpacE extreme-SVM,cLogP,-125.75757575757575,125.75757575757575,50,50,1.0,50,1.0,1.0,-76.48199999999896,-79.59773999999896,79.59773999999896,1.0,0.015079365079365,0.0,0.0202080832332933,0,
ChemSpacE extreme-SVM,cLogP,-122.72727272727272,122.72727272727272,50,50,1.0,50,1.0,1.0,-76.48199999999896,-79.59773999999896,79.59773999999896,1.0,0.015079365079365,0.0,0.0202080832332933,0,
ChemSpacE extreme-SVM,cLogP,-119.69696969696969,119.69696969696969,50,50,1.0,50,1.0,1.0,-76.48199999999896,-79.59773999999896,79.59773999999896,1.0,0.015079365079365,0.0,0.0202080832332933,0,
ChemSpacE extreme-SVM,cLogP,-116.66666666666666,116.66666666666666,50,50,1.0,50,1.0,1.0,-76.48199999999896,-79.59773999999896,79.59773999999896,1.0,0.015079365079365,0.0,0.0202080832332933,0,
ChemSpacE extreme-SVM,cLogP,-113.63636363636364,113.63636363636364,50,50,1.0,50,1.0,1.0,-76.48199999999896,-79.59773999999896,79.59773999999896,1.0,0.015079365079365,0.0,0.0202080832332933,0,
ChemSpacE extreme-SVM,cLogP,-110.60606060606061,110.60606060606061,50,50,1.0,50,1.0,1.0,-76.48199999999896,-79.59773999999896,79.59773999999896,1.0,0.015079365079365,0.0,0.0202080832332933,0,
ChemSpacE extreme-SVM,cLogP,-107.57575757575758,107.57575757575758,50,50,1.0,50,1.0,1.0,-76.48199999999896,-79.59773999999896,79.59773999999896,1.0,0.015079365079365,0.0,0.0202080832332933,0,
ChemSpacE extreme-SVM,cLogP,-104.54545454545455,104.54545454545455,50,50,1.0,50,1.0,1.0,-76.48199999999896,-79.59773999999896,79.59773999999896,1.0,0.015079365079365,0.0,0.0202080832332933,0,
ChemSpacE extreme-SVM,cLogP,-101.51515151515152,101.51515151515152,50,50,1.0,50,1.0,1.0,-76.48199999999896,-79.59773999999896,79.59773999999896,1.0,0.015079365079365,0.0,0.0202080832332933,0,
ChemSpacE extreme-SVM,cLogP,-98.48484848484848,98.48484848484848,50,50,1.0,50,1.0,1.0,-76.48199999999896,-79.59773999999896,79.59773999999896,1.0,0.015079365079365,0.0,0.0202080832332933,0,
ChemSpacE extreme-SVM,cLogP,-95.45454545454545,95.45454545454545,50,50,1.0,50,1.0,1.0,-76.48199999999896,-79.59773999999896,79.59773999999896,1.0,0.015079365079365,0.0,0.0202080832332933,0,
ChemSpacE extreme-SVM,cLogP,-92.42424242424242,92.42424242424242,50,50,1.0,50,1.0,1.0,-76.48199999999896,-79.59773999999896,79.59773999999896,1.0,0.015079365079365,0.0,0.0202080832332933,0,
ChemSpacE extreme-SVM,cLogP,-89.39393939393939,89.39393939393939,50,50,1.0,50,1.0,1.0,-76.48199999999896,-79.59773999999896,79.59773999999896,1.0,0.015079365079365,0.0,0.0202080832332933,0,
ChemSpacE extreme-SVM,cLogP,-86.36363636363637,86.36363636363637,50,50,1.0,50,1.0,1.0,-76.48199999999896,-79.59773999999896,79.59773999999896,1.0,0.015079365079365,0.0,0.0202080832332933,0,
ChemSpacE extreme-SVM,cLogP,-83.33333333333333,83.33333333333333,50,50,1.0,50,1.0,1.0,-76.48199999999896,-79.59773999999896,79.59773999999896,1.0,0.015079365079365,0.0,0.0202080832332933,0,
ChemSpacE extreme-SVM,cLogP,-80.3030303030303,80.3030303030303,50,50,1.0,50,1.0,1.0,-76.48199999999896,-79.59773999999896,79.59773999999896,1.0,0.015079365079365,0.0,0.0202080832332933,0,
ChemSpacE extreme-SVM,cLogP,-77.27272727272728,77.27272727272728,50,50,1.0,50,1.0,1.0,-76.48199999999896,-79.59773999999896,79.59773999999896,1.0,0.015079365079365,0.0,0.0202080832332933,0,
ChemSpacE extreme-SVM,cLogP,-74.24242424242425,74.24242424242425,50,50,1.0,50,1.0,1.0,-76.48199999999896,-79.59773999999896,79.59773999999896,1.0,0.015079365079365,0.0,0.0202080832332933,0,
ChemSpacE extreme-SVM,cLogP,-71.21212121212122,71.21212121212122,50,50,1.0,50,1.0,1.0,-76.48199999999896,-79.59773999999896,79.59773999999896,1.0,0.015079365079365,0.0,0.0202080832332933,0,
ChemSpacE extreme-SVM,cLogP,-68.18181818181819,68.18181818181819,50,50,1.0,50,1.0,1.0,-76.48199999999896,-79.59773999999896,79.59773999999896,1.0,0.015079365079365,0.0,0.0202080832332933,0,
ChemSpacE extreme-SVM,cLogP,-65.15151515151516,65.15151515151516,50,50,1.0,50,1.0,1.0,-76.48199999999896,-79.59773999999896,79.59773999999896,1.0,0.015079365079365,0.0,0.0202080832332933,0,
ChemSpacE extreme-SVM,cLogP,-62.121212121212125,62.121212121212125,50,50,1.0,50,1.0,1.0,-76.48199999999896,-79.59773999999896,79.59773999999896,1.0,0.015079365079365,0.0,0.0202080832332933,0,
ChemSpacE extreme-SVM,cLogP,-59.09090909090909,59.09090909090909,50,50,1.0,50,1.0,1.0,-76.48199999999896,-79.52319999999897,79.52319999999897,1.0,0.015079365079365,0.0,0.0202080832332933,0,
ChemSpacE extreme-SVM,cLogP,-56.06060606060606,56.06060606060606,50,50,1.0,50,1.0,1.0,-76.48199999999896,-79.44450999999896,79.44450999999896,1.0,0.016530054644808702,0.0,0.0204081632653061,0,
ChemSpacE extreme-SVM,cLogP,-53.03030303030303,53.03030303030303,50,50,1.0,50,1.0,1.0,-76.48199999999896,-79.30339999999896,79.30339999999896,1.0,0.0178571428571428,0.0,0.0238095238095238,0,
ChemSpacE extreme-SVM,cLogP,-50.0,50.0,50,50,1.0,50,1.0,1.0,-76.48199999999896,-78.81879999999899,78.81879999999899,1.0,0.01801948051948045,0.0,0.0269369369369369,1,0.0
ChemSpacE extreme-SVM,cLogP,-46.96969696969697,46.96969696969697,50,50,1.0,50,1.0,1.0,-73.24789999999904,-76.812799999999,76.812799999999,1.0,0.0238095238095238,0.01681034482758615,0.040957052943354305,2,0.0
ChemSpacE extreme-SVM,cLogP,-43.93939393939394,43.93939393939394,50,50,1.0,50,1.0,1.0,-67.05639999999914,-69.39556999999915,69.39556999999915,1.0,0.02650052650052645,0.0173169993950393,0.04302536231884055,11,0.0
ChemSpacE extreme-SVM,cLogP,-40.90909090909091,40.90909090909091,50,50,1.0,50,1.0,1.0,-57.74429999999953,-60.08314999999959,60.08314999999959,1.0,0.03827838827838825,0.0194650675804302,0.04707792207792205,18,0.0
ChemSpacE extreme-SVM,cLogP,-37.878787878787875,37.878787878787875,50,50,1.0,50,1.0,1.0,-17.60064999999994,-21.410059999999945,21.410059999999945,1.0,0.03577140420087425,0.022997835497835475,0.0507164404223227,25,0.0
ChemSpacE extreme-SVM,cLogP,-34.848484848484844,34.848484848484844,50,50,1.0,50,1.0,1.0,-8.137000000000002,-11.258000000000006,11.258000000000006,1.0,0.0433455433455433,0.027281553398058198,0.05706168831168827,27,0.0
ChemSpacE extreme-SVM,cLogP,-31.818181818181813,31.818181818181813,50,50,1.0,50,1.0,1.0,-5.549299999999999,-9.185890000000002,9.185890000000002,1.0,0.03823051948051945,0.031620718462823674,0.05511363636363635,33,0.0
ChemSpacE extreme-SVM,cLogP,-28.787878787878782,28.787878787878782,50,50,1.0,50,1.0,1.0,-4.701609999999997,-8.17126,8.17126,1.0,0.0439510939510939,0.0259442610927759,0.055754704903341376,28,0.0
ChemSpacE extreme-SVM,cLogP,-25.757575757575765,25.757575757575765,50,50,1.0,50,1.0,1.0,-3.7681049999999976,-7.354589999999998,7.354589999999998,1.0,0.05354838709677415,0.04240442655935608,0.0659340659340659,36,0.0
ChemSpacE extreme-SVM,cLogP,-22.727272727272734,22.727272727272734,50,50,1.0,50,1.0,1.0,-3.175459999999998,-6.885805,6.885805,1.0,0.060423512230741105,0.04305377720870673,0.07939593301435402,28,0.0
ChemSpacE extreme-SVM,cLogP,-19.69696969696969,19.69696969696969,50,50,1.0,50,1.0,1.0,-2.987404999999999,-6.543004999999998,6.543004999999998,1.0,0.06274586939417774,0.046875,0.08367234744365028,27,0.0
ChemSpacE extreme-SVM,cLogP,-16.666666666666657,16.666666666666657,50,50,1.0,50,1.0,1.0,-2.40771,-5.792604999999998,5.792604999999998,1.0,0.08032258064516125,0.06882801664355055,0.09495798319327728,29,0.0
ChemSpacE extreme-SVM,cLogP,-13.636363636363626,13.636363636363626,50,50,1.0,50,1.0,1.0,-1.857799999999998,-5.182125000000001,5.182125000000001,1.0,0.0827144811412937,0.06694915254237283,0.10553116769095693,28,0.0
ChemSpacE extreme-SVM,cLogP,-10.606060606060595,10.606060606060595,50,50,1.0,50,1.0,1.0,-0.8026599999999994,-4.632149999999999,4.632149999999999,1.0,0.10275263951734535,0.07833333333333327,0.1213774597495527,26,0.0
ChemSpacE extreme-SVM,cLogP,-7.575757575757564,7.575757575757564,50,50,1.0,50,1.0,1.0,0.6419,-2.7352050000000006,2.7352050000000006,0.98,0.12869458128078815,0.08847320525783615,0.1881367706082124,39,0.07692307692307693
ChemSpacE extreme-SVM,cLogP,-4.545454545454561,4.545454545454561,50,50,1.0,32,0.64,0.64,2.20834,-0.6779050000000009,0.6779050000000009,0.62,0.5019638648860958,0.20813953488372094,1.0,47,0.44680851063829785
ChemSpacE extreme-SVM,cLogP,-1.5151515151515298,1.5151515151515298,50,50,1.0,1,0.02,0.02,3.115740000000002,0.0,0.0,0.04,1.0,1.0,1.0,50,0.98
ChemSpacE extreme-SVM,cLogP,1.5151515151515014,1.5151515151515014,50,50,1.0,4,0.08,0.08,3.2390400000000015,0.0,0.0,0.06,1.0,1.0,1.0,50,0.92
ChemSpacE extreme-SVM,cLogP,4.5454545454545325,4.5454545454545325,50,50,1.0,32,0.64,0.64,4.103500000000002,0.3428500000000012,0.3428500000000012,0.58,0.4404682274247491,0.28796992481203004,1.0,50,0.48
ChemSpacE extreme-SVM,cLogP,7.575757575757564,7.575757575757564,50,50,1.0,49,0.98,0.98,5.524440000000006,2.053570000000002,2.053570000000002,0.84,0.1317283431455004,0.09814602446483177,0.20539481615430977,47,0.0851063829787234
ChemSpacE extreme-SVM,cLogP,10.606060606060595,10.606060606060595,50,50,1.0,50,1.0,1.0,6.551100000000006,3.317000000000002,3.317000000000002,0.94,0.09194015444015441,0.0661949685534591,0.12051282051282047,47,0.0425531914893617
ChemSpacE extreme-SVM,cLogP,13.636363636363626,13.636363636363626,50,50,1.0,50,1.0,1.0,9.619999999999994,6.472549999999984,6.472549999999984,0.96,0.0738017429193899,0.05568535825545165,0.0905698778833107,44,0.022727272727272728
ChemSpacE extreme-SVM,cLogP,16.666666666666657,16.666666666666657,50,50,1.0,50,1.0,1.0,11.444249999999982,8.106859999999987,8.106859999999987,0.96,0.0613814756671899,0.0458715596330275,0.07207401032702235,43,0.0
ChemSpacE extreme-SVM,cLogP,19.69696969696969,19.69696969696969,50,50,1.0,50,1.0,1.0,12.342144999999977,8.970309999999975,8.970309999999975,0.82,0.051785714285714254,0.041344501718213,0.0638297872340425,33,0.0
ChemSpacE extreme-SVM,cLogP,22.72727272727272,22.72727272727272,50,50,1.0,50,1.0,1.0,38.77849999999995,34.549399999999935,34.549399999999935,0.84,0.0425724637681159,0.030651491365777002,0.06333625795130506,18,0.0
ChemSpacE extreme-SVM,cLogP,25.75757575757575,25.75757575757575,50,50,1.0,50,1.0,1.0,45.59739999999984,42.77350999999983,42.77350999999983,0.76,0.041824540950160305,0.030540233614536,0.06103023516237398,5,0.0
ChemSpacE extreme-SVM,cLogP,28.787878787878782,28.787878787878782,50,50,1.0,50,1.0,1.0,54.60939999999968,51.49739999999965,51.49739999999965,0.8,0.04270516717325225,0.030791788856304975,0.06317846287451145,1,0.0
ChemSpacE extreme-SVM,cLogP,31.818181818181813,31.818181818181813,50,50,1.0,50,1.0,1.0,59.8733999999996,55.482039999999586,55.482039999999586,0.88,0.0383484440088213,0.024198617221872974,0.056341719077568075,0,
ChemSpacE extreme-SVM,cLogP,34.848484848484844,34.848484848484844,50,50,1.0,50,1.0,1.0,60.32139999999959,56.223949999999576,56.223949999999576,0.98,0.036038961038960995,0.017874875868917547,0.0519736842105263,0,
ChemSpacE extreme-SVM,cLogP,37.878787878787875,37.878787878787875,50,50,1.0,50,1.0,1.0,60.32139999999959,56.55354999999959,56.55354999999959,1.0,0.03398617511520735,0.019325037707390625,0.0526315789473684,0,
ChemSpacE extreme-SVM,cLogP,40.90909090909091,40.90909090909091,50,50,1.0,50,1.0,1.0,60.32139999999959,57.0778599999996,57.0778599999996,1.0,0.0325224748810153,0.0196078431372549,0.0526315789473684,0,
ChemSpacE extreme-SVM,cLogP,43.93939393939394,43.93939393939394,50,50,1.0,50,1.0,1.0,60.32139999999959,57.20565999999958,57.20565999999958,1.0,0.0325224748810153,0.019325037707390625,0.0526315789473684,0,
ChemSpacE extreme-SVM,cLogP,46.96969696969697,46.96969696969697,50,50,1.0,50,1.0,1.0,60.32139999999959,57.20565999999958,57.20565999999958,1.0,0.0325224748810153,0.019325037707390625,0.0526315789473684,0,
ChemSpacE extreme-SVM,cLogP,50.0,50.0,50,50,1.0,50,1.0,1.0,60.32139999999959,57.20565999999958,57.20565999999958,1.0,0.0325224748810153,0.019325037707390625,0.0526315789473684,0,
ChemSpacE extreme-SVM,cLogP,53.03030303030303,53.03030303030303,50,50,1.0,50,1.0,1.0,60.32139999999959,57.20565999999958,57.20565999999958,1.0,0.0325224748810153,0.019325037707390625,0.0526315789473684,0,
ChemSpacE extreme-SVM,cLogP,56.06060606060606,56.06060606060606,50,50,1.0,50,1.0,1.0,60.32139999999959,57.20565999999958,57.20565999999958,1.0,0.0325224748810153,0.019325037707390625,0.0526315789473684,0,
ChemSpacE extreme-SVM,cLogP,59.09090909090909,59.09090909090909,50,50,1.0,50,1.0,1.0,60.32139999999959,57.20565999999958,57.20565999999958,1.0,0.0325224748810153,0.019325037707390625,0.0526315789473684,0,
ChemSpacE extreme-SVM,cLogP,62.121212121212125,62.121212121212125,50,50,1.0,50,1.0,1.0,60.32139999999959,57.20565999999958,57.20565999999958,1.0,0.0325224748810153,0.019325037707390625,0.0526315789473684,0,
ChemSpacE extreme-SVM,cLogP,65.15151515151516,65.15151515151516,50,50,1.0,50,1.0,1.0,60.32139999999959,57.20565999999958,57.20565999999958,1.0,0.0325224748810153,0.019325037707390625,0.0526315789473684,0,
ChemSpacE extreme-SVM,cLogP,68.18181818181819,68.18181818181819,50,50,1.0,50,1.0,1.0,60.32139999999959,57.20565999999958,57.20565999999958,1.0,0.0325224748810153,0.019325037707390625,0.0526315789473684,0,
ChemSpacE extreme-SVM,cLogP,71.21212121212122,71.21212121212122,50,50,1.0,50,1.0,1.0,60.32139999999959,57.20565999999958,57.20565999999958,1.0,0.0325224748810153,0.019325037707390625,0.0526315789473684,0,
ChemSpacE extreme-SVM,cLogP,74.24242424242425,74.24242424242425,50,50,1.0,50,1.0,1.0,60.32139999999959,57.20565999999958,57.20565999999958,1.0,0.0325224748810153,0.019325037707390625,0.0526315789473684,0,
ChemSpacE extreme-SVM,cLogP,77.27272727272728,77.27272727272728,50,50,1.0,50,1.0,1.0,60.32139999999959,57.20565999999958,57.20565999999958,1.0,0.0325224748810153,0.019325037707390625,0.0526315789473684,0,
ChemSpacE extreme-SVM,cLogP,80.30303030303031,80.30303030303031,50,50,1.0,50,1.0,1.0,60.32139999999959,57.20565999999958,57.20565999999958,1.0,0.0325224748810153,0.019325037707390625,0.0526315789473684,0,
ChemSpacE extreme-SVM,cLogP,83.33333333333334,83.33333333333334,50,50,1.0,50,1.0,1.0,60.32139999999959,57.20565999999958,57.20565999999958,1.0,0.0325224748810153,0.019325037707390625,0.0526315789473684,0,
ChemSpacE extreme-SVM,cLogP,86.36363636363637,86.36363636363637,50,50,1.0,50,1.0,1.0,60.32139999999959,57.20565999999958,57.20565999999958,1.0,0.0325224748810153,0.019325037707390625,0.0526315789473684,0,
ChemSpacE extreme-SVM,cLogP,89.3939393939394,89.3939393939394,50,50,1.0,50,1.0,1.0,60.32139999999959,57.20565999999958,57.20565999999958,1.0,0.0325224748810153,0.019325037707390625,0.0526315789473684,0,
ChemSpacE extreme-SVM,cLogP,92.42424242424244,92.42424242424244,50,50,1.0,50,1.0,1.0,60.32139999999959,57.20565999999958,57.20565999999958,1.0,0.0325224748810153,0.019325037707390625,0.0526315789473684,0,
ChemSpacE extreme-SVM,cLogP,95.45454545454544,95.45454545454544,50,50,1.0,50,1.0,1.0,60.32139999999959,57.20565999999958,57.20565999999958,1.0,0.0325224748810153,0.019325037707390625,0.0526315789473684,0,
ChemSpacE extreme-SVM,cLogP,98.48484848484847,98.48484848484847,50,50,1.0,50,1.0,1.0,60.32139999999959,57.20565999999958,57.20565999999958,1.0,0.0325224748810153,0.019325037707390625,0.0526315789473684,0,
ChemSpacE extreme-SVM,cLogP,101.5151515151515,101.5151515151515,50,50,1.0,50,1.0,1.0,60.32139999999959,57.20565999999958,57.20565999999958,1.0,0.0325224748810153,0.019325037707390625,0.0526315789473684,0,
ChemSpacE extreme-SVM,cLogP,104.54545454545453,104.54545454545453,50,50,1.0,50,1.0,1.0,60.32139999999959,57.20565999999958,57.20565999999958,1.0,0.0325224748810153,0.019325037707390625,0.0526315789473684,0,
ChemSpacE extreme-SVM,cLogP,107.57575757575756,107.57575757575756,50,50,1.0,50,1.0,1.0,60.32139999999959,57.20565999999958,57.20565999999958,1.0,0.0325224748810153,0.019325037707390625,0.0526315789473684,0,
ChemSpacE extreme-SVM,cLogP,110.60606060606062,110.60606060606062,50,50,1.0,50,1.0,1.0,60.32139999999959,57.20565999999958,57.20565999999958,1.0,0.0325224748810153,0.019325037707390625,0.0526315789473684,0,
ChemSpacE extreme-SVM,cLogP,113.63636363636363,113.63636363636363,50,50,1.0,50,1.0,1.0,60.32139999999959,57.20565999999958,57.20565999999958,1.0,0.0325224748810153,0.019325037707390625,0.0526315789473684,0,
ChemSpacE extreme-SVM,cLogP,116.66666666666669,116.66666666666669,50,50,1.0,50,1.0,1.0,60.32139999999959,57.20565999999958,57.20565999999958,1.0,0.0325224748810153,0.019325037707390625,0.0526315789473684,0,
ChemSpacE extreme-SVM,cLogP,119.69696969696969,119.69696969696969,50,50,1.0,50,1.0,1.0,60.32139999999959,57.20565999999958,57.20565999999958,1.0,0.0325224748810153,0.019325037707390625,0.0526315789473684,0,
ChemSpacE extreme-SVM,cLogP,122.72727272727275,122.72727272727275,50,50,1.0,50,1.0,1.0,60.32139999999959,57.20565999999958,57.20565999999958,1.0,0.0325224748810153,0.019325037707390625,0.0526315789473684,0,
ChemSpacE extreme-SVM,cLogP,125.75757575757575,125.75757575757575,50,50,1.0,50,1.0,1.0,60.32139999999959,57.20565999999958,57.20565999999958,1.0,0.0325224748810153,0.019325037707390625,0.0526315789473684,0,
ChemSpacE extreme-SVM,cLogP,128.7878787878788,128.7878787878788,50,50,1.0,50,1.0,1.0,60.32139999999959,57.20565999999958,57.20565999999958,1.0,0.0325224748810153,0.019325037707390625,0.0526315789473684,0,
ChemSpacE extreme-SVM,cLogP,131.8181818181818,131.8181818181818,50,50,1.0,50,1.0,1.0,60.32139999999959,57.20565999999958,57.20565999999958,1.0,0.0325224748810153,0.019325037707390625,0.0526315789473684,0,
ChemSpacE extreme-SVM,cLogP,134.84848484848487,134.84848484848487,50,50,1.0,50,1.0,1.0,60.32139999999959,57.20565999999958,57.20565999999958,1.0,0.0325224748810153,0.019325037707390625,0.0526315789473684,0,
ChemSpacE extreme-SVM,cLogP,137.87878787878788,137.87878787878788,50,50,1.0,50,1.0,1.0,60.32139999999959,57.20565999999958,57.20565999999958,1.0,0.0325224748810153,0.019325037707390625,0.0526315789473684,0,
ChemSpacE extreme-SVM,cLogP,140.90909090909088,140.90909090909088,50,50,1.0,50,1.0,1.0,60.32139999999959,57.20565999999958,57.20565999999958,1.0,0.0325224748810153,0.019325037707390625,0.0526315789473684,0,
ChemSpacE extreme-SVM,cLogP,143.93939393939394,143.93939393939394,50,50,1.0,50,1.0,1.0,60.32139999999959,57.20565999999958,57.20565999999958,1.0,0.0325224748810153,0.019325037707390625,0.0526315789473684,0,
ChemSpacE extreme-SVM,cLogP,146.96969696969694,146.96969696969694,50,50,1.0,50,1.0,1.0,60.32139999999959,57.20565999999958,57.20565999999958,1.0,0.0325224748810153,0.019325037707390625,0.0526315789473684,0,
ChemSpacE extreme-SVM,cLogP,150.0,150.0,50,50,1.0,50,1.0,1.0,60.32139999999959,57.20565999999958,57.20565999999958,1.0,0.0325224748810153,0.019325037707390625,0.0526315789473684,0,
ChemSpacE extreme-SVM,BertzCT,-150.0,150.0,50,48,0.96,48,0.96,1.0,1794.6060389700224,1045.1982679696544,-1045.1982679696544,0.10416666666666667,0.034250585480093645,0.0196078431372549,0.053362573099415174,0,
ChemSpacE extreme-SVM,BertzCT,-146.96969696969697,146.96969696969697,50,48,0.96,48,0.96,1.0,1794.6060389700224,1045.1982679696544,-1045.1982679696544,0.14583333333333334,0.034250585480093645,0.0196078431372549,0.053362573099415174,0,
ChemSpacE extreme-SVM,BertzCT,-143.93939393939394,143.93939393939394,50,47,0.94,47,0.94,1.0,1794.6060389700224,1075.157354325591,-1075.157354325591,0.1276595744680851,0.0357142857142857,0.020008003201280503,0.054093567251461944,0,
ChemSpacE extreme-SVM,BertzCT,-140.9090909090909,140.9090909090909,50,47,0.94,47,0.94,1.0,1794.6060389700224,1075.157354325591,-1075.157354325591,0.14893617021276595,0.0357142857142857,0.019419306184012053,0.054093567251461944,0,
ChemSpacE extreme-SVM,BertzCT,-137.87878787878788,137.87878787878788,50,47,0.94,47,0.94,1.0,1794.6060389700224,1015.2391816137176,-1015.2391816137176,0.1702127659574468,0.0357142857142857,0.0190493468795355,0.054093567251461944,0,
ChemSpacE extreme-SVM,BertzCT,-134.84848484848484,134.84848484848484,50,45,0.9,45,0.9,1.0,1794.6060389700224,1075.157354325591,-1075.157354325591,0.15555555555555556,0.0357142857142857,0.0196078431372549,0.0526315789473684,0,
ChemSpacE extreme-SVM,BertzCT,-131.8181818181818,131.8181818181818,50,45,0.9,45,0.9,1.0,1794.6060389700224,1015.2391816137176,-1015.2391816137176,0.17777777777777778,0.0357142857142857,0.02,0.0526315789473684,0,
ChemSpacE extreme-SVM,BertzCT,-128.78787878787878,128.78787878787878,50,45,0.9,45,0.9,1.0,1794.6060389700224,1015.2391816137176,-1015.2391816137176,0.2,0.0357142857142857,0.0196078431372549,0.0526315789473684,0,
ChemSpacE extreme-SVM,BertzCT,-125.75757575757575,125.75757575757575,50,44,0.88,44,0.88,1.0,1794.6060389700224,1045.1982679696544,-1045.1982679696544,0.20454545454545456,0.036038961038960995,0.0202080832332933,0.053362573099415174,0,
ChemSpacE extreme-SVM,BertzCT,-122.72727272727272,122.72727272727272,50,43,0.86,43,0.86,1.0,1794.6060389700224,969.3884139994844,-969.3884139994844,0.23255813953488372,0.0363636363636363,0.02084237950499345,0.054093567251461944,0,
ChemSpacE extreme-SVM,BertzCT,-119.69696969696969,119.69696969696969,50,43,0.86,43,0.86,1.0,1794.6060389700224,969.3884139994844,-969.3884139994844,0.27906976744186046,0.0363636363636363,0.020008003201280503,0.054093567251461944,0,
ChemSpacE extreme-SVM,BertzCT,-116.66666666666666,116.66666666666666,50,41,0.82,41,0.82,1.0,1794.6060389700224,952.3418921306136,-952.3418921306136,0.3170731707317073,0.0363636363636363,0.0222222222222222,0.0555555555555555,0,
ChemSpacE extreme-SVM,BertzCT,-113.63636363636364,113.63636363636364,50,40,0.8,40,0.8,1.0,1794.6060389700224,921.8595024991184,-921.8595024991184,0.375,0.0363636363636363,0.0212765957446808,0.056818181818181775,0,
ChemSpacE extreme-SVM,BertzCT,-110.60606060606061,110.60606060606061,50,40,0.8,40,0.8,1.0,1794.6060389700224,690.6080535461715,-690.6080535461715,0.45,0.036038961038960995,0.0212765957446808,0.056818181818181775,0,
ChemSpacE extreme-SVM,BertzCT,-107.57575757575758,107.57575757575758,50,39,0.78,39,0.78,1.0,1794.6060389700224,598.8300493301242,-598.8300493301242,0.48717948717948717,0.0363636363636363,0.0222222222222222,0.0606060606060606,0,
ChemSpacE extreme-SVM,BertzCT,-104.54545454545455,104.54545454545455,50,39,0.78,39,0.78,1.0,567.5278502336547,238.29412160182895,-238.29412160182895,0.48717948717948717,0.0363636363636363,0.0222222222222222,0.06091527520098945,0,
ChemSpacE extreme-SVM,BertzCT,-101.51515151515152,101.51515151515152,50,39,0.78,39,0.78,1.0,40.0,-243.2680564828255,243.2680564828255,0.5897435897435898,0.0363636363636363,0.02128623188405795,0.06091527520098945,0,
ChemSpacE extreme-SVM,BertzCT,-98.48484848484848,98.48484848484848,50,37,0.74,37,0.74,1.0,33.30296890880646,-323.2246106143078,323.2246106143078,0.6486486486486487,0.0363636363636363,0.0204081632653061,0.0526315789473684,0,
ChemSpacE extreme-SVM,BertzCT,-95.45454545454545,95.45454545454545,50,37,0.74,37,0.74,1.0,2.0,-396.499379292522,396.499379292522,0.7027027027027027,0.037037037037037,0.0178571428571428,0.0571428571428571,0,
ChemSpacE extreme-SVM,BertzCT,-92.42424242424242,92.42424242424242,50,37,0.74,37,0.74,1.0,0.0,-396.499379292522,396.499379292522,0.7027027027027027,0.037037037037037,0.0178571428571428,0.0588235294117647,0,
ChemSpacE extreme-SVM,BertzCT,-89.39393939393939,89.39393939393939,50,37,0.74,37,0.74,1.0,0.0,-397.81326077302657,397.81326077302657,0.7567567567567568,0.024390243902439,0.0,0.054054054054054,0,
ChemSpacE extreme-SVM,BertzCT,-86.36363636363637,86.36363636363637,50,37,0.74,37,0.74,1.0,0.0,-465.6519131322054,465.6519131322054,0.7837837837837838,0.024390243902439,0.0,0.05,0,
ChemSpacE extreme-SVM,BertzCT,-83.33333333333333,83.33333333333333,50,37,0.74,37,0.74,1.0,0.0,-542.9693340915088,542.9693340915088,0.8108108108108109,0.0232558139534883,0.0,0.0441176470588235,0,
ChemSpacE extreme-SVM,BertzCT,-80.3030303030303,80.3030303030303,50,37,0.74,37,0.74,1.0,0.0,-566.0010355519379,566.0010355519379,0.9459459459459459,0.0232558139534883,0.0,0.0357142857142857,0,
ChemSpacE extreme-SVM,BertzCT,-77.27272727272728,77.27272727272728,50,37,0.74,37,0.74,1.0,0.0,-639.458821325623,639.458821325623,0.972972972972973,0.0222222222222222,0.0,0.0357142857142857,0,
ChemSpacE extreme-SVM,BertzCT,-74.24242424242425,74.24242424242425,50,37,0.74,37,0.74,1.0,0.0,-640.4924236266434,640.4924236266434,1.0,0.0,0.0,0.0357142857142857,0,
ChemSpacE extreme-SVM,BertzCT,-71.21212121212122,71.21212121212122,50,37,0.74,37,0.74,1.0,0.0,-640.4924236266434,640.4924236266434,1.0,0.0,0.0,0.0357142857142857,0,
ChemSpacE extreme-SVM,BertzCT,-68.18181818181819,68.18181818181819,50,37,0.74,37,0.74,1.0,0.0,-640.4924236266434,640.4924236266434,1.0,0.0,0.0,0.0256410256410256,0,
ChemSpacE extreme-SVM,BertzCT,-65.15151515151516,65.15151515151516,50,37,0.74,37,0.74,1.0,0.0,-640.4924236266434,640.4924236266434,1.0,0.0,0.0,0.0232558139534883,0,
ChemSpacE extreme-SVM,BertzCT,-62.121212121212125,62.121212121212125,50,37,0.74,37,0.74,1.0,0.0,-640.4924236266434,640.4924236266434,1.0,0.0,0.0,0.02,0,
ChemSpacE extreme-SVM,BertzCT,-59.09090909090909,59.09090909090909,50,38,0.76,38,0.76,1.0,0.0,-663.8160033413495,663.8160033413495,1.0,0.0,0.0,0.019170168067226878,0,
ChemSpacE extreme-SVM,BertzCT,-56.06060606060606,56.06060606060606,50,38,0.76,38,0.76,1.0,0.0,-663.8160033413495,663.8160033413495,1.0,0.0,0.0,0.019170168067226878,0,
ChemSpacE extreme-SVM,BertzCT,-53.03030303030303,53.03030303030303,50,38,0.76,38,0.76,1.0,0.0,-663.8160033413495,663.8160033413495,1.0,0.0,0.0,0.017299107142857102,0,
ChemSpacE extreme-SVM,BertzCT,-50.0,50.0,50,39,0.78,39,0.78,1.0,0.0,-640.4924236266434,640.4924236266434,1.0,0.0,0.0,0.01873249299719885,0,
ChemSpacE extreme-SVM,BertzCT,-46.96969696969697,46.96969696969697,50,39,0.78,39,0.78,1.0,0.0,-640.4924236266434,640.4924236266434,1.0,0.0,0.0,0.01873249299719885,0,
ChemSpacE extreme-SVM,BertzCT,-43.93939393939394,43.93939393939394,50,39,0.78,39,0.78,1.0,0.0,-640.4924236266434,640.4924236266434,1.0,0.0,0.0,0.017071759259259252,0,
ChemSpacE extreme-SVM,BertzCT,-40.90909090909091,40.90909090909091,50,39,0.78,39,0.78,1.0,0.0,-640.4924236266434,640.4924236266434,1.0,0.0,0.0,0.0167410714285714,0,
ChemSpacE extreme-SVM,BertzCT,-37.878787878787875,37.878787878787875,50,40,0.8,40,0.8,1.0,0.0,-663.8160033413495,663.8160033413495,1.0,0.0,0.0,0.00390625,0,
ChemSpacE extreme-SVM,BertzCT,-34.848484848484844,34.848484848484844,50,41,0.82,41,0.82,1.0,0.0,-687.1395830560557,687.1395830560557,1.0,0.0,0.0,0.0,0,
ChemSpacE extreme-SVM,BertzCT,-31.818181818181813,31.818181818181813,50,42,0.84,42,0.84,1.0,0.0,-700.3441222322309,700.3441222322309,1.0,0.0,0.0,0.0,0,
ChemSpacE extreme-SVM,BertzCT,-28.787878787878782,28.787878787878782,50,42,0.84,42,0.84,1.0,0.0,-700.3441222322309,700.3441222322309,1.0,0.0,0.0,0.0177788220551378,0,
ChemSpacE extreme-SVM,BertzCT,-25.757575757575765,25.757575757575765,50,42,0.84,42,0.84,1.0,0.0,-700.3441222322309,700.3441222322309,1.0,0.0,0.0,0.019901960784313725,0,
ChemSpacE extreme-SVM,BertzCT,-22.727272727272734,22.727272727272734,50,44,0.88,44,0.88,1.0,0.0,-700.3441222322309,700.3441222322309,1.0,0.0,0.0,0.0251602564102564,0,
ChemSpacE extreme-SVM,BertzCT,-19.69696969696969,19.69696969696969,50,44,0.88,44,0.88,1.0,0.0,-700.3441222322309,700.3441222322309,1.0,0.0211111111111111,0.0,0.0285714285714285,0,
ChemSpacE extreme-SVM,BertzCT,-16.666666666666657,16.666666666666657,50,46,0.92,46,0.92,1.0,0.0,-714.2535605285822,714.2535605285822,1.0,0.0263340263340263,0.0187908496732026,0.03540640394088668,0,
ChemSpacE extreme-SVM,BertzCT,-13.636363636363626,13.636363636363626,50,48,0.96,48,0.96,1.0,0.0,-716.2035721465948,716.2035721465948,1.0,0.030776515151515152,0.019901960784313725,0.043719806763285005,0,
ChemSpacE extreme-SVM,BertzCT,-10.606060606060595,10.606060606060595,50,50,1.0,50,1.0,1.0,0.0,-733.5321357194807,733.5321357194807,1.0,0.0344827586206896,0.0228594080338266,0.0524047186932849,1,0.0
ChemSpacE extreme-SVM,BertzCT,-7.575757575757564,7.575757575757564,50,50,1.0,50,1.0,1.0,14.0,-729.2046803503864,729.2046803503864,1.0,0.0647031539888682,0.03926282051282045,0.1063829787234042,5,0.0
ChemSpacE extreme-SVM,BertzCT,-4.545454545454561,4.545454545454561,50,50,1.0,50,1.0,1.0,142.9114705065293,-523.4182425147944,523.4182425147944,1.0,0.11882352941176469,0.06525735294117645,0.1886108832376264,20,0.0
ChemSpacE extreme-SVM,BertzCT,-1.5151515151515298,1.5151515151515298,50,50,1.0,16,0.32,0.32,704.0113275138725,0.0,0.0,0.36,1.0,0.6081186572989852,1.0,50,0.68
ChemSpacE extreme-SVM,BertzCT,1.5151515151515014,1.5151515151515014,50,50,1.0,21,0.42,0.42,791.3553774609717,0.0,0.0,0.38,1.0,0.6199460916442049,1.0,50,0.8
ChemSpacE extreme-SVM,BertzCT,4.5454545454545325,4.5454545454545325,50,50,1.0,44,0.88,0.88,936.4892529877538,158.57421958232123,158.57421958232123,0.62,0.25131578947368416,0.1639433551198257,0.3178975580702799,50,0.12
ChemSpacE extreme-SVM,BertzCT,7.575757575757564,7.575757575757564,50,50,1.0,49,0.98,0.98,980.5486278621515,79.0222019272029,79.0222019272029,0.56,0.10612764816304635,0.0769230769230769,0.13674227217984744,47,0.02127659574468085
ChemSpacE extreme-SVM,BertzCT,10.606060606060595,10.606060606060595,50,50,1.0,50,1.0,1.0,1112.2590476644082,297.51031121158763,297.51031121158763,0.66,0.09128745837957819,0.06635490394337712,0.11036036036036036,44,0.0
ChemSpacE extreme-SVM,BertzCT,13.636363636363626,13.636363636363626,50,50,1.0,50,1.0,1.0,1990.6397303802146,1394.3979024558066,1394.3979024558066,0.84,0.06661489821953515,0.05566666666666662,0.08473187686196615,45,0.0
ChemSpacE extreme-SVM,BertzCT,16.666666666666657,16.666666666666657,50,50,1.0,50,1.0,1.0,3908.471388367751,3144.378166277831,3144.378166277831,0.9,0.06047544409613375,0.04616738066095465,0.07516531202644988,43,0.0
ChemSpacE extreme-SVM,BertzCT,19.69696969696969,19.69696969696969,50,50,1.0,50,1.0,1.0,7087.743108861064,6283.563813772211,6283.563813772211,0.98,0.0434782608695652,0.032258064516129,0.052856579984239524,19,0.0
ChemSpacE extreme-SVM,BertzCT,22.72727272727272,22.72727272727272,50,50,1.0,50,1.0,1.0,8517.818751089739,7885.183801472611,7885.183801472611,1.0,0.0269696969696969,0.01688596491228065,0.036408407352035876,3,0.0
ChemSpacE extreme-SVM,BertzCT,25.75757575757575,25.75757575757575,50,50,1.0,50,1.0,1.0,9508.844894126414,8759.956691263124,8759.956691263124,1.0,0.02187425292852015,0.0116621067031463,0.030442253100253926,0,
ChemSpacE extreme-SVM,BertzCT,28.787878787878782,28.787878787878782,50,50,1.0,50,1.0,1.0,10283.726867969202,9415.102042645323,9415.102042645323,1.0,0.0142022562449637,0.0,0.023671096345514925,0,
ChemSpacE extreme-SVM,BertzCT,31.818181818181813,31.818181818181813,50,50,1.0,50,1.0,1.0,11003.461899514889,10105.270393788243,10105.270393788243,1.0,0.0143892339544513,0.0,0.0263157894736842,0,
ChemSpacE extreme-SVM,BertzCT,34.848484848484844,34.848484848484844,50,50,1.0,50,1.0,1.0,11301.177038701228,10416.971209010142,10416.971209010142,1.0,0.0,0.0,0.01918498168498165,0,
ChemSpacE extreme-SVM,BertzCT,37.878787878787875,37.878787878787875,50,50,1.0,50,1.0,1.0,11301.177038701228,10493.128921508103,10493.128921508103,1.0,0.0,0.0,0.018100649350649277,0,
ChemSpacE extreme-SVM,BertzCT,40.90909090909091,40.90909090909091,50,50,1.0,50,1.0,1.0,11301.177038701228,10494.426861564138,10494.426861564138,1.0,0.0,0.0,0.018696397941680876,0,
ChemSpacE extreme-SVM,BertzCT,43.93939393939394,43.93939393939394,50,50,1.0,50,1.0,1.0,11301.177038701228,10477.257353786725,10477.257353786725,1.0,0.0,0.0,0.015636105188343925,0,
ChemSpacE extreme-SVM,BertzCT,46.96969696969697,46.96969696969697,50,50,1.0,50,1.0,1.0,11301.177038701228,10477.257353786725,10477.257353786725,1.0,0.0,0.0,0.010273972602739725,0,
ChemSpacE extreme-SVM,BertzCT,50.0,50.0,50,50,1.0,50,1.0,1.0,11301.177038701228,10516.054305315221,10516.054305315221,1.0,0.0,0.0,0.010273972602739725,0,
ChemSpacE extreme-SVM,BertzCT,53.03030303030303,53.03030303030303,50,50,1.0,50,1.0,1.0,11301.177038701228,10536.68581662581,10536.68581662581,1.0,0.0,0.0,0.0,0,
ChemSpacE extreme-SVM,BertzCT,56.06060606060606,56.06060606060606,50,50,1.0,50,1.0,1.0,11301.177038701228,10536.68581662581,10536.68581662581,1.0,0.0,0.0,0.0,0,
ChemSpacE extreme-SVM,BertzCT,59.09090909090909,59.09090909090909,50,50,1.0,50,1.0,1.0,11301.177038701228,10536.68581662581,10536.68581662581,1.0,0.0,0.0,0.0,0,
ChemSpacE extreme-SVM,BertzCT,62.121212121212125,62.121212121212125,50,50,1.0,50,1.0,1.0,11301.177038701228,10536.68581662581,10536.68581662581,1.0,0.0,0.0,0.0,0,
ChemSpacE extreme-SVM,BertzCT,65.15151515151516,65.15151515151516,50,50,1.0,50,1.0,1.0,11301.177038701228,10536.68581662581,10536.68581662581,1.0,0.0,0.0,0.0,0,
ChemSpacE extreme-SVM,BertzCT,68.18181818181819,68.18181818181819,50,50,1.0,50,1.0,1.0,11301.177038701228,10536.68581662581,10536.68581662581,1.0,0.0,0.0,0.0,0,
ChemSpacE extreme-SVM,BertzCT,71.21212121212122,71.21212121212122,50,50,1.0,50,1.0,1.0,11301.177038701228,10566.644902981747,10566.644902981747,1.0,0.0,0.0,0.0,0,
ChemSpacE extreme-SVM,BertzCT,74.24242424242425,74.24242424242425,50,50,1.0,50,1.0,1.0,11301.177038701228,10566.644902981747,10566.644902981747,1.0,0.0,0.0,0.0,0,
ChemSpacE extreme-SVM,BertzCT,77.27272727272728,77.27272727272728,50,50,1.0,50,1.0,1.0,11301.177038701228,10566.644902981747,10566.644902981747,1.0,0.0,0.0,0.0,0,
ChemSpacE extreme-SVM,BertzCT,80.30303030303031,80.30303030303031,50,50,1.0,50,1.0,1.0,11301.177038701228,10566.644902981747,10566.644902981747,1.0,0.0,0.0,0.0,0,
ChemSpacE extreme-SVM,BertzCT,83.33333333333334,83.33333333333334,50,50,1.0,50,1.0,1.0,11301.177038701228,10566.644902981747,10566.644902981747,1.0,0.0,0.0,0.0,0,
ChemSpacE extreme-SVM,BertzCT,86.36363636363637,86.36363636363637,50,50,1.0,50,1.0,1.0,11301.177038701228,10566.644902981747,10566.644902981747,1.0,0.0,0.0,0.0,0,
ChemSpacE extreme-SVM,BertzCT,89.3939393939394,89.3939393939394,50,50,1.0,50,1.0,1.0,11301.177038701228,10566.644902981747,10566.644902981747,1.0,0.0,0.0,0.0,0,
ChemSpacE extreme-SVM,BertzCT,92.42424242424244,92.42424242424244,50,50,1.0,50,1.0,1.0,11301.177038701228,10566.644902981747,10566.644902981747,1.0,0.0,0.0,0.0,0,
ChemSpacE extreme-SVM,BertzCT,95.45454545454544,95.45454545454544,50,50,1.0,50,1.0,1.0,11301.177038701228,10566.644902981747,10566.644902981747,1.0,0.0,0.0,0.0,0,
ChemSpacE extreme-SVM,BertzCT,98.48484848484847,98.48484848484847,50,50,1.0,50,1.0,1.0,11301.177038701228,10566.644902981747,10566.644902981747,1.0,0.0,0.0,0.0,0,
ChemSpacE extreme-SVM,BertzCT,101.5151515151515,101.5151515151515,50,50,1.0,50,1.0,1.0,11301.177038701228,10566.644902981747,10566.644902981747,1.0,0.0,0.0,0.0,0,
ChemSpacE extreme-SVM,BertzCT,104.54545454545453,104.54545454545453,50,50,1.0,50,1.0,1.0,11301.177038701228,10566.644902981747,10566.644902981747,1.0,0.0,0.0,0.0,0,
ChemSpacE extreme-SVM,BertzCT,107.57575757575756,107.57575757575756,50,50,1.0,50,1.0,1.0,11301.177038701228,10566.644902981747,10566.644902981747,1.0,0.0,0.0,0.0,0,
ChemSpacE extreme-SVM,BertzCT,110.60606060606062,110.60606060606062,50,50,1.0,50,1.0,1.0,11301.177038701228,10566.644902981747,10566.644902981747,1.0,0.0,0.0,0.0,0,
ChemSpacE extreme-SVM,BertzCT,113.63636363636363,113.63636363636363,50,50,1.0,50,1.0,1.0,11301.177038701228,10566.644902981747,10566.644902981747,1.0,0.0,0.0,0.0,0,
ChemSpacE extreme-SVM,BertzCT,116.66666666666669,116.66666666666669,50,50,1.0,50,1.0,1.0,11301.177038701228,10566.644902981747,10566.644902981747,1.0,0.0,0.0,0.0,0,
ChemSpacE extreme-SVM,BertzCT,119.69696969696969,119.69696969696969,50,50,1.0,50,1.0,1.0,11301.177038701228,10566.644902981747,10566.644902981747,1.0,0.0,0.0,0.0,0,
ChemSpacE extreme-SVM,BertzCT,122.72727272727275,122.72727272727275,50,50,1.0,50,1.0,1.0,11301.177038701228,10566.644902981747,10566.644902981747,1.0,0.0,0.0,0.0,0,
ChemSpacE extreme-SVM,BertzCT,125.75757575757575,125.75757575757575,50,50,1.0,50,1.0,1.0,11301.177038701228,10566.644902981747,10566.644902981747,1.0,0.0,0.0,0.0,0,
ChemSpacE extreme-SVM,BertzCT,128.7878787878788,128.7878787878788,50,50,1.0,50,1.0,1.0,11301.177038701228,10566.644902981747,10566.644902981747,1.0,0.0,0.0,0.0,0,
ChemSpacE extreme-SVM,BertzCT,131.8181818181818,131.8181818181818,50,50,1.0,50,1.0,1.0,11301.177038701228,10566.644902981747,10566.644902981747,1.0,0.0,0.0,0.0,0,
ChemSpacE extreme-SVM,BertzCT,134.84848484848487,134.84848484848487,50,50,1.0,50,1.0,1.0,11301.177038701228,10566.644902981747,10566.644902981747,1.0,0.0,0.0,0.0,0,
ChemSpacE extreme-SVM,BertzCT,137.87878787878788,137.87878787878788,50,50,1.0,50,1.0,1.0,11301.177038701228,10566.644902981747,10566.644902981747,1.0,0.0,0.0,0.0,0,
ChemSpacE extreme-SVM,BertzCT,140.90909090909088,140.90909090909088,50,50,1.0,50,1.0,1.0,11301.177038701228,10566.644902981747,10566.644902981747,1.0,0.0,0.0,0.0,0,
ChemSpacE extreme-SVM,BertzCT,143.93939393939394,143.93939393939394,50,50,1.0,50,1.0,1.0,11301.177038701228,10566.644902981747,10566.644902981747,1.0,0.0,0.0,0.0,0,
ChemSpacE extreme-SVM,BertzCT,146.96969696969694,146.96969696969694,50,50,1.0,50,1.0,1.0,11301.177038701228,10566.644902981747,10566.644902981747,1.0,0.0,0.0,0.0,0,
ChemSpacE extreme-SVM,BertzCT,150.0,150.0,50,50,1.0,50,1.0,1.0,11301.177038701228,10566.644902981747,10566.644902981747,1.0,0.0,0.0,0.0,0,
ChemSpacE extreme-SVM,HeavyAtomCount,-150.0,150.0,50,0,0.0,0,0.0,,,,,,,,,0,
ChemSpacE extreme-SVM,HeavyAtomCount,-146.96969696969697,146.96969696969697,50,0,0.0,0,0.0,,,,,,,,,0,
ChemSpacE extreme-SVM,HeavyAtomCount,-143.93939393939394,143.93939393939394,50,0,0.0,0,0.0,,,,,,,,,0,
ChemSpacE extreme-SVM,HeavyAtomCount,-140.9090909090909,140.9090909090909,50,0,0.0,0,0.0,,,,,,,,,0,
ChemSpacE extreme-SVM,HeavyAtomCount,-137.87878787878788,137.87878787878788,50,0,0.0,0,0.0,,,,,,,,,0,
ChemSpacE extreme-SVM,HeavyAtomCount,-134.84848484848484,134.84848484848484,50,0,0.0,0,0.0,,,,,,,,,0,
ChemSpacE extreme-SVM,HeavyAtomCount,-131.8181818181818,131.8181818181818,50,0,0.0,0,0.0,,,,,,,,,0,
ChemSpacE extreme-SVM,HeavyAtomCount,-128.78787878787878,128.78787878787878,50,0,0.0,0,0.0,,,,,,,,,0,
ChemSpacE extreme-SVM,HeavyAtomCount,-125.75757575757575,125.75757575757575,50,0,0.0,0,0.0,,,,,,,,,0,
ChemSpacE extreme-SVM,HeavyAtomCount,-122.72727272727272,122.72727272727272,50,0,0.0,0,0.0,,,,,,,,,0,
ChemSpacE extreme-SVM,HeavyAtomCount,-119.69696969696969,119.69696969696969,50,0,0.0,0,0.0,,,,,,,,,0,
ChemSpacE extreme-SVM,HeavyAtomCount,-116.66666666666666,116.66666666666666,50,0,0.0,0,0.0,,,,,,,,,0,
ChemSpacE extreme-SVM,HeavyAtomCount,-113.63636363636364,113.63636363636364,50,0,0.0,0,0.0,,,,,,,,,0,
ChemSpacE extreme-SVM,HeavyAtomCount,-110.60606060606061,110.60606060606061,50,0,0.0,0,0.0,,,,,,,,,0,
ChemSpacE extreme-SVM,HeavyAtomCount,-107.57575757575758,107.57575757575758,50,0,0.0,0,0.0,,,,,,,,,0,
ChemSpacE extreme-SVM,HeavyAtomCount,-104.54545454545455,104.54545454545455,50,0,0.0,0,0.0,,,,,,,,,0,
ChemSpacE extreme-SVM,HeavyAtomCount,-101.51515151515152,101.51515151515152,50,0,0.0,0,0.0,,,,,,,,,0,
ChemSpacE extreme-SVM,HeavyAtomCount,-98.48484848484848,98.48484848484848,50,0,0.0,0,0.0,,,,,,,,,0,
ChemSpacE extreme-SVM,HeavyAtomCount,-95.45454545454545,95.45454545454545,50,0,0.0,0,0.0,,,,,,,,,0,
ChemSpacE extreme-SVM,HeavyAtomCount,-92.42424242424242,92.42424242424242,50,0,0.0,0,0.0,,,,,,,,,0,
ChemSpacE extreme-SVM,HeavyAtomCount,-89.39393939393939,89.39393939393939,50,0,0.0,0,0.0,,,,,,,,,0,
ChemSpacE extreme-SVM,HeavyAtomCount,-86.36363636363637,86.36363636363637,50,0,0.0,0,0.0,,,,,,,,,0,
ChemSpacE extreme-SVM,HeavyAtomCount,-83.33333333333333,83.33333333333333,50,0,0.0,0,0.0,,,,,,,,,0,
ChemSpacE extreme-SVM,HeavyAtomCount,-80.3030303030303,80.3030303030303,50,0,0.0,0,0.0,,,,,,,,,0,
ChemSpacE extreme-SVM,HeavyAtomCount,-77.27272727272728,77.27272727272728,50,0,0.0,0,0.0,,,,,,,,,0,
ChemSpacE extreme-SVM,HeavyAtomCount,-74.24242424242425,74.24242424242425,50,0,0.0,0,0.0,,,,,,,,,0,
ChemSpacE extreme-SVM,HeavyAtomCount,-71.21212121212122,71.21212121212122,50,0,0.0,0,0.0,,,,,,,,,0,
ChemSpacE extreme-SVM,HeavyAtomCount,-68.18181818181819,68.18181818181819,50,0,0.0,0,0.0,,,,,,,,,0,
ChemSpacE extreme-SVM,HeavyAtomCount,-65.15151515151516,65.15151515151516,50,0,0.0,0,0.0,,,,,,,,,0,
ChemSpacE extreme-SVM,HeavyAtomCount,-62.121212121212125,62.121212121212125,50,0,0.0,0,0.0,,,,,,,,,0,
ChemSpacE extreme-SVM,HeavyAtomCount,-59.09090909090909,59.09090909090909,50,0,0.0,0,0.0,,,,,,,,,0,
ChemSpacE extreme-SVM,HeavyAtomCount,-56.06060606060606,56.06060606060606,50,0,0.0,0,0.0,,,,,,,,,0,
ChemSpacE extreme-SVM,HeavyAtomCount,-53.03030303030303,53.03030303030303,50,0,0.0,0,0.0,,,,,,,,,0,
ChemSpacE extreme-SVM,HeavyAtomCount,-50.0,50.0,50,0,0.0,0,0.0,,,,,,,,,0,
ChemSpacE extreme-SVM,HeavyAtomCount,-46.96969696969697,46.96969696969697,50,0,0.0,0,0.0,,,,,,,,,0,
ChemSpacE extreme-SVM,HeavyAtomCount,-43.93939393939394,43.93939393939394,50,0,0.0,0,0.0,,,,,,,,,0,
ChemSpacE extreme-SVM,HeavyAtomCount,-40.90909090909091,40.90909090909091,50,0,0.0,0,0.0,,,,,,,,,0,
ChemSpacE extreme-SVM,HeavyAtomCount,-37.878787878787875,37.878787878787875,50,0,0.0,0,0.0,,,,,,,,,0,
ChemSpacE extreme-SVM,HeavyAtomCount,-34.848484848484844,34.848484848484844,50,0,0.0,0,0.0,,,,,,,,,0,
ChemSpacE extreme-SVM,HeavyAtomCount,-31.818181818181813,31.818181818181813,50,0,0.0,0,0.0,,,,,,,,,0,
ChemSpacE extreme-SVM,HeavyAtomCount,-28.787878787878782,28.787878787878782,50,0,0.0,0,0.0,,,,,,,,,0,
ChemSpacE extreme-SVM,HeavyAtomCount,-25.757575757575765,25.757575757575765,50,0,0.0,0,0.0,,,,,,,,,0,
ChemSpacE extreme-SVM,HeavyAtomCount,-22.727272727272734,22.727272727272734,50,8,0.16,8,0.16,1.0,1.0,-21.0,21.0,1.0,0.0,0.0,0.0,0,
ChemSpacE extreme-SVM,HeavyAtomCount,-19.69696969696969,19.69696969696969,50,14,0.28,14,0.28,1.0,1.0,-23.0,23.0,1.0,0.0,0.0,0.0,0,
ChemSpacE extreme-SVM,HeavyAtomCount,-16.666666666666657,16.666666666666657,50,31,0.62,31,0.62,1.0,1.0,-24.0,24.0,1.0,0.0,0.0,0.0,0,
ChemSpacE extreme-SVM,HeavyAtomCount,-13.636363636363626,13.636363636363626,50,44,0.88,44,0.88,1.0,1.0,-23.0,23.0,1.0,0.0,0.0,0.00416666666666665,0,
ChemSpacE extreme-SVM,HeavyAtomCount,-10.606060606060595,10.606060606060595,50,49,0.98,49,0.98,1.0,2.0,-22.0,22.0,1.0,0.027027027027027,0.0,0.0344827586206896,1,0.0
ChemSpacE extreme-SVM,HeavyAtomCount,-7.575757575757564,7.575757575757564,50,50,1.0,50,1.0,1.0,4.0,-20.0,20.0,1.0,0.054617676266137,0.0344827586206896,0.0789473684210526,3,0.0
ChemSpacE extreme-SVM,HeavyAtomCount,-4.545454545454561,4.545454545454561,50,50,1.0,50,1.0,1.0,9.5,-13.0,13.0,1.0,0.1257894736842105,0.06760563380281684,0.18645833333333334,23,0.0
ChemSpacE extreme-SVM,HeavyAtomCount,-1.5151515151515298,1.5151515151515298,50,50,1.0,18,0.36,0.36,23.0,0.0,0.0,0.26,1.0,0.5919642857142857,1.0,50,0.64
ChemSpacE extreme-SVM,HeavyAtomCount,1.5151515151515014,1.5151515151515014,50,50,1.0,22,0.44,0.44,26.0,0.0,0.0,0.42,1.0,0.5571754563894523,1.0,50,0.76
ChemSpacE extreme-SVM,HeavyAtomCount,4.5454545454545325,4.5454545454545325,50,50,1.0,45,0.9,0.9,32.0,6.0,6.0,0.74,0.26136363636363635,0.15791062801932365,0.37351190476190477,50,0.16
ChemSpacE extreme-SVM,HeavyAtomCount,7.575757575757564,7.575757575757564,50,50,1.0,49,0.98,0.98,34.5,9.5,9.5,0.88,0.1428571428571428,0.10824175824175822,0.17399577167019026,48,0.020833333333333332
ChemSpacE extreme-SVM,HeavyAtomCount,10.606060606060595,10.606060606060595,50,50,1.0,50,1.0,1.0,33.0,10.0,10.0,0.82,0.09736842105263155,0.0753055355859094,0.13357023411371235,45,0.0
ChemSpacE extreme-SVM,HeavyAtomCount,13.636363636363626,13.636363636363626,50,50,1.0,50,1.0,1.0,34.5,15.0,15.0,0.66,0.07725464190981429,0.06420370370370371,0.09871644847509685,39,0.0
ChemSpacE extreme-SVM,HeavyAtomCount,16.666666666666657,16.666666666666657,50,50,1.0,50,1.0,1.0,35.0,11.5,11.5,0.66,0.06798921417565479,0.0495400603890176,0.08634415186772808,36,0.0
ChemSpacE extreme-SVM,HeavyAtomCount,19.69696969696969,19.69696969696969,50,50,1.0,50,1.0,1.0,77.5,54.0,54.0,0.74,0.05910606541759285,0.0414812460267005,0.08047373215912534,23,0.0
ChemSpacE extreme-SVM,HeavyAtomCount,22.72727272727272,22.72727272727272,50,50,1.0,50,1.0,1.0,133.0,112.0,112.0,0.9,0.0435980243161094,0.0287264150943396,0.063625,4,0.0
ChemSpacE extreme-SVM,HeavyAtomCount,25.75757575757575,25.75757575757575,50,50,1.0,50,1.0,1.0,147.0,123.5,123.5,0.94,0.04478609625668445,0.029127481713688577,0.06812665489849948,0,
ChemSpacE extreme-SVM,HeavyAtomCount,28.787878787878782,28.787878787878782,50,50,1.0,50,1.0,1.0,150.5,125.5,125.5,1.0,0.0446022727272727,0.027623211446740827,0.0617283950617283,0,
ChemSpacE extreme-SVM,HeavyAtomCount,31.818181818181813,31.818181818181813,50,50,1.0,50,1.0,1.0,152.0,126.0,126.0,1.0,0.04270949437632985,0.025566289140572924,0.06370192307692307,0,
ChemSpacE extreme-SVM,HeavyAtomCount,34.848484848484844,34.848484848484844,50,50,1.0,50,1.0,1.0,152.0,127.5,127.5,1.0,0.04279176201372995,0.02698321891685735,0.05736714975845408,0,
ChemSpacE extreme-SVM,HeavyAtomCount,37.878787878787875,37.878787878787875,50,50,1.0,50,1.0,1.0,152.5,128.0,128.0,1.0,0.043167701863354,0.026681286549707573,0.06198382290336305,0,
ChemSpacE extreme-SVM,HeavyAtomCount,40.90909090909091,40.90909090909091,50,50,1.0,50,1.0,1.0,154.0,129.0,129.0,1.0,0.0416666666666666,0.028420659698656123,0.06692813765182185,0,
ChemSpacE extreme-SVM,HeavyAtomCount,43.93939393939394,43.93939393939394,50,50,1.0,50,1.0,1.0,154.0,129.0,129.0,1.0,0.042957227138643,0.028321005167696776,0.0666666666666666,0,
ChemSpacE extreme-SVM,HeavyAtomCount,46.96969696969697,46.96969696969697,50,50,1.0,50,1.0,1.0,154.0,129.0,129.0,1.0,0.04688644688644685,0.031141439205955274,0.06058319246558797,0,
ChemSpacE extreme-SVM,HeavyAtomCount,50.0,50.0,50,50,1.0,50,1.0,1.0,154.0,129.0,129.0,1.0,0.0441520467836257,0.029120879120879052,0.06064659977703453,0,
ChemSpacE extreme-SVM,HeavyAtomCount,53.03030303030303,53.03030303030303,50,50,1.0,50,1.0,1.0,154.0,129.0,129.0,1.0,0.0425724637681159,0.0251602564102564,0.060391752577319525,0,
ChemSpacE extreme-SVM,HeavyAtomCount,56.06060606060606,56.06060606060606,50,50,1.0,50,1.0,1.0,154.0,129.0,129.0,1.0,0.040956108470785554,0.0267567567567567,0.0555555555555555,0,
ChemSpacE extreme-SVM,HeavyAtomCount,59.09090909090909,59.09090909090909,50,50,1.0,50,1.0,1.0,154.0,129.0,129.0,1.0,0.046426005747126395,0.029888059701492525,0.05492076730608838,0,
ChemSpacE extreme-SVM,HeavyAtomCount,62.121212121212125,62.121212121212125,50,50,1.0,50,1.0,1.0,154.0,129.0,129.0,1.0,0.0434782608695652,0.027214714714714677,0.054422604422604375,0,
ChemSpacE extreme-SVM,HeavyAtomCount,65.15151515151516,65.15151515151516,50,50,1.0,50,1.0,1.0,154.0,129.0,129.0,1.0,0.0417391304347826,0.0297118847539015,0.0555555555555555,0,
ChemSpacE extreme-SVM,HeavyAtomCount,68.18181818181819,68.18181818181819,50,50,1.0,50,1.0,1.0,154.0,129.5,129.5,1.0,0.039736842105263154,0.0294117647058823,0.05315789473684208,0,
ChemSpacE extreme-SVM,HeavyAtomCount,71.21212121212122,71.21212121212122,50,50,1.0,50,1.0,1.0,154.0,129.0,129.0,1.0,0.040547945205479455,0.0304195804195804,0.052294197031039096,0,
ChemSpacE extreme-SVM,HeavyAtomCount,74.24242424242425,74.24242424242425,50,50,1.0,50,1.0,1.0,154.0,128.5,128.5,1.0,0.04,0.0296345811051693,0.04898202009518768,0,
ChemSpacE extreme-SVM,HeavyAtomCount,77.27272727272728,77.27272727272728,50,50,1.0,50,1.0,1.0,154.0,128.5,128.5,1.0,0.033342595165323646,0.0271195853387634,0.0476190476190476,0,
ChemSpacE extreme-SVM,HeavyAtomCount,80.30303030303031,80.30303030303031,50,50,1.0,50,1.0,1.0,154.0,128.5,128.5,1.0,0.036038961038960995,0.026403508771929797,0.04804934021801488,0,
ChemSpacE extreme-SVM,HeavyAtomCount,83.33333333333334,83.33333333333334,50,50,1.0,50,1.0,1.0,154.0,128.5,128.5,1.0,0.036038961038960995,0.0251602564102564,0.0454545454545454,0,
ChemSpacE extreme-SVM,HeavyAtomCount,86.36363636363637,86.36363636363637,50,50,1.0,50,1.0,1.0,154.0,128.5,128.5,1.0,0.0325224748810153,0.024390243902439,0.046247357293868877,0,
ChemSpacE extreme-SVM,HeavyAtomCount,89.3939393939394,89.3939393939394,50,50,1.0,50,1.0,1.0,154.0,129.0,129.0,1.0,0.031024531024531003,0.024390243902439,0.0454545454545454,0,
ChemSpacE extreme-SVM,HeavyAtomCount,92.42424242424244,92.42424242424244,50,50,1.0,50,1.0,1.0,154.0,129.0,129.0,1.0,0.0303030303030303,0.021887034659820226,0.04234693877551015,0,
ChemSpacE extreme-SVM,HeavyAtomCount,95.45454545454544,95.45454545454544,50,50,1.0,50,1.0,1.0,154.0,129.0,129.0,1.0,0.0303030303030303,0.0183928571428571,0.04,0,
ChemSpacE extreme-SVM,HeavyAtomCount,98.48484848484847,98.48484848484847,50,50,1.0,50,1.0,1.0,154.0,129.0,129.0,1.0,0.0298573975044563,0.019807923169267702,0.041914893617021276,0,
ChemSpacE extreme-SVM,HeavyAtomCount,101.5151515151515,101.5151515151515,50,50,1.0,50,1.0,1.0,154.0,129.0,129.0,1.0,0.0298573975044563,0.019052904180540075,0.04,0,
ChemSpacE extreme-SVM,HeavyAtomCount,104.54545454545453,104.54545454545453,50,50,1.0,50,1.0,1.0,154.0,129.0,129.0,0.98,0.0294117647058823,0.0187908496732026,0.04,0,
ChemSpacE extreme-SVM,HeavyAtomCount,107.57575757575756,107.57575757575756,50,50,1.0,50,1.0,1.0,154.0,129.0,129.0,0.98,0.030076888285843498,0.0194650675804302,0.03980392156862745,0,
ChemSpacE extreme-SVM,HeavyAtomCount,110.60606060606062,110.60606060606062,50,50,1.0,50,1.0,1.0,154.0,129.0,129.0,0.98,0.0303030303030303,0.019807923169267702,0.04124999999999995,0,
ChemSpacE extreme-SVM,HeavyAtomCount,113.63636363636363,113.63636363636363,50,50,1.0,50,1.0,1.0,154.0,129.0,129.0,0.98,0.02838164251207725,0.0178571428571428,0.04,0,
ChemSpacE extreme-SVM,HeavyAtomCount,116.66666666666669,116.66666666666669,50,50,1.0,50,1.0,1.0,154.0,129.0,129.0,0.98,0.0290558604193049,0.019807923169267702,0.03980392156862745,0,
ChemSpacE extreme-SVM,HeavyAtomCount,119.69696969696969,119.69696969696969,50,50,1.0,50,1.0,1.0,154.0,129.0,129.0,0.98,0.029198635976129553,0.019807923169267702,0.03980392156862745,0,
ChemSpacE extreme-SVM,HeavyAtomCount,122.72727272727275,122.72727272727275,50,50,1.0,50,1.0,1.0,154.0,129.0,129.0,0.98,0.029198635976129553,0.019807923169267702,0.04,0,
ChemSpacE extreme-SVM,HeavyAtomCount,125.75757575757575,125.75757575757575,50,50,1.0,50,1.0,1.0,154.0,129.0,129.0,0.98,0.0294117647058823,0.019807923169267702,0.04,0,
ChemSpacE extreme-SVM,HeavyAtomCount,128.7878787878788,128.7878787878788,50,50,1.0,50,1.0,1.0,154.0,129.0,129.0,0.98,0.029198635976129553,0.019325037707390625,0.04124999999999995,0,
ChemSpacE extreme-SVM,HeavyAtomCount,131.8181818181818,131.8181818181818,50,50,1.0,50,1.0,1.0,154.0,129.0,129.0,0.98,0.02877846790890265,0.019807923169267702,0.04,0,
ChemSpacE extreme-SVM,HeavyAtomCount,134.84848484848487,134.84848484848487,50,50,1.0,50,1.0,1.0,154.0,129.0,129.0,0.98,0.02877846790890265,0.019052904180540075,0.04,0,
ChemSpacE extreme-SVM,HeavyAtomCount,137.87878787878788,137.87878787878788,50,50,1.0,50,1.0,1.0,154.0,129.0,129.0,0.98,0.029198635976129553,0.019807923169267702,0.03980392156862745,0,
ChemSpacE extreme-SVM,HeavyAtomCount,140.90909090909088,140.90909090909088,50,50,1.0,50,1.0,1.0,154.0,129.0,129.0,0.98,0.029198635976129553,0.019807923169267702,0.03980392156862745,0,
ChemSpacE extreme-SVM,HeavyAtomCount,143.93939393939394,143.93939393939394,50,50,1.0,50,1.0,1.0,154.0,129.0,129.0,0.98,0.029198635976129553,0.0185383244206773,0.04,0,
ChemSpacE extreme-SVM,HeavyAtomCount,146.96969696969694,146.96969696969694,50,50,1.0,50,1.0,1.0,154.0,129.5,129.5,0.98,0.029198635976129553,0.0185383244206773,0.04,0,
ChemSpacE extreme-SVM,HeavyAtomCount,150.0,150.0,50,50,1.0,50,1.0,1.0,154.0,129.5,129.5,0.98,0.029198635976129553,0.019807923169267702,0.04,0,
