method,scale,property,alpha,requested_candidates,valid_fraction,unique_canonical_fraction_total,changed_from_seed_fraction_all,median_property,median_property_delta,median_sa_score,median_sa_score_delta,median_np_likeness_score,median_np_likeness_delta,fraction_at_decoder_token_budget,expected_sign_fraction_valid,median_seed_similarity,q25_seed_similarity,q75_seed_similarity,scaffold_retention_fraction
MolecuLA continuous OLS,native_l2,FractionCSP3,-150.0,50,1.0,1.0,1.0,0.0,-0.27420824789245835,5.97049367229083,3.3294587156203126,0.546778384824294,1.3558348128297624,0.34,0.88,0.04504732927653815,0.0337554751475909,0.05659340659340655,0.0
MolecuLA continuous OLS,native_l2,FractionCSP3,-135.0,50,1.0,1.0,1.0,0.060661764705882346,-0.24395604395604392,5.963023122230013,3.4072433836237987,0.7806642101748456,1.3933518105906733,0.12,0.84,0.0509574813372281,0.04227941176470583,0.06309297912713467,0.0
MolecuLA continuous OLS,native_l2,FractionCSP3,-120.0,50,1.0,1.0,1.0,0.08166666666666665,-0.1902852049910873,5.825550208727153,3.1882626316825258,0.7613191841162923,1.456748115546634,0.04,0.88,0.0547452547452547,0.0434782608695652,0.0714946070878274,0.0
MolecuLA continuous OLS,native_l2,FractionCSP3,-105.0,50,1.0,1.0,1.0,0.0909090909090909,-0.19473684210526315,5.809558078145952,3.2236385636573193,0.8097361723509449,1.6100204279100174,0.02,0.88,0.060024009603841494,0.044199346405228726,0.07326300085251486,0.0
MolecuLA continuous OLS,native_l2,FractionCSP3,-90.0,50,1.0,1.0,1.0,0.10818713450292394,-0.1754147812971342,5.478937185548483,2.9043786572801715,0.8130946615679915,1.7083357303134041,0.0,0.82,0.06201923076923075,0.051392572944297,0.07554945054945053,0.0
MolecuLA continuous OLS,native_l2,FractionCSP3,-75.0,50,1.0,1.0,1.0,0.11239495798319324,-0.20146520146520142,5.335763698116936,2.784249449580548,0.857134475618802,1.7671651547003862,0.0,0.82,0.0844221958255557,0.054984779299847776,0.09356831395348836,0.0
MolecuLA continuous OLS,native_l2,FractionCSP3,-60.0,50,1.0,1.0,1.0,0.125,-0.1713141025641025,5.048743093748504,2.568037630739088,0.7721330041921485,1.6277310924507682,0.0,0.8,0.0957468457468457,0.06811928311147465,0.12729807890931624,0.02127659574468085
MolecuLA continuous OLS,native_l2,FractionCSP3,-45.0,50,1.0,1.0,1.0,0.17519181585677746,-0.1014705882352941,4.6381820413234305,2.2861499103637013,0.5155406245432166,1.3970583304316861,0.0,0.76,0.1176470588235294,0.08910256410256402,0.15727341964965724,0.041666666666666664
MolecuLA continuous OLS,native_l2,FractionCSP3,-30.0,50,1.0,1.0,0.84,0.21637426900584789,-0.042482517482517454,3.362049254100276,0.935763964764746,-0.08001588198226293,0.31262548845261084,0.0,0.64,0.2606818181818181,0.1891135972461273,0.4798387096774194,0.2708333333333333
MolecuLA continuous OLS,native_l2,FractionCSP3,-15.0,50,1.0,1.0,0.12,0.2928571428571428,0.0,2.4661114655710445,0.0,-0.6081236832792594,0.0,0.0,0.08,1.0,1.0,1.0,0.88
MolecuLA continuous OLS,native_l2,FractionCSP3,0.0,50,1.0,1.0,0.04,0.2857142857142857,0.0,2.4512319297902634,0.0,-0.8399808981387062,0.0,0.0,,1.0,1.0,1.0,0.96
MolecuLA continuous OLS,native_l2,FractionCSP3,15.0,50,1.0,1.0,0.16,0.3038461538461539,3.469446951953614e-18,2.538164933518102,0.0,-0.727606605999077,0.0,0.0,0.5,1.0,1.0,1.0,0.84
MolecuLA continuous OLS,native_l2,FractionCSP3,30.0,50,1.0,1.0,0.94,0.5683229813664596,0.20714285714285716,4.459977653454548,1.908391490275756,0.4468512292300515,1.2561472060556351,0.0,0.94,0.20172764227642276,0.1325068870523416,0.29594017094017094,0.06666666666666667
MolecuLA continuous OLS,native_l2,FractionCSP3,45.0,50,1.0,1.0,1.0,0.7142857142857143,0.41666666666666663,4.619776843413739,2.189684476472591,0.7176743085637471,1.504754203992301,0.0,1.0,0.11180555555555555,0.09041999305796593,0.15120475238729736,0.0
MolecuLA continuous OLS,native_l2,FractionCSP3,60.0,50,1.0,1.0,1.0,0.8722826086956521,0.5681159420289855,4.477062046931947,1.9151489205239418,0.723457807154531,1.6329638867349827,0.0,1.0,0.0871212121212121,0.06694915254237283,0.12152847152847145,0.0
MolecuLA continuous OLS,native_l2,FractionCSP3,75.0,50,1.0,1.0,1.0,0.9473684210526316,0.6284325889164599,4.295760093070829,1.926292215381216,0.8309807293240392,1.7310463588229408,0.02,1.0,0.0694444444444444,0.0526315789473684,0.10189293108547764,0.0
MolecuLA continuous OLS,native_l2,FractionCSP3,90.0,50,1.0,1.0,1.0,0.9666295884315907,0.6772030651340997,4.6219044066171,1.9787426836985729,0.9294730309625248,1.6951407081458298,0.02,1.0,0.0629960317460317,0.04020408163265305,0.0879298245614035,0.0
MolecuLA continuous OLS,native_l2,FractionCSP3,105.0,50,1.0,1.0,1.0,0.9692234848484849,0.6721153846153847,4.438730951938895,1.9337745779456554,0.9765344906883945,1.6484017184505864,0.02,1.0,0.056513409961685745,0.033281964605289246,0.07568610634648365,0.0
MolecuLA continuous OLS,native_l2,FractionCSP3,120.0,50,1.0,1.0,1.0,0.9706861376570385,0.6483410138248848,4.654687153475599,2.1317294666435287,0.859524710574519,1.5938842351318185,0.1,1.0,0.05887445887445885,0.03552473891456938,0.07299399080947325,0.0
MolecuLA continuous OLS,native_l2,FractionCSP3,135.0,50,1.0,0.98,1.0,0.9862502362502362,0.643931623931624,5.052172181531674,2.5808995647919906,0.44351850174707474,1.394701723353765,0.52,1.0,0.051151229722658245,0.03312211981566817,0.07486702127659572,0.0
MolecuLA continuous OLS,native_l2,FractionCSP3,150.0,50,1.0,0.82,1.0,1.0,0.7105052481764811,5.548467138267421,2.8478275445193906,0.1444617369057933,1.1348157626037083,0.8,1.0,0.0441176470588235,0.032390269698572144,0.0616024187452758,0.0
MolecuLA continuous OLS,train_std_unit,FractionCSP3,-150.0,50,1.0,1.0,0.04,0.2857142857142857,0.0,2.4512319297902634,0.0,-0.8399808981387062,0.0,0.0,0.02,1.0,1.0,1.0,0.96
MolecuLA continuous OLS,train_std_unit,FractionCSP3,-135.0,50,1.0,1.0,0.04,0.2857142857142857,0.0,2.4512319297902634,0.0,-0.8399808981387062,0.0,0.0,0.02,1.0,1.0,1.0,0.96
MolecuLA continuous OLS,train_std_unit,FractionCSP3,-120.0,50,1.0,1.0,0.04,0.2857142857142857,0.0,2.4512319297902634,0.0,-0.8399808981387062,0.0,0.0,0.02,1.0,1.0,1.0,0.96
MolecuLA continuous OLS,train_std_unit,FractionCSP3,-105.0,50,1.0,1.0,0.04,0.2857142857142857,0.0,2.4512319297902634,0.0,-0.8399808981387062,0.0,0.0,0.02,1.0,1.0,1.0,0.96
MolecuLA continuous OLS,train_std_unit,FractionCSP3,-90.0,50,1.0,1.0,0.04,0.2857142857142857,0.0,2.4512319297902634,0.0,-0.8399808981387062,0.0,0.0,0.02,1.0,1.0,1.0,0.96
MolecuLA continuous OLS,train_std_unit,FractionCSP3,-75.0,50,1.0,1.0,0.04,0.2857142857142857,0.0,2.4512319297902634,0.0,-0.8399808981387062,0.0,0.0,0.02,1.0,1.0,1.0,0.96
MolecuLA continuous OLS,train_std_unit,FractionCSP3,-60.0,50,1.0,1.0,0.04,0.2857142857142857,0.0,2.4512319297902634,0.0,-0.8399808981387062,0.0,0.0,0.02,1.0,1.0,1.0,0.96
MolecuLA continuous OLS,train_std_unit,FractionCSP3,-45.0,50,1.0,1.0,0.04,0.2857142857142857,0.0,2.4512319297902634,0.0,-0.8399808981387062,0.0,0.0,0.0,1.0,1.0,1.0,0.96
MolecuLA continuous OLS,train_std_unit,FractionCSP3,-30.0,50,1.0,1.0,0.04,0.2857142857142857,0.0,2.4512319297902634,0.0,-0.8399808981387062,0.0,0.0,0.0,1.0,1.0,1.0,0.96
MolecuLA continuous OLS,train_std_unit,FractionCSP3,-15.0,50,1.0,1.0,0.04,0.2857142857142857,0.0,2.4512319297902634,0.0,-0.8399808981387062,0.0,0.0,0.0,1.0,1.0,1.0,0.96
MolecuLA continuous OLS,train_std_unit,FractionCSP3,0.0,50,1.0,1.0,0.04,0.2857142857142857,0.0,2.4512319297902634,0.0,-0.8399808981387062,0.0,0.0,,1.0,1.0,1.0,0.96
MolecuLA continuous OLS,train_std_unit,FractionCSP3,15.0,50,1.0,1.0,0.04,0.2857142857142857,0.0,2.4512319297902634,0.0,-0.8399808981387062,0.0,0.0,0.42,1.0,1.0,1.0,0.96
MolecuLA continuous OLS,train_std_unit,FractionCSP3,30.0,50,1.0,1.0,0.06,0.2857142857142857,0.0,2.4512319297902634,0.0,-0.8399808981387062,0.0,0.0,0.42,1.0,1.0,1.0,0.94
MolecuLA continuous OLS,train_std_unit,FractionCSP3,45.0,50,1.0,1.0,0.06,0.2857142857142857,0.0,2.4512319297902634,0.0,-0.8399808981387062,0.0,0.0,0.42,1.0,1.0,1.0,0.94
MolecuLA continuous OLS,train_std_unit,FractionCSP3,60.0,50,1.0,1.0,0.06,0.2857142857142857,0.0,2.4512319297902634,0.0,-0.8399808981387062,0.0,0.0,0.42,1.0,1.0,1.0,0.94
MolecuLA continuous OLS,train_std_unit,FractionCSP3,75.0,50,1.0,1.0,0.06,0.2857142857142857,0.0,2.4512319297902634,0.0,-0.8399808981387062,0.0,0.0,0.42,1.0,1.0,1.0,0.94
MolecuLA continuous OLS,train_std_unit,FractionCSP3,90.0,50,1.0,1.0,0.06,0.2857142857142857,0.0,2.4512319297902634,0.0,-0.8399808981387062,0.0,0.0,0.42,1.0,1.0,1.0,0.94
MolecuLA continuous OLS,train_std_unit,FractionCSP3,105.0,50,1.0,1.0,0.06,0.2857142857142857,0.0,2.4512319297902634,0.0,-0.8399808981387062,0.0,0.0,0.42,1.0,1.0,1.0,0.94
MolecuLA continuous OLS,train_std_unit,FractionCSP3,120.0,50,1.0,1.0,0.06,0.2857142857142857,0.0,2.4512319297902634,0.0,-0.8399808981387062,0.0,0.0,0.42,1.0,1.0,1.0,0.94
MolecuLA continuous OLS,train_std_unit,FractionCSP3,135.0,50,1.0,1.0,0.06,0.2857142857142857,0.0,2.4512319297902634,0.0,-0.8399808981387062,0.0,0.0,0.42,1.0,1.0,1.0,0.94
MolecuLA continuous OLS,train_std_unit,FractionCSP3,150.0,50,1.0,1.0,0.06,0.2857142857142857,0.0,2.4512319297902634,0.0,-0.8399808981387062,0.0,0.0,0.42,1.0,1.0,1.0,0.94
MolecuLA continuous OLS,native_l2,HBA,-150.0,50,1.0,0.32,1.0,0.0,-4.0,3.6582262694042136,1.3772973712793766,0.2702114798440666,1.2557568367914858,0.0,1.0,0.02128623188405795,0.0,0.032692307692307646,0.0
MolecuLA continuous OLS,native_l2,HBA,-135.0,50,1.0,0.6,1.0,0.0,-4.0,3.7197266484622697,1.2103029177660574,0.44637619139585,1.40761634885587,0.0,1.0,0.02326839826839825,0.0,0.0384615384615384,0.0
MolecuLA continuous OLS,native_l2,HBA,-120.0,50,1.0,0.72,1.0,0.0,-4.0,3.724064730942675,1.3243165367527343,0.9207276098330168,1.7864948348471954,0.0,1.0,0.026671408250355598,0.0166666666666666,0.05736714975845408,0.0
MolecuLA continuous OLS,native_l2,HBA,-105.0,50,1.0,0.88,1.0,0.0,-4.0,3.724064730942675,1.1959404928913369,1.2567609440285799,1.8569465040133908,0.0,1.0,0.0452338359315103,0.027413127413127375,0.0619352409638554,0.0
MolecuLA continuous OLS,native_l2,HBA,-90.0,50,1.0,0.94,1.0,0.0,-4.0,3.6199894807532336,1.0718037284596398,1.1759309112003793,1.9464089536151392,0.0,1.0,0.057189542483660094,0.03404441846873167,0.08065208065208057,0.0
MolecuLA continuous OLS,native_l2,HBA,-75.0,50,1.0,0.96,1.0,0.0,-4.0,3.836048697939546,1.4320699282201907,1.3922320810059126,2.0904911643944946,0.0,1.0,0.0636968516715352,0.0473513719512195,0.0841000575043128,0.0
MolecuLA continuous OLS,native_l2,HBA,-60.0,50,1.0,1.0,1.0,0.0,-3.0,3.636287830691294,1.021207341982214,1.1641122854919954,1.9962190585939672,0.0,1.0,0.08031326781326775,0.0625,0.10153061224489796,0.0
MolecuLA continuous OLS,native_l2,HBA,-45.0,50,1.0,1.0,1.0,1.0,-2.0,3.9688040044342294,1.240726725971785,0.797903491770183,1.513959901711945,0.0,0.98,0.13126566416040095,0.09575471698113205,0.1631343283582089,0.0
MolecuLA continuous OLS,native_l2,HBA,-30.0,50,1.0,1.0,0.8,3.0,-1.0,3.1208181298236375,0.5405997875050823,-0.013021901387075006,0.7415033752816634,0.0,0.62,0.3389189189189189,0.16891891891891886,0.601828499369483,0.2765957446808511
MolecuLA continuous OLS,native_l2,HBA,-15.0,50,1.0,1.0,0.08,4.0,0.0,2.4661114655710445,0.0,-0.9046971310677188,0.0,0.0,0.06,1.0,1.0,1.0,0.92
MolecuLA continuous OLS,native_l2,HBA,0.0,50,1.0,1.0,0.04,4.0,0.0,2.4512319297902634,0.0,-0.8399808981387062,0.0,0.0,,1.0,1.0,1.0,0.96
MolecuLA continuous OLS,native_l2,HBA,15.0,50,1.0,1.0,0.3,4.0,0.0,2.6306036820454226,0.0,-0.6850681847097368,0.0,0.0,0.22,1.0,0.6887531328320802,1.0,0.84
MolecuLA continuous OLS,native_l2,HBA,30.0,50,1.0,1.0,0.82,6.0,2.0,4.012833729663861,1.3070028794154767,-0.20558726254142579,0.6937529500560273,0.0,0.78,0.3314393939393939,0.18011782032400586,0.5259541117673785,0.2916666666666667
MolecuLA continuous OLS,native_l2,HBA,45.0,50,1.0,1.0,0.98,8.0,4.0,4.96700661407074,2.4655328544571677,0.31815201266623244,1.1293100324475613,0.0,0.9,0.1406593406593406,0.10094339622641507,0.19166666666666662,0.045454545454545456
MolecuLA continuous OLS,native_l2,HBA,60.0,50,1.0,1.0,1.0,11.0,7.0,5.82791835495466,3.132248950082949,0.23418664447486393,1.0446301809897083,0.02,0.96,0.11594473487677365,0.08937266677487421,0.13565145684441998,0.0
MolecuLA continuous OLS,native_l2,HBA,75.0,50,1.0,1.0,1.0,13.0,9.0,5.727937561567753,3.00132340798644,0.2527679953252821,0.915268633459279,0.08,0.9,0.0909090909090909,0.06958128078817732,0.10610302351623735,0.0
MolecuLA continuous OLS,native_l2,HBA,90.0,50,1.0,1.0,1.0,14.5,11.0,6.045592904330498,3.767518669786743,0.16166424660212578,0.744332158675145,0.08,0.9,0.08207070707070704,0.06292067819715423,0.10681818181818176,0.0
MolecuLA continuous OLS,native_l2,HBA,105.0,50,1.0,1.0,1.0,16.0,12.0,6.355448336965242,3.5653243581550345,0.10462454920218693,0.9895588023227142,0.48,0.88,0.07626317702653579,0.05608974358974352,0.09378858553985457,0.0
MolecuLA continuous OLS,native_l2,HBA,120.0,50,1.0,1.0,1.0,19.0,15.0,6.864625277370868,4.328439313085413,0.09531458371130971,0.8493614311602666,0.84,0.86,0.06411009174311924,0.05080213903743308,0.0833333333333333,0.0
MolecuLA continuous OLS,native_l2,HBA,135.0,50,1.0,0.98,1.0,19.0,15.0,6.480476503567398,4.00537690340723,0.007827807514560244,0.7853391477358432,1.0,0.94,0.06073781291172595,0.047762478485370026,0.08750537634408599,0.0
MolecuLA continuous OLS,native_l2,HBA,150.0,50,1.0,0.98,1.0,24.0,19.5,6.676003194112308,4.1562749000352355,0.030616804354634743,0.7874004579607826,1.0,0.94,0.05513029774300665,0.04609090909090905,0.07328177384943607,0.0
MolecuLA continuous OLS,train_std_unit,HBA,-150.0,50,1.0,1.0,0.04,4.0,0.0,2.4512319297902634,0.0,-0.9046971310677188,0.0,0.0,0.02,1.0,1.0,1.0,0.96
MolecuLA continuous OLS,train_std_unit,HBA,-135.0,50,1.0,1.0,0.04,4.0,0.0,2.4512319297902634,0.0,-0.9046971310677188,0.0,0.0,0.02,1.0,1.0,1.0,0.96
MolecuLA continuous OLS,train_std_unit,HBA,-120.0,50,1.0,1.0,0.02,4.0,0.0,2.4512319297902634,0.0,-0.9046971310677188,0.0,0.0,0.0,1.0,1.0,1.0,0.98
MolecuLA continuous OLS,train_std_unit,HBA,-105.0,50,1.0,1.0,0.02,4.0,0.0,2.4512319297902634,0.0,-0.9046971310677188,0.0,0.0,0.0,1.0,1.0,1.0,0.98
MolecuLA continuous OLS,train_std_unit,HBA,-90.0,50,1.0,1.0,0.02,4.0,0.0,2.4512319297902634,0.0,-0.9046971310677188,0.0,0.0,0.0,1.0,1.0,1.0,0.98
MolecuLA continuous OLS,train_std_unit,HBA,-75.0,50,1.0,1.0,0.02,4.0,0.0,2.4512319297902634,0.0,-0.9046971310677188,0.0,0.0,0.0,1.0,1.0,1.0,0.98
MolecuLA continuous OLS,train_std_unit,HBA,-60.0,50,1.0,1.0,0.02,4.0,0.0,2.4512319297902634,0.0,-0.9046971310677188,0.0,0.0,0.0,1.0,1.0,1.0,0.98
MolecuLA continuous OLS,train_std_unit,HBA,-45.0,50,1.0,1.0,0.02,4.0,0.0,2.4512319297902634,0.0,-0.9046971310677188,0.0,0.0,0.0,1.0,1.0,1.0,0.98
MolecuLA continuous OLS,train_std_unit,HBA,-30.0,50,1.0,1.0,0.02,4.0,0.0,2.4512319297902634,0.0,-0.9046971310677188,0.0,0.0,0.0,1.0,1.0,1.0,0.98
MolecuLA continuous OLS,train_std_unit,HBA,-15.0,50,1.0,1.0,0.04,4.0,0.0,2.4512319297902634,0.0,-0.8399808981387062,0.0,0.0,0.02,1.0,1.0,1.0,0.96
MolecuLA continuous OLS,train_std_unit,HBA,0.0,50,1.0,1.0,0.04,4.0,0.0,2.4512319297902634,0.0,-0.8399808981387062,0.0,0.0,,1.0,1.0,1.0,0.96
MolecuLA continuous OLS,train_std_unit,HBA,15.0,50,1.0,1.0,0.04,4.0,0.0,2.4512319297902634,0.0,-0.8399808981387062,0.0,0.0,0.0,1.0,1.0,1.0,0.96
MolecuLA continuous OLS,train_std_unit,HBA,30.0,50,1.0,1.0,0.04,4.0,0.0,2.4512319297902634,0.0,-0.8399808981387062,0.0,0.0,0.0,1.0,1.0,1.0,0.96
MolecuLA continuous OLS,train_std_unit,HBA,45.0,50,1.0,1.0,0.06,4.0,0.0,2.4512319297902634,0.0,-0.8399808981387062,0.0,0.0,0.0,1.0,1.0,1.0,0.94
MolecuLA continuous OLS,train_std_unit,HBA,60.0,50,1.0,1.0,0.04,4.0,0.0,2.4512319297902634,0.0,-0.9046971310677188,0.0,0.0,0.0,1.0,1.0,1.0,0.96
MolecuLA continuous OLS,train_std_unit,HBA,75.0,50,1.0,1.0,0.06,4.0,0.0,2.4512319297902634,0.0,-0.8399808981387062,0.0,0.0,0.0,1.0,1.0,1.0,0.94
MolecuLA continuous OLS,train_std_unit,HBA,90.0,50,1.0,1.0,0.06,4.0,0.0,2.4512319297902634,0.0,-0.8399808981387062,0.0,0.0,0.0,1.0,1.0,1.0,0.94
MolecuLA continuous OLS,train_std_unit,HBA,105.0,50,1.0,1.0,0.06,4.0,0.0,2.4512319297902634,0.0,-0.8399808981387062,0.0,0.0,0.0,1.0,1.0,1.0,0.94
MolecuLA continuous OLS,train_std_unit,HBA,120.0,50,1.0,1.0,0.06,4.0,0.0,2.4512319297902634,0.0,-0.8399808981387062,0.0,0.0,0.0,1.0,1.0,1.0,0.94
MolecuLA continuous OLS,train_std_unit,HBA,135.0,50,1.0,1.0,0.06,4.0,0.0,2.4512319297902634,0.0,-0.8399808981387062,0.0,0.0,0.0,1.0,1.0,1.0,0.94
MolecuLA continuous OLS,train_std_unit,HBA,150.0,50,1.0,1.0,0.08,4.0,0.0,2.4512319297902634,0.0,-0.8713744615904248,0.0,0.0,0.02,1.0,1.0,1.0,0.94
MolecuLA continuous OLS,native_l2,TPSA,-150.0,50,1.0,0.88,1.0,0.0,-57.785000000000004,3.2608657886691494,0.4449951898967863,1.1598557854860942,1.7237150549390088,0.1,1.0,0.04,0.0295215100965759,0.0603799185888738,0.0
MolecuLA continuous OLS,native_l2,TPSA,-135.0,50,1.0,0.94,1.0,0.0,-57.785000000000004,3.142107396699453,0.47295718788941965,1.6950478299998397,2.084676035226253,0.0,1.0,0.052522746071133095,0.029803646563814852,0.06408591408591405,0.0
MolecuLA continuous OLS,native_l2,TPSA,-120.0,50,1.0,0.98,1.0,0.0,-57.785000000000004,3.566921299333291,0.89938279958437,1.7660924558215838,2.352858685941789,0.0,1.0,0.057641196013289,0.0318181818181818,0.07332887700534753,0.0
MolecuLA continuous OLS,native_l2,TPSA,-105.0,50,1.0,0.98,1.0,0.0,-55.580000000000005,3.6600051629283628,1.2526636996770497,1.728603274348773,2.339508188059681,0.0,1.0,0.06201923076923075,0.04805996472663138,0.08059881349647749,0.0
MolecuLA continuous OLS,native_l2,TPSA,-90.0,50,1.0,1.0,1.0,0.0,-55.580000000000005,3.9706922738013524,1.5565309506683,1.635889707312371,2.4057057192744336,0.0,1.0,0.06557572861920685,0.0476190476190476,0.08191410588670861,0.0
MolecuLA continuous OLS,native_l2,TPSA,-75.0,50,1.0,1.0,1.0,0.0,-52.745000000000005,4.241200024934798,1.6164908554531272,1.281355661940676,1.9926714107576764,0.0,1.0,0.0666666666666666,0.059568230277185476,0.0833333333333333,0.0
MolecuLA continuous OLS,native_l2,TPSA,-60.0,50,1.0,1.0,1.0,9.23,-43.86,4.4918915816415685,1.9262926756139755,1.1748855663456408,1.8931163467265255,0.0,1.0,0.09476495726495725,0.07222814498933897,0.12946428571428567,0.0
MolecuLA continuous OLS,native_l2,TPSA,-45.0,50,1.0,1.0,0.98,28.615000000000002,-25.615000000000002,3.8332743135596403,1.0161158502222611,0.5763505561779032,1.129096390618912,0.0,0.94,0.16681157620171405,0.11009485094850947,0.2374378109452736,0.11363636363636363
MolecuLA continuous OLS,native_l2,TPSA,-30.0,50,1.0,1.0,0.64,51.379999999999995,0.0,2.7826751473562634,0.0717486288815401,-0.3647562547209402,0.01165289374058671,0.0,0.46,0.4645354645354645,0.28928571428571426,1.0,0.38
MolecuLA continuous OLS,native_l2,TPSA,-15.0,50,1.0,1.0,0.08,57.785000000000004,0.0,2.4512319297902634,0.0,-0.8399808981387062,0.0,0.0,0.1,1.0,1.0,1.0,0.92
MolecuLA continuous OLS,native_l2,TPSA,0.0,50,1.0,1.0,0.04,57.785000000000004,0.0,2.4512319297902634,0.0,-0.8399808981387062,0.0,0.0,,1.0,1.0,1.0,0.96
MolecuLA continuous OLS,native_l2,TPSA,15.0,50,1.0,1.0,0.18,58.53,0.0,2.4661114655710445,0.0,-0.6690392300402616,0.0,0.0,0.18,1.0,1.0,1.0,0.84
MolecuLA continuous OLS,native_l2,TPSA,30.0,50,1.0,1.0,0.76,93.285,29.264999999999997,3.2504962898031478,0.7918483365176332,-0.44508471412602446,0.1461457138172308,0.0,0.74,0.48639269406392693,0.26453260015710917,0.8078358208955224,0.4791666666666667
MolecuLA continuous OLS,native_l2,TPSA,45.0,50,1.0,1.0,0.94,114.295,57.94000000000001,4.160831671763133,1.6054370892887349,0.07003742243347665,0.6938110016208345,0.0,0.86,0.18927203065134096,0.13115942028985503,0.3170644048303623,0.16279069767441862
MolecuLA continuous OLS,native_l2,TPSA,60.0,50,1.0,1.0,1.0,144.615,84.00499999999997,4.712205926080439,2.0604097533853993,0.15846615195020486,1.0422994734335858,0.0,0.94,0.12422839506172835,0.09280893042575278,0.1766666666666666,0.05128205128205128
MolecuLA continuous OLS,native_l2,TPSA,75.0,50,1.0,1.0,1.0,171.305,90.01,5.040110314783819,2.4312506939641616,0.1539255210018976,1.0602248855665595,0.02,0.98,0.08957219251336895,0.07492607924305138,0.11796855809383439,0.03333333333333333
MolecuLA continuous OLS,native_l2,TPSA,90.0,50,1.0,1.0,1.0,164.07500000000002,106.19000000000001,5.252530892943456,2.704865919021816,0.2271404922312672,1.113675585921822,0.06,0.88,0.0829510703363914,0.05729166666666662,0.10446239806704917,0.0
MolecuLA continuous OLS,native_l2,TPSA,105.0,50,1.0,1.0,1.0,167.315,108.33500000000001,5.340174357976788,2.619978918817872,0.2807483489427831,1.1458791546645095,0.12,0.86,0.0673076923076923,0.04887820512820505,0.09661910669975185,0.0
MolecuLA continuous OLS,native_l2,TPSA,120.0,50,1.0,1.0,1.0,163.66,100.53999999999999,5.30727591630946,2.6649865443272676,0.10714898821899858,1.1746941457949855,0.38,0.92,0.06417295813315024,0.039155432196669254,0.08157332700522063,0.0
MolecuLA continuous OLS,native_l2,TPSA,135.0,50,1.0,1.0,1.0,155.685,85.89500000000001,5.577787805098022,3.0457632516020814,0.1361278209237763,1.1595510234579742,0.7,0.9,0.06168478260869565,0.0394947518235189,0.0814265099979385,0.0
MolecuLA continuous OLS,native_l2,TPSA,150.0,50,1.0,1.0,1.0,146.745,90.815,5.48110662008772,3.019631107018064,0.12579117504145826,1.100262009832166,0.92,0.9,0.056079664570230545,0.0377403846153846,0.06734234234234228,0.0
MolecuLA continuous OLS,train_std_unit,TPSA,-150.0,50,1.0,1.0,0.06,57.785000000000004,0.0,2.4512319297902634,0.0,-0.8399808981387062,0.0,0.0,0.08,1.0,1.0,1.0,0.94
MolecuLA continuous OLS,train_std_unit,TPSA,-135.0,50,1.0,1.0,0.06,57.785000000000004,0.0,2.4512319297902634,0.0,-0.8399808981387062,0.0,0.0,0.08,1.0,1.0,1.0,0.94
MolecuLA continuous OLS,train_std_unit,TPSA,-120.0,50,1.0,1.0,0.04,57.785000000000004,0.0,2.4512319297902634,0.0,-0.9046971310677188,0.0,0.0,0.06,1.0,1.0,1.0,0.96
MolecuLA continuous OLS,train_std_unit,TPSA,-105.0,50,1.0,1.0,0.04,57.785000000000004,0.0,2.4512319297902634,0.0,-0.9046971310677188,0.0,0.0,0.06,1.0,1.0,1.0,0.96
MolecuLA continuous OLS,train_std_unit,TPSA,-90.0,50,1.0,1.0,0.04,57.785000000000004,0.0,2.4512319297902634,0.0,-0.9046971310677188,0.0,0.0,0.06,1.0,1.0,1.0,0.96
MolecuLA continuous OLS,train_std_unit,TPSA,-75.0,50,1.0,1.0,0.04,57.785000000000004,0.0,2.4512319297902634,0.0,-0.9046971310677188,0.0,0.0,0.06,1.0,1.0,1.0,0.96
MolecuLA continuous OLS,train_std_unit,TPSA,-60.0,50,1.0,1.0,0.02,57.785000000000004,0.0,2.4512319297902634,0.0,-0.9046971310677188,0.0,0.0,0.06,1.0,1.0,1.0,0.98
MolecuLA continuous OLS,train_std_unit,TPSA,-45.0,50,1.0,1.0,0.02,57.785000000000004,0.0,2.4512319297902634,0.0,-0.9046971310677188,0.0,0.0,0.06,1.0,1.0,1.0,0.98
MolecuLA continuous OLS,train_std_unit,TPSA,-30.0,50,1.0,1.0,0.02,57.785000000000004,0.0,2.4512319297902634,0.0,-0.9046971310677188,0.0,0.0,0.06,1.0,1.0,1.0,0.98
MolecuLA continuous OLS,train_std_unit,TPSA,-15.0,50,1.0,1.0,0.04,57.785000000000004,0.0,2.4512319297902634,0.0,-0.8399808981387062,0.0,0.0,0.08,1.0,1.0,1.0,0.96
MolecuLA continuous OLS,train_std_unit,TPSA,0.0,50,1.0,1.0,0.04,57.785000000000004,0.0,2.4512319297902634,0.0,-0.8399808981387062,0.0,0.0,,1.0,1.0,1.0,0.96
MolecuLA continuous OLS,train_std_unit,TPSA,15.0,50,1.0,1.0,0.04,57.785000000000004,0.0,2.4512319297902634,0.0,-0.8399808981387062,0.0,0.0,0.06,1.0,1.0,1.0,0.96
MolecuLA continuous OLS,train_std_unit,TPSA,30.0,50,1.0,1.0,0.04,57.785000000000004,0.0,2.4512319297902634,0.0,-0.8399808981387062,0.0,0.0,0.06,1.0,1.0,1.0,0.96
MolecuLA continuous OLS,train_std_unit,TPSA,45.0,50,1.0,1.0,0.04,57.785000000000004,0.0,2.4512319297902634,0.0,-0.8399808981387062,0.0,0.0,0.06,1.0,1.0,1.0,0.96
MolecuLA continuous OLS,train_std_unit,TPSA,60.0,50,1.0,1.0,0.04,57.785000000000004,0.0,2.4512319297902634,0.0,-0.9046971310677188,0.0,0.0,0.06,1.0,1.0,1.0,0.96
MolecuLA continuous OLS,train_std_unit,TPSA,75.0,50,1.0,1.0,0.04,57.785000000000004,0.0,2.4512319297902634,0.0,-0.9046971310677188,0.0,0.0,0.06,1.0,1.0,1.0,0.96
MolecuLA continuous OLS,train_std_unit,TPSA,90.0,50,1.0,1.0,0.04,57.785000000000004,0.0,2.4512319297902634,0.0,-0.9046971310677188,0.0,0.0,0.06,1.0,1.0,1.0,0.96
MolecuLA continuous OLS,train_std_unit,TPSA,105.0,50,1.0,1.0,0.04,57.785000000000004,0.0,2.4512319297902634,0.0,-0.9046971310677188,0.0,0.0,0.06,1.0,1.0,1.0,0.96
MolecuLA continuous OLS,train_std_unit,TPSA,120.0,50,1.0,1.0,0.04,57.785000000000004,0.0,2.4512319297902634,0.0,-0.9046971310677188,0.0,0.0,0.06,1.0,1.0,1.0,0.96
MolecuLA continuous OLS,train_std_unit,TPSA,135.0,50,1.0,1.0,0.04,57.785000000000004,0.0,2.4512319297902634,0.0,-0.9046971310677188,0.0,0.0,0.06,1.0,1.0,1.0,0.96
MolecuLA continuous OLS,train_std_unit,TPSA,150.0,50,1.0,1.0,0.06,57.785000000000004,0.0,2.4512319297902634,0.0,-0.8399808981387062,0.0,0.0,0.06,1.0,1.0,1.0,0.94
MolecuLA continuous OLS,native_l2,cLogP,-150.0,50,1.0,0.58,1.0,-0.6657000000000002,-3.9740750000000036,3.565875611257084,1.2738374959593362,0.33178490411555,1.0185645956037817,0.0,1.0,0.02355875831485585,0.015339756592292024,0.0509615384615384,0.0
MolecuLA continuous OLS,native_l2,cLogP,-135.0,50,1.0,0.74,1.0,-0.6657000000000002,-4.001410000000002,3.5790531750163783,1.3373843994873438,0.22383903004827505,0.983315873696972,0.0,1.0,0.03348214285714285,0.0166422287390029,0.05406698564593297,0.0
MolecuLA continuous OLS,native_l2,cLogP,-120.0,50,1.0,0.86,1.0,-0.7278600000000001,-4.5447900000000025,3.5790531750163783,1.3305830513606152,0.27115448678641996,0.8786392067910325,0.0,1.0,0.06125,0.0297511312217194,0.08013212625397592,0.0
MolecuLA continuous OLS,native_l2,cLogP,-105.0,50,1.0,0.94,1.0,-0.81036,-4.382450000000001,3.6252380223783827,1.0458371937508892,0.28222139664690005,0.934974818640656,0.0,1.0,0.06742424242424234,0.0535714285714285,0.08870341614906825,0.0
MolecuLA continuous OLS,native_l2,cLogP,-90.0,50,1.0,1.0,1.0,-0.8966000000000001,-4.313650000000001,3.9329357823306115,1.362396851947906,0.25550311481378335,0.9061385732395605,0.0,1.0,0.08392018779342719,0.059568230277185476,0.10212827426810472,0.0
MolecuLA continuous OLS,native_l2,cLogP,-75.0,50,1.0,0.98,1.0,-0.8684500000000002,-4.424210000000001,3.917224592994195,1.3124943205093023,0.36492583681003277,1.3478507635498598,0.0,0.98,0.0820794969683359,0.06283244680851063,0.1058289007092198,0.0
MolecuLA continuous OLS,native_l2,cLogP,-60.0,50,1.0,1.0,1.0,-0.37109999999999993,-3.559400000000002,3.955767912541746,1.2776867518474053,0.5231649384255301,1.2360338142031035,0.0,0.96,0.1020833333333333,0.08377659574468083,0.13695329873980722,0.0
MolecuLA continuous OLS,native_l2,cLogP,-45.0,50,1.0,1.0,1.0,0.5984999999999999,-2.4142650000000003,4.029336914987926,1.581837946343382,0.4837348811131309,1.2023596972681554,0.0,0.96,0.13525835866261393,0.10633116883116878,0.20909090909090908,0.02631578947368421
MolecuLA continuous OLS,native_l2,cLogP,-30.0,50,1.0,1.0,0.7,2.815650000000001,-0.40951000000000004,2.9375973158644495,0.4304163652768729,-0.413016362676319,0.10355804345784536,0.0,0.64,0.461100569259962,0.27866541353383456,1.0,0.3125
MolecuLA continuous OLS,native_l2,cLogP,-15.0,50,1.0,1.0,0.1,3.115740000000002,0.0,2.515197362019565,0.0,-0.8005233467466868,0.0,0.0,0.12,1.0,1.0,1.0,0.9
MolecuLA continuous OLS,native_l2,cLogP,0.0,50,1.0,1.0,0.04,3.115740000000002,0.0,2.4512319297902634,0.0,-0.8399808981387062,0.0,0.0,,1.0,1.0,1.0,0.96
MolecuLA continuous OLS,native_l2,cLogP,15.0,50,1.0,1.0,0.2,3.6278900000000016,0.0,2.5680445297483745,0.0,-0.5859526748722566,0.0,0.0,0.16,1.0,1.0,1.0,0.88
MolecuLA continuous OLS,native_l2,cLogP,30.0,50,1.0,1.0,0.86,4.766195000000005,1.3467500000000014,4.046878852129449,1.3656339287921337,-0.1008890363577912,0.5390749016618841,0.0,0.78,0.37388632872503835,0.20399646504320496,0.4916979949874687,0.2553191489361702
MolecuLA continuous OLS,native_l2,cLogP,45.0,50,1.0,1.0,0.96,5.919850000000006,2.3080500000000024,4.657106282992665,1.8940879797752324,0.4689426844531728,1.3697147749765815,0.0,0.9,0.16919191919191917,0.1142857142857142,0.22607476635514012,0.08333333333333333
MolecuLA continuous OLS,native_l2,cLogP,60.0,50,1.0,1.0,0.98,6.885600000000007,2.910260000000004,4.822779675878131,2.3447026568260245,0.8151625382432268,1.6036748344145926,0.0,0.9,0.1158142999006951,0.0841121495327102,0.14208909370199688,0.0425531914893617
MolecuLA continuous OLS,native_l2,cLogP,75.0,50,1.0,1.0,1.0,8.258450000000005,4.764739999999988,5.761814231355474,3.010562590369452,1.0234634663599147,1.7130886764268562,0.02,0.94,0.0918953788411916,0.07296650717703344,0.120174482006543,0.0
MolecuLA continuous OLS,native_l2,cLogP,90.0,50,1.0,1.0,1.0,8.985599999999998,5.677384999999999,6.060566874888996,3.2640824814285545,1.0897690024019644,1.8894869203303948,0.08,0.98,0.074074074074074,0.06308677098150778,0.09195804195804194,0.0
MolecuLA continuous OLS,native_l2,cLogP,105.0,50,1.0,1.0,1.0,10.451399999999992,7.317899999999999,6.1736719947044385,3.4596051163650334,1.2342150491791373,2.0965357923997288,0.28,0.96,0.0702439692982456,0.05395050685748355,0.0831185567010309,0.0
MolecuLA continuous OLS,native_l2,cLogP,120.0,50,1.0,1.0,1.0,12.02668999999998,9.509599999999988,6.378807075131409,3.8122828484664852,1.2041057410005735,2.12964486972799,0.7,1.0,0.0600350118422407,0.0462962962962962,0.0729192858938898,0.0
MolecuLA continuous OLS,native_l2,cLogP,135.0,50,1.0,1.0,1.0,19.303149999999988,15.53564999999999,6.077395340847866,3.5849683594189954,0.9102962687769278,1.8266866357235056,0.98,1.0,0.04920116194625995,0.0397619047619047,0.06370192307692307,0.0
MolecuLA continuous OLS,native_l2,cLogP,150.0,50,1.0,0.96,1.0,47.126599999999826,42.83993999999981,6.453881315165347,3.829366601903046,0.4930906380501108,1.3724523874497816,1.0,0.96,0.050139664804469256,0.04,0.05985148514851485,0.0
MolecuLA continuous OLS,train_std_unit,cLogP,-150.0,50,1.0,1.0,0.04,3.115740000000002,0.0,2.4512319297902634,0.0,-0.9046971310677188,0.0,0.0,0.06,1.0,1.0,1.0,0.96
MolecuLA continuous OLS,train_std_unit,cLogP,-135.0,50,1.0,1.0,0.02,3.115740000000002,0.0,2.4512319297902634,0.0,-0.9046971310677188,0.0,0.0,0.04,1.0,1.0,1.0,0.98
MolecuLA continuous OLS,train_std_unit,cLogP,-120.0,50,1.0,1.0,0.02,3.115740000000002,0.0,2.4512319297902634,0.0,-0.9046971310677188,0.0,0.0,0.04,1.0,1.0,1.0,0.98
MolecuLA continuous OLS,train_std_unit,cLogP,-105.0,50,1.0,1.0,0.02,3.115740000000002,0.0,2.4512319297902634,0.0,-0.9046971310677188,0.0,0.0,0.04,1.0,1.0,1.0,0.98
MolecuLA continuous OLS,train_std_unit,cLogP,-90.0,50,1.0,1.0,0.02,3.115740000000002,0.0,2.4512319297902634,0.0,-0.9046971310677188,0.0,0.0,0.04,1.0,1.0,1.0,0.98
MolecuLA continuous OLS,train_std_unit,cLogP,-75.0,50,1.0,1.0,0.04,3.115740000000002,0.0,2.4512319297902634,0.0,-0.8399808981387062,0.0,0.0,0.04,1.0,1.0,1.0,0.96
MolecuLA continuous OLS,train_std_unit,cLogP,-60.0,50,1.0,1.0,0.04,3.115740000000002,0.0,2.4512319297902634,0.0,-0.8399808981387062,0.0,0.0,0.04,1.0,1.0,1.0,0.96
MolecuLA continuous OLS,train_std_unit,cLogP,-45.0,50,1.0,1.0,0.04,3.115740000000002,0.0,2.4512319297902634,0.0,-0.8399808981387062,0.0,0.0,0.04,1.0,1.0,1.0,0.96
MolecuLA continuous OLS,train_std_unit,cLogP,-30.0,50,1.0,1.0,0.04,3.115740000000002,0.0,2.4512319297902634,0.0,-0.8399808981387062,0.0,0.0,0.04,1.0,1.0,1.0,0.96
MolecuLA continuous OLS,train_std_unit,cLogP,-15.0,50,1.0,1.0,0.04,3.115740000000002,0.0,2.4512319297902634,0.0,-0.8399808981387062,0.0,0.0,0.04,1.0,1.0,1.0,0.96
MolecuLA continuous OLS,train_std_unit,cLogP,0.0,50,1.0,1.0,0.04,3.115740000000002,0.0,2.4512319297902634,0.0,-0.8399808981387062,0.0,0.0,,1.0,1.0,1.0,0.96
MolecuLA continuous OLS,train_std_unit,cLogP,15.0,50,1.0,1.0,0.04,3.115740000000002,0.0,2.4512319297902634,0.0,-0.8399808981387062,0.0,0.0,0.04,1.0,1.0,1.0,0.96
MolecuLA continuous OLS,train_std_unit,cLogP,30.0,50,1.0,1.0,0.06,3.2390400000000015,0.0,2.4512319297902634,0.0,-0.8399808981387062,0.0,0.0,0.04,1.0,1.0,1.0,0.94
MolecuLA continuous OLS,train_std_unit,cLogP,45.0,50,1.0,1.0,0.06,3.2390400000000015,0.0,2.4512319297902634,0.0,-0.8399808981387062,0.0,0.0,0.04,1.0,1.0,1.0,0.94
MolecuLA continuous OLS,train_std_unit,cLogP,60.0,50,1.0,1.0,0.06,3.2390400000000015,0.0,2.4512319297902634,0.0,-0.8399808981387062,0.0,0.0,0.04,1.0,1.0,1.0,0.94
MolecuLA continuous OLS,train_std_unit,cLogP,75.0,50,1.0,1.0,0.06,3.2390400000000015,0.0,2.4512319297902634,0.0,-0.8399808981387062,0.0,0.0,0.04,1.0,1.0,1.0,0.94
MolecuLA continuous OLS,train_std_unit,cLogP,90.0,50,1.0,1.0,0.06,3.2390400000000015,0.0,2.4512319297902634,0.0,-0.8399808981387062,0.0,0.0,0.04,1.0,1.0,1.0,0.94
MolecuLA continuous OLS,train_std_unit,cLogP,105.0,50,1.0,1.0,0.06,3.2390400000000015,0.0,2.4512319297902634,0.0,-0.8399808981387062,0.0,0.0,0.04,1.0,1.0,1.0,0.94
MolecuLA continuous OLS,train_std_unit,cLogP,120.0,50,1.0,1.0,0.08,3.2390400000000015,0.0,2.4512319297902634,0.0,-0.8399808981387062,0.0,0.0,0.06,1.0,1.0,1.0,0.92
MolecuLA continuous OLS,train_std_unit,cLogP,135.0,50,1.0,1.0,0.08,3.2390400000000015,0.0,2.4512319297902634,0.0,-0.8399808981387062,0.0,0.0,0.06,1.0,1.0,1.0,0.92
MolecuLA continuous OLS,train_std_unit,cLogP,150.0,50,1.0,1.0,0.1,3.2936500000000017,0.0,2.4512319297902634,0.0,-0.8189766900479889,0.0,0.0,0.08,1.0,1.0,1.0,0.92
MolecuLA continuous OLS,native_l2,BertzCT,-150.0,50,1.0,0.18,1.0,0.0,-733.5321357194807,2.701044842026315,0.20940298543128932,0.05893999783791667,1.0574717865912646,0.0,1.0,0.028174603174603102,0.020208333333333325,0.043172075933864025,
MolecuLA continuous OLS,native_l2,BertzCT,-135.0,50,1.0,0.2,1.0,0.0,-733.5321357194807,2.701044842026315,0.16110170360995646,0.0251286675201,0.9772243072558502,0.0,1.0,0.028174603174603102,0.02,0.045202020202020146,
MolecuLA continuous OLS,native_l2,BertzCT,-120.0,50,1.0,0.24,1.0,0.0,-733.5321357194807,2.701044842026315,0.005493324966646007,0.05893999783791667,1.0980799999738027,0.0,1.0,0.0347852389594676,0.021180555555555525,0.05042101042501997,
MolecuLA continuous OLS,native_l2,BertzCT,-105.0,50,1.0,0.32,1.0,0.0,-733.5321357194807,1.9802570386349831,-0.41338444377101435,0.0251286675201,1.0747337761776534,0.0,1.0,0.038838612368024106,0.022480620155038725,0.06353861192570864,
MolecuLA continuous OLS,native_l2,BertzCT,-90.0,50,1.0,0.5,1.0,0.0,-724.348847242185,1.9568570386349844,-0.4318312328657017,0.044816953107425,1.1049409085922997,0.0,1.0,0.043560606060606,0.0212765957446808,0.06839080459770112,0.0
MolecuLA continuous OLS,native_l2,BertzCT,-75.0,50,1.0,0.82,1.0,7.509775004326936,-724.5821241014681,2.177550716537495,-0.3255069169533309,0.11921100154354998,1.21295689581972,0.0,1.0,0.06186224489795915,0.02307692307692305,0.10234680573663621,0.0
MolecuLA continuous OLS,native_l2,BertzCT,-60.0,50,1.0,0.94,1.0,41.0,-668.4886633167091,2.9603192005003525,0.27689600657908464,0.5822457266466199,1.4196218822188922,0.0,1.0,0.08403954802259886,0.0555555555555555,0.11692381870781098,0.0
MolecuLA continuous OLS,native_l2,BertzCT,-45.0,50,1.0,1.0,1.0,139.11730005192325,-555.1626731911726,3.5535064481464422,0.8245382435682762,0.8759186432931256,1.3622862319116262,0.0,1.0,0.11204013377926414,0.07478632478632473,0.1624156039009752,0.0
MolecuLA continuous OLS,native_l2,BertzCT,-30.0,50,1.0,1.0,1.0,326.34570004392356,-353.96256299777934,3.9288170173989783,1.2573630457808571,0.47194940620578885,1.1123182973087569,0.0,0.98,0.20794172932330818,0.1176470588235294,0.29301948051948046,0.02857142857142857
MolecuLA continuous OLS,native_l2,BertzCT,-15.0,50,1.0,1.0,0.48,654.2514593666606,-7.105427357601003e-14,2.5680445297483745,0.0,-0.8005233467466868,0.0,0.0,0.52,1.0,0.5090579710144928,1.0,0.52
MolecuLA continuous OLS,native_l2,BertzCT,0.0,50,1.0,1.0,0.04,734.5321357194807,0.0,2.4512319297902634,0.0,-0.8399808981387062,0.0,0.0,,1.0,1.0,1.0,0.96
MolecuLA continuous OLS,native_l2,BertzCT,15.0,50,1.0,1.0,0.5,830.0422411634212,5.684341886080803e-14,2.999293007586627,0.0,-0.5152294988761329,0.0,0.0,0.5,0.8818181818181818,0.5117924528301887,1.0,0.68
MolecuLA continuous OLS,native_l2,BertzCT,30.0,50,1.0,1.0,0.82,899.1651765883614,129.45383902393826,4.026197619571441,1.4338579940890948,-0.20215262559386687,0.45744624368959413,0.0,0.58,0.3488652482269503,0.2694434691011236,0.5135198135198136,0.22
MolecuLA continuous OLS,native_l2,BertzCT,45.0,50,1.0,1.0,0.96,902.1540175499534,184.87455714269458,4.824162197751953,2.3768729898728105,0.4990372113788153,1.0366575089960433,0.0,0.72,0.1657910689028086,0.10465838509316766,0.2114316239316239,0.0425531914893617
MolecuLA continuous OLS,native_l2,BertzCT,60.0,50,1.0,1.0,1.0,1021.8528621393223,338.7109447616526,5.916523582085333,3.3246758765846702,0.5560839949059239,1.3957229653428045,0.06,0.88,0.11284722222222221,0.07864420062695923,0.13779838232392977,0.0
MolecuLA continuous OLS,native_l2,BertzCT,75.0,50,1.0,1.0,1.0,1119.5079753132545,439.29082751870357,5.680730706126337,3.2688916194331137,0.5642237939122923,1.3637399219560393,0.1,0.86,0.0917289719626168,0.0769230769230769,0.11886130599028596,0.0
MolecuLA continuous OLS,native_l2,BertzCT,90.0,50,1.0,1.0,1.0,1286.1520360745549,491.54839029590875,6.6245737196873105,4.0586474854430925,0.6784207644848257,1.4313268401924857,0.62,0.9,0.0792410714285714,0.063063063063063,0.09657071783937453,0.0
MolecuLA continuous OLS,native_l2,BertzCT,105.0,50,1.0,1.0,1.0,1582.7656740536256,974.1902404741975,6.997044620690639,4.407257638602024,0.5004120631200131,1.366444070333908,0.92,0.9,0.0681420732075016,0.0529871977240398,0.08934159845931627,0.0
MolecuLA continuous OLS,native_l2,BertzCT,120.0,50,1.0,1.0,1.0,2190.4612202463686,1577.6754171672424,6.514359324908973,3.9254077610381515,0.47802985445913043,1.2150171951590991,1.0,0.86,0.06874881874881869,0.055633147113593975,0.08421361502347414,0.0
MolecuLA continuous OLS,native_l2,BertzCT,135.0,50,1.0,1.0,1.0,4120.886820566162,3436.096691102144,7.591083812928188,5.034240100079467,0.4114258146947637,1.211398285973393,1.0,0.92,0.05833738454059305,0.04426179007505315,0.07203966556484535,0.0
MolecuLA continuous OLS,native_l2,BertzCT,150.0,50,1.0,1.0,1.0,4492.323107399828,3706.89715246424,7.821965951088817,5.152921250367982,0.48689118055770997,1.238812564876003,1.0,0.92,0.0612764816304639,0.05010168961201495,0.07213345864661647,0.0
MolecuLA continuous OLS,train_std_unit,BertzCT,-150.0,50,1.0,1.0,0.12,717.2035721465948,0.0,2.523973345837282,0.0,-0.8713744615904248,0.0,0.0,0.14,1.0,1.0,1.0,0.9
MolecuLA continuous OLS,train_std_unit,BertzCT,-135.0,50,1.0,1.0,0.08,717.2035721465948,0.0,2.4661114655710445,0.0,-0.8713744615904248,0.0,0.0,0.12,1.0,1.0,1.0,0.92
MolecuLA continuous OLS,train_std_unit,BertzCT,-120.0,50,1.0,1.0,0.08,734.5321357194807,0.0,2.4661114655710445,0.0,-0.8399808981387062,0.0,0.0,0.12,1.0,1.0,1.0,0.92
MolecuLA continuous OLS,train_std_unit,BertzCT,-105.0,50,1.0,1.0,0.06,734.5321357194807,0.0,2.4512319297902634,0.0,-0.8399808981387062,0.0,0.0,0.1,1.0,1.0,1.0,0.94
MolecuLA continuous OLS,train_std_unit,BertzCT,-90.0,50,1.0,1.0,0.04,734.5321357194807,0.0,2.4512319297902634,0.0,-0.8399808981387062,0.0,0.0,0.08,1.0,1.0,1.0,0.96
MolecuLA continuous OLS,train_std_unit,BertzCT,-75.0,50,1.0,1.0,0.04,734.5321357194807,0.0,2.4512319297902634,0.0,-0.8399808981387062,0.0,0.0,0.08,1.0,1.0,1.0,0.96
MolecuLA continuous OLS,train_std_unit,BertzCT,-60.0,50,1.0,1.0,0.04,734.5321357194807,0.0,2.4512319297902634,0.0,-0.8399808981387062,0.0,0.0,0.08,1.0,1.0,1.0,0.96
MolecuLA continuous OLS,train_std_unit,BertzCT,-45.0,50,1.0,1.0,0.04,734.5321357194807,0.0,2.4512319297902634,0.0,-0.8399808981387062,0.0,0.0,0.08,1.0,1.0,1.0,0.96
MolecuLA continuous OLS,train_std_unit,BertzCT,-30.0,50,1.0,1.0,0.04,734.5321357194807,0.0,2.4512319297902634,0.0,-0.8399808981387062,0.0,0.0,0.08,1.0,1.0,1.0,0.96
MolecuLA continuous OLS,train_std_unit,BertzCT,-15.0,50,1.0,1.0,0.04,734.5321357194807,0.0,2.4512319297902634,0.0,-0.8399808981387062,0.0,0.0,0.08,1.0,1.0,1.0,0.96
MolecuLA continuous OLS,train_std_unit,BertzCT,0.0,50,1.0,1.0,0.04,734.5321357194807,0.0,2.4512319297902634,0.0,-0.8399808981387062,0.0,0.0,,1.0,1.0,1.0,0.96
MolecuLA continuous OLS,train_std_unit,BertzCT,15.0,50,1.0,1.0,0.04,734.5321357194807,0.0,2.4512319297902634,0.0,-0.8399808981387062,0.0,0.0,0.02,1.0,1.0,1.0,0.96
MolecuLA continuous OLS,train_std_unit,BertzCT,30.0,50,1.0,1.0,0.04,734.5321357194807,0.0,2.4512319297902634,0.0,-0.8399808981387062,0.0,0.0,0.02,1.0,1.0,1.0,0.96
MolecuLA continuous OLS,train_std_unit,BertzCT,45.0,50,1.0,1.0,0.08,734.5321357194807,0.0,2.4512319297902634,0.0,-0.727606605999077,0.0,0.0,0.02,1.0,1.0,1.0,0.92
MolecuLA continuous OLS,train_std_unit,BertzCT,60.0,50,1.0,1.0,0.08,734.5321357194807,0.0,2.4512319297902634,0.0,-0.727606605999077,0.0,0.0,0.02,1.0,1.0,1.0,0.92
MolecuLA continuous OLS,train_std_unit,BertzCT,75.0,50,1.0,1.0,0.08,734.5321357194807,0.0,2.4512319297902634,0.0,-0.727606605999077,0.0,0.0,0.02,1.0,1.0,1.0,0.92
MolecuLA continuous OLS,train_std_unit,BertzCT,90.0,50,1.0,1.0,0.06,734.5321357194807,0.0,2.4512319297902634,0.0,-0.8399808981387062,0.0,0.0,0.02,1.0,1.0,1.0,0.94
MolecuLA continuous OLS,train_std_unit,BertzCT,105.0,50,1.0,1.0,0.08,749.407771000368,0.0,2.4512319297902634,0.0,-0.8713744615904248,0.0,0.0,0.04,1.0,1.0,1.0,0.94
MolecuLA continuous OLS,train_std_unit,BertzCT,120.0,50,1.0,1.0,0.1,749.407771000368,0.0,2.4512319297902634,0.0,-0.8713744615904248,0.0,0.0,0.06,1.0,1.0,1.0,0.94
MolecuLA continuous OLS,train_std_unit,BertzCT,135.0,50,1.0,1.0,0.18,749.407771000368,0.0,2.5680445297483745,0.0,-0.6723055275391298,0.0,0.0,0.14,1.0,1.0,1.0,0.92
MolecuLA continuous OLS,train_std_unit,BertzCT,150.0,50,1.0,1.0,0.26,749.407771000368,0.0,2.6306036820454226,0.0,-0.5859526748722566,0.0,0.0,0.24,1.0,0.8227272727272728,1.0,0.84
MolecuLA continuous OLS,native_l2,HeavyAtomCount,-150.0,50,0.82,0.08,0.82,1.0,-23.0,7.3284153846153846,4.727773123906848,0.0,0.5071086313444945,0.0,1.0,0.0,0.0,0.0,
MolecuLA continuous OLS,native_l2,HeavyAtomCount,-135.0,50,0.84,0.12,0.84,1.0,-23.0,7.3284153846153846,4.64429408930494,0.0,0.5152294988761329,0.0,1.0,0.0,0.0,0.0,
MolecuLA continuous OLS,native_l2,HeavyAtomCount,-120.0,50,0.86,0.14,0.86,1.0,-23.0,5.868476923076923,3.91566651053634,0.0,0.8066582286614122,0.0,1.0,0.0,0.0,0.0239316239316239,0.0
MolecuLA continuous OLS,native_l2,HeavyAtomCount,-105.0,50,0.9,0.26,0.9,2.0,-23.0,2.7475679189493913,0.6821168006497835,0.0251286675201,0.8681709087542455,0.0,1.0,0.0222222222222222,0.0,0.03125,
MolecuLA continuous OLS,native_l2,HeavyAtomCount,-90.0,50,0.96,0.36,0.96,2.0,-22.5,2.7475679189493913,0.456141386293333,0.0251286675201,1.0980799999738027,0.0,1.0,0.0277777777777777,0.0,0.043719806763285005,0.0
MolecuLA continuous OLS,native_l2,HeavyAtomCount,-75.0,50,0.98,0.62,0.98,3.0,-22.0,2.9100588096950304,0.3448003097543939,0.4786285547801,1.1423303429919498,0.0,1.0,0.0428571428571428,0.0277777777777777,0.0769230769230769,0.0
MolecuLA continuous OLS,native_l2,HeavyAtomCount,-60.0,50,1.0,0.86,1.0,5.0,-18.0,2.769043888705328,0.015452836730148967,0.561831119437055,1.4947253331399155,0.0,1.0,0.07671568627450981,0.05406746031746025,0.1338562753036437,0.0
MolecuLA continuous OLS,native_l2,HeavyAtomCount,-45.0,50,1.0,0.94,1.0,10.0,-15.0,3.2284278228996253,0.6501877598284467,0.5478489543684157,1.3699571127111692,0.0,1.0,0.13030560271646854,0.07471364109684135,0.1891163793103448,0.0
MolecuLA continuous OLS,native_l2,HeavyAtomCount,-30.0,50,1.0,1.0,1.0,14.0,-8.0,3.575407766672336,1.1057173900302897,0.5018977771497581,0.9808610906488058,0.0,1.0,0.18857758620689655,0.12142857142857137,0.31357409713574097,0.030303030303030304
MolecuLA continuous OLS,native_l2,HeavyAtomCount,-15.0,50,1.0,1.0,0.48,23.0,0.0,2.509265903674077,0.0,-0.8202755078181285,0.0,0.0,0.4,1.0,0.5352207617121671,1.0,0.54
MolecuLA continuous OLS,native_l2,HeavyAtomCount,0.0,50,1.0,1.0,0.04,24.0,0.0,2.4512319297902634,0.0,-0.8399808981387062,0.0,0.0,,1.0,1.0,1.0,0.96
MolecuLA continuous OLS,native_l2,HeavyAtomCount,15.0,50,1.0,1.0,0.46,27.0,0.0,2.9034465990301603,0.0,-0.4852670161772637,0.0,0.0,0.46,1.0,0.5118831640058055,1.0,0.68
MolecuLA continuous OLS,native_l2,HeavyAtomCount,30.0,50,1.0,1.0,0.82,30.5,4.5,3.928673976448235,1.2793615419549567,-0.2584155514360091,0.6849273436639056,0.0,0.66,0.35259875259875256,0.26205357142857144,0.5309666216476944,0.24489795918367346
MolecuLA continuous OLS,native_l2,HeavyAtomCount,45.0,50,1.0,1.0,0.98,32.0,7.0,5.0263410364083745,2.561342180203175,0.5259175011523177,1.2282574396793393,0.0,0.78,0.161979014864471,0.1188118811881188,0.23444976076555016,0.04081632653061224
MolecuLA continuous OLS,native_l2,HeavyAtomCount,60.0,50,1.0,1.0,1.0,33.0,8.5,5.758500546548853,3.1814327346515228,0.7405258981218197,1.53683153157628,0.06,0.78,0.11615732880588564,0.08525835866261397,0.1442307692307692,0.0
MolecuLA continuous OLS,native_l2,HeavyAtomCount,75.0,50,1.0,1.0,1.0,36.0,13.0,6.105267341195806,3.405526638825673,0.6605985516879116,1.477797538379569,0.18,0.86,0.1034619450317124,0.08615074441687337,0.12584459459459457,0.0
MolecuLA continuous OLS,native_l2,HeavyAtomCount,90.0,50,1.0,1.0,1.0,37.0,17.0,6.029670972310284,3.4798281810314617,0.6601490266577725,1.3802721258778294,0.54,0.92,0.0857142857142857,0.06808883693746345,0.11316652994257584,0.0
MolecuLA continuous OLS,native_l2,HeavyAtomCount,105.0,50,1.0,1.0,1.0,41.5,26.0,6.874385117398667,4.0208637237230445,0.7073175887025287,1.4662384225515117,0.88,0.92,0.07336391437308865,0.0625,0.0982142857142857,0.0
MolecuLA continuous OLS,native_l2,HeavyAtomCount,120.0,50,1.0,1.0,1.0,91.5,64.0,7.313538226630403,4.504589749648538,0.5548828690584267,1.436819574895924,0.98,0.96,0.07138007129519605,0.053971674876847224,0.08485533453887882,0.0
MolecuLA continuous OLS,native_l2,HeavyAtomCount,135.0,50,1.0,1.0,1.0,102.0,78.0,7.37699394217557,4.728973949094948,0.6067373749686384,1.3888263402551204,1.0,0.96,0.064258064516129,0.0481366459627329,0.07556818181818178,0.0
MolecuLA continuous OLS,native_l2,HeavyAtomCount,150.0,50,1.0,1.0,1.0,105.5,81.0,7.481292165810537,4.895900460189485,0.49326418023132956,1.381598635069034,1.0,0.96,0.0651307756570914,0.04984569709754285,0.07535622944830103,0.0
MolecuLA continuous OLS,train_std_unit,HeavyAtomCount,-150.0,50,1.0,1.0,0.12,23.5,0.0,2.523973345837282,0.0,-0.8713744615904248,0.0,0.0,0.1,1.0,1.0,1.0,0.9
MolecuLA continuous OLS,train_std_unit,HeavyAtomCount,-135.0,50,1.0,1.0,0.1,24.0,0.0,2.4808189077342497,0.0,-0.8713744615904248,0.0,0.0,0.08,1.0,1.0,1.0,0.92
MolecuLA continuous OLS,train_std_unit,HeavyAtomCount,-120.0,50,1.0,1.0,0.06,24.0,0.0,2.4661114655710445,0.0,-0.9542687274206383,0.0,0.0,0.04,1.0,1.0,1.0,0.96
MolecuLA continuous OLS,train_std_unit,HeavyAtomCount,-105.0,50,1.0,1.0,0.04,24.0,0.0,2.4512319297902634,0.0,-0.9542687274206383,0.0,0.0,0.02,1.0,1.0,1.0,0.98
MolecuLA continuous OLS,train_std_unit,HeavyAtomCount,-90.0,50,1.0,1.0,0.02,24.0,0.0,2.4512319297902634,0.0,-0.9542687274206383,0.0,0.0,0.0,1.0,1.0,1.0,1.0
MolecuLA continuous OLS,train_std_unit,HeavyAtomCount,-75.0,50,1.0,1.0,0.04,24.0,0.0,2.4512319297902634,0.0,-0.8399808981387062,0.0,0.0,0.02,1.0,1.0,1.0,0.96
MolecuLA continuous OLS,train_std_unit,HeavyAtomCount,-60.0,50,1.0,1.0,0.04,24.0,0.0,2.4512319297902634,0.0,-0.8399808981387062,0.0,0.0,0.02,1.0,1.0,1.0,0.96
MolecuLA continuous OLS,train_std_unit,HeavyAtomCount,-45.0,50,1.0,1.0,0.04,24.0,0.0,2.4512319297902634,0.0,-0.8399808981387062,0.0,0.0,0.0,1.0,1.0,1.0,0.96
MolecuLA continuous OLS,train_std_unit,HeavyAtomCount,-30.0,50,1.0,1.0,0.04,24.0,0.0,2.4512319297902634,0.0,-0.8399808981387062,0.0,0.0,0.0,1.0,1.0,1.0,0.96
MolecuLA continuous OLS,train_std_unit,HeavyAtomCount,-15.0,50,1.0,1.0,0.04,24.0,0.0,2.4512319297902634,0.0,-0.8399808981387062,0.0,0.0,0.0,1.0,1.0,1.0,0.96
MolecuLA continuous OLS,train_std_unit,HeavyAtomCount,0.0,50,1.0,1.0,0.04,24.0,0.0,2.4512319297902634,0.0,-0.8399808981387062,0.0,0.0,,1.0,1.0,1.0,0.96
MolecuLA continuous OLS,train_std_unit,HeavyAtomCount,15.0,50,1.0,1.0,0.04,24.0,0.0,2.4512319297902634,0.0,-0.8399808981387062,0.0,0.0,0.04,1.0,1.0,1.0,0.96
MolecuLA continuous OLS,train_std_unit,HeavyAtomCount,30.0,50,1.0,1.0,0.06,24.0,0.0,2.4512319297902634,0.0,-0.8399808981387062,0.0,0.0,0.06,1.0,1.0,1.0,0.94
MolecuLA continuous OLS,train_std_unit,HeavyAtomCount,45.0,50,1.0,1.0,0.06,24.0,0.0,2.4512319297902634,0.0,-0.8399808981387062,0.0,0.0,0.06,1.0,1.0,1.0,0.94
MolecuLA continuous OLS,train_std_unit,HeavyAtomCount,60.0,50,1.0,1.0,0.06,24.0,0.0,2.4512319297902634,0.0,-0.8399808981387062,0.0,0.0,0.06,1.0,1.0,1.0,0.94
MolecuLA continuous OLS,train_std_unit,HeavyAtomCount,75.0,50,1.0,1.0,0.06,24.0,0.0,2.4512319297902634,0.0,-0.8399808981387062,0.0,0.0,0.06,1.0,1.0,1.0,0.94
MolecuLA continuous OLS,train_std_unit,HeavyAtomCount,90.0,50,1.0,1.0,0.06,24.0,0.0,2.4512319297902634,0.0,-0.8399808981387062,0.0,0.0,0.06,1.0,1.0,1.0,0.94
MolecuLA continuous OLS,train_std_unit,HeavyAtomCount,105.0,50,1.0,1.0,0.08,24.0,0.0,2.4512319297902634,0.0,-0.8713744615904248,0.0,0.0,0.06,1.0,1.0,1.0,0.94
MolecuLA continuous OLS,train_std_unit,HeavyAtomCount,120.0,50,1.0,1.0,0.12,24.0,0.0,2.4661114655710445,0.0,-0.8713744615904248,0.0,0.0,0.1,1.0,1.0,1.0,0.94
MolecuLA continuous OLS,train_std_unit,HeavyAtomCount,135.0,50,1.0,1.0,0.2,24.5,0.0,2.5680445297483745,0.0,-0.6843944956237035,0.0,0.0,0.18,1.0,1.0,1.0,0.92
MolecuLA continuous OLS,train_std_unit,HeavyAtomCount,150.0,50,1.0,1.0,0.28,25.0,0.0,2.6306036820454226,0.0,-0.6461636801419015,0.0,0.0,0.26,1.0,0.7409090909090909,1.0,0.86
ChemSpacE adapted extreme-SVM,native_l2,FractionCSP3,-150.0,50,1.0,0.6,1.0,0.0,-0.2857142857142857,8.400678306675008,5.675154464438009,-0.004904329912100649,0.826816668451427,1.0,0.94,0.014835164835164751,0.0,0.019513574660633477,
ChemSpacE adapted extreme-SVM,native_l2,FractionCSP3,-135.0,50,1.0,0.72,1.0,0.0,-0.2857142857142857,8.554986432450894,5.889509296568567,0.018707531889483778,0.8492147456331185,1.0,0.94,0.0124458874458874,0.0,0.021220604703247423,
ChemSpacE adapted extreme-SVM,native_l2,FractionCSP3,-120.0,50,1.0,0.66,1.0,0.0,-0.2857142857142857,8.471844770579466,5.915278731658038,0.06209846428241235,0.8623200303799432,1.0,0.94,0.01064311594202895,0.0,0.0232558139534883,
ChemSpacE adapted extreme-SVM,native_l2,FractionCSP3,-105.0,50,1.0,0.54,1.0,0.0,-0.2857142857142857,8.08434601019374,5.750911943433036,0.07275510653960066,0.8924156366507192,1.0,0.94,0.011986792994544849,0.0,0.0219780219780219,
ChemSpacE adapted extreme-SVM,native_l2,FractionCSP3,-90.0,50,1.0,0.38,1.0,0.0,-0.2857142857142857,7.997198800071259,5.604522833411194,0.07877519914373701,0.9101299365290764,1.0,0.94,0.0,0.0,0.015750915750915674,
ChemSpacE adapted extreme-SVM,native_l2,FractionCSP3,-75.0,50,1.0,0.2,1.0,0.0,-0.2857142857142857,7.914505069018009,5.561831679827387,0.08762306832668183,0.9272634113429611,1.0,0.94,0.0,0.0,0.0145505385252692,
ChemSpacE adapted extreme-SVM,native_l2,FractionCSP3,-60.0,50,1.0,0.14,1.0,0.0,-0.2857142857142857,7.83181133796476,5.507214755242936,0.08762306832668183,0.9245411583635974,1.0,0.94,0.0,0.0,0.015625,
ChemSpacE adapted extreme-SVM,native_l2,FractionCSP3,-45.0,50,1.0,0.18,1.0,0.0,-0.2857142857142857,7.83181133796476,5.474887507534422,0.08762306832668183,0.9201699855718475,1.0,0.94,0.0,0.0,0.015143407534246575,
ChemSpacE adapted extreme-SVM,native_l2,FractionCSP3,-30.0,50,1.0,0.44,1.0,0.0,-0.2857142857142857,8.057189907758513,5.563362180335124,0.08762306832668183,0.9201699855718475,1.0,0.94,0.0,0.0,0.016532258064516074,0.0
ChemSpacE adapted extreme-SVM,native_l2,FractionCSP3,-15.0,50,1.0,1.0,1.0,0.07549857549857544,-0.2166666666666666,6.241412685176533,3.65611138619711,0.5720734612129939,1.5856523814530754,0.06,0.9,0.05730706075533655,0.039411764705882354,0.07061688311688308,0.0
ChemSpacE adapted extreme-SVM,native_l2,FractionCSP3,0.0,50,1.0,1.0,0.04,0.2857142857142857,0.0,2.4512319297902634,0.0,-0.8399808981387062,0.0,0.0,,1.0,1.0,1.0,0.96
ChemSpacE adapted extreme-SVM,native_l2,FractionCSP3,15.0,50,1.0,1.0,1.0,0.9523809523809524,0.6495601173020529,3.9763911173190385,1.5529152621855618,0.3729096297352129,1.3128922049531497,0.3,1.0,0.0532467532467532,0.03739316239316235,0.0681818181818181,0.0
ChemSpacE adapted extreme-SVM,native_l2,FractionCSP3,30.0,50,1.0,0.02,1.0,1.0,0.7142857142857143,4.718797012828133,2.2675650830378693,0.015864731175254543,0.8558456293139607,1.0,1.0,0.0325224748810153,0.019325037707390625,0.0526315789473684,
ChemSpacE adapted extreme-SVM,native_l2,FractionCSP3,45.0,50,1.0,0.02,1.0,1.0,0.7142857142857143,4.718797012828133,2.2675650830378693,0.015864731175254543,0.8558456293139607,1.0,1.0,0.0325224748810153,0.019325037707390625,0.0526315789473684,
ChemSpacE adapted extreme-SVM,native_l2,FractionCSP3,60.0,50,1.0,0.02,1.0,1.0,0.7142857142857143,4.718797012828133,2.2675650830378693,0.015864731175254543,0.8558456293139607,1.0,1.0,0.0325224748810153,0.019325037707390625,0.0526315789473684,
ChemSpacE adapted extreme-SVM,native_l2,FractionCSP3,75.0,50,1.0,0.02,1.0,1.0,0.7142857142857143,4.718797012828133,2.2675650830378693,0.015864731175254543,0.8558456293139607,1.0,1.0,0.0325224748810153,0.019325037707390625,0.0526315789473684,
ChemSpacE adapted extreme-SVM,native_l2,FractionCSP3,90.0,50,1.0,0.02,1.0,1.0,0.7142857142857143,4.718797012828133,2.2675650830378693,0.015864731175254543,0.8558456293139607,1.0,1.0,0.0325224748810153,0.019325037707390625,0.0526315789473684,
ChemSpacE adapted extreme-SVM,native_l2,FractionCSP3,105.0,50,1.0,0.02,1.0,1.0,0.7142857142857143,4.718797012828133,2.2675650830378693,0.015864731175254543,0.8558456293139607,1.0,1.0,0.0325224748810153,0.019325037707390625,0.0526315789473684,
ChemSpacE adapted extreme-SVM,native_l2,FractionCSP3,120.0,50,1.0,0.02,1.0,1.0,0.7142857142857143,4.718797012828133,2.2675650830378693,0.015864731175254543,0.8558456293139607,1.0,1.0,0.0325224748810153,0.019325037707390625,0.0526315789473684,
ChemSpacE adapted extreme-SVM,native_l2,FractionCSP3,135.0,50,1.0,0.02,1.0,1.0,0.7142857142857143,4.718797012828133,2.2675650830378693,0.015864731175254543,0.8558456293139607,1.0,1.0,0.0325224748810153,0.019325037707390625,0.0526315789473684,
ChemSpacE adapted extreme-SVM,native_l2,FractionCSP3,150.0,50,1.0,0.02,1.0,1.0,0.7142857142857143,4.718797012828133,2.2675650830378693,0.015864731175254543,0.8558456293139607,1.0,1.0,0.0325224748810153,0.019325037707390625,0.0526315789473684,
ChemSpacE adapted extreme-SVM,train_std_unit,FractionCSP3,-150.0,50,1.0,0.32,1.0,0.0,-0.2857142857142857,7.997198800071259,5.604522833411194,0.08149745212310065,0.9101299365290764,1.0,0.94,0.0,0.0,0.016532258064516074,
ChemSpacE adapted extreme-SVM,train_std_unit,FractionCSP3,-135.0,50,1.0,0.28,1.0,0.0,-0.2857142857142857,7.997198800071259,5.561831679827387,0.08728251320425487,0.9074076835497127,1.0,0.94,0.0,0.0,0.0158730158730158,
ChemSpacE adapted extreme-SVM,train_std_unit,FractionCSP3,-120.0,50,1.0,0.2,1.0,0.0,-0.2857142857142857,7.914505069018009,5.519971971609874,0.08762306832668183,0.9245411583635974,1.0,0.94,0.0,0.0,0.015239876760563376,
ChemSpacE adapted extreme-SVM,train_std_unit,FractionCSP3,-105.0,50,1.0,0.14,1.0,0.0,-0.2857142857142857,7.83181133796476,5.507214755242936,0.08762306832668183,0.9245411583635974,1.0,0.94,0.0,0.0,0.0153419384057971,
ChemSpacE adapted extreme-SVM,train_std_unit,FractionCSP3,-90.0,50,1.0,0.2,1.0,0.0,-0.2857142857142857,7.83181133796476,5.464700667749977,0.08762306832668183,0.9245411583635974,1.0,0.94,0.0,0.0,0.015625,
ChemSpacE adapted extreme-SVM,train_std_unit,FractionCSP3,-75.0,50,1.0,0.18,1.0,0.0,-0.2857142857142857,7.83181133796476,5.474887507534422,0.08762306832668183,0.9201699855718475,1.0,0.94,0.0,0.0,0.015143407534246575,
ChemSpacE adapted extreme-SVM,train_std_unit,FractionCSP3,-60.0,50,1.0,0.3,1.0,0.0,-0.2857142857142857,7.83181133796476,5.474887507534422,0.08762306832668183,0.9201699855718475,1.0,0.94,0.0,0.0,0.016532258064516074,
ChemSpacE adapted extreme-SVM,train_std_unit,FractionCSP3,-45.0,50,1.0,0.7,1.0,0.0,-0.2857142857142857,7.974803023892863,5.4957896472683405,0.09780419767547854,0.9201699855718475,1.0,0.94,0.0136060718252499,0.0,0.026443109776443076,0.0
ChemSpacE adapted extreme-SVM,train_std_unit,FractionCSP3,-30.0,50,1.0,1.0,1.0,0.043560606060606,-0.2109717868338558,6.415360166533669,4.134534145911788,0.5594465705132792,1.3992364922940417,0.08,0.94,0.0476190476190476,0.03809639727361245,0.061272704958271904,0.0
ChemSpacE adapted extreme-SVM,train_std_unit,FractionCSP3,-15.0,50,1.0,1.0,1.0,0.125,-0.18178053830227736,5.375547197789746,2.8239948842337315,0.7050048276203916,1.5245184053069472,0.0,0.78,0.073268921095008,0.048485444531864624,0.0978260869565217,0.0
ChemSpacE adapted extreme-SVM,train_std_unit,FractionCSP3,0.0,50,1.0,1.0,0.04,0.2857142857142857,0.0,2.4512319297902634,0.0,-0.8399808981387062,0.0,0.0,,1.0,1.0,1.0,0.96
ChemSpacE adapted extreme-SVM,train_std_unit,FractionCSP3,15.0,50,1.0,1.0,1.0,0.875,0.55,4.560817211409828,1.671774014085412,0.5879633340567615,1.263772628054263,0.0,1.0,0.09455537497097745,0.0714285714285714,0.11525787216236,0.0
ChemSpacE adapted extreme-SVM,train_std_unit,FractionCSP3,30.0,50,1.0,0.56,1.0,0.9967532467532467,0.689442436757873,4.718797012828133,1.9934106838224546,0.05247373897217013,1.0715470857383982,0.64,1.0,0.04504732927653815,0.02580971659919025,0.0691525044722719,0.0
ChemSpacE adapted extreme-SVM,train_std_unit,FractionCSP3,45.0,50,1.0,0.02,1.0,1.0,0.7142857142857143,4.718797012828133,2.2675650830378693,0.015864731175254543,0.8558456293139607,1.0,1.0,0.0325224748810153,0.019325037707390625,0.0526315789473684,
ChemSpacE adapted extreme-SVM,train_std_unit,FractionCSP3,60.0,50,1.0,0.02,1.0,1.0,0.7142857142857143,4.718797012828133,2.2675650830378693,0.015864731175254543,0.8558456293139607,1.0,1.0,0.0325224748810153,0.019325037707390625,0.0526315789473684,
ChemSpacE adapted extreme-SVM,train_std_unit,FractionCSP3,75.0,50,1.0,0.02,1.0,1.0,0.7142857142857143,4.718797012828133,2.2675650830378693,0.015864731175254543,0.8558456293139607,1.0,1.0,0.0325224748810153,0.019325037707390625,0.0526315789473684,
ChemSpacE adapted extreme-SVM,train_std_unit,FractionCSP3,90.0,50,1.0,0.02,1.0,1.0,0.7142857142857143,4.718797012828133,2.2675650830378693,0.015864731175254543,0.8558456293139607,1.0,1.0,0.0325224748810153,0.019325037707390625,0.0526315789473684,
ChemSpacE adapted extreme-SVM,train_std_unit,FractionCSP3,105.0,50,1.0,0.02,1.0,1.0,0.7142857142857143,4.718797012828133,2.2675650830378693,0.015864731175254543,0.8558456293139607,1.0,1.0,0.0325224748810153,0.019325037707390625,0.0526315789473684,
ChemSpacE adapted extreme-SVM,train_std_unit,FractionCSP3,120.0,50,1.0,0.02,1.0,1.0,0.7142857142857143,4.718797012828133,2.2675650830378693,0.015864731175254543,0.8558456293139607,1.0,1.0,0.0325224748810153,0.019325037707390625,0.0526315789473684,
ChemSpacE adapted extreme-SVM,train_std_unit,FractionCSP3,135.0,50,1.0,0.02,1.0,1.0,0.7142857142857143,4.718797012828133,2.2675650830378693,0.015864731175254543,0.8558456293139607,1.0,1.0,0.0325224748810153,0.019325037707390625,0.0526315789473684,
ChemSpacE adapted extreme-SVM,train_std_unit,FractionCSP3,150.0,50,1.0,0.02,1.0,1.0,0.7142857142857143,4.718797012828133,2.2675650830378693,0.015864731175254543,0.8558456293139607,1.0,1.0,0.0325224748810153,0.019325037707390625,0.0526315789473684,
ChemSpacE adapted extreme-SVM,native_l2,HBA,-150.0,50,1.0,0.02,1.0,0.0,-4.0,4.718797012828133,2.2675650830378693,0.015864731175254543,0.8558456293139607,1.0,1.0,0.0325224748810153,0.019325037707390625,0.0526315789473684,
ChemSpacE adapted extreme-SVM,native_l2,HBA,-135.0,50,1.0,0.02,1.0,0.0,-4.0,4.718797012828133,2.2675650830378693,0.015864731175254543,0.8558456293139607,1.0,1.0,0.0325224748810153,0.019325037707390625,0.0526315789473684,
ChemSpacE adapted extreme-SVM,native_l2,HBA,-120.0,50,1.0,0.02,1.0,0.0,-4.0,4.718797012828133,2.2675650830378693,0.015864731175254543,0.8558456293139607,1.0,1.0,0.0325224748810153,0.019325037707390625,0.0526315789473684,
ChemSpacE adapted extreme-SVM,native_l2,HBA,-105.0,50,1.0,0.02,1.0,0.0,-4.0,4.718797012828133,2.2675650830378693,0.015864731175254543,0.8558456293139607,1.0,1.0,0.0325224748810153,0.019325037707390625,0.0526315789473684,
ChemSpacE adapted extreme-SVM,native_l2,HBA,-90.0,50,1.0,0.02,1.0,0.0,-4.0,4.718797012828133,2.2675650830378693,0.015864731175254543,0.8558456293139607,1.0,1.0,0.0325224748810153,0.019325037707390625,0.0526315789473684,
ChemSpacE adapted extreme-SVM,native_l2,HBA,-75.0,50,1.0,0.02,1.0,0.0,-4.0,4.718797012828133,2.2675650830378693,0.015864731175254543,0.8558456293139607,1.0,1.0,0.0325224748810153,0.019325037707390625,0.0526315789473684,
ChemSpacE adapted extreme-SVM,native_l2,HBA,-60.0,50,1.0,0.18,1.0,0.0,-4.0,4.718797012828133,2.0506987690068383,0.015864731175254543,0.9370619536966598,0.78,1.0,0.0325224748810153,0.01895863570391865,0.0526315789473684,
ChemSpacE adapted extreme-SVM,native_l2,HBA,-45.0,50,1.0,0.68,1.0,0.0,-4.0,1.5752730493203115,-0.877500539400792,0.07664380263720945,1.1096062123704638,0.0,1.0,0.0325224748810153,0.019052904180540075,0.0509615384615384,
ChemSpacE adapted extreme-SVM,native_l2,HBA,-30.0,50,1.0,0.6,1.0,0.0,-4.0,2.880495837909665,0.3880653408161936,0.32721008048962497,1.4337891956136795,0.0,1.0,0.024448419797256947,0.01646174863387975,0.043957800511508924,
ChemSpacE adapted extreme-SVM,native_l2,HBA,-15.0,50,0.94,0.82,0.94,0.0,-4.0,3.7328133400225587,1.1489452847411012,1.8114248458580091,2.243711917484447,0.0,1.0,0.0588235294117647,0.0422482922482922,0.0683810637054354,0.0
ChemSpacE adapted extreme-SVM,native_l2,HBA,0.0,50,1.0,1.0,0.04,4.0,0.0,2.4512319297902634,0.0,-0.8399808981387062,0.0,0.0,,1.0,1.0,1.0,0.96
ChemSpacE adapted extreme-SVM,native_l2,HBA,15.0,50,1.0,0.98,1.0,14.0,11.0,6.39934542487501,4.020660142402807,0.1754570673042507,1.054933925605464,0.72,0.94,0.06206588267656965,0.0487534460026369,0.0819706126318284,0.0
ChemSpacE adapted extreme-SVM,native_l2,HBA,30.0,50,1.0,1.0,1.0,47.5,44.5,7.4339156494236125,5.10216623160073,0.00538443513770669,0.8319539105977409,1.0,1.0,0.03636497208345575,0.028170894526034624,0.04796245421245415,0.0
ChemSpacE adapted extreme-SVM,native_l2,HBA,45.0,50,1.0,0.98,1.0,154.0,150.0,8.61204280701865,6.069131998732076,-0.004381245983814935,0.8356124652086381,1.0,1.0,0.029631255487269498,0.018605870020964324,0.0422535211267605,
ChemSpacE adapted extreme-SVM,native_l2,HBA,60.0,50,1.0,0.62,1.0,154.0,150.0,8.413982901056679,5.8534640434491045,-0.004381245983814935,0.8355996521548912,1.0,1.0,0.029644268774703553,0.018353344768439025,0.0405092592592592,
ChemSpacE adapted extreme-SVM,native_l2,HBA,75.0,50,1.0,0.4,1.0,154.0,150.0,8.296517125196493,5.694640752425232,-0.004381245983814935,0.8353381101907484,1.0,1.0,0.0196078431372549,0.01600312256049955,0.03392658509454945,
ChemSpacE adapted extreme-SVM,native_l2,HBA,90.0,50,1.0,0.24,1.0,154.0,150.0,7.8420633820817,5.439798549227913,-0.004904329912100649,0.8350765682266055,1.0,1.0,0.0178571428571428,0.0,0.027027027027027,
ChemSpacE adapted extreme-SVM,native_l2,HBA,105.0,50,1.0,0.2,1.0,154.0,150.0,7.8420633820817,5.403088107878837,-0.004904329912100649,0.8350765682266055,1.0,1.0,0.0175438596491228,0.0,0.022959183673469375,
ChemSpacE adapted extreme-SVM,native_l2,HBA,120.0,50,1.0,0.14,1.0,154.0,150.0,7.8420633820817,5.403088107878837,-0.004904329912100649,0.8350765682266055,1.0,1.0,0.0171052631578947,0.0,0.022959183673469375,
ChemSpacE adapted extreme-SVM,native_l2,HBA,135.0,50,1.0,0.1,1.0,154.0,150.0,7.8420633820817,5.394842003749547,-0.004904329912100649,0.8350765682266055,1.0,1.0,0.016397849462365548,0.0,0.021406388642413475,
ChemSpacE adapted extreme-SVM,native_l2,HBA,150.0,50,1.0,0.08,1.0,154.0,150.0,7.8420633820817,5.390831452291437,-0.004904329912100649,0.8350765682266055,1.0,1.0,0.016397849462365548,0.0,0.022959183673469375,
ChemSpacE adapted extreme-SVM,train_std_unit,HBA,-150.0,50,1.0,0.02,1.0,0.0,-4.0,4.718797012828133,2.2675650830378693,0.015864731175254543,0.8558456293139607,1.0,1.0,0.0325224748810153,0.019325037707390625,0.0526315789473684,
ChemSpacE adapted extreme-SVM,train_std_unit,HBA,-135.0,50,1.0,0.02,1.0,0.0,-4.0,4.718797012828133,2.2675650830378693,0.015864731175254543,0.8558456293139607,1.0,1.0,0.0325224748810153,0.019325037707390625,0.0526315789473684,
ChemSpacE adapted extreme-SVM,train_std_unit,HBA,-120.0,50,1.0,0.02,1.0,0.0,-4.0,4.718797012828133,2.2675650830378693,0.015864731175254543,0.8558456293139607,1.0,1.0,0.0325224748810153,0.019325037707390625,0.0526315789473684,
ChemSpacE adapted extreme-SVM,train_std_unit,HBA,-105.0,50,1.0,0.02,1.0,0.0,-4.0,4.718797012828133,2.2675650830378693,0.015864731175254543,0.8558456293139607,1.0,1.0,0.0325224748810153,0.019325037707390625,0.0526315789473684,
ChemSpacE adapted extreme-SVM,train_std_unit,HBA,-90.0,50,1.0,0.04,1.0,0.0,-4.0,4.718797012828133,2.2675650830378693,0.015864731175254543,0.8558456293139607,0.98,1.0,0.0325224748810153,0.019325037707390625,0.0526315789473684,
ChemSpacE adapted extreme-SVM,train_std_unit,HBA,-75.0,50,1.0,0.58,1.0,0.0,-4.0,2.1933069062593082,-0.3267504257320901,0.04402462901133136,0.9807606945479121,0.4,1.0,0.0363636363636363,0.0196078431372549,0.058612440191387546,
ChemSpacE adapted extreme-SVM,train_std_unit,HBA,-60.0,50,1.0,0.74,1.0,0.0,-4.0,1.5752730493203115,-0.859337980599368,0.08424719313755862,1.2085469671916216,0.0,1.0,0.0294372294372294,0.01539589442815245,0.0509615384615384,
ChemSpacE adapted extreme-SVM,train_std_unit,HBA,-45.0,50,1.0,0.52,1.0,0.0,-4.0,2.7475679189493913,0.2184711976121978,0.2702114798440666,1.2207028231830206,0.0,1.0,0.0219806763285024,0.014372333258477425,0.0465116279069767,
ChemSpacE adapted extreme-SVM,train_std_unit,HBA,-30.0,50,0.98,0.76,0.98,0.0,-4.0,3.547394971363085,0.8457918673706271,1.73378953041885,2.374941575647286,0.0,1.0,0.0357142857142857,0.0178571428571428,0.053763440860215,0.0
ChemSpacE adapted extreme-SVM,train_std_unit,HBA,-15.0,50,1.0,0.96,1.0,0.0,-4.0,3.8936106310584915,1.276487913730271,1.3795428257110447,2.2385587841686547,0.0,1.0,0.0683810637054354,0.051013513513513506,0.08909400366588108,0.0
ChemSpacE adapted extreme-SVM,train_std_unit,HBA,0.0,50,1.0,1.0,0.04,4.0,0.0,2.4512319297902634,0.0,-0.8399808981387062,0.0,0.0,,1.0,1.0,1.0,0.96
ChemSpacE adapted extreme-SVM,train_std_unit,HBA,15.0,50,1.0,1.0,1.0,14.0,11.0,6.279567474215087,3.804745802078104,0.31434592194251854,1.1365266715895455,0.08,0.9,0.07897403913619705,0.06428062678062677,0.09950980392156863,0.0
ChemSpacE adapted extreme-SVM,train_std_unit,HBA,30.0,50,1.0,1.0,1.0,24.5,21.0,6.753188083490409,4.253087925817629,-0.011343495990233269,0.8437067403507311,1.0,0.98,0.0478479853479853,0.03733086901938895,0.058077809596982576,0.0
ChemSpacE adapted extreme-SVM,train_std_unit,HBA,45.0,50,1.0,1.0,1.0,129.0,124.0,8.889755339997754,6.106875758438166,0.012220936094016237,0.8472869860576088,1.0,1.0,0.03015151515151515,0.02427063626406445,0.041672613101184475,
ChemSpacE adapted extreme-SVM,train_std_unit,HBA,60.0,50,1.0,0.98,1.0,154.0,149.5,8.61724893968453,6.085417486959375,-0.0021711248612688305,0.8441679741868133,1.0,1.0,0.0298507462686567,0.019005312328265175,0.04227799227799223,
ChemSpacE adapted extreme-SVM,train_std_unit,HBA,75.0,50,1.0,0.8,1.0,154.0,150.0,8.451553000458112,5.876085607412668,-0.004381245983814935,0.8355996521548912,1.0,1.0,0.0303030303030303,0.017938311688311625,0.04302536231884055,
ChemSpacE adapted extreme-SVM,train_std_unit,HBA,90.0,50,1.0,0.5,1.0,154.0,150.0,8.296517125196493,5.814506733449167,-0.004381245983814935,0.8353381101907484,1.0,1.0,0.02200193423597675,0.0173169993950393,0.03639846743295015,
ChemSpacE adapted extreme-SVM,train_std_unit,HBA,105.0,50,1.0,0.4,1.0,154.0,150.0,8.296517125196493,5.694640752425232,-0.004381245983814935,0.8353381101907484,1.0,1.0,0.0196078431372549,0.016195134849286072,0.03392658509454945,
ChemSpacE adapted extreme-SVM,train_std_unit,HBA,120.0,50,1.0,0.26,1.0,154.0,150.0,7.8420633820817,5.439798549227913,-0.004904329912100649,0.8350765682266055,1.0,1.0,0.0175438596491228,0.0,0.027027027027027,
ChemSpacE adapted extreme-SVM,train_std_unit,HBA,135.0,50,1.0,0.2,1.0,154.0,150.0,7.8420633820817,5.403088107878837,-0.004904329912100649,0.8350765682266055,1.0,1.0,0.0175438596491228,0.0,0.022959183673469375,
ChemSpacE adapted extreme-SVM,train_std_unit,HBA,150.0,50,1.0,0.18,1.0,154.0,150.0,7.8420633820817,5.403088107878837,-0.004904329912100649,0.8350765682266055,1.0,1.0,0.0172465060957478,0.0,0.0238095238095238,
ChemSpacE adapted extreme-SVM,native_l2,TPSA,-150.0,50,1.0,0.02,1.0,0.0,-57.785000000000004,4.718797012828133,2.2675650830378693,0.015864731175254543,0.8558456293139607,1.0,1.0,0.0325224748810153,0.019325037707390625,0.0526315789473684,
ChemSpacE adapted extreme-SVM,native_l2,TPSA,-135.0,50,1.0,0.02,1.0,0.0,-57.785000000000004,4.718797012828133,2.2675650830378693,0.015864731175254543,0.8558456293139607,1.0,1.0,0.0325224748810153,0.019325037707390625,0.0526315789473684,
ChemSpacE adapted extreme-SVM,native_l2,TPSA,-120.0,50,1.0,0.02,1.0,0.0,-57.785000000000004,4.718797012828133,2.2675650830378693,0.015864731175254543,0.8558456293139607,1.0,1.0,0.0325224748810153,0.019325037707390625,0.0526315789473684,
ChemSpacE adapted extreme-SVM,native_l2,TPSA,-105.0,50,1.0,0.02,1.0,0.0,-57.785000000000004,4.718797012828133,2.2675650830378693,0.015864731175254543,0.8558456293139607,1.0,1.0,0.0325224748810153,0.019325037707390625,0.0526315789473684,
ChemSpacE adapted extreme-SVM,native_l2,TPSA,-90.0,50,1.0,0.02,1.0,0.0,-57.785000000000004,4.718797012828133,2.2675650830378693,0.015864731175254543,0.8558456293139607,1.0,1.0,0.0325224748810153,0.019325037707390625,0.0526315789473684,
ChemSpacE adapted extreme-SVM,native_l2,TPSA,-75.0,50,1.0,0.02,1.0,0.0,-57.785000000000004,4.718797012828133,2.2675650830378693,0.015864731175254543,0.8558456293139607,1.0,1.0,0.0325224748810153,0.019325037707390625,0.0526315789473684,
ChemSpacE adapted extreme-SVM,native_l2,TPSA,-60.0,50,1.0,0.02,1.0,0.0,-57.785000000000004,4.718797012828133,2.2675650830378693,0.015864731175254543,0.8558456293139607,1.0,1.0,0.0325224748810153,0.019325037707390625,0.0526315789473684,
ChemSpacE adapted extreme-SVM,native_l2,TPSA,-45.0,50,1.0,0.02,1.0,0.0,-57.785000000000004,4.718797012828133,2.2675650830378693,0.015864731175254543,0.8558456293139607,1.0,1.0,0.0325224748810153,0.019325037707390625,0.0526315789473684,
ChemSpacE adapted extreme-SVM,native_l2,TPSA,-30.0,50,1.0,0.26,1.0,0.0,-57.785000000000004,1.7549570386349824,-0.32027187483057507,0.015864731175254543,0.8211142833151186,0.36,1.0,0.032258064516129,0.0192307692307692,0.0519736842105263,
ChemSpacE adapted extreme-SVM,native_l2,TPSA,-15.0,50,1.0,0.66,1.0,0.0,-57.785000000000004,3.1093692003141347,0.48552832782664845,1.58319964877624,2.2984869127069643,0.0,1.0,0.04168475900998695,0.0304592314901593,0.06453804347826085,0.0
ChemSpacE adapted extreme-SVM,native_l2,TPSA,0.0,50,1.0,1.0,0.04,57.785000000000004,0.0,2.4512319297902634,0.0,-0.8399808981387062,0.0,0.0,,1.0,1.0,1.0,0.96
ChemSpacE adapted extreme-SVM,native_l2,TPSA,15.0,50,1.0,0.98,1.0,232.36,166.355,5.720803971638494,3.0743941066076115,0.15465256623887091,1.09268663741915,0.7,0.92,0.058257918552036145,0.03926282051282045,0.08225650916104138,0.0
ChemSpacE adapted extreme-SVM,native_l2,TPSA,30.0,50,1.0,0.98,1.0,413.42999999999995,358.0349999999999,6.677399642755987,4.072707140764033,-0.013032139198308194,0.8289958830514896,1.0,1.0,0.04,0.0268460424710424,0.0494047619047619,0.0
ChemSpacE adapted extreme-SVM,native_l2,TPSA,45.0,50,1.0,0.98,1.0,1767.674999999998,1712.684999999998,8.630591369489526,6.086998662825519,0.00024386463919281047,0.837911415698086,1.0,1.0,0.03490259740259735,0.020102040816326525,0.0494047619047619,
ChemSpacE adapted extreme-SVM,native_l2,TPSA,60.0,50,1.0,0.94,1.0,1782.5999999999976,1724.1049999999977,8.570769677043987,5.966929825854567,0.00024228110257467535,0.8355996521548912,1.0,1.0,0.0317540322580645,0.0205144557823129,0.04597902097902093,
ChemSpacE adapted extreme-SVM,native_l2,TPSA,75.0,50,1.0,0.8,1.0,1776.8099999999977,1716.3699999999976,8.553319234936524,5.843646587012522,-0.0020694824406201295,0.8353381101907484,1.0,1.0,0.030536130536130503,0.02092409997706945,0.0418252759802055,
ChemSpacE adapted extreme-SVM,native_l2,TPSA,90.0,50,1.0,0.76,1.0,1748.9999999999982,1694.3049999999982,8.489098647896846,5.854285355237071,0.008427433330840912,0.8393265030369886,1.0,1.0,0.029631255487269498,0.019705882352941177,0.0414473684210526,
ChemSpacE adapted extreme-SVM,native_l2,TPSA,105.0,50,1.0,0.74,1.0,1697.104999999999,1628.2199999999991,8.45058766413992,5.7212001202023295,0.022533266321235392,0.8441583966591639,1.0,1.0,0.0312576312576312,0.019807923169267702,0.04221645663454405,
ChemSpacE adapted extreme-SVM,native_l2,TPSA,120.0,50,1.0,0.68,1.0,1619.82,1548.3250000000003,8.282387349129081,5.7787122100948025,0.04706708314198701,0.866135281756987,1.0,1.0,0.03183046268152645,0.023881239242685003,0.04358208955223875,
ChemSpacE adapted extreme-SVM,native_l2,TPSA,135.0,50,1.0,0.58,1.0,1527.4200000000012,1460.3300000000008,7.98158898607228,5.734267034691223,0.04706708314198701,0.8613238167177922,1.0,1.0,0.03468323977546105,0.021258503401360526,0.0454545454545454,
ChemSpacE adapted extreme-SVM,native_l2,TPSA,150.0,50,1.0,0.46,1.0,1447.6200000000022,1409.150000000002,7.98158898607228,5.740894971442083,0.05300441931990909,0.8693576767637013,1.0,1.0,0.03239289446185995,0.0239547038327526,0.04461150131694463,
ChemSpacE adapted extreme-SVM,train_std_unit,TPSA,-150.0,50,1.0,0.02,1.0,0.0,-57.785000000000004,4.718797012828133,2.2675650830378693,0.015864731175254543,0.8558456293139607,1.0,1.0,0.0325224748810153,0.019325037707390625,0.0526315789473684,
ChemSpacE adapted extreme-SVM,train_std_unit,TPSA,-135.0,50,1.0,0.02,1.0,0.0,-57.785000000000004,4.718797012828133,2.2675650830378693,0.015864731175254543,0.8558456293139607,1.0,1.0,0.0325224748810153,0.019325037707390625,0.0526315789473684,
ChemSpacE adapted extreme-SVM,train_std_unit,TPSA,-120.0,50,1.0,0.02,1.0,0.0,-57.785000000000004,4.718797012828133,2.2675650830378693,0.015864731175254543,0.8558456293139607,1.0,1.0,0.0325224748810153,0.019325037707390625,0.0526315789473684,
ChemSpacE adapted extreme-SVM,train_std_unit,TPSA,-105.0,50,1.0,0.02,1.0,0.0,-57.785000000000004,4.718797012828133,2.2675650830378693,0.015864731175254543,0.8558456293139607,1.0,1.0,0.0325224748810153,0.019325037707390625,0.0526315789473684,
ChemSpacE adapted extreme-SVM,train_std_unit,TPSA,-90.0,50,1.0,0.02,1.0,0.0,-57.785000000000004,4.718797012828133,2.2675650830378693,0.015864731175254543,0.8558456293139607,1.0,1.0,0.0325224748810153,0.019325037707390625,0.0526315789473684,
ChemSpacE adapted extreme-SVM,train_std_unit,TPSA,-75.0,50,1.0,0.02,1.0,0.0,-57.785000000000004,4.718797012828133,2.2675650830378693,0.015864731175254543,0.8558456293139607,1.0,1.0,0.0325224748810153,0.019325037707390625,0.0526315789473684,
ChemSpacE adapted extreme-SVM,train_std_unit,TPSA,-60.0,50,1.0,0.06,1.0,0.0,-57.785000000000004,4.718797012828133,2.252685547257088,0.015864731175254543,0.8656173840233566,0.94,1.0,0.0325224748810153,0.019325037707390625,0.0526315789473684,
ChemSpacE adapted extreme-SVM,train_std_unit,TPSA,-45.0,50,1.0,0.26,1.0,0.0,-57.785000000000004,3.760976447795303,0.4412489560095634,0.015864731175254543,0.8211142833151186,0.5,1.0,0.03149801587301585,0.0192307692307692,0.0509615384615384,
ChemSpacE adapted extreme-SVM,train_std_unit,TPSA,-30.0,50,1.0,0.42,1.0,0.0,-57.785000000000004,1.7549570386349824,-0.5382499432935912,-0.021079824216700002,1.136944295325652,0.0,1.0,0.03279569892473115,0.018353344768439025,0.0580065359477124,0.0
ChemSpacE adapted extreme-SVM,train_std_unit,TPSA,-15.0,50,1.0,0.98,1.0,0.0,-57.160000000000004,3.7415265975576877,1.2163098654235358,1.3985371577965147,2.217157040790399,0.0,1.0,0.0519568151147098,0.03137400793650792,0.0734397417503586,0.0
ChemSpacE adapted extreme-SVM,train_std_unit,TPSA,0.0,50,1.0,1.0,0.04,57.785000000000004,0.0,2.4512319297902634,0.0,-0.8399808981387062,0.0,0.0,,1.0,1.0,1.0,0.96
ChemSpacE adapted extreme-SVM,train_std_unit,TPSA,15.0,50,1.0,0.98,1.0,203.35,144.72499999999997,5.615293674937238,2.8587415342188933,0.34002039001776757,1.1613155667069877,0.06,0.86,0.07742257742257741,0.05933503836317135,0.1016483516483516,0.0
ChemSpacE adapted extreme-SVM,train_std_unit,TPSA,30.0,50,1.0,1.0,1.0,278.81,215.725,6.11581240734726,3.5723968471489225,0.12537641013224182,0.8875820343251327,1.0,1.0,0.047681291202546,0.03928018575851393,0.0618556701030927,0.0
ChemSpacE adapted extreme-SVM,train_std_unit,TPSA,45.0,50,1.0,1.0,1.0,529.2499999999995,464.1049999999997,6.853160666262333,4.356456474838655,-0.022301972418343686,0.7016498179058469,1.0,1.0,0.037037037037037,0.02888099219620955,0.04804934021801488,
ChemSpacE adapted extreme-SVM,train_std_unit,TPSA,60.0,50,1.0,1.0,1.0,1765.194999999998,1707.784999999998,8.641298372287245,6.1240810882730665,-0.003491043103275974,0.8368506222276104,1.0,1.0,0.0378983634797588,0.0238095238095238,0.0512931034482758,
ChemSpacE adapted extreme-SVM,train_std_unit,TPSA,75.0,50,1.0,0.98,1.0,1777.9849999999974,1719.3649999999977,8.59120187493178,6.018120562885397,-0.002210754947149243,0.8355996521548912,1.0,1.0,0.030536130536130503,0.020625271385149774,0.047252747252747224,
ChemSpacE adapted extreme-SVM,train_std_unit,TPSA,90.0,50,1.0,0.92,1.0,1785.3999999999976,1722.799999999998,8.56934486236804,5.897651159069896,-0.004381245983814935,0.8355996521548912,1.0,1.0,0.03100961538461535,0.0205144557823129,0.04414546983392888,
ChemSpacE adapted extreme-SVM,train_std_unit,TPSA,105.0,50,1.0,0.8,1.0,1782.5999999999976,1716.514999999998,8.560213376661324,5.849050347556779,-0.0020694824406201295,0.8353381101907484,1.0,1.0,0.0303030303030303,0.019807923169267702,0.03974025974025973,
ChemSpacE adapted extreme-SVM,train_std_unit,TPSA,120.0,50,1.0,0.76,1.0,1764.304999999998,1708.209999999998,8.498069983400153,5.8324832157977715,0.0009303610827305197,0.8353381101907484,1.0,1.0,0.0303030303030303,0.019807923169267702,0.042706237424547225,
ChemSpacE adapted extreme-SVM,train_std_unit,TPSA,135.0,50,1.0,0.76,1.0,1737.7049999999983,1681.7049999999983,8.482955381072333,5.802482691795754,0.013259326953016235,0.8434703166790081,1.0,1.0,0.0303030303030303,0.0196078431372549,0.041995614035087676,
ChemSpacE adapted extreme-SVM,train_std_unit,TPSA,150.0,50,1.0,0.74,1.0,1699.9049999999988,1632.4199999999992,8.463043428699896,5.7396939849263795,0.018293343475574677,0.8441583966591639,1.0,1.0,0.03149801587301585,0.0204081632653061,0.04082191780821918,
ChemSpacE adapted extreme-SVM,native_l2,cLogP,-150.0,50,1.0,0.02,1.0,-76.48199999999896,-79.59773999999896,7.8420633820817,5.390831452291437,-0.004904329912100649,0.8350765682266055,1.0,1.0,0.015079365079365,0.0,0.0202080832332933,
ChemSpacE adapted extreme-SVM,native_l2,cLogP,-135.0,50,1.0,0.02,1.0,-76.48199999999896,-79.59773999999896,7.8420633820817,5.390831452291437,-0.004904329912100649,0.8350765682266055,1.0,1.0,0.015079365079365,0.0,0.0202080832332933,
ChemSpacE adapted extreme-SVM,native_l2,cLogP,-120.0,50,1.0,0.02,1.0,-76.48199999999896,-79.59773999999896,7.8420633820817,5.390831452291437,-0.004904329912100649,0.8350765682266055,1.0,1.0,0.015079365079365,0.0,0.0202080832332933,
ChemSpacE adapted extreme-SVM,native_l2,cLogP,-105.0,50,1.0,0.02,1.0,-76.48199999999896,-79.59773999999896,7.8420633820817,5.390831452291437,-0.004904329912100649,0.8350765682266055,1.0,1.0,0.015079365079365,0.0,0.0202080832332933,
ChemSpacE adapted extreme-SVM,native_l2,cLogP,-90.0,50,1.0,0.02,1.0,-76.48199999999896,-79.59773999999896,7.8420633820817,5.390831452291437,-0.004904329912100649,0.8350765682266055,1.0,1.0,0.015079365079365,0.0,0.0202080832332933,
ChemSpacE adapted extreme-SVM,native_l2,cLogP,-75.0,50,1.0,0.02,1.0,-76.48199999999896,-79.59773999999896,7.8420633820817,5.390831452291437,-0.004904329912100649,0.8350765682266055,1.0,1.0,0.015079365079365,0.0,0.0202080832332933,
ChemSpacE adapted extreme-SVM,native_l2,cLogP,-60.0,50,1.0,0.04,1.0,-76.48199999999896,-79.52319999999897,7.8420633820817,5.403088107878837,-0.004904329912100649,0.8350765682266055,1.0,1.0,0.015079365079365,0.0,0.0202080832332933,
ChemSpacE adapted extreme-SVM,native_l2,cLogP,-45.0,50,1.0,0.76,1.0,-68.5824999999991,-71.55145999999917,8.50623246607017,5.823210540100546,-0.004381245983814935,0.8351739887234819,1.0,1.0,0.0263340263340263,0.0176221804511278,0.041690140845070375,0.0
ChemSpacE adapted extreme-SVM,native_l2,cLogP,-30.0,50,1.0,1.0,1.0,-4.821199999999999,-8.514465000000003,6.40536087939171,3.658586251826206,0.042295725190829254,0.7948193549994793,0.02,1.0,0.04598308668076105,0.033823529411764676,0.062338917525773176,0.0
ChemSpacE adapted extreme-SVM,native_l2,cLogP,-15.0,50,1.0,1.0,1.0,-2.313659999999998,-5.184475,5.21767384793506,2.767944874218988,0.3850609886115727,1.24217232252176,0.0,1.0,0.07609594706368894,0.057638331996792226,0.10101010101010094,0.0
ChemSpacE adapted extreme-SVM,native_l2,cLogP,0.0,50,1.0,1.0,0.04,3.115740000000002,0.0,2.4512319297902634,0.0,-0.8399808981387062,0.0,0.0,,1.0,1.0,1.0,0.96
ChemSpacE adapted extreme-SVM,native_l2,cLogP,15.0,50,1.0,0.98,1.0,10.026449999999993,7.002749999999992,5.917701496144274,3.1343001273134,1.5266050392050095,2.313600026546445,0.04,0.96,0.0612244897959183,0.052258911301464456,0.081800613088098,0.02127659574468085
ChemSpacE adapted extreme-SVM,native_l2,cLogP,30.0,50,1.0,0.72,1.0,58.08139999999963,54.34309999999964,5.194880852636269,2.585177696742169,0.08969408030969286,1.0312667864647722,1.0,0.8,0.042109929078014155,0.032258064516129,0.062181122448979574,
ChemSpacE adapted extreme-SVM,native_l2,cLogP,45.0,50,1.0,0.02,1.0,60.32139999999959,57.20565999999958,4.718797012828133,2.2675650830378693,0.015864731175254543,0.8558456293139607,1.0,1.0,0.0325224748810153,0.019325037707390625,0.0526315789473684,
ChemSpacE adapted extreme-SVM,native_l2,cLogP,60.0,50,1.0,0.02,1.0,60.32139999999959,57.20565999999958,4.718797012828133,2.2675650830378693,0.015864731175254543,0.8558456293139607,1.0,1.0,0.0325224748810153,0.019325037707390625,0.0526315789473684,
ChemSpacE adapted extreme-SVM,native_l2,cLogP,75.0,50,1.0,0.02,1.0,60.32139999999959,57.20565999999958,4.718797012828133,2.2675650830378693,0.015864731175254543,0.8558456293139607,1.0,1.0,0.0325224748810153,0.019325037707390625,0.0526315789473684,
ChemSpacE adapted extreme-SVM,native_l2,cLogP,90.0,50,1.0,0.02,1.0,60.32139999999959,57.20565999999958,4.718797012828133,2.2675650830378693,0.015864731175254543,0.8558456293139607,1.0,1.0,0.0325224748810153,0.019325037707390625,0.0526315789473684,
ChemSpacE adapted extreme-SVM,native_l2,cLogP,105.0,50,1.0,0.02,1.0,60.32139999999959,57.20565999999958,4.718797012828133,2.2675650830378693,0.015864731175254543,0.8558456293139607,1.0,1.0,0.0325224748810153,0.019325037707390625,0.0526315789473684,
ChemSpacE adapted extreme-SVM,native_l2,cLogP,120.0,50,1.0,0.02,1.0,60.32139999999959,57.20565999999958,4.718797012828133,2.2675650830378693,0.015864731175254543,0.8558456293139607,1.0,1.0,0.0325224748810153,0.019325037707390625,0.0526315789473684,
ChemSpacE adapted extreme-SVM,native_l2,cLogP,135.0,50,1.0,0.02,1.0,60.32139999999959,57.20565999999958,4.718797012828133,2.2675650830378693,0.015864731175254543,0.8558456293139607,1.0,1.0,0.0325224748810153,0.019325037707390625,0.0526315789473684,
ChemSpacE adapted extreme-SVM,native_l2,cLogP,150.0,50,1.0,0.02,1.0,60.32139999999959,57.20565999999958,4.718797012828133,2.2675650830378693,0.015864731175254543,0.8558456293139607,1.0,1.0,0.0325224748810153,0.019325037707390625,0.0526315789473684,
ChemSpacE adapted extreme-SVM,train_std_unit,cLogP,-150.0,50,1.0,0.02,1.0,-76.48199999999896,-79.59773999999896,7.8420633820817,5.390831452291437,-0.004904329912100649,0.8350765682266055,1.0,1.0,0.015079365079365,0.0,0.0202080832332933,
ChemSpacE adapted extreme-SVM,train_std_unit,cLogP,-135.0,50,1.0,0.02,1.0,-76.48199999999896,-79.59773999999896,7.8420633820817,5.390831452291437,-0.004904329912100649,0.8350765682266055,1.0,1.0,0.015079365079365,0.0,0.0202080832332933,
ChemSpacE adapted extreme-SVM,train_std_unit,cLogP,-120.0,50,1.0,0.02,1.0,-76.48199999999896,-79.59773999999896,7.8420633820817,5.390831452291437,-0.004904329912100649,0.8350765682266055,1.0,1.0,0.015079365079365,0.0,0.0202080832332933,
ChemSpacE adapted extreme-SVM,train_std_unit,cLogP,-105.0,50,1.0,0.02,1.0,-76.48199999999896,-79.59773999999896,7.8420633820817,5.390831452291437,-0.004904329912100649,0.8350765682266055,1.0,1.0,0.015079365079365,0.0,0.0202080832332933,
ChemSpacE adapted extreme-SVM,train_std_unit,cLogP,-90.0,50,1.0,0.14,1.0,-76.48199999999896,-79.44450999999896,7.8420633820817,5.408220458277339,-0.004904329912100649,0.8350765682266055,1.0,1.0,0.016530054644808702,0.0,0.0204081632653061,
ChemSpacE adapted extreme-SVM,train_std_unit,cLogP,-75.0,50,1.0,0.72,1.0,-71.35799999999907,-75.19166999999905,8.438118534065786,5.7082174915577415,-0.004381245983814935,0.835243756361437,1.0,1.0,0.0244047619047619,0.0170978293190603,0.040405405405405374,0.0
ChemSpacE adapted extreme-SVM,train_std_unit,cLogP,-60.0,50,1.0,1.0,1.0,-12.151099999999996,-15.209099999999994,6.844469493731555,4.330198394791967,0.0037949329303608834,0.7972640419940962,0.58,1.0,0.03664130678004025,0.025237127371273677,0.051169341072038174,0.0
ChemSpacE adapted extreme-SVM,train_std_unit,cLogP,-45.0,50,1.0,1.0,1.0,-4.261064999999997,-8.01821,6.273981309916715,3.7411053744615255,0.0976433181344285,1.0592077293787223,0.0,1.0,0.0476190476190476,0.037558962264150925,0.06453804347826085,0.0
ChemSpacE adapted extreme-SVM,train_std_unit,cLogP,-30.0,50,1.0,1.0,1.0,-2.7031499999999977,-6.18175,5.528841998687944,2.8575644113844105,0.26896026024976805,1.0013362331145002,0.0,1.0,0.0750492818924246,0.0505838760386256,0.09438344594594594,0.0
ChemSpacE adapted extreme-SVM,train_std_unit,cLogP,-15.0,50,1.0,1.0,1.0,-0.26575499999999896,-3.7191550000000007,4.968304360987666,2.1428828568896767,0.4086322572961441,1.2708338778886419,0.0,1.0,0.1111111111111111,0.09412202380952381,0.14508928571428567,0.02631578947368421
ChemSpacE adapted extreme-SVM,train_std_unit,cLogP,0.0,50,1.0,1.0,0.04,3.115740000000002,0.0,2.4512319297902634,0.0,-0.8399808981387062,0.0,0.0,,1.0,1.0,1.0,0.96
ChemSpacE adapted extreme-SVM,train_std_unit,cLogP,15.0,50,1.0,1.0,0.98,6.661640000000006,2.9056600000000024,5.070845458417934,2.103281193675572,0.9956252139402147,1.5528099173758565,0.0,0.96,0.10263157894736841,0.08290830168204012,0.13129290617848965,0.08333333333333333
ChemSpacE adapted extreme-SVM,train_std_unit,cLogP,30.0,50,1.0,0.94,1.0,12.17769999999998,8.98965999999998,5.811355464286209,3.1130231800073522,1.4528984721201073,2.3018542240351074,0.22,0.88,0.0528309409888357,0.042119565217391255,0.0652173913043478,0.0
ChemSpacE adapted extreme-SVM,train_std_unit,cLogP,45.0,50,1.0,0.84,1.0,53.20409999999971,50.153399999999664,5.744734837879751,2.854022323431068,0.2018539509696861,1.0885806424941746,1.0,0.82,0.044353518821603904,0.032390269698572144,0.06068872987477635,0.0
ChemSpacE adapted extreme-SVM,train_std_unit,cLogP,60.0,50,1.0,0.2,1.0,60.32139999999959,56.40635999999958,4.718797012828133,2.2798217386252695,0.015864731175254543,0.8558456293139607,1.0,1.0,0.03398617511520735,0.01895863570391865,0.0526315789473684,
ChemSpacE adapted extreme-SVM,train_std_unit,cLogP,75.0,50,1.0,0.02,1.0,60.32139999999959,57.20565999999958,4.718797012828133,2.2675650830378693,0.015864731175254543,0.8558456293139607,1.0,1.0,0.0325224748810153,0.019325037707390625,0.0526315789473684,
ChemSpacE adapted extreme-SVM,train_std_unit,cLogP,90.0,50,1.0,0.02,1.0,60.32139999999959,57.20565999999958,4.718797012828133,2.2675650830378693,0.015864731175254543,0.8558456293139607,1.0,1.0,0.0325224748810153,0.019325037707390625,0.0526315789473684,
ChemSpacE adapted extreme-SVM,train_std_unit,cLogP,105.0,50,1.0,0.02,1.0,60.32139999999959,57.20565999999958,4.718797012828133,2.2675650830378693,0.015864731175254543,0.8558456293139607,1.0,1.0,0.0325224748810153,0.019325037707390625,0.0526315789473684,
ChemSpacE adapted extreme-SVM,train_std_unit,cLogP,120.0,50,1.0,0.02,1.0,60.32139999999959,57.20565999999958,4.718797012828133,2.2675650830378693,0.015864731175254543,0.8558456293139607,1.0,1.0,0.0325224748810153,0.019325037707390625,0.0526315789473684,
ChemSpacE adapted extreme-SVM,train_std_unit,cLogP,135.0,50,1.0,0.02,1.0,60.32139999999959,57.20565999999958,4.718797012828133,2.2675650830378693,0.015864731175254543,0.8558456293139607,1.0,1.0,0.0325224748810153,0.019325037707390625,0.0526315789473684,
ChemSpacE adapted extreme-SVM,train_std_unit,cLogP,150.0,50,1.0,0.02,1.0,60.32139999999959,57.20565999999958,4.718797012828133,2.2675650830378693,0.015864731175254543,0.8558456293139607,1.0,1.0,0.0325224748810153,0.019325037707390625,0.0526315789473684,
ChemSpacE adapted extreme-SVM,native_l2,BertzCT,-150.0,50,0.96,0.1,0.96,1794.6060389700224,1045.1982679696544,4.718797012828133,2.150752483079758,0.015864731175254543,0.7434713371743316,0.86,0.10416666666666667,0.034250585480093645,0.0196078431372549,0.053362573099415174,
ChemSpacE adapted extreme-SVM,native_l2,BertzCT,-135.0,50,0.9,0.14,0.9,1794.6060389700224,1075.157354325591,4.718797012828133,2.160445212705535,0.015864731175254543,0.5835571143970314,0.76,0.15555555555555556,0.0357142857142857,0.0196078431372549,0.0526315789473684,
ChemSpacE adapted extreme-SVM,native_l2,BertzCT,-120.0,50,0.86,0.16,0.86,1794.6060389700224,969.3884139994844,4.718797012828133,2.1181547521195965,0.015864731175254543,0.5835571143970314,0.62,0.27906976744186046,0.0363636363636363,0.020008003201280503,0.054093567251461944,
ChemSpacE adapted extreme-SVM,native_l2,BertzCT,-105.0,50,0.78,0.16,0.78,581.9495684877124,329.1926124411592,4.718797012828133,1.7500642416969567,0.015864731175254543,0.6949384290977956,0.38,0.48717948717948717,0.0363636363636363,0.0222222222222222,0.06091527520098945,
ChemSpacE adapted extreme-SVM,native_l2,BertzCT,-90.0,50,0.74,0.16,0.74,0.0,-397.81326077302657,4.718797012828133,1.989640211903093,0.0,0.5322372988645945,0.18,0.7567567567567568,0.032258064516129,0.0,0.0526315789473684,
ChemSpacE adapted extreme-SVM,native_l2,BertzCT,-75.0,50,0.74,0.18,0.74,0.0,-640.4924236266434,7.3284153846153846,2.110089146283011,0.0,0.6736836508568418,0.0,1.0,0.0,0.0,0.0357142857142857,
ChemSpacE adapted extreme-SVM,native_l2,BertzCT,-60.0,50,0.76,0.08,0.76,0.0,-663.8160033413495,7.3284153846153846,4.53965982924529,0.0,0.6081236832792594,0.0,1.0,0.0,0.0,0.0193859649122807,
ChemSpacE adapted extreme-SVM,native_l2,BertzCT,-45.0,50,0.78,0.06,0.78,0.0,-640.4924236266434,7.3284153846153846,4.524692776790186,0.0,0.5676923832217768,0.0,1.0,0.0,0.0,0.01873249299719885,
ChemSpacE adapted extreme-SVM,native_l2,BertzCT,-30.0,50,0.84,0.1,0.84,0.0,-700.3441222322309,7.3284153846153846,4.53965982924529,0.0,0.5459271861157051,0.0,1.0,0.0,0.0,0.017064144736842098,
ChemSpacE adapted extreme-SVM,native_l2,BertzCT,-15.0,50,0.94,0.2,0.94,0.0,-714.9584596487582,2.7475679189493913,0.3458058624368139,0.0251286675201,0.937930083102855,0.0,1.0,0.0277777777777777,0.0196078431372549,0.0404081632653061,
ChemSpacE adapted extreme-SVM,native_l2,BertzCT,0.0,50,1.0,1.0,0.04,734.5321357194807,0.0,2.4512319297902634,0.0,-0.8399808981387062,0.0,0.0,,1.0,1.0,1.0,0.96
ChemSpacE adapted extreme-SVM,native_l2,BertzCT,15.0,50,1.0,1.0,1.0,2641.547357043876,1674.207962301135,6.935845660212132,4.254299030270282,0.48922690428524995,1.3536774864644858,1.0,0.84,0.06337085488287189,0.046502256608639526,0.07820121951219511,0.0
ChemSpacE adapted extreme-SVM,native_l2,BertzCT,30.0,50,1.0,0.78,1.0,10439.915232164414,9762.315822562214,7.499357314602971,5.102629083115389,0.12625867328732565,0.9293362302485182,1.0,1.0,0.016685205784204647,0.0,0.025237341772151874,
ChemSpacE adapted extreme-SVM,native_l2,BertzCT,45.0,50,1.0,0.26,1.0,11301.177038701228,10494.426861564138,7.284354713588849,4.861848681873757,0.08290753711906493,0.9228884352577711,1.0,1.0,0.0,0.0,0.015069318866787149,
ChemSpacE adapted extreme-SVM,native_l2,BertzCT,60.0,50,1.0,0.08,1.0,11301.177038701228,10536.68581662581,7.284354713588849,4.845379439385986,0.08290753711906493,0.9228884352577711,1.0,1.0,0.0,0.0,0.0,
ChemSpacE adapted extreme-SVM,native_l2,BertzCT,75.0,50,1.0,0.02,1.0,11301.177038701228,10566.644902981747,7.284354713588849,4.8331227837985855,0.08290753711906493,0.9228884352577711,1.0,1.0,0.0,0.0,0.0,
ChemSpacE adapted extreme-SVM,native_l2,BertzCT,90.0,50,1.0,0.02,1.0,11301.177038701228,10566.644902981747,7.284354713588849,4.8331227837985855,0.08290753711906493,0.9228884352577711,1.0,1.0,0.0,0.0,0.0,
ChemSpacE adapted extreme-SVM,native_l2,BertzCT,105.0,50,1.0,0.02,1.0,11301.177038701228,10566.644902981747,7.284354713588849,4.8331227837985855,0.08290753711906493,0.9228884352577711,1.0,1.0,0.0,0.0,0.0,
ChemSpacE adapted extreme-SVM,native_l2,BertzCT,120.0,50,1.0,0.02,1.0,11301.177038701228,10566.644902981747,7.284354713588849,4.8331227837985855,0.08290753711906493,0.9228884352577711,1.0,1.0,0.0,0.0,0.0,
ChemSpacE adapted extreme-SVM,native_l2,BertzCT,135.0,50,1.0,0.02,1.0,11301.177038701228,10566.644902981747,7.284354713588849,4.8331227837985855,0.08290753711906493,0.9228884352577711,1.0,1.0,0.0,0.0,0.0,
ChemSpacE adapted extreme-SVM,native_l2,BertzCT,150.0,50,1.0,0.02,1.0,11301.177038701228,10566.644902981747,7.284354713588849,4.8331227837985855,0.08290753711906493,0.9228884352577711,1.0,1.0,0.0,0.0,0.0,
ChemSpacE adapted extreme-SVM,train_std_unit,BertzCT,-150.0,50,0.74,0.16,0.74,0.0,-455.3182766495177,4.718797012828133,2.110089146283011,0.0,0.5322372988645945,0.18,0.7567567567567568,0.024390243902439,0.0,0.054054054054054,
ChemSpacE adapted extreme-SVM,train_std_unit,BertzCT,-135.0,50,0.74,0.2,0.74,0.0,-566.0010355519379,2.7475679189493913,0.578247135908752,0.015864731175254543,0.6736836508568418,0.04,0.9459459459459459,0.0232558139534883,0.0,0.0357142857142857,
ChemSpacE adapted extreme-SVM,train_std_unit,BertzCT,-120.0,50,0.74,0.16,0.74,0.0,-640.4924236266434,7.3284153846153846,2.110089146283011,0.0,0.5928210507418769,0.0,1.0,0.0,0.0,0.0357142857142857,
ChemSpacE adapted extreme-SVM,train_std_unit,BertzCT,-105.0,50,0.74,0.08,0.74,0.0,-640.4924236266434,7.3284153846153846,4.524692776790186,0.0,0.5676923832217768,0.0,1.0,0.0,0.0,0.0232558139534883,
ChemSpacE adapted extreme-SVM,train_std_unit,BertzCT,-90.0,50,0.76,0.06,0.76,0.0,-663.8160033413495,7.3284153846153846,4.53965982924529,0.0,0.6081236832792594,0.0,1.0,0.0,0.0,0.017299107142857102,
ChemSpacE adapted extreme-SVM,train_std_unit,BertzCT,-75.0,50,0.78,0.04,0.78,0.0,-640.4924236266434,7.3284153846153846,4.524692776790186,0.0,0.5676923832217768,0.0,1.0,0.0,0.0,0.017071759259259252,
ChemSpacE adapted extreme-SVM,train_std_unit,BertzCT,-60.0,50,0.8,0.06,0.8,0.0,-663.8160033413495,7.3284153846153846,4.580713204614731,0.0,0.5459271861157051,0.0,1.0,0.0,0.0,0.0,
ChemSpacE adapted extreme-SVM,train_std_unit,BertzCT,-45.0,50,0.84,0.1,0.84,0.0,-700.3441222322309,7.3284153846153846,4.442187695137197,0.0,0.5459271861157051,0.0,1.0,0.0,0.0,0.0175438596491228,
ChemSpacE adapted extreme-SVM,train_std_unit,BertzCT,-30.0,50,0.92,0.18,0.92,0.0,-714.2535605285822,2.7475679189493913,0.4310993985592795,0.0251286675201,0.8769827045525018,0.0,1.0,0.0259784075573549,0.0187908496732026,0.0344827586206896,
ChemSpacE adapted extreme-SVM,train_std_unit,BertzCT,-15.0,50,1.0,0.62,1.0,2.0,-731.154691968399,2.108427542551482,-0.2582386763284621,0.06878414063157917,1.0882295945286677,0.0,1.0,0.043560606060606,0.0212765957446808,0.07111528822055135,0.0
ChemSpacE adapted extreme-SVM,train_std_unit,BertzCT,0.0,50,1.0,1.0,0.04,734.5321357194807,0.0,2.4512319297902634,0.0,-0.8399808981387062,0.0,0.0,,1.0,1.0,1.0,0.96
ChemSpacE adapted extreme-SVM,train_std_unit,BertzCT,15.0,50,1.0,0.98,1.0,1004.5016581014256,234.3577058238356,5.420100299984226,2.997085541500767,0.5789213352719929,1.310936467883624,0.46,0.62,0.10778829604130805,0.08346774193548383,0.12940503432494274,0.0
ChemSpacE adapted extreme-SVM,train_std_unit,BertzCT,30.0,50,1.0,1.0,1.0,4638.899897361153,3852.5182712006936,7.589243968549242,5.146162079322451,0.3728263703652436,1.2186869850105562,1.0,0.9,0.050210084033613406,0.0350877192982456,0.05904720906873295,0.0
ChemSpacE adapted extreme-SVM,train_std_unit,BertzCT,45.0,50,1.0,0.92,1.0,9903.967511780373,9227.703167125072,7.770206386808271,5.333054884851801,0.13554070312544195,0.967967504629876,1.0,1.0,0.018524871355059952,0.002717391304347825,0.0271892655367231,
ChemSpacE adapted extreme-SVM,train_std_unit,BertzCT,60.0,50,1.0,0.62,1.0,11301.177038701228,10465.330427094177,7.284354713588849,5.016886565474992,0.09973776002661008,0.9228884352577711,1.0,1.0,0.0053763440860215,0.0,0.0181818181818181,
ChemSpacE adapted extreme-SVM,train_std_unit,BertzCT,75.0,50,1.0,0.3,1.0,11301.177038701228,10477.257353786725,7.284354713588849,4.861848681873757,0.08290753711906493,0.9228884352577711,1.0,1.0,0.0,0.0,0.016263335935467048,
ChemSpacE adapted extreme-SVM,train_std_unit,BertzCT,90.0,50,1.0,0.12,1.0,11301.177038701228,10516.054305315221,7.284354713588849,4.861848681873757,0.08290753711906493,0.9228884352577711,1.0,1.0,0.0,0.0,0.0,
ChemSpacE adapted extreme-SVM,train_std_unit,BertzCT,105.0,50,1.0,0.04,1.0,11301.177038701228,10536.68581662581,7.284354713588849,4.8331227837985855,0.08290753711906493,0.9228884352577711,1.0,1.0,0.0,0.0,0.0,
ChemSpacE adapted extreme-SVM,train_std_unit,BertzCT,120.0,50,1.0,0.04,1.0,11301.177038701228,10566.644902981747,7.284354713588849,4.8331227837985855,0.08290753711906493,0.9228884352577711,1.0,1.0,0.0,0.0,0.0,
ChemSpacE adapted extreme-SVM,train_std_unit,BertzCT,135.0,50,1.0,0.02,1.0,11301.177038701228,10566.644902981747,7.284354713588849,4.8331227837985855,0.08290753711906493,0.9228884352577711,1.0,1.0,0.0,0.0,0.0,
ChemSpacE adapted extreme-SVM,train_std_unit,BertzCT,150.0,50,1.0,0.02,1.0,11301.177038701228,10566.644902981747,7.284354713588849,4.8331227837985855,0.08290753711906493,0.9228884352577711,1.0,1.0,0.0,0.0,0.0,
ChemSpacE adapted extreme-SVM,native_l2,HeavyAtomCount,-150.0,50,0.0,0.0,0.0,,,,,,,0.0,,,,,
ChemSpacE adapted extreme-SVM,native_l2,HeavyAtomCount,-135.0,50,0.0,0.0,0.0,,,,,,,0.0,,,,,
ChemSpacE adapted extreme-SVM,native_l2,HeavyAtomCount,-120.0,50,0.0,0.0,0.0,,,,,,,0.0,,,,,
ChemSpacE adapted extreme-SVM,native_l2,HeavyAtomCount,-105.0,50,0.0,0.0,0.0,,,,,,,0.0,,,,,
ChemSpacE adapted extreme-SVM,native_l2,HeavyAtomCount,-90.0,50,0.0,0.0,0.0,,,,,,,0.0,,,,,
ChemSpacE adapted extreme-SVM,native_l2,HeavyAtomCount,-75.0,50,0.0,0.0,0.0,,,,,,,0.0,,,,,
ChemSpacE adapted extreme-SVM,native_l2,HeavyAtomCount,-60.0,50,0.0,0.0,0.0,,,,,,,0.0,,,,,
ChemSpacE adapted extreme-SVM,native_l2,HeavyAtomCount,-45.0,50,0.0,0.0,0.0,,,,,,,0.0,,,,,
ChemSpacE adapted extreme-SVM,native_l2,HeavyAtomCount,-30.0,50,0.0,0.0,0.0,,,,,,,0.0,,,,,
ChemSpacE adapted extreme-SVM,native_l2,HeavyAtomCount,-15.0,50,0.82,0.12,0.82,1.0,-23.0,7.3284153846153846,4.6817886510808115,0.0,0.5233503664077713,0.0,1.0,0.0,0.0,0.0,
ChemSpacE adapted extreme-SVM,native_l2,HeavyAtomCount,0.0,50,1.0,1.0,0.04,24.0,0.0,2.4512319297902634,0.0,-0.8399808981387062,0.0,0.0,,1.0,1.0,1.0,0.96
ChemSpacE adapted extreme-SVM,native_l2,HeavyAtomCount,15.0,50,1.0,0.96,1.0,31.5,10.0,5.457467194869054,2.839014366259442,0.6206860823973397,1.2768295352665313,1.0,0.56,0.074537037037037,0.0572456320657759,0.09442577440093508,0.0
ChemSpacE adapted extreme-SVM,native_l2,HeavyAtomCount,30.0,50,1.0,1.0,1.0,152.0,126.0,7.76710115144064,4.9823826866511745,0.11710213382597234,0.8823513942103247,1.0,1.0,0.0439613526570048,0.027537712130735352,0.060391752577319525,
ChemSpacE adapted extreme-SVM,native_l2,HeavyAtomCount,45.0,50,1.0,0.96,1.0,154.0,129.0,7.7827266733544995,5.2867651158166,0.07883014648188766,0.8983805781977755,1.0,1.0,0.0439137134052388,0.031089264974282327,0.06237887596899223,
ChemSpacE adapted extreme-SVM,native_l2,HeavyAtomCount,60.0,50,1.0,0.88,1.0,154.0,129.0,7.8420633820817,5.2114597000362775,0.0830641872840909,0.8557978644746048,1.0,1.0,0.04733893557422965,0.0250052977325704,0.0555555555555555,
ChemSpacE adapted extreme-SVM,native_l2,HeavyAtomCount,75.0,50,1.0,0.68,1.0,154.0,128.5,7.841736085860981,5.343918335406849,0.05504305083221329,0.8891770357581656,1.0,1.0,0.039607843137254906,0.0294117647058823,0.0476190476190476,
ChemSpacE adapted extreme-SVM,native_l2,HeavyAtomCount,90.0,50,1.0,0.42,1.0,154.0,129.0,7.98158898607228,5.47720856444664,0.05300441931990909,0.8897702342600569,1.0,1.0,0.032002048131080346,0.024390243902439,0.04707792207792205,
ChemSpacE adapted extreme-SVM,native_l2,HeavyAtomCount,105.0,50,1.0,0.28,1.0,154.0,129.0,7.98158898607228,5.534547830487847,0.05300441931990909,0.8929853174586153,1.0,0.98,0.0298573975044563,0.019807923169267702,0.04,
ChemSpacE adapted extreme-SVM,native_l2,HeavyAtomCount,120.0,50,1.0,0.2,1.0,154.0,129.0,7.98158898607228,5.515477520501236,0.05300441931990909,0.8929853174586153,1.0,0.98,0.029198635976129553,0.019807923169267702,0.03980392156862745,
ChemSpacE adapted extreme-SVM,native_l2,HeavyAtomCount,135.0,50,1.0,0.14,1.0,154.0,129.0,7.98158898607228,5.486578490657211,0.05300441931990909,0.8929853174586153,1.0,0.98,0.02877846790890265,0.0185383244206773,0.04,
ChemSpacE adapted extreme-SVM,native_l2,HeavyAtomCount,150.0,50,1.0,0.1,1.0,154.0,129.5,7.98158898607228,5.515477520501236,0.05300441931990909,0.8929853174586153,1.0,0.98,0.029198635976129553,0.019807923169267702,0.04,
ChemSpacE adapted extreme-SVM,train_std_unit,HeavyAtomCount,-150.0,50,0.0,0.0,0.0,,,,,,,0.0,,,,,
ChemSpacE adapted extreme-SVM,train_std_unit,HeavyAtomCount,-135.0,50,0.0,0.0,0.0,,,,,,,0.0,,,,,
ChemSpacE adapted extreme-SVM,train_std_unit,HeavyAtomCount,-120.0,50,0.0,0.0,0.0,,,,,,,0.0,,,,,
ChemSpacE adapted extreme-SVM,train_std_unit,HeavyAtomCount,-105.0,50,0.0,0.0,0.0,,,,,,,0.0,,,,,
ChemSpacE adapted extreme-SVM,train_std_unit,HeavyAtomCount,-90.0,50,0.0,0.0,0.0,,,,,,,0.0,,,,,
ChemSpacE adapted extreme-SVM,train_std_unit,HeavyAtomCount,-75.0,50,0.0,0.0,0.0,,,,,,,0.0,,,,,
ChemSpacE adapted extreme-SVM,train_std_unit,HeavyAtomCount,-60.0,50,0.0,0.0,0.0,,,,,,,0.0,,,,,
ChemSpacE adapted extreme-SVM,train_std_unit,HeavyAtomCount,-45.0,50,0.0,0.0,0.0,,,,,,,0.0,,,,,
ChemSpacE adapted extreme-SVM,train_std_unit,HeavyAtomCount,-30.0,50,0.6,0.04,0.6,1.0,-24.5,7.3284153846153846,4.813218022595819,0.0,0.5152294988761329,0.0,1.0,0.0,0.0,0.0,
ChemSpacE adapted extreme-SVM,train_std_unit,HeavyAtomCount,-15.0,50,1.0,0.6,1.0,3.0,-22.0,2.810019947306726,0.33357888960591575,0.23583763150720413,1.148733887184198,0.0,1.0,0.0382181110029211,0.022997835497835475,0.05826859045504992,0.0
ChemSpacE adapted extreme-SVM,train_std_unit,HeavyAtomCount,0.0,50,1.0,1.0,0.04,24.0,0.0,2.4512319297902634,0.0,-0.8399808981387062,0.0,0.0,,1.0,1.0,1.0,0.96
ChemSpacE adapted extreme-SVM,train_std_unit,HeavyAtomCount,15.0,50,1.0,1.0,1.0,34.0,8.0,5.587756078555552,2.9615285094604356,0.6321380894912689,1.243269136385113,0.28,0.76,0.1182294700058241,0.09486215538847113,0.14082858950031624,0.0
ChemSpacE adapted extreme-SVM,train_std_unit,HeavyAtomCount,30.0,50,1.0,0.96,1.0,56.5,37.5,6.182066345655594,3.368909761087314,0.5475840566576351,1.3643013052741586,1.0,0.68,0.06742424242424234,0.050211864406779654,0.08857081360309943,0.0
ChemSpacE adapted extreme-SVM,train_std_unit,HeavyAtomCount,45.0,50,1.0,1.0,1.0,145.0,123.0,7.353311897778664,4.6924280376671765,0.13685022978144515,1.0692312666046857,1.0,0.94,0.04618438203578615,0.029092071611253177,0.06780303030303023,
ChemSpacE adapted extreme-SVM,train_std_unit,HeavyAtomCount,60.0,50,1.0,0.98,1.0,152.0,127.0,8.133974681069063,5.295813350172848,0.09543979269563782,0.8660890375239754,1.0,1.0,0.041118222436903704,0.0263157894736842,0.06687309865275964,
ChemSpacE adapted extreme-SVM,train_std_unit,HeavyAtomCount,75.0,50,1.0,0.98,1.0,154.0,129.0,7.91606063937942,5.295741568180943,0.07600355842181514,0.8792591097421807,1.0,1.0,0.0472994566954298,0.030711121657965426,0.06489262371615309,
ChemSpacE adapted extreme-SVM,train_std_unit,HeavyAtomCount,90.0,50,1.0,0.92,1.0,154.0,129.5,7.8420633820817,5.161931128571798,0.08399397614852305,0.8590509051586344,1.0,1.0,0.04601010694558695,0.0305903614457831,0.06261904761904755,
ChemSpacE adapted extreme-SVM,train_std_unit,HeavyAtomCount,105.0,50,1.0,0.88,1.0,154.0,129.0,7.866785628262235,5.2114597000362775,0.08322083744911689,0.8499774215295399,1.0,1.0,0.046606334841628905,0.02878151260504195,0.05487136019146388,
ChemSpacE adapted extreme-SVM,train_std_unit,HeavyAtomCount,120.0,50,1.0,0.84,1.0,154.0,129.5,7.857996206720056,5.270965278606641,0.06693566794570616,0.8684298590050057,1.0,1.0,0.0402020202020202,0.02996953541507995,0.05499999999999995,
ChemSpacE adapted extreme-SVM,train_std_unit,HeavyAtomCount,135.0,50,1.0,0.66,1.0,154.0,128.0,7.98158898607228,5.360546981071337,0.05300441931990909,0.8870780446573746,1.0,1.0,0.0384615384615384,0.027875586854460024,0.0476190476190476,
ChemSpacE adapted extreme-SVM,train_std_unit,HeavyAtomCount,150.0,50,1.0,0.5,1.0,154.0,128.5,7.98158898607228,5.28669030345293,0.05300441931990909,0.8897702342600569,1.0,1.0,0.03128054740957965,0.024390243902439,0.046247357293868877,
