method,scale,property,seed_id,requested_points,valid_points,full_path_valid,property_monotonic_either,property_monotonic_expected,structure_distance_monotonic,raw_path_diverse,canonical_path_diverse,ssr_official_code_compatible,ssr_expected_all_valid,rsr_local_official_code_compatible,rsr_global_official_code_compatible,spearman_alpha_property,slope_property_per_alpha,spearman_alpha_sa_score,slope_sa_score_per_alpha,spearman_alpha_np_likeness,slope_np_likeness_per_alpha,expected_sign_fraction_valid_nonzero,changed_from_seed_fraction_all,changed_from_seed_fraction_valid,median_seed_similarity,scaffold_evaluable_fraction,scaffold_retention_fraction
MolecuLA continuous OLS,native_l2,FractionCSP3,0,21,21,True,False,False,False,True,True,False,False,False,False,0.7580313894283158,0.00391078269595016,-0.43823183996917725,-0.005987404154051746,0.31469467439923116,0.002283021970290076,0.45,0.8571428571428571,0.8571428571428571,0.0581395348837209,1.0,0.14285714285714285
MolecuLA continuous OLS,native_l2,FractionCSP3,1,21,21,True,False,False,False,True,True,False,False,False,False,0.9388436881793745,0.003920635023223388,-0.5756105170346982,-0.006639960676275991,-0.07219521739079267,-0.0005464004136864913,0.95,0.8571428571428571,0.8571428571428571,0.0555555555555555,0.6190476190476191,0.23076923076923078
MolecuLA continuous OLS,native_l2,FractionCSP3,2,21,21,True,False,False,False,True,True,False,False,False,False,0.9464500733080109,0.003906467990883575,-0.6332905224480395,-0.010449275237350222,-0.2197661155928515,-0.0013192159077566553,0.85,0.8571428571428571,0.8571428571428571,0.0769230769230769,0.9047619047619048,0.15789473684210525
MolecuLA continuous OLS,native_l2,FractionCSP3,3,21,21,True,False,False,False,True,True,False,False,False,False,0.8338806453270445,0.0038517700814214464,0.0013003912165257486,0.0006546447327904917,0.23927198384073775,0.0014552179653194773,0.9,0.8571428571428571,0.8571428571428571,0.1030927835051546,0.8571428571428571,0.16666666666666666
MolecuLA continuous OLS,native_l2,FractionCSP3,4,21,21,True,False,False,False,True,True,False,False,False,False,0.9209826017231586,0.0040083549681954045,-0.1983742459837096,1.732735027186231e-05,0.45333393262506744,0.0030013389170723674,0.95,0.8571428571428571,0.8571428571428571,0.0869565217391304,0.8095238095238095,0.17647058823529413
MolecuLA continuous OLS,native_l2,FractionCSP3,5,21,21,True,False,False,False,True,True,False,False,False,False,0.9479523587507614,0.004096899368566525,0.2994478884792009,0.004091850781544897,-0.09028905964991091,9.342607012862426e-05,0.95,0.9047619047619048,0.9047619047619048,0.0803571428571428,0.9523809523809523,0.1
MolecuLA continuous OLS,native_l2,FractionCSP3,6,21,21,True,False,False,False,True,True,False,False,False,False,0.9109813489053813,0.003890407875552067,-0.6662337662337662,-0.007288475611022856,0.06493506493506493,0.0002243041823412598,0.95,1.0,1.0,0.0887096774193548,0.9047619047619048,0.0
MolecuLA continuous OLS,native_l2,FractionCSP3,7,21,21,True,False,False,False,True,True,False,False,False,False,0.8748437193484735,0.0036868188844070104,-0.387516582524673,-0.0043510439866199,-0.1742524230144503,-0.0016952708157168806,0.7,0.8571428571428571,0.8571428571428571,0.081967213114754,0.7619047619047619,0.25
MolecuLA continuous OLS,native_l2,FractionCSP3,8,21,21,True,False,False,False,True,True,False,False,False,True,0.9846773711367951,0.003727420681457948,-0.29073209165481373,-0.002866058597436429,-0.1541465452398006,-0.001191746800234097,0.9,0.8571428571428571,0.8571428571428571,0.1408450704225352,0.8571428571428571,0.16666666666666666
MolecuLA continuous OLS,native_l2,FractionCSP3,9,21,21,True,False,False,False,True,True,False,False,False,False,0.9571981032789241,0.003932011739271986,-0.2501641935981134,-0.0029760410334432642,-0.18501726818193803,-0.00020157464761227394,0.8,0.8095238095238095,0.8095238095238095,0.1,0.7619047619047619,0.25
MolecuLA continuous OLS,native_l2,FractionCSP3,10,21,21,True,False,False,False,True,True,False,False,False,False,0.9544871529298995,0.0036227984901168503,-0.16645007571529583,-0.001955687294454426,-0.02340704189746347,-0.00043067248173349587,0.85,0.8571428571428571,0.8571428571428571,0.0744680851063829,0.6190476190476191,0.23076923076923078
MolecuLA continuous OLS,native_l2,FractionCSP3,11,21,21,True,False,False,False,True,True,False,False,False,False,0.971097951549215,0.004121633777477933,-0.34168653568365387,-0.0032770172378393473,0.08265560006061723,-3.5141384428516284e-05,0.95,0.8571428571428571,0.8571428571428571,0.075,0.6666666666666666,0.21428571428571427
MolecuLA continuous OLS,native_l2,FractionCSP3,12,21,21,True,False,False,False,True,True,False,False,False,False,0.963439246483446,0.004297115472074955,-0.20156063856149098,-0.0016636258586835563,-0.21846572437632575,-0.0009222340432247069,0.9,0.8571428571428571,0.8571428571428571,0.1157894736842105,0.9523809523809523,0.15
MolecuLA continuous OLS,native_l2,FractionCSP3,13,21,21,True,False,False,False,True,True,False,False,False,False,0.8672122037517587,0.004019081928172838,-0.28758784208880117,-0.004785754233286112,-0.010457739712320042,0.00021973697614501597,0.65,0.7619047619047619,0.7619047619047619,0.0655737704918032,0.9523809523809523,0.3
MolecuLA continuous OLS,native_l2,FractionCSP3,14,21,21,True,False,False,False,True,True,False,False,False,False,0.9403774968938361,0.0037276728382606306,-0.5042372027211973,-0.00544226555005724,0.1250820967990567,0.0009882768409152204,0.85,0.8095238095238095,0.8095238095238095,0.0594059405940594,0.9523809523809523,0.2
MolecuLA continuous OLS,native_l2,FractionCSP3,15,21,21,True,False,False,False,True,True,False,False,False,False,0.9320337524414946,0.0036981862215718438,-0.39271814739077604,-0.006111843608819743,0.2769833291199844,0.0019194433891834826,0.85,0.8571428571428571,0.8571428571428571,0.0609756097560975,0.8571428571428571,0.16666666666666666
MolecuLA continuous OLS,native_l2,FractionCSP3,16,21,21,True,False,False,False,True,True,False,False,False,False,0.7107201857731178,0.0038589627528552374,-0.3830899373259179,-0.0026499631446665547,0.1645530630618968,0.0013996539495357077,0.55,0.8571428571428571,0.8571428571428571,0.0638297872340425,0.9047619047619048,0.21052631578947367
MolecuLA continuous OLS,native_l2,FractionCSP3,17,21,21,True,False,False,False,True,True,False,False,False,False,0.9723590090021175,0.003914665591527965,0.4345566971639597,0.00398335145579047,-0.21110751356993554,-0.0006781578026677173,0.95,0.9047619047619048,0.9047619047619048,0.087719298245614,0.8571428571428571,0.1111111111111111
MolecuLA continuous OLS,native_l2,FractionCSP3,18,21,21,True,False,False,False,True,True,False,False,False,False,0.7840198330499492,0.003958691247302333,-0.5981799596018442,-0.0053061469117222,0.23146963654158323,0.00120623388423717,0.45,0.8571428571428571,0.8571428571428571,0.0654205607476635,0.8571428571428571,0.16666666666666666
MolecuLA continuous OLS,native_l2,FractionCSP3,19,21,21,True,False,False,False,True,True,False,False,False,False,0.6492346810744883,0.0034066822655476362,-0.23797159262421194,-0.0029924124689309547,0.2808845027695617,0.0018779722772568203,0.45,0.8571428571428571,0.8571428571428571,0.0490196078431372,1.0,0.14285714285714285
MolecuLA continuous OLS,native_l2,FractionCSP3,20,21,21,True,False,False,False,True,True,False,False,False,False,0.896103896103896,0.0035479001274764436,-0.04675324675324675,3.2507216232377116e-05,-0.28181818181818186,-0.0006316635687669437,0.85,0.9523809523809523,0.9523809523809523,0.1023622047244094,0.8571428571428571,0.05555555555555555
MolecuLA continuous OLS,native_l2,FractionCSP3,21,21,21,True,False,False,False,True,True,False,False,False,False,0.9282991478034471,0.004038058896133411,0.20071452828649258,0.0018153301006152895,0.025332901628392267,0.00016109400254492065,0.95,0.9047619047619048,0.9047619047619048,0.0754716981132075,0.7619047619047619,0.125
MolecuLA continuous OLS,native_l2,FractionCSP3,22,21,21,True,False,False,False,True,True,False,False,False,False,0.9267301495982616,0.003985519204372181,-0.003901173649577246,-0.0009324881720687569,-0.14304303381783232,-0.0010099361244255624,0.9,0.8571428571428571,0.8571428571428571,0.1075268817204301,0.7619047619047619,0.1875
MolecuLA continuous OLS,native_l2,FractionCSP3,23,21,21,True,False,False,False,True,True,False,False,False,False,0.9673073171654172,0.0041688659924762565,-0.3849158000916216,-0.003364914785622773,-0.4889470974136814,-0.0025128158252259005,0.9,0.8571428571428571,0.8571428571428571,0.088235294117647,0.6666666666666666,0.21428571428571427
MolecuLA continuous OLS,native_l2,FractionCSP3,24,21,21,True,False,False,False,True,True,False,False,True,True,0.9836749005178489,0.003936044433722452,-0.3452787047057294,-0.005329721025261964,0.12247621978240968,0.0010442404311851508,0.85,0.8095238095238095,0.8095238095238095,0.0677966101694915,0.7619047619047619,0.25
MolecuLA continuous OLS,native_l2,FractionCSP3,25,21,21,True,False,False,False,True,True,False,False,False,False,0.9136396726849806,0.0040300946820148046,0.020136408986670778,-0.0007854467783564324,0.23319260729725186,0.0013077545641949429,0.95,0.9047619047619048,0.9047619047619048,0.0884955752212389,1.0,0.09523809523809523
MolecuLA continuous OLS,native_l2,FractionCSP3,26,21,21,True,False,False,False,True,True,False,False,False,False,0.9643175708893048,0.0039732598273469165,-0.4507323031695434,-0.006072063385914139,0.38829319623696595,0.003316818085594331,0.95,0.8571428571428571,0.8571428571428571,0.0857142857142857,0.9047619047619048,0.15789473684210525
MolecuLA continuous OLS,native_l2,FractionCSP3,27,21,21,True,False,False,False,True,True,False,False,False,False,0.9750844119303778,0.0041586596789871776,-0.26696980946844157,-0.0037155544444993924,-0.3708996623028714,-0.001706665145147823,0.9,0.9047619047619048,0.9047619047619048,0.0895522388059701,0.8571428571428571,0.16666666666666666
MolecuLA continuous OLS,native_l2,FractionCSP3,28,21,21,True,False,False,False,True,True,False,False,False,False,0.9522836342536085,0.004102175160335266,-0.37918749314263184,-0.005986202374409832,-0.49496000391345246,-0.0035910067101770516,0.95,0.8571428571428571,0.8571428571428571,0.1458333333333333,0.6190476190476191,0.3076923076923077
MolecuLA continuous OLS,native_l2,FractionCSP3,29,21,21,True,False,False,False,True,True,False,False,False,False,0.8592561712802601,0.0038741417312845882,-0.5581818571450824,-0.011590526422396028,0.41569515356472175,0.0026208093700216227,0.8,0.7619047619047619,0.7619047619047619,0.0517241379310344,0.8095238095238095,0.29411764705882354
MolecuLA continuous OLS,native_l2,FractionCSP3,30,21,21,True,False,False,False,True,True,False,False,False,False,0.8447576652078627,0.003998923743426065,-0.452119662388257,-0.007054957927633457,0.3100993649809947,0.0022152918140927974,0.65,0.8095238095238095,0.8095238095238095,0.054054054054054,0.9523809523809523,0.2
MolecuLA continuous OLS,native_l2,FractionCSP3,31,21,21,True,False,False,False,True,True,False,False,False,False,0.9713406579551745,0.003917489908322605,-0.37841384400899275,-0.005137038334445271,-0.22886885410853175,-0.0010039014909543197,0.9,0.8571428571428571,0.8571428571428571,0.1029411764705882,0.7619047619047619,0.1875
MolecuLA continuous OLS,native_l2,FractionCSP3,32,21,21,True,False,False,False,True,True,False,False,False,False,0.9501527307492814,0.0037675966228714847,-0.26658019938777844,-0.0038507318673401195,0.27828372033651017,0.0018120709565650776,0.9,0.8571428571428571,0.8571428571428571,0.0769230769230769,0.8571428571428571,0.16666666666666666
MolecuLA continuous OLS,native_l2,FractionCSP3,33,21,21,True,False,False,False,True,True,False,False,False,False,0.9299210036416763,0.0040040611497830746,-0.21107603834840818,-0.003028384615738557,-0.2097730998400847,-0.0014230403234245042,0.8,0.8095238095238095,0.8095238095238095,0.0869565217391304,0.5714285714285714,0.5
MolecuLA continuous OLS,native_l2,FractionCSP3,34,21,21,True,False,False,False,True,True,False,False,False,False,0.7712802148007757,0.003661842673966625,0.012987012987012986,0.0009895338684449604,0.16753246753246753,0.0009219986810992081,0.7,1.0,1.0,0.0672268907563025,0.9523809523809523,0.0
MolecuLA continuous OLS,native_l2,FractionCSP3,35,21,21,True,False,False,False,True,True,False,False,False,False,0.9421279329352287,0.0043811388262100116,-0.01040990922444213,-0.0013527531956934644,0.21340313910106368,0.0023791343738974436,0.9,0.8571428571428571,0.8571428571428571,0.0654205607476635,0.9047619047619048,0.15789473684210525
MolecuLA continuous OLS,native_l2,FractionCSP3,36,21,21,True,False,False,False,True,True,False,False,False,False,0.927602625425159,0.003823013628917802,-0.24187276627378923,-0.005082121411849328,-0.15994811963266706,-0.00044331362568352477,0.85,0.8571428571428571,0.8571428571428571,0.0655737704918032,0.8095238095238095,0.17647058823529413
MolecuLA continuous OLS,native_l2,FractionCSP3,37,21,21,True,False,False,False,True,True,False,False,False,False,0.9363224848592399,0.0038993962884676485,-0.43585582032439013,-0.005781004418931189,-0.247482962061986,-0.001885026604465108,0.95,0.9047619047619048,0.9047619047619048,0.0897435897435897,0.9047619047619048,0.10526315789473684
MolecuLA continuous OLS,native_l2,FractionCSP3,38,21,21,True,False,False,False,True,True,False,False,False,False,0.9401073544275862,0.003775511269725473,-0.27308215547040715,-0.002228253604594556,-0.05851760474365868,7.893778553451423e-05,0.9,0.8571428571428571,0.8571428571428571,0.0786516853932584,0.9523809523809523,0.15
MolecuLA continuous OLS,native_l2,FractionCSP3,39,21,21,True,False,False,False,True,True,False,False,False,False,0.9175185159679655,0.003542426413120936,-0.4359754299528596,-0.004574138984264546,0.03844925316475144,0.0005316648965097825,0.75,0.8095238095238095,0.8095238095238095,0.0512820512820512,0.6190476190476191,0.3076923076923077
MolecuLA continuous OLS,native_l2,FractionCSP3,40,21,21,True,False,False,False,True,True,False,False,False,False,0.9349399722202087,0.003715074657214776,-0.6159357735953213,-0.007711830608546404,-0.14894328632875245,-0.0005951914339649949,0.95,0.8571428571428571,0.8571428571428571,0.0789473684210526,0.6666666666666666,0.21428571428571427
MolecuLA continuous OLS,native_l2,FractionCSP3,41,21,21,True,False,False,False,True,True,False,False,False,False,0.9736598237298796,0.0038957811404237144,-0.3315997602140658,-0.003200086829822485,-0.03901173649577245,-0.0004025241173253667,0.95,0.8571428571428571,0.8571428571428571,0.0808080808080808,0.7142857142857143,0.2
MolecuLA continuous OLS,native_l2,FractionCSP3,42,21,21,True,False,False,False,True,True,False,False,False,False,0.8432026471798124,0.003522050819109815,-0.05721721352713294,-0.0007218471023311584,0.2834852852026131,0.00245423336675108,0.8,0.8571428571428571,0.8571428571428571,0.0769230769230769,0.9047619047619048,0.15789473684210525
MolecuLA continuous OLS,native_l2,FractionCSP3,43,21,21,True,False,False,False,True,True,False,False,False,False,0.823613528454214,0.0030862509802167706,-0.20006645290811342,-0.0027666358886506946,-0.13620159171920426,-0.001020412352913093,0.8,0.8095238095238095,0.8095238095238095,0.0909090909090909,0.5238095238095238,0.36363636363636365
MolecuLA continuous OLS,native_l2,FractionCSP3,44,21,21,True,False,False,False,True,True,False,False,False,False,0.9460218564484358,0.0038853473702142767,-0.08322503785764791,-0.00031941915281426535,0.015604694598308985,-8.883383220923237e-06,0.9,0.8571428571428571,0.8571428571428571,0.072289156626506,0.6666666666666666,0.21428571428571427
MolecuLA continuous OLS,native_l2,FractionCSP3,45,21,21,True,False,False,False,True,True,False,False,False,False,0.9613264237585575,0.003680856540999556,-0.34384156738896343,-0.0029661257104249433,0.10984730602785411,0.0012857115449819493,0.95,0.9047619047619048,0.9047619047619048,0.074074074074074,0.6666666666666666,0.14285714285714285
MolecuLA continuous OLS,native_l2,FractionCSP3,46,21,21,True,False,False,False,True,True,False,False,False,False,0.8777385663494631,0.003623375365226472,-0.12223677435342035,3.432702159720148e-05,0.06371916960976168,-0.00029985234420131516,0.8,0.8571428571428571,0.8571428571428571,0.0789473684210526,0.8095238095238095,0.17647058823529413
MolecuLA continuous OLS,native_l2,FractionCSP3,47,21,21,True,False,False,False,True,True,False,False,False,False,0.9518261441642182,0.003826077185501817,-0.2652798081712527,-0.0029903726117263742,-0.40182088590645626,-0.002173510414768028,0.95,0.8571428571428571,0.8571428571428571,0.0879120879120879,0.8571428571428571,0.16666666666666666
MolecuLA continuous OLS,native_l2,FractionCSP3,48,21,21,True,False,False,False,True,True,False,False,False,False,0.9654178626133397,0.003984968248126143,-0.37451267035941554,-0.002778675695063943,-0.2093629858606455,-0.0015117248777915778,0.9,0.8571428571428571,0.8571428571428571,0.073170731707317,0.8571428571428571,0.2222222222222222
MolecuLA continuous OLS,native_l2,FractionCSP3,49,21,21,True,False,False,False,True,True,False,False,True,True,0.9605796468617562,0.004099724041295233,-0.24098734625983415,-0.0029545789715103737,-0.08379344384775904,-0.00028185010220594807,0.95,0.9047619047619048,0.9047619047619048,0.09009009009009,0.8571428571428571,0.1111111111111111
MolecuLA continuous OLS,train_std_unit,FractionCSP3,0,21,21,True,True,True,True,False,False,False,False,False,False,,0.0,,0.0,,0.0,0.0,0.0,0.0,1.0,1.0,1.0
MolecuLA continuous OLS,train_std_unit,FractionCSP3,1,21,21,True,True,True,True,False,False,False,False,False,False,,0.0,,0.0,,0.0,0.5,0.0,0.0,1.0,1.0,1.0
MolecuLA continuous OLS,train_std_unit,FractionCSP3,2,21,21,True,True,True,True,False,False,False,False,False,False,,0.0,,0.0,,0.0,0.0,0.0,0.0,1.0,1.0,1.0
MolecuLA continuous OLS,train_std_unit,FractionCSP3,3,21,21,True,True,True,True,False,False,False,False,False,False,,0.0,,0.0,,0.0,0.0,0.0,0.0,1.0,1.0,1.0
MolecuLA continuous OLS,train_std_unit,FractionCSP3,4,21,21,True,True,True,True,False,False,False,False,False,False,,0.0,,0.0,,0.0,0.5,0.0,0.0,1.0,1.0,1.0
MolecuLA continuous OLS,train_std_unit,FractionCSP3,5,21,21,True,True,True,True,True,True,True,True,True,True,0.8581163303210331,0.00013155675493337887,-0.8581163303210331,-0.00012050382502803452,-0.8581163303210331,-0.0004966662151321747,0.5,0.42857142857142855,0.42857142857142855,1.0,1.0,0.5714285714285714
MolecuLA continuous OLS,train_std_unit,FractionCSP3,6,21,21,True,True,True,True,True,True,True,True,True,True,0.8174238913695991,0.00032323232323232265,0.8174238913695991,0.006675518746443123,0.8174238913695991,0.00384860525564613,0.5,0.6666666666666666,0.6666666666666666,0.392156862745098,1.0,0.3333333333333333
MolecuLA continuous OLS,train_std_unit,FractionCSP3,7,21,21,True,True,True,True,False,False,False,False,False,False,,0.0,,0.0,,0.0,0.5,0.0,0.0,1.0,1.0,1.0
MolecuLA continuous OLS,train_std_unit,FractionCSP3,8,21,21,True,True,True,True,False,False,False,False,False,False,,0.0,,0.0,,0.0,0.0,0.0,0.0,1.0,1.0,1.0
MolecuLA continuous OLS,train_std_unit,FractionCSP3,9,21,21,True,True,True,True,False,False,False,False,False,False,,0.0,,0.0,,0.0,0.0,0.0,0.0,1.0,1.0,1.0
MolecuLA continuous OLS,train_std_unit,FractionCSP3,10,21,21,True,True,True,True,False,False,False,False,False,False,,0.0,,0.0,,0.0,0.0,0.0,0.0,1.0,1.0,1.0
MolecuLA continuous OLS,train_std_unit,FractionCSP3,11,21,21,True,True,True,True,False,False,False,False,False,False,,0.0,,0.0,,0.0,0.5,0.0,0.0,1.0,1.0,1.0
MolecuLA continuous OLS,train_std_unit,FractionCSP3,12,21,21,True,True,True,True,False,False,False,False,False,False,,0.0,,0.0,,0.0,0.0,0.0,0.0,1.0,1.0,1.0
MolecuLA continuous OLS,train_std_unit,FractionCSP3,13,21,21,True,True,True,True,False,False,False,False,False,False,,0.0,,0.0,,0.0,0.0,0.0,0.0,1.0,1.0,1.0
MolecuLA continuous OLS,train_std_unit,FractionCSP3,14,21,21,True,True,True,True,False,False,False,False,False,False,,0.0,,0.0,,0.0,0.5,0.0,0.0,1.0,1.0,1.0
MolecuLA continuous OLS,train_std_unit,FractionCSP3,15,21,21,True,True,True,True,False,False,False,False,False,False,,0.0,,0.0,,0.0,0.5,0.0,0.0,1.0,1.0,1.0
MolecuLA continuous OLS,train_std_unit,FractionCSP3,16,21,21,True,True,True,True,False,False,False,False,False,False,,0.0,,0.0,,0.0,0.5,0.0,0.0,1.0,1.0,1.0
MolecuLA continuous OLS,train_std_unit,FractionCSP3,17,21,21,True,True,True,True,True,True,True,True,True,True,0.8174238913695991,0.00026262626262626244,-0.8174238913695991,-0.009993475437315914,-0.8174238913695991,-0.004928105489429146,0.35,0.3333333333333333,0.3333333333333333,1.0,1.0,0.6666666666666666
MolecuLA continuous OLS,train_std_unit,FractionCSP3,18,21,21,True,True,True,True,False,False,False,False,False,False,,0.0,,0.0,,0.0,0.0,0.0,0.0,1.0,1.0,1.0
MolecuLA continuous OLS,train_std_unit,FractionCSP3,19,21,21,True,True,True,True,False,False,False,False,False,False,,0.0,,0.0,,0.0,0.0,0.0,0.0,1.0,1.0,1.0
MolecuLA continuous OLS,train_std_unit,FractionCSP3,20,21,21,True,True,True,True,False,False,False,False,False,False,,0.0,,0.0,,0.0,0.0,0.0,0.0,1.0,1.0,1.0
MolecuLA continuous OLS,train_std_unit,FractionCSP3,21,21,21,True,True,True,True,False,False,False,False,False,False,,0.0,,0.0,,0.0,0.5,0.0,0.0,1.0,1.0,1.0
MolecuLA continuous OLS,train_std_unit,FractionCSP3,22,21,21,True,True,True,True,False,False,False,False,False,False,,0.0,,0.0,,0.0,0.0,0.0,0.0,1.0,1.0,1.0
MolecuLA continuous OLS,train_std_unit,FractionCSP3,23,21,21,True,True,True,True,False,False,False,False,False,False,,0.0,,0.0,,0.0,0.0,0.0,0.0,1.0,1.0,1.0
MolecuLA continuous OLS,train_std_unit,FractionCSP3,24,21,21,True,True,True,True,False,False,False,False,False,False,,0.0,,0.0,,0.0,0.5,0.0,0.0,1.0,1.0,1.0
MolecuLA continuous OLS,train_std_unit,FractionCSP3,25,21,21,True,True,True,True,False,False,False,False,False,False,,0.0,,0.0,,0.0,0.0,0.0,0.0,1.0,1.0,1.0
MolecuLA continuous OLS,train_std_unit,FractionCSP3,26,21,21,True,True,True,True,False,False,False,False,False,False,,0.0,,0.0,,0.0,0.5,0.0,0.0,1.0,1.0,1.0
MolecuLA continuous OLS,train_std_unit,FractionCSP3,27,21,21,True,True,True,True,False,False,False,False,False,False,,0.0,,0.0,,0.0,0.0,0.0,0.0,1.0,1.0,1.0
MolecuLA continuous OLS,train_std_unit,FractionCSP3,28,21,21,True,True,True,True,False,False,False,False,False,False,,0.0,,0.0,,0.0,0.5,0.0,0.0,1.0,1.0,1.0
MolecuLA continuous OLS,train_std_unit,FractionCSP3,29,21,21,True,True,True,True,False,False,False,False,False,False,,0.0,,0.0,,0.0,0.5,0.0,0.0,1.0,1.0,1.0
MolecuLA continuous OLS,train_std_unit,FractionCSP3,30,21,21,True,True,True,True,False,False,False,False,False,False,,0.0,,0.0,,0.0,0.5,0.0,0.0,1.0,1.0,1.0
MolecuLA continuous OLS,train_std_unit,FractionCSP3,31,21,21,True,True,True,True,False,False,False,False,False,False,,0.0,,0.0,,0.0,0.0,0.0,0.0,1.0,1.0,1.0
MolecuLA continuous OLS,train_std_unit,FractionCSP3,32,21,21,True,True,True,True,False,False,False,False,False,False,,0.0,,0.0,,0.0,0.0,0.0,0.0,1.0,1.0,1.0
MolecuLA continuous OLS,train_std_unit,FractionCSP3,33,21,21,True,True,True,True,False,False,False,False,False,False,,0.0,,0.0,,0.0,0.0,0.0,0.0,1.0,1.0,1.0
MolecuLA continuous OLS,train_std_unit,FractionCSP3,34,21,21,True,False,False,False,True,True,False,False,False,True,0.38528782420100494,6.074294611844017e-05,0.6200676875273505,0.0017556429149000283,0.5759739853031834,0.0024176081210514535,0.5,1.0,1.0,0.23,1.0,0.0
MolecuLA continuous OLS,train_std_unit,FractionCSP3,35,21,21,True,True,True,True,False,False,False,False,False,False,,0.0,,0.0,,0.0,0.0,0.0,0.0,1.0,1.0,1.0
MolecuLA continuous OLS,train_std_unit,FractionCSP3,36,21,21,True,True,True,True,False,False,False,False,False,False,,0.0,,0.0,,0.0,0.0,0.0,0.0,1.0,1.0,1.0
MolecuLA continuous OLS,train_std_unit,FractionCSP3,37,21,21,True,True,True,True,False,False,False,False,False,False,,0.0,,0.0,,0.0,0.0,0.0,0.0,1.0,1.0,1.0
MolecuLA continuous OLS,train_std_unit,FractionCSP3,38,21,21,True,True,True,True,False,False,False,False,False,False,,0.0,,0.0,,0.0,0.0,0.0,0.0,1.0,1.0,1.0
MolecuLA continuous OLS,train_std_unit,FractionCSP3,39,21,21,True,True,True,True,False,False,False,False,False,False,,0.0,,0.0,,0.0,0.0,0.0,0.0,1.0,1.0,1.0
MolecuLA continuous OLS,train_std_unit,FractionCSP3,40,21,21,True,True,True,True,False,False,False,False,False,False,,0.0,,0.0,,0.0,0.5,0.0,0.0,1.0,1.0,1.0
MolecuLA continuous OLS,train_std_unit,FractionCSP3,41,21,21,True,True,True,True,False,False,False,False,False,False,,0.0,,0.0,,0.0,0.5,0.0,0.0,1.0,1.0,1.0
MolecuLA continuous OLS,train_std_unit,FractionCSP3,42,21,21,True,True,True,True,False,False,False,False,False,False,,0.0,,0.0,,0.0,0.5,0.0,0.0,1.0,1.0,1.0
MolecuLA continuous OLS,train_std_unit,FractionCSP3,43,21,21,True,True,True,True,False,False,False,False,False,False,,0.0,,0.0,,0.0,0.5,0.0,0.0,1.0,1.0,1.0
MolecuLA continuous OLS,train_std_unit,FractionCSP3,44,21,21,True,True,True,True,False,False,False,False,False,False,,0.0,,0.0,,0.0,0.0,0.0,0.0,1.0,1.0,1.0
MolecuLA continuous OLS,train_std_unit,FractionCSP3,45,21,21,True,True,True,True,False,False,False,False,False,False,,0.0,,0.0,,0.0,0.0,0.0,0.0,1.0,1.0,1.0
MolecuLA continuous OLS,train_std_unit,FractionCSP3,46,21,21,True,True,True,True,False,False,False,False,False,False,,0.0,,0.0,,0.0,0.0,0.0,0.0,1.0,1.0,1.0
MolecuLA continuous OLS,train_std_unit,FractionCSP3,47,21,21,True,True,True,True,False,False,False,False,False,False,,0.0,,0.0,,0.0,0.5,0.0,0.0,1.0,1.0,1.0
MolecuLA continuous OLS,train_std_unit,FractionCSP3,48,21,21,True,True,True,True,False,False,False,False,False,False,,0.0,,0.0,,0.0,0.0,0.0,0.0,1.0,1.0,1.0
MolecuLA continuous OLS,train_std_unit,FractionCSP3,49,21,21,True,True,True,True,False,False,False,False,False,False,,0.0,,0.0,,0.0,0.0,0.0,0.0,1.0,1.0,1.0
MolecuLA continuous OLS,native_l2,HBA,0,21,21,True,False,False,False,True,True,False,False,False,False,0.9188109783694548,0.05515151515151515,0.2933337211103378,0.006521214100731301,-0.13073188014008402,-0.0005634429852954564,0.9,0.8571428571428571,0.8571428571428571,0.0746268656716417,0.8095238095238095,0.17647058823529413
MolecuLA continuous OLS,native_l2,HBA,1,21,21,True,False,False,False,True,True,False,False,False,False,0.9362626841911991,0.08502164502164503,0.5802695058759101,0.010305631138554896,-0.45522826555248164,-0.0068136983666813615,0.9,0.8571428571428571,0.8571428571428571,0.0769230769230769,0.6190476190476191,0.3076923076923077
MolecuLA continuous OLS,native_l2,HBA,2,21,21,True,False,False,False,True,True,False,False,False,False,0.9649857471294638,0.109004329004329,0.6753751352727521,0.014388702824019663,-0.5487830809317724,-0.004967444991217119,0.9,0.8571428571428571,0.8571428571428571,0.054054054054054,0.47619047619047616,0.3
MolecuLA continuous OLS,native_l2,HBA,3,21,21,True,False,False,False,True,True,False,False,False,False,0.9536258800217876,0.12805194805194803,0.5834154054012705,0.010778306901231133,0.2829272032882415,0.0016093246243451883,0.85,0.9047619047619048,0.9047619047619048,0.0519480519480519,0.6666666666666666,0.2857142857142857
MolecuLA continuous OLS,native_l2,HBA,4,21,21,True,False,False,False,True,True,False,False,False,False,0.9079208698242164,0.06285714285714285,0.5730995361872655,0.010152212999067678,-0.3365822672845845,-0.00460543463655033,0.85,0.9047619047619048,0.9047619047619048,0.0808080808080808,0.7142857142857143,0.13333333333333333
MolecuLA continuous OLS,native_l2,HBA,5,21,21,True,False,False,False,True,True,False,False,False,False,0.7207608102315666,0.08207792207792207,0.0038986363005936433,0.0005423635205698789,-0.625081353528514,-0.00458124384204379,0.75,0.9523809523809523,0.9523809523809523,0.0617283950617283,1.0,0.047619047619047616
MolecuLA continuous OLS,native_l2,HBA,6,21,21,True,False,False,False,True,True,False,False,False,False,0.8143431272972284,0.1032034632034632,0.8031190779222904,0.014170607138938382,-0.39506181179348915,-0.00386409296974315,0.8,0.9523809523809523,0.9523809523809523,0.0725388601036269,0.7619047619047619,0.0625
MolecuLA continuous OLS,native_l2,HBA,7,21,21,True,False,False,True,True,True,False,False,False,False,0.9733469950626038,0.08961038961038961,0.4424220205709216,0.011334560230164843,-0.176707020050516,-0.0035575374947875125,0.8,0.7619047619047619,0.7619047619047619,0.0666666666666666,0.5714285714285714,0.4166666666666667
MolecuLA continuous OLS,native_l2,HBA,8,21,21,True,False,False,False,True,True,False,False,False,False,0.8919891741523033,0.06588744588744587,0.6068300705009871,0.009920431134204393,-0.693984657261043,-0.0072789541941508315,0.75,0.8571428571428571,0.8571428571428571,0.1,0.8095238095238095,0.17647058823529413
MolecuLA continuous OLS,native_l2,HBA,9,21,21,True,False,False,False,True,True,False,False,False,False,0.922973256006419,0.1233766233766234,0.709819082973723,0.016993122520181207,-0.44445393777360176,-0.0024261978719302035,0.8,0.8095238095238095,0.8095238095238095,0.096551724137931,0.5238095238095238,0.36363636363636365
MolecuLA continuous OLS,native_l2,HBA,10,21,21,True,False,False,False,True,True,False,False,False,False,0.9701554188056223,0.07653679653679654,0.6376069399970804,0.01134495889935743,-0.2654526852232743,-0.0024214798235343998,0.9,0.8571428571428571,0.8571428571428571,0.0681818181818181,0.6666666666666666,0.21428571428571427
MolecuLA continuous OLS,native_l2,HBA,11,21,21,True,False,False,False,True,True,False,False,False,False,0.9453432408049407,0.03298701298701299,0.8879118054261858,0.015318074878616878,-0.4026424287530857,-0.0019309370967400268,0.85,0.8095238095238095,0.8095238095238095,0.1304347826086956,0.5714285714285714,0.3333333333333333
MolecuLA continuous OLS,native_l2,HBA,12,21,21,True,False,False,False,True,True,False,False,False,False,0.9813619331212029,0.09186147186147187,0.7850416882043852,0.014439722587853384,-0.5886186643123186,-0.008025787555499994,0.9,0.8571428571428571,0.8571428571428571,0.0983606557377049,0.8571428571428571,0.16666666666666666
MolecuLA continuous OLS,native_l2,HBA,13,21,21,True,False,False,True,True,True,False,False,True,False,0.9842957356598143,0.14926406926406927,0.1308887649778433,0.000736448304872538,0.5702540665115082,0.002121750567249143,0.9,0.8571428571428571,0.8571428571428571,0.0714285714285714,0.5238095238095238,0.5454545454545454
MolecuLA continuous OLS,native_l2,HBA,14,21,21,True,False,False,True,True,True,False,False,False,False,0.929288229147644,0.1051082251082251,0.22207845286608902,0.0043854017373863,-0.3679598999100889,-0.003127643215076631,0.9,0.8571428571428571,0.8571428571428571,0.0689655172413793,0.7619047619047619,0.1875
MolecuLA continuous OLS,native_l2,HBA,15,21,21,True,False,False,False,True,True,False,False,False,False,0.9675516022585976,0.08666666666666667,0.5871657135837466,0.013603359140766057,-0.6001993587243403,-0.004778747072410952,0.85,0.8095238095238095,0.8095238095238095,0.0714285714285714,0.6190476190476191,0.3076923076923077
MolecuLA continuous OLS,native_l2,HBA,16,21,21,True,False,False,False,True,True,False,False,False,False,0.9783800859824536,0.0761038961038961,0.5345891805170985,0.01211241856802149,-0.12666450814196134,-0.0013581837007837886,0.95,0.9047619047619048,0.9047619047619048,0.0661157024793388,0.8095238095238095,0.11764705882352941
MolecuLA continuous OLS,native_l2,HBA,17,21,21,True,False,False,False,True,True,False,False,False,False,0.8938777235906881,0.04761904761904763,0.6735953586831482,0.01176736877275011,-0.34361807593383364,-0.0026329395955606368,0.9,0.9047619047619048,0.9047619047619048,0.1,0.8571428571428571,0.1111111111111111
MolecuLA continuous OLS,native_l2,HBA,18,21,21,True,False,False,True,True,True,False,False,False,False,0.8196439775969663,0.0606060606060606,0.4067577206952701,0.009161381862331348,-0.4717349923718308,-0.005883377863210603,0.8,0.9047619047619048,0.9047619047619048,0.0579710144927536,0.6666666666666666,0.21428571428571427
MolecuLA continuous OLS,native_l2,HBA,19,21,21,True,False,False,False,True,True,False,False,False,False,0.861679527740326,0.09359307359307359,0.6111307752513353,0.01415905057705092,-0.5135060507702913,-0.005720439457670803,0.8,0.8571428571428571,0.8571428571428571,0.0495867768595041,0.6666666666666666,0.21428571428571427
MolecuLA continuous OLS,native_l2,HBA,20,21,21,True,False,False,False,True,True,False,False,False,False,0.6224619794919913,0.03359307359307359,0.2711885150886475,0.003149620251339194,-0.6714523330319877,-0.006983424949531298,0.65,0.9047619047619048,0.9047619047619048,0.1224489795918367,0.6190476190476191,0.15384615384615385
MolecuLA continuous OLS,native_l2,HBA,21,21,21,True,False,False,False,True,True,False,False,False,False,0.6994758103511581,0.0283982683982684,0.2764231296494314,0.003211354933168699,-0.8604889424145828,-0.006043396669951197,0.7,0.9047619047619048,0.9047619047619048,0.0833333333333333,0.8095238095238095,0.11764705882352941
MolecuLA continuous OLS,native_l2,HBA,22,21,21,True,False,False,False,True,True,False,False,False,False,0.9670782984021693,0.16744588744588745,0.8071555385763397,0.017755458251347406,-0.6432528828783239,-0.004509719118289222,0.9,0.8571428571428571,0.8571428571428571,0.0886075949367088,0.8571428571428571,0.16666666666666666
MolecuLA continuous OLS,native_l2,HBA,23,21,21,True,False,False,False,True,True,False,False,False,False,0.9559281295967278,0.10233766233766234,0.5663118813587966,0.012562429952069703,-0.2326505657595977,-0.0035251203375802555,0.85,0.8095238095238095,0.8095238095238095,0.0891089108910891,0.6190476190476191,0.38461538461538464
MolecuLA continuous OLS,native_l2,HBA,24,21,21,True,False,False,False,True,True,False,False,False,False,0.9536724771837389,0.042597402597402606,0.6062627861356783,0.008843699300138315,-0.5462884029910736,-0.0056858454357798386,0.8,0.8095238095238095,0.8095238095238095,0.0957446808510638,0.6666666666666666,0.2857142857142857
MolecuLA continuous OLS,native_l2,HBA,25,21,21,True,False,False,False,True,True,False,False,False,False,0.9600871837323608,0.07645021645021646,0.6445745350314823,0.012760015730883086,-0.05588045364184221,-0.0007999888992883264,0.9,0.9047619047619048,0.9047619047619048,0.0909090909090909,0.9047619047619048,0.10526315789473684
MolecuLA continuous OLS,native_l2,HBA,26,21,21,True,False,False,False,True,True,False,False,False,False,0.9600780908276217,0.08043290043290044,0.6558242811398542,0.010936941335742441,0.26935640118244014,0.0029827325633523666,0.85,0.8571428571428571,0.8571428571428571,0.0504201680672268,0.6190476190476191,0.23076923076923078
MolecuLA continuous OLS,native_l2,HBA,27,21,21,True,False,False,False,True,True,False,False,False,False,0.9796775370679612,0.07887445887445887,0.64409263895766,0.013701690522168207,-0.5672443766755529,-0.0028885487627199075,0.85,0.8571428571428571,0.8571428571428571,0.1057692307692307,0.7142857142857143,0.26666666666666666
MolecuLA continuous OLS,native_l2,HBA,28,21,21,True,False,False,False,True,True,False,False,False,False,0.9504601563463444,0.1038961038961039,0.90530630211936,0.020880931556063076,0.36055489088736425,0.001278630350762654,0.85,0.8095238095238095,0.8095238095238095,0.1157894736842105,0.5238095238095238,0.36363636363636365
MolecuLA continuous OLS,native_l2,HBA,29,21,21,True,False,False,False,True,True,False,False,False,False,0.9687094982831953,0.055324675324675325,0.42956226356164834,0.006844239764557229,0.045113845031588634,-0.00291322186384171,0.85,0.8095238095238095,0.8095238095238095,0.0833333333333333,0.7142857142857143,0.26666666666666666
MolecuLA continuous OLS,native_l2,HBA,30,21,21,True,False,False,True,True,True,False,False,False,False,0.9519427561853335,0.07471861471861473,0.2068969458357873,0.0029564622202972127,-0.4111914143654641,-0.0025824905778641803,0.9,0.9047619047619048,0.9047619047619048,0.05,0.8571428571428571,0.16666666666666666
MolecuLA continuous OLS,native_l2,HBA,31,21,21,True,False,False,False,True,True,False,False,False,False,0.9411847043327228,0.07844155844155844,0.6575618448837063,0.012092467682157921,-0.4832526713635941,-0.004216535376583539,0.85,0.8571428571428571,0.8571428571428571,0.1363636363636363,0.7142857142857143,0.2
MolecuLA continuous OLS,native_l2,HBA,32,21,21,True,False,False,True,True,True,False,False,False,False,0.9606326600723692,0.09229437229437229,0.5348787935767281,0.011772102952192748,0.38953841147876767,0.001961752900252767,0.75,0.7619047619047619,0.7619047619047619,0.125,0.6190476190476191,0.38461538461538464
MolecuLA continuous OLS,native_l2,HBA,33,21,21,True,False,False,False,True,True,False,False,False,False,0.9623502124051772,0.08779220779220778,0.4534799029966756,0.00841904683618083,-0.03225038497363876,-0.000543151831067162,0.7,0.7142857142857143,0.7142857142857143,0.0833333333333333,0.6190476190476191,0.46153846153846156
MolecuLA continuous OLS,native_l2,HBA,34,21,21,True,False,False,False,True,True,False,False,False,False,0.9627787958430086,0.10987012987012987,0.5428571428571428,0.006369454651340984,-0.6870129870129871,-0.00773678798649355,0.9,0.9523809523809523,0.9523809523809523,0.0689655172413793,0.9047619047619048,0.05263157894736842
MolecuLA continuous OLS,native_l2,HBA,35,21,21,True,False,False,False,True,True,False,False,False,False,0.9606094746412628,0.08995670995670996,0.6805194805194805,0.01459498005991947,-0.5896103896103897,-0.007659243790110975,0.9,0.9523809523809523,0.9523809523809523,0.079136690647482,0.9047619047619048,0.10526315789473684
MolecuLA continuous OLS,native_l2,HBA,36,21,21,True,False,False,False,True,True,False,False,False,False,0.9582708375846932,0.13999999999999999,0.7382123580049521,0.016559163955271534,-0.3661793458650115,-0.004387762204898672,0.85,0.8571428571428571,0.8571428571428571,0.0625,0.7619047619047619,0.1875
MolecuLA continuous OLS,native_l2,HBA,37,21,21,True,False,False,False,True,True,False,False,False,False,0.9391787658380285,0.07264069264069263,0.5901117291605632,0.015054777413935287,-0.38451602197783114,-0.002514066309946045,0.85,0.8571428571428571,0.8571428571428571,0.1,0.7619047619047619,0.1875
MolecuLA continuous OLS,native_l2,HBA,38,21,21,True,False,False,False,True,True,False,False,False,False,0.9026119995724262,0.04753246753246753,0.5788831764392284,0.006809611261506356,-0.487617810784395,-0.006251726846315596,0.85,0.8095238095238095,0.8095238095238095,0.075268817204301,0.7619047619047619,0.25
MolecuLA continuous OLS,native_l2,HBA,39,21,21,True,False,False,False,True,True,False,False,False,False,0.9615096906843589,0.06865800865800865,0.4078518487804817,0.00910486638871376,-0.5895550762820424,-0.005231277896800777,0.85,0.8095238095238095,0.8095238095238095,0.0677966101694915,0.5714285714285714,0.4166666666666667
MolecuLA continuous OLS,native_l2,HBA,40,21,21,True,False,False,False,True,True,False,False,False,False,0.9529170322181961,0.0722077922077922,0.5629692445073535,0.009286810998990471,-0.5148077137633719,-0.0070351590009293035,0.85,0.8571428571428571,0.8571428571428571,0.0808080808080808,0.8095238095238095,0.17647058823529413
MolecuLA continuous OLS,native_l2,HBA,41,21,21,True,False,False,False,True,True,False,False,False,False,0.9670782984021693,0.07272727272727274,0.6271970307726383,0.011369987837141996,-0.1574498770196872,-0.002039546599818355,0.9,0.8571428571428571,0.8571428571428571,0.1,0.7142857142857143,0.26666666666666666
MolecuLA continuous OLS,native_l2,HBA,42,21,21,True,False,False,False,True,True,False,False,False,False,0.9429346467756349,0.08666666666666667,0.5501786584422629,0.010055277907351673,-0.5787593679717311,-0.0048034656746203325,0.85,0.9047619047619048,0.9047619047619048,0.0526315789473684,0.5714285714285714,0.16666666666666666
MolecuLA continuous OLS,native_l2,HBA,43,21,21,True,False,False,False,True,True,False,False,False,False,0.8663817701708658,0.04909090909090909,0.39818391357206556,0.007458931888334018,-0.22762737728090077,-0.002310538672247032,0.75,0.7619047619047619,0.7619047619047619,0.101010101010101,0.47619047619047616,0.5
MolecuLA continuous OLS,native_l2,HBA,44,21,21,True,False,False,False,True,True,False,False,False,False,0.9664921058826588,0.07818181818181819,0.5656701791887006,0.007936309192092357,-0.7126143866561101,-0.007106176960391079,0.85,0.8571428571428571,0.8571428571428571,0.081967213114754,0.8095238095238095,0.17647058823529413
MolecuLA continuous OLS,native_l2,HBA,45,21,21,True,False,False,False,True,True,False,False,False,False,0.9740312425768313,0.0722077922077922,0.6679683627058024,0.01353595574670672,-0.5118705953743588,-0.005905291498854113,0.9,0.8571428571428571,0.8571428571428571,0.1226415094339622,0.7142857142857143,0.2
MolecuLA continuous OLS,native_l2,HBA,46,21,21,True,False,False,False,True,True,False,False,False,False,0.9516000264942602,0.06346320346320346,0.6146849900602643,0.010701218879999846,-0.5795972633549216,-0.0055822887989946425,0.95,0.9047619047619048,0.9047619047619048,0.09375,0.6666666666666666,0.21428571428571427
MolecuLA continuous OLS,native_l2,HBA,47,21,21,True,False,False,False,True,True,False,False,True,False,0.9790011815331551,0.11281385281385281,0.7108513521415742,0.014104157063048855,-0.6081872628926084,-0.004390338246213131,0.95,0.9047619047619048,0.9047619047619048,0.0802919708029197,0.8095238095238095,0.17647058823529413
MolecuLA continuous OLS,native_l2,HBA,48,21,21,True,False,False,False,True,True,False,False,False,False,0.9650621978544585,0.08900432900432902,0.8677570465434559,0.018259821943475467,-0.14983792845720334,-0.0015392867481377624,0.85,0.8095238095238095,0.8095238095238095,0.1132075471698113,0.7619047619047619,0.3125
MolecuLA continuous OLS,native_l2,HBA,49,21,21,True,False,False,False,True,True,False,False,False,False,0.9803368086272264,0.08311688311688313,0.7473180610992863,0.015955405879187107,-0.45333393262506744,-0.004406618924305167,0.85,0.8571428571428571,0.8571428571428571,0.0916030534351145,0.7619047619047619,0.1875
MolecuLA continuous OLS,train_std_unit,HBA,0,21,21,True,True,True,True,False,False,False,False,False,False,,0.0,,0.0,,0.0,0.0,0.0,0.0,1.0,1.0,1.0
MolecuLA continuous OLS,train_std_unit,HBA,1,21,21,True,True,True,True,False,False,False,False,False,False,,0.0,,0.0,,0.0,0.0,0.0,0.0,1.0,1.0,1.0
MolecuLA continuous OLS,train_std_unit,HBA,2,21,21,True,True,True,True,False,False,False,False,False,False,,0.0,,0.0,,0.0,0.0,0.0,0.0,1.0,1.0,1.0
MolecuLA continuous OLS,train_std_unit,HBA,3,21,21,True,True,True,True,False,False,False,False,False,False,,0.0,,0.0,,0.0,0.0,0.0,0.0,1.0,1.0,1.0
MolecuLA continuous OLS,train_std_unit,HBA,4,21,21,True,True,True,True,False,False,False,False,False,False,,0.0,,0.0,,0.0,0.0,0.0,0.0,1.0,1.0,1.0
MolecuLA continuous OLS,train_std_unit,HBA,5,21,21,True,True,True,True,True,True,True,True,True,True,0.3692744729379982,0.0008658008658008659,-0.5330017908890261,-6.271964700109346e-05,-0.8101627221513196,-0.0003991186548903501,0.05,0.38095238095238093,0.38095238095238093,1.0,1.0,0.6190476190476191
MolecuLA continuous OLS,train_std_unit,HBA,6,21,21,True,True,True,True,True,True,True,True,True,True,,0.0,-0.8174238913695991,-0.006675518746443123,-0.8174238913695991,-0.003848605255646128,0.0,0.6666666666666666,0.6666666666666666,0.392156862745098,1.0,0.3333333333333333
MolecuLA continuous OLS,train_std_unit,HBA,7,21,21,True,True,True,True,False,False,False,False,False,False,,0.0,,0.0,,0.0,0.0,0.0,0.0,1.0,1.0,1.0
MolecuLA continuous OLS,train_std_unit,HBA,8,21,21,True,True,True,True,False,False,False,False,False,False,,0.0,,0.0,,0.0,0.0,0.0,0.0,1.0,1.0,1.0
MolecuLA continuous OLS,train_std_unit,HBA,9,21,21,True,True,True,True,False,False,False,False,False,False,,0.0,,0.0,,0.0,0.0,0.0,0.0,1.0,1.0,1.0
MolecuLA continuous OLS,train_std_unit,HBA,10,21,21,True,True,True,True,False,False,False,False,False,False,,0.0,,0.0,,0.0,0.0,0.0,0.0,1.0,1.0,1.0
MolecuLA continuous OLS,train_std_unit,HBA,11,21,21,True,True,True,True,False,False,False,False,False,False,,0.0,,0.0,,0.0,0.0,0.0,0.0,1.0,1.0,1.0
MolecuLA continuous OLS,train_std_unit,HBA,12,21,21,True,True,True,True,False,False,False,False,False,False,,0.0,,0.0,,0.0,0.0,0.0,0.0,1.0,1.0,1.0
MolecuLA continuous OLS,train_std_unit,HBA,13,21,21,True,True,True,True,False,False,False,False,False,False,,0.0,,0.0,,0.0,0.0,0.0,0.0,1.0,1.0,1.0
MolecuLA continuous OLS,train_std_unit,HBA,14,21,21,True,True,True,True,False,False,False,False,False,False,,0.0,,0.0,,0.0,0.0,0.0,0.0,1.0,1.0,1.0
MolecuLA continuous OLS,train_std_unit,HBA,15,21,21,True,True,True,True,False,False,False,False,False,False,,0.0,,0.0,,0.0,0.0,0.0,0.0,1.0,1.0,1.0
MolecuLA continuous OLS,train_std_unit,HBA,16,21,21,True,True,True,True,False,False,False,False,False,False,,0.0,,0.0,,0.0,0.0,0.0,0.0,1.0,1.0,1.0
MolecuLA continuous OLS,train_std_unit,HBA,17,21,21,True,True,False,True,True,True,True,False,True,True,-0.7833494518006403,-0.003896103896103901,0.7833494518006403,0.00768499424215553,0.7833494518006403,0.004194931860726136,0.0,0.2857142857142857,0.2857142857142857,1.0,1.0,0.7142857142857143
MolecuLA continuous OLS,train_std_unit,HBA,18,21,21,True,True,True,True,False,False,False,False,False,False,,0.0,,0.0,,0.0,0.0,0.0,0.0,1.0,1.0,1.0
MolecuLA continuous OLS,train_std_unit,HBA,19,21,21,True,True,True,True,False,False,False,False,False,False,,0.0,,0.0,,0.0,0.0,0.0,0.0,1.0,1.0,1.0
MolecuLA continuous OLS,train_std_unit,HBA,20,21,21,True,True,True,True,True,True,True,True,True,True,0.5090097337879789,0.006580086580086578,-0.5070989554804374,-0.0001666049179346278,-0.5070989554804374,-0.0002489080988196285,0.1,0.09523809523809523,0.09523809523809523,1.0,1.0,0.9047619047619048
MolecuLA continuous OLS,train_std_unit,HBA,21,21,21,True,True,True,True,False,False,False,False,False,False,,0.0,,0.0,,0.0,0.0,0.0,0.0,1.0,1.0,1.0
MolecuLA continuous OLS,train_std_unit,HBA,22,21,21,True,True,True,True,False,False,False,False,False,False,,0.0,,0.0,,0.0,0.0,0.0,0.0,1.0,1.0,1.0
MolecuLA continuous OLS,train_std_unit,HBA,23,21,21,True,True,True,True,False,False,False,False,False,False,,0.0,,0.0,,0.0,0.0,0.0,0.0,1.0,1.0,1.0
MolecuLA continuous OLS,train_std_unit,HBA,24,21,21,True,True,True,True,False,False,False,False,False,False,,0.0,,0.0,,0.0,0.0,0.0,0.0,1.0,1.0,1.0
MolecuLA continuous OLS,train_std_unit,HBA,25,21,21,True,True,True,True,False,False,False,False,False,False,,0.0,,0.0,,0.0,0.0,0.0,0.0,1.0,1.0,1.0
MolecuLA continuous OLS,train_std_unit,HBA,26,21,21,True,True,True,True,False,False,False,False,False,False,,0.0,,0.0,,0.0,0.0,0.0,0.0,1.0,1.0,1.0
MolecuLA continuous OLS,train_std_unit,HBA,27,21,21,True,True,True,True,False,False,False,False,False,False,,0.0,,0.0,,0.0,0.0,0.0,0.0,1.0,1.0,1.0
MolecuLA continuous OLS,train_std_unit,HBA,28,21,21,True,True,True,True,False,False,False,False,False,False,,0.0,,0.0,,0.0,0.0,0.0,0.0,1.0,1.0,1.0
MolecuLA continuous OLS,train_std_unit,HBA,29,21,21,True,True,True,True,False,False,False,False,False,False,,0.0,,0.0,,0.0,0.0,0.0,0.0,1.0,1.0,1.0
MolecuLA continuous OLS,train_std_unit,HBA,30,21,21,True,True,True,True,False,False,False,False,False,False,,0.0,,0.0,,0.0,0.0,0.0,0.0,1.0,1.0,1.0
MolecuLA continuous OLS,train_std_unit,HBA,31,21,21,True,True,True,True,False,False,False,False,False,False,,0.0,,0.0,,0.0,0.0,0.0,0.0,1.0,1.0,1.0
MolecuLA continuous OLS,train_std_unit,HBA,32,21,21,True,True,True,True,False,False,False,False,False,False,,0.0,,0.0,,0.0,0.0,0.0,0.0,1.0,1.0,1.0
MolecuLA continuous OLS,train_std_unit,HBA,33,21,21,True,True,True,True,False,False,False,False,False,False,,0.0,,0.0,,0.0,0.0,0.0,0.0,1.0,1.0,1.0
MolecuLA continuous OLS,train_std_unit,HBA,34,21,21,True,False,False,False,True,True,False,False,False,False,0.02678998598884099,8.658008658008574e-05,0.7296739239515474,0.0054909328053003295,0.7296739239515474,0.004143772750051551,0.05,0.5714285714285714,0.5714285714285714,0.3229166666666667,1.0,0.42857142857142855
MolecuLA continuous OLS,train_std_unit,HBA,35,21,21,True,True,True,True,False,False,False,False,False,False,,0.0,,0.0,,0.0,0.0,0.0,0.0,1.0,1.0,1.0
MolecuLA continuous OLS,train_std_unit,HBA,36,21,21,True,True,True,True,False,False,False,False,False,False,,0.0,,0.0,,0.0,0.0,0.0,0.0,1.0,1.0,1.0
MolecuLA continuous OLS,train_std_unit,HBA,37,21,21,True,True,True,True,False,False,False,False,False,False,,0.0,,0.0,,0.0,0.0,0.0,0.0,1.0,1.0,1.0
MolecuLA continuous OLS,train_std_unit,HBA,38,21,21,True,True,True,True,False,False,False,False,False,False,,0.0,,0.0,,0.0,0.0,0.0,0.0,1.0,1.0,1.0
MolecuLA continuous OLS,train_std_unit,HBA,39,21,21,True,True,True,True,False,False,False,False,False,False,,0.0,,0.0,,0.0,0.0,0.0,0.0,1.0,1.0,1.0
MolecuLA continuous OLS,train_std_unit,HBA,40,21,21,True,True,True,True,False,False,False,False,False,False,,0.0,,0.0,,0.0,0.0,0.0,0.0,1.0,1.0,1.0
MolecuLA continuous OLS,train_std_unit,HBA,41,21,21,True,True,True,True,False,False,False,False,False,False,,0.0,,0.0,,0.0,0.0,0.0,0.0,1.0,1.0,1.0
MolecuLA continuous OLS,train_std_unit,HBA,42,21,21,True,True,True,True,False,False,False,False,False,False,,0.0,,0.0,,0.0,0.0,0.0,0.0,1.0,1.0,1.0
MolecuLA continuous OLS,train_std_unit,HBA,43,21,21,True,True,True,True,False,False,False,False,False,False,,0.0,,0.0,,0.0,0.0,0.0,0.0,1.0,1.0,1.0
MolecuLA continuous OLS,train_std_unit,HBA,44,21,21,True,True,True,True,False,False,False,False,False,False,,0.0,,0.0,,0.0,0.0,0.0,0.0,1.0,1.0,1.0
MolecuLA continuous OLS,train_std_unit,HBA,45,21,21,True,True,True,True,False,False,False,False,False,False,,0.0,,0.0,,0.0,0.0,0.0,0.0,1.0,1.0,1.0
MolecuLA continuous OLS,train_std_unit,HBA,46,21,21,True,True,True,True,False,False,False,False,False,False,,0.0,,0.0,,0.0,0.0,0.0,0.0,1.0,1.0,1.0
MolecuLA continuous OLS,train_std_unit,HBA,47,21,21,True,True,True,True,True,True,True,True,True,True,,0.0,0.3692744729379982,0.00012920963263519155,-0.3692744729379982,-8.710664358025628e-05,0.0,0.047619047619047616,0.047619047619047616,1.0,1.0,1.0
MolecuLA continuous OLS,train_std_unit,HBA,48,21,21,True,True,True,True,False,False,False,False,False,False,,0.0,,0.0,,0.0,0.0,0.0,0.0,1.0,1.0,1.0
MolecuLA continuous OLS,train_std_unit,HBA,49,21,21,True,True,True,True,False,False,False,False,False,False,,0.0,,0.0,,0.0,0.0,0.0,0.0,1.0,1.0,1.0
MolecuLA continuous OLS,native_l2,TPSA,0,21,21,True,False,False,False,True,True,False,False,False,False,0.8770182384813577,0.8776779220779221,0.6133341441397973,0.007427175630352469,-0.605529255773225,-0.007644806674621541,0.8,0.8571428571428571,0.8571428571428571,0.0792079207920792,0.8571428571428571,0.16666666666666666
MolecuLA continuous OLS,native_l2,TPSA,1,21,21,True,False,False,False,True,True,False,False,False,False,0.9576011469109538,0.9964623376623376,0.6327834715758246,0.011393971597973755,-0.5910758071259246,-0.007850186648708282,0.85,0.8095238095238095,0.8095238095238095,0.0714285714285714,0.6190476190476191,0.38461538461538464
MolecuLA continuous OLS,native_l2,TPSA,2,21,21,True,False,False,False,True,True,False,False,False,False,0.9551789927809811,0.8050796536796536,0.5085769607511806,0.007686711695815086,-0.5703421213592053,-0.010158654556065842,0.75,0.7142857142857143,0.7142857142857143,0.0655737704918032,0.38095238095238093,0.75
MolecuLA continuous OLS,native_l2,TPSA,3,21,21,True,False,False,False,True,True,False,False,False,False,0.9520505530076766,0.7759679653679654,0.5553751510839843,0.0047979234137937865,-0.533290057356668,-0.005222620269096639,0.95,0.9047619047619048,0.9047619047619048,0.0972222222222222,0.8571428571428571,0.1111111111111111
MolecuLA continuous OLS,native_l2,TPSA,4,21,21,True,False,False,False,True,True,False,False,False,False,0.5569738181227925,0.3169004329004329,0.567705993118014,0.007141622686512527,-0.2302217852275817,-0.002491287622996936,0.65,0.9047619047619048,0.9047619047619048,0.0816326530612244,0.9047619047619048,0.10526315789473684
MolecuLA continuous OLS,native_l2,TPSA,5,21,21,True,False,False,False,True,True,False,False,False,False,0.84499996321191,0.6617359307359307,0.22669699149510003,0.0013326838455080025,-0.6852874671270216,-0.008140195837754034,0.85,0.9523809523809523,0.9523809523809523,0.0841121495327102,0.9523809523809523,0.05
MolecuLA continuous OLS,native_l2,TPSA,6,21,21,True,False,False,False,True,True,False,False,False,False,0.9527604561876124,1.189487445887446,0.8164989063304893,0.010163135003204678,-0.5774602448113006,-0.008027667134052443,0.95,0.9523809523809523,0.9523809523809523,0.0962962962962963,0.9523809523809523,0.05
MolecuLA continuous OLS,native_l2,TPSA,7,21,21,True,False,False,False,True,True,False,False,False,False,0.9424475788178799,0.6716588744588745,0.7951985771769475,0.010860302935235622,-0.49001070305775496,-0.007201745855353847,0.75,0.7142857142857143,0.7142857142857143,0.0727272727272727,0.5714285714285714,0.5833333333333334
MolecuLA continuous OLS,native_l2,TPSA,8,21,21,True,False,False,False,True,True,False,False,False,False,0.6667467252434491,0.3184285714285714,0.19354963033781655,0.0026882819125280317,-0.22092028513306333,-0.0016622729010242262,0.75,0.8095238095238095,0.8095238095238095,0.0930232558139534,0.6666666666666666,0.35714285714285715
MolecuLA continuous OLS,native_l2,TPSA,9,21,21,True,False,False,False,True,True,False,False,False,False,0.9121237604533431,0.5600571428571428,0.7870954305971782,0.010690585720882745,-0.09977266021654373,-0.003908296808342466,0.85,0.8095238095238095,0.8095238095238095,0.1290322580645161,0.38095238095238093,0.5
MolecuLA continuous OLS,native_l2,TPSA,10,21,21,True,False,False,False,True,True,False,False,False,False,0.887592410862265,0.7391056277056276,0.3042915446670251,0.0036729576934753138,-0.46684044673274366,-0.008761901130668355,0.9,0.8571428571428571,0.8571428571428571,0.0714285714285714,0.7142857142857143,0.26666666666666666
MolecuLA continuous OLS,native_l2,TPSA,11,21,21,True,False,False,False,True,True,False,False,False,False,0.8902445398683607,0.29194805194805196,0.7168816144021019,0.011190353968321859,-0.08314517354252689,0.00048571361834632366,0.7,0.7619047619047619,0.7619047619047619,0.125,0.6666666666666666,0.35714285714285715
MolecuLA continuous OLS,native_l2,TPSA,12,21,21,True,False,False,False,True,True,False,False,False,False,0.9214832147435097,0.9207870129870129,0.5032514007954647,0.005864546329168845,-0.3862161913081473,-0.0038112449939385314,0.9,0.8571428571428571,0.8571428571428571,0.0869565217391304,0.6666666666666666,0.21428571428571427
MolecuLA continuous OLS,native_l2,TPSA,13,21,21,True,False,False,False,True,True,False,False,False,False,0.9536899556490319,0.7595974025974027,0.6605795542041405,0.012240088751939378,0.014388861576723855,8.647759256146583e-05,0.8,0.7619047619047619,0.7619047619047619,0.0666666666666666,0.5238095238095238,0.7272727272727273
MolecuLA continuous OLS,native_l2,TPSA,14,21,21,True,False,False,False,True,True,False,False,False,False,0.9510106366087449,1.0399316017316018,0.5902311442705488,0.0068580128645345855,-0.454725539404904,-0.007368011227898221,0.85,0.8095238095238095,0.8095238095238095,0.0806451612903225,0.8095238095238095,0.29411764705882354
MolecuLA continuous OLS,native_l2,TPSA,15,21,21,True,False,False,False,True,True,False,False,False,False,0.9720834846780012,0.8073480519480518,0.6483186907191011,0.010703447867783841,-0.4722807888825063,-0.0031651326731875476,0.75,0.7142857142857143,0.7142857142857143,0.0545454545454545,0.8095238095238095,0.35294117647058826
MolecuLA continuous OLS,native_l2,TPSA,16,21,21,True,False,False,False,True,True,False,False,False,False,0.9341258506391195,0.6923168831168831,0.5357611812086084,0.007958801911922279,-0.5318600075590312,-0.0052199266209161516,0.9,0.8571428571428571,0.8571428571428571,0.0808080808080808,0.8095238095238095,0.23529411764705882
MolecuLA continuous OLS,native_l2,TPSA,17,21,21,True,False,False,False,True,True,False,False,False,False,0.7917806714964325,0.6833047619047621,0.7346541472233757,0.009285877297896327,-0.33582333697125133,-0.002185014789729221,0.8,0.9047619047619048,0.9047619047619048,0.0980392156862745,0.6666666666666666,0.14285714285714285
MolecuLA continuous OLS,native_l2,TPSA,18,21,21,True,False,False,False,True,True,False,False,False,False,0.6486804209635054,0.4133896103896104,0.3365984210403531,0.005385228632135955,-0.671892197037914,-0.007610845572709394,0.7,0.8571428571428571,0.8571428571428571,0.08,0.8095238095238095,0.17647058823529413
MolecuLA continuous OLS,native_l2,TPSA,19,21,21,True,False,False,False,True,True,False,False,False,False,0.9121593238215744,0.8770207792207791,0.37268341950382167,0.005817218226921683,-0.6133341441397973,-0.00920409413920495,0.85,0.8571428571428571,0.8571428571428571,0.0471698113207547,0.9523809523809523,0.15
MolecuLA continuous OLS,native_l2,TPSA,20,21,21,True,False,False,False,True,True,False,False,False,False,0.9379915369336339,1.0641930735930736,0.6558441558441558,0.007264622120944835,-0.5532467532467533,-0.00422479263228038,1.0,0.9523809523809523,0.9523809523809523,0.1157894736842105,0.5714285714285714,0.08333333333333333
MolecuLA continuous OLS,native_l2,TPSA,21,21,21,True,False,False,False,True,True,False,False,False,False,0.9675803501133389,0.7487515151515152,-0.5552670494564946,-0.006643812312556661,-0.7503257319353568,-0.006709536111436262,0.85,0.8571428571428571,0.8571428571428571,0.0824742268041237,0.9047619047619048,0.15789473684210525
MolecuLA continuous OLS,native_l2,TPSA,22,21,21,True,False,False,False,True,True,False,False,False,False,0.8990035170889965,0.5950528138528138,-0.05338559768910116,-0.0021600811224838246,-0.3684908328296494,-0.0034894641252571313,0.9,0.8571428571428571,0.8571428571428571,0.0705882352941176,0.5714285714285714,0.25
MolecuLA continuous OLS,native_l2,TPSA,23,21,21,True,False,False,False,True,True,False,False,False,False,0.9461350480147726,0.6859757575757577,0.5941399597955193,0.007474802377973329,-0.7661278428942222,-0.008460526627352572,0.85,0.8095238095238095,0.8095238095238095,0.1388888888888889,0.5238095238095238,0.45454545454545453
MolecuLA continuous OLS,native_l2,TPSA,24,21,21,True,False,False,False,True,True,False,False,False,False,0.9459051907193435,0.9416363636363636,0.5537887933587764,0.009170214380633167,-0.3720257655503469,-0.0038635712967575106,0.75,0.7619047619047619,0.7619047619047619,0.0918367346938775,0.7619047619047619,0.375
MolecuLA continuous OLS,native_l2,TPSA,25,21,21,True,False,False,False,True,True,False,False,False,False,0.9311693894050409,0.8195645021645023,-0.12146801550023983,-0.001468131603683554,-0.7164664229773505,-0.008316441617887823,0.9,0.9047619047619048,0.9047619047619048,0.1015625,0.8095238095238095,0.11764705882352941
MolecuLA continuous OLS,native_l2,TPSA,26,21,21,True,False,False,False,True,True,False,False,False,False,0.8442634908327862,0.7568883116883118,0.6666709489413681,0.010775782603339445,-0.21570682707682587,-0.004474251679811392,0.8,0.8095238095238095,0.8095238095238095,0.0508474576271186,0.7619047619047619,0.25
MolecuLA continuous OLS,native_l2,TPSA,27,21,21,True,False,False,False,True,True,False,False,False,False,0.9408709237924697,0.6158536796536797,0.3524060196784778,0.0035936129672138094,-0.43823183996917725,-0.00326550380338063,0.9,0.8571428571428571,0.8571428571428571,0.1139240506329113,0.7619047619047619,0.25
MolecuLA continuous OLS,native_l2,TPSA,28,21,21,True,False,False,False,True,True,False,False,False,False,0.9404658201252106,0.9003913419913422,0.9282991478034471,0.015037391539999709,-0.09387294753068567,-0.00040988615248616534,0.85,0.8095238095238095,0.8095238095238095,0.1346153846153846,0.5238095238095238,0.45454545454545453
MolecuLA continuous OLS,native_l2,TPSA,29,21,21,True,False,False,False,True,True,False,False,False,False,0.9370252068155672,0.44100519480519484,0.2855375253119436,0.005985230026024812,-0.5186828441446315,-0.008566043966480657,0.75,0.7619047619047619,0.7619047619047619,0.1,0.7142857142857143,0.3333333333333333
MolecuLA continuous OLS,native_l2,TPSA,30,21,21,True,False,False,False,True,True,False,False,False,False,0.9013441985463236,0.687522077922078,0.586858632527925,0.008673476952483607,-0.6584267584459647,-0.006734086943870115,0.85,0.8571428571428571,0.8571428571428571,0.0769230769230769,1.0,0.14285714285714285
MolecuLA continuous OLS,native_l2,TPSA,31,21,21,True,False,False,False,True,True,False,False,False,False,0.9536899556490319,0.9820354978354978,0.7447164316437622,0.009732434423761961,-0.6263422914174175,-0.004756078775252921,0.9,0.8571428571428571,0.8571428571428571,0.1568627450980392,0.6666666666666666,0.2857142857142857
MolecuLA continuous OLS,native_l2,TPSA,32,21,21,True,False,False,False,True,True,False,False,False,False,0.9423045260190579,0.29623809523809524,0.6645145048575,0.013624778000547264,0.3352091924799432,0.0020359549926624687,0.75,0.7619047619047619,0.7619047619047619,0.0923076923076923,0.7142857142857143,0.3333333333333333
MolecuLA continuous OLS,native_l2,TPSA,33,21,21,True,False,False,False,True,True,False,False,False,False,0.9125009604487202,0.3906987012987013,0.777396546993607,0.010249500215921647,-0.08042033244761453,-0.0009049761281405063,0.8,0.7619047619047619,0.7619047619047619,0.0769230769230769,0.5238095238095238,0.8181818181818182
MolecuLA continuous OLS,native_l2,TPSA,34,21,21,True,False,False,False,True,True,False,False,False,False,0.9442631403628163,0.8864380952380954,0.25787594734542896,0.002302865886653113,-0.5865541069343133,-0.006504258366628785,1.0,1.0,1.0,0.0888888888888888,0.9523809523809523,0.0
MolecuLA continuous OLS,native_l2,TPSA,35,21,21,True,False,False,False,True,True,False,False,False,False,0.8594003548450003,0.7425376623376623,0.15804898942308665,0.003081181778351185,-0.5560982961182678,-0.008736409717231174,0.75,0.8571428571428571,0.8571428571428571,0.0588235294117647,0.6190476190476191,0.23076923076923078
MolecuLA continuous OLS,native_l2,TPSA,36,21,21,True,False,False,False,True,True,False,False,False,False,0.9101134123319047,0.44328744588744584,0.6566975643455029,0.009561167092362797,-0.31469467439923116,-0.003076909953944418,0.9,0.8571428571428571,0.8571428571428571,0.072463768115942,0.8571428571428571,0.16666666666666666
MolecuLA continuous OLS,native_l2,TPSA,37,21,21,True,False,False,False,True,True,False,False,False,False,0.9617792392328425,0.9496164502164501,0.7260911684048386,0.012224530454481915,-0.3070923221210428,-0.0057465823034945724,0.9,0.8571428571428571,0.8571428571428571,0.0821917808219178,0.6666666666666666,0.21428571428571427
MolecuLA continuous OLS,native_l2,TPSA,38,21,21,True,False,False,False,True,True,False,False,False,False,0.9430448648937491,0.7593238095238096,0.4703608015047861,0.005425655245910613,-0.6957691634447529,-0.006367822835522467,0.8,0.8095238095238095,0.8095238095238095,0.0952380952380952,0.8095238095238095,0.23529411764705882
MolecuLA continuous OLS,native_l2,TPSA,39,21,21,True,False,False,False,True,True,False,False,False,False,0.6628208903981099,0.3241151515151515,0.4096984983393445,0.004508397174456795,-0.29582064097345645,-0.00466957096242211,0.6,0.7619047619047619,0.7619047619047619,0.1159420289855072,0.5714285714285714,0.5
MolecuLA continuous OLS,native_l2,TPSA,40,21,21,True,False,False,False,True,True,False,False,False,False,0.9308840020231904,0.8342207792207792,0.5513658758069174,0.006951698184142665,-0.3276985865644886,-0.005972358377449819,0.95,0.8571428571428571,0.8571428571428571,0.075,0.7619047619047619,0.1875
MolecuLA continuous OLS,native_l2,TPSA,41,21,21,True,False,False,False,True,True,False,False,False,False,0.9717847743731278,0.9302398268398269,0.6875247811663181,0.010779984414386783,-0.4437956170372158,-0.0038667325952015733,0.8,0.8095238095238095,0.8095238095238095,0.0967741935483871,0.7142857142857143,0.26666666666666666
MolecuLA continuous OLS,native_l2,TPSA,42,21,21,True,False,False,False,True,True,False,False,False,False,0.9627067940563236,0.8718320346320346,0.461338628903581,0.0073086561323644295,-0.3937622663599579,-0.004955134016586585,0.9,0.9047619047619048,0.9047619047619048,0.0588235294117647,0.7142857142857143,0.13333333333333333
MolecuLA continuous OLS,native_l2,TPSA,43,21,21,True,False,False,False,True,True,False,False,False,False,0.8715570013484825,0.35323982683982685,0.36636525355725935,0.006248806754517122,-0.2868340063437617,-0.002837742083110762,0.8,0.8095238095238095,0.8095238095238095,0.1186440677966101,0.5238095238095238,0.36363636363636365
MolecuLA continuous OLS,native_l2,TPSA,44,21,21,True,False,False,False,True,True,False,False,False,False,0.9239109899679548,0.8964909090909091,0.22106650680937723,0.0023808971205302124,-0.7997405981633352,-0.007486560830443281,0.85,0.8571428571428571,0.8571428571428571,0.073170731707317,0.6666666666666666,0.21428571428571427
MolecuLA continuous OLS,native_l2,TPSA,45,21,21,True,False,False,False,True,True,False,False,False,False,0.9517389091604987,0.8320978354978353,0.5860170348567946,0.008284929139098736,-0.4676428946304498,-0.007177705105392032,0.9,0.8571428571428571,0.8571428571428571,0.1194029850746268,0.6190476190476191,0.23076923076923078
MolecuLA continuous OLS,native_l2,TPSA,46,21,21,True,False,False,False,True,True,False,False,False,False,0.8034316585935246,0.7053783549783549,0.7013676339967885,0.008589283698984972,-0.4853620175896143,-0.00428994946496109,0.8,0.8571428571428571,0.8571428571428571,0.08,0.42857142857142855,0.4444444444444444
MolecuLA continuous OLS,native_l2,TPSA,47,21,21,True,False,False,False,True,True,False,False,False,False,0.9464770492618919,0.8668441558441559,0.45014617508912413,0.004540625318192914,-0.568366382688288,-0.007100849915164714,0.9,0.9047619047619048,0.9047619047619048,0.1046511627906976,0.7142857142857143,0.26666666666666666
MolecuLA continuous OLS,native_l2,TPSA,48,21,21,True,False,False,False,True,True,False,False,False,False,0.8770837883701856,0.4029082251082251,0.17470798568210943,0.0018799883630024948,-0.1812269403717404,-0.0017863306973582027,0.85,0.8095238095238095,0.8095238095238095,0.1186440677966101,0.6666666666666666,0.35714285714285715
MolecuLA continuous OLS,native_l2,TPSA,49,21,21,True,False,False,False,True,True,False,False,False,False,0.9555298527000272,0.7567835497835497,0.7581280792345113,0.011890987942891732,-0.34720445481237483,-0.003491684431809037,0.8,0.8571428571428571,0.8571428571428571,0.1052631578947368,0.7619047619047619,0.25
MolecuLA continuous OLS,train_std_unit,TPSA,0,21,21,True,True,True,True,False,False,False,False,False,False,,0.0,,0.0,,0.0,0.0,0.0,0.0,1.0,1.0,1.0
MolecuLA continuous OLS,train_std_unit,TPSA,1,21,21,True,True,True,True,False,False,False,False,False,False,,0.0,,0.0,,0.0,0.0,0.0,0.0,1.0,1.0,1.0
MolecuLA continuous OLS,train_std_unit,TPSA,2,21,21,True,True,True,True,False,False,False,False,False,False,,0.0,,0.0,,0.0,0.0,0.0,0.0,1.0,1.0,1.0
MolecuLA continuous OLS,train_std_unit,TPSA,3,21,21,True,True,True,True,False,False,False,False,False,False,,0.0,,0.0,,0.0,0.0,0.0,0.0,1.0,1.0,1.0
MolecuLA continuous OLS,train_std_unit,TPSA,4,21,21,True,True,True,True,False,False,False,False,False,False,,0.0,,0.0,,0.0,0.0,0.0,0.0,1.0,1.0,1.0
MolecuLA continuous OLS,train_std_unit,TPSA,5,21,21,True,True,True,True,True,True,True,True,True,True,,0.0,-0.8174238913695991,-0.00010934606345136396,-0.8174238913695991,-0.00045067860261993647,0.5,0.3333333333333333,0.3333333333333333,1.0,1.0,0.6666666666666666
MolecuLA continuous OLS,train_std_unit,TPSA,6,21,21,True,True,True,True,True,True,True,True,True,True,0.8174238913695991,0.020236363636363584,-0.8174238913695991,-0.006675518746443123,-0.8174238913695991,-0.003848605255646128,0.5,0.6666666666666666,0.6666666666666666,0.392156862745098,1.0,0.3333333333333333
MolecuLA continuous OLS,train_std_unit,TPSA,7,21,21,True,True,True,True,False,False,False,False,False,False,,0.0,,0.0,,0.0,0.0,0.0,0.0,1.0,1.0,1.0
MolecuLA continuous OLS,train_std_unit,TPSA,8,21,21,True,True,True,True,False,False,False,False,False,False,,0.0,,0.0,,0.0,0.5,0.0,0.0,1.0,1.0,1.0
MolecuLA continuous OLS,train_std_unit,TPSA,9,21,21,True,True,True,True,False,False,False,False,False,False,,0.0,,0.0,,0.0,0.0,0.0,0.0,1.0,1.0,1.0
MolecuLA continuous OLS,train_std_unit,TPSA,10,21,21,True,True,True,True,False,False,False,False,False,False,,0.0,,0.0,,0.0,0.0,0.0,0.0,1.0,1.0,1.0
MolecuLA continuous OLS,train_std_unit,TPSA,11,21,21,True,True,True,True,False,False,False,False,False,False,,0.0,,0.0,,0.0,0.0,0.0,0.0,1.0,1.0,1.0
MolecuLA continuous OLS,train_std_unit,TPSA,12,21,21,True,True,True,True,False,False,False,False,False,False,,0.0,,0.0,,0.0,0.0,0.0,0.0,1.0,1.0,1.0
MolecuLA continuous OLS,train_std_unit,TPSA,13,21,21,True,True,True,True,False,False,False,False,False,False,,0.0,,0.0,,0.0,0.0,0.0,0.0,1.0,1.0,1.0
MolecuLA continuous OLS,train_std_unit,TPSA,14,21,21,True,True,True,True,False,False,False,False,False,False,,0.0,,0.0,,0.0,0.0,0.0,0.0,1.0,1.0,1.0
MolecuLA continuous OLS,train_std_unit,TPSA,15,21,21,True,True,True,True,False,False,False,False,False,False,,0.0,,0.0,,0.0,0.0,0.0,0.0,1.0,1.0,1.0
MolecuLA continuous OLS,train_std_unit,TPSA,16,21,21,True,True,True,True,False,False,False,False,False,False,,0.0,,0.0,,0.0,0.0,0.0,0.0,1.0,1.0,1.0
MolecuLA continuous OLS,train_std_unit,TPSA,17,21,21,True,True,False,True,True,True,True,False,True,True,-0.3692744729379982,-0.00045887445887447706,0.3692744729379982,0.0017077764982567835,0.3692744729379982,0.0009322070801613641,0.0,0.047619047619047616,0.047619047619047616,1.0,1.0,0.9523809523809523
MolecuLA continuous OLS,train_std_unit,TPSA,18,21,21,True,True,True,True,False,False,False,False,False,False,,0.0,,0.0,,0.0,0.0,0.0,0.0,1.0,1.0,1.0
MolecuLA continuous OLS,train_std_unit,TPSA,19,21,21,True,True,True,True,False,False,False,False,False,False,,0.0,,0.0,,0.0,0.0,0.0,0.0,1.0,1.0,1.0
MolecuLA continuous OLS,train_std_unit,TPSA,20,21,21,True,True,True,True,True,True,True,True,True,True,0.7833494518006403,0.12537662337662334,-0.7833494518006403,-0.0007218065295241908,-0.7833494518006403,-0.000746974179821818,0.5,0.2857142857142857,0.2857142857142857,1.0,1.0,0.7142857142857143
MolecuLA continuous OLS,train_std_unit,TPSA,21,21,21,True,True,True,True,False,False,False,False,False,False,,0.0,,0.0,,0.0,0.0,0.0,0.0,1.0,1.0,1.0
MolecuLA continuous OLS,train_std_unit,TPSA,22,21,21,True,True,True,True,False,False,False,False,False,False,,0.0,,0.0,,0.0,0.0,0.0,0.0,1.0,1.0,1.0
MolecuLA continuous OLS,train_std_unit,TPSA,23,21,21,True,True,True,True,False,False,False,False,False,False,,0.0,,0.0,,0.0,0.0,0.0,0.0,1.0,1.0,1.0
MolecuLA continuous OLS,train_std_unit,TPSA,24,21,21,True,True,True,True,False,False,False,False,False,False,,0.0,,0.0,,0.0,0.0,0.0,0.0,1.0,1.0,1.0
MolecuLA continuous OLS,train_std_unit,TPSA,25,21,21,True,True,True,True,False,False,False,False,False,False,,0.0,,0.0,,0.0,0.0,0.0,0.0,1.0,1.0,1.0
MolecuLA continuous OLS,train_std_unit,TPSA,26,21,21,True,True,True,True,False,False,False,False,False,False,,0.0,,0.0,,0.0,0.0,0.0,0.0,1.0,1.0,1.0
MolecuLA continuous OLS,train_std_unit,TPSA,27,21,21,True,True,True,True,False,False,False,False,False,False,,0.0,,0.0,,0.0,0.0,0.0,0.0,1.0,1.0,1.0
MolecuLA continuous OLS,train_std_unit,TPSA,28,21,21,True,True,True,True,False,False,False,False,False,False,,0.0,,0.0,,0.0,0.0,0.0,0.0,1.0,1.0,1.0
MolecuLA continuous OLS,train_std_unit,TPSA,29,21,21,True,True,True,True,False,False,False,False,False,False,,0.0,,0.0,,0.0,0.0,0.0,0.0,1.0,1.0,1.0
MolecuLA continuous OLS,train_std_unit,TPSA,30,21,21,True,True,True,True,False,False,False,False,False,False,,0.0,,0.0,,0.0,0.0,0.0,0.0,1.0,1.0,1.0
MolecuLA continuous OLS,train_std_unit,TPSA,31,21,21,True,True,True,True,False,False,False,False,False,False,,0.0,,0.0,,0.0,0.0,0.0,0.0,1.0,1.0,1.0
MolecuLA continuous OLS,train_std_unit,TPSA,32,21,21,True,True,True,True,False,False,False,False,False,False,,0.0,,0.0,,0.0,0.0,0.0,0.0,1.0,1.0,1.0
MolecuLA continuous OLS,train_std_unit,TPSA,33,21,21,True,True,True,True,False,False,False,False,False,False,,0.0,,0.0,,0.0,0.0,0.0,0.0,1.0,1.0,1.0
MolecuLA continuous OLS,train_std_unit,TPSA,34,21,21,True,False,False,True,True,True,False,False,False,True,0.8362931000303414,0.08423809523809521,0.24646421335906787,0.0027808921599215813,0.24646421335906787,0.0018830594930161878,0.65,0.6666666666666666,0.6666666666666666,0.3229166666666667,1.0,0.3333333333333333
MolecuLA continuous OLS,train_std_unit,TPSA,35,21,21,True,True,True,True,False,False,False,False,False,False,,0.0,,0.0,,0.0,0.0,0.0,0.0,1.0,1.0,1.0
MolecuLA continuous OLS,train_std_unit,TPSA,36,21,21,True,True,True,True,False,False,False,False,False,False,,0.0,,0.0,,0.0,0.0,0.0,0.0,1.0,1.0,1.0
MolecuLA continuous OLS,train_std_unit,TPSA,37,21,21,True,True,True,True,False,False,False,False,False,False,,0.0,,0.0,,0.0,0.0,0.0,0.0,1.0,1.0,1.0
MolecuLA continuous OLS,train_std_unit,TPSA,38,21,21,True,True,True,True,False,False,False,False,False,False,,0.0,,0.0,,0.0,0.0,0.0,0.0,1.0,1.0,1.0
MolecuLA continuous OLS,train_std_unit,TPSA,39,21,21,True,True,True,True,False,False,False,False,False,False,,0.0,,0.0,,0.0,0.0,0.0,0.0,1.0,1.0,1.0
MolecuLA continuous OLS,train_std_unit,TPSA,40,21,21,True,True,True,True,False,False,False,False,False,False,,0.0,,0.0,,0.0,0.5,0.0,0.0,1.0,1.0,1.0
MolecuLA continuous OLS,train_std_unit,TPSA,41,21,21,True,True,True,True,False,False,False,False,False,False,,0.0,,0.0,,0.0,0.0,0.0,0.0,1.0,1.0,1.0
MolecuLA continuous OLS,train_std_unit,TPSA,42,21,21,True,True,True,True,False,False,False,False,False,False,,0.0,,0.0,,0.0,0.0,0.0,0.0,1.0,1.0,1.0
MolecuLA continuous OLS,train_std_unit,TPSA,43,21,21,True,True,True,True,False,False,False,False,False,False,,0.0,,0.0,,0.0,0.0,0.0,0.0,1.0,1.0,1.0
MolecuLA continuous OLS,train_std_unit,TPSA,44,21,21,True,True,True,True,False,False,False,False,False,False,,0.0,,0.0,,0.0,0.0,0.0,0.0,1.0,1.0,1.0
MolecuLA continuous OLS,train_std_unit,TPSA,45,21,21,True,True,True,True,False,False,False,False,False,False,,0.0,,0.0,,0.0,0.0,0.0,0.0,1.0,1.0,1.0
MolecuLA continuous OLS,train_std_unit,TPSA,46,21,21,True,True,True,True,False,False,False,False,False,False,,0.0,,0.0,,0.0,0.0,0.0,0.0,1.0,1.0,1.0
MolecuLA continuous OLS,train_std_unit,TPSA,47,21,21,True,True,True,True,False,False,False,False,False,False,,0.0,,0.0,,0.0,0.0,0.0,0.0,1.0,1.0,1.0
MolecuLA continuous OLS,train_std_unit,TPSA,48,21,21,True,True,True,True,False,False,False,False,False,False,,0.0,,0.0,,0.0,0.0,0.0,0.0,1.0,1.0,1.0
MolecuLA continuous OLS,train_std_unit,TPSA,49,21,21,True,True,True,True,False,False,False,False,False,False,,0.0,,0.0,,0.0,0.0,0.0,0.0,1.0,1.0,1.0
MolecuLA continuous OLS,native_l2,cLogP,0,21,21,True,False,False,False,True,True,False,False,False,False,0.9713922387447341,0.07426158528138524,0.630689740014988,0.011166773273514069,0.563069396755649,0.004423268834457715,0.9,0.8571428571428571,0.8571428571428571,0.08,0.8095238095238095,0.17647058823529413
MolecuLA continuous OLS,native_l2,cLogP,1,21,21,True,False,False,False,True,True,False,False,False,False,0.9604672224841116,0.09391362597402582,0.5982488145493275,0.01089849817399542,0.4491769787927738,0.0026959495214126613,0.85,0.8095238095238095,0.8095238095238095,0.0674157303370786,0.6190476190476191,0.3076923076923077
MolecuLA continuous OLS,native_l2,cLogP,2,21,21,True,False,False,True,True,True,False,False,True,True,0.9386242463053668,0.13571300259740202,0.22505799981934038,0.0074426965868645886,0.12973931754291387,0.0005833437221077013,0.7,0.6666666666666666,0.6666666666666666,0.058252427184466,0.5714285714285714,0.6666666666666666
MolecuLA continuous OLS,native_l2,cLogP,3,21,21,True,False,False,False,True,True,False,False,False,False,0.926924374967071,0.055770591341991395,0.6995778218917558,0.012079324768631971,0.5930497227364652,0.00295912120998761,0.95,0.9047619047619048,0.9047619047619048,0.0845070422535211,0.9047619047619048,0.15789473684210525
MolecuLA continuous OLS,native_l2,cLogP,4,21,21,True,False,False,False,True,True,False,False,False,False,0.9068452017931611,0.06267358787878785,0.5355077269209615,0.011034209333769225,0.49120781763796223,0.005816060967287306,0.8,0.8095238095238095,0.8095238095238095,0.0793650793650793,0.7619047619047619,0.25
MolecuLA continuous OLS,native_l2,cLogP,5,21,21,True,False,False,False,True,True,False,False,True,False,0.903771895485395,0.12279140952380917,0.16645007571529583,0.0038644399496533892,0.4967494447128359,0.004494928642098583,0.95,0.9523809523809523,0.9523809523809523,0.0761904761904762,0.6666666666666666,0.14285714285714285
MolecuLA continuous OLS,native_l2,cLogP,6,21,21,True,False,False,False,True,True,False,False,False,False,0.9216272346193983,0.10744334805194773,0.6757732510723747,0.01081739249389057,0.46113882099163966,0.004869994273758895,0.8,0.9523809523809523,0.9523809523809523,0.1203007518796992,0.7619047619047619,0.0625
MolecuLA continuous OLS,native_l2,cLogP,7,21,21,True,False,False,False,True,True,False,False,False,False,0.9456195150846085,0.06805694285714282,0.5705194023048609,0.01348238880922641,0.18361543982225406,0.0004724811434175616,0.8,0.7619047619047619,0.7619047619047619,0.1025641025641025,0.7142857142857143,0.3333333333333333
MolecuLA continuous OLS,native_l2,cLogP,8,21,21,True,False,False,False,True,True,False,False,True,True,0.9320337524414946,0.16004001731601647,0.6900822130777571,0.01307211835120838,0.1645530630618968,0.0018151239521559286,0.9,0.8571428571428571,0.8571428571428571,0.0952380952380952,0.6190476190476191,0.23076923076923078
MolecuLA continuous OLS,native_l2,cLogP,9,21,21,True,False,False,True,True,True,False,False,True,False,0.9188214264386282,0.1252856294372288,0.2510619227671198,0.003746869099968697,0.06586299792072495,0.0003517200122632964,0.8,0.8095238095238095,0.8095238095238095,0.0975609756097561,0.5238095238095238,0.36363636363636365
MolecuLA continuous OLS,native_l2,cLogP,10,21,21,True,False,False,False,True,True,False,False,True,True,0.8889650679243739,0.05284839480519476,0.4630433430726959,0.005728354556241025,0.6401851001975528,0.005484907667917504,0.9,0.8571428571428571,0.8571428571428571,0.1234567901234567,0.7142857142857143,0.26666666666666666
MolecuLA continuous OLS,native_l2,cLogP,11,21,21,True,False,False,False,True,True,False,False,False,False,0.9362816758985388,0.09471174891774854,0.4707416203823209,0.007919904391142315,0.22236689802590298,0.001669992964234129,0.9,0.8571428571428571,0.8571428571428571,0.108695652173913,0.5714285714285714,0.25
MolecuLA continuous OLS,native_l2,cLogP,12,21,21,True,False,False,False,True,True,False,False,False,False,0.9479851968472706,0.11825839653679614,0.4291291014534969,0.006856445746863361,0.3654099318437353,0.002911423123041557,0.85,0.8571428571428571,0.8571428571428571,0.0933333333333333,0.7142857142857143,0.2
MolecuLA continuous OLS,native_l2,cLogP,13,21,21,True,False,False,False,True,True,False,False,False,False,0.9486406020718225,0.04173723463203461,0.4366758326997279,0.008426309147680942,0.5885630788561549,0.003643624939703522,0.8,0.7619047619047619,0.7619047619047619,0.1052631578947368,0.5714285714285714,0.4166666666666667
MolecuLA continuous OLS,native_l2,cLogP,14,21,21,True,False,False,False,True,True,False,False,False,False,0.970760438847817,0.08556703982683984,0.6601690802338569,0.013157352807382533,0.4288499930653007,0.004679153670247429,0.9,0.9047619047619048,0.9047619047619048,0.0625,0.7619047619047619,0.1875
MolecuLA continuous OLS,native_l2,cLogP,15,21,21,True,False,False,False,True,True,False,False,True,True,0.9250863409096901,0.10162980952380929,0.48208724807969766,0.009024178804940153,0.3061905494560242,0.0025390064990771077,0.8,0.8095238095238095,0.8095238095238095,0.078125,0.7619047619047619,0.25
MolecuLA continuous OLS,native_l2,cLogP,16,21,21,True,False,False,False,True,True,False,False,True,False,0.9293429684454811,0.07227932207792191,0.5333790407546244,0.011703054996180242,0.5255639632344101,0.006798391757466121,0.9,0.8571428571428571,0.8571428571428571,0.0736842105263157,0.6190476190476191,0.23076923076923078
MolecuLA continuous OLS,native_l2,cLogP,17,21,21,True,False,False,False,True,True,False,False,False,False,0.9180761988671785,0.1276451238095236,0.23537081019116046,0.004282239768977896,0.4434334048352802,0.0026409758858342808,0.75,0.8571428571428571,0.8571428571428571,0.0849056603773584,0.7619047619047619,0.1875
MolecuLA continuous OLS,native_l2,cLogP,18,21,21,True,False,False,False,True,True,False,False,True,False,0.9340270932664281,0.08982324242424246,0.5011377097483758,0.011412980290838903,0.537536817071215,0.003444709905490448,0.95,0.9047619047619048,0.9047619047619048,0.109375,0.6666666666666666,0.14285714285714285
MolecuLA continuous OLS,native_l2,cLogP,19,21,21,True,False,False,True,True,True,False,False,True,False,0.9216272346193983,0.08953079220779206,0.3388622365820088,0.00634960757990158,0.46113882099163966,0.005316917424620457,0.9,0.8571428571428571,0.8571428571428571,0.0394736842105263,0.6666666666666666,0.21428571428571427
MolecuLA continuous OLS,native_l2,cLogP,20,21,21,True,False,False,False,True,True,False,False,True,False,0.9607015771382607,0.16278038961038885,0.31113999692307426,0.005732130063044959,0.49951285518547833,0.0035406486925291434,0.95,0.9047619047619048,0.9047619047619048,0.1008403361344537,0.6190476190476191,0.15384615384615385
MolecuLA continuous OLS,native_l2,cLogP,21,21,21,True,False,False,False,True,True,False,False,True,False,0.9451120992130961,0.09865625974025956,0.7424488861859581,0.014697909269177927,0.589152353255174,0.002913840991023844,0.9,0.9047619047619048,0.9047619047619048,0.0746268656716417,0.8095238095238095,0.11764705882352941
MolecuLA continuous OLS,native_l2,cLogP,22,21,21,True,False,False,False,True,True,False,False,False,False,0.910273851568024,0.0484671688311688,0.2340704189746347,0.004578606839895471,0.006501956082628742,2.8581246239987354e-05,0.9,0.8571428571428571,0.8571428571428571,0.073394495412844,0.6190476190476191,0.23076923076923078
MolecuLA continuous OLS,native_l2,cLogP,23,21,21,True,False,False,False,True,True,False,False,False,False,0.9778678991345114,0.07780877056277041,0.6471376110117872,0.011865400986394548,0.481772466950425,0.004173189740284327,0.9,0.8571428571428571,0.8571428571428571,0.0952380952380952,0.5238095238095238,0.2727272727272727
MolecuLA continuous OLS,native_l2,cLogP,24,21,21,True,False,False,False,True,True,False,False,False,False,0.8174027637913034,0.035433412987012976,0.20500776712450694,0.003942579597266011,0.3916174013019427,0.0034908497279072578,0.7,0.7142857142857143,0.7142857142857143,0.1052631578947368,0.5238095238095238,0.5454545454545454
MolecuLA continuous OLS,native_l2,cLogP,25,21,21,True,False,False,False,True,True,False,False,False,False,0.9398386408080667,0.05435055584415582,0.5300820015630272,0.008738016598537285,0.6614642890669924,0.004839441984498736,0.85,0.8571428571428571,0.8571428571428571,0.1176470588235294,0.9523809523809523,0.15
MolecuLA continuous OLS,native_l2,cLogP,26,21,21,True,False,False,False,True,True,False,False,False,False,0.970389761341577,0.10762832813852788,0.5642709075004341,0.013145723117672054,0.3612114805798627,0.004178057293176125,0.9,0.8571428571428571,0.8571428571428571,0.0576923076923076,0.6190476190476191,0.23076923076923078
MolecuLA continuous OLS,native_l2,cLogP,27,21,21,True,False,False,False,True,True,False,False,True,False,0.9181186621533934,0.1100686935064932,0.6362229535178099,0.013175163095915788,0.3530221721570617,0.0029862897983744248,0.85,0.8571428571428571,0.8571428571428571,0.1041666666666666,0.5238095238095238,0.2727272727272727
MolecuLA continuous OLS,native_l2,cLogP,28,21,21,True,False,False,False,True,True,False,False,True,True,0.9723590090021175,0.10650988917748888,0.648456141789372,0.015379525046517031,-0.03056914610240771,-0.00018668381189209822,0.9,0.8571428571428571,0.8571428571428571,0.1951219512195122,0.6666666666666666,0.2857142857142857
MolecuLA continuous OLS,native_l2,cLogP,29,21,21,True,False,False,False,True,True,False,False,False,False,0.9598809893586651,0.05908130389610384,0.6518838262197868,0.011788473268217872,0.19510837241212836,0.0018965510956084656,0.85,0.8095238095238095,0.8095238095238095,0.0769230769230769,0.6190476190476191,0.3076923076923077
MolecuLA continuous OLS,native_l2,cLogP,30,21,21,True,False,False,False,True,True,False,False,False,False,0.8775576948707167,0.08391826666666685,0.41896721923879515,0.010402820646070933,0.4098733571157826,0.003030554339197519,0.8,0.9047619047619048,0.9047619047619048,0.088235294117647,0.7142857142857143,0.2
MolecuLA continuous OLS,native_l2,cLogP,31,21,21,True,False,False,False,True,True,False,False,False,False,0.8887460000367466,0.02882416709956711,0.07547184187720545,0.002690148258516346,0.5933648257932014,0.0026760744810151818,0.85,0.8571428571428571,0.8571428571428571,0.0961538461538461,0.6190476190476191,0.3076923076923077
MolecuLA continuous OLS,native_l2,cLogP,32,21,21,True,False,False,False,True,True,False,False,False,False,0.9882503713936266,0.06581354372294365,0.3455603947654535,0.007926079377139059,0.3769749761077675,0.001959331627688895,0.85,0.8095238095238095,0.8095238095238095,0.1228070175438596,0.6666666666666666,0.5
MolecuLA continuous OLS,native_l2,cLogP,33,21,21,True,False,False,False,True,True,False,False,True,True,0.9804311221401193,0.07294581904761886,0.6396954059236464,0.012961660972321976,-0.09138505798909234,-0.0003409020718079319,0.85,0.8095238095238095,0.8095238095238095,0.1041666666666666,0.47619047619047616,0.4
MolecuLA continuous OLS,native_l2,cLogP,34,21,21,True,False,False,False,True,True,False,False,False,False,0.9232777637332814,0.04707439653679651,0.4499353609179089,0.0038503449742777283,0.39531892982382755,0.002803272861023109,0.95,1.0,1.0,0.08,0.6190476190476191,0.0
MolecuLA continuous OLS,native_l2,cLogP,35,21,21,True,False,False,False,True,True,False,False,False,False,0.9405269338597922,0.08463567445887422,0.45693879371349955,0.009366889905436946,0.39714026025454946,0.003282067457875589,0.9,0.9047619047619048,0.9047619047619048,0.0677966101694915,0.8571428571428571,0.1111111111111111
MolecuLA continuous OLS,native_l2,cLogP,36,21,21,True,False,False,False,True,True,False,False,True,False,0.9723590090021175,0.10461158268398241,0.6827053886760179,0.01094697356538157,0.5058521832285162,0.004642950714746002,0.85,0.8571428571428571,0.8571428571428571,0.1046511627906976,0.8095238095238095,0.17647058823529413
MolecuLA continuous OLS,native_l2,cLogP,37,21,21,True,False,False,False,True,True,False,False,True,False,0.9580500469967352,0.12125335064935013,0.6159357735953213,0.012633826512388951,0.37918749314263184,0.0036472297241090202,0.9,0.8571428571428571,0.8571428571428571,0.1,0.6666666666666666,0.21428571428571427
MolecuLA continuous OLS,native_l2,cLogP,38,21,21,True,False,False,False,True,True,False,False,False,False,0.96354493390085,0.0714730441558441,0.7812526491087973,0.01104420439753556,0.5364601523880409,0.002735967465593229,0.9,0.8571428571428571,0.8571428571428571,0.0925925925925925,0.7142857142857143,0.2
MolecuLA continuous OLS,native_l2,cLogP,39,21,21,True,False,False,True,True,True,False,False,False,False,0.8750512622229569,0.03563603809523809,0.03458442721686557,-0.001156300134327022,0.43915697201793436,0.003265957247927138,0.85,0.8095238095238095,0.8095238095238095,0.0754716981132075,0.5238095238095238,0.36363636363636365
MolecuLA continuous OLS,native_l2,cLogP,40,21,21,True,False,False,False,True,True,False,False,False,False,0.8551030426122211,0.0421965402597402,0.1853811176350159,0.0033796861480415385,0.18015911432135345,0.0017948539540921474,0.85,0.8095238095238095,0.8095238095238095,0.1,0.6190476190476191,0.3076923076923077
MolecuLA continuous OLS,native_l2,cLogP,41,21,21,True,False,False,False,True,True,False,False,False,False,0.9462756364059454,0.08393361385281366,0.6250021192870379,0.012098762354908435,0.5664081706038782,0.0037953712596590005,0.9,0.8571428571428571,0.8571428571428571,0.087378640776699,0.6666666666666666,0.21428571428571427
MolecuLA continuous OLS,native_l2,cLogP,42,21,21,True,False,False,False,True,True,False,False,True,False,0.9336808934654873,0.10675504848484824,0.6319901312315137,0.008400153951142561,0.05721721352713294,0.0004523139360718572,0.85,0.8571428571428571,0.8571428571428571,0.0784313725490196,0.6190476190476191,0.23076923076923078
MolecuLA continuous OLS,native_l2,cLogP,43,21,21,True,False,False,False,True,True,False,False,False,False,0.9160072012935604,0.08028094458874424,0.38248694700694713,0.007025185605285052,0.2896439615796198,0.0024056091594378036,0.8,0.7619047619047619,0.7619047619047619,0.119047619047619,0.5714285714285714,0.4166666666666667
MolecuLA continuous OLS,native_l2,cLogP,44,21,21,True,False,False,False,True,True,False,False,False,False,0.9635898914455797,0.12724521991341967,0.6072826981175246,0.012727718418776833,0.6072826981175246,0.004534520294182926,0.9,0.8571428571428571,0.8571428571428571,0.0744680851063829,0.7619047619047619,0.1875
MolecuLA continuous OLS,native_l2,cLogP,45,21,21,True,False,False,False,True,True,False,False,False,False,0.7748502036082959,0.07964635497835468,0.3538634655671192,0.008655523170559492,0.5637051523306779,0.006149938376083152,0.7,0.8095238095238095,0.8095238095238095,0.087719298245614,0.6666666666666666,0.2857142857142857
MolecuLA continuous OLS,native_l2,cLogP,46,21,21,True,False,False,False,True,True,False,False,False,False,0.9126340202023367,0.04530866666666665,0.15524521767142954,0.0020137805401329494,0.5527769047631236,0.004494181171089214,0.95,0.9047619047619048,0.9047619047619048,0.1,0.6666666666666666,0.21428571428571427
MolecuLA continuous OLS,native_l2,cLogP,47,21,21,True,False,False,False,True,True,False,False,True,False,0.9616636208130985,0.0965762199134197,0.5847954450890464,0.010549166492423826,0.636777262430295,0.0047833396865778165,1.0,0.9523809523809523,0.9523809523809523,0.0918367346938775,0.6190476190476191,0.15384615384615385
MolecuLA continuous OLS,native_l2,cLogP,48,21,21,True,False,False,False,True,True,False,False,True,False,0.9791945860438885,0.14553100606060546,0.5669705704052262,0.011897547026028427,-0.08842660272375091,-0.0004261896117856243,0.9,0.8571428571428571,0.8571428571428571,0.0833333333333333,0.6666666666666666,0.21428571428571427
MolecuLA continuous OLS,native_l2,cLogP,49,21,21,True,False,False,False,True,True,False,False,False,False,0.9045944851156837,0.08462985800865765,0.2902022770168812,0.006079918934602482,0.3202682786898013,0.0029400784219094575,0.75,0.7619047619047619,0.7619047619047619,0.0897435897435897,0.7142857142857143,0.3333333333333333
MolecuLA continuous OLS,train_std_unit,cLogP,0,21,21,True,True,True,True,False,False,False,False,False,False,,0.0,,0.0,,0.0,0.0,0.0,0.0,1.0,1.0,1.0
MolecuLA continuous OLS,train_std_unit,cLogP,1,21,21,True,True,True,True,False,False,False,False,False,False,,0.0,,0.0,,0.0,0.0,0.0,0.0,1.0,1.0,1.0
MolecuLA continuous OLS,train_std_unit,cLogP,2,21,21,True,True,True,True,False,False,False,False,False,False,,0.0,,0.0,,0.0,0.0,0.0,0.0,1.0,1.0,1.0
MolecuLA continuous OLS,train_std_unit,cLogP,3,21,21,True,True,True,True,True,True,True,True,True,True,0.3692744729379982,0.0003567965367965375,0.3692744729379982,0.0005000676574522544,0.3692744729379982,0.00033578050251901976,0.05,0.047619047619047616,0.047619047619047616,1.0,1.0,1.0
MolecuLA continuous OLS,train_std_unit,cLogP,4,21,21,True,True,True,True,False,False,False,False,False,False,,0.0,,0.0,,0.0,0.0,0.0,0.0,1.0,1.0,1.0
MolecuLA continuous OLS,train_std_unit,cLogP,5,21,21,True,True,True,False,True,True,False,False,False,False,0.8827348295047495,0.0028843463203463236,-0.8827348295047495,-0.00025389237308438487,-0.8827348295047495,-0.000547765970966532,0.5,0.47619047619047616,0.47619047619047616,1.0,1.0,0.5238095238095238
MolecuLA continuous OLS,train_std_unit,cLogP,6,21,21,True,True,True,True,True,True,True,True,True,True,0.7385489458759964,0.002818701298701302,0.7385489458759964,0.005449403058320916,0.7385489458759964,0.003141718576037657,0.5,0.7619047619047619,0.7619047619047619,0.392156862745098,1.0,0.23809523809523808
MolecuLA continuous OLS,train_std_unit,cLogP,7,21,21,True,True,True,True,False,False,False,False,False,False,,0.0,,0.0,,0.0,0.0,0.0,0.0,1.0,1.0,1.0
MolecuLA continuous OLS,train_std_unit,cLogP,8,21,21,True,True,True,True,False,False,False,False,False,False,,0.0,,0.0,,0.0,0.0,0.0,0.0,1.0,1.0,1.0
MolecuLA continuous OLS,train_std_unit,cLogP,9,21,21,True,True,True,True,False,False,False,False,False,False,,0.0,,0.0,,0.0,0.0,0.0,0.0,1.0,1.0,1.0
MolecuLA continuous OLS,train_std_unit,cLogP,10,21,21,True,True,True,True,False,False,False,False,False,False,,0.0,,0.0,,0.0,0.0,0.0,0.0,1.0,1.0,1.0
MolecuLA continuous OLS,train_std_unit,cLogP,11,21,21,True,True,True,True,False,False,False,False,False,False,,0.0,,0.0,,0.0,0.0,0.0,0.0,1.0,1.0,1.0
MolecuLA continuous OLS,train_std_unit,cLogP,12,21,21,True,True,True,True,False,False,False,False,False,False,,0.0,,0.0,,0.0,0.0,0.0,0.0,1.0,1.0,1.0
MolecuLA continuous OLS,train_std_unit,cLogP,13,21,21,True,True,True,True,False,False,False,False,False,False,,0.0,,0.0,,0.0,0.0,0.0,0.0,1.0,1.0,1.0
MolecuLA continuous OLS,train_std_unit,cLogP,14,21,21,True,True,True,True,False,False,False,False,False,False,,0.0,,0.0,,0.0,0.0,0.0,0.0,1.0,1.0,1.0
MolecuLA continuous OLS,train_std_unit,cLogP,15,21,21,True,True,True,True,False,False,False,False,False,False,,0.0,,0.0,,0.0,0.0,0.0,0.0,1.0,1.0,1.0
MolecuLA continuous OLS,train_std_unit,cLogP,16,21,21,True,True,True,True,False,False,False,False,False,False,,0.0,,0.0,,0.0,0.0,0.0,0.0,1.0,1.0,1.0
MolecuLA continuous OLS,train_std_unit,cLogP,17,21,21,True,True,True,True,False,False,False,False,False,False,,0.0,,0.0,,0.0,0.0,0.0,0.0,1.0,1.0,1.0
MolecuLA continuous OLS,train_std_unit,cLogP,18,21,21,True,True,True,True,False,False,False,False,False,False,,0.0,,0.0,,0.0,0.0,0.0,0.0,1.0,1.0,1.0
MolecuLA continuous OLS,train_std_unit,cLogP,19,21,21,True,True,True,True,False,False,False,False,False,False,,0.0,,0.0,,0.0,0.0,0.0,0.0,1.0,1.0,1.0
MolecuLA continuous OLS,train_std_unit,cLogP,20,21,21,True,True,True,False,True,True,False,False,False,False,0.6083829962530759,0.0011328744588744628,0.6083829962530759,0.0009436001139338112,0.6083829962530759,0.0006853943546368816,0.15,0.14285714285714285,0.14285714285714285,1.0,1.0,0.8571428571428571
MolecuLA continuous OLS,train_std_unit,cLogP,21,21,21,True,True,True,True,False,False,False,False,False,False,,0.0,,0.0,,0.0,0.0,0.0,0.0,1.0,1.0,1.0
MolecuLA continuous OLS,train_std_unit,cLogP,22,21,21,True,True,True,True,False,False,False,False,False,False,,0.0,,0.0,,0.0,0.0,0.0,0.0,1.0,1.0,1.0
MolecuLA continuous OLS,train_std_unit,cLogP,23,21,21,True,True,True,True,False,False,False,False,False,False,,0.0,,0.0,,0.0,0.0,0.0,0.0,1.0,1.0,1.0
MolecuLA continuous OLS,train_std_unit,cLogP,24,21,21,True,True,True,True,False,False,False,False,False,False,,0.0,,0.0,,0.0,0.0,0.0,0.0,1.0,1.0,1.0
MolecuLA continuous OLS,train_std_unit,cLogP,25,21,21,True,True,True,True,False,False,False,False,False,False,,0.0,,0.0,,0.0,0.0,0.0,0.0,1.0,1.0,1.0
MolecuLA continuous OLS,train_std_unit,cLogP,26,21,21,True,True,True,True,False,False,False,False,False,False,,0.0,,0.0,,0.0,0.0,0.0,0.0,1.0,1.0,1.0
MolecuLA continuous OLS,train_std_unit,cLogP,27,21,21,True,True,True,True,False,False,False,False,False,False,,0.0,,0.0,,0.0,0.0,0.0,0.0,1.0,1.0,1.0
MolecuLA continuous OLS,train_std_unit,cLogP,28,21,21,True,True,True,True,False,False,False,False,False,False,,0.0,,0.0,,0.0,0.0,0.0,0.0,1.0,1.0,1.0
MolecuLA continuous OLS,train_std_unit,cLogP,29,21,21,True,True,True,True,False,False,False,False,False,False,,0.0,,0.0,,0.0,0.0,0.0,0.0,1.0,1.0,1.0
MolecuLA continuous OLS,train_std_unit,cLogP,30,21,21,True,True,True,True,False,False,False,False,False,False,,0.0,,0.0,,0.0,0.5,0.0,0.0,1.0,1.0,1.0
MolecuLA continuous OLS,train_std_unit,cLogP,31,21,21,True,True,True,True,False,False,False,False,False,False,,0.0,,0.0,,0.0,0.0,0.0,0.0,1.0,1.0,1.0
MolecuLA continuous OLS,train_std_unit,cLogP,32,21,21,True,True,True,True,False,False,False,False,False,False,,0.0,,0.0,,0.0,0.0,0.0,0.0,1.0,1.0,1.0
MolecuLA continuous OLS,train_std_unit,cLogP,33,21,21,True,True,True,True,False,False,False,False,False,False,,0.0,,0.0,,0.0,0.0,0.0,0.0,1.0,1.0,1.0
MolecuLA continuous OLS,train_std_unit,cLogP,34,21,21,True,False,False,False,True,True,False,False,False,False,-0.6100413415450573,-0.0007039047619047657,-0.7815940247692017,-0.0005758768167069354,-0.22576333112297392,3.611121508600618e-05,0.55,1.0,1.0,0.3440860215053763,1.0,0.0
MolecuLA continuous OLS,train_std_unit,cLogP,35,21,21,True,True,True,True,False,False,False,False,False,False,,0.0,,0.0,,0.0,0.0,0.0,0.0,1.0,1.0,1.0
MolecuLA continuous OLS,train_std_unit,cLogP,36,21,21,True,True,True,True,False,False,False,False,False,False,,0.0,,0.0,,0.0,0.0,0.0,0.0,1.0,1.0,1.0
MolecuLA continuous OLS,train_std_unit,cLogP,37,21,21,True,True,True,True,False,False,False,False,False,False,,0.0,,0.0,,0.0,0.0,0.0,0.0,1.0,1.0,1.0
MolecuLA continuous OLS,train_std_unit,cLogP,38,21,21,True,True,True,True,False,False,False,False,False,False,,0.0,,0.0,,0.0,0.0,0.0,0.0,1.0,1.0,1.0
MolecuLA continuous OLS,train_std_unit,cLogP,39,21,21,True,True,True,True,False,False,False,False,False,False,,0.0,,0.0,,0.0,0.0,0.0,0.0,1.0,1.0,1.0
MolecuLA continuous OLS,train_std_unit,cLogP,40,21,21,True,True,True,True,False,False,False,False,False,False,,0.0,,0.0,,0.0,0.0,0.0,0.0,1.0,1.0,1.0
MolecuLA continuous OLS,train_std_unit,cLogP,41,21,21,True,True,True,True,False,False,False,False,False,False,,0.0,,0.0,,0.0,0.0,0.0,0.0,1.0,1.0,1.0
MolecuLA continuous OLS,train_std_unit,cLogP,42,21,21,True,True,True,True,False,False,False,False,False,False,,0.0,,0.0,,0.0,0.0,0.0,0.0,1.0,1.0,1.0
MolecuLA continuous OLS,train_std_unit,cLogP,43,21,21,True,True,True,True,False,False,False,False,False,False,,0.0,,0.0,,0.0,0.0,0.0,0.0,1.0,1.0,1.0
MolecuLA continuous OLS,train_std_unit,cLogP,44,21,21,True,True,True,True,False,False,False,False,False,False,,0.0,,0.0,,0.0,0.0,0.0,0.0,1.0,1.0,1.0
MolecuLA continuous OLS,train_std_unit,cLogP,45,21,21,True,True,True,True,False,False,False,False,False,False,,0.0,,0.0,,0.0,0.0,0.0,0.0,1.0,1.0,1.0
MolecuLA continuous OLS,train_std_unit,cLogP,46,21,21,True,True,True,True,False,False,False,False,False,False,,0.0,,0.0,,0.0,0.0,0.0,0.0,1.0,1.0,1.0
MolecuLA continuous OLS,train_std_unit,cLogP,47,21,21,True,True,True,True,False,False,False,False,False,False,,0.0,,0.0,,0.0,0.0,0.0,0.0,1.0,1.0,1.0
MolecuLA continuous OLS,train_std_unit,cLogP,48,21,21,True,True,True,True,False,False,False,False,False,False,,0.0,,0.0,,0.0,0.0,0.0,0.0,1.0,1.0,1.0
MolecuLA continuous OLS,train_std_unit,cLogP,49,21,21,True,True,True,True,False,False,False,False,False,False,,0.0,,0.0,,0.0,0.0,0.0,0.0,1.0,1.0,1.0
MolecuLA continuous OLS,native_l2,BertzCT,0,21,21,True,False,False,False,True,True,False,False,False,False,0.741192302110683,6.6815031240490494,0.44422822953073327,0.009528022827472372,0.1125204739514156,0.00025286491514199793,0.8,0.9523809523809523,0.9523809523809523,0.0594059405940594,0.6190476190476191,0.07692307692307693
MolecuLA continuous OLS,native_l2,BertzCT,1,21,21,True,False,False,False,True,True,False,False,False,False,0.8936236002863123,11.938364517265963,0.8100877390454829,0.017603838751109095,-0.16541743178249166,-0.0008948049632352511,0.85,0.9047619047619048,0.9047619047619048,0.0666666666666666,0.47619047619047616,0.3
MolecuLA continuous OLS,native_l2,BertzCT,2,21,21,True,False,False,False,True,True,False,False,False,False,0.9823426030490593,18.587367616024128,0.6610155833601147,0.02199105037846724,0.21509237236321194,0.00018516320585361057,0.85,0.8095238095238095,0.8095238095238095,0.0454545454545454,0.6190476190476191,0.3076923076923077
MolecuLA continuous OLS,native_l2,BertzCT,3,21,21,True,False,False,False,True,True,False,False,False,False,0.8297024542766084,5.027183804512306,0.8673890841065112,0.01578416281147602,0.11534775949425431,-0.00023627592497648344,0.75,0.9047619047619048,0.9047619047619048,0.0843373493975903,0.7142857142857143,0.13333333333333333
MolecuLA continuous OLS,native_l2,BertzCT,4,21,21,True,False,False,False,True,True,False,False,False,False,0.924993335339575,13.33439733389092,0.6758061321662903,0.01856138408249919,0.0013046450427920662,1.411457311352996e-05,0.75,0.8571428571428571,0.8571428571428571,0.1,0.6190476190476191,0.23076923076923078
MolecuLA continuous OLS,native_l2,BertzCT,5,21,21,True,False,False,False,True,True,False,False,False,False,0.912930667055678,18.371718935550668,0.8804420312173976,0.02110334318319709,-0.08382068046276331,-0.0007951013155315075,0.8,0.9523809523809523,0.9523809523809523,0.0597014925373134,0.8095238095238095,0.058823529411764705
MolecuLA continuous OLS,native_l2,BertzCT,6,21,21,True,False,False,False,True,True,False,False,False,False,0.988930327817542,10.606967702109882,0.8966863491365378,0.020986999465228716,0.127355452486059,0.0005659610657003683,0.9,0.9523809523809523,0.9523809523809523,0.0864197530864197,0.6666666666666666,0.07142857142857142
MolecuLA continuous OLS,native_l2,BertzCT,7,21,21,True,False,False,False,True,True,False,False,True,False,0.9398997243886335,9.375072361499683,0.7343158388765888,0.019699580939554418,-0.08377221691283722,-0.0006313397034003145,0.9,0.8571428571428571,0.8571428571428571,0.0886075949367088,0.5714285714285714,0.25
MolecuLA continuous OLS,native_l2,BertzCT,8,21,21,True,False,False,False,True,True,False,False,False,False,0.9902332663258655,15.158494436704466,0.8972699394027663,0.02364174737981523,0.46684044673274366,0.0023308303210548688,1.0,0.9523809523809523,0.9523809523809523,0.1063829787234042,0.6190476190476191,0.07692307692307693
MolecuLA continuous OLS,native_l2,BertzCT,9,21,21,True,False,False,False,True,True,False,False,False,False,0.986272868702649,9.930684222106443,0.9424374402694186,0.022308245110662848,-0.5000154196984972,-0.002048440574206101,0.9,0.8095238095238095,0.8095238095238095,0.125,0.6190476190476191,0.3076923076923077
MolecuLA continuous OLS,native_l2,BertzCT,10,21,21,True,False,False,False,True,True,False,False,False,False,0.964132686623337,10.797729351204966,0.8584564381571794,0.018202867485034854,-0.14742488983550348,-0.00012380349565394646,0.8,0.8571428571428571,0.8571428571428571,0.0761904761904762,0.6190476190476191,0.23076923076923078
MolecuLA continuous OLS,native_l2,BertzCT,11,21,21,True,False,False,False,True,True,False,False,False,False,0.953641559231072,5.80253435953583,0.7469911596404814,0.017627365915556734,0.4018252358310174,0.0020151939349231465,0.9,0.8571428571428571,0.8571428571428571,0.1081081081081081,0.5714285714285714,0.25
MolecuLA continuous OLS,native_l2,BertzCT,12,21,21,True,False,False,False,True,True,False,False,False,False,0.9433274800262192,8.540333805981922,0.7927227144540407,0.017376856630939883,0.5068227190771736,0.002714826073483613,1.0,0.9523809523809523,0.9523809523809523,0.0945945945945946,0.6666666666666666,0.14285714285714285
MolecuLA continuous OLS,native_l2,BertzCT,13,21,21,True,False,False,False,True,True,False,False,False,False,0.903489588370246,4.384199114358256,-0.03485982182826982,0.0008321154249852788,0.6162953406243173,0.003430796234800586,0.9,0.8571428571428571,0.8571428571428571,0.081967213114754,0.6190476190476191,0.23076923076923078
MolecuLA continuous OLS,native_l2,BertzCT,14,21,21,True,False,False,False,True,True,False,False,False,False,0.975433896370684,13.726654797938995,0.2196125339587209,0.003958904579517664,0.4460064751755518,0.0021562120005780183,1.0,0.9523809523809523,0.9523809523809523,0.0576923076923076,0.6666666666666666,0.07142857142857142
MolecuLA continuous OLS,native_l2,BertzCT,15,21,21,True,False,False,False,True,True,False,False,False,False,0.8881019894746044,10.075807730935706,0.8513832393202486,0.01593677336779427,0.06829277320750658,0.00025503808880481525,0.8,0.8571428571428571,0.8571428571428571,0.0555555555555555,0.5714285714285714,0.25
MolecuLA continuous OLS,native_l2,BertzCT,16,21,21,True,False,False,False,True,True,False,False,False,False,0.8767574056053523,8.561165583621746,0.5056960728118077,0.012158787976628864,0.448422901116262,0.0015504893198949475,0.8,0.8571428571428571,0.8571428571428571,0.0571428571428571,0.5714285714285714,0.25
MolecuLA continuous OLS,native_l2,BertzCT,17,21,21,True,False,False,False,True,True,False,False,False,False,0.7918155662823122,4.885823244162,0.7229620387795025,0.014200265666083777,-0.08769081332905015,-0.0002335772627801401,0.85,0.9523809523809523,0.9523809523809523,0.0789473684210526,0.7619047619047619,0.0625
MolecuLA continuous OLS,native_l2,BertzCT,18,21,21,True,False,False,False,True,True,False,False,True,True,0.9859436218534656,18.837701689145895,0.16209496554096067,0.0028170831973585646,0.30806632821404095,0.0014969702333113943,1.0,0.9523809523809523,0.9523809523809523,0.059322033898305,0.6666666666666666,0.14285714285714285
MolecuLA continuous OLS,native_l2,BertzCT,19,21,21,True,False,False,False,True,True,False,False,False,False,0.9439047199223387,17.789355880447914,0.5586999255737919,0.012906213226388177,0.24520357618314267,0.0008300909987031145,0.95,0.9523809523809523,0.9523809523809523,0.0445859872611464,0.5714285714285714,0.08333333333333333
MolecuLA continuous OLS,native_l2,BertzCT,20,21,21,True,False,False,False,True,True,False,False,False,False,0.9668618025472235,19.439397452450812,0.8914881674024131,0.026216184427533738,0.32098772208220994,0.001352735482714081,0.8,0.9047619047619048,0.9047619047619048,0.0884955752212389,0.5238095238095238,0.18181818181818182
MolecuLA continuous OLS,native_l2,BertzCT,21,21,21,True,False,False,False,True,True,False,False,False,False,0.9489443439024009,16.96493230407018,0.8901886219688817,0.021275729636943307,0.3027940860127729,0.0014784569339249983,0.95,0.9523809523809523,0.9523809523809523,0.0879120879120879,0.7142857142857143,0.06666666666666667
MolecuLA continuous OLS,native_l2,BertzCT,22,21,21,True,False,False,False,True,True,False,False,False,False,0.8911618953341349,6.6305393661477865,0.8584707032822592,0.017848588788617205,-0.12357270595609061,-0.0007666066799205057,0.9,0.9047619047619048,0.9047619047619048,0.0833333333333333,0.5714285714285714,0.16666666666666666
MolecuLA continuous OLS,native_l2,BertzCT,23,21,21,True,False,False,False,True,True,False,False,False,False,0.9672161320745969,8.31529797834749,0.8305148274589829,0.017708911609128023,0.42894721857771645,0.002070091587087747,0.95,0.9047619047619048,0.9047619047619048,0.0888888888888888,0.5714285714285714,0.25
MolecuLA continuous OLS,native_l2,BertzCT,24,21,21,True,False,False,False,True,True,False,False,False,False,0.8864236356470976,5.979696927055508,0.6544776648785541,0.015698994612653484,0.3497957549550713,0.0036709992249122584,0.75,0.8095238095238095,0.8095238095238095,0.0694444444444444,0.5714285714285714,0.3333333333333333
MolecuLA continuous OLS,native_l2,BertzCT,25,21,21,True,False,False,False,True,True,False,False,False,False,0.9729616097453203,16.680636868409817,0.7546314928895775,0.01676222465132504,-0.24764392660717402,-0.001098970782203926,0.9,0.9047619047619048,0.9047619047619048,0.1192660550458715,0.7142857142857143,0.13333333333333333
MolecuLA continuous OLS,native_l2,BertzCT,26,21,21,True,False,False,False,True,True,False,False,False,False,0.9604821661689961,6.504201260040077,0.77083594712068,0.016382771234801932,0.4986996076811157,0.002517817133934234,1.0,0.9523809523809523,0.9523809523809523,0.0606060606060606,0.6190476190476191,0.07692307692307693
MolecuLA continuous OLS,native_l2,BertzCT,27,21,21,True,False,False,False,True,True,False,False,False,False,0.8872389522879099,11.11374023137531,0.8379976925675915,0.019759952103127216,0.5074830746915537,0.002736254432639039,0.9,0.9047619047619048,0.9047619047619048,0.0833333333333333,0.6190476190476191,0.15384615384615385
MolecuLA continuous OLS,native_l2,BertzCT,28,21,21,True,False,False,False,True,True,False,False,True,False,0.9885925893122893,15.781601410053973,0.8069067539621241,0.022825067421176206,0.7626213146809099,0.0034730162044618183,0.9,0.8571428571428571,0.8571428571428571,0.1891891891891892,0.5714285714285714,0.25
MolecuLA continuous OLS,native_l2,BertzCT,29,21,21,True,False,False,False,True,True,False,False,False,False,0.9483744324878614,5.3262905257945405,0.6046194125575651,0.012685630791294391,-0.01573846627047892,-0.0011029866387043707,0.85,0.8095238095238095,0.8095238095238095,0.0845070422535211,0.6190476190476191,0.3076923076923077
MolecuLA continuous OLS,native_l2,BertzCT,30,21,21,True,False,False,True,True,True,False,False,False,False,0.9764151985481323,19.99031939457702,0.20991034100611658,0.003702286415352907,0.36664850658806053,0.0008063733304789416,0.95,0.9047619047619048,0.9047619047619048,0.0909090909090909,0.6666666666666666,0.2857142857142857
MolecuLA continuous OLS,native_l2,BertzCT,31,21,21,True,False,False,False,True,True,False,False,False,False,0.9473907456633613,10.723989732241025,0.9106276671303171,0.020457897526260392,0.42833949510269737,0.0023467936680827517,0.9,0.9047619047619048,0.9047619047619048,0.09,0.6666666666666666,0.14285714285714285
MolecuLA continuous OLS,native_l2,BertzCT,32,21,21,True,False,False,False,True,True,False,False,False,False,0.966268376757253,5.75080250401265,0.6662464940172294,0.012414256195018195,-0.39556342382769744,-0.0012510102072189801,0.8,0.8095238095238095,0.8095238095238095,0.109375,0.6190476190476191,0.3076923076923077
MolecuLA continuous OLS,native_l2,BertzCT,33,21,21,True,False,False,False,True,True,False,False,True,False,0.9856116390497339,16.28724389790187,0.6156994255628425,0.022088219770608812,0.14902279090056061,-6.71532733815906e-05,0.8,0.8095238095238095,0.8095238095238095,0.1071428571428571,0.6190476190476191,0.38461538461538464
MolecuLA continuous OLS,native_l2,BertzCT,34,21,21,True,False,False,False,True,True,False,False,False,False,0.8536125564042547,10.536829680767502,0.879792258500632,0.016452269928854873,0.1910331787290885,0.00125492717803396,0.7,1.0,1.0,0.0762711864406779,0.6666666666666666,0.0
MolecuLA continuous OLS,native_l2,BertzCT,35,21,21,True,False,False,False,True,True,False,False,False,False,0.9725697932457641,15.633556903102171,0.8904076811531096,0.025076907561491685,0.30764268311572013,0.0011209329459696826,0.95,0.9523809523809523,0.9523809523809523,0.0700636942675159,0.6666666666666666,0.14285714285714285
MolecuLA continuous OLS,native_l2,BertzCT,36,21,21,True,False,False,True,True,True,False,False,False,False,0.947673203826471,15.136191884950575,0.6427901260376243,0.012845091203979826,0.14913772934408911,0.0005500484290496393,0.75,0.8571428571428571,0.8571428571428571,0.065040650406504,0.5714285714285714,0.25
MolecuLA continuous OLS,native_l2,BertzCT,37,21,21,True,False,False,False,True,True,False,False,False,False,0.9255099645403237,7.715118374060458,0.8175620563984358,0.021542623699329567,0.560000740301554,0.0029714764624973033,0.95,0.9523809523809523,0.9523809523809523,0.0934579439252336,0.6190476190476191,0.07692307692307693
MolecuLA continuous OLS,native_l2,BertzCT,38,21,21,True,False,False,False,True,True,False,False,False,False,0.9698207983706995,8.68314281115123,0.9028125536625558,0.01937921376416851,0.2258668100171006,0.000530049627549732,0.8,0.7619047619047619,0.7619047619047619,0.0816326530612244,0.6666666666666666,0.35714285714285715
MolecuLA continuous OLS,native_l2,BertzCT,39,21,21,True,False,False,False,True,True,False,False,False,False,0.9806791386028357,15.340144594046144,0.7267943984950593,0.019428781603516524,0.4268683842744739,0.0014782341107285773,0.9,0.8571428571428571,0.8571428571428571,0.0761904761904762,0.6190476190476191,0.23076923076923078
MolecuLA continuous OLS,native_l2,BertzCT,40,21,21,True,False,False,False,True,True,False,False,False,False,0.9500060410275114,11.912137936409877,0.7703332826087175,0.01866602682403094,0.30318860616187704,0.0009066194182134718,0.9,0.9047619047619048,0.9047619047619048,0.0675675675675675,0.6666666666666666,0.14285714285714285
MolecuLA continuous OLS,native_l2,BertzCT,41,21,21,True,False,False,False,True,True,False,False,False,False,0.9853125284435373,11.148949431245885,0.8484076017920336,0.01958602790058248,0.3461294817127008,0.0014628159876916252,0.95,0.9047619047619048,0.9047619047619048,0.08,0.6666666666666666,0.14285714285714285
MolecuLA continuous OLS,native_l2,BertzCT,42,21,21,True,False,False,False,True,True,False,False,False,False,0.9863244508008949,14.115656467599146,0.9002923501782483,0.02322373541890824,0.22994479939617596,0.001267321728130341,1.0,0.9523809523809523,0.9523809523809523,0.0619469026548672,0.6666666666666666,0.07142857142857142
MolecuLA continuous OLS,native_l2,BertzCT,43,21,21,True,False,False,False,True,True,False,False,False,False,0.9687551793809964,7.67997653874164,0.8642750986013397,0.02021565517610462,0.34980989071163626,0.000983904417263363,0.8,0.7619047619047619,0.7619047619047619,0.1025641025641025,0.6190476190476191,0.38461538461538464
MolecuLA continuous OLS,native_l2,BertzCT,44,21,21,True,False,False,False,True,True,False,False,False,False,0.8943101253363956,15.916190647348193,0.8852044222420613,0.021021466655143033,0.18406528397832725,0.00016410707951043416,0.95,0.9523809523809523,0.9523809523809523,0.06,0.6666666666666666,0.21428571428571427
MolecuLA continuous OLS,native_l2,BertzCT,45,21,21,True,False,False,False,True,True,False,False,False,False,0.9345837949338403,9.711115703979024,0.8108142927222312,0.020353007011798943,0.18170055234498195,0.0013196366247920316,0.8,0.8571428571428571,0.8571428571428571,0.074074074074074,0.6190476190476191,0.23076923076923078
MolecuLA continuous OLS,native_l2,BertzCT,46,21,21,True,False,False,False,True,True,False,False,False,False,0.9503470963570839,11.775607020512272,0.864391386597869,0.0208496620515728,0.32715490403215053,0.002343333730724967,0.9,0.9523809523809523,0.9523809523809523,0.0816326530612244,0.5238095238095238,0.18181818181818182
MolecuLA continuous OLS,native_l2,BertzCT,47,21,21,True,False,False,False,True,True,False,False,False,False,0.9081481403014846,10.01865887094531,0.8075429454624897,0.01514355558559861,0.25617706965557246,0.0008428406944206043,0.95,0.9523809523809523,0.9523809523809523,0.072072072072072,0.6666666666666666,0.14285714285714285
MolecuLA continuous OLS,native_l2,BertzCT,48,21,21,True,False,False,False,True,True,False,False,False,False,0.9801638973686898,13.934027843974322,0.8875895311018193,0.022790448360101242,-0.020792726936499428,0.0002171252594585385,0.95,0.9047619047619048,0.9047619047619048,0.128440366972477,0.6190476190476191,0.15384615384615385
MolecuLA continuous OLS,native_l2,BertzCT,49,21,21,True,False,False,False,True,True,False,False,False,False,0.8282881486847302,5.640548989660613,0.8734970896922032,0.017715843331055477,0.41691112024773064,0.0022030931961356187,0.75,0.9047619047619048,0.9047619047619048,0.086021505376344,0.6190476190476191,0.15384615384615385
MolecuLA continuous OLS,train_std_unit,BertzCT,0,21,21,True,True,True,True,True,True,True,True,True,True,0.3692744729379982,0.08285997215611467,0.3692744729379982,0.0027034138181670064,0.3692744729379982,0.0015218055740897612,0.05,0.047619047619047616,0.047619047619047616,1.0,1.0,0.9523809523809523
MolecuLA continuous OLS,train_std_unit,BertzCT,1,21,21,True,True,True,True,False,False,False,False,False,False,,0.0,,0.0,,0.0,0.0,0.0,0.0,1.0,1.0,1.0
MolecuLA continuous OLS,train_std_unit,BertzCT,2,21,21,True,True,True,True,False,False,False,False,False,False,,0.0,,0.0,,0.0,0.0,0.0,0.0,1.0,1.0,1.0
MolecuLA continuous OLS,train_std_unit,BertzCT,3,21,21,True,True,True,True,True,True,True,True,True,True,0.6067798762169179,0.1649454776661511,0.6067798762169179,0.0013501826751210915,0.6067798762169179,0.0009066073568013534,0.15,0.14285714285714285,0.14285714285714285,1.0,1.0,1.0
MolecuLA continuous OLS,train_std_unit,BertzCT,4,21,21,True,True,True,True,False,False,False,False,False,False,,0.0,,0.0,,0.0,0.0,0.0,0.0,1.0,1.0,1.0
MolecuLA continuous OLS,train_std_unit,BertzCT,5,21,21,True,False,False,False,True,True,False,False,False,False,0.09397429877987296,0.06250010431849622,0.2432275968420241,0.0001880009801386941,-0.5873393673742059,-0.00031888372542147376,0.2,0.5714285714285714,0.5714285714285714,0.5853658536585366,1.0,0.42857142857142855
MolecuLA continuous OLS,train_std_unit,BertzCT,6,21,21,True,False,False,False,True,True,False,False,False,False,0.5780059766913394,0.6000029758645029,-0.4802196771868237,-0.00391163588486244,-0.4802196771868237,-0.0022846834765239926,0.45,0.7619047619047619,0.7619047619047619,0.392156862745098,1.0,0.2857142857142857
MolecuLA continuous OLS,train_std_unit,BertzCT,7,21,21,True,True,True,True,False,False,False,False,False,False,,0.0,,0.0,,0.0,0.0,0.0,0.0,1.0,1.0,1.0
MolecuLA continuous OLS,train_std_unit,BertzCT,8,21,21,True,True,True,True,True,True,True,True,True,True,0.3692744729379982,0.11961188256257169,-0.3692744729379982,-0.0006620103276238827,-0.3692744729379982,-0.0007020280006768037,0.05,0.047619047619047616,0.047619047619047616,1.0,1.0,0.9523809523809523
MolecuLA continuous OLS,train_std_unit,BertzCT,9,21,21,True,True,True,True,False,False,False,False,False,False,,0.0,,0.0,,0.0,0.5,0.0,0.0,1.0,1.0,1.0
MolecuLA continuous OLS,train_std_unit,BertzCT,10,21,21,True,True,True,True,False,False,False,False,False,False,,0.0,,0.0,,0.0,0.0,0.0,0.0,1.0,1.0,1.0
MolecuLA continuous OLS,train_std_unit,BertzCT,11,21,21,True,True,True,True,False,False,False,False,False,False,,0.0,,0.0,,0.0,0.0,0.0,0.0,1.0,1.0,1.0
MolecuLA continuous OLS,train_std_unit,BertzCT,12,21,21,True,True,True,True,False,False,False,False,False,False,,0.0,,0.0,,0.0,0.0,0.0,0.0,1.0,1.0,1.0
MolecuLA continuous OLS,train_std_unit,BertzCT,13,21,21,True,True,True,True,False,False,False,False,False,False,,0.0,,0.0,,0.0,0.0,0.0,0.0,1.0,1.0,1.0
MolecuLA continuous OLS,train_std_unit,BertzCT,14,21,21,True,True,True,True,False,False,False,False,False,False,,0.0,,0.0,,0.0,0.0,0.0,0.0,1.0,1.0,1.0
MolecuLA continuous OLS,train_std_unit,BertzCT,15,21,21,True,True,True,True,False,False,False,False,False,False,,0.0,,0.0,,0.0,0.0,0.0,0.0,1.0,1.0,1.0
MolecuLA continuous OLS,train_std_unit,BertzCT,16,21,21,True,True,True,True,False,False,False,False,False,False,,0.0,,0.0,,0.0,0.5,0.0,0.0,1.0,1.0,1.0
MolecuLA continuous OLS,train_std_unit,BertzCT,17,21,21,True,False,False,False,True,True,False,False,False,True,-0.5511070751355518,-0.023324804954495237,0.8660254037844386,0.010523381308529391,0.8660254037844386,0.005303695702182178,0.05,0.38095238095238093,0.38095238095238093,1.0,1.0,0.6190476190476191
MolecuLA continuous OLS,train_std_unit,BertzCT,18,21,21,True,True,True,True,True,True,True,True,True,True,0.6083829962530759,0.31606751292340973,0.16010078848765155,0.00011418652377399483,0.16010078848765155,-0.0003027988256070894,0.15,0.14285714285714285,0.14285714285714285,1.0,1.0,0.9523809523809523
MolecuLA continuous OLS,train_std_unit,BertzCT,19,21,21,True,True,True,True,True,True,True,True,True,True,0.3692744729379982,0.10268563189958144,0.3692744729379982,0.001986974460775364,0.3692744729379982,0.0008550988323794281,0.05,0.047619047619047616,0.047619047619047616,1.0,1.0,0.9523809523809523
MolecuLA continuous OLS,train_std_unit,BertzCT,20,21,21,True,True,True,True,False,False,False,False,False,False,,0.0,,0.0,,0.0,0.0,0.0,0.0,1.0,1.0,1.0
MolecuLA continuous OLS,train_std_unit,BertzCT,21,21,21,True,True,True,True,True,True,True,True,True,True,0.5096471914376255,0.08366759861028078,0.5096471914376255,0.0022381603354002196,0.5096471914376255,0.0004316084186470576,0.1,0.09523809523809523,0.09523809523809523,1.0,1.0,0.9523809523809523
MolecuLA continuous OLS,train_std_unit,BertzCT,22,21,21,True,True,True,True,False,False,False,False,False,False,,0.0,,0.0,,0.0,0.0,0.0,0.0,1.0,1.0,1.0
MolecuLA continuous OLS,train_std_unit,BertzCT,23,21,21,True,True,True,True,False,False,False,False,False,False,,0.0,,0.0,,0.0,0.0,0.0,0.0,1.0,1.0,1.0
MolecuLA continuous OLS,train_std_unit,BertzCT,24,21,21,True,True,True,True,False,False,False,False,False,False,,0.0,,0.0,,0.0,0.0,0.0,0.0,1.0,1.0,1.0
MolecuLA continuous OLS,train_std_unit,BertzCT,25,21,21,True,True,True,True,False,False,False,False,False,False,,0.0,,0.0,,0.0,0.5,0.0,0.0,1.0,1.0,1.0
MolecuLA continuous OLS,train_std_unit,BertzCT,26,21,21,True,True,True,True,False,False,False,False,False,False,,0.0,,0.0,,0.0,0.0,0.0,0.0,1.0,1.0,1.0
MolecuLA continuous OLS,train_std_unit,BertzCT,27,21,21,True,True,True,True,False,False,False,False,False,False,,0.0,,0.0,,0.0,0.0,0.0,0.0,1.0,1.0,1.0
MolecuLA continuous OLS,train_std_unit,BertzCT,28,21,21,True,True,True,True,False,False,False,False,False,False,,0.0,,0.0,,0.0,0.0,0.0,0.0,1.0,1.0,1.0
MolecuLA continuous OLS,train_std_unit,BertzCT,29,21,21,True,True,True,True,False,False,False,False,False,False,,0.0,,0.0,,0.0,0.0,0.0,0.0,1.0,1.0,1.0
MolecuLA continuous OLS,train_std_unit,BertzCT,30,21,21,True,True,True,True,True,True,True,True,True,True,0.5090097337879789,0.14718102885502507,0.5090097337879789,0.0006071543210921723,0.5090097337879789,0.0007274827996149489,0.1,0.09523809523809523,0.09523809523809523,1.0,1.0,1.0
MolecuLA continuous OLS,train_std_unit,BertzCT,31,21,21,True,True,True,True,False,False,False,False,False,False,,0.0,,0.0,,0.0,0.0,0.0,0.0,1.0,1.0,1.0
MolecuLA continuous OLS,train_std_unit,BertzCT,32,21,21,True,True,True,True,False,False,False,False,False,False,,0.0,,0.0,,0.0,0.0,0.0,0.0,1.0,1.0,1.0
MolecuLA continuous OLS,train_std_unit,BertzCT,33,21,21,True,True,True,True,False,False,False,False,False,False,,0.0,,0.0,,0.0,0.0,0.0,0.0,1.0,1.0,1.0
MolecuLA continuous OLS,train_std_unit,BertzCT,34,21,21,True,False,False,False,True,True,False,False,False,False,0.3795182352787424,0.11826116338362763,-0.25440233353849767,0.0007596847609904227,-0.25440233353849767,-0.00034365662427027677,0.4,0.9047619047619048,0.9047619047619048,0.3229166666666667,1.0,0.09523809523809523
MolecuLA continuous OLS,train_std_unit,BertzCT,35,21,21,True,True,True,True,True,True,True,True,True,True,0.7451139545028029,0.531565278234732,-0.243142448311441,-0.0007206449824184925,-0.243142448311441,-0.00037430906338527145,0.25,0.23809523809523808,0.23809523809523808,1.0,1.0,0.7619047619047619
MolecuLA continuous OLS,train_std_unit,BertzCT,36,21,21,True,True,True,True,False,False,False,False,False,False,,0.0,,0.0,,0.0,0.0,0.0,0.0,1.0,1.0,1.0
MolecuLA continuous OLS,train_std_unit,BertzCT,37,21,21,True,True,True,True,False,False,False,False,False,False,,0.0,,0.0,,0.0,0.0,0.0,0.0,1.0,1.0,1.0
MolecuLA continuous OLS,train_std_unit,BertzCT,38,21,21,True,True,True,True,False,False,False,False,False,False,,0.0,,0.0,,0.0,0.0,0.0,0.0,1.0,1.0,1.0
MolecuLA continuous OLS,train_std_unit,BertzCT,39,21,21,True,True,True,True,False,False,False,False,False,False,,0.0,,0.0,,0.0,0.0,0.0,0.0,1.0,1.0,1.0
MolecuLA continuous OLS,train_std_unit,BertzCT,40,21,21,True,True,True,True,False,False,False,False,False,False,,0.0,,0.0,,0.0,0.0,0.0,0.0,1.0,1.0,1.0
MolecuLA continuous OLS,train_std_unit,BertzCT,41,21,21,True,True,True,True,False,False,False,False,False,False,,0.0,,0.0,,0.0,0.0,0.0,0.0,1.0,1.0,1.0
MolecuLA continuous OLS,train_std_unit,BertzCT,42,21,21,True,True,True,True,False,False,False,False,False,False,,0.0,,0.0,,0.0,0.0,0.0,0.0,1.0,1.0,1.0
MolecuLA continuous OLS,train_std_unit,BertzCT,43,21,21,True,True,True,True,False,False,False,False,False,False,,0.0,,0.0,,0.0,0.0,0.0,0.0,1.0,1.0,1.0
MolecuLA continuous OLS,train_std_unit,BertzCT,44,21,21,True,True,True,True,False,False,False,False,False,False,,0.0,,0.0,,0.0,0.0,0.0,0.0,1.0,1.0,1.0
MolecuLA continuous OLS,train_std_unit,BertzCT,45,21,21,True,True,True,True,False,False,False,False,False,False,,0.0,,0.0,,0.0,0.0,0.0,0.0,1.0,1.0,1.0
MolecuLA continuous OLS,train_std_unit,BertzCT,46,21,21,True,True,True,True,True,True,True,True,True,True,0.3692744729379982,0.15037807813065202,0.3692744729379982,0.00046745224948275144,0.3692744729379982,0.00017931731410906525,0.05,0.047619047619047616,0.047619047619047616,1.0,1.0,1.0
MolecuLA continuous OLS,train_std_unit,BertzCT,47,21,21,True,True,True,True,True,True,True,True,True,True,0.796502093164597,0.4946219166675988,0.1459302709073315,-0.0003880100083802276,-0.2698487132420487,-0.0012545911448198328,0.3,0.2857142857142857,0.2857142857142857,1.0,1.0,0.9047619047619048
MolecuLA continuous OLS,train_std_unit,BertzCT,48,21,21,True,True,True,True,True,True,True,True,True,True,0.3692744729379982,0.18705038414300088,0.3692744729379982,0.002648008735878835,0.3692744729379982,0.0010335985257164226,0.05,0.047619047619047616,0.047619047619047616,1.0,1.0,0.9523809523809523
MolecuLA continuous OLS,train_std_unit,BertzCT,49,21,21,True,True,True,True,False,False,False,False,False,False,,0.0,,0.0,,0.0,0.0,0.0,0.0,1.0,1.0,1.0
MolecuLA continuous OLS,native_l2,HeavyAtomCount,0,21,19,False,False,False,False,True,True,False,False,False,False,0.9850518017842499,0.408187134502924,0.45450659221625667,0.013190884290355592,0.44923185420214157,0.003721123545127304,1.0,0.8571428571428571,0.9473684210526315,0.0727272727272727,0.7368421052631579,0.07142857142857142
MolecuLA continuous OLS,native_l2,HeavyAtomCount,1,21,21,True,False,False,True,True,True,False,False,False,False,0.9856324896151003,0.3228571428571429,0.6086575135073329,0.015087073956366116,-0.10078844847325728,-0.0005050062288170501,0.9,0.8571428571428571,0.8571428571428571,0.0704225352112676,0.5714285714285714,0.25
MolecuLA continuous OLS,native_l2,HeavyAtomCount,2,21,21,True,False,False,False,True,True,False,False,False,False,0.977466642351087,0.31212121212121213,0.19810862383436748,0.004066793321909272,0.19287803310606735,0.0008781297523730106,0.85,0.8095238095238095,0.8095238095238095,0.0454545454545454,0.5714285714285714,0.3333333333333333
MolecuLA continuous OLS,native_l2,HeavyAtomCount,3,21,21,True,False,False,True,True,True,False,False,False,False,0.7356048456605738,0.123982683982684,0.13795683045891596,0.0018139531888672138,0.48971405693709985,0.0020476495572227874,0.85,0.9047619047619048,0.9047619047619048,0.0679012345679012,0.6666666666666666,0.21428571428571427
MolecuLA continuous OLS,native_l2,HeavyAtomCount,4,21,21,True,False,False,False,True,True,False,False,False,False,0.964726488461524,0.37774891774891767,0.3170287453984721,0.006014856802218943,0.5557787882294202,0.002041078616908833,0.8,0.8571428571428571,0.8571428571428571,0.0759493670886076,0.6190476190476191,0.23076923076923078
MolecuLA continuous OLS,native_l2,HeavyAtomCount,5,21,21,True,False,False,False,True,True,False,False,False,False,0.8888173964953492,0.18606060606060607,0.8077922077922077,0.016297420624557503,0.03506493506493507,-0.0008147660938109776,0.8,0.9523809523809523,0.9523809523809523,0.0588235294117647,0.7619047619047619,0.0625
MolecuLA continuous OLS,native_l2,HeavyAtomCount,6,21,21,True,False,False,True,True,True,False,False,False,False,0.9456923070829959,0.26458874458874454,0.6610337883451337,0.016499284574165794,0.42703952698402453,0.002531732701983962,0.9,0.9523809523809523,0.9523809523809523,0.1156462585034013,0.7142857142857143,0.06666666666666667
MolecuLA continuous OLS,native_l2,HeavyAtomCount,7,21,21,True,False,False,True,True,True,False,False,False,False,0.989897662037454,0.22389610389610393,0.44959755381925237,0.011137268270555724,0.4078352266139807,0.0012408225330957472,0.9,0.8571428571428571,0.8571428571428571,0.09375,0.5714285714285714,0.25
MolecuLA continuous OLS,native_l2,HeavyAtomCount,8,21,21,True,False,False,False,True,True,False,False,False,False,0.9525365661051107,0.3343722943722943,0.47773828361226484,0.01083020402473803,0.40494006896658635,0.0023991655904252803,0.95,0.9523809523809523,0.9523809523809523,0.1333333333333333,0.5714285714285714,0.08333333333333333
MolecuLA continuous OLS,native_l2,HeavyAtomCount,9,21,21,True,False,False,True,True,True,False,False,False,False,0.9663516370534494,0.2616450216450216,0.29540532730780594,0.00826364297038212,0.49495064774089337,0.0016528632743812441,0.85,0.8571428571428571,0.8571428571428571,0.1176470588235294,0.5238095238095238,0.2727272727272727
MolecuLA continuous OLS,native_l2,HeavyAtomCount,10,21,21,True,False,False,False,True,True,False,False,False,False,0.9787561767407693,0.34580086580086583,0.2343004191780916,0.005494378883061538,0.42802367078902764,0.0031165762032445803,0.9,0.8571428571428571,0.8571428571428571,0.0756756756756756,0.6190476190476191,0.23076923076923078
MolecuLA continuous OLS,native_l2,HeavyAtomCount,11,21,21,True,False,False,False,True,True,False,False,False,False,0.986009717258544,0.3536796536796537,0.6363057013440252,0.016052542770811116,0.664932951711241,0.002665017920235145,0.95,0.9047619047619048,0.9047619047619048,0.125,0.5714285714285714,0.16666666666666666
MolecuLA continuous OLS,native_l2,HeavyAtomCount,12,21,21,True,False,False,True,True,True,False,False,True,False,0.9905570306851218,0.31281385281385277,0.0885998185659985,0.004377946884630687,0.357005151280641,0.0018588943335325272,1.0,0.9523809523809523,0.9523809523809523,0.1071428571428571,0.5714285714285714,0.16666666666666666
MolecuLA continuous OLS,native_l2,HeavyAtomCount,13,21,21,True,False,False,True,True,True,False,False,False,False,0.8955409996162556,0.18363636363636363,-0.13380124402550564,0.0016949945816937086,0.7604149907984181,0.004747973354380805,0.9,0.8571428571428571,0.8571428571428571,0.0689655172413793,0.6190476190476191,0.23076923076923078
MolecuLA continuous OLS,native_l2,HeavyAtomCount,14,21,16,False,False,False,True,True,True,False,False,False,False,0.9668876789808898,0.46813725490196073,0.7705882352941176,0.024772848991388395,0.5,0.006424528899409026,1.0,0.7142857142857143,0.9375,0.12083333333333329,0.875,0.07142857142857142
MolecuLA continuous OLS,native_l2,HeavyAtomCount,15,21,21,True,False,False,True,True,True,False,False,True,False,0.977798663101924,0.2276190476190476,0.16590750414020022,0.006604520519964292,0.18811559524558133,-0.00013943953812761928,0.85,0.8095238095238095,0.8095238095238095,0.0686274509803921,0.5714285714285714,0.3333333333333333
MolecuLA continuous OLS,native_l2,HeavyAtomCount,16,21,17,False,False,False,True,True,True,False,False,True,False,0.8813679754180508,0.37549019607843104,0.5239888072778897,0.014571578264976955,0.6174703785293442,0.00429570502303176,0.625,0.6666666666666666,0.8235294117647058,0.1285714285714285,0.7058823529411765,0.25
MolecuLA continuous OLS,native_l2,HeavyAtomCount,17,21,21,True,False,False,True,True,True,False,False,False,False,0.6382313308174993,0.11255411255411255,0.3074424600661242,0.007181683357853564,0.37634077035578417,0.0009656613251945127,0.75,0.9523809523809523,0.9523809523809523,0.081081081081081,0.7619047619047619,0.0625
MolecuLA continuous OLS,native_l2,HeavyAtomCount,18,21,17,False,False,False,False,True,True,False,False,True,False,0.9797218974038034,0.4650326797385619,0.5530350518324086,0.014901830577213046,0.02084611060122161,0.0007286798366154517,1.0,0.7619047619047619,0.9411764705882353,0.075,0.7647058823529411,0.15384615384615385
MolecuLA continuous OLS,native_l2,HeavyAtomCount,19,21,15,False,False,False,False,True,True,False,False,False,False,0.9839013954483354,0.5150000000000003,0.4535714285714285,0.011410491617299784,-0.05357142857142857,0.002823340693791075,1.0,0.6666666666666666,0.9333333333333333,0.072289156626506,0.9333333333333333,0.07142857142857142
MolecuLA continuous OLS,native_l2,HeavyAtomCount,20,21,21,True,False,False,False,True,True,False,False,False,False,0.9860258180133412,0.3946320346320346,0.8456292611966755,0.019546771688969948,0.2528437990818654,0.001177491556852264,0.95,0.9047619047619048,0.9047619047619048,0.1492537313432835,0.6666666666666666,0.14285714285714285
MolecuLA continuous OLS,native_l2,HeavyAtomCount,21,21,21,True,False,False,False,True,True,False,False,False,False,0.9626263918772302,0.4632900432900432,0.643274989597951,0.013111246960444228,0.07797272601187286,-0.0002923782452758087,1.0,0.9523809523809523,0.9523809523809523,0.0785714285714285,0.7142857142857143,0.06666666666666667
MolecuLA continuous OLS,native_l2,HeavyAtomCount,22,21,21,True,False,False,False,True,True,False,False,False,False,0.973326512485339,0.3132467532467532,0.7052713499559543,0.01798483453917681,0.4372161874265694,0.0028140332999078547,0.85,0.8571428571428571,0.8571428571428571,0.0773480662983425,0.6190476190476191,0.23076923076923078
MolecuLA continuous OLS,native_l2,HeavyAtomCount,23,21,21,True,False,False,True,True,True,False,False,False,False,0.9840323154690488,0.3176623376623377,0.4018252358310174,0.009916430276232504,0.43048052007180315,0.0022098029908459455,0.9,0.8571428571428571,0.8571428571428571,0.073170731707317,0.5714285714285714,0.25
MolecuLA continuous OLS,native_l2,HeavyAtomCount,24,21,21,True,False,False,False,True,True,False,False,False,False,0.8929625666362737,0.21419913419913422,0.10636342710092617,0.0023489054948441614,0.37781855393519176,0.0025824982461262022,0.8,0.8095238095238095,0.8095238095238095,0.0857142857142857,0.5714285714285714,0.3333333333333333
MolecuLA continuous OLS,native_l2,HeavyAtomCount,25,21,21,True,False,False,True,True,True,False,False,False,False,0.9579729178336375,0.3514285714285714,0.3630455842024193,0.008623655029115097,0.21990933236634,0.001123922407278281,0.85,0.9047619047619048,0.9047619047619048,0.0822784810126582,0.6190476190476191,0.15384615384615385
MolecuLA continuous OLS,native_l2,HeavyAtomCount,26,21,18,False,False,False,True,True,True,False,False,False,False,0.920455036613407,0.19525283797729623,0.4638432227153981,0.011559382843526426,0.4390498210557777,0.003320207911989286,0.8823529411764706,0.8095238095238095,0.9444444444444444,0.06811594202898544,0.7222222222222222,0.07692307692307693
MolecuLA continuous OLS,native_l2,HeavyAtomCount,27,21,21,True,False,False,False,True,True,False,False,False,False,0.99317204464631,0.3456277056277056,0.3141467567545303,0.0082928140234617,0.5040657070077866,0.002126693570554388,1.0,0.9523809523809523,0.9523809523809523,0.09,0.6190476190476191,0.23076923076923078
MolecuLA continuous OLS,native_l2,HeavyAtomCount,28,21,21,True,False,False,False,True,True,False,False,False,False,0.989897662037454,0.43367965367965366,0.6823293573802506,0.021131748055215453,0.37312848223853096,0.001847753206361545,0.9,0.8571428571428571,0.8571428571428571,0.1388888888888889,0.5714285714285714,0.3333333333333333
MolecuLA continuous OLS,native_l2,HeavyAtomCount,29,21,21,True,False,False,True,True,True,False,False,False,False,0.9696859198823564,0.25887445887445887,0.25163165101975465,0.0067440545463600485,0.2412013235163451,0.0011458316369653727,0.9,0.8571428571428571,0.8571428571428571,0.0808080808080808,0.6190476190476191,0.23076923076923078
MolecuLA continuous OLS,native_l2,HeavyAtomCount,30,21,17,False,False,False,True,True,True,False,False,False,False,0.9171286270759009,0.47679738562091467,0.45303944229050536,0.012364374311148672,0.40147397731435025,0.0014140038174302214,0.875,0.7142857142857143,0.8823529411764706,0.086021505376344,0.8235294117647058,0.21428571428571427
MolecuLA continuous OLS,native_l2,HeavyAtomCount,31,21,21,True,False,False,False,True,True,False,False,False,False,0.9344720398059291,0.30727272727272725,0.6922856169989814,0.014783395661099435,0.64409263895766,0.003246201437631107,0.8,0.8571428571428571,0.8571428571428571,0.0683229813664596,0.6190476190476191,0.23076923076923078
MolecuLA continuous OLS,native_l2,HeavyAtomCount,32,21,21,True,False,False,True,True,True,False,False,False,False,0.9737368046784246,0.1380952380952381,-0.09094140288198568,-0.00020388751019937348,0.7648237407844696,0.003339559536443261,0.75,0.8095238095238095,0.8095238095238095,0.1111111111111111,0.6190476190476191,0.3076923076923077
MolecuLA continuous OLS,native_l2,HeavyAtomCount,33,21,21,True,False,False,False,True,True,False,False,False,False,0.9341540077402772,0.14692640692640693,0.601713590591673,0.016178263355444145,0.4382689350968921,0.0015224071718926483,0.8,0.8095238095238095,0.8095238095238095,0.0857142857142857,0.6190476190476191,0.38461538461538464
MolecuLA continuous OLS,native_l2,HeavyAtomCount,34,21,21,True,False,False,True,True,True,False,False,False,False,0.9473350012390078,0.35722943722943723,0.49382726474186145,0.009072984979656088,0.06627681711009194,0.0003038967251757239,0.85,1.0,1.0,0.0875,0.7619047619047619,0.0
MolecuLA continuous OLS,native_l2,HeavyAtomCount,35,21,21,True,False,False,True,True,True,False,False,False,False,0.9166610251345981,0.290995670995671,0.12680009401188053,0.0019914263747087407,0.4496828076297618,0.0011166902594446318,0.95,0.9523809523809523,0.9523809523809523,0.0808080808080808,0.7142857142857143,0.13333333333333333
MolecuLA continuous OLS,native_l2,HeavyAtomCount,36,21,20,False,False,False,True,True,True,False,False,False,False,0.9562031720602361,0.3026065162907271,-0.006042358117284273,-3.025649570637782e-05,0.38671091950619346,0.0014151417529087188,0.8421052631578947,0.8571428571428571,0.9,0.06657066902968535,0.6,0.16666666666666666
MolecuLA continuous OLS,native_l2,HeavyAtomCount,37,21,21,True,False,False,True,True,True,False,False,False,False,0.9683998339461124,0.22398268398268395,-0.019544077624852607,0.0010637454826119938,0.3348551966391414,0.002018940683651753,0.95,0.9523809523809523,0.9523809523809523,0.1056338028169014,0.6190476190476191,0.07692307692307693
MolecuLA continuous OLS,native_l2,HeavyAtomCount,38,21,21,True,False,False,False,True,True,False,False,False,False,0.9721607254897365,0.27515151515151515,0.9482425927963548,0.021998113980154308,0.19804236723685975,0.0009000854748209629,0.85,0.8095238095238095,0.8095238095238095,0.0662251655629139,0.6190476190476191,0.3076923076923077
MolecuLA continuous OLS,native_l2,HeavyAtomCount,39,21,21,True,False,False,True,True,True,False,False,False,False,0.8893577049853657,0.23212121212121206,-0.003926822667789245,0.0011252463454904812,0.4581293112420785,0.002696864817838558,0.85,0.8571428571428571,0.8571428571428571,0.0927835051546391,0.5714285714285714,0.25
MolecuLA continuous OLS,native_l2,HeavyAtomCount,40,21,21,True,False,False,True,True,True,False,False,False,False,0.9563568651094544,0.26095238095238094,0.12377915829073319,0.003785431565468143,0.06775280243282238,-0.0005380386486250827,0.8,0.9047619047619048,0.9047619047619048,0.0816326530612244,0.6666666666666666,0.14285714285714285
MolecuLA continuous OLS,native_l2,HeavyAtomCount,41,21,21,True,False,False,True,True,True,False,False,False,False,0.9637758626877418,0.15991341991341992,0.33898564386080937,0.008365159565743359,0.5293391207980331,0.003178524301027951,0.95,0.9047619047619048,0.9047619047619048,0.0789473684210526,0.6666666666666666,0.14285714285714285
MolecuLA continuous OLS,native_l2,HeavyAtomCount,42,21,21,True,False,False,True,True,True,False,False,False,False,0.9853435726288844,0.36484848484848487,0.27902475910495544,0.006222697646538857,0.37528504895934567,0.0013473957856075269,0.9,0.9047619047619048,0.9047619047619048,0.0625,0.5714285714285714,0.16666666666666666
MolecuLA continuous OLS,native_l2,HeavyAtomCount,43,21,21,True,True,True,True,True,True,True,True,True,True,0.9902118361842988,0.2411255411255411,0.08912563812927682,0.0047999928385281535,0.44956020409326397,0.0024960509241473846,0.8,0.7619047619047619,0.7619047619047619,0.1025641025641025,0.6190476190476191,0.38461538461538464
MolecuLA continuous OLS,native_l2,HeavyAtomCount,44,21,21,True,False,False,True,True,True,False,False,False,False,0.992198498209146,0.4588744588744588,0.3849158000916216,0.010234682051671851,0.13133951286910062,0.00027068679538744424,1.0,0.9523809523809523,0.9523809523809523,0.0735294117647058,0.6190476190476191,0.23076923076923078
MolecuLA continuous OLS,native_l2,HeavyAtomCount,45,21,21,True,False,False,False,True,True,False,False,False,False,0.9781410855733315,0.301038961038961,0.27808650842762467,0.007852672728917771,0.399220209990946,0.0018346243402566089,0.85,0.8571428571428571,0.8571428571428571,0.0967741935483871,0.6666666666666666,0.21428571428571427
MolecuLA continuous OLS,native_l2,HeavyAtomCount,46,21,21,True,False,False,True,True,True,False,False,False,False,0.9231802136968956,0.2296969696969697,0.20501192141019234,0.005759555925373727,0.48747279090867957,0.0035307304782130834,0.85,0.9523809523809523,0.9523809523809523,0.0952380952380952,0.5714285714285714,0.16666666666666666
MolecuLA continuous OLS,native_l2,HeavyAtomCount,47,21,18,False,False,False,True,True,True,False,False,False,False,0.9685081311317065,0.4247678018575853,0.5844089575912004,0.013960497934171033,0.23128552385234785,0.0020547155293472487,0.9411764705882353,0.8095238095238095,0.9444444444444444,0.09712399811409711,0.7222222222222222,0.15384615384615385
MolecuLA continuous OLS,native_l2,HeavyAtomCount,48,21,21,True,False,False,True,True,True,False,False,False,False,0.9836749005178489,0.4224242424242424,0.47271463707012434,0.011075905364674383,0.4217163774691981,0.0024137426403801608,0.95,0.9047619047619048,0.9047619047619048,0.1224489795918367,0.6190476190476191,0.15384615384615385
MolecuLA continuous OLS,native_l2,HeavyAtomCount,49,21,21,True,False,False,True,True,True,False,False,False,False,0.7908579300915658,0.1640692640692641,-0.12263663402245421,-0.0029253239695071734,0.2531011383016608,0.0010207288371418195,0.65,0.8571428571428571,0.8571428571428571,0.1206896551724138,0.6190476190476191,0.23076923076923078
MolecuLA continuous OLS,train_std_unit,HeavyAtomCount,0,21,21,True,True,True,True,True,True,True,True,True,True,0.3692744729379982,0.0017316017316017318,0.3692744729379982,0.0027034138181670064,0.3692744729379982,0.0015218055740897612,0.05,0.047619047619047616,0.047619047619047616,1.0,1.0,0.9523809523809523
MolecuLA continuous OLS,train_std_unit,HeavyAtomCount,1,21,21,True,True,True,True,False,False,False,False,False,False,,0.0,,0.0,,0.0,0.0,0.0,0.0,1.0,1.0,1.0
MolecuLA continuous OLS,train_std_unit,HeavyAtomCount,2,21,21,True,True,True,True,False,False,False,False,False,False,,0.0,,0.0,,0.0,0.0,0.0,0.0,1.0,1.0,1.0
MolecuLA continuous OLS,train_std_unit,HeavyAtomCount,3,21,21,True,True,True,True,True,True,True,True,True,True,0.6083829962530759,0.00554112554112553,0.6083829962530759,0.0014997350654552034,0.6019789647135698,0.0007351644753612098,0.15,0.14285714285714285,0.14285714285714285,1.0,1.0,1.0
MolecuLA continuous OLS,train_std_unit,HeavyAtomCount,4,21,21,True,True,True,True,False,False,False,False,False,False,,0.0,,0.0,,0.0,0.0,0.0,0.0,1.0,1.0,1.0
MolecuLA continuous OLS,train_std_unit,HeavyAtomCount,5,21,21,True,True,True,False,True,True,False,False,False,False,0.9404337214368614,0.00848484848484847,0.2333822304299994,0.00020924876958939225,-0.6504321333285781,-0.00042319829971283957,0.65,0.6190476190476191,0.6190476190476191,0.5853658536585366,1.0,0.38095238095238093
MolecuLA continuous OLS,train_std_unit,HeavyAtomCount,6,21,21,True,False,False,False,True,True,False,False,False,False,0.09534625892455924,0.0005194805194805059,-0.1485864128307904,0.0003093421634071144,-0.1485864128307904,0.0003701450431175938,0.3,0.8095238095238095,0.8095238095238095,0.392156862745098,1.0,0.42857142857142855
MolecuLA continuous OLS,train_std_unit,HeavyAtomCount,7,21,21,True,True,True,True,False,False,False,False,False,False,,0.0,,0.0,,0.0,0.0,0.0,0.0,1.0,1.0,1.0
MolecuLA continuous OLS,train_std_unit,HeavyAtomCount,8,21,21,True,True,True,True,True,True,True,True,True,True,0.3692744729379982,0.0017316017316017318,-0.3692744729379982,-0.0006620103276238827,-0.3692744729379982,-0.0007020280006768037,0.05,0.047619047619047616,0.047619047619047616,1.0,1.0,0.9523809523809523
MolecuLA continuous OLS,train_std_unit,HeavyAtomCount,9,21,21,True,True,True,True,False,False,False,False,False,False,,0.0,,0.0,,0.0,0.0,0.0,0.0,1.0,1.0,1.0
MolecuLA continuous OLS,train_std_unit,HeavyAtomCount,10,21,21,True,True,True,True,False,False,False,False,False,False,,0.0,,0.0,,0.0,0.0,0.0,0.0,1.0,1.0,1.0
MolecuLA continuous OLS,train_std_unit,HeavyAtomCount,11,21,21,True,True,True,True,False,False,False,False,False,False,,0.0,,0.0,,0.0,0.0,0.0,0.0,1.0,1.0,1.0
MolecuLA continuous OLS,train_std_unit,HeavyAtomCount,12,21,21,True,True,True,True,True,True,True,True,True,True,0.3692744729379982,0.0017316017316017318,0.3692744729379982,0.0006261691990307308,0.3692744729379982,0.0005656886179912298,0.05,0.047619047619047616,0.047619047619047616,1.0,1.0,1.0
MolecuLA continuous OLS,train_std_unit,HeavyAtomCount,13,21,21,True,True,True,True,False,False,False,False,False,False,,0.0,,0.0,,0.0,0.0,0.0,0.0,1.0,1.0,1.0
MolecuLA continuous OLS,train_std_unit,HeavyAtomCount,14,21,21,True,True,True,True,True,True,True,True,True,True,0.3692744729379982,0.0069264069264069195,0.3692744729379982,0.0011529336441679506,0.3692744729379982,0.0006146934828451605,0.05,0.047619047619047616,0.047619047619047616,1.0,1.0,0.9523809523809523
MolecuLA continuous OLS,train_std_unit,HeavyAtomCount,15,21,21,True,True,True,True,False,False,False,False,False,False,,0.0,,0.0,,0.0,0.0,0.0,0.0,1.0,1.0,1.0
MolecuLA continuous OLS,train_std_unit,HeavyAtomCount,16,21,21,True,True,True,True,False,False,False,False,False,False,,0.0,,0.0,,0.0,0.0,0.0,0.0,1.0,1.0,1.0
MolecuLA continuous OLS,train_std_unit,HeavyAtomCount,17,21,21,True,True,True,True,True,True,True,True,True,True,,0.0,0.6809084840390546,0.005806440094073068,0.6809084840390546,0.0031695040725486364,0.0,0.19047619047619047,0.19047619047619047,1.0,1.0,0.8095238095238095
MolecuLA continuous OLS,train_std_unit,HeavyAtomCount,18,21,21,True,True,True,True,True,True,True,True,True,True,0.6847124716486248,0.006580086580086559,-0.07207499701564472,-0.00030577276254754697,-0.07207499701564472,-0.0008986714214871285,0.2,0.19047619047619047,0.19047619047619047,1.0,1.0,0.9047619047619048
MolecuLA continuous OLS,train_std_unit,HeavyAtomCount,19,21,21,True,True,True,True,True,True,True,True,True,True,0.3692744729379982,0.0017316017316017318,0.3692744729379982,0.001986974460775364,0.3692744729379982,0.0008550988323794281,0.05,0.047619047619047616,0.047619047619047616,1.0,1.0,0.9523809523809523
MolecuLA continuous OLS,train_std_unit,HeavyAtomCount,20,21,21,True,True,True,True,False,False,False,False,False,False,,0.0,,0.0,,0.0,0.0,0.0,0.0,1.0,1.0,1.0
MolecuLA continuous OLS,train_std_unit,HeavyAtomCount,21,21,21,True,True,True,True,True,True,True,True,True,True,0.5090097337879789,0.003290043290043292,0.5090097337879789,0.0031158855943881026,0.5090097337879789,0.0006058910916939148,0.1,0.09523809523809523,0.09523809523809523,1.0,1.0,0.9047619047619048
MolecuLA continuous OLS,train_std_unit,HeavyAtomCount,22,21,21,True,True,True,True,False,False,False,False,False,False,,0.0,,0.0,,0.0,0.0,0.0,0.0,1.0,1.0,1.0
MolecuLA continuous OLS,train_std_unit,HeavyAtomCount,23,21,21,True,True,True,True,False,False,False,False,False,False,,0.0,,0.0,,0.0,0.0,0.0,0.0,1.0,1.0,1.0
MolecuLA continuous OLS,train_std_unit,HeavyAtomCount,24,21,21,True,True,True,True,False,False,False,False,False,False,,0.0,,0.0,,0.0,0.0,0.0,0.0,1.0,1.0,1.0
MolecuLA continuous OLS,train_std_unit,HeavyAtomCount,25,21,21,True,True,True,True,False,False,False,False,False,False,,0.0,,0.0,,0.0,0.0,0.0,0.0,1.0,1.0,1.0
MolecuLA continuous OLS,train_std_unit,HeavyAtomCount,26,21,21,True,True,True,True,False,False,False,False,False,False,,0.0,,0.0,,0.0,0.0,0.0,0.0,1.0,1.0,1.0
MolecuLA continuous OLS,train_std_unit,HeavyAtomCount,27,21,21,True,True,True,True,False,False,False,False,False,False,,0.0,,0.0,,0.0,0.0,0.0,0.0,1.0,1.0,1.0
MolecuLA continuous OLS,train_std_unit,HeavyAtomCount,28,21,21,True,True,True,True,False,False,False,False,False,False,,0.0,,0.0,,0.0,0.0,0.0,0.0,1.0,1.0,1.0
MolecuLA continuous OLS,train_std_unit,HeavyAtomCount,29,21,21,True,True,True,True,False,False,False,False,False,False,,0.0,,0.0,,0.0,0.0,0.0,0.0,1.0,1.0,1.0
MolecuLA continuous OLS,train_std_unit,HeavyAtomCount,30,21,21,True,True,True,True,True,True,True,True,True,True,0.5090097337879789,0.006580086580086559,0.5090097337879789,0.0009461179550192692,0.5090097337879789,0.0004332292402820276,0.1,0.09523809523809523,0.09523809523809523,1.0,1.0,1.0
MolecuLA continuous OLS,train_std_unit,HeavyAtomCount,31,21,21,True,True,True,True,False,False,False,False,False,False,,0.0,,0.0,,0.0,0.0,0.0,0.0,1.0,1.0,1.0
MolecuLA continuous OLS,train_std_unit,HeavyAtomCount,32,21,21,True,True,True,True,False,False,False,False,False,False,,0.0,,0.0,,0.0,0.0,0.0,0.0,1.0,1.0,1.0
MolecuLA continuous OLS,train_std_unit,HeavyAtomCount,33,21,21,True,True,True,True,False,False,False,False,False,False,,0.0,,0.0,,0.0,0.0,0.0,0.0,1.0,1.0,1.0
MolecuLA continuous OLS,train_std_unit,HeavyAtomCount,34,21,21,True,False,False,False,True,True,False,False,False,False,0.7765245846861575,0.005021645021645024,0.26691392371252215,0.0035819630082247725,0.26691392371252215,0.0023318031506311494,0.6,0.7619047619047619,0.7619047619047619,0.3229166666666667,1.0,0.23809523809523808
MolecuLA continuous OLS,train_std_unit,HeavyAtomCount,35,21,21,True,True,True,False,True,True,False,False,True,True,0.7956864226043343,0.007878787878787867,-0.12975809353239912,-0.0010190817747127716,-0.5459632992023586,-0.0009563667894867741,0.3,0.2857142857142857,0.2857142857142857,1.0,1.0,0.8571428571428571
MolecuLA continuous OLS,train_std_unit,HeavyAtomCount,36,21,21,True,True,True,True,False,False,False,False,False,False,,0.0,,0.0,,0.0,0.0,0.0,0.0,1.0,1.0,1.0
MolecuLA continuous OLS,train_std_unit,HeavyAtomCount,37,21,21,True,True,True,True,False,False,False,False,False,False,,0.0,,0.0,,0.0,0.0,0.0,0.0,1.0,1.0,1.0
MolecuLA continuous OLS,train_std_unit,HeavyAtomCount,38,21,21,True,True,True,True,False,False,False,False,False,False,,0.0,,0.0,,0.0,0.0,0.0,0.0,1.0,1.0,1.0
MolecuLA continuous OLS,train_std_unit,HeavyAtomCount,39,21,21,True,True,True,True,False,False,False,False,False,False,,0.0,,0.0,,0.0,0.0,0.0,0.0,1.0,1.0,1.0
MolecuLA continuous OLS,train_std_unit,HeavyAtomCount,40,21,21,True,True,True,True,False,False,False,False,False,False,,0.0,,0.0,,0.0,0.0,0.0,0.0,1.0,1.0,1.0
MolecuLA continuous OLS,train_std_unit,HeavyAtomCount,41,21,21,True,True,True,True,False,False,False,False,False,False,,0.0,,0.0,,0.0,0.0,0.0,0.0,1.0,1.0,1.0
MolecuLA continuous OLS,train_std_unit,HeavyAtomCount,42,21,21,True,True,True,True,False,False,False,False,False,False,,0.0,,0.0,,0.0,0.0,0.0,0.0,1.0,1.0,1.0
MolecuLA continuous OLS,train_std_unit,HeavyAtomCount,43,21,21,True,True,True,True,False,False,False,False,False,False,,0.0,,0.0,,0.0,0.0,0.0,0.0,1.0,1.0,1.0
MolecuLA continuous OLS,train_std_unit,HeavyAtomCount,44,21,21,True,True,True,True,False,False,False,False,False,False,,0.0,,0.0,,0.0,0.0,0.0,0.0,1.0,1.0,1.0
MolecuLA continuous OLS,train_std_unit,HeavyAtomCount,45,21,21,True,True,True,True,False,False,False,False,False,False,,0.0,,0.0,,0.0,0.0,0.0,0.0,1.0,1.0,1.0
MolecuLA continuous OLS,train_std_unit,HeavyAtomCount,46,21,21,True,True,True,True,True,True,True,True,True,True,0.5090097337879789,0.006580086580086568,0.5090097337879789,0.0008881592740172284,0.5090097337879789,0.00034070289680722415,0.1,0.09523809523809523,0.09523809523809523,1.0,1.0,1.0
MolecuLA continuous OLS,train_std_unit,HeavyAtomCount,47,21,21,True,True,True,True,True,True,True,True,True,True,0.796502093164597,0.007878787878787858,0.1459302709073315,-0.0003880100083802276,-0.2698487132420487,-0.0012545911448198328,0.3,0.2857142857142857,0.2857142857142857,1.0,1.0,0.9047619047619048
MolecuLA continuous OLS,train_std_unit,HeavyAtomCount,48,21,21,True,True,True,True,False,False,False,False,False,False,,0.0,,0.0,,0.0,0.0,0.0,0.0,1.0,1.0,1.0
MolecuLA continuous OLS,train_std_unit,HeavyAtomCount,49,21,21,True,True,True,True,False,False,False,False,False,False,,0.0,,0.0,,0.0,0.0,0.0,0.0,1.0,1.0,1.0
ChemSpacE adapted extreme-SVM,native_l2,FractionCSP3,0,21,21,True,False,False,False,True,True,False,False,False,False,0.8948250987569268,0.004747849553044359,-0.7813226710387136,-0.01769146859280006,-0.20226448367149386,-0.0001181536909048836,0.5,0.9523809523809523,0.9523809523809523,0.0,0.14285714285714285,0.3333333333333333
ChemSpacE adapted extreme-SVM,native_l2,FractionCSP3,1,21,21,True,True,True,False,True,True,False,False,True,True,0.9187795405622854,0.004744422244422245,-0.809343165766469,-0.017745063617468113,-0.20301249977419794,-8.236412681019388e-05,1.0,0.9523809523809523,0.9523809523809523,0.05,0.09523809523809523,0.5
ChemSpacE adapted extreme-SVM,native_l2,FractionCSP3,2,21,21,True,True,True,True,True,True,True,True,True,True,0.9027375393407903,0.004756132756132756,-0.8123745016346144,-0.015808077437686606,-0.6096233612603768,-0.0003547861408278757,1.0,0.9523809523809523,0.9523809523809523,0.074074074074074,0.09523809523809523,0.5
ChemSpacE adapted extreme-SVM,native_l2,FractionCSP3,3,21,21,True,True,True,False,True,True,False,False,True,True,0.9027375393407903,0.004751082251082252,-0.8031426734624797,-0.016724460311110623,-0.5905062489538636,-0.00024708263956803637,1.0,0.9523809523809523,0.9523809523809523,0.0166666666666666,0.09523809523809523,0.5
ChemSpacE adapted extreme-SVM,native_l2,FractionCSP3,4,21,21,True,True,True,False,True,True,False,False,True,True,0.9187795405622854,0.004744545346049105,-0.7706377423274046,-0.016854675986105024,-0.20044707533296288,-9.223589112587531e-05,1.0,0.9523809523809523,0.9523809523809523,0.0416666666666666,0.14285714285714285,0.3333333333333333
ChemSpacE adapted extreme-SVM,native_l2,FractionCSP3,5,21,21,True,True,True,False,True,True,False,False,True,True,0.9187795405622854,0.004742821165585393,-0.8804893739340195,-0.016992575793998814,-0.38899029395851437,-0.00011759507228058133,1.0,0.9523809523809523,0.9523809523809523,0.0422535211267605,0.14285714285714285,0.3333333333333333
ChemSpacE adapted extreme-SVM,native_l2,FractionCSP3,6,21,21,True,True,True,False,True,True,False,False,True,True,0.9027375393407903,0.004756318949867337,-0.8584402333750022,-0.016923998840326485,-0.19955860429127317,-7.765436009688186e-05,1.0,1.0,1.0,0.0266666666666666,0.09523809523809523,0.0
ChemSpacE adapted extreme-SVM,native_l2,FractionCSP3,7,21,21,True,True,True,False,True,True,False,False,True,True,0.9027375393407903,0.0047500983864620224,-0.8168643926158239,-0.01636218478664125,-0.5961270588313977,-0.0002899157558072595,1.0,0.9523809523809523,0.9523809523809523,0.0303030303030303,0.09523809523809523,0.5
ChemSpacE adapted extreme-SVM,native_l2,FractionCSP3,8,21,21,True,True,True,False,True,True,False,False,False,False,0.9187795405622854,0.004747778537252222,-0.8781803186670535,-0.016165250624097644,-0.6479049519413249,-0.00032174304075269894,1.0,0.9523809523809523,0.9523809523809523,0.0612244897959183,0.047619047619047616,1.0
ChemSpacE adapted extreme-SVM,native_l2,FractionCSP3,9,21,21,True,True,True,False,True,True,False,False,True,True,0.8864052604279183,0.004761904761904762,-0.820945173929944,-0.01736718312030563,-0.02908820333737202,-8.391424665305936e-05,1.0,0.9523809523809523,0.9523809523809523,0.1176470588235294,0.09523809523809523,0.5
ChemSpacE adapted extreme-SVM,native_l2,FractionCSP3,10,21,21,True,True,True,False,True,True,False,False,True,True,0.9187795405622854,0.004750546944095331,-0.8193914220033627,-0.0169461513569403,-0.3957789552841429,-0.0001863722282561094,1.0,0.9523809523809523,0.9523809523809523,0.0161290322580645,0.09523809523809523,0.5
ChemSpacE adapted extreme-SVM,native_l2,FractionCSP3,11,21,21,True,True,True,False,True,True,False,False,True,True,0.9187795405622854,0.00475557054777834,-0.8785476715191529,-0.01681907691754229,-0.4740071157963802,-0.00030449063331160485,1.0,0.9523809523809523,0.9523809523809523,0.075,0.09523809523809523,0.5
ChemSpacE adapted extreme-SVM,native_l2,FractionCSP3,12,21,21,True,True,True,False,True,True,False,False,True,True,0.9027375393407903,0.004737167594310452,-0.7840285504189342,-0.017103798634938796,-0.2252644584033694,-6.924005987458639e-05,1.0,0.9523809523809523,0.9523809523809523,0.0357142857142857,0.14285714285714285,0.3333333333333333
ChemSpacE adapted extreme-SVM,native_l2,FractionCSP3,13,21,21,True,True,True,False,True,True,False,False,True,True,0.9027375393407903,0.004758140410314323,-0.7614367922941656,-0.017346664978213334,-0.23143424974258564,-0.00024212049773631423,1.0,0.9523809523809523,0.9523809523809523,0.0,0.09523809523809523,0.5
ChemSpacE adapted extreme-SVM,native_l2,FractionCSP3,14,21,21,True,True,True,False,True,True,False,False,True,True,0.9027375393407903,0.004757781900639043,-0.7299109628145213,-0.01730162828233495,-0.03654224995935563,-5.0505849143703555e-06,1.0,0.9523809523809523,0.9523809523809523,0.0,0.09523809523809523,0.5
ChemSpacE adapted extreme-SVM,native_l2,FractionCSP3,15,21,21,True,True,True,False,True,True,False,False,True,True,0.9027375393407903,0.0047500983864620224,-0.7321984158522737,-0.01718026316157875,-0.03518883329419431,-1.8514684741281487e-05,1.0,0.9523809523809523,0.9523809523809523,0.0212765957446808,0.09523809523809523,0.5
ChemSpacE adapted extreme-SVM,native_l2,FractionCSP3,16,21,21,True,True,True,False,True,True,False,False,True,True,0.9027375393407903,0.004757347915242653,-0.7308449991871124,-0.016974843859056385,0.10421308321742159,1.4125857997477243e-05,1.0,0.9523809523809523,0.9523809523809523,0.0178571428571428,0.047619047619047616,1.0
ChemSpacE adapted extreme-SVM,native_l2,FractionCSP3,17,21,21,True,True,True,False,True,True,False,False,True,True,0.9187795405622854,0.004750493440148613,-0.8347637887980716,-0.01709139425621271,-0.04870582884397175,-8.826783642969218e-05,1.0,0.9523809523809523,0.9523809523809523,0.0166666666666666,0.09523809523809523,0.5
ChemSpacE adapted extreme-SVM,native_l2,FractionCSP3,18,21,21,True,False,False,False,True,True,False,False,False,False,0.8948250987569268,0.004744386048733875,-0.8826851807727053,-0.017390862378853074,-0.38816470344033777,-0.00014058865360221302,0.5,0.9523809523809523,0.9523809523809523,0.0158730158730158,0.14285714285714285,0.3333333333333333
ChemSpacE adapted extreme-SVM,native_l2,FractionCSP3,19,21,21,True,True,True,False,True,True,False,False,True,True,0.8827348295047495,0.004743867243867244,-0.8422049570936782,-0.016895795172816093,0.12108810226487424,-2.474664105190548e-05,0.5,0.9523809523809523,0.9523809523809523,0.0,0.14285714285714285,0.3333333333333333
ChemSpacE adapted extreme-SVM,native_l2,FractionCSP3,20,21,21,True,True,True,False,True,True,False,False,True,True,0.9027375393407903,0.004756493506493507,-0.77956799913292,-0.01694254393061534,-0.21113299976516586,-0.00014511512608552597,1.0,0.9523809523809523,0.9523809523809523,0.0441176470588235,0.047619047619047616,1.0
ChemSpacE adapted extreme-SVM,native_l2,FractionCSP3,21,21,21,True,True,True,False,True,True,False,False,True,True,0.9187795405622854,0.004750360750360751,-0.8726518676918201,-0.015431061593419894,-0.6562013259409449,-0.00026632036166046423,1.0,0.9523809523809523,0.9523809523809523,0.0526315789473684,0.14285714285714285,0.3333333333333333
ChemSpacE adapted extreme-SVM,native_l2,FractionCSP3,22,21,21,True,True,True,False,True,True,False,False,True,True,0.9187795405622854,0.004747715247715248,-0.819592710710949,-0.017280554813352455,-0.036516506912864066,-0.00013420045671048983,1.0,0.9523809523809523,0.9523809523809523,0.0363636363636363,0.09523809523809523,0.5
ChemSpacE adapted extreme-SVM,native_l2,FractionCSP3,23,21,21,True,True,True,False,True,True,False,False,True,True,0.8864052604279183,0.004761904761904762,-0.8168643926158239,-0.016558752892023895,-0.5974896349658695,-0.00028433983496809455,1.0,0.9523809523809523,0.9523809523809523,0.0526315789473684,0.047619047619047616,1.0
ChemSpacE adapted extreme-SVM,native_l2,FractionCSP3,24,21,21,True,True,True,False,True,True,False,False,True,True,0.9027375393407903,0.0047586980920314255,-0.8182269687502958,-0.016563075795403216,-0.6247411576553049,-0.0003307949980851817,1.0,0.9523809523809523,0.9523809523809523,0.05,0.09523809523809523,0.5
ChemSpacE adapted extreme-SVM,native_l2,FractionCSP3,25,21,21,True,True,True,False,True,True,False,False,True,True,0.9187795405622854,0.004750540523621725,-0.754263877236507,-0.017274196592785902,0.1508527754473014,-4.8861998505800014e-05,1.0,0.9523809523809523,0.9523809523809523,0.0327868852459016,0.14285714285714285,0.3333333333333333
ChemSpacE adapted extreme-SVM,native_l2,FractionCSP3,26,21,21,True,True,True,False,True,True,False,False,True,True,0.9027375393407903,0.004749536178107606,-0.6949123657661342,-0.01647153798870769,0.23887612573210865,8.121986907036171e-06,1.0,0.9523809523809523,0.9523809523809523,0.0144927536231884,0.09523809523809523,0.5
ChemSpacE adapted extreme-SVM,native_l2,FractionCSP3,27,21,21,True,True,True,False,True,True,False,False,True,True,0.9027375393407903,0.004755244755244756,-0.8785476715191529,-0.01657932320239218,-0.40181637689635674,-0.00025733896935069907,1.0,0.9523809523809523,0.9523809523809523,0.0232558139534883,0.09523809523809523,0.5
ChemSpacE adapted extreme-SVM,native_l2,FractionCSP3,28,21,21,True,True,True,False,True,True,False,False,True,True,0.9027375393407903,0.004748051948051948,-0.8623624214302792,-0.016890875494802466,-0.3841001515718525,-0.00019190379154034,1.0,0.9523809523809523,0.9523809523809523,0.0789473684210526,0.09523809523809523,0.5
ChemSpacE adapted extreme-SVM,native_l2,FractionCSP3,29,21,21,True,True,True,False,True,True,False,False,True,True,0.9184260958326989,0.004745576061365535,-0.8110045614969507,-0.01573101419283041,-0.6068834809850493,-0.00027144663349649696,0.95,0.9523809523809523,0.9523809523809523,0.0294117647058823,0.09523809523809523,0.5
ChemSpacE adapted extreme-SVM,native_l2,FractionCSP3,30,21,21,True,True,True,False,True,True,False,False,True,True,0.9187795405622854,0.004749805548353643,-0.7526195209811785,-0.016947794639139854,-0.05216174897889356,-2.0588667313200415e-05,1.0,0.9523809523809523,0.9523809523809523,0.0238095238095238,0.09523809523809523,0.5
ChemSpacE adapted extreme-SVM,native_l2,FractionCSP3,31,21,21,True,True,True,False,True,True,False,False,True,True,0.9187795405622854,0.004745134745134745,-0.8754551663981098,-0.016080804780054823,-0.6002147872348131,-0.00031875105636150247,1.0,0.9523809523809523,0.9523809523809523,0.0697674418604651,0.09523809523809523,0.5
ChemSpacE adapted extreme-SVM,native_l2,FractionCSP3,32,21,21,True,True,True,False,True,True,False,False,True,True,0.9187795405622854,0.004743122838360933,-0.737612082512919,-0.01680066915146627,-0.033835416629032986,-3.55605601931274e-05,1.0,0.9523809523809523,0.9523809523809523,0.0555555555555555,0.09523809523809523,0.5
ChemSpacE adapted extreme-SVM,native_l2,FractionCSP3,33,21,21,True,True,True,False,True,True,False,False,False,False,0.9027375393407903,0.004754978354978356,-0.8172536479247934,-0.01591454316533131,-0.617026504183219,-0.00036262689325107804,1.0,0.9523809523809523,0.9523809523809523,0.0606060606060606,0.09523809523809523,0.5
ChemSpacE adapted extreme-SVM,native_l2,FractionCSP3,34,21,21,True,True,True,False,True,True,False,False,True,True,0.9187795405622854,0.004751753993133303,-0.7840903831100944,-0.016965037360699608,-0.5926501337273701,-0.0002639287326201749,1.0,1.0,1.0,0.0149253731343283,0.09523809523809523,0.0
ChemSpacE adapted extreme-SVM,native_l2,FractionCSP3,35,21,21,True,True,True,False,True,True,False,False,True,True,0.9027375393407903,0.004751718869365928,-0.7349052491825966,-0.016808490177453506,-0.03654224995935563,-9.125700683195018e-05,1.0,0.9523809523809523,0.9523809523809523,0.0363636363636363,0.047619047619047616,1.0
ChemSpacE adapted extreme-SVM,native_l2,FractionCSP3,36,21,21,True,True,True,False,True,True,False,False,True,True,0.9187795405622854,0.00475445189730904,-0.8197794314897365,-0.017226840658741503,-0.38953095502906354,-0.0001558826067621046,1.0,0.9523809523809523,0.9523809523809523,0.0188679245283018,0.14285714285714285,0.3333333333333333
ChemSpacE adapted extreme-SVM,native_l2,FractionCSP3,37,21,21,True,True,True,False,True,True,False,False,True,True,0.9187795405622854,0.004747778537252222,-0.7989108870101478,-0.017302790143194084,-0.03991172085825464,-8.709733351882613e-05,1.0,0.9523809523809523,0.9523809523809523,0.0363636363636363,0.14285714285714285,0.3333333333333333
ChemSpacE adapted extreme-SVM,native_l2,FractionCSP3,38,21,21,True,True,True,False,True,True,False,False,True,True,0.9187795405622854,0.004730983302411874,-0.8221068865336141,-0.016813833101265992,-0.588576936931993,-0.00016320467773935478,1.0,0.9523809523809523,0.9523809523809523,0.0192307692307692,0.09523809523809523,0.5
ChemSpacE adapted extreme-SVM,native_l2,FractionCSP3,39,21,21,True,True,True,False,True,True,False,False,True,True,0.9187795405622854,0.004749128780749335,-0.8110045614969507,-0.015439254359543837,-0.6109933013980405,-0.0002951531699570156,1.0,0.9523809523809523,0.9523809523809523,0.0256410256410256,0.09523809523809523,0.5
ChemSpacE adapted extreme-SVM,native_l2,FractionCSP3,40,21,21,True,True,True,False,True,True,False,False,True,True,0.9187795405622854,0.00475248281130634,-0.8123745016346144,-0.015715988700638006,-0.6137331816733681,-0.0003071716655853916,1.0,0.9523809523809523,0.9523809523809523,0.0652173913043478,0.09523809523809523,0.5
ChemSpacE adapted extreme-SVM,native_l2,FractionCSP3,41,21,21,True,True,True,False,True,True,False,False,True,True,0.9187795405622854,0.004748520400694314,-0.8207491542684885,-0.017074622303676415,-0.3930634907538915,-0.000165939325909883,1.0,0.9523809523809523,0.9523809523809523,0.0196078431372549,0.09523809523809523,0.5
ChemSpacE adapted extreme-SVM,native_l2,FractionCSP3,42,21,21,True,True,True,False,True,True,False,False,True,True,0.9187795405622854,0.0047546897546897554,-0.8675400823684059,-0.017080156233760645,-0.052783249941291466,-8.4681385918068e-05,1.0,0.9523809523809523,0.9523809523809523,0.0204081632653061,0.09523809523809523,0.5
ChemSpacE adapted extreme-SVM,native_l2,FractionCSP3,43,21,21,True,True,True,False,True,True,False,False,True,True,0.9027375393407903,0.004754033844942936,-0.8558570529665888,-0.015496288973332904,-0.676189746485401,-0.00033286107850654,1.0,0.9523809523809523,0.9523809523809523,0.0714285714285714,0.047619047619047616,1.0
ChemSpacE adapted extreme-SVM,native_l2,FractionCSP3,44,21,21,True,True,True,False,True,True,False,False,True,True,0.9187795405622854,0.004748694932518462,-0.811396449941653,-0.015750272755108593,-0.6073490726567479,-0.0002696426731523084,1.0,0.9523809523809523,0.9523809523809523,0.0222222222222222,0.047619047619047616,1.0
ChemSpacE adapted extreme-SVM,native_l2,FractionCSP3,45,21,21,True,True,True,False,True,True,False,False,False,False,0.9187795405622854,0.004751489112391367,-0.8804893739340195,-0.017008489100599523,-0.41614493926102847,-0.0002067007089338458,1.0,0.9523809523809523,0.9523809523809523,0.0666666666666666,0.09523809523809523,0.5
ChemSpacE adapted extreme-SVM,native_l2,FractionCSP3,46,21,21,True,False,False,False,True,True,False,False,True,True,0.917366033576805,0.00473961593961594,-0.8818471061991452,-0.01680245090544677,-0.4324377264425369,-0.0002488452645318211,0.95,0.9523809523809523,0.9523809523809523,0.0476190476190476,0.09523809523809523,0.5
ChemSpacE adapted extreme-SVM,native_l2,FractionCSP3,47,21,21,True,True,True,False,True,True,False,False,True,True,0.9187795405622854,0.0047428320471798735,-0.7985158324451784,-0.016745683684127457,-0.044662749950323544,-2.4551382980918594e-05,1.0,0.9523809523809523,0.9523809523809523,0.0196078431372549,0.14285714285714285,0.3333333333333333
ChemSpacE adapted extreme-SVM,native_l2,FractionCSP3,48,21,21,True,True,True,False,True,True,False,False,True,True,0.9027375393407903,0.004755933721450963,-0.7083366243185107,-0.01674384307385423,0.11918474749527522,-1.355268803409468e-05,1.0,0.9523809523809523,0.9523809523809523,0.0697674418604651,0.14285714285714285,0.3333333333333333
ChemSpacE adapted extreme-SVM,native_l2,FractionCSP3,49,21,21,True,True,True,False,True,True,False,False,True,True,0.9314142298314255,0.00474195171855531,-0.7312639025046315,-0.01763689625149874,-0.2063233027418248,-0.00013765901556011178,1.0,0.9523809523809523,0.9523809523809523,0.032258064516129,0.14285714285714285,0.3333333333333333
ChemSpacE adapted extreme-SVM,train_std_unit,FractionCSP3,0,21,21,True,False,False,False,True,True,False,False,False,False,0.8961634287945985,0.004718076954101799,-0.7044242601989854,-0.016402605832037283,-0.5064094634099068,-0.0002563241616883901,0.5,0.9523809523809523,0.9523809523809523,0.0,0.19047619047619047,0.25
ChemSpacE adapted extreme-SVM,train_std_unit,FractionCSP3,1,21,21,True,False,False,False,True,True,False,False,False,False,0.9117120056348832,0.004744979331445496,-0.6334998188799391,-0.015890149939663274,-0.5395268444812044,-0.00030830876949833325,1.0,0.9523809523809523,0.9523809523809523,0.05,0.09523809523809523,0.5
ChemSpacE adapted extreme-SVM,train_std_unit,FractionCSP3,2,21,21,True,False,False,False,True,True,False,False,False,False,0.895544411537278,0.004737167594310452,-0.7644907144506355,-0.014575513007051817,-0.6278759477888792,-0.00043163099448572057,1.0,0.9523809523809523,0.9523809523809523,0.074074074074074,0.19047619047619047,0.25
ChemSpacE adapted extreme-SVM,train_std_unit,FractionCSP3,3,21,21,True,True,True,False,True,True,False,False,True,True,0.943879807448539,0.004721894267348813,-0.8549218903843958,-0.014582101930998535,-0.5583163365775646,-0.0001552781582567681,1.0,0.9523809523809523,0.9523809523809523,0.0166666666666666,0.23809523809523808,0.2
ChemSpacE adapted extreme-SVM,train_std_unit,FractionCSP3,4,21,21,True,False,False,False,True,True,False,False,True,True,0.9521004998323844,0.004696519672982569,-0.8052639469868721,-0.01410811314369209,-0.4737636221439431,-0.00013325113026672143,1.0,0.9523809523809523,0.9523809523809523,0.0416666666666666,0.19047619047619047,0.25
ChemSpacE adapted extreme-SVM,train_std_unit,FractionCSP3,5,21,21,True,False,False,False,True,True,False,False,True,True,0.9244425664344837,0.004742486085343229,-0.8227020055776255,-0.01456415864413897,-0.5502841229360277,-0.0003078411806989196,1.0,0.9523809523809523,0.9523809523809523,0.0422535211267605,0.19047619047619047,0.25
ChemSpacE adapted extreme-SVM,train_std_unit,FractionCSP3,6,21,21,True,True,True,False,True,True,False,False,True,True,0.9314142298314255,0.004723788013229008,-0.8248237440372097,-0.014465840299798974,-0.570000148318397,-0.00028103431416974143,1.0,1.0,1.0,0.0266666666666666,0.19047619047619047,0.0
ChemSpacE adapted extreme-SVM,train_std_unit,FractionCSP3,7,21,21,True,True,True,False,True,True,False,False,True,True,0.9027375393407903,0.004749536178107606,-0.7644907144506355,-0.014511623243577985,-0.691353516136766,-0.0005373238591352766,1.0,0.9523809523809523,0.9523809523809523,0.0303030303030303,0.19047619047619047,0.25
ChemSpacE adapted extreme-SVM,train_std_unit,FractionCSP3,8,21,21,True,True,True,False,True,True,False,False,True,True,0.9411239481143201,0.004687516589690503,-0.7631107673126379,-0.014609135895165394,-0.7161925646207218,-0.0005874110229768368,1.0,0.9523809523809523,0.9523809523809523,0.0612244897959183,0.19047619047619047,0.25
ChemSpacE adapted extreme-SVM,train_std_unit,FractionCSP3,9,21,21,True,True,True,False,True,True,False,False,True,True,0.9027375393407903,0.0047546897546897554,-0.7917487491193719,-0.016396493765941392,-0.6130977493180778,-0.00047275549502183434,1.0,0.9523809523809523,0.9523809523809523,0.1111111111111111,0.09523809523809523,0.5
ChemSpacE adapted extreme-SVM,train_std_unit,FractionCSP3,10,21,21,True,False,False,False,True,True,False,False,False,False,0.9300198971520371,0.004693639693639694,-0.8547259324650657,-0.01446799249722578,-0.651153361274365,-0.00044079788806980095,1.0,0.9523809523809523,0.9523809523809523,0.0161290322580645,0.14285714285714285,0.3333333333333333
ChemSpacE adapted extreme-SVM,train_std_unit,FractionCSP3,11,21,21,True,True,True,False,True,True,False,False,True,True,0.9314142298314255,0.004739371739371739,-0.7417849854346085,-0.01470526259472461,-0.651153361274365,-0.00036026976552364743,1.0,0.9523809523809523,0.9523809523809523,0.075,0.19047619047619047,0.25
ChemSpacE adapted extreme-SVM,train_std_unit,FractionCSP3,12,21,21,True,False,False,False,True,True,False,False,False,False,0.9014093717133169,0.004745753361682565,-0.8399732390958343,-0.014997424133519845,-0.5898841193650358,-0.0004357553344874034,1.0,0.9523809523809523,0.9523809523809523,0.0357142857142857,0.19047619047619047,0.25
ChemSpacE adapted extreme-SVM,train_std_unit,FractionCSP3,13,21,21,True,False,False,False,True,True,False,False,False,False,0.9012989137800879,0.004749536178107606,-0.7168162876339675,-0.016341910615411237,-0.5479883033617637,-0.0005520572723290717,0.95,0.9523809523809523,0.9523809523809523,0.0,0.14285714285714285,0.3333333333333333
ChemSpacE adapted extreme-SVM,train_std_unit,FractionCSP3,14,21,21,True,True,True,False,True,True,False,False,False,False,0.943879807448539,0.004724021189538431,-0.7319299293209064,-0.017551284591325357,-0.5162661275588383,-0.00021642471175724876,1.0,0.9523809523809523,0.9523809523809523,0.0133333333333333,0.23809523809523808,0.2
ChemSpacE adapted extreme-SVM,train_std_unit,FractionCSP3,15,21,21,True,False,False,False,True,True,False,False,False,False,0.895544411537278,0.004752284752284753,-0.7654894029142573,-0.016736577716274608,-0.5605445450418232,-0.00022044074648241188,1.0,0.9523809523809523,0.9523809523809523,0.0212765957446808,0.19047619047619047,0.25
ChemSpacE adapted extreme-SVM,train_std_unit,FractionCSP3,16,21,21,True,False,False,False,True,True,False,False,False,False,0.9300198971520371,0.004695181361848029,-0.8439479960871165,-0.01621501357293864,-0.34585692547281616,-0.00027909643224906396,0.95,0.9523809523809523,0.9523809523809523,0.0178571428571428,0.09523809523809523,0.5
ChemSpacE adapted extreme-SVM,train_std_unit,FractionCSP3,17,21,21,True,False,False,False,True,True,False,False,False,False,0.9376881760585704,0.004724677768508938,-0.8677953006864154,-0.01476929683721229,-0.6139367831646003,-0.0003640732328750078,1.0,0.9523809523809523,0.9523809523809523,0.0166666666666666,0.19047619047619047,0.25
ChemSpacE adapted extreme-SVM,train_std_unit,FractionCSP3,18,21,21,True,False,False,False,True,True,False,False,False,False,0.9077922862258423,0.004711831526869122,-0.8079481601434949,-0.0149009359845149,-0.520737352384844,-0.0002481695706989117,0.5,0.9523809523809523,0.9523809523809523,0.0158730158730158,0.047619047619047616,1.0
ChemSpacE adapted extreme-SVM,train_std_unit,FractionCSP3,19,21,21,True,False,False,False,True,True,False,False,False,False,0.9160765703581537,0.004675172780435939,-0.8037572422065054,-0.01504273889335555,-0.5088004560756777,-0.0002481423465073822,0.5,0.9523809523809523,0.9523809523809523,0.0,0.19047619047619047,0.25
ChemSpacE adapted extreme-SVM,train_std_unit,FractionCSP3,20,21,21,True,False,False,False,True,True,False,False,False,False,0.9117120056348832,0.004732492387994781,-0.7815284991587454,-0.015126893991194101,-0.5926024793621096,-0.0004262927016819548,1.0,0.9523809523809523,0.9523809523809523,0.0441176470588235,0.09523809523809523,0.5
ChemSpacE adapted extreme-SVM,train_std_unit,FractionCSP3,21,21,21,True,False,False,False,True,True,False,False,True,True,0.9300198971520371,0.00469342105705742,-0.8281503632304573,-0.014363546390024273,-0.5816121794398114,-0.000251234146533956,0.95,0.9523809523809523,0.9523809523809523,0.0526315789473684,0.19047619047619047,0.25
ChemSpacE adapted extreme-SVM,train_std_unit,FractionCSP3,22,21,21,True,True,True,False,True,True,False,False,True,True,0.9155936261855956,0.004714187327823691,-0.7326168421947419,-0.01626124602731327,-0.5873828326800127,-0.0003547527500158694,1.0,0.9523809523809523,0.9523809523809523,0.0363636363636363,0.14285714285714285,0.3333333333333333
ChemSpacE adapted extreme-SVM,train_std_unit,FractionCSP3,23,21,21,True,False,False,False,True,True,False,False,True,True,0.9244425664344837,0.004738268313634883,-0.7723046972889297,-0.014301993215880228,-0.5584566594152754,-0.0004668684018690579,1.0,0.9523809523809523,0.9523809523809523,0.0526315789473684,0.14285714285714285,0.3333333333333333
ChemSpacE adapted extreme-SVM,train_std_unit,FractionCSP3,24,21,21,True,False,False,False,True,True,False,False,True,True,0.9300198971520371,0.004729104229104229,-0.7919809618925895,-0.014465430603198834,-0.651153361274365,-0.0003651826840554014,0.95,0.9523809523809523,0.9523809523809523,0.05,0.09523809523809523,0.5
ChemSpacE adapted extreme-SVM,train_std_unit,FractionCSP3,25,21,21,True,True,True,False,True,True,False,False,True,True,0.9314142298314255,0.004705412192425179,-0.7899050909434204,-0.015757561700321818,-0.5212571666124094,-0.000367331307526205,1.0,0.9523809523809523,0.9523809523809523,0.0327868852459016,0.14285714285714285,0.3333333333333333
ChemSpacE adapted extreme-SVM,train_std_unit,FractionCSP3,26,21,21,True,False,False,False,True,True,False,False,True,True,0.9425038893618791,0.004707754727235247,-0.7853554716071042,-0.018330478300970097,-0.18104120591687345,-4.352065160712229e-05,1.0,0.9523809523809523,0.9523809523809523,0.0259740259740259,0.19047619047619047,0.25
ChemSpacE adapted extreme-SVM,train_std_unit,FractionCSP3,27,21,21,True,True,True,False,True,True,False,False,True,True,0.9314142298314255,0.004708115639150122,-0.798989392900574,-0.014091066932585411,-0.6389155248928596,-0.0004848416189045385,1.0,0.9523809523809523,0.9523809523809523,0.0232558139534883,0.14285714285714285,0.3333333333333333
ChemSpacE adapted extreme-SVM,train_std_unit,FractionCSP3,28,21,21,True,True,True,False,True,True,False,False,True,True,0.9155936261855956,0.004734968734968734,-0.750511266677602,-0.014943294822005309,-0.6015773633692849,-0.0005377363497193325,1.0,0.9523809523809523,0.9523809523809523,0.0789473684210526,0.14285714285714285,0.3333333333333333
ChemSpacE adapted extreme-SVM,train_std_unit,FractionCSP3,29,21,21,True,False,False,False,True,True,False,False,False,False,0.9244425664344837,0.004739575965066162,-0.7567549476628227,-0.01480486159273011,-0.580637432570384,-0.0004200645744437892,1.0,0.9523809523809523,0.9523809523809523,0.0294117647058823,0.14285714285714285,0.3333333333333333
ChemSpacE adapted extreme-SVM,train_std_unit,FractionCSP3,30,21,21,True,False,False,False,True,True,False,False,False,False,0.928625564472649,0.0047268604411461555,-0.7016747515852779,-0.01534242852951205,-0.5387138207948391,-0.00031215959076955725,0.95,0.9523809523809523,0.9523809523809523,0.0384615384615384,0.14285714285714285,0.3333333333333333
ChemSpacE adapted extreme-SVM,train_std_unit,FractionCSP3,31,21,21,True,True,True,False,True,True,False,False,True,True,0.9187795405622854,0.004748584748584749,-0.7905866292132011,-0.0143735600864279,-0.7431793181139968,-0.00039230047917081446,1.0,0.9523809523809523,0.9523809523809523,0.0697674418604651,0.09523809523809523,0.5
ChemSpacE adapted extreme-SVM,train_std_unit,FractionCSP3,32,21,21,True,True,True,False,True,True,False,False,True,True,0.943879807448539,0.004712295496711081,-0.8275145392840882,-0.015925874115274526,-0.617458302149728,-0.0004875311437778192,1.0,0.9523809523809523,0.9523809523809523,0.0483870967741935,0.047619047619047616,1.0
ChemSpacE adapted extreme-SVM,train_std_unit,FractionCSP3,33,21,21,True,True,True,False,True,True,False,False,True,True,0.9152389511282492,0.004727433060766394,-0.7730519763579125,-0.014361376037185588,-0.6429546552702212,-0.00045944844915660465,0.95,0.9523809523809523,0.9523809523809523,0.0606060606060606,0.09523809523809523,0.5
ChemSpacE adapted extreme-SVM,train_std_unit,FractionCSP3,34,21,21,True,False,False,False,True,True,False,False,False,False,0.9300198971520371,0.004716052324130972,-0.867650956213489,-0.01426996844629665,-0.6360957559681308,-0.00047329500652828636,0.95,1.0,1.0,0.0149253731343283,0.14285714285714285,0.0
ChemSpacE adapted extreme-SVM,train_std_unit,FractionCSP3,35,21,21,True,True,True,False,True,True,False,False,False,False,0.9314142298314255,0.004738667399887126,-0.7847005291675307,-0.015788636383341374,-0.6129867852778008,-0.000321665783159986,1.0,0.9523809523809523,0.9523809523809523,0.0363636363636363,0.19047619047619047,0.25
ChemSpacE adapted extreme-SVM,train_std_unit,FractionCSP3,36,21,21,True,False,False,False,True,True,False,False,True,True,0.9300198971520371,0.004726551226551226,-0.6870513152494425,-0.014816000238786002,-0.6180756910806992,-0.0004277984050631713,1.0,0.9523809523809523,0.9523809523809523,0.0188679245283018,0.09523809523809523,0.5
ChemSpacE adapted extreme-SVM,train_std_unit,FractionCSP3,37,21,21,True,False,False,False,True,True,False,False,True,True,0.9251397327741782,0.004721645021645023,-0.7190874452936385,-0.015807349559352684,-0.61128320648415,-0.0004839334571176523,1.0,0.9523809523809523,0.9523809523809523,0.0363636363636363,0.23809523809523808,0.2
ChemSpacE adapted extreme-SVM,train_std_unit,FractionCSP3,38,21,21,True,False,False,False,True,True,False,False,True,True,0.9300198971520371,0.004729765184310639,-0.8010524461751325,-0.01498210852856349,-0.5103751872255065,-0.0002510756341821632,1.0,0.9523809523809523,0.9523809523809523,0.0192307692307692,0.19047619047619047,0.25
ChemSpacE adapted extreme-SVM,train_std_unit,FractionCSP3,39,21,21,True,True,True,False,True,True,False,False,True,True,0.9310655814082683,0.004715728715728716,-0.8045299560070847,-0.014750421327147127,-0.651153361274365,-0.00044866177405329915,0.95,0.9523809523809523,0.9523809523809523,0.0256410256410256,0.19047619047619047,0.25
ChemSpacE adapted extreme-SVM,train_std_unit,FractionCSP3,40,21,21,True,False,False,False,True,True,False,False,True,True,0.9141752007383679,0.004732811048600522,-0.6901946762972391,-0.014006470130730466,-0.6804343475415204,-0.0005372873349163368,1.0,0.9523809523809523,0.9523809523809523,0.075,0.19047619047619047,0.25
ChemSpacE adapted extreme-SVM,train_std_unit,FractionCSP3,41,21,21,True,True,True,False,True,True,False,False,True,True,0.943879807448539,0.004708738084530464,-0.7807726374112052,-0.014938503872263498,-0.5617507027607892,-0.0004359081757167881,1.0,0.9523809523809523,0.9523809523809523,0.0196078431372549,0.19047619047619047,0.25
ChemSpacE adapted extreme-SVM,train_std_unit,FractionCSP3,42,21,21,True,False,False,False,True,True,False,False,True,True,0.9397440009763227,0.004724180581323438,-0.8068135458943148,-0.014813037036829128,-0.6008762512243971,-0.0002777617714972498,1.0,0.9523809523809523,0.9523809523809523,0.0204081632653061,0.14285714285714285,0.3333333333333333
ChemSpacE adapted extreme-SVM,train_std_unit,FractionCSP3,43,21,21,True,True,True,False,True,True,False,False,True,True,0.9187795405622854,0.004735264735264736,-0.8031292343145665,-0.014297356085454608,-0.6665144676528103,-0.00038066230929499194,1.0,0.9523809523809523,0.9523809523809523,0.0714285714285714,0.09523809523809523,0.5
ChemSpacE adapted extreme-SVM,train_std_unit,FractionCSP3,44,21,21,True,True,True,False,True,True,False,False,True,True,0.943879807448539,0.004717658364508408,-0.8021602445225922,-0.014309056650953009,-0.6315464017767921,-0.0003613116324329144,1.0,0.9523809523809523,0.9523809523809523,0.0222222222222222,0.19047619047619047,0.25
ChemSpacE adapted extreme-SVM,train_std_unit,FractionCSP3,45,21,21,True,True,True,False,True,True,False,False,True,True,0.9314142298314255,0.004722490208204495,-0.8652268555244557,-0.014709153832434957,-0.6747941504807956,-0.0003645704986934483,1.0,0.9523809523809523,0.9523809523809523,0.074074074074074,0.14285714285714285,0.3333333333333333
ChemSpacE adapted extreme-SVM,train_std_unit,FractionCSP3,46,21,21,True,False,False,False,True,True,False,False,False,False,0.9117120056348832,0.004723304473304473,-0.721013047922836,-0.013931829495217471,-0.5813296084392096,-0.00038057223359913003,1.0,0.9523809523809523,0.9523809523809523,0.0476190476190476,0.19047619047619047,0.25
ChemSpacE adapted extreme-SVM,train_std_unit,FractionCSP3,47,21,21,True,False,False,False,True,True,False,False,True,True,0.9425038893618791,0.004701830333409282,-0.8451128662013563,-0.016472863842126186,-0.5410865260623581,-0.00018312762454841702,1.0,0.9523809523809523,0.9523809523809523,0.0196078431372549,0.23809523809523808,0.2
ChemSpacE adapted extreme-SVM,train_std_unit,FractionCSP3,48,21,21,True,False,False,False,True,True,False,False,True,True,0.9521004998323844,0.004704395603778074,-0.7693278089212447,-0.018341349014629697,-0.509721181234592,-0.00035291876745170686,1.0,0.9523809523809523,0.9523809523809523,0.0697674418604651,0.19047619047619047,0.25
ChemSpacE adapted extreme-SVM,train_std_unit,FractionCSP3,49,21,21,True,True,True,False,True,True,False,False,True,True,0.8864052604279183,0.004761904761904762,-0.6889415417082435,-0.014960028140429918,-0.6415247670276137,-0.0005361623102940509,1.0,0.9523809523809523,0.9523809523809523,0.032258064516129,0.09523809523809523,0.5
ChemSpacE adapted extreme-SVM,native_l2,HBA,0,21,21,True,True,True,False,True,True,False,False,True,True,0.9155936261855956,0.7029437229437229,0.7113986934821437,0.01714320573502621,-0.649573797835015,-0.00025170828602074345,1.0,0.9523809523809523,0.9523809523809523,0.0204081632653061,0.09523809523809523,0.5
ChemSpacE adapted extreme-SVM,native_l2,HBA,1,21,21,True,True,True,False,True,True,False,False,True,True,0.9155936261855956,0.7033766233766233,0.6716939093732545,0.016777168773783498,-0.5927330012397152,-0.0005225660084593873,1.0,0.9523809523809523,0.9523809523809523,0.05,0.09523809523809523,0.5
ChemSpacE adapted extreme-SVM,native_l2,HBA,2,21,21,True,True,True,False,True,True,False,False,True,True,0.9155936261855956,0.6986147186147187,0.6806439632213359,0.016258125300162695,-0.6709052531796094,-0.00030706859004985747,1.0,0.9523809523809523,0.9523809523809523,0.0555555555555555,0.09523809523809523,0.5
ChemSpacE adapted extreme-SVM,native_l2,HBA,3,21,21,True,True,True,False,True,True,False,False,True,True,0.9027375393407903,0.7206926406926407,0.6773648334414958,0.01769566133557095,0.46816648879929,-0.0004687595947618455,1.0,0.9523809523809523,0.9523809523809523,0.0555555555555555,0.14285714285714285,0.3333333333333333
ChemSpacE adapted extreme-SVM,native_l2,HBA,4,21,21,True,True,True,False,True,True,False,False,True,True,0.9155936261855956,0.7012121212121213,0.7075879593703793,0.017061758029692273,-0.5696852917920463,-0.00030884726892570544,1.0,0.9523809523809523,0.9523809523809523,0.0416666666666666,0.047619047619047616,1.0
ChemSpacE adapted extreme-SVM,native_l2,HBA,5,21,21,True,True,True,False,True,True,False,False,True,True,0.9155936261855956,0.7176623376623377,0.5860730798774713,0.01672779604445939,-0.6722156865285197,-0.0005032307521054228,1.0,0.9523809523809523,0.9523809523809523,0.0422535211267605,0.14285714285714285,0.3333333333333333
ChemSpacE adapted extreme-SVM,native_l2,HBA,6,21,21,True,False,False,False,True,True,False,False,True,False,0.9141752007383679,0.7135064935064935,0.6897007864125456,0.01759677011241277,-0.5860104775248024,-0.0003937733790521403,0.95,1.0,1.0,0.0266666666666666,0.09523809523809523,0.0
ChemSpacE adapted extreme-SVM,native_l2,HBA,7,21,21,True,True,True,False,True,True,False,False,True,True,0.9155936261855956,0.7020779220779221,0.6663840760975765,0.016483583849951397,-0.6021562104435819,-0.0004026973520444154,1.0,0.9523809523809523,0.9523809523809523,0.0303030303030303,0.09523809523809523,0.5
ChemSpacE adapted extreme-SVM,native_l2,HBA,8,21,21,True,True,True,False,True,True,False,False,True,True,0.9155936261855956,0.7135064935064935,0.634024513685628,0.016848229247094913,-0.6122177161221485,-0.0004153028917100247,1.0,0.9523809523809523,0.9523809523809523,0.0576923076923076,0.14285714285714285,0.3333333333333333
ChemSpacE adapted extreme-SVM,native_l2,HBA,9,21,21,True,True,True,True,True,True,True,True,True,True,0.9155936261855956,0.7208658008658009,0.6616256036505072,0.01774126621883676,-0.518318033629041,-0.00010248594742308784,1.0,0.9523809523809523,0.9523809523809523,0.0833333333333333,0.09523809523809523,0.5
ChemSpacE adapted extreme-SVM,native_l2,HBA,10,21,21,True,True,True,False,True,True,False,False,True,True,0.925469343897196,0.7007792207792208,0.6716939093732545,0.016670153722234925,-0.6367170525440966,-0.0005657662095623254,1.0,0.9523809523809523,0.9523809523809523,0.0161290322580645,0.09523809523809523,0.5
ChemSpacE adapted extreme-SVM,native_l2,HBA,11,21,21,True,True,True,False,True,True,False,False,False,False,0.9155936261855956,0.6993073593073594,0.6941993508676285,0.01639422590831282,-0.6187672649524986,-0.00013530285407386202,1.0,0.9523809523809523,0.9523809523809523,0.075,0.09523809523809523,0.5
ChemSpacE adapted extreme-SVM,native_l2,HBA,12,21,21,True,False,False,False,True,True,False,False,True,False,0.9141752007383679,0.7174025974025974,0.5616521266903958,0.015293744708160325,-0.6803761268308859,-0.0007413271403347186,0.95,0.9523809523809523,0.9523809523809523,0.03125,0.14285714285714285,0.3333333333333333
ChemSpacE adapted extreme-SVM,native_l2,HBA,13,21,20,False,True,True,False,True,True,False,False,True,True,0.9201176779919965,0.6989617877191836,0.8232482133070789,0.018657641120303835,-0.20391960546351748,2.2594924372713523e-05,1.0,0.9047619047619048,0.95,0.0,0.05,1.0
ChemSpacE adapted extreme-SVM,native_l2,HBA,14,21,20,False,True,True,False,True,True,False,False,True,True,0.9314876128711165,0.7079350629646481,0.5843913027686027,0.018043507435226747,-0.6883312315493174,-0.00033869119630556714,1.0,0.9047619047619048,0.95,0.0,0.1,0.5
ChemSpacE adapted extreme-SVM,native_l2,HBA,15,21,21,True,True,True,False,True,True,False,False,True,True,0.9155936261855956,0.7162770562770563,0.6919414219096585,0.01652793554262402,-0.6701479912983306,-0.00047222044110435484,1.0,0.9523809523809523,0.9523809523809523,0.0212765957446808,0.09523809523809523,0.5
ChemSpacE adapted extreme-SVM,native_l2,HBA,16,21,21,True,True,True,False,True,True,False,False,False,False,0.9155936261855956,0.7019047619047618,0.7111557893759741,0.016047954764967905,-0.5897288326088393,-0.00048023618156360024,1.0,0.9523809523809523,0.9523809523809523,0.0178571428571428,0.09523809523809523,0.5
ChemSpacE adapted extreme-SVM,native_l2,HBA,17,21,21,True,True,True,True,True,True,True,True,True,True,0.9155936261855956,0.7154112554112554,0.6662427259864007,0.016539063500260683,-0.6082499380968961,-0.0001800712592299618,1.0,0.9523809523809523,0.9523809523809523,0.0166666666666666,0.14285714285714285,0.3333333333333333
ChemSpacE adapted extreme-SVM,native_l2,HBA,18,21,21,True,True,True,False,True,True,False,False,True,True,0.925469343897196,0.7090043290043291,0.6367170525440966,0.01690158920614293,-0.6938753683257168,-0.0011409114319654299,1.0,0.9523809523809523,0.9523809523809523,0.0181818181818181,0.14285714285714285,0.3333333333333333
ChemSpacE adapted extreme-SVM,native_l2,HBA,19,21,21,True,True,True,False,True,True,False,False,True,True,0.925469343897196,0.7116017316017317,0.6313605451407304,0.016489569660968036,-0.6522290952541336,-0.0009073780730935933,1.0,0.9523809523809523,0.9523809523809523,0.0181818181818181,0.14285714285714285,0.3333333333333333
ChemSpacE adapted extreme-SVM,native_l2,HBA,20,21,21,True,True,True,False,True,True,False,False,True,True,0.9155936261855956,0.7204329004329004,0.6265603265299924,0.017207136524570055,-0.6779242104331716,-0.0005329590150371136,1.0,0.9523809523809523,0.9523809523809523,0.0441176470588235,0.09523809523809523,0.5
ChemSpacE adapted extreme-SVM,native_l2,HBA,21,21,21,True,True,True,False,True,True,False,False,False,False,0.925469343897196,0.7020779220779221,0.658403521135951,0.01734866828139131,-0.627488154231469,-0.0009068660017243931,1.0,0.9523809523809523,0.9523809523809523,0.0526315789473684,0.14285714285714285,0.3333333333333333
ChemSpacE adapted extreme-SVM,native_l2,HBA,22,21,21,True,True,True,False,True,True,False,False,True,True,0.9155936261855956,0.7066666666666667,0.6358525347624288,0.016931969897805918,-0.6313999999132481,-0.00045098556895888293,1.0,0.9523809523809523,0.9523809523809523,0.0363636363636363,0.14285714285714285,0.3333333333333333
ChemSpacE adapted extreme-SVM,native_l2,HBA,23,21,21,True,True,True,True,True,True,True,True,True,True,0.9155936261855956,0.7012987012987013,0.6833079317662335,0.016639408608266928,-0.6722390608400063,-0.00026197723335184256,1.0,0.9523809523809523,0.9523809523809523,0.0526315789473684,0.09523809523809523,0.5
ChemSpacE adapted extreme-SVM,native_l2,HBA,24,21,21,True,True,True,False,True,True,False,False,True,True,0.9155936261855956,0.6974025974025975,0.607384828236652,0.01654758986844035,-0.5882720031760981,-0.00027968859075611107,1.0,0.9523809523809523,0.9523809523809523,0.05,0.047619047619047616,1.0
ChemSpacE adapted extreme-SVM,native_l2,HBA,25,21,21,True,True,True,False,True,True,False,False,True,True,0.9155936261855956,0.7216450216450216,0.65884313877708,0.018360058922964804,-0.4547016584845105,-0.0005167066001879282,1.0,0.9523809523809523,0.9523809523809523,0.0327868852459016,0.14285714285714285,0.3333333333333333
ChemSpacE adapted extreme-SVM,native_l2,HBA,26,21,21,True,True,True,False,True,True,False,False,True,True,0.9155936261855956,0.6998268398268398,0.6888439074665283,0.015641095996863773,-0.628142526542688,-0.0005235373874995005,1.0,0.9523809523809523,0.9523809523809523,0.0350877192982456,0.047619047619047616,1.0
ChemSpacE adapted extreme-SVM,native_l2,HBA,27,21,21,True,True,True,False,True,True,False,False,True,True,0.9155936261855956,0.7018181818181819,0.6833079317662335,0.0164407625859596,-0.5882091782350054,-0.0005077058700975049,1.0,0.9523809523809523,0.9523809523809523,0.0232558139534883,0.09523809523809523,0.5
ChemSpacE adapted extreme-SVM,native_l2,HBA,28,21,21,True,True,True,False,True,True,False,False,True,True,0.9155936261855956,0.72,0.6274369265782176,0.017757584463020632,-0.654884893032364,-0.0001129363378595066,1.0,0.9523809523809523,0.9523809523809523,0.0789473684210526,0.047619047619047616,1.0
ChemSpacE adapted extreme-SVM,native_l2,HBA,29,21,21,True,True,True,False,True,True,False,False,True,True,0.925469343897196,0.7013852813852814,0.6677115344164961,0.016968423308820712,-0.6048147367590061,-0.0002731119205347553,1.0,0.9523809523809523,0.9523809523809523,0.0294117647058823,0.047619047619047616,1.0
ChemSpacE adapted extreme-SVM,native_l2,HBA,30,21,20,False,True,True,False,True,True,False,False,True,True,0.9314876128711165,0.6925201031709903,0.7425839550292233,0.016395217053356573,-0.5976804666800992,-0.0006115732322613222,1.0,0.9047619047619048,0.95,0.0213387241689128,0.05,1.0
ChemSpacE adapted extreme-SVM,native_l2,HBA,31,21,21,True,True,True,False,True,True,False,False,True,True,0.9155936261855956,0.7026839826839828,0.666344066114475,0.018028379416979694,-0.5952217045467791,-0.0005783094506918156,1.0,0.9523809523809523,0.9523809523809523,0.0652173913043478,0.09523809523809523,0.5
ChemSpacE adapted extreme-SVM,native_l2,HBA,32,21,21,True,True,True,False,True,True,False,False,False,False,0.9155936261855956,0.7192207792207793,0.7133923758616513,0.015756667242490772,-0.693017706247628,-7.51261471738888e-05,1.0,0.9523809523809523,0.9523809523809523,0.027027027027027,0.09523809523809523,0.5
ChemSpacE adapted extreme-SVM,native_l2,HBA,33,21,21,True,True,True,False,True,True,False,False,False,False,0.9155936261855956,0.7020779220779221,0.5972822446031308,0.02024971478433889,-0.394902673146597,1.6730529332508463e-07,1.0,0.9523809523809523,0.9523809523809523,0.0588235294117647,0.09523809523809523,0.5
ChemSpacE adapted extreme-SVM,native_l2,HBA,34,21,21,True,True,True,False,True,True,False,False,True,True,0.9155936261855956,0.7011255411255412,0.7365873026641854,0.016118858106607934,-0.6788778836199818,-0.0005421019074182456,1.0,1.0,1.0,0.0303030303030303,0.14285714285714285,0.0
ChemSpacE adapted extreme-SVM,native_l2,HBA,35,21,21,True,True,True,False,True,True,False,False,True,True,0.9155936261855956,0.7171428571428572,0.667591395472203,0.016363834899558016,-0.6338746583271423,-0.0007029290497477317,1.0,0.9523809523809523,0.9523809523809523,0.0363636363636363,0.14285714285714285,0.3333333333333333
ChemSpacE adapted extreme-SVM,native_l2,HBA,36,21,21,True,True,True,False,True,True,False,False,True,True,0.925469343897196,0.7078787878787879,0.6209290876715056,0.017200529368909707,-0.6032780547838322,-0.0007642694143727787,1.0,0.9523809523809523,0.9523809523809523,0.0188679245283018,0.047619047619047616,1.0
ChemSpacE adapted extreme-SVM,native_l2,HBA,37,21,21,True,False,False,False,True,True,False,False,False,False,0.9141752007383679,0.7177489177489178,0.5616521266903958,0.0155406400160741,-0.6750188344936349,-0.0009372479352784565,0.95,0.9523809523809523,0.9523809523809523,0.0363636363636363,0.14285714285714285,0.3333333333333333
ChemSpacE adapted extreme-SVM,native_l2,HBA,38,21,21,True,True,True,False,True,True,False,False,True,True,0.9155936261855956,0.7193939393939395,0.6265603265299924,0.016774762331847635,-0.6806439632213359,-0.0007407404137420284,1.0,0.9523809523809523,0.9523809523809523,0.0192307692307692,0.09523809523809523,0.5
ChemSpacE adapted extreme-SVM,native_l2,HBA,39,21,21,True,True,True,False,True,True,False,False,True,True,0.925469343897196,0.6973160173160173,0.6806439632213359,0.016315279874088696,-0.5123229563334308,-0.00019729360284407015,1.0,0.9523809523809523,0.9523809523809523,0.0256410256410256,0.09523809523809523,0.5
ChemSpacE adapted extreme-SVM,native_l2,HBA,40,21,21,True,True,True,True,True,True,True,True,True,True,0.9155936261855956,0.7018181818181818,0.6806439632213359,0.016269864947045302,-0.6468967152924663,-0.0005792366684085022,1.0,0.9523809523809523,0.9523809523809523,0.0454545454545454,0.047619047619047616,1.0
ChemSpacE adapted extreme-SVM,native_l2,HBA,41,21,21,True,True,True,False,True,True,False,False,True,True,0.925469343897196,0.714025974025974,0.5867365769624081,0.01775503192924586,-0.6752656841177475,-0.00025434933375257973,1.0,0.9523809523809523,0.9523809523809523,0.0196078431372549,0.14285714285714285,0.3333333333333333
ChemSpacE adapted extreme-SVM,native_l2,HBA,42,21,21,True,True,True,False,True,True,False,False,True,True,0.9155936261855956,0.698961038961039,0.6842076412931514,0.01645975771141611,-0.5321892564983383,-0.00022139350538479522,1.0,0.9523809523809523,0.9523809523809523,0.0204081632653061,0.047619047619047616,1.0
ChemSpacE adapted extreme-SVM,native_l2,HBA,43,21,21,True,True,True,False,True,True,False,False,True,True,0.925469343897196,0.7006926406926407,0.6650319257505329,0.0174870933724367,-0.6752183538915546,-0.00026912356900332966,1.0,0.9523809523809523,0.9523809523809523,0.0714285714285714,0.09523809523809523,0.5
ChemSpacE adapted extreme-SVM,native_l2,HBA,44,21,21,True,True,True,False,True,True,False,False,True,True,0.9155936261855956,0.7144588744588745,0.6353564979580768,0.016879777325678046,-0.6122177161221485,-0.00037937660850846254,1.0,0.9523809523809523,0.9523809523809523,0.0222222222222222,0.047619047619047616,1.0
ChemSpacE adapted extreme-SVM,native_l2,HBA,45,21,21,True,True,True,False,True,True,False,False,True,True,0.9155936261855956,0.7005194805194805,0.6968770725681788,0.016345960107160107,-0.5263539721349176,-0.00023053821188130706,1.0,0.9523809523809523,0.9523809523809523,0.0588235294117647,0.09523809523809523,0.5
ChemSpacE adapted extreme-SVM,native_l2,HBA,46,21,21,True,True,True,False,True,True,False,False,True,True,0.9155936261855956,0.7015584415584416,0.6779799946764383,0.016708338579331627,-0.6282234080469106,-0.0003171273489539265,1.0,0.9523809523809523,0.9523809523809523,0.0476190476190476,0.14285714285714285,0.3333333333333333
ChemSpacE adapted extreme-SVM,native_l2,HBA,47,21,21,True,True,True,False,True,True,False,False,True,True,0.9155936261855956,0.7005194805194805,0.6968770725681788,0.016637921752896103,-0.6174279418681858,-0.000376297874167263,1.0,0.9523809523809523,0.9523809523809523,0.0196078431372549,0.09523809523809523,0.5
ChemSpacE adapted extreme-SVM,native_l2,HBA,48,21,21,True,True,True,False,True,True,False,False,True,True,0.9155936261855956,0.7190476190476192,0.6200242204064182,0.018795885276067646,-0.4926460963598339,-0.0002000815461212748,1.0,0.9523809523809523,0.9523809523809523,0.057471264367816,0.09523809523809523,0.5
ChemSpacE adapted extreme-SVM,native_l2,HBA,49,21,21,True,True,True,False,True,True,False,False,False,False,0.9155936261855956,0.7015584415584416,0.6941993508676285,0.016381378433501105,-0.6053740341093709,-0.000546526150147093,1.0,0.9523809523809523,0.9523809523809523,0.032258064516129,0.09523809523809523,0.5
ChemSpacE adapted extreme-SVM,train_std_unit,HBA,0,21,21,True,True,True,False,True,True,False,False,True,True,0.925469343897196,0.6957575757575757,0.6877301612795328,0.01898803675753198,-0.5524695666641667,-0.000494949262710031,1.0,0.9523809523809523,0.9523809523809523,0.0441176470588235,0.14285714285714285,0.3333333333333333
ChemSpacE adapted extreme-SVM,train_std_unit,HBA,1,21,21,True,True,True,False,True,True,False,False,True,True,0.925469343897196,0.6927272727272727,0.6584006079247791,0.01953740329572766,-0.5254453291123963,-0.0010829062560257646,1.0,0.9523809523809523,0.9523809523809523,0.05,0.09523809523809523,0.5
ChemSpacE adapted extreme-SVM,train_std_unit,HBA,2,21,21,True,True,True,False,True,True,False,False,False,False,0.9251184550338166,0.6660606060606062,0.6136644106750141,0.016846562439923437,-0.523328040291687,-0.0010043147303740855,0.95,0.9523809523809523,0.9523809523809523,0.074074074074074,0.09523809523809523,0.5
ChemSpacE adapted extreme-SVM,train_std_unit,HBA,3,21,21,True,True,True,False,True,True,False,False,True,True,0.9155936261855956,0.6999134199134199,0.7277059350747559,0.01917690930503469,0.30725079712559694,-9.578358284092823e-05,1.0,0.9523809523809523,0.9523809523809523,0.050632911392405,0.09523809523809523,0.5
ChemSpacE adapted extreme-SVM,train_std_unit,HBA,4,21,21,True,True,True,False,True,True,False,False,True,True,0.925469343897196,0.6953246753246755,0.7373119624640347,0.018262600185379316,-0.46487023283606854,-0.0007082604205592289,1.0,0.9523809523809523,0.9523809523809523,0.0416666666666666,0.14285714285714285,0.3333333333333333
ChemSpacE adapted extreme-SVM,train_std_unit,HBA,5,21,21,True,False,False,False,True,True,False,False,False,False,0.9212594757672617,0.6901298701298701,0.6702294045850368,0.01706465806973141,-0.5183265699260368,-0.0007922782514452645,0.95,0.9523809523809523,0.9523809523809523,0.0422535211267605,0.23809523809523808,0.2
ChemSpacE adapted extreme-SVM,train_std_unit,HBA,6,21,21,True,False,False,False,True,True,False,False,True,False,0.9240660545205513,0.6908225108225109,0.6597062081885932,0.019170040381791265,-0.4911665151728238,-0.0005459784740938095,0.95,1.0,1.0,0.0277777777777777,0.09523809523809523,0.0
ChemSpacE adapted extreme-SVM,train_std_unit,HBA,7,21,21,True,True,True,False,True,True,False,False,False,False,0.925469343897196,0.6681385281385283,0.6910917999766549,0.01879216982043994,-0.505765728771108,-0.0006690002517132985,1.0,0.9523809523809523,0.9523809523809523,0.037037037037037,0.14285714285714285,0.3333333333333333
ChemSpacE adapted extreme-SVM,train_std_unit,HBA,8,21,21,True,True,True,False,True,True,False,False,True,True,0.9328075204080797,0.6903896103896104,0.6610211497624748,0.01801152333078671,-0.5920909610718006,-0.000995714437386642,1.0,0.9523809523809523,0.9523809523809523,0.0612244897959183,0.14285714285714285,0.3333333333333333
ChemSpacE adapted extreme-SVM,train_std_unit,HBA,9,21,21,True,True,True,False,True,True,False,False,True,True,0.925469343897196,0.6984415584415585,0.6825486283362916,0.01925416596346325,-0.3697276279539195,-0.00017796678007368178,1.0,0.9523809523809523,0.9523809523809523,0.0967741935483871,0.09523809523809523,0.5
ChemSpacE adapted extreme-SVM,train_std_unit,HBA,10,21,21,True,True,True,False,True,True,False,False,True,True,0.9328075204080797,0.6902164502164504,0.7050542172594689,0.019403511425056377,-0.6028517571214633,-0.0007008288410260215,1.0,0.9523809523809523,0.9523809523809523,0.0283018867924528,0.09523809523809523,0.5
ChemSpacE adapted extreme-SVM,train_std_unit,HBA,11,21,21,True,True,True,False,True,True,False,False,False,False,0.9328075204080797,0.6681385281385283,0.6952988368830393,0.017371989102913377,-0.48522386761912484,-0.00030510082128397327,1.0,0.9523809523809523,0.9523809523809523,0.0681818181818181,0.09523809523809523,0.5
ChemSpacE adapted extreme-SVM,train_std_unit,HBA,12,21,21,True,True,True,False,True,True,False,False,False,False,0.925469343897196,0.698961038961039,0.6790061491984817,0.016732317300623953,-0.6206553679620684,-0.0015354446499713588,1.0,0.9523809523809523,0.9523809523809523,0.0357142857142857,0.19047619047619047,0.25
ChemSpacE adapted extreme-SVM,train_std_unit,HBA,13,21,21,True,True,True,False,True,True,False,False,False,False,0.9314142298314255,0.7052813852813854,0.7603971271266318,0.01886803877857313,0.15657343392967518,-8.404921101277546e-05,1.0,0.9523809523809523,0.9523809523809523,0.0,0.09523809523809523,0.5
ChemSpacE adapted extreme-SVM,train_std_unit,HBA,14,21,20,False,True,True,False,True,True,False,False,False,False,0.939924809022797,0.6783233220161925,0.6949072048326183,0.01883709911458395,-0.6570932216402369,-0.0004560051342513834,1.0,0.9047619047619048,0.95,0.0,0.2,0.25
ChemSpacE adapted extreme-SVM,train_std_unit,HBA,15,21,21,True,True,True,False,True,True,False,False,True,True,0.9411239481143201,0.6958441558441558,0.6540042777723599,0.01922088379576384,-0.5900690326948176,-0.0007625493417897951,1.0,0.9523809523809523,0.9523809523809523,0.0212765957446808,0.19047619047619047,0.25
ChemSpacE adapted extreme-SVM,train_std_unit,HBA,16,21,21,True,True,True,False,True,True,False,False,False,False,0.925469343897196,0.674025974025974,0.6737425356388035,0.015912532178122326,-0.535093122113639,-0.0014709508424155678,1.0,0.9523809523809523,0.9523809523809523,0.0178571428571428,0.14285714285714285,0.3333333333333333
ChemSpacE adapted extreme-SVM,train_std_unit,HBA,17,21,21,True,False,False,False,True,True,False,False,False,False,0.9240660545205513,0.6935064935064935,0.6898875788525806,0.017253991151825784,-0.5662661051853551,-0.0003576143021493148,1.0,0.9523809523809523,0.9523809523809523,0.0166666666666666,0.14285714285714285,0.3333333333333333
ChemSpacE adapted extreme-SVM,train_std_unit,HBA,18,21,21,True,True,True,False,True,True,False,False,True,True,0.9328075204080797,0.6879653679653679,0.619046339972171,0.018518924021478592,-0.6054757038336351,-0.0018945619627037192,1.0,0.9523809523809523,0.9523809523809523,0.0181818181818181,0.14285714285714285,0.3333333333333333
ChemSpacE adapted extreme-SVM,train_std_unit,HBA,19,21,21,True,True,True,False,True,True,False,False,True,True,0.9328075204080797,0.6825974025974028,0.6645067019343684,0.018649426519692733,-0.6208081166772071,-0.0010938205245203966,1.0,0.9523809523809523,0.9523809523809523,0.0181818181818181,0.14285714285714285,0.3333333333333333
ChemSpacE adapted extreme-SVM,train_std_unit,HBA,20,21,21,True,True,True,False,True,True,False,False,True,True,0.925469343897196,0.6981818181818181,0.7096422708156009,0.018328044712679736,-0.5867516877459525,-0.0006818483589608274,1.0,0.9523809523809523,0.9523809523809523,0.0454545454545454,0.19047619047619047,0.25
ChemSpacE adapted extreme-SVM,train_std_unit,HBA,21,21,21,True,True,True,False,True,True,False,False,False,False,0.9328075204080797,0.6918614718614718,0.6993613432614029,0.018935907415141527,-0.5663037410573681,-0.0016966808662797483,1.0,0.9523809523809523,0.9523809523809523,0.050632911392405,0.14285714285714285,0.3333333333333333
ChemSpacE adapted extreme-SVM,train_std_unit,HBA,22,21,21,True,True,True,False,True,True,False,False,False,False,0.925469343897196,0.6985281385281384,0.6518195672676631,0.01816394405564564,-0.6219717102058904,-0.0008415916302411371,1.0,0.9523809523809523,0.9523809523809523,0.0363636363636363,0.09523809523809523,0.5
ChemSpacE adapted extreme-SVM,train_std_unit,HBA,23,21,21,True,False,False,False,True,True,False,False,False,False,0.9240660545205513,0.688138528138528,0.6605835017396081,0.017994508300651777,-0.6223182118474916,-0.0006012130804953026,1.0,0.9523809523809523,0.9523809523809523,0.0526315789473684,0.09523809523809523,0.5
ChemSpacE adapted extreme-SVM,train_std_unit,HBA,24,21,21,True,False,False,False,True,True,False,False,True,False,0.93141527037762,0.6635497835497836,0.6899299855151675,0.01826442377545753,-0.5023649281600178,-0.0005643883271746438,1.0,0.9523809523809523,0.9523809523809523,0.05,0.09523809523809523,0.5
ChemSpacE adapted extreme-SVM,train_std_unit,HBA,25,21,21,True,True,True,False,True,True,False,False,True,True,0.925469343897196,0.7006926406926407,0.6509942970919227,0.020247061106860226,-0.4740222847521994,-0.0007521559034721043,1.0,0.9523809523809523,0.9523809523809523,0.0327868852459016,0.14285714285714285,0.3333333333333333
ChemSpacE adapted extreme-SVM,train_std_unit,HBA,26,21,21,True,True,True,False,True,True,False,False,True,True,0.925469343897196,0.6703896103896104,0.6986258121157327,0.01753064736013607,-0.5878877691931058,-0.0005410730626397331,1.0,0.9523809523809523,0.9523809523809523,0.0350877192982456,0.09523809523809523,0.5
ChemSpacE adapted extreme-SVM,train_std_unit,HBA,27,21,21,True,True,True,False,True,True,False,False,True,True,0.925469343897196,0.6713419913419914,0.6925923091541155,0.0175650888766121,-0.49693066121013907,-0.0005746670296212531,1.0,0.9523809523809523,0.9523809523809523,0.0232558139534883,0.14285714285714285,0.3333333333333333
ChemSpacE adapted extreme-SVM,train_std_unit,HBA,28,21,21,True,True,True,False,True,True,False,False,True,True,0.925469343897196,0.6963636363636364,0.6592675983496885,0.01955831516395982,-0.6561953994429985,-0.00016635101135125419,1.0,0.9523809523809523,0.9523809523809523,0.0789473684210526,0.09523809523809523,0.5
ChemSpacE adapted extreme-SVM,train_std_unit,HBA,29,21,21,True,True,True,False,True,True,False,False,True,True,0.9328075204080797,0.6897835497835498,0.6549159494840426,0.020318620948739152,-0.46166167726738166,-0.00037928200305520577,1.0,0.9523809523809523,0.9523809523809523,0.0344827586206896,0.09523809523809523,0.5
ChemSpacE adapted extreme-SVM,train_std_unit,HBA,30,21,21,True,True,True,False,True,True,False,False,True,True,0.9328075204080797,0.6793939393939394,0.6845760850845917,0.017778367431414317,-0.5124724192433416,-0.001038205698001186,1.0,0.9523809523809523,0.9523809523809523,0.0208333333333333,0.14285714285714285,0.3333333333333333
ChemSpacE adapted extreme-SVM,train_std_unit,HBA,31,21,21,True,True,True,False,True,True,False,False,True,True,0.925469343897196,0.7006926406926407,0.6640832789432737,0.020682367973552017,-0.4908249086070214,-0.0002975429393168388,1.0,0.9523809523809523,0.9523809523809523,0.0697674418604651,0.14285714285714285,0.3333333333333333
ChemSpacE adapted extreme-SVM,train_std_unit,HBA,32,21,21,True,True,True,False,True,True,False,False,False,False,0.925469343897196,0.6996536796536796,0.7015241759756838,0.015394367476746074,-0.49593029544368766,3.771521109820301e-05,1.0,0.9523809523809523,0.9523809523809523,0.027027027027027,0.14285714285714285,0.3333333333333333
ChemSpacE adapted extreme-SVM,train_std_unit,HBA,33,21,21,True,False,False,False,True,True,False,False,True,False,0.9397440009763227,0.6693506493506494,0.6479257401852254,0.02109200935131703,-0.29470616144581335,-3.7644708296807654e-05,1.0,0.9523809523809523,0.9523809523809523,0.0377358490566037,0.047619047619047616,1.0
ChemSpacE adapted extreme-SVM,train_std_unit,HBA,34,21,21,True,False,False,False,True,True,False,False,True,False,0.9240660545205513,0.6903896103896104,0.5820932512833734,0.0170962228661903,-0.5934081823422608,-0.0008247150420840234,0.95,1.0,1.0,0.0303030303030303,0.09523809523809523,0.0
ChemSpacE adapted extreme-SVM,train_std_unit,HBA,35,21,21,True,True,True,False,True,True,False,False,True,True,0.925469343897196,0.6945454545454546,0.6923458517487394,0.01841521343659453,-0.6156389569991179,-0.0012622644687123482,1.0,0.9523809523809523,0.9523809523809523,0.0363636363636363,0.14285714285714285,0.3333333333333333
ChemSpacE adapted extreme-SVM,train_std_unit,HBA,36,21,21,True,True,True,False,True,True,False,False,False,False,0.9328075204080797,0.6877922077922077,0.6125843361751222,0.01855594144188308,-0.6592675879268565,-0.0011943893720389948,1.0,0.9523809523809523,0.9523809523809523,0.0188679245283018,0.14285714285714285,0.3333333333333333
ChemSpacE adapted extreme-SVM,train_std_unit,HBA,37,21,21,True,True,True,False,True,True,False,False,False,False,0.925469343897196,0.6962770562770563,0.6461468778722975,0.01743344585456368,-0.5739031206698503,-0.0016517090275990512,1.0,0.9523809523809523,0.9523809523809523,0.0317460317460317,0.14285714285714285,0.3333333333333333
ChemSpacE adapted extreme-SVM,train_std_unit,HBA,38,21,21,True,True,True,False,True,True,False,False,True,True,0.925469343897196,0.6967099567099567,0.6623235509710043,0.019030107312332487,-0.6088082877676705,-0.0013882923065190414,1.0,0.9523809523809523,0.9523809523809523,0.0192307692307692,0.19047619047619047,0.25
ChemSpacE adapted extreme-SVM,train_std_unit,HBA,39,21,21,True,True,True,False,True,True,False,False,True,True,0.9328075204080797,0.6656277056277057,0.6998597678500886,0.018848783100023896,-0.4162757698944314,-0.00015221712409695676,1.0,0.9523809523809523,0.9523809523809523,0.0256410256410256,0.14285714285714285,0.3333333333333333
ChemSpacE adapted extreme-SVM,train_std_unit,HBA,40,21,21,True,True,True,False,True,True,False,False,True,True,0.925469343897196,0.6915151515151514,0.6610211497624748,0.018032639984953348,-0.5272876471539192,-0.0005175115973544737,1.0,0.9523809523809523,0.9523809523809523,0.0454545454545454,0.09523809523809523,0.5
ChemSpacE adapted extreme-SVM,train_std_unit,HBA,41,21,21,True,True,True,False,True,True,False,False,True,True,0.9328075204080797,0.6869264069264069,0.6597082556068542,0.020514607802287855,-0.5044537554150221,-0.0006613625643617097,1.0,0.9523809523809523,0.9523809523809523,0.02,0.14285714285714285,0.3333333333333333
ChemSpacE adapted extreme-SVM,train_std_unit,HBA,42,21,21,True,True,True,False,True,True,False,False,True,True,0.925469343897196,0.6692640692640692,0.7013765068271138,0.017685074295839463,-0.46129419945004946,-0.0005368092925750192,1.0,0.9523809523809523,0.9523809523809523,0.0204081632653061,0.14285714285714285,0.3333333333333333
ChemSpacE adapted extreme-SVM,train_std_unit,HBA,43,21,21,True,True,True,False,True,True,False,False,True,True,0.9328075204080797,0.6707359307359309,0.6980541257973628,0.02031250495803942,-0.49969630408770577,-0.0002855800787605458,1.0,0.9523809523809523,0.9523809523809523,0.0714285714285714,0.14285714285714285,0.3333333333333333
ChemSpacE adapted extreme-SVM,train_std_unit,HBA,44,21,21,True,True,True,False,True,True,False,False,True,True,0.925469343897196,0.6944588744588746,0.7110088187992392,0.018161786014177214,-0.5787625363629375,-0.000509885671032351,1.0,0.9523809523809523,0.9523809523809523,0.0222222222222222,0.14285714285714285,0.3333333333333333
ChemSpacE adapted extreme-SVM,train_std_unit,HBA,45,21,21,True,True,True,False,True,True,False,False,True,True,0.9328075204080797,0.6896969696969697,0.6702548977346456,0.017790674843745365,-0.4483046603002783,-0.0005234419911524994,1.0,0.9523809523809523,0.9523809523809523,0.0588235294117647,0.14285714285714285,0.3333333333333333
ChemSpacE adapted extreme-SVM,train_std_unit,HBA,46,21,21,True,False,False,False,True,True,False,False,True,False,0.9240660545205513,0.6691774891774892,0.6224223034319415,0.01721300213300527,-0.5275471188192573,-0.0005050448243687325,0.95,0.9523809523809523,0.9523809523809523,0.0465116279069767,0.09523809523809523,0.5
ChemSpacE adapted extreme-SVM,train_std_unit,HBA,47,21,21,True,True,True,True,True,True,True,True,True,True,0.9328075204080797,0.6896103896103896,0.6763743424186426,0.019133597088193007,-0.603999655973068,-0.0007370634202026498,1.0,0.9523809523809523,0.9523809523809523,0.0196078431372549,0.14285714285714285,0.3333333333333333
ChemSpacE adapted extreme-SVM,train_std_unit,HBA,48,21,21,True,True,True,False,True,True,False,False,False,False,0.925469343897196,0.6967099567099567,0.6601448193402027,0.022705549388060683,-0.3714942443445068,-0.000171523099657067,1.0,0.9523809523809523,0.9523809523809523,0.0697674418604651,0.19047619047619047,0.25
ChemSpacE adapted extreme-SVM,train_std_unit,HBA,49,21,21,True,True,True,False,True,True,False,False,False,False,0.9251184550338166,0.6964502164502164,0.6776902458085621,0.018705563392960756,-0.5390421488451049,-0.0008172846694161488,0.95,0.9523809523809523,0.9523809523809523,0.032258064516129,0.19047619047619047,0.25
ChemSpacE adapted extreme-SVM,native_l2,TPSA,0,21,21,True,False,False,False,True,True,False,False,False,False,0.8393901954932437,6.811709090909098,0.706311217973262,0.016419102942939967,0.673708113776095,-8.836786265855729e-05,1.0,0.9523809523809523,0.9523809523809523,0.0204081632653061,0.09523809523809523,0.5
ChemSpacE adapted extreme-SVM,native_l2,TPSA,1,21,21,True,False,False,False,True,True,False,False,False,False,0.8290745445766847,7.067696969696972,0.6994470206456328,0.01703751837877095,0.3929477102155086,4.63989337981271e-05,1.0,0.9523809523809523,0.9523809523809523,0.05,0.047619047619047616,1.0
ChemSpacE adapted extreme-SVM,native_l2,TPSA,2,21,21,True,False,False,False,True,True,False,False,True,False,0.8583229577973178,7.978560173160164,0.7100431899723568,0.01788334434060704,-0.16691557647279137,-0.00010040665947164071,1.0,0.9523809523809523,0.9523809523809523,0.0666666666666666,0.09523809523809523,0.5
ChemSpacE adapted extreme-SVM,native_l2,TPSA,3,21,21,True,False,False,False,True,True,False,False,True,False,0.8356588237919336,6.793617316017325,0.7246315678266502,0.01612935901764266,0.6796826171907865,6.268949460162319e-05,1.0,0.9523809523809523,0.9523809523809523,0.05,0.14285714285714285,0.3333333333333333
ChemSpacE adapted extreme-SVM,native_l2,TPSA,4,21,21,True,False,False,True,True,True,False,False,True,True,0.9141752007383679,8.55173073593072,0.6783276167232212,0.014991059212026304,-0.5710060059637663,-0.00032104411286430404,0.95,0.9523809523809523,0.9523809523809523,0.0416666666666666,0.047619047619047616,1.0
ChemSpacE adapted extreme-SVM,native_l2,TPSA,5,21,21,True,False,False,False,True,True,False,False,False,False,0.8139504649907087,7.321808658008659,0.7285580231244109,0.017206179933127005,0.2720367496974252,-1.831852991508346e-05,1.0,0.9523809523809523,0.9523809523809523,0.0422535211267605,0.09523809523809523,0.5
ChemSpacE adapted extreme-SVM,native_l2,TPSA,6,21,21,True,False,False,False,True,True,False,False,False,False,0.8304494609026825,7.4691194805194785,0.7920336643928788,0.018092619859578923,0.24592645809405986,-0.00015491542382565962,1.0,1.0,1.0,0.0319148936170212,0.09523809523809523,0.0
ChemSpacE adapted extreme-SVM,native_l2,TPSA,7,21,21,True,False,False,False,True,True,False,False,False,False,0.8334221821211713,6.91876796536797,0.6941505704741894,0.016836349522184362,0.5465475978941795,6.954504513794855e-05,1.0,0.9523809523809523,0.9523809523809523,0.0303030303030303,0.09523809523809523,0.5
ChemSpacE adapted extreme-SVM,native_l2,TPSA,8,21,21,True,False,False,False,True,True,False,False,False,False,0.8304494609026825,7.108593939393943,0.633852244816688,0.016579768612716764,0.5246339812017897,-5.057654811355488e-05,1.0,0.9523809523809523,0.9523809523809523,0.0612244897959183,0.047619047619047616,1.0
ChemSpacE adapted extreme-SVM,native_l2,TPSA,9,21,21,True,False,False,False,True,True,False,False,False,False,0.8459532114079248,8.03070303030302,0.8128303946159742,0.017892055034720307,-0.375936678045405,-7.441428300842497e-05,1.0,0.9523809523809523,0.9523809523809523,0.1066666666666666,0.09523809523809523,0.5
ChemSpacE adapted extreme-SVM,native_l2,TPSA,10,21,21,True,False,False,False,True,True,False,False,False,False,0.8308346324875558,7.633113419913417,0.7279230136494416,0.017864395698751107,0.1070719275594412,-0.00018149271384126667,1.0,0.9523809523809523,0.9523809523809523,0.0394736842105263,0.047619047619047616,1.0
ChemSpacE adapted extreme-SVM,native_l2,TPSA,11,21,21,True,False,False,False,True,True,False,False,True,False,0.93141527037762,8.502671861471844,0.7456630666552406,0.014862552414136176,-0.6479816851149623,-4.557842519031166e-05,1.0,0.9523809523809523,0.9523809523809523,0.075,0.047619047619047616,1.0
ChemSpacE adapted extreme-SVM,native_l2,TPSA,12,21,21,True,False,False,False,True,True,False,False,False,False,0.7978486421158414,7.628746320346319,0.6598054472345398,0.01802002692263704,0.07746703631498646,-0.000575025683263582,1.0,0.9523809523809523,0.9523809523809523,0.044776119402985,0.047619047619047616,1.0
ChemSpacE adapted extreme-SVM,native_l2,TPSA,13,21,21,True,False,False,False,True,True,False,False,True,False,0.8645872689155486,6.610514285714293,0.7402130198833503,0.015372607471552061,0.6911087049064273,0.00019405982544571423,1.0,0.9523809523809523,0.9523809523809523,0.024390243902439,0.09523809523809523,0.5
ChemSpacE adapted extreme-SVM,native_l2,TPSA,14,21,21,True,False,False,False,True,True,False,False,False,False,0.8459532114079248,7.929993939393931,0.7693278089212447,0.018184356271912103,-0.26763659238747106,-0.00027476870865463193,1.0,0.9523809523809523,0.9523809523809523,0.0129870129870129,0.047619047619047616,1.0
ChemSpacE adapted extreme-SVM,native_l2,TPSA,15,21,21,True,True,True,True,True,True,True,True,True,True,0.9155936261855956,8.583500432900415,0.7933752945719779,0.014747952017219863,-0.6790400148621321,-0.0001381504949850043,1.0,0.9523809523809523,0.9523809523809523,0.0212765957446808,0.047619047619047616,1.0
ChemSpacE adapted extreme-SVM,native_l2,TPSA,16,21,21,True,False,False,False,True,True,False,False,False,False,0.8390811300804845,7.78898874458874,0.7466219534496108,0.018259401512634665,-0.1648506258267765,-0.00020385673329692788,1.0,0.9523809523809523,0.9523809523809523,0.0192307692307692,0.09523809523809523,0.5
ChemSpacE adapted extreme-SVM,native_l2,TPSA,17,21,21,True,False,False,False,True,True,False,False,False,False,0.8600818190468981,8.509926406926393,0.7511462491645323,0.01803629781405975,-0.42360980750768457,-5.899629884788937e-05,1.0,0.9523809523809523,0.9523809523809523,0.0298507462686567,0.09523809523809523,0.5
ChemSpacE adapted extreme-SVM,native_l2,TPSA,18,21,21,True,False,False,False,True,True,False,False,True,False,0.8722801124402217,8.436384415584401,0.6743206593357809,0.016600813295882862,-0.5750770036984907,-0.00032944681624627186,0.95,0.9523809523809523,0.9523809523809523,0.0181818181818181,0.047619047619047616,1.0
ChemSpacE adapted extreme-SVM,native_l2,TPSA,19,21,21,True,False,False,False,True,True,False,False,False,False,0.8483233731406541,8.115619047619036,0.7746703631498645,0.018356015615416194,-0.20039121741574464,-0.0002378788254573763,1.0,0.9523809523809523,0.9523809523809523,0.032258064516129,0.09523809523809523,0.5
ChemSpacE adapted extreme-SVM,native_l2,TPSA,20,21,21,True,False,False,False,True,True,False,False,True,False,0.8294602162220677,7.230112554112556,0.7249202853813014,0.01670444612267253,0.5236497657231782,-6.260432169763064e-05,1.0,0.9523809523809523,0.9523809523809523,0.0441176470588235,0.14285714285714285,0.3333333333333333
ChemSpacE adapted extreme-SVM,native_l2,TPSA,21,21,21,True,False,False,False,True,True,False,False,True,False,0.8334221821211713,6.752881385281391,0.6085520415525166,0.015435668620477476,0.5209966797976666,2.994928715878413e-05,1.0,0.9523809523809523,0.9523809523809523,0.0526315789473684,0.09523809523809523,0.5
ChemSpacE adapted extreme-SVM,native_l2,TPSA,22,21,21,True,False,False,False,True,True,False,False,True,False,0.833583465018532,7.107862337662341,0.6851825798204837,0.016896630967827377,0.1812905740872982,-5.482760325626488e-05,1.0,0.9523809523809523,0.9523809523809523,0.0363636363636363,0.09523809523809523,0.5
ChemSpacE adapted extreme-SVM,native_l2,TPSA,23,21,21,True,False,False,False,True,True,False,False,True,False,0.8308346324875558,7.428819913419913,0.7172379051922021,0.017650856725608392,0.0888504811326353,-8.401154020754472e-05,1.0,0.9523809523809523,0.9523809523809523,0.0526315789473684,0.09523809523809523,0.5
ChemSpacE adapted extreme-SVM,native_l2,TPSA,24,21,21,True,False,False,False,True,True,False,False,False,False,0.856572871096641,7.815788744588738,0.7600843290751707,0.018203357075762705,-0.4026414578854925,-0.0001110741624452154,1.0,0.9523809523809523,0.9523809523809523,0.05,0.047619047619047616,1.0
ChemSpacE adapted extreme-SVM,native_l2,TPSA,25,21,21,True,False,False,False,True,True,False,False,False,False,0.8009462104482655,6.825688311688321,0.6993518997059545,0.01586133299104763,0.6706987068895747,-8.858969856277891e-06,1.0,0.9523809523809523,0.9523809523809523,0.0327868852459016,0.14285714285714285,0.3333333333333333
ChemSpacE adapted extreme-SVM,native_l2,TPSA,26,21,21,True,False,False,False,True,True,False,False,False,False,0.8609505778972627,8.261871861471848,0.7715962835202539,0.01784514549536795,-0.32785690835015974,-7.199879987747334e-05,1.0,0.9523809523809523,0.9523809523809523,0.0285714285714285,0.047619047619047616,1.0
ChemSpacE adapted extreme-SVM,native_l2,TPSA,27,21,21,True,False,False,False,True,True,False,False,False,False,0.847327627673413,7.845255411255406,0.7749614244841152,0.018123883464088827,-0.07178172292329076,-0.0001398845357153558,1.0,0.9523809523809523,0.9523809523809523,0.0232558139534883,0.047619047619047616,1.0
ChemSpacE adapted extreme-SVM,native_l2,TPSA,28,21,21,True,False,False,True,True,True,False,False,True,False,0.8334221821211713,6.81951255411256,0.6392636456564762,0.015929794638876754,0.7472001184898649,0.00014166952635444533,1.0,0.9523809523809523,0.9523809523809523,0.0789473684210526,0.047619047619047616,1.0
ChemSpacE adapted extreme-SVM,native_l2,TPSA,29,21,21,True,False,False,False,True,True,False,False,True,False,0.8334221821211713,6.833001731601738,0.6954880474885905,0.016444498226903397,0.5773201676654552,8.595322556556348e-05,1.0,0.9523809523809523,0.9523809523809523,0.0294117647058823,0.09523809523809523,0.5
ChemSpacE adapted extreme-SVM,native_l2,TPSA,30,21,21,True,False,False,False,True,True,False,False,False,False,0.856572871096641,8.145709956709945,0.7693278089212447,0.01787289438167125,-0.21293799202123778,-0.000276140859172668,1.0,0.9523809523809523,0.9523809523809523,0.0238095238095238,0.047619047619047616,1.0
ChemSpacE adapted extreme-SVM,native_l2,TPSA,31,21,21,True,False,False,False,True,True,False,False,False,False,0.8551979547706432,7.7606857142857075,0.7668466451701453,0.01813250330650133,-0.05885287651979921,-6.62923181038866e-05,1.0,0.9523809523809523,0.9523809523809523,0.0652173913043478,0.047619047619047616,1.0
ChemSpacE adapted extreme-SVM,native_l2,TPSA,32,21,21,True,True,True,False,True,True,False,False,True,True,0.9328075204080797,8.554336796536782,0.7154530428483368,0.015750288420938407,-0.5215582505375309,-8.291337302847903e-06,1.0,0.9523809523809523,0.9523809523809523,0.0555555555555555,0.09523809523809523,0.5
ChemSpacE adapted extreme-SVM,native_l2,TPSA,33,21,21,True,False,False,False,True,True,False,False,False,False,0.8494044945721881,6.641828571428579,0.7222153271963416,0.015769511921063403,0.7205297353130973,0.0002444452042572363,1.0,0.9523809523809523,0.9523809523809523,0.0606060606060606,0.047619047619047616,1.0
ChemSpacE adapted extreme-SVM,native_l2,TPSA,34,21,21,True,False,False,False,True,True,False,False,False,False,0.8377067138149963,7.387273593073593,0.6718261942489342,0.01711357421761487,-0.0160386820496126,-8.362674676100358e-05,0.95,1.0,1.0,0.0309278350515463,0.09523809523809523,0.0
ChemSpacE adapted extreme-SVM,native_l2,TPSA,35,21,21,True,False,False,False,True,True,False,False,True,False,0.8821528841707961,8.702112554112539,0.7009502220114157,0.016942926318917206,-0.7140006996616933,-0.0002194176422271493,1.0,0.9523809523809523,0.9523809523809523,0.0363636363636363,0.047619047619047616,1.0
ChemSpacE adapted extreme-SVM,native_l2,TPSA,36,21,21,True,False,False,False,True,True,False,False,False,False,0.83495788128402,7.542281385281382,0.7252517365351318,0.017291782710689284,-0.08286652392299841,-0.00023762401983319065,1.0,0.9523809523809523,0.9523809523809523,0.0188679245283018,0.047619047619047616,1.0
ChemSpacE adapted extreme-SVM,native_l2,TPSA,37,21,21,True,False,False,False,True,True,False,False,False,False,0.804720723443282,7.540865800865801,0.6624767243488497,0.017843678141963516,0.05678414207724813,-0.0004785602632735379,1.0,0.9523809523809523,0.9523809523809523,0.0363636363636363,0.047619047619047616,1.0
ChemSpacE adapted extreme-SVM,native_l2,TPSA,38,21,21,True,False,False,False,True,True,False,False,True,False,0.8304494609026825,6.998283116883122,0.6126006857039592,0.01672325636007761,0.4452265572535072,3.557217560286092e-05,1.0,0.9523809523809523,0.9523809523809523,0.0192307692307692,0.047619047619047616,1.0
ChemSpacE adapted extreme-SVM,native_l2,TPSA,39,21,21,True,False,False,False,True,True,False,False,False,False,0.8583229577973178,7.900841558441551,0.743950676335301,0.018788089019755885,-0.11928216015108219,8.1500503063692e-05,1.0,0.9523809523809523,0.9523809523809523,0.0256410256410256,0.047619047619047616,1.0
ChemSpacE adapted extreme-SVM,native_l2,TPSA,40,21,21,True,False,False,True,True,True,False,False,True,False,0.9240660545205513,8.544490043290025,0.7644907144506355,0.014642038489229446,-0.6665144676528103,-0.00023359148985037322,1.0,0.9523809523809523,0.9523809523809523,0.0454545454545454,0.047619047619047616,1.0
ChemSpacE adapted extreme-SVM,native_l2,TPSA,41,21,21,True,False,False,False,True,True,False,False,True,False,0.8334221821211713,6.984451082251088,0.6540262600421552,0.01663171369643477,0.5665336646643007,-4.039125129821542e-06,1.0,0.9523809523809523,0.9523809523809523,0.0327868852459016,0.047619047619047616,1.0
ChemSpacE adapted extreme-SVM,native_l2,TPSA,42,21,21,True,False,False,False,True,True,False,False,False,False,0.8294602162220677,7.340376623376622,0.6491823451175833,0.017100630597031007,0.12316091652968006,-8.488070651188711e-05,0.95,0.9523809523809523,0.9523809523809523,0.0204081632653061,0.047619047619047616,1.0
ChemSpacE adapted extreme-SVM,native_l2,TPSA,43,21,21,True,False,False,False,True,True,False,False,True,False,0.8334221821211713,6.821220779220785,0.7232347177554201,0.01581471574317236,0.602192381734166,0.00024643218433064996,1.0,0.9523809523809523,0.9523809523809523,0.0714285714285714,0.09523809523809523,0.5
ChemSpacE adapted extreme-SVM,native_l2,TPSA,44,21,21,True,False,False,False,True,True,False,False,False,False,0.8304494609026825,7.040493506493511,0.7285580231244109,0.0163215923883791,0.3933062491332127,3.867887242314317e-05,1.0,0.9523809523809523,0.9523809523809523,0.0277777777777777,0.14285714285714285,0.3333333333333333
ChemSpacE adapted extreme-SVM,native_l2,TPSA,45,21,21,True,False,False,False,True,True,False,False,False,False,0.833583465018532,7.929897835497826,0.7938959095500447,0.017996379815672092,-0.07042735079266262,-0.00015376260882628013,1.0,0.9523809523809523,0.9523809523809523,0.074074074074074,0.09523809523809523,0.5
ChemSpacE adapted extreme-SVM,native_l2,TPSA,46,21,21,True,False,False,False,True,True,False,False,False,False,0.8318243772286803,7.074474458874462,0.7217933246738591,0.01643995225790895,0.34050437747677453,-5.607318700489129e-05,1.0,0.9523809523809523,0.9523809523809523,0.0476190476190476,0.047619047619047616,1.0
ChemSpacE adapted extreme-SVM,native_l2,TPSA,47,21,21,True,False,False,False,True,True,False,False,False,False,0.8692090966300902,8.362690909090897,0.7636993752230484,0.016878065748188956,-0.5757637220956136,-0.00022947154465129965,1.0,0.9523809523809523,0.9523809523809523,0.0196078431372549,0.09523809523809523,0.5
ChemSpacE adapted extreme-SVM,native_l2,TPSA,48,21,21,True,False,False,False,True,True,False,False,False,False,0.8494044945721881,6.681612121212129,0.7208704196969069,0.016174934177828146,0.6410694467458585,0.00012852029450527807,1.0,0.9523809523809523,0.9523809523809523,0.0689655172413793,0.09523809523809523,0.5
ChemSpacE adapted extreme-SVM,native_l2,TPSA,49,21,21,True,False,False,False,True,True,False,False,False,False,0.8267113836910915,7.85470389610389,0.7225804594208219,0.018354271625956316,-0.06816439871085354,-0.00013284215229136307,1.0,0.9523809523809523,0.9523809523809523,0.0394736842105263,0.09523809523809523,0.5
ChemSpacE adapted extreme-SVM,train_std_unit,TPSA,0,21,21,True,False,False,False,True,True,False,False,False,False,0.8665694553902464,6.835624242424246,0.6932405717252809,0.0171455556884514,0.5705882230713865,-0.00015866957260625422,1.0,0.9523809523809523,0.9523809523809523,0.0204081632653061,0.19047619047619047,0.25
ChemSpacE adapted extreme-SVM,train_std_unit,TPSA,1,21,21,True,False,False,False,True,True,False,False,True,False,0.8679438716557346,7.393089177489174,0.7408677865766361,0.019088062689419632,0.0039689345709462654,-0.00011259213460272279,1.0,0.9523809523809523,0.9523809523809523,0.05,0.09523809523809523,0.5
ChemSpacE adapted extreme-SVM,train_std_unit,TPSA,2,21,21,True,False,False,False,True,True,False,False,True,True,0.9363180180045146,7.92371688311687,0.7248328723978142,0.017886554650613135,-0.49144736571250747,-0.00018480892051823305,1.0,0.9523809523809523,0.9523809523809523,0.074074074074074,0.19047619047619047,0.25
ChemSpacE adapted extreme-SVM,train_std_unit,TPSA,3,21,21,True,False,False,False,True,True,False,False,False,False,0.8480199721686476,6.574050216450224,0.7578990510233663,0.01571997591141398,0.5789449272480512,6.569256495828108e-05,1.0,0.9523809523809523,0.9523809523809523,0.05,0.19047619047619047,0.25
ChemSpacE adapted extreme-SVM,train_std_unit,TPSA,4,21,21,True,True,True,False,True,True,False,False,True,True,0.9328075204080797,8.16032467532466,0.7339490502033966,0.015533762915473141,-0.42456541772714734,-8.72929753754796e-05,1.0,0.9523809523809523,0.9523809523809523,0.0416666666666666,0.14285714285714285,0.3333333333333333
ChemSpacE adapted extreme-SVM,train_std_unit,TPSA,5,21,21,True,False,False,False,True,True,False,False,True,False,0.8803136180451272,7.603148917748912,0.7706634474783997,0.018964310506176498,0.0480829880575778,-0.000304862098853737,1.0,0.9523809523809523,0.9523809523809523,0.0405405405405405,0.19047619047619047,0.25
ChemSpacE adapted extreme-SVM,train_std_unit,TPSA,6,21,21,True,False,False,False,True,True,False,False,True,False,0.8689471180306215,7.913224242424232,0.8344189348265671,0.019903453971993345,-0.03776855838563224,0.00014327699147148094,1.0,1.0,1.0,0.040650406504065,0.19047619047619047,0.0
ChemSpacE adapted extreme-SVM,train_std_unit,TPSA,7,21,21,True,False,False,False,True,True,False,False,True,False,0.8720671204521988,6.966532467532467,0.7265873750922868,0.017466108734125286,0.43438097217700783,5.597657296496328e-06,1.0,0.9523809523809523,0.9523809523809523,0.0303030303030303,0.09523809523809523,0.5
ChemSpacE adapted extreme-SVM,train_std_unit,TPSA,8,21,21,True,False,False,False,True,True,False,False,True,False,0.8679438716557346,7.254824242424241,0.6611410857916947,0.0184504685127924,0.31642229351768286,-2.2005368763843355e-05,0.95,0.9523809523809523,0.9523809523809523,0.0612244897959183,0.09523809523809523,0.5
ChemSpacE adapted extreme-SVM,train_std_unit,TPSA,9,21,21,True,False,False,False,True,True,False,False,False,False,0.9426668636394909,7.9118883116882985,0.7292586522065966,0.017008696002281942,-0.5516462123492355,-0.000174645238232475,1.0,0.9523809523809523,0.9523809523809523,0.1136363636363636,0.09523809523809523,0.5
ChemSpacE adapted extreme-SVM,train_std_unit,TPSA,10,21,21,True,False,False,False,True,True,False,False,True,False,0.8775647855141512,7.8684424242424145,0.7656008783460256,0.01879501960914436,-0.31936207585621446,-0.00014329116931741594,1.0,0.9523809523809523,0.9523809523809523,0.04,0.09523809523809523,0.5
ChemSpacE adapted extreme-SVM,train_std_unit,TPSA,11,21,21,True,True,True,True,True,True,True,True,True,True,0.9414688716912717,8.092890043290028,0.7300180456737985,0.015434192072371969,-0.5136707218963437,-8.978360097072406e-05,1.0,0.9523809523809523,0.9523809523809523,0.075,0.09523809523809523,0.5
ChemSpacE adapted extreme-SVM,train_std_unit,TPSA,12,21,21,True,False,False,False,True,True,False,False,True,False,0.8679438716557346,7.941747186147176,0.7263150264831665,0.01921316392510135,-0.5260611048272172,-0.0008977681306053638,1.0,0.9523809523809523,0.9523809523809523,0.0416666666666666,0.19047619047619047,0.25
ChemSpacE adapted extreme-SVM,train_std_unit,TPSA,13,21,21,True,False,False,False,True,True,False,False,True,False,0.8780145594600651,6.378986147186156,0.6592715592651152,0.016455028367897705,0.6429918411620197,0.00019919408536944754,1.0,0.9523809523809523,0.9523809523809523,0.0238095238095238,0.09523809523809523,0.5
ChemSpacE adapted extreme-SVM,train_std_unit,TPSA,14,21,21,True,False,False,False,True,True,False,False,True,False,0.9253186873965319,8.002130735930724,0.6439346531474897,0.01917762380892829,-0.5147919969307679,-0.0004377901235090868,0.95,0.9523809523809523,0.9523809523809523,0.0120481927710843,0.047619047619047616,1.0
ChemSpacE adapted extreme-SVM,train_std_unit,TPSA,15,21,21,True,True,True,False,True,True,False,False,True,True,0.9483409984550121,8.210227705627691,0.7523809051417069,0.015076078500192163,-0.5347109577422194,-4.7249536493967925e-05,1.0,0.9523809523809523,0.9523809523809523,0.0212765957446808,0.09523809523809523,0.5
ChemSpacE adapted extreme-SVM,train_std_unit,TPSA,16,21,21,True,False,False,False,True,True,False,False,True,False,0.9125578209794153,7.883661471861459,0.7483963642258902,0.017829815669183277,-0.48801477992526643,-0.0003410836985191711,1.0,0.9523809523809523,0.9523809523809523,0.0289855072463768,0.14285714285714285,0.3333333333333333
ChemSpacE adapted extreme-SVM,train_std_unit,TPSA,17,21,21,True,False,False,False,True,True,False,False,True,False,0.9366294059952491,8.463446753246737,0.697065602210202,0.017607277082500556,-0.5387669194950048,-0.00015214170837653262,0.95,0.9523809523809523,0.9523809523809523,0.0298507462686567,0.047619047619047616,1.0
ChemSpacE adapted extreme-SVM,train_std_unit,TPSA,18,21,21,True,False,False,False,True,True,False,False,True,False,0.9400894301210282,8.170030303030288,0.6265603265299924,0.015759773451790957,-0.4878395788803412,-0.0003815976013222346,0.95,0.9523809523809523,0.9523809523809523,0.0181818181818181,0.09523809523809523,0.5
ChemSpacE adapted extreme-SVM,train_std_unit,TPSA,19,21,21,True,False,False,False,True,True,False,False,True,False,0.9266685330264707,8.092433766233752,0.7219278809641435,0.017651012557583078,-0.48012633694566526,-0.0001865944571556598,1.0,0.9523809523809523,0.9523809523809523,0.032258064516129,0.14285714285714285,0.3333333333333333
ChemSpacE adapted extreme-SVM,train_std_unit,TPSA,20,21,21,True,False,False,False,True,True,False,False,True,False,0.8675722017046236,7.442820779220774,0.7479575920067658,0.018377182219312872,0.1912592130593624,-0.0004234872998302014,1.0,0.9523809523809523,0.9523809523809523,0.0520833333333333,0.09523809523809523,0.5
ChemSpacE adapted extreme-SVM,train_std_unit,TPSA,21,21,21,True,False,False,False,True,True,False,False,True,False,0.8665694553902464,6.689485714285719,0.7289609828637972,0.01591670563652131,0.3691586573306762,-7.55016023494344e-05,1.0,0.9523809523809523,0.9523809523809523,0.0512820512820512,0.19047619047619047,0.25
ChemSpacE adapted extreme-SVM,train_std_unit,TPSA,22,21,21,True,False,False,False,True,True,False,False,True,False,0.8748159529831749,7.304442424242423,0.6718261942489342,0.018211059306167374,-0.17289211976954608,-0.00029010126313619737,0.95,0.9523809523809523,0.9523809523809523,0.0363636363636363,0.14285714285714285,0.3333333333333333
ChemSpacE adapted extreme-SVM,train_std_unit,TPSA,23,21,21,True,False,False,False,True,True,False,False,False,False,0.8706927041867106,7.590660606060598,0.7880267487214139,0.01821851443424336,-0.2901639064349359,-0.0001607672302482212,1.0,0.9523809523809523,0.9523809523809523,0.0526315789473684,0.14285714285714285,0.3333333333333333
ChemSpacE adapted extreme-SVM,train_std_unit,TPSA,24,21,21,True,False,False,False,True,True,False,False,False,False,0.9339158523991632,7.6992969696969595,0.5729889410194688,0.017708199899113736,-0.5399689623369576,-0.00014350503630795156,1.0,0.9523809523809523,0.9523809523809523,0.05,0.09523809523809523,0.5
ChemSpacE adapted extreme-SVM,train_std_unit,TPSA,25,21,21,True,False,False,False,True,True,False,False,False,False,0.8334221821211713,6.6905740259740325,0.6862281624278407,0.01644613454345029,0.576900210447052,2.8314130533024558e-05,1.0,0.9523809523809523,0.9523809523809523,0.0327868852459016,0.14285714285714285,0.3333333333333333
ChemSpacE adapted extreme-SVM,train_std_unit,TPSA,26,21,21,True,False,False,False,True,True,False,False,False,False,0.9290538975590792,7.426695238095224,0.7299454005747882,0.01589157344384853,-0.481320475673891,-0.0003876006093676347,1.0,0.9523809523809523,0.9523809523809523,0.0350877192982456,0.09523809523809523,0.5
ChemSpacE adapted extreme-SVM,train_std_unit,TPSA,27,21,21,True,False,False,False,True,True,False,False,True,False,0.9198190220925407,8.008330735930725,0.7466219534496108,0.01815734093621544,-0.5070301272868171,-0.00015823576021915583,1.0,0.9523809523809523,0.9523809523809523,0.0232558139534883,0.14285714285714285,0.3333333333333333
ChemSpacE adapted extreme-SVM,train_std_unit,TPSA,28,21,21,True,False,False,False,True,True,False,False,False,False,0.833583465018532,7.074271861471865,0.6825113027061738,0.017436669526034572,0.5804650242500928,0.00021964095462470907,1.0,0.9523809523809523,0.9523809523809523,0.0789473684210526,0.047619047619047616,1.0
ChemSpacE adapted extreme-SVM,train_std_unit,TPSA,29,21,21,True,False,False,False,True,True,False,False,False,False,0.8844368668415917,6.267287445887448,0.7170541791509585,0.0165242815455461,0.40272849686884865,-0.00014515823288104287,1.0,0.9523809523809523,0.9523809523809523,0.0365853658536585,0.14285714285714285,0.3333333333333333
ChemSpacE adapted extreme-SVM,train_std_unit,TPSA,30,21,21,True,False,False,False,True,True,False,False,True,False,0.931167019868187,7.927503896103883,0.7077933318187505,0.01709556525819225,-0.5192377520339357,-0.0004762167212703385,1.0,0.9523809523809523,0.9523809523809523,0.0238095238095238,0.19047619047619047,0.25
ChemSpacE adapted extreme-SVM,train_std_unit,TPSA,31,21,21,True,False,False,False,True,True,False,False,False,False,0.9225688547445363,7.145842424242415,0.7506288691210756,0.016991224682531524,-0.4650663996901744,-0.0001531628361005678,1.0,0.9523809523809523,0.9523809523809523,0.0697674418604651,0.09523809523809523,0.5
ChemSpacE adapted extreme-SVM,train_std_unit,TPSA,32,21,21,True,True,True,False,True,True,False,False,False,False,0.9414688716912717,8.12048744588743,0.633412516355153,0.016149680659440398,-0.3885452469787089,6.979176176929373e-05,1.0,0.9523809523809523,0.9523809523809523,0.0555555555555555,0.047619047619047616,1.0
ChemSpacE adapted extreme-SVM,train_std_unit,TPSA,33,21,21,True,False,False,False,True,True,False,False,True,False,0.8884681176920517,6.444725541125547,0.7275874958342178,0.01541055426198768,0.6067133571936837,0.00021772518758695993,1.0,0.9523809523809523,0.9523809523809523,0.0606060606060606,0.09523809523809523,0.5
ChemSpacE adapted extreme-SVM,train_std_unit,TPSA,34,21,21,True,False,False,False,True,True,False,False,False,False,0.8940577807000082,7.469118614718608,0.8120682427502028,0.017742655108414603,-0.37156280081602516,-0.0003585168747856597,1.0,1.0,1.0,0.036144578313253,0.14285714285714285,0.0
ChemSpacE adapted extreme-SVM,train_std_unit,TPSA,35,21,21,True,False,False,False,True,True,False,False,True,False,0.9366294059952491,8.463646753246739,0.682875201874859,0.016623045944346545,-0.48300928913099783,-0.0001456180306326452,0.95,0.9523809523809523,0.9523809523809523,0.0363636363636363,0.09523809523809523,0.5
ChemSpacE adapted extreme-SVM,train_std_unit,TPSA,36,21,21,True,False,False,False,True,True,False,False,True,False,0.8826962812905996,7.728608658008648,0.7408677865766361,0.018966151548474485,-0.5123989111029175,-0.0004065604045713075,1.0,0.9523809523809523,0.9523809523809523,0.0188679245283018,0.09523809523809523,0.5
ChemSpacE adapted extreme-SVM,train_std_unit,TPSA,37,21,21,True,False,False,False,True,True,False,False,True,False,0.8693182879212226,7.958405194805187,0.7263150264831665,0.020018639752247047,-0.2954225486899778,-0.0002034820870000684,1.0,0.9523809523809523,0.9523809523809523,0.0363636363636363,0.047619047619047616,1.0
ChemSpacE adapted extreme-SVM,train_std_unit,TPSA,38,21,21,True,False,False,False,True,True,False,False,False,False,0.8665694553902464,7.131885714285713,0.7223460919122201,0.018709767216006937,-0.04171600009498594,-0.000345964526166418,1.0,0.9523809523809523,0.9523809523809523,0.0192307692307692,0.14285714285714285,0.3333333333333333
ChemSpacE adapted extreme-SVM,train_std_unit,TPSA,39,21,21,True,False,False,False,True,True,False,False,True,True,0.9253186873965319,7.747295238095226,0.6495822914448719,0.018413880222251443,-0.5044341611894005,-0.00029036839811143043,1.0,0.9523809523809523,0.9523809523809523,0.0256410256410256,0.09523809523809523,0.5
ChemSpacE adapted extreme-SVM,train_std_unit,TPSA,40,21,21,True,True,True,False,True,True,False,False,True,True,0.9380139283987896,8.128645887445872,0.6576597672234842,0.014884739456314178,-0.4989606822902099,-0.0002045252567575305,1.0,0.9523809523809523,0.9523809523809523,0.0612244897959183,0.14285714285714285,0.3333333333333333
ChemSpacE adapted extreme-SVM,train_std_unit,TPSA,41,21,21,True,False,False,False,True,True,False,False,True,False,0.8679438716557346,7.0619437229437265,0.6800107898221267,0.018062535007569044,0.4765575364920916,9.35220002001034e-05,1.0,0.9523809523809523,0.9523809523809523,0.0405405405405405,0.14285714285714285,0.3333333333333333
ChemSpacE adapted extreme-SVM,train_std_unit,TPSA,42,21,21,True,False,False,False,True,True,False,False,True,False,0.8826962812905996,7.601550649350643,0.675833109920399,0.01837332372766921,-0.3247833115046551,-0.00011870510540604673,1.0,0.9523809523809523,0.9523809523809523,0.0204081632653061,0.09523809523809523,0.5
ChemSpacE adapted extreme-SVM,train_std_unit,TPSA,43,21,21,True,False,False,False,True,True,False,False,True,False,0.8679438716557346,6.762190476190479,0.719909182306512,0.01644750400852551,0.5387800941655623,0.00016856317061565674,1.0,0.9523809523809523,0.9523809523809523,0.0714285714285714,0.047619047619047616,1.0
ChemSpacE adapted extreme-SVM,train_std_unit,TPSA,44,21,21,True,False,False,False,True,True,False,False,True,False,0.8679438716557346,7.242563636363633,0.6691549171346244,0.01806363558235471,0.1338399094493015,-5.22223066519276e-05,1.0,0.9523809523809523,0.9523809523809523,0.0303030303030303,0.09523809523809523,0.5
ChemSpacE adapted extreme-SVM,train_std_unit,TPSA,45,21,21,True,False,False,False,True,True,False,False,True,False,0.888195946594591,7.984373160173147,0.6945320497205683,0.017190772200599492,-0.5003055897896445,-6.132744384600573e-05,0.95,0.9523809523809523,0.9523809523809523,0.0588235294117647,0.047619047619047616,1.0
ChemSpacE adapted extreme-SVM,train_std_unit,TPSA,46,21,21,True,False,False,False,True,True,False,False,False,False,0.8706927041867106,7.269435497835494,0.7479575920067658,0.018404547584784516,0.10967311518089312,0.00011297925477496288,1.0,0.9523809523809523,0.9523809523809523,0.0476190476190476,0.09523809523809523,0.5
ChemSpacE adapted extreme-SVM,train_std_unit,TPSA,47,21,21,True,True,True,False,True,True,False,False,True,True,0.9414688716912717,8.11232640692639,0.7032074492456901,0.016964151416289236,-0.5287357905306225,-0.0005001839867462823,1.0,0.9523809523809523,0.9523809523809523,0.0196078431372549,0.14285714285714285,0.3333333333333333
ChemSpacE adapted extreme-SVM,train_std_unit,TPSA,48,21,21,True,False,False,False,True,True,False,False,False,False,0.8689471180306215,6.4964077922077985,0.7073702151701827,0.01652480245648257,0.5136553957517233,5.0807530697727086e-05,1.0,0.9523809523809523,0.9523809523809523,0.0697674418604651,0.19047619047619047,0.25
ChemSpacE adapted extreme-SVM,train_std_unit,TPSA,49,21,21,True,False,False,False,True,True,False,False,True,False,0.8926833644345202,8.106193073593062,0.7586427004640053,0.018729159343676097,-0.41700573328992757,-6.620933086019992e-05,1.0,0.9523809523809523,0.9523809523809523,0.0389610389610389,0.14285714285714285,0.3333333333333333
ChemSpacE adapted extreme-SVM,native_l2,cLogP,0,21,21,True,True,True,False,True,True,False,False,True,True,0.9534625892455924,0.6227929878787815,-0.8295124526436654,-0.014268980613518646,0.6333715771417149,0.0003081907737547267,1.0,0.9523809523809523,0.9523809523809523,0.0204081632653061,0.19047619047619047,0.25
ChemSpacE adapted extreme-SVM,native_l2,cLogP,1,21,21,True,True,True,True,True,True,True,True,True,True,0.9534625892455924,0.6229913515151452,-0.8349608102964973,-0.014514606968090406,0.6824067960172026,0.00022056648762532543,1.0,0.9523809523809523,0.9523809523809523,0.05,0.19047619047619047,0.25
ChemSpacE adapted extreme-SVM,native_l2,cLogP,2,21,21,True,False,False,True,True,True,False,False,True,True,0.9521004998323844,0.625683229437223,-0.7791151443549696,-0.01463637409799983,0.5434736758699876,8.760377582609169e-05,1.0,0.9523809523809523,0.9523809523809523,0.0606060606060606,0.23809523809523808,0.2
ChemSpacE adapted extreme-SVM,native_l2,cLogP,3,21,21,True,False,False,False,True,True,False,False,False,False,0.9493763210059684,0.6136222458874395,-0.7872876808342177,-0.01479540827367961,0.5380253182171557,1.3079508900647394e-05,0.95,0.9523809523809523,0.9523809523809523,0.0,0.14285714285714285,0.3333333333333333
ChemSpacE adapted extreme-SVM,native_l2,cLogP,4,21,21,True,True,True,True,True,True,True,True,True,True,0.943879807448539,0.6279884069264005,-0.8571969679889792,-0.013936561480696495,0.6205390570835146,0.0002818227272386713,1.0,0.9523809523809523,0.9523809523809523,0.0416666666666666,0.14285714285714285,0.3333333333333333
ChemSpacE adapted extreme-SVM,native_l2,cLogP,5,21,21,True,True,True,False,True,True,False,False,True,True,0.9534625892455924,0.6256501679653615,-0.8404091679493292,-0.01455798413067124,0.5843363582662273,9.136638545792971e-05,1.0,0.9523809523809523,0.9523809523809523,0.0422535211267605,0.14285714285714285,0.3333333333333333
ChemSpacE adapted extreme-SVM,native_l2,cLogP,6,21,21,True,True,True,False,True,True,False,False,True,True,0.9534625892455924,0.6266584458874395,-0.9057894597833126,-0.014455720841139974,0.5897847159190592,0.0002012148273574865,1.0,1.0,1.0,0.0266666666666666,0.19047619047619047,0.0
ChemSpacE adapted extreme-SVM,native_l2,cLogP,7,21,21,True,True,True,False,True,True,False,False,True,True,0.9534625892455924,0.622958571428565,-0.8227020055776255,-0.014211305316992369,0.5843363582662273,0.00012114549992874213,1.0,0.9523809523809523,0.9523809523809523,0.0303030303030303,0.19047619047619047,0.25
ChemSpacE adapted extreme-SVM,native_l2,cLogP,8,21,21,True,True,True,False,True,True,False,False,True,True,0.9411239481143201,0.6254406926406861,-0.7644907144506355,-0.015039798400698698,0.5781978508209681,0.0001515634500992929,1.0,0.9523809523809523,0.9523809523809523,0.0612244897959183,0.23809523809523808,0.2
ChemSpacE adapted extreme-SVM,native_l2,cLogP,9,21,21,True,True,True,True,True,True,True,True,True,True,0.943879807448539,0.628744673593067,-0.8599488041622986,-0.014271150696117429,0.6012762038702791,0.00022124709559549023,1.0,0.9523809523809523,0.9523809523809523,0.0784313725490196,0.14285714285714285,0.3333333333333333
ChemSpacE adapted extreme-SVM,native_l2,cLogP,10,21,21,True,True,True,False,True,True,False,False,True,True,0.9534625892455924,0.6261598813852748,-0.8322366314700813,-0.014275219851300824,0.5843363582662273,0.00020765004681042934,1.0,0.9523809523809523,0.9523809523809523,0.0161290322580645,0.09523809523809523,0.5
ChemSpacE adapted extreme-SVM,native_l2,cLogP,11,21,21,True,True,True,False,True,True,False,False,True,True,0.9314142298314255,0.6276120441558376,-0.7919809618925895,-0.014292166661893438,0.6790400148621321,0.000323930042500054,1.0,0.9523809523809523,0.9523809523809523,0.075,0.14285714285714285,0.3333333333333333
ChemSpacE adapted extreme-SVM,native_l2,cLogP,12,21,21,True,True,True,False,True,True,False,False,True,True,0.9534625892455924,0.6280261385281319,-0.8335987208832892,-0.014602827035616934,0.5516462123492355,0.00020586400345727138,1.0,0.9523809523809523,0.9523809523809523,0.0357142857142857,0.19047619047619047,0.25
ChemSpacE adapted extreme-SVM,native_l2,cLogP,13,21,21,True,True,True,True,True,True,True,True,True,True,0.9534625892455924,0.6204856277056213,-0.7695805184625137,-0.014330248344224153,0.5897847159190592,0.00017806296484202636,1.0,0.9523809523809523,0.9523809523809523,0.0,0.14285714285714285,0.3333333333333333
ChemSpacE adapted extreme-SVM,native_l2,cLogP,14,21,21,True,True,True,False,True,True,False,False,True,True,0.9534625892455924,0.6229081670995608,-0.8349608102964973,-0.014320705161725384,0.6374578453813389,0.0002803071819199261,1.0,0.9523809523809523,0.9523809523809523,0.0,0.19047619047619047,0.25
ChemSpacE adapted extreme-SVM,native_l2,cLogP,15,21,21,True,True,True,False,True,True,False,False,True,True,0.9534625892455924,0.6277266095238031,-0.7791151443549696,-0.01460436681883,0.7069244054549463,0.00027410661291609167,1.0,0.9523809523809523,0.9523809523809523,0.0212765957446808,0.19047619047619047,0.25
ChemSpacE adapted extreme-SVM,native_l2,cLogP,16,21,21,True,True,True,True,True,True,True,True,True,True,0.9534625892455924,0.6274582683982619,-0.8349608102964973,-0.014269261561855179,0.6374578453813389,0.00029062497677148066,1.0,0.9523809523809523,0.9523809523809523,0.0178571428571428,0.14285714285714285,0.3333333333333333
ChemSpacE adapted extreme-SVM,native_l2,cLogP,17,21,21,True,True,True,False,True,True,False,False,True,True,0.9534625892455924,0.6279864008657944,-0.7559596243304338,-0.01434347924339211,0.5897847159190592,0.00012074389276641324,1.0,0.9523809523809523,0.9523809523809523,0.0166666666666666,0.19047619047619047,0.25
ChemSpacE adapted extreme-SVM,native_l2,cLogP,18,21,21,True,True,True,False,True,True,False,False,True,True,0.943879807448539,0.6264439497835432,-0.7966565721759535,-0.014064752683219049,0.576509678310405,0.00021401636546974703,1.0,0.9523809523809523,0.9523809523809523,0.0181818181818181,0.14285714285714285,0.3333333333333333
ChemSpacE adapted extreme-SVM,native_l2,cLogP,19,21,21,True,True,True,False,True,True,False,False,True,True,0.9534625892455924,0.6262059090909027,-0.8335987208832892,-0.014370111129248615,0.6143023253568031,0.00021877777291195977,1.0,0.9523809523809523,0.9523809523809523,0.0181818181818181,0.14285714285714285,0.3333333333333333
ChemSpacE adapted extreme-SVM,native_l2,cLogP,20,21,21,True,False,False,False,True,True,False,False,True,False,0.9397440009763227,0.6277161298701234,-0.7644907144506355,-0.014752434293582327,0.6665144676528103,0.00019656373034937665,0.95,0.9523809523809523,0.9523809523809523,0.0441176470588235,0.09523809523809523,0.5
ChemSpacE adapted extreme-SVM,native_l2,cLogP,21,21,21,True,False,False,False,True,True,False,False,True,False,0.9493763210059684,0.610688753246747,-0.7859255914210097,-0.015018502594940673,0.43723070163976446,0.000151315619424129,0.95,0.9523809523809523,0.9523809523809523,0.0483870967741935,0.19047619047619047,0.25
ChemSpacE adapted extreme-SVM,native_l2,cLogP,22,21,21,True,False,False,False,True,True,False,False,True,False,0.9493763210059684,0.6134373168831105,-0.7872876808342177,-0.014992583070994726,0.5380253182171557,-1.5886854890755256e-05,0.95,0.9523809523809523,0.9523809523809523,0.0363636363636363,0.14285714285714285,0.3333333333333333
ChemSpacE adapted extreme-SVM,native_l2,cLogP,23,21,21,True,True,True,True,True,True,True,True,True,True,0.9534625892455924,0.626070112554106,-0.8335987208832892,-0.014214274410088545,0.5816121794398114,0.00016253501602828192,1.0,0.9523809523809523,0.9523809523809523,0.0526315789473684,0.14285714285714285,0.3333333333333333
ChemSpacE adapted extreme-SVM,native_l2,cLogP,24,21,21,True,False,False,True,True,True,False,False,False,False,0.9397520531885598,0.6180724502164437,-0.7333643401896083,-0.014616802394312891,0.5517431527505308,0.0002057999586205315,0.95,0.9523809523809523,0.9523809523809523,0.05,0.047619047619047616,1.0
ChemSpacE adapted extreme-SVM,native_l2,cLogP,25,21,21,True,True,True,False,True,True,False,False,True,True,0.9605869417846948,0.6194343662337599,-0.7307491091268509,-0.014437323913332438,0.6685576955841402,0.0002503644823211487,1.0,0.9523809523809523,0.9523809523809523,0.0327868852459016,0.14285714285714285,0.3333333333333333
ChemSpacE adapted extreme-SVM,native_l2,cLogP,26,21,21,True,True,True,False,True,True,False,False,True,True,0.943879807448539,0.628384242424236,-0.7746418827893986,-0.013982442597228138,0.6205390570835146,0.0002649254463883321,1.0,0.9523809523809523,0.9523809523809523,0.0434782608695652,0.09523809523809523,0.5
ChemSpacE adapted extreme-SVM,native_l2,cLogP,27,21,21,True,True,True,True,True,True,True,True,True,True,0.943879807448539,0.6281804779220715,-0.8571969679889792,-0.014005395502972737,0.6700721082032631,0.00022760502900982005,1.0,0.9523809523809523,0.9523809523809523,0.0232558139534883,0.09523809523809523,0.5
ChemSpacE adapted extreme-SVM,native_l2,cLogP,28,21,21,True,True,True,True,True,True,True,True,True,True,0.9534625892455924,0.6252197922077858,-0.7450629090247699,-0.014083168648559212,0.6551650077530428,0.0002126136688391254,1.0,0.9523809523809523,0.9523809523809523,0.0789473684210526,0.09523809523809523,0.5
ChemSpacE adapted extreme-SVM,native_l2,cLogP,29,21,21,True,True,True,False,True,True,False,False,True,True,0.9534625892455924,0.6236864415584352,-0.8227020055776255,-0.014148781878806986,0.6333715771417149,0.00023958650056992676,1.0,0.9523809523809523,0.9523809523809523,0.0294117647058823,0.14285714285714285,0.3333333333333333
ChemSpacE adapted extreme-SVM,native_l2,cLogP,30,21,21,True,False,False,False,True,True,False,False,True,False,0.9521004998323844,0.6233186597402531,-0.8267882738172494,-0.013986973718747563,0.5938709841586832,0.00026403785105116786,0.95,0.9523809523809523,0.9523809523809523,0.0238095238095238,0.23809523809523808,0.2
ChemSpacE adapted extreme-SVM,native_l2,cLogP,31,21,21,True,False,False,False,True,True,False,False,True,False,0.9493763210059684,0.6139100346320281,-0.7096485842813622,-0.014918448533478332,0.5856984476794352,0.00012708626952605368,0.95,0.9523809523809523,0.9523809523809523,0.0697674418604651,0.14285714285714285,0.3333333333333333
ChemSpacE adapted extreme-SVM,native_l2,cLogP,32,21,21,True,False,False,False,True,True,False,False,False,False,0.9425038893618791,0.6260165714285649,-0.7773937189627179,-0.014065187737504094,0.6260427294301533,0.0003539133386141022,1.0,0.9523809523809523,0.9523809523809523,0.0555555555555555,0.14285714285714285,0.3333333333333333
ChemSpacE adapted extreme-SVM,native_l2,cLogP,33,21,21,True,False,False,False,True,True,False,False,False,False,0.9480142315927604,0.6107321904761843,-0.6497166501002107,-0.014776287147274917,0.6388199347945469,0.0002868620392344423,0.95,0.9523809523809523,0.9523809523809523,0.0606060606060606,0.09523809523809523,1.0
ChemSpacE adapted extreme-SVM,native_l2,cLogP,34,21,21,True,False,False,False,True,True,False,False,False,False,0.9493763210059684,0.6163155004328941,-0.7055623160417384,-0.014750623479276448,0.5407494970435717,0.00013755916493680335,0.95,1.0,1.0,0.0303030303030303,0.14285714285714285,0.0
ChemSpacE adapted extreme-SVM,native_l2,cLogP,35,21,21,True,True,True,True,True,True,True,True,True,True,0.943879807448539,0.6286226580086515,-0.8613247222489583,-0.014122169932747983,0.6246668113434937,0.00023046548750595822,1.0,0.9523809523809523,0.9523809523809523,0.0363636363636363,0.14285714285714285,0.3333333333333333
ChemSpacE adapted extreme-SVM,native_l2,cLogP,36,21,21,True,True,True,False,True,True,False,False,True,True,0.9534625892455924,0.6247020112554047,-0.8335987208832892,-0.0145791648760173,0.5516462123492355,0.00020583514187925032,1.0,0.9523809523809523,0.9523809523809523,0.0188679245283018,0.19047619047619047,0.25
ChemSpacE adapted extreme-SVM,native_l2,cLogP,37,21,21,True,True,True,True,True,True,True,True,True,True,0.9411239481143201,0.6286328658008592,-0.8196885999705369,-0.014402182425937089,0.6416754191688546,0.00015126503399129758,1.0,0.9523809523809523,0.9523809523809523,0.0363636363636363,0.19047619047619047,0.25
ChemSpacE adapted extreme-SVM,native_l2,cLogP,38,21,21,True,False,False,False,True,True,False,False,True,False,0.9493763210059684,0.6139054303030239,-0.7913739490738416,-0.015001153450328108,0.5407494970435717,9.176034865757636e-05,0.95,0.9523809523809523,0.9523809523809523,0.0192307692307692,0.19047619047619047,0.25
ChemSpacE adapted extreme-SVM,native_l2,cLogP,39,21,21,True,True,True,False,True,True,False,False,True,True,0.943879807448539,0.627790441558435,-0.8613247222489583,-0.0142278614716118,0.6948386337631373,0.00031164882011850927,1.0,0.9523809523809523,0.9523809523809523,0.0256410256410256,0.19047619047619047,0.25
ChemSpacE adapted extreme-SVM,native_l2,cLogP,40,21,21,True,False,False,False,True,True,False,False,False,False,0.9425038893618791,0.6177234658008592,-0.7361161763629275,-0.0148296693132755,0.5269766271906566,0.00014646086350940613,1.0,0.9523809523809523,0.9523809523809523,0.0666666666666666,0.19047619047619047,0.25
ChemSpacE adapted extreme-SVM,native_l2,cLogP,41,21,21,True,False,False,True,True,True,False,False,False,False,0.9493763210059684,0.6158704770562706,-0.7913739490738416,-0.015036461645454448,0.5380253182171557,0.00019694967231338918,0.95,0.9523809523809523,0.9523809523809523,0.0196078431372549,0.14285714285714285,0.3333333333333333
ChemSpacE adapted extreme-SVM,native_l2,cLogP,42,21,21,True,False,False,True,True,True,False,False,False,False,0.9493763210059684,0.615011042424236,-0.7913739490738416,-0.014997947630337205,0.5461978546964036,0.00011303446286300114,0.95,0.9523809523809523,0.9523809523809523,0.0204081632653061,0.19047619047619047,0.25
ChemSpacE adapted extreme-SVM,native_l2,cLogP,43,21,21,True,True,True,True,True,True,True,True,True,True,0.9411239481143201,0.6247498268398204,-0.7644907144506355,-0.014576199202107381,0.6637545733768152,8.869799528546557e-05,1.0,0.9523809523809523,0.9523809523809523,0.0714285714285714,0.09523809523809523,0.5
ChemSpacE adapted extreme-SVM,native_l2,cLogP,44,21,21,True,False,False,False,True,True,False,False,True,False,0.9521004998323844,0.609786469264063,-0.8662888668002809,-0.013509378386770875,0.5775259112001874,0.00025385425838530683,1.0,0.9523809523809523,0.9523809523809523,0.0222222222222222,0.14285714285714285,0.3333333333333333
ChemSpacE adapted extreme-SVM,native_l2,cLogP,45,21,21,True,True,True,True,True,True,True,True,True,True,0.9411239481143201,0.6287355151515087,-0.8238284413845296,-0.01448785002671486,0.6154564235469014,0.00018049751322746948,1.0,0.9523809523809523,0.9523809523809523,0.074074074074074,0.14285714285714285,0.3333333333333333
ChemSpacE adapted extreme-SVM,native_l2,cLogP,46,21,21,True,False,False,False,True,True,False,False,False,False,0.9425038893618791,0.6186881212121146,-0.7361161763629275,-0.014896749873837496,0.5269766271906566,0.00019834752276572391,1.0,0.9523809523809523,0.9523809523809523,0.0476190476190476,0.14285714285714285,0.3333333333333333
ChemSpacE adapted extreme-SVM,native_l2,cLogP,47,21,21,True,False,False,False,True,True,False,False,True,False,0.9521004998323844,0.6255441506493442,-0.8376849891229131,-0.014339488467968288,0.5897847159190592,0.00014311325990538503,1.0,0.9523809523809523,0.9523809523809523,0.0196078431372549,0.14285714285714285,0.3333333333333333
ChemSpacE adapted extreme-SVM,native_l2,cLogP,48,21,21,True,True,True,True,True,True,True,True,True,True,0.9534625892455924,0.6243916285714219,-0.6878551536700345,-0.014260962558860016,0.5843363582662273,0.00016003870714986553,1.0,0.9523809523809523,0.9523809523809523,0.0697674418604651,0.14285714285714285,0.3333333333333333
ChemSpacE adapted extreme-SVM,native_l2,cLogP,49,21,21,True,True,True,False,True,True,False,False,True,True,0.943879807448539,0.628370822510816,-0.7773937189627179,-0.014276522732768589,0.5957725315236405,0.00023147909276140588,1.0,0.9523809523809523,0.9523809523809523,0.032258064516129,0.14285714285714285,0.3333333333333333
ChemSpacE adapted extreme-SVM,train_std_unit,cLogP,0,21,21,True,True,True,False,True,True,False,False,True,True,0.9819805060619656,0.5716457220779164,-0.6857331884082548,-0.012247622925074215,0.3841957400821563,0.00039031319262391995,1.0,0.9523809523809523,0.9523809523809523,0.0204081632653061,0.23809523809523808,0.2
ChemSpacE adapted extreme-SVM,train_std_unit,cLogP,1,21,21,True,False,False,False,True,True,False,False,True,False,0.9736805031600716,0.5699885809523754,-0.837818107370294,-0.013077844726027814,0.5687572843356368,0.0005949965519325214,1.0,0.9523809523809523,0.9523809523809523,0.05,0.23809523809523808,0.2
ChemSpacE adapted extreme-SVM,train_std_unit,cLogP,2,21,21,True,False,False,False,True,True,False,False,True,True,0.9733469950626038,0.5740462831168773,-0.7095239902407071,-0.014274659134501317,0.3630897414846811,-4.177394645322602e-05,0.95,0.9047619047619048,0.9047619047619048,0.05,0.2857142857142857,0.3333333333333333
ChemSpacE adapted extreme-SVM,train_std_unit,cLogP,3,21,21,True,True,True,False,True,True,False,False,True,True,0.985281290180231,0.5655253688311631,-0.7532953275424777,-0.012545050222640075,0.49577221256736664,0.0004307952815644754,1.0,0.9523809523809523,0.9523809523809523,0.0147058823529411,0.3333333333333333,0.14285714285714285
ChemSpacE adapted extreme-SVM,train_std_unit,cLogP,4,21,21,True,True,True,False,True,True,False,False,True,True,0.970004686024295,0.5734375670995613,-0.7062490985201043,-0.012442433595924037,0.47864275397334083,0.0004953537516293148,1.0,0.9523809523809523,0.9523809523809523,0.0416666666666666,0.23809523809523808,0.2
ChemSpacE adapted extreme-SVM,train_std_unit,cLogP,5,21,21,True,True,True,False,True,True,False,False,True,True,0.9750124874325203,0.5760327229437172,-0.772550878020303,-0.012854269851668872,0.4741864009917721,0.0001889209562621479,1.0,0.9523809523809523,0.9523809523809523,0.0422535211267605,0.23809523809523808,0.2
ChemSpacE adapted extreme-SVM,train_std_unit,cLogP,6,21,21,True,False,False,False,True,True,False,False,True,False,0.971016534615174,0.5895936787878728,-0.8764456512713091,-0.013402933626645406,0.4861742594438113,0.00034693163291330204,1.0,1.0,1.0,0.0266666666666666,0.2857142857142857,0.0
ChemSpacE adapted extreme-SVM,train_std_unit,cLogP,7,21,21,True,True,True,False,True,True,False,False,True,True,0.9750124874325203,0.5683402424242368,-0.7139435700325558,-0.0132531962190884,0.39027139182749787,0.00040727230923499197,1.0,0.9523809523809523,0.9523809523809523,0.0303030303030303,0.19047619047619047,0.25
ChemSpacE adapted extreme-SVM,train_std_unit,cLogP,8,21,21,True,False,False,False,True,True,False,False,False,False,0.969684550342725,0.5683371887445829,-0.7219354756672487,-0.013456351513174342,0.43289488854585945,0.00028407948904224573,0.95,0.9523809523809523,0.9523809523809523,0.0612244897959183,0.23809523809523808,0.2
ChemSpacE adapted extreme-SVM,train_std_unit,cLogP,9,21,21,True,True,True,False,True,True,False,False,True,True,0.970004686024295,0.5782629350649292,-0.8816398699061399,-0.013320292515870157,0.38090591190326006,0.0002254113960554391,1.0,0.9523809523809523,0.9523809523809523,0.0958904109589041,0.2857142857142857,0.16666666666666666
ChemSpacE adapted extreme-SVM,train_std_unit,cLogP,10,21,21,True,False,False,True,True,True,False,False,True,True,0.9736805031600716,0.572327523809518,-0.7099476172152095,-0.012425317257193922,0.47152243244687453,0.0004093200820164629,1.0,0.9523809523809523,0.9523809523809523,0.0161290322580645,0.19047619047619047,0.25
ChemSpacE adapted extreme-SVM,train_std_unit,cLogP,11,21,21,True,True,True,False,True,True,False,False,True,True,0.970004686024295,0.57771344588744,-0.7035713768195543,-0.01297330119599637,0.5348749096848942,0.0003748201357342137,1.0,0.9523809523809523,0.9523809523809523,0.075,0.19047619047619047,0.25
ChemSpacE adapted extreme-SVM,train_std_unit,cLogP,12,21,21,True,False,False,False,True,True,False,False,True,True,0.9736805031600716,0.5765155480519422,-0.8351541388253965,-0.013003749256789297,0.502158070713197,0.00041530555883871937,1.0,0.9523809523809523,0.9523809523809523,0.0357142857142857,0.2857142857142857,0.16666666666666666
ChemSpacE adapted extreme-SVM,train_std_unit,cLogP,13,21,21,True,False,False,False,True,True,False,False,False,False,0.9740453100533842,0.5446438025973972,-0.6725078617272856,-0.014311976226299747,0.3868408054183501,0.00016778780176222657,1.0,0.9523809523809523,0.9523809523809523,0.0,0.2857142857142857,0.5
ChemSpacE adapted extreme-SVM,train_std_unit,cLogP,14,21,21,True,True,True,False,True,True,False,False,True,True,0.985281290180231,0.5705846727272671,-0.7374781028171764,-0.012537769656198777,0.3955629355590691,0.00039699486444453745,1.0,0.9523809523809523,0.9523809523809523,0.0,0.19047619047619047,0.25
ChemSpacE adapted extreme-SVM,train_std_unit,cLogP,15,21,21,True,False,False,False,True,True,False,False,True,True,0.9686658251740199,0.592831245021639,-0.7182988461725801,-0.014090781528380477,0.6098511173002986,0.0005629958337138548,0.95,0.9523809523809523,0.9523809523809523,0.0212765957446808,0.3333333333333333,0.14285714285714285
ChemSpacE adapted extreme-SVM,train_std_unit,cLogP,16,21,21,True,True,True,False,True,True,False,False,True,True,0.9750124874325203,0.5894283047618989,-0.8258302489182549,-0.01395144057939692,0.5567694258835977,0.00045014387808113804,1.0,0.9523809523809523,0.9523809523809523,0.0178571428571428,0.2857142857142857,0.16666666666666666
ChemSpacE adapted extreme-SVM,train_std_unit,cLogP,17,21,21,True,True,True,False,True,True,False,False,True,True,0.9750124874325203,0.5788310536796479,-0.837818107370294,-0.013057114259719789,0.5114819606203386,0.0002643467374953849,1.0,0.9523809523809523,0.9523809523809523,0.0166666666666666,0.23809523809523808,0.2
ChemSpacE adapted extreme-SVM,train_std_unit,cLogP,18,21,21,True,True,True,False,True,True,False,False,True,True,0.9770084209183943,0.5743336848484789,-0.7151435788491105,-0.012140756593567266,0.47454694730322017,0.0005768198238387924,1.0,0.9523809523809523,0.9523809523809523,0.0181818181818181,0.19047619047619047,0.25
ChemSpacE adapted extreme-SVM,train_std_unit,cLogP,19,21,21,True,True,True,False,True,True,False,False,True,True,0.9750124874325203,0.589112477922072,-0.8271622331907037,-0.013808247262875347,0.47152243244687453,0.0003493813036552213,1.0,0.9523809523809523,0.9523809523809523,0.0181818181818181,0.2857142857142857,0.16666666666666666
ChemSpacE adapted extreme-SVM,train_std_unit,cLogP,20,21,21,True,False,False,False,True,True,False,False,False,False,0.969684550342725,0.5754835844155786,-0.8165063590111133,-0.013646705597500308,0.4475467155427962,0.00023812436927761924,0.95,0.9523809523809523,0.9523809523809523,0.0441176470588235,0.19047619047619047,0.25
ChemSpacE adapted extreme-SVM,train_std_unit,cLogP,21,21,21,True,False,False,False,True,True,False,False,True,False,0.9690445728112169,0.5487734450216397,-0.7340844503624698,-0.014797719636742654,0.3252272881352714,0.00022071779492610773,0.95,0.9523809523809523,0.9523809523809523,0.0526315789473684,0.2857142857142857,0.16666666666666666
ChemSpacE adapted extreme-SVM,train_std_unit,cLogP,22,21,21,True,False,False,False,True,True,False,False,False,False,0.9703720311301365,0.5654955350649296,-0.7832004081624905,-0.015084618807012354,0.32068998469553345,1.4178359767369871e-06,0.95,0.9523809523809523,0.9523809523809523,0.0363636363636363,0.2857142857142857,0.16666666666666666
ChemSpacE adapted extreme-SVM,train_std_unit,cLogP,23,21,21,True,True,True,False,True,True,False,False,True,True,0.9750124874325203,0.5893526233766175,-0.7552350824784686,-0.013887967326633019,0.5474455359764561,0.0003732454194573196,1.0,0.9523809523809523,0.9523809523809523,0.0526315789473684,0.2857142857142857,0.16666666666666666
ChemSpacE adapted extreme-SVM,train_std_unit,cLogP,24,21,21,True,False,False,False,True,True,False,False,True,False,0.9592937992220943,0.5596542770562714,-0.6406449168566255,-0.013695641865988874,0.48801477992526643,0.0002692973281161815,0.9,0.9523809523809523,0.9523809523809523,0.05,0.14285714285714285,0.3333333333333333
ChemSpacE adapted extreme-SVM,train_std_unit,cLogP,25,21,21,True,False,False,False,True,True,False,False,True,False,0.9839631881197893,0.5606061835497781,-0.6768454080368544,-0.012654753002247261,0.5068102422398647,0.00024478078182936844,1.0,0.9523809523809523,0.9523809523809523,0.0327868852459016,0.2857142857142857,0.16666666666666666
ChemSpacE adapted extreme-SVM,train_std_unit,cLogP,26,21,21,True,False,False,False,True,True,False,False,True,True,0.9686658251740199,0.5949646320346259,-0.6928604900173535,-0.013292879363604626,0.5870904828456223,0.0005356059480049448,1.0,0.9523809523809523,0.9523809523809523,0.0434782608695652,0.19047619047619047,0.25
ChemSpacE adapted extreme-SVM,train_std_unit,cLogP,27,21,21,True,False,False,False,True,True,False,False,False,False,0.9606326600723692,0.5626093714285656,-0.8240688533443112,-0.01317933575727603,0.5268417445832437,0.0006414105385403095,0.95,0.9523809523809523,0.9523809523809523,0.0232558139534883,0.23809523809523808,0.2
ChemSpacE adapted extreme-SVM,train_std_unit,cLogP,28,21,21,True,True,True,False,True,True,False,False,True,True,0.9750124874325203,0.5729834025973969,-0.7272634127570438,-0.013138215505118483,0.58740506414992,0.00043349072679755435,1.0,0.9523809523809523,0.9523809523809523,0.0789473684210526,0.23809523809523808,0.4
ChemSpacE adapted extreme-SVM,train_std_unit,cLogP,29,21,21,True,False,False,False,True,True,False,False,True,False,0.9806579733938688,0.5704901974025915,-0.7254091684511625,-0.013189169538511807,0.458257569495584,0.0005793457436697992,1.0,0.9523809523809523,0.9523809523809523,0.0294117647058823,0.2857142857142857,0.16666666666666666
ChemSpacE adapted extreme-SVM,train_std_unit,cLogP,30,21,21,True,False,False,False,True,True,False,False,True,True,0.9806579733938688,0.5683383523809465,-0.6606050677144133,-0.011878906848858603,0.46487023283606854,0.0005878884068029771,1.0,0.9523809523809523,0.9523809523809523,0.0238095238095238,0.38095238095238093,0.125
ChemSpacE adapted extreme-SVM,train_std_unit,cLogP,31,21,21,True,False,False,False,True,True,False,False,True,False,0.9674326467128995,0.5360542961038907,-0.6949909170849333,-0.016006882559624635,0.33129443335827935,0.00048415164504163934,0.9,0.9523809523809523,0.9523809523809523,0.0697674418604651,0.23809523809523808,0.2
ChemSpacE adapted extreme-SVM,train_std_unit,cLogP,32,21,21,True,True,True,False,True,True,False,False,True,True,0.970004686024295,0.588724510822505,-0.6178842824019491,-0.013617898338511443,0.38760021615463547,0.00032332843056310725,1.0,0.9523809523809523,0.9523809523809523,0.0555555555555555,0.19047619047619047,0.25
ChemSpacE adapted extreme-SVM,train_std_unit,cLogP,33,21,21,True,False,False,False,True,True,False,False,False,False,0.9690445728112169,0.5505225021644968,-0.6106308267029585,-0.014183633969472306,0.533638244205629,0.0005602766825174477,0.95,0.9523809523809523,0.9523809523809523,0.0606060606060606,0.14285714285714285,0.6666666666666666
ChemSpacE adapted extreme-SVM,train_std_unit,cLogP,34,21,21,True,False,False,False,True,True,False,False,False,False,0.9616926447080323,0.5575243056276998,-0.8404820759151918,-0.01420024029347279,0.39959528173463943,0.0001595548232110751,0.95,1.0,1.0,0.0303030303030303,0.19047619047619047,0.0
ChemSpacE adapted extreme-SVM,train_std_unit,cLogP,35,21,21,True,False,False,False,True,True,False,False,True,False,0.9686658251740199,0.5961026173160111,-0.8280854358951365,-0.013334212510820086,0.4706095888716903,0.00046782645748272365,1.0,0.9523809523809523,0.9523809523809523,0.0363636363636363,0.2857142857142857,0.16666666666666666
ChemSpacE adapted extreme-SVM,train_std_unit,cLogP,36,21,21,True,True,True,False,True,True,False,False,True,True,0.9750124874325203,0.5722498095238038,-0.7605630195682638,-0.0138995799112832,0.44088679418055227,0.0003625488935587793,1.0,0.9523809523809523,0.9523809523809523,0.0188679245283018,0.23809523809523808,0.2
ChemSpacE adapted extreme-SVM,train_std_unit,cLogP,37,21,21,True,True,True,False,True,True,False,False,True,True,0.9750124874325203,0.5791601480519422,-0.8364861230978453,-0.013949745187921327,0.38361147046525385,0.00035049275657343356,1.0,0.9523809523809523,0.9523809523809523,0.0363636363636363,0.3333333333333333,0.14285714285714285
ChemSpacE adapted extreme-SVM,train_std_unit,cLogP,38,21,21,True,True,True,False,True,True,False,False,True,True,0.9750124874325203,0.5726134095238038,-0.8604618400019237,-0.013481928605389637,0.48883822798870896,0.00013529924421004918,1.0,0.9523809523809523,0.9523809523809523,0.0192307692307692,0.2857142857142857,0.16666666666666666
ChemSpacE adapted extreme-SVM,train_std_unit,cLogP,39,21,21,True,False,False,False,True,True,False,False,False,False,0.9646492426231946,0.5770354718614661,-0.6928604900173535,-0.015287959505840453,0.5723630134925963,0.0004514366086232999,1.0,0.9523809523809523,0.9523809523809523,0.0256410256410256,0.3333333333333333,0.14285714285714285
ChemSpacE adapted extreme-SVM,train_std_unit,cLogP,40,21,21,True,False,False,False,True,True,False,False,True,False,0.9579549383718191,0.5728626874458818,-0.6567112470599265,-0.015623529543458739,0.38893907700491054,0.00014515386285976698,0.9,0.9523809523809523,0.9523809523809523,0.075,0.2857142857142857,0.16666666666666666
ChemSpacE adapted extreme-SVM,train_std_unit,cLogP,41,21,21,True,True,True,False,True,True,False,False,True,True,0.9750124874325203,0.5734985134199077,-0.765890956658059,-0.012964450285899437,0.4848422751713625,0.00020146317510397974,1.0,0.9523809523809523,0.9523809523809523,0.0196078431372549,0.23809523809523808,0.2
ChemSpacE adapted extreme-SVM,train_std_unit,cLogP,42,21,21,True,False,False,False,True,True,False,False,True,False,0.96435661325293,0.5584016718614662,-0.7911986578345862,-0.015126573086035915,0.25041304322037405,-0.00010580330358693474,0.9,0.9523809523809523,0.9523809523809523,0.0204081632653061,0.23809523809523808,0.2
ChemSpacE adapted extreme-SVM,train_std_unit,cLogP,43,21,21,True,False,False,False,True,True,False,False,True,False,0.971016534615174,0.57101772554112,-0.6433484035927696,-0.01604857040689819,0.4861742594438113,0.00023743238322774588,1.0,0.9523809523809523,0.9523809523809523,0.0714285714285714,0.23809523809523808,0.2
ChemSpacE adapted extreme-SVM,train_std_unit,cLogP,44,21,21,True,False,False,False,True,True,False,False,True,True,0.9736805031600716,0.5506748528138475,-0.7552350824784686,-0.011680045780885193,0.43422687281830824,0.0003078826928462354,1.0,0.9523809523809523,0.9523809523809523,0.0222222222222222,0.19047619047619047,0.25
ChemSpacE adapted extreme-SVM,train_std_unit,cLogP,45,21,21,True,False,False,False,True,True,False,False,True,False,0.9592349545337664,0.5749104597402539,-0.8132203314334892,-0.013137936126242108,0.492799352963436,0.0003615430725121847,1.0,0.9523809523809523,0.9523809523809523,0.074074074074074,0.23809523809523808,0.2
ChemSpacE adapted extreme-SVM,train_std_unit,cLogP,46,21,21,True,False,False,False,True,True,False,False,False,False,0.9659881034734696,0.5629513679653623,-0.6848273249157031,-0.01386152789878187,0.4170551548606872,0.00023157098470232826,1.0,0.9523809523809523,0.9523809523809523,0.0476190476190476,0.23809523809523808,0.2
ChemSpacE adapted extreme-SVM,train_std_unit,cLogP,47,21,21,True,True,True,False,True,True,False,False,True,True,0.9750124874325203,0.5717704848484791,-0.83115818600805,-0.012811128545939948,0.45687060544993785,0.0003150993497269798,1.0,0.9523809523809523,0.9523809523809523,0.0196078431372549,0.23809523809523808,0.2
ChemSpacE adapted extreme-SVM,train_std_unit,cLogP,48,21,21,True,True,True,False,True,True,False,False,True,True,0.9750124874325203,0.5714914735930678,-0.7139435700325558,-0.01335004192842197,0.3916033760999467,0.00023704812434382217,1.0,0.9523809523809523,0.9523809523809523,0.0697674418604651,0.2857142857142857,0.16666666666666666
ChemSpacE adapted extreme-SVM,train_std_unit,cLogP,49,21,21,True,False,False,False,True,True,False,False,True,True,0.9686658251740199,0.5957515844155784,-0.8628958180022887,-0.01469510681157288,0.3675173034005093,0.00015577674846767805,1.0,0.9523809523809523,0.9523809523809523,0.032258064516129,0.2857142857142857,0.16666666666666666
ChemSpacE adapted extreme-SVM,native_l2,BertzCT,0,21,15,False,False,False,False,True,True,False,False,False,False,0.8418913986552843,45.58578680603367,0.3099006540266516,0.011678634813329277,0.5448356308664605,0.0007949639487949799,0.9285714285714286,0.6666666666666666,0.9333333333333333,0.0,0.13333333333333333,0.5
ChemSpacE adapted extreme-SVM,native_l2,BertzCT,1,21,21,True,False,False,False,True,True,False,False,False,False,0.7364718152949395,49.86952617576706,0.17917876168303729,0.011525361358215977,0.4353430749637294,0.0003177788267007725,0.9,0.9523809523809523,0.9523809523809523,0.0,0.09523809523809523,0.5
ChemSpacE adapted extreme-SVM,native_l2,BertzCT,2,21,21,True,False,False,False,True,True,False,False,False,False,0.7158630407055028,48.72774489898521,0.17732512652932678,0.009599876952048053,0.7052083878127844,0.0004404548981287532,0.85,0.9523809523809523,0.9523809523809523,0.0,0.09523809523809523,0.5
ChemSpacE adapted extreme-SVM,native_l2,BertzCT,3,21,18,False,False,False,False,True,True,False,False,False,False,0.8686099086097575,44.294584666072424,0.3425418314824736,0.010300168733415486,0.42264392130606737,0.0004045607067179053,0.8823529411764706,0.8095238095238095,0.9444444444444444,0.01909090909090905,0.05555555555555555,1.0
ChemSpacE adapted extreme-SVM,native_l2,BertzCT,4,21,21,True,False,False,False,True,True,False,False,False,False,0.7654613337976457,50.24567227197968,0.18735421848986789,0.011055674511446874,0.48030808740129766,0.00031850331799270593,0.9,0.9523809523809523,0.9523809523809523,0.0,0.09523809523809523,0.5
ChemSpacE adapted extreme-SVM,native_l2,BertzCT,5,21,21,True,False,False,False,True,True,False,False,False,False,0.7126115857601071,47.46138115820883,0.5981684209704455,0.01564988600395855,0.5317052630848406,0.00016695186558192908,0.8,0.9523809523809523,0.9523809523809523,0.0149253731343283,0.09523809523809523,0.5
ChemSpacE adapted extreme-SVM,native_l2,BertzCT,6,21,21,True,False,False,False,True,True,False,False,False,False,0.7364718152949395,49.46562181499413,0.22278119798613383,0.011546910098305604,0.6179282769829461,0.0003561041976378912,0.85,1.0,1.0,0.0,0.09523809523809523,0.0
ChemSpacE adapted extreme-SVM,native_l2,BertzCT,7,21,21,True,False,False,False,True,True,False,False,False,False,0.7033480083466574,49.24320532516859,0.29257923407189684,0.012561187271439041,0.4214214655897964,0.00016947894118029758,0.85,0.9523809523809523,0.9523809523809523,0.0303030303030303,0.09523809523809523,0.5
ChemSpacE adapted extreme-SVM,native_l2,BertzCT,8,21,21,True,False,False,False,True,True,False,False,False,False,0.7260928298899045,46.73914396302147,0.6841237095813247,0.015831459086886872,0.5294054665098354,0.00025453555332278187,0.75,0.9523809523809523,0.9523809523809523,0.0222222222222222,0.09523809523809523,0.5
ChemSpacE adapted extreme-SVM,native_l2,BertzCT,9,21,21,True,False,False,False,True,True,False,False,False,False,0.754150873629957,47.44495987854505,0.3243402104817527,0.012651796396439402,0.6353877893863845,0.00041154354148373074,0.8,0.9523809523809523,0.9523809523809523,0.0,0.09523809523809523,0.5
ChemSpacE adapted extreme-SVM,native_l2,BertzCT,10,21,21,True,False,False,False,True,True,False,False,False,False,0.7833261665888639,48.29895627922383,0.1843479913317673,0.00929023626038117,0.6080131932287743,0.0004993079213681845,0.85,0.9523809523809523,0.9523809523809523,0.0,0.047619047619047616,1.0
ChemSpacE adapted extreme-SVM,native_l2,BertzCT,11,21,21,True,False,False,False,True,True,False,False,False,False,0.6775066925738513,47.1088678209144,0.6249080321220134,0.01609146304545148,0.607399832946181,0.00029837308573992856,0.75,0.9523809523809523,0.9523809523809523,0.0277777777777777,0.09523809523809523,0.5
ChemSpacE adapted extreme-SVM,native_l2,BertzCT,12,21,21,True,False,False,False,True,True,False,False,False,False,0.7720463201199922,48.80407432817701,0.15083986982255496,0.009403485917612612,0.6720454914415619,0.00047633172591683855,0.85,0.9523809523809523,0.9523809523809523,0.0,0.09523809523809523,0.5
ChemSpacE adapted extreme-SVM,native_l2,BertzCT,13,21,14,False,False,False,False,True,True,False,False,True,True,0.9211679784547139,49.43688501213121,0.30275934996966,0.013340425654493771,-0.22559215798890953,-0.0004757461277140178,1.0,0.6190476190476191,0.9285714285714286,0.0,0.14285714285714285,0.5
ChemSpacE adapted extreme-SVM,native_l2,BertzCT,14,21,12,False,True,True,False,True,True,False,False,True,True,0.7618527288259722,43.84737891597616,0.3396210959826623,0.016617184930605516,0.3396210959826623,0.0012562210585922952,1.0,0.5238095238095238,0.9166666666666666,0.0192307692307692,0.16666666666666666,0.5
ChemSpacE adapted extreme-SVM,native_l2,BertzCT,15,21,21,True,False,False,False,True,True,False,False,False,False,0.7101174790718419,48.3412979766358,0.3435792840477321,0.012384437440137027,0.47913204845718893,0.00010382291763088668,0.8,0.9523809523809523,0.9523809523809523,0.0,0.09523809523809523,0.5
ChemSpacE adapted extreme-SVM,native_l2,BertzCT,16,21,13,False,False,False,True,True,True,False,False,True,False,0.6495574257478736,50.00458078359272,0.35708790786071903,0.018462730590072186,0.34455850758490436,0.0011466312975016624,1.0,0.5714285714285714,0.9230769230769231,0.0,0.15384615384615385,0.5
ChemSpacE adapted extreme-SVM,native_l2,BertzCT,17,21,21,True,False,False,False,True,True,False,False,False,False,0.6639430691806957,46.30566126583354,0.693541341768285,0.016369020299998434,0.45137365696073645,0.0002627579742848702,0.7,0.9523809523809523,0.9523809523809523,0.0166666666666666,0.09523809523809523,0.5
ChemSpacE adapted extreme-SVM,native_l2,BertzCT,18,21,11,False,True,True,True,True,True,True,False,True,True,0.6741998624632421,42.367328449523924,0.06741998624632421,0.01316114933826099,0.06741998624632421,0.00443821025415733,1.0,0.47619047619047616,0.9090909090909091,0.0181818181818181,0.18181818181818182,0.5
ChemSpacE adapted extreme-SVM,native_l2,BertzCT,19,21,12,False,True,True,True,True,True,True,False,True,True,0.7618527288259722,45.47449096271889,-0.23865266204187083,0.003678471907739665,0.3396210959826623,0.0025228471582468413,1.0,0.5238095238095238,0.9166666666666666,0.0,0.16666666666666666,0.5
ChemSpacE adapted extreme-SVM,native_l2,BertzCT,20,21,21,True,False,False,False,True,True,False,False,False,False,0.6154244060033391,46.8340696919779,0.6841237095813247,0.015830449698591473,0.5294054665098354,0.0002564931576101524,0.7,0.9523809523809523,0.9523809523809523,0.025,0.09523809523809523,0.5
ChemSpacE adapted extreme-SVM,native_l2,BertzCT,21,21,21,True,False,False,False,True,True,False,False,False,False,0.7636830049753213,50.00786959454699,0.005479760550655072,0.008146267096761388,0.6356522238759884,0.00041739966655647006,0.9,0.9523809523809523,0.9523809523809523,0.0,0.09523809523809523,0.5
ChemSpacE adapted extreme-SVM,native_l2,BertzCT,22,21,21,True,False,False,False,True,True,False,False,False,False,0.6829051522756351,47.140135455199385,0.7046059536135131,0.017275830625465727,0.6656848628424809,0.00032313983340060684,0.8,0.9523809523809523,0.9523809523809523,0.02,0.09523809523809523,0.5
ChemSpacE adapted extreme-SVM,native_l2,BertzCT,23,21,21,True,False,False,False,True,True,False,False,False,False,0.681023259549353,47.66304151815131,0.3282635485831254,0.01067438673968636,0.6061297888775551,0.0003707423362521923,0.8,0.9523809523809523,0.9523809523809523,0.0,0.047619047619047616,1.0
ChemSpacE adapted extreme-SVM,native_l2,BertzCT,24,21,21,True,False,False,False,True,True,False,False,False,False,0.6640105433193922,46.27372221817966,0.6855133369614328,0.015869493519209545,0.7407315035929037,0.00038586094845320613,0.7,0.9523809523809523,0.9523809523809523,0.0285714285714285,0.09523809523809523,0.5
ChemSpacE adapted extreme-SVM,native_l2,BertzCT,25,21,16,False,False,False,False,True,True,False,False,False,False,0.88078828010972,47.54649502191445,0.3707100984627344,0.011584886488117247,0.361588739057986,0.00011577736734196586,0.9333333333333333,0.7142857142857143,0.9375,0.0,0.125,0.5
ChemSpacE adapted extreme-SVM,native_l2,BertzCT,26,21,16,False,False,False,False,True,True,False,False,False,False,0.8716981616416818,47.392506688522666,0.661876132380177,0.017054569148226645,0.2568925627959591,0.0004680427330793517,0.9333333333333333,0.7142857142857143,0.9375,0.0,0.125,0.5
ChemSpacE adapted extreme-SVM,native_l2,BertzCT,27,21,21,True,False,False,False,True,True,False,False,False,False,0.7260928298899045,46.62340749905274,0.6222144630180392,0.01455610771946746,0.7191829507611103,0.00037836166469440175,0.75,0.9523809523809523,0.9523809523809523,0.0232558139534883,0.09523809523809523,0.5
ChemSpacE adapted extreme-SVM,native_l2,BertzCT,28,21,21,True,False,False,False,True,True,False,False,False,False,0.6167740209287851,46.857401737208036,0.6827783335546161,0.015782085502630227,0.5334415945899613,0.00028242696008714494,0.75,0.9523809523809523,0.9523809523809523,0.0294117647058823,0.09523809523809523,0.5
ChemSpacE adapted extreme-SVM,native_l2,BertzCT,29,21,21,True,False,False,False,True,True,False,False,False,False,0.7310220961441027,50.32120948900036,0.19306145983268458,0.011509330780510113,0.4056308720526439,0.00018077355128066428,0.9,0.9523809523809523,0.9523809523809523,0.0,0.09523809523809523,0.5
ChemSpacE adapted extreme-SVM,native_l2,BertzCT,30,21,12,False,True,True,True,True,True,True,False,True,True,0.7618527288259722,58.43885922496961,0.3396210959826623,0.01170055783864274,0.3396210959826623,0.002239113748639415,1.0,0.5238095238095238,0.9166666666666666,0.0238095238095238,0.16666666666666666,0.5
ChemSpacE adapted extreme-SVM,native_l2,BertzCT,31,21,21,True,False,False,False,True,True,False,False,False,False,0.7265370205728143,46.06235898066801,0.3795896392896933,0.012538666135155085,0.6291285673792657,0.0005447383337490088,0.8,0.9523809523809523,0.9523809523809523,0.0256410256410256,0.09523809523809523,0.5
ChemSpacE adapted extreme-SVM,native_l2,BertzCT,32,21,21,True,False,False,False,True,True,False,False,False,False,0.7049935499299776,48.148598652822024,0.3482669473205706,0.012200173787267154,0.5955098946550214,0.0004255269086876316,0.85,0.9523809523809523,0.9523809523809523,0.0,0.09523809523809523,0.5
ChemSpacE adapted extreme-SVM,native_l2,BertzCT,33,21,21,True,False,False,False,True,True,False,False,False,False,0.7083751238578897,48.22586579352802,0.40276673678676667,0.013361855450280156,0.5636075788699311,0.0003374469930073397,0.8,0.9523809523809523,0.9523809523809523,0.0344827586206896,0.09523809523809523,0.5
ChemSpacE adapted extreme-SVM,native_l2,BertzCT,34,21,21,True,False,False,False,True,True,False,False,False,False,0.7720463201199922,48.410458938929274,0.3000648829860969,0.011919966904017313,0.6732999499665665,0.000450688830110899,0.85,1.0,1.0,0.0,0.047619047619047616,0.0
ChemSpacE adapted extreme-SVM,native_l2,BertzCT,35,21,21,True,False,False,False,True,True,False,False,False,False,0.7114713732168788,48.517501800524364,0.33552664457786335,0.012418445785641243,0.47107940898732015,0.00032713564250038546,0.85,0.9523809523809523,0.9523809523809523,0.0,0.09523809523809523,0.5
ChemSpacE adapted extreme-SVM,native_l2,BertzCT,36,21,19,False,False,False,False,True,True,False,False,False,False,0.7739647454641163,50.74069175622757,-0.14737771799855626,0.00833959768407616,0.42359507626000137,0.00018383232817609956,0.9444444444444444,0.8571428571428571,0.9473684210526315,0.0,0.10526315789473684,0.5
ChemSpacE adapted extreme-SVM,native_l2,BertzCT,37,21,21,True,False,False,False,True,True,False,False,False,False,0.6992863259115469,48.25647318728692,0.2973797386193309,0.011898520281202531,0.4947378495766296,0.00029236622162362046,0.8,0.9523809523809523,0.9523809523809523,0.0,0.09523809523809523,0.5
ChemSpacE adapted extreme-SVM,native_l2,BertzCT,38,21,21,True,False,False,False,True,True,False,False,False,False,0.722940900465717,49.294302220849346,0.1845094836222324,0.00910813281333799,0.5723834345945165,0.00033727869955301913,0.85,0.9523809523809523,0.9523809523809523,0.0,0.09523809523809523,0.5
ChemSpacE adapted extreme-SVM,native_l2,BertzCT,39,21,21,True,False,False,False,True,True,False,False,False,False,0.7049935499299776,48.579304342243596,0.2187444563050814,0.009738600103516999,0.6468967152924663,0.0004975102117859693,0.85,0.9523809523809523,0.9523809523809523,0.0,0.09523809523809523,0.5
ChemSpacE adapted extreme-SVM,native_l2,BertzCT,40,21,21,True,False,False,False,True,True,False,False,False,False,0.6829051522756351,47.36002544484764,0.44841910924991657,0.012901598343056113,0.6726286638748749,0.00041907487703146055,0.8,0.9523809523809523,0.9523809523809523,0.0,0.09523809523809523,0.5
ChemSpacE adapted extreme-SVM,native_l2,BertzCT,41,21,21,True,False,False,False,True,True,False,False,False,False,0.7024079973201955,50.114242106480276,0.19306145983268458,0.011537946940103428,0.4056308720526439,0.00019645049363602578,0.9,0.9523809523809523,0.9523809523809523,0.0,0.09523809523809523,0.5
ChemSpacE adapted extreme-SVM,native_l2,BertzCT,42,21,21,True,False,False,False,True,True,False,False,False,False,0.7341905194425801,47.33824517039857,0.7515796838544139,0.016861511570625005,0.6683690759991039,0.0003505421678125411,0.8,0.9523809523809523,0.9523809523809523,0.0204081632653061,0.09523809523809523,0.5
ChemSpacE adapted extreme-SVM,native_l2,BertzCT,43,21,21,True,False,False,False,True,True,False,False,False,False,0.6388741683095686,46.18782539594785,0.646899337580964,0.01541049021321996,0.5056607592419688,0.000261737845241553,0.7,0.9523809523809523,0.9523809523809523,0.0263157894736842,0.09523809523809523,0.5
ChemSpacE adapted extreme-SVM,native_l2,BertzCT,44,21,21,True,False,False,False,True,True,False,False,False,False,0.6657193743166552,47.587178305489076,0.4566844795084148,0.012751337259129409,0.6197860793328487,0.00033525971424639187,0.75,0.9523809523809523,0.9523809523809523,0.0,0.047619047619047616,1.0
ChemSpacE adapted extreme-SVM,native_l2,BertzCT,45,21,21,True,False,False,False,True,True,False,False,False,False,0.7260928298899045,46.61636476114614,0.6249080321220134,0.015835812188716724,0.607399832946181,0.0002955793681770932,0.75,0.9523809523809523,0.9523809523809523,0.0196078431372549,0.09523809523809523,0.5
ChemSpacE adapted extreme-SVM,native_l2,BertzCT,46,21,21,True,False,False,False,True,True,False,False,False,False,0.7482584761286712,47.472089574511685,0.47527055291757625,0.012546412251058311,0.6726286638748749,0.0004390900194371707,0.8,0.9523809523809523,0.9523809523809523,0.0,0.09523809523809523,0.5
ChemSpacE adapted extreme-SVM,native_l2,BertzCT,47,21,14,False,False,False,False,True,True,False,False,True,True,0.8413852842497015,48.416278912320756,0.36265495468107806,0.012433825433498882,0.06824195671992896,0.00015658536761444642,1.0,0.6190476190476191,0.9285714285714286,0.0,0.14285714285714285,0.5
ChemSpacE adapted extreme-SVM,native_l2,BertzCT,48,21,16,False,False,False,False,True,True,False,False,False,False,0.734464157984629,47.9476727845037,0.28423218176481785,0.011503394276972126,0.5421161711976537,0.0003748675015556346,0.9333333333333333,0.7142857142857143,0.9375,0.0,0.125,0.5
ChemSpacE adapted extreme-SVM,native_l2,BertzCT,49,21,21,True,False,False,False,True,True,False,False,False,False,0.6829051522756351,47.410899728780045,0.48466855820125715,0.01261599282640704,0.6726286638748749,0.00038969524284205865,0.8,0.9523809523809523,0.9523809523809523,0.0158730158730158,0.09523809523809523,0.5
ChemSpacE adapted extreme-SVM,train_std_unit,BertzCT,0,21,12,False,False,False,True,True,True,False,False,True,False,0.6784257348102164,73.63276419983737,0.6550317439546918,0.017188544797927884,0.062383975614732544,0.004079427223160105,1.0,0.5238095238095238,0.9166666666666666,0.0,0.16666666666666666,0.5
ChemSpacE adapted extreme-SVM,train_std_unit,BertzCT,1,21,21,True,False,False,True,True,True,False,False,False,False,0.8847739519744989,51.766163521149075,-0.4285301942913705,0.0011097901469841224,0.5497994702593577,0.0003712278439591287,0.95,0.9523809523809523,0.9523809523809523,0.0,0.14285714285714285,0.3333333333333333
ChemSpacE adapted extreme-SVM,train_std_unit,BertzCT,2,21,21,True,False,False,True,True,True,False,False,False,False,0.9141752007383679,51.07887891816373,-0.651153361274365,-3.201405559548492e-05,0.7138983318468411,0.0004108181764546788,1.0,0.9523809523809523,0.9523809523809523,0.0,0.14285714285714285,0.3333333333333333
ChemSpacE adapted extreme-SVM,train_std_unit,BertzCT,3,21,16,False,False,False,False,True,True,False,False,False,False,0.9724870457656057,58.33349893280531,0.270112540089729,0.010961542396018237,0.18155105153571952,0.00013228075090303962,0.9333333333333333,0.7142857142857143,0.9375,0.02796052631578945,0.125,0.5
ChemSpacE adapted extreme-SVM,train_std_unit,BertzCT,4,21,21,True,False,False,True,True,True,False,False,True,False,0.9024854282503891,52.41202044024086,-0.4304202545737245,0.0013316335582356396,0.6933035113228665,0.0004365027029089079,1.0,0.9523809523809523,0.9523809523809523,0.0,0.14285714285714285,0.3333333333333333
ChemSpacE adapted extreme-SVM,train_std_unit,BertzCT,5,21,21,True,False,False,False,True,True,False,False,False,False,0.8872754896143238,49.57941344737537,0.473152284774543,0.01778949618251136,0.31718241804830866,0.0003030557962003946,0.95,0.9523809523809523,0.9523809523809523,0.0149253731343283,0.14285714285714285,0.3333333333333333
ChemSpacE adapted extreme-SVM,train_std_unit,BertzCT,6,21,21,True,False,False,True,True,True,False,False,True,True,0.9024854282503891,52.04529531481363,-0.42497189692089254,0.0010951421774785417,0.5679912853077315,0.00039600773966502333,0.95,1.0,1.0,0.0,0.09523809523809523,0.0
ChemSpacE adapted extreme-SVM,train_std_unit,BertzCT,7,21,21,True,False,False,False,True,True,False,False,False,False,0.8847739519744989,52.20811188449743,-0.2313778456551625,0.005190674633426718,0.5605684832053646,0.00029353041985934344,0.95,0.9523809523809523,0.9523809523809523,0.0303030303030303,0.14285714285714285,0.3333333333333333
ChemSpacE adapted extreme-SVM,train_std_unit,BertzCT,8,21,21,True,False,False,False,True,True,False,False,False,False,0.7386569707197527,47.969386103686986,0.7474826775282132,0.01952386638475342,0.4908249086070214,0.0003548794444639033,0.85,0.9523809523809523,0.9523809523809523,0.0222222222222222,0.09523809523809523,0.5
ChemSpacE adapted extreme-SVM,train_std_unit,BertzCT,9,21,21,True,False,False,False,True,True,False,False,False,False,0.9555045029284346,48.735293757655676,0.09757219077123705,0.009333624299550371,0.5814775152718316,0.0005498360735607598,0.95,0.9523809523809523,0.9523809523809523,0.0,0.09523809523809523,0.5
ChemSpacE adapted extreme-SVM,train_std_unit,BertzCT,10,21,21,True,False,False,True,True,True,False,False,True,False,0.9480142315927604,49.168614344766354,-0.40181637689635674,-0.0002087647315367947,0.6538029183398347,0.0004740558638659968,0.9,0.9523809523809523,0.9523809523809523,0.0,0.09523809523809523,0.5
ChemSpacE adapted extreme-SVM,train_std_unit,BertzCT,11,21,21,True,False,False,False,True,True,False,False,False,False,0.7798864452852337,49.401806342797975,0.7605630195682638,0.023048226166099865,0.45154266836014256,0.0003545682031043643,0.95,0.9523809523809523,0.9523809523809523,0.0277777777777777,0.14285714285714285,0.3333333333333333
ChemSpacE adapted extreme-SVM,train_std_unit,BertzCT,12,21,21,True,False,False,True,True,True,False,False,False,False,0.915474306811806,50.99669011175547,-0.4360158884244393,0.0006138209342243437,0.5739185880191456,0.0003557751273542674,0.95,0.9523809523809523,0.9523809523809523,0.0,0.14285714285714285,0.3333333333333333
ChemSpacE adapted extreme-SVM,train_std_unit,BertzCT,13,21,13,False,False,False,True,True,True,False,False,False,False,0.9289796252688308,81.79219438751457,0.41566956205722455,0.015282501847007803,-0.16459398766024327,-0.0016487423425146466,1.0,0.5714285714285714,0.9230769230769231,0.0,0.23076923076923078,0.3333333333333333
ChemSpacE adapted extreme-SVM,train_std_unit,BertzCT,14,21,12,False,False,False,True,True,True,False,False,False,False,0.6784257348102164,75.74680219734584,0.3821018506402369,0.013373178986303755,0.0467879817110494,0.0025225405424312746,1.0,0.5238095238095238,0.9166666666666666,0.0192307692307692,0.25,0.3333333333333333
ChemSpacE adapted extreme-SVM,train_std_unit,BertzCT,15,21,21,True,False,False,False,True,True,False,False,False,False,0.9195826432672067,51.49639794276477,-0.11179488099796911,0.006175145534568149,0.6312728909047,0.000421901359682697,1.0,0.9523809523809523,0.9523809523809523,0.0,0.14285714285714285,0.3333333333333333
ChemSpacE adapted extreme-SVM,train_std_unit,BertzCT,16,21,13,False,False,False,False,True,True,False,False,False,False,0.6675185501017563,75.41317821761217,0.442122676041423,0.028586124320387842,0.06646288594086751,0.0028585655266406356,0.9166666666666666,0.5714285714285714,0.9230769230769231,0.0149253731343283,0.23076923076923078,0.3333333333333333
ChemSpacE adapted extreme-SVM,train_std_unit,BertzCT,17,21,21,True,False,False,False,True,True,False,False,False,False,0.7309843331003034,48.325065165349436,0.8249048843306839,0.02399705322066421,0.368742342716744,0.00018013846351380526,0.85,0.9523809523809523,0.9523809523809523,0.0169491525423728,0.14285714285714285,0.3333333333333333
ChemSpacE adapted extreme-SVM,train_std_unit,BertzCT,18,21,12,False,True,True,True,True,True,True,False,True,True,0.8404128189727395,67.27352431370747,0.5158969779832657,0.015083150152080541,0.5325388159827259,0.00362126577509408,1.0,0.5238095238095238,0.9166666666666666,0.0181818181818181,0.25,0.3333333333333333
ChemSpacE adapted extreme-SVM,train_std_unit,BertzCT,19,21,12,False,True,True,True,True,True,True,False,True,True,0.8404128189727395,72.14644429409562,0.0467879817110494,0.01081304130411268,0.6082437622436423,0.006603872745193773,1.0,0.5238095238095238,0.9166666666666666,0.0,0.25,0.3333333333333333
ChemSpacE adapted extreme-SVM,train_std_unit,BertzCT,20,21,21,True,False,False,False,True,True,False,False,False,False,0.8053248014404603,50.16839182805832,0.7672709083354566,0.02237145452709546,0.41549445382179573,0.00034271262823307825,0.95,0.9523809523809523,0.9523809523809523,0.015625,0.14285714285714285,0.3333333333333333
ChemSpacE adapted extreme-SVM,train_std_unit,BertzCT,21,21,21,True,True,True,True,True,True,True,True,True,True,0.9314142298314255,52.65151641870047,-0.5187211186706986,0.0009650390405813405,0.5943966134369808,0.0004050439814872559,1.0,0.9523809523809523,0.9523809523809523,0.0,0.09523809523809523,0.5
ChemSpacE adapted extreme-SVM,train_std_unit,BertzCT,22,21,21,True,False,False,False,True,True,False,False,False,False,0.8527612277071409,50.7038518017531,0.757413689266798,0.023735688839056537,0.39280588733403643,0.00041448276037016774,1.0,0.9523809523809523,0.9523809523809523,0.02,0.14285714285714285,0.3333333333333333
ChemSpacE adapted extreme-SVM,train_std_unit,BertzCT,23,21,21,True,True,True,False,True,True,False,False,False,False,0.9155936261855956,52.19074268131007,-0.07233131792467443,0.00960027821183111,0.5671586517645032,0.00047971568817009624,1.0,0.9523809523809523,0.9523809523809523,0.0,0.14285714285714285,0.3333333333333333
ChemSpacE adapted extreme-SVM,train_std_unit,BertzCT,24,21,21,True,False,False,False,True,True,False,False,False,False,0.7366276963720221,47.350249878291436,0.7253598155312782,0.019864080157086753,0.5325510652983996,0.00034684671817969735,0.85,0.9523809523809523,0.9523809523809523,0.0285714285714285,0.09523809523809523,0.5
ChemSpacE adapted extreme-SVM,train_std_unit,BertzCT,25,21,14,False,False,False,False,True,True,False,False,False,False,0.8634329944877001,71.14815142449,0.3522819383711917,0.021593843326306723,-0.324831397718891,-0.001505189631550048,1.0,0.6190476190476191,0.9285714285714286,0.0083333333333333,0.14285714285714285,0.5
ChemSpacE adapted extreme-SVM,train_std_unit,BertzCT,26,21,14,False,False,False,False,True,True,False,False,True,False,0.9398468772624123,76.08382512128217,0.46722073829745425,0.015844176974877666,0.4004749185406751,0.001993583864759391,1.0,0.6190476190476191,0.9285714285714286,0.0185908319185059,0.21428571428571427,0.3333333333333333
ChemSpacE adapted extreme-SVM,train_std_unit,BertzCT,27,21,21,True,False,False,False,True,True,False,False,False,False,0.8082894071601513,50.267163991524015,0.6430331861070422,0.020978900353767573,0.4495308762652096,0.00037341367938894393,0.95,0.9523809523809523,0.9523809523809523,0.0263157894736842,0.09523809523809523,0.5
ChemSpacE adapted extreme-SVM,train_std_unit,BertzCT,28,21,21,True,False,False,False,True,True,False,False,False,False,0.767836697632758,50.18508987222442,0.7619610750597788,0.02292035380338408,0.42876903701099056,0.00038561883437189894,0.95,0.9523809523809523,0.9523809523809523,0.0294117647058823,0.14285714285714285,0.3333333333333333
ChemSpacE adapted extreme-SVM,train_std_unit,BertzCT,29,21,21,True,False,False,True,True,True,False,False,False,False,0.8847739519744989,51.434848231861714,-0.4734952067289388,0.000700993903589066,0.5879516020245673,0.00029096701802614215,1.0,0.9523809523809523,0.9523809523809523,0.0,0.14285714285714285,0.3333333333333333
ChemSpacE adapted extreme-SVM,train_std_unit,BertzCT,30,21,13,False,False,False,False,True,True,False,False,True,False,0.8692145262423234,75.14504079552627,0.5993500884919992,0.011668467129047127,0.34831340221262785,0.0013458961010894056,0.9166666666666666,0.5714285714285714,0.9230769230769231,0.0238095238095238,0.23076923076923078,0.3333333333333333
ChemSpacE adapted extreme-SVM,train_std_unit,BertzCT,31,21,21,True,False,False,False,True,True,False,False,False,False,0.8957854714954074,45.14865300333467,0.3283198630834384,0.013506606086050416,0.6080483864305279,0.0010836880546577893,1.0,0.9523809523809523,0.9523809523809523,0.0256410256410256,0.14285714285714285,0.3333333333333333
ChemSpacE adapted extreme-SVM,train_std_unit,BertzCT,32,21,21,True,False,False,True,True,True,False,False,True,False,0.9330312480474724,49.75275005711952,-0.22325464490613164,0.00176293699720395,0.6119329122427102,0.0005380170422762966,1.0,0.9523809523809523,0.9523809523809523,0.0,0.14285714285714285,0.3333333333333333
ChemSpacE adapted extreme-SVM,train_std_unit,BertzCT,33,21,21,True,False,False,False,True,True,False,False,False,False,0.8717372244531129,51.75288731159828,0.3624651288441159,0.01667910154922674,0.5226852220288339,0.0004719821839545235,1.0,0.9523809523809523,0.9523809523809523,0.0357142857142857,0.14285714285714285,0.3333333333333333
ChemSpacE adapted extreme-SVM,train_std_unit,BertzCT,34,21,21,True,False,False,False,True,True,False,False,False,False,0.9469715529698786,50.68313704188399,-0.16406707782831403,0.004156681012719578,0.5993470802299634,0.0004687879544413974,0.95,1.0,1.0,0.0,0.19047619047619047,0.0
ChemSpacE adapted extreme-SVM,train_std_unit,BertzCT,35,21,21,True,False,False,False,True,True,False,False,False,False,0.9195826432672067,51.98936173399845,0.029918599174067386,0.00889489758561756,0.5870694015711445,0.00042888404236523804,1.0,0.9523809523809523,0.9523809523809523,0.0,0.09523809523809523,0.5
ChemSpacE adapted extreme-SVM,train_std_unit,BertzCT,36,21,17,False,True,True,True,True,True,True,False,True,True,0.942592378579873,65.98582755585593,-0.3577534714994382,0.002751262563361115,0.579097345952328,0.0008321356501947584,1.0,0.7619047619047619,0.9411764705882353,0.0,0.17647058823529413,0.3333333333333333
ChemSpacE adapted extreme-SVM,train_std_unit,BertzCT,37,21,21,True,False,False,False,True,True,False,False,False,False,0.9469715529698786,50.38554415630581,-0.04259441210445393,0.008394144092861513,0.6575512368625076,0.0005985191952869355,0.95,0.9523809523809523,0.9523809523809523,0.0,0.09523809523809523,0.5
ChemSpacE adapted extreme-SVM,train_std_unit,BertzCT,38,21,21,True,False,False,True,True,True,False,False,False,False,0.9035702697684236,52.06776574197726,-0.3603046023724436,0.0013021356587909962,0.5428228812477903,0.0004535194310298423,1.0,0.9523809523809523,0.9523809523809523,0.0,0.09523809523809523,0.5
ChemSpacE adapted extreme-SVM,train_std_unit,BertzCT,39,21,21,True,False,False,True,True,True,False,False,False,False,0.9158615699421394,50.652223906205855,-0.3064701179717975,0.0003216543315715432,0.6824067960172026,0.0006518462426668887,0.95,0.9523809523809523,0.9523809523809523,0.0,0.14285714285714285,0.3333333333333333
ChemSpacE adapted extreme-SVM,train_std_unit,BertzCT,40,21,21,True,False,False,False,True,True,False,False,False,False,0.9021780197379635,51.583075671860406,0.1987147188497608,0.012696763140883078,0.629263276357576,0.00056388356598458,0.95,0.9523809523809523,0.9523809523809523,0.0,0.09523809523809523,0.5
ChemSpacE adapted extreme-SVM,train_std_unit,BertzCT,41,21,21,True,False,False,True,True,True,False,False,False,False,0.9011054811123915,51.769439968487326,-0.4726450263831722,0.0008515577500500268,0.5775259112001874,0.0005213198921044568,0.95,0.9523809523809523,0.9523809523809523,0.0,0.047619047619047616,1.0
ChemSpacE adapted extreme-SVM,train_std_unit,BertzCT,42,21,21,True,False,False,False,True,True,False,False,False,False,0.8722678439542141,50.90051815597249,0.6394934124871617,0.020598974093819552,0.5933444033386037,0.0004981293854641628,1.0,0.9523809523809523,0.9523809523809523,0.0212765957446808,0.09523809523809523,0.5
ChemSpacE adapted extreme-SVM,train_std_unit,BertzCT,43,21,21,True,False,False,False,True,True,False,False,False,False,0.7805427836549957,48.12130209550064,0.7882261305618034,0.02277490818010663,0.44872305596256246,0.000428600249959282,0.9,0.9523809523809523,0.9523809523809523,0.0263157894736842,0.09523809523809523,0.5
ChemSpacE adapted extreme-SVM,train_std_unit,BertzCT,44,21,21,True,False,False,False,True,True,False,False,False,False,0.864926777387073,52.72843586481416,0.1547216886060332,0.012883178872715435,0.6428952923112757,0.0005461936141355531,0.95,0.9523809523809523,0.9523809523809523,0.0,0.09523809523809523,0.5
ChemSpacE adapted extreme-SVM,train_std_unit,BertzCT,45,21,21,True,False,False,False,True,True,False,False,False,False,0.767836697632758,49.24307265767718,0.7730203445026518,0.022833101754396675,0.6077037609905364,0.00041500780986870477,0.95,0.9523809523809523,0.9523809523809523,0.0196078431372549,0.09523809523809523,0.5
ChemSpacE adapted extreme-SVM,train_std_unit,BertzCT,46,21,21,True,False,False,False,True,True,False,False,False,False,0.9469715529698786,50.50161146594566,0.1436884447716182,0.010766044035930887,0.6230913664981232,0.0006297548807782747,0.95,0.9523809523809523,0.9523809523809523,0.0,0.09523809523809523,0.5
ChemSpacE adapted extreme-SVM,train_std_unit,BertzCT,47,21,13,False,False,False,True,True,True,False,False,False,False,0.7526178090063818,75.87354581373519,0.7287251801490362,0.018151171720737887,-0.10751682985805452,-0.0001510005069659883,1.0,0.5714285714285714,0.9230769230769231,0.0,0.15384615384615385,0.5
ChemSpacE adapted extreme-SVM,train_std_unit,BertzCT,48,21,15,False,False,False,False,True,True,False,False,True,False,0.8390811300804843,71.92427056183729,0.102024124270123,0.01518757185732799,-0.08016181192652523,-0.0011830141264901077,1.0,0.6666666666666666,0.9333333333333333,0.0,0.13333333333333333,0.5
ChemSpacE adapted extreme-SVM,train_std_unit,BertzCT,49,21,21,True,False,False,False,True,True,False,False,False,False,0.9182131977820731,51.294620400732185,0.1940125083782679,0.012628995396267405,0.6826856523481032,0.0006051152553622679,0.95,0.9523809523809523,0.9523809523809523,0.0158730158730158,0.09523809523809523,0.5
ChemSpacE adapted extreme-SVM,native_l2,HeavyAtomCount,0,21,11,False,False,False,False,True,True,False,False,False,False,0.7746829608553245,0.7424242424242425,0.6513389472789295,0.02686170196836063,0.02791452631195413,0.0030236837363097923,0.9,0.47619047619047616,0.9090909090909091,0.0128205128205128,0.09090909090909091,1.0
ChemSpacE adapted extreme-SVM,native_l2,HeavyAtomCount,1,21,12,False,False,False,True,True,True,False,False,True,False,0.7526737802859003,0.911421911421911,0.29004551352481495,0.01720530506334729,0.014502275676240748,0.0017088055151097577,0.9090909090909091,0.5238095238095238,0.9166666666666666,0.0318801613212982,0.16666666666666666,0.5
ChemSpacE adapted extreme-SVM,native_l2,HeavyAtomCount,2,21,12,False,False,False,True,True,True,False,False,True,False,0.7526737802859003,0.936363636363636,0.811516378437229,0.019826485234436853,-0.10677847084700383,-0.0004493038806234457,0.9090909090909091,0.5238095238095238,0.9166666666666666,0.02670940170940165,0.16666666666666666,0.5
ChemSpacE adapted extreme-SVM,native_l2,HeavyAtomCount,3,21,12,False,False,False,True,True,True,False,False,False,False,0.9720279720279721,0.8955710955710948,0.7972027972027973,0.016912985182219786,-0.44755244755244755,-0.000851125410873609,0.9090909090909091,0.5238095238095238,0.9166666666666666,0.0566037735849056,0.08333333333333333,1.0
ChemSpacE adapted extreme-SVM,native_l2,HeavyAtomCount,4,21,11,False,True,True,False,True,True,False,False,True,True,0.8633970960424556,0.6933333333333335,0.3486385256233475,0.018879310867597365,0.5413071845204607,0.0019334668439639224,1.0,0.47619047619047616,0.9090909090909091,0.046875,0.18181818181818182,0.5
ChemSpacE adapted extreme-SVM,native_l2,HeavyAtomCount,5,21,12,False,False,False,False,True,True,False,False,False,False,0.9281456432794079,0.7685314685314678,0.7545678606521603,0.024116427329440977,-0.1281341650164046,0.0016514872750103696,1.0,0.5238095238095238,0.9166666666666666,0.05206098249576505,0.16666666666666666,0.5
ChemSpacE adapted extreme-SVM,native_l2,HeavyAtomCount,6,21,12,False,False,False,False,True,True,False,False,False,False,0.8320918999730094,0.8965034965034961,0.3172481136060617,0.023940403425707465,-0.5187939740146186,-0.0007755161421629806,0.9090909090909091,0.5714285714285714,1.0,0.02761904761904755,0.08333333333333333,0.0
ChemSpacE adapted extreme-SVM,native_l2,HeavyAtomCount,7,21,12,False,True,True,True,True,True,True,False,True,True,0.7618527288259722,0.7918414918414913,-0.011196992244919823,0.01117750456886739,0.11570225319750486,-0.00012189842810972256,1.0,0.5238095238095238,0.9166666666666666,0.0303030303030303,0.16666666666666666,0.5
ChemSpacE adapted extreme-SVM,native_l2,HeavyAtomCount,8,21,12,False,False,False,True,True,True,False,False,False,False,0.8320918999730094,0.908391608391608,0.8556342648982042,0.026889226933299037,0.1885295837911297,-0.000320551418038263,0.9090909090909091,0.5238095238095238,0.9166666666666666,0.051746031746031707,0.08333333333333333,1.0
ChemSpacE adapted extreme-SVM,native_l2,HeavyAtomCount,9,21,12,False,False,False,True,True,True,False,False,True,False,0.7526737802859003,0.9251748251748243,0.7118564723133589,0.022969164902184595,0.6976193428670917,0.003579894567880024,0.9090909090909091,0.5238095238095238,0.9166666666666666,0.10165118679050564,0.08333333333333333,1.0
ChemSpacE adapted extreme-SVM,native_l2,HeavyAtomCount,10,21,12,False,False,False,True,True,True,False,False,False,False,0.8181818181818183,0.7403263403263398,0.08391608391608392,0.00886372957087177,-0.1258741258741259,0.0017033260573323258,0.9090909090909091,0.5238095238095238,0.9166666666666666,0.0327868852459016,0.08333333333333333,1.0
ChemSpacE adapted extreme-SVM,native_l2,HeavyAtomCount,11,21,12,False,True,True,False,True,True,False,False,True,True,0.7618527288259722,0.8813519813519807,0.6408609618356389,0.022588141150237596,0.47184268618667913,0.002735951210780307,1.0,0.5238095238095238,0.9166666666666666,0.05738805970149251,0.16666666666666666,0.5
ChemSpacE adapted extreme-SVM,native_l2,HeavyAtomCount,12,21,12,False,False,False,True,True,True,False,False,True,False,0.8889716525099387,0.893473193473193,0.7323649216501577,0.018718716225336548,0.02175341351436112,0.002955486973882768,0.9090909090909091,0.5238095238095238,0.9166666666666666,0.0420506912442396,0.16666666666666666,0.5
ChemSpacE adapted extreme-SVM,native_l2,HeavyAtomCount,13,21,12,False,True,True,True,True,True,True,False,True,True,0.8404128189727395,0.8948717948717942,0.47132395947782424,0.021876068023641993,-0.48582623515406503,-0.002319437534352061,1.0,0.5238095238095238,0.9166666666666666,0.0344827586206896,0.16666666666666666,0.5
ChemSpacE adapted extreme-SVM,native_l2,HeavyAtomCount,14,21,11,False,False,False,False,True,True,False,False,False,False,-0.004555820475782052,0.1684848484848488,-0.22727272727272727,0.0068071861236828745,0.5636363636363637,0.00658433980357945,1.0,0.47619047619047616,0.9090909090909091,0.0158730158730158,0.18181818181818182,0.5
ChemSpacE adapted extreme-SVM,native_l2,HeavyAtomCount,15,21,12,False,True,True,True,True,True,True,False,True,True,0.7618527288259722,0.8685314685314678,0.6881893469394459,0.017815457819970456,0.7808987926411328,0.001496724449252623,1.0,0.5238095238095238,0.9166666666666666,0.01388888888888885,0.16666666666666666,0.5
ChemSpacE adapted extreme-SVM,native_l2,HeavyAtomCount,16,21,11,False,True,True,False,True,True,False,False,True,True,0.9145291883606759,0.667878787878788,0.009534625892455923,0.01743005292943943,0.49580054640770804,0.003697520743437465,1.0,0.47619047619047616,0.9090909090909091,0.0263157894736842,0.18181818181818182,0.5
ChemSpacE adapted extreme-SVM,native_l2,HeavyAtomCount,17,21,12,False,False,False,True,True,True,False,False,False,False,0.8889234523084132,0.8613053613053611,0.4929699706427992,0.015212029102467172,0.521139683250959,0.002838319821454873,0.9090909090909091,0.5238095238095238,0.9166666666666666,0.03128054740957965,0.16666666666666666,0.5
ChemSpacE adapted extreme-SVM,native_l2,HeavyAtomCount,18,21,11,False,False,False,False,True,True,False,False,True,False,0.07443873683187767,0.5248484848484849,-0.02727272727272728,0.013319499671478973,0.29090909090909095,0.004134657119710668,1.0,0.47619047619047616,0.9090909090909091,0.0227272727272727,0.18181818181818182,0.5
ChemSpacE adapted extreme-SVM,native_l2,HeavyAtomCount,19,21,11,False,True,True,False,True,True,False,False,True,True,0.7862453931068967,0.7442424242424245,0.18678863950706415,0.018573458875965686,-0.2870166899742693,0.008854182974069893,1.0,0.47619047619047616,0.9090909090909091,0.0151515151515151,0.18181818181818182,0.5
ChemSpacE adapted extreme-SVM,native_l2,HeavyAtomCount,20,21,12,False,False,False,False,True,True,False,False,False,False,0.8320918999730094,0.883216783216783,0.9644013324700096,0.038434363853826745,-0.5293330621827873,5.996915708300659e-05,0.9090909090909091,0.5238095238095238,0.9166666666666666,0.04863783284592885,0.08333333333333333,1.0
ChemSpacE adapted extreme-SVM,native_l2,HeavyAtomCount,21,21,12,False,True,True,True,True,True,True,False,True,True,0.7618527288259722,0.7797202797202792,0.2873894676196088,0.015163405416908091,-0.42175337455864675,-0.0019430172430159182,1.0,0.5238095238095238,0.9166666666666666,0.0169491525423728,0.16666666666666666,0.5
ChemSpacE adapted extreme-SVM,native_l2,HeavyAtomCount,22,21,12,False,True,True,True,True,True,True,False,True,True,0.8404128189727395,0.7659673659673654,0.797625162193241,0.02134236050579404,0.1087670675718056,-0.00023606743627474123,1.0,0.5238095238095238,0.9166666666666666,0.0555555555555555,0.16666666666666666,0.5
ChemSpacE adapted extreme-SVM,native_l2,HeavyAtomCount,23,21,12,False,True,True,True,True,True,True,False,True,True,0.7618527288259722,0.7461538461538453,-0.011196992244919823,0.01193416918203047,-0.4366826975518732,-0.0018250863541701392,1.0,0.5238095238095238,0.9166666666666666,0.0526315789473684,0.16666666666666666,0.5
ChemSpacE adapted extreme-SVM,native_l2,HeavyAtomCount,24,21,12,False,False,False,True,True,True,False,False,False,False,0.9553220347080249,0.9333333333333327,0.8483831270600837,0.02697949674258509,0.08701365405744448,0.0011354888420307572,0.9090909090909091,0.5238095238095238,0.9166666666666666,0.024390243902439,0.08333333333333333,1.0
ChemSpacE adapted extreme-SVM,native_l2,HeavyAtomCount,25,21,12,False,False,False,True,True,True,False,False,False,False,0.8320918999730094,0.8864801864801862,0.47132395947782424,0.020152865907860702,-0.09426479189556485,-0.001973898105229408,0.9090909090909091,0.5238095238095238,0.9166666666666666,0.02262762292514875,0.08333333333333333,1.0
ChemSpacE adapted extreme-SVM,native_l2,HeavyAtomCount,26,21,12,False,False,False,False,True,True,False,False,False,False,0.7526737802859003,0.9051282051282047,0.3943759765142393,0.01979730164705544,0.5563518240111589,0.0033990846404585184,0.9090909090909091,0.5238095238095238,0.9166666666666666,0.0203815261044176,0.16666666666666666,0.5
ChemSpacE adapted extreme-SVM,native_l2,HeavyAtomCount,27,21,12,False,False,False,True,True,True,False,False,False,False,0.8991410919269264,0.8902097902097897,0.8773876784125652,0.02237668209813778,-0.23203641081985196,-0.0015482427066428603,0.9090909090909091,0.5238095238095238,0.9166666666666666,0.0476190476190476,0.16666666666666666,0.5
ChemSpacE adapted extreme-SVM,native_l2,HeavyAtomCount,28,21,12,False,True,True,False,True,True,False,False,True,True,0.7618527288259722,0.8610722610722608,0.8811736555580972,0.030525029869101356,-0.45228382320681093,-0.003230349593123398,1.0,0.5238095238095238,0.9166666666666666,0.0512820512820512,0.16666666666666666,0.5
ChemSpacE adapted extreme-SVM,native_l2,HeavyAtomCount,29,21,12,False,True,True,False,True,True,False,False,True,True,0.7618527288259722,0.7703962703962698,0.03359097673475948,0.013082255975369793,-0.03359097673475948,0.00320768376302552,1.0,0.5238095238095238,0.9166666666666666,0.0294117647058823,0.16666666666666666,0.5
ChemSpacE adapted extreme-SVM,native_l2,HeavyAtomCount,30,21,11,False,False,False,False,True,True,False,False,False,False,-0.6849386474658347,-0.7503030303030301,-0.37813309948991036,-0.012318724067918344,0.33790306608314513,0.006998285553553273,0.6,0.47619047619047616,0.9090909090909091,0.0329670329670329,0.18181818181818182,0.5
ChemSpacE adapted extreme-SVM,native_l2,HeavyAtomCount,31,21,12,False,False,False,False,True,True,False,False,True,False,0.8320918999730094,0.8999999999999998,0.9325319787305002,0.03301561610684424,-0.20643837697087405,-0.002426055094458625,0.9090909090909091,0.5238095238095238,0.9166666666666666,0.04593267882187935,0.16666666666666666,0.5
ChemSpacE adapted extreme-SVM,native_l2,HeavyAtomCount,32,21,12,False,False,False,True,True,True,False,False,True,False,0.8320918999730094,0.9298368298368295,0.5255936285474347,0.018674146536945335,-0.01763737008548439,-0.0013164061929271825,0.9090909090909091,0.5238095238095238,0.9166666666666666,0.0307548928238583,0.16666666666666666,0.5
ChemSpacE adapted extreme-SVM,native_l2,HeavyAtomCount,33,21,12,False,True,True,False,True,True,False,False,True,True,0.7618527288259722,0.7741258741258734,0.5380617896770682,0.025138038199208634,-0.45228382320681093,-0.0007461999080611019,1.0,0.5238095238095238,0.9166666666666666,0.0294117647058823,0.16666666666666666,0.5
ChemSpacE adapted extreme-SVM,native_l2,HeavyAtomCount,34,21,12,False,False,False,True,True,True,False,False,False,False,0.9218856948317323,0.8836829836829835,0.705410511429949,0.016876918369974778,-0.18288420666702382,-0.001231115299514768,0.9090909090909091,0.5714285714285714,1.0,0.0303030303030303,0.16666666666666666,0.0
ChemSpacE adapted extreme-SVM,native_l2,HeavyAtomCount,35,21,12,False,False,False,True,True,True,False,False,True,False,0.9293503563283455,0.9209790209790201,0.2827943756866945,0.01485459349517854,0.6090955784021114,0.003772105955857959,0.9090909090909091,0.5238095238095238,0.9166666666666666,0.0111731843575419,0.16666666666666666,0.5
ChemSpacE adapted extreme-SVM,native_l2,HeavyAtomCount,36,21,11,False,True,True,False,True,True,False,False,True,True,0.8633970960424556,0.5200000000000002,-0.40010821047134243,0.00863377659040927,-0.02791452631195413,0.0013500143221021573,1.0,0.47619047619047616,0.9090909090909091,0.0246913580246913,0.18181818181818182,0.5
ChemSpacE adapted extreme-SVM,native_l2,HeavyAtomCount,37,21,12,False,True,True,True,True,True,True,False,True,True,0.8967696494617803,0.854312354312354,0.6743558189451947,0.01878461794845221,0.04350682702872224,0.000991488636086096,1.0,0.5238095238095238,0.9166666666666666,0.0363636363636363,0.16666666666666666,0.5
ChemSpacE adapted extreme-SVM,native_l2,HeavyAtomCount,38,21,12,False,True,True,True,True,True,True,False,True,True,0.8404128189727395,0.7564102564102556,0.4366826975518732,0.012518420085467174,-0.4441473590484864,-0.005139036492710535,1.0,0.5238095238095238,0.9166666666666666,0.0392156862745098,0.16666666666666666,0.5
ChemSpacE adapted extreme-SVM,native_l2,HeavyAtomCount,39,21,12,False,False,False,True,True,True,False,False,False,False,0.9163972132820599,0.918881118881118,0.7759235548215613,0.022116422141939665,0.19931981224774048,0.0005258808911016965,1.0,0.5238095238095238,0.9166666666666666,0.0256410256410256,0.16666666666666666,0.5
ChemSpacE adapted extreme-SVM,native_l2,HeavyAtomCount,40,21,12,False,True,True,True,True,True,True,False,True,True,0.8404128189727395,0.8657342657342652,0.7251137838120374,0.019599579188638618,-0.07251137838120374,0.0006440701311678132,1.0,0.5238095238095238,0.9166666666666666,0.01948051948051945,0.16666666666666666,0.5
ChemSpacE adapted extreme-SVM,native_l2,HeavyAtomCount,41,21,12,False,False,False,True,True,True,False,False,False,False,0.8889716525099387,0.9354312354312355,0.39935939006880716,0.020714338157001147,0.3172481136060617,-0.002041342793830647,0.9090909090909091,0.5238095238095238,0.9166666666666666,0.04,0.08333333333333333,1.0
ChemSpacE adapted extreme-SVM,native_l2,HeavyAtomCount,42,21,12,False,True,True,False,True,True,False,False,True,True,0.8948180265837857,0.7440559440559436,0.7396160594882781,0.01742171430337299,0.16677617027676858,3.104324499313388e-05,1.0,0.5238095238095238,0.9166666666666666,0.0204081632653061,0.16666666666666666,0.5
ChemSpacE adapted extreme-SVM,native_l2,HeavyAtomCount,43,21,12,False,False,False,True,True,True,False,False,False,False,0.8889716525099387,0.9237762237762236,0.8186349431603628,0.027041852419531446,0.16372698863207252,0.00030735550901151766,0.9090909090909091,0.5238095238095238,0.9166666666666666,0.055170707570509604,0.08333333333333333,1.0
ChemSpacE adapted extreme-SVM,native_l2,HeavyAtomCount,44,21,12,False,True,True,True,True,True,True,False,True,True,0.7618527288259722,0.7512820512820505,0.26829210001045384,0.011936343637749725,-0.09426479189556485,-0.0007987527684362491,1.0,0.5238095238095238,0.9166666666666666,0.0454545454545454,0.16666666666666666,0.5
ChemSpacE adapted extreme-SVM,native_l2,HeavyAtomCount,45,21,12,False,True,True,True,True,True,True,False,True,True,0.8948180265837857,0.8566433566433563,0.7830421195446947,0.022349130988484945,0.4057581892186145,0.0032322656020601775,1.0,0.5238095238095238,0.9166666666666666,0.0701071080817916,0.16666666666666666,0.5
ChemSpacE adapted extreme-SVM,native_l2,HeavyAtomCount,46,21,12,False,True,True,True,True,True,True,False,True,True,0.8967696494617803,0.8410256410256405,0.705410511429949,0.022256672225380823,0.2276721756467031,0.00047363026074562426,1.0,0.5238095238095238,0.9166666666666666,0.0476190476190476,0.16666666666666666,0.5
ChemSpacE adapted extreme-SVM,native_l2,HeavyAtomCount,47,21,11,False,True,True,False,True,True,False,False,True,True,0.9145291883606759,0.7030303030303033,0.32566947363946475,0.02357568013887036,0.5396808420311132,0.001257409007495532,1.0,0.47619047619047616,0.9090909090909091,0.0416666666666666,0.09090909090909091,1.0
ChemSpacE adapted extreme-SVM,native_l2,HeavyAtomCount,48,21,12,False,True,True,True,True,True,True,False,True,True,0.7618527288259722,0.7083916083916079,0.8920270488452793,0.02149085265183071,-0.04105563823137269,-0.00018333740539883123,1.0,0.5238095238095238,0.9166666666666666,0.0454545454545454,0.16666666666666666,0.5
ChemSpacE adapted extreme-SVM,native_l2,HeavyAtomCount,49,21,12,False,False,False,True,True,True,False,False,False,False,0.8870030219848007,0.886480186480186,0.8193785757076022,0.018840236428517683,0.2610409621723334,0.000489470537641926,0.9090909090909091,0.5238095238095238,0.9166666666666666,0.038187855787476244,0.16666666666666666,0.5
ChemSpacE adapted extreme-SVM,train_std_unit,HeavyAtomCount,0,21,12,False,False,False,False,True,True,False,False,False,False,0.914421033335119,1.0272727272727271,0.5635819429942979,0.02355109646999287,-0.4740060050349392,0.000675011030582549,0.9090909090909091,0.5238095238095238,0.9166666666666666,0.00666666666666665,0.16666666666666666,0.5
ChemSpacE adapted extreme-SVM,train_std_unit,HeavyAtomCount,1,21,12,False,False,False,False,True,True,False,False,False,False,0.8320918999730094,0.9613053613053609,0.49387116017853416,0.03191391008546837,-0.5639238070123688,-0.00038880198984178865,0.9090909090909091,0.5238095238095238,0.9166666666666666,0.0478095238095238,0.25,0.3333333333333333
ChemSpacE adapted extreme-SVM,train_std_unit,HeavyAtomCount,2,21,13,False,True,True,True,True,True,True,False,True,True,0.9183717076470689,1.047252747252747,0.6098901098901099,0.01742705892672146,-0.11538461538461539,0.0012145813507399097,1.0,0.5714285714285714,0.9230769230769231,0.0384615384615384,0.23076923076923078,0.3333333333333333
ChemSpacE adapted extreme-SVM,train_std_unit,HeavyAtomCount,3,21,12,False,False,False,False,True,True,False,False,False,False,0.8651501883978578,0.7065268065268064,0.49650349650349657,0.017278606497873557,-0.7762237762237763,-0.00563630737339213,0.9090909090909091,0.5238095238095238,0.9166666666666666,0.0558248225722693,0.25,0.3333333333333333
ChemSpacE adapted extreme-SVM,train_std_unit,HeavyAtomCount,4,21,12,False,False,False,False,True,True,False,False,True,False,0.9571501946318892,1.0179487179487177,0.9300699300699302,0.03644692289899342,-0.0979020979020979,0.000328472580706172,1.0,0.5238095238095238,0.9166666666666666,0.0451766304347826,0.25,0.3333333333333333
ChemSpacE adapted extreme-SVM,train_std_unit,HeavyAtomCount,5,21,13,False,False,False,True,True,True,False,False,False,False,0.9105923332426072,0.8289377289377287,0.3021978021978022,0.014674699112052686,0.11538461538461539,0.004027963192560408,1.0,0.5714285714285714,0.9230769230769231,0.0620689655172413,0.3076923076923077,0.25
ChemSpacE adapted extreme-SVM,train_std_unit,HeavyAtomCount,6,21,13,False,True,True,True,True,True,True,False,True,True,0.9507082380237134,0.9487179487179482,0.4924351288532529,0.014586278442311423,-0.013755171197018235,-0.0013205982687348634,1.0,0.6190476190476191,1.0,0.06,0.23076923076923078,0.0
ChemSpacE adapted extreme-SVM,train_std_unit,HeavyAtomCount,7,21,13,False,True,True,True,True,True,True,False,True,True,0.9198662110077998,1.0388278388278385,0.4704268549380237,0.021759654046153338,-0.23383791034931004,-0.0012354978771068662,1.0,0.5714285714285714,0.9230769230769231,0.0319148936170212,0.23076923076923078,0.3333333333333333
ChemSpacE adapted extreme-SVM,train_std_unit,HeavyAtomCount,8,21,13,False,False,False,True,True,True,False,False,False,False,0.9304230571242039,1.0754578754578754,0.7162561613790811,0.024430224509343307,0.0826449416975863,-0.0014029965114122167,0.8333333333333334,0.5714285714285714,0.9230769230769231,0.0833333333333333,0.07692307692307693,1.0
ChemSpacE adapted extreme-SVM,train_std_unit,HeavyAtomCount,9,21,13,False,True,True,True,True,True,True,False,True,True,0.9198662110077998,1.0161172161172158,-0.05509662779839086,0.008338989210156921,0.0771352789177472,0.0013067062146812716,1.0,0.5714285714285714,0.9230769230769231,0.1304347826086956,0.15384615384615385,0.5
ChemSpacE adapted extreme-SVM,train_std_unit,HeavyAtomCount,10,21,13,False,False,False,True,True,True,False,False,False,False,0.5989010989010989,0.5813186813186811,0.3186813186813187,0.012504057513381274,0.5274725274725275,0.0033864789149286242,1.0,0.5714285714285714,0.9230769230769231,0.045045045045045,0.15384615384615385,0.5
ChemSpacE adapted extreme-SVM,train_std_unit,HeavyAtomCount,11,21,13,False,True,True,True,True,True,True,False,True,True,0.9198662110077998,1.0058608058608054,0.48143099189563826,0.02018807275344266,0.12379654077316414,0.001656839842437517,1.0,0.5714285714285714,0.9230769230769231,0.0961538461538461,0.15384615384615385,0.5
ChemSpacE adapted extreme-SVM,train_std_unit,HeavyAtomCount,12,21,12,False,False,False,False,True,True,False,False,False,False,0.9538876728999008,1.025407925407925,0.6853146853146854,0.03128058193014318,-0.07355527917552636,0.002719253144704306,0.9090909090909091,0.5238095238095238,0.9166666666666666,0.0675521512385919,0.25,0.3333333333333333
ChemSpacE adapted extreme-SVM,train_std_unit,HeavyAtomCount,13,21,12,False,False,False,False,True,True,False,False,False,False,0.914421033335119,1.0822843822843817,0.4125874125874127,0.023816841929794788,-0.5078816895453011,-0.0052358877771339005,0.9090909090909091,0.5238095238095238,0.9166666666666666,0.0192589875275128,0.16666666666666666,0.5
ChemSpacE adapted extreme-SVM,train_std_unit,HeavyAtomCount,14,21,12,False,False,False,True,True,True,False,False,False,False,0.7189750370364925,0.929603729603729,0.234676366893346,0.020394429384526406,0.3187395430939476,0.0038987880706220827,0.9090909090909091,0.5238095238095238,0.9166666666666666,0.0175438596491228,0.25,0.3333333333333333
ChemSpacE adapted extreme-SVM,train_std_unit,HeavyAtomCount,15,21,13,False,False,False,True,True,True,False,False,True,False,0.8707933191691218,1.0003663003663001,0.4190051504967734,0.01940629804976131,-0.16471236950562818,0.0006607892643716037,0.9166666666666666,0.5714285714285714,0.9230769230769231,0.0,0.23076923076923078,0.3333333333333333
ChemSpacE adapted extreme-SVM,train_std_unit,HeavyAtomCount,16,21,12,False,False,False,True,True,True,False,False,False,False,0.9225580879172384,1.156876456876457,0.5804195804195805,0.02908329850311401,0.6549922478963537,0.0026071300557722944,0.7272727272727273,0.5238095238095238,0.9166666666666666,0.0415393430099312,0.25,0.3333333333333333
ChemSpacE adapted extreme-SVM,train_std_unit,HeavyAtomCount,17,21,13,False,False,False,False,True,True,False,False,False,False,0.7071931137405821,0.8461538461538461,0.6813186813186813,0.019325329477937556,-0.23626373626373626,0.00071670510037402,1.0,0.5714285714285714,0.9230769230769231,0.0434782608695652,0.15384615384615385,0.5
ChemSpacE adapted extreme-SVM,train_std_unit,HeavyAtomCount,18,21,12,False,False,False,True,True,True,False,False,True,False,0.7278044959197886,0.918414918414918,0.4755244755244756,0.024169424149064544,0.33975533714409795,0.0020496372173821947,1.0,0.5238095238095238,0.9166666666666666,0.019900990099009898,0.25,0.3333333333333333
ChemSpacE adapted extreme-SVM,train_std_unit,HeavyAtomCount,19,21,12,False,True,True,True,True,True,True,False,True,True,0.9368150178249588,1.002097902097902,0.7535398122682787,0.023154865447877707,0.19718798825711964,0.006478074863289715,1.0,0.5238095238095238,0.9166666666666666,0.00458715596330275,0.16666666666666666,0.5
ChemSpacE adapted extreme-SVM,train_std_unit,HeavyAtomCount,20,21,13,False,False,False,True,True,True,False,False,False,False,0.9145331848145499,0.988644688644688,0.5639620190777477,0.018502197838660465,0.18431929404004438,0.0018512148699445252,0.9166666666666666,0.5714285714285714,0.9230769230769231,0.0641025641025641,0.15384615384615385,0.5
ChemSpacE adapted extreme-SVM,train_std_unit,HeavyAtomCount,21,21,13,False,False,False,True,True,True,False,False,True,False,0.8707933191691218,0.9476190476190475,0.40990410167114344,0.021574018991467738,-0.5089413342896748,-0.004720901044358067,0.9166666666666666,0.5714285714285714,0.9230769230769231,0.0392156862745098,0.23076923076923078,0.3333333333333333
ChemSpacE adapted extreme-SVM,train_std_unit,HeavyAtomCount,22,21,13,False,False,False,True,True,True,False,False,False,False,0.9019467393647906,1.035897435897436,0.5054945054945055,0.018961476786533153,-0.06043956043956044,-0.0030054375639917957,0.9166666666666666,0.5714285714285714,0.9230769230769231,0.0533333333333333,0.23076923076923078,0.3333333333333333
ChemSpacE adapted extreme-SVM,train_std_unit,HeavyAtomCount,23,21,13,False,True,True,True,True,True,True,False,True,True,0.9198662110077998,0.9864468864468858,0.41540617014995074,0.02344018187446059,-0.4924351288532529,-0.0017637065890130546,1.0,0.5714285714285714,0.9230769230769231,0.0526315789473684,0.23076923076923078,0.3333333333333333
ChemSpacE adapted extreme-SVM,train_std_unit,HeavyAtomCount,24,21,13,False,False,False,True,True,True,False,False,False,False,0.9551834458795818,1.043956043956044,0.569464087556555,0.018300588039426323,0.18431929404004438,0.00041059965212889856,0.9166666666666666,0.5714285714285714,0.9230769230769231,0.0416666666666666,0.15384615384615385,0.5
ChemSpacE adapted extreme-SVM,train_std_unit,HeavyAtomCount,25,21,13,False,False,False,True,True,True,False,False,False,False,0.9318977389565983,1.0300366300366297,0.5164835164835164,0.02467101593419622,-0.2582417582417582,-0.0038328438169583927,0.9166666666666666,0.5714285714285714,0.9230769230769231,0.0375,0.15384615384615385,0.5
ChemSpacE adapted extreme-SVM,train_std_unit,HeavyAtomCount,26,21,12,False,False,False,False,True,True,False,False,True,False,0.8889716525099387,1.0139860139860135,0.8861659824480081,0.03635248570331102,-0.1263165670480507,0.0019407395199755536,0.9090909090909091,0.5238095238095238,0.9166666666666666,0.03670033670033665,0.25,0.3333333333333333
ChemSpacE adapted extreme-SVM,train_std_unit,HeavyAtomCount,27,21,13,False,False,False,True,True,True,False,False,False,False,0.7840447582300396,0.9578754578754576,0.6043956043956044,0.018333751444968408,-0.2582417582417582,-0.003431841708880798,0.9166666666666666,0.5714285714285714,0.9230769230769231,0.054054054054054,0.23076923076923078,0.3333333333333333
ChemSpacE adapted extreme-SVM,train_std_unit,HeavyAtomCount,28,21,13,False,True,True,True,True,True,True,False,True,True,0.8770580193070292,1.019413919413919,0.8357356569421918,0.023914710210857216,0.11143142092562557,-0.0011774183180666912,1.0,0.5714285714285714,0.9230769230769231,0.102803738317757,0.23076923076923078,0.3333333333333333
ChemSpacE adapted extreme-SVM,train_std_unit,HeavyAtomCount,29,21,12,False,False,False,False,True,True,False,False,False,False,0.8889716525099387,0.9708624708624704,0.29071848436041375,0.03254944865724321,-0.5639238070123688,0.0011053417477471074,0.9090909090909091,0.5238095238095238,0.9166666666666666,0.0384615384615384,0.25,0.3333333333333333
ChemSpacE adapted extreme-SVM,train_std_unit,HeavyAtomCount,30,21,12,False,False,False,True,True,True,False,False,False,False,0.4366305454264792,0.608624708624708,0.3706293706293707,0.019838356404634896,0.6970238359966545,0.003232206800065312,0.9090909090909091,0.5238095238095238,0.9166666666666666,0.0297029702970297,0.25,0.3333333333333333
ChemSpacE adapted extreme-SVM,train_std_unit,HeavyAtomCount,31,21,13,False,True,True,True,True,True,True,False,True,True,0.9507082380237134,1.0036630036630034,0.17331515708242978,0.00889063430124244,-0.13259870882635916,-0.0040211628894832215,1.0,0.5714285714285714,0.9230769230769231,0.0555555555555555,0.15384615384615385,0.5
ChemSpacE adapted extreme-SVM,train_std_unit,HeavyAtomCount,32,21,12,False,False,False,False,True,True,False,False,False,False,0.914421033335119,1.0687645687645682,0.46270670700368327,0.027300767761060968,-0.811516378437229,-0.003679816970969416,0.9090909090909091,0.5238095238095238,0.9166666666666666,0.0685446009389671,0.25,0.3333333333333333
ChemSpacE adapted extreme-SVM,train_std_unit,HeavyAtomCount,33,21,13,False,True,True,True,True,True,True,False,True,True,0.9198662110077998,0.9893772893772891,0.5292992493967215,0.020684925535179064,-0.21729127080496985,-0.0008982889883280014,1.0,0.5714285714285714,0.9230769230769231,0.0666666666666666,0.23076923076923078,0.3333333333333333
ChemSpacE adapted extreme-SVM,train_std_unit,HeavyAtomCount,34,21,13,False,False,False,True,True,True,False,False,True,False,0.9641909864718401,0.9996336996336995,0.8005509636664615,0.02135738616362875,-0.3218710060102268,-0.0031272929938930363,0.9166666666666666,0.6190476190476191,1.0,0.0517241379310344,0.3076923076923077,0.0
ChemSpacE adapted extreme-SVM,train_std_unit,HeavyAtomCount,35,21,13,False,False,False,True,True,True,False,False,True,False,0.9779154775943989,0.9673992673992667,0.6208791208791209,0.024897120592760724,0.5914723614717842,0.003243115906854123,1.0,0.5714285714285714,0.9230769230769231,0.0414201183431952,0.23076923076923078,0.3333333333333333
ChemSpacE adapted extreme-SVM,train_std_unit,HeavyAtomCount,36,21,12,False,False,False,False,True,True,False,False,True,False,0.8748273614729573,0.9263403263403257,0.6223776223776225,0.026054494831220357,0.027972027972027972,0.001882488205375957,1.0,0.5238095238095238,0.9166666666666666,0.027783137179239803,0.25,0.3333333333333333
ChemSpacE adapted extreme-SVM,train_std_unit,HeavyAtomCount,37,21,12,False,False,False,False,True,True,False,False,True,True,0.9698834319561102,0.9223776223776223,0.8881118881118882,0.03436028961491254,0.20979020979020982,0.002531018785150507,1.0,0.5238095238095238,0.9166666666666666,0.04688644688644685,0.16666666666666666,0.5
ChemSpacE adapted extreme-SVM,train_std_unit,HeavyAtomCount,38,21,12,False,False,False,False,True,True,False,False,False,False,0.8889716525099387,1.0004662004662,0.4658501014450003,0.028731223213816,-0.9702291586486097,-0.009858783214736806,0.9090909090909091,0.5238095238095238,0.9166666666666666,0.04038921504674925,0.08333333333333333,1.0
ChemSpacE adapted extreme-SVM,train_std_unit,HeavyAtomCount,39,21,13,False,False,False,True,True,True,False,False,False,False,0.7400282103995811,0.9864468864468865,0.4835164835164835,0.01604188783465213,0.12087912087912088,-0.00032994912598622244,0.9166666666666666,0.5714285714285714,0.9230769230769231,0.028169014084507,0.15384615384615385,0.5
ChemSpacE adapted extreme-SVM,train_std_unit,HeavyAtomCount,40,21,13,False,True,True,True,True,True,True,False,True,True,0.9507082380237134,1.0124542124542122,0.5549450549450549,0.018801641293495937,-0.1758241758241758,-0.0008660637400181685,1.0,0.5714285714285714,0.9230769230769231,0.0404040404040404,0.15384615384615385,0.5
ChemSpacE adapted extreme-SVM,train_std_unit,HeavyAtomCount,41,21,12,False,False,False,False,True,True,False,False,False,False,0.9254134140073665,1.1361305361305358,0.6479033899876788,0.03657253853276679,-0.40846083281831924,-0.004820035397727889,0.8181818181818182,0.5238095238095238,0.9166666666666666,0.04692793700210595,0.16666666666666666,0.5
ChemSpacE adapted extreme-SVM,train_std_unit,HeavyAtomCount,42,21,13,False,True,True,True,True,True,True,False,True,True,0.9833783437888832,0.9813186813186813,0.3626373626373627,0.01676352447218623,0.03846153846153846,-0.0007782170632598194,1.0,0.5714285714285714,0.9230769230769231,0.0212765957446808,0.23076923076923078,0.3333333333333333
ChemSpacE adapted extreme-SVM,train_std_unit,HeavyAtomCount,43,21,13,False,False,False,True,True,True,False,False,False,False,0.9537447251423582,1.0677655677655673,0.5089413342896748,0.016758457999538474,0.0385676394588736,-0.0011661042079344453,0.9166666666666666,0.5714285714285714,0.9230769230769231,0.1020408163265306,0.15384615384615385,0.5
ChemSpacE adapted extreme-SVM,train_std_unit,HeavyAtomCount,44,21,13,False,False,False,True,True,True,False,False,False,False,0.8707933191691218,0.9754578754578753,0.3933978962347216,0.023788665498439804,-0.2558461842645392,-0.003979364821959254,0.9166666666666666,0.5714285714285714,0.9230769230769231,0.0454545454545454,0.23076923076923078,0.3333333333333333
ChemSpacE adapted extreme-SVM,train_std_unit,HeavyAtomCount,45,21,13,False,True,True,True,True,True,True,False,True,True,0.9707253433941511,1.015384615384615,0.2683328344142665,0.008747581882495104,0.6445520661703513,0.003263529747626313,1.0,0.5714285714285714,0.9230769230769231,0.0869565217391304,0.23076923076923078,0.3333333333333333
ChemSpacE adapted extreme-SVM,train_std_unit,HeavyAtomCount,46,21,13,False,True,True,True,True,True,True,False,True,True,0.9861680751917863,1.0153846153846153,0.795592252958155,0.027048149701380093,0.21547290184283366,-8.147679191211855e-05,1.0,0.5714285714285714,0.9230769230769231,0.0579710144927536,0.23076923076923078,0.3333333333333333
ChemSpacE adapted extreme-SVM,train_std_unit,HeavyAtomCount,47,21,12,False,False,False,False,True,True,False,False,False,False,0.9559454586332539,1.0428904428904424,0.8811188811188813,0.04175179037246712,0.3636363636363637,0.0019564929817182113,0.8181818181818182,0.5238095238095238,0.9166666666666666,0.05298245614035085,0.16666666666666666,0.5
ChemSpacE adapted extreme-SVM,train_std_unit,HeavyAtomCount,48,21,12,False,True,True,False,True,True,False,False,True,True,0.8404128189727395,0.8435897435897433,0.8028368093325585,0.02967606526369261,-0.5774791084672789,-0.0023686968193234966,1.0,0.5238095238095238,0.9166666666666666,0.0827067669172932,0.16666666666666666,0.5
ChemSpacE adapted extreme-SVM,train_std_unit,HeavyAtomCount,49,21,13,False,True,True,True,True,True,True,False,True,True,0.9805806756909201,0.9677655677655675,0.576923076923077,0.01895099119084965,0.34065934065934067,0.001607791811855203,1.0,0.5714285714285714,0.9230769230769231,0.0641025641025641,0.23076923076923078,0.3333333333333333
