method,scale,property,seed_id,confound,spearman_alpha_confound,spearman_abs_alpha_confound,slope_confound_per_alpha,slope_confound_per_abs_alpha
MolecuLA continuous OLS,native_l2,FractionCSP3,0,selfies_len_tokens,-0.22521212361125392,0.8532123227632188,-0.08961038961038961,0.28637182637182634
MolecuLA continuous OLS,native_l2,FractionCSP3,0,branch_token_count,0.7956864226043341,-0.2633649858396984,0.015584415584415583,-0.01752661752661757
MolecuLA continuous OLS,native_l2,FractionCSP3,0,ring_token_count,-0.9043692785552808,0.09761879761047955,-0.029696969696969704,0.027371007371007353
MolecuLA continuous OLS,native_l2,FractionCSP3,0,token_entropy,-0.2951888061513449,-0.9152007087421509,-0.002094714297387754,-0.009314528784296304
MolecuLA continuous OLS,native_l2,FractionCSP3,1,selfies_len_tokens,-0.21759073089002567,0.9228758169934643,-0.029437229437229442,0.20570024570024548
MolecuLA continuous OLS,native_l2,FractionCSP3,1,branch_token_count,0.4535545385873537,0.26860608521861773,0.0077056277056277035,0.007125307125307098
MolecuLA continuous OLS,native_l2,FractionCSP3,1,ring_token_count,-0.9500668189773271,0.10499831873872854,-0.030476190476190487,0.021916461916461898
MolecuLA continuous OLS,native_l2,FractionCSP3,1,token_entropy,-0.5058521832285162,-0.7240718365672042,-0.00297622535696025,-0.0077134421546784454
MolecuLA continuous OLS,native_l2,FractionCSP3,2,selfies_len_tokens,-0.1866096341774358,0.8836843928346926,0.13419913419913418,0.5803112203112204
MolecuLA continuous OLS,native_l2,FractionCSP3,2,branch_token_count,-0.29602729823152163,-0.5002384321200093,-0.002683982683982685,-0.00800982800982802
MolecuLA continuous OLS,native_l2,FractionCSP3,2,ring_token_count,-0.9664255286359911,0.08400801214963798,-0.029956709956709956,0.026699426699426706
MolecuLA continuous OLS,native_l2,FractionCSP3,2,token_entropy,-0.5730088875791742,-0.6858084166188178,-0.004146660832575123,-0.008456619735779084
MolecuLA continuous OLS,native_l2,FractionCSP3,3,selfies_len_tokens,0.13581665273648397,0.9508704980820679,0.15965367965367963,0.4127108927108925
MolecuLA continuous OLS,native_l2,FractionCSP3,3,branch_token_count,0.8546775753420979,-0.16830017133856978,0.023549783549783546,-0.000425880425880492
MolecuLA continuous OLS,native_l2,FractionCSP3,3,ring_token_count,-0.9770404508309009,0.054567358935121844,-0.03653679653679654,0.026732186732186723
MolecuLA continuous OLS,native_l2,FractionCSP3,3,token_entropy,-0.6710018677272862,-0.6027408801694565,-0.005133488090828313,-0.0073513907902389986
MolecuLA continuous OLS,native_l2,FractionCSP3,4,selfies_len_tokens,-0.2372932853315667,0.7580920091837686,0.06952380952380949,0.276183456183456
MolecuLA continuous OLS,native_l2,FractionCSP3,4,branch_token_count,0.31875031234897017,-0.7419134577309199,0.0038095238095238048,-0.020343980343980387
MolecuLA continuous OLS,native_l2,FractionCSP3,4,ring_token_count,-0.8760474444327437,0.18752224280943683,-0.025454545454545455,0.016904176904176872
MolecuLA continuous OLS,native_l2,FractionCSP3,4,token_entropy,-0.6731716216168505,-0.5389892979325817,-0.0045241467156811425,-0.005877194244430436
MolecuLA continuous OLS,native_l2,FractionCSP3,5,selfies_len_tokens,0.004594952787594974,0.9496485704571273,0.0621645021645021,0.6809172809172809
MolecuLA continuous OLS,native_l2,FractionCSP3,5,branch_token_count,0.23430637859866604,-0.8492443592303549,0.004761904761904761,-0.0530221130221131
MolecuLA continuous OLS,native_l2,FractionCSP3,5,ring_token_count,-0.9575367924093039,-0.04426253298926065,-0.0418181818181818,0.014365274365274305
MolecuLA continuous OLS,native_l2,FractionCSP3,5,token_entropy,-0.4332575740035293,-0.8090618041028448,-0.003973529909697874,-0.011223110563849413
MolecuLA continuous OLS,native_l2,FractionCSP3,6,selfies_len_tokens,-0.15536591726768542,0.8747293391918063,-0.08528138528138532,0.5327272727272728
MolecuLA continuous OLS,native_l2,FractionCSP3,6,branch_token_count,0.7129072398818025,-0.44760400649166315,0.01584415584415584,-0.0230466830466831
MolecuLA continuous OLS,native_l2,FractionCSP3,6,ring_token_count,-0.9710140301068859,0.05014664260812305,-0.035411255411255414,0.028058968058968053
MolecuLA continuous OLS,native_l2,FractionCSP3,6,token_entropy,-0.32727272727272727,-0.8534247229518972,-0.0022469920191001335,-0.010031560811498702
MolecuLA continuous OLS,native_l2,FractionCSP3,7,selfies_len_tokens,-0.18513831318551896,0.8616744812146278,0.06017316017316015,0.41534807534807533
MolecuLA continuous OLS,native_l2,FractionCSP3,7,branch_token_count,0.024225210791794214,0.29063831346862457,0.00017316017316017148,0.006355446355446339
MolecuLA continuous OLS,native_l2,FractionCSP3,7,ring_token_count,-0.8970873057234942,0.24396357767331492,-0.034545454545454546,0.03457821457821459
MolecuLA continuous OLS,native_l2,FractionCSP3,7,token_entropy,-0.6449940433967712,-0.6118733177477815,-0.004238834501371438,-0.006723758591250643
MolecuLA continuous OLS,native_l2,FractionCSP3,8,selfies_len_tokens,0.023012972452544272,0.8440333526953357,0.1702164502164502,0.39459459459459456
MolecuLA continuous OLS,native_l2,FractionCSP3,8,branch_token_count,-0.03318645797298688,-0.8024030849862177,-0.003896103896103897,-0.03395577395577402
MolecuLA continuous OLS,native_l2,FractionCSP3,8,ring_token_count,-0.9693370991255035,0.02380947561400965,-0.02640692640692641,-8.190008190010277e-05
MolecuLA continuous OLS,native_l2,FractionCSP3,8,token_entropy,-0.672302258943812,-0.5525124734886684,-0.00497721263472869,-0.007658251237547629
MolecuLA continuous OLS,native_l2,FractionCSP3,9,selfies_len_tokens,-0.0006506193265276331,0.9588781016968811,0.17212121212121212,0.5546273546273546
MolecuLA continuous OLS,native_l2,FractionCSP3,9,branch_token_count,-0.35493037116400483,-0.7380741075875671,-0.006406926406926409,-0.01742833742833746
MolecuLA continuous OLS,native_l2,FractionCSP3,9,ring_token_count,-0.82864237690871,0.3062112510037313,-0.024329004329004335,0.027829647829647846
MolecuLA continuous OLS,native_l2,FractionCSP3,9,token_entropy,-0.5248787426519791,-0.7921707114892907,-0.004765066664414373,-0.009728170271617887
MolecuLA continuous OLS,native_l2,FractionCSP3,10,selfies_len_tokens,-0.16056799906723385,0.8047937134671788,-0.020086580086580198,0.4187387387387388
MolecuLA continuous OLS,native_l2,FractionCSP3,10,branch_token_count,0.3938514996838457,-0.7610528215295267,0.006839826839826838,-0.0252743652743653
MolecuLA continuous OLS,native_l2,FractionCSP3,10,ring_token_count,-0.8850302435142124,0.25155404426766076,-0.030995670995671003,0.030925470925470922
MolecuLA continuous OLS,native_l2,FractionCSP3,10,token_entropy,-0.5227572690433508,-0.7514691493021795,-0.004323590139559444,-0.009345156877668402
MolecuLA continuous OLS,native_l2,FractionCSP3,11,selfies_len_tokens,0.13376995432938568,0.9489374411539624,0.2547186147186147,0.636953316953317
MolecuLA continuous OLS,native_l2,FractionCSP3,11,branch_token_count,0.0014081015852391928,-0.4718403737733836,-0.002077922077922078,-0.01290745290745293
MolecuLA continuous OLS,native_l2,FractionCSP3,11,ring_token_count,-0.9633020492499986,0.04875940165816428,-0.021558441558441558,0.012628992628992617
MolecuLA continuous OLS,native_l2,FractionCSP3,11,token_entropy,-0.6588626596114683,-0.5983694748234594,-0.005327644901779175,-0.007833549355249088
MolecuLA continuous OLS,native_l2,FractionCSP3,12,selfies_len_tokens,0.05861308140160707,0.9696178237120321,0.1562770562770562,0.37141687141687124
MolecuLA continuous OLS,native_l2,FractionCSP3,12,branch_token_count,0.40272849686884865,-0.8456316279581462,0.008744588744588746,-0.03199017199017203
MolecuLA continuous OLS,native_l2,FractionCSP3,12,ring_token_count,-0.9543919458551021,0.028685607467335054,-0.04251082251082252,0.012465192465192416
MolecuLA continuous OLS,native_l2,FractionCSP3,12,token_entropy,-0.6996104744908527,-0.5512078395489076,-0.005101373373775684,-0.007705945595689856
MolecuLA continuous OLS,native_l2,FractionCSP3,13,selfies_len_tokens,0.04008164677754783,0.9641092312724637,0.012987012987012972,0.2740704340704341
MolecuLA continuous OLS,native_l2,FractionCSP3,13,branch_token_count,0.6192129422240231,0.5373942219406613,0.02181818181818182,0.03498771498771498
MolecuLA continuous OLS,native_l2,FractionCSP3,13,ring_token_count,-0.7990695407509041,0.46643662649580636,-0.015757575757575755,0.01945945945945947
MolecuLA continuous OLS,native_l2,FractionCSP3,13,token_entropy,-0.7634149989993633,-0.4026251148949043,-0.0028107156125196046,-0.003480839387142048
MolecuLA continuous OLS,native_l2,FractionCSP3,14,selfies_len_tokens,-0.05430313985039433,0.9340419767484998,-0.006493506493506511,0.1743980343980343
MolecuLA continuous OLS,native_l2,FractionCSP3,14,branch_token_count,0.6908859737469542,0.06021355208110564,0.008225108225108227,0.00407862407862405
MolecuLA continuous OLS,native_l2,FractionCSP3,14,ring_token_count,-0.914457042597271,0.13946683429386678,-0.027619047619047602,0.018951678951678937
MolecuLA continuous OLS,native_l2,FractionCSP3,14,token_entropy,-0.4899048791296387,-0.8232026143790852,-0.003387406056369148,-0.006519852604063772
MolecuLA continuous OLS,native_l2,FractionCSP3,15,selfies_len_tokens,-0.16710410603719744,0.922071196663244,0.06320346320346325,0.37287469287469277
MolecuLA continuous OLS,native_l2,FractionCSP3,15,branch_token_count,0.7936706630343578,0.052032175687153306,0.00987012987012987,3.2760032760012786e-05
MolecuLA continuous OLS,native_l2,FractionCSP3,15,ring_token_count,-0.83573573791844,0.37116419763514363,-0.023982683982683984,0.02461916461916462
MolecuLA continuous OLS,native_l2,FractionCSP3,15,token_entropy,-0.4473345784848574,-0.840184257205909,-0.0033051610946440275,-0.007655957771099068
MolecuLA continuous OLS,native_l2,FractionCSP3,16,selfies_len_tokens,-0.3540288273253669,0.7993291305829667,-0.12112554112554128,0.2903030303030301
MolecuLA continuous OLS,native_l2,FractionCSP3,16,branch_token_count,0.8541596981631412,-0.20308551286556625,0.011774891774891771,-0.007567567567567622
MolecuLA continuous OLS,native_l2,FractionCSP3,16,ring_token_count,-0.912846816043358,-0.0027175819495371357,-0.028658008658008667,0.021310401310401315
MolecuLA continuous OLS,native_l2,FractionCSP3,16,token_entropy,-0.27231414823961303,-0.904901960784314,-0.0026055109570650293,-0.008396770705279624
MolecuLA continuous OLS,native_l2,FractionCSP3,17,selfies_len_tokens,0.28663916115226706,0.8590189749927873,0.2003463203463203,0.7256347256347258
MolecuLA continuous OLS,native_l2,FractionCSP3,17,branch_token_count,0.014014582753042027,-0.9473969068314767,8.658008658008361e-05,-0.047944307944308
MolecuLA continuous OLS,native_l2,FractionCSP3,17,ring_token_count,-0.9573396540258416,-0.00494744051990232,-0.04017316017316018,-0.0009500409500410049
MolecuLA continuous OLS,native_l2,FractionCSP3,17,token_entropy,-0.6203313091055029,-0.6428831814317008,-0.005756195200617675,-0.010276690591406594
MolecuLA continuous OLS,native_l2,FractionCSP3,18,selfies_len_tokens,-0.3608526085080502,0.7044199287213959,-0.10190476190476205,0.2549877149877148
MolecuLA continuous OLS,native_l2,FractionCSP3,18,branch_token_count,0.8200310684980278,-0.32005130378309826,0.016969696969696968,-0.01572481572481578
MolecuLA continuous OLS,native_l2,FractionCSP3,18,ring_token_count,-0.9833448095800323,0.02198904161705885,-0.034285714285714294,0.008648648648648621
MolecuLA continuous OLS,native_l2,FractionCSP3,18,token_entropy,-0.32119663048185987,-0.9099821729831079,-0.002419062947975123,-0.00919138547256786
MolecuLA continuous OLS,native_l2,FractionCSP3,19,selfies_len_tokens,-0.5008682237742673,0.7293217886060821,-0.1217316017316017,0.2799999999999997
MolecuLA continuous OLS,native_l2,FractionCSP3,19,branch_token_count,0.28487063932824164,-0.7130992015530304,0.0032900432900432935,-0.012710892710892756
MolecuLA continuous OLS,native_l2,FractionCSP3,19,ring_token_count,-0.9797195253373128,0.021053087199511173,-0.03324675324675325,0.010974610974610933
MolecuLA continuous OLS,native_l2,FractionCSP3,19,token_entropy,-0.1898571176127593,-0.9595582626940156,-0.0017726936338182029,-0.009040611011938308
MolecuLA continuous OLS,native_l2,FractionCSP3,20,selfies_len_tokens,0.03364537739742524,0.9087416016687281,0.0013852813852813035,0.7567895167895167
MolecuLA continuous OLS,native_l2,FractionCSP3,20,branch_token_count,0.41672829780097537,-0.646463557711483,0.010995670995670991,-0.051809991809991934
MolecuLA continuous OLS,native_l2,FractionCSP3,20,ring_token_count,-0.9823814418380359,-0.010484963936526842,-0.03558441558441559,0.007256347256347244
MolecuLA continuous OLS,native_l2,FractionCSP3,20,token_entropy,-0.5025974025974026,-0.7179191180862525,-0.0042560015879688036,-0.010803342037908342
MolecuLA continuous OLS,native_l2,FractionCSP3,21,selfies_len_tokens,0.04903678807781373,0.9212916631207057,0.15593073593073592,0.3538247338247336
MolecuLA continuous OLS,native_l2,FractionCSP3,21,branch_token_count,0.7991299079895241,-0.39753912177325473,0.020606060606060603,-0.02247338247338252
MolecuLA continuous OLS,native_l2,FractionCSP3,21,ring_token_count,-0.9770084209183943,0.01066880064021341,-0.03246753246753247,0.00647010647010639
MolecuLA continuous OLS,native_l2,FractionCSP3,21,token_entropy,-0.4319584508430989,-0.8429492095102937,-0.0028897483245709835,-0.007576706481439804
MolecuLA continuous OLS,native_l2,FractionCSP3,22,selfies_len_tokens,-0.06826786998712532,0.966771221519461,0.05861471861471854,0.5576248976248976
MolecuLA continuous OLS,native_l2,FractionCSP3,22,branch_token_count,0.4137224393797926,-0.7706575346473304,0.009696969696969697,-0.03289107289107297
MolecuLA continuous OLS,native_l2,FractionCSP3,22,ring_token_count,-0.9879139770111698,0.009232149529717031,-0.04415584415584418,0.014250614250614246
MolecuLA continuous OLS,native_l2,FractionCSP3,22,token_entropy,-0.6788042150264407,-0.5153304062054876,-0.004787171497673832,-0.008559730554372945
MolecuLA continuous OLS,native_l2,FractionCSP3,23,selfies_len_tokens,-0.11699846168196155,0.9182691585807831,0.07636363636363634,0.34027846027846015
MolecuLA continuous OLS,native_l2,FractionCSP3,23,branch_token_count,0.20710866641728254,0.25377619149438024,0.0025108225108225113,0.004668304668304649
MolecuLA continuous OLS,native_l2,FractionCSP3,23,ring_token_count,-0.8381404052084442,0.3165646927745965,-0.021298701298701296,0.0206060606060606
MolecuLA continuous OLS,native_l2,FractionCSP3,23,token_entropy,-0.9635898914455797,-0.06523169698803641,-0.005157528891117719,-0.004280903373361008
MolecuLA continuous OLS,native_l2,FractionCSP3,24,selfies_len_tokens,-0.12210439452751201,0.8801202302261509,0.05844155844155857,0.6891236691236693
MolecuLA continuous OLS,native_l2,FractionCSP3,24,branch_token_count,0.4380860693120548,-0.5778171589401838,0.005108225108225108,-0.016986076986077004
MolecuLA continuous OLS,native_l2,FractionCSP3,24,ring_token_count,-0.8859622202728957,0.13403335965893892,-0.020000000000000007,0.008861588861588849
MolecuLA continuous OLS,native_l2,FractionCSP3,24,token_entropy,-0.38101462644204426,-0.8036545068926085,-0.003172381730199084,-0.010639462029373764
MolecuLA continuous OLS,native_l2,FractionCSP3,25,selfies_len_tokens,-0.17944330719145082,0.8364110286700825,-0.0091774891774892,0.6287305487305488
MolecuLA continuous OLS,native_l2,FractionCSP3,25,branch_token_count,0.7662952806013739,-0.38773740226322323,0.015411255411255412,-0.016281736281736344
MolecuLA continuous OLS,native_l2,FractionCSP3,25,ring_token_count,-0.8954218155286152,0.06252205872072891,-0.031168831168831165,0.017854217854217834
MolecuLA continuous OLS,native_l2,FractionCSP3,25,token_entropy,-0.33322509065039063,-0.8898702323821464,-0.0028698228204991887,-0.009628751098783635
MolecuLA continuous OLS,native_l2,FractionCSP3,26,selfies_len_tokens,-0.18838974195039968,0.915196798887062,-0.016623376623376616,0.1724488124488122
MolecuLA continuous OLS,native_l2,FractionCSP3,26,branch_token_count,0.9029525942817729,0.03459784261726969,0.016796536796536796,-0.0018018018018018406
MolecuLA continuous OLS,native_l2,FractionCSP3,26,ring_token_count,-0.8783470307876645,0.2556729713924677,-0.025714285714285717,0.027371007371007356
MolecuLA continuous OLS,native_l2,FractionCSP3,26,token_entropy,-0.563069396755649,-0.7547307341515812,-0.003396707115325597,-0.0068365229692720075
MolecuLA continuous OLS,native_l2,FractionCSP3,27,selfies_len_tokens,0.15284392113703485,0.8961367614500284,0.17194805194805193,0.396232596232596
MolecuLA continuous OLS,native_l2,FractionCSP3,27,branch_token_count,0.5792362367119175,-0.4919498830920512,0.014199134199134197,-0.02561834561834567
MolecuLA continuous OLS,native_l2,FractionCSP3,27,ring_token_count,-0.9484894362130875,0.020628744632775257,-0.032380952380952385,0.004782964782964765
MolecuLA continuous OLS,native_l2,FractionCSP3,27,token_entropy,-0.7360214285535736,-0.43248615103068133,-0.005094939167793713,-0.006970425542586251
MolecuLA continuous OLS,native_l2,FractionCSP3,28,selfies_len_tokens,0.027343842718807906,0.8399740524637871,0.16484848484848486,0.5125962325962325
MolecuLA continuous OLS,native_l2,FractionCSP3,28,branch_token_count,0.41317442850449027,-0.00506338525206663,0.005108225108225108,0.0014578214578214403
MolecuLA continuous OLS,native_l2,FractionCSP3,28,ring_token_count,-0.9159887492379536,0.14639754255517926,-0.02502164502164503,0.018099918099918105
MolecuLA continuous OLS,native_l2,FractionCSP3,28,token_entropy,-0.8292693889482942,-0.26949464896629083,-0.00550113174136797,-0.004841515667141592
MolecuLA continuous OLS,native_l2,FractionCSP3,29,selfies_len_tokens,-0.2917418224464137,0.8658854531804315,-0.12138528138528135,0.3777559377559379
MolecuLA continuous OLS,native_l2,FractionCSP3,29,branch_token_count,0.5519516772376842,0.1365557779721363,0.006839826839826839,-0.0006715806715806849
MolecuLA continuous OLS,native_l2,FractionCSP3,29,ring_token_count,-0.9172608295957502,0.1621399080074091,-0.02458874458874458,0.024438984438984446
MolecuLA continuous OLS,native_l2,FractionCSP3,29,token_entropy,-0.27582288491244117,-0.883939177326272,-0.0022191178184384278,-0.008689675932022621
MolecuLA continuous OLS,native_l2,FractionCSP3,30,selfies_len_tokens,-0.4313899660756723,0.7040391962627521,-0.11818181818181822,0.3050778050778051
MolecuLA continuous OLS,native_l2,FractionCSP3,30,branch_token_count,0.8514862653201519,-0.2576941016011038,0.01662337662337662,-0.015790335790335865
MolecuLA continuous OLS,native_l2,FractionCSP3,30,ring_token_count,-0.9453954159861752,0.0029764013964611916,-0.029004329004329,0.008468468468468436
MolecuLA continuous OLS,native_l2,FractionCSP3,30,token_entropy,-0.11856740425743915,-0.9212418300653598,-0.0012440232145288545,-0.009325965837208705
MolecuLA continuous OLS,native_l2,FractionCSP3,31,selfies_len_tokens,-0.2547398685617247,0.7152711335449404,0.14458874458874457,0.43449631449631443
MolecuLA continuous OLS,native_l2,FractionCSP3,31,branch_token_count,-0.14797426528523724,-0.9199035293650378,-0.00865800865800866,-0.048288288288288364
MolecuLA continuous OLS,native_l2,FractionCSP3,31,ring_token_count,-0.860471927858324,0.23884282800011547,-0.027878787878787874,0.02823914823914824
MolecuLA continuous OLS,native_l2,FractionCSP3,31,token_entropy,-0.713914777872636,-0.5322906474223772,-0.005476057102749228,-0.007887591065595105
MolecuLA continuous OLS,native_l2,FractionCSP3,32,selfies_len_tokens,-0.08602205792791848,0.8852566671124789,0.07878787878787875,0.4154954954954955
MolecuLA continuous OLS,native_l2,FractionCSP3,32,branch_token_count,0.0943216361968156,0.38948902098205157,0.0007792207792207797,0.008828828828828805
MolecuLA continuous OLS,native_l2,FractionCSP3,32,ring_token_count,-0.7828102873348487,0.35755616289080544,-0.02458874458874459,0.02876330876330876
MolecuLA continuous OLS,native_l2,FractionCSP3,32,token_entropy,-0.6658003028611833,-0.4990224819584785,-0.004269091715311346,-0.0068399837191146645
MolecuLA continuous OLS,native_l2,FractionCSP3,33,selfies_len_tokens,0.022178965727465125,0.9460086637642448,0.1703030303030303,0.5735790335790336
MolecuLA continuous OLS,native_l2,FractionCSP3,33,branch_token_count,0.623863277654158,0.3651075901993815,0.011774891774891777,0.01136773136773136
MolecuLA continuous OLS,native_l2,FractionCSP3,33,ring_token_count,-0.858885948214056,0.2930982677965152,-0.01922077922077922,0.02014742014742015
MolecuLA continuous OLS,native_l2,FractionCSP3,33,token_entropy,-0.5485371120041965,-0.7075163398692811,-0.004072019757958337,-0.008216066641357036
MolecuLA continuous OLS,native_l2,FractionCSP3,34,selfies_len_tokens,-0.26820335582949245,0.7903349847030313,-0.12761904761904777,0.7208845208845212
MolecuLA continuous OLS,native_l2,FractionCSP3,34,branch_token_count,0.5920909610718006,-0.6772784384507938,0.018354978354978357,-0.03859131859131867
MolecuLA continuous OLS,native_l2,FractionCSP3,34,ring_token_count,-0.9722093126823026,-0.027258130403905758,-0.04138528138528139,0.012481572481572443
MolecuLA continuous OLS,native_l2,FractionCSP3,34,token_entropy,-0.2025974025974026,-0.8931643474557641,-0.0015067756511551002,-0.01270557607765044
MolecuLA continuous OLS,native_l2,FractionCSP3,35,selfies_len_tokens,-0.07806241468711006,0.9437540232160554,0.06354978354978347,0.5238329238329238
MolecuLA continuous OLS,native_l2,FractionCSP3,35,branch_token_count,0.18285693687302454,-0.8985205999772734,0.002510822510822509,-0.04145782145782152
MolecuLA continuous OLS,native_l2,FractionCSP3,35,ring_token_count,-0.9530095891778594,0.0558341737064313,-0.0355844155844156,0.014201474201474197
MolecuLA continuous OLS,native_l2,FractionCSP3,35,token_entropy,-0.4044216683395078,-0.8636676681216021,-0.0037706467222676254,-0.010419067321390998
MolecuLA continuous OLS,native_l2,FractionCSP3,36,selfies_len_tokens,-0.19294155296061533,0.8996132712564116,0.06458874458874457,0.30181818181818176
MolecuLA continuous OLS,native_l2,FractionCSP3,36,branch_token_count,0.5474608427503772,-0.5719347787334418,0.010649350649350648,-0.020000000000000063
MolecuLA continuous OLS,native_l2,FractionCSP3,36,ring_token_count,-0.9400841804187556,0.08443640866626045,-0.027272727272727268,0.020720720720720672
MolecuLA continuous OLS,native_l2,FractionCSP3,36,token_entropy,-0.41092362442213654,-0.8864987620674148,-0.0027995500309637607,-0.008277118059662799
MolecuLA continuous OLS,native_l2,FractionCSP3,37,selfies_len_tokens,-0.23043676899091786,0.6582269820758136,0.12917748917748914,0.39554463554463537
MolecuLA continuous OLS,native_l2,FractionCSP3,37,branch_token_count,0.23922700024621765,-0.8309248923872421,0.002164502164502165,-0.030679770679770714
MolecuLA continuous OLS,native_l2,FractionCSP3,37,ring_token_count,-0.9377980645857416,-0.009593838048563926,-0.043463203463203474,0.007862407862407854
MolecuLA continuous OLS,native_l2,FractionCSP3,37,token_entropy,-0.763234856752844,-0.421963365410062,-0.0055736221002223195,-0.0074671626524995625
MolecuLA continuous OLS,native_l2,FractionCSP3,38,selfies_len_tokens,0.04251254556759321,0.964246318097226,0.09082251082251083,0.3319082719082716
MolecuLA continuous OLS,native_l2,FractionCSP3,38,branch_token_count,-0.25164678236052074,-0.8507215321916525,-0.0067532467532467515,-0.03213759213759219
MolecuLA continuous OLS,native_l2,FractionCSP3,38,ring_token_count,-0.9657022163834511,0.034363586606849905,-0.03125541125541126,0.01970515970515968
MolecuLA continuous OLS,native_l2,FractionCSP3,38,token_entropy,-0.7009108657073784,-0.5433800359103433,-0.00512181390057314,-0.00731509494276175
MolecuLA continuous OLS,native_l2,FractionCSP3,39,selfies_len_tokens,-0.07632173500333587,0.9695688933702722,0.08320346320346318,0.37685503685503674
MolecuLA continuous OLS,native_l2,FractionCSP3,39,branch_token_count,-0.5177623224613599,-0.07430847145148957,-0.007619047619047618,-0.004553644553644569
MolecuLA continuous OLS,native_l2,FractionCSP3,39,ring_token_count,-0.853314689447592,0.30022188076953377,-0.016883116883116885,0.014791154791154783
MolecuLA continuous OLS,native_l2,FractionCSP3,39,token_entropy,-0.4964195716712563,-0.785294117647059,-0.0040392467181818775,-0.007519200455856746
MolecuLA continuous OLS,native_l2,FractionCSP3,40,selfies_len_tokens,-0.11565070882623041,0.9187191725381109,0.15064935064935064,0.49162981162981173
MolecuLA continuous OLS,native_l2,FractionCSP3,40,branch_token_count,-0.5056081026140968,-0.6423684282163049,-0.010562770562770564,-0.02332514332514336
MolecuLA continuous OLS,native_l2,FractionCSP3,40,ring_token_count,-0.9447094202571167,0.12674728093194568,-0.0303030303030303,0.02194922194922193
MolecuLA continuous OLS,native_l2,FractionCSP3,40,token_entropy,-0.7815351211319748,-0.4240060304222366,-0.005506858286331139,-0.007095514476026093
MolecuLA continuous OLS,native_l2,FractionCSP3,41,selfies_len_tokens,0.08279779952073368,0.9376709053429816,0.10025974025974026,0.26126126126126115
MolecuLA continuous OLS,native_l2,FractionCSP3,41,branch_token_count,0.8222924226346504,-0.30510034544340614,0.016969696969696968,-0.016936936936937003
MolecuLA continuous OLS,native_l2,FractionCSP3,41,ring_token_count,-0.9813410297256663,-0.006594392521226449,-0.03549783549783551,0.007174447174447162
MolecuLA continuous OLS,native_l2,FractionCSP3,41,token_entropy,-0.6215870014993078,-0.664710992308091,-0.004551521044432898,-0.007198778154361725
MolecuLA continuous OLS,native_l2,FractionCSP3,42,selfies_len_tokens,-0.06287064777510686,0.9776744781312513,0.06935064935064927,0.3004258804258803
MolecuLA continuous OLS,native_l2,FractionCSP3,42,branch_token_count,0.34731989292640925,-0.7081465751568348,0.005714285714285713,-0.03380835380835386
MolecuLA continuous OLS,native_l2,FractionCSP3,42,ring_token_count,-0.9570832493954179,0.02798656966906506,-0.033506493506493526,0.024422604422604393
MolecuLA continuous OLS,native_l2,FractionCSP3,42,token_entropy,-0.5968795683853186,-0.7084162292900754,-0.005183028516529042,-0.00847063774291369
MolecuLA continuous OLS,native_l2,FractionCSP3,43,selfies_len_tokens,-0.09270940330882123,0.9067009326140986,0.1425974025974026,0.49685503685503685
MolecuLA continuous OLS,native_l2,FractionCSP3,43,branch_token_count,-0.08596737191293143,-0.6326001833878728,-0.004242424242424244,-0.018624078624078666
MolecuLA continuous OLS,native_l2,FractionCSP3,43,ring_token_count,-0.9528007938968878,0.08968020433472548,-0.027792207792207792,0.019901719901719888
MolecuLA continuous OLS,native_l2,FractionCSP3,43,token_entropy,-0.4872990021129917,-0.808169934640523,-0.004940718292220139,-0.009603534411944222
MolecuLA continuous OLS,native_l2,FractionCSP3,44,selfies_len_tokens,0.3105263919776822,0.8485180062664728,0.153073593073593,0.36841932841932806
MolecuLA continuous OLS,native_l2,FractionCSP3,44,branch_token_count,0.32526163625656435,-0.8519921226052178,0.010476190476190476,-0.052235872235872345
MolecuLA continuous OLS,native_l2,FractionCSP3,44,ring_token_count,-0.9760826718972635,0.03033420559764167,-0.02770562770562771,0.011040131040131
MolecuLA continuous OLS,native_l2,FractionCSP3,44,token_entropy,-0.8088433366790156,-0.36921140495228605,-0.005431993066583095,-0.0062058924242110805
MolecuLA continuous OLS,native_l2,FractionCSP3,45,selfies_len_tokens,0.005898020170319789,0.8704951867645053,0.23125541125541127,0.4973136773136774
MolecuLA continuous OLS,native_l2,FractionCSP3,45,branch_token_count,0.02132632049651362,-0.8946161041289152,-0.003722943722943725,-0.03608517608517614
MolecuLA continuous OLS,native_l2,FractionCSP3,45,ring_token_count,-0.983964289033671,0.0049556958911033695,-0.030562770562770562,-0.0030958230958231356
MolecuLA continuous OLS,native_l2,FractionCSP3,45,token_entropy,-0.5653022635860782,-0.744135515492489,-0.005891081764711573,-0.009361500981635752
MolecuLA continuous OLS,native_l2,FractionCSP3,46,selfies_len_tokens,-0.2035403082804092,0.7334286267152746,0.13367965367965362,0.4172317772317772
MolecuLA continuous OLS,native_l2,FractionCSP3,46,branch_token_count,0.22823727117510725,-0.8384779489345513,0.0011255411255411253,-0.03205569205569209
MolecuLA continuous OLS,native_l2,FractionCSP3,46,ring_token_count,-0.9691291921197194,0.00231497886391426,-0.028571428571428567,0.006683046683046665
MolecuLA continuous OLS,native_l2,FractionCSP3,46,token_entropy,-0.6293893487984623,-0.6281812419947908,-0.004542336111717031,-0.007386588197611601
MolecuLA continuous OLS,native_l2,FractionCSP3,47,selfies_len_tokens,-0.07992451439088023,0.9020844024792671,-0.0025974025974025636,0.4132678132678135
MolecuLA continuous OLS,native_l2,FractionCSP3,47,branch_token_count,0.5931126590632257,-0.5124207637026436,0.013419913419913419,-0.02343980343980348
MolecuLA continuous OLS,native_l2,FractionCSP3,47,ring_token_count,-0.9747770385280101,0.0,-0.03705627705627706,0.011826371826371753
MolecuLA continuous OLS,native_l2,FractionCSP3,47,token_entropy,-0.6215870014993078,-0.6079594159284993,-0.004419894807742542,-0.008052572649966071
MolecuLA continuous OLS,native_l2,FractionCSP3,48,selfies_len_tokens,-0.27887857462615856,0.7882247955675784,0.061385281385281355,0.2939721539721539
MolecuLA continuous OLS,native_l2,FractionCSP3,48,branch_token_count,-0.06345934754657732,-0.40446885140219074,0.0005194805194805219,-0.005438165438165465
MolecuLA continuous OLS,native_l2,FractionCSP3,48,ring_token_count,-0.9669875568304563,0.06636044185021889,-0.024069264069264067,0.010286650286650259
MolecuLA continuous OLS,native_l2,FractionCSP3,48,token_entropy,-0.9180761988671785,-0.14546668428332118,-0.003978577927279839,-0.004396248892743874
MolecuLA continuous OLS,native_l2,FractionCSP3,49,selfies_len_tokens,-0.12685788261021674,0.8701300931758301,0.1462337662337662,0.4152825552825553
MolecuLA continuous OLS,native_l2,FractionCSP3,49,branch_token_count,0.024370094610663785,-0.786801895640376,-0.003290043290043288,-0.025552825552825603
MolecuLA continuous OLS,native_l2,FractionCSP3,49,ring_token_count,-0.9666630657486054,0.018443959982683528,-0.03134199134199134,0.012186732186732161
MolecuLA continuous OLS,native_l2,FractionCSP3,49,token_entropy,-0.7216629156190721,-0.4597608560568321,-0.0052417222693203714,-0.0071922997601602855
MolecuLA continuous OLS,train_std_unit,FractionCSP3,0,selfies_len_tokens,,,0.0,0.0
MolecuLA continuous OLS,train_std_unit,FractionCSP3,0,branch_token_count,,,0.0,0.0
MolecuLA continuous OLS,train_std_unit,FractionCSP3,0,ring_token_count,,,0.0,0.0
MolecuLA continuous OLS,train_std_unit,FractionCSP3,0,token_entropy,,,0.0,0.0
MolecuLA continuous OLS,train_std_unit,FractionCSP3,1,selfies_len_tokens,,,0.0,0.0
MolecuLA continuous OLS,train_std_unit,FractionCSP3,1,branch_token_count,,,0.0,0.0
MolecuLA continuous OLS,train_std_unit,FractionCSP3,1,ring_token_count,,,0.0,0.0
MolecuLA continuous OLS,train_std_unit,FractionCSP3,1,token_entropy,,,0.0,0.0
MolecuLA continuous OLS,train_std_unit,FractionCSP3,2,selfies_len_tokens,,,0.0,0.0
MolecuLA continuous OLS,train_std_unit,FractionCSP3,2,branch_token_count,,,0.0,0.0
MolecuLA continuous OLS,train_std_unit,FractionCSP3,2,ring_token_count,,,0.0,0.0
MolecuLA continuous OLS,train_std_unit,FractionCSP3,2,token_entropy,,,0.0,0.0
MolecuLA continuous OLS,train_std_unit,FractionCSP3,3,selfies_len_tokens,,,0.0,0.0
MolecuLA continuous OLS,train_std_unit,FractionCSP3,3,branch_token_count,,,0.0,0.0
MolecuLA continuous OLS,train_std_unit,FractionCSP3,3,ring_token_count,,,0.0,0.0
MolecuLA continuous OLS,train_std_unit,FractionCSP3,3,token_entropy,,,0.0,0.0
MolecuLA continuous OLS,train_std_unit,FractionCSP3,4,selfies_len_tokens,,,0.0,0.0
MolecuLA continuous OLS,train_std_unit,FractionCSP3,4,branch_token_count,,,0.0,0.0
MolecuLA continuous OLS,train_std_unit,FractionCSP3,4,ring_token_count,,,0.0,0.0
MolecuLA continuous OLS,train_std_unit,FractionCSP3,4,token_entropy,,,0.0,0.0
MolecuLA continuous OLS,train_std_unit,FractionCSP3,5,selfies_len_tokens,0.8581163303210331,0.2152290161938318,0.004675324675324655,0.002358722358722135
MolecuLA continuous OLS,train_std_unit,FractionCSP3,5,branch_token_count,,,0.0,0.0
MolecuLA continuous OLS,train_std_unit,FractionCSP3,5,ring_token_count,,,0.0,0.0
MolecuLA continuous OLS,train_std_unit,FractionCSP3,5,token_entropy,-0.8581163303210331,-0.2152290161938318,-9.585819546270241e-05,-4.836089140462331e-05
MolecuLA continuous OLS,train_std_unit,FractionCSP3,6,selfies_len_tokens,0.8174238913695991,-0.4100454302903043,0.0042424242424242056,-0.004242424242424407
MolecuLA continuous OLS,train_std_unit,FractionCSP3,6,branch_token_count,,,0.0,0.0
MolecuLA continuous OLS,train_std_unit,FractionCSP3,6,ring_token_count,,,0.0,0.0
MolecuLA continuous OLS,train_std_unit,FractionCSP3,6,token_entropy,-0.8174238913695991,0.4100454302903043,-0.00010216581259186677,0.00010216581259184678
MolecuLA continuous OLS,train_std_unit,FractionCSP3,7,selfies_len_tokens,,,0.0,0.0
MolecuLA continuous OLS,train_std_unit,FractionCSP3,7,branch_token_count,,,0.0,0.0
MolecuLA continuous OLS,train_std_unit,FractionCSP3,7,ring_token_count,,,0.0,0.0
MolecuLA continuous OLS,train_std_unit,FractionCSP3,7,token_entropy,,,0.0,0.0
MolecuLA continuous OLS,train_std_unit,FractionCSP3,8,selfies_len_tokens,,,0.0,0.0
MolecuLA continuous OLS,train_std_unit,FractionCSP3,8,branch_token_count,,,0.0,0.0
MolecuLA continuous OLS,train_std_unit,FractionCSP3,8,ring_token_count,,,0.0,0.0
MolecuLA continuous OLS,train_std_unit,FractionCSP3,8,token_entropy,,,0.0,0.0
MolecuLA continuous OLS,train_std_unit,FractionCSP3,9,selfies_len_tokens,,,0.0,0.0
MolecuLA continuous OLS,train_std_unit,FractionCSP3,9,branch_token_count,,,0.0,0.0
MolecuLA continuous OLS,train_std_unit,FractionCSP3,9,ring_token_count,,,0.0,0.0
MolecuLA continuous OLS,train_std_unit,FractionCSP3,9,token_entropy,,,0.0,0.0
MolecuLA continuous OLS,train_std_unit,FractionCSP3,10,selfies_len_tokens,,,0.0,0.0
MolecuLA continuous OLS,train_std_unit,FractionCSP3,10,branch_token_count,,,0.0,0.0
MolecuLA continuous OLS,train_std_unit,FractionCSP3,10,ring_token_count,,,0.0,0.0
MolecuLA continuous OLS,train_std_unit,FractionCSP3,10,token_entropy,,,0.0,0.0
MolecuLA continuous OLS,train_std_unit,FractionCSP3,11,selfies_len_tokens,,,0.0,0.0
MolecuLA continuous OLS,train_std_unit,FractionCSP3,11,branch_token_count,,,0.0,0.0
MolecuLA continuous OLS,train_std_unit,FractionCSP3,11,ring_token_count,,,0.0,0.0
MolecuLA continuous OLS,train_std_unit,FractionCSP3,11,token_entropy,,,0.0,0.0
MolecuLA continuous OLS,train_std_unit,FractionCSP3,12,selfies_len_tokens,,,0.0,0.0
MolecuLA continuous OLS,train_std_unit,FractionCSP3,12,branch_token_count,,,0.0,0.0
MolecuLA continuous OLS,train_std_unit,FractionCSP3,12,ring_token_count,,,0.0,0.0
MolecuLA continuous OLS,train_std_unit,FractionCSP3,12,token_entropy,,,0.0,0.0
MolecuLA continuous OLS,train_std_unit,FractionCSP3,13,selfies_len_tokens,,,0.0,0.0
MolecuLA continuous OLS,train_std_unit,FractionCSP3,13,branch_token_count,,,0.0,0.0
MolecuLA continuous OLS,train_std_unit,FractionCSP3,13,ring_token_count,,,0.0,0.0
MolecuLA continuous OLS,train_std_unit,FractionCSP3,13,token_entropy,,,0.0,0.0
MolecuLA continuous OLS,train_std_unit,FractionCSP3,14,selfies_len_tokens,,,0.0,0.0
MolecuLA continuous OLS,train_std_unit,FractionCSP3,14,branch_token_count,,,0.0,0.0
MolecuLA continuous OLS,train_std_unit,FractionCSP3,14,ring_token_count,,,0.0,0.0
MolecuLA continuous OLS,train_std_unit,FractionCSP3,14,token_entropy,,,0.0,0.0
MolecuLA continuous OLS,train_std_unit,FractionCSP3,15,selfies_len_tokens,,,0.0,0.0
MolecuLA continuous OLS,train_std_unit,FractionCSP3,15,branch_token_count,,,0.0,0.0
MolecuLA continuous OLS,train_std_unit,FractionCSP3,15,ring_token_count,,,0.0,0.0
MolecuLA continuous OLS,train_std_unit,FractionCSP3,15,token_entropy,,,0.0,0.0
MolecuLA continuous OLS,train_std_unit,FractionCSP3,16,selfies_len_tokens,,,0.0,0.0
MolecuLA continuous OLS,train_std_unit,FractionCSP3,16,branch_token_count,,,0.0,0.0
MolecuLA continuous OLS,train_std_unit,FractionCSP3,16,ring_token_count,,,0.0,0.0
MolecuLA continuous OLS,train_std_unit,FractionCSP3,16,token_entropy,,,0.0,0.0
MolecuLA continuous OLS,train_std_unit,FractionCSP3,17,selfies_len_tokens,0.8174238913695991,-0.4100454302903043,0.0042424242424242056,-0.0042424242424247355
MolecuLA continuous OLS,train_std_unit,FractionCSP3,17,branch_token_count,,,0.0,0.0
MolecuLA continuous OLS,train_std_unit,FractionCSP3,17,ring_token_count,,,0.0,0.0
MolecuLA continuous OLS,train_std_unit,FractionCSP3,17,token_entropy,-0.8174238913695991,0.4100454302903043,-8.749262833080936e-05,8.7492628330799e-05
MolecuLA continuous OLS,train_std_unit,FractionCSP3,18,selfies_len_tokens,,,0.0,0.0
MolecuLA continuous OLS,train_std_unit,FractionCSP3,18,branch_token_count,,,0.0,0.0
MolecuLA continuous OLS,train_std_unit,FractionCSP3,18,ring_token_count,,,0.0,0.0
MolecuLA continuous OLS,train_std_unit,FractionCSP3,18,token_entropy,,,0.0,0.0
MolecuLA continuous OLS,train_std_unit,FractionCSP3,19,selfies_len_tokens,,,0.0,0.0
MolecuLA continuous OLS,train_std_unit,FractionCSP3,19,branch_token_count,,,0.0,0.0
MolecuLA continuous OLS,train_std_unit,FractionCSP3,19,ring_token_count,,,0.0,0.0
MolecuLA continuous OLS,train_std_unit,FractionCSP3,19,token_entropy,,,0.0,0.0
MolecuLA continuous OLS,train_std_unit,FractionCSP3,20,selfies_len_tokens,,,0.0,0.0
MolecuLA continuous OLS,train_std_unit,FractionCSP3,20,branch_token_count,,,0.0,0.0
MolecuLA continuous OLS,train_std_unit,FractionCSP3,20,ring_token_count,,,0.0,0.0
MolecuLA continuous OLS,train_std_unit,FractionCSP3,20,token_entropy,,,0.0,0.0
MolecuLA continuous OLS,train_std_unit,FractionCSP3,21,selfies_len_tokens,,,0.0,0.0
MolecuLA continuous OLS,train_std_unit,FractionCSP3,21,branch_token_count,,,0.0,0.0
MolecuLA continuous OLS,train_std_unit,FractionCSP3,21,ring_token_count,,,0.0,0.0
MolecuLA continuous OLS,train_std_unit,FractionCSP3,21,token_entropy,,,0.0,0.0
MolecuLA continuous OLS,train_std_unit,FractionCSP3,22,selfies_len_tokens,,,0.0,0.0
MolecuLA continuous OLS,train_std_unit,FractionCSP3,22,branch_token_count,,,0.0,0.0
MolecuLA continuous OLS,train_std_unit,FractionCSP3,22,ring_token_count,,,0.0,0.0
MolecuLA continuous OLS,train_std_unit,FractionCSP3,22,token_entropy,,,0.0,0.0
MolecuLA continuous OLS,train_std_unit,FractionCSP3,23,selfies_len_tokens,,,0.0,0.0
MolecuLA continuous OLS,train_std_unit,FractionCSP3,23,branch_token_count,,,0.0,0.0
MolecuLA continuous OLS,train_std_unit,FractionCSP3,23,ring_token_count,,,0.0,0.0
MolecuLA continuous OLS,train_std_unit,FractionCSP3,23,token_entropy,,,0.0,0.0
MolecuLA continuous OLS,train_std_unit,FractionCSP3,24,selfies_len_tokens,,,0.0,0.0
MolecuLA continuous OLS,train_std_unit,FractionCSP3,24,branch_token_count,,,0.0,0.0
MolecuLA continuous OLS,train_std_unit,FractionCSP3,24,ring_token_count,,,0.0,0.0
MolecuLA continuous OLS,train_std_unit,FractionCSP3,24,token_entropy,,,0.0,0.0
MolecuLA continuous OLS,train_std_unit,FractionCSP3,25,selfies_len_tokens,,,0.0,0.0
MolecuLA continuous OLS,train_std_unit,FractionCSP3,25,branch_token_count,,,0.0,0.0
MolecuLA continuous OLS,train_std_unit,FractionCSP3,25,ring_token_count,,,0.0,0.0
MolecuLA continuous OLS,train_std_unit,FractionCSP3,25,token_entropy,,,0.0,0.0
MolecuLA continuous OLS,train_std_unit,FractionCSP3,26,selfies_len_tokens,,,0.0,0.0
MolecuLA continuous OLS,train_std_unit,FractionCSP3,26,branch_token_count,,,0.0,0.0
MolecuLA continuous OLS,train_std_unit,FractionCSP3,26,ring_token_count,,,0.0,0.0
MolecuLA continuous OLS,train_std_unit,FractionCSP3,26,token_entropy,,,0.0,0.0
MolecuLA continuous OLS,train_std_unit,FractionCSP3,27,selfies_len_tokens,,,0.0,0.0
MolecuLA continuous OLS,train_std_unit,FractionCSP3,27,branch_token_count,,,0.0,0.0
MolecuLA continuous OLS,train_std_unit,FractionCSP3,27,ring_token_count,,,0.0,0.0
MolecuLA continuous OLS,train_std_unit,FractionCSP3,27,token_entropy,,,0.0,0.0
MolecuLA continuous OLS,train_std_unit,FractionCSP3,28,selfies_len_tokens,,,0.0,0.0
MolecuLA continuous OLS,train_std_unit,FractionCSP3,28,branch_token_count,,,0.0,0.0
MolecuLA continuous OLS,train_std_unit,FractionCSP3,28,ring_token_count,,,0.0,0.0
MolecuLA continuous OLS,train_std_unit,FractionCSP3,28,token_entropy,,,0.0,0.0
MolecuLA continuous OLS,train_std_unit,FractionCSP3,29,selfies_len_tokens,,,0.0,0.0
MolecuLA continuous OLS,train_std_unit,FractionCSP3,29,branch_token_count,,,0.0,0.0
MolecuLA continuous OLS,train_std_unit,FractionCSP3,29,ring_token_count,,,0.0,0.0
MolecuLA continuous OLS,train_std_unit,FractionCSP3,29,token_entropy,,,0.0,0.0
MolecuLA continuous OLS,train_std_unit,FractionCSP3,30,selfies_len_tokens,,,0.0,0.0
MolecuLA continuous OLS,train_std_unit,FractionCSP3,30,branch_token_count,,,0.0,0.0
MolecuLA continuous OLS,train_std_unit,FractionCSP3,30,ring_token_count,,,0.0,0.0
MolecuLA continuous OLS,train_std_unit,FractionCSP3,30,token_entropy,,,0.0,0.0
MolecuLA continuous OLS,train_std_unit,FractionCSP3,31,selfies_len_tokens,,,0.0,0.0
MolecuLA continuous OLS,train_std_unit,FractionCSP3,31,branch_token_count,,,0.0,0.0
MolecuLA continuous OLS,train_std_unit,FractionCSP3,31,ring_token_count,,,0.0,0.0
MolecuLA continuous OLS,train_std_unit,FractionCSP3,31,token_entropy,,,0.0,0.0
MolecuLA continuous OLS,train_std_unit,FractionCSP3,32,selfies_len_tokens,,,0.0,0.0
MolecuLA continuous OLS,train_std_unit,FractionCSP3,32,branch_token_count,,,0.0,0.0
MolecuLA continuous OLS,train_std_unit,FractionCSP3,32,ring_token_count,,,0.0,0.0
MolecuLA continuous OLS,train_std_unit,FractionCSP3,32,token_entropy,,,0.0,0.0
MolecuLA continuous OLS,train_std_unit,FractionCSP3,33,selfies_len_tokens,,,0.0,0.0
MolecuLA continuous OLS,train_std_unit,FractionCSP3,33,branch_token_count,,,0.0,0.0
MolecuLA continuous OLS,train_std_unit,FractionCSP3,33,ring_token_count,,,0.0,0.0
MolecuLA continuous OLS,train_std_unit,FractionCSP3,33,token_entropy,,,0.0,0.0
MolecuLA continuous OLS,train_std_unit,FractionCSP3,34,selfies_len_tokens,-0.09614414947874673,-0.7343948749631664,0.00017316017316016294,-0.008452088452088878
MolecuLA continuous OLS,train_std_unit,FractionCSP3,34,branch_token_count,0.3692744729379982,-0.35195532247660055,0.0008658008658008659,-0.001638001638001683
MolecuLA continuous OLS,train_std_unit,FractionCSP3,34,ring_token_count,,,0.0,0.0
MolecuLA continuous OLS,train_std_unit,FractionCSP3,34,token_entropy,-0.7592384351723782,0.36323187811451735,-0.00016432778855200524,8.495527684919239e-05
MolecuLA continuous OLS,train_std_unit,FractionCSP3,35,selfies_len_tokens,,,0.0,0.0
MolecuLA continuous OLS,train_std_unit,FractionCSP3,35,branch_token_count,,,0.0,0.0
MolecuLA continuous OLS,train_std_unit,FractionCSP3,35,ring_token_count,,,0.0,0.0
MolecuLA continuous OLS,train_std_unit,FractionCSP3,35,token_entropy,,,0.0,0.0
MolecuLA continuous OLS,train_std_unit,FractionCSP3,36,selfies_len_tokens,,,0.0,0.0
MolecuLA continuous OLS,train_std_unit,FractionCSP3,36,branch_token_count,,,0.0,0.0
MolecuLA continuous OLS,train_std_unit,FractionCSP3,36,ring_token_count,,,0.0,0.0
MolecuLA continuous OLS,train_std_unit,FractionCSP3,36,token_entropy,,,0.0,0.0
MolecuLA continuous OLS,train_std_unit,FractionCSP3,37,selfies_len_tokens,,,0.0,0.0
MolecuLA continuous OLS,train_std_unit,FractionCSP3,37,branch_token_count,,,0.0,0.0
MolecuLA continuous OLS,train_std_unit,FractionCSP3,37,ring_token_count,,,0.0,0.0
MolecuLA continuous OLS,train_std_unit,FractionCSP3,37,token_entropy,,,0.0,0.0
MolecuLA continuous OLS,train_std_unit,FractionCSP3,38,selfies_len_tokens,,,0.0,0.0
MolecuLA continuous OLS,train_std_unit,FractionCSP3,38,branch_token_count,,,0.0,0.0
MolecuLA continuous OLS,train_std_unit,FractionCSP3,38,ring_token_count,,,0.0,0.0
MolecuLA continuous OLS,train_std_unit,FractionCSP3,38,token_entropy,,,0.0,0.0
MolecuLA continuous OLS,train_std_unit,FractionCSP3,39,selfies_len_tokens,,,0.0,0.0
MolecuLA continuous OLS,train_std_unit,FractionCSP3,39,branch_token_count,,,0.0,0.0
MolecuLA continuous OLS,train_std_unit,FractionCSP3,39,ring_token_count,,,0.0,0.0
MolecuLA continuous OLS,train_std_unit,FractionCSP3,39,token_entropy,,,0.0,0.0
MolecuLA continuous OLS,train_std_unit,FractionCSP3,40,selfies_len_tokens,,,0.0,0.0
MolecuLA continuous OLS,train_std_unit,FractionCSP3,40,branch_token_count,,,0.0,0.0
MolecuLA continuous OLS,train_std_unit,FractionCSP3,40,ring_token_count,,,0.0,0.0
MolecuLA continuous OLS,train_std_unit,FractionCSP3,40,token_entropy,,,0.0,0.0
MolecuLA continuous OLS,train_std_unit,FractionCSP3,41,selfies_len_tokens,,,0.0,0.0
MolecuLA continuous OLS,train_std_unit,FractionCSP3,41,branch_token_count,,,0.0,0.0
MolecuLA continuous OLS,train_std_unit,FractionCSP3,41,ring_token_count,,,0.0,0.0
MolecuLA continuous OLS,train_std_unit,FractionCSP3,41,token_entropy,,,0.0,0.0
MolecuLA continuous OLS,train_std_unit,FractionCSP3,42,selfies_len_tokens,,,0.0,0.0
MolecuLA continuous OLS,train_std_unit,FractionCSP3,42,branch_token_count,,,0.0,0.0
MolecuLA continuous OLS,train_std_unit,FractionCSP3,42,ring_token_count,,,0.0,0.0
MolecuLA continuous OLS,train_std_unit,FractionCSP3,42,token_entropy,,,0.0,0.0
MolecuLA continuous OLS,train_std_unit,FractionCSP3,43,selfies_len_tokens,,,0.0,0.0
MolecuLA continuous OLS,train_std_unit,FractionCSP3,43,branch_token_count,,,0.0,0.0
MolecuLA continuous OLS,train_std_unit,FractionCSP3,43,ring_token_count,,,0.0,0.0
MolecuLA continuous OLS,train_std_unit,FractionCSP3,43,token_entropy,,,0.0,0.0
MolecuLA continuous OLS,train_std_unit,FractionCSP3,44,selfies_len_tokens,,,0.0,0.0
MolecuLA continuous OLS,train_std_unit,FractionCSP3,44,branch_token_count,,,0.0,0.0
MolecuLA continuous OLS,train_std_unit,FractionCSP3,44,ring_token_count,,,0.0,0.0
MolecuLA continuous OLS,train_std_unit,FractionCSP3,44,token_entropy,,,0.0,0.0
MolecuLA continuous OLS,train_std_unit,FractionCSP3,45,selfies_len_tokens,,,0.0,0.0
MolecuLA continuous OLS,train_std_unit,FractionCSP3,45,branch_token_count,,,0.0,0.0
MolecuLA continuous OLS,train_std_unit,FractionCSP3,45,ring_token_count,,,0.0,0.0
MolecuLA continuous OLS,train_std_unit,FractionCSP3,45,token_entropy,,,0.0,0.0
MolecuLA continuous OLS,train_std_unit,FractionCSP3,46,selfies_len_tokens,,,0.0,0.0
MolecuLA continuous OLS,train_std_unit,FractionCSP3,46,branch_token_count,,,0.0,0.0
MolecuLA continuous OLS,train_std_unit,FractionCSP3,46,ring_token_count,,,0.0,0.0
MolecuLA continuous OLS,train_std_unit,FractionCSP3,46,token_entropy,,,0.0,0.0
MolecuLA continuous OLS,train_std_unit,FractionCSP3,47,selfies_len_tokens,,,0.0,0.0
MolecuLA continuous OLS,train_std_unit,FractionCSP3,47,branch_token_count,,,0.0,0.0
MolecuLA continuous OLS,train_std_unit,FractionCSP3,47,ring_token_count,,,0.0,0.0
MolecuLA continuous OLS,train_std_unit,FractionCSP3,47,token_entropy,,,0.0,0.0
MolecuLA continuous OLS,train_std_unit,FractionCSP3,48,selfies_len_tokens,,,0.0,0.0
MolecuLA continuous OLS,train_std_unit,FractionCSP3,48,branch_token_count,,,0.0,0.0
MolecuLA continuous OLS,train_std_unit,FractionCSP3,48,ring_token_count,,,0.0,0.0
MolecuLA continuous OLS,train_std_unit,FractionCSP3,48,token_entropy,,,0.0,0.0
MolecuLA continuous OLS,train_std_unit,FractionCSP3,49,selfies_len_tokens,,,0.0,0.0
MolecuLA continuous OLS,train_std_unit,FractionCSP3,49,branch_token_count,,,0.0,0.0
MolecuLA continuous OLS,train_std_unit,FractionCSP3,49,ring_token_count,,,0.0,0.0
MolecuLA continuous OLS,train_std_unit,FractionCSP3,49,token_entropy,,,0.0,0.0
MolecuLA continuous OLS,native_l2,HBA,0,selfies_len_tokens,0.996747958867483,-0.0026143790849673205,0.4575757575757576,0.2740540540540539
MolecuLA continuous OLS,native_l2,HBA,0,branch_token_count,0.9741733718998427,-0.033826354597617986,0.04831168831168831,9.828009828006155e-05
MolecuLA continuous OLS,native_l2,HBA,0,ring_token_count,0.9641916572131626,0.07008733610329085,0.04086580086580087,0.01490581490581486
MolecuLA continuous OLS,native_l2,HBA,0,token_entropy,0.840600169873702,-0.28133183242434023,0.004710607240526307,-0.005399170662526112
MolecuLA continuous OLS,native_l2,HBA,1,selfies_len_tokens,0.9944660577139162,-0.001308472988588091,0.46640692640692644,0.39398853398853395
MolecuLA continuous OLS,native_l2,HBA,1,branch_token_count,0.9578524630656104,-0.009616408023072573,0.03558441558441559,0.0030958230958230753
MolecuLA continuous OLS,native_l2,HBA,1,ring_token_count,0.9241392293759306,0.06366725311827359,0.030043290043290045,0.01551187551187549
MolecuLA continuous OLS,native_l2,HBA,1,token_entropy,0.8147218314823385,-0.21234891691806632,0.005370436672211223,-0.004137525513614938
MolecuLA continuous OLS,native_l2,HBA,2,selfies_len_tokens,0.9938128802129482,0.014402637947835233,0.3937662337662338,0.4301064701064701
MolecuLA continuous OLS,native_l2,HBA,2,branch_token_count,0.9295181711253988,-0.00939936076929221,0.03523809523809524,0.013546273546273538
MolecuLA continuous OLS,native_l2,HBA,2,ring_token_count,0.9485542099434571,0.11130594447484399,0.025974025974025976,0.0186076986076986
MolecuLA continuous OLS,native_l2,HBA,2,token_entropy,0.8612831051351076,-0.07879269042599191,0.0044940407645640825,-0.001899573965101115
MolecuLA continuous OLS,native_l2,HBA,3,selfies_len_tokens,0.9951179529381129,-0.007201318973917617,0.5188744588744588,0.305241605241605
MolecuLA continuous OLS,native_l2,HBA,3,branch_token_count,0.9863178445411627,-0.012426425156036381,0.1186147186147186,0.057919737919737854
MolecuLA continuous OLS,native_l2,HBA,3,ring_token_count,0.9526213363916616,0.05050869210416114,0.03575757575757576,0.01904995904995904
MolecuLA continuous OLS,native_l2,HBA,3,token_entropy,0.7359532703838061,-0.4323902593815849,0.0037300937207036767,-0.004659526660303043
MolecuLA continuous OLS,native_l2,HBA,4,selfies_len_tokens,0.9941386665408848,-0.005570137091279884,0.5107359307359308,0.3323341523341522
MolecuLA continuous OLS,native_l2,HBA,4,branch_token_count,0.8538258523868992,-0.2571813083278315,0.041991341991341996,-0.03290745290745295
MolecuLA continuous OLS,native_l2,HBA,4,ring_token_count,0.8351541388253965,-0.21281056409534335,0.01792207792207792,-0.00899262899262902
MolecuLA continuous OLS,native_l2,HBA,4,token_entropy,0.7451241670692539,-0.2893025761419415,0.003160250719306736,-0.0026705138152993435
MolecuLA continuous OLS,native_l2,HBA,5,selfies_len_tokens,0.9859409985014426,-0.03827294947084098,0.545974025974026,0.2784602784602781
MolecuLA continuous OLS,native_l2,HBA,5,branch_token_count,0.8882429163314611,-0.21216084821122555,0.04952380952380952,-0.03233415233415239
MolecuLA continuous OLS,native_l2,HBA,5,ring_token_count,0.9225291698226383,-0.07184848038181695,0.0535930735930736,0.007518427518427442
MolecuLA continuous OLS,native_l2,HBA,5,token_entropy,0.5696655058487184,-0.7214107266547316,0.0022626004705790658,-0.004735561933578635
MolecuLA continuous OLS,native_l2,HBA,6,selfies_len_tokens,0.9957702754945247,-0.011449138650145794,0.5100432900432901,0.30163800163800153
MolecuLA continuous OLS,native_l2,HBA,6,branch_token_count,0.8499298632127079,-0.29376859561664526,0.026233766233766234,-0.02291564291564296
MolecuLA continuous OLS,native_l2,HBA,6,ring_token_count,0.9177733509483527,-0.11805557622927008,0.0354978354978355,-0.0007207207207207425
MolecuLA continuous OLS,native_l2,HBA,6,token_entropy,0.6268269249076548,-0.6295237235306872,0.004430386322051234,-0.007079367880566536
MolecuLA continuous OLS,native_l2,HBA,7,selfies_len_tokens,0.9915225076199143,0.005256314398555115,0.4001731601731602,0.3919082719082718
MolecuLA continuous OLS,native_l2,HBA,7,branch_token_count,0.9653523585528494,-0.007018130194099714,0.03991341991341991,0.011384111384111377
MolecuLA continuous OLS,native_l2,HBA,7,ring_token_count,0.9264341340018948,0.13367989884038473,0.03497835497835498,0.028271908271908265
MolecuLA continuous OLS,native_l2,HBA,7,token_entropy,0.7788198291115335,-0.15430235208423415,0.004861274036766496,-0.0032820718083602057
MolecuLA continuous OLS,native_l2,HBA,8,selfies_len_tokens,0.9882564028142441,0.0026229649178821125,0.5000865800865801,0.3525634725634725
MolecuLA continuous OLS,native_l2,HBA,8,branch_token_count,0.9512327450455582,-0.06868329330352163,0.04467532467532467,-0.015724815724815773
MolecuLA continuous OLS,native_l2,HBA,8,ring_token_count,0.6623271222159878,-0.24079468484440905,0.020259740259740262,-0.016871416871416925
MolecuLA continuous OLS,native_l2,HBA,8,token_entropy,0.6601634743392302,-0.3980429439937952,0.0027486357365584546,-0.0030773522263679623
MolecuLA continuous OLS,native_l2,HBA,9,selfies_len_tokens,0.9882425697283923,0.02603918949419646,0.46640692640692644,0.4612776412776413
MolecuLA continuous OLS,native_l2,HBA,9,branch_token_count,0.9809881050948897,0.036857270152607965,0.046926406926406934,0.010319410319410296
MolecuLA continuous OLS,native_l2,HBA,9,ring_token_count,0.9243313362026224,0.02392501620889548,0.02207792207792208,0.01325143325143325
MolecuLA continuous OLS,native_l2,HBA,9,token_entropy,0.7003617490363121,-0.4167853356528228,0.006096844957554376,-0.006748762560388941
MolecuLA continuous OLS,native_l2,HBA,10,selfies_len_tokens,0.9960962765756092,-0.0026160895065339747,0.45099567099567106,0.2267813267813264
MolecuLA continuous OLS,native_l2,HBA,10,branch_token_count,0.9639471180129751,-0.06060795436791484,0.04787878787878788,-0.01947583947583954
MolecuLA continuous OLS,native_l2,HBA,10,ring_token_count,0.7421695119146196,-0.03234481973723803,0.016103896103896103,-0.0013431613431613568
MolecuLA continuous OLS,native_l2,HBA,10,token_entropy,0.7338986003231701,-0.4471283183542298,0.003580652362055147,-0.005149338538633876
MolecuLA continuous OLS,native_l2,HBA,11,selfies_len_tokens,0.9888994276073163,0.0260218934514417,0.46969696969696967,0.4293693693693692
MolecuLA continuous OLS,native_l2,HBA,11,branch_token_count,0.9188508789932357,-0.08522127110102246,0.03748917748917749,0.0031941031941031695
MolecuLA continuous OLS,native_l2,HBA,11,ring_token_count,0.9575930436252221,0.09257087154083618,0.025627705627705628,0.010450450450450443
MolecuLA continuous OLS,native_l2,HBA,11,token_entropy,0.8796082775847909,-0.19960814907917948,0.007635495639923481,-0.007049718731144292
MolecuLA continuous OLS,native_l2,HBA,12,selfies_len_tokens,0.9951179529381129,-0.01178397650277428,0.49982683982683984,0.2937755937755936
MolecuLA continuous OLS,native_l2,HBA,12,branch_token_count,0.9676107193059844,-0.06375387033915404,0.04632034632034632,-0.01888615888615893
MolecuLA continuous OLS,native_l2,HBA,12,ring_token_count,0.9473020312230558,-0.07065506248926866,0.03619047619047618,-0.005012285012285058
MolecuLA continuous OLS,native_l2,HBA,12,token_entropy,0.6601634743392302,-0.570963239335362,0.0037235452596068477,-0.004532573293240929
MolecuLA continuous OLS,native_l2,HBA,13,selfies_len_tokens,0.9947916312526909,0.010478081780264136,0.4020779220779221,0.38335790335790326
MolecuLA continuous OLS,native_l2,HBA,13,branch_token_count,0.9842930991644978,0.0026439210292676166,0.05722943722943723,0.04620802620802619
MolecuLA continuous OLS,native_l2,HBA,13,ring_token_count,0.8049102236187259,0.42527897655169533,0.016796536796536796,0.018673218673218667
MolecuLA continuous OLS,native_l2,HBA,13,token_entropy,0.9289072704679511,-0.08835086102260326,0.005438596060152956,-0.0020304634872782517
MolecuLA continuous OLS,native_l2,HBA,14,selfies_len_tokens,0.9964221709983889,0.003922850814383215,0.403982683982684,0.2560524160524159
MolecuLA continuous OLS,native_l2,HBA,14,branch_token_count,0.9594825182383206,-0.00829838771748671,0.03783549783549784,-4.9140049140065945e-05
MolecuLA continuous OLS,native_l2,HBA,14,ring_token_count,0.95446061655248,-0.06712894725804579,0.02623376623376623,0.00011466011466008056
MolecuLA continuous OLS,native_l2,HBA,14,token_entropy,0.7834615214014813,-0.37830776275557054,0.005091821645868906,-0.005848981297070027
MolecuLA continuous OLS,native_l2,HBA,15,selfies_len_tokens,0.9957711273673024,-0.006533812828248196,0.4564502164502165,0.381097461097461
MolecuLA continuous OLS,native_l2,HBA,15,branch_token_count,0.8660458115577946,-0.20876773180834793,0.021818181818181816,-0.01271089271089274
MolecuLA continuous OLS,native_l2,HBA,15,ring_token_count,0.9560797000837964,0.05432572826369404,0.03116883116883117,0.01185913185913185
MolecuLA continuous OLS,native_l2,HBA,15,token_entropy,0.7108952487219495,-0.4332795324784919,0.004263951250720171,-0.005195084078519125
MolecuLA continuous OLS,native_l2,HBA,16,selfies_len_tokens,0.9957702754945247,-0.009486429167263659,0.5082251082251082,0.35534807534807517
MolecuLA continuous OLS,native_l2,HBA,16,branch_token_count,0.9767476120560318,0.0036245051746191196,0.04441558441558441,0.0030303030303029986
MolecuLA continuous OLS,native_l2,HBA,16,ring_token_count,0.8071065715538068,-0.29609400605967934,0.02432900432900433,-0.01639639639639644
MolecuLA continuous OLS,native_l2,HBA,16,token_entropy,0.7325320348721394,-0.4926651240767155,0.0039358315196211255,-0.005283668823378255
MolecuLA continuous OLS,native_l2,HBA,17,selfies_len_tokens,0.9766769513191091,-0.05761943808322502,0.5627705627705628,0.20989352989352966
MolecuLA continuous OLS,native_l2,HBA,17,branch_token_count,0.7061694975437871,-0.4706665081267074,0.040952380952380955,-0.056396396396396514
MolecuLA continuous OLS,native_l2,HBA,17,ring_token_count,0.4704091271377533,-0.5011532320783413,0.019740259740259745,-0.03793611793611802
MolecuLA continuous OLS,native_l2,HBA,17,token_entropy,0.4332575740035293,-0.8331739964119913,0.0024631521651967076,-0.006004094038017792
MolecuLA continuous OLS,native_l2,HBA,18,selfies_len_tokens,0.9951188064843296,-0.014710690553937054,0.5094372294372294,0.29074529074529065
MolecuLA continuous OLS,native_l2,HBA,18,branch_token_count,0.9283035810809613,-0.1462395479429049,0.04069264069264069,-0.02748566748566755
MolecuLA continuous OLS,native_l2,HBA,18,ring_token_count,0.9204421534359566,-0.10121748486834765,0.029610389610389608,-0.0073382473382473746
MolecuLA continuous OLS,native_l2,HBA,18,token_entropy,0.686586590287452,-0.5562096252934177,0.004178306045578912,-0.006290702231607873
MolecuLA continuous OLS,native_l2,HBA,19,selfies_len_tokens,0.9947916312526909,-0.010478081780264136,0.5117748917748919,0.3451105651105651
MolecuLA continuous OLS,native_l2,HBA,19,branch_token_count,0.9810022451327647,0.03170586566948225,0.07177489177489177,0.03870597870597867
MolecuLA continuous OLS,native_l2,HBA,19,ring_token_count,0.921002368293366,-0.08863061936128881,0.04779220779220779,-0.01598689598689603
MolecuLA continuous OLS,native_l2,HBA,19,token_entropy,0.6818490542009594,-0.5665801172722212,0.003984216735661997,-0.005516083234721951
MolecuLA continuous OLS,native_l2,HBA,20,selfies_len_tokens,0.986270247966183,-0.03957952415921856,0.5398268398268398,0.2761179361179359
MolecuLA continuous OLS,native_l2,HBA,20,branch_token_count,0.873905906676808,-0.2458319843680148,0.04701298701298701,-0.03244881244881255
MolecuLA continuous OLS,native_l2,HBA,20,ring_token_count,0.562836569760844,-0.37249984458876384,0.017402597402597402,-0.01852579852579857
MolecuLA continuous OLS,native_l2,HBA,20,token_entropy,0.5943488458968955,-0.6881750021205028,0.002407099798224134,-0.005035282897623785
MolecuLA continuous OLS,native_l2,HBA,21,selfies_len_tokens,0.9951188064843296,-0.014710690553937054,0.468917748917749,0.3017199017199015
MolecuLA continuous OLS,native_l2,HBA,21,branch_token_count,0.8674594877468357,-0.24499476242546622,0.03558441558441559,-0.02481572481572487
MolecuLA continuous OLS,native_l2,HBA,21,ring_token_count,0.7677202429468039,-0.3884097195002379,0.02554112554112554,-0.026355446355446416
MolecuLA continuous OLS,native_l2,HBA,21,token_entropy,0.8061059210470463,-0.3698288955524482,0.0035114607669522705,-0.00344203119695075
MolecuLA continuous OLS,native_l2,HBA,22,selfies_len_tokens,0.9941395226075543,-0.005562831990312058,0.5,0.29138411138411097
MolecuLA continuous OLS,native_l2,HBA,22,branch_token_count,0.9741402168937683,-0.04376544110451024,0.06753246753246754,0.003210483210483187
MolecuLA continuous OLS,native_l2,HBA,22,ring_token_count,0.7875725533659597,-0.30116342996380685,0.02242424242424242,-0.013251433251433289
MolecuLA continuous OLS,native_l2,HBA,22,token_entropy,0.6835608980374187,-0.4846822214355371,0.003185583204810442,-0.0038248643829556332
MolecuLA continuous OLS,native_l2,HBA,23,selfies_len_tokens,0.9947916312526909,0.00229208038943278,0.4737662337662337,0.3815888615888615
MolecuLA continuous OLS,native_l2,HBA,23,branch_token_count,0.9036069070294716,-0.13424245923654493,0.03168831168831168,-0.0087796887796888
MolecuLA continuous OLS,native_l2,HBA,23,ring_token_count,0.815561875531436,0.3115925894156652,0.02147186147186147,0.020081900081900077
MolecuLA continuous OLS,native_l2,HBA,23,token_entropy,0.8517487099377988,-0.1323962149854335,0.0042702853652959345,-0.00228400909603227
MolecuLA continuous OLS,native_l2,HBA,24,selfies_len_tokens,0.996747958867483,-0.0026143790849673205,0.47021645021645025,0.38393120393120383
MolecuLA continuous OLS,native_l2,HBA,24,branch_token_count,0.9700374071225142,0.029975430216706653,0.03601731601731602,0.005077805077805058
MolecuLA continuous OLS,native_l2,HBA,24,ring_token_count,0.9584249062598611,0.007324841439708211,0.02658008658008658,0.00850122850122849
MolecuLA continuous OLS,native_l2,HBA,24,token_entropy,0.8802113179959118,-0.14173745675322072,0.005968046062640236,-0.004356131641667482
MolecuLA continuous OLS,native_l2,HBA,25,selfies_len_tokens,0.992845092281168,0.002284597247065408,0.4281385281385281,0.233202293202293
MolecuLA continuous OLS,native_l2,HBA,25,branch_token_count,0.7854672006176631,-0.3768695325880916,0.03272727272727273,-0.03862407862407869
MolecuLA continuous OLS,native_l2,HBA,25,ring_token_count,0.9410950088836307,0.04106495623871183,0.02805194805194805,0.0040294840294839915
MolecuLA continuous OLS,native_l2,HBA,25,token_entropy,0.7316440790780737,-0.4344864836405991,0.0029568702833150887,-0.003918258347952236
MolecuLA continuous OLS,native_l2,HBA,26,selfies_len_tokens,0.9964221709983889,0.006538084690638691,0.4072727272727273,0.2669615069615068
MolecuLA continuous OLS,native_l2,HBA,26,branch_token_count,0.9718502922020733,-0.01578981539963338,0.05004329004329004,0.012350532350532326
MolecuLA continuous OLS,native_l2,HBA,26,ring_token_count,0.9206426282514029,0.06960813179627066,0.027532467532467533,0.008484848484848463
MolecuLA continuous OLS,native_l2,HBA,26,token_entropy,0.8991559092611889,-0.1540471286592675,0.00415194249475774,-0.002813550759986981
MolecuLA continuous OLS,native_l2,HBA,27,selfies_len_tokens,0.9938120233033698,-0.006555256314934791,0.5114285714285715,0.3090090090090088
MolecuLA continuous OLS,native_l2,HBA,27,branch_token_count,0.9761374311173825,-0.00656822419371223,0.06484848484848485,0.003783783783783726
MolecuLA continuous OLS,native_l2,HBA,27,ring_token_count,0.8196439775969663,-0.26989586516671477,0.02502164502164502,-0.016789516789516814
MolecuLA continuous OLS,native_l2,HBA,27,token_entropy,0.7977891635218741,-0.27964718904902275,0.004998246956942589,-0.005712881099220749
MolecuLA continuous OLS,native_l2,HBA,28,selfies_len_tokens,0.9908673886137247,0.002301157971054206,0.5173160173160173,0.47326781326781336
MolecuLA continuous OLS,native_l2,HBA,28,branch_token_count,0.9343594167535031,-0.0163812365853202,0.030476190476190476,0.0014086814086813782
MolecuLA continuous OLS,native_l2,HBA,28,ring_token_count,0.9569080009848706,0.08865446113502827,0.022597402597402595,0.016167076167076164
MolecuLA continuous OLS,native_l2,HBA,28,token_entropy,0.8482458657895448,-0.18145629930186247,0.007783874851124813,-0.006499163364373056
MolecuLA continuous OLS,native_l2,HBA,29,selfies_len_tokens,0.9947916312526909,0.013097602225330171,0.40580086580086583,0.34789516789516783
MolecuLA continuous OLS,native_l2,HBA,29,branch_token_count,0.885968905659129,-0.06266730562925131,0.033593073593073584,-0.0008845208845209058
MolecuLA continuous OLS,native_l2,HBA,29,ring_token_count,0.9576528454800911,0.0824097712307926,0.027012987012987013,0.018443898443898432
MolecuLA continuous OLS,native_l2,HBA,29,token_entropy,0.7993570441634023,-0.24091685294560758,0.004416348449431434,-0.0027943491512407398
MolecuLA continuous OLS,native_l2,HBA,30,selfies_len_tokens,0.9944660577139162,0.00359830071861725,0.46424242424242423,0.2905159705159705
MolecuLA continuous OLS,native_l2,HBA,30,branch_token_count,0.9902137827275213,0.01936986972972301,0.06744588744588745,0.007813267813267773
MolecuLA continuous OLS,native_l2,HBA,30,ring_token_count,0.9527140543017455,-0.05280786895875597,0.03645021645021645,-0.006044226044226085
MolecuLA continuous OLS,native_l2,HBA,30,token_entropy,0.9137128134050525,-0.15583143595371945,0.005622462961081496,-0.004606292889080414
MolecuLA continuous OLS,native_l2,HBA,31,selfies_len_tokens,0.996747958867483,-0.005228758169934641,0.4551515151515151,0.3171334971334971
MolecuLA continuous OLS,native_l2,HBA,31,branch_token_count,0.9692558198662306,-0.031866406041240386,0.0729004329004329,-0.008583128583128647
MolecuLA continuous OLS,native_l2,HBA,31,ring_token_count,0.8109601275513807,-0.053411789939276394,0.011948051948051947,0.00039312039312037605
MolecuLA continuous OLS,native_l2,HBA,31,token_entropy,0.7681310967434788,-0.40195812049209484,0.004072480306032289,-0.004704481580717391
MolecuLA continuous OLS,native_l2,HBA,32,selfies_len_tokens,0.9902152921436326,0.015420067012783131,0.46450216450216447,0.44909090909090904
MolecuLA continuous OLS,native_l2,HBA,32,branch_token_count,0.9671175195428006,-0.01855713171629759,0.03722943722943723,0.009467649467649445
MolecuLA continuous OLS,native_l2,HBA,32,ring_token_count,0.8860784278787497,0.2164157698095608,0.03168831168831168,0.029287469287469278
MolecuLA continuous OLS,native_l2,HBA,32,token_entropy,0.8357299912106878,-0.05264880131899624,0.005050128852085438,-0.0026841421407434772
MolecuLA continuous OLS,native_l2,HBA,33,selfies_len_tokens,0.9865985117445816,0.025092103184274437,0.39619047619047615,0.4015397215397215
MolecuLA continuous OLS,native_l2,HBA,33,branch_token_count,0.9565984859288434,0.04909567339373783,0.03766233766233767,0.021048321048321033
MolecuLA continuous OLS,native_l2,HBA,33,ring_token_count,0.8602018136562086,0.3174958670048349,0.0232034632034632,0.02574938574938575
MolecuLA continuous OLS,native_l2,HBA,33,token_entropy,0.8910281983573157,-0.04860485903347051,0.00480007859970982,-0.002695159889774733
MolecuLA continuous OLS,native_l2,HBA,34,selfies_len_tokens,0.9836331664235519,-0.03141757029597925,0.541125541125541,0.27439803439803406
MolecuLA continuous OLS,native_l2,HBA,34,branch_token_count,0.948476946109832,-0.08802363561140845,0.052380952380952375,-0.018591318591318656
MolecuLA continuous OLS,native_l2,HBA,34,ring_token_count,0.8817179693039531,-0.08254024967561782,0.03125541125541126,-0.006371826371826402
MolecuLA continuous OLS,native_l2,HBA,34,token_entropy,0.5462812889609717,-0.7435678763442175,0.0028409809339540563,-0.005812839450290265
MolecuLA continuous OLS,native_l2,HBA,35,selfies_len_tokens,0.9960962765756092,-0.013080447532669874,0.4762770562770563,0.30075348075348046
MolecuLA continuous OLS,native_l2,HBA,35,branch_token_count,0.9235953183237916,-0.14875542584947454,0.03991341991341991,-0.027403767403767463
MolecuLA continuous OLS,native_l2,HBA,35,ring_token_count,0.937302282912793,0.050776822413443654,0.034372294372294374,0.009811629811629773
MolecuLA continuous OLS,native_l2,HBA,35,token_entropy,0.6870129870129871,-0.5517944582750053,0.0033041173607423506,-0.004034171226161586
MolecuLA continuous OLS,native_l2,HBA,36,selfies_len_tokens,0.9957711273673024,-0.001306762565649639,0.4591341991341992,0.30579852579852573
MolecuLA continuous OLS,native_l2,HBA,36,branch_token_count,0.8315708907713764,-0.27454924215234777,0.03298701298701299,-0.026158886158886195
MolecuLA continuous OLS,native_l2,HBA,36,ring_token_count,0.7950558537880452,-0.2813492642432801,0.03064935064935065,-0.025814905814905885
MolecuLA continuous OLS,native_l2,HBA,36,token_entropy,0.695285471988805,-0.43784723839317474,0.004667326411649579,-0.005725935447334617
MolecuLA continuous OLS,native_l2,HBA,37,selfies_len_tokens,0.9934861304242754,-0.007858561335198104,0.5111688311688312,0.32851760851760836
MolecuLA continuous OLS,native_l2,HBA,37,branch_token_count,0.9730848214753101,-0.034063260426166975,0.03887445887445887,-0.0028009828009828504
MolecuLA continuous OLS,native_l2,HBA,37,ring_token_count,0.9624699333345065,-0.005240760581919768,0.04961038961038961,0.008861588861588821
MolecuLA continuous OLS,native_l2,HBA,37,token_entropy,0.735610728549428,-0.4091359440723108,0.0039038112444345903,-0.003857561206103149
MolecuLA continuous OLS,native_l2,HBA,38,selfies_len_tokens,0.996747958867483,-0.0026143790849673205,0.4554112554112554,0.3442751842751841
MolecuLA continuous OLS,native_l2,HBA,38,branch_token_count,0.8908957028134367,-0.20092467152112542,0.035238095238095235,-0.018918918918918965
MolecuLA continuous OLS,native_l2,HBA,38,ring_token_count,0.9725430807224695,0.015430235208423414,0.04285714285714286,0.015217035217035178
MolecuLA continuous OLS,native_l2,HBA,38,token_entropy,0.767730805302607,-0.380548627154038,0.004324040445365898,-0.003790174115737045
MolecuLA continuous OLS,native_l2,HBA,39,selfies_len_tokens,0.9925043753379301,0.0167379272010448,0.39645021645021644,0.3349221949221947
MolecuLA continuous OLS,native_l2,HBA,39,branch_token_count,0.9819805060619656,0.0408005646584797,0.050216450216450215,0.01199017199017194
MolecuLA continuous OLS,native_l2,HBA,39,ring_token_count,0.9510206046414045,0.10263346187129184,0.01766233766233766,0.010450450450450448
MolecuLA continuous OLS,native_l2,HBA,39,token_entropy,0.8771429183708438,-0.08426274798696289,0.004546409853835066,-0.0025953430315061193
MolecuLA continuous OLS,native_l2,HBA,40,selfies_len_tokens,0.9957702754945247,0.001308472988588091,0.46354978354978355,0.4058312858312858
MolecuLA continuous OLS,native_l2,HBA,40,branch_token_count,0.9833076561350266,0.03697783627156233,0.0574025974025974,0.01685503685503683
MolecuLA continuous OLS,native_l2,HBA,40,ring_token_count,0.963504336476498,0.002648350452760487,0.02406926406926407,0.011072891072891057
MolecuLA continuous OLS,native_l2,HBA,40,token_entropy,0.8902675808444097,-0.19209409715049694,0.00394659693026072,-0.0030131960385657345
MolecuLA continuous OLS,native_l2,HBA,41,selfies_len_tokens,0.9954450203591596,-0.0006535947712418301,0.45385281385281384,0.28258804258804243
MolecuLA continuous OLS,native_l2,HBA,41,branch_token_count,0.9817127830301139,-0.017388586205904385,0.04813852813852813,-0.01487305487305491
MolecuLA continuous OLS,native_l2,HBA,41,ring_token_count,0.9456195150846085,-0.026645313486881327,0.024675324675324677,-0.0018837018837019083
MolecuLA continuous OLS,native_l2,HBA,41,token_entropy,0.7273924070578939,-0.4549612232013112,0.0035616343449403156,-0.0039849704928066635
MolecuLA continuous OLS,native_l2,HBA,42,selfies_len_tokens,0.998375303557358,-0.00424144120649126,0.4380952380952381,0.2786568386568385
MolecuLA continuous OLS,native_l2,HBA,42,branch_token_count,0.9777788442795219,-0.028890653156197033,0.057402597402597406,0.006175266175266139
MolecuLA continuous OLS,native_l2,HBA,42,ring_token_count,0.8257492482435114,-0.06329307424665787,0.021298701298701296,-0.0038656838656839104
MolecuLA continuous OLS,native_l2,HBA,42,token_entropy,0.7619357335924136,-0.44281715335310756,0.004205016512012657,-0.005440430399535723
MolecuLA continuous OLS,native_l2,HBA,43,selfies_len_tokens,0.9869275424396534,0.018152704954572364,0.5155844155844157,0.4159705159705158
MolecuLA continuous OLS,native_l2,HBA,43,branch_token_count,0.9583555924611636,-0.03327954751241192,0.04554112554112554,-0.0025225225225225714
MolecuLA continuous OLS,native_l2,HBA,43,ring_token_count,0.9127174689987916,-0.007314922895632857,0.017402597402597402,0.0042751842751842664
MolecuLA continuous OLS,native_l2,HBA,43,token_entropy,0.6287716002032426,-0.5642653279593896,0.003944036129465959,-0.005562680149187372
MolecuLA continuous OLS,native_l2,HBA,44,selfies_len_tokens,0.989897662037454,-0.019639960837957136,0.4658874458874459,0.2592465192465191
MolecuLA continuous OLS,native_l2,HBA,44,branch_token_count,0.6746088496088692,-0.6217283586677248,0.047272727272727265,-0.06607698607698616
MolecuLA continuous OLS,native_l2,HBA,44,ring_token_count,0.6165684236815588,-0.3622826173167817,0.010995670995670994,-0.012465192465192508
MolecuLA continuous OLS,native_l2,HBA,44,token_entropy,0.7100136042230586,-0.5192443080247698,0.0024046994176419134,-0.0032409021212984924
MolecuLA continuous OLS,native_l2,HBA,45,selfies_len_tokens,0.9947916312526909,-0.010478081780264136,0.512987012987013,0.3268304668304667
MolecuLA continuous OLS,native_l2,HBA,45,branch_token_count,0.8565949511962292,-0.22510978848464136,0.03532467532467532,-0.023718263718263754
MolecuLA continuous OLS,native_l2,HBA,45,ring_token_count,0.835450251191256,-0.2651373169188439,0.030216450216450218,-0.022784602784602825
MolecuLA continuous OLS,native_l2,HBA,45,token_entropy,0.6223979437900086,-0.6139779232627993,0.004309255938066003,-0.007636132700740765
MolecuLA continuous OLS,native_l2,HBA,46,selfies_len_tokens,0.9957702754945247,-0.01210337514443984,0.5121212121212121,0.3193611793611792
MolecuLA continuous OLS,native_l2,HBA,46,branch_token_count,0.9840402081148248,-0.02353710488629929,0.06805194805194806,0.004815724815724746
MolecuLA continuous OLS,native_l2,HBA,46,ring_token_count,0.9436794972444704,-0.03246407370875355,0.025714285714285714,0.0009336609336609114
MolecuLA continuous OLS,native_l2,HBA,46,token_entropy,0.8836908948012256,-0.18285590196727391,0.003950134116462853,-0.003580542273957036
MolecuLA continuous OLS,native_l2,HBA,47,selfies_len_tokens,0.9951179529381129,-0.006873986293284998,0.4997402597402597,0.3034889434889433
MolecuLA continuous OLS,native_l2,HBA,47,branch_token_count,0.9249412160405477,-0.13359976758218917,0.05558441558441558,-0.027846027846027913
MolecuLA continuous OLS,native_l2,HBA,47,ring_token_count,0.818400246064904,-0.23355768611957708,0.02432900432900433,-0.01361179361179363
MolecuLA continuous OLS,native_l2,HBA,47,token_entropy,0.6042284410454629,-0.6358899162654974,0.003177141826257863,-0.005680666145021095
MolecuLA continuous OLS,native_l2,HBA,48,selfies_len_tokens,0.9947916312526909,0.00229208038943278,0.4501298701298702,0.2984930384930382
MolecuLA continuous OLS,native_l2,HBA,48,branch_token_count,0.8206476626991291,-0.3140758966039376,0.028744588744588746,-0.0233579033579034
MolecuLA continuous OLS,native_l2,HBA,48,ring_token_count,0.9488179991275256,-0.0504303290204058,0.03688311688311688,-0.0064537264537264955
MolecuLA continuous OLS,native_l2,HBA,48,token_entropy,0.8683247646588426,-0.2017659031914328,0.005589522908381495,-0.005233833712452658
MolecuLA continuous OLS,native_l2,HBA,49,selfies_len_tokens,0.9947916312526909,-0.010478081780264136,0.5105627705627706,0.3498935298935299
MolecuLA continuous OLS,native_l2,HBA,49,branch_token_count,0.9846773711367951,-0.02225862228301809,0.04017316017316018,-0.0029484029484029874
MolecuLA continuous OLS,native_l2,HBA,49,ring_token_count,0.9391503918425546,0.05364092519904136,0.038441558441558436,0.01398853398853396
MolecuLA continuous OLS,native_l2,HBA,49,token_entropy,0.7928465765709574,-0.3367051788537678,0.004423498950064119,-0.0037745861769717492
MolecuLA continuous OLS,train_std_unit,HBA,0,selfies_len_tokens,,,0.0,0.0
MolecuLA continuous OLS,train_std_unit,HBA,0,branch_token_count,,,0.0,0.0
MolecuLA continuous OLS,train_std_unit,HBA,0,ring_token_count,,,0.0,0.0
MolecuLA continuous OLS,train_std_unit,HBA,0,token_entropy,,,0.0,0.0
MolecuLA continuous OLS,train_std_unit,HBA,1,selfies_len_tokens,,,0.0,0.0
MolecuLA continuous OLS,train_std_unit,HBA,1,branch_token_count,,,0.0,0.0
MolecuLA continuous OLS,train_std_unit,HBA,1,ring_token_count,,,0.0,0.0
MolecuLA continuous OLS,train_std_unit,HBA,1,token_entropy,,,0.0,0.0
MolecuLA continuous OLS,train_std_unit,HBA,2,selfies_len_tokens,,,0.0,0.0
MolecuLA continuous OLS,train_std_unit,HBA,2,branch_token_count,,,0.0,0.0
MolecuLA continuous OLS,train_std_unit,HBA,2,ring_token_count,,,0.0,0.0
MolecuLA continuous OLS,train_std_unit,HBA,2,token_entropy,,,0.0,0.0
MolecuLA continuous OLS,train_std_unit,HBA,3,selfies_len_tokens,,,0.0,0.0
MolecuLA continuous OLS,train_std_unit,HBA,3,branch_token_count,,,0.0,0.0
MolecuLA continuous OLS,train_std_unit,HBA,3,ring_token_count,,,0.0,0.0
MolecuLA continuous OLS,train_std_unit,HBA,3,token_entropy,,,0.0,0.0
MolecuLA continuous OLS,train_std_unit,HBA,4,selfies_len_tokens,,,0.0,0.0
MolecuLA continuous OLS,train_std_unit,HBA,4,branch_token_count,,,0.0,0.0
MolecuLA continuous OLS,train_std_unit,HBA,4,ring_token_count,,,0.0,0.0
MolecuLA continuous OLS,train_std_unit,HBA,4,token_entropy,,,0.0,0.0
MolecuLA continuous OLS,train_std_unit,HBA,5,selfies_len_tokens,0.8528028654224417,0.36362373715452384,0.005367965367965358,0.005110565110564767
MolecuLA continuous OLS,train_std_unit,HBA,5,branch_token_count,,,0.0,0.0
MolecuLA continuous OLS,train_std_unit,HBA,5,ring_token_count,,,0.0,0.0
MolecuLA continuous OLS,train_std_unit,HBA,5,token_entropy,-0.8101627221513196,-0.2780652107652241,-7.920917490304369e-05,-4.6416622480451174e-05
MolecuLA continuous OLS,train_std_unit,HBA,6,selfies_len_tokens,-0.8174238913695991,-0.4100454302903043,-0.004242424242424274,-0.0042424242424244606
MolecuLA continuous OLS,train_std_unit,HBA,6,branch_token_count,,,0.0,0.0
MolecuLA continuous OLS,train_std_unit,HBA,6,ring_token_count,,,0.0,0.0
MolecuLA continuous OLS,train_std_unit,HBA,6,token_entropy,0.8174238913695991,0.4100454302903043,0.0001021658125918657,0.0001021658125918577
MolecuLA continuous OLS,train_std_unit,HBA,7,selfies_len_tokens,,,0.0,0.0
MolecuLA continuous OLS,train_std_unit,HBA,7,branch_token_count,,,0.0,0.0
MolecuLA continuous OLS,train_std_unit,HBA,7,ring_token_count,,,0.0,0.0
MolecuLA continuous OLS,train_std_unit,HBA,7,token_entropy,,,0.0,0.0
MolecuLA continuous OLS,train_std_unit,HBA,8,selfies_len_tokens,,,0.0,0.0
MolecuLA continuous OLS,train_std_unit,HBA,8,branch_token_count,,,0.0,0.0
MolecuLA continuous OLS,train_std_unit,HBA,8,ring_token_count,,,0.0,0.0
MolecuLA continuous OLS,train_std_unit,HBA,8,token_entropy,,,0.0,0.0
MolecuLA continuous OLS,train_std_unit,HBA,9,selfies_len_tokens,,,0.0,0.0
MolecuLA continuous OLS,train_std_unit,HBA,9,branch_token_count,,,0.0,0.0
MolecuLA continuous OLS,train_std_unit,HBA,9,ring_token_count,,,0.0,0.0
MolecuLA continuous OLS,train_std_unit,HBA,9,token_entropy,,,0.0,0.0
MolecuLA continuous OLS,train_std_unit,HBA,10,selfies_len_tokens,,,0.0,0.0
MolecuLA continuous OLS,train_std_unit,HBA,10,branch_token_count,,,0.0,0.0
MolecuLA continuous OLS,train_std_unit,HBA,10,ring_token_count,,,0.0,0.0
MolecuLA continuous OLS,train_std_unit,HBA,10,token_entropy,,,0.0,0.0
MolecuLA continuous OLS,train_std_unit,HBA,11,selfies_len_tokens,,,0.0,0.0
MolecuLA continuous OLS,train_std_unit,HBA,11,branch_token_count,,,0.0,0.0
MolecuLA continuous OLS,train_std_unit,HBA,11,ring_token_count,,,0.0,0.0
MolecuLA continuous OLS,train_std_unit,HBA,11,token_entropy,,,0.0,0.0
MolecuLA continuous OLS,train_std_unit,HBA,12,selfies_len_tokens,,,0.0,0.0
MolecuLA continuous OLS,train_std_unit,HBA,12,branch_token_count,,,0.0,0.0
MolecuLA continuous OLS,train_std_unit,HBA,12,ring_token_count,,,0.0,0.0
MolecuLA continuous OLS,train_std_unit,HBA,12,token_entropy,,,0.0,0.0
MolecuLA continuous OLS,train_std_unit,HBA,13,selfies_len_tokens,,,0.0,0.0
MolecuLA continuous OLS,train_std_unit,HBA,13,branch_token_count,,,0.0,0.0
MolecuLA continuous OLS,train_std_unit,HBA,13,ring_token_count,,,0.0,0.0
MolecuLA continuous OLS,train_std_unit,HBA,13,token_entropy,,,0.0,0.0
MolecuLA continuous OLS,train_std_unit,HBA,14,selfies_len_tokens,,,0.0,0.0
MolecuLA continuous OLS,train_std_unit,HBA,14,branch_token_count,,,0.0,0.0
MolecuLA continuous OLS,train_std_unit,HBA,14,ring_token_count,,,0.0,0.0
MolecuLA continuous OLS,train_std_unit,HBA,14,token_entropy,,,0.0,0.0
MolecuLA continuous OLS,train_std_unit,HBA,15,selfies_len_tokens,,,0.0,0.0
MolecuLA continuous OLS,train_std_unit,HBA,15,branch_token_count,,,0.0,0.0
MolecuLA continuous OLS,train_std_unit,HBA,15,ring_token_count,,,0.0,0.0
MolecuLA continuous OLS,train_std_unit,HBA,15,token_entropy,,,0.0,0.0
MolecuLA continuous OLS,train_std_unit,HBA,16,selfies_len_tokens,,,0.0,0.0
MolecuLA continuous OLS,train_std_unit,HBA,16,branch_token_count,,,0.0,0.0
MolecuLA continuous OLS,train_std_unit,HBA,16,ring_token_count,,,0.0,0.0
MolecuLA continuous OLS,train_std_unit,HBA,16,token_entropy,,,0.0,0.0
MolecuLA continuous OLS,train_std_unit,HBA,17,selfies_len_tokens,,,0.0,0.0
MolecuLA continuous OLS,train_std_unit,HBA,17,branch_token_count,,,0.0,0.0
MolecuLA continuous OLS,train_std_unit,HBA,17,ring_token_count,,,0.0,0.0
MolecuLA continuous OLS,train_std_unit,HBA,17,token_entropy,,,0.0,0.0
MolecuLA continuous OLS,train_std_unit,HBA,18,selfies_len_tokens,,,0.0,0.0
MolecuLA continuous OLS,train_std_unit,HBA,18,branch_token_count,,,0.0,0.0
MolecuLA continuous OLS,train_std_unit,HBA,18,ring_token_count,,,0.0,0.0
MolecuLA continuous OLS,train_std_unit,HBA,18,token_entropy,,,0.0,0.0
MolecuLA continuous OLS,train_std_unit,HBA,19,selfies_len_tokens,,,0.0,0.0
MolecuLA continuous OLS,train_std_unit,HBA,19,branch_token_count,,,0.0,0.0
MolecuLA continuous OLS,train_std_unit,HBA,19,ring_token_count,,,0.0,0.0
MolecuLA continuous OLS,train_std_unit,HBA,19,token_entropy,,,0.0,0.0
MolecuLA continuous OLS,train_std_unit,HBA,20,selfies_len_tokens,0.5096471914376255,-0.45890071832701,0.005800865800865792,-0.010434070434070795
MolecuLA continuous OLS,train_std_unit,HBA,20,branch_token_count,0.5090097337879789,-0.4569156703644136,0.0016450216450216376,-0.002932022932023023
MolecuLA continuous OLS,train_std_unit,HBA,20,ring_token_count,,,0.0,0.0
MolecuLA continuous OLS,train_std_unit,HBA,20,token_entropy,0.5096471914376255,-0.45890071832701,6.590165847357473e-05,-0.00011924356651964315
MolecuLA continuous OLS,train_std_unit,HBA,21,selfies_len_tokens,,,0.0,0.0
MolecuLA continuous OLS,train_std_unit,HBA,21,branch_token_count,,,0.0,0.0
MolecuLA continuous OLS,train_std_unit,HBA,21,ring_token_count,,,0.0,0.0
MolecuLA continuous OLS,train_std_unit,HBA,21,token_entropy,,,0.0,0.0
MolecuLA continuous OLS,train_std_unit,HBA,22,selfies_len_tokens,,,0.0,0.0
MolecuLA continuous OLS,train_std_unit,HBA,22,branch_token_count,,,0.0,0.0
MolecuLA continuous OLS,train_std_unit,HBA,22,ring_token_count,,,0.0,0.0
MolecuLA continuous OLS,train_std_unit,HBA,22,token_entropy,,,0.0,0.0
MolecuLA continuous OLS,train_std_unit,HBA,23,selfies_len_tokens,,,0.0,0.0
MolecuLA continuous OLS,train_std_unit,HBA,23,branch_token_count,,,0.0,0.0
MolecuLA continuous OLS,train_std_unit,HBA,23,ring_token_count,,,0.0,0.0
MolecuLA continuous OLS,train_std_unit,HBA,23,token_entropy,,,0.0,0.0
MolecuLA continuous OLS,train_std_unit,HBA,24,selfies_len_tokens,,,0.0,0.0
MolecuLA continuous OLS,train_std_unit,HBA,24,branch_token_count,,,0.0,0.0
MolecuLA continuous OLS,train_std_unit,HBA,24,ring_token_count,,,0.0,0.0
MolecuLA continuous OLS,train_std_unit,HBA,24,token_entropy,,,0.0,0.0
MolecuLA continuous OLS,train_std_unit,HBA,25,selfies_len_tokens,,,0.0,0.0
MolecuLA continuous OLS,train_std_unit,HBA,25,branch_token_count,,,0.0,0.0
MolecuLA continuous OLS,train_std_unit,HBA,25,ring_token_count,,,0.0,0.0
MolecuLA continuous OLS,train_std_unit,HBA,25,token_entropy,,,0.0,0.0
MolecuLA continuous OLS,train_std_unit,HBA,26,selfies_len_tokens,,,0.0,0.0
MolecuLA continuous OLS,train_std_unit,HBA,26,branch_token_count,,,0.0,0.0
MolecuLA continuous OLS,train_std_unit,HBA,26,ring_token_count,,,0.0,0.0
MolecuLA continuous OLS,train_std_unit,HBA,26,token_entropy,,,0.0,0.0
MolecuLA continuous OLS,train_std_unit,HBA,27,selfies_len_tokens,,,0.0,0.0
MolecuLA continuous OLS,train_std_unit,HBA,27,branch_token_count,,,0.0,0.0
MolecuLA continuous OLS,train_std_unit,HBA,27,ring_token_count,,,0.0,0.0
MolecuLA continuous OLS,train_std_unit,HBA,27,token_entropy,,,0.0,0.0
MolecuLA continuous OLS,train_std_unit,HBA,28,selfies_len_tokens,,,0.0,0.0
MolecuLA continuous OLS,train_std_unit,HBA,28,branch_token_count,,,0.0,0.0
MolecuLA continuous OLS,train_std_unit,HBA,28,ring_token_count,,,0.0,0.0
MolecuLA continuous OLS,train_std_unit,HBA,28,token_entropy,,,0.0,0.0
MolecuLA continuous OLS,train_std_unit,HBA,29,selfies_len_tokens,,,0.0,0.0
MolecuLA continuous OLS,train_std_unit,HBA,29,branch_token_count,,,0.0,0.0
MolecuLA continuous OLS,train_std_unit,HBA,29,ring_token_count,,,0.0,0.0
MolecuLA continuous OLS,train_std_unit,HBA,29,token_entropy,,,0.0,0.0
MolecuLA continuous OLS,train_std_unit,HBA,30,selfies_len_tokens,,,0.0,0.0
MolecuLA continuous OLS,train_std_unit,HBA,30,branch_token_count,,,0.0,0.0
MolecuLA continuous OLS,train_std_unit,HBA,30,ring_token_count,,,0.0,0.0
MolecuLA continuous OLS,train_std_unit,HBA,30,token_entropy,,,0.0,0.0
MolecuLA continuous OLS,train_std_unit,HBA,31,selfies_len_tokens,,,0.0,0.0
MolecuLA continuous OLS,train_std_unit,HBA,31,branch_token_count,,,0.0,0.0
MolecuLA continuous OLS,train_std_unit,HBA,31,ring_token_count,,,0.0,0.0
MolecuLA continuous OLS,train_std_unit,HBA,31,token_entropy,,,0.0,0.0
MolecuLA continuous OLS,train_std_unit,HBA,32,selfies_len_tokens,,,0.0,0.0
MolecuLA continuous OLS,train_std_unit,HBA,32,branch_token_count,,,0.0,0.0
MolecuLA continuous OLS,train_std_unit,HBA,32,ring_token_count,,,0.0,0.0
MolecuLA continuous OLS,train_std_unit,HBA,32,token_entropy,,,0.0,0.0
MolecuLA continuous OLS,train_std_unit,HBA,33,selfies_len_tokens,,,0.0,0.0
MolecuLA continuous OLS,train_std_unit,HBA,33,branch_token_count,,,0.0,0.0
MolecuLA continuous OLS,train_std_unit,HBA,33,ring_token_count,,,0.0,0.0
MolecuLA continuous OLS,train_std_unit,HBA,33,token_entropy,,,0.0,0.0
MolecuLA continuous OLS,train_std_unit,HBA,34,selfies_len_tokens,0.8581163303210331,-0.2152290161938318,0.004675324675324655,-0.0023587223587225744
MolecuLA continuous OLS,train_std_unit,HBA,34,branch_token_count,,,0.0,0.0
MolecuLA continuous OLS,train_std_unit,HBA,34,ring_token_count,,,0.0,0.0
MolecuLA continuous OLS,train_std_unit,HBA,34,token_entropy,0.7598971042335642,0.21550127888451873,7.747126505223287e-05,7.528409941971961e-05
MolecuLA continuous OLS,train_std_unit,HBA,35,selfies_len_tokens,,,0.0,0.0
MolecuLA continuous OLS,train_std_unit,HBA,35,branch_token_count,,,0.0,0.0
MolecuLA continuous OLS,train_std_unit,HBA,35,ring_token_count,,,0.0,0.0
MolecuLA continuous OLS,train_std_unit,HBA,35,token_entropy,,,0.0,0.0
MolecuLA continuous OLS,train_std_unit,HBA,36,selfies_len_tokens,,,0.0,0.0
MolecuLA continuous OLS,train_std_unit,HBA,36,branch_token_count,,,0.0,0.0
MolecuLA continuous OLS,train_std_unit,HBA,36,ring_token_count,,,0.0,0.0
MolecuLA continuous OLS,train_std_unit,HBA,36,token_entropy,,,0.0,0.0
MolecuLA continuous OLS,train_std_unit,HBA,37,selfies_len_tokens,,,0.0,0.0
MolecuLA continuous OLS,train_std_unit,HBA,37,branch_token_count,,,0.0,0.0
MolecuLA continuous OLS,train_std_unit,HBA,37,ring_token_count,,,0.0,0.0
MolecuLA continuous OLS,train_std_unit,HBA,37,token_entropy,,,0.0,0.0
MolecuLA continuous OLS,train_std_unit,HBA,38,selfies_len_tokens,,,0.0,0.0
MolecuLA continuous OLS,train_std_unit,HBA,38,branch_token_count,,,0.0,0.0
MolecuLA continuous OLS,train_std_unit,HBA,38,ring_token_count,,,0.0,0.0
MolecuLA continuous OLS,train_std_unit,HBA,38,token_entropy,,,0.0,0.0
MolecuLA continuous OLS,train_std_unit,HBA,39,selfies_len_tokens,,,0.0,0.0
MolecuLA continuous OLS,train_std_unit,HBA,39,branch_token_count,,,0.0,0.0
MolecuLA continuous OLS,train_std_unit,HBA,39,ring_token_count,,,0.0,0.0
MolecuLA continuous OLS,train_std_unit,HBA,39,token_entropy,,,0.0,0.0
MolecuLA continuous OLS,train_std_unit,HBA,40,selfies_len_tokens,,,0.0,0.0
MolecuLA continuous OLS,train_std_unit,HBA,40,branch_token_count,,,0.0,0.0
MolecuLA continuous OLS,train_std_unit,HBA,40,ring_token_count,,,0.0,0.0
MolecuLA continuous OLS,train_std_unit,HBA,40,token_entropy,,,0.0,0.0
MolecuLA continuous OLS,train_std_unit,HBA,41,selfies_len_tokens,,,0.0,0.0
MolecuLA continuous OLS,train_std_unit,HBA,41,branch_token_count,,,0.0,0.0
MolecuLA continuous OLS,train_std_unit,HBA,41,ring_token_count,,,0.0,0.0
MolecuLA continuous OLS,train_std_unit,HBA,41,token_entropy,,,0.0,0.0
MolecuLA continuous OLS,train_std_unit,HBA,42,selfies_len_tokens,,,0.0,0.0
MolecuLA continuous OLS,train_std_unit,HBA,42,branch_token_count,,,0.0,0.0
MolecuLA continuous OLS,train_std_unit,HBA,42,ring_token_count,,,0.0,0.0
MolecuLA continuous OLS,train_std_unit,HBA,42,token_entropy,,,0.0,0.0
MolecuLA continuous OLS,train_std_unit,HBA,43,selfies_len_tokens,,,0.0,0.0
MolecuLA continuous OLS,train_std_unit,HBA,43,branch_token_count,,,0.0,0.0
MolecuLA continuous OLS,train_std_unit,HBA,43,ring_token_count,,,0.0,0.0
MolecuLA continuous OLS,train_std_unit,HBA,43,token_entropy,,,0.0,0.0
MolecuLA continuous OLS,train_std_unit,HBA,44,selfies_len_tokens,,,0.0,0.0
MolecuLA continuous OLS,train_std_unit,HBA,44,branch_token_count,,,0.0,0.0
MolecuLA continuous OLS,train_std_unit,HBA,44,ring_token_count,,,0.0,0.0
MolecuLA continuous OLS,train_std_unit,HBA,44,token_entropy,,,0.0,0.0
MolecuLA continuous OLS,train_std_unit,HBA,45,selfies_len_tokens,,,0.0,0.0
MolecuLA continuous OLS,train_std_unit,HBA,45,branch_token_count,,,0.0,0.0
MolecuLA continuous OLS,train_std_unit,HBA,45,ring_token_count,,,0.0,0.0
MolecuLA continuous OLS,train_std_unit,HBA,45,token_entropy,,,0.0,0.0
MolecuLA continuous OLS,train_std_unit,HBA,46,selfies_len_tokens,,,0.0,0.0
MolecuLA continuous OLS,train_std_unit,HBA,46,branch_token_count,,,0.0,0.0
MolecuLA continuous OLS,train_std_unit,HBA,46,ring_token_count,,,0.0,0.0
MolecuLA continuous OLS,train_std_unit,HBA,46,token_entropy,,,0.0,0.0
MolecuLA continuous OLS,train_std_unit,HBA,47,selfies_len_tokens,0.3692744729379982,0.35195532247660055,0.0008658008658008659,0.001638001638001405
MolecuLA continuous OLS,train_std_unit,HBA,47,branch_token_count,,,0.0,0.0
MolecuLA continuous OLS,train_std_unit,HBA,47,ring_token_count,,,0.0,0.0
MolecuLA continuous OLS,train_std_unit,HBA,47,token_entropy,-0.3692744729379982,-0.35195532247660055,-2.1299397310575706e-05,-4.029615707406969e-05
MolecuLA continuous OLS,train_std_unit,HBA,48,selfies_len_tokens,,,0.0,0.0
MolecuLA continuous OLS,train_std_unit,HBA,48,branch_token_count,,,0.0,0.0
MolecuLA continuous OLS,train_std_unit,HBA,48,ring_token_count,,,0.0,0.0
MolecuLA continuous OLS,train_std_unit,HBA,48,token_entropy,,,0.0,0.0
MolecuLA continuous OLS,train_std_unit,HBA,49,selfies_len_tokens,,,0.0,0.0
MolecuLA continuous OLS,train_std_unit,HBA,49,branch_token_count,,,0.0,0.0
MolecuLA continuous OLS,train_std_unit,HBA,49,ring_token_count,,,0.0,0.0
MolecuLA continuous OLS,train_std_unit,HBA,49,token_entropy,,,0.0,0.0
MolecuLA continuous OLS,native_l2,TPSA,0,selfies_len_tokens,0.9873113802516247,0.022200467716545293,0.3354978354978355,0.2370679770679768
MolecuLA continuous OLS,native_l2,TPSA,0,branch_token_count,0.9918507668539125,0.00655957040313781,0.060086580086580084,0.01300573300573296
MolecuLA continuous OLS,native_l2,TPSA,0,ring_token_count,0.8376633876148206,-0.16628163890978956,0.00761904761904762,-0.004586404586404635
MolecuLA continuous OLS,native_l2,TPSA,0,token_entropy,0.8660605502061486,-0.2550559352232224,0.004503252760099222,-0.004146169447797013
MolecuLA continuous OLS,native_l2,TPSA,1,selfies_len_tokens,0.9885764728284693,0.028243364032962587,0.2967965367965367,0.2256838656838655
MolecuLA continuous OLS,native_l2,TPSA,1,branch_token_count,0.9753598117446711,0.04583801961019006,0.04493506493506493,0.020687960687960676
MolecuLA continuous OLS,native_l2,TPSA,1,ring_token_count,0.26058689675936053,-0.5484495705032202,0.0025974025974025974,-0.012481572481572504
MolecuLA continuous OLS,native_l2,TPSA,1,token_entropy,0.9182203001548267,-0.14547238436671087,0.005551599720027935,-0.005181565721816646
MolecuLA continuous OLS,native_l2,TPSA,2,selfies_len_tokens,0.9348921875490426,0.12085532516430506,0.2083116883116883,0.2015069615069614
MolecuLA continuous OLS,native_l2,TPSA,2,branch_token_count,0.9666517389502717,0.07379688098236774,0.04320346320346321,0.03035217035217035
MolecuLA continuous OLS,native_l2,TPSA,2,ring_token_count,0.8395504995664728,-0.051719540537791764,0.006666666666666666,-0.0006060606060606095
MolecuLA continuous OLS,native_l2,TPSA,2,token_entropy,0.9673073171654172,-0.044649191241395415,0.0060738087433366,-0.002738159406791214
MolecuLA continuous OLS,native_l2,TPSA,3,selfies_len_tokens,0.9925120774562108,0.0084995100978303,0.3948051948051948,0.31904995904995886
MolecuLA continuous OLS,native_l2,TPSA,3,branch_token_count,0.9925120774562108,-0.007191893159702561,0.09722943722943723,0.04348894348894343
MolecuLA continuous OLS,native_l2,TPSA,3,ring_token_count,-0.8968382184998331,-0.045122909701698743,-0.011341991341991342,-0.001850941850941878
MolecuLA continuous OLS,native_l2,TPSA,3,token_entropy,0.7359532703838061,-0.4486822812120892,0.0037080147015840794,-0.00469576519845121
MolecuLA continuous OLS,native_l2,TPSA,4,selfies_len_tokens,0.9957702754945247,0.0032711824714702267,0.41696969696969693,0.28530712530712526
MolecuLA continuous OLS,native_l2,TPSA,4,branch_token_count,0.9869586262821973,-0.008186001390831357,0.05645021645021645,-0.00907452907452916
MolecuLA continuous OLS,native_l2,TPSA,4,ring_token_count,-0.10733202712368678,-0.8580714797575735,-0.0022510822510822506,-0.021687141687141726
MolecuLA continuous OLS,native_l2,TPSA,4,token_entropy,0.8022085515657551,-0.35353687372194387,0.004419238509923539,-0.004818773302611689
MolecuLA continuous OLS,native_l2,TPSA,5,selfies_len_tokens,0.916258622484157,0.1313211507099865,0.39852813852813845,0.431269451269451
MolecuLA continuous OLS,native_l2,TPSA,5,branch_token_count,0.9791820864240878,-0.04503920287071804,0.06207792207792208,-0.007977067977068064
MolecuLA continuous OLS,native_l2,TPSA,5,ring_token_count,0.34064403361794154,-0.26110115337462936,0.007272727272727273,-0.006453726453726527
MolecuLA continuous OLS,native_l2,TPSA,5,token_entropy,0.7077922077922078,-0.5570062123082993,0.004225841517762756,-0.005946187135980092
MolecuLA continuous OLS,native_l2,TPSA,6,selfies_len_tokens,0.9626263918772302,0.06423231597823492,0.3256277056277056,0.24214578214578197
MolecuLA continuous OLS,native_l2,TPSA,6,branch_token_count,0.9279551734636466,-0.1390556888222756,0.031341991341991345,-0.01788697788697793
MolecuLA continuous OLS,native_l2,TPSA,6,ring_token_count,-0.11313002700617172,0.07679881308889842,8.658008658008574e-05,8.190008190005896e-05
MolecuLA continuous OLS,native_l2,TPSA,6,token_entropy,0.7515427483089705,-0.4584574943103918,0.003935822456095692,-0.005351539086596871
MolecuLA continuous OLS,native_l2,TPSA,7,selfies_len_tokens,0.9839631881197893,0.02215024301377588,0.21437229437229435,0.13536445536445527
MolecuLA continuous OLS,native_l2,TPSA,7,branch_token_count,0.9770164933333718,0.02888813066015219,0.048484848484848485,0.0256183456183456
MolecuLA continuous OLS,native_l2,TPSA,7,ring_token_count,0.8261669708483237,0.03709742493452302,0.009437229437229437,-0.004733824733824746
MolecuLA continuous OLS,native_l2,TPSA,7,token_entropy,0.9286029015812346,-0.05653270978142799,0.006348917807757823,-0.005883876122335735
MolecuLA continuous OLS,native_l2,TPSA,8,selfies_len_tokens,0.7419338442561537,0.27266812296697157,0.2022510822510823,0.47154791154791126
MolecuLA continuous OLS,native_l2,TPSA,8,branch_token_count,0.9911958659439447,0.011486812785030743,0.05930735930735931,0.008533988533988474
MolecuLA continuous OLS,native_l2,TPSA,8,ring_token_count,-0.06437648733948954,-0.8601445072292659,-0.002164502164502164,-0.039885339885339946
MolecuLA continuous OLS,native_l2,TPSA,8,token_entropy,0.7987013056023099,-0.3545751633986928,0.00524944746484012,-0.005414102643360394
MolecuLA continuous OLS,native_l2,TPSA,9,selfies_len_tokens,0.9787940502499493,0.040288346973508214,0.30528138528138526,0.29801801801801797
MolecuLA continuous OLS,native_l2,TPSA,9,branch_token_count,0.9488825998476843,0.017828572109171333,0.0580952380952381,0.03238329238329235
MolecuLA continuous OLS,native_l2,TPSA,9,ring_token_count,0.3708859221430051,-0.20864491949919364,0.0025974025974025974,-0.002915642915642922
MolecuLA continuous OLS,native_l2,TPSA,9,token_entropy,0.8444810129439485,-0.2391234386644736,0.006574377335253712,-0.007244081315905239
MolecuLA continuous OLS,native_l2,TPSA,10,selfies_len_tokens,0.9538287325927522,0.09602291994135619,0.3605194805194805,0.3277641277641276
MolecuLA continuous OLS,native_l2,TPSA,10,branch_token_count,0.9882503713936266,-0.007879269042599191,0.061731601731601735,0.009025389025388983
MolecuLA continuous OLS,native_l2,TPSA,10,ring_token_count,-0.7451570629134057,-0.06206393024303348,-0.012034632034632037,-0.003095823095823109
MolecuLA continuous OLS,native_l2,TPSA,10,token_entropy,0.6718708068890886,-0.5579126510076965,0.003833342060381472,-0.0064681833386405554
MolecuLA continuous OLS,native_l2,TPSA,11,selfies_len_tokens,0.7132410041655769,0.32555716007514596,0.2525541125541126,0.6197051597051598
MolecuLA continuous OLS,native_l2,TPSA,11,branch_token_count,0.9679943114569358,0.07907860248558032,0.04926406926406926,0.026126126126126106
MolecuLA continuous OLS,native_l2,TPSA,11,ring_token_count,0.7322248810177193,-0.3789394991479686,0.009090909090909092,-0.009680589680589689
MolecuLA continuous OLS,native_l2,TPSA,11,token_entropy,0.9118862746528287,-0.09420618181307508,0.007881608113704648,-0.00676738397373704
MolecuLA continuous OLS,native_l2,TPSA,12,selfies_len_tokens,0.9908811128239042,0.007848268519601924,0.3908225108225108,0.2895004095004094
MolecuLA continuous OLS,native_l2,TPSA,12,branch_token_count,0.9889209424363861,-0.015706819737351694,0.059134199134199136,0.0004750204750204219
MolecuLA continuous OLS,native_l2,TPSA,12,ring_token_count,0.06661932967743409,-0.8374839206918205,-0.0005194805194805187,-0.030303030303030346
MolecuLA continuous OLS,native_l2,TPSA,12,token_entropy,0.6692691774335645,-0.501142591782352,0.0038950042108488567,-0.005396676874549462
MolecuLA continuous OLS,native_l2,TPSA,13,selfies_len_tokens,0.9826494850131157,0.03565719926186368,0.22077922077922077,0.13303849303849297
MolecuLA continuous OLS,native_l2,TPSA,13,branch_token_count,0.9813190169292618,0.011617742804481395,0.040952380952380955,0.021900081900081875
MolecuLA continuous OLS,native_l2,TPSA,13,ring_token_count,0.4297399616936208,-0.5127383593564335,0.0030303030303030303,-0.007158067158067167
MolecuLA continuous OLS,native_l2,TPSA,13,token_entropy,0.9529089673835233,-0.07353984439759245,0.005524789317219891,-0.003934956429676404
MolecuLA continuous OLS,native_l2,TPSA,14,selfies_len_tokens,0.9905534043720909,0.011449138650145794,0.3567965367965368,0.2816871416871415
MolecuLA continuous OLS,native_l2,TPSA,14,branch_token_count,0.9836331664235519,0.03108685902970578,0.045281385281385284,0.011711711711711687
MolecuLA continuous OLS,native_l2,TPSA,14,ring_token_count,0.16350448743202475,-0.6922541506778199,0.0013852813852813842,-0.014250614250614281
MolecuLA continuous OLS,native_l2,TPSA,14,token_entropy,0.7830660435024278,-0.3859477124183007,0.003930364940403136,-0.004346987054178748
MolecuLA continuous OLS,native_l2,TPSA,15,selfies_len_tokens,0.9814238799078321,0.029767760490379064,0.28675324675324676,0.18751842751842726
MolecuLA continuous OLS,native_l2,TPSA,15,branch_token_count,0.9193831986217613,-0.11563204986469053,0.029350649350649353,-0.004570024570024587
MolecuLA continuous OLS,native_l2,TPSA,15,ring_token_count,0.7228128072789535,-0.057429200938158564,0.008917748917748918,-0.004537264537264564
MolecuLA continuous OLS,native_l2,TPSA,15,token_entropy,0.8612423540018384,-0.24542483660130723,0.004486050240483131,-0.004922408449483247
MolecuLA continuous OLS,native_l2,TPSA,16,selfies_len_tokens,0.9947924856376829,0.007521257331285177,0.33714285714285713,0.2558558558558557
MolecuLA continuous OLS,native_l2,TPSA,16,branch_token_count,0.9829774174384012,0.032366404537596455,0.046753246753246755,0.005307125307125261
MolecuLA continuous OLS,native_l2,TPSA,16,ring_token_count,-0.08469968606276392,-0.6659827874419554,-0.001731601731601733,-0.02090090090090094
MolecuLA continuous OLS,native_l2,TPSA,16,token_entropy,0.7590253936491446,-0.4052207675740112,0.0043972355519341895,-0.005239901951162101
MolecuLA continuous OLS,native_l2,TPSA,17,selfies_len_tokens,0.9499871265155363,0.03640261332249092,0.40683982683982683,0.3928091728091724
MolecuLA continuous OLS,native_l2,TPSA,17,branch_token_count,0.8459513232115647,-0.29504699124978967,0.05073593073593074,-0.04199836199836209
MolecuLA continuous OLS,native_l2,TPSA,17,ring_token_count,-0.4580404660035188,-0.5649964971722832,-0.015411255411255416,-0.035217035217035265
MolecuLA continuous OLS,native_l2,TPSA,17,token_entropy,0.6645014965601358,-0.610299137770692,0.004430351995699231,-0.006754129989854663
MolecuLA continuous OLS,native_l2,TPSA,18,selfies_len_tokens,0.9892585627671239,0.009147337959547473,0.39965367965367965,0.29683865683865673
MolecuLA continuous OLS,native_l2,TPSA,18,branch_token_count,0.9866407510302658,-0.01701014885164518,0.05116883116883117,-0.007649467649467714
MolecuLA continuous OLS,native_l2,TPSA,18,ring_token_count,-0.04856097350385217,-0.6877203818208302,-0.0009523809523809517,-0.01813267813267818
MolecuLA continuous OLS,native_l2,TPSA,18,token_entropy,0.7009108657073784,-0.5003271158982392,0.003655930010830571,-0.005123035988553954
MolecuLA continuous OLS,native_l2,TPSA,19,selfies_len_tokens,0.9742947503208189,0.04831866503012799,0.32709956709956706,0.2747911547911546
MolecuLA continuous OLS,native_l2,TPSA,19,branch_token_count,0.9915225076199143,0.012812266346478092,0.06155844155844157,0.026977886977886938
MolecuLA continuous OLS,native_l2,TPSA,19,ring_token_count,0.2053113009812783,-0.4268233772325679,0.009264069264069258,-0.02167076167076174
MolecuLA continuous OLS,native_l2,TPSA,19,token_entropy,0.7746351703822889,-0.38825500274804614,0.004098140409566976,-0.005085164000779379
MolecuLA continuous OLS,native_l2,TPSA,20,selfies_len_tokens,0.9076949772531051,0.14454864596026565,0.41982683982683977,0.4196396396396394
MolecuLA continuous OLS,native_l2,TPSA,20,branch_token_count,0.9768980763069799,-0.04766571009728843,0.07411255411255412,0.0056347256347256
MolecuLA continuous OLS,native_l2,TPSA,20,ring_token_count,-0.3472280213490504,-0.5762132416851825,-0.007532467532467534,-0.020950040950040983
MolecuLA continuous OLS,native_l2,TPSA,20,token_entropy,0.7064935064935066,-0.5635209048499168,0.004184429519631099,-0.005878745014797329
MolecuLA continuous OLS,native_l2,TPSA,21,selfies_len_tokens,0.9005513318130001,0.1966534231882048,0.3126406926406926,0.3902866502866502
MolecuLA continuous OLS,native_l2,TPSA,21,branch_token_count,0.9895577998769421,-0.01675450214539443,0.054112554112554105,0.006339066339066284
MolecuLA continuous OLS,native_l2,TPSA,21,ring_token_count,-0.6682414497642292,-0.16964939073100463,-0.01766233766233766,-0.014610974610974626
MolecuLA continuous OLS,native_l2,TPSA,21,token_entropy,0.8920683745366634,-0.21395996612075946,0.003917654702107334,-0.003217788936961689
MolecuLA continuous OLS,native_l2,TPSA,22,selfies_len_tokens,0.8996002083649662,0.17656872223847256,0.37333333333333335,0.4545454545454545
MolecuLA continuous OLS,native_l2,TPSA,22,branch_token_count,0.9960971276137166,-0.0026126720138842526,0.08493506493506493,0.03739557739557736
MolecuLA continuous OLS,native_l2,TPSA,22,ring_token_count,-0.7829359998924277,-0.15669800940313444,-0.016536796536796534,-0.013546273546273592
MolecuLA continuous OLS,native_l2,TPSA,22,token_entropy,0.7659304265336659,-0.4494463922475709,0.003895654860940583,-0.004790573688039978
MolecuLA continuous OLS,native_l2,TPSA,23,selfies_len_tokens,0.9682508852505122,0.06905757940987944,0.3051948051948052,0.19041769041769024
MolecuLA continuous OLS,native_l2,TPSA,23,branch_token_count,0.9731400741793114,-0.002964519507126269,0.041991341991341996,0.005487305487305468
MolecuLA continuous OLS,native_l2,TPSA,23,ring_token_count,-0.08483565656998274,-0.3470235084620571,-0.0007792207792207792,-0.006109746109746119
MolecuLA continuous OLS,native_l2,TPSA,23,token_entropy,0.8991951076385047,-0.16792166516453352,0.004790808968368147,-0.003942452543769324
MolecuLA continuous OLS,native_l2,TPSA,24,selfies_len_tokens,0.7408717201258558,0.2806161276776989,0.2479653679653679,0.5619328419328421
MolecuLA continuous OLS,native_l2,TPSA,24,branch_token_count,0.9780068803016346,0.049857610560353705,0.045281385281385284,0.02206388206388205
MolecuLA continuous OLS,native_l2,TPSA,24,ring_token_count,0.5846177486276568,-0.3758316511479043,0.006839826839826841,-0.009647829647829667
MolecuLA continuous OLS,native_l2,TPSA,24,token_entropy,0.9247371227251237,-0.1219352794804116,0.005972183138066674,-0.005672067721855221
MolecuLA continuous OLS,native_l2,TPSA,25,selfies_len_tokens,0.9443218670258917,0.10192748012067185,0.3194805194805194,0.3759213759213758
MolecuLA continuous OLS,native_l2,TPSA,25,branch_token_count,0.9921849037618306,-0.010464358026135899,0.06484848484848485,0.0109254709254709
MolecuLA continuous OLS,native_l2,TPSA,25,ring_token_count,-0.776343331834225,-0.2149195148407131,-0.020779220779220776,-0.012121212121212165
MolecuLA continuous OLS,native_l2,TPSA,25,token_entropy,0.7203637924586417,-0.48973817622496,0.0033590511026968216,-0.004530270011790038
MolecuLA continuous OLS,native_l2,TPSA,26,selfies_len_tokens,0.9931584145359874,0.016726904528001418,0.2845887445887446,0.18229320229320206
MolecuLA continuous OLS,native_l2,TPSA,26,branch_token_count,0.9823190266698557,-0.007926466417370562,0.042943722943722944,0.004684684684684646
MolecuLA continuous OLS,native_l2,TPSA,26,ring_token_count,0.34641016151377546,-0.5529051454108082,0.0019047619047619045,-0.00606060606060609
MolecuLA continuous OLS,native_l2,TPSA,26,token_entropy,0.8813626740381044,-0.20634405982786724,0.00425400544493635,-0.003855744591686892
MolecuLA continuous OLS,native_l2,TPSA,27,selfies_len_tokens,0.9068452017931611,0.17189542483660133,0.358961038961039,0.3856838656838656
MolecuLA continuous OLS,native_l2,TPSA,27,branch_token_count,0.9902292173549412,-0.006540223766334937,0.0664935064935065,0.0152334152334152
MolecuLA continuous OLS,native_l2,TPSA,27,ring_token_count,-0.301096190867083,-0.8501062256570351,-0.004415584415584415,-0.01970515970515973
MolecuLA continuous OLS,native_l2,TPSA,27,token_entropy,0.8426535083086849,-0.1839533855062627,0.004323170268692741,-0.004889944671953165
MolecuLA continuous OLS,native_l2,TPSA,28,selfies_len_tokens,0.9719605568800892,0.05202884037997748,0.36883116883116884,0.364095004095004
MolecuLA continuous OLS,native_l2,TPSA,28,branch_token_count,0.9800002616590582,0.007950385398062096,0.03870129870129871,0.015315315315315306
MolecuLA continuous OLS,native_l2,TPSA,28,ring_token_count,0.8174238913695991,-0.4100454302903043,0.004242424242424242,-0.004242424242424249
MolecuLA continuous OLS,native_l2,TPSA,28,token_entropy,0.894469499705552,-0.16085874438376507,0.007080775382800275,-0.006792279338867025
MolecuLA continuous OLS,native_l2,TPSA,29,selfies_len_tokens,0.9928333800100674,0.00687624116829834,0.3067532467532467,0.2569533169533168
MolecuLA continuous OLS,native_l2,TPSA,29,branch_token_count,0.9696699130424437,0.08566041782714139,0.05064935064935065,0.03162981162981162
MolecuLA continuous OLS,native_l2,TPSA,29,ring_token_count,0.6621890350812358,-0.30505845630748524,0.006839826839826841,-0.00817362817362819
MolecuLA continuous OLS,native_l2,TPSA,29,token_entropy,0.9589141064521686,-0.07297126669644641,0.005453377548730298,-0.004274040835526104
MolecuLA continuous OLS,native_l2,TPSA,30,selfies_len_tokens,0.9964221709983889,0.006538084690638691,0.35688311688311686,0.23950859950859926
MolecuLA continuous OLS,native_l2,TPSA,30,branch_token_count,0.9954450203591596,0.0026143790849673205,0.06935064935064934,0.017903357903357862
MolecuLA continuous OLS,native_l2,TPSA,30,ring_token_count,0.13688148986674856,-0.8954209494837072,0.0027705627705627714,-0.028828828828828864
MolecuLA continuous OLS,native_l2,TPSA,30,token_entropy,0.9212769663631284,-0.15143616037690705,0.004142596639181562,-0.002656122543918981
MolecuLA continuous OLS,native_l2,TPSA,31,selfies_len_tokens,0.9687914563116826,0.054794625469950585,0.285974025974026,0.16289926289926263
MolecuLA continuous OLS,native_l2,TPSA,31,branch_token_count,0.992831448793946,0.015420067012783131,0.08787878787878789,0.0206552006552006
MolecuLA continuous OLS,native_l2,TPSA,31,ring_token_count,-0.7303993315188503,-0.4814257357732933,-0.006233766233766233,-0.008714168714168734
MolecuLA continuous OLS,native_l2,TPSA,31,token_entropy,0.7659304265336659,-0.4292245661812795,0.003781972299600416,-0.004881897514070965
MolecuLA continuous OLS,native_l2,TPSA,32,selfies_len_tokens,0.9849517095420821,0.026126190035603795,0.3133333333333333,0.2612121212121211
MolecuLA continuous OLS,native_l2,TPSA,32,branch_token_count,0.9625673036134913,-0.0396323320868528,0.04917748917748918,0.025028665028665017
MolecuLA continuous OLS,native_l2,TPSA,32,ring_token_count,0.7775151823517664,-0.1117315780935847,0.007619047619047619,-0.002588042588042598
MolecuLA continuous OLS,native_l2,TPSA,32,token_entropy,0.9046056290212164,-0.030273838959510847,0.007044998472113084,-0.0057046329122750665
MolecuLA continuous OLS,native_l2,TPSA,33,selfies_len_tokens,0.9758264305669089,0.03674569160493002,0.2017316017316017,0.1705814905814906
MolecuLA continuous OLS,native_l2,TPSA,33,branch_token_count,0.971680477622402,0.05014664260812305,0.0393939393939394,0.027764127764127757
MolecuLA continuous OLS,native_l2,TPSA,33,ring_token_count,0.6382131441109761,-0.34655164004183603,0.004502164502164502,-0.0042260442260442345
MolecuLA continuous OLS,native_l2,TPSA,33,token_entropy,0.9591595748020367,-0.06690761811200567,0.006691524897286,-0.005727863261510752
MolecuLA continuous OLS,native_l2,TPSA,34,selfies_len_tokens,0.9608710740163567,0.05660999613670506,0.37073593073593075,0.36789516789516774
MolecuLA continuous OLS,native_l2,TPSA,34,branch_token_count,0.9957702754945247,-0.0006542364942940455,0.07116883116883117,0.015921375921375897
MolecuLA continuous OLS,native_l2,TPSA,34,ring_token_count,-0.2535305354203526,-0.6070212547812157,-0.005194805194805196,-0.0185749385749386
MolecuLA continuous OLS,native_l2,TPSA,34,token_entropy,0.6285714285714287,-0.6286678302660922,0.0038503067053757,-0.006249783357796815
MolecuLA continuous OLS,native_l2,TPSA,35,selfies_len_tokens,0.964785009144733,0.06151837730462746,0.33774891774891774,0.35687141687141655
MolecuLA continuous OLS,native_l2,TPSA,35,branch_token_count,0.9905474144290681,-0.0039305704364398265,0.06961038961038961,0.01316953316953313
MolecuLA continuous OLS,native_l2,TPSA,35,ring_token_count,-0.09322331159733267,-0.6780741340555063,-0.00329004329004329,-0.018673218673218712
MolecuLA continuous OLS,native_l2,TPSA,35,token_entropy,0.7438237758527281,-0.46771126740422103,0.004403632205304316,-0.005686589773146468
MolecuLA continuous OLS,native_l2,TPSA,36,selfies_len_tokens,0.9934886946997566,0.0052321790130679495,0.283030303030303,0.1613267813267812
MolecuLA continuous OLS,native_l2,TPSA,36,branch_token_count,0.9846533189740176,-0.011815007436031621,0.04926406926406926,0.0008681408681408308
MolecuLA continuous OLS,native_l2,TPSA,36,ring_token_count,0.19069251784911845,-0.7348533552903687,0.004761904761904761,-0.02841932841932848
MolecuLA continuous OLS,native_l2,TPSA,36,token_entropy,0.8660605502061486,-0.24461886370513652,0.00489253620462214,-0.004986387544441073
MolecuLA continuous OLS,native_l2,TPSA,37,selfies_len_tokens,0.9578991805981825,0.08254197916523634,0.3498701298701299,0.24958230958230931
MolecuLA continuous OLS,native_l2,TPSA,37,branch_token_count,0.9761081769278972,-0.026325077356096387,0.04303030303030303,-0.0017526617526617853
MolecuLA continuous OLS,native_l2,TPSA,37,ring_token_count,0.3951753702710183,-0.5890522274840228,0.008484848484848487,-0.021654381654381674
MolecuLA continuous OLS,native_l2,TPSA,37,token_entropy,0.8210815900778728,-0.33028748771859895,0.005739873641453913,-0.005132853992046117
MolecuLA continuous OLS,native_l2,TPSA,38,selfies_len_tokens,0.9777162187102167,0.06336944275050717,0.34978354978354975,0.2954299754299753
MolecuLA continuous OLS,native_l2,TPSA,38,branch_token_count,0.9898838971667989,0.006252205872072892,0.059913419913419905,0.01742833742833739
MolecuLA continuous OLS,native_l2,TPSA,38,ring_token_count,0.10007783616667855,-0.6393093641036461,-0.0005194805194805198,-0.017330057330057373
MolecuLA continuous OLS,native_l2,TPSA,38,token_entropy,0.7984402069468095,-0.36921140495228605,0.0044301356247564315,-0.004144065927913264
MolecuLA continuous OLS,native_l2,TPSA,39,selfies_len_tokens,0.9882503713936266,0.01050569205679892,0.28354978354978355,0.2595741195741194
MolecuLA continuous OLS,native_l2,TPSA,39,branch_token_count,0.9756926227461993,0.03187655796982311,0.04839826839826839,0.017641277641277618
MolecuLA continuous OLS,native_l2,TPSA,39,ring_token_count,0.5000202917960352,-0.7050239879106327,0.004502164502164502,-0.01113841113841115
MolecuLA continuous OLS,native_l2,TPSA,39,token_entropy,0.8597783509643341,-0.2499196323595506,0.005961324129655132,-0.006820250325875211
MolecuLA continuous OLS,native_l2,TPSA,40,selfies_len_tokens,0.7120558947987967,0.3169934640522876,0.17575757575757578,0.4908108108108109
MolecuLA continuous OLS,native_l2,TPSA,40,branch_token_count,0.980991659103451,0.03212202301933616,0.06614718614718615,0.038132678132678115
MolecuLA continuous OLS,native_l2,TPSA,40,ring_token_count,-0.1830950832868254,-0.684323989202494,-0.0024242424242424242,-0.0165765765765766
MolecuLA continuous OLS,native_l2,TPSA,40,token_entropy,0.8569578116904684,-0.2785393461389155,0.00477260725441652,-0.005277856014855464
MolecuLA continuous OLS,native_l2,TPSA,41,selfies_len_tokens,0.9850003750395739,0.024558004172494066,0.35411255411255416,0.23931203931203915
MolecuLA continuous OLS,native_l2,TPSA,41,branch_token_count,0.9892311592343159,0.00623981298402662,0.0664935064935065,0.010155610155610145
MolecuLA continuous OLS,native_l2,TPSA,41,ring_token_count,0.16577030172602808,-0.8217528690414034,0.001471861471861471,-0.024160524160524183
MolecuLA continuous OLS,native_l2,TPSA,41,token_entropy,0.7921866130606924,-0.3728758169934641,0.004937301339378738,-0.005394971551742776
MolecuLA continuous OLS,native_l2,TPSA,42,selfies_len_tokens,0.8627212269756415,0.23661900058891724,0.32502164502164504,0.4118263718263717
MolecuLA continuous OLS,native_l2,TPSA,42,branch_token_count,0.9902332663258655,-0.007843137254901962,0.06606060606060607,0.014234234234234205
MolecuLA continuous OLS,native_l2,TPSA,42,ring_token_count,-0.37074958590765766,-0.40225134540813623,-0.008744588744588742,-0.016199836199836243
MolecuLA continuous OLS,native_l2,TPSA,42,token_entropy,0.7060734376939075,-0.5079852406751248,0.00495638172552071,-0.006865117486918695
MolecuLA continuous OLS,native_l2,TPSA,43,selfies_len_tokens,0.7487829133271086,0.2595619622183561,0.236969696969697,0.5562817362817362
MolecuLA continuous OLS,native_l2,TPSA,43,branch_token_count,0.9885710532241612,0.024712535281493996,0.05463203463203463,0.014889434889434856
MolecuLA continuous OLS,native_l2,TPSA,43,ring_token_count,-0.260792038821141,-0.6714792357191778,-0.0025108225108225104,-0.01439803439803441
MolecuLA continuous OLS,native_l2,TPSA,43,token_entropy,0.7564237641936205,-0.3934752380791123,0.005686657342918225,-0.007639925399572571
MolecuLA continuous OLS,native_l2,TPSA,44,selfies_len_tokens,0.9293067624257981,0.12188079011649672,0.3461471861471862,0.4111056511056507
MolecuLA continuous OLS,native_l2,TPSA,44,branch_token_count,0.979457080236136,-0.02782327785377261,0.08069264069264069,-0.018018018018018098
MolecuLA continuous OLS,native_l2,TPSA,44,ring_token_count,-0.6928175203759843,-0.16618497847744845,-0.014372294372294378,-0.013693693693693738
MolecuLA continuous OLS,native_l2,TPSA,44,token_entropy,0.8625452925101619,-0.2643790849673203,0.004204790300996929,-0.004360719758831307
MolecuLA continuous OLS,native_l2,TPSA,45,selfies_len_tokens,0.901030098708315,0.18944690750161544,0.37428571428571433,0.3866175266175265
MolecuLA continuous OLS,native_l2,TPSA,45,branch_token_count,0.9758048456761376,-0.03153788639133069,0.04346320346320346,-0.005798525798525837
MolecuLA continuous OLS,native_l2,TPSA,45,ring_token_count,0.15970553458970999,-0.8910491825557958,0.002337662337662338,-0.028976248976249012
MolecuLA continuous OLS,native_l2,TPSA,45,token_entropy,0.7655294672879547,-0.43784723839317474,0.005139997014698988,-0.006569732129655513
MolecuLA continuous OLS,native_l2,TPSA,46,selfies_len_tokens,0.991536204834189,0.007843137254901962,0.4185281385281386,0.29798525798525777
MolecuLA continuous OLS,native_l2,TPSA,46,branch_token_count,0.9951188064843296,0.0013076169381277384,0.07506493506493506,0.018984438984438936
MolecuLA continuous OLS,native_l2,TPSA,46,ring_token_count,0.3376361812126516,-0.8744478056160706,0.004155844155844155,-0.018411138411138447
MolecuLA continuous OLS,native_l2,TPSA,46,token_entropy,0.8123587974873877,-0.35497600251249933,0.004256741813866867,-0.005278776076923301
MolecuLA continuous OLS,native_l2,TPSA,47,selfies_len_tokens,0.987962211748165,0.017956260653088103,0.34909090909090906,0.33736281736281715
MolecuLA continuous OLS,native_l2,TPSA,47,branch_token_count,0.9850215122925715,-0.026143790849673207,0.061731601731601735,-0.009025389025389068
MolecuLA continuous OLS,native_l2,TPSA,47,ring_token_count,-0.6295242497866659,-0.2721378931090182,-0.011948051948051952,-0.014840294840294874
MolecuLA continuous OLS,native_l2,TPSA,47,token_entropy,0.7034751913730469,-0.5079852406751248,0.0036325577763624945,-0.005090381181701461
MolecuLA continuous OLS,native_l2,TPSA,48,selfies_len_tokens,0.9200272293543552,0.158205460066703,0.2886580086580086,0.3339230139230138
MolecuLA continuous OLS,native_l2,TPSA,48,branch_token_count,0.98725842750612,0.0023049722583910856,0.03800865800865801,-0.0028337428337428775
MolecuLA continuous OLS,native_l2,TPSA,48,ring_token_count,-0.1734188356958164,-0.3766255756049573,-0.0041558441558441584,-0.011302211302211332
MolecuLA continuous OLS,native_l2,TPSA,48,token_entropy,0.9172687098597492,-0.1493464052287582,0.003599257986541883,-0.002432548324493781
MolecuLA continuous OLS,native_l2,TPSA,49,selfies_len_tokens,0.9882907569954745,0.019582262117703496,0.3514285714285714,0.25092547092547074
MolecuLA continuous OLS,native_l2,TPSA,49,branch_token_count,0.9925120774562108,-0.006538084690638691,0.0477056277056277,0.009156429156429103
MolecuLA continuous OLS,native_l2,TPSA,49,ring_token_count,0.1613412865462109,-0.7433671504448024,0.00147186147186147,-0.01557739557739559
MolecuLA continuous OLS,native_l2,TPSA,49,token_entropy,0.8517562468243651,-0.26810227462082964,0.005081870907906655,-0.004925503115177003
MolecuLA continuous OLS,train_std_unit,TPSA,0,selfies_len_tokens,,,0.0,0.0
MolecuLA continuous OLS,train_std_unit,TPSA,0,branch_token_count,,,0.0,0.0
MolecuLA continuous OLS,train_std_unit,TPSA,0,ring_token_count,,,0.0,0.0
MolecuLA continuous OLS,train_std_unit,TPSA,0,token_entropy,,,0.0,0.0
MolecuLA continuous OLS,train_std_unit,TPSA,1,selfies_len_tokens,,,0.0,0.0
MolecuLA continuous OLS,train_std_unit,TPSA,1,branch_token_count,,,0.0,0.0
MolecuLA continuous OLS,train_std_unit,TPSA,1,ring_token_count,,,0.0,0.0
MolecuLA continuous OLS,train_std_unit,TPSA,1,token_entropy,,,0.0,0.0
MolecuLA continuous OLS,train_std_unit,TPSA,2,selfies_len_tokens,,,0.0,0.0
MolecuLA continuous OLS,train_std_unit,TPSA,2,branch_token_count,,,0.0,0.0
MolecuLA continuous OLS,train_std_unit,TPSA,2,ring_token_count,,,0.0,0.0
MolecuLA continuous OLS,train_std_unit,TPSA,2,token_entropy,,,0.0,0.0
MolecuLA continuous OLS,train_std_unit,TPSA,3,selfies_len_tokens,,,0.0,0.0
MolecuLA continuous OLS,train_std_unit,TPSA,3,branch_token_count,,,0.0,0.0
MolecuLA continuous OLS,train_std_unit,TPSA,3,ring_token_count,,,0.0,0.0
MolecuLA continuous OLS,train_std_unit,TPSA,3,token_entropy,,,0.0,0.0
MolecuLA continuous OLS,train_std_unit,TPSA,4,selfies_len_tokens,,,0.0,0.0
MolecuLA continuous OLS,train_std_unit,TPSA,4,branch_token_count,,,0.0,0.0
MolecuLA continuous OLS,train_std_unit,TPSA,4,ring_token_count,,,0.0,0.0
MolecuLA continuous OLS,train_std_unit,TPSA,4,token_entropy,,,0.0,0.0
MolecuLA continuous OLS,train_std_unit,TPSA,5,selfies_len_tokens,0.8174238913695991,0.4100454302903043,0.004242424242424223,0.004242424242424034
MolecuLA continuous OLS,train_std_unit,TPSA,5,branch_token_count,,,0.0,0.0
MolecuLA continuous OLS,train_std_unit,TPSA,5,ring_token_count,,,0.0,0.0
MolecuLA continuous OLS,train_std_unit,TPSA,5,token_entropy,-0.8174238913695991,-0.4100454302903043,-8.698243662356252e-05,-8.69824366235734e-05
MolecuLA continuous OLS,train_std_unit,TPSA,6,selfies_len_tokens,-0.8174238913695991,-0.4100454302903043,-0.004242424242424274,-0.0042424242424244606
MolecuLA continuous OLS,train_std_unit,TPSA,6,branch_token_count,,,0.0,0.0
MolecuLA continuous OLS,train_std_unit,TPSA,6,ring_token_count,,,0.0,0.0
MolecuLA continuous OLS,train_std_unit,TPSA,6,token_entropy,0.8174238913695991,0.4100454302903043,0.0001021658125918657,0.0001021658125918577
MolecuLA continuous OLS,train_std_unit,TPSA,7,selfies_len_tokens,,,0.0,0.0
MolecuLA continuous OLS,train_std_unit,TPSA,7,branch_token_count,,,0.0,0.0
MolecuLA continuous OLS,train_std_unit,TPSA,7,ring_token_count,,,0.0,0.0
MolecuLA continuous OLS,train_std_unit,TPSA,7,token_entropy,,,0.0,0.0
MolecuLA continuous OLS,train_std_unit,TPSA,8,selfies_len_tokens,,,0.0,0.0
MolecuLA continuous OLS,train_std_unit,TPSA,8,branch_token_count,,,0.0,0.0
MolecuLA continuous OLS,train_std_unit,TPSA,8,ring_token_count,,,0.0,0.0
MolecuLA continuous OLS,train_std_unit,TPSA,8,token_entropy,,,0.0,0.0
MolecuLA continuous OLS,train_std_unit,TPSA,9,selfies_len_tokens,,,0.0,0.0
MolecuLA continuous OLS,train_std_unit,TPSA,9,branch_token_count,,,0.0,0.0
MolecuLA continuous OLS,train_std_unit,TPSA,9,ring_token_count,,,0.0,0.0
MolecuLA continuous OLS,train_std_unit,TPSA,9,token_entropy,,,0.0,0.0
MolecuLA continuous OLS,train_std_unit,TPSA,10,selfies_len_tokens,,,0.0,0.0
MolecuLA continuous OLS,train_std_unit,TPSA,10,branch_token_count,,,0.0,0.0
MolecuLA continuous OLS,train_std_unit,TPSA,10,ring_token_count,,,0.0,0.0
MolecuLA continuous OLS,train_std_unit,TPSA,10,token_entropy,,,0.0,0.0
MolecuLA continuous OLS,train_std_unit,TPSA,11,selfies_len_tokens,,,0.0,0.0
MolecuLA continuous OLS,train_std_unit,TPSA,11,branch_token_count,,,0.0,0.0
MolecuLA continuous OLS,train_std_unit,TPSA,11,ring_token_count,,,0.0,0.0
MolecuLA continuous OLS,train_std_unit,TPSA,11,token_entropy,,,0.0,0.0
MolecuLA continuous OLS,train_std_unit,TPSA,12,selfies_len_tokens,,,0.0,0.0
MolecuLA continuous OLS,train_std_unit,TPSA,12,branch_token_count,,,0.0,0.0
MolecuLA continuous OLS,train_std_unit,TPSA,12,ring_token_count,,,0.0,0.0
MolecuLA continuous OLS,train_std_unit,TPSA,12,token_entropy,,,0.0,0.0
MolecuLA continuous OLS,train_std_unit,TPSA,13,selfies_len_tokens,,,0.0,0.0
MolecuLA continuous OLS,train_std_unit,TPSA,13,branch_token_count,,,0.0,0.0
MolecuLA continuous OLS,train_std_unit,TPSA,13,ring_token_count,,,0.0,0.0
MolecuLA continuous OLS,train_std_unit,TPSA,13,token_entropy,,,0.0,0.0
MolecuLA continuous OLS,train_std_unit,TPSA,14,selfies_len_tokens,,,0.0,0.0
MolecuLA continuous OLS,train_std_unit,TPSA,14,branch_token_count,,,0.0,0.0
MolecuLA continuous OLS,train_std_unit,TPSA,14,ring_token_count,,,0.0,0.0
MolecuLA continuous OLS,train_std_unit,TPSA,14,token_entropy,,,0.0,0.0
MolecuLA continuous OLS,train_std_unit,TPSA,15,selfies_len_tokens,,,0.0,0.0
MolecuLA continuous OLS,train_std_unit,TPSA,15,branch_token_count,,,0.0,0.0
MolecuLA continuous OLS,train_std_unit,TPSA,15,ring_token_count,,,0.0,0.0
MolecuLA continuous OLS,train_std_unit,TPSA,15,token_entropy,,,0.0,0.0
MolecuLA continuous OLS,train_std_unit,TPSA,16,selfies_len_tokens,,,0.0,0.0
MolecuLA continuous OLS,train_std_unit,TPSA,16,branch_token_count,,,0.0,0.0
MolecuLA continuous OLS,train_std_unit,TPSA,16,ring_token_count,,,0.0,0.0
MolecuLA continuous OLS,train_std_unit,TPSA,16,token_entropy,,,0.0,0.0
MolecuLA continuous OLS,train_std_unit,TPSA,17,selfies_len_tokens,,,0.0,0.0
MolecuLA continuous OLS,train_std_unit,TPSA,17,branch_token_count,,,0.0,0.0
MolecuLA continuous OLS,train_std_unit,TPSA,17,ring_token_count,,,0.0,0.0
MolecuLA continuous OLS,train_std_unit,TPSA,17,token_entropy,,,0.0,0.0
MolecuLA continuous OLS,train_std_unit,TPSA,18,selfies_len_tokens,,,0.0,0.0
MolecuLA continuous OLS,train_std_unit,TPSA,18,branch_token_count,,,0.0,0.0
MolecuLA continuous OLS,train_std_unit,TPSA,18,ring_token_count,,,0.0,0.0
MolecuLA continuous OLS,train_std_unit,TPSA,18,token_entropy,,,0.0,0.0
MolecuLA continuous OLS,train_std_unit,TPSA,19,selfies_len_tokens,,,0.0,0.0
MolecuLA continuous OLS,train_std_unit,TPSA,19,branch_token_count,,,0.0,0.0
MolecuLA continuous OLS,train_std_unit,TPSA,19,ring_token_count,,,0.0,0.0
MolecuLA continuous OLS,train_std_unit,TPSA,19,token_entropy,,,0.0,0.0
MolecuLA continuous OLS,train_std_unit,TPSA,20,selfies_len_tokens,0.7833494518006403,-0.4715431487960255,0.01168831168831169,-0.014004914004914255
MolecuLA continuous OLS,train_std_unit,TPSA,20,branch_token_count,0.7833494518006403,-0.4715431487960255,0.003896103896103897,-0.004668304668304728
MolecuLA continuous OLS,train_std_unit,TPSA,20,ring_token_count,,,0.0,0.0
MolecuLA continuous OLS,train_std_unit,TPSA,20,token_entropy,0.7833494518006403,-0.4715431487960255,0.00011752838878667777,-0.0001408223036813575
MolecuLA continuous OLS,train_std_unit,TPSA,21,selfies_len_tokens,,,0.0,0.0
MolecuLA continuous OLS,train_std_unit,TPSA,21,branch_token_count,,,0.0,0.0
MolecuLA continuous OLS,train_std_unit,TPSA,21,ring_token_count,,,0.0,0.0
MolecuLA continuous OLS,train_std_unit,TPSA,21,token_entropy,,,0.0,0.0
MolecuLA continuous OLS,train_std_unit,TPSA,22,selfies_len_tokens,,,0.0,0.0
MolecuLA continuous OLS,train_std_unit,TPSA,22,branch_token_count,,,0.0,0.0
MolecuLA continuous OLS,train_std_unit,TPSA,22,ring_token_count,,,0.0,0.0
MolecuLA continuous OLS,train_std_unit,TPSA,22,token_entropy,,,0.0,0.0
MolecuLA continuous OLS,train_std_unit,TPSA,23,selfies_len_tokens,,,0.0,0.0
MolecuLA continuous OLS,train_std_unit,TPSA,23,branch_token_count,,,0.0,0.0
MolecuLA continuous OLS,train_std_unit,TPSA,23,ring_token_count,,,0.0,0.0
MolecuLA continuous OLS,train_std_unit,TPSA,23,token_entropy,,,0.0,0.0
MolecuLA continuous OLS,train_std_unit,TPSA,24,selfies_len_tokens,,,0.0,0.0
MolecuLA continuous OLS,train_std_unit,TPSA,24,branch_token_count,,,0.0,0.0
MolecuLA continuous OLS,train_std_unit,TPSA,24,ring_token_count,,,0.0,0.0
MolecuLA continuous OLS,train_std_unit,TPSA,24,token_entropy,,,0.0,0.0
MolecuLA continuous OLS,train_std_unit,TPSA,25,selfies_len_tokens,,,0.0,0.0
MolecuLA continuous OLS,train_std_unit,TPSA,25,branch_token_count,,,0.0,0.0
MolecuLA continuous OLS,train_std_unit,TPSA,25,ring_token_count,,,0.0,0.0
MolecuLA continuous OLS,train_std_unit,TPSA,25,token_entropy,,,0.0,0.0
MolecuLA continuous OLS,train_std_unit,TPSA,26,selfies_len_tokens,,,0.0,0.0
MolecuLA continuous OLS,train_std_unit,TPSA,26,branch_token_count,,,0.0,0.0
MolecuLA continuous OLS,train_std_unit,TPSA,26,ring_token_count,,,0.0,0.0
MolecuLA continuous OLS,train_std_unit,TPSA,26,token_entropy,,,0.0,0.0
MolecuLA continuous OLS,train_std_unit,TPSA,27,selfies_len_tokens,,,0.0,0.0
MolecuLA continuous OLS,train_std_unit,TPSA,27,branch_token_count,,,0.0,0.0
MolecuLA continuous OLS,train_std_unit,TPSA,27,ring_token_count,,,0.0,0.0
MolecuLA continuous OLS,train_std_unit,TPSA,27,token_entropy,,,0.0,0.0
MolecuLA continuous OLS,train_std_unit,TPSA,28,selfies_len_tokens,,,0.0,0.0
MolecuLA continuous OLS,train_std_unit,TPSA,28,branch_token_count,,,0.0,0.0
MolecuLA continuous OLS,train_std_unit,TPSA,28,ring_token_count,,,0.0,0.0
MolecuLA continuous OLS,train_std_unit,TPSA,28,token_entropy,,,0.0,0.0
MolecuLA continuous OLS,train_std_unit,TPSA,29,selfies_len_tokens,,,0.0,0.0
MolecuLA continuous OLS,train_std_unit,TPSA,29,branch_token_count,,,0.0,0.0
MolecuLA continuous OLS,train_std_unit,TPSA,29,ring_token_count,,,0.0,0.0
MolecuLA continuous OLS,train_std_unit,TPSA,29,token_entropy,,,0.0,0.0
MolecuLA continuous OLS,train_std_unit,TPSA,30,selfies_len_tokens,,,0.0,0.0
MolecuLA continuous OLS,train_std_unit,TPSA,30,branch_token_count,,,0.0,0.0
MolecuLA continuous OLS,train_std_unit,TPSA,30,ring_token_count,,,0.0,0.0
MolecuLA continuous OLS,train_std_unit,TPSA,30,token_entropy,,,0.0,0.0
MolecuLA continuous OLS,train_std_unit,TPSA,31,selfies_len_tokens,,,0.0,0.0
MolecuLA continuous OLS,train_std_unit,TPSA,31,branch_token_count,,,0.0,0.0
MolecuLA continuous OLS,train_std_unit,TPSA,31,ring_token_count,,,0.0,0.0
MolecuLA continuous OLS,train_std_unit,TPSA,31,token_entropy,,,0.0,0.0
MolecuLA continuous OLS,train_std_unit,TPSA,32,selfies_len_tokens,,,0.0,0.0
MolecuLA continuous OLS,train_std_unit,TPSA,32,branch_token_count,,,0.0,0.0
MolecuLA continuous OLS,train_std_unit,TPSA,32,ring_token_count,,,0.0,0.0
MolecuLA continuous OLS,train_std_unit,TPSA,32,token_entropy,,,0.0,0.0
MolecuLA continuous OLS,train_std_unit,TPSA,33,selfies_len_tokens,,,0.0,0.0
MolecuLA continuous OLS,train_std_unit,TPSA,33,branch_token_count,,,0.0,0.0
MolecuLA continuous OLS,train_std_unit,TPSA,33,ring_token_count,,,0.0,0.0
MolecuLA continuous OLS,train_std_unit,TPSA,33,token_entropy,,,0.0,0.0
MolecuLA continuous OLS,train_std_unit,TPSA,34,selfies_len_tokens,0.8581163303210331,-0.2152290161938318,0.004675324675324655,-0.0023587223587225744
MolecuLA continuous OLS,train_std_unit,TPSA,34,branch_token_count,0.5090097337879789,-0.4569156703644136,0.001645021645021646,-0.002932022932022996
MolecuLA continuous OLS,train_std_unit,TPSA,34,ring_token_count,,,0.0,0.0
MolecuLA continuous OLS,train_std_unit,TPSA,34,token_entropy,0.7857363383156608,0.121520765469183,7.90631901557626e-05,7.244671370887313e-05
MolecuLA continuous OLS,train_std_unit,TPSA,35,selfies_len_tokens,,,0.0,0.0
MolecuLA continuous OLS,train_std_unit,TPSA,35,branch_token_count,,,0.0,0.0
MolecuLA continuous OLS,train_std_unit,TPSA,35,ring_token_count,,,0.0,0.0
MolecuLA continuous OLS,train_std_unit,TPSA,35,token_entropy,,,0.0,0.0
MolecuLA continuous OLS,train_std_unit,TPSA,36,selfies_len_tokens,,,0.0,0.0
MolecuLA continuous OLS,train_std_unit,TPSA,36,branch_token_count,,,0.0,0.0
MolecuLA continuous OLS,train_std_unit,TPSA,36,ring_token_count,,,0.0,0.0
MolecuLA continuous OLS,train_std_unit,TPSA,36,token_entropy,,,0.0,0.0
MolecuLA continuous OLS,train_std_unit,TPSA,37,selfies_len_tokens,,,0.0,0.0
MolecuLA continuous OLS,train_std_unit,TPSA,37,branch_token_count,,,0.0,0.0
MolecuLA continuous OLS,train_std_unit,TPSA,37,ring_token_count,,,0.0,0.0
MolecuLA continuous OLS,train_std_unit,TPSA,37,token_entropy,,,0.0,0.0
MolecuLA continuous OLS,train_std_unit,TPSA,38,selfies_len_tokens,,,0.0,0.0
MolecuLA continuous OLS,train_std_unit,TPSA,38,branch_token_count,,,0.0,0.0
MolecuLA continuous OLS,train_std_unit,TPSA,38,ring_token_count,,,0.0,0.0
MolecuLA continuous OLS,train_std_unit,TPSA,38,token_entropy,,,0.0,0.0
MolecuLA continuous OLS,train_std_unit,TPSA,39,selfies_len_tokens,,,0.0,0.0
MolecuLA continuous OLS,train_std_unit,TPSA,39,branch_token_count,,,0.0,0.0
MolecuLA continuous OLS,train_std_unit,TPSA,39,ring_token_count,,,0.0,0.0
MolecuLA continuous OLS,train_std_unit,TPSA,39,token_entropy,,,0.0,0.0
MolecuLA continuous OLS,train_std_unit,TPSA,40,selfies_len_tokens,,,0.0,0.0
MolecuLA continuous OLS,train_std_unit,TPSA,40,branch_token_count,,,0.0,0.0
MolecuLA continuous OLS,train_std_unit,TPSA,40,ring_token_count,,,0.0,0.0
MolecuLA continuous OLS,train_std_unit,TPSA,40,token_entropy,,,0.0,0.0
MolecuLA continuous OLS,train_std_unit,TPSA,41,selfies_len_tokens,,,0.0,0.0
MolecuLA continuous OLS,train_std_unit,TPSA,41,branch_token_count,,,0.0,0.0
MolecuLA continuous OLS,train_std_unit,TPSA,41,ring_token_count,,,0.0,0.0
MolecuLA continuous OLS,train_std_unit,TPSA,41,token_entropy,,,0.0,0.0
MolecuLA continuous OLS,train_std_unit,TPSA,42,selfies_len_tokens,,,0.0,0.0
MolecuLA continuous OLS,train_std_unit,TPSA,42,branch_token_count,,,0.0,0.0
MolecuLA continuous OLS,train_std_unit,TPSA,42,ring_token_count,,,0.0,0.0
MolecuLA continuous OLS,train_std_unit,TPSA,42,token_entropy,,,0.0,0.0
MolecuLA continuous OLS,train_std_unit,TPSA,43,selfies_len_tokens,,,0.0,0.0
MolecuLA continuous OLS,train_std_unit,TPSA,43,branch_token_count,,,0.0,0.0
MolecuLA continuous OLS,train_std_unit,TPSA,43,ring_token_count,,,0.0,0.0
MolecuLA continuous OLS,train_std_unit,TPSA,43,token_entropy,,,0.0,0.0
MolecuLA continuous OLS,train_std_unit,TPSA,44,selfies_len_tokens,,,0.0,0.0
MolecuLA continuous OLS,train_std_unit,TPSA,44,branch_token_count,,,0.0,0.0
MolecuLA continuous OLS,train_std_unit,TPSA,44,ring_token_count,,,0.0,0.0
MolecuLA continuous OLS,train_std_unit,TPSA,44,token_entropy,,,0.0,0.0
MolecuLA continuous OLS,train_std_unit,TPSA,45,selfies_len_tokens,,,0.0,0.0
MolecuLA continuous OLS,train_std_unit,TPSA,45,branch_token_count,,,0.0,0.0
MolecuLA continuous OLS,train_std_unit,TPSA,45,ring_token_count,,,0.0,0.0
MolecuLA continuous OLS,train_std_unit,TPSA,45,token_entropy,,,0.0,0.0
MolecuLA continuous OLS,train_std_unit,TPSA,46,selfies_len_tokens,,,0.0,0.0
MolecuLA continuous OLS,train_std_unit,TPSA,46,branch_token_count,,,0.0,0.0
MolecuLA continuous OLS,train_std_unit,TPSA,46,ring_token_count,,,0.0,0.0
MolecuLA continuous OLS,train_std_unit,TPSA,46,token_entropy,,,0.0,0.0
MolecuLA continuous OLS,train_std_unit,TPSA,47,selfies_len_tokens,,,0.0,0.0
MolecuLA continuous OLS,train_std_unit,TPSA,47,branch_token_count,,,0.0,0.0
MolecuLA continuous OLS,train_std_unit,TPSA,47,ring_token_count,,,0.0,0.0
MolecuLA continuous OLS,train_std_unit,TPSA,47,token_entropy,,,0.0,0.0
MolecuLA continuous OLS,train_std_unit,TPSA,48,selfies_len_tokens,,,0.0,0.0
MolecuLA continuous OLS,train_std_unit,TPSA,48,branch_token_count,,,0.0,0.0
MolecuLA continuous OLS,train_std_unit,TPSA,48,ring_token_count,,,0.0,0.0
MolecuLA continuous OLS,train_std_unit,TPSA,48,token_entropy,,,0.0,0.0
MolecuLA continuous OLS,train_std_unit,TPSA,49,selfies_len_tokens,,,0.0,0.0
MolecuLA continuous OLS,train_std_unit,TPSA,49,branch_token_count,,,0.0,0.0
MolecuLA continuous OLS,train_std_unit,TPSA,49,ring_token_count,,,0.0,0.0
MolecuLA continuous OLS,train_std_unit,TPSA,49,token_entropy,,,0.0,0.0
MolecuLA continuous OLS,native_l2,cLogP,0,selfies_len_tokens,0.9970736402873381,-0.003920287696948918,0.43783549783549786,0.2780180180180178
MolecuLA continuous OLS,native_l2,cLogP,0,branch_token_count,0.5586001453520291,-0.6811860098315462,0.016969696969696968,-0.03636363636363641
MolecuLA continuous OLS,native_l2,cLogP,0,ring_token_count,0.9721841996117193,-0.03288456162375212,0.04735930735930736,0.012039312039312017
MolecuLA continuous OLS,native_l2,cLogP,0,token_entropy,-0.2873864588521904,-0.827790234778182,-0.0008569644516703408,-0.007731576710653285
MolecuLA continuous OLS,native_l2,cLogP,1,selfies_len_tokens,0.992831448793946,0.015420067012783131,0.4010389610389611,0.3020475020475018
MolecuLA continuous OLS,native_l2,cLogP,1,branch_token_count,0.9195543628439744,-0.11432518646647623,0.02510822510822511,-0.006420966420966445
MolecuLA continuous OLS,native_l2,cLogP,1,ring_token_count,0.9165682749241337,-0.045644762436451346,0.030216450216450214,0.0055200655200655065
MolecuLA continuous OLS,native_l2,cLogP,1,token_entropy,0.3320332358661614,-0.8626275873684799,0.001883831305497671,-0.008570046646830113
MolecuLA continuous OLS,native_l2,cLogP,2,selfies_len_tokens,0.9915225076199143,0.012483746696568397,0.4554978354978355,0.48116298116298123
MolecuLA continuous OLS,native_l2,cLogP,2,branch_token_count,0.6739598547517336,-0.4014901170968827,0.016017316017316017,-0.013808353808353836
MolecuLA continuous OLS,native_l2,cLogP,2,ring_token_count,0.7330097159547528,-0.29097177665598906,0.021125541125541127,-0.006126126126126148
MolecuLA continuous OLS,native_l2,cLogP,2,token_entropy,0.21714100197601455,-0.830058926432794,0.0018032549192785118,-0.011458452689616266
MolecuLA continuous OLS,native_l2,cLogP,3,selfies_len_tokens,0.9925180322239471,0.00881489159333416,0.4352380952380952,0.30488124488124463
MolecuLA continuous OLS,native_l2,cLogP,3,branch_token_count,0.9732652019228814,-0.013089016447793075,0.052987012987012985,0.0038984438984438464
MolecuLA continuous OLS,native_l2,cLogP,3,ring_token_count,0.9170014624004135,0.09762519027395292,0.03852813852813853,0.02717444717444715
MolecuLA continuous OLS,native_l2,cLogP,3,token_entropy,-0.13835661658583467,-0.7315117801896441,-0.0003495500230316748,-0.0036568092561992914
MolecuLA continuous OLS,native_l2,cLogP,4,selfies_len_tokens,0.9960971276137166,0.004572176024297442,0.3763636363636364,0.2196723996723995
MolecuLA continuous OLS,native_l2,cLogP,4,branch_token_count,0.6966169389434811,-0.5385484458125508,0.022857142857142857,-0.034234234234234315
MolecuLA continuous OLS,native_l2,cLogP,4,ring_token_count,0.9472447630940076,-0.05561172591475362,0.03567099567099567,-0.004815724815724835
MolecuLA continuous OLS,native_l2,cLogP,4,token_entropy,-0.06371916960976168,-0.8395319402360287,-0.0010641956736291561,-0.004232850392687153
MolecuLA continuous OLS,native_l2,cLogP,5,selfies_len_tokens,0.9833389815816961,-0.01313644838742446,0.498961038961039,0.2933824733824731
MolecuLA continuous OLS,native_l2,cLogP,5,branch_token_count,0.4537815192781896,-0.6440697080332909,0.019307359307359308,-0.05669123669123677
MolecuLA continuous OLS,native_l2,cLogP,5,ring_token_count,0.5727632920954995,-0.45595801512174056,0.029956709956709956,-0.03433251433251439
MolecuLA continuous OLS,native_l2,cLogP,5,token_entropy,-0.36623376623376624,-0.8117306906855449,-0.0036674992879695213,-0.007646743230559356
MolecuLA continuous OLS,native_l2,cLogP,6,selfies_len_tokens,0.9957721897066485,0.0003264774664197837,0.40632034632034636,0.2729402129402128
MolecuLA continuous OLS,native_l2,cLogP,6,branch_token_count,0.42397686908763343,-0.6939903882030438,0.00658008658008658,-0.027649467649467685
MolecuLA continuous OLS,native_l2,cLogP,6,ring_token_count,0.6754425107747203,-0.32566494261743845,0.019913419913419914,-0.014086814086814111
MolecuLA continuous OLS,native_l2,cLogP,6,token_entropy,-0.3670022928215803,-0.8214437406940281,-0.002983350847554217,-0.007460476698459406
MolecuLA continuous OLS,native_l2,cLogP,7,selfies_len_tokens,0.9869275424396534,0.026403934479377986,0.32207792207792213,0.2701064701064701
MolecuLA continuous OLS,native_l2,cLogP,7,branch_token_count,0.9027969847207665,-0.09459977186451018,0.024848484848484852,-0.005290745290745314
MolecuLA continuous OLS,native_l2,cLogP,7,ring_token_count,0.9690146875603377,0.04479766739658993,0.03471861471861472,0.01999999999999999
MolecuLA continuous OLS,native_l2,cLogP,7,token_entropy,0.1855423779786549,-0.8376648213582665,0.002372368333863398,-0.008329030363862627
MolecuLA continuous OLS,native_l2,cLogP,8,selfies_len_tokens,0.9970736402873381,-0.003920287696948918,0.44467532467532467,0.2910728910728911
MolecuLA continuous OLS,native_l2,cLogP,8,branch_token_count,0.3518868807193274,-0.7958133976178312,0.010562770562770564,-0.05369369369369375
MolecuLA continuous OLS,native_l2,cLogP,8,ring_token_count,0.49904053465976916,-0.5835652608114503,0.016796536796536796,-0.040950040950041
MolecuLA continuous OLS,native_l2,cLogP,8,token_entropy,-0.37268341950382167,-0.792823240905674,-0.0030254197713603186,-0.009235107746762216
MolecuLA continuous OLS,native_l2,cLogP,9,selfies_len_tokens,0.9954441676503463,0.004908381167922404,0.40354978354978355,0.3529402129402128
MolecuLA continuous OLS,native_l2,cLogP,9,branch_token_count,0.5954307633303534,-0.4751375043962457,0.020000000000000004,-0.031760851760851805
MolecuLA continuous OLS,native_l2,cLogP,9,ring_token_count,0.5652549184751984,-0.3699646824176684,0.0141991341991342,-0.004226044226044239
MolecuLA continuous OLS,native_l2,cLogP,9,token_entropy,0.16167007630284755,-0.9388491216573802,0.001653968229880176,-0.014176059732474927
MolecuLA continuous OLS,native_l2,cLogP,10,selfies_len_tokens,0.9964221709983889,-0.003922850814383215,0.42311688311688317,0.25462735462735453
MolecuLA continuous OLS,native_l2,cLogP,10,branch_token_count,0.5957930783724102,-0.6645625905532067,0.021558441558441558,-0.041162981162981234
MolecuLA continuous OLS,native_l2,cLogP,10,ring_token_count,0.8682606435521567,-0.18321404151550003,0.026493506493506493,-0.0023587223587223875
MolecuLA continuous OLS,native_l2,cLogP,10,token_entropy,-0.15934980415084868,-0.9585657126670248,-0.0016494793011349962,-0.006192021620309429
MolecuLA continuous OLS,native_l2,cLogP,11,selfies_len_tokens,0.9928333800100674,0.003601840611965797,0.4443290043290043,0.42915642915642915
MolecuLA continuous OLS,native_l2,cLogP,11,branch_token_count,0.4468989028553716,-0.6110027959465468,0.01038961038961039,-0.026863226863226886
MolecuLA continuous OLS,native_l2,cLogP,11,ring_token_count,0.7087374706538396,-0.34213414797942376,0.017575757575757578,-0.009516789516789536
MolecuLA continuous OLS,native_l2,cLogP,11,token_entropy,0.01563526209988209,-0.8931372549019609,-0.001245501074589075,-0.0088358121916108
MolecuLA continuous OLS,native_l2,cLogP,12,selfies_len_tokens,0.9964221709983889,-0.003922850814383215,0.4200865800865801,0.2836036036036033
MolecuLA continuous OLS,native_l2,cLogP,12,branch_token_count,0.5433647902149119,-0.5872006865418624,0.019393939393939394,-0.04104832104832113
MolecuLA continuous OLS,native_l2,cLogP,12,ring_token_count,0.6768257100647531,-0.2711512053608846,0.03220779220779221,-0.022899262899262935
MolecuLA continuous OLS,native_l2,cLogP,12,token_entropy,-0.3524060196784778,-0.6497077020008427,-0.0027756093288789922,-0.005513688173916718
MolecuLA continuous OLS,native_l2,cLogP,13,selfies_len_tokens,0.9702311951876524,0.04074989650543867,0.39359307359307355,0.36275184275184275
MolecuLA continuous OLS,native_l2,cLogP,13,branch_token_count,0.938858341653454,-0.052255009517926825,0.02943722943722944,0.0011793611793611625
MolecuLA continuous OLS,native_l2,cLogP,13,ring_token_count,0.9609399167193574,0.061687324668099515,0.028225108225108226,0.02257166257166257
MolecuLA continuous OLS,native_l2,cLogP,13,token_entropy,0.5519006401287415,-0.5280852251744633,0.003950034074582578,-0.006934153120193105
MolecuLA continuous OLS,native_l2,cLogP,14,selfies_len_tokens,0.998375303557358,0.0009787941245749062,0.3806926406926407,0.2474856674856673
MolecuLA continuous OLS,native_l2,cLogP,14,branch_token_count,0.9692272144903269,-0.008223862187309052,0.026320346320346317,-0.002915642915642934
MolecuLA continuous OLS,native_l2,cLogP,14,ring_token_count,0.9689358806530692,-0.037110466694474105,0.03428571428571429,-0.002424242424242448
MolecuLA continuous OLS,native_l2,cLogP,14,token_entropy,-0.012995454335312143,-0.9338362907954362,-2.6464104447569974e-05,-0.006088777113153371
MolecuLA continuous OLS,native_l2,cLogP,15,selfies_len_tokens,0.9973992153622314,-0.005225344027768505,0.44649350649350644,0.368009828009828
MolecuLA continuous OLS,native_l2,cLogP,15,branch_token_count,0.6508306892584169,-0.408693332948133,0.013766233766233765,-0.015970515970516
MolecuLA continuous OLS,native_l2,cLogP,15,ring_token_count,0.9010575796833196,-0.13818435581600172,0.028744588744588746,-0.0006224406224406467
MolecuLA continuous OLS,native_l2,cLogP,15,token_entropy,-0.006501956082628742,-0.9419457045072457,0.0003889318205521287,-0.009177995124676605
MolecuLA continuous OLS,native_l2,cLogP,16,selfies_len_tokens,0.9944660577139162,0.003925418965764273,0.44450216450216457,0.3168222768222766
MolecuLA continuous OLS,native_l2,cLogP,16,branch_token_count,0.47517707856294406,-0.7421703106002211,0.01012987012987013,-0.02891072891072896
MolecuLA continuous OLS,native_l2,cLogP,16,ring_token_count,0.8586865615582107,-0.14807856012804216,0.03913419913419913,-0.008484848484848505
MolecuLA continuous OLS,native_l2,cLogP,16,token_entropy,-0.07880203166216063,-0.9754982552574555,-0.000830383120322006,-0.008006565179072833
MolecuLA continuous OLS,native_l2,cLogP,17,selfies_len_tokens,0.9889002973284255,-0.01842145129957228,0.4051948051948052,0.3548566748566745
MolecuLA continuous OLS,native_l2,cLogP,17,branch_token_count,0.7035849293228538,-0.3430354632692255,0.03705627705627706,-0.006617526617526636
MolecuLA continuous OLS,native_l2,cLogP,17,ring_token_count,0.6751908472964693,-0.2934060179947853,0.028225108225108226,-0.020835380835380887
MolecuLA continuous OLS,native_l2,cLogP,17,token_entropy,-0.4226271453708682,-0.7397274438443329,-0.0032353648893633756,-0.006971225586603695
MolecuLA continuous OLS,native_l2,cLogP,18,selfies_len_tokens,0.9970736402873381,-0.0035935970555365077,0.4250216450216451,0.2764455364455364
MolecuLA continuous OLS,native_l2,cLogP,18,branch_token_count,0.6091669207609665,-0.64124914530425,0.017489177489177485,-0.031220311220311266
MolecuLA continuous OLS,native_l2,cLogP,18,ring_token_count,0.9323527973194984,-0.08363452264000709,0.0354978354978355,-0.00147420147420151
MolecuLA continuous OLS,native_l2,cLogP,18,token_entropy,-0.29964265135408724,-0.8819716483305859,-0.0019031693937138678,-0.005959608079236086
MolecuLA continuous OLS,native_l2,cLogP,19,selfies_len_tokens,0.996747958867483,-0.005228758169934641,0.4351515151515152,0.2962162162162161
MolecuLA continuous OLS,native_l2,cLogP,19,branch_token_count,0.8430211918866349,-0.2911074411294338,0.021385281385281386,-0.01944307944307951
MolecuLA continuous OLS,native_l2,cLogP,19,ring_token_count,0.7755784823544378,-0.36709435363634824,0.036277056277056276,-0.03090909090909097
MolecuLA continuous OLS,native_l2,cLogP,19,token_entropy,-0.25691090873300093,-0.8835248297829487,-0.0019417562192856918,-0.00740430251650524
MolecuLA continuous OLS,native_l2,cLogP,20,selfies_len_tokens,0.9918507668539125,-0.027878174213335695,0.45290043290043297,0.3235217035217033
MolecuLA continuous OLS,native_l2,cLogP,20,branch_token_count,0.07690348324039045,-0.8091319623544853,-0.003030303030303035,-0.0570188370188371
MolecuLA continuous OLS,native_l2,cLogP,20,ring_token_count,0.35924271165692667,-0.5060934033895451,0.014805194805194804,-0.02979524979524982
MolecuLA continuous OLS,native_l2,cLogP,20,token_entropy,-0.3851900170676055,-0.760837419484552,-0.004624738448651238,-0.008633679699136802
MolecuLA continuous OLS,native_l2,cLogP,21,selfies_len_tokens,0.9918576221526992,-0.004252537212911295,0.48303030303030303,0.29223587223587205
MolecuLA continuous OLS,native_l2,cLogP,21,branch_token_count,0.5516004978266655,-0.7313498160333712,0.014025974025974027,-0.033808353808353855
MolecuLA continuous OLS,native_l2,cLogP,21,ring_token_count,0.7157546385100169,-0.4282940195561462,0.02995670995670996,-0.03954135954135958
MolecuLA continuous OLS,native_l2,cLogP,21,token_entropy,-0.5904514764156044,-0.48387304836597844,-0.0018503674041794964,-0.005735899563792958
MolecuLA continuous OLS,native_l2,cLogP,22,selfies_len_tokens,0.9944652024887743,-0.011791711309319478,0.48891774891774886,0.31857493857493846
MolecuLA continuous OLS,native_l2,cLogP,22,branch_token_count,0.4515466317811309,-0.7103272100667635,0.013766233766233765,-0.04204750204750212
MolecuLA continuous OLS,native_l2,cLogP,22,ring_token_count,0.39109766994977874,-0.6247695089978789,0.016623376623376623,-0.04212940212940218
MolecuLA continuous OLS,native_l2,cLogP,22,token_entropy,-0.41742558050476525,-0.7384228099045721,-0.003380885242743548,-0.00695814757965848
MolecuLA continuous OLS,native_l2,cLogP,23,selfies_len_tokens,0.996747958867483,0.0026143790849673205,0.3990476190476191,0.2785094185094184
MolecuLA continuous OLS,native_l2,cLogP,23,branch_token_count,0.8215078766699813,-0.30453389966884675,0.023376623376623377,-0.017493857493857526
MolecuLA continuous OLS,native_l2,cLogP,23,ring_token_count,0.9180008995650342,0.01312823269124586,0.029004329004329,0.012792792792792782
MolecuLA continuous OLS,native_l2,cLogP,23,token_entropy,0.38932423680588407,-0.7831484361618047,0.0012657409061201973,-0.0065740550012078885
MolecuLA continuous OLS,native_l2,cLogP,24,selfies_len_tokens,0.9951179529381129,0.000981998041897857,0.44398268398268403,0.4037674037674037
MolecuLA continuous OLS,native_l2,cLogP,24,branch_token_count,0.18246363530367482,-0.7768356192028102,0.004329004329004329,-0.024275184275184297
MolecuLA continuous OLS,native_l2,cLogP,24,ring_token_count,0.5935396616808296,-0.4023211454885872,0.016536796536796537,-0.012792792792792803
MolecuLA continuous OLS,native_l2,cLogP,24,token_entropy,-0.12186458206455116,-0.8058189381212186,-0.002343077188194354,-0.006169103129020875
MolecuLA continuous OLS,native_l2,cLogP,25,selfies_len_tokens,0.9895696279390284,0.0,0.4715151515151515,0.3108271908271908
MolecuLA continuous OLS,native_l2,cLogP,25,branch_token_count,0.583334220931295,-0.6651626401910129,0.016103896103896106,-0.035773955773955826
MolecuLA continuous OLS,native_l2,cLogP,25,ring_token_count,0.8846236569237598,-0.19219541281193786,0.04225108225108224,-0.0033742833742833934
MolecuLA continuous OLS,native_l2,cLogP,25,token_entropy,-0.26926864864674027,-0.8137041822299387,-0.001720481509274728,-0.00576737202644541
MolecuLA continuous OLS,native_l2,cLogP,26,selfies_len_tokens,0.9970736402873381,-0.003920287696948918,0.45930735930735933,0.34871416871416866
MolecuLA continuous OLS,native_l2,cLogP,26,branch_token_count,0.7477378904816532,-0.4444522252664695,0.019567099567099566,-0.02371826371826375
MolecuLA continuous OLS,native_l2,cLogP,26,ring_token_count,0.8301632421590868,-0.24860859805023716,0.028658008658008664,-0.004602784602784617
MolecuLA continuous OLS,native_l2,cLogP,26,token_entropy,0.0773984763018408,-0.9389898301755268,0.001092968392783041,-0.011981985377501237
MolecuLA continuous OLS,native_l2,cLogP,27,selfies_len_tokens,0.996747958867483,-0.0026143790849673205,0.44848484848484843,0.29428337428337414
MolecuLA continuous OLS,native_l2,cLogP,27,branch_token_count,0.49313860980833957,-0.6542904756223082,0.018095238095238098,-0.0451269451269452
MolecuLA continuous OLS,native_l2,cLogP,27,ring_token_count,0.5418091029094264,-0.5243560680872105,0.018874458874458874,-0.02778050778050781
MolecuLA continuous OLS,native_l2,cLogP,27,token_entropy,-0.3838654026513035,-0.761097254308076,-0.0027645189770156295,-0.005781059791762681
MolecuLA continuous OLS,native_l2,cLogP,28,selfies_len_tokens,0.991536204834189,0.015686274509803925,0.36865800865800863,0.3453890253890252
MolecuLA continuous OLS,native_l2,cLogP,28,branch_token_count,0.8807387805346241,-0.17360227104982198,0.02077922077922078,-0.005995085995086017
MolecuLA continuous OLS,native_l2,cLogP,28,ring_token_count,0.9263294201456037,-0.010036195573796255,0.020346320346320345,0.00748566748566748
MolecuLA continuous OLS,native_l2,cLogP,28,token_entropy,0.1255286212290359,-0.7393158287622459,0.00015707186228892283,-0.0045005771248350455
MolecuLA continuous OLS,native_l2,cLogP,29,selfies_len_tokens,0.9905431191718373,0.011479248205491168,0.40190476190476193,0.33379197379197373
MolecuLA continuous OLS,native_l2,cLogP,29,branch_token_count,0.904256061024355,-0.10331886970395798,0.025454545454545455,-0.007108927108927128
MolecuLA continuous OLS,native_l2,cLogP,29,ring_token_count,0.927792418632861,-0.02568928319152857,0.034372294372294374,0.011220311220311195
MolecuLA continuous OLS,native_l2,cLogP,29,token_entropy,0.27843731984052117,-0.9229557804797683,0.00208403226554723,-0.008037412739190805
MolecuLA continuous OLS,native_l2,cLogP,30,selfies_len_tokens,0.993813948823612,-0.0055610102014993865,0.4957575757575758,0.36262080262080254
MolecuLA continuous OLS,native_l2,cLogP,30,branch_token_count,0.7780867890458593,-0.48508837799237875,0.02753246753246753,-0.0317444717444718
MolecuLA continuous OLS,native_l2,cLogP,30,ring_token_count,0.914346117002015,-0.13245918910880783,0.04103896103896104,-0.011957411957412015
MolecuLA continuous OLS,native_l2,cLogP,30,token_entropy,-0.3742690848569897,-0.7363128031088622,-0.001353249178780075,-0.006244316669139953
MolecuLA continuous OLS,native_l2,cLogP,31,selfies_len_tokens,0.9947916312526909,-0.010478081780264136,0.5034632034632035,0.3745945945945945
MolecuLA continuous OLS,native_l2,cLogP,31,branch_token_count,0.17789031506260541,-0.9009148712797158,0.010995670995670996,-0.08129402129402138
MolecuLA continuous OLS,native_l2,cLogP,31,ring_token_count,0.38337545044137383,-0.5336855869511534,0.012121212121212121,-0.01510237510237513
MolecuLA continuous OLS,native_l2,cLogP,31,token_entropy,-0.061788699568696426,-0.9357271830936104,-0.0017241624330405305,-0.011970200131565687
MolecuLA continuous OLS,native_l2,cLogP,32,selfies_len_tokens,0.992831448793946,0.015420067012783131,0.3948917748917749,0.3334807534807533
MolecuLA continuous OLS,native_l2,cLogP,32,branch_token_count,0.9018280569074572,-0.15024351316737164,0.029956709956709952,-0.004226044226044259
MolecuLA continuous OLS,native_l2,cLogP,32,ring_token_count,0.9653404949853479,0.0676002049175321,0.03151515151515151,0.014545454545454535
MolecuLA continuous OLS,native_l2,cLogP,32,token_entropy,0.30196723419324123,-0.8711522233515967,0.0022030114535790844,-0.007897015628535212
MolecuLA continuous OLS,native_l2,cLogP,33,selfies_len_tokens,0.9875852749634714,0.03331276616734229,0.38389610389610396,0.36999180999180986
MolecuLA continuous OLS,native_l2,cLogP,33,branch_token_count,0.8628978809373019,-0.1707323047646831,0.022337662337662333,-0.003963963963963976
MolecuLA continuous OLS,native_l2,cLogP,33,ring_token_count,0.9249613790552571,0.0372522118377862,0.021125541125541127,0.010679770679770672
MolecuLA continuous OLS,native_l2,cLogP,33,token_entropy,0.3063908704126546,-0.8427078322922564,0.0033509685982744224,-0.01024351669678707
MolecuLA continuous OLS,native_l2,cLogP,34,selfies_len_tokens,0.9780482086535326,-0.027055016005249653,0.5291774891774892,0.2832104832104828
MolecuLA continuous OLS,native_l2,cLogP,34,branch_token_count,0.263985171757209,-0.837127766065525,0.006839826839826838,-0.05734643734643745
MolecuLA continuous OLS,native_l2,cLogP,34,ring_token_count,0.30624432284640235,-0.5361958146125502,0.012294372294372295,-0.038034398034398086
MolecuLA continuous OLS,native_l2,cLogP,34,token_entropy,-0.387012987012987,-0.8345321145812064,-0.0038424544750279024,-0.008015108127339075
MolecuLA continuous OLS,native_l2,cLogP,35,selfies_len_tokens,0.9895732649577822,-0.0009816762335844809,0.4655411255411256,0.32784602784602773
MolecuLA continuous OLS,native_l2,cLogP,35,branch_token_count,0.5391664677406157,-0.6415628971812279,0.013679653679653679,-0.03629811629811634
MolecuLA continuous OLS,native_l2,cLogP,35,ring_token_count,0.858315020628038,-0.12804812381463376,0.0361038961038961,-0.0034561834561835014
MolecuLA continuous OLS,native_l2,cLogP,35,token_entropy,-0.3365822672845845,-0.8908113726854895,-0.0026694513689377143,-0.0065578965325934395
MolecuLA continuous OLS,native_l2,cLogP,36,selfies_len_tokens,0.9944652024887743,-0.009171331018359595,0.49826839826839836,0.36535626535626525
MolecuLA continuous OLS,native_l2,cLogP,36,branch_token_count,0.5214259901133785,-0.6966132896611904,0.014632034632034632,-0.03428337428337433
MolecuLA continuous OLS,native_l2,cLogP,36,ring_token_count,0.827632191695769,-0.299641716363802,0.03809523809523809,-0.027289107289107342
MolecuLA continuous OLS,native_l2,cLogP,36,token_entropy,-0.13593513905113214,-0.9481252420048926,-0.001352320985186461,-0.008907482355916728
MolecuLA continuous OLS,native_l2,cLogP,37,selfies_len_tokens,0.9925120774562108,0.003922850814383215,0.44502164502164504,0.28497952497952483
MolecuLA continuous OLS,native_l2,cLogP,37,branch_token_count,0.6349073828163323,-0.44648675901510554,0.016883116883116885,-0.02910728910728914
MolecuLA continuous OLS,native_l2,cLogP,37,ring_token_count,0.6924925159010724,-0.43290410553994846,0.02753246753246753,-0.036199836199836265
MolecuLA continuous OLS,native_l2,cLogP,37,token_entropy,-0.19447180180042348,-0.8417629471344193,-0.0013131174272648617,-0.009499371718138874
MolecuLA continuous OLS,native_l2,cLogP,38,selfies_len_tokens,0.9957711273673024,0.005880431545423375,0.38354978354978353,0.22355446355446343
MolecuLA continuous OLS,native_l2,cLogP,38,branch_token_count,0.711062030029118,-0.3956627820004138,0.02233766233766234,-0.028992628992629034
MolecuLA continuous OLS,native_l2,cLogP,38,ring_token_count,0.9250800831134353,-0.11419701662330979,0.030909090909090914,-0.0127272727272728
MolecuLA continuous OLS,native_l2,cLogP,38,token_entropy,0.022764257735835524,-0.8721055649962415,0.0011255851115289416,-0.008452664074235125
MolecuLA continuous OLS,native_l2,cLogP,39,selfies_len_tokens,0.9934861304242754,0.007531121279564849,0.38943722943722947,0.34083538083538084
MolecuLA continuous OLS,native_l2,cLogP,39,branch_token_count,0.636817820245396,-0.47884027375089316,0.01627705627705628,-0.021523341523341562
MolecuLA continuous OLS,native_l2,cLogP,39,ring_token_count,0.7421410875563591,-0.2756280814360428,0.02034632034632035,-0.005716625716625739
MolecuLA continuous OLS,native_l2,cLogP,39,token_entropy,0.1885830087863047,-0.9004922044203347,0.00022386221184323828,-0.008216979766891522
MolecuLA continuous OLS,native_l2,cLogP,40,selfies_len_tokens,0.9938120233033698,0.006227493499188051,0.45194805194805193,0.3800819000818999
MolecuLA continuous OLS,native_l2,cLogP,40,branch_token_count,0.6485062137373561,-0.5306140304046311,0.020086580086580083,-0.0326617526617527
MolecuLA continuous OLS,native_l2,cLogP,40,ring_token_count,0.7351670074211089,-0.288339155544298,0.025108225108225107,-0.012088452088452113
MolecuLA continuous OLS,native_l2,cLogP,40,token_entropy,-0.05155037264400716,-0.9679227366306541,-0.0005326914685733075,-0.008926671932263427
MolecuLA continuous OLS,native_l2,cLogP,41,selfies_len_tokens,0.9957702754945247,0.001308472988588091,0.45584415584415583,0.30337428337428307
MolecuLA continuous OLS,native_l2,cLogP,41,branch_token_count,0.7687714503955285,-0.47801872379616556,0.028484848484848488,-0.031760851760851846
MolecuLA continuous OLS,native_l2,cLogP,41,ring_token_count,0.8892903745693282,-0.1716006372700422,0.03168831168831169,-0.004226044226044248
MolecuLA continuous OLS,native_l2,cLogP,41,token_entropy,0.013676385660374985,-0.9572035793383605,0.00046797219300302154,-0.008708435933245237
MolecuLA continuous OLS,native_l2,cLogP,42,selfies_len_tokens,0.9977246841962694,-0.0016323873320989181,0.4458874458874459,0.286289926289926
MolecuLA continuous OLS,native_l2,cLogP,42,branch_token_count,0.36286298495321095,-0.7882146415578335,0.012294372294372295,-0.051138411138411215
MolecuLA continuous OLS,native_l2,cLogP,42,ring_token_count,0.7199885144492187,-0.397252567914073,0.02554112554112554,-0.022948402948403
MolecuLA continuous OLS,native_l2,cLogP,42,token_entropy,-0.14225398606712583,-0.9543866388309435,-0.001811248878705287,-0.009621852360085009
MolecuLA continuous OLS,native_l2,cLogP,43,selfies_len_tokens,0.9908673886137247,0.015121895238356211,0.44155844155844154,0.3677641277641277
MolecuLA continuous OLS,native_l2,cLogP,43,branch_token_count,0.5041740381189811,-0.5616904907523166,0.017056277056277058,-0.035462735462735526
MolecuLA continuous OLS,native_l2,cLogP,43,ring_token_count,0.5500073334800032,-0.4688643306579392,0.014891774891774895,-0.014152334152334172
MolecuLA continuous OLS,native_l2,cLogP,43,token_entropy,-0.10231411435366061,-0.943772525093695,-0.0019258764200966413,-0.009384194938924582
MolecuLA continuous OLS,native_l2,cLogP,44,selfies_len_tokens,0.9951179529381129,-0.01178397650277428,0.4595670995670996,0.2734479934479933
MolecuLA continuous OLS,native_l2,cLogP,44,branch_token_count,0.3290873015543379,-0.9233984903949596,0.01662337662337662,-0.07839475839475853
MolecuLA continuous OLS,native_l2,cLogP,44,ring_token_count,0.6960379216904632,-0.34882315933997443,0.023376623376623377,-0.01870597870597874
MolecuLA continuous OLS,native_l2,cLogP,44,token_entropy,-0.8530566380408912,-0.16046997459056958,-0.0036899641853539596,-0.0030449726827519404
MolecuLA continuous OLS,native_l2,cLogP,45,selfies_len_tokens,0.9934861304242754,0.00229208038943278,0.43800865800865807,0.29462735462735457
MolecuLA continuous OLS,native_l2,cLogP,45,branch_token_count,0.20360148973375294,-0.9002947511255873,0.0047619047619047615,-0.04050778050778057
MolecuLA continuous OLS,native_l2,cLogP,45,ring_token_count,0.5642408886434761,-0.557164535254339,0.021298701298701303,-0.04144144144144149
MolecuLA continuous OLS,native_l2,cLogP,45,token_entropy,-0.3212793527156349,-0.8953906983829688,-0.0032934065760139085,-0.009062838032764087
MolecuLA continuous OLS,native_l2,cLogP,46,selfies_len_tokens,0.995773674101834,-0.0016313235409581772,0.33904761904761904,0.2476658476658474
MolecuLA continuous OLS,native_l2,cLogP,46,branch_token_count,0.5169864942974542,-0.5527613019543298,0.013679653679653677,-0.027583947583947655
MolecuLA continuous OLS,native_l2,cLogP,46,ring_token_count,0.6800107898221267,-0.4074794443404849,0.017402597402597402,-0.016363636363636396
MolecuLA continuous OLS,native_l2,cLogP,46,token_entropy,-0.4644365298538582,-0.6148609038832333,-0.002185066379373522,-0.004248511326174578
MolecuLA continuous OLS,native_l2,cLogP,47,selfies_len_tokens,0.9947924856376829,-0.013080447532669874,0.4762770562770563,0.3237182637182636
MolecuLA continuous OLS,native_l2,cLogP,47,branch_token_count,0.48669202185966787,-0.7516591830578455,0.01922077922077922,-0.04651924651924658
MolecuLA continuous OLS,native_l2,cLogP,47,ring_token_count,0.7712048270115708,-0.3627024018313641,0.022424242424242423,-0.018722358722358758
MolecuLA continuous OLS,native_l2,cLogP,47,token_entropy,-0.44314499283414405,-0.7027403291291311,-0.0030261021994904013,-0.007050008862145014
MolecuLA continuous OLS,native_l2,cLogP,48,selfies_len_tokens,0.9938128802129482,-0.009165315057713331,0.48389610389610394,0.3838329238329238
MolecuLA continuous OLS,native_l2,cLogP,48,branch_token_count,0.5039414045215526,-0.7067540324427948,0.009956709956709959,-0.028157248157248196
MolecuLA continuous OLS,native_l2,cLogP,48,ring_token_count,0.6200352292214071,-0.4327361308074563,0.024069264069264067,-0.02466830466830471
MolecuLA continuous OLS,native_l2,cLogP,48,token_entropy,-0.39922010347340475,-0.6320951438140728,-0.002627447606930059,-0.005151836079262585
MolecuLA continuous OLS,native_l2,cLogP,49,selfies_len_tokens,0.9964221709983889,0.0035959465798512803,0.37038961038961044,0.22116298116298086
MolecuLA continuous OLS,native_l2,cLogP,49,branch_token_count,0.3647263467660487,-0.70294451273037,0.008744588744588746,-0.037886977886977945
MolecuLA continuous OLS,native_l2,cLogP,49,ring_token_count,0.7834953164320121,-0.25025719618054376,0.02770562770562771,-0.011334971334971352
MolecuLA continuous OLS,native_l2,cLogP,49,token_entropy,-0.32182581155590634,-0.7375816993464054,-0.0017818818659296935,-0.006886044034424295
MolecuLA continuous OLS,train_std_unit,cLogP,0,selfies_len_tokens,,,0.0,0.0
MolecuLA continuous OLS,train_std_unit,cLogP,0,branch_token_count,,,0.0,0.0
MolecuLA continuous OLS,train_std_unit,cLogP,0,ring_token_count,,,0.0,0.0
MolecuLA continuous OLS,train_std_unit,cLogP,0,token_entropy,,,0.0,0.0
MolecuLA continuous OLS,train_std_unit,cLogP,1,selfies_len_tokens,,,0.0,0.0
MolecuLA continuous OLS,train_std_unit,cLogP,1,branch_token_count,,,0.0,0.0
MolecuLA continuous OLS,train_std_unit,cLogP,1,ring_token_count,,,0.0,0.0
MolecuLA continuous OLS,train_std_unit,cLogP,1,token_entropy,,,0.0,0.0
MolecuLA continuous OLS,train_std_unit,cLogP,2,selfies_len_tokens,,,0.0,0.0
MolecuLA continuous OLS,train_std_unit,cLogP,2,branch_token_count,,,0.0,0.0
MolecuLA continuous OLS,train_std_unit,cLogP,2,ring_token_count,,,0.0,0.0
MolecuLA continuous OLS,train_std_unit,cLogP,2,token_entropy,,,0.0,0.0
MolecuLA continuous OLS,train_std_unit,cLogP,3,selfies_len_tokens,0.3692744729379982,0.35195532247660055,0.0043290043290043125,0.008190008190007949
MolecuLA continuous OLS,train_std_unit,cLogP,3,branch_token_count,,,0.0,0.0
MolecuLA continuous OLS,train_std_unit,cLogP,3,ring_token_count,0.3692744729379982,0.35195532247660055,0.0017316017316017307,0.003276003276003259
MolecuLA continuous OLS,train_std_unit,cLogP,3,token_entropy,0.3692744729379982,0.35195532247660055,2.294408518918611e-05,4.340772873628661e-05
MolecuLA continuous OLS,train_std_unit,cLogP,4,selfies_len_tokens,,,0.0,0.0
MolecuLA continuous OLS,train_std_unit,cLogP,4,branch_token_count,,,0.0,0.0
MolecuLA continuous OLS,train_std_unit,cLogP,4,ring_token_count,,,0.0,0.0
MolecuLA continuous OLS,train_std_unit,cLogP,4,token_entropy,,,0.0,0.0
MolecuLA continuous OLS,train_std_unit,cLogP,5,selfies_len_tokens,0.8827348295047495,0.11512993512021241,0.006406926406926388,-0.0009172809172810934
MolecuLA continuous OLS,train_std_unit,cLogP,5,branch_token_count,,,0.0,0.0
MolecuLA continuous OLS,train_std_unit,cLogP,5,ring_token_count,0.3692744729379982,-0.35195532247660055,0.0017316017316017255,-0.003276003276003327
MolecuLA continuous OLS,train_std_unit,cLogP,5,token_entropy,-0.5737776391780872,-0.4095968845622941,-6.732817123747845e-05,-0.00010233661291179727
MolecuLA continuous OLS,train_std_unit,cLogP,6,selfies_len_tokens,0.7385489458759964,-0.509409019374027,0.00346320346320343,-0.004750204750205044
MolecuLA continuous OLS,train_std_unit,cLogP,6,branch_token_count,,,0.0,0.0
MolecuLA continuous OLS,train_std_unit,cLogP,6,ring_token_count,,,0.0,0.0
MolecuLA continuous OLS,train_std_unit,cLogP,6,token_entropy,-0.7385489458759964,0.509409019374027,-8.340066334029945e-05,0.00011439415309512577
MolecuLA continuous OLS,train_std_unit,cLogP,7,selfies_len_tokens,,,0.0,0.0
MolecuLA continuous OLS,train_std_unit,cLogP,7,branch_token_count,,,0.0,0.0
MolecuLA continuous OLS,train_std_unit,cLogP,7,ring_token_count,,,0.0,0.0
MolecuLA continuous OLS,train_std_unit,cLogP,7,token_entropy,,,0.0,0.0
MolecuLA continuous OLS,train_std_unit,cLogP,8,selfies_len_tokens,,,0.0,0.0
MolecuLA continuous OLS,train_std_unit,cLogP,8,branch_token_count,,,0.0,0.0
MolecuLA continuous OLS,train_std_unit,cLogP,8,ring_token_count,,,0.0,0.0
MolecuLA continuous OLS,train_std_unit,cLogP,8,token_entropy,,,0.0,0.0
MolecuLA continuous OLS,train_std_unit,cLogP,9,selfies_len_tokens,,,0.0,0.0
MolecuLA continuous OLS,train_std_unit,cLogP,9,branch_token_count,,,0.0,0.0
MolecuLA continuous OLS,train_std_unit,cLogP,9,ring_token_count,,,0.0,0.0
MolecuLA continuous OLS,train_std_unit,cLogP,9,token_entropy,,,0.0,0.0
MolecuLA continuous OLS,train_std_unit,cLogP,10,selfies_len_tokens,,,0.0,0.0
MolecuLA continuous OLS,train_std_unit,cLogP,10,branch_token_count,,,0.0,0.0
MolecuLA continuous OLS,train_std_unit,cLogP,10,ring_token_count,,,0.0,0.0
MolecuLA continuous OLS,train_std_unit,cLogP,10,token_entropy,,,0.0,0.0
MolecuLA continuous OLS,train_std_unit,cLogP,11,selfies_len_tokens,,,0.0,0.0
MolecuLA continuous OLS,train_std_unit,cLogP,11,branch_token_count,,,0.0,0.0
MolecuLA continuous OLS,train_std_unit,cLogP,11,ring_token_count,,,0.0,0.0
MolecuLA continuous OLS,train_std_unit,cLogP,11,token_entropy,,,0.0,0.0
MolecuLA continuous OLS,train_std_unit,cLogP,12,selfies_len_tokens,,,0.0,0.0
MolecuLA continuous OLS,train_std_unit,cLogP,12,branch_token_count,,,0.0,0.0
MolecuLA continuous OLS,train_std_unit,cLogP,12,ring_token_count,,,0.0,0.0
MolecuLA continuous OLS,train_std_unit,cLogP,12,token_entropy,,,0.0,0.0
MolecuLA continuous OLS,train_std_unit,cLogP,13,selfies_len_tokens,,,0.0,0.0
MolecuLA continuous OLS,train_std_unit,cLogP,13,branch_token_count,,,0.0,0.0
MolecuLA continuous OLS,train_std_unit,cLogP,13,ring_token_count,,,0.0,0.0
MolecuLA continuous OLS,train_std_unit,cLogP,13,token_entropy,,,0.0,0.0
MolecuLA continuous OLS,train_std_unit,cLogP,14,selfies_len_tokens,,,0.0,0.0
MolecuLA continuous OLS,train_std_unit,cLogP,14,branch_token_count,,,0.0,0.0
MolecuLA continuous OLS,train_std_unit,cLogP,14,ring_token_count,,,0.0,0.0
MolecuLA continuous OLS,train_std_unit,cLogP,14,token_entropy,,,0.0,0.0
MolecuLA continuous OLS,train_std_unit,cLogP,15,selfies_len_tokens,,,0.0,0.0
MolecuLA continuous OLS,train_std_unit,cLogP,15,branch_token_count,,,0.0,0.0
MolecuLA continuous OLS,train_std_unit,cLogP,15,ring_token_count,,,0.0,0.0
MolecuLA continuous OLS,train_std_unit,cLogP,15,token_entropy,,,0.0,0.0
MolecuLA continuous OLS,train_std_unit,cLogP,16,selfies_len_tokens,,,0.0,0.0
MolecuLA continuous OLS,train_std_unit,cLogP,16,branch_token_count,,,0.0,0.0
MolecuLA continuous OLS,train_std_unit,cLogP,16,ring_token_count,,,0.0,0.0
MolecuLA continuous OLS,train_std_unit,cLogP,16,token_entropy,,,0.0,0.0
MolecuLA continuous OLS,train_std_unit,cLogP,17,selfies_len_tokens,,,0.0,0.0
MolecuLA continuous OLS,train_std_unit,cLogP,17,branch_token_count,,,0.0,0.0
MolecuLA continuous OLS,train_std_unit,cLogP,17,ring_token_count,,,0.0,0.0
MolecuLA continuous OLS,train_std_unit,cLogP,17,token_entropy,,,0.0,0.0
MolecuLA continuous OLS,train_std_unit,cLogP,18,selfies_len_tokens,,,0.0,0.0
MolecuLA continuous OLS,train_std_unit,cLogP,18,branch_token_count,,,0.0,0.0
MolecuLA continuous OLS,train_std_unit,cLogP,18,ring_token_count,,,0.0,0.0
MolecuLA continuous OLS,train_std_unit,cLogP,18,token_entropy,,,0.0,0.0
MolecuLA continuous OLS,train_std_unit,cLogP,19,selfies_len_tokens,,,0.0,0.0
MolecuLA continuous OLS,train_std_unit,cLogP,19,branch_token_count,,,0.0,0.0
MolecuLA continuous OLS,train_std_unit,cLogP,19,ring_token_count,,,0.0,0.0
MolecuLA continuous OLS,train_std_unit,cLogP,19,token_entropy,,,0.0,0.0
MolecuLA continuous OLS,train_std_unit,cLogP,20,selfies_len_tokens,0.6083829962530759,0.5123878215470804,0.003203463203463194,0.005520065520065152
MolecuLA continuous OLS,train_std_unit,cLogP,20,branch_token_count,-0.3692744729379982,-0.35195532247660055,-0.0008658008658008659,-0.0016380016380017149
MolecuLA continuous OLS,train_std_unit,cLogP,20,ring_token_count,0.3692744729379982,0.35195532247660055,0.0017316017316017299,0.003276003276003253
MolecuLA continuous OLS,train_std_unit,cLogP,20,token_entropy,-0.16010078848765155,-0.0851302650219287,-1.0627164192354928e-05,-1.000499554050375e-05
MolecuLA continuous OLS,train_std_unit,cLogP,21,selfies_len_tokens,,,0.0,0.0
MolecuLA continuous OLS,train_std_unit,cLogP,21,branch_token_count,,,0.0,0.0
MolecuLA continuous OLS,train_std_unit,cLogP,21,ring_token_count,,,0.0,0.0
MolecuLA continuous OLS,train_std_unit,cLogP,21,token_entropy,,,0.0,0.0
MolecuLA continuous OLS,train_std_unit,cLogP,22,selfies_len_tokens,,,0.0,0.0
MolecuLA continuous OLS,train_std_unit,cLogP,22,branch_token_count,,,0.0,0.0
MolecuLA continuous OLS,train_std_unit,cLogP,22,ring_token_count,,,0.0,0.0
MolecuLA continuous OLS,train_std_unit,cLogP,22,token_entropy,,,0.0,0.0
MolecuLA continuous OLS,train_std_unit,cLogP,23,selfies_len_tokens,,,0.0,0.0
MolecuLA continuous OLS,train_std_unit,cLogP,23,branch_token_count,,,0.0,0.0
MolecuLA continuous OLS,train_std_unit,cLogP,23,ring_token_count,,,0.0,0.0
MolecuLA continuous OLS,train_std_unit,cLogP,23,token_entropy,,,0.0,0.0
MolecuLA continuous OLS,train_std_unit,cLogP,24,selfies_len_tokens,,,0.0,0.0
MolecuLA continuous OLS,train_std_unit,cLogP,24,branch_token_count,,,0.0,0.0
MolecuLA continuous OLS,train_std_unit,cLogP,24,ring_token_count,,,0.0,0.0
MolecuLA continuous OLS,train_std_unit,cLogP,24,token_entropy,,,0.0,0.0
MolecuLA continuous OLS,train_std_unit,cLogP,25,selfies_len_tokens,,,0.0,0.0
MolecuLA continuous OLS,train_std_unit,cLogP,25,branch_token_count,,,0.0,0.0
MolecuLA continuous OLS,train_std_unit,cLogP,25,ring_token_count,,,0.0,0.0
MolecuLA continuous OLS,train_std_unit,cLogP,25,token_entropy,,,0.0,0.0
MolecuLA continuous OLS,train_std_unit,cLogP,26,selfies_len_tokens,,,0.0,0.0
MolecuLA continuous OLS,train_std_unit,cLogP,26,branch_token_count,,,0.0,0.0
MolecuLA continuous OLS,train_std_unit,cLogP,26,ring_token_count,,,0.0,0.0
MolecuLA continuous OLS,train_std_unit,cLogP,26,token_entropy,,,0.0,0.0
MolecuLA continuous OLS,train_std_unit,cLogP,27,selfies_len_tokens,,,0.0,0.0
MolecuLA continuous OLS,train_std_unit,cLogP,27,branch_token_count,,,0.0,0.0
MolecuLA continuous OLS,train_std_unit,cLogP,27,ring_token_count,,,0.0,0.0
MolecuLA continuous OLS,train_std_unit,cLogP,27,token_entropy,,,0.0,0.0
MolecuLA continuous OLS,train_std_unit,cLogP,28,selfies_len_tokens,,,0.0,0.0
MolecuLA continuous OLS,train_std_unit,cLogP,28,branch_token_count,,,0.0,0.0
MolecuLA continuous OLS,train_std_unit,cLogP,28,ring_token_count,,,0.0,0.0
MolecuLA continuous OLS,train_std_unit,cLogP,28,token_entropy,,,0.0,0.0
MolecuLA continuous OLS,train_std_unit,cLogP,29,selfies_len_tokens,,,0.0,0.0
MolecuLA continuous OLS,train_std_unit,cLogP,29,branch_token_count,,,0.0,0.0
MolecuLA continuous OLS,train_std_unit,cLogP,29,ring_token_count,,,0.0,0.0
MolecuLA continuous OLS,train_std_unit,cLogP,29,token_entropy,,,0.0,0.0
MolecuLA continuous OLS,train_std_unit,cLogP,30,selfies_len_tokens,,,0.0,0.0
MolecuLA continuous OLS,train_std_unit,cLogP,30,branch_token_count,,,0.0,0.0
MolecuLA continuous OLS,train_std_unit,cLogP,30,ring_token_count,,,0.0,0.0
MolecuLA continuous OLS,train_std_unit,cLogP,30,token_entropy,,,0.0,0.0
MolecuLA continuous OLS,train_std_unit,cLogP,31,selfies_len_tokens,,,0.0,0.0
MolecuLA continuous OLS,train_std_unit,cLogP,31,branch_token_count,,,0.0,0.0
MolecuLA continuous OLS,train_std_unit,cLogP,31,ring_token_count,,,0.0,0.0
MolecuLA continuous OLS,train_std_unit,cLogP,31,token_entropy,,,0.0,0.0
MolecuLA continuous OLS,train_std_unit,cLogP,32,selfies_len_tokens,,,0.0,0.0
MolecuLA continuous OLS,train_std_unit,cLogP,32,branch_token_count,,,0.0,0.0
MolecuLA continuous OLS,train_std_unit,cLogP,32,ring_token_count,,,0.0,0.0
MolecuLA continuous OLS,train_std_unit,cLogP,32,token_entropy,,,0.0,0.0
MolecuLA continuous OLS,train_std_unit,cLogP,33,selfies_len_tokens,,,0.0,0.0
MolecuLA continuous OLS,train_std_unit,cLogP,33,branch_token_count,,,0.0,0.0
MolecuLA continuous OLS,train_std_unit,cLogP,33,ring_token_count,,,0.0,0.0
MolecuLA continuous OLS,train_std_unit,cLogP,33,token_entropy,,,0.0,0.0
MolecuLA continuous OLS,train_std_unit,cLogP,34,selfies_len_tokens,-0.8581163303210331,-0.2152290161938318,-0.004675324675324724,-0.0023587223587225744
MolecuLA continuous OLS,train_std_unit,cLogP,34,branch_token_count,,,0.0,0.0
MolecuLA continuous OLS,train_std_unit,cLogP,34,ring_token_count,,,0.0,0.0
MolecuLA continuous OLS,train_std_unit,cLogP,34,token_entropy,-0.7598971042335642,0.21550127888451873,-7.747126505223287e-05,7.528409941971749e-05
MolecuLA continuous OLS,train_std_unit,cLogP,35,selfies_len_tokens,,,0.0,0.0
MolecuLA continuous OLS,train_std_unit,cLogP,35,branch_token_count,,,0.0,0.0
MolecuLA continuous OLS,train_std_unit,cLogP,35,ring_token_count,,,0.0,0.0
MolecuLA continuous OLS,train_std_unit,cLogP,35,token_entropy,,,0.0,0.0
MolecuLA continuous OLS,train_std_unit,cLogP,36,selfies_len_tokens,,,0.0,0.0
MolecuLA continuous OLS,train_std_unit,cLogP,36,branch_token_count,,,0.0,0.0
MolecuLA continuous OLS,train_std_unit,cLogP,36,ring_token_count,,,0.0,0.0
MolecuLA continuous OLS,train_std_unit,cLogP,36,token_entropy,,,0.0,0.0
MolecuLA continuous OLS,train_std_unit,cLogP,37,selfies_len_tokens,,,0.0,0.0
MolecuLA continuous OLS,train_std_unit,cLogP,37,branch_token_count,,,0.0,0.0
MolecuLA continuous OLS,train_std_unit,cLogP,37,ring_token_count,,,0.0,0.0
MolecuLA continuous OLS,train_std_unit,cLogP,37,token_entropy,,,0.0,0.0
MolecuLA continuous OLS,train_std_unit,cLogP,38,selfies_len_tokens,,,0.0,0.0
MolecuLA continuous OLS,train_std_unit,cLogP,38,branch_token_count,,,0.0,0.0
MolecuLA continuous OLS,train_std_unit,cLogP,38,ring_token_count,,,0.0,0.0
MolecuLA continuous OLS,train_std_unit,cLogP,38,token_entropy,,,0.0,0.0
MolecuLA continuous OLS,train_std_unit,cLogP,39,selfies_len_tokens,,,0.0,0.0
MolecuLA continuous OLS,train_std_unit,cLogP,39,branch_token_count,,,0.0,0.0
MolecuLA continuous OLS,train_std_unit,cLogP,39,ring_token_count,,,0.0,0.0
MolecuLA continuous OLS,train_std_unit,cLogP,39,token_entropy,,,0.0,0.0
MolecuLA continuous OLS,train_std_unit,cLogP,40,selfies_len_tokens,,,0.0,0.0
MolecuLA continuous OLS,train_std_unit,cLogP,40,branch_token_count,,,0.0,0.0
MolecuLA continuous OLS,train_std_unit,cLogP,40,ring_token_count,,,0.0,0.0
MolecuLA continuous OLS,train_std_unit,cLogP,40,token_entropy,,,0.0,0.0
MolecuLA continuous OLS,train_std_unit,cLogP,41,selfies_len_tokens,,,0.0,0.0
MolecuLA continuous OLS,train_std_unit,cLogP,41,branch_token_count,,,0.0,0.0
MolecuLA continuous OLS,train_std_unit,cLogP,41,ring_token_count,,,0.0,0.0
MolecuLA continuous OLS,train_std_unit,cLogP,41,token_entropy,,,0.0,0.0
MolecuLA continuous OLS,train_std_unit,cLogP,42,selfies_len_tokens,,,0.0,0.0
MolecuLA continuous OLS,train_std_unit,cLogP,42,branch_token_count,,,0.0,0.0
MolecuLA continuous OLS,train_std_unit,cLogP,42,ring_token_count,,,0.0,0.0
MolecuLA continuous OLS,train_std_unit,cLogP,42,token_entropy,,,0.0,0.0
MolecuLA continuous OLS,train_std_unit,cLogP,43,selfies_len_tokens,,,0.0,0.0
MolecuLA continuous OLS,train_std_unit,cLogP,43,branch_token_count,,,0.0,0.0
MolecuLA continuous OLS,train_std_unit,cLogP,43,ring_token_count,,,0.0,0.0
MolecuLA continuous OLS,train_std_unit,cLogP,43,token_entropy,,,0.0,0.0
MolecuLA continuous OLS,train_std_unit,cLogP,44,selfies_len_tokens,,,0.0,0.0
MolecuLA continuous OLS,train_std_unit,cLogP,44,branch_token_count,,,0.0,0.0
MolecuLA continuous OLS,train_std_unit,cLogP,44,ring_token_count,,,0.0,0.0
MolecuLA continuous OLS,train_std_unit,cLogP,44,token_entropy,,,0.0,0.0
MolecuLA continuous OLS,train_std_unit,cLogP,45,selfies_len_tokens,,,0.0,0.0
MolecuLA continuous OLS,train_std_unit,cLogP,45,branch_token_count,,,0.0,0.0
MolecuLA continuous OLS,train_std_unit,cLogP,45,ring_token_count,,,0.0,0.0
MolecuLA continuous OLS,train_std_unit,cLogP,45,token_entropy,,,0.0,0.0
MolecuLA continuous OLS,train_std_unit,cLogP,46,selfies_len_tokens,,,0.0,0.0
MolecuLA continuous OLS,train_std_unit,cLogP,46,branch_token_count,,,0.0,0.0
MolecuLA continuous OLS,train_std_unit,cLogP,46,ring_token_count,,,0.0,0.0
MolecuLA continuous OLS,train_std_unit,cLogP,46,token_entropy,,,0.0,0.0
MolecuLA continuous OLS,train_std_unit,cLogP,47,selfies_len_tokens,,,0.0,0.0
MolecuLA continuous OLS,train_std_unit,cLogP,47,branch_token_count,,,0.0,0.0
MolecuLA continuous OLS,train_std_unit,cLogP,47,ring_token_count,,,0.0,0.0
MolecuLA continuous OLS,train_std_unit,cLogP,47,token_entropy,,,0.0,0.0
MolecuLA continuous OLS,train_std_unit,cLogP,48,selfies_len_tokens,,,0.0,0.0
MolecuLA continuous OLS,train_std_unit,cLogP,48,branch_token_count,,,0.0,0.0
MolecuLA continuous OLS,train_std_unit,cLogP,48,ring_token_count,,,0.0,0.0
MolecuLA continuous OLS,train_std_unit,cLogP,48,token_entropy,,,0.0,0.0
MolecuLA continuous OLS,train_std_unit,cLogP,49,selfies_len_tokens,,,0.0,0.0
MolecuLA continuous OLS,train_std_unit,cLogP,49,branch_token_count,,,0.0,0.0
MolecuLA continuous OLS,train_std_unit,cLogP,49,ring_token_count,,,0.0,0.0
MolecuLA continuous OLS,train_std_unit,cLogP,49,token_entropy,,,0.0,0.0
MolecuLA continuous OLS,native_l2,BertzCT,0,selfies_len_tokens,0.9722093126823026,0.01970467258113669,0.5894372294372295,0.34797706797706784
MolecuLA continuous OLS,native_l2,BertzCT,0,branch_token_count,0.7901999847366551,-0.3690405268703103,0.03238095238095238,-0.03020475020475026
MolecuLA continuous OLS,native_l2,BertzCT,0,ring_token_count,0.9345908723952766,-0.023939747658434797,0.06363636363636363,0.013120393120393084
MolecuLA continuous OLS,native_l2,BertzCT,0,token_entropy,0.4598380062638776,-0.741925946427779,0.00450130013338521,-0.011267416472980333
MolecuLA continuous OLS,native_l2,BertzCT,1,selfies_len_tokens,0.9898838971667989,0.014149729078901807,0.5428571428571428,0.43095823095823077
MolecuLA continuous OLS,native_l2,BertzCT,1,branch_token_count,0.8983712509156364,-0.10463932757561677,0.03281385281385281,-0.0032923832923833166
MolecuLA continuous OLS,native_l2,BertzCT,1,ring_token_count,0.9482712032104051,0.06709203678334055,0.0606060606060606,0.03993447993447994
MolecuLA continuous OLS,native_l2,BertzCT,1,token_entropy,0.6126329390521529,-0.5703546465528326,0.0043788778565819605,-0.007412125592462104
MolecuLA continuous OLS,native_l2,BertzCT,2,selfies_len_tokens,0.9888994276073163,0.01317564225389453,0.5361038961038961,0.531990171990172
MolecuLA continuous OLS,native_l2,BertzCT,2,branch_token_count,0.8816662696394705,-0.12664893705646463,0.029090909090909087,-0.0003276003276003621
MolecuLA continuous OLS,native_l2,BertzCT,2,ring_token_count,0.9524872933560374,0.01994978971536233,0.056536796536796545,0.031236691236691226
MolecuLA continuous OLS,native_l2,BertzCT,2,token_entropy,0.7251532526517472,-0.4806354115985506,0.006909734132386912,-0.008251932120348861
MolecuLA continuous OLS,native_l2,BertzCT,3,selfies_len_tokens,0.9918499048577025,-0.020033083790822307,0.5835497835497835,0.3334971334971333
MolecuLA continuous OLS,native_l2,BertzCT,3,branch_token_count,0.97523562156879,-0.03433617477325841,0.10735930735930735,0.03590499590499584
MolecuLA continuous OLS,native_l2,BertzCT,3,ring_token_count,0.9639147890122829,-0.000329829367993488,0.07766233766233767,0.0515151515151515
MolecuLA continuous OLS,native_l2,BertzCT,3,token_entropy,0.6965862867165672,-0.5451883273882229,0.00524762185255508,-0.006992269312171585
MolecuLA continuous OLS,native_l2,BertzCT,4,selfies_len_tokens,0.9931584145359874,0.0009839355604706718,0.5446753246753248,0.3378378378378376
MolecuLA continuous OLS,native_l2,BertzCT,4,branch_token_count,0.8010379497253622,-0.3660489943691089,0.03870129870129871,-0.030909090909090952
MolecuLA continuous OLS,native_l2,BertzCT,4,ring_token_count,0.9425958580668845,0.01826261133687782,0.0625974025974026,0.016199836199836157
MolecuLA continuous OLS,native_l2,BertzCT,4,token_entropy,0.7279290811021586,-0.43314811075481324,0.0049925811749507104,-0.0055171424310195135
MolecuLA continuous OLS,native_l2,BertzCT,5,selfies_len_tokens,0.9885710532241612,-0.04613006585878879,0.6036363636363637,0.24065520065520035
MolecuLA continuous OLS,native_l2,BertzCT,5,branch_token_count,0.9498116982792294,-0.09025508797542212,0.06536796536796535,-0.023341523341523413
MolecuLA continuous OLS,native_l2,BertzCT,5,ring_token_count,0.9324744621302055,-0.1086744499700295,0.09272727272727271,0.002276822276822208
MolecuLA continuous OLS,native_l2,BertzCT,5,token_entropy,0.4688311688311688,-0.816942444718839,0.003713377973404993,-0.01071010038070616
MolecuLA continuous OLS,native_l2,BertzCT,6,selfies_len_tokens,0.992831448793946,-0.023622230317455008,0.578095238095238,0.3009500409500409
MolecuLA continuous OLS,native_l2,BertzCT,6,branch_token_count,0.5726763699314881,-0.6439772048235078,0.01696969696969697,-0.042063882063882126
MolecuLA continuous OLS,native_l2,BertzCT,6,ring_token_count,0.929995795260236,-0.072635035533426,0.05792207792207793,0.011187551187551142
MolecuLA continuous OLS,native_l2,BertzCT,6,token_entropy,0.4301495384988319,-0.7764042040749491,0.003329497015662738,-0.0100495699460884
MolecuLA continuous OLS,native_l2,BertzCT,7,selfies_len_tokens,0.9908673886137247,0.021039158592495597,0.48458874458874457,0.43837837837837845
MolecuLA continuous OLS,native_l2,BertzCT,7,branch_token_count,0.9552267303680938,-0.023859169349525474,0.045887445887445893,0.009959049959049953
MolecuLA continuous OLS,native_l2,BertzCT,7,ring_token_count,0.9653221343467577,0.10067272806326612,0.08761904761904762,0.08239148239148236
MolecuLA continuous OLS,native_l2,BertzCT,7,token_entropy,0.738242661544378,-0.3762350967841114,0.005697441691416177,-0.005643596265758137
MolecuLA continuous OLS,native_l2,BertzCT,8,selfies_len_tokens,0.9921771940614157,-0.02101138411359784,0.5801731601731602,0.3534643734643732
MolecuLA continuous OLS,native_l2,BertzCT,8,branch_token_count,0.9709139703371709,-0.018707095107050067,0.06545454545454545,0.010778050778050741
MolecuLA continuous OLS,native_l2,BertzCT,8,ring_token_count,0.8842188021565792,-0.16183202268798227,0.05238095238095238,-0.006109746109746154
MolecuLA continuous OLS,native_l2,BertzCT,8,token_entropy,0.5747729177043808,-0.669929528067134,0.004769475133720843,-0.007775277285693751
MolecuLA continuous OLS,native_l2,BertzCT,9,selfies_len_tokens,0.9895558494702457,0.026333804383472235,0.4862337662337663,0.4367239967239967
MolecuLA continuous OLS,native_l2,BertzCT,9,branch_token_count,0.940055617286994,0.037833001934095015,0.05714285714285714,0.01769041769041766
MolecuLA continuous OLS,native_l2,BertzCT,9,ring_token_count,0.9435178925693937,0.06559568983563037,0.05272727272727273,0.034971334971334964
MolecuLA continuous OLS,native_l2,BertzCT,9,token_entropy,0.6544855084585851,-0.288991818500521,0.006728207591472338,-0.005975772965553488
MolecuLA continuous OLS,native_l2,BertzCT,10,selfies_len_tokens,0.9921771940614157,-0.02101138411359784,0.5757575757575758,0.313054873054873
MolecuLA continuous OLS,native_l2,BertzCT,10,branch_token_count,0.8059189655972488,-0.37011943331568414,0.037316017316017316,-0.03755937755937762
MolecuLA continuous OLS,native_l2,BertzCT,10,ring_token_count,0.948211303746347,0.031887317989697433,0.07307359307359307,0.04537264537264535
MolecuLA continuous OLS,native_l2,BertzCT,10,token_entropy,0.5539666582399688,-0.7064592783804343,0.004003293023352232,-0.009379399174645444
MolecuLA continuous OLS,native_l2,BertzCT,11,selfies_len_tokens,0.992831448793946,-0.002624692257495001,0.5403463203463204,0.4839475839475841
MolecuLA continuous OLS,native_l2,BertzCT,11,branch_token_count,0.83764095531328,-0.2236749328809075,0.030909090909090903,-0.008632268632268661
MolecuLA continuous OLS,native_l2,BertzCT,11,ring_token_count,0.9463631600456403,0.1372863738403317,0.06597402597402598,0.05087633087633085
MolecuLA continuous OLS,native_l2,BertzCT,11,token_entropy,0.7105660611697734,-0.49705700624145516,0.006406474189801409,-0.007378631764161835
MolecuLA continuous OLS,native_l2,BertzCT,12,selfies_len_tokens,0.992831448793946,-0.023622230317455008,0.573939393939394,0.32561834561834535
MolecuLA continuous OLS,native_l2,BertzCT,12,branch_token_count,0.8210461917489436,-0.3358465010918753,0.04190476190476191,-0.029156429156429253
MolecuLA continuous OLS,native_l2,BertzCT,12,ring_token_count,0.9602716668681418,-0.003961911029095965,0.08519480519480518,0.0252579852579852
MolecuLA continuous OLS,native_l2,BertzCT,12,token_entropy,0.6705699921613266,-0.5500822980110974,0.0053357644626975615,-0.007620346467291493
MolecuLA continuous OLS,native_l2,BertzCT,13,selfies_len_tokens,0.9582784742596996,0.09647088001347894,0.49333333333333335,0.4409500409500409
MolecuLA continuous OLS,native_l2,BertzCT,13,branch_token_count,0.890547705053334,-0.10042174338506622,0.03722943722943723,-0.002129402129402152
MolecuLA continuous OLS,native_l2,BertzCT,13,ring_token_count,0.9646427619142296,0.10861577059025562,0.05619047619047619,0.04873054873054873
MolecuLA continuous OLS,native_l2,BertzCT,13,token_entropy,0.7846748573797339,-0.2072018298938632,0.007484721541470644,-0.005661693956557176
MolecuLA continuous OLS,native_l2,BertzCT,14,selfies_len_tokens,0.9849517095420821,0.03174828156225271,0.5494372294372294,0.3673382473382472
MolecuLA continuous OLS,native_l2,BertzCT,14,branch_token_count,0.9242618815512176,-0.048909864226405364,0.034891774891774884,-0.006011466011466046
MolecuLA continuous OLS,native_l2,BertzCT,14,ring_token_count,0.9230105584418545,-0.04653376985633013,0.052640692640692634,0.00881244881244879
MolecuLA continuous OLS,native_l2,BertzCT,14,token_entropy,0.610220935844017,-0.5996908561642543,0.007474279529974406,-0.010944143408597133
MolecuLA continuous OLS,native_l2,BertzCT,15,selfies_len_tokens,0.9957702754945247,-0.009486429167263659,0.5451948051948052,0.4049631449631449
MolecuLA continuous OLS,native_l2,BertzCT,15,branch_token_count,0.7205316117434625,-0.41750967289127205,0.017835497835497833,-0.021785421785421803
MolecuLA continuous OLS,native_l2,BertzCT,15,ring_token_count,0.9228924962714582,0.014414863732555853,0.05852813852813853,0.021556101556101537
MolecuLA continuous OLS,native_l2,BertzCT,15,token_entropy,0.667533628938498,-0.5493982356514001,0.005726711464643919,-0.008424898139901714
MolecuLA continuous OLS,native_l2,BertzCT,16,selfies_len_tokens,0.9915225076199143,-0.02365341479349801,0.5882251082251083,0.39207207207207195
MolecuLA continuous OLS,native_l2,BertzCT,16,branch_token_count,0.9797506655423788,-0.010498769029980004,0.0664935064935065,0.04278460278460276
MolecuLA continuous OLS,native_l2,BertzCT,16,ring_token_count,0.8956979088340281,-0.016118749038177827,0.061558441558441555,0.0039148239148238855
MolecuLA continuous OLS,native_l2,BertzCT,16,token_entropy,0.5789669929558744,-0.7069585480164546,0.0068058808223578115,-0.010602512759595128
MolecuLA continuous OLS,native_l2,BertzCT,17,selfies_len_tokens,0.9793327641346699,-0.07307510372638995,0.6154112554112555,0.17038493038493013
MolecuLA continuous OLS,native_l2,BertzCT,17,branch_token_count,0.929994224905499,-0.13622999746897488,0.08865800865800867,-0.008190008190008263
MolecuLA continuous OLS,native_l2,BertzCT,17,ring_token_count,0.7792173441183091,-0.34394799424892053,0.05497835497835498,-0.04044226044226049
MolecuLA continuous OLS,native_l2,BertzCT,17,token_entropy,0.5449821658005414,-0.760511579047942,0.005930535582478751,-0.010237648754283839
MolecuLA continuous OLS,native_l2,BertzCT,18,selfies_len_tokens,0.9819805060619656,0.01990271446755107,0.5924675324675325,0.3146437346437345
MolecuLA continuous OLS,native_l2,BertzCT,18,branch_token_count,0.818981371309499,-0.30645811291097413,0.037316017316017316,-0.0290417690417691
MolecuLA continuous OLS,native_l2,BertzCT,18,ring_token_count,0.9015558698645343,-0.08766053441701353,0.0535064935064935,0.0032432432432431923
MolecuLA continuous OLS,native_l2,BertzCT,18,token_entropy,0.4880453771066789,-0.7538970763207768,0.006607249035905732,-0.013694039802710334
MolecuLA continuous OLS,native_l2,BertzCT,19,selfies_len_tokens,0.992831448793946,-0.023622230317455008,0.589004329004329,0.3632596232596232
MolecuLA continuous OLS,native_l2,BertzCT,19,branch_token_count,0.9600871837323608,-0.04205051518844092,0.053679653679653674,0.0019000819000818568
MolecuLA continuous OLS,native_l2,BertzCT,19,ring_token_count,0.8521982876547127,-0.18733799318947242,0.05679653679653679,-0.022276822276822348
MolecuLA continuous OLS,native_l2,BertzCT,19,token_entropy,0.5346519427923623,-0.7331186945480506,0.006356331316494249,-0.013507055540012093
MolecuLA continuous OLS,native_l2,BertzCT,20,selfies_len_tokens,0.9809881050948897,-0.07172225543210199,0.6348051948051948,0.19852579852579816
MolecuLA continuous OLS,native_l2,BertzCT,20,branch_token_count,0.7270521112337183,-0.49098384467486517,0.03922077922077922,-0.053284193284193385
MolecuLA continuous OLS,native_l2,BertzCT,20,ring_token_count,0.899478466145159,-0.12401584236555148,0.061731601731601735,-0.00027846027846032117
MolecuLA continuous OLS,native_l2,BertzCT,20,token_entropy,0.4891198699020353,-0.7474779615835384,0.0042889324769214004,-0.008683499973467018
MolecuLA continuous OLS,native_l2,BertzCT,21,selfies_len_tokens,0.992831448793946,-0.023622230317455008,0.5817316017316018,0.30173628173628136
MolecuLA continuous OLS,native_l2,BertzCT,21,branch_token_count,0.6537714250157132,-0.6083895916665485,0.022164502164502164,-0.03868959868959874
MolecuLA continuous OLS,native_l2,BertzCT,21,ring_token_count,0.8285998825718844,-0.2713649356767505,0.05004329004329004,-0.029025389025389085
MolecuLA continuous OLS,native_l2,BertzCT,21,token_entropy,0.44704362913473766,-0.7314236078690957,0.0030382786701441773,-0.008266506264522607
MolecuLA continuous OLS,native_l2,BertzCT,22,selfies_len_tokens,0.9865985117445816,-0.038298473281260986,0.6144588744588745,0.3149713349713348
MolecuLA continuous OLS,native_l2,BertzCT,22,branch_token_count,0.9464565885793311,-0.08748391784539584,0.061385281385281376,-0.006208026208026273
MolecuLA continuous OLS,native_l2,BertzCT,22,ring_token_count,0.9260467685287702,-0.08055885759161793,0.0683982683982684,0.00638820638820636
MolecuLA continuous OLS,native_l2,BertzCT,22,token_entropy,0.6913830278055191,-0.553997474509397,0.004935394368345487,-0.006554750899862376
MolecuLA continuous OLS,native_l2,BertzCT,23,selfies_len_tokens,0.992831448793946,0.0022966057253081262,0.5431168831168832,0.4003439803439803
MolecuLA continuous OLS,native_l2,BertzCT,23,branch_token_count,0.9690580535048897,0.04754699882161356,0.045887445887445893,0.005667485667485626
MolecuLA continuous OLS,native_l2,BertzCT,23,ring_token_count,0.9467061193090611,0.13553939973316467,0.05168831168831169,0.036674856674856676
MolecuLA continuous OLS,native_l2,BertzCT,23,token_entropy,0.720996388673183,-0.3933944595450465,0.004762984006239626,-0.004625770166755092
MolecuLA continuous OLS,native_l2,BertzCT,24,selfies_len_tokens,0.992831448793946,0.0022966057253081262,0.5445021645021646,0.4234070434070433
MolecuLA continuous OLS,native_l2,BertzCT,24,branch_token_count,0.9210972724063736,-0.12947950986405513,0.028917748917748915,-0.005012285012285047
MolecuLA continuous OLS,native_l2,BertzCT,24,ring_token_count,0.9606393519902591,0.09127660677736128,0.06943722943722945,0.0515970515970516
MolecuLA continuous OLS,native_l2,BertzCT,24,token_entropy,0.6531992599010211,-0.5758667026257912,0.006708825576017865,-0.0090344184972219
MolecuLA continuous OLS,native_l2,BertzCT,25,selfies_len_tokens,0.992831448793946,-0.023622230317455008,0.5786147186147187,0.3068468468468467
MolecuLA continuous OLS,native_l2,BertzCT,25,branch_token_count,0.779759775844656,-0.37421750866656917,0.034545454545454546,-0.032481572481572525
MolecuLA continuous OLS,native_l2,BertzCT,25,ring_token_count,0.9340158092700412,-0.0646250467080192,0.06822510822510823,0.002620802620802557
MolecuLA continuous OLS,native_l2,BertzCT,25,token_entropy,0.4561404471694562,-0.7711890624858647,0.0021917686430440193,-0.007742809164718044
MolecuLA continuous OLS,native_l2,BertzCT,26,selfies_len_tokens,0.9951179529381129,-0.006546653612652378,0.5436363636363637,0.39660933660933667
MolecuLA continuous OLS,native_l2,BertzCT,26,branch_token_count,0.9866201761256123,-0.0016398926007844526,0.06658008658008657,0.03428337428337427
MolecuLA continuous OLS,native_l2,BertzCT,26,ring_token_count,0.9593094739621362,0.08685428428209153,0.0664935064935065,0.04239148239148239
MolecuLA continuous OLS,native_l2,BertzCT,26,token_entropy,0.6927382392225556,-0.525008200658287,0.007186239692930946,-0.00944588331280647
MolecuLA continuous OLS,native_l2,BertzCT,27,selfies_len_tokens,0.9925043753379301,-0.022645430919060607,0.5835497835497835,0.34840294840294833
MolecuLA continuous OLS,native_l2,BertzCT,27,branch_token_count,0.8738748747107437,-0.23705045445359593,0.042770562770562764,-0.023816543816543873
MolecuLA continuous OLS,native_l2,BertzCT,27,ring_token_count,0.9309118372962646,0.030505874410757732,0.058787878787878785,0.01787059787059785
MolecuLA continuous OLS,native_l2,BertzCT,27,token_entropy,0.6245945534665277,-0.6498047312724611,0.005794544889405091,-0.008769403961838175
MolecuLA continuous OLS,native_l2,BertzCT,28,selfies_len_tokens,0.9918499048577025,0.0013136448387424463,0.5281385281385281,0.4706306306306306
MolecuLA continuous OLS,native_l2,BertzCT,28,branch_token_count,0.8935124234270269,-0.10546207564639645,0.029437229437229432,-0.0018673218673218885
MolecuLA continuous OLS,native_l2,BertzCT,28,ring_token_count,0.9263677970014766,0.09654236293515629,0.047099567099567106,0.03466011466011466
MolecuLA continuous OLS,native_l2,BertzCT,28,token_entropy,0.7654251533091191,-0.34042598785792366,0.005893082499195297,-0.004630873355866304
MolecuLA continuous OLS,native_l2,BertzCT,29,selfies_len_tokens,0.9888994276073163,0.01317564225389453,0.5412121212121213,0.4807371007371007
MolecuLA continuous OLS,native_l2,BertzCT,29,branch_token_count,0.9502365342372727,0.06723108778594364,0.07645021645021645,0.06393120393120394
MolecuLA continuous OLS,native_l2,BertzCT,29,ring_token_count,0.9526117250934046,0.09933042502242258,0.06424242424242424,0.04606060606060604
MolecuLA continuous OLS,native_l2,BertzCT,29,token_entropy,0.6806492624168025,-0.4753825655701512,0.0046529903512553365,-0.006016025746111889
MolecuLA continuous OLS,native_l2,BertzCT,30,selfies_len_tokens,0.9816498172140428,0.02090489005981315,0.5930735930735931,0.3634725634725635
MolecuLA continuous OLS,native_l2,BertzCT,30,branch_token_count,0.7618199021570541,-0.39606123227964996,0.03852813852813853,-0.03667485667485673
MolecuLA continuous OLS,native_l2,BertzCT,30,ring_token_count,0.9172313306085502,-0.09400136987814407,0.058354978354978354,-0.0015069615069615249
MolecuLA continuous OLS,native_l2,BertzCT,30,token_entropy,0.4678382377969517,-0.7248123759207343,0.005770419644236241,-0.012951272052887288
MolecuLA continuous OLS,native_l2,BertzCT,31,selfies_len_tokens,0.9898838971667989,-0.014149729078901807,0.5860606060606061,0.39972153972153956
MolecuLA continuous OLS,native_l2,BertzCT,31,branch_token_count,0.8235510530876624,-0.29990369270661027,0.053679653679653674,-0.03721539721539731
MolecuLA continuous OLS,native_l2,BertzCT,31,ring_token_count,0.9481895973656093,0.014957283168106112,0.05523809523809523,0.0343980343980344
MolecuLA continuous OLS,native_l2,BertzCT,31,token_entropy,0.6389081786501356,-0.565601004166336,0.006653731762861748,-0.008471316430769555
MolecuLA continuous OLS,native_l2,BertzCT,32,selfies_len_tokens,0.9921771940614157,0.0,0.5408658008658008,0.46766584766584773
MolecuLA continuous OLS,native_l2,BertzCT,32,branch_token_count,0.851424411613876,-0.2205141839773538,0.03558441558441559,-0.006175266175266211
MolecuLA continuous OLS,native_l2,BertzCT,32,ring_token_count,0.9562590723553341,0.09116118946387607,0.07255411255411257,0.05634725634725632
MolecuLA continuous OLS,native_l2,BertzCT,32,token_entropy,0.6549318114816173,-0.5268329120236713,0.005136124110646887,-0.006302948566288692
MolecuLA continuous OLS,native_l2,BertzCT,33,selfies_len_tokens,0.9921771940614157,0.012803812194223685,0.48268398268398277,0.45777231777231775
MolecuLA continuous OLS,native_l2,BertzCT,33,branch_token_count,0.9252155484066875,-0.040576711961903766,0.03324675324675325,0.006748566748566726
MolecuLA continuous OLS,native_l2,BertzCT,33,ring_token_count,0.9619613365857674,0.10323542282107888,0.06,0.05485667485667484
MolecuLA continuous OLS,native_l2,BertzCT,33,token_entropy,0.7159906664269056,-0.3368387515711154,0.005136707827562071,-0.005085831891904318
MolecuLA continuous OLS,native_l2,BertzCT,34,selfies_len_tokens,0.9816498172140428,-0.07432849799044676,0.6336796536796536,0.19706797706797669
MolecuLA continuous OLS,native_l2,BertzCT,34,branch_token_count,0.9892414850758325,-0.003275475363699855,0.07878787878787878,0.013497133497133431
MolecuLA continuous OLS,native_l2,BertzCT,34,ring_token_count,0.9190725832045858,-0.13621506314343376,0.07203463203463203,-0.0032432432432432908
MolecuLA continuous OLS,native_l2,BertzCT,34,token_entropy,0.48441558441558447,-0.8058674673980892,0.004182493444357651,-0.009102154926250753
MolecuLA continuous OLS,native_l2,BertzCT,35,selfies_len_tokens,0.9918499048577025,-0.01970467258113669,0.5760173160173161,0.31169533169533153
MolecuLA continuous OLS,native_l2,BertzCT,35,branch_token_count,0.960307598412055,-0.046160747648585146,0.045887445887445893,-0.020704340704340757
MolecuLA continuous OLS,native_l2,BertzCT,35,ring_token_count,0.9303330179913529,-0.03055867974012671,0.06865800865800865,0.011449631449631426
MolecuLA continuous OLS,native_l2,BertzCT,35,token_entropy,0.5521958519349818,-0.6610122987962535,0.0050599026870505855,-0.009359146818913025
MolecuLA continuous OLS,native_l2,BertzCT,36,selfies_len_tokens,0.9915225076199143,-0.018725620044852596,0.5896969696969697,0.3743980343980342
MolecuLA continuous OLS,native_l2,BertzCT,36,branch_token_count,0.9630815813855965,0.03693210732642022,0.07125541125541127,0.02923832923832923
MolecuLA continuous OLS,native_l2,BertzCT,36,ring_token_count,0.8462388590697146,-0.18833447187665045,0.05774891774891776,-0.018165438165438245
MolecuLA continuous OLS,native_l2,BertzCT,36,token_entropy,0.5907623484870909,-0.6654705409666238,0.006010225639748039,-0.01025607455563132
MolecuLA continuous OLS,native_l2,BertzCT,37,selfies_len_tokens,0.992831448793946,-0.023622230317455008,0.5826839826839827,0.35354627354627344
MolecuLA continuous OLS,native_l2,BertzCT,37,branch_token_count,0.9271658521153727,-0.1350382800876567,0.035670995670995666,-0.011597051597051643
MolecuLA continuous OLS,native_l2,BertzCT,37,ring_token_count,0.9545106933514378,0.021251038646548738,0.08822510822510822,0.030417690417690386
MolecuLA continuous OLS,native_l2,BertzCT,37,token_entropy,0.6896330869559362,-0.561462173170155,0.006312583446115636,-0.008762965322381229
MolecuLA continuous OLS,native_l2,BertzCT,38,selfies_len_tokens,0.9915225076199143,-0.018725620044852596,0.585108225108225,0.3747747747747747
MolecuLA continuous OLS,native_l2,BertzCT,38,branch_token_count,0.8412256431306541,-0.2634915052930491,0.03757575757575758,-0.02381654381654387
MolecuLA continuous OLS,native_l2,BertzCT,38,ring_token_count,0.9588208061567771,0.030206131291651624,0.09108225108225108,0.04314496314496314
MolecuLA continuous OLS,native_l2,BertzCT,38,token_entropy,0.581653677915704,-0.6367498898606587,0.005036170877822148,-0.007697366722104269
MolecuLA continuous OLS,native_l2,BertzCT,39,selfies_len_tokens,0.9885710532241612,0.011862016935117119,0.5376623376623376,0.46873054873054876
MolecuLA continuous OLS,native_l2,BertzCT,39,branch_token_count,0.9642513667833573,-0.027696448589151088,0.04346320346320346,0.004455364455364439
MolecuLA continuous OLS,native_l2,BertzCT,39,ring_token_count,0.9572945074499031,0.08456509157314354,0.051515151515151514,0.03264537264537262
MolecuLA continuous OLS,native_l2,BertzCT,39,token_entropy,0.7264621935410103,-0.4832618346127504,0.00708462620621624,-0.008654523019296166
MolecuLA continuous OLS,native_l2,BertzCT,40,selfies_len_tokens,0.9944652024887743,-0.0042581179728098115,0.5436363636363637,0.4228173628173628
MolecuLA continuous OLS,native_l2,BertzCT,40,branch_token_count,0.808077267841524,-0.27324055758262206,0.03601731601731602,-0.022997542997543047
MolecuLA continuous OLS,native_l2,BertzCT,40,ring_token_count,0.965091151213672,0.040869426419981134,0.05800865800865801,0.02833742833742832
MolecuLA continuous OLS,native_l2,BertzCT,40,token_entropy,0.6202799107869698,-0.5778063187762834,0.007422873690695032,-0.009460891998767415
MolecuLA continuous OLS,native_l2,BertzCT,41,selfies_len_tokens,0.9918499048577025,-0.020033083790822307,0.5833766233766233,0.3519737919737918
MolecuLA continuous OLS,native_l2,BertzCT,41,branch_token_count,0.9784425872172221,-0.023950316849641887,0.07341991341991343,0.021326781326781293
MolecuLA continuous OLS,native_l2,BertzCT,41,ring_token_count,0.9545106933514378,0.023575370998515005,0.08233766233766233,0.04502866502866498
MolecuLA continuous OLS,native_l2,BertzCT,41,token_entropy,0.6640659185225164,-0.5732470922927034,0.0046899862145563884,-0.006217414786064061
MolecuLA continuous OLS,native_l2,BertzCT,42,selfies_len_tokens,0.9931584145359874,-0.024926367531923684,0.5777489177489178,0.3498935298935299
MolecuLA continuous OLS,native_l2,BertzCT,42,branch_token_count,0.97129261634121,-0.03634584617529122,0.05246753246753247,-0.00851760851760858
MolecuLA continuous OLS,native_l2,BertzCT,42,ring_token_count,0.945905534534816,0.0013281899154092961,0.06216450216450216,0.0178214578214578
MolecuLA continuous OLS,native_l2,BertzCT,42,token_entropy,0.5753246753246753,-0.682088309107356,0.005328901877784617,-0.009605907241583913
MolecuLA continuous OLS,native_l2,BertzCT,43,selfies_len_tokens,0.9806570815980026,0.019929573743560896,0.5826839826839827,0.45130221130221115
MolecuLA continuous OLS,native_l2,BertzCT,43,branch_token_count,0.9856107606091623,0.042302736468281865,0.08805194805194806,0.059082719082719046
MolecuLA continuous OLS,native_l2,BertzCT,43,ring_token_count,0.9489249579955475,0.06713829120923008,0.0742857142857143,0.06004914004914005
MolecuLA continuous OLS,native_l2,BertzCT,43,token_entropy,0.6873304492555087,-0.5259231160044872,0.005583835171276969,-0.006206478447672659
MolecuLA continuous OLS,native_l2,BertzCT,44,selfies_len_tokens,0.9892331018529668,-0.026255572080070268,0.5715151515151515,0.2499426699426698
MolecuLA continuous OLS,native_l2,BertzCT,44,branch_token_count,0.705607904459805,-0.5134979549755773,0.049696969696969705,-0.0723341523341524
MolecuLA continuous OLS,native_l2,BertzCT,44,ring_token_count,0.8336247975140274,-0.24621668902019972,0.04129870129870129,-0.015904995904995937
MolecuLA continuous OLS,native_l2,BertzCT,44,token_entropy,0.5159195371118921,-0.7503284961295268,0.004383151992591892,-0.009780349552351164
MolecuLA continuous OLS,native_l2,BertzCT,45,selfies_len_tokens,0.9915225076199143,-0.018725620044852596,0.5849350649350649,0.3556429156429155
MolecuLA continuous OLS,native_l2,BertzCT,45,branch_token_count,0.9526914420853091,-0.05713661209187946,0.04216450216450217,-0.008665028665028713
MolecuLA continuous OLS,native_l2,BertzCT,45,ring_token_count,0.9306810227823311,-0.026895845787038245,0.05965367965367965,0.002702702702702655
MolecuLA continuous OLS,native_l2,BertzCT,45,token_entropy,0.5985697804054224,-0.6700397354607546,0.005619392668899411,-0.009401636949081207
MolecuLA continuous OLS,native_l2,BertzCT,46,selfies_len_tokens,0.992831448793946,-0.023622230317455008,0.5785281385281386,0.3496478296478294
MolecuLA continuous OLS,native_l2,BertzCT,46,branch_token_count,0.985976661692744,-0.010481521163839536,0.08329004329004329,0.0258476658476658
MolecuLA continuous OLS,native_l2,BertzCT,46,ring_token_count,0.9558345639386103,0.02158308612540106,0.0625974025974026,0.02494676494676492
MolecuLA continuous OLS,native_l2,BertzCT,46,token_entropy,0.7407408971127921,-0.4569767817435259,0.005854951302900927,-0.0071851229937047335
MolecuLA continuous OLS,native_l2,BertzCT,47,selfies_len_tokens,0.9931584145359874,-0.024926367531923684,0.5776623376623378,0.31633087633087625
MolecuLA continuous OLS,native_l2,BertzCT,47,branch_token_count,0.9629043513557858,-0.00891429981546592,0.059220779220779216,-0.010647010647010707
MolecuLA continuous OLS,native_l2,BertzCT,47,ring_token_count,0.9036689503837962,-0.11753669386318026,0.05610389610389611,0.004127764127764104
MolecuLA continuous OLS,native_l2,BertzCT,47,token_entropy,0.5631698900465666,-0.6992535769652457,0.004353037400844634,-0.008239954044288336
MolecuLA continuous OLS,native_l2,BertzCT,48,selfies_len_tokens,0.9918499048577025,-0.020033083790822307,0.5780952380952382,0.36470106470106445
MolecuLA continuous OLS,native_l2,BertzCT,48,branch_token_count,0.9099264758304806,-0.0749640258992814,0.04147186147186147,-0.002178542178542193
MolecuLA continuous OLS,native_l2,BertzCT,48,ring_token_count,0.8372513487536589,-0.20434713209990565,0.04502164502164502,-0.015102375102375155
MolecuLA continuous OLS,native_l2,BertzCT,48,token_entropy,0.608130885228749,-0.46623226800584705,0.004481031595322475,-0.005445844190651485
MolecuLA continuous OLS,native_l2,BertzCT,49,selfies_len_tokens,0.9964221709983889,-0.011768552443149645,0.532900432900433,0.3419983619983618
MolecuLA continuous OLS,native_l2,BertzCT,49,branch_token_count,0.9392357479127439,-0.10623007917422556,0.0361038961038961,-0.008402948402948446
MolecuLA continuous OLS,native_l2,BertzCT,49,ring_token_count,0.9677493992231637,0.04781483695473466,0.08259740259740259,0.05257985257985256
MolecuLA continuous OLS,native_l2,BertzCT,49,token_entropy,0.7255602851003632,-0.47312031395784565,0.006104515737442132,-0.007233500419787422
MolecuLA continuous OLS,train_std_unit,BertzCT,0,selfies_len_tokens,0.3692744729379982,0.35195532247660055,0.0043290043290043125,0.008190008190008044
MolecuLA continuous OLS,train_std_unit,BertzCT,0,branch_token_count,,,0.0,0.0
MolecuLA continuous OLS,train_std_unit,BertzCT,0,ring_token_count,0.3692744729379982,0.35195532247660055,0.0017316017316017299,0.003276003276003253
MolecuLA continuous OLS,train_std_unit,BertzCT,0,token_entropy,0.3692744729379982,0.35195532247660055,4.3885545245638194e-06,8.302670722136481e-06
MolecuLA continuous OLS,train_std_unit,BertzCT,1,selfies_len_tokens,,,0.0,0.0
MolecuLA continuous OLS,train_std_unit,BertzCT,1,branch_token_count,,,0.0,0.0
MolecuLA continuous OLS,train_std_unit,BertzCT,1,ring_token_count,,,0.0,0.0
MolecuLA continuous OLS,train_std_unit,BertzCT,1,token_entropy,,,0.0,0.0
MolecuLA continuous OLS,train_std_unit,BertzCT,2,selfies_len_tokens,,,0.0,0.0
MolecuLA continuous OLS,train_std_unit,BertzCT,2,branch_token_count,,,0.0,0.0
MolecuLA continuous OLS,train_std_unit,BertzCT,2,ring_token_count,,,0.0,0.0
MolecuLA continuous OLS,train_std_unit,BertzCT,2,token_entropy,,,0.0,0.0
MolecuLA continuous OLS,train_std_unit,BertzCT,3,selfies_len_tokens,0.6067798762169179,0.5072996561958923,0.011688311688311673,0.01941031941031911
MolecuLA continuous OLS,train_std_unit,BertzCT,3,branch_token_count,,,0.0,0.0
MolecuLA continuous OLS,train_std_unit,BertzCT,3,ring_token_count,0.6067798762169179,0.5072996561958923,0.004675324675324676,0.007764127764127751
MolecuLA continuous OLS,train_std_unit,BertzCT,3,token_entropy,0.6067798762169179,0.5072996561958923,6.194903001080303e-05,0.00010287631710501478
MolecuLA continuous OLS,train_std_unit,BertzCT,4,selfies_len_tokens,,,0.0,0.0
MolecuLA continuous OLS,train_std_unit,BertzCT,4,branch_token_count,,,0.0,0.0
MolecuLA continuous OLS,train_std_unit,BertzCT,4,ring_token_count,,,0.0,0.0
MolecuLA continuous OLS,train_std_unit,BertzCT,4,token_entropy,,,0.0,0.0
MolecuLA continuous OLS,train_std_unit,BertzCT,5,selfies_len_tokens,0.9397429877987294,0.031889129347628616,0.01653679653679651,-0.012235872235872436
MolecuLA continuous OLS,train_std_unit,BertzCT,5,branch_token_count,,,0.0,0.0
MolecuLA continuous OLS,train_std_unit,BertzCT,5,ring_token_count,0.6809084840390546,-0.5223935684606854,0.005887445887445886,-0.00897624897624904
MolecuLA continuous OLS,train_std_unit,BertzCT,5,token_entropy,-0.4284122444376561,-0.5448881666790455,-3.020184406339935e-05,-0.00014432389869043483
MolecuLA continuous OLS,train_std_unit,BertzCT,6,selfies_len_tokens,-0.28074576010722196,-0.7436027615035162,-0.001038961038961046,-0.008976248976249247
MolecuLA continuous OLS,train_std_unit,BertzCT,6,branch_token_count,,,0.0,0.0
MolecuLA continuous OLS,train_std_unit,BertzCT,6,ring_token_count,0.33234702564419843,-0.27785946511310566,0.0007792207792207791,-0.0012940212940213247
MolecuLA continuous OLS,train_std_unit,BertzCT,6,token_entropy,0.5780059766913394,0.49507770062966205,0.00015468740682715774,8.322720773099502e-07
MolecuLA continuous OLS,train_std_unit,BertzCT,7,selfies_len_tokens,,,0.0,0.0
MolecuLA continuous OLS,train_std_unit,BertzCT,7,branch_token_count,,,0.0,0.0
MolecuLA continuous OLS,train_std_unit,BertzCT,7,ring_token_count,,,0.0,0.0
MolecuLA continuous OLS,train_std_unit,BertzCT,7,token_entropy,,,0.0,0.0
MolecuLA continuous OLS,train_std_unit,BertzCT,8,selfies_len_tokens,0.3692744729379982,-0.35195532247660055,0.0043290043290043125,-0.008190008190008426
MolecuLA continuous OLS,train_std_unit,BertzCT,8,branch_token_count,,,0.0,0.0
MolecuLA continuous OLS,train_std_unit,BertzCT,8,ring_token_count,0.3692744729379982,-0.35195532247660055,0.0025974025974025952,-0.004914004914004965
MolecuLA continuous OLS,train_std_unit,BertzCT,8,token_entropy,0.3692744729379982,-0.35195532247660055,0.00010009667554313905,-0.00018937208886541718
MolecuLA continuous OLS,train_std_unit,BertzCT,9,selfies_len_tokens,,,0.0,0.0
MolecuLA continuous OLS,train_std_unit,BertzCT,9,branch_token_count,,,0.0,0.0
MolecuLA continuous OLS,train_std_unit,BertzCT,9,ring_token_count,,,0.0,0.0
MolecuLA continuous OLS,train_std_unit,BertzCT,9,token_entropy,,,0.0,0.0
MolecuLA continuous OLS,train_std_unit,BertzCT,10,selfies_len_tokens,0.3692744729379982,0.35195532247660055,0.0043290043290043125,0.008190008190007942
MolecuLA continuous OLS,train_std_unit,BertzCT,10,branch_token_count,,,0.0,0.0
MolecuLA continuous OLS,train_std_unit,BertzCT,10,ring_token_count,0.3692744729379982,0.35195532247660055,0.0017316017316017307,0.003276003276003259
MolecuLA continuous OLS,train_std_unit,BertzCT,10,token_entropy,0.3692744729379982,0.35195532247660055,5.062558378460188e-05,9.577813148436812e-05
MolecuLA continuous OLS,train_std_unit,BertzCT,11,selfies_len_tokens,,,0.0,0.0
MolecuLA continuous OLS,train_std_unit,BertzCT,11,branch_token_count,,,0.0,0.0
MolecuLA continuous OLS,train_std_unit,BertzCT,11,ring_token_count,,,0.0,0.0
MolecuLA continuous OLS,train_std_unit,BertzCT,11,token_entropy,,,0.0,0.0
MolecuLA continuous OLS,train_std_unit,BertzCT,12,selfies_len_tokens,,,0.0,0.0
MolecuLA continuous OLS,train_std_unit,BertzCT,12,branch_token_count,,,0.0,0.0
MolecuLA continuous OLS,train_std_unit,BertzCT,12,ring_token_count,,,0.0,0.0
MolecuLA continuous OLS,train_std_unit,BertzCT,12,token_entropy,,,0.0,0.0
MolecuLA continuous OLS,train_std_unit,BertzCT,13,selfies_len_tokens,,,0.0,0.0
MolecuLA continuous OLS,train_std_unit,BertzCT,13,branch_token_count,,,0.0,0.0
MolecuLA continuous OLS,train_std_unit,BertzCT,13,ring_token_count,,,0.0,0.0
MolecuLA continuous OLS,train_std_unit,BertzCT,13,token_entropy,,,0.0,0.0
MolecuLA continuous OLS,train_std_unit,BertzCT,14,selfies_len_tokens,,,0.0,0.0
MolecuLA continuous OLS,train_std_unit,BertzCT,14,branch_token_count,,,0.0,0.0
MolecuLA continuous OLS,train_std_unit,BertzCT,14,ring_token_count,,,0.0,0.0
MolecuLA continuous OLS,train_std_unit,BertzCT,14,token_entropy,,,0.0,0.0
MolecuLA continuous OLS,train_std_unit,BertzCT,15,selfies_len_tokens,,,0.0,0.0
MolecuLA continuous OLS,train_std_unit,BertzCT,15,branch_token_count,,,0.0,0.0
MolecuLA continuous OLS,train_std_unit,BertzCT,15,ring_token_count,,,0.0,0.0
MolecuLA continuous OLS,train_std_unit,BertzCT,15,token_entropy,,,0.0,0.0
MolecuLA continuous OLS,train_std_unit,BertzCT,16,selfies_len_tokens,,,0.0,0.0
MolecuLA continuous OLS,train_std_unit,BertzCT,16,branch_token_count,,,0.0,0.0
MolecuLA continuous OLS,train_std_unit,BertzCT,16,ring_token_count,,,0.0,0.0
MolecuLA continuous OLS,train_std_unit,BertzCT,16,token_entropy,,,0.0,0.0
MolecuLA continuous OLS,train_std_unit,BertzCT,17,selfies_len_tokens,-0.16010078848765155,-0.0851302650219287,0.001991341991341985,0.004307944307943654
MolecuLA continuous OLS,train_std_unit,BertzCT,17,branch_token_count,,,0.0,0.0
MolecuLA continuous OLS,train_std_unit,BertzCT,17,ring_token_count,0.3692744729379982,0.35195532247660055,0.0017316017316017299,0.0032760032760032103
MolecuLA continuous OLS,train_std_unit,BertzCT,17,token_entropy,0.6019789647135698,0.49953797022301566,3.674834678777487e-05,5.8376189926996546e-05
MolecuLA continuous OLS,train_std_unit,BertzCT,18,selfies_len_tokens,0.6083829962530759,0.17079594051569344,0.01255411255411254,0.00647010647010638
MolecuLA continuous OLS,train_std_unit,BertzCT,18,branch_token_count,0.3692744729379982,-0.35195532247660055,0.0008658008658008638,-0.0016380016380016654
MolecuLA continuous OLS,train_std_unit,BertzCT,18,ring_token_count,0.6083829962530759,0.17079594051569344,0.0050216450216450225,0.00258804258804255
MolecuLA continuous OLS,train_std_unit,BertzCT,18,token_entropy,0.6083829962530759,0.17079594051569344,0.00010420186523344479,-9.108435345802345e-05
MolecuLA continuous OLS,train_std_unit,BertzCT,19,selfies_len_tokens,0.3692744729379982,0.35195532247660055,0.0043290043290043125,0.00819000819000798
MolecuLA continuous OLS,train_std_unit,BertzCT,19,branch_token_count,0.3692744729379982,0.35195532247660055,0.0008658008658008659,0.0016380016380015908
MolecuLA continuous OLS,train_std_unit,BertzCT,19,ring_token_count,0.3692744729379982,0.35195532247660055,0.0017316017316017299,0.0032760032760032103
MolecuLA continuous OLS,train_std_unit,BertzCT,19,token_entropy,0.3692744729379982,0.35195532247660055,8.46335608995583e-06,1.601175476477247e-05
MolecuLA continuous OLS,train_std_unit,BertzCT,20,selfies_len_tokens,,,0.0,0.0
MolecuLA continuous OLS,train_std_unit,BertzCT,20,branch_token_count,,,0.0,0.0
MolecuLA continuous OLS,train_std_unit,BertzCT,20,ring_token_count,,,0.0,0.0
MolecuLA continuous OLS,train_std_unit,BertzCT,20,token_entropy,,,0.0,0.0
MolecuLA continuous OLS,train_std_unit,BertzCT,21,selfies_len_tokens,0.5090097337879789,0.4569156703644136,0.006580086580086568,0.011728091728091604
MolecuLA continuous OLS,train_std_unit,BertzCT,21,branch_token_count,0.3692744729379982,0.35195532247660055,0.0008658008658008638,0.0016380016380016138
MolecuLA continuous OLS,train_std_unit,BertzCT,21,ring_token_count,0.33234702564419843,0.27785946511310566,0.001558441558441556,0.002588042588042547
MolecuLA continuous OLS,train_std_unit,BertzCT,21,token_entropy,-0.025482359571881278,-0.051130999256491366,-1.794468590866331e-05,-3.4208496279557375e-05
MolecuLA continuous OLS,train_std_unit,BertzCT,22,selfies_len_tokens,,,0.0,0.0
MolecuLA continuous OLS,train_std_unit,BertzCT,22,branch_token_count,,,0.0,0.0
MolecuLA continuous OLS,train_std_unit,BertzCT,22,ring_token_count,,,0.0,0.0
MolecuLA continuous OLS,train_std_unit,BertzCT,22,token_entropy,,,0.0,0.0
MolecuLA continuous OLS,train_std_unit,BertzCT,23,selfies_len_tokens,,,0.0,0.0
MolecuLA continuous OLS,train_std_unit,BertzCT,23,branch_token_count,,,0.0,0.0
MolecuLA continuous OLS,train_std_unit,BertzCT,23,ring_token_count,,,0.0,0.0
MolecuLA continuous OLS,train_std_unit,BertzCT,23,token_entropy,,,0.0,0.0
MolecuLA continuous OLS,train_std_unit,BertzCT,24,selfies_len_tokens,,,0.0,0.0
MolecuLA continuous OLS,train_std_unit,BertzCT,24,branch_token_count,,,0.0,0.0
MolecuLA continuous OLS,train_std_unit,BertzCT,24,ring_token_count,,,0.0,0.0
MolecuLA continuous OLS,train_std_unit,BertzCT,24,token_entropy,,,0.0,0.0
MolecuLA continuous OLS,train_std_unit,BertzCT,25,selfies_len_tokens,0.3692744729379982,0.35195532247660055,0.0043290043290043125,0.008190008190007885
MolecuLA continuous OLS,train_std_unit,BertzCT,25,branch_token_count,,,0.0,0.0
MolecuLA continuous OLS,train_std_unit,BertzCT,25,ring_token_count,0.3692744729379982,0.35195532247660055,0.0017316017316017277,0.0032760032760032606
MolecuLA continuous OLS,train_std_unit,BertzCT,25,token_entropy,-0.3692744729379982,-0.35195532247660055,-7.221153031265642e-06,-1.3661640869977504e-05
MolecuLA continuous OLS,train_std_unit,BertzCT,26,selfies_len_tokens,,,0.0,0.0
MolecuLA continuous OLS,train_std_unit,BertzCT,26,branch_token_count,,,0.0,0.0
MolecuLA continuous OLS,train_std_unit,BertzCT,26,ring_token_count,,,0.0,0.0
MolecuLA continuous OLS,train_std_unit,BertzCT,26,token_entropy,,,0.0,0.0
MolecuLA continuous OLS,train_std_unit,BertzCT,27,selfies_len_tokens,,,0.0,0.0
MolecuLA continuous OLS,train_std_unit,BertzCT,27,branch_token_count,,,0.0,0.0
MolecuLA continuous OLS,train_std_unit,BertzCT,27,ring_token_count,,,0.0,0.0
MolecuLA continuous OLS,train_std_unit,BertzCT,27,token_entropy,,,0.0,0.0
MolecuLA continuous OLS,train_std_unit,BertzCT,28,selfies_len_tokens,,,0.0,0.0
MolecuLA continuous OLS,train_std_unit,BertzCT,28,branch_token_count,,,0.0,0.0
MolecuLA continuous OLS,train_std_unit,BertzCT,28,ring_token_count,,,0.0,0.0
MolecuLA continuous OLS,train_std_unit,BertzCT,28,token_entropy,,,0.0,0.0
MolecuLA continuous OLS,train_std_unit,BertzCT,29,selfies_len_tokens,,,0.0,0.0
MolecuLA continuous OLS,train_std_unit,BertzCT,29,branch_token_count,,,0.0,0.0
MolecuLA continuous OLS,train_std_unit,BertzCT,29,ring_token_count,,,0.0,0.0
MolecuLA continuous OLS,train_std_unit,BertzCT,29,token_entropy,,,0.0,0.0
MolecuLA continuous OLS,train_std_unit,BertzCT,30,selfies_len_tokens,0.5090097337879789,0.4569156703644136,0.00822510822510821,0.014660114660114439
MolecuLA continuous OLS,train_std_unit,BertzCT,30,branch_token_count,,,0.0,0.0
MolecuLA continuous OLS,train_std_unit,BertzCT,30,ring_token_count,0.5090097337879789,0.4569156703644136,0.00329004329004329,0.005864045864045841
MolecuLA continuous OLS,train_std_unit,BertzCT,30,token_entropy,-0.5090097337879789,-0.4569156703644136,-2.8702935040150224e-05,-5.1159000861044935e-05
MolecuLA continuous OLS,train_std_unit,BertzCT,31,selfies_len_tokens,,,0.0,0.0
MolecuLA continuous OLS,train_std_unit,BertzCT,31,branch_token_count,,,0.0,0.0
MolecuLA continuous OLS,train_std_unit,BertzCT,31,ring_token_count,,,0.0,0.0
MolecuLA continuous OLS,train_std_unit,BertzCT,31,token_entropy,,,0.0,0.0
MolecuLA continuous OLS,train_std_unit,BertzCT,32,selfies_len_tokens,,,0.0,0.0
MolecuLA continuous OLS,train_std_unit,BertzCT,32,branch_token_count,,,0.0,0.0
MolecuLA continuous OLS,train_std_unit,BertzCT,32,ring_token_count,,,0.0,0.0
MolecuLA continuous OLS,train_std_unit,BertzCT,32,token_entropy,,,0.0,0.0
MolecuLA continuous OLS,train_std_unit,BertzCT,33,selfies_len_tokens,,,0.0,0.0
MolecuLA continuous OLS,train_std_unit,BertzCT,33,branch_token_count,,,0.0,0.0
MolecuLA continuous OLS,train_std_unit,BertzCT,33,ring_token_count,,,0.0,0.0
MolecuLA continuous OLS,train_std_unit,BertzCT,33,token_entropy,,,0.0,0.0
MolecuLA continuous OLS,train_std_unit,BertzCT,34,selfies_len_tokens,0.7539410346652854,-0.4262454478497843,0.006147186147186152,-0.006404586404586567
MolecuLA continuous OLS,train_std_unit,BertzCT,34,branch_token_count,,,0.0,0.0
MolecuLA continuous OLS,train_std_unit,BertzCT,34,ring_token_count,,,0.0,0.0
MolecuLA continuous OLS,train_std_unit,BertzCT,34,token_entropy,0.7048195798033787,0.2677847708018314,7.455370510242254e-05,0.0001319436233524382
MolecuLA continuous OLS,train_std_unit,BertzCT,35,selfies_len_tokens,0.7451139545028029,-0.10623007917422557,0.018268398268398257,-0.007682227682227895
MolecuLA continuous OLS,train_std_unit,BertzCT,35,branch_token_count,0.6067798762169179,-0.5072996561958923,0.002337662337662334,-0.003882063882063923
MolecuLA continuous OLS,train_std_unit,BertzCT,35,ring_token_count,0.7451139545028029,-0.10623007917422557,0.007965367965367964,-0.0019000819000819312
MolecuLA continuous OLS,train_std_unit,BertzCT,35,token_entropy,0.7451139545028029,-0.10623007917422557,0.0001256211376237597,-0.00015355611057630737
MolecuLA continuous OLS,train_std_unit,BertzCT,36,selfies_len_tokens,,,0.0,0.0
MolecuLA continuous OLS,train_std_unit,BertzCT,36,branch_token_count,,,0.0,0.0
MolecuLA continuous OLS,train_std_unit,BertzCT,36,ring_token_count,,,0.0,0.0
MolecuLA continuous OLS,train_std_unit,BertzCT,36,token_entropy,,,0.0,0.0
MolecuLA continuous OLS,train_std_unit,BertzCT,37,selfies_len_tokens,,,0.0,0.0
MolecuLA continuous OLS,train_std_unit,BertzCT,37,branch_token_count,,,0.0,0.0
MolecuLA continuous OLS,train_std_unit,BertzCT,37,ring_token_count,,,0.0,0.0
MolecuLA continuous OLS,train_std_unit,BertzCT,37,token_entropy,,,0.0,0.0
MolecuLA continuous OLS,train_std_unit,BertzCT,38,selfies_len_tokens,,,0.0,0.0
MolecuLA continuous OLS,train_std_unit,BertzCT,38,branch_token_count,,,0.0,0.0
MolecuLA continuous OLS,train_std_unit,BertzCT,38,ring_token_count,,,0.0,0.0
MolecuLA continuous OLS,train_std_unit,BertzCT,38,token_entropy,,,0.0,0.0
MolecuLA continuous OLS,train_std_unit,BertzCT,39,selfies_len_tokens,,,0.0,0.0
MolecuLA continuous OLS,train_std_unit,BertzCT,39,branch_token_count,,,0.0,0.0
MolecuLA continuous OLS,train_std_unit,BertzCT,39,ring_token_count,,,0.0,0.0
MolecuLA continuous OLS,train_std_unit,BertzCT,39,token_entropy,,,0.0,0.0
MolecuLA continuous OLS,train_std_unit,BertzCT,40,selfies_len_tokens,,,0.0,0.0
MolecuLA continuous OLS,train_std_unit,BertzCT,40,branch_token_count,,,0.0,0.0
MolecuLA continuous OLS,train_std_unit,BertzCT,40,ring_token_count,,,0.0,0.0
MolecuLA continuous OLS,train_std_unit,BertzCT,40,token_entropy,,,0.0,0.0
MolecuLA continuous OLS,train_std_unit,BertzCT,41,selfies_len_tokens,,,0.0,0.0
MolecuLA continuous OLS,train_std_unit,BertzCT,41,branch_token_count,,,0.0,0.0
MolecuLA continuous OLS,train_std_unit,BertzCT,41,ring_token_count,,,0.0,0.0
MolecuLA continuous OLS,train_std_unit,BertzCT,41,token_entropy,,,0.0,0.0
MolecuLA continuous OLS,train_std_unit,BertzCT,42,selfies_len_tokens,0.3692744729379982,0.35195532247660055,0.0043290043290043125,0.008190008190007949
MolecuLA continuous OLS,train_std_unit,BertzCT,42,branch_token_count,,,0.0,0.0
MolecuLA continuous OLS,train_std_unit,BertzCT,42,ring_token_count,0.3692744729379982,0.35195532247660055,0.0017316017316017299,0.003276003276003253
MolecuLA continuous OLS,train_std_unit,BertzCT,42,token_entropy,-0.3692744729379982,-0.35195532247660055,-1.7549750023181167e-05,-3.3202229773594064e-05
MolecuLA continuous OLS,train_std_unit,BertzCT,43,selfies_len_tokens,,,0.0,0.0
MolecuLA continuous OLS,train_std_unit,BertzCT,43,branch_token_count,,,0.0,0.0
MolecuLA continuous OLS,train_std_unit,BertzCT,43,ring_token_count,,,0.0,0.0
MolecuLA continuous OLS,train_std_unit,BertzCT,43,token_entropy,,,0.0,0.0
MolecuLA continuous OLS,train_std_unit,BertzCT,44,selfies_len_tokens,,,0.0,0.0
MolecuLA continuous OLS,train_std_unit,BertzCT,44,branch_token_count,,,0.0,0.0
MolecuLA continuous OLS,train_std_unit,BertzCT,44,ring_token_count,,,0.0,0.0
MolecuLA continuous OLS,train_std_unit,BertzCT,44,token_entropy,,,0.0,0.0
MolecuLA continuous OLS,train_std_unit,BertzCT,45,selfies_len_tokens,,,0.0,0.0
MolecuLA continuous OLS,train_std_unit,BertzCT,45,branch_token_count,,,0.0,0.0
MolecuLA continuous OLS,train_std_unit,BertzCT,45,ring_token_count,,,0.0,0.0
MolecuLA continuous OLS,train_std_unit,BertzCT,45,token_entropy,,,0.0,0.0
MolecuLA continuous OLS,train_std_unit,BertzCT,46,selfies_len_tokens,0.3692744729379982,0.35195532247660055,0.005194805194805178,0.009828009828009531
MolecuLA continuous OLS,train_std_unit,BertzCT,46,branch_token_count,0.3692744729379982,0.35195532247660055,0.0008658008658008659,0.0016380016380016028
MolecuLA continuous OLS,train_std_unit,BertzCT,46,ring_token_count,,,0.0,0.0
MolecuLA continuous OLS,train_std_unit,BertzCT,46,token_entropy,0.3692744729379982,0.35195532247660055,8.341973038748705e-06,1.5782111154379408e-05
MolecuLA continuous OLS,train_std_unit,BertzCT,47,selfies_len_tokens,0.796502093164597,0.18075872794975217,0.012813852813852791,-0.0072399672399675475
MolecuLA continuous OLS,train_std_unit,BertzCT,47,branch_token_count,0.5090097337879789,-0.4569156703644136,0.001645021645021646,-0.002932022932022996
MolecuLA continuous OLS,train_std_unit,BertzCT,47,ring_token_count,0.5090097337879789,-0.4569156703644136,0.0032900432900432935,-0.005864045864045899
MolecuLA continuous OLS,train_std_unit,BertzCT,47,token_entropy,0.3807231090152168,-0.18075872794975217,0.00012569349615254252,-0.0002899179675147439
MolecuLA continuous OLS,train_std_unit,BertzCT,48,selfies_len_tokens,0.3692744729379982,0.35195532247660055,0.007792207792207777,0.014742014742014574
MolecuLA continuous OLS,train_std_unit,BertzCT,48,branch_token_count,0.3692744729379982,0.35195532247660055,0.0017316017316017299,0.003276003276003253
MolecuLA continuous OLS,train_std_unit,BertzCT,48,ring_token_count,0.3692744729379982,0.35195532247660055,0.0017316017316017299,0.003276003276003253
MolecuLA continuous OLS,train_std_unit,BertzCT,48,token_entropy,0.3692744729379982,0.35195532247660055,0.00018496481851863254,0.00034993344044064676
MolecuLA continuous OLS,train_std_unit,BertzCT,49,selfies_len_tokens,,,0.0,0.0
MolecuLA continuous OLS,train_std_unit,BertzCT,49,branch_token_count,,,0.0,0.0
MolecuLA continuous OLS,train_std_unit,BertzCT,49,ring_token_count,,,0.0,0.0
MolecuLA continuous OLS,train_std_unit,BertzCT,49,token_entropy,,,0.0,0.0
MolecuLA continuous OLS,native_l2,HeavyAtomCount,0,selfies_len_tokens,0.9918499048577025,-0.01970467258113669,0.5973160173160174,0.34288288288288277
MolecuLA continuous OLS,native_l2,HeavyAtomCount,0,branch_token_count,0.970467992836037,0.010568621889827415,0.06666666666666668,0.019262899262899244
MolecuLA continuous OLS,native_l2,HeavyAtomCount,0,ring_token_count,0.9411623549502558,-0.07742842159610254,0.05922077922077923,0.007436527436527413
MolecuLA continuous OLS,native_l2,HeavyAtomCount,0,token_entropy,0.5189653332238822,-0.6924627383208778,0.0065277307497496155,-0.012243119838278383
MolecuLA continuous OLS,native_l2,HeavyAtomCount,1,selfies_len_tokens,0.9888994276073163,0.01317564225389453,0.5491774891774891,0.44417690417690425
MolecuLA continuous OLS,native_l2,HeavyAtomCount,1,branch_token_count,0.9630815813855965,0.03726482901404563,0.03991341991341991,0.010499590499590483
MolecuLA continuous OLS,native_l2,HeavyAtomCount,1,ring_token_count,0.9545973806704605,0.0766169519327703,0.05627705627705628,0.035348075348075325
MolecuLA continuous OLS,native_l2,HeavyAtomCount,1,token_entropy,0.6531615037422778,-0.5824093033987902,0.00547648119597207,-0.0077596890126341005
MolecuLA continuous OLS,native_l2,HeavyAtomCount,2,selfies_len_tokens,0.9938120233033698,0.009177358840908709,0.4923809523809524,0.4793611793611793
MolecuLA continuous OLS,native_l2,HeavyAtomCount,2,branch_token_count,0.954577896883728,0.0740310321141603,0.041471861471861465,0.017968877968877958
MolecuLA continuous OLS,native_l2,HeavyAtomCount,2,ring_token_count,0.9620924451678695,0.03858264797484999,0.056536796536796545,0.038443898443898436
MolecuLA continuous OLS,native_l2,HeavyAtomCount,2,token_entropy,0.7640190356230621,-0.40591625517141583,0.007619783200942037,-0.00708974006849985
MolecuLA continuous OLS,native_l2,HeavyAtomCount,3,selfies_len_tokens,0.9865985117445816,0.0009904777572739912,0.5995670995670996,0.3308599508599507
MolecuLA continuous OLS,native_l2,HeavyAtomCount,3,branch_token_count,0.9921771940614157,0.025935927265222338,0.1245021645021645,0.06630630630630627
MolecuLA continuous OLS,native_l2,HeavyAtomCount,3,ring_token_count,0.9574973819936898,0.027550647222055878,0.09393939393939393,0.07559377559377559
MolecuLA continuous OLS,native_l2,HeavyAtomCount,3,token_entropy,0.8480095218256589,-0.24368804047656964,0.008796221328833937,-0.009315420439215157
MolecuLA continuous OLS,native_l2,HeavyAtomCount,4,selfies_len_tokens,0.992831448793946,-0.00032808653218687514,0.5512554112554113,0.3349549549549548
MolecuLA continuous OLS,native_l2,HeavyAtomCount,4,branch_token_count,0.9507892276575691,-0.06493316873869244,0.05766233766233766,-0.011007371007371047
MolecuLA continuous OLS,native_l2,HeavyAtomCount,4,ring_token_count,0.9721286162675999,0.023425684589911285,0.055324675324675325,0.01528255528255526
MolecuLA continuous OLS,native_l2,HeavyAtomCount,4,token_entropy,0.7592098294395835,-0.43903238697638813,0.006749330905986307,-0.008568232214120935
MolecuLA continuous OLS,native_l2,HeavyAtomCount,5,selfies_len_tokens,0.9816498172140428,-0.07432849799044676,0.6407792207792208,0.2111547911547908
MolecuLA continuous OLS,native_l2,HeavyAtomCount,5,branch_token_count,0.9808030652862219,-0.02970944944420031,0.09636363636363636,0.011973791973791892
MolecuLA continuous OLS,native_l2,HeavyAtomCount,5,ring_token_count,0.9168135894282287,-0.11129311141509043,0.1057142857142857,0.011875511875511849
MolecuLA continuous OLS,native_l2,HeavyAtomCount,5,token_entropy,0.5909090909090908,-0.6964206326989146,0.005084912688549004,-0.008516285968494065
MolecuLA continuous OLS,native_l2,HeavyAtomCount,6,selfies_len_tokens,0.9875852749634714,-0.04221815910316647,0.6284848484848485,0.30589680589680557
MolecuLA continuous OLS,native_l2,HeavyAtomCount,6,branch_token_count,0.8860118135696052,-0.1695536488185272,0.03203463203463204,-0.0201801801801802
MolecuLA continuous OLS,native_l2,HeavyAtomCount,6,ring_token_count,0.9310391140800767,-0.06860450854264549,0.07047619047619047,0.021425061425061415
MolecuLA continuous OLS,native_l2,HeavyAtomCount,6,token_entropy,0.43613930381473437,-0.7929593525840981,0.005377491109796636,-0.010775208985980361
MolecuLA continuous OLS,native_l2,HeavyAtomCount,7,selfies_len_tokens,0.9918499048577025,0.0013136448387424463,0.5443290043290043,0.4861425061425061
MolecuLA continuous OLS,native_l2,HeavyAtomCount,7,branch_token_count,0.958452767009624,0.029259691582531427,0.06337662337662338,0.03164619164619162
MolecuLA continuous OLS,native_l2,HeavyAtomCount,7,ring_token_count,0.957633542311213,0.08587780708267591,0.08467532467532467,0.07790335790335791
MolecuLA continuous OLS,native_l2,HeavyAtomCount,7,token_entropy,0.825458498666697,-0.3201313616587013,0.0072109305632996855,-0.006997787758373717
MolecuLA continuous OLS,native_l2,HeavyAtomCount,8,selfies_len_tokens,0.9925043753379301,-0.022317236268059728,0.5950649350649352,0.3603439803439803
MolecuLA continuous OLS,native_l2,HeavyAtomCount,8,branch_token_count,0.9556644690147649,-0.021460351407603134,0.06017316017316018,-0.0013923013923014213
MolecuLA continuous OLS,native_l2,HeavyAtomCount,8,ring_token_count,0.8878303129426448,-0.11574794392454997,0.04476190476190476,-0.005847665847665872
MolecuLA continuous OLS,native_l2,HeavyAtomCount,8,token_entropy,0.5532782362182029,-0.6930369772077012,0.005698793085801564,-0.010058088884386395
MolecuLA continuous OLS,native_l2,HeavyAtomCount,9,selfies_len_tokens,0.9944652024887743,0.00655095072739971,0.49428571428571433,0.43683865683865686
MolecuLA continuous OLS,native_l2,HeavyAtomCount,9,branch_token_count,0.958616738062757,0.08468189424148297,0.06277056277056277,0.024684684684684672
MolecuLA continuous OLS,native_l2,HeavyAtomCount,9,ring_token_count,0.9514413950183417,0.14685317178868845,0.045714285714285714,0.034561834561834565
MolecuLA continuous OLS,native_l2,HeavyAtomCount,9,token_entropy,0.7706746355884524,-0.39251180249124595,0.00888137053325649,-0.007831382017897034
MolecuLA continuous OLS,native_l2,HeavyAtomCount,10,selfies_len_tokens,0.9869275424396534,0.0,0.5955844155844157,0.30144144144144114
MolecuLA continuous OLS,native_l2,HeavyAtomCount,10,branch_token_count,0.9472732086574068,-0.06708450571245432,0.05653679653679653,-0.01718263718263721
MolecuLA continuous OLS,native_l2,HeavyAtomCount,10,ring_token_count,0.9452889534036011,0.05763963727886291,0.05887445887445888,0.02945126945126944
MolecuLA continuous OLS,native_l2,HeavyAtomCount,10,token_entropy,0.6091633382426425,-0.6472165934874113,0.007013658271677399,-0.012073928168416187
MolecuLA continuous OLS,native_l2,HeavyAtomCount,11,selfies_len_tokens,0.996747958867483,0.0022875816993464058,0.49636363636363634,0.40935298935298925
MolecuLA continuous OLS,native_l2,HeavyAtomCount,11,branch_token_count,0.8770449304191226,-0.14475664166211522,0.03792207792207792,-0.004193284193284226
MolecuLA continuous OLS,native_l2,HeavyAtomCount,11,ring_token_count,0.9551723193235164,0.1531496136960766,0.054025974025974026,0.04304668304668305
MolecuLA continuous OLS,native_l2,HeavyAtomCount,11,token_entropy,0.7708583085832319,-0.39587007382936684,0.007414121703088109,-0.007661927478306957
MolecuLA continuous OLS,native_l2,HeavyAtomCount,12,selfies_len_tokens,0.9902118361842988,-0.013158179499694483,0.5914285714285714,0.31307125307125305
MolecuLA continuous OLS,native_l2,HeavyAtomCount,12,branch_token_count,0.9778314595726536,-0.024869131250806847,0.0683982683982684,0.0014742014742014319
MolecuLA continuous OLS,native_l2,HeavyAtomCount,12,ring_token_count,0.9602716668681418,-0.003961911029095965,0.08580086580086581,0.03307125307125304
MolecuLA continuous OLS,native_l2,HeavyAtomCount,12,token_entropy,0.6514692541617536,-0.6143790849673203,0.0067296020027603565,-0.01024697994070874
MolecuLA continuous OLS,native_l2,HeavyAtomCount,13,selfies_len_tokens,0.978668589356074,0.06789822892775206,0.4986147186147186,0.43126945126945126
MolecuLA continuous OLS,native_l2,HeavyAtomCount,13,branch_token_count,0.9567303158107326,0.03301783444720307,0.04909090909090909,0.015904995904995892
MolecuLA continuous OLS,native_l2,HeavyAtomCount,13,ring_token_count,0.9659797529539029,0.1062200395160587,0.05515151515151515,0.05180999180999179
MolecuLA continuous OLS,native_l2,HeavyAtomCount,13,token_entropy,0.8571228206386351,-0.14686411770432245,0.008333533953278766,-0.006339476009388398
MolecuLA continuous OLS,native_l2,HeavyAtomCount,14,selfies_len_tokens,0.9902118361842988,0.013158179499694483,0.5558441558441559,0.3653398853398853
MolecuLA continuous OLS,native_l2,HeavyAtomCount,14,branch_token_count,0.9387035701870013,-0.0230595706377562,0.048484848484848485,0.0074037674037673775
MolecuLA continuous OLS,native_l2,HeavyAtomCount,14,ring_token_count,0.9273353546322172,-0.03455626298925234,0.05021645021645022,0.00665028665028662
MolecuLA continuous OLS,native_l2,HeavyAtomCount,14,token_entropy,0.6851027299088374,-0.5074307244466767,0.007909817767296021,-0.010209552440729552
MolecuLA continuous OLS,native_l2,HeavyAtomCount,15,selfies_len_tokens,0.9938120233033698,-0.0016388140787336977,0.5492640692640692,0.3936445536445536
MolecuLA continuous OLS,native_l2,HeavyAtomCount,15,branch_token_count,0.8547162104088811,-0.18703741122374132,0.029870129870129866,-0.00958230958230962
MolecuLA continuous OLS,native_l2,HeavyAtomCount,15,ring_token_count,0.9472440515696184,0.06010950162153815,0.05324675324675325,0.022194922194922164
MolecuLA continuous OLS,native_l2,HeavyAtomCount,15,token_entropy,0.6974956686791243,-0.5452466805173118,0.006359923275918755,-0.008594204675968359
MolecuLA continuous OLS,native_l2,HeavyAtomCount,16,selfies_len_tokens,0.9882425697283923,-0.010547519795117553,0.6021645021645022,0.3822932022932022
MolecuLA continuous OLS,native_l2,HeavyAtomCount,16,branch_token_count,0.9615554530922791,-0.0066120128399330975,0.05541125541125542,0.01493857493857491
MolecuLA continuous OLS,native_l2,HeavyAtomCount,16,ring_token_count,0.8860212668735197,0.014962559295320818,0.056623376623376624,0.0020638820638820177
MolecuLA continuous OLS,native_l2,HeavyAtomCount,16,token_entropy,0.6408449508908151,-0.5855072470802068,0.007707212046324847,-0.011334067970635464
MolecuLA continuous OLS,native_l2,HeavyAtomCount,17,selfies_len_tokens,0.979664234507717,-0.0690658756012834,0.6412987012987013,0.1657821457821457
MolecuLA continuous OLS,native_l2,HeavyAtomCount,17,branch_token_count,0.9293480313767878,-0.11063806947316364,0.10978354978354979,0.01451269451269446
MolecuLA continuous OLS,native_l2,HeavyAtomCount,17,ring_token_count,0.8930576613950393,-0.1742713596814664,0.06961038961038961,-0.01287469287469292
MolecuLA continuous OLS,native_l2,HeavyAtomCount,17,token_entropy,0.3934874295136992,-0.8627450980392158,0.005938028782012424,-0.011537839441494035
MolecuLA continuous OLS,native_l2,HeavyAtomCount,18,selfies_len_tokens,0.9898838971667989,-0.011846284810243374,0.6001731601731602,0.3167239967239965
MolecuLA continuous OLS,native_l2,HeavyAtomCount,18,branch_token_count,0.956904991706111,-0.026483504527604868,0.05480519480519481,-0.009844389844389885
MolecuLA continuous OLS,native_l2,HeavyAtomCount,18,ring_token_count,0.9260467685287702,-0.08055885759161793,0.05073593073593073,0.002031122031122008
MolecuLA continuous OLS,native_l2,HeavyAtomCount,18,token_entropy,0.4906728084773743,-0.7216060302196247,0.0074283617088180195,-0.01227554592499814
MolecuLA continuous OLS,native_l2,HeavyAtomCount,19,selfies_len_tokens,0.9819805060619656,0.01990271446755107,0.6017316017316018,0.34800982800982794
MolecuLA continuous OLS,native_l2,HeavyAtomCount,19,branch_token_count,0.96475475455229,0.0372270158850641,0.07402597402597402,0.03303849303849302
MolecuLA continuous OLS,native_l2,HeavyAtomCount,19,ring_token_count,0.8760360019947047,-0.13419246320664335,0.05948051948051948,-0.019934479934480005
MolecuLA continuous OLS,native_l2,HeavyAtomCount,19,token_entropy,0.5655546025421946,-0.6807479718875546,0.007695263874373081,-0.011676253193265174
MolecuLA continuous OLS,native_l2,HeavyAtomCount,20,selfies_len_tokens,0.9879139770111698,-0.04352299064009457,0.6163636363636363,0.22992628992628958
MolecuLA continuous OLS,native_l2,HeavyAtomCount,20,branch_token_count,0.8627635262664035,-0.2531161145756239,0.05948051948051948,-0.035659295659295744
MolecuLA continuous OLS,native_l2,HeavyAtomCount,20,ring_token_count,0.9397512138042863,-0.07922558157486623,0.04943722943722943,-0.0014905814905815194
MolecuLA continuous OLS,native_l2,HeavyAtomCount,20,token_entropy,0.3651722668222712,-0.8279037272671581,0.003965516091343897,-0.00853110592551487
MolecuLA continuous OLS,native_l2,HeavyAtomCount,21,selfies_len_tokens,0.9879139770111698,-0.04352299064009457,0.6269264069264069,0.28630630630630605
MolecuLA continuous OLS,native_l2,HeavyAtomCount,21,branch_token_count,0.8022655758265899,-0.33570000111969955,0.032900432900432895,-0.027027027027027067
MolecuLA continuous OLS,native_l2,HeavyAtomCount,21,ring_token_count,0.8844510031265401,-0.1810619438073388,0.051688311688311686,-0.025995085995086046
MolecuLA continuous OLS,native_l2,HeavyAtomCount,21,token_entropy,0.42105272046411335,-0.8292075126644292,0.00407562220749466,-0.009177484007880942
MolecuLA continuous OLS,native_l2,HeavyAtomCount,22,selfies_len_tokens,0.9875852749634714,-0.04254798847115995,0.630995670995671,0.3106306306306303
MolecuLA continuous OLS,native_l2,HeavyAtomCount,22,branch_token_count,0.946989132112547,-0.06570392998193893,0.07558441558441559,0.00725634725634721
MolecuLA continuous OLS,native_l2,HeavyAtomCount,22,ring_token_count,0.9318736889431971,0.030537394179190724,0.07532467532467534,0.021457821457821418
MolecuLA continuous OLS,native_l2,HeavyAtomCount,22,token_entropy,0.6636295874044306,-0.6007195529378639,0.007162445981572748,-0.00884983212224926
MolecuLA continuous OLS,native_l2,HeavyAtomCount,23,selfies_len_tokens,0.9938120233033698,-0.006555256314934791,0.5477922077922077,0.42091728091728087
MolecuLA continuous OLS,native_l2,HeavyAtomCount,23,branch_token_count,0.928330131636199,-0.042821101114864014,0.04008658008658009,-0.0011629811629812001
MolecuLA continuous OLS,native_l2,HeavyAtomCount,23,ring_token_count,0.9460200765282086,0.13597515906360041,0.04926406926406926,0.04145782145782145
MolecuLA continuous OLS,native_l2,HeavyAtomCount,23,token_entropy,0.8316544994428026,-0.2881411457257454,0.006088799863441695,-0.006442627633193831
MolecuLA continuous OLS,native_l2,HeavyAtomCount,24,selfies_len_tokens,0.9915225076199143,-0.018725620044852596,0.5909956709956711,0.43574119574119574
MolecuLA continuous OLS,native_l2,HeavyAtomCount,24,branch_token_count,0.9487919785434682,-0.054751675086919006,0.04129870129870129,0.003751023751023727
MolecuLA continuous OLS,native_l2,HeavyAtomCount,24,ring_token_count,0.9519694407068067,0.07339000327948245,0.0580952380952381,0.03896805896805896
MolecuLA continuous OLS,native_l2,HeavyAtomCount,24,token_entropy,0.696322390704955,-0.48836001651361,0.007042834936460193,-0.00873499433457272
MolecuLA continuous OLS,native_l2,HeavyAtomCount,25,selfies_len_tokens,0.9918499048577025,-0.01970467258113669,0.5915151515151515,0.30037674037674017
MolecuLA continuous OLS,native_l2,HeavyAtomCount,25,branch_token_count,0.9686816146843787,-0.04420440751048932,0.060432900432900435,-0.007960687960687995
MolecuLA continuous OLS,native_l2,HeavyAtomCount,25,ring_token_count,0.9545083398976435,-0.01708866627647428,0.06857142857142857,0.014217854217854166
MolecuLA continuous OLS,native_l2,HeavyAtomCount,25,token_entropy,0.5521958519349818,-0.7086469461922321,0.005673385894845898,-0.010303400248887132
MolecuLA continuous OLS,native_l2,HeavyAtomCount,26,selfies_len_tokens,0.9951179529381129,-0.006546653612652378,0.5544588744588744,0.38529074529074514
MolecuLA continuous OLS,native_l2,HeavyAtomCount,26,branch_token_count,0.9796900737950961,0.030034475470292452,0.07878787878787878,0.04792792792792792
MolecuLA continuous OLS,native_l2,HeavyAtomCount,26,ring_token_count,0.963320524027483,0.0949025577290807,0.06476190476190476,0.04091728091728091
MolecuLA continuous OLS,native_l2,HeavyAtomCount,26,token_entropy,0.7424995195747232,-0.44983848341678234,0.008434235981154671,-0.009257931415690108
MolecuLA continuous OLS,native_l2,HeavyAtomCount,27,selfies_len_tokens,0.9918499048577025,-0.01970467258113669,0.5949783549783549,0.3368714168714169
MolecuLA continuous OLS,native_l2,HeavyAtomCount,27,branch_token_count,0.8948290171746438,-0.17198625729222358,0.04727272727272728,-0.021654381654381695
MolecuLA continuous OLS,native_l2,HeavyAtomCount,27,ring_token_count,0.9398935156429095,-0.008312412381400971,0.05168831168831169,0.011547911547911526
MolecuLA continuous OLS,native_l2,HeavyAtomCount,27,token_entropy,0.5725612492495225,-0.6741019838957031,0.006000777849608598,-0.009698677973200703
MolecuLA continuous OLS,native_l2,HeavyAtomCount,28,selfies_len_tokens,0.9921771940614157,0.0,0.5417316017316017,0.45616707616707625
MolecuLA continuous OLS,native_l2,HeavyAtomCount,28,branch_token_count,0.9129870117067841,-0.00942213135998404,0.038181818181818185,0.0055855855855855814
MolecuLA continuous OLS,native_l2,HeavyAtomCount,28,ring_token_count,0.9477105823176591,0.1387437316475203,0.040952380952380955,0.03366093366093366
MolecuLA continuous OLS,native_l2,HeavyAtomCount,28,token_entropy,0.662976944383687,-0.2599021484222994,0.0045523499117167835,-0.0035486941534031546
MolecuLA continuous OLS,native_l2,HeavyAtomCount,29,selfies_len_tokens,0.992831448793946,-0.002624692257495001,0.5478787878787879,0.47079443079443084
MolecuLA continuous OLS,native_l2,HeavyAtomCount,29,branch_token_count,0.9659881034734696,0.1007421814886114,0.08770562770562772,0.08162162162162162
MolecuLA continuous OLS,native_l2,HeavyAtomCount,29,ring_token_count,0.9502633570900405,0.0939936076929221,0.055324675324675325,0.03405405405405405
MolecuLA continuous OLS,native_l2,HeavyAtomCount,29,token_entropy,0.7509835802454854,-0.4584696860200791,0.006858230526166328,-0.008000995945897616
MolecuLA continuous OLS,native_l2,HeavyAtomCount,30,selfies_len_tokens,0.9892276929865179,-0.00954917078476307,0.6018181818181819,0.37072891072891073
MolecuLA continuous OLS,native_l2,HeavyAtomCount,30,branch_token_count,0.8812210299377856,-0.16948479947573525,0.051515151515151514,-0.019836199836199903
MolecuLA continuous OLS,native_l2,HeavyAtomCount,30,ring_token_count,0.9249579976489567,-0.07573287997662366,0.05281385281385282,-0.001474201474201506
MolecuLA continuous OLS,native_l2,HeavyAtomCount,30,token_entropy,0.44630312068568484,-0.7389016820034238,0.00644873947119643,-0.012067389900701447
MolecuLA continuous OLS,native_l2,HeavyAtomCount,31,selfies_len_tokens,0.9938120233033698,-0.006555256314934791,0.5512554112554113,0.3779361179361179
MolecuLA continuous OLS,native_l2,HeavyAtomCount,31,branch_token_count,0.8225002882371328,-0.24354615577002403,0.058701298701298706,-0.03315315315315322
MolecuLA continuous OLS,native_l2,HeavyAtomCount,31,ring_token_count,0.925132081948609,-0.031027316062495546,0.036190476190476197,0.009434889434889425
MolecuLA continuous OLS,native_l2,HeavyAtomCount,31,token_entropy,0.659269210687595,-0.5582990564655396,0.00724255617127171,-0.011089107809672377
MolecuLA continuous OLS,native_l2,HeavyAtomCount,32,selfies_len_tokens,0.9938120233033698,0.009177358840908709,0.49792207792207793,0.4204914004914003
MolecuLA continuous OLS,native_l2,HeavyAtomCount,32,branch_token_count,0.9382224740954759,-0.011973925233574136,0.05116883116883116,0.015577395577395538
MolecuLA continuous OLS,native_l2,HeavyAtomCount,32,ring_token_count,0.9666600721629001,0.10335733414495323,0.06554112554112554,0.05773955773955774
MolecuLA continuous OLS,native_l2,HeavyAtomCount,32,token_entropy,0.8867969167494396,-0.20294626199222374,0.008356976336622975,-0.007456947943035661
MolecuLA continuous OLS,native_l2,HeavyAtomCount,33,selfies_len_tokens,0.9849517095420821,0.040016063219089355,0.4261471861471861,0.4028173628173628
MolecuLA continuous OLS,native_l2,HeavyAtomCount,33,branch_token_count,0.9440686400617013,0.06494734676163336,0.039653679653679656,0.021130221130221123
MolecuLA continuous OLS,native_l2,HeavyAtomCount,33,ring_token_count,0.9642986770945565,0.11064222803017879,0.058614718614718626,0.06376740376740378
MolecuLA continuous OLS,native_l2,HeavyAtomCount,33,token_entropy,0.8575380740219811,-0.16680661642244607,0.005992805124975446,-0.0034940796846204287
MolecuLA continuous OLS,native_l2,HeavyAtomCount,34,selfies_len_tokens,0.9813190169292618,-0.07302581191388305,0.6428571428571429,0.19113841113841074
MolecuLA continuous OLS,native_l2,HeavyAtomCount,34,branch_token_count,0.9237358795207056,-0.14486595642431885,0.06337662337662338,-0.024438984438984488
MolecuLA continuous OLS,native_l2,HeavyAtomCount,34,ring_token_count,0.928735610861267,-0.10498769029980004,0.057316017316017306,-0.008157248157248206
MolecuLA continuous OLS,native_l2,HeavyAtomCount,34,token_entropy,0.4343306663196,-0.8460551099348324,0.004993286435503353,-0.01140491050753994
MolecuLA continuous OLS,native_l2,HeavyAtomCount,35,selfies_len_tokens,0.9869275424396534,0.0,0.5916883116883117,0.28609336609336583
MolecuLA continuous OLS,native_l2,HeavyAtomCount,35,branch_token_count,0.9689209572468184,-0.024975743019462406,0.05904761904761905,-0.015429975429975477
MolecuLA continuous OLS,native_l2,HeavyAtomCount,35,ring_token_count,0.9599697080204181,-0.010554539775791617,0.0683982683982684,0.01677313677313673
MolecuLA continuous OLS,native_l2,HeavyAtomCount,35,token_entropy,0.5673323793933625,-0.6832823611082904,0.007362902663127817,-0.011319399640389497
MolecuLA continuous OLS,native_l2,HeavyAtomCount,36,selfies_len_tokens,0.9902118361842988,-0.013158179499694483,0.5991341991341992,0.367239967239967
MolecuLA continuous OLS,native_l2,HeavyAtomCount,36,branch_token_count,0.9558345639386103,0.023575370998515005,0.07584415584415584,0.027387387387387368
MolecuLA continuous OLS,native_l2,HeavyAtomCount,36,ring_token_count,0.830571495491126,-0.17351621555595015,0.053852813852813854,-0.019492219492219562
MolecuLA continuous OLS,native_l2,HeavyAtomCount,36,token_entropy,0.6444582097717227,-0.6124623083254733,0.007531541536873499,-0.010995777576477656
MolecuLA continuous OLS,native_l2,HeavyAtomCount,37,selfies_len_tokens,0.9934852726704041,0.0,0.5500432900432901,0.32614250614250584
MolecuLA continuous OLS,native_l2,HeavyAtomCount,37,branch_token_count,0.9751010461947701,-0.01021790980152013,0.052900432900432906,0.006535626535626474
MolecuLA continuous OLS,native_l2,HeavyAtomCount,37,ring_token_count,0.9662090238816673,0.03827294947084098,0.0767965367965368,0.028779688779688745
MolecuLA continuous OLS,native_l2,HeavyAtomCount,37,token_entropy,0.6514692541617536,-0.5777777777777778,0.0065824689851092365,-0.009911103859148389
MolecuLA continuous OLS,native_l2,HeavyAtomCount,38,selfies_len_tokens,0.9898838971667989,0.014149729078901807,0.5482251082251083,0.3661916461916461
MolecuLA continuous OLS,native_l2,HeavyAtomCount,38,branch_token_count,0.8634919464450691,-0.18448555531180216,0.04043290043290044,-0.017968877968878017
MolecuLA continuous OLS,native_l2,HeavyAtomCount,38,ring_token_count,0.9624539168744733,0.036857270152607965,0.07584415584415584,0.030139230139230123
MolecuLA continuous OLS,native_l2,HeavyAtomCount,38,token_entropy,0.6780153231559046,-0.5395246656580849,0.005399371613834193,-0.006792263050370113
MolecuLA continuous OLS,native_l2,HeavyAtomCount,39,selfies_len_tokens,0.9888994276073163,0.01317564225389453,0.5456277056277057,0.46434070434070435
MolecuLA continuous OLS,native_l2,HeavyAtomCount,39,branch_token_count,0.9612505220764003,-0.005284310944913708,0.059826839826839825,0.022784602784602752
MolecuLA continuous OLS,native_l2,HeavyAtomCount,39,ring_token_count,0.9549477539207663,0.07922318362689149,0.04450216450216451,0.026404586404586407
MolecuLA continuous OLS,native_l2,HeavyAtomCount,39,token_entropy,0.7491573030641382,-0.413743781348574,0.007755049908146322,-0.00780745170511496
MolecuLA continuous OLS,native_l2,HeavyAtomCount,40,selfies_len_tokens,0.9944652024887743,-0.006878498263769696,0.5487445887445886,0.42656838656838647
MolecuLA continuous OLS,native_l2,HeavyAtomCount,40,branch_token_count,0.9176677767831369,-0.05355005451681766,0.049783549783549784,0.0010647010647010212
MolecuLA continuous OLS,native_l2,HeavyAtomCount,40,ring_token_count,0.9664067318810733,0.047879495316869594,0.0625974025974026,0.03782145782145781
MolecuLA continuous OLS,native_l2,HeavyAtomCount,40,token_entropy,0.6819382662021297,-0.5309972241340057,0.007593074818630088,-0.008678935318026014
MolecuLA continuous OLS,native_l2,HeavyAtomCount,41,selfies_len_tokens,0.9895558494702457,-0.0108626943081823,0.5932467532467532,0.3533824733824732
MolecuLA continuous OLS,native_l2,HeavyAtomCount,41,branch_token_count,0.9675244888563188,0.0036293314153383683,0.07792207792207792,0.018771498771498737
MolecuLA continuous OLS,native_l2,HeavyAtomCount,41,ring_token_count,0.9548156602402815,0.019610660153739124,0.07056277056277058,0.037461097461097444
MolecuLA continuous OLS,native_l2,HeavyAtomCount,41,token_entropy,0.680578869597471,-0.5732506131192573,0.0061421959808453715,-0.00806639998756863
MolecuLA continuous OLS,native_l2,HeavyAtomCount,42,selfies_len_tokens,0.9918499048577025,-0.022331962258621586,0.5880519480519482,0.34647010647010645
MolecuLA continuous OLS,native_l2,HeavyAtomCount,42,branch_token_count,0.966741976708921,-0.04679323380086026,0.05567099567099568,-0.007747747747747802
MolecuLA continuous OLS,native_l2,HeavyAtomCount,42,ring_token_count,0.9322870464663958,0.05717006010920558,0.05748917748917749,0.018214578214578205
MolecuLA continuous OLS,native_l2,HeavyAtomCount,42,token_entropy,0.6111838717671018,-0.6692772110972536,0.006255502215087976,-0.010929239250645402
MolecuLA continuous OLS,native_l2,HeavyAtomCount,43,selfies_len_tokens,0.9925043753379301,-0.003938335812010541,0.5469264069264069,0.4097788697788697
MolecuLA continuous OLS,native_l2,HeavyAtomCount,43,branch_token_count,0.9667425734146918,0.04653376985633013,0.07246753246753247,0.032252252252252235
MolecuLA continuous OLS,native_l2,HeavyAtomCount,43,ring_token_count,0.9572688422609589,0.09381981422501956,0.05844155844155843,0.04171990171990172
MolecuLA continuous OLS,native_l2,HeavyAtomCount,43,token_entropy,0.6793063161645991,-0.5583243296200543,0.0077633615435659855,-0.009173053166497731
MolecuLA continuous OLS,native_l2,HeavyAtomCount,44,selfies_len_tokens,0.9859409985014426,-0.03827294947084098,0.6245887445887446,0.24078624078624078
MolecuLA continuous OLS,native_l2,HeavyAtomCount,44,branch_token_count,0.745372222176092,-0.4388568222876202,0.058008658008658,-0.06663390663390673
MolecuLA continuous OLS,native_l2,HeavyAtomCount,44,ring_token_count,0.8927739728271438,-0.09848561953712058,0.04770562770562771,-0.003488943488943524
MolecuLA continuous OLS,native_l2,HeavyAtomCount,44,token_entropy,0.5110537480946191,-0.7553830511214616,0.004960707176616852,-0.009647550047692433
MolecuLA continuous OLS,native_l2,HeavyAtomCount,45,selfies_len_tokens,0.9944652024887743,-0.0042581179728098115,0.5518614718614718,0.3283538083538083
MolecuLA continuous OLS,native_l2,HeavyAtomCount,45,branch_token_count,0.9358871290186477,-0.017634249444146592,0.04701298701298701,-0.0058149058149058585
MolecuLA continuous OLS,native_l2,HeavyAtomCount,45,ring_token_count,0.9326023811774145,-0.022942258172666683,0.05186147186147186,-0.0027682227682228086
MolecuLA continuous OLS,native_l2,HeavyAtomCount,45,token_entropy,0.6095644995230287,-0.6053196518847846,0.00694436907217486,-0.010795455661913055
MolecuLA continuous OLS,native_l2,HeavyAtomCount,46,selfies_len_tokens,0.9915225076199143,-0.0183971003949429,0.5909090909090909,0.3517608517608517
MolecuLA continuous OLS,native_l2,HeavyAtomCount,46,branch_token_count,0.9938120233033698,0.01442156389285654,0.11523809523809525,0.06357084357084351
MolecuLA continuous OLS,native_l2,HeavyAtomCount,46,ring_token_count,0.9574815259896771,0.026904924553807205,0.06450216450216449,0.03569205569205566
MolecuLA continuous OLS,native_l2,HeavyAtomCount,46,token_entropy,0.6753637058457663,-0.5330282369562973,0.007201466661815118,-0.008670974180504892
MolecuLA continuous OLS,native_l2,HeavyAtomCount,47,selfies_len_tokens,0.9869275424396534,-0.03960590171906698,0.6322943722943722,0.3103194103194101
MolecuLA continuous OLS,native_l2,HeavyAtomCount,47,branch_token_count,0.847068828749247,-0.26553158368060037,0.05731601731601733,-0.0301392301392302
MolecuLA continuous OLS,native_l2,HeavyAtomCount,47,ring_token_count,0.9338753098230018,-0.059508115559397876,0.05523809523809523,0.009696969696969667
MolecuLA continuous OLS,native_l2,HeavyAtomCount,47,token_entropy,0.47582715691056193,-0.7829550279878107,0.005985265092363529,-0.01227992471221514
MolecuLA continuous OLS,native_l2,HeavyAtomCount,48,selfies_len_tokens,0.9865985117445816,0.0009904777572739912,0.5921212121212122,0.3515642915642913
MolecuLA continuous OLS,native_l2,HeavyAtomCount,48,branch_token_count,0.8441235681219214,-0.21439940482807832,0.03272727272727272,-0.017100737100737142
MolecuLA continuous OLS,native_l2,HeavyAtomCount,48,ring_token_count,0.8465247022999812,-0.18042356541503868,0.04562770562770563,-0.012694512694512734
MolecuLA continuous OLS,native_l2,HeavyAtomCount,48,token_entropy,0.617863529780453,-0.6333265224229556,0.006150807516112026,-0.008718416841386871
MolecuLA continuous OLS,native_l2,HeavyAtomCount,49,selfies_len_tokens,0.9934852726704041,0.0,0.5424242424242426,0.34042588042588035
MolecuLA continuous OLS,native_l2,HeavyAtomCount,49,branch_token_count,0.9823814418380359,-0.018021031765905506,0.053852813852813854,0.00972972972972969
MolecuLA continuous OLS,native_l2,HeavyAtomCount,49,ring_token_count,0.9626582203919357,0.09249151098236144,0.08121212121212122,0.06080262080262082
MolecuLA continuous OLS,native_l2,HeavyAtomCount,49,token_entropy,0.72443381062787,-0.49411764705882366,0.00723457660242008,-0.008514382210041315
MolecuLA continuous OLS,train_std_unit,HeavyAtomCount,0,selfies_len_tokens,0.3692744729379982,0.35195532247660055,0.0043290043290043125,0.008190008190008044
MolecuLA continuous OLS,train_std_unit,HeavyAtomCount,0,branch_token_count,,,0.0,0.0
MolecuLA continuous OLS,train_std_unit,HeavyAtomCount,0,ring_token_count,0.3692744729379982,0.35195532247660055,0.0017316017316017299,0.003276003276003253
MolecuLA continuous OLS,train_std_unit,HeavyAtomCount,0,token_entropy,0.3692744729379982,0.35195532247660055,4.3885545245638194e-06,8.302670722136481e-06
MolecuLA continuous OLS,train_std_unit,HeavyAtomCount,1,selfies_len_tokens,,,0.0,0.0
MolecuLA continuous OLS,train_std_unit,HeavyAtomCount,1,branch_token_count,,,0.0,0.0
MolecuLA continuous OLS,train_std_unit,HeavyAtomCount,1,ring_token_count,,,0.0,0.0
MolecuLA continuous OLS,train_std_unit,HeavyAtomCount,1,token_entropy,,,0.0,0.0
MolecuLA continuous OLS,train_std_unit,HeavyAtomCount,2,selfies_len_tokens,,,0.0,0.0
MolecuLA continuous OLS,train_std_unit,HeavyAtomCount,2,branch_token_count,,,0.0,0.0
MolecuLA continuous OLS,train_std_unit,HeavyAtomCount,2,ring_token_count,,,0.0,0.0
MolecuLA continuous OLS,train_std_unit,HeavyAtomCount,2,token_entropy,,,0.0,0.0
MolecuLA continuous OLS,train_std_unit,HeavyAtomCount,3,selfies_len_tokens,0.6083829962530759,0.5123878215470804,0.01255411255411254,0.02104832104832075
MolecuLA continuous OLS,train_std_unit,HeavyAtomCount,3,branch_token_count,,,0.0,0.0
MolecuLA continuous OLS,train_std_unit,HeavyAtomCount,3,ring_token_count,0.6067798762169179,0.5072996561958923,0.004675324675324676,0.007764127764127751
MolecuLA continuous OLS,train_std_unit,HeavyAtomCount,3,token_entropy,0.6083829962530759,0.5123878215470804,7.659555810984014e-05,0.0001305859648599462
MolecuLA continuous OLS,train_std_unit,HeavyAtomCount,4,selfies_len_tokens,0.3692744729379982,0.35195532247660055,0.005194805194805178,0.009828009828009514
MolecuLA continuous OLS,train_std_unit,HeavyAtomCount,4,branch_token_count,0.3692744729379982,0.35195532247660055,0.0008658008658008617,0.0016380016380015884
MolecuLA continuous OLS,train_std_unit,HeavyAtomCount,4,ring_token_count,,,0.0,0.0
MolecuLA continuous OLS,train_std_unit,HeavyAtomCount,4,token_entropy,-0.3692744729379982,-0.35195532247660055,-3.256715606001884e-05,-6.161353849194066e-05
MolecuLA continuous OLS,train_std_unit,HeavyAtomCount,5,selfies_len_tokens,0.9404337214368614,-0.007273694054959154,0.017316017316017267,-0.013955773955774187
MolecuLA continuous OLS,train_std_unit,HeavyAtomCount,5,branch_token_count,,,0.0,0.0
MolecuLA continuous OLS,train_std_unit,HeavyAtomCount,5,ring_token_count,0.6809084840390546,-0.5223935684606854,0.005887445887445886,-0.00897624897624904
MolecuLA continuous OLS,train_std_unit,HeavyAtomCount,5,token_entropy,-0.6255748543478682,-0.40005317302275345,-4.7147396166625534e-05,-0.00010809156251512857
MolecuLA continuous OLS,train_std_unit,HeavyAtomCount,6,selfies_len_tokens,0.3352426172007556,-0.5654188540646782,0.0048484848484848355,-0.0010483210483213236
MolecuLA continuous OLS,train_std_unit,HeavyAtomCount,6,branch_token_count,,,0.0,0.0
MolecuLA continuous OLS,train_std_unit,HeavyAtomCount,6,ring_token_count,0.3692744729379982,0.35195532247660055,0.0017316017316017299,0.0032760032760032545
MolecuLA continuous OLS,train_std_unit,HeavyAtomCount,6,token_entropy,-0.022349507813383705,0.8636371260697101,3.195751060387167e-05,0.00030660481564949964
MolecuLA continuous OLS,train_std_unit,HeavyAtomCount,7,selfies_len_tokens,,,0.0,0.0
MolecuLA continuous OLS,train_std_unit,HeavyAtomCount,7,branch_token_count,,,0.0,0.0
MolecuLA continuous OLS,train_std_unit,HeavyAtomCount,7,ring_token_count,,,0.0,0.0
MolecuLA continuous OLS,train_std_unit,HeavyAtomCount,7,token_entropy,,,0.0,0.0
MolecuLA continuous OLS,train_std_unit,HeavyAtomCount,8,selfies_len_tokens,0.3692744729379982,-0.35195532247660055,0.0043290043290043125,-0.008190008190008426
MolecuLA continuous OLS,train_std_unit,HeavyAtomCount,8,branch_token_count,,,0.0,0.0
MolecuLA continuous OLS,train_std_unit,HeavyAtomCount,8,ring_token_count,0.3692744729379982,-0.35195532247660055,0.0025974025974025952,-0.004914004914004965
MolecuLA continuous OLS,train_std_unit,HeavyAtomCount,8,token_entropy,0.3692744729379982,-0.35195532247660055,0.00010009667554313905,-0.00018937208886541718
MolecuLA continuous OLS,train_std_unit,HeavyAtomCount,9,selfies_len_tokens,,,0.0,0.0
MolecuLA continuous OLS,train_std_unit,HeavyAtomCount,9,branch_token_count,,,0.0,0.0
MolecuLA continuous OLS,train_std_unit,HeavyAtomCount,9,ring_token_count,,,0.0,0.0
MolecuLA continuous OLS,train_std_unit,HeavyAtomCount,9,token_entropy,,,0.0,0.0
MolecuLA continuous OLS,train_std_unit,HeavyAtomCount,10,selfies_len_tokens,0.5090097337879789,0.4569156703644136,0.00822510822510821,0.014660114660114267
MolecuLA continuous OLS,train_std_unit,HeavyAtomCount,10,branch_token_count,,,0.0,0.0
MolecuLA continuous OLS,train_std_unit,HeavyAtomCount,10,ring_token_count,0.5090097337879789,0.4569156703644136,0.00329004329004329,0.005864045864045849
MolecuLA continuous OLS,train_std_unit,HeavyAtomCount,10,token_entropy,0.5090097337879789,0.4569156703644136,9.618860919074464e-05,0.00017144285535702732
MolecuLA continuous OLS,train_std_unit,HeavyAtomCount,11,selfies_len_tokens,,,0.0,0.0
MolecuLA continuous OLS,train_std_unit,HeavyAtomCount,11,branch_token_count,,,0.0,0.0
MolecuLA continuous OLS,train_std_unit,HeavyAtomCount,11,ring_token_count,,,0.0,0.0
MolecuLA continuous OLS,train_std_unit,HeavyAtomCount,11,token_entropy,,,0.0,0.0
MolecuLA continuous OLS,train_std_unit,HeavyAtomCount,12,selfies_len_tokens,0.3692744729379982,0.35195532247660055,0.00432900432900433,0.008190008190007812
MolecuLA continuous OLS,train_std_unit,HeavyAtomCount,12,branch_token_count,0.3692744729379982,0.35195532247660055,0.0008658008658008659,0.0016380016380016028
MolecuLA continuous OLS,train_std_unit,HeavyAtomCount,12,ring_token_count,0.3692744729379982,0.35195532247660055,0.0017316017316017277,0.0032760032760032606
MolecuLA continuous OLS,train_std_unit,HeavyAtomCount,12,token_entropy,0.3692744729379982,0.35195532247660055,1.8566493736567457e-05,3.51257989610672e-05
MolecuLA continuous OLS,train_std_unit,HeavyAtomCount,13,selfies_len_tokens,,,0.0,0.0
MolecuLA continuous OLS,train_std_unit,HeavyAtomCount,13,branch_token_count,,,0.0,0.0
MolecuLA continuous OLS,train_std_unit,HeavyAtomCount,13,ring_token_count,,,0.0,0.0
MolecuLA continuous OLS,train_std_unit,HeavyAtomCount,13,token_entropy,,,0.0,0.0
MolecuLA continuous OLS,train_std_unit,HeavyAtomCount,14,selfies_len_tokens,0.3692744729379982,0.35195532247660055,0.010389610389610374,0.019656019656019336
MolecuLA continuous OLS,train_std_unit,HeavyAtomCount,14,branch_token_count,0.3692744729379982,0.35195532247660055,0.0017316017316017299,0.0032760032760032545
MolecuLA continuous OLS,train_std_unit,HeavyAtomCount,14,ring_token_count,0.3692744729379982,0.35195532247660055,0.0008658008658008649,0.0016380016380016051
MolecuLA continuous OLS,train_std_unit,HeavyAtomCount,14,token_entropy,-0.3692744729379982,-0.35195532247660055,-1.9890223979012245e-05,-3.763015347381667e-05
MolecuLA continuous OLS,train_std_unit,HeavyAtomCount,15,selfies_len_tokens,,,0.0,0.0
MolecuLA continuous OLS,train_std_unit,HeavyAtomCount,15,branch_token_count,,,0.0,0.0
MolecuLA continuous OLS,train_std_unit,HeavyAtomCount,15,ring_token_count,,,0.0,0.0
MolecuLA continuous OLS,train_std_unit,HeavyAtomCount,15,token_entropy,,,0.0,0.0
MolecuLA continuous OLS,train_std_unit,HeavyAtomCount,16,selfies_len_tokens,,,0.0,0.0
MolecuLA continuous OLS,train_std_unit,HeavyAtomCount,16,branch_token_count,,,0.0,0.0
MolecuLA continuous OLS,train_std_unit,HeavyAtomCount,16,ring_token_count,,,0.0,0.0
MolecuLA continuous OLS,train_std_unit,HeavyAtomCount,16,token_entropy,,,0.0,0.0
MolecuLA continuous OLS,train_std_unit,HeavyAtomCount,17,selfies_len_tokens,,,0.0,0.0
MolecuLA continuous OLS,train_std_unit,HeavyAtomCount,17,branch_token_count,,,0.0,0.0
MolecuLA continuous OLS,train_std_unit,HeavyAtomCount,17,ring_token_count,,,0.0,0.0
MolecuLA continuous OLS,train_std_unit,HeavyAtomCount,17,token_entropy,,,0.0,0.0
MolecuLA continuous OLS,train_std_unit,HeavyAtomCount,18,selfies_len_tokens,0.6847124716486248,0.0,0.016450216450216437,-2.3342678003486323e-16
MolecuLA continuous OLS,train_std_unit,HeavyAtomCount,18,branch_token_count,0.5090097337879789,-0.4569156703644136,0.001645021645021644,-0.0029320229320229808
MolecuLA continuous OLS,train_std_unit,HeavyAtomCount,18,ring_token_count,0.6847124716486248,0.0,0.006580086580086583,-3.257170816582885e-17
MolecuLA continuous OLS,train_std_unit,HeavyAtomCount,18,token_entropy,0.6847124716486248,0.0,0.00017200578077995572,-0.0002036836486448694
MolecuLA continuous OLS,train_std_unit,HeavyAtomCount,19,selfies_len_tokens,0.3692744729379982,0.35195532247660055,0.0043290043290043125,0.00819000819000798
MolecuLA continuous OLS,train_std_unit,HeavyAtomCount,19,branch_token_count,0.3692744729379982,0.35195532247660055,0.0008658008658008659,0.0016380016380015908
MolecuLA continuous OLS,train_std_unit,HeavyAtomCount,19,ring_token_count,0.3692744729379982,0.35195532247660055,0.0017316017316017299,0.0032760032760032103
MolecuLA continuous OLS,train_std_unit,HeavyAtomCount,19,token_entropy,0.3692744729379982,0.35195532247660055,8.46335608995583e-06,1.601175476477247e-05
MolecuLA continuous OLS,train_std_unit,HeavyAtomCount,20,selfies_len_tokens,0.3692744729379982,0.35195532247660055,0.0034632034632034636,0.006552006552005957
MolecuLA continuous OLS,train_std_unit,HeavyAtomCount,20,branch_token_count,,,0.0,0.0
MolecuLA continuous OLS,train_std_unit,HeavyAtomCount,20,ring_token_count,0.3692744729379982,0.35195532247660055,0.0017316017316017299,0.003276003276003253
MolecuLA continuous OLS,train_std_unit,HeavyAtomCount,20,token_entropy,0.3692744729379982,0.35195532247660055,7.530510548245877e-05,0.00014246911848031624
MolecuLA continuous OLS,train_std_unit,HeavyAtomCount,21,selfies_len_tokens,0.5090097337879789,0.4569156703644136,0.006580086580086568,0.011728091728091604
MolecuLA continuous OLS,train_std_unit,HeavyAtomCount,21,branch_token_count,0.5090097337879789,0.4569156703644136,0.001645021645021646,0.0029320229320228975
MolecuLA continuous OLS,train_std_unit,HeavyAtomCount,21,ring_token_count,,,0.0,0.0
MolecuLA continuous OLS,train_std_unit,HeavyAtomCount,21,token_entropy,-0.5090097337879789,-0.4569156703644136,-3.622381963427976e-05,-6.456393456864758e-05
MolecuLA continuous OLS,train_std_unit,HeavyAtomCount,22,selfies_len_tokens,,,0.0,0.0
MolecuLA continuous OLS,train_std_unit,HeavyAtomCount,22,branch_token_count,,,0.0,0.0
MolecuLA continuous OLS,train_std_unit,HeavyAtomCount,22,ring_token_count,,,0.0,0.0
MolecuLA continuous OLS,train_std_unit,HeavyAtomCount,22,token_entropy,,,0.0,0.0
MolecuLA continuous OLS,train_std_unit,HeavyAtomCount,23,selfies_len_tokens,,,0.0,0.0
MolecuLA continuous OLS,train_std_unit,HeavyAtomCount,23,branch_token_count,,,0.0,0.0
MolecuLA continuous OLS,train_std_unit,HeavyAtomCount,23,ring_token_count,,,0.0,0.0
MolecuLA continuous OLS,train_std_unit,HeavyAtomCount,23,token_entropy,,,0.0,0.0
MolecuLA continuous OLS,train_std_unit,HeavyAtomCount,24,selfies_len_tokens,,,0.0,0.0
MolecuLA continuous OLS,train_std_unit,HeavyAtomCount,24,branch_token_count,,,0.0,0.0
MolecuLA continuous OLS,train_std_unit,HeavyAtomCount,24,ring_token_count,,,0.0,0.0
MolecuLA continuous OLS,train_std_unit,HeavyAtomCount,24,token_entropy,,,0.0,0.0
MolecuLA continuous OLS,train_std_unit,HeavyAtomCount,25,selfies_len_tokens,0.3692744729379982,0.35195532247660055,0.0043290043290043125,0.008190008190007885
MolecuLA continuous OLS,train_std_unit,HeavyAtomCount,25,branch_token_count,,,0.0,0.0
MolecuLA continuous OLS,train_std_unit,HeavyAtomCount,25,ring_token_count,0.3692744729379982,0.35195532247660055,0.0017316017316017277,0.0032760032760032606
MolecuLA continuous OLS,train_std_unit,HeavyAtomCount,25,token_entropy,-0.3692744729379982,-0.35195532247660055,-7.221153031265642e-06,-1.3661640869977504e-05
MolecuLA continuous OLS,train_std_unit,HeavyAtomCount,26,selfies_len_tokens,,,0.0,0.0
MolecuLA continuous OLS,train_std_unit,HeavyAtomCount,26,branch_token_count,,,0.0,0.0
MolecuLA continuous OLS,train_std_unit,HeavyAtomCount,26,ring_token_count,,,0.0,0.0
MolecuLA continuous OLS,train_std_unit,HeavyAtomCount,26,token_entropy,,,0.0,0.0
MolecuLA continuous OLS,train_std_unit,HeavyAtomCount,27,selfies_len_tokens,,,0.0,0.0
MolecuLA continuous OLS,train_std_unit,HeavyAtomCount,27,branch_token_count,,,0.0,0.0
MolecuLA continuous OLS,train_std_unit,HeavyAtomCount,27,ring_token_count,,,0.0,0.0
MolecuLA continuous OLS,train_std_unit,HeavyAtomCount,27,token_entropy,,,0.0,0.0
MolecuLA continuous OLS,train_std_unit,HeavyAtomCount,28,selfies_len_tokens,,,0.0,0.0
MolecuLA continuous OLS,train_std_unit,HeavyAtomCount,28,branch_token_count,,,0.0,0.0
MolecuLA continuous OLS,train_std_unit,HeavyAtomCount,28,ring_token_count,,,0.0,0.0
MolecuLA continuous OLS,train_std_unit,HeavyAtomCount,28,token_entropy,,,0.0,0.0
MolecuLA continuous OLS,train_std_unit,HeavyAtomCount,29,selfies_len_tokens,,,0.0,0.0
MolecuLA continuous OLS,train_std_unit,HeavyAtomCount,29,branch_token_count,,,0.0,0.0
MolecuLA continuous OLS,train_std_unit,HeavyAtomCount,29,ring_token_count,,,0.0,0.0
MolecuLA continuous OLS,train_std_unit,HeavyAtomCount,29,token_entropy,,,0.0,0.0
MolecuLA continuous OLS,train_std_unit,HeavyAtomCount,30,selfies_len_tokens,0.5090097337879789,0.4569156703644136,0.00987012987012987,0.01759213759213739
MolecuLA continuous OLS,train_std_unit,HeavyAtomCount,30,branch_token_count,0.5090097337879789,0.4569156703644136,0.001645021645021642,0.002932022932022887
MolecuLA continuous OLS,train_std_unit,HeavyAtomCount,30,ring_token_count,,,0.0,0.0
MolecuLA continuous OLS,train_std_unit,HeavyAtomCount,30,token_entropy,0.5090097337879789,0.4569156703644136,1.246230619597841e-05,2.2212332380587816e-05
MolecuLA continuous OLS,train_std_unit,HeavyAtomCount,31,selfies_len_tokens,,,0.0,0.0
MolecuLA continuous OLS,train_std_unit,HeavyAtomCount,31,branch_token_count,,,0.0,0.0
MolecuLA continuous OLS,train_std_unit,HeavyAtomCount,31,ring_token_count,,,0.0,0.0
MolecuLA continuous OLS,train_std_unit,HeavyAtomCount,31,token_entropy,,,0.0,0.0
MolecuLA continuous OLS,train_std_unit,HeavyAtomCount,32,selfies_len_tokens,,,0.0,0.0
MolecuLA continuous OLS,train_std_unit,HeavyAtomCount,32,branch_token_count,,,0.0,0.0
MolecuLA continuous OLS,train_std_unit,HeavyAtomCount,32,ring_token_count,,,0.0,0.0
MolecuLA continuous OLS,train_std_unit,HeavyAtomCount,32,token_entropy,,,0.0,0.0
MolecuLA continuous OLS,train_std_unit,HeavyAtomCount,33,selfies_len_tokens,,,0.0,0.0
MolecuLA continuous OLS,train_std_unit,HeavyAtomCount,33,branch_token_count,,,0.0,0.0
MolecuLA continuous OLS,train_std_unit,HeavyAtomCount,33,ring_token_count,,,0.0,0.0
MolecuLA continuous OLS,train_std_unit,HeavyAtomCount,33,token_entropy,,,0.0,0.0
MolecuLA continuous OLS,train_std_unit,HeavyAtomCount,34,selfies_len_tokens,0.7765245846861575,-0.3483816212746701,0.005021645021644982,-0.0037346437346440268
MolecuLA continuous OLS,train_std_unit,HeavyAtomCount,34,branch_token_count,,,0.0,0.0
MolecuLA continuous OLS,train_std_unit,HeavyAtomCount,34,ring_token_count,,,0.0,0.0
MolecuLA continuous OLS,train_std_unit,HeavyAtomCount,34,token_entropy,0.7201115233494088,0.2367524210604733,7.951155214072994e-05,0.00010655309962339869
MolecuLA continuous OLS,train_std_unit,HeavyAtomCount,35,selfies_len_tokens,0.7956864226043343,0.0049125075078907485,0.01748917748917748,-0.008976248976249256
MolecuLA continuous OLS,train_std_unit,HeavyAtomCount,35,branch_token_count,0.6837634587578277,-0.2658228069708888,0.003203463203463202,-0.002244062244062284
MolecuLA continuous OLS,train_std_unit,HeavyAtomCount,35,ring_token_count,0.6837634587578277,-0.2658228069708888,0.006406926406926406,-0.004488124488124539
MolecuLA continuous OLS,train_std_unit,HeavyAtomCount,35,token_entropy,0.37948121693437475,-0.4617757057417303,9.654560032434663e-05,-0.00019540739688610797
MolecuLA continuous OLS,train_std_unit,HeavyAtomCount,36,selfies_len_tokens,,,0.0,0.0
MolecuLA continuous OLS,train_std_unit,HeavyAtomCount,36,branch_token_count,,,0.0,0.0
MolecuLA continuous OLS,train_std_unit,HeavyAtomCount,36,ring_token_count,,,0.0,0.0
MolecuLA continuous OLS,train_std_unit,HeavyAtomCount,36,token_entropy,,,0.0,0.0
MolecuLA continuous OLS,train_std_unit,HeavyAtomCount,37,selfies_len_tokens,,,0.0,0.0
MolecuLA continuous OLS,train_std_unit,HeavyAtomCount,37,branch_token_count,,,0.0,0.0
MolecuLA continuous OLS,train_std_unit,HeavyAtomCount,37,ring_token_count,,,0.0,0.0
MolecuLA continuous OLS,train_std_unit,HeavyAtomCount,37,token_entropy,,,0.0,0.0
MolecuLA continuous OLS,train_std_unit,HeavyAtomCount,38,selfies_len_tokens,0.3692744729379982,0.35195532247660055,0.009523809523809518,0.018018018018017837
MolecuLA continuous OLS,train_std_unit,HeavyAtomCount,38,branch_token_count,0.3692744729379982,0.35195532247660055,0.0008658008658008659,0.0016380016380015908
MolecuLA continuous OLS,train_std_unit,HeavyAtomCount,38,ring_token_count,0.3692744729379982,0.35195532247660055,0.0017316017316017299,0.003276003276003253
MolecuLA continuous OLS,train_std_unit,HeavyAtomCount,38,token_entropy,0.3692744729379982,0.35195532247660055,6.07730171965051e-05,0.00011497597847986048
MolecuLA continuous OLS,train_std_unit,HeavyAtomCount,39,selfies_len_tokens,,,0.0,0.0
MolecuLA continuous OLS,train_std_unit,HeavyAtomCount,39,branch_token_count,,,0.0,0.0
MolecuLA continuous OLS,train_std_unit,HeavyAtomCount,39,ring_token_count,,,0.0,0.0
MolecuLA continuous OLS,train_std_unit,HeavyAtomCount,39,token_entropy,,,0.0,0.0
MolecuLA continuous OLS,train_std_unit,HeavyAtomCount,40,selfies_len_tokens,,,0.0,0.0
MolecuLA continuous OLS,train_std_unit,HeavyAtomCount,40,branch_token_count,,,0.0,0.0
MolecuLA continuous OLS,train_std_unit,HeavyAtomCount,40,ring_token_count,,,0.0,0.0
MolecuLA continuous OLS,train_std_unit,HeavyAtomCount,40,token_entropy,,,0.0,0.0
MolecuLA continuous OLS,train_std_unit,HeavyAtomCount,41,selfies_len_tokens,,,0.0,0.0
MolecuLA continuous OLS,train_std_unit,HeavyAtomCount,41,branch_token_count,,,0.0,0.0
MolecuLA continuous OLS,train_std_unit,HeavyAtomCount,41,ring_token_count,,,0.0,0.0
MolecuLA continuous OLS,train_std_unit,HeavyAtomCount,41,token_entropy,,,0.0,0.0
MolecuLA continuous OLS,train_std_unit,HeavyAtomCount,42,selfies_len_tokens,0.3692744729379982,0.35195532247660055,0.0043290043290043125,0.008190008190007949
MolecuLA continuous OLS,train_std_unit,HeavyAtomCount,42,branch_token_count,,,0.0,0.0
MolecuLA continuous OLS,train_std_unit,HeavyAtomCount,42,ring_token_count,0.3692744729379982,0.35195532247660055,0.0017316017316017299,0.003276003276003253
MolecuLA continuous OLS,train_std_unit,HeavyAtomCount,42,token_entropy,-0.3692744729379982,-0.35195532247660055,-1.7549750023181167e-05,-3.3202229773594064e-05
MolecuLA continuous OLS,train_std_unit,HeavyAtomCount,43,selfies_len_tokens,,,0.0,0.0
MolecuLA continuous OLS,train_std_unit,HeavyAtomCount,43,branch_token_count,,,0.0,0.0
MolecuLA continuous OLS,train_std_unit,HeavyAtomCount,43,ring_token_count,,,0.0,0.0
MolecuLA continuous OLS,train_std_unit,HeavyAtomCount,43,token_entropy,,,0.0,0.0
MolecuLA continuous OLS,train_std_unit,HeavyAtomCount,44,selfies_len_tokens,,,0.0,0.0
MolecuLA continuous OLS,train_std_unit,HeavyAtomCount,44,branch_token_count,,,0.0,0.0
MolecuLA continuous OLS,train_std_unit,HeavyAtomCount,44,ring_token_count,,,0.0,0.0
MolecuLA continuous OLS,train_std_unit,HeavyAtomCount,44,token_entropy,,,0.0,0.0
MolecuLA continuous OLS,train_std_unit,HeavyAtomCount,45,selfies_len_tokens,,,0.0,0.0
MolecuLA continuous OLS,train_std_unit,HeavyAtomCount,45,branch_token_count,,,0.0,0.0
MolecuLA continuous OLS,train_std_unit,HeavyAtomCount,45,ring_token_count,,,0.0,0.0
MolecuLA continuous OLS,train_std_unit,HeavyAtomCount,45,token_entropy,,,0.0,0.0
MolecuLA continuous OLS,train_std_unit,HeavyAtomCount,46,selfies_len_tokens,0.5090097337879789,0.4569156703644136,0.00987012987012987,0.017592137592137274
MolecuLA continuous OLS,train_std_unit,HeavyAtomCount,46,branch_token_count,0.5090097337879789,0.4569156703644136,0.001645021645021646,0.0029320229320228806
MolecuLA continuous OLS,train_std_unit,HeavyAtomCount,46,ring_token_count,,,0.0,0.0
MolecuLA continuous OLS,train_std_unit,HeavyAtomCount,46,token_entropy,0.5090097337879789,0.4569156703644136,1.5849748773623552e-05,2.824997896635354e-05
MolecuLA continuous OLS,train_std_unit,HeavyAtomCount,47,selfies_len_tokens,0.7969096153673484,0.18230128094401646,0.017142857142857123,0.0009500409500406788
MolecuLA continuous OLS,train_std_unit,HeavyAtomCount,47,branch_token_count,0.5090097337879789,-0.4569156703644136,0.001645021645021646,-0.002932022932022996
MolecuLA continuous OLS,train_std_unit,HeavyAtomCount,47,ring_token_count,0.6083829962530759,-0.17079594051569344,0.005021645021645024,-0.0025880425880426125
MolecuLA continuous OLS,train_std_unit,HeavyAtomCount,47,token_entropy,0.3813432515254796,-0.17903130281049148,0.00016977502709018775,-0.00020652047655162696
MolecuLA continuous OLS,train_std_unit,HeavyAtomCount,48,selfies_len_tokens,,,0.0,0.0
MolecuLA continuous OLS,train_std_unit,HeavyAtomCount,48,branch_token_count,,,0.0,0.0
MolecuLA continuous OLS,train_std_unit,HeavyAtomCount,48,ring_token_count,,,0.0,0.0
MolecuLA continuous OLS,train_std_unit,HeavyAtomCount,48,token_entropy,,,0.0,0.0
MolecuLA continuous OLS,train_std_unit,HeavyAtomCount,49,selfies_len_tokens,,,0.0,0.0
MolecuLA continuous OLS,train_std_unit,HeavyAtomCount,49,branch_token_count,,,0.0,0.0
MolecuLA continuous OLS,train_std_unit,HeavyAtomCount,49,ring_token_count,,,0.0,0.0
MolecuLA continuous OLS,train_std_unit,HeavyAtomCount,49,token_entropy,,,0.0,0.0
ChemSpacE adapted extreme-SVM,native_l2,FractionCSP3,0,selfies_len_tokens,-0.004265614232487918,0.6066235822967462,-0.00242424242424252,0.5207207207207203
ChemSpacE adapted extreme-SVM,native_l2,FractionCSP3,0,branch_token_count,-0.002132807116243959,-0.6098332308803268,-0.00025974025974025974,-0.022817362817362834
ChemSpacE adapted extreme-SVM,native_l2,FractionCSP3,0,ring_token_count,-0.004265614232487918,-0.6066235822967462,-0.0007792207792207792,-0.027960687960687992
ChemSpacE adapted extreme-SVM,native_l2,FractionCSP3,0,token_entropy,-0.6758316931834357,-0.35464444441459625,-0.0012614898375293052,-0.006527009022979514
ChemSpacE adapted extreme-SVM,native_l2,FractionCSP3,1,selfies_len_tokens,-0.004265614232487918,0.6066235822967462,-0.002164502164502182,0.5808517608517602
ChemSpacE adapted extreme-SVM,native_l2,FractionCSP3,1,branch_token_count,-0.004265614232487918,-0.6066235822967462,-0.0003463203463203464,-0.014152334152334163
ChemSpacE adapted extreme-SVM,native_l2,FractionCSP3,1,ring_token_count,-0.004265614232487918,-0.6066235822967462,-0.0005194805194805196,-0.01526617526617528
ChemSpacE adapted extreme-SVM,native_l2,FractionCSP3,1,token_entropy,-0.7315581350545827,-0.24646389001204289,-0.0014284231600256827,-0.005330858833794471
ChemSpacE adapted extreme-SVM,native_l2,FractionCSP3,2,selfies_len_tokens,-0.002132807116243959,0.6098332308803268,-0.00043290043290045003,0.6228828828828825
ChemSpacE adapted extreme-SVM,native_l2,FractionCSP3,2,branch_token_count,-0.028030595529069405,-0.494692417806554,-0.00025974025974025974,-0.007977067977067983
ChemSpacE adapted extreme-SVM,native_l2,FractionCSP3,2,ring_token_count,-0.028030595529069405,-0.494692417806554,-0.0005194805194805195,-0.012350532350532361
ChemSpacE adapted extreme-SVM,native_l2,FractionCSP3,2,token_entropy,-0.7931824111708257,-0.09222272004606179,-0.00047712499220649865,-0.004801292784571466
ChemSpacE adapted extreme-SVM,native_l2,FractionCSP3,3,selfies_len_tokens,-0.002132807116243959,0.6098332308803268,-0.00034632034632036004,0.5050286650286645
ChemSpacE adapted extreme-SVM,native_l2,FractionCSP3,3,branch_token_count,-0.003202015769753031,-0.6087617064775657,-0.0001731601731601732,-0.04425880425880429
ChemSpacE adapted extreme-SVM,native_l2,FractionCSP3,3,ring_token_count,-0.004265614232487918,-0.6066235822967462,-0.0006060606060606061,-0.021441441441441462
ChemSpacE adapted extreme-SVM,native_l2,FractionCSP3,3,token_entropy,-0.7189192343840606,-0.2724324144427397,-0.0009997839464303828,-0.007131883885294086
ChemSpacE adapted extreme-SVM,native_l2,FractionCSP3,4,selfies_len_tokens,0.0,0.6103679378930738,0.0,0.5097461097461089
ChemSpacE adapted extreme-SVM,native_l2,FractionCSP3,4,branch_token_count,-0.002132807116243959,-0.6098332308803268,-0.00025974025974025974,-0.027534807534807557
ChemSpacE adapted extreme-SVM,native_l2,FractionCSP3,4,ring_token_count,-0.004265614232487918,-0.6066235822967462,-0.00043290043290043295,-0.02504504504504506
ChemSpacE adapted extreme-SVM,native_l2,FractionCSP3,4,token_entropy,-0.6104028948328025,-0.3743563670547815,-0.001210069293636406,-0.005660568571867423
ChemSpacE adapted extreme-SVM,native_l2,FractionCSP3,5,selfies_len_tokens,-0.025482359571881278,0.4985272427507908,-0.008398268398268459,0.3179852579852569
ChemSpacE adapted extreme-SVM,native_l2,FractionCSP3,5,branch_token_count,-0.002132807116243959,-0.6098332308803268,-0.00025974025974025974,-0.038771498771498804
ChemSpacE adapted extreme-SVM,native_l2,FractionCSP3,5,ring_token_count,-0.004265614232487918,-0.6066235822967462,-0.0008658008658008659,-0.03954135954135958
ChemSpacE adapted extreme-SVM,native_l2,FractionCSP3,5,token_entropy,-0.7352120215655691,-0.2397405247096109,-0.001367879855879647,-0.0057090912007027785
ChemSpacE adapted extreme-SVM,native_l2,FractionCSP3,6,selfies_len_tokens,-0.003202015769753031,0.6087617064775657,-0.0012121212121211917,0.47963963963963857
ChemSpacE adapted extreme-SVM,native_l2,FractionCSP3,6,branch_token_count,0.002132807116243959,-0.6098332308803268,8.658008658008658e-05,-0.01809991809991811
ChemSpacE adapted extreme-SVM,native_l2,FractionCSP3,6,ring_token_count,-0.004265614232487918,-0.6066235822967462,-0.0009523809523809524,-0.02615888615888618
ChemSpacE adapted extreme-SVM,native_l2,FractionCSP3,6,token_entropy,-0.5969309488019159,-0.39051295615689935,-0.0011936494314241143,-0.006650538831382548
ChemSpacE adapted extreme-SVM,native_l2,FractionCSP3,7,selfies_len_tokens,-0.002132807116243959,0.6098332308803268,-0.001125541125541102,0.5981818181818178
ChemSpacE adapted extreme-SVM,native_l2,FractionCSP3,7,branch_token_count,-0.004265614232487918,-0.6066235822967462,-0.0003463203463203464,-0.014152334152334163
ChemSpacE adapted extreme-SVM,native_l2,FractionCSP3,7,ring_token_count,-0.004265614232487918,-0.6066235822967462,-0.0005194805194805196,-0.01526617526617528
ChemSpacE adapted extreme-SVM,native_l2,FractionCSP3,7,token_entropy,-0.7310220961441027,-0.2542660446475448,-0.0008035406863837151,-0.0059857590157750325
ChemSpacE adapted extreme-SVM,native_l2,FractionCSP3,8,selfies_len_tokens,0.025482359571881278,0.4985272427507908,0.00900432900432902,0.35521703521703446
ChemSpacE adapted extreme-SVM,native_l2,FractionCSP3,8,branch_token_count,-0.02678998598884099,-0.4972317589259795,-0.0006060606060606062,-0.022817362817362834
ChemSpacE adapted extreme-SVM,native_l2,FractionCSP3,8,ring_token_count,-0.004265614232487918,-0.6066235822967462,-0.0006926406926406927,-0.02538902538902541
ChemSpacE adapted extreme-SVM,native_l2,FractionCSP3,8,token_entropy,-0.8041548608086319,-0.15255948500105732,-0.0008718410079719835,-0.004948633760085306
ChemSpacE adapted extreme-SVM,native_l2,FractionCSP3,9,selfies_len_tokens,0.025482359571881278,0.4985272427507908,0.009956709956709942,0.4126945126945119
ChemSpacE adapted extreme-SVM,native_l2,FractionCSP3,9,branch_token_count,-0.028030595529069405,-0.494692417806554,-0.00043290043290043295,-0.014496314496314507
ChemSpacE adapted extreme-SVM,native_l2,FractionCSP3,9,ring_token_count,-0.028030595529069405,-0.494692417806554,-0.0005194805194805195,-0.010548730548730558
ChemSpacE adapted extreme-SVM,native_l2,FractionCSP3,9,token_entropy,-0.6347549144518069,-0.3587751540664093,-0.0012375587521546935,-0.005548763761540842
ChemSpacE adapted extreme-SVM,native_l2,FractionCSP3,10,selfies_len_tokens,-0.004265614232487918,0.6066235822967462,-0.001558441558441552,0.5011629811629802
ChemSpacE adapted extreme-SVM,native_l2,FractionCSP3,10,branch_token_count,-0.002132807116243959,-0.6098332308803268,-0.00043290043290043295,-0.029336609336609365
ChemSpacE adapted extreme-SVM,native_l2,FractionCSP3,10,ring_token_count,-0.028030595529069405,-0.494692417806554,-0.0007792207792207792,-0.018525798525798543
ChemSpacE adapted extreme-SVM,native_l2,FractionCSP3,10,token_entropy,-0.7501470764819518,-0.21522160740976434,-0.001336196980409145,-0.005973899714419312
ChemSpacE adapted extreme-SVM,native_l2,FractionCSP3,11,selfies_len_tokens,0.025482359571881278,0.4985272427507908,0.00978354978354976,0.40437346437346333
ChemSpacE adapted extreme-SVM,native_l2,FractionCSP3,11,branch_token_count,-0.028030595529069405,-0.494692417806554,-0.0003463203463203464,-0.011236691236691247
ChemSpacE adapted extreme-SVM,native_l2,FractionCSP3,11,ring_token_count,-0.028030595529069405,-0.494692417806554,-0.0006060606060606062,-0.01380835380835382
ChemSpacE adapted extreme-SVM,native_l2,FractionCSP3,11,token_entropy,-0.804549222515985,-0.1511304859212884,-0.0011739662028323352,-0.0037719046992067376
ChemSpacE adapted extreme-SVM,native_l2,FractionCSP3,12,selfies_len_tokens,-0.002132807116243959,0.6098332308803268,-0.00043290043290045003,0.4898443898443892
ChemSpacE adapted extreme-SVM,native_l2,FractionCSP3,12,branch_token_count,-0.003202015769753031,-0.6087617064775657,-0.00043290043290043285,-0.03516789516789519
ChemSpacE adapted extreme-SVM,native_l2,FractionCSP3,12,ring_token_count,-0.004265614232487918,-0.6066235822967462,-0.0006926406926406927,-0.03302211302211305
ChemSpacE adapted extreme-SVM,native_l2,FractionCSP3,12,token_entropy,-0.6120605350618722,-0.3663646284793525,-0.0013103545500608162,-0.006012743237185134
ChemSpacE adapted extreme-SVM,native_l2,FractionCSP3,13,selfies_len_tokens,-0.002132807116243959,0.6098332308803268,-0.0010389610389610119,0.6007534807534801
ChemSpacE adapted extreme-SVM,native_l2,FractionCSP3,13,branch_token_count,-0.003202015769753031,-0.6055492436465496,-0.0001731601731601732,-0.017067977067977084
ChemSpacE adapted extreme-SVM,native_l2,FractionCSP3,13,ring_token_count,-0.028030595529069405,-0.494692417806554,-0.0003463203463203464,-0.00763308763308764
ChemSpacE adapted extreme-SVM,native_l2,FractionCSP3,13,token_entropy,-0.5896245778943945,-0.40470729870276834,-0.001299047508124759,-0.005241838301140107
ChemSpacE adapted extreme-SVM,native_l2,FractionCSP3,14,selfies_len_tokens,-0.004265614232487918,0.6066235822967462,-0.001558441558441552,0.5474856674856668
ChemSpacE adapted extreme-SVM,native_l2,FractionCSP3,14,branch_token_count,0.0,-0.6103679378930738,0.0,-0.01595413595413597
ChemSpacE adapted extreme-SVM,native_l2,FractionCSP3,14,ring_token_count,-0.004265614232487918,-0.6066235822967462,-0.0005194805194805195,-0.0217854217854218
ChemSpacE adapted extreme-SVM,native_l2,FractionCSP3,14,token_entropy,-0.47413211170170066,-0.5164917381597164,-0.0013055512771288265,-0.0072828712958660675
ChemSpacE adapted extreme-SVM,native_l2,FractionCSP3,15,selfies_len_tokens,-0.004265614232487918,0.6066235822967462,-0.001904761904761912,0.5710728910728906
ChemSpacE adapted extreme-SVM,native_l2,FractionCSP3,15,branch_token_count,-0.02678998598884099,-0.4972317589259795,-0.00025974025974025974,-0.009778869778869787
ChemSpacE adapted extreme-SVM,native_l2,FractionCSP3,15,ring_token_count,-0.004265614232487918,-0.6066235822967462,-0.0005194805194805196,-0.017067977067977084
ChemSpacE adapted extreme-SVM,native_l2,FractionCSP3,15,token_entropy,-0.4848364796307525,-0.5012009441716245,-0.0011540953097576038,-0.0059255532271913535
ChemSpacE adapted extreme-SVM,native_l2,FractionCSP3,16,selfies_len_tokens,-0.004265614232487918,0.6066235822967462,-0.002251082251082204,0.5472235872235861
ChemSpacE adapted extreme-SVM,native_l2,FractionCSP3,16,branch_token_count,-0.002132807116243959,-0.6098332308803268,-8.658008658008658e-05,-0.016298116298116314
ChemSpacE adapted extreme-SVM,native_l2,FractionCSP3,16,ring_token_count,-0.028030595529069405,-0.494692417806554,-0.0009523809523809525,-0.026846846846846868
ChemSpacE adapted extreme-SVM,native_l2,FractionCSP3,16,token_entropy,-0.4764167433708841,-0.5124638867372789,-0.001255766014827954,-0.006988643343134218
ChemSpacE adapted extreme-SVM,native_l2,FractionCSP3,17,selfies_len_tokens,0.025482359571881278,0.4985272427507908,0.00709956709956704,0.28891072891072783
ChemSpacE adapted extreme-SVM,native_l2,FractionCSP3,17,branch_token_count,-0.002132807116243959,-0.6098332308803268,-0.0006060606060606062,-0.03877149877149881
ChemSpacE adapted extreme-SVM,native_l2,FractionCSP3,17,ring_token_count,-0.004265614232487918,-0.6066235822967462,-0.0009523809523809524,-0.03336609336609339
ChemSpacE adapted extreme-SVM,native_l2,FractionCSP3,17,token_entropy,-0.6359059424277145,-0.3307280807409441,-0.0014915802717356528,-0.006080490746891741
ChemSpacE adapted extreme-SVM,native_l2,FractionCSP3,18,selfies_len_tokens,-0.004265614232487918,0.6066235822967462,-0.0006926406926407201,0.5094840294840285
ChemSpacE adapted extreme-SVM,native_l2,FractionCSP3,18,branch_token_count,0.002132807116243959,-0.6098332308803268,8.658008658008655e-05,-0.030450450450450476
ChemSpacE adapted extreme-SVM,native_l2,FractionCSP3,18,ring_token_count,-0.004265614232487918,-0.6066235822967462,-0.0006060606060606061,-0.02504504504504506
ChemSpacE adapted extreme-SVM,native_l2,FractionCSP3,18,token_entropy,-0.7363613135072375,-0.2337946168370005,-0.0013837889050008951,-0.006709161418644716
ChemSpacE adapted extreme-SVM,native_l2,FractionCSP3,19,selfies_len_tokens,-0.004265614232487918,0.6066235822967462,-0.0014718614718614619,0.5217526617526611
ChemSpacE adapted extreme-SVM,native_l2,FractionCSP3,19,branch_token_count,-0.002132807116243959,-0.6098332308803268,-0.0003463203463203464,-0.019557739557739574
ChemSpacE adapted extreme-SVM,native_l2,FractionCSP3,19,ring_token_count,-0.004265614232487918,-0.6066235822967462,-0.0006060606060606061,-0.039197379197379235
ChemSpacE adapted extreme-SVM,native_l2,FractionCSP3,19,token_entropy,-0.5928046980037459,-0.39879238278920115,-0.0011367987007355866,-0.007520966924362434
ChemSpacE adapted extreme-SVM,native_l2,FractionCSP3,20,selfies_len_tokens,0.0,0.3704792868174742,0.0,0.1729729729729726
ChemSpacE adapted extreme-SVM,native_l2,FractionCSP3,20,branch_token_count,-0.002132807116243959,-0.6098332308803268,-0.00043290043290043295,-0.03294021294021296
ChemSpacE adapted extreme-SVM,native_l2,FractionCSP3,20,ring_token_count,-0.028030595529069405,-0.494692417806554,-0.0009523809523809525,-0.02504504504504506
ChemSpacE adapted extreme-SVM,native_l2,FractionCSP3,20,token_entropy,-0.6313187554125361,-0.33982795637101576,-0.0011813073795828915,-0.004852368637258317
ChemSpacE adapted extreme-SVM,native_l2,FractionCSP3,21,selfies_len_tokens,-0.002132807116243959,0.6098332308803268,-0.0005194805194805401,0.483669123669123
ChemSpacE adapted extreme-SVM,native_l2,FractionCSP3,21,branch_token_count,0.0,-0.6103679378930738,0.0,-0.021359541359541382
ChemSpacE adapted extreme-SVM,native_l2,FractionCSP3,21,ring_token_count,-0.004265614232487918,-0.6066235822967462,-0.00043290043290043306,-0.040999180999181026
ChemSpacE adapted extreme-SVM,native_l2,FractionCSP3,21,token_entropy,-0.7246983328241333,-0.27625636473164433,-0.000354804421906597,-0.006915510345707478
ChemSpacE adapted extreme-SVM,native_l2,FractionCSP3,22,selfies_len_tokens,0.025482359571881278,0.4985272427507908,0.008484848484848411,0.3356592956592946
ChemSpacE adapted extreme-SVM,native_l2,FractionCSP3,22,branch_token_count,-0.002132807116243959,-0.6098332308803268,-0.0003463203463203464,-0.030794430794430814
ChemSpacE adapted extreme-SVM,native_l2,FractionCSP3,22,ring_token_count,-0.004265614232487918,-0.6066235822967462,-0.0008658008658008659,-0.028304668304668327
ChemSpacE adapted extreme-SVM,native_l2,FractionCSP3,22,token_entropy,-0.5932763946680588,-0.41451036070521236,-0.0012679627860035594,-0.005906073892827212
ChemSpacE adapted extreme-SVM,native_l2,FractionCSP3,23,selfies_len_tokens,-0.003202015769753031,0.6087617064775657,-0.001558441558441552,0.5681572481572476
ChemSpacE adapted extreme-SVM,native_l2,FractionCSP3,23,branch_token_count,-0.004265614232487918,-0.6066235822967462,-0.0003463203463203464,-0.015954135954135966
ChemSpacE adapted extreme-SVM,native_l2,FractionCSP3,23,ring_token_count,-0.028030595529069405,-0.494692417806554,-0.00043290043290043295,-0.009090909090909094
ChemSpacE adapted extreme-SVM,native_l2,FractionCSP3,23,token_entropy,-0.7473730097577639,-0.22760912061191513,-0.0010407146341209219,-0.004928927389885612
ChemSpacE adapted extreme-SVM,native_l2,FractionCSP3,24,selfies_len_tokens,0.025482359571881278,0.4985272427507908,0.009264069264069289,0.386617526617526
ChemSpacE adapted extreme-SVM,native_l2,FractionCSP3,24,branch_token_count,-0.028030595529069405,-0.494692417806554,-0.0003463203463203464,-0.011236691236691247
ChemSpacE adapted extreme-SVM,native_l2,FractionCSP3,24,ring_token_count,-0.004265614232487918,-0.6066235822967462,-0.0006060606060606062,-0.01672399672399674
ChemSpacE adapted extreme-SVM,native_l2,FractionCSP3,24,token_entropy,-0.7596361949680098,-0.20778730530336995,-0.0008583009560586233,-0.0043807682472753046
ChemSpacE adapted extreme-SVM,native_l2,FractionCSP3,25,selfies_len_tokens,-0.004265614232487918,0.6066235822967462,-0.0010389610389610119,0.47895167895167867
ChemSpacE adapted extreme-SVM,native_l2,FractionCSP3,25,branch_token_count,-0.002132807116243959,-0.6098332308803268,-0.0001731601731601732,-0.03371007371007374
ChemSpacE adapted extreme-SVM,native_l2,FractionCSP3,25,ring_token_count,-0.004265614232487918,-0.6066235822967462,-0.0005194805194805195,-0.03302211302211305
ChemSpacE adapted extreme-SVM,native_l2,FractionCSP3,25,token_entropy,-0.591860509185968,-0.40184497492949783,-0.0013920511891834116,-0.006954386217150182
ChemSpacE adapted extreme-SVM,native_l2,FractionCSP3,26,selfies_len_tokens,-0.004265614232487918,0.6066235822967462,-0.002164502164502182,0.5565765765765759
ChemSpacE adapted extreme-SVM,native_l2,FractionCSP3,26,branch_token_count,-0.003202015769753031,-0.6087617064775657,-0.00025974025974025974,-0.01921375921375923
ChemSpacE adapted extreme-SVM,native_l2,FractionCSP3,26,ring_token_count,-0.028030595529069405,-0.494692417806554,-0.0006926406926406927,-0.017067977067977084
ChemSpacE adapted extreme-SVM,native_l2,FractionCSP3,26,token_entropy,-0.30194762968130157,-0.6401879922314496,-0.0009367106264122563,-0.007419059182535136
ChemSpacE adapted extreme-SVM,native_l2,FractionCSP3,27,selfies_len_tokens,0.025482359571881278,0.4985272427507908,0.008744588744588682,0.34723996723996625
ChemSpacE adapted extreme-SVM,native_l2,FractionCSP3,27,branch_token_count,-0.003202015769753031,-0.6087617064775657,-0.0003463203463203464,-0.03190827190827193
ChemSpacE adapted extreme-SVM,native_l2,FractionCSP3,27,ring_token_count,-0.028030595529069405,-0.494692417806554,-0.0008658008658008659,-0.0217854217854218
ChemSpacE adapted extreme-SVM,native_l2,FractionCSP3,27,token_entropy,-0.761407981983266,-0.2042967487046213,-0.0012029881294397461,-0.004097658649998997
ChemSpacE adapted extreme-SVM,native_l2,FractionCSP3,28,selfies_len_tokens,0.025482359571881278,0.4985272427507908,0.009610389610389581,0.39605241605241553
ChemSpacE adapted extreme-SVM,native_l2,FractionCSP3,28,branch_token_count,-0.028030595529069405,-0.494692417806554,-0.00043290043290043295,-0.012694512694512706
ChemSpacE adapted extreme-SVM,native_l2,FractionCSP3,28,ring_token_count,-0.028030595529069405,-0.494692417806554,-0.00043290043290043295,-0.009090909090909094
ChemSpacE adapted extreme-SVM,native_l2,FractionCSP3,28,token_entropy,-0.7744411035365062,-0.187098208928119,-0.0013979048889495402,-0.003665471266301346
ChemSpacE adapted extreme-SVM,native_l2,FractionCSP3,29,selfies_len_tokens,-0.002132807116243959,0.6098332308803268,-0.0018181818181818219,0.5880589680589673
ChemSpacE adapted extreme-SVM,native_l2,FractionCSP3,29,branch_token_count,-0.004265614232487918,-0.6066235822967462,-0.00025974025974025974,-0.012694512694512706
ChemSpacE adapted extreme-SVM,native_l2,FractionCSP3,29,ring_token_count,-0.004265614232487918,-0.6066235822967462,-0.0006060606060606062,-0.01672399672399674
ChemSpacE adapted extreme-SVM,native_l2,FractionCSP3,29,token_entropy,-0.7246983328241333,-0.27625636473164433,-0.0004945621684196887,-0.006248318065176927
ChemSpacE adapted extreme-SVM,native_l2,FractionCSP3,30,selfies_len_tokens,-0.004265614232487918,0.6066235822967462,-0.0014718614718615302,0.5311875511875505
ChemSpacE adapted extreme-SVM,native_l2,FractionCSP3,30,branch_token_count,0.0,-0.6103679378930738,0.0,-0.03190827190827194
ChemSpacE adapted extreme-SVM,native_l2,FractionCSP3,30,ring_token_count,-0.004265614232487918,-0.6066235822967462,-0.0007792207792207792,-0.026846846846846868
ChemSpacE adapted extreme-SVM,native_l2,FractionCSP3,30,token_entropy,-0.5939601111189385,-0.4069886079308673,-0.0011532615461509492,-0.006370887062718119
ChemSpacE adapted extreme-SVM,native_l2,FractionCSP3,31,selfies_len_tokens,0.025482359571881278,0.4985272427507908,0.00909090909090911,0.36568386568386485
ChemSpacE adapted extreme-SVM,native_l2,FractionCSP3,31,branch_token_count,-0.002132807116243959,-0.6098332308803268,-0.0006060606060606062,-0.03113841113841116
ChemSpacE adapted extreme-SVM,native_l2,FractionCSP3,31,ring_token_count,-0.003202015769753031,-0.6055492436465496,-0.00043290043290043295,-0.01672399672399674
ChemSpacE adapted extreme-SVM,native_l2,FractionCSP3,31,token_entropy,-0.7596361949680098,-0.20778730530336995,-0.000862293637654952,-0.0053324040544316205
ChemSpacE adapted extreme-SVM,native_l2,FractionCSP3,32,selfies_len_tokens,-0.002132807116243959,0.6098332308803268,-0.001558441558441552,0.5854873054873049
ChemSpacE adapted extreme-SVM,native_l2,FractionCSP3,32,branch_token_count,-0.004265614232487918,-0.6066235822967462,-0.00043290043290043295,-0.015610155610155626
ChemSpacE adapted extreme-SVM,native_l2,FractionCSP3,32,ring_token_count,-0.004265614232487918,-0.6066235822967462,-0.0005194805194805196,-0.01526617526617528
ChemSpacE adapted extreme-SVM,native_l2,FractionCSP3,32,token_entropy,-0.4815108195396041,-0.5027994468605527,-0.001144821974487143,-0.006053712240707188
ChemSpacE adapted extreme-SVM,native_l2,FractionCSP3,33,selfies_len_tokens,-0.002132807116243959,0.6098332308803268,-0.00043290043290045003,0.5883210483210476
ChemSpacE adapted extreme-SVM,native_l2,FractionCSP3,33,branch_token_count,-0.004265614232487918,-0.6066235822967462,-0.00025974025974025974,-0.0108927108927109
ChemSpacE adapted extreme-SVM,native_l2,FractionCSP3,33,ring_token_count,-0.028030595529069405,-0.494692417806554,-0.0005194805194805195,-0.010548730548730558
ChemSpacE adapted extreme-SVM,native_l2,FractionCSP3,33,token_entropy,-0.7251213843782368,-0.27478270167506985,-0.0005174619391708803,-0.0053446000719453626
ChemSpacE adapted extreme-SVM,native_l2,FractionCSP3,34,selfies_len_tokens,-0.028030595529069405,0.494692417806554,-0.008484848484848548,0.31583947583947486
ChemSpacE adapted extreme-SVM,native_l2,FractionCSP3,34,branch_token_count,-0.002132807116243959,-0.6098332308803268,-0.00025974025974025974,-0.036969696969697
ChemSpacE adapted extreme-SVM,native_l2,FractionCSP3,34,ring_token_count,-0.004265614232487918,-0.6066235822967462,-0.001038961038961039,-0.03302211302211305
ChemSpacE adapted extreme-SVM,native_l2,FractionCSP3,34,token_entropy,-0.7352120215655691,-0.2397405247096109,-0.0010177151956447647,-0.0053564326895617935
ChemSpacE adapted extreme-SVM,native_l2,FractionCSP3,35,selfies_len_tokens,-0.004265614232487918,0.6066235822967462,-0.0009523809523809901,0.4822113022113015
ChemSpacE adapted extreme-SVM,native_l2,FractionCSP3,35,branch_token_count,-0.002132807116243959,-0.6098332308803268,-0.00025974025974025974,-0.029336609336609365
ChemSpacE adapted extreme-SVM,native_l2,FractionCSP3,35,ring_token_count,-0.004265614232487918,-0.6066235822967462,-0.0007792207792207792,-0.032678132678132715
ChemSpacE adapted extreme-SVM,native_l2,FractionCSP3,35,token_entropy,-0.48047168234971727,-0.5060003114972499,-0.0010618959000287173,-0.007227838581465279
ChemSpacE adapted extreme-SVM,native_l2,FractionCSP3,36,selfies_len_tokens,-0.003202015769753031,0.6087617064775657,-0.0012987012987012818,0.5253562653562646
ChemSpacE adapted extreme-SVM,native_l2,FractionCSP3,36,branch_token_count,-0.002132807116243959,-0.6098332308803268,-8.65800865800866e-05,-0.023931203931203945
ChemSpacE adapted extreme-SVM,native_l2,FractionCSP3,36,ring_token_count,-0.004265614232487918,-0.6066235822967462,-0.0006060606060606061,-0.03739557739557743
ChemSpacE adapted extreme-SVM,native_l2,FractionCSP3,36,token_entropy,-0.7356298871977437,-0.2382938163099862,-0.0013500912263475716,-0.00628212942365963
ChemSpacE adapted extreme-SVM,native_l2,FractionCSP3,37,selfies_len_tokens,0.025482359571881278,0.4985272427507908,0.00865800865800859,0.34398034398034305
ChemSpacE adapted extreme-SVM,native_l2,FractionCSP3,37,branch_token_count,-0.028030595529069405,-0.494692417806554,-0.0006060606060606062,-0.021015561015561034
ChemSpacE adapted extreme-SVM,native_l2,FractionCSP3,37,ring_token_count,-0.043564044015393044,-0.6717449578614151,-0.0013852813852813855,-0.03344799344799348
ChemSpacE adapted extreme-SVM,native_l2,FractionCSP3,37,token_entropy,-0.6482730477079716,-0.3317462287840385,-0.001406408622370527,-0.005587122932644758
ChemSpacE adapted extreme-SVM,native_l2,FractionCSP3,38,selfies_len_tokens,-0.004265614232487918,0.6066235822967462,-0.00164502164502171,0.539508599508599
ChemSpacE adapted extreme-SVM,native_l2,FractionCSP3,38,branch_token_count,-0.002132807116243959,-0.6098332308803268,-0.0003463203463203464,-0.019557739557739574
ChemSpacE adapted extreme-SVM,native_l2,FractionCSP3,38,ring_token_count,-0.004265614232487918,-0.6066235822967462,-0.0006060606060606061,-0.02504504504504506
ChemSpacE adapted extreme-SVM,native_l2,FractionCSP3,38,token_entropy,-0.7365697538306947,-0.23769728160129033,-0.0010976994570933566,-0.006280927309993237
ChemSpacE adapted extreme-SVM,native_l2,FractionCSP3,39,selfies_len_tokens,-0.002132807116243959,0.6098332308803268,-0.00017316017316018002,0.5760524160524151
ChemSpacE adapted extreme-SVM,native_l2,FractionCSP3,39,branch_token_count,-0.004265614232487918,-0.6066235822967462,-0.00043290043290043295,-0.017411957411957425
ChemSpacE adapted extreme-SVM,native_l2,FractionCSP3,39,ring_token_count,-0.004265614232487918,-0.6066235822967462,-0.0003463203463203464,-0.012350532350532361
ChemSpacE adapted extreme-SVM,native_l2,FractionCSP3,39,token_entropy,-0.7246983328241333,-0.27625636473164433,-0.0004077536695535704,-0.0054617684639619475
ChemSpacE adapted extreme-SVM,native_l2,FractionCSP3,40,selfies_len_tokens,-0.002132807116243959,0.6098332308803268,-0.0008658008658009001,0.5600982800982793
ChemSpacE adapted extreme-SVM,native_l2,FractionCSP3,40,branch_token_count,-0.028030595529069405,-0.494692417806554,-0.0006060606060606062,-0.01921375921375923
ChemSpacE adapted extreme-SVM,native_l2,FractionCSP3,40,ring_token_count,-0.004265614232487918,-0.6066235822967462,-0.00043290043290043295,-0.015610155610155626
ChemSpacE adapted extreme-SVM,native_l2,FractionCSP3,40,token_entropy,-0.7397676743384347,-0.251516988785527,-0.0004577338001528129,-0.005696526733054606
ChemSpacE adapted extreme-SVM,native_l2,FractionCSP3,41,selfies_len_tokens,-0.004265614232487918,0.6066235822967462,-0.001904761904761912,0.5377886977886973
ChemSpacE adapted extreme-SVM,native_l2,FractionCSP3,41,branch_token_count,-0.002132807116243959,-0.6098332308803268,-0.0003463203463203463,-0.026076986076986098
ChemSpacE adapted extreme-SVM,native_l2,FractionCSP3,41,ring_token_count,-0.028030595529069405,-0.494692417806554,-0.0007792207792207792,-0.020327600327600344
ChemSpacE adapted extreme-SVM,native_l2,FractionCSP3,41,token_entropy,-0.7501470764819518,-0.21522160740976434,-0.0012776245320883172,-0.005356062226537867
ChemSpacE adapted extreme-SVM,native_l2,FractionCSP3,42,selfies_len_tokens,0.025482359571881278,0.4985272427507908,0.008831168831168771,0.35049959049958973
ChemSpacE adapted extreme-SVM,native_l2,FractionCSP3,42,branch_token_count,-0.002132807116243959,-0.6098332308803268,-0.00025974025974025974,-0.027534807534807557
ChemSpacE adapted extreme-SVM,native_l2,FractionCSP3,42,ring_token_count,-0.004265614232487918,-0.6066235822967462,-0.0007792207792207792,-0.027960687960687992
ChemSpacE adapted extreme-SVM,native_l2,FractionCSP3,42,token_entropy,-0.7508526108834206,-0.21620050291112464,-0.0012723701681910731,-0.005369034721948184
ChemSpacE adapted extreme-SVM,native_l2,FractionCSP3,43,selfies_len_tokens,0.025482359571881278,0.4985272427507908,0.0091774891774892,0.38155610155610103
ChemSpacE adapted extreme-SVM,native_l2,FractionCSP3,43,branch_token_count,-0.028030595529069405,-0.494692417806554,-0.0005194805194805195,-0.017755937755937774
ChemSpacE adapted extreme-SVM,native_l2,FractionCSP3,43,ring_token_count,-0.028030595529069405,-0.494692417806554,-0.0006926406926406927,-0.01526617526617528
ChemSpacE adapted extreme-SVM,native_l2,FractionCSP3,43,token_entropy,-0.7931824111708257,-0.09222272004606179,-0.0005568243639434807,-0.006002138292175314
ChemSpacE adapted extreme-SVM,native_l2,FractionCSP3,44,selfies_len_tokens,-0.003202015769753031,0.6087617064775657,-0.00034632034632036004,0.46591318591318537
ChemSpacE adapted extreme-SVM,native_l2,FractionCSP3,44,branch_token_count,0.0,-0.6103679378930738,0.0,-0.04855036855036859
ChemSpacE adapted extreme-SVM,native_l2,FractionCSP3,44,ring_token_count,-0.004265614232487918,-0.6066235822967462,-0.0006060606060606062,-0.02212940212940215
ChemSpacE adapted extreme-SVM,native_l2,FractionCSP3,44,token_entropy,-0.7264908298633703,-0.27272183141250683,-0.0005768371921621574,-0.006467629102539225
ChemSpacE adapted extreme-SVM,native_l2,FractionCSP3,45,selfies_len_tokens,0.025482359571881278,0.4985272427507908,0.008831168831168771,0.3523013923013917
ChemSpacE adapted extreme-SVM,native_l2,FractionCSP3,45,branch_token_count,-0.02678998598884099,-0.4972317589259795,-0.0005194805194805195,-0.019557739557739574
ChemSpacE adapted extreme-SVM,native_l2,FractionCSP3,45,ring_token_count,-0.004265614232487918,-0.6066235822967462,-0.0007792207792207792,-0.026846846846846868
ChemSpacE adapted extreme-SVM,native_l2,FractionCSP3,45,token_entropy,-0.8114140880779369,-0.13123408756002314,-0.0013954177426331261,-0.004539791644557854
ChemSpacE adapted extreme-SVM,native_l2,FractionCSP3,46,selfies_len_tokens,0.025482359571881278,0.4985272427507908,0.0085714285714285,0.34432432432432375
ChemSpacE adapted extreme-SVM,native_l2,FractionCSP3,46,branch_token_count,-0.025482359571881278,-0.4985272427507908,-0.0006926406926406927,-0.027878787878787902
ChemSpacE adapted extreme-SVM,native_l2,FractionCSP3,46,ring_token_count,-0.004265614232487918,-0.6066235822967462,-0.0006060606060606061,-0.023243243243243263
ChemSpacE adapted extreme-SVM,native_l2,FractionCSP3,46,token_entropy,-0.7883243991514303,-0.1574974781080928,-0.0013318519690096707,-0.004395493539093719
ChemSpacE adapted extreme-SVM,native_l2,FractionCSP3,47,selfies_len_tokens,-0.002132807116243959,0.6098332308803268,-0.00043290043290045003,0.49344799344799284
ChemSpacE adapted extreme-SVM,native_l2,FractionCSP3,47,branch_token_count,-0.002132807116243959,-0.6098332308803268,-0.0001731601731601732,-0.03842751842751846
ChemSpacE adapted extreme-SVM,native_l2,FractionCSP3,47,ring_token_count,-0.004265614232487918,-0.6066235822967462,-0.0005194805194805195,-0.026502866502866523
ChemSpacE adapted extreme-SVM,native_l2,FractionCSP3,47,token_entropy,-0.48202990087746295,-0.5012009441716245,-0.0012005125275171356,-0.007637037299340179
ChemSpacE adapted extreme-SVM,native_l2,FractionCSP3,48,selfies_len_tokens,-0.004265614232487918,0.6066235822967462,-0.0012121212121211917,0.5279279279279275
ChemSpacE adapted extreme-SVM,native_l2,FractionCSP3,48,branch_token_count,-0.003202015769753031,-0.6087617064775657,-0.0003463203463203464,-0.017755937755937774
ChemSpacE adapted extreme-SVM,native_l2,FractionCSP3,48,ring_token_count,-0.004265614232487918,-0.6066235822967462,-0.00043290043290043295,-0.022129402129402145
ChemSpacE adapted extreme-SVM,native_l2,FractionCSP3,48,token_entropy,-0.38498574883045156,-0.5840553923536873,-0.001109158330523376,-0.006332518693499172
ChemSpacE adapted extreme-SVM,native_l2,FractionCSP3,49,selfies_len_tokens,-0.004265614232487918,0.6066235822967462,-0.001125541125541102,0.5246683046683037
ChemSpacE adapted extreme-SVM,native_l2,FractionCSP3,49,branch_token_count,-0.004265614232487918,-0.6066235822967462,-0.0005194805194805196,-0.022473382473382493
ChemSpacE adapted extreme-SVM,native_l2,FractionCSP3,49,ring_token_count,-0.043564044015393044,-0.6717449578614151,-0.001038961038961039,-0.022211302211302235
ChemSpacE adapted extreme-SVM,native_l2,FractionCSP3,49,token_entropy,-0.6290238434836916,-0.3500608286756966,-0.001459818009514767,-0.005299212317375252
ChemSpacE adapted extreme-SVM,train_std_unit,FractionCSP3,0,selfies_len_tokens,-0.01564094248593684,0.7357791985587578,-0.007099567099567176,0.7920065520065518
ChemSpacE adapted extreme-SVM,train_std_unit,FractionCSP3,0,branch_token_count,-0.006951529993749708,-0.7453687378764667,-0.0005194805194805195,-0.03567567567567571
ChemSpacE adapted extreme-SVM,train_std_unit,FractionCSP3,0,ring_token_count,-0.016519490883908746,-0.7309736490427114,-0.002164502164502165,-0.034381654381654414
ChemSpacE adapted extreme-SVM,train_std_unit,FractionCSP3,0,token_entropy,-0.5489134188971102,-0.614143311462551,-0.0005709249857304625,-0.01097346612883399
ChemSpacE adapted extreme-SVM,train_std_unit,FractionCSP3,1,selfies_len_tokens,-0.01216517748906199,0.741881632670027,-0.004329004329004432,0.8493038493038491
ChemSpacE adapted extreme-SVM,train_std_unit,FractionCSP3,1,branch_token_count,-0.010451629434432157,-0.7409915483606555,-0.00043290043290043285,-0.020065520065520082
ChemSpacE adapted extreme-SVM,train_std_unit,FractionCSP3,1,ring_token_count,-0.016519490883908746,-0.7309736490427114,-0.0018181818181818182,-0.02494676494676497
ChemSpacE adapted extreme-SVM,train_std_unit,FractionCSP3,1,token_entropy,-0.5658066645135746,-0.5886768682924147,-0.000624958076433608,-0.010116309182421786
ChemSpacE adapted extreme-SVM,train_std_unit,FractionCSP3,2,selfies_len_tokens,0.03219951079398617,0.6783958980382608,0.019740259740259704,0.7838165438165435
ChemSpacE adapted extreme-SVM,train_std_unit,FractionCSP3,2,branch_token_count,-0.0904224764171847,-0.7017521487528178,-0.001038961038961039,-0.01611793611793613
ChemSpacE adapted extreme-SVM,train_std_unit,FractionCSP3,2,ring_token_count,-0.10781141418972023,-0.6777643500073828,-0.0036363636363636364,-0.024504504504504525
ChemSpacE adapted extreme-SVM,train_std_unit,FractionCSP3,2,token_entropy,-0.6333957363408695,-0.47832727615501003,-0.000590429102045061,-0.009059249056749513
ChemSpacE adapted extreme-SVM,train_std_unit,FractionCSP3,3,selfies_len_tokens,-0.01216517748906199,0.741881632670027,-0.003463203463203532,0.7580671580671575
ChemSpacE adapted extreme-SVM,train_std_unit,FractionCSP3,3,branch_token_count,-0.010427294990624562,-0.7383945274635874,-0.0011255411255411255,-0.05950859950859956
ChemSpacE adapted extreme-SVM,train_std_unit,FractionCSP3,3,ring_token_count,-0.01564094248593684,-0.7288049881458786,-0.0019913419913419913,-0.030090090090090112
ChemSpacE adapted extreme-SVM,train_std_unit,FractionCSP3,3,token_entropy,-0.5570945700020675,-0.6197229132946205,-0.00048750276844564117,-0.012229560901140753
ChemSpacE adapted extreme-SVM,train_std_unit,FractionCSP3,4,selfies_len_tokens,0.030305421923751685,0.6755454951053269,0.01679653679653678,0.6408517608517605
ChemSpacE adapted extreme-SVM,train_std_unit,FractionCSP3,4,branch_token_count,-0.0895009486695275,-0.7052670280024113,-0.0019913419913419913,-0.042702702702702745
ChemSpacE adapted extreme-SVM,train_std_unit,FractionCSP3,4,ring_token_count,-0.06678241899984345,-0.7713206045745346,-0.0027705627705627706,-0.040720720720720756
ChemSpacE adapted extreme-SVM,train_std_unit,FractionCSP3,4,token_entropy,-0.6583322209732014,-0.46550693500502044,-0.0007338662497724773,-0.010601515686119134
ChemSpacE adapted extreme-SVM,train_std_unit,FractionCSP3,5,selfies_len_tokens,-0.004265614232487918,0.6066235822967462,-0.00043290043290045003,0.4579361179361172
ChemSpacE adapted extreme-SVM,train_std_unit,FractionCSP3,5,branch_token_count,-0.0034777875545071043,-0.7484193208575733,-0.0010389610389610392,-0.05788697788697794
ChemSpacE adapted extreme-SVM,train_std_unit,FractionCSP3,5,ring_token_count,-0.017378824984374267,-0.7322920933523182,-0.0029437229437229433,-0.05736281736281742
ChemSpacE adapted extreme-SVM,train_std_unit,FractionCSP3,5,token_entropy,-0.5911468053322673,-0.5459301077424497,-0.00045000138551211583,-0.011607953966183079
ChemSpacE adapted extreme-SVM,train_std_unit,FractionCSP3,6,selfies_len_tokens,0.030305421923751685,0.6755454951053269,0.014978354978354957,0.5930057330057328
ChemSpacE adapted extreme-SVM,train_std_unit,FractionCSP3,6,branch_token_count,-0.031274071937916065,-0.6774387026398406,-0.0002597402597402598,-0.0290745290745291
ChemSpacE adapted extreme-SVM,train_std_unit,FractionCSP3,6,ring_token_count,-0.04924631062609648,-0.6612934804406575,-0.0025108225108225113,-0.033693693693693724
ChemSpacE adapted extreme-SVM,train_std_unit,FractionCSP3,6,token_entropy,-0.6640105433193922,-0.4542731223664386,-0.0005880519856207552,-0.011131399277608095
ChemSpacE adapted extreme-SVM,train_std_unit,FractionCSP3,7,selfies_len_tokens,0.031274071937916065,0.6774387026398406,0.01852813852813851,0.7546601146601144
ChemSpacE adapted extreme-SVM,train_std_unit,FractionCSP3,7,branch_token_count,-0.04643725833205718,-0.6641276263774438,-0.0008658008658008659,-0.021523341523341545
ChemSpacE adapted extreme-SVM,train_std_unit,FractionCSP3,7,ring_token_count,-0.10687977365390175,-0.6791137389541141,-0.002943722943722944,-0.023652743652743672
ChemSpacE adapted extreme-SVM,train_std_unit,FractionCSP3,7,token_entropy,-0.6333957363408695,-0.47832727615501003,-0.0005604266601523932,-0.010249905189214342
ChemSpacE adapted extreme-SVM,train_std_unit,FractionCSP3,8,selfies_len_tokens,0.030305421923751685,0.6755454951053269,0.01670995670995669,0.6371662571662565
ChemSpacE adapted extreme-SVM,train_std_unit,FractionCSP3,8,branch_token_count,-0.08172800753091695,-0.7170171115908218,-0.001471861471861472,-0.03575757575757579
ChemSpacE adapted extreme-SVM,train_std_unit,FractionCSP3,8,ring_token_count,-0.09476971086031859,-0.69957143977596,-0.003116883116883117,-0.04252252252252257
ChemSpacE adapted extreme-SVM,train_std_unit,FractionCSP3,8,token_entropy,-0.6333957363408695,-0.47832727615501003,-0.0005685713722838395,-0.010037923956506892
ChemSpacE adapted extreme-SVM,train_std_unit,FractionCSP3,9,selfies_len_tokens,0.03219951079398617,0.6783958980382608,0.018095238095237994,0.7429156429156426
ChemSpacE adapted extreme-SVM,train_std_unit,FractionCSP3,9,branch_token_count,-0.04558423058385519,-0.6697972519732429,-0.0007792207792207792,-0.021867321867321883
ChemSpacE adapted extreme-SVM,train_std_unit,FractionCSP3,9,ring_token_count,-0.09667757226849746,-0.6946795765881145,-0.0016450216450216448,-0.016199836199836216
ChemSpacE adapted extreme-SVM,train_std_unit,FractionCSP3,9,token_entropy,-0.6659090811201607,-0.38127552338824794,-0.0009364430268543037,-0.010200439224828998
ChemSpacE adapted extreme-SVM,train_std_unit,FractionCSP3,10,selfies_len_tokens,0.030305421923751685,0.6755454951053269,0.015324675324675317,0.5905159705159702
ChemSpacE adapted extreme-SVM,train_std_unit,FractionCSP3,10,branch_token_count,-0.03219951079398617,-0.6783958980382608,-0.0006060606060606062,-0.04253890253890257
ChemSpacE adapted extreme-SVM,train_std_unit,FractionCSP3,10,ring_token_count,-0.048332656631324834,-0.6603244617310446,-0.0022510822510822515,-0.03223587223587226
ChemSpacE adapted extreme-SVM,train_std_unit,FractionCSP3,10,token_entropy,-0.65533635931253,-0.4469427673278127,-0.0005292512996236059,-0.011850499398702386
ChemSpacE adapted extreme-SVM,train_std_unit,FractionCSP3,11,selfies_len_tokens,0.03219951079398617,0.6783958980382608,0.01878787878787878,0.7303030303030296
ChemSpacE adapted extreme-SVM,train_std_unit,FractionCSP3,11,branch_token_count,-0.04005344023759145,-0.6730840209012677,-0.0005194805194805195,-0.017493857493857505
ChemSpacE adapted extreme-SVM,train_std_unit,FractionCSP3,11,ring_token_count,-0.048332656631324834,-0.6603244617310446,-0.0013852813852813855,-0.02014742014742017
ChemSpacE adapted extreme-SVM,train_std_unit,FractionCSP3,11,token_entropy,-0.6595193573506951,-0.44414500352607356,-0.0004759210135888841,-0.008793843895504225
ChemSpacE adapted extreme-SVM,train_std_unit,FractionCSP3,12,selfies_len_tokens,0.030305421923751685,0.6755454951053269,0.016190476190476148,0.6055200655200649
ChemSpacE adapted extreme-SVM,train_std_unit,FractionCSP3,12,branch_token_count,-0.08100012811684922,-0.7165248462921433,-0.001471861471861472,-0.04519246519246523
ChemSpacE adapted extreme-SVM,train_std_unit,FractionCSP3,12,ring_token_count,-0.10520307352383992,-0.6829980515518413,-0.004848484848484849,-0.05588861588861595
ChemSpacE adapted extreme-SVM,train_std_unit,FractionCSP3,12,token_entropy,-0.6524063992977355,-0.41385700957407945,-0.0007587321139003436,-0.011091373350935137
ChemSpacE adapted extreme-SVM,train_std_unit,FractionCSP3,13,selfies_len_tokens,-0.009563915774894537,0.7440579029038579,-0.004242424242424274,0.9000655200655199
ChemSpacE adapted extreme-SVM,train_std_unit,FractionCSP3,13,branch_token_count,-0.013049301176436694,-0.737945438564915,-0.0003463203463203463,-0.019721539721539737
ChemSpacE adapted extreme-SVM,train_std_unit,FractionCSP3,13,ring_token_count,-0.07144903839417262,-0.554199322098262,-0.0016450216450216448,-0.015085995085995103
ChemSpacE adapted extreme-SVM,train_std_unit,FractionCSP3,13,token_entropy,-0.5461713172314043,-0.6103274030633459,-0.0006716312709413013,-0.008765621070155692
ChemSpacE adapted extreme-SVM,train_std_unit,FractionCSP3,14,selfies_len_tokens,-0.013911150218028417,0.7392603431547707,-0.004848484848484904,0.8005896805896803
ChemSpacE adapted extreme-SVM,train_std_unit,FractionCSP3,14,branch_token_count,-0.0034777875545071043,-0.745802470085344,-0.0003463203463203464,-0.026240786240786258
ChemSpacE adapted extreme-SVM,train_std_unit,FractionCSP3,14,ring_token_count,-0.014780597106655195,-0.7348989252010553,-0.0013852813852813855,-0.03361179361179364
ChemSpacE adapted extreme-SVM,train_std_unit,FractionCSP3,14,token_entropy,-0.5872148339517776,-0.5261292472547371,-0.0011313002902079868,-0.01109549121063112
ChemSpacE adapted extreme-SVM,train_std_unit,FractionCSP3,15,selfies_len_tokens,0.030305421923751685,0.6755454951053269,0.01593073593073588,0.6876003276003273
ChemSpacE adapted extreme-SVM,train_std_unit,FractionCSP3,15,branch_token_count,-0.047417761194503104,-0.6626844906609387,-0.0007792207792207792,-0.020065520065520082
ChemSpacE adapted extreme-SVM,train_std_unit,FractionCSP3,15,ring_token_count,-0.09476971086031859,-0.69957143977596,-0.0021645021645021645,-0.026748566748566772
ChemSpacE adapted extreme-SVM,train_std_unit,FractionCSP3,15,token_entropy,-0.6623383486208467,-0.3908018587483774,-0.0010803226978064683,-0.008861049068366789
ChemSpacE adapted extreme-SVM,train_std_unit,FractionCSP3,16,selfies_len_tokens,-0.016519490883908746,0.7340266416103122,-0.003463203463203532,0.7819819819819817
ChemSpacE adapted extreme-SVM,train_std_unit,FractionCSP3,16,branch_token_count,-0.009563915774894537,-0.7440579029038579,-0.0006926406926406926,-0.029156429156429183
ChemSpacE adapted extreme-SVM,train_std_unit,FractionCSP3,16,ring_token_count,-0.013911150218028417,-0.7301013654519682,-0.0012121212121212123,-0.04792792792792798
ChemSpacE adapted extreme-SVM,train_std_unit,FractionCSP3,16,token_entropy,-0.5858149323076974,-0.5246597276457231,-0.0009440451900326275,-0.011788533355483789
ChemSpacE adapted extreme-SVM,train_std_unit,FractionCSP3,17,selfies_len_tokens,-0.002132807116243959,0.6098332308803268,-0.00025974025974027004,0.4303194103194097
ChemSpacE adapted extreme-SVM,train_std_unit,FractionCSP3,17,branch_token_count,-0.07477243242190273,-0.7174532533861934,-0.0025108225108225113,-0.06353808353808359
ChemSpacE adapted extreme-SVM,train_std_unit,FractionCSP3,17,ring_token_count,-0.09123883116796491,-0.7026516990975815,-0.0032034632034632035,-0.05341523341523346
ChemSpacE adapted extreme-SVM,train_std_unit,FractionCSP3,17,token_entropy,-0.6301349521885863,-0.4943194512931138,-0.0008868700110227681,-0.01195197650235872
ChemSpacE adapted extreme-SVM,train_std_unit,FractionCSP3,18,selfies_len_tokens,-0.017378824984374267,0.7322920933523182,-0.004415584415584454,0.7466502866502861
ChemSpacE adapted extreme-SVM,train_std_unit,FractionCSP3,18,branch_token_count,0.002608340665880328,-0.746674753676087,8.658008658008646e-05,-0.04561834561834566
ChemSpacE adapted extreme-SVM,train_std_unit,FractionCSP3,18,ring_token_count,-0.04924631062609648,-0.6612934804406575,-0.0019913419913419913,-0.03326781326781329
ChemSpacE adapted extreme-SVM,train_std_unit,FractionCSP3,18,token_entropy,-0.5717374023606792,-0.5587914427555929,-0.0004440727020465955,-0.012851371781109146
ChemSpacE adapted extreme-SVM,train_std_unit,FractionCSP3,19,selfies_len_tokens,-0.017378824984374267,0.7322920933523182,-0.006147186147186186,0.7759705159705157
ChemSpacE adapted extreme-SVM,train_std_unit,FractionCSP3,19,branch_token_count,-0.009563915774894537,-0.7440579029038579,-0.0008658008658008659,-0.03498771498771501
ChemSpacE adapted extreme-SVM,train_std_unit,FractionCSP3,19,ring_token_count,-0.04924631062609648,-0.6612934804406575,-0.0024242424242424247,-0.051105651105651136
ChemSpacE adapted extreme-SVM,train_std_unit,FractionCSP3,19,token_entropy,-0.5731546639587674,-0.5541758202252052,-0.0004839270425934131,-0.01237918545357759
ChemSpacE adapted extreme-SVM,train_std_unit,FractionCSP3,20,selfies_len_tokens,-0.004265614232487918,0.6066235822967462,-0.00025974025974027004,0.4543325143325137
ChemSpacE adapted extreme-SVM,train_std_unit,FractionCSP3,20,branch_token_count,-0.031274071937916065,-0.6774387026398406,-0.0009523809523809525,-0.05531531531531537
ChemSpacE adapted extreme-SVM,train_std_unit,FractionCSP3,20,ring_token_count,-0.09123883116796491,-0.7026516990975815,-0.0025108225108225113,-0.03549549549549552
ChemSpacE adapted extreme-SVM,train_std_unit,FractionCSP3,20,token_entropy,-0.6483288593021246,-0.4165842386322282,-0.0005493318771189293,-0.010770293799689377
ChemSpacE adapted extreme-SVM,train_std_unit,FractionCSP3,21,selfies_len_tokens,-0.01216517748906199,0.741881632670027,-0.002077922077922092,0.7239312039312036
ChemSpacE adapted extreme-SVM,train_std_unit,FractionCSP3,21,branch_token_count,-0.0034777875545071043,-0.7484193208575733,-0.0003463203463203463,-0.03456183456183459
ChemSpacE adapted extreme-SVM,train_std_unit,FractionCSP3,21,ring_token_count,-0.014780597106655195,-0.7305375072473398,-0.001471861471861472,-0.05298935298935303
ChemSpacE adapted extreme-SVM,train_std_unit,FractionCSP3,21,token_entropy,-0.5778855963970646,-0.5901240898605279,-0.000360267693354538,-0.010683840576999688
ChemSpacE adapted extreme-SVM,train_std_unit,FractionCSP3,22,selfies_len_tokens,0.030305421923751685,0.6755454951053269,0.01567099567099561,0.6230139230139226
ChemSpacE adapted extreme-SVM,train_std_unit,FractionCSP3,22,branch_token_count,-0.08520579508542406,-0.7135279772278497,-0.002251082251082251,-0.04930384930384935
ChemSpacE adapted extreme-SVM,train_std_unit,FractionCSP3,22,ring_token_count,-0.10687977365390175,-0.6791137389541141,-0.0050216450216450225,-0.044226044226044266
ChemSpacE adapted extreme-SVM,train_std_unit,FractionCSP3,22,token_entropy,-0.659579227615898,-0.3940493826828847,-0.0011260990853487775,-0.010706817309532452
ChemSpacE adapted extreme-SVM,train_std_unit,FractionCSP3,23,selfies_len_tokens,0.030305421923751685,0.6755454951053269,0.01679653679653678,0.6938574938574938
ChemSpacE adapted extreme-SVM,train_std_unit,FractionCSP3,23,branch_token_count,-0.006086128220387433,-0.7444940446992293,-0.0005194805194805195,-0.026240786240786258
ChemSpacE adapted extreme-SVM,train_std_unit,FractionCSP3,23,ring_token_count,-0.06218238347878299,-0.7662716175748752,-0.001471861471861472,-0.01731367731367733
ChemSpacE adapted extreme-SVM,train_std_unit,FractionCSP3,23,token_entropy,-0.5666291958945234,-0.6122069793957883,-0.0005822103331258161,-0.009194782720372692
ChemSpacE adapted extreme-SVM,train_std_unit,FractionCSP3,24,selfies_len_tokens,0.030305421923751685,0.6755454951053269,0.016883116883116802,0.7285012285012281
ChemSpacE adapted extreme-SVM,train_std_unit,FractionCSP3,24,branch_token_count,-0.048332656631324834,-0.6636522307966437,-0.0008658008658008659,-0.01860769860769862
ChemSpacE adapted extreme-SVM,train_std_unit,FractionCSP3,24,ring_token_count,-0.07144903839417262,-0.554199322098262,-0.0013852813852813855,-0.01611793611793613
ChemSpacE adapted extreme-SVM,train_std_unit,FractionCSP3,24,token_entropy,-0.6595193573506951,-0.44414500352607356,-0.0004834157676034334,-0.008692889607841484
ChemSpacE adapted extreme-SVM,train_std_unit,FractionCSP3,25,selfies_len_tokens,-0.006951529993749708,0.7453687378764667,-0.002164502164502182,0.7059295659295659
ChemSpacE adapted extreme-SVM,train_std_unit,FractionCSP3,25,branch_token_count,0.0008694468886267761,-0.7471108954714586,9.07135690542781e-20,-0.04956592956592961
ChemSpacE adapted extreme-SVM,train_std_unit,FractionCSP3,25,ring_token_count,-0.016519490883908746,-0.7340266416103122,-0.0018181818181818186,-0.04312858312858317
ChemSpacE adapted extreme-SVM,train_std_unit,FractionCSP3,25,token_entropy,-0.5642448249843326,-0.5768427332033965,-0.0006059342031988029,-0.011676469630352791
ChemSpacE adapted extreme-SVM,train_std_unit,FractionCSP3,26,selfies_len_tokens,-0.008699534117624462,0.7458005644632996,-0.00251082251082261,0.8155118755118755
ChemSpacE adapted extreme-SVM,train_std_unit,FractionCSP3,26,branch_token_count,0.0,-0.7453687378764667,-0.00017316017316017316,-0.028042588042588062
ChemSpacE adapted extreme-SVM,train_std_unit,FractionCSP3,26,ring_token_count,-0.016519490883908746,-0.7309736490427114,-0.0009523809523809524,-0.024520884520884533
ChemSpacE adapted extreme-SVM,train_std_unit,FractionCSP3,26,token_entropy,-0.6593640968263988,-0.41286065771836694,-0.002332823221493109,-0.008119889241006241
ChemSpacE adapted extreme-SVM,train_std_unit,FractionCSP3,27,selfies_len_tokens,0.031274071937916065,0.6774387026398406,0.016883116883116802,0.627731367731367
ChemSpacE adapted extreme-SVM,train_std_unit,FractionCSP3,27,branch_token_count,-0.031274071937916065,-0.6745863291550414,-0.0011255411255411258,-0.04699426699426703
ChemSpacE adapted extreme-SVM,train_std_unit,FractionCSP3,27,ring_token_count,-0.09395496847034422,-0.7017245802556967,-0.0025974025974025974,-0.03446355446355449
ChemSpacE adapted extreme-SVM,train_std_unit,FractionCSP3,27,token_entropy,-0.6333957363408695,-0.47832727615501003,-0.0005361641839597046,-0.00990498928550236
ChemSpacE adapted extreme-SVM,train_std_unit,FractionCSP3,28,selfies_len_tokens,0.030305421923751685,0.6755454951053269,0.01670995670995669,0.7327927927927923
ChemSpacE adapted extreme-SVM,train_std_unit,FractionCSP3,28,branch_token_count,-0.048332656631324834,-0.6636522307966437,-0.0009523809523809525,-0.017149877149877164
ChemSpacE adapted extreme-SVM,train_std_unit,FractionCSP3,28,ring_token_count,-0.07144903839417262,-0.554199322098262,-0.001471861471861472,-0.013972153972153987
ChemSpacE adapted extreme-SVM,train_std_unit,FractionCSP3,28,token_entropy,-0.623836951249259,-0.47555363578065696,-0.0006315426955072619,-0.008344996627447435
ChemSpacE adapted extreme-SVM,train_std_unit,FractionCSP3,29,selfies_len_tokens,-0.006951529993749708,0.7453687378764667,-0.0037229437229438023,0.8765765765765764
ChemSpacE adapted extreme-SVM,train_std_unit,FractionCSP3,29,branch_token_count,-0.013049301176436694,-0.737945438564915,-0.0006060606060606061,-0.017149877149877164
ChemSpacE adapted extreme-SVM,train_std_unit,FractionCSP3,29,ring_token_count,-0.016519490883908746,-0.7309736490427114,-0.001471861471861472,-0.020917280917280935
ChemSpacE adapted extreme-SVM,train_std_unit,FractionCSP3,29,token_entropy,-0.580637432570384,-0.5894338862466559,-0.00045716231274662265,-0.009605269478525151
ChemSpacE adapted extreme-SVM,train_std_unit,FractionCSP3,30,selfies_len_tokens,-0.016519490883908746,0.7344627834056837,-0.004415584415584454,0.7827518427518425
ChemSpacE adapted extreme-SVM,train_std_unit,FractionCSP3,30,branch_token_count,0.0,-0.747545001596402,0.0,-0.04887796887796892
ChemSpacE adapted extreme-SVM,train_std_unit,FractionCSP3,30,ring_token_count,-0.016519490883908746,-0.7344627834056837,-0.0017316017316017314,-0.04055692055692058
ChemSpacE adapted extreme-SVM,train_std_unit,FractionCSP3,30,token_entropy,-0.576509678310405,-0.5921947007021439,-0.00038079398534527275,-0.011559633139925335
ChemSpacE adapted extreme-SVM,train_std_unit,FractionCSP3,31,selfies_len_tokens,0.030305421923751685,0.6755454951053269,0.01679653679653678,0.6644389844389842
ChemSpacE adapted extreme-SVM,train_std_unit,FractionCSP3,31,branch_token_count,-0.0426464617335219,-0.6736355379934416,-0.0018181818181818182,-0.052825552825552874
ChemSpacE adapted extreme-SVM,train_std_unit,FractionCSP3,31,ring_token_count,-0.07144903839417262,-0.554199322098262,-0.0016450216450216455,-0.018689598689598706
ChemSpacE adapted extreme-SVM,train_std_unit,FractionCSP3,31,token_entropy,-0.6595193573506951,-0.44414500352607356,-0.0005104856224720036,-0.010196388793581677
ChemSpacE adapted extreme-SVM,train_std_unit,FractionCSP3,32,selfies_len_tokens,0.031274071937916065,0.6774387026398406,0.0180086580086579,0.7389680589680585
ChemSpacE adapted extreme-SVM,train_std_unit,FractionCSP3,32,branch_token_count,-0.048332656631324834,-0.6636522307966437,-0.0008658008658008659,-0.01860769860769862
ChemSpacE adapted extreme-SVM,train_std_unit,FractionCSP3,32,ring_token_count,-0.04924631062609648,-0.6612934804406575,-0.0016450216450216448,-0.01980343980343982
ChemSpacE adapted extreme-SVM,train_std_unit,FractionCSP3,32,token_entropy,-0.7072259303818708,-0.3772968873135195,-0.0008013496143791764,-0.0095613152176096
ChemSpacE adapted extreme-SVM,train_std_unit,FractionCSP3,33,selfies_len_tokens,0.03219951079398617,0.6783958980382608,0.018095238095237994,0.747633087633087
ChemSpacE adapted extreme-SVM,train_std_unit,FractionCSP3,33,branch_token_count,-0.0426464617335219,-0.6646030219582436,-0.0006060606060606062,-0.017149877149877164
ChemSpacE adapted extreme-SVM,train_std_unit,FractionCSP3,33,ring_token_count,-0.048332656631324834,-0.6603244617310446,-0.001471861471861472,-0.016887796887796902
ChemSpacE adapted extreme-SVM,train_std_unit,FractionCSP3,33,token_entropy,-0.6292558949268768,-0.4810961750039536,-0.0004667224479128581,-0.009315618097915545
ChemSpacE adapted extreme-SVM,train_std_unit,FractionCSP3,34,selfies_len_tokens,-0.004265614232487918,0.6066235822967462,-0.00043290043290045003,0.4543325143325137
ChemSpacE adapted extreme-SVM,train_std_unit,FractionCSP3,34,branch_token_count,-0.003483876478144052,-0.7471082238777835,-0.0006926406926406927,-0.05385749385749391
ChemSpacE adapted extreme-SVM,train_std_unit,FractionCSP3,34,ring_token_count,-0.048332656631324834,-0.6636522307966437,-0.0024242424242424247,-0.048190008190008245
ChemSpacE adapted extreme-SVM,train_std_unit,FractionCSP3,34,token_entropy,-0.5911468053322673,-0.5459301077424497,-0.0003720336185828048,-0.010949454347428823
ChemSpacE adapted extreme-SVM,train_std_unit,FractionCSP3,35,selfies_len_tokens,0.030305421923751685,0.6755454951053269,0.015324675324675317,0.6044062244062242
ChemSpacE adapted extreme-SVM,train_std_unit,FractionCSP3,35,branch_token_count,-0.005213647495312281,-0.7479840667812964,-0.0007792207792207792,-0.044766584766584815
ChemSpacE adapted extreme-SVM,train_std_unit,FractionCSP3,35,ring_token_count,-0.017378824984374267,-0.7322920933523182,-0.002164502164502165,-0.04021294021294025
ChemSpacE adapted extreme-SVM,train_std_unit,FractionCSP3,35,token_entropy,-0.601173652247234,-0.5248759354114579,-0.0007337755282336342,-0.011066744891314578
ChemSpacE adapted extreme-SVM,train_std_unit,FractionCSP3,36,selfies_len_tokens,-0.006951529993749708,0.7453687378764667,-0.0010389610389610119,0.7641605241605243
ChemSpacE adapted extreme-SVM,train_std_unit,FractionCSP3,36,branch_token_count,-0.039830919403382604,-0.6760047819305053,-0.0009523809523809525,-0.032416052416052436
ChemSpacE adapted extreme-SVM,train_std_unit,FractionCSP3,36,ring_token_count,-0.017378824984374267,-0.7322920933523182,-0.0019913419913419913,-0.05341523341523346
ChemSpacE adapted extreme-SVM,train_std_unit,FractionCSP3,36,token_entropy,-0.5991412060147697,-0.516969693143449,-0.00048258622875359307,-0.011539837858614397
ChemSpacE adapted extreme-SVM,train_std_unit,FractionCSP3,37,selfies_len_tokens,0.030305421923751685,0.6755454951053269,0.01645021645021642,0.6390499590499588
ChemSpacE adapted extreme-SVM,train_std_unit,FractionCSP3,37,branch_token_count,-0.08796788107313734,-0.7104081707750153,-0.0017316017316017314,-0.03361179361179364
ChemSpacE adapted extreme-SVM,train_std_unit,FractionCSP3,37,ring_token_count,-0.10861765615233919,-0.6756266337476744,-0.005887445887445887,-0.05090909090909096
ChemSpacE adapted extreme-SVM,train_std_unit,FractionCSP3,37,token_entropy,-0.6462637470891488,-0.42069438320378866,-0.0010551153795030927,-0.010502130150297837
ChemSpacE adapted extreme-SVM,train_std_unit,FractionCSP3,38,selfies_len_tokens,-0.011302809552148088,0.7436217611084862,-0.004155844155844184,0.7903030303030302
ChemSpacE adapted extreme-SVM,train_std_unit,FractionCSP3,38,branch_token_count,-0.043564044015393044,-0.6717449578614151,-0.0011255411255411255,-0.032416052416052436
ChemSpacE adapted extreme-SVM,train_std_unit,FractionCSP3,38,ring_token_count,-0.017378824984374267,-0.7322920933523182,-0.002077922077922078,-0.03986895986895991
ChemSpacE adapted extreme-SVM,train_std_unit,FractionCSP3,38,token_entropy,-0.5671586517645032,-0.5866422708213579,-0.0005649630419797868,-0.011334250929339408
ChemSpacE adapted extreme-SVM,train_std_unit,FractionCSP3,39,selfies_len_tokens,0.03219951079398617,0.6783958980382608,0.01896103896103896,0.7343325143325137
ChemSpacE adapted extreme-SVM,train_std_unit,FractionCSP3,39,branch_token_count,-0.04558423058385519,-0.6631278625510343,-0.0008658008658008659,-0.02443898443898446
ChemSpacE adapted extreme-SVM,train_std_unit,FractionCSP3,39,ring_token_count,-0.048332656631324834,-0.6603244617310446,-0.001038961038961039,-0.017919737919737933
ChemSpacE adapted extreme-SVM,train_std_unit,FractionCSP3,39,token_entropy,-0.6539420266331416,-0.4490410901791169,-0.0004446091166493447,-0.009337292245691292
ChemSpacE adapted extreme-SVM,train_std_unit,FractionCSP3,40,selfies_len_tokens,0.03219951079398617,0.6783958980382608,0.017662337662337612,0.7037182637182636
ChemSpacE adapted extreme-SVM,train_std_unit,FractionCSP3,40,branch_token_count,-0.04548955918242337,-0.6688815821854427,-0.001038961038961039,-0.029156429156429183
ChemSpacE adapted extreme-SVM,train_std_unit,FractionCSP3,40,ring_token_count,-0.048332656631324834,-0.6603244617310446,-0.001471861471861472,-0.024520884520884533
ChemSpacE adapted extreme-SVM,train_std_unit,FractionCSP3,40,token_entropy,-0.6595193573506951,-0.44414500352607356,-0.0005085033090427126,-0.00969267535123778
ChemSpacE adapted extreme-SVM,train_std_unit,FractionCSP3,41,selfies_len_tokens,0.0008694468886267761,0.7471108954714586,8.658008658009001e-05,0.7521539721539714
ChemSpacE adapted extreme-SVM,train_std_unit,FractionCSP3,41,branch_token_count,-0.03411716938681752,-0.6788648893822403,-0.001038961038961039,-0.04150696150696155
ChemSpacE adapted extreme-SVM,train_std_unit,FractionCSP3,41,ring_token_count,-0.017378824984374267,-0.7322920933523182,-0.0015584415584415584,-0.03180999180999183
ChemSpacE adapted extreme-SVM,train_std_unit,FractionCSP3,41,token_entropy,-0.5952330735718913,-0.543197040870147,-0.000509497642651593,-0.010614134347618433
ChemSpacE adapted extreme-SVM,train_std_unit,FractionCSP3,42,selfies_len_tokens,0.030305421923751685,0.6755454951053269,0.01670995670995669,0.6393939393939391
ChemSpacE adapted extreme-SVM,train_std_unit,FractionCSP3,42,branch_token_count,-0.07998911375366341,-0.7174532533861934,-0.0013852813852813853,-0.043734643734643766
ChemSpacE adapted extreme-SVM,train_std_unit,FractionCSP3,42,ring_token_count,-0.10085583908070603,-0.6912847456639006,-0.0032900432900432896,-0.03711711711711715
ChemSpacE adapted extreme-SVM,train_std_unit,FractionCSP3,42,token_entropy,-0.6381350093130974,-0.44249291468464175,-0.000694448882393399,-0.011307745884163195
ChemSpacE adapted extreme-SVM,train_std_unit,FractionCSP3,43,selfies_len_tokens,0.030305421923751685,0.6755454951053269,0.01714285714285707,0.6996887796887795
ChemSpacE adapted extreme-SVM,train_std_unit,FractionCSP3,43,branch_token_count,-0.04548955918242337,-0.6688815821854427,-0.0011255411255411255,-0.027698607698607727
ChemSpacE adapted extreme-SVM,train_std_unit,FractionCSP3,43,ring_token_count,-0.04924631062609648,-0.6612934804406575,-0.0015584415584415584,-0.02014742014742017
ChemSpacE adapted extreme-SVM,train_std_unit,FractionCSP3,43,token_entropy,-0.6595193573506951,-0.44414500352607356,-0.0005764810312479717,-0.01078870906459006
ChemSpacE adapted extreme-SVM,train_std_unit,FractionCSP3,44,selfies_len_tokens,0.031274071937916065,0.6745863291550414,0.014978354978354957,0.5741359541359535
ChemSpacE adapted extreme-SVM,train_std_unit,FractionCSP3,44,branch_token_count,-0.005213647495312281,-0.7479840667812964,-0.0012121212121212121,-0.07135135135135141
ChemSpacE adapted extreme-SVM,train_std_unit,FractionCSP3,44,ring_token_count,-0.017378824984374267,-0.7322920933523182,-0.0018181818181818186,-0.034381654381654414
ChemSpacE adapted extreme-SVM,train_std_unit,FractionCSP3,44,token_entropy,-0.5820133506570437,-0.5873632754050401,-0.0005219836453802694,-0.010083476571983668
ChemSpacE adapted extreme-SVM,train_std_unit,FractionCSP3,45,selfies_len_tokens,0.030305421923751685,0.6755454951053269,0.01679653679653678,0.641539721539721
ChemSpacE adapted extreme-SVM,train_std_unit,FractionCSP3,45,branch_token_count,-0.04362434029894286,-0.6683931869193245,-0.001038961038961039,-0.032072072072072105
ChemSpacE adapted extreme-SVM,train_std_unit,FractionCSP3,45,ring_token_count,-0.04924631062609648,-0.6612934804406575,-0.002164502164502165,-0.03909909909909912
ChemSpacE adapted extreme-SVM,train_std_unit,FractionCSP3,45,token_entropy,-0.6720342562048005,-0.40079810838458874,-0.0005520221812073833,-0.010379488888485125
ChemSpacE adapted extreme-SVM,train_std_unit,FractionCSP3,46,selfies_len_tokens,0.030305421923751685,0.6755454951053269,0.0157575757575757,0.6495986895986889
ChemSpacE adapted extreme-SVM,train_std_unit,FractionCSP3,46,branch_token_count,-0.0842873011742152,-0.7148565673201202,-0.0023376623376623377,-0.04381654381654385
ChemSpacE adapted extreme-SVM,train_std_unit,FractionCSP3,46,ring_token_count,-0.1034040086570269,-0.6860879493669932,-0.0032900432900432896,-0.034201474201474236
ChemSpacE adapted extreme-SVM,train_std_unit,FractionCSP3,46,token_entropy,-0.6429546552702212,-0.44583493346780084,-0.0006812793678845428,-0.010541903280788672
ChemSpacE adapted extreme-SVM,train_std_unit,FractionCSP3,47,selfies_len_tokens,-0.009563915774894537,0.7440579029038579,-0.002077922077922092,0.737395577395577
ChemSpacE adapted extreme-SVM,train_std_unit,FractionCSP3,47,branch_token_count,-0.006086128220387433,-0.7471108954714586,-0.00043290043290043295,-0.052825552825552874
ChemSpacE adapted extreme-SVM,train_std_unit,FractionCSP3,47,ring_token_count,-0.017378824984374267,-0.7322920933523182,-0.001904761904761905,-0.0380671580671581
ChemSpacE adapted extreme-SVM,train_std_unit,FractionCSP3,47,token_entropy,-0.6174279418681858,-0.469620643617034,-0.0008794853194721722,-0.011179054495705524
ChemSpacE adapted extreme-SVM,train_std_unit,FractionCSP3,48,selfies_len_tokens,0.0,0.7453687378764667,-0.0005194805194805401,0.7554135954135951
ChemSpacE adapted extreme-SVM,train_std_unit,FractionCSP3,48,branch_token_count,-0.08796788107313734,-0.7104081707750153,-0.0012121212121212123,-0.028468468468468497
ChemSpacE adapted extreme-SVM,train_std_unit,FractionCSP3,48,ring_token_count,-0.016519490883908746,-0.7309736490427114,-0.001471861471861472,-0.03326781326781329
ChemSpacE adapted extreme-SVM,train_std_unit,FractionCSP3,48,token_entropy,-0.6264144833056663,-0.46899869806142125,-0.0016372041699449016,-0.008194034012817396
ChemSpacE adapted extreme-SVM,train_std_unit,FractionCSP3,49,selfies_len_tokens,0.030305421923751685,0.6755454951053269,0.016277056277056237,0.6601474201474198
ChemSpacE adapted extreme-SVM,train_std_unit,FractionCSP3,49,branch_token_count,-0.08602518367265262,-0.7113694621136805,-0.0012121212121212123,-0.027354627354627372
ChemSpacE adapted extreme-SVM,train_std_unit,FractionCSP3,49,ring_token_count,-0.10861765615233919,-0.6756266337476744,-0.004675324675324675,-0.03659295659295663
ChemSpacE adapted extreme-SVM,train_std_unit,FractionCSP3,49,token_entropy,-0.6281475979914842,-0.4675214369325824,-0.0008978092575464273,-0.009932653511502278
ChemSpacE adapted extreme-SVM,native_l2,HBA,0,selfies_len_tokens,0.12311577656524121,0.5824323326294871,0.06839826839826835,0.6597870597870593
ChemSpacE adapted extreme-SVM,native_l2,HBA,0,branch_token_count,0.028030595529069405,-0.494692417806554,0.0011255411255411255,-0.031564291564291594
ChemSpacE adapted extreme-SVM,native_l2,HBA,0,ring_token_count,-0.030305421923751685,-0.6755454951053269,0.0007792207792207792,-0.031990171990172026
ChemSpacE adapted extreme-SVM,native_l2,HBA,0,token_entropy,0.26652396811634055,-0.798662292658417,0.0007881269904859133,-0.011250503251364207
ChemSpacE adapted extreme-SVM,native_l2,HBA,1,selfies_len_tokens,0.10687977365390175,0.6791137389541141,0.07021645021645014,0.8535462735462734
ChemSpacE adapted extreme-SVM,native_l2,HBA,1,branch_token_count,0.028030595529069405,-0.494692417806554,0.0006060606060606062,-0.015610155610155623
ChemSpacE adapted extreme-SVM,native_l2,HBA,1,ring_token_count,0.004265614232487918,-0.6066235822967462,0.0006926406926406927,-0.018181818181818195
ChemSpacE adapted extreme-SVM,native_l2,HBA,1,token_entropy,0.20580546572992361,-0.8165224335624479,0.00047336678990452067,-0.010753464655570276
ChemSpacE adapted extreme-SVM,native_l2,HBA,2,selfies_len_tokens,0.09819036116171462,0.6956774886847024,0.05800865800865798,0.8503849303849303
ChemSpacE adapted extreme-SVM,native_l2,HBA,2,branch_token_count,0.06505061704544074,-0.5659680335713911,0.0008658008658008659,-0.016380016380016394
ChemSpacE adapted extreme-SVM,native_l2,HBA,2,ring_token_count,0.004265614232487918,-0.6066235822967462,0.0006926406926406927,-0.018181818181818195
ChemSpacE adapted extreme-SVM,native_l2,HBA,2,token_entropy,0.15010230042182926,-0.8193101141697373,0.0004155874904013359,-0.010306672479678872
ChemSpacE adapted extreme-SVM,native_l2,HBA,3,selfies_len_tokens,0.12690395430571016,0.5748312581416635,0.07419913419913414,0.678181818181818
ChemSpacE adapted extreme-SVM,native_l2,HBA,3,branch_token_count,0.004265614232487918,-0.6066235822967462,0.0007792207792207792,-0.039885339885339925
ChemSpacE adapted extreme-SVM,native_l2,HBA,3,ring_token_count,-0.08172800753091695,-0.7008798651620748,-0.0006060606060606062,-0.020491400491400507
ChemSpacE adapted extreme-SVM,native_l2,HBA,3,token_entropy,0.47362619213292095,-0.7313393284417171,0.0020474510964491833,-0.009797930304768849
ChemSpacE adapted extreme-SVM,native_l2,HBA,4,selfies_len_tokens,0.18073977983749243,0.590192556189904,0.11246753246753245,0.744160524160524
ChemSpacE adapted extreme-SVM,native_l2,HBA,4,branch_token_count,0.028030595529069405,-0.494692417806554,0.001038961038961039,-0.03190827190827193
ChemSpacE adapted extreme-SVM,native_l2,HBA,4,ring_token_count,0.004265614232487918,-0.6066235822967462,0.0006060606060606062,-0.022129402129402145
ChemSpacE adapted extreme-SVM,native_l2,HBA,4,token_entropy,0.08081153617734035,-0.7157283436217301,0.0002390516189013429,-0.008148928464598163
ChemSpacE adapted extreme-SVM,native_l2,HBA,5,selfies_len_tokens,0.11743350995453777,0.5928838100502447,0.057489177489177375,0.5824078624078618
ChemSpacE adapted extreme-SVM,native_l2,HBA,5,branch_token_count,0.002132807116243959,-0.6098332308803268,0.00043290043290043285,-0.038771498771498804
ChemSpacE adapted extreme-SVM,native_l2,HBA,5,ring_token_count,-0.031274071937916065,-0.6741109335742413,0.0005194805194805195,-0.04579852579852584
ChemSpacE adapted extreme-SVM,native_l2,HBA,5,token_entropy,0.1441576548605687,-0.8245286499287803,0.0003577342538812067,-0.011477684771649841
ChemSpacE adapted extreme-SVM,native_l2,HBA,6,selfies_len_tokens,0.18073977983749243,0.590192556189904,0.11116883116883117,0.7150859950859949
ChemSpacE adapted extreme-SVM,native_l2,HBA,6,branch_token_count,0.002132807116243959,-0.6098332308803268,0.00025974025974025974,-0.01809991809991811
ChemSpacE adapted extreme-SVM,native_l2,HBA,6,ring_token_count,0.004265614232487918,-0.6066235822967462,0.0008658008658008659,-0.02761670761670764
ChemSpacE adapted extreme-SVM,native_l2,HBA,6,token_entropy,0.14496238232965142,-0.8233877940096971,0.000210143885167441,-0.010167572689150575
ChemSpacE adapted extreme-SVM,native_l2,HBA,7,selfies_len_tokens,0.10687977365390175,0.6791137389541141,0.06935064935064926,0.8733660933660932
ChemSpacE adapted extreme-SVM,native_l2,HBA,7,branch_token_count,0.028030595529069405,-0.494692417806554,0.0006926406926406927,-0.017067977067977084
ChemSpacE adapted extreme-SVM,native_l2,HBA,7,ring_token_count,-0.06728663962400123,-0.6018508052926584,0.0003463203463203463,-0.018607698607698626
ChemSpacE adapted extreme-SVM,native_l2,HBA,7,token_entropy,0.1514978345082357,-0.8774730210969569,0.0003946522620956248,-0.010997313933757807
ChemSpacE adapted extreme-SVM,native_l2,HBA,8,selfies_len_tokens,0.11743350995453777,0.5928838100502447,0.06554112554112554,0.6531203931203926
ChemSpacE adapted extreme-SVM,native_l2,HBA,8,branch_token_count,0.028030595529069405,-0.494692417806554,0.0008658008658008659,-0.027190827190827212
ChemSpacE adapted extreme-SVM,native_l2,HBA,8,ring_token_count,-0.07751625163870517,-0.7104081707750153,0.0005194805194805195,-0.03164619164619167
ChemSpacE adapted extreme-SVM,native_l2,HBA,8,token_entropy,0.12161232065859125,-0.8728343255322719,0.0004251514379657756,-0.009699950210914498
ChemSpacE adapted extreme-SVM,native_l2,HBA,9,selfies_len_tokens,0.16532720801180756,0.6887958365003524,0.10536796536796535,0.9190335790335793
ChemSpacE adapted extreme-SVM,native_l2,HBA,9,branch_token_count,0.028030595529069405,-0.494692417806554,0.0006926406926406927,-0.018869778869778885
ChemSpacE adapted extreme-SVM,native_l2,HBA,9,ring_token_count,0.028030595529069405,-0.494692417806554,0.0006926406926406927,-0.013464373464373477
ChemSpacE adapted extreme-SVM,native_l2,HBA,9,token_entropy,0.08602518367265262,-0.7122412384152904,0.0003555428356466589,-0.008981461919447832
ChemSpacE adapted extreme-SVM,native_l2,HBA,10,selfies_len_tokens,0.12311577656524121,0.5824323326294871,0.07004329004329005,0.6460442260442256
ChemSpacE adapted extreme-SVM,native_l2,HBA,10,branch_token_count,0.004265614232487918,-0.6066235822967462,0.0007792207792207792,-0.03808353808353813
ChemSpacE adapted extreme-SVM,native_l2,HBA,10,ring_token_count,0.004265614232487918,-0.6066235822967462,0.0003463203463203464,-0.014152334152334163
ChemSpacE adapted extreme-SVM,native_l2,HBA,10,token_entropy,0.20516768781294767,-0.8175704309306665,0.0003342945936427239,-0.01092332429127487
ChemSpacE adapted extreme-SVM,native_l2,HBA,11,selfies_len_tokens,0.12311577656524121,0.5824323326294871,0.07463203463203455,0.7323177723177721
ChemSpacE adapted extreme-SVM,native_l2,HBA,11,branch_token_count,0.06505061704544074,-0.5659680335713911,0.0007792207792207792,-0.016723996723996735
ChemSpacE adapted extreme-SVM,native_l2,HBA,11,ring_token_count,0.028030595529069405,-0.494692417806554,0.0011255411255411255,-0.022555282555282576
ChemSpacE adapted extreme-SVM,native_l2,HBA,11,token_entropy,0.166836719849993,-0.616345845238201,0.00042102111284152973,-0.007331581550060965
ChemSpacE adapted extreme-SVM,native_l2,HBA,12,selfies_len_tokens,0.12311577656524121,0.5824323326294871,0.06761904761904756,0.6430630630630626
ChemSpacE adapted extreme-SVM,native_l2,HBA,12,branch_token_count,0.003202015769753031,-0.6087617064775657,0.0006926406926406927,-0.030794430794430817
ChemSpacE adapted extreme-SVM,native_l2,HBA,12,ring_token_count,-0.0842873011742152,-0.6956774886847024,-0.0015584415584415584,-0.04946764946764952
ChemSpacE adapted extreme-SVM,native_l2,HBA,12,token_entropy,0.04309868031913909,-0.8670224411095582,-2.7131074523992214e-05,-0.009878391585448065
ChemSpacE adapted extreme-SVM,native_l2,HBA,13,selfies_len_tokens,0.16044068954840437,0.698600759439859,0.11212121212121205,0.9417035217035219
ChemSpacE adapted extreme-SVM,native_l2,HBA,13,branch_token_count,0.028030595529069405,-0.494692417806554,0.0007792207792207792,-0.018525798525798543
ChemSpacE adapted extreme-SVM,native_l2,HBA,13,ring_token_count,0.028030595529069405,-0.494692417806554,0.0005194805194805195,-0.010548730548730558
ChemSpacE adapted extreme-SVM,native_l2,HBA,13,token_entropy,0.6823976758148411,-0.29301635766384415,0.003230109779369266,-0.0051008825217946354
ChemSpacE adapted extreme-SVM,native_l2,HBA,14,selfies_len_tokens,0.15954480704349314,0.6998775593672861,0.10952380952380952,0.8933497133497131
ChemSpacE adapted extreme-SVM,native_l2,HBA,14,branch_token_count,0.028030595529069405,-0.494692417806554,0.00043290043290043295,-0.014496314496314507
ChemSpacE adapted extreme-SVM,native_l2,HBA,14,ring_token_count,0.028030595529069405,-0.494692417806554,0.0007792207792207792,-0.02032760032760034
ChemSpacE adapted extreme-SVM,native_l2,HBA,14,token_entropy,0.17870501915438117,-0.699301092097756,0.0004742561409834406,-0.009467994729225916
ChemSpacE adapted extreme-SVM,native_l2,HBA,15,selfies_len_tokens,0.10687977365390175,0.6791137389541141,0.06900432900432894,0.8403439803439803
ChemSpacE adapted extreme-SVM,native_l2,HBA,15,branch_token_count,0.028030595529069405,-0.494692417806554,0.00043290043290043295,-0.012694512694512706
ChemSpacE adapted extreme-SVM,native_l2,HBA,15,ring_token_count,0.004265614232487918,-0.6066235822967462,0.0006060606060606062,-0.018525798525798543
ChemSpacE adapted extreme-SVM,native_l2,HBA,15,token_entropy,0.0378817774046896,-0.6755454951053269,0.00024286038037354897,-0.008791891628540245
ChemSpacE adapted extreme-SVM,native_l2,HBA,16,selfies_len_tokens,0.18073977983749243,0.590192556189904,0.11082251082251084,0.7434889434889433
ChemSpacE adapted extreme-SVM,native_l2,HBA,16,branch_token_count,0.028030595529069405,-0.494692417806554,0.0007792207792207792,-0.022129402129402145
ChemSpacE adapted extreme-SVM,native_l2,HBA,16,ring_token_count,-0.14089461569479164,-0.7035032209096125,-0.0012987012987012987,-0.031203931203931237
ChemSpacE adapted extreme-SVM,native_l2,HBA,16,token_entropy,-0.011513592488387337,-0.8973805348524515,-3.6724542009474963e-05,-0.011464769198103304
ChemSpacE adapted extreme-SVM,native_l2,HBA,17,selfies_len_tokens,0.1222531903027628,0.5847365643838625,0.05480519480519479,0.5354135954135951
ChemSpacE adapted extreme-SVM,native_l2,HBA,17,branch_token_count,0.002132807116243959,-0.6098332308803268,0.0005194805194805195,-0.04022932022932026
ChemSpacE adapted extreme-SVM,native_l2,HBA,17,ring_token_count,0.003202015769753031,-0.6087617064775657,0.00043290043290043295,-0.030450450450450476
ChemSpacE adapted extreme-SVM,native_l2,HBA,17,token_entropy,0.07907365367890291,-0.7183436725265597,0.00016960238882691184,-0.00881091959851729
ChemSpacE adapted extreme-SVM,native_l2,HBA,18,selfies_len_tokens,0.17726401484061755,0.5971667666027832,0.10588744588744588,0.7036363636363634
ChemSpacE adapted extreme-SVM,native_l2,HBA,18,branch_token_count,0.004265614232487918,-0.6066235822967462,0.0006926406926406927,-0.028992628992629013
ChemSpacE adapted extreme-SVM,native_l2,HBA,18,ring_token_count,-0.13037376120529215,-0.7251176511091596,-0.0005194805194805195,-0.026666666666666686
ChemSpacE adapted extreme-SVM,native_l2,HBA,18,token_entropy,-0.011513592488387337,-0.9024341661830768,1.256128415265785e-05,-0.011221900896204201
ChemSpacE adapted extreme-SVM,native_l2,HBA,19,selfies_len_tokens,0.12509628775166426,0.5790318174142638,0.07445887445887436,0.6843570843570841
ChemSpacE adapted extreme-SVM,native_l2,HBA,19,branch_token_count,0.028030595529069405,-0.494692417806554,0.0009523809523809525,-0.026846846846846868
ChemSpacE adapted extreme-SVM,native_l2,HBA,19,ring_token_count,-0.07477243242190273,-0.7144002608185928,0.00043290043290043285,-0.036707616707616735
ChemSpacE adapted extreme-SVM,native_l2,HBA,19,token_entropy,0.09282833943762289,-0.8836635355264688,0.00012474767210872664,-0.011331440936646063
ChemSpacE adapted extreme-SVM,native_l2,HBA,20,selfies_len_tokens,0.12311577656524121,0.5824323326294871,0.06268398268398263,0.6014086814086809
ChemSpacE adapted extreme-SVM,native_l2,HBA,20,branch_token_count,0.004265614232487918,-0.6066235822967462,0.0009523809523809525,-0.04168714168714172
ChemSpacE adapted extreme-SVM,native_l2,HBA,20,ring_token_count,-0.030305421923751685,-0.6755454951053269,0.00025974025974025974,-0.02324324324324326
ChemSpacE adapted extreme-SVM,native_l2,HBA,20,token_entropy,0.20436626666887522,-0.8186882755612873,0.0003965091724403141,-0.010612001509968525
ChemSpacE adapted extreme-SVM,native_l2,HBA,21,selfies_len_tokens,0.12311577656524121,0.5824323326294871,0.06476190476190466,0.6255855855855852
ChemSpacE adapted extreme-SVM,native_l2,HBA,21,branch_token_count,0.004265614232487918,-0.6066235822967462,0.0006060606060606062,-0.025733005733005746
ChemSpacE adapted extreme-SVM,native_l2,HBA,21,ring_token_count,-0.08602518367265262,-0.6921903834782627,-0.0021645021645021645,-0.04912366912366916
ChemSpacE adapted extreme-SVM,native_l2,HBA,21,token_entropy,0.32729609899678164,-0.824302069775972,0.0011800966155039669,-0.010820647863548983
ChemSpacE adapted extreme-SVM,native_l2,HBA,22,selfies_len_tokens,0.12311577656524121,0.5824323326294871,0.06692640692640688,0.6476167076167074
ChemSpacE adapted extreme-SVM,native_l2,HBA,22,branch_token_count,0.004265614232487918,-0.6066235822967462,0.0008658008658008659,-0.03662571662571667
ChemSpacE adapted extreme-SVM,native_l2,HBA,22,ring_token_count,-0.031274071937916065,-0.6741109335742413,0.0006060606060606062,-0.027960687960687992
ChemSpacE adapted extreme-SVM,native_l2,HBA,22,token_entropy,0.20004866948572997,-0.8165224335624479,0.0005267620123603637,-0.010892708113222559
ChemSpacE adapted extreme-SVM,native_l2,HBA,23,selfies_len_tokens,0.12311577656524121,0.5824323326294871,0.07454545454545446,0.7128419328419326
ChemSpacE adapted extreme-SVM,native_l2,HBA,23,branch_token_count,0.028030595529069405,-0.494692417806554,0.0006060606060606062,-0.017411957411957425
ChemSpacE adapted extreme-SVM,native_l2,HBA,23,ring_token_count,0.003202015769753031,-0.6055492436465496,0.00043290043290043295,-0.012006552006552018
ChemSpacE adapted extreme-SVM,native_l2,HBA,23,token_entropy,0.19495092998659763,-0.7318989232499268,0.0004402288030075509,-0.008668949039331767
ChemSpacE adapted extreme-SVM,native_l2,HBA,24,selfies_len_tokens,0.11743350995453777,0.5928838100502447,0.06510822510822502,0.687272727272727
ChemSpacE adapted extreme-SVM,native_l2,HBA,24,branch_token_count,0.06505061704544074,-0.5659680335713911,0.0012121212121212121,-0.024013104013104036
ChemSpacE adapted extreme-SVM,native_l2,HBA,24,ring_token_count,0.028030595529069405,-0.494692417806554,0.0006926406926406927,-0.01526617526617528
ChemSpacE adapted extreme-SVM,native_l2,HBA,24,token_entropy,0.19495092998659763,-0.7318989232499268,0.0005743338849257897,-0.008890906366581809
ChemSpacE adapted extreme-SVM,native_l2,HBA,25,selfies_len_tokens,0.12690395430571016,0.5748312581416635,0.07549783549783541,0.6568058968058963
ChemSpacE adapted extreme-SVM,native_l2,HBA,25,branch_token_count,0.004265614232487918,-0.6066235822967462,0.0008658008658008659,-0.03371007371007374
ChemSpacE adapted extreme-SVM,native_l2,HBA,25,ring_token_count,-0.07477243242190273,-0.7144002608185928,0.00043290043290043295,-0.03782145782145785
ChemSpacE adapted extreme-SVM,native_l2,HBA,25,token_entropy,0.3759822538391153,-0.8120377457863467,0.001322854864024745,-0.011099826033500829
ChemSpacE adapted extreme-SVM,native_l2,HBA,26,selfies_len_tokens,0.10687977365390175,0.6791137389541141,0.06961038961038954,0.8361343161343157
ChemSpacE adapted extreme-SVM,native_l2,HBA,26,branch_token_count,0.06505061704544074,-0.5659680335713911,0.0008658008658008659,-0.021785421785421796
ChemSpacE adapted extreme-SVM,native_l2,HBA,26,ring_token_count,-0.07751625163870517,-0.7104081707750153,8.658008658008662e-05,-0.018951678951678964
ChemSpacE adapted extreme-SVM,native_l2,HBA,26,token_entropy,0.03566787336756339,-0.8640404206758193,4.363921132814107e-05,-0.011202267955341117
ChemSpacE adapted extreme-SVM,native_l2,HBA,27,selfies_len_tokens,0.11743350995453777,0.5928838100502447,0.06346320346320342,0.6361506961506959
ChemSpacE adapted extreme-SVM,native_l2,HBA,27,branch_token_count,0.028030595529069405,-0.494692417806554,0.0011255411255411255,-0.03336609336609339
ChemSpacE adapted extreme-SVM,native_l2,HBA,27,ring_token_count,0.004265614232487918,-0.6066235822967462,0.0006926406926406927,-0.024701064701064722
ChemSpacE adapted extreme-SVM,native_l2,HBA,27,token_entropy,0.15010230042182926,-0.8193101141697373,0.0003326370614107598,-0.009378002710327857
ChemSpacE adapted extreme-SVM,native_l2,HBA,28,selfies_len_tokens,0.11656699540495986,0.59519526716146,0.06883116883116876,0.7049140049140042
ChemSpacE adapted extreme-SVM,native_l2,HBA,28,branch_token_count,0.028030595529069405,-0.494692417806554,0.0005194805194805195,-0.014152334152334163
ChemSpacE adapted extreme-SVM,native_l2,HBA,28,ring_token_count,0.028030595529069405,-0.494692417806554,0.0006060606060606062,-0.012006552006552018
ChemSpacE adapted extreme-SVM,native_l2,HBA,28,token_entropy,0.29938892819370355,-0.5875370995760281,0.0007772248776417107,-0.007239601351767693
ChemSpacE adapted extreme-SVM,native_l2,HBA,29,selfies_len_tokens,0.10687977365390175,0.6791137389541141,0.07064935064935064,0.8706961506961503
ChemSpacE adapted extreme-SVM,native_l2,HBA,29,branch_token_count,0.028030595529069405,-0.494692417806554,0.0007792207792207792,-0.018525798525798543
ChemSpacE adapted extreme-SVM,native_l2,HBA,29,ring_token_count,0.004265614232487918,-0.6066235822967462,0.0005194805194805196,-0.01526617526617528
ChemSpacE adapted extreme-SVM,native_l2,HBA,29,token_entropy,0.26007824330514967,-0.7179214194226179,0.0007951455866464231,-0.010332545725536539
ChemSpacE adapted extreme-SVM,native_l2,HBA,30,selfies_len_tokens,0.17552613234218012,0.6006538718092228,0.11177489177489176,0.7559213759213755
ChemSpacE adapted extreme-SVM,native_l2,HBA,30,branch_token_count,0.028030595529069405,-0.494692417806554,0.0013852813852813855,-0.03773955773955777
ChemSpacE adapted extreme-SVM,native_l2,HBA,30,ring_token_count,-0.12954758640538963,-0.6044925283849629,-0.00025974025974025974,-0.02812448812448815
ChemSpacE adapted extreme-SVM,native_l2,HBA,30,token_entropy,0.05543127004069113,-0.7894032517731613,0.0001749906219004566,-0.010044428123598851
ChemSpacE adapted extreme-SVM,native_l2,HBA,31,selfies_len_tokens,0.09819036116171462,0.6956774886847024,0.06008658008658001,0.7920393120393117
ChemSpacE adapted extreme-SVM,native_l2,HBA,31,branch_token_count,0.06505061704544074,-0.5659680335713911,0.0015584415584415584,-0.04065520065520068
ChemSpacE adapted extreme-SVM,native_l2,HBA,31,ring_token_count,0.004265614232487918,-0.6066235822967462,0.0003463203463203464,-0.012350532350532361
ChemSpacE adapted extreme-SVM,native_l2,HBA,31,token_entropy,0.38414934620392366,-0.7397801218195408,0.0013745643968851398,-0.010216069156203392
ChemSpacE adapted extreme-SVM,native_l2,HBA,32,selfies_len_tokens,0.16532720801180756,0.6887958365003524,0.11246753246753245,0.9235217035217033
ChemSpacE adapted extreme-SVM,native_l2,HBA,32,branch_token_count,0.028030595529069405,-0.494692417806554,0.0006060606060606062,-0.015610155610155623
ChemSpacE adapted extreme-SVM,native_l2,HBA,32,ring_token_count,0.028030595529069405,-0.494692417806554,0.0006926406926406927,-0.01526617526617528
ChemSpacE adapted extreme-SVM,native_l2,HBA,32,token_entropy,0.166836719849993,-0.616345845238201,0.0004801326811246535,-0.008090468927506181
ChemSpacE adapted extreme-SVM,native_l2,HBA,33,selfies_len_tokens,0.16288394878010595,0.6936982979701057,0.10484848484848483,0.9320720720720719
ChemSpacE adapted extreme-SVM,native_l2,HBA,33,branch_token_count,0.028030595529069405,-0.494692417806554,0.0006060606060606062,-0.01380835380835382
ChemSpacE adapted extreme-SVM,native_l2,HBA,33,ring_token_count,0.028030595529069405,-0.494692417806554,0.0005194805194805195,-0.010548730548730558
ChemSpacE adapted extreme-SVM,native_l2,HBA,33,token_entropy,0.6452884366466626,-0.3674769850231269,0.002203511744871297,-0.0076229860505600995
ChemSpacE adapted extreme-SVM,native_l2,HBA,34,selfies_len_tokens,0.12311577656524121,0.5824323326294871,0.06034632034632028,0.5836691236691232
ChemSpacE adapted extreme-SVM,native_l2,HBA,34,branch_token_count,0.004265614232487918,-0.6066235822967462,0.0012121212121212121,-0.04134316134316139
ChemSpacE adapted extreme-SVM,native_l2,HBA,34,ring_token_count,-0.030305421923751685,-0.6755454951053269,0.00017316017316017316,-0.03233415233415236
ChemSpacE adapted extreme-SVM,native_l2,HBA,34,token_entropy,0.1441576548605687,-0.8245286499287803,0.00030699736795943873,-0.011574197241204358
ChemSpacE adapted extreme-SVM,native_l2,HBA,35,selfies_len_tokens,0.12311577656524121,0.5824323326294871,0.06779220779220775,0.6405733005733001
ChemSpacE adapted extreme-SVM,native_l2,HBA,35,branch_token_count,0.0378817774046896,-0.6755454951053269,0.0012121212121212123,-0.04065520065520068
ChemSpacE adapted extreme-SVM,native_l2,HBA,35,ring_token_count,-0.04928035578095864,-0.63798086943345,0.0006060606060606062,-0.0290745290745291
ChemSpacE adapted extreme-SVM,native_l2,HBA,35,token_entropy,0.0,-0.8397822215868723,0.00010523003410502668,-0.009856876079151472
ChemSpacE adapted extreme-SVM,native_l2,HBA,36,selfies_len_tokens,0.18073977983749243,0.590192556189904,0.10900432900432905,0.7380999180999179
ChemSpacE adapted extreme-SVM,native_l2,HBA,36,branch_token_count,0.028030595529069405,-0.494692417806554,0.0007792207792207792,-0.023931203931203945
ChemSpacE adapted extreme-SVM,native_l2,HBA,36,ring_token_count,-0.1354012952358416,-0.7160402388838538,9.07135690542781e-20,-0.03610155610155613
ChemSpacE adapted extreme-SVM,native_l2,HBA,36,token_entropy,0.05891582453098055,-0.9161747180980256,0.0002779991202453973,-0.011403083941609335
ChemSpacE adapted extreme-SVM,native_l2,HBA,37,selfies_len_tokens,0.12311577656524121,0.5824323326294871,0.07385281385281377,0.681359541359541
ChemSpacE adapted extreme-SVM,native_l2,HBA,37,branch_token_count,0.06291780992919678,-0.5691776821549718,0.0006060606060606062,-0.01921375921375923
ChemSpacE adapted extreme-SVM,native_l2,HBA,37,ring_token_count,-0.04730888628722177,-0.7749601213977253,8.658008658008669e-05,-0.03978705978705984
ChemSpacE adapted extreme-SVM,native_l2,HBA,37,token_entropy,0.04755716449008452,-0.8640404206758193,0.00011618039364098757,-0.009623704309255809
ChemSpacE adapted extreme-SVM,native_l2,HBA,38,selfies_len_tokens,0.12311577656524121,0.5824323326294871,0.07489177489177481,0.6988533988533985
ChemSpacE adapted extreme-SVM,native_l2,HBA,38,branch_token_count,0.003202015769753031,-0.6087617064775657,0.00043290043290043295,-0.021015561015561034
ChemSpacE adapted extreme-SVM,native_l2,HBA,38,ring_token_count,-0.07998911375366341,-0.7039328577296754,0.00043290043290043306,-0.033529893529893565
ChemSpacE adapted extreme-SVM,native_l2,HBA,38,token_entropy,0.1543033499620919,-0.8831023588425668,0.0003289673328245939,-0.011374097149343529
ChemSpacE adapted extreme-SVM,native_l2,HBA,39,selfies_len_tokens,0.10687977365390175,0.6791137389541141,0.07021645021645014,0.8681244881244882
ChemSpacE adapted extreme-SVM,native_l2,HBA,39,branch_token_count,0.06505061704544074,-0.5659680335713911,0.001038961038961039,-0.02289926289926292
ChemSpacE adapted extreme-SVM,native_l2,HBA,39,ring_token_count,0.028030595529069405,-0.494692417806554,0.0005194805194805195,-0.012350532350532361
ChemSpacE adapted extreme-SVM,native_l2,HBA,39,token_entropy,0.19495092998659763,-0.7318989232499268,0.0005201064827729352,-0.009223652654948305
ChemSpacE adapted extreme-SVM,native_l2,HBA,40,selfies_len_tokens,0.09819036116171462,0.6956774886847024,0.05956709956709947,0.8297788697788695
ChemSpacE adapted extreme-SVM,native_l2,HBA,40,branch_token_count,0.06505061704544074,-0.5659680335713911,0.0012987012987012987,-0.025470925470925495
ChemSpacE adapted extreme-SVM,native_l2,HBA,40,ring_token_count,0.004265614232487918,-0.6066235822967462,0.00043290043290043295,-0.015610155610155626
ChemSpacE adapted extreme-SVM,native_l2,HBA,40,token_entropy,0.14644917599457094,-0.821150327178149,0.0002640075745038886,-0.009556315453480164
ChemSpacE adapted extreme-SVM,native_l2,HBA,41,selfies_len_tokens,0.12311577656524121,0.5824323326294871,0.07376623376623372,0.6871089271089266
ChemSpacE adapted extreme-SVM,native_l2,HBA,41,branch_token_count,0.04075106343425426,-0.6741109335742413,0.0011255411255411255,-0.03447993447993451
ChemSpacE adapted extreme-SVM,native_l2,HBA,41,ring_token_count,0.004265614232487918,-0.6066235822967462,0.0009523809523809524,-0.02615888615888618
ChemSpacE adapted extreme-SVM,native_l2,HBA,41,token_entropy,0.26007824330514967,-0.7179214194226179,0.0006964046918726877,-0.00998081710113559
ChemSpacE adapted extreme-SVM,native_l2,HBA,42,selfies_len_tokens,0.11743350995453777,0.5928838100502447,0.06623376623376623,0.65036855036855
ChemSpacE adapted extreme-SVM,native_l2,HBA,42,branch_token_count,0.028030595529069405,-0.494692417806554,0.0012121212121212123,-0.03482391482391485
ChemSpacE adapted extreme-SVM,native_l2,HBA,42,ring_token_count,0.004265614232487918,-0.6066235822967462,0.0006060606060606062,-0.027960687960687985
ChemSpacE adapted extreme-SVM,native_l2,HBA,42,token_entropy,0.19117097351000176,-0.7337894306863059,0.000365102762511058,-0.009626368858546551
ChemSpacE adapted extreme-SVM,native_l2,HBA,43,selfies_len_tokens,0.12311577656524121,0.5824323326294871,0.07532467532467524,0.7169533169533167
ChemSpacE adapted extreme-SVM,native_l2,HBA,43,branch_token_count,0.028030595529069405,-0.494692417806554,0.0006060606060606062,-0.01921375921375923
ChemSpacE adapted extreme-SVM,native_l2,HBA,43,ring_token_count,0.028030595529069405,-0.494692417806554,0.0007792207792207792,-0.01672399672399674
ChemSpacE adapted extreme-SVM,native_l2,HBA,43,token_entropy,0.33749217981585383,-0.6851280189661919,0.0009696750295288312,-0.009489773341111257
ChemSpacE adapted extreme-SVM,native_l2,HBA,44,selfies_len_tokens,0.12311577656524121,0.5824323326294871,0.05722943722943717,0.5636199836199827
ChemSpacE adapted extreme-SVM,native_l2,HBA,44,branch_token_count,0.004265614232487918,-0.6066235822967462,0.0011255411255411255,-0.05000819000819006
ChemSpacE adapted extreme-SVM,native_l2,HBA,44,ring_token_count,-0.030305421923751685,-0.6755454951053269,0.0003463203463203463,-0.024701064701064722
ChemSpacE adapted extreme-SVM,native_l2,HBA,44,token_entropy,0.15388314431916844,-0.8181670380694182,0.0003326899090770805,-0.00930735611303425
ChemSpacE adapted extreme-SVM,native_l2,HBA,45,selfies_len_tokens,0.12311577656524121,0.5824323326294871,0.06917748917748912,0.6747092547092541
ChemSpacE adapted extreme-SVM,native_l2,HBA,45,branch_token_count,0.06505061704544074,-0.5659680335713911,0.0008658008658008659,-0.023587223587223604
ChemSpacE adapted extreme-SVM,native_l2,HBA,45,ring_token_count,0.004265614232487918,-0.6066235822967462,0.0007792207792207792,-0.026846846846846868
ChemSpacE adapted extreme-SVM,native_l2,HBA,45,token_entropy,0.13512468351642787,-0.7333606164665378,0.0003249043456845773,-0.009213562481466772
ChemSpacE adapted extreme-SVM,native_l2,HBA,46,selfies_len_tokens,0.12311577656524121,0.5824323326294871,0.06735930735930733,0.6639148239148234
ChemSpacE adapted extreme-SVM,native_l2,HBA,46,branch_token_count,0.004265614232487918,-0.6066235822967462,0.0012987012987012987,-0.04099918099918105
ChemSpacE adapted extreme-SVM,native_l2,HBA,46,ring_token_count,-0.031274071937916065,-0.6741109335742413,0.00025974025974025974,-0.018525798525798536
ChemSpacE adapted extreme-SVM,native_l2,HBA,46,token_entropy,0.14564381625088382,-0.8222921346034762,0.00030842880312000634,-0.009651334630545329
ChemSpacE adapted extreme-SVM,native_l2,HBA,47,selfies_len_tokens,0.12311577656524121,0.5824323326294871,0.07272727272727267,0.667813267813267
ChemSpacE adapted extreme-SVM,native_l2,HBA,47,branch_token_count,0.06505061704544074,-0.5659680335713911,0.0012987012987012987,-0.03808353808353811
ChemSpacE adapted extreme-SVM,native_l2,HBA,47,ring_token_count,0.004265614232487918,-0.6066235822967462,0.0007792207792207792,-0.02504504504504506
ChemSpacE adapted extreme-SVM,native_l2,HBA,47,token_entropy,0.13675269175156554,-0.7309106366787876,0.00037011078421633796,-0.009598745017504002
ChemSpacE adapted extreme-SVM,native_l2,HBA,48,selfies_len_tokens,0.12311577656524121,0.5824323326294871,0.07246753246753243,0.6742506142506142
ChemSpacE adapted extreme-SVM,native_l2,HBA,48,branch_token_count,0.028030595529069405,-0.494692417806554,0.0005194805194805195,-0.017755937755937774
ChemSpacE adapted extreme-SVM,native_l2,HBA,48,ring_token_count,0.004265614232487918,-0.6066235822967462,0.0009523809523809524,-0.027960687960687992
ChemSpacE adapted extreme-SVM,native_l2,HBA,48,token_entropy,0.40960525626300764,-0.6522995112725574,0.0014997990820614312,-0.008666081994072516
ChemSpacE adapted extreme-SVM,native_l2,HBA,49,selfies_len_tokens,0.12311577656524121,0.5824323326294871,0.07367965367965362,0.687452907452907
ChemSpacE adapted extreme-SVM,native_l2,HBA,49,branch_token_count,0.06404031539506061,-0.5680705106180275,0.0006926406926406927,-0.020671580671580685
ChemSpacE adapted extreme-SVM,native_l2,HBA,49,ring_token_count,-0.031274071937916065,-0.6741109335742413,0.0006060606060606062,-0.024357084357084377
ChemSpacE adapted extreme-SVM,native_l2,HBA,49,token_entropy,0.09670185019176471,-0.8110650846194839,0.00019357107813841292,-0.008687878302893762
ChemSpacE adapted extreme-SVM,train_std_unit,HBA,0,selfies_len_tokens,0.17256887292459464,0.674561101560535,0.11116883116883117,0.8619164619164617
ChemSpacE adapted extreme-SVM,train_std_unit,HBA,0,branch_token_count,0.043564044015393044,-0.6717449578614151,0.0013852813852813855,-0.03164619164619167
ChemSpacE adapted extreme-SVM,train_std_unit,HBA,0,ring_token_count,-0.026889588248591507,-0.782751015712537,0.0009523809523809525,-0.031040131040131064
ChemSpacE adapted extreme-SVM,train_std_unit,HBA,0,token_entropy,0.42070706452030404,-0.785094760024094,0.0014991967126539087,-0.012405306956259932
ChemSpacE adapted extreme-SVM,train_std_unit,HBA,1,selfies_len_tokens,0.24600950688784937,0.6504043453695001,0.1694372294372294,0.9353480753480753
ChemSpacE adapted extreme-SVM,train_std_unit,HBA,1,branch_token_count,0.06724233116481365,-0.5627164058996672,0.0011255411255411255,-0.018951678951678964
ChemSpacE adapted extreme-SVM,train_std_unit,HBA,1,ring_token_count,0.014780597106655195,-0.7344627834056837,0.001038961038961039,-0.02083538083538086
ChemSpacE adapted extreme-SVM,train_std_unit,HBA,1,token_entropy,0.2826648127699478,-0.8487258348063712,0.0008388793661192747,-0.012593809639395702
ChemSpacE adapted extreme-SVM,train_std_unit,HBA,2,selfies_len_tokens,0.16532720801180756,0.6887958365003524,0.10744588744588743,0.9443898443898444
ChemSpacE adapted extreme-SVM,train_std_unit,HBA,2,branch_token_count,0.06931623127792866,-0.5584788535430362,0.001471861471861472,-0.019377559377559393
ChemSpacE adapted extreme-SVM,train_std_unit,HBA,2,ring_token_count,0.015659161411724035,-0.733581479732479,0.0012121212121212123,-0.023063063063063084
ChemSpacE adapted extreme-SVM,train_std_unit,HBA,2,token_entropy,0.22892356827863683,-0.8621263741788943,0.0006966985627608355,-0.012377700778506688
ChemSpacE adapted extreme-SVM,train_std_unit,HBA,3,selfies_len_tokens,0.24225309598635847,0.6584692457375529,0.16354978354978347,0.8779197379197382
ChemSpacE adapted extreme-SVM,train_std_unit,HBA,3,branch_token_count,0.04075106343425426,-0.6741109335742413,0.0015584415584415584,-0.04982800982800987
ChemSpacE adapted extreme-SVM,train_std_unit,HBA,3,ring_token_count,-0.20703273681365977,-0.6919717415238416,-0.001818181818181818,-0.018165438165438183
ChemSpacE adapted extreme-SVM,train_std_unit,HBA,3,token_entropy,0.4007940145559976,-0.8560239376094843,0.0019806487645749136,-0.011645879339592534
ChemSpacE adapted extreme-SVM,train_std_unit,HBA,4,selfies_len_tokens,0.2537456549031906,0.6356577074673276,0.1722077922077921,0.8968877968877972
ChemSpacE adapted extreme-SVM,train_std_unit,HBA,4,branch_token_count,0.043564044015393044,-0.6717449578614151,0.0013852813852813855,-0.03344799344799348
ChemSpacE adapted extreme-SVM,train_std_unit,HBA,4,ring_token_count,0.01216517748906199,-0.741881632670027,0.0009523809523809525,-0.030614250614250632
ChemSpacE adapted extreme-SVM,train_std_unit,HBA,4,token_entropy,0.09670185019176471,-0.8110650846194839,0.00034958829692383487,-0.011427982881800547
ChemSpacE adapted extreme-SVM,train_std_unit,HBA,5,selfies_len_tokens,0.18432274038887655,0.5839938640025003,0.10051948051948047,0.6366748566748562
ChemSpacE adapted extreme-SVM,train_std_unit,HBA,5,branch_token_count,0.006951529993749708,-0.7453687378764667,0.0008658008658008657,-0.05051597051597055
ChemSpacE adapted extreme-SVM,train_std_unit,HBA,5,ring_token_count,-0.030133530524319604,-0.7884792197186713,0.0008658008658008661,-0.06791154791154796
ChemSpacE adapted extreme-SVM,train_std_unit,HBA,5,token_entropy,0.23777401392944114,-0.864570617671672,0.0007152817238178093,-0.013477350907749147
ChemSpacE adapted extreme-SVM,train_std_unit,HBA,6,selfies_len_tokens,0.2546366408291116,0.6343978464240339,0.17367965367965363,0.8649631449631449
ChemSpacE adapted extreme-SVM,train_std_unit,HBA,6,branch_token_count,0.0378817774046896,-0.6755454951053269,0.0006060606060606062,-0.02504504504504506
ChemSpacE adapted extreme-SVM,train_std_unit,HBA,6,ring_token_count,0.0034777875545071043,-0.745802470085344,0.0005194805194805195,-0.024013104013104036
ChemSpacE adapted extreme-SVM,train_std_unit,HBA,6,token_entropy,0.2192991539966521,-0.8697130862716687,0.0004334546219061084,-0.013042821923279881
ChemSpacE adapted extreme-SVM,train_std_unit,HBA,7,selfies_len_tokens,0.24457501064437467,0.6538102652252588,0.1664935064935064,0.9575921375921377
ChemSpacE adapted extreme-SVM,train_std_unit,HBA,7,branch_token_count,0.06931623127792866,-0.5584788535430362,0.001904761904761905,-0.026666666666666686
ChemSpacE adapted extreme-SVM,train_std_unit,HBA,7,ring_token_count,-0.04241486356785399,-0.7463185118423712,0.0008658008658008659,-0.02237510237510239
ChemSpacE adapted extreme-SVM,train_std_unit,HBA,7,token_entropy,0.2853697392079377,-0.8161608147658389,0.0010253169664266584,-0.012220139035160333
ChemSpacE adapted extreme-SVM,train_std_unit,HBA,8,selfies_len_tokens,0.16442883174890618,0.6900776402162856,0.10415584415584411,0.8631777231777229
ChemSpacE adapted extreme-SVM,train_std_unit,HBA,8,branch_token_count,0.043564044015393044,-0.6717449578614151,0.001038961038961039,-0.02941850941850945
ChemSpacE adapted extreme-SVM,train_std_unit,HBA,8,ring_token_count,-0.08316090083304374,-0.7992339393449716,0.00025974025974025974,-0.029926289926289946
ChemSpacE adapted extreme-SVM,train_std_unit,HBA,8,token_entropy,0.20151701963024982,-0.9084283715473469,0.0008117440028312984,-0.01214587321720777
ChemSpacE adapted extreme-SVM,train_std_unit,HBA,9,selfies_len_tokens,0.25266459653953544,0.639942970408361,0.18173160173160163,0.9666339066339068
ChemSpacE adapted extreme-SVM,train_std_unit,HBA,9,branch_token_count,0.06505061704544074,-0.5659680335713911,0.0012987012987012987,-0.023669123669123687
ChemSpacE adapted extreme-SVM,train_std_unit,HBA,9,ring_token_count,0.06931623127792866,-0.5584788535430362,0.0007792207792207792,-0.011318591318591326
ChemSpacE adapted extreme-SVM,train_std_unit,HBA,9,token_entropy,0.20113984839887056,-0.7256898125542751,0.0006826521925340003,-0.009852148629494023
ChemSpacE adapted extreme-SVM,train_std_unit,HBA,10,selfies_len_tokens,0.2429150476817129,0.6566134560651515,0.15645021645021637,0.8388697788697789
ChemSpacE adapted extreme-SVM,train_std_unit,HBA,10,branch_token_count,0.043564044015393044,-0.6717449578614151,0.0013852813852813855,-0.042194922194922234
ChemSpacE adapted extreme-SVM,train_std_unit,HBA,10,ring_token_count,-0.07477243242190273,-0.7144002608185928,4.535678452713905e-20,-0.020409500409500424
ChemSpacE adapted extreme-SVM,train_std_unit,HBA,10,token_entropy,0.2753232269374515,-0.8476674860050849,0.0004919158147475212,-0.014118286478567397
ChemSpacE adapted extreme-SVM,train_std_unit,HBA,11,selfies_len_tokens,0.17745289763000766,0.6647611824095343,0.12112554112554108,0.9450450450450448
ChemSpacE adapted extreme-SVM,train_std_unit,HBA,11,branch_token_count,0.06931623127792866,-0.5584788535430362,0.0013852813852813855,-0.021523341523341545
ChemSpacE adapted extreme-SVM,train_std_unit,HBA,11,ring_token_count,0.07044434693456668,-0.5568268907094709,0.0012987012987012987,-0.016461916461916477
ChemSpacE adapted extreme-SVM,train_std_unit,HBA,11,token_entropy,0.2698530501828896,-0.705547874214831,0.0008161754425838862,-0.0096744110395667
ChemSpacE adapted extreme-SVM,train_std_unit,HBA,12,selfies_len_tokens,0.2289899812540988,0.6783453434999321,0.14943722943722937,0.8567731367731366
ChemSpacE adapted extreme-SVM,train_std_unit,HBA,12,branch_token_count,0.0426464617335219,-0.6736355379934416,0.0012121212121212123,-0.03816543816543819
ChemSpacE adapted extreme-SVM,train_std_unit,HBA,12,ring_token_count,-0.17946436830700355,-0.7456008223451515,-0.004502164502164502,-0.048484848484848554
ChemSpacE adapted extreme-SVM,train_std_unit,HBA,12,token_entropy,-0.02886274157525008,-0.9342050932576679,-0.00014979282908989276,-0.01256157705789344
ChemSpacE adapted extreme-SVM,train_std_unit,HBA,13,selfies_len_tokens,0.26082841325048817,0.6219738983912498,0.18753246753246752,0.9739557739557742
ChemSpacE adapted extreme-SVM,train_std_unit,HBA,13,branch_token_count,0.047352221755862,-0.6650940176845692,0.0016450216450216448,-0.02520884520884523
ChemSpacE adapted extreme-SVM,train_std_unit,HBA,13,ring_token_count,0.06931623127792866,-0.5584788535430362,0.0007792207792207792,-0.011318591318591326
ChemSpacE adapted extreme-SVM,train_std_unit,HBA,13,token_entropy,0.5872148339517776,-0.5375231290424193,0.0033464712832867397,-0.008296224925536765
ChemSpacE adapted extreme-SVM,train_std_unit,HBA,14,selfies_len_tokens,0.3195246989177553,0.6195147451092372,0.22952380952380952,0.8984275184275186
ChemSpacE adapted extreme-SVM,train_std_unit,HBA,14,branch_token_count,0.043564044015393044,-0.6717449578614151,0.0006926406926406927,-0.018181818181818195
ChemSpacE adapted extreme-SVM,train_std_unit,HBA,14,ring_token_count,0.04075106343425426,-0.6741109335742413,0.0006926406926406926,-0.021097461097461117
ChemSpacE adapted extreme-SVM,train_std_unit,HBA,14,token_entropy,0.27013320500410953,-0.7637682927334447,0.0007923595194393564,-0.012159990570801717
ChemSpacE adapted extreme-SVM,train_std_unit,HBA,15,selfies_len_tokens,0.24457501064437467,0.6538102652252588,0.16441558441558438,0.9199508599508601
ChemSpacE adapted extreme-SVM,train_std_unit,HBA,15,branch_token_count,0.047352221755862,-0.6650940176845692,0.0012121212121212123,-0.021523341523341545
ChemSpacE adapted extreme-SVM,train_std_unit,HBA,15,ring_token_count,0.047352221755862,-0.6650940176845692,0.0011255411255411255,-0.020065520065520082
ChemSpacE adapted extreme-SVM,train_std_unit,HBA,15,token_entropy,0.05860829646495666,-0.7831768721507905,0.00043379759689090664,-0.01124606272559214
ChemSpacE adapted extreme-SVM,train_std_unit,HBA,16,selfies_len_tokens,0.24855954409739,0.6467319229930959,0.1699567099567099,0.9015397215397215
ChemSpacE adapted extreme-SVM,train_std_unit,HBA,16,branch_token_count,0.043564044015393044,-0.6717449578614151,0.0012121212121212123,-0.025126945126945147
ChemSpacE adapted extreme-SVM,train_std_unit,HBA,16,ring_token_count,-0.21284217698481972,-0.6786581612908269,-0.00354978354978355,-0.03307125307125311
ChemSpacE adapted extreme-SVM,train_std_unit,HBA,16,token_entropy,-0.016492995185857187,-0.9369628942709747,4.741545740621896e-05,-0.013747897364036045
ChemSpacE adapted extreme-SVM,train_std_unit,HBA,17,selfies_len_tokens,0.18769130983124213,0.5771159116657555,0.09324675324675326,0.588091728091728
ChemSpacE adapted extreme-SVM,train_std_unit,HBA,17,branch_token_count,0.0378817774046896,-0.6755454951053269,0.0012987012987012987,-0.05377559377559383
ChemSpacE adapted extreme-SVM,train_std_unit,HBA,17,ring_token_count,-0.030305421923751685,-0.6755454951053269,0.0003463203463203464,-0.042882882882882924
ChemSpacE adapted extreme-SVM,train_std_unit,HBA,17,token_entropy,0.09051293177949177,-0.816498056478179,0.0003092997966360563,-0.01106766435617793
ChemSpacE adapted extreme-SVM,train_std_unit,HBA,18,selfies_len_tokens,0.2506511956970541,0.6418668181629792,0.16103896103896095,0.849205569205569
ChemSpacE adapted extreme-SVM,train_std_unit,HBA,18,branch_token_count,0.0378817774046896,-0.6755454951053269,0.0009523809523809525,-0.03559377559377563
ChemSpacE adapted extreme-SVM,train_std_unit,HBA,18,ring_token_count,-0.17350704487772545,-0.7807142879265362,-0.0013852813852813853,-0.029058149058149085
ChemSpacE adapted extreme-SVM,train_std_unit,HBA,18,token_entropy,0.030441143027482343,-0.9535410871394269,6.16113033961801e-05,-0.013801554612835543
ChemSpacE adapted extreme-SVM,train_std_unit,HBA,19,selfies_len_tokens,0.24457501064437467,0.6538102652252588,0.161038961038961,0.8867813267813266
ChemSpacE adapted extreme-SVM,train_std_unit,HBA,19,branch_token_count,0.043564044015393044,-0.6717449578614151,0.001471861471861472,-0.029500409500409525
ChemSpacE adapted extreme-SVM,train_std_unit,HBA,19,ring_token_count,-0.08064196490120082,-0.808272781836168,0.0003463203463203464,-0.03790335790335793
ChemSpacE adapted extreme-SVM,train_std_unit,HBA,19,token_entropy,0.1549115945176324,-0.9209645944827064,0.00030831843501660344,-0.013969176000919155
ChemSpacE adapted extreme-SVM,train_std_unit,HBA,20,selfies_len_tokens,0.18769130983124213,0.5771159116657555,0.10441558441558435,0.6428173628173623
ChemSpacE adapted extreme-SVM,train_std_unit,HBA,20,branch_token_count,0.006951529993749708,-0.7453687378764667,0.0013852813852813853,-0.05634725634725641
ChemSpacE adapted extreme-SVM,train_std_unit,HBA,20,ring_token_count,-0.044793085914529136,-0.7852109120721692,0.0001731601731601733,-0.03318591318591322
ChemSpacE adapted extreme-SVM,train_std_unit,HBA,20,token_entropy,0.29348451852190754,-0.8487258348063712,0.000736937961824628,-0.012868688988839857
ChemSpacE adapted extreme-SVM,train_std_unit,HBA,21,selfies_len_tokens,0.17256887292459464,0.674561101560535,0.10354978354978352,0.8192628992628994
ChemSpacE adapted extreme-SVM,train_std_unit,HBA,21,branch_token_count,0.043564044015393044,-0.6717449578614151,0.0009523809523809525,-0.027960687960687985
ChemSpacE adapted extreme-SVM,train_std_unit,HBA,21,ring_token_count,-0.19262176376220963,-0.7412899420535491,-0.0069264069264069255,-0.051990171990172036
ChemSpacE adapted extreme-SVM,train_std_unit,HBA,21,token_entropy,0.44837559016572187,-0.8360700675749234,0.002168767272383778,-0.011285032777825185
ChemSpacE adapted extreme-SVM,train_std_unit,HBA,22,selfies_len_tokens,0.17256887292459464,0.674561101560535,0.11142857142857143,0.8364455364455365
ChemSpacE adapted extreme-SVM,train_std_unit,HBA,22,branch_token_count,0.0426464617335219,-0.6736355379934416,0.0013852813852813855,-0.03927927927927931
ChemSpacE adapted extreme-SVM,train_std_unit,HBA,22,ring_token_count,-0.040909462814988806,-0.7839200801114147,0.0005194805194805196,-0.02984438984438987
ChemSpacE adapted extreme-SVM,train_std_unit,HBA,22,token_entropy,0.27455003345597795,-0.8487258348063712,0.0009765621855852179,-0.012657844833707606
ChemSpacE adapted extreme-SVM,train_std_unit,HBA,23,selfies_len_tokens,0.17745289763000766,0.6647611824095343,0.11939393939393934,0.9219819819819818
ChemSpacE adapted extreme-SVM,train_std_unit,HBA,23,branch_token_count,0.06931623127792866,-0.5584788535430362,0.001471861471861472,-0.022981162981163004
ChemSpacE adapted extreme-SVM,train_std_unit,HBA,23,ring_token_count,0.04643725833205718,-0.6641276263774438,0.0006060606060606062,-0.011318591318591326
ChemSpacE adapted extreme-SVM,train_std_unit,HBA,23,token_entropy,0.28697267752384625,-0.7869981117751073,0.0008525838209170665,-0.010876090275421609
ChemSpacE adapted extreme-SVM,train_std_unit,HBA,24,selfies_len_tokens,0.16442883174890618,0.6900776402162856,0.10640692640692632,0.9087141687141688
ChemSpacE adapted extreme-SVM,train_std_unit,HBA,24,branch_token_count,0.1155394210843033,-0.5966843472941565,0.0024242424242424247,-0.028206388206388225
ChemSpacE adapted extreme-SVM,train_std_unit,HBA,24,ring_token_count,0.06931623127792866,-0.5584788535430362,0.0009523809523809525,-0.014234234234234248
ChemSpacE adapted extreme-SVM,train_std_unit,HBA,24,token_entropy,0.37260232434540885,-0.7476359916879372,0.0011015912192776527,-0.01147910838149434
ChemSpacE adapted extreme-SVM,train_std_unit,HBA,25,selfies_len_tokens,0.25231472617109535,0.6390568269363279,0.1665800865800865,0.8517280917280917
ChemSpacE adapted extreme-SVM,train_std_unit,HBA,25,branch_token_count,0.036960266835718986,-0.6774387026398406,0.0006926406926406926,-0.03885339885339888
ChemSpacE adapted extreme-SVM,train_std_unit,HBA,25,ring_token_count,-0.17096694809607302,-0.7827221291023877,-0.0012987012987012987,-0.03523341523341526
ChemSpacE adapted extreme-SVM,train_std_unit,HBA,25,token_entropy,0.32549714854596135,-0.8780375062610373,0.0019453154797783125,-0.012223608290866899
ChemSpacE adapted extreme-SVM,train_std_unit,HBA,26,selfies_len_tokens,0.24225309598635847,0.6584692457375529,0.17004329004329,0.918951678951679
ChemSpacE adapted extreme-SVM,train_std_unit,HBA,26,branch_token_count,0.043564044015393044,-0.6717449578614151,0.0011255411255411255,-0.025470925470925495
ChemSpacE adapted extreme-SVM,train_std_unit,HBA,26,ring_token_count,-0.09481897104328353,-0.8070313436312639,-0.0001731601731601731,-0.021949221949221966
ChemSpacE adapted extreme-SVM,train_std_unit,HBA,26,token_entropy,0.09008980909337672,-0.922466117282287,1.168304379095721e-05,-0.01349257905531988
ChemSpacE adapted extreme-SVM,train_std_unit,HBA,27,selfies_len_tokens,0.16532720801180756,0.6887958365003524,0.10354978354978352,0.8438001638001632
ChemSpacE adapted extreme-SVM,train_std_unit,HBA,27,branch_token_count,0.04548955918242337,-0.6688815821854427,0.002077922077922078,-0.04081900081900085
ChemSpacE adapted extreme-SVM,train_std_unit,HBA,27,ring_token_count,-0.0026068237476561404,-0.7122412384152904,0.0008658008658008657,-0.02735462735462738
ChemSpacE adapted extreme-SVM,train_std_unit,HBA,27,token_entropy,0.2283192108320692,-0.8610603697593824,0.0006273507372589103,-0.011782100820582807
ChemSpacE adapted extreme-SVM,train_std_unit,HBA,28,selfies_len_tokens,0.16313409064559226,0.6947636146427337,0.11186147186147188,0.9219656019656018
ChemSpacE adapted extreme-SVM,train_std_unit,HBA,28,branch_token_count,0.06724233116481365,-0.5627164058996672,0.001038961038961039,-0.017493857493857515
ChemSpacE adapted extreme-SVM,train_std_unit,HBA,28,ring_token_count,0.06931623127792866,-0.5584788535430362,0.0012121212121212123,-0.015004095004095016
ChemSpacE adapted extreme-SVM,train_std_unit,HBA,28,token_entropy,0.4619828985965419,-0.4966997650671654,0.001532194603728138,-0.008603702955642492
ChemSpacE adapted extreme-SVM,train_std_unit,HBA,29,selfies_len_tokens,0.24600950688784937,0.6504043453695001,0.17601731601731593,0.9539885339885343
ChemSpacE adapted extreme-SVM,train_std_unit,HBA,29,branch_token_count,0.06931623127792866,-0.5584788535430362,0.0017316017316017318,-0.023751023751023767
ChemSpacE adapted extreme-SVM,train_std_unit,HBA,29,ring_token_count,0.014780597106655195,-0.7344627834056837,0.001038961038961039,-0.02083538083538086
ChemSpacE adapted extreme-SVM,train_std_unit,HBA,29,token_entropy,0.430083303640399,-0.7211795063142866,0.001423174065055064,-0.012089794765431209
ChemSpacE adapted extreme-SVM,train_std_unit,HBA,30,selfies_len_tokens,0.2537456549031906,0.6356577074673276,0.1709956709956709,0.9048812448812448
ChemSpacE adapted extreme-SVM,train_std_unit,HBA,30,branch_token_count,0.043564044015393044,-0.6717449578614151,0.002077922077922078,-0.03970515970515974
ChemSpacE adapted extreme-SVM,train_std_unit,HBA,30,ring_token_count,-0.15223711031117748,-0.7778942421767846,-0.0005194805194805193,-0.03531531531531535
ChemSpacE adapted extreme-SVM,train_std_unit,HBA,30,token_entropy,0.08951852986295587,-0.9510540151012382,0.0001132264567671709,-0.014173770912992226
ChemSpacE adapted extreme-SVM,train_std_unit,HBA,31,selfies_len_tokens,0.16605683998404389,0.6868110004992856,0.10865800865800862,0.8809009009009008
ChemSpacE adapted extreme-SVM,train_std_unit,HBA,31,branch_token_count,0.0895009486695275,-0.706138804304021,0.003376623376623377,-0.05547911547911553
ChemSpacE adapted extreme-SVM,train_std_unit,HBA,31,ring_token_count,-0.031274071937916065,-0.6741109335742413,0.0001731601731601732,-0.013464373464373479
ChemSpacE adapted extreme-SVM,train_std_unit,HBA,31,token_entropy,0.5088782902760317,-0.6827281047494118,0.0026173604536123274,-0.010861812409744069
ChemSpacE adapted extreme-SVM,train_std_unit,HBA,32,selfies_len_tokens,0.25886495473682464,0.627501794798964,0.18839826839826837,0.9671744471744473
ChemSpacE adapted extreme-SVM,train_std_unit,HBA,32,branch_token_count,0.043564044015393044,-0.6717449578614151,0.0008658008658008659,-0.019295659295659316
ChemSpacE adapted extreme-SVM,train_std_unit,HBA,32,ring_token_count,0.07044434693456668,-0.5568268907094709,0.0015584415584415584,-0.01903357903357905
ChemSpacE adapted extreme-SVM,train_std_unit,HBA,32,token_entropy,0.27345369581798595,-0.703011317253924,0.00089259935411304,-0.010008898585789244
ChemSpacE adapted extreme-SVM,train_std_unit,HBA,33,selfies_len_tokens,0.24491414879292395,0.65471686644452,0.18051948051948039,0.9678460278460279
ChemSpacE adapted extreme-SVM,train_std_unit,HBA,33,branch_token_count,0.06931623127792866,-0.5584788535430362,0.0013852813852813855,-0.019721539721539737
ChemSpacE adapted extreme-SVM,train_std_unit,HBA,33,ring_token_count,0.07144903839417262,-0.554199322098262,0.0017316017316017318,-0.01834561834561836
ChemSpacE adapted extreme-SVM,train_std_unit,HBA,33,token_entropy,0.5923788899197948,-0.531216889411182,0.003301618567639636,-0.00828811217411114
ChemSpacE adapted extreme-SVM,train_std_unit,HBA,34,selfies_len_tokens,0.1886699748320104,0.5757071698904409,0.10103896103896098,0.6364127764127762
ChemSpacE adapted extreme-SVM,train_std_unit,HBA,34,branch_token_count,0.043564044015393044,-0.6717449578614151,0.0024242424242424247,-0.058574938574938624
ChemSpacE adapted extreme-SVM,train_std_unit,HBA,34,ring_token_count,-0.07907365367890291,-0.7052670280024113,-0.0005194805194805195,-0.04124488124488128
ChemSpacE adapted extreme-SVM,train_std_unit,HBA,34,token_entropy,0.2185321862126077,-0.8707756699516124,0.0005443699149398322,-0.01391579985737494
ChemSpacE adapted extreme-SVM,train_std_unit,HBA,35,selfies_len_tokens,0.2429150476817129,0.6566134560651515,0.14891774891774895,0.8302702702702703
ChemSpacE adapted extreme-SVM,train_std_unit,HBA,35,branch_token_count,0.0378817774046896,-0.6755454951053269,0.0008658008658008659,-0.041769041769041795
ChemSpacE adapted extreme-SVM,train_std_unit,HBA,35,ring_token_count,-0.044815980414319175,-0.7594524215111718,0.0006926406926406927,-0.03610155610155614
ChemSpacE adapted extreme-SVM,train_std_unit,HBA,35,token_entropy,0.004317597183145252,-0.9002683241842374,0.00016425302232851743,-0.012800397846564964
ChemSpacE adapted extreme-SVM,train_std_unit,HBA,36,selfies_len_tokens,0.2475567364909176,0.6472997900216743,0.16917748917748912,0.8927108927108928
ChemSpacE adapted extreme-SVM,train_std_unit,HBA,36,branch_token_count,0.043564044015393044,-0.6717449578614151,0.0012121212121212123,-0.029844389844389863
ChemSpacE adapted extreme-SVM,train_std_unit,HBA,36,ring_token_count,-0.17387866030639387,-0.7763968519127292,-0.0010389610389610387,-0.03669123669123672
ChemSpacE adapted extreme-SVM,train_std_unit,HBA,36,token_entropy,0.13423167499407135,-0.9413473868232813,0.0006861473185728424,-0.013518210133400127
ChemSpacE adapted extreme-SVM,train_std_unit,HBA,37,selfies_len_tokens,0.2429150476817129,0.6566134560651515,0.15800865800865796,0.870679770679771
ChemSpacE adapted extreme-SVM,train_std_unit,HBA,37,branch_token_count,0.03885566513498663,-0.6769633070590407,0.0006060606060606062,-0.024357084357084367
ChemSpacE adapted extreme-SVM,train_std_unit,HBA,37,ring_token_count,-0.14651153459905522,-0.7744931654268585,-0.0008658008658008656,-0.04687960687960693
ChemSpacE adapted extreme-SVM,train_std_unit,HBA,37,token_entropy,0.042617600238475294,-0.9508263794180335,0.00015986364904899204,-0.012699260520794084
ChemSpacE adapted extreme-SVM,train_std_unit,HBA,38,selfies_len_tokens,0.24600950688784937,0.6504043453695001,0.164069264069264,0.9127436527436529
ChemSpacE adapted extreme-SVM,train_std_unit,HBA,38,branch_token_count,0.04075106343425426,-0.6741109335742413,0.0006926406926406927,-0.023587223587223604
ChemSpacE adapted extreme-SVM,train_std_unit,HBA,38,ring_token_count,-0.1424014211369836,-0.7910266355563076,0.00043290043290043306,-0.031203931203931237
ChemSpacE adapted extreme-SVM,train_std_unit,HBA,38,token_entropy,0.194477793976367,-0.9364063452189317,0.0006791833544119012,-0.013120890536725986
ChemSpacE adapted extreme-SVM,train_std_unit,HBA,39,selfies_len_tokens,0.24225309598635847,0.6584692457375529,0.17238095238095227,0.950843570843571
ChemSpacE adapted extreme-SVM,train_std_unit,HBA,39,branch_token_count,0.09303081708306504,-0.7030605741389325,0.002251082251082251,-0.03180999180999183
ChemSpacE adapted extreme-SVM,train_std_unit,HBA,39,ring_token_count,0.047352221755862,-0.6650940176845692,0.0008658008658008659,-0.015692055692055708
ChemSpacE adapted extreme-SVM,train_std_unit,HBA,39,token_entropy,0.33546716673976706,-0.6846791241362825,0.0010045792296467897,-0.01138985410334915
ChemSpacE adapted extreme-SVM,train_std_unit,HBA,40,selfies_len_tokens,0.16605683998404389,0.6868110004992856,0.10995670995670988,0.9151187551187548
ChemSpacE adapted extreme-SVM,train_std_unit,HBA,40,branch_token_count,0.09476971086031859,-0.69957143977596,0.0025974025974025974,-0.03403767403767406
ChemSpacE adapted extreme-SVM,train_std_unit,HBA,40,ring_token_count,0.047352221755862,-0.6650940176845692,0.0013852813852813855,-0.022637182637182653
ChemSpacE adapted extreme-SVM,train_std_unit,HBA,40,token_entropy,0.28416609877055676,-0.7919256491475809,0.0006490273576536888,-0.01151215776486512
ChemSpacE adapted extreme-SVM,train_std_unit,HBA,41,selfies_len_tokens,0.24225309598635847,0.6584692457375529,0.16259740259740252,0.8814414414414417
ChemSpacE adapted extreme-SVM,train_std_unit,HBA,41,branch_token_count,0.08602518367265262,-0.7122412384152904,0.0018181818181818186,-0.0411629811629812
ChemSpacE adapted extreme-SVM,train_std_unit,HBA,41,ring_token_count,0.04548955918242337,-0.6688815821854427,0.001038961038961039,-0.023325143325143346
ChemSpacE adapted extreme-SVM,train_std_unit,HBA,41,token_entropy,0.37315401608001886,-0.7508113258727679,0.0013849365126516369,-0.011979022788160452
ChemSpacE adapted extreme-SVM,train_std_unit,HBA,42,selfies_len_tokens,0.16939930673131018,0.6810336058399095,0.10666666666666666,0.8610974610974609
ChemSpacE adapted extreme-SVM,train_std_unit,HBA,42,branch_token_count,0.04075106343425426,-0.6741109335742413,0.0011255411255411255,-0.037821457821457856
ChemSpacE adapted extreme-SVM,train_std_unit,HBA,42,ring_token_count,0.004265614232487918,-0.6066235822967462,0.0006060606060606061,-0.02504504504504506
ChemSpacE adapted extreme-SVM,train_std_unit,HBA,42,token_entropy,0.28416609877055676,-0.7919256491475809,0.0007096056418045319,-0.012476995514669046
ChemSpacE adapted extreme-SVM,train_std_unit,HBA,43,selfies_len_tokens,0.23363167006330354,0.6690316774564546,0.15714285714285706,0.9233579033579032
ChemSpacE adapted extreme-SVM,train_std_unit,HBA,43,branch_token_count,0.043564044015393044,-0.6717449578614151,0.0013852813852813855,-0.028042588042588062
ChemSpacE adapted extreme-SVM,train_std_unit,HBA,43,ring_token_count,0.014780597106655195,-0.7344627834056837,0.0006060606060606061,-0.015348075348075361
ChemSpacE adapted extreme-SVM,train_std_unit,HBA,43,token_entropy,0.4381980829543688,-0.7211795063142866,0.0016638785182338848,-0.012371424176119408
ChemSpacE adapted extreme-SVM,train_std_unit,HBA,44,selfies_len_tokens,0.1709408646894569,0.677827741277535,0.09238095238095224,0.7582800982800978
ChemSpacE adapted extreme-SVM,train_std_unit,HBA,44,branch_token_count,0.043564044015393044,-0.6717449578614151,0.0019913419913419913,-0.0636363636363637
ChemSpacE adapted extreme-SVM,train_std_unit,HBA,44,ring_token_count,0.005225814717216079,-0.743612980725139,0.0005194805194805195,-0.028042588042588062
ChemSpacE adapted extreme-SVM,train_std_unit,HBA,44,token_entropy,0.28416609877055676,-0.7919256491475809,0.0007038576595352901,-0.012467137795543298
ChemSpacE adapted extreme-SVM,train_std_unit,HBA,45,selfies_len_tokens,0.17256887292459464,0.674561101560535,0.10935064935064928,0.8691400491400489
ChemSpacE adapted extreme-SVM,train_std_unit,HBA,45,branch_token_count,0.08602518367265262,-0.7122412384152904,0.0013852813852813855,-0.02915642915642918
ChemSpacE adapted extreme-SVM,train_std_unit,HBA,45,ring_token_count,0.0378817774046896,-0.6755454951053269,0.0009523809523809525,-0.031990171990172026
ChemSpacE adapted extreme-SVM,train_std_unit,HBA,45,token_entropy,0.21812564704323914,-0.8096258419375238,0.0005876651952315428,-0.012332370349431413
ChemSpacE adapted extreme-SVM,train_std_unit,HBA,46,selfies_len_tokens,0.17256887292459464,0.674561101560535,0.11004329004329007,0.846830466830467
ChemSpacE adapted extreme-SVM,train_std_unit,HBA,46,branch_token_count,0.043564044015393044,-0.6717449578614151,0.0017316017316017318,-0.04330876330876334
ChemSpacE adapted extreme-SVM,train_std_unit,HBA,46,ring_token_count,-0.03096376828625689,-0.7872472356461339,0.0003463203463203464,-0.024438984438984457
ChemSpacE adapted extreme-SVM,train_std_unit,HBA,46,token_entropy,0.2192991539966521,-0.8697130862716687,0.0005827232657255844,-0.012819808857365484
ChemSpacE adapted extreme-SVM,train_std_unit,HBA,47,selfies_len_tokens,0.2429150476817129,0.6566134560651515,0.15792207792207785,0.8534316134316134
ChemSpacE adapted extreme-SVM,train_std_unit,HBA,47,branch_token_count,0.08520579508542406,-0.7139641190232212,0.0018181818181818186,-0.04185094185094189
ChemSpacE adapted extreme-SVM,train_std_unit,HBA,47,ring_token_count,0.0034777875545071043,-0.745802470085344,0.0006060606060606061,-0.027272727272727303
ChemSpacE adapted extreme-SVM,train_std_unit,HBA,47,token_entropy,0.15010230042182926,-0.8193101141697373,0.0005477382348357436,-0.012658325398689116
ChemSpacE adapted extreme-SVM,train_std_unit,HBA,48,selfies_len_tokens,0.24070515288101432,0.6615752327457488,0.15705627705627703,0.884324324324324
ChemSpacE adapted extreme-SVM,train_std_unit,HBA,48,branch_token_count,0.043564044015393044,-0.6717449578614151,0.0008658008658008659,-0.02289926289926292
ChemSpacE adapted extreme-SVM,train_std_unit,HBA,48,ring_token_count,0.043564044015393044,-0.6717449578614151,0.0012121212121212123,-0.026928746928746954
ChemSpacE adapted extreme-SVM,train_std_unit,HBA,48,token_entropy,0.58561657382482,-0.5400365823388261,0.0027733870592017355,-0.008586299726560737
ChemSpacE adapted extreme-SVM,train_std_unit,HBA,49,selfies_len_tokens,0.2429150476817129,0.6566134560651515,0.1588744588744588,0.8843079443079446
ChemSpacE adapted extreme-SVM,train_std_unit,HBA,49,branch_token_count,0.0834669013081705,-0.7144002608185928,0.0012121212121212123,-0.03095823095823098
ChemSpacE adapted extreme-SVM,train_std_unit,HBA,49,ring_token_count,0.0008689412492187135,-0.706138804304021,0.0011255411255411255,-0.031040131040131064
ChemSpacE adapted extreme-SVM,train_std_unit,HBA,49,token_entropy,0.1014635338039134,-0.8728343255322719,0.0003594035471640195,-0.011677534798185302
ChemSpacE adapted extreme-SVM,native_l2,TPSA,0,selfies_len_tokens,0.07144903839417262,0.554199322098262,0.03852813852813848,0.5784602784602779
ChemSpacE adapted extreme-SVM,native_l2,TPSA,0,branch_token_count,0.06505061704544074,-0.5659680335713911,0.002683982683982684,-0.05420147420147426
ChemSpacE adapted extreme-SVM,native_l2,TPSA,0,ring_token_count,0.004265614232487918,-0.6066235822967462,0.001038961038961039,-0.02941850941850944
ChemSpacE adapted extreme-SVM,native_l2,TPSA,0,token_entropy,0.2571059205245194,-0.7179214194226179,0.0010595617562067304,-0.010084225705185175
ChemSpacE adapted extreme-SVM,native_l2,TPSA,1,selfies_len_tokens,0.04924631062609648,0.6612934804406575,0.031428571428571375,0.7391809991809989
ChemSpacE adapted extreme-SVM,native_l2,TPSA,1,branch_token_count,0.06505061704544074,-0.5659680335713911,0.001298701298701299,-0.023669123669123687
ChemSpacE adapted extreme-SVM,native_l2,TPSA,1,ring_token_count,0.028030595529069405,-0.494692417806554,0.00043290043290043295,-0.0108927108927109
ChemSpacE adapted extreme-SVM,native_l2,TPSA,1,token_entropy,0.4516879880708509,-0.5791181205796276,0.0018338198418586017,-0.008814841608999544
ChemSpacE adapted extreme-SVM,native_l2,TPSA,2,selfies_len_tokens,0.004265614232487918,0.6066235822967462,0.005281385281385285,0.5995577395577391
ChemSpacE adapted extreme-SVM,native_l2,TPSA,2,branch_token_count,0.1155394210843033,-0.5966843472941565,0.003116883116883117,-0.03446355446355449
ChemSpacE adapted extreme-SVM,native_l2,TPSA,2,ring_token_count,0.06724233116481365,-0.5627164058996672,0.0008658008658008659,-0.014578214578214592
ChemSpacE adapted extreme-SVM,native_l2,TPSA,2,token_entropy,0.7005759474393921,-0.3249717624878112,0.002684842476964757,-0.006864605229900658
ChemSpacE adapted extreme-SVM,native_l2,TPSA,3,selfies_len_tokens,0.07144903839417262,0.554199322098262,0.038787878787878684,0.5828337428337425
ChemSpacE adapted extreme-SVM,native_l2,TPSA,3,branch_token_count,0.06505061704544074,-0.5659680335713911,0.0024242424242424247,-0.05343161343161347
ChemSpacE adapted extreme-SVM,native_l2,TPSA,3,ring_token_count,0.004265614232487918,-0.6066235822967462,0.00025974025974025974,-0.015610155610155623
ChemSpacE adapted extreme-SVM,native_l2,TPSA,3,token_entropy,0.07907365367890291,-0.7183436725265597,0.0002577711796171218,-0.0091158183298833
ChemSpacE adapted extreme-SVM,native_l2,TPSA,4,selfies_len_tokens,0.07144903839417262,0.554199322098262,0.03887445887445878,0.5860933660933657
ChemSpacE adapted extreme-SVM,native_l2,TPSA,4,branch_token_count,0.06505061704544074,-0.5659680335713911,0.0015584415584415584,-0.03885339885339888
ChemSpacE adapted extreme-SVM,native_l2,TPSA,4,ring_token_count,0.004265614232487918,-0.6066235822967462,0.0005194805194805196,-0.020671580671580685
ChemSpacE adapted extreme-SVM,native_l2,TPSA,4,token_entropy,0.0378817774046896,-0.6755454951053269,0.00019409460940355042,-0.007864128266792196
ChemSpacE adapted extreme-SVM,native_l2,TPSA,5,selfies_len_tokens,0.028030595529069405,0.494692417806554,0.011341991341991313,0.3675511875511867
ChemSpacE adapted extreme-SVM,native_l2,TPSA,5,branch_token_count,0.043564044015393044,-0.6717449578614151,0.0024242424242424247,-0.054545454545454605
ChemSpacE adapted extreme-SVM,native_l2,TPSA,5,ring_token_count,0.004265614232487918,-0.6066235822967462,0.0011255411255411255,-0.049746109746109796
ChemSpacE adapted extreme-SVM,native_l2,TPSA,5,token_entropy,0.41661904489764817,-0.6318931619447212,0.0019443571635832661,-0.010224709711235944
ChemSpacE adapted extreme-SVM,native_l2,TPSA,6,selfies_len_tokens,0.07144903839417262,0.554199322098262,0.03852813852813848,0.5694512694512689
ChemSpacE adapted extreme-SVM,native_l2,TPSA,6,branch_token_count,0.06505061704544074,-0.5659680335713911,0.0012121212121212121,-0.02941850941850944
ChemSpacE adapted extreme-SVM,native_l2,TPSA,6,ring_token_count,0.004265614232487918,-0.6066235822967462,0.00043290043290043295,-0.017411957411957425
ChemSpacE adapted extreme-SVM,native_l2,TPSA,6,token_entropy,0.5382797416281461,-0.5131376179112779,0.0022348879282562285,-0.007979583285680911
ChemSpacE adapted extreme-SVM,native_l2,TPSA,7,selfies_len_tokens,0.047352221755862,0.6650940176845692,0.029870129870129894,0.757461097461097
ChemSpacE adapted extreme-SVM,native_l2,TPSA,7,branch_token_count,0.06931623127792866,-0.5584788535430362,0.0021645021645021645,-0.031040131040131064
ChemSpacE adapted extreme-SVM,native_l2,TPSA,7,ring_token_count,0.028030595529069405,-0.494692417806554,0.0003463203463203464,-0.009434889434889442
ChemSpacE adapted extreme-SVM,native_l2,TPSA,7,token_entropy,0.3576409666705316,-0.6562501256483334,0.0014655669659773005,-0.009744460147089252
ChemSpacE adapted extreme-SVM,native_l2,TPSA,8,selfies_len_tokens,0.028030595529069405,0.494692417806554,0.012640692640692595,0.416445536445536
ChemSpacE adapted extreme-SVM,native_l2,TPSA,8,branch_token_count,0.06931623127792866,-0.5584788535430362,0.0035497835497835506,-0.0525634725634726
ChemSpacE adapted extreme-SVM,native_l2,TPSA,8,ring_token_count,0.028030595529069405,-0.494692417806554,0.0006060606060606062,-0.021015561015561034
ChemSpacE adapted extreme-SVM,native_l2,TPSA,8,token_entropy,0.46431280761320387,-0.5706741139612126,0.0018297534563741747,-0.008033987977033955
ChemSpacE adapted extreme-SVM,native_l2,TPSA,9,selfies_len_tokens,0.004265614232487918,0.6066235822967462,0.0057142857142856674,0.5890909090909084
ChemSpacE adapted extreme-SVM,native_l2,TPSA,9,branch_token_count,0.06931623127792866,-0.5584788535430362,0.002683982683982684,-0.03618345618345622
ChemSpacE adapted extreme-SVM,native_l2,TPSA,9,ring_token_count,0.028030595529069405,-0.494692417806554,0.00043290043290043295,-0.009090909090909094
ChemSpacE adapted extreme-SVM,native_l2,TPSA,9,token_entropy,0.7414975752308293,-0.17443091409165315,0.0024635132241234447,-0.006007638517969324
ChemSpacE adapted extreme-SVM,native_l2,TPSA,10,selfies_len_tokens,0.07144903839417262,0.554199322098262,0.03887445887445878,0.5716789516789513
ChemSpacE adapted extreme-SVM,native_l2,TPSA,10,branch_token_count,0.06505061704544074,-0.5659680335713911,0.002683982683982684,-0.05239967239967245
ChemSpacE adapted extreme-SVM,native_l2,TPSA,10,ring_token_count,0.02678998598884099,-0.4972317589259795,0.00025974025974025974,-0.009778869778869787
ChemSpacE adapted extreme-SVM,native_l2,TPSA,10,token_entropy,0.6884037784684374,-0.3487170896006993,0.002449408919763542,-0.006968014258865031
ChemSpacE adapted extreme-SVM,native_l2,TPSA,11,selfies_len_tokens,0.028030595529069405,0.494692417806554,0.013073593073592977,0.45977067977067915
ChemSpacE adapted extreme-SVM,native_l2,TPSA,11,branch_token_count,0.06931623127792866,-0.5584788535430362,0.0021645021645021645,-0.031040131040131064
ChemSpacE adapted extreme-SVM,native_l2,TPSA,11,ring_token_count,0.06505061704544074,-0.5659680335713911,0.0011255411255411255,-0.020753480753480776
ChemSpacE adapted extreme-SVM,native_l2,TPSA,11,token_entropy,0.166836719849993,-0.616345845238201,0.0004998228125327761,-0.00770865894254629
ChemSpacE adapted extreme-SVM,native_l2,TPSA,12,selfies_len_tokens,0.06931623127792866,0.5584788535430362,0.037489177489177405,0.5627682227682221
ChemSpacE adapted extreme-SVM,native_l2,TPSA,12,branch_token_count,0.11175124334383434,-0.6033352874710022,0.0025108225108225113,-0.04768222768222772
ChemSpacE adapted extreme-SVM,native_l2,TPSA,12,ring_token_count,-0.03219951079398617,-0.6717449578614151,0.0005194805194805195,-0.03233415233415236
ChemSpacE adapted extreme-SVM,native_l2,TPSA,12,token_entropy,0.5382803611599962,-0.5739584782143805,0.00223521395211243,-0.007712778617089044
ChemSpacE adapted extreme-SVM,native_l2,TPSA,13,selfies_len_tokens,0.048332656631324834,0.6636522307966437,0.03186147186147183,0.7642260442260442
ChemSpacE adapted extreme-SVM,native_l2,TPSA,13,branch_token_count,0.06724233116481365,-0.5627164058996672,0.0015584415584415584,-0.026240786240786258
ChemSpacE adapted extreme-SVM,native_l2,TPSA,13,ring_token_count,0.028030595529069405,-0.494692417806554,0.0003463203463203464,-0.00763308763308764
ChemSpacE adapted extreme-SVM,native_l2,TPSA,13,token_entropy,0.13675269175156554,-0.7309106366787876,0.0003968380896397005,-0.008237619950402219
ChemSpacE adapted extreme-SVM,native_l2,TPSA,14,selfies_len_tokens,0.07144903839417262,0.554199322098262,0.03896103896103886,0.6001638001638001
ChemSpacE adapted extreme-SVM,native_l2,TPSA,14,branch_token_count,0.06505061704544074,-0.5659680335713911,0.001298701298701299,-0.025470925470925495
ChemSpacE adapted extreme-SVM,native_l2,TPSA,14,ring_token_count,0.004265614232487918,-0.6066235822967462,0.0003463203463203464,-0.015954135954135966
ChemSpacE adapted extreme-SVM,native_l2,TPSA,14,token_entropy,0.6735266830594928,-0.35753678252834337,0.002510079897232629,-0.0065523847189647285
ChemSpacE adapted extreme-SVM,native_l2,TPSA,15,selfies_len_tokens,0.004265614232487918,0.6066235822967462,0.005021645021645016,0.5681572481572476
ChemSpacE adapted extreme-SVM,native_l2,TPSA,15,branch_token_count,0.06505061704544074,-0.5659680335713911,0.001038961038961039,-0.019295659295659316
ChemSpacE adapted extreme-SVM,native_l2,TPSA,15,ring_token_count,0.004265614232487918,-0.6066235822967462,0.0003463203463203464,-0.014152334152334163
ChemSpacE adapted extreme-SVM,native_l2,TPSA,15,token_entropy,0.0378817774046896,-0.6755454951053269,0.00025199536360378963,-0.008529561086900403
ChemSpacE adapted extreme-SVM,native_l2,TPSA,16,selfies_len_tokens,0.07144903839417262,0.554199322098262,0.03887445887445878,0.591498771498771
ChemSpacE adapted extreme-SVM,native_l2,TPSA,16,branch_token_count,0.06505061704544074,-0.5659680335713911,0.001904761904761905,-0.03567567567567571
ChemSpacE adapted extreme-SVM,native_l2,TPSA,16,ring_token_count,0.004265614232487918,-0.6066235822967462,0.0005194805194805196,-0.022473382473382493
ChemSpacE adapted extreme-SVM,native_l2,TPSA,16,token_entropy,0.664059440526528,-0.3819605475587426,0.002454915077962696,-0.007268094816810198
ChemSpacE adapted extreme-SVM,native_l2,TPSA,17,selfies_len_tokens,0.028030595529069405,0.494692417806554,0.012467532467532415,0.3792956592956585
ChemSpacE adapted extreme-SVM,native_l2,TPSA,17,branch_token_count,0.028030595529069405,-0.494692417806554,0.0012987012987012987,-0.04168714168714172
ChemSpacE adapted extreme-SVM,native_l2,TPSA,17,ring_token_count,0.004265614232487918,-0.6066235822967462,0.0007792207792207792,-0.030450450450450476
ChemSpacE adapted extreme-SVM,native_l2,TPSA,17,token_entropy,0.6921978643373602,-0.33088798493329513,0.0014645413270667484,-0.0064291214478589005
ChemSpacE adapted extreme-SVM,native_l2,TPSA,18,selfies_len_tokens,0.07144903839417262,0.554199322098262,0.0387012987012986,0.5741687141687141
ChemSpacE adapted extreme-SVM,native_l2,TPSA,18,branch_token_count,0.06505061704544074,-0.5659680335713911,0.0020779220779220784,-0.047600327600327653
ChemSpacE adapted extreme-SVM,native_l2,TPSA,18,ring_token_count,0.004265614232487918,-0.6066235822967462,0.00043290043290043295,-0.01921375921375923
ChemSpacE adapted extreme-SVM,native_l2,TPSA,18,token_entropy,0.45784789280363064,-0.4318967470817478,0.0008634274202317479,-0.008689916466392946
ChemSpacE adapted extreme-SVM,native_l2,TPSA,19,selfies_len_tokens,0.07144903839417262,0.554199322098262,0.038787878787878684,0.5864373464373458
ChemSpacE adapted extreme-SVM,native_l2,TPSA,19,branch_token_count,0.06505061704544074,-0.5659680335713911,0.002251082251082251,-0.04330876330876335
ChemSpacE adapted extreme-SVM,native_l2,TPSA,19,ring_token_count,0.004265614232487918,-0.6066235822967462,0.0008658008658008659,-0.03190827190827193
ChemSpacE adapted extreme-SVM,native_l2,TPSA,19,token_entropy,0.6784992545903288,-0.3535906807114885,0.0020069120968776635,-0.007797086705084036
ChemSpacE adapted extreme-SVM,native_l2,TPSA,20,selfies_len_tokens,0.028030595529069405,0.494692417806554,0.012121212121212055,0.3770679770679763
ChemSpacE adapted extreme-SVM,native_l2,TPSA,20,branch_token_count,0.043564044015393044,-0.6717449578614151,0.002251082251082251,-0.05523341523341529
ChemSpacE adapted extreme-SVM,native_l2,TPSA,20,ring_token_count,0.003202015769753031,-0.6087617064775657,0.0003463203463203464,-0.017755937755937774
ChemSpacE adapted extreme-SVM,native_l2,TPSA,20,token_entropy,0.514031683292549,-0.555696904181314,0.0020594221868774896,-0.008769316029981444
ChemSpacE adapted extreme-SVM,native_l2,TPSA,21,selfies_len_tokens,0.06505061704544074,0.5659680335713911,0.029696969696969576,0.5072399672399667
ChemSpacE adapted extreme-SVM,native_l2,TPSA,21,branch_token_count,0.06931623127792866,-0.5584788535430362,0.0032034632034632035,-0.05213759213759219
ChemSpacE adapted extreme-SVM,native_l2,TPSA,21,ring_token_count,-0.03219951079398617,-0.6717449578614151,-0.00025974025974025974,-0.04073710073710077
ChemSpacE adapted extreme-SVM,native_l2,TPSA,21,token_entropy,0.31281497310496814,-0.7677009350575621,0.001147843809781415,-0.010464762538611195
ChemSpacE adapted extreme-SVM,native_l2,TPSA,22,selfies_len_tokens,0.07144903839417262,0.554199322098262,0.038441558441558395,0.5715970515970512
ChemSpacE adapted extreme-SVM,native_l2,TPSA,22,branch_token_count,0.11175124334383434,-0.6033352874710022,0.003376623376623377,-0.0550532350532351
ChemSpacE adapted extreme-SVM,native_l2,TPSA,22,ring_token_count,0.004265614232487918,-0.6066235822967462,0.0007792207792207792,-0.029762489762489786
ChemSpacE adapted extreme-SVM,native_l2,TPSA,22,token_entropy,0.4947898555757156,-0.5949955686209355,0.0020956553770638303,-0.009003513080234983
ChemSpacE adapted extreme-SVM,native_l2,TPSA,23,selfies_len_tokens,0.047352221755862,0.6650940176845692,0.030303030303030273,0.7274365274365272
ChemSpacE adapted extreme-SVM,native_l2,TPSA,23,branch_token_count,0.06505061704544074,-0.5659680335713911,0.0013852813852813855,-0.025126945126945147
ChemSpacE adapted extreme-SVM,native_l2,TPSA,23,ring_token_count,0.028030595529069405,-0.494692417806554,0.0003463203463203464,-0.00763308763308764
ChemSpacE adapted extreme-SVM,native_l2,TPSA,23,token_entropy,0.6938136313444172,-0.36025053419838776,0.0025598254975023964,-0.006736177718186431
ChemSpacE adapted extreme-SVM,native_l2,TPSA,24,selfies_len_tokens,0.028030595529069405,0.494692417806554,0.012813852813852776,0.44638820638820575
ChemSpacE adapted extreme-SVM,native_l2,TPSA,24,branch_token_count,0.1155394210843033,-0.5966843472941565,0.00380952380952381,-0.04432432432432435
ChemSpacE adapted extreme-SVM,native_l2,TPSA,24,ring_token_count,0.028030595529069405,-0.494692417806554,0.00043290043290043295,-0.0108927108927109
ChemSpacE adapted extreme-SVM,native_l2,TPSA,24,token_entropy,0.7366756612650728,-0.28029357223386714,0.0029900249846672006,-0.00622471409209423
ChemSpacE adapted extreme-SVM,native_l2,TPSA,25,selfies_len_tokens,0.07144903839417262,0.554199322098262,0.0383549783549783,0.5611302211302207
ChemSpacE adapted extreme-SVM,native_l2,TPSA,25,branch_token_count,0.06505061704544074,-0.5659680335713911,0.002683982683982684,-0.05600327600327606
ChemSpacE adapted extreme-SVM,native_l2,TPSA,25,ring_token_count,0.003202015769753031,-0.6087617064775657,0.00043290043290043295,-0.025733005733005746
ChemSpacE adapted extreme-SVM,native_l2,TPSA,25,token_entropy,0.1887620115743247,-0.7373318951086217,0.0005391359213141065,-0.009935497539636818
ChemSpacE adapted extreme-SVM,native_l2,TPSA,26,selfies_len_tokens,0.04924631062609648,0.6612934804406575,0.031428571428571375,0.7335135135135133
ChemSpacE adapted extreme-SVM,native_l2,TPSA,26,branch_token_count,0.06505061704544074,-0.5659680335713911,0.0011255411255411255,-0.02615888615888618
ChemSpacE adapted extreme-SVM,native_l2,TPSA,26,ring_token_count,0.004265614232487918,-0.6066235822967462,0.00043290043290043295,-0.015610155610155626
ChemSpacE adapted extreme-SVM,native_l2,TPSA,26,token_entropy,0.6659090811201607,-0.37583843927575955,0.0015955669804432024,-0.007684145138396816
ChemSpacE adapted extreme-SVM,native_l2,TPSA,27,selfies_len_tokens,0.028030595529069405,0.494692417806554,0.012900432900432798,0.4172153972153966
ChemSpacE adapted extreme-SVM,native_l2,TPSA,27,branch_token_count,0.11743350995453777,-0.5928838100502447,0.007186147186147187,-0.08135954135954147
ChemSpacE adapted extreme-SVM,native_l2,TPSA,27,ring_token_count,0.028030595529069405,-0.494692417806554,0.00043290043290043295,-0.014496314496314507
ChemSpacE adapted extreme-SVM,native_l2,TPSA,27,token_entropy,0.7316826014762763,-0.2734104807569685,0.0028552595169433963,-0.00597721868347384
ChemSpacE adapted extreme-SVM,native_l2,TPSA,28,selfies_len_tokens,0.028030595529069405,0.494692417806554,0.012813852813852776,0.44999180999180943
ChemSpacE adapted extreme-SVM,native_l2,TPSA,28,branch_token_count,0.06505061704544074,-0.5659680335713911,0.0012121212121212123,-0.022211302211302235
ChemSpacE adapted extreme-SVM,native_l2,TPSA,28,ring_token_count,0.028030595529069405,-0.494692417806554,0.0006060606060606062,-0.012006552006552018
ChemSpacE adapted extreme-SVM,native_l2,TPSA,28,token_entropy,0.37599883174973064,-0.5509282751332446,0.0013115095941715095,-0.0069830732403060045
ChemSpacE adapted extreme-SVM,native_l2,TPSA,29,selfies_len_tokens,0.048332656631324834,0.6636522307966437,0.03151515151515147,0.7507616707616703
ChemSpacE adapted extreme-SVM,native_l2,TPSA,29,branch_token_count,0.06931623127792866,-0.5584788535430362,0.0017316017316017318,-0.025552825552825568
ChemSpacE adapted extreme-SVM,native_l2,TPSA,29,ring_token_count,0.028030595529069405,-0.494692417806554,0.0005194805194805195,-0.012350532350532361
ChemSpacE adapted extreme-SVM,native_l2,TPSA,29,token_entropy,0.3576409666705316,-0.6562501256483334,0.0015029416691115442,-0.009625091690264919
ChemSpacE adapted extreme-SVM,native_l2,TPSA,30,selfies_len_tokens,0.04924631062609648,0.6612934804406575,0.03168831168831165,0.7124979524979522
ChemSpacE adapted extreme-SVM,native_l2,TPSA,30,branch_token_count,0.06505061704544074,-0.5659680335713911,0.002164502164502165,-0.04365274365274368
ChemSpacE adapted extreme-SVM,native_l2,TPSA,30,ring_token_count,0.003202015769753031,-0.6087617064775657,0.00043290043290043295,-0.021015561015561034
ChemSpacE adapted extreme-SVM,native_l2,TPSA,30,token_entropy,0.6690286767595565,-0.3725936347612423,0.0019905903049910524,-0.007963431151747575
ChemSpacE adapted extreme-SVM,native_l2,TPSA,31,selfies_len_tokens,0.004265614232487918,0.6066235822967462,0.005627705627705578,0.5522850122850117
ChemSpacE adapted extreme-SVM,native_l2,TPSA,31,branch_token_count,0.11743350995453777,-0.5928838100502447,0.006753246753246754,-0.07767403767403776
ChemSpacE adapted extreme-SVM,native_l2,TPSA,31,ring_token_count,0.028030595529069405,-0.494692417806554,0.00025974025974025974,-0.007977067977067983
ChemSpacE adapted extreme-SVM,native_l2,TPSA,31,token_entropy,0.7217933246738591,-0.29929652628362086,0.0029485412464469044,-0.00710093381136877
ChemSpacE adapted extreme-SVM,native_l2,TPSA,32,selfies_len_tokens,0.048332656631324834,0.6636522307966437,0.031774891774891734,0.7551351351351349
ChemSpacE adapted extreme-SVM,native_l2,TPSA,32,branch_token_count,0.06505061704544074,-0.5659680335713911,0.0011255411255411255,-0.02255528255528257
ChemSpacE adapted extreme-SVM,native_l2,TPSA,32,ring_token_count,0.028030595529069405,-0.494692417806554,0.0003463203463203464,-0.009434889434889442
ChemSpacE adapted extreme-SVM,native_l2,TPSA,32,token_entropy,0.166836719849993,-0.616345845238201,0.0004728050751605113,-0.007929373143733815
ChemSpacE adapted extreme-SVM,native_l2,TPSA,33,selfies_len_tokens,0.043564044015393044,0.6717449578614151,0.022164502164502085,0.706568386568386
ChemSpacE adapted extreme-SVM,native_l2,TPSA,33,branch_token_count,0.06931623127792866,-0.5584788535430362,0.0012987012987012987,-0.020065520065520082
ChemSpacE adapted extreme-SVM,native_l2,TPSA,33,ring_token_count,0.028030595529069405,-0.494692417806554,0.00043290043290043295,-0.009090909090909094
ChemSpacE adapted extreme-SVM,native_l2,TPSA,33,token_entropy,0.2295491611544136,-0.6100449671497815,0.0007243149278107246,-0.008462624825338567
ChemSpacE adapted extreme-SVM,native_l2,TPSA,34,selfies_len_tokens,0.06931623127792866,0.5584788535430362,0.028051948051948,0.4669287469287465
ChemSpacE adapted extreme-SVM,native_l2,TPSA,34,branch_token_count,0.06724233116481365,-0.5627164058996672,0.003722943722943724,-0.06268632268632275
ChemSpacE adapted extreme-SVM,native_l2,TPSA,34,ring_token_count,0.004265614232487918,-0.6066235822967462,0.0003463203463203464,-0.03593775593775597
ChemSpacE adapted extreme-SVM,native_l2,TPSA,34,token_entropy,0.6180756910806992,-0.4735496664227394,0.002657361521862625,-0.008763747894112845
ChemSpacE adapted extreme-SVM,native_l2,TPSA,35,selfies_len_tokens,0.07144903839417262,0.554199322098262,0.038441558441558395,0.5661916461916457
ChemSpacE adapted extreme-SVM,native_l2,TPSA,35,branch_token_count,0.06505061704544074,-0.5659680335713911,0.0025974025974025974,-0.054545454545454605
ChemSpacE adapted extreme-SVM,native_l2,TPSA,35,ring_token_count,0.003202015769753031,-0.6087617064775657,0.00043290043290043295,-0.021015561015561034
ChemSpacE adapted extreme-SVM,native_l2,TPSA,35,token_entropy,0.37154034757878523,-0.487560340916295,0.0008455041446770784,-0.008012236285527724
ChemSpacE adapted extreme-SVM,native_l2,TPSA,36,selfies_len_tokens,0.07044434693456668,0.5568268907094709,0.03792207792207785,0.5844717444717441
ChemSpacE adapted extreme-SVM,native_l2,TPSA,36,branch_token_count,0.06505061704544074,-0.5659680335713911,0.0016450216450216455,-0.036707616707616735
ChemSpacE adapted extreme-SVM,native_l2,TPSA,36,ring_token_count,0.004265614232487918,-0.6066235822967462,0.0007792207792207792,-0.02864864864864868
ChemSpacE adapted extreme-SVM,native_l2,TPSA,36,token_entropy,0.6370101761466287,-0.43623558095962955,0.0022836949089974122,-0.00826534516254199
ChemSpacE adapted extreme-SVM,native_l2,TPSA,37,selfies_len_tokens,0.06931623127792866,0.5584788535430362,0.03757575757575749,0.571433251433251
ChemSpacE adapted extreme-SVM,native_l2,TPSA,37,branch_token_count,0.1137238979560584,-0.6004246185502587,0.0023376623376623377,-0.03575757575757579
ChemSpacE adapted extreme-SVM,native_l2,TPSA,37,ring_token_count,-0.031274071937916065,-0.6741109335742413,0.0008658008658008659,-0.03413595413595417
ChemSpacE adapted extreme-SVM,native_l2,TPSA,37,token_entropy,0.5261081921890416,-0.5936331778222019,0.002143316374775053,-0.007882009749723895
ChemSpacE adapted extreme-SVM,native_l2,TPSA,38,selfies_len_tokens,0.06931623127792866,0.5584788535430362,0.037835497835497764,0.5902211302211294
ChemSpacE adapted extreme-SVM,native_l2,TPSA,38,branch_token_count,0.06724233116481365,-0.5627164058996672,0.0024242424242424247,-0.04081900081900085
ChemSpacE adapted extreme-SVM,native_l2,TPSA,38,ring_token_count,0.028030595529069405,-0.494692417806554,0.0008658008658008659,-0.023587223587223604
ChemSpacE adapted extreme-SVM,native_l2,TPSA,38,token_entropy,0.453090745797779,-0.5875621271980425,0.0017332039348995085,-0.008773327158040484
ChemSpacE adapted extreme-SVM,native_l2,TPSA,39,selfies_len_tokens,0.047352221755862,0.6650940176845692,0.03134199134199129,0.7547911547911544
ChemSpacE adapted extreme-SVM,native_l2,TPSA,39,branch_token_count,0.11743350995453777,-0.5928838100502447,0.006753246753246754,-0.059656019656019695
ChemSpacE adapted extreme-SVM,native_l2,TPSA,39,ring_token_count,0.028030595529069405,-0.494692417806554,0.00043290043290043295,-0.0108927108927109
ChemSpacE adapted extreme-SVM,native_l2,TPSA,39,token_entropy,0.7291278288414365,-0.19925112321141406,0.0028819267691313198,-0.005738804199459481
ChemSpacE adapted extreme-SVM,native_l2,TPSA,40,selfies_len_tokens,0.004265614232487918,0.6066235822967462,0.005454545454545398,0.5732186732186726
ChemSpacE adapted extreme-SVM,native_l2,TPSA,40,branch_token_count,0.06931623127792866,-0.5584788535430362,0.002337662337662338,-0.03395577395577398
ChemSpacE adapted extreme-SVM,native_l2,TPSA,40,ring_token_count,0.06931623127792866,-0.5584788535430362,0.0016450216450216448,-0.02229320229320231
ChemSpacE adapted extreme-SVM,native_l2,TPSA,40,token_entropy,0.08602518367265262,-0.7122412384152904,0.000371449603254992,-0.008704791703524478
ChemSpacE adapted extreme-SVM,native_l2,TPSA,41,selfies_len_tokens,0.07144903839417262,0.554199322098262,0.03887445887445878,0.5878951678951675
ChemSpacE adapted extreme-SVM,native_l2,TPSA,41,branch_token_count,0.1155394210843033,-0.5966843472941565,0.004848484848484849,-0.06542178542178549
ChemSpacE adapted extreme-SVM,native_l2,TPSA,41,ring_token_count,0.004265614232487918,-0.6066235822967462,0.0005194805194805196,-0.018869778869778885
ChemSpacE adapted extreme-SVM,native_l2,TPSA,41,token_entropy,0.3317353835716601,-0.6909035976297636,0.001324851040740859,-0.009654045261724937
ChemSpacE adapted extreme-SVM,native_l2,TPSA,42,selfies_len_tokens,0.028030595529069405,0.494692417806554,0.012727272727272684,0.41610155610155525
ChemSpacE adapted extreme-SVM,native_l2,TPSA,42,branch_token_count,0.06724233116481365,-0.5627164058996672,0.003116883116883117,-0.052481572481572515
ChemSpacE adapted extreme-SVM,native_l2,TPSA,42,ring_token_count,0.028030595529069405,-0.494692417806554,0.0006926406926406927,-0.020671580671580685
ChemSpacE adapted extreme-SVM,native_l2,TPSA,42,token_entropy,0.5882501616289064,-0.44538486364904323,0.0023186208059969263,-0.007580301441863586
ChemSpacE adapted extreme-SVM,native_l2,TPSA,43,selfies_len_tokens,0.028030595529069405,0.494692417806554,0.013073593073592977,0.4471580671580668
ChemSpacE adapted extreme-SVM,native_l2,TPSA,43,branch_token_count,0.06931623127792866,-0.5584788535430362,0.003376623376623377,-0.046044226044226096
ChemSpacE adapted extreme-SVM,native_l2,TPSA,43,ring_token_count,0.028030595529069405,-0.494692417806554,0.00043290043290043295,-0.0108927108927109
ChemSpacE adapted extreme-SVM,native_l2,TPSA,43,token_entropy,0.37599883174973064,-0.5509282751332446,0.0013604588297213647,-0.008571869082834247
ChemSpacE adapted extreme-SVM,native_l2,TPSA,44,selfies_len_tokens,0.028030595529069405,0.494692417806554,0.012121212121212055,0.3842751842751837
ChemSpacE adapted extreme-SVM,native_l2,TPSA,44,branch_token_count,0.043564044015393044,-0.6717449578614151,0.004242424242424242,-0.07615069615069624
ChemSpacE adapted extreme-SVM,native_l2,TPSA,44,ring_token_count,0.004265614232487918,-0.6066235822967462,0.0003463203463203463,-0.020671580671580685
ChemSpacE adapted extreme-SVM,native_l2,TPSA,44,token_entropy,0.42363283353228876,-0.6241528225445074,0.0017982853733200074,-0.009338843455363208
ChemSpacE adapted extreme-SVM,native_l2,TPSA,45,selfies_len_tokens,0.028030595529069405,0.494692417806554,0.012900432900432798,0.42081900081900003
ChemSpacE adapted extreme-SVM,native_l2,TPSA,45,branch_token_count,0.11175124334383434,-0.6033352874710022,0.002077922077922078,-0.03678951678951682
ChemSpacE adapted extreme-SVM,native_l2,TPSA,45,ring_token_count,0.028030595529069405,-0.494692417806554,0.0006926406926406927,-0.022473382473382493
ChemSpacE adapted extreme-SVM,native_l2,TPSA,45,token_entropy,0.7276252118192915,-0.27001829116941306,0.00236461580357999,-0.00559563655157334
ChemSpacE adapted extreme-SVM,native_l2,TPSA,46,selfies_len_tokens,0.028030595529069405,0.494692417806554,0.012727272727272684,0.41429975429975363
ChemSpacE adapted extreme-SVM,native_l2,TPSA,46,branch_token_count,0.11175124334383434,-0.6033352874710022,0.00380952380952381,-0.06234234234234239
ChemSpacE adapted extreme-SVM,native_l2,TPSA,46,ring_token_count,0.004265614232487918,-0.6066235822967462,0.0003463203463203464,-0.015954135954135966
ChemSpacE adapted extreme-SVM,native_l2,TPSA,46,token_entropy,0.4222300758053606,-0.6269674914173125,0.0018560755470003367,-0.008607763674682946
ChemSpacE adapted extreme-SVM,native_l2,TPSA,47,selfies_len_tokens,0.07144903839417262,0.554199322098262,0.038614718614718505,0.5727108927108923
ChemSpacE adapted extreme-SVM,native_l2,TPSA,47,branch_token_count,0.06505061704544074,-0.5659680335713911,0.002251082251082251,-0.048714168714168754
ChemSpacE adapted extreme-SVM,native_l2,TPSA,47,ring_token_count,0.004265614232487918,-0.6066235822967462,0.0008658008658008659,-0.026502866502866523
ChemSpacE adapted extreme-SVM,native_l2,TPSA,47,token_entropy,0.466300495779687,-0.420895295107787,0.0011864435999319617,-0.007986506909899379
ChemSpacE adapted extreme-SVM,native_l2,TPSA,48,selfies_len_tokens,0.07144903839417262,0.554199322098262,0.0383549783549783,0.5845536445536443
ChemSpacE adapted extreme-SVM,native_l2,TPSA,48,branch_token_count,0.06505061704544074,-0.5659680335713911,0.0016450216450216455,-0.029500409500409525
ChemSpacE adapted extreme-SVM,native_l2,TPSA,48,ring_token_count,0.028030595529069405,-0.494692417806554,0.001038961038961039,-0.026502866502866523
ChemSpacE adapted extreme-SVM,native_l2,TPSA,48,token_entropy,0.2295491611544136,-0.6100449671497815,0.0007476449754364358,-0.007244722240166974
ChemSpacE adapted extreme-SVM,native_l2,TPSA,49,selfies_len_tokens,0.07144903839417262,0.554199322098262,0.0387012987012986,0.5867813267813267
ChemSpacE adapted extreme-SVM,native_l2,TPSA,49,branch_token_count,0.1155394210843033,-0.5966843472941565,0.003722943722943724,-0.046470106470106506
ChemSpacE adapted extreme-SVM,native_l2,TPSA,49,ring_token_count,0.028030595529069405,-0.494692417806554,0.0006060606060606062,-0.017411957411957425
ChemSpacE adapted extreme-SVM,native_l2,TPSA,49,token_entropy,0.7048815785474801,-0.3305156650796448,0.0024873220070439515,-0.005883792321936276
ChemSpacE adapted extreme-SVM,train_std_unit,TPSA,0,selfies_len_tokens,0.10861765615233919,0.6756266337476744,0.06909090909090902,0.8225716625716621
ChemSpacE adapted extreme-SVM,train_std_unit,TPSA,0,branch_token_count,0.11743350995453777,-0.5928838100502447,0.00406926406926407,-0.04689598689598694
ChemSpacE adapted extreme-SVM,train_std_unit,TPSA,0,ring_token_count,0.016519490883908746,-0.7309736490427114,0.0017316017316017318,-0.030696150696150722
ChemSpacE adapted extreme-SVM,train_std_unit,TPSA,0,token_entropy,0.430083303640399,-0.7157520029741978,0.0021358963384179317,-0.011492927434268642
ChemSpacE adapted extreme-SVM,train_std_unit,TPSA,1,selfies_len_tokens,0.10687977365390175,0.6791137389541141,0.06909090909090902,0.8695823095823094
ChemSpacE adapted extreme-SVM,train_std_unit,TPSA,1,branch_token_count,0.11743350995453777,-0.5928838100502447,0.0025108225108225113,-0.027862407862407887
ChemSpacE adapted extreme-SVM,train_std_unit,TPSA,1,ring_token_count,0.048332656631324834,-0.6636522307966437,0.0009523809523809525,-0.015348075348075361
ChemSpacE adapted extreme-SVM,train_std_unit,TPSA,1,token_entropy,0.6505348083365783,-0.40909806425918604,0.0032734582185237763,-0.008223355504018655
ChemSpacE adapted extreme-SVM,train_std_unit,TPSA,2,selfies_len_tokens,0.04924631062609648,0.6612934804406575,0.030216450216450183,0.7794103194103194
ChemSpacE adapted extreme-SVM,train_std_unit,TPSA,2,branch_token_count,0.18073977983749243,-0.590192556189904,0.007532467532467532,-0.04935298935298939
ChemSpacE adapted extreme-SVM,train_std_unit,TPSA,2,ring_token_count,0.08960520141153197,-0.7039065596719146,0.0016450216450216448,-0.022719082719082743
ChemSpacE adapted extreme-SVM,train_std_unit,TPSA,2,token_entropy,0.6000287525639297,-0.5171518209254401,0.002397872508325414,-0.010108756116493957
ChemSpacE adapted extreme-SVM,train_std_unit,TPSA,3,selfies_len_tokens,0.10861765615233919,0.6756266337476744,0.06935064935064926,0.8204258804258806
ChemSpacE adapted extreme-SVM,train_std_unit,TPSA,3,branch_token_count,0.09123883116796491,-0.7026516990975815,0.004675324675324675,-0.06876330876330883
ChemSpacE adapted extreme-SVM,train_std_unit,TPSA,3,ring_token_count,0.017378824984374267,-0.7322920933523182,0.0008658008658008659,-0.02083538083538086
ChemSpacE adapted extreme-SVM,train_std_unit,TPSA,3,token_entropy,0.15010230042182926,-0.8193101141697373,0.00046363537915939453,-0.012778845601706019
ChemSpacE adapted extreme-SVM,train_std_unit,TPSA,4,selfies_len_tokens,0.10781141418972023,0.6777643500073828,0.06987012987012976,0.8320884520884521
ChemSpacE adapted extreme-SVM,train_std_unit,TPSA,4,branch_token_count,0.09476971086031859,-0.69957143977596,0.0034632034632034636,-0.04861588861588866
ChemSpacE adapted extreme-SVM,train_std_unit,TPSA,4,ring_token_count,0.048332656631324834,-0.6631768352158439,0.0013852813852813855,-0.02443898443898446
ChemSpacE adapted extreme-SVM,train_std_unit,TPSA,4,token_entropy,0.13675269175156554,-0.7309106366787876,0.0005423768302727841,-0.010109350845108191
ChemSpacE adapted extreme-SVM,train_std_unit,TPSA,5,selfies_len_tokens,0.07144903839417262,0.554199322098262,0.03757575757575749,0.5444062244062241
ChemSpacE adapted extreme-SVM,train_std_unit,TPSA,5,branch_token_count,0.0964524786632772,-0.6991645938911418,0.005887445887445888,-0.0761343161343162
ChemSpacE adapted extreme-SVM,train_std_unit,TPSA,5,ring_token_count,0.01216517748906199,-0.741881632670027,0.002683982683982685,-0.06157248157248163
ChemSpacE adapted extreme-SVM,train_std_unit,TPSA,5,token_entropy,0.6424421459915256,-0.5004886106455453,0.0033764662925841386,-0.010631358109310643
ChemSpacE adapted extreme-SVM,train_std_unit,TPSA,6,selfies_len_tokens,0.10781141418972023,0.6777643500073828,0.06935064935064926,0.8103030303030302
ChemSpacE adapted extreme-SVM,train_std_unit,TPSA,6,branch_token_count,0.0904224764171847,-0.7048051413204187,0.0021645021645021645,-0.03506961506961509
ChemSpacE adapted extreme-SVM,train_std_unit,TPSA,6,ring_token_count,0.04548955918242337,-0.6688815821854427,0.0012987012987012987,-0.024782964782964805
ChemSpacE adapted extreme-SVM,train_std_unit,TPSA,6,token_entropy,0.658205159238674,-0.39431129653238933,0.002959746217116119,-0.009020276485087351
ChemSpacE adapted extreme-SVM,train_std_unit,TPSA,7,selfies_len_tokens,0.04924631062609648,0.6612934804406575,0.030562770562770545,0.7722031122031121
ChemSpacE adapted extreme-SVM,train_std_unit,TPSA,7,branch_token_count,0.11743350995453777,-0.5928838100502447,0.00406926406926407,-0.03968877968877971
ChemSpacE adapted extreme-SVM,train_std_unit,TPSA,7,ring_token_count,0.06931623127792866,-0.5584788535430362,0.0011255411255411255,-0.015348075348075361
ChemSpacE adapted extreme-SVM,train_std_unit,TPSA,7,token_entropy,0.668116830183513,-0.41249025384674154,0.003020179152784219,-0.008771476079318458
ChemSpacE adapted extreme-SVM,train_std_unit,TPSA,8,selfies_len_tokens,0.04924631062609648,0.6612934804406575,0.030562770562770545,0.7114660114660113
ChemSpacE adapted extreme-SVM,train_std_unit,TPSA,8,branch_token_count,0.15718301057280226,-0.7018690670863614,0.006493506493506494,-0.05819819819819824
ChemSpacE adapted extreme-SVM,train_std_unit,TPSA,8,ring_token_count,0.043564044015393044,-0.6717449578614151,0.0013852813852813855,-0.028042588042588062
ChemSpacE adapted extreme-SVM,train_std_unit,TPSA,8,token_entropy,0.627542933613664,-0.45591028056745114,0.00344905446514004,-0.008385797831416478
ChemSpacE adapted extreme-SVM,train_std_unit,TPSA,9,selfies_len_tokens,0.04924631062609648,0.6612934804406575,0.030562770562770545,0.7645700245700248
ChemSpacE adapted extreme-SVM,train_std_unit,TPSA,9,branch_token_count,0.12311577656524121,-0.5824323326294871,0.008051948051948053,-0.06350532350532356
ChemSpacE adapted extreme-SVM,train_std_unit,TPSA,9,ring_token_count,0.003202015769753031,-0.6055492436465496,0.00025974025974025974,-0.009090909090909097
ChemSpacE adapted extreme-SVM,train_std_unit,TPSA,9,token_entropy,0.5964362795767797,-0.5176481310609601,0.0019320676840220527,-0.010200247767527882
ChemSpacE adapted extreme-SVM,train_std_unit,TPSA,10,selfies_len_tokens,0.10781141418972023,0.6777643500073828,0.06917748917748912,0.7943488943488943
ChemSpacE adapted extreme-SVM,train_std_unit,TPSA,10,branch_token_count,0.09476971086031859,-0.69957143977596,0.004415584415584415,-0.056756756756756795
ChemSpacE adapted extreme-SVM,train_std_unit,TPSA,10,ring_token_count,0.0378817774046896,-0.6755454951053269,0.0003463203463203464,-0.01526617526617528
ChemSpacE adapted extreme-SVM,train_std_unit,TPSA,10,token_entropy,0.6491823451175833,-0.41181181592923044,0.0025205641153434534,-0.009722682773439597
ChemSpacE adapted extreme-SVM,train_std_unit,TPSA,11,selfies_len_tokens,0.048332656631324834,0.6636522307966437,0.030995670995670993,0.7664537264537266
ChemSpacE adapted extreme-SVM,train_std_unit,TPSA,11,branch_token_count,0.17726401484061755,-0.5971667666027832,0.004588744588744589,-0.03942669942669947
ChemSpacE adapted extreme-SVM,train_std_unit,TPSA,11,ring_token_count,0.11743350995453777,-0.5928838100502447,0.001471861471861472,-0.01577395577395579
ChemSpacE adapted extreme-SVM,train_std_unit,TPSA,11,token_entropy,0.30248338739984,-0.5821041277173329,0.001074985324375491,-0.009477813111745939
ChemSpacE adapted extreme-SVM,train_std_unit,TPSA,12,selfies_len_tokens,0.10687977365390175,0.6791137389541141,0.06675324675324673,0.7913677313677312
ChemSpacE adapted extreme-SVM,train_std_unit,TPSA,12,branch_token_count,0.1481487493975293,-0.715394098023037,0.005627705627705627,-0.06275184275184281
ChemSpacE adapted extreme-SVM,train_std_unit,TPSA,12,ring_token_count,-0.02930414823247833,-0.7831768721507905,0.0009523809523809525,-0.04090090090090093
ChemSpacE adapted extreme-SVM,train_std_unit,TPSA,12,token_entropy,0.6773648334414958,-0.4877807680623068,0.0029191709487813512,-0.009144074316047284
ChemSpacE adapted extreme-SVM,train_std_unit,TPSA,13,selfies_len_tokens,0.16532720801180756,0.6887958365003524,0.10597402597402594,0.9309418509418508
ChemSpacE adapted extreme-SVM,train_std_unit,TPSA,13,branch_token_count,0.09476971086031859,-0.69957143977596,0.00380952380952381,-0.04003276003276007
ChemSpacE adapted extreme-SVM,train_std_unit,TPSA,13,ring_token_count,0.06931623127792866,-0.5584788535430362,0.0006926406926406927,-0.009860769860769869
ChemSpacE adapted extreme-SVM,train_std_unit,TPSA,13,token_entropy,0.26305056608578,-0.7127028836635749,0.0008866760766628797,-0.0097943041725447
ChemSpacE adapted extreme-SVM,train_std_unit,TPSA,14,selfies_len_tokens,0.16605683998404389,0.6868110004992856,0.10554112554112545,0.8943980343980344
ChemSpacE adapted extreme-SVM,train_std_unit,TPSA,14,branch_token_count,0.11743350995453777,-0.5928838100502447,0.003116883116883117,-0.0326617526617527
ChemSpacE adapted extreme-SVM,train_std_unit,TPSA,14,ring_token_count,0.004265614232487918,-0.6066235822967462,0.00043290043290043295,-0.017411957411957425
ChemSpacE adapted extreme-SVM,train_std_unit,TPSA,14,token_entropy,0.5337709355261323,-0.6440894351742706,0.0020768073009656707,-0.010197658010967295
ChemSpacE adapted extreme-SVM,train_std_unit,TPSA,15,selfies_len_tokens,0.04924631062609648,0.6612934804406575,0.030216450216450183,0.7443243243243242
ChemSpacE adapted extreme-SVM,train_std_unit,TPSA,15,branch_token_count,0.11656699540495986,-0.59519526716146,0.002337662337662338,-0.026748566748566772
ChemSpacE adapted extreme-SVM,train_std_unit,TPSA,15,ring_token_count,0.047352221755862,-0.6650940176845692,0.0011255411255411255,-0.020065520065520082
ChemSpacE adapted extreme-SVM,train_std_unit,TPSA,15,token_entropy,0.13675269175156554,-0.7309106366787876,0.000574674897297263,-0.010683066608263661
ChemSpacE adapted extreme-SVM,train_std_unit,TPSA,16,selfies_len_tokens,0.10861765615233919,0.6756266337476744,0.06909090909090902,0.8326945126945126
ChemSpacE adapted extreme-SVM,train_std_unit,TPSA,16,branch_token_count,0.11743350995453777,-0.5928838100502447,0.00406926406926407,-0.04329238329238333
ChemSpacE adapted extreme-SVM,train_std_unit,TPSA,16,ring_token_count,0.011302809552148088,-0.7405687685408854,0.0006926406926406927,-0.025814905814905836
ChemSpacE adapted extreme-SVM,train_std_unit,TPSA,16,token_entropy,0.5551484948963905,-0.590471167938119,0.002134670687522015,-0.011379720830554925
ChemSpacE adapted extreme-SVM,train_std_unit,TPSA,17,selfies_len_tokens,0.07144903839417262,0.554199322098262,0.03757575757575749,0.5408026208026203
ChemSpacE adapted extreme-SVM,train_std_unit,TPSA,17,branch_token_count,0.04548955918242337,-0.6688815821854427,0.0036363636363636372,-0.06414414414414418
ChemSpacE adapted extreme-SVM,train_std_unit,TPSA,17,ring_token_count,0.043564044015393044,-0.6717449578614151,0.0018181818181818186,-0.041850941850941875
ChemSpacE adapted extreme-SVM,train_std_unit,TPSA,17,token_entropy,0.5993193418115151,-0.5233823060459529,0.0007466035579269643,-0.01058270502600165
ChemSpacE adapted extreme-SVM,train_std_unit,TPSA,18,selfies_len_tokens,0.10861765615233919,0.6756266337476744,0.06935064935064926,0.8127927927927927
ChemSpacE adapted extreme-SVM,train_std_unit,TPSA,18,branch_token_count,0.09476971086031859,-0.69957143977596,0.003722943722943723,-0.04938574938574944
ChemSpacE adapted extreme-SVM,train_std_unit,TPSA,18,ring_token_count,0.011302809552148088,-0.7405687685408854,0.0008658008658008659,-0.025126945126945147
ChemSpacE adapted extreme-SVM,train_std_unit,TPSA,18,token_entropy,0.2101230629130689,-0.813634644230662,0.0005952254995251314,-0.012971471175577495
ChemSpacE adapted extreme-SVM,train_std_unit,TPSA,19,selfies_len_tokens,0.10861765615233919,0.6756266337476744,0.06926406926406917,0.8279770679770676
ChemSpacE adapted extreme-SVM,train_std_unit,TPSA,19,branch_token_count,0.11743350995453777,-0.5928838100502447,0.004502164502164502,-0.04697788697788702
ChemSpacE adapted extreme-SVM,train_std_unit,TPSA,19,ring_token_count,0.011302809552148088,-0.7405687685408854,0.0018181818181818186,-0.03936117936117938
ChemSpacE adapted extreme-SVM,train_std_unit,TPSA,19,token_entropy,0.5358440953650402,-0.6422920050436378,0.0011092735266057677,-0.012964979870468374
ChemSpacE adapted extreme-SVM,train_std_unit,TPSA,20,selfies_len_tokens,0.07144903839417262,0.554199322098262,0.03619047619047619,0.5246846846846844
ChemSpacE adapted extreme-SVM,train_std_unit,TPSA,20,branch_token_count,0.0895009486695275,-0.706138804304021,0.005108225108225109,-0.07854217854217861
ChemSpacE adapted extreme-SVM,train_std_unit,TPSA,20,ring_token_count,0.009563915774894537,-0.7440579029038579,0.0007792207792207792,-0.028386568386568417
ChemSpacE adapted extreme-SVM,train_std_unit,TPSA,20,token_entropy,0.6876584928771402,-0.40026389062027184,0.0032163602418219905,-0.009381884287407721
ChemSpacE adapted extreme-SVM,train_std_unit,TPSA,21,selfies_len_tokens,0.04924631062609648,0.6612934804406575,0.028744588744588722,0.6732186732186728
ChemSpacE adapted extreme-SVM,train_std_unit,TPSA,21,branch_token_count,0.09819036116171462,-0.6956774886847024,0.005800865800865801,-0.057346437346437386
ChemSpacE adapted extreme-SVM,train_std_unit,TPSA,21,ring_token_count,-0.030995477222662535,-0.7815067750103777,0.0006926406926406927,-0.04304668304668309
ChemSpacE adapted extreme-SVM,train_std_unit,TPSA,21,token_entropy,0.5829683438399729,-0.6545768231553518,0.002556227947408977,-0.010988297083889513
ChemSpacE adapted extreme-SVM,train_std_unit,TPSA,22,selfies_len_tokens,0.04924631062609648,0.6612934804406575,0.02969696969696971,0.6780180180180175
ChemSpacE adapted extreme-SVM,train_std_unit,TPSA,22,branch_token_count,0.15229649210939905,-0.7108569131142426,0.005887445887445888,-0.060606060606060656
ChemSpacE adapted extreme-SVM,train_std_unit,TPSA,22,ring_token_count,0.04548955918242337,-0.6688815821854427,0.0013852813852813855,-0.03498771498771501
ChemSpacE adapted extreme-SVM,train_std_unit,TPSA,22,token_entropy,0.6224075676342015,-0.54068849905081,0.0034515879023011057,-0.009219717805754259
ChemSpacE adapted extreme-SVM,train_std_unit,TPSA,23,selfies_len_tokens,0.04924631062609648,0.6612934804406575,0.030649350649350635,0.7450941850941846
ChemSpacE adapted extreme-SVM,train_std_unit,TPSA,23,branch_token_count,0.11743350995453777,-0.5928838100502447,0.0030303030303030303,-0.03300573300573304
ChemSpacE adapted extreme-SVM,train_std_unit,TPSA,23,ring_token_count,0.04643725833205718,-0.6641276263774438,0.0007792207792207792,-0.012432432432432442
ChemSpacE adapted extreme-SVM,train_std_unit,TPSA,23,token_entropy,0.6568522195485635,-0.3977046811841311,0.0032127113804978533,-0.0075700627350129305
ChemSpacE adapted extreme-SVM,train_std_unit,TPSA,24,selfies_len_tokens,0.04924631062609648,0.6612934804406575,0.030735930735930724,0.7472399672399671
ChemSpacE adapted extreme-SVM,train_std_unit,TPSA,24,branch_token_count,0.24257322703551507,-0.5855451692722803,0.007878787878787877,-0.04797706797706803
ChemSpacE adapted extreme-SVM,train_std_unit,TPSA,24,ring_token_count,0.06931623127792866,-0.5584788535430362,0.0008658008658008659,-0.012776412776412784
ChemSpacE adapted extreme-SVM,train_std_unit,TPSA,24,token_entropy,0.6182934383804192,-0.4913620975722029,0.0030383262346014156,-0.008489407414140587
ChemSpacE adapted extreme-SVM,train_std_unit,TPSA,25,selfies_len_tokens,0.10861765615233919,0.6756266337476744,0.06865800865800861,0.7856019656019654
ChemSpacE adapted extreme-SVM,train_std_unit,TPSA,25,branch_token_count,0.09123883116796491,-0.7026516990975815,0.004848484848484849,-0.06515970515970523
ChemSpacE adapted extreme-SVM,train_std_unit,TPSA,25,ring_token_count,0.03598768853445512,-0.6783958980382608,0.0006060606060606062,-0.027960687960687985
ChemSpacE adapted extreme-SVM,train_std_unit,TPSA,25,token_entropy,0.2917736072010465,-0.7874036171671971,0.0011277175711056923,-0.012533865490937119
ChemSpacE adapted extreme-SVM,train_std_unit,TPSA,26,selfies_len_tokens,0.10687977365390175,0.6791137389541141,0.06935064935064926,0.8519082719082718
ChemSpacE adapted extreme-SVM,train_std_unit,TPSA,26,branch_token_count,0.11656699540495986,-0.59519526716146,0.0028571428571428576,-0.03549549549549552
ChemSpacE adapted extreme-SVM,train_std_unit,TPSA,26,ring_token_count,0.043564044015393044,-0.6717449578614151,0.0006926406926406927,-0.016380016380016394
ChemSpacE adapted extreme-SVM,train_std_unit,TPSA,26,token_entropy,0.5917613114727237,-0.5330973090591977,0.0010016967127372202,-0.01082758075410147
ChemSpacE adapted extreme-SVM,train_std_unit,TPSA,27,selfies_len_tokens,0.04924631062609648,0.6612934804406575,0.029956709956709845,0.6889107289107281
ChemSpacE adapted extreme-SVM,train_std_unit,TPSA,27,branch_token_count,0.15628879057321776,-0.6998775593672861,0.01264069264069264,-0.08714168714168721
ChemSpacE adapted extreme-SVM,train_std_unit,TPSA,27,ring_token_count,0.04075106343425426,-0.6741109335742413,0.0006060606060606062,-0.019639639639639654
ChemSpacE adapted extreme-SVM,train_std_unit,TPSA,27,token_entropy,0.6094993303947022,-0.49814886687568644,0.0027036080468702934,-0.009257619983366916
ChemSpacE adapted extreme-SVM,train_std_unit,TPSA,28,selfies_len_tokens,0.04924631062609648,0.6612934804406575,0.030649350649350635,0.7500737100737097
ChemSpacE adapted extreme-SVM,train_std_unit,TPSA,28,branch_token_count,0.1155394210843033,-0.5966843472941565,0.0028571428571428576,-0.03189189189189192
ChemSpacE adapted extreme-SVM,train_std_unit,TPSA,28,ring_token_count,0.06931623127792866,-0.5584788535430362,0.0008658008658008659,-0.010974610974610983
ChemSpacE adapted extreme-SVM,train_std_unit,TPSA,28,token_entropy,0.6466628529121505,-0.36540863426314685,0.002748165357048007,-0.0067756592046643435
ChemSpacE adapted extreme-SVM,train_std_unit,TPSA,29,selfies_len_tokens,0.09819036116171462,0.6956774886847024,0.056969696969696906,0.8449795249795248
ChemSpacE adapted extreme-SVM,train_std_unit,TPSA,29,branch_token_count,0.12311577656524121,-0.5824323326294871,0.0049350649350649355,-0.041654381654381685
ChemSpacE adapted extreme-SVM,train_std_unit,TPSA,29,ring_token_count,0.04548955918242337,-0.6688815821854427,0.0006060606060606062,-0.013120393120393129
ChemSpacE adapted extreme-SVM,train_std_unit,TPSA,29,token_entropy,0.6031985956717546,-0.5101853139683382,0.003105660121537856,-0.009560783791232985
ChemSpacE adapted extreme-SVM,train_std_unit,TPSA,30,selfies_len_tokens,0.10861765615233919,0.6756266337476744,0.06969696969696962,0.8392956592956593
ChemSpacE adapted extreme-SVM,train_std_unit,TPSA,30,branch_token_count,0.09819036116171462,-0.6956774886847024,0.005194805194805195,-0.05975429975429981
ChemSpacE adapted extreme-SVM,train_std_unit,TPSA,30,ring_token_count,0.043564044015393044,-0.6717449578614151,0.0012987012987012987,-0.028386568386568403
ChemSpacE adapted extreme-SVM,train_std_unit,TPSA,30,token_entropy,0.524905952961891,-0.661288164266604,0.0013950565878537886,-0.012009841786899898
ChemSpacE adapted extreme-SVM,train_std_unit,TPSA,31,selfies_len_tokens,0.04924631062609648,0.6612934804406575,0.030562770562770545,0.7222768222768221
ChemSpacE adapted extreme-SVM,train_std_unit,TPSA,31,branch_token_count,0.22599969338024495,-0.6871996255633659,0.01636363636363636,-0.10727272727272737
ChemSpacE adapted extreme-SVM,train_std_unit,TPSA,31,ring_token_count,0.003202015769753031,-0.6087617064775657,8.65800865800866e-05,-0.007977067977067983
ChemSpacE adapted extreme-SVM,train_std_unit,TPSA,31,token_entropy,0.6043005409945292,-0.5085082307856525,0.0030348360466768563,-0.00978934836971089
ChemSpacE adapted extreme-SVM,train_std_unit,TPSA,32,selfies_len_tokens,0.10520307352383992,0.6829980515518413,0.06995670995670986,0.8848484848484847
ChemSpacE adapted extreme-SVM,train_std_unit,TPSA,32,branch_token_count,0.1155394210843033,-0.5966843472941565,0.003203463203463204,-0.03592137592137595
ChemSpacE adapted extreme-SVM,train_std_unit,TPSA,32,ring_token_count,0.07044434693456668,-0.5568268907094709,0.001038961038961039,-0.013890253890253904
ChemSpacE adapted extreme-SVM,train_std_unit,TPSA,32,token_entropy,0.29938892819370355,-0.5875370995760281,0.0010449609256061427,-0.009638790908864386
ChemSpacE adapted extreme-SVM,train_std_unit,TPSA,33,selfies_len_tokens,0.04924631062609648,0.6612934804406575,0.030562770562770545,0.7740049140049139
ChemSpacE adapted extreme-SVM,train_std_unit,TPSA,33,branch_token_count,0.12311577656524121,-0.5824323326294871,0.003722943722943723,-0.03385749385749389
ChemSpacE adapted extreme-SVM,train_std_unit,TPSA,33,ring_token_count,0.07044434693456668,-0.5568268907094709,0.001038961038961039,-0.012088452088452098
ChemSpacE adapted extreme-SVM,train_std_unit,TPSA,33,token_entropy,0.3403705779379506,-0.6800743876355667,0.0014233922199786743,-0.010800326518778797
ChemSpacE adapted extreme-SVM,train_std_unit,TPSA,34,selfies_len_tokens,0.04924631062609648,0.6612934804406575,0.02848484848484852,0.6340212940212937
ChemSpacE adapted extreme-SVM,train_std_unit,TPSA,34,branch_token_count,0.1481487493975293,-0.715394098023037,0.007445887445887446,-0.0753480753480754
ChemSpacE adapted extreme-SVM,train_std_unit,TPSA,34,ring_token_count,0.0,-0.7453687378764667,0.0003463203463203463,-0.03344799344799348
ChemSpacE adapted extreme-SVM,train_std_unit,TPSA,34,token_entropy,0.5538123974357494,-0.603875734747157,0.003260211150399029,-0.010986002158091174
ChemSpacE adapted extreme-SVM,train_std_unit,TPSA,35,selfies_len_tokens,0.10781141418972023,0.6777643500073828,0.06831168831168825,0.7910073710073707
ChemSpacE adapted extreme-SVM,train_std_unit,TPSA,35,branch_token_count,0.14163671645697862,-0.7219273774570373,0.005367965367965368,-0.06489762489762495
ChemSpacE adapted extreme-SVM,train_std_unit,TPSA,35,ring_token_count,0.0378817774046896,-0.6755454951053269,0.0006926406926406927,-0.02761670761670764
ChemSpacE adapted extreme-SVM,train_std_unit,TPSA,35,token_entropy,0.19495092998659763,-0.7318989232499268,0.0007493201632734883,-0.012099024760994946
ChemSpacE adapted extreme-SVM,train_std_unit,TPSA,36,selfies_len_tokens,0.1034040086570269,0.6860879493669932,0.06735930735930733,0.8345945945945945
ChemSpacE adapted extreme-SVM,train_std_unit,TPSA,36,branch_token_count,0.07144903839417262,-0.554199322098262,0.0030303030303030303,-0.04021294021294025
ChemSpacE adapted extreme-SVM,train_std_unit,TPSA,36,ring_token_count,0.043564044015393044,-0.6717449578614151,0.0012987012987012987,-0.030188370188370214
ChemSpacE adapted extreme-SVM,train_std_unit,TPSA,36,token_entropy,0.609928490782677,-0.5288101606165447,0.0027842250200183806,-0.010081958427531635
ChemSpacE adapted extreme-SVM,train_std_unit,TPSA,37,selfies_len_tokens,0.1034040086570269,0.6860879493669932,0.06744588744588742,0.8219000819000816
ChemSpacE adapted extreme-SVM,train_std_unit,TPSA,37,branch_token_count,0.21546244735580017,-0.706036715833283,0.0048484848484848485,-0.04491400491400494
ChemSpacE adapted extreme-SVM,train_std_unit,TPSA,37,ring_token_count,0.0142154872445073,-0.5947198715806601,0.0017316017316017318,-0.03249795249795253
ChemSpacE adapted extreme-SVM,train_std_unit,TPSA,37,token_entropy,0.7459541341710334,-0.3115491351408013,0.0032102649612000588,-0.007247235845081121
ChemSpacE adapted extreme-SVM,train_std_unit,TPSA,38,selfies_len_tokens,0.09819036116171462,0.6956774886847024,0.05549783549783551,0.7950696150696147
ChemSpacE adapted extreme-SVM,train_std_unit,TPSA,38,branch_token_count,0.09819036116171462,-0.6956774886847024,0.004675324675324675,-0.04740376740376745
ChemSpacE adapted extreme-SVM,train_std_unit,TPSA,38,ring_token_count,0.04548955918242337,-0.6688815821854427,0.001471861471861472,-0.027698607698607727
ChemSpacE adapted extreme-SVM,train_std_unit,TPSA,38,token_entropy,0.6370995917629059,-0.5112085808869492,0.003276902851209002,-0.009250179221318074
ChemSpacE adapted extreme-SVM,train_std_unit,TPSA,39,selfies_len_tokens,0.1034040086570269,0.6860879493669932,0.06744588744588742,0.8718263718263721
ChemSpacE adapted extreme-SVM,train_std_unit,TPSA,39,branch_token_count,0.2507132682112035,-0.5700286306165294,0.017056277056277058,-0.08178542178542184
ChemSpacE adapted extreme-SVM,train_std_unit,TPSA,39,ring_token_count,0.06741998624632421,-0.5636662846621027,0.0005194805194805195,-0.008746928746928753
ChemSpacE adapted extreme-SVM,train_std_unit,TPSA,39,token_entropy,0.6162640288452538,-0.4900047437115062,0.002756767767903618,-0.008568103041636346
ChemSpacE adapted extreme-SVM,train_std_unit,TPSA,40,selfies_len_tokens,0.04924631062609648,0.6612934804406575,0.030216450216450183,0.749041769041769
ChemSpacE adapted extreme-SVM,train_std_unit,TPSA,40,branch_token_count,0.17726401484061755,-0.5971667666027832,0.00735930735930736,-0.059049959049959105
ChemSpacE adapted extreme-SVM,train_std_unit,TPSA,40,ring_token_count,0.10520307352383992,-0.6829980515518413,0.003116883116883117,-0.029484029484029513
ChemSpacE adapted extreme-SVM,train_std_unit,TPSA,40,token_entropy,0.1980453891927341,-0.7264659513912316,0.0007510925314512314,-0.011182116961944608
ChemSpacE adapted extreme-SVM,train_std_unit,TPSA,41,selfies_len_tokens,0.10687977365390175,0.6791137389541141,0.06969696969696962,0.8316625716625716
ChemSpacE adapted extreme-SVM,train_std_unit,TPSA,41,branch_token_count,0.15718301057280226,-0.7018690670863614,0.009264069264069264,-0.07601965601965609
ChemSpacE adapted extreme-SVM,train_std_unit,TPSA,41,ring_token_count,0.06505061704544074,-0.5659680335713911,0.0009523809523809525,-0.01783783783783785
ChemSpacE adapted extreme-SVM,train_std_unit,TPSA,41,token_entropy,0.5910264267007999,-0.5346090789987374,0.0028372125065380116,-0.009365231956901643
ChemSpacE adapted extreme-SVM,train_std_unit,TPSA,42,selfies_len_tokens,0.04924631062609648,0.6612934804406575,0.030303030303030273,0.6965438165438164
ChemSpacE adapted extreme-SVM,train_std_unit,TPSA,42,branch_token_count,0.1481487493975293,-0.715394098023037,0.006320346320346321,-0.06360360360360366
ChemSpacE adapted extreme-SVM,train_std_unit,TPSA,42,ring_token_count,0.004265614232487918,-0.6066235822967462,0.00043290043290043295,-0.022129402129402145
ChemSpacE adapted extreme-SVM,train_std_unit,TPSA,42,token_entropy,0.650087521098012,-0.4105995428607497,0.0032061656850671475,-0.0088488678952096
ChemSpacE adapted extreme-SVM,train_std_unit,TPSA,43,selfies_len_tokens,0.04924631062609648,0.6612934804406575,0.030649350649350635,0.7509254709254705
ChemSpacE adapted extreme-SVM,train_std_unit,TPSA,43,branch_token_count,0.12311577656524121,-0.5824323326294871,0.006580086580086579,-0.05313677313677319
ChemSpacE adapted extreme-SVM,train_std_unit,TPSA,43,ring_token_count,0.06724233116481365,-0.5627164058996672,0.0006060606060606062,-0.010204750204750212
ChemSpacE adapted extreme-SVM,train_std_unit,TPSA,43,token_entropy,0.6370101761466287,-0.4688006010001619,0.002815150322357555,-0.009309658244147728
ChemSpacE adapted extreme-SVM,train_std_unit,TPSA,44,selfies_len_tokens,0.04924631062609648,0.6612934804406575,0.02839826839826843,0.6431122031122024
ChemSpacE adapted extreme-SVM,train_std_unit,TPSA,44,branch_token_count,0.09819036116171462,-0.6956774886847024,0.007792207792207794,-0.09061425061425071
ChemSpacE adapted extreme-SVM,train_std_unit,TPSA,44,ring_token_count,0.043564044015393044,-0.6717449578614151,0.001038961038961039,-0.028042588042588062
ChemSpacE adapted extreme-SVM,train_std_unit,TPSA,44,token_entropy,0.6397151025846186,-0.431486515537052,0.0034317220220468664,-0.008679071736527134
ChemSpacE adapted extreme-SVM,train_std_unit,TPSA,45,selfies_len_tokens,0.04924631062609648,0.6612934804406575,0.030649350649350635,0.7129238329238324
ChemSpacE adapted extreme-SVM,train_std_unit,TPSA,45,branch_token_count,0.15229649210939905,-0.7108569131142426,0.0032900432900432896,-0.03849303849303853
ChemSpacE adapted extreme-SVM,train_std_unit,TPSA,45,ring_token_count,0.043564044015393044,-0.6717449578614151,0.0012121212121212123,-0.026928746928746954
ChemSpacE adapted extreme-SVM,train_std_unit,TPSA,45,token_entropy,0.6446757623375707,-0.4214583737463232,0.00180349368023173,-0.009450360353270718
ChemSpacE adapted extreme-SVM,train_std_unit,TPSA,46,selfies_len_tokens,0.04924631062609648,0.6612934804406575,0.030822510822510814,0.7151515151515146
ChemSpacE adapted extreme-SVM,train_std_unit,TPSA,46,branch_token_count,0.15229649210939905,-0.7108569131142426,0.006493506493506494,-0.06540540540540547
ChemSpacE adapted extreme-SVM,train_std_unit,TPSA,46,ring_token_count,0.04548955918242337,-0.6688815821854427,0.001038961038961039,-0.020409500409500424
ChemSpacE adapted extreme-SVM,train_std_unit,TPSA,46,token_entropy,0.6329527864896438,-0.45048277722736246,0.003457182229462238,-0.0075010768161679
ChemSpacE adapted extreme-SVM,train_std_unit,TPSA,47,selfies_len_tokens,0.15791679880835546,0.696610919650286,0.09818181818181818,0.8358722358722359
ChemSpacE adapted extreme-SVM,train_std_unit,TPSA,47,branch_token_count,0.1481487493975293,-0.715394098023037,0.005108225108225109,-0.06301392301392307
ChemSpacE adapted extreme-SVM,train_std_unit,TPSA,47,ring_token_count,0.043564044015393044,-0.6717449578614151,0.0011255411255411255,-0.02658476658476661
ChemSpacE adapted extreme-SVM,train_std_unit,TPSA,47,token_entropy,0.21731905821831096,-0.8107468548988762,0.0007961784954636234,-0.012269517321983753
ChemSpacE adapted extreme-SVM,train_std_unit,TPSA,48,selfies_len_tokens,0.10861765615233919,0.6756266337476744,0.06779220779220775,0.8158067158067156
ChemSpacE adapted extreme-SVM,train_std_unit,TPSA,48,branch_token_count,0.09737805152619892,-0.6978268725944738,0.002770562770562771,-0.03515151515151518
ChemSpacE adapted extreme-SVM,train_std_unit,TPSA,48,ring_token_count,0.04924631062609648,-0.6612934804406575,0.0025108225108225113,-0.034381654381654414
ChemSpacE adapted extreme-SVM,train_std_unit,TPSA,48,token_entropy,0.41241077171686386,-0.6473738407451487,0.0015234061018687137,-0.009715342796607167
ChemSpacE adapted extreme-SVM,train_std_unit,TPSA,49,selfies_len_tokens,0.04924631062609648,0.6612934804406575,0.030735930735930724,0.7220147420147419
ChemSpacE adapted extreme-SVM,train_std_unit,TPSA,49,branch_token_count,0.15718301057280226,-0.7018690670863614,0.0072727272727272745,-0.05870597870597875
ChemSpacE adapted extreme-SVM,train_std_unit,TPSA,49,ring_token_count,0.07044434693456668,-0.5568268907094709,0.0012987012987012987,-0.020065520065520082
ChemSpacE adapted extreme-SVM,train_std_unit,TPSA,49,token_entropy,0.705985800315372,-0.33582676916798854,0.002633308778928504,-0.007449307933053829
ChemSpacE adapted extreme-SVM,native_l2,cLogP,0,selfies_len_tokens,0.047352221755862,0.6650940176845692,0.021645021645021613,0.6407534807534806
ChemSpacE adapted extreme-SVM,native_l2,cLogP,0,branch_token_count,-0.039830919403382604,-0.6760047819305053,-0.0008658008658008659,-0.03053235053235056
ChemSpacE adapted extreme-SVM,native_l2,cLogP,0,ring_token_count,0.0008694468886267761,-0.7405687685408854,0.0002597402597402597,-0.031728091728091753
ChemSpacE adapted extreme-SVM,native_l2,cLogP,0,token_entropy,-0.04558423058385519,-0.7897101515847907,-0.0002789473776775902,-0.011365942088376903
ChemSpacE adapted extreme-SVM,native_l2,cLogP,1,selfies_len_tokens,0.043564044015393044,0.6717449578614151,0.02441558441558429,0.7040458640458639
ChemSpacE adapted extreme-SVM,native_l2,cLogP,1,branch_token_count,-0.002132807116243959,-0.6034139337131655,-8.65800865800866e-05,-0.018525798525798543
ChemSpacE adapted extreme-SVM,native_l2,cLogP,1,ring_token_count,-0.03411716938681752,-0.6688815821854427,8.65800865800866e-05,-0.016036036036036046
ChemSpacE adapted extreme-SVM,native_l2,cLogP,1,token_entropy,-0.053724271759543606,-0.7864435118677907,-0.000299624996966837,-0.010329316840307648
ChemSpacE adapted extreme-SVM,native_l2,cLogP,2,selfies_len_tokens,0.0426464617335219,0.6736355379934416,0.027186147186147102,0.7715315315315312
ChemSpacE adapted extreme-SVM,native_l2,cLogP,2,branch_token_count,-0.003202015769753031,-0.6087617064775657,-8.65800865800866e-05,-0.007977067977067983
ChemSpacE adapted extreme-SVM,native_l2,cLogP,2,ring_token_count,-0.07751625163870517,-0.7112819815631763,-0.0003463203463203463,-0.01680589680589682
ChemSpacE adapted extreme-SVM,native_l2,cLogP,2,token_entropy,-0.053724271759543606,-0.7864435118677907,-0.0003219184570697793,-0.00897556835513537
ChemSpacE adapted extreme-SVM,native_l2,cLogP,3,selfies_len_tokens,0.043564044015393044,0.6717449578614151,0.020779220779220647,0.6246355446355442
ChemSpacE adapted extreme-SVM,native_l2,cLogP,3,branch_token_count,-0.0034777875545071043,-0.7484193208575733,-0.00017316017316017316,-0.04982800982800986
ChemSpacE adapted extreme-SVM,native_l2,cLogP,3,ring_token_count,-0.006086128220387433,-0.7348989252010553,-8.65800865800866e-05,-0.02520884520884523
ChemSpacE adapted extreme-SVM,native_l2,cLogP,3,token_entropy,-0.04558423058385519,-0.7897101515847907,-0.0003146750156565552,-0.012293125322397687
ChemSpacE adapted extreme-SVM,native_l2,cLogP,4,selfies_len_tokens,0.043564044015393044,0.6717449578614151,0.020865800865800737,0.6373300573300569
ChemSpacE adapted extreme-SVM,native_l2,cLogP,4,branch_token_count,-0.03219951079398617,-0.6783958980382608,-0.00043290043290043295,-0.033791973791973816
ChemSpacE adapted extreme-SVM,native_l2,cLogP,4,ring_token_count,-0.03219951079398617,-0.6717449578614151,-0.00025974025974025974,-0.02658476658476661
ChemSpacE adapted extreme-SVM,native_l2,cLogP,4,token_entropy,-0.005213647495312281,-0.7479840667812964,-0.0002486334770229892,-0.009835071533114866
ChemSpacE adapted extreme-SVM,native_l2,cLogP,5,selfies_len_tokens,0.043564044015393044,0.6717449578614151,0.01740259740259734,0.5604095004095002
ChemSpacE adapted extreme-SVM,native_l2,cLogP,5,branch_token_count,-0.03598768853445512,-0.6783958980382608,-0.0011255411255411255,-0.05128583128583133
ChemSpacE adapted extreme-SVM,native_l2,cLogP,5,ring_token_count,-0.030305421923751685,-0.6755454951053269,9.07135690542781e-20,-0.04288288288288292
ChemSpacE adapted extreme-SVM,native_l2,cLogP,5,token_entropy,-0.052096263524405925,-0.7888934916555407,-0.00040008698225133525,-0.012023485992223882
ChemSpacE adapted extreme-SVM,native_l2,cLogP,6,selfies_len_tokens,0.0378817774046896,0.6755454951053269,0.01714285714285707,0.592661752661752
ChemSpacE adapted extreme-SVM,native_l2,cLogP,6,branch_token_count,-0.036960266835718986,-0.6774387026398406,-0.00043290043290043295,-0.02504504504504506
ChemSpacE adapted extreme-SVM,native_l2,cLogP,6,ring_token_count,-0.030305421923751685,-0.6755454951053269,4.535678452713905e-20,-0.024013104013104036
ChemSpacE adapted extreme-SVM,native_l2,cLogP,6,token_entropy,-0.052096263524405925,-0.7888934916555407,-0.0003100707387435235,-0.01077146208903729
ChemSpacE adapted extreme-SVM,native_l2,cLogP,7,selfies_len_tokens,0.0426464617335219,0.6736355379934416,0.02597402597402584,0.7488943488943482
ChemSpacE adapted extreme-SVM,native_l2,cLogP,7,branch_token_count,-0.034188172937891385,-0.6774194113129101,-0.0001731601731601732,-0.01526617526617528
ChemSpacE adapted extreme-SVM,native_l2,cLogP,7,ring_token_count,-0.03411716938681752,-0.6688815821854427,0.0,-0.014578214578214592
ChemSpacE adapted extreme-SVM,native_l2,cLogP,7,token_entropy,-0.052096263524405925,-0.7888934916555407,-0.00035517594758897566,-0.01003274958936469
ChemSpacE adapted extreme-SVM,native_l2,cLogP,8,selfies_len_tokens,0.047352221755862,0.6650940176845692,0.021818181818181796,0.6378378378378378
ChemSpacE adapted extreme-SVM,native_l2,cLogP,8,branch_token_count,-0.03598768853445512,-0.6783958980382608,-0.0006060606060606061,-0.031990171990172026
ChemSpacE adapted extreme-SVM,native_l2,cLogP,8,ring_token_count,-0.07386000618359065,-0.7157283436217301,-0.00043290043290043285,-0.032416052416052436
ChemSpacE adapted extreme-SVM,native_l2,cLogP,8,token_entropy,-0.08602518367265262,-0.7122412384152904,-0.00046155493752442846,-0.010179789215420895
ChemSpacE adapted extreme-SVM,native_l2,cLogP,9,selfies_len_tokens,0.04166995514515856,0.6745953607943489,0.02424242424242418,0.7422113022113022
ChemSpacE adapted extreme-SVM,native_l2,cLogP,9,branch_token_count,-0.003202015769753031,-0.6087617064775657,-8.65800865800866e-05,-0.017411957411957425
ChemSpacE adapted extreme-SVM,native_l2,cLogP,9,ring_token_count,-0.036960266835718986,-0.6641276263774438,-0.0001731601731601732,-0.009860769860769869
ChemSpacE adapted extreme-SVM,native_l2,cLogP,9,token_entropy,-0.005213647495312281,-0.7479840667812964,-0.0001919755939117407,-0.009116884165282498
ChemSpacE adapted extreme-SVM,native_l2,cLogP,10,selfies_len_tokens,0.043564044015393044,0.6717449578614151,0.01870129870129862,0.5950532350532348
ChemSpacE adapted extreme-SVM,native_l2,cLogP,10,branch_token_count,-0.0378817774046896,-0.6755454951053269,-0.0011255411255411255,-0.04253890253890257
ChemSpacE adapted extreme-SVM,native_l2,cLogP,10,ring_token_count,-0.03598768853445512,-0.6650940176845692,-0.0006060606060606061,-0.02520884520884523
ChemSpacE adapted extreme-SVM,native_l2,cLogP,10,token_entropy,-0.05698028822981897,-0.7856268519385406,-0.0004195049273365295,-0.011581878745043796
ChemSpacE adapted extreme-SVM,native_l2,cLogP,11,selfies_len_tokens,0.04166995514515856,0.6745953607943489,0.021731601731601706,0.7110073710073707
ChemSpacE adapted extreme-SVM,native_l2,cLogP,11,branch_token_count,-0.03411716938681752,-0.6788648893822403,-0.0001731601731601732,-0.012350532350532361
ChemSpacE adapted extreme-SVM,native_l2,cLogP,11,ring_token_count,-0.031274071937916065,-0.6745863291550414,8.658008658008658e-05,-0.014922194922194931
ChemSpacE adapted extreme-SVM,native_l2,cLogP,11,token_entropy,-0.043564044015393044,-0.6717449578614151,-0.00026724820585669523,-0.008697363918210448
ChemSpacE adapted extreme-SVM,native_l2,cLogP,12,selfies_len_tokens,0.043564044015393044,0.6717449578614151,0.019220779220779093,0.6019983619983615
ChemSpacE adapted extreme-SVM,native_l2,cLogP,12,branch_token_count,-0.03598768853445512,-0.6783958980382608,-0.0008658008658008659,-0.03816543816543819
ChemSpacE adapted extreme-SVM,native_l2,cLogP,12,ring_token_count,-0.07907365367890291,-0.706138804304021,-0.0016450216450216448,-0.046044226044226096
ChemSpacE adapted extreme-SVM,native_l2,cLogP,12,token_entropy,-0.05860829646495666,-0.7831768721507905,-0.0003387954546942762,-0.010445478977926125
ChemSpacE adapted extreme-SVM,native_l2,cLogP,13,selfies_len_tokens,0.04166995514515856,0.6745953607943489,0.02484848484848474,0.7440950040950034
ChemSpacE adapted extreme-SVM,native_l2,cLogP,13,branch_token_count,-0.0008694468886267761,-0.7444940446992293,-8.658008658008658e-05,-0.018951678951678964
ChemSpacE adapted extreme-SVM,native_l2,cLogP,13,ring_token_count,0.04178554470186725,-0.6707500218907013,0.0003463203463203463,-0.008746928746928758
ChemSpacE adapted extreme-SVM,native_l2,cLogP,13,token_entropy,-0.04558423058385519,-0.7897101515847907,-0.00023359979990681648,-0.009994444145686187
ChemSpacE adapted extreme-SVM,native_l2,cLogP,14,selfies_len_tokens,0.0426464617335219,0.6736355379934416,0.021991341991341905,0.6639148239148235
ChemSpacE adapted extreme-SVM,native_l2,cLogP,14,branch_token_count,-0.034188172937891385,-0.6774194113129101,-0.0003463203463203464,-0.021097461097461117
ChemSpacE adapted extreme-SVM,native_l2,cLogP,14,ring_token_count,-0.0008694468886267761,-0.7440579029038579,0.0003463203463203463,-0.025126945126945147
ChemSpacE adapted extreme-SVM,native_l2,cLogP,14,token_entropy,-0.052096263524405925,-0.7888934916555407,-0.0003205164779932518,-0.011465093490887954
ChemSpacE adapted extreme-SVM,native_l2,cLogP,15,selfies_len_tokens,0.04166995514515856,0.6745953607943489,0.022597402597402536,0.6824406224406222
ChemSpacE adapted extreme-SVM,native_l2,cLogP,15,branch_token_count,-0.003202015769753031,-0.6055492436465496,-8.65800865800866e-05,-0.015610155610155623
ChemSpacE adapted extreme-SVM,native_l2,cLogP,15,ring_token_count,-0.039830919403382604,-0.6626844906609387,-0.0006926406926406927,-0.022637182637182653
ChemSpacE adapted extreme-SVM,native_l2,cLogP,15,token_entropy,-0.053724271759543606,-0.7864435118677907,-0.0002538854015544595,-0.009512982165796375
ChemSpacE adapted extreme-SVM,native_l2,cLogP,16,selfies_len_tokens,0.043564044015393044,0.6717449578614151,0.020086580086579993,0.6379361179361174
ChemSpacE adapted extreme-SVM,native_l2,cLogP,16,branch_token_count,-0.0378817774046896,-0.6755454951053269,-0.00043290043290043295,-0.02324324324324326
ChemSpacE adapted extreme-SVM,native_l2,cLogP,16,ring_token_count,-0.04166995514515856,-0.6612934804406575,-0.0012121212121212123,-0.03721539721539724
ChemSpacE adapted extreme-SVM,native_l2,cLogP,16,token_entropy,-0.04558423058385519,-0.7897101515847907,-0.00023539739518866254,-0.010772757153812308
ChemSpacE adapted extreme-SVM,native_l2,cLogP,17,selfies_len_tokens,0.028030595529069405,0.494692417806554,0.00822510822510814,0.30786240786240693
ChemSpacE adapted extreme-SVM,native_l2,cLogP,17,branch_token_count,-0.03219951079398617,-0.6783958980382608,-0.00043290043290043295,-0.04794430794430799
ChemSpacE adapted extreme-SVM,native_l2,cLogP,17,ring_token_count,-0.030305421923751685,-0.6755454951053269,-0.0001731601731601731,-0.04108108108108111
ChemSpacE adapted extreme-SVM,native_l2,cLogP,17,token_entropy,-0.05860829646495666,-0.7831768721507905,-0.0004110252505593282,-0.01081692505526671
ChemSpacE adapted extreme-SVM,native_l2,cLogP,18,selfies_len_tokens,0.047352221755862,0.6650940176845692,0.020692640692640693,0.6258312858312857
ChemSpacE adapted extreme-SVM,native_l2,cLogP,18,branch_token_count,-0.0426464617335219,-0.6736355379934416,-0.001471861471861472,-0.03713349713349716
ChemSpacE adapted extreme-SVM,native_l2,cLogP,18,ring_token_count,0.0034777875545071043,-0.745802470085344,0.00043290043290043295,-0.024357084357084377
ChemSpacE adapted extreme-SVM,native_l2,cLogP,18,token_entropy,-0.010427294990624562,-0.7444969615748568,-0.00021348812636343164,-0.011849970942934334
ChemSpacE adapted extreme-SVM,native_l2,cLogP,19,selfies_len_tokens,0.043564044015393044,0.6717449578614151,0.021298701298701254,0.6410155610155608
ChemSpacE adapted extreme-SVM,native_l2,cLogP,19,branch_token_count,-0.036960266835718986,-0.6774387026398406,-0.00025974025974025974,-0.027960687960687985
ChemSpacE adapted extreme-SVM,native_l2,cLogP,19,ring_token_count,-0.03219951079398617,-0.6717449578614151,-0.00025974025974025974,-0.04185094185094189
ChemSpacE adapted extreme-SVM,native_l2,cLogP,19,token_entropy,-0.04558423058385519,-0.7897101515847907,-0.00031597961807230913,-0.012109290561139336
ChemSpacE adapted extreme-SVM,native_l2,cLogP,20,selfies_len_tokens,0.043564044015393044,0.6717449578614151,0.01696969696969689,0.5524324324324319
ChemSpacE adapted extreme-SVM,native_l2,cLogP,20,branch_token_count,-0.036960266835718986,-0.6774387026398406,-0.0012121212121212123,-0.05162981162981167
ChemSpacE adapted extreme-SVM,native_l2,cLogP,20,ring_token_count,0.004265614232487918,-0.6066235822967462,0.0006060606060606062,-0.022129402129402145
ChemSpacE adapted extreme-SVM,native_l2,cLogP,20,token_entropy,-0.07907365367890291,-0.7183436725265597,-0.0002696196998726106,-0.010607615704561098
ChemSpacE adapted extreme-SVM,native_l2,cLogP,21,selfies_len_tokens,0.047352221755862,0.6650940176845692,0.020865800865800737,0.6105651105651103
ChemSpacE adapted extreme-SVM,native_l2,cLogP,21,branch_token_count,-0.039830919403382604,-0.6760047819305053,-0.0009523809523809525,-0.03310401310401313
ChemSpacE adapted extreme-SVM,native_l2,cLogP,21,ring_token_count,-0.0834669013081705,-0.6973907307991023,-0.003203463203463204,-0.05426699426699432
ChemSpacE adapted extreme-SVM,native_l2,cLogP,21,token_entropy,-0.05860829646495666,-0.7831768721507905,-0.0004908660488190948,-0.011133665728311658
ChemSpacE adapted extreme-SVM,native_l2,cLogP,22,selfies_len_tokens,0.04548955918242337,0.6688815821854427,0.019913419913419814,0.6181162981162976
ChemSpacE adapted extreme-SVM,native_l2,cLogP,22,branch_token_count,-0.036960266835718986,-0.6774387026398406,-0.0009523809523809525,-0.04253890253890257
ChemSpacE adapted extreme-SVM,native_l2,cLogP,22,ring_token_count,-0.030305421923751685,-0.6755454951053269,0.0001731601731601732,-0.02941850941850945
ChemSpacE adapted extreme-SVM,native_l2,cLogP,22,token_entropy,-0.053724271759543606,-0.7864435118677907,-0.0004162218992446178,-0.010925242380176448
ChemSpacE adapted extreme-SVM,native_l2,cLogP,23,selfies_len_tokens,0.04166995514515856,0.6745953607943489,0.021991341991341905,0.6805569205569201
ChemSpacE adapted extreme-SVM,native_l2,cLogP,23,branch_token_count,-0.0378817774046896,-0.6755454951053269,-0.0003463203463203464,-0.01998361998362
ChemSpacE adapted extreme-SVM,native_l2,cLogP,23,ring_token_count,-0.036960266835718986,-0.6641276263774438,-0.00043290043290043295,-0.01757575757575759
ChemSpacE adapted extreme-SVM,native_l2,cLogP,23,token_entropy,-0.053724271759543606,-0.7864435118677907,-0.00032267996044076775,-0.009082640611166403
ChemSpacE adapted extreme-SVM,native_l2,cLogP,24,selfies_len_tokens,0.0426464617335219,0.6736355379934416,0.022164502164502085,0.6899918099918095
ChemSpacE adapted extreme-SVM,native_l2,cLogP,24,branch_token_count,-0.004265614232487918,-0.6066235822967462,-0.00025974025974025974,-0.012694512694512706
ChemSpacE adapted extreme-SVM,native_l2,cLogP,24,ring_token_count,-0.031274071937916065,-0.6745863291550414,8.658008658008658e-05,-0.014922194922194931
ChemSpacE adapted extreme-SVM,native_l2,cLogP,24,token_entropy,-0.01216517748906199,-0.741881632670027,-0.00027548082632684407,-0.009238352565859115
ChemSpacE adapted extreme-SVM,native_l2,cLogP,25,selfies_len_tokens,0.043564044015393044,0.6717449578614151,0.018874458874458804,0.5954791154791153
ChemSpacE adapted extreme-SVM,native_l2,cLogP,25,branch_token_count,-0.03598768853445512,-0.6783958980382608,-0.0009523809523809525,-0.03962325962325965
ChemSpacE adapted extreme-SVM,native_l2,cLogP,25,ring_token_count,-0.03219951079398617,-0.6717449578614151,-0.00043290043290043306,-0.03713349713349717
ChemSpacE adapted extreme-SVM,native_l2,cLogP,25,token_entropy,-0.09824907979483294,-0.8133935011303534,-0.00039137310651463666,-0.01191561498179308
ChemSpacE adapted extreme-SVM,native_l2,cLogP,26,selfies_len_tokens,0.043564044015393044,0.6717449578614151,0.022164502164502085,0.6820966420966413
ChemSpacE adapted extreme-SVM,native_l2,cLogP,26,branch_token_count,-0.03598768853445512,-0.6783958980382608,-0.00025974025974025974,-0.020327600327600344
ChemSpacE adapted extreme-SVM,native_l2,cLogP,26,ring_token_count,-0.03598768853445512,-0.6650940176845692,-0.00025974025974025974,-0.020065520065520082
ChemSpacE adapted extreme-SVM,native_l2,cLogP,26,token_entropy,-0.005213647495312281,-0.7479840667812964,-0.0002293752122578224,-0.009691115739879509
ChemSpacE adapted extreme-SVM,native_l2,cLogP,27,selfies_len_tokens,0.0426464617335219,0.6736355379934416,0.019567099567099455,0.6212940212940209
ChemSpacE adapted extreme-SVM,native_l2,cLogP,27,branch_token_count,-0.04075106343425426,-0.6741109335742413,-0.001471861471861472,-0.04588042588042592
ChemSpacE adapted extreme-SVM,native_l2,cLogP,27,ring_token_count,-0.015996053371829688,-0.5659680335713911,0.0003463203463203463,-0.017067977067977084
ChemSpacE adapted extreme-SVM,native_l2,cLogP,27,token_entropy,-0.01216517748906199,-0.741881632670027,-0.0003221820661552052,-0.009626003973010683
ChemSpacE adapted extreme-SVM,native_l2,cLogP,28,selfies_len_tokens,0.04166995514515856,0.6745953607943489,0.021904761904761885,0.697968877968877
ChemSpacE adapted extreme-SVM,native_l2,cLogP,28,branch_token_count,0.004265614232487918,-0.6066235822967462,0.00025974025974025974,-0.012694512694512706
ChemSpacE adapted extreme-SVM,native_l2,cLogP,28,ring_token_count,0.028030595529069405,-0.494692417806554,0.00025974025974025974,-0.0061752661752661805
ChemSpacE adapted extreme-SVM,native_l2,cLogP,28,token_entropy,-0.052096263524405925,-0.7888934916555407,-0.00029471277073735765,-0.008361480529844317
ChemSpacE adapted extreme-SVM,native_l2,cLogP,29,selfies_len_tokens,0.048332656631324834,0.6631768352158439,0.027186147186147102,0.7458804258804255
ChemSpacE adapted extreme-SVM,native_l2,cLogP,29,branch_token_count,-0.003202015769753031,-0.6087617064775657,-8.658008658008658e-05,-0.012694512694512706
ChemSpacE adapted extreme-SVM,native_l2,cLogP,29,ring_token_count,0.003202015769753031,-0.6055492436465496,0.00025974025974025974,-0.01380835380835382
ChemSpacE adapted extreme-SVM,native_l2,cLogP,29,token_entropy,-0.053724271759543606,-0.7864435118677907,-0.00026650115142884395,-0.009904544825868014
ChemSpacE adapted extreme-SVM,native_l2,cLogP,30,selfies_len_tokens,0.043564044015393044,0.6717449578614151,0.021904761904761885,0.6523341523341518
ChemSpacE adapted extreme-SVM,native_l2,cLogP,30,branch_token_count,-0.03885566513498663,-0.6769633070590407,-0.0009523809523809525,-0.034905814905814944
ChemSpacE adapted extreme-SVM,native_l2,cLogP,30,ring_token_count,-0.04070020587844213,-0.7864435118677907,-0.0001731601731601731,-0.03832923832923836
ChemSpacE adapted extreme-SVM,native_l2,cLogP,30,token_entropy,-0.05046825528926824,-0.7864435118677907,-0.0002553731672687605,-0.0115859941438531
ChemSpacE adapted extreme-SVM,native_l2,cLogP,31,selfies_len_tokens,0.043564044015393044,0.6717449578614151,0.021818181818181796,0.6573955773955769
ChemSpacE adapted extreme-SVM,native_l2,cLogP,31,branch_token_count,-0.036960266835718986,-0.6774387026398406,-0.0007792207792207792,-0.04614250614250619
ChemSpacE adapted extreme-SVM,native_l2,cLogP,31,ring_token_count,-0.03598768853445512,-0.6650940176845692,-8.658008658008655e-05,-0.017149877149877167
ChemSpacE adapted extreme-SVM,native_l2,cLogP,31,token_entropy,-0.052096263524405925,-0.7888934916555407,-0.00036926714076175186,-0.010859738040509723
ChemSpacE adapted extreme-SVM,native_l2,cLogP,32,selfies_len_tokens,0.04166995514515856,0.6745953607943489,0.022424242424242357,0.7201801801801794
ChemSpacE adapted extreme-SVM,native_l2,cLogP,32,branch_token_count,-0.0034777875545071043,-0.7431856193131147,-0.0001731601731601732,-0.020409500409500424
ChemSpacE adapted extreme-SVM,native_l2,cLogP,32,ring_token_count,-0.006967752956288104,-0.7278843865382384,-0.0003463203463203463,-0.02014742014742017
ChemSpacE adapted extreme-SVM,native_l2,cLogP,32,token_entropy,-0.006951529993749708,-0.7453687378764667,-0.00016660159485509116,-0.010105370909109547
ChemSpacE adapted extreme-SVM,native_l2,cLogP,33,selfies_len_tokens,0.04166995514515856,0.6745953607943489,0.02493506493506483,0.7433251433251431
ChemSpacE adapted extreme-SVM,native_l2,cLogP,33,branch_token_count,0.0,-0.6039430122310415,0.0,-0.012350532350532366
ChemSpacE adapted extreme-SVM,native_l2,cLogP,33,ring_token_count,-0.034188172937891385,-0.6707500218907013,-2.2678392263569524e-20,-0.008746928746928758
ChemSpacE adapted extreme-SVM,native_l2,cLogP,33,token_entropy,-0.053724271759543606,-0.7864435118677907,-0.0003584539688954691,-0.00974570631124661
ChemSpacE adapted extreme-SVM,native_l2,cLogP,34,selfies_len_tokens,0.06931623127792866,0.5584788535430362,0.02683982683982681,0.4411138411138404
ChemSpacE adapted extreme-SVM,native_l2,cLogP,34,branch_token_count,-0.04166995514515856,-0.6745953607943489,-0.0013852813852813853,-0.04511056511056514
ChemSpacE adapted extreme-SVM,native_l2,cLogP,34,ring_token_count,-0.030305421923751685,-0.6755454951053269,0.0,-0.03636363636363639
ChemSpacE adapted extreme-SVM,native_l2,cLogP,34,token_entropy,-0.05860829646495666,-0.7831768721507905,-0.00043815939727048976,-0.011331856002472841
ChemSpacE adapted extreme-SVM,native_l2,cLogP,35,selfies_len_tokens,0.047352221755862,0.6650940176845692,0.019826839826839724,0.606109746109746
ChemSpacE adapted extreme-SVM,native_l2,cLogP,35,branch_token_count,-0.03598768853445512,-0.6783958980382608,-0.001038961038961039,-0.042194922194922234
ChemSpacE adapted extreme-SVM,native_l2,cLogP,35,ring_token_count,-0.030305421923751685,-0.6755454951053269,0.0002597402597402598,-0.031990171990172026
ChemSpacE adapted extreme-SVM,native_l2,cLogP,35,token_entropy,-0.005213647495312281,-0.7479840667812964,-0.0002604407928335292,-0.010917218140950613
ChemSpacE adapted extreme-SVM,native_l2,cLogP,36,selfies_len_tokens,0.043564044015393044,0.6717449578614151,0.021471861471861434,0.6479606879606872
ChemSpacE adapted extreme-SVM,native_l2,cLogP,36,branch_token_count,-0.039830919403382604,-0.6760047819305053,-0.0007792207792207792,-0.0272727272727273
ChemSpacE adapted extreme-SVM,native_l2,cLogP,36,ring_token_count,-0.07738077308778307,-0.7091665592741342,-0.0016450216450216448,-0.04132678132678135
ChemSpacE adapted extreme-SVM,native_l2,cLogP,36,token_entropy,-0.05860829646495666,-0.7831768721507905,-0.0004308555678402698,-0.011181550474780193
ChemSpacE adapted extreme-SVM,native_l2,cLogP,37,selfies_len_tokens,0.047352221755862,0.6650940176845692,0.021385281385281344,0.6305487305487301
ChemSpacE adapted extreme-SVM,native_l2,cLogP,37,branch_token_count,-0.036960266835718986,-0.6774387026398406,-0.0006926406926406926,-0.028730548730548748
ChemSpacE adapted extreme-SVM,native_l2,cLogP,37,ring_token_count,-0.03219951079398617,-0.6717449578614151,8.658008658008665e-05,-0.0290745290745291
ChemSpacE adapted extreme-SVM,native_l2,cLogP,37,token_entropy,-0.0842873011742152,-0.7148565673201202,-0.000328827473091876,-0.00975157528829941
ChemSpacE adapted extreme-SVM,native_l2,cLogP,38,selfies_len_tokens,0.04166995514515856,0.6745953607943489,0.021038961038960986,0.6514823914823913
ChemSpacE adapted extreme-SVM,native_l2,cLogP,38,branch_token_count,-0.03598768853445512,-0.6783958980382608,-0.00025974025974025974,-0.02504504504504506
ChemSpacE adapted extreme-SVM,native_l2,cLogP,38,ring_token_count,-0.03598768853445512,-0.6650940176845692,-0.0008658008658008659,-0.034299754299754334
ChemSpacE adapted extreme-SVM,native_l2,cLogP,38,token_entropy,-0.053724271759543606,-0.7864435118677907,-0.00040583991481886364,-0.011006781442105219
ChemSpacE adapted extreme-SVM,native_l2,cLogP,39,selfies_len_tokens,0.04166995514515856,0.6745953607943489,0.021904761904761885,0.7103194103194097
ChemSpacE adapted extreme-SVM,native_l2,cLogP,39,branch_token_count,-0.036960266835718986,-0.6774387026398406,-0.00025974025974025974,-0.018525798525798543
ChemSpacE adapted extreme-SVM,native_l2,cLogP,39,ring_token_count,-0.0426464617335219,-0.6603244617310446,-0.0009523809523809525,-0.02160524160524162
ChemSpacE adapted extreme-SVM,native_l2,cLogP,39,token_entropy,-0.006951529993749708,-0.7453687378764667,-0.0002384395039930221,-0.008979668022165236
ChemSpacE adapted extreme-SVM,native_l2,cLogP,40,selfies_len_tokens,0.04166995514515856,0.6745953607943489,0.021731601731601706,0.6903357903357903
ChemSpacE adapted extreme-SVM,native_l2,cLogP,40,branch_token_count,-0.036960266835718986,-0.6774387026398406,-0.00025974025974025974,-0.02324324324324326
ChemSpacE adapted extreme-SVM,native_l2,cLogP,40,ring_token_count,-0.04166995514515856,-0.6612934804406575,-0.0008658008658008661,-0.024864864864864885
ChemSpacE adapted extreme-SVM,native_l2,cLogP,40,token_entropy,-0.006951529993749708,-0.7453687378764667,-0.0002001485985492415,-0.009304681480300375
ChemSpacE adapted extreme-SVM,native_l2,cLogP,41,selfies_len_tokens,0.043564044015393044,0.6717449578614151,0.020952380952380896,0.6392137592137591
ChemSpacE adapted extreme-SVM,native_l2,cLogP,41,branch_token_count,-0.043564044015393044,-0.6717449578614151,-0.0014718614718614716,-0.040049140049140085
ChemSpacE adapted extreme-SVM,native_l2,cLogP,41,ring_token_count,-0.03219951079398617,-0.6717449578614151,0.00017316017316017324,-0.021097461097461117
ChemSpacE adapted extreme-SVM,native_l2,cLogP,41,token_entropy,-0.05698028822981897,-0.7856268519385406,-0.0004146978282099593,-0.010284700698518412
ChemSpacE adapted extreme-SVM,native_l2,cLogP,42,selfies_len_tokens,0.043564044015393044,0.6717449578614151,0.021212121212121095,0.6337264537264531
ChemSpacE adapted extreme-SVM,native_l2,cLogP,42,branch_token_count,-0.04166995514515856,-0.6745953607943489,-0.001038961038961039,-0.03456183456183458
ChemSpacE adapted extreme-SVM,native_l2,cLogP,42,ring_token_count,-0.08085856064229018,-0.702624432343561,-0.0007792207792207792,-0.029238329238329266
ChemSpacE adapted extreme-SVM,native_l2,cLogP,42,token_entropy,-0.05698028822981897,-0.7856268519385406,-0.0004181930361353254,-0.010638554435438787
ChemSpacE adapted extreme-SVM,native_l2,cLogP,43,selfies_len_tokens,0.04166995514515856,0.6745953607943489,0.021558441558441523,0.6797870597870593
ChemSpacE adapted extreme-SVM,native_l2,cLogP,43,branch_token_count,-0.003202015769753031,-0.6055492436465496,-8.658008658008655e-05,-0.02504504504504506
ChemSpacE adapted extreme-SVM,native_l2,cLogP,43,ring_token_count,-0.0426464617335219,-0.6603244617310446,-0.0006926406926406927,-0.017919737919737933
ChemSpacE adapted extreme-SVM,native_l2,cLogP,43,token_entropy,-0.08081153617734035,-0.7157283436217301,-0.00037737873965066146,-0.010329656886964238
ChemSpacE adapted extreme-SVM,native_l2,cLogP,44,selfies_len_tokens,0.048332656631324834,0.6636522307966437,0.020259740259740176,0.5752334152334151
ChemSpacE adapted extreme-SVM,native_l2,cLogP,44,branch_token_count,-0.0842873011742152,-0.7148565673201202,-0.0023376623376623377,-0.06337428337428344
ChemSpacE adapted extreme-SVM,native_l2,cLogP,44,ring_token_count,-0.030305421923751685,-0.6755454951053269,0.0005194805194805195,-0.027616707616707644
ChemSpacE adapted extreme-SVM,native_l2,cLogP,44,token_entropy,-0.05860829646495666,-0.7831768721507905,-0.0004776046255646575,-0.010910107544763632
ChemSpacE adapted extreme-SVM,native_l2,cLogP,45,selfies_len_tokens,0.043564044015393044,0.6717449578614151,0.021038961038960986,0.6330384930384925
ChemSpacE adapted extreme-SVM,native_l2,cLogP,45,branch_token_count,-0.043564044015393044,-0.6717449578614151,-0.001038961038961039,-0.029844389844389863
ChemSpacE adapted extreme-SVM,native_l2,cLogP,45,ring_token_count,-0.030305421923751685,-0.6755454951053269,8.65800865800866e-05,-0.0290745290745291
ChemSpacE adapted extreme-SVM,native_l2,cLogP,45,token_entropy,-0.0842873011742152,-0.7148565673201202,-0.0003308007052564701,-0.010330188230372937
ChemSpacE adapted extreme-SVM,native_l2,cLogP,46,selfies_len_tokens,0.043564044015393044,0.6717449578614151,0.019826839826839724,0.6285831285831284
ChemSpacE adapted extreme-SVM,native_l2,cLogP,46,branch_token_count,-0.036960266835718986,-0.6774387026398406,-0.0007792207792207792,-0.04142506142506146
ChemSpacE adapted extreme-SVM,native_l2,cLogP,46,ring_token_count,-0.03219951079398617,-0.6717449578614151,-0.00025974025974025974,-0.020753480753480776
ChemSpacE adapted extreme-SVM,native_l2,cLogP,46,token_entropy,-0.01216517748906199,-0.741881632670027,-0.0003050326211039019,-0.010084264089945503
ChemSpacE adapted extreme-SVM,native_l2,cLogP,47,selfies_len_tokens,0.047352221755862,0.6650940176845692,0.021212121212121165,0.6170843570843566
ChemSpacE adapted extreme-SVM,native_l2,cLogP,47,branch_token_count,-0.03885566513498663,-0.6769633070590407,-0.0012987012987012987,-0.046568386568386605
ChemSpacE adapted extreme-SVM,native_l2,cLogP,47,ring_token_count,-0.031274071937916065,-0.6741109335742413,0.0002597402597402597,-0.027272727272727303
ChemSpacE adapted extreme-SVM,native_l2,cLogP,47,token_entropy,-0.05698028822981897,-0.7856268519385406,-0.0004269786243490457,-0.011625123208638939
ChemSpacE adapted extreme-SVM,native_l2,cLogP,48,selfies_len_tokens,0.043564044015393044,0.6717449578614151,0.021731601731601706,0.6552497952497952
ChemSpacE adapted extreme-SVM,native_l2,cLogP,48,branch_token_count,-0.03411716938681752,-0.6788648893822403,-0.0001731601731601732,-0.021785421785421796
ChemSpacE adapted extreme-SVM,native_l2,cLogP,48,ring_token_count,-0.03411716938681752,-0.6688815821854427,-0.00043290043290043295,-0.027698607698607727
ChemSpacE adapted extreme-SVM,native_l2,cLogP,48,token_entropy,-0.05860829646495666,-0.7831768721507905,-0.0003566189965586659,-0.009534687201798606
ChemSpacE adapted extreme-SVM,native_l2,cLogP,49,selfies_len_tokens,0.043564044015393044,0.6717449578614151,0.020606060606060465,0.6412776412776409
ChemSpacE adapted extreme-SVM,native_l2,cLogP,49,branch_token_count,-0.03411716938681752,-0.6788648893822403,-0.0003463203463203464,-0.024701064701064722
ChemSpacE adapted extreme-SVM,native_l2,cLogP,49,ring_token_count,-0.03598768853445512,-0.6650940176845692,-0.0005194805194805195,-0.028468468468468497
ChemSpacE adapted extreme-SVM,native_l2,cLogP,49,token_entropy,-0.01216517748906199,-0.741881632670027,-0.0002818409841346585,-0.009630178329464922
ChemSpacE adapted extreme-SVM,train_std_unit,cLogP,0,selfies_len_tokens,0.1322881310623341,0.7722581427716617,0.06952380952380954,0.8726453726453727
ChemSpacE adapted extreme-SVM,train_std_unit,cLogP,0,branch_token_count,-0.05860829646495666,-0.7831768721507905,-0.0018181818181818182,-0.044668304668304695
ChemSpacE adapted extreme-SVM,train_std_unit,cLogP,0,ring_token_count,-0.014867936649195015,-0.8353209504446201,0.0015584415584415589,-0.04353808353808358
ChemSpacE adapted extreme-SVM,train_std_unit,cLogP,0,token_entropy,-0.0813599481618303,-0.9112490475706168,-0.0007443047212001696,-0.015258716134904038
ChemSpacE adapted extreme-SVM,train_std_unit,cLogP,1,selfies_len_tokens,0.13241022442571243,0.77258245935932,0.07679653679653677,0.9734479934479933
ChemSpacE adapted extreme-SVM,train_std_unit,cLogP,1,branch_token_count,-0.05136093333609991,-0.7774261127431649,-0.0007792207792207792,-0.023832923832923854
ChemSpacE adapted extreme-SVM,train_std_unit,cLogP,1,ring_token_count,0.017834280699304025,-0.8234424827464715,0.001038961038961039,-0.021687141687141708
ChemSpacE adapted extreme-SVM,train_std_unit,cLogP,1,token_entropy,-0.11441632535334915,-0.8757221148640577,-0.0007862189667962214,-0.013813991529220025
ChemSpacE adapted extreme-SVM,train_std_unit,cLogP,2,selfies_len_tokens,0.12002096366073348,0.795888114241954,0.08017316017316017,1.0645700245700245
ChemSpacE adapted extreme-SVM,train_std_unit,cLogP,2,branch_token_count,-0.08303358364073583,-0.71334952929258,-0.0006060606060606062,-0.012432432432432442
ChemSpacE adapted extreme-SVM,train_std_unit,cLogP,2,ring_token_count,-0.11114026933761921,-0.7458217199838686,-0.002251082251082251,-0.024668304668304688
ChemSpacE adapted extreme-SVM,train_std_unit,cLogP,2,token_entropy,-0.13600431126907542,-0.8620051155380749,-0.0008676239284464473,-0.01251117841062034
ChemSpacE adapted extreme-SVM,train_std_unit,cLogP,3,selfies_len_tokens,0.07488837881633352,0.7586770742732892,0.03506493506493502,0.8284193284193282
ChemSpacE adapted extreme-SVM,train_std_unit,cLogP,3,branch_token_count,-0.005417800868704502,-0.8390047405889457,-0.0008658008658008657,-0.06781326781326787
ChemSpacE adapted extreme-SVM,train_std_unit,cLogP,3,ring_token_count,-0.011899413977588239,-0.824857605375137,0.0011255411255411255,-0.032907452907452936
ChemSpacE adapted extreme-SVM,train_std_unit,cLogP,3,token_entropy,-0.12713350455764913,-0.9211055384444607,-0.0007655930761617204,-0.015754168656062915
ChemSpacE adapted extreme-SVM,train_std_unit,cLogP,4,selfies_len_tokens,0.06922567823154503,0.7692779122954705,0.03480519480519468,0.841539721539721
ChemSpacE adapted extreme-SVM,train_std_unit,cLogP,4,branch_token_count,-0.03911212836158765,-0.7929696973798025,-0.0007792207792207792,-0.048271908271908304
ChemSpacE adapted extreme-SVM,train_std_unit,cLogP,4,ring_token_count,-0.039400032120366794,-0.8401687952463076,-0.0004329004329004328,-0.03985257985257989
ChemSpacE adapted extreme-SVM,train_std_unit,cLogP,4,token_entropy,-0.07430806951575705,-0.8580763798083418,-0.0005822916402792254,-0.014190739201457855
ChemSpacE adapted extreme-SVM,train_std_unit,cLogP,5,selfies_len_tokens,0.1034040086570269,0.6860879493669932,0.04484848484848478,0.6573628173628168
ChemSpacE adapted extreme-SVM,train_std_unit,cLogP,5,branch_token_count,-0.09906835874202519,-0.8126038510192797,-0.0034632034632034636,-0.07380835380835386
ChemSpacE adapted extreme-SVM,train_std_unit,cLogP,5,ring_token_count,-0.037185668679963244,-0.8561954791207324,0.0008658008658008657,-0.057952497952497996
ChemSpacE adapted extreme-SVM,train_std_unit,cLogP,5,token_entropy,-0.12880831596383333,-0.869946536200486,-0.0010368334578999743,-0.015919895206904733
ChemSpacE adapted extreme-SVM,train_std_unit,cLogP,6,selfies_len_tokens,0.06837634587578277,0.7709269732120398,0.031428571428571306,0.7998853398853398
ChemSpacE adapted extreme-SVM,train_std_unit,cLogP,6,branch_token_count,-0.048050764890131256,-0.7884792197186713,-0.0007792207792207792,-0.037985257985258016
ChemSpacE adapted extreme-SVM,train_std_unit,cLogP,6,ring_token_count,-0.023618172573115367,-0.7762230660442878,0.0007792207792207792,-0.03300573300573303
ChemSpacE adapted extreme-SVM,train_std_unit,cLogP,6,token_entropy,-0.11729472347544598,-0.8757221148640577,-0.000683771181442531,-0.014695620879978886
ChemSpacE adapted extreme-SVM,train_std_unit,cLogP,7,selfies_len_tokens,0.12460941998020356,0.7862029614496135,0.07740259740259736,1.0368877968877968
ChemSpacE adapted extreme-SVM,train_std_unit,cLogP,7,branch_token_count,-0.0793117752102784,-0.8109174342147141,-0.00043290043290043295,-0.020917280917280935
ChemSpacE adapted extreme-SVM,train_std_unit,cLogP,7,ring_token_count,-0.05473580474135414,-0.8041572795158558,-0.0006060606060606061,-0.021932841932841955
ChemSpacE adapted extreme-SVM,train_std_unit,cLogP,7,token_entropy,-0.12161232065859125,-0.8728343255322719,-0.0009288422018337349,-0.013759347317692485
ChemSpacE adapted extreme-SVM,train_std_unit,cLogP,8,selfies_len_tokens,0.1369298198715388,0.769153587423836,0.07220779220779217,0.8752825552825549
ChemSpacE adapted extreme-SVM,train_std_unit,cLogP,8,branch_token_count,-0.09688059683264395,-0.8125642819887452,-0.0017316017316017318,-0.045438165438165486
ChemSpacE adapted extreme-SVM,train_std_unit,cLogP,8,ring_token_count,-0.13249388540861282,-0.8035312103657268,-0.002251082251082251,-0.04910728910728914
ChemSpacE adapted extreme-SVM,train_std_unit,cLogP,8,token_entropy,-0.1417611075132691,-0.8562295368745032,-0.0011875511437890662,-0.013856371045874703
ChemSpacE adapted extreme-SVM,train_std_unit,cLogP,9,selfies_len_tokens,0.1146006620760552,0.8001608176371036,0.07627705627705626,1.0278951678951678
ChemSpacE adapted extreme-SVM,train_std_unit,cLogP,9,branch_token_count,-0.044838910055325316,-0.7888768918893029,-0.0005194805194805195,-0.022637182637182653
ChemSpacE adapted extreme-SVM,train_std_unit,cLogP,9,ring_token_count,-0.10652660003733472,-0.7492892694210995,-0.0008658008658008659,-0.012678132678132685
ChemSpacE adapted extreme-SVM,train_std_unit,cLogP,9,token_entropy,-0.0653911011738662,-0.8632949155673848,-0.0006283930896595464,-0.013140489452603028
ChemSpacE adapted extreme-SVM,train_std_unit,cLogP,10,selfies_len_tokens,0.07248335720714716,0.7635583739140916,0.032207792207792046,0.7820475020475018
ChemSpacE adapted extreme-SVM,train_std_unit,cLogP,10,branch_token_count,-0.06271032028034079,-0.7762230660442878,-0.0030303030303030303,-0.056756756756756795
ChemSpacE adapted extreme-SVM,train_std_unit,cLogP,10,ring_token_count,-0.1037121880580576,-0.7438838884629431,-0.002251082251082251,-0.035806715806715836
ChemSpacE adapted extreme-SVM,train_std_unit,cLogP,10,token_entropy,-0.1201731215975428,-0.8750001675311112,-0.00090369209075187,-0.015518235075629331
ChemSpacE adapted extreme-SVM,train_std_unit,cLogP,11,selfies_len_tokens,0.05698028822981897,0.7856268519385406,0.03575757575757574,0.9528419328419326
ChemSpacE adapted extreme-SVM,train_std_unit,cLogP,11,branch_token_count,-0.05157251377189249,-0.7863776807633303,-0.0006060606060606061,-0.019377559377559393
ChemSpacE adapted extreme-SVM,train_std_unit,cLogP,11,ring_token_count,-0.02936413631620661,-0.7667768043819098,0.00025974025974025974,-0.019115479115479138
ChemSpacE adapted extreme-SVM,train_std_unit,cLogP,11,token_entropy,-0.07728039229638733,-0.8528578440492989,-0.0007193612975638662,-0.012253989021481695
ChemSpacE adapted extreme-SVM,train_std_unit,cLogP,12,selfies_len_tokens,0.06922567823154503,0.7696864507512833,0.031774891774891734,0.7980835380835378
ChemSpacE adapted extreme-SVM,train_std_unit,cLogP,12,branch_token_count,-0.09984233029469726,-0.8106626091391571,-0.002770562770562771,-0.05323505323505329
ChemSpacE adapted extreme-SVM,train_std_unit,cLogP,12,ring_token_count,-0.13024751502488174,-0.805693223568251,-0.004761904761904762,-0.06330876330876337
ChemSpacE adapted extreme-SVM,train_std_unit,cLogP,12,token_entropy,-0.12161232065859125,-0.8721123781993254,-0.0008417850341085517,-0.014073103303617633
ChemSpacE adapted extreme-SVM,train_std_unit,cLogP,13,selfies_len_tokens,0.1045343877045098,0.8052103761950078,0.07567099567099556,1.0465847665847667
ChemSpacE adapted extreme-SVM,train_std_unit,cLogP,13,branch_token_count,0.0,-0.833921361161415,0.0,-0.023914823914823934
ChemSpacE adapted extreme-SVM,train_std_unit,cLogP,13,ring_token_count,0.054818680172085,-0.7186618116623493,0.0007792207792207792,-0.010368550368550378
ChemSpacE adapted extreme-SVM,train_std_unit,cLogP,13,token_entropy,-0.0764792710271375,-0.9059629426248327,-0.0005066585460377912,-0.01315795173659601
ChemSpacE adapted extreme-SVM,train_std_unit,cLogP,14,selfies_len_tokens,0.12151353376951526,0.7931914322180545,0.07099567099567097,0.9246846846846845
ChemSpacE adapted extreme-SVM,train_std_unit,cLogP,14,branch_token_count,-0.03990656745112596,-0.7888877581744842,-0.0003463203463203463,-0.026666666666666686
ChemSpacE adapted extreme-SVM,train_std_unit,cLogP,14,ring_token_count,0.01860107459186764,-0.8242278841225549,0.0012987012987012987,-0.03454545454545458
ChemSpacE adapted extreme-SVM,train_std_unit,cLogP,14,token_entropy,-0.13812883468155396,-0.916279386671174,-0.0008137128791121981,-0.014850878462768705
ChemSpacE adapted extreme-SVM,train_std_unit,cLogP,15,selfies_len_tokens,0.06688497716469284,0.7749601213977253,0.038095238095238036,0.9066994266994267
ChemSpacE adapted extreme-SVM,train_std_unit,cLogP,15,branch_token_count,-0.047260488436918414,-0.7786635430456307,-0.0005194805194805195,-0.023063063063063084
ChemSpacE adapted extreme-SVM,train_std_unit,cLogP,15,ring_token_count,-0.09330797083562163,-0.7664515431610933,-0.0016450216450216448,-0.028877968877968896
ChemSpacE adapted extreme-SVM,train_std_unit,cLogP,15,token_entropy,-0.07728039229638733,-0.8528578440492989,-0.0007351604603578829,-0.013534638780508267
ChemSpacE adapted extreme-SVM,train_std_unit,cLogP,16,selfies_len_tokens,0.06922567823154503,0.7696864507512833,0.03558441558441556,0.8453235053235051
ChemSpacE adapted extreme-SVM,train_std_unit,cLogP,16,branch_token_count,-0.06035961353886914,-0.7757784530993069,-0.0013852813852813855,-0.032923832923832955
ChemSpacE adapted extreme-SVM,train_std_unit,cLogP,16,ring_token_count,-0.11454778979546662,-0.7403896530787225,-0.0038095238095238095,-0.052776412776412825
ChemSpacE adapted extreme-SVM,train_std_unit,cLogP,16,token_entropy,-0.12161232065859125,-0.8728343255322719,-0.0006631315799069525,-0.015287684288115699
ChemSpacE adapted extreme-SVM,train_std_unit,cLogP,17,selfies_len_tokens,0.0964524786632772,0.6991645938911418,0.04103896103896103,0.6149385749385743
ChemSpacE adapted extreme-SVM,train_std_unit,cLogP,17,branch_token_count,-0.08595049655704141,-0.817251631217702,-0.0016450216450216448,-0.07330057330057335
ChemSpacE adapted extreme-SVM,train_std_unit,cLogP,17,ring_token_count,0.0061889184122729405,-0.8343492497281773,0.00043290043290043306,-0.05161343161343165
ChemSpacE adapted extreme-SVM,train_std_unit,cLogP,17,token_entropy,-0.13312591314697855,-0.8670587468687001,-0.0010288118139111975,-0.015368602724799061
ChemSpacE adapted extreme-SVM,train_std_unit,cLogP,18,selfies_len_tokens,0.07488837881633352,0.7586770742732892,0.033766233766233666,0.8193284193284189
ChemSpacE adapted extreme-SVM,train_std_unit,cLogP,18,branch_token_count,-0.07341034079051652,-0.7618668141724206,-0.0030303030303030303,-0.051777231777231814
ChemSpacE adapted extreme-SVM,train_std_unit,cLogP,18,ring_token_count,-0.021558508141332776,-0.8457624623251779,0.001471861471861472,-0.041916461916461964
ChemSpacE adapted extreme-SVM,train_std_unit,cLogP,18,token_entropy,-0.025905583098871504,-0.896658587519505,-0.0006181325209542498,-0.016126318587731996
ChemSpacE adapted extreme-SVM,train_std_unit,cLogP,19,selfies_len_tokens,0.06922567823154503,0.7692779122954705,0.03549783549783547,0.83040131040131
ChemSpacE adapted extreme-SVM,train_std_unit,cLogP,19,branch_token_count,-0.04241486356785399,-0.7913267554293562,-0.0006926406926406927,-0.03986895986895991
ChemSpacE adapted extreme-SVM,train_std_unit,cLogP,19,ring_token_count,-0.04313537566875737,-0.8509725001631332,2.721407071628343e-19,-0.06994266994267001
ChemSpacE adapted extreme-SVM,train_std_unit,cLogP,19,token_entropy,-0.11729472347544598,-0.8757221148640577,-0.0006705575306820837,-0.016305785954624417
ChemSpacE adapted extreme-SVM,train_std_unit,cLogP,20,selfies_len_tokens,0.1034040086570269,0.6860879493669932,0.04372294372294368,0.6433906633906633
ChemSpacE adapted extreme-SVM,train_std_unit,cLogP,20,branch_token_count,-0.10216424495271348,-0.8098861123871082,-0.0038095238095238095,-0.07269451269451276
ChemSpacE adapted extreme-SVM,train_std_unit,cLogP,20,ring_token_count,-0.026101454503294767,-0.7725051262929807,0.0016450216450216455,-0.03257985257985262
ChemSpacE adapted extreme-SVM,train_std_unit,cLogP,20,token_entropy,-0.12166083943995847,-0.875349259971703,-0.0007918505221385405,-0.014425625288335162
ChemSpacE adapted extreme-SVM,train_std_unit,cLogP,21,selfies_len_tokens,0.1611728152786308,0.696610919650286,0.08441558441558444,0.752153972153972
ChemSpacE adapted extreme-SVM,train_std_unit,cLogP,21,branch_token_count,-0.09674644408400897,-0.8137685961473531,-0.0017316017316017318,-0.04252252252252257
ChemSpacE adapted extreme-SVM,train_std_unit,cLogP,21,ring_token_count,-0.13416687091360985,-0.804732941054755,-0.005194805194805195,-0.06604422604422609
ChemSpacE adapted extreme-SVM,train_std_unit,cLogP,21,token_entropy,-0.2033998704045757,-0.8528446684599131,-0.00125125407257017,-0.014320561090930127
ChemSpacE adapted extreme-SVM,train_std_unit,cLogP,22,selfies_len_tokens,0.10687977365390175,0.6791137389541141,0.0496103896103896,0.7037346437346436
ChemSpacE adapted extreme-SVM,train_std_unit,cLogP,22,branch_token_count,-0.09132864321530447,-0.8157098380274757,-0.0019913419913419913,-0.05384111384111388
ChemSpacE adapted extreme-SVM,train_std_unit,cLogP,22,ring_token_count,-0.07120538284583061,-0.8017328964905936,0.0,-0.05212121212121215
ChemSpacE adapted extreme-SVM,train_std_unit,cLogP,22,token_entropy,-0.1865667776814384,-0.8690290144785419,-0.001104585020118666,-0.014330058084844272
ChemSpacE adapted extreme-SVM,train_std_unit,cLogP,23,selfies_len_tokens,0.06678241899984345,0.7741803737652239,0.039653679653679656,0.9102047502047503
ChemSpacE adapted extreme-SVM,train_std_unit,cLogP,23,branch_token_count,-0.04241486356785399,-0.7855984335182854,-0.0003463203463203464,-0.028894348894348925
ChemSpacE adapted extreme-SVM,train_std_unit,cLogP,23,ring_token_count,-0.09044679683617145,-0.6478644177046324,-0.0006060606060606061,-0.01567567567567569
ChemSpacE adapted extreme-SVM,train_std_unit,cLogP,23,token_entropy,-0.13600431126907542,-0.8612831682051285,-0.0008263728868987757,-0.012448483301834037
ChemSpacE adapted extreme-SVM,train_std_unit,cLogP,24,selfies_len_tokens,0.06922567823154503,0.7692779122954705,0.03800865800865794,0.922047502047502
ChemSpacE adapted extreme-SVM,train_std_unit,cLogP,24,branch_token_count,-0.046517052398407234,-0.7843636987598894,-0.0005194805194805195,-0.02083538083538086
ChemSpacE adapted extreme-SVM,train_std_unit,cLogP,24,ring_token_count,-0.02607475224105843,-0.7786635430456307,0.0003463203463203463,-0.01903357903357905
ChemSpacE adapted extreme-SVM,train_std_unit,cLogP,24,token_entropy,-0.07728039229638733,-0.8528578440492989,-0.0007968283635247453,-0.012908717610775852
ChemSpacE adapted extreme-SVM,train_std_unit,cLogP,25,selfies_len_tokens,0.10085583908070603,0.6912847456639006,0.04709956709956705,0.6895986895986889
ChemSpacE adapted extreme-SVM,train_std_unit,cLogP,25,branch_token_count,-0.047260488436918414,-0.7901084665129682,-0.0015584415584415584,-0.05598689598689604
ChemSpacE adapted extreme-SVM,train_std_unit,cLogP,25,ring_token_count,-0.047577397277424056,-0.8412875286620818,-0.000606060606060606,-0.053480753480753526
ChemSpacE adapted extreme-SVM,train_std_unit,cLogP,25,token_entropy,-0.15187299733643495,-0.9107637846445603,-0.0011030609085982252,-0.015154164566502351
ChemSpacE adapted extreme-SVM,train_std_unit,cLogP,26,selfies_len_tokens,0.06837634587578277,0.7701103132827899,0.03800865800865794,0.8844062244062242
ChemSpacE adapted extreme-SVM,train_std_unit,cLogP,26,branch_token_count,-0.03990656745112596,-0.7888877581744842,-0.0003463203463203464,-0.03138411138411141
ChemSpacE adapted extreme-SVM,train_std_unit,cLogP,26,ring_token_count,-0.05057250940475002,-0.8278421647794794,-8.658008658008646e-05,-0.03179361179361183
ChemSpacE adapted extreme-SVM,train_std_unit,cLogP,26,token_entropy,-0.06836342395449649,-0.8632949155673848,-0.0005238741619674383,-0.013602733821547088
ChemSpacE adapted extreme-SVM,train_std_unit,cLogP,27,selfies_len_tokens,0.0782242567231753,0.7525037179774312,0.033939393939393915,0.8191646191646189
ChemSpacE adapted extreme-SVM,train_std_unit,cLogP,27,branch_token_count,-0.11232954802342668,-0.7978102430784864,-0.003722943722943723,-0.058460278460278514
ChemSpacE adapted extreme-SVM,train_std_unit,cLogP,27,ring_token_count,-0.0720125781964401,-0.8005492452184809,0.00043290043290043285,-0.03300573300573303
ChemSpacE adapted extreme-SVM,train_std_unit,cLogP,27,token_entropy,-0.08768352202859332,-0.8386932469890395,-0.0008207631692261605,-0.013610112515211107
ChemSpacE adapted extreme-SVM,train_std_unit,cLogP,28,selfies_len_tokens,0.05698028822981897,0.7856268519385406,0.03515151515151511,0.9441769041769043
ChemSpacE adapted extreme-SVM,train_std_unit,cLogP,28,branch_token_count,0.008740377225340611,-0.7431637689925773,0.00017316017316017316,-0.019721539721539737
ChemSpacE adapted extreme-SVM,train_std_unit,cLogP,28,ring_token_count,0.003483876478144052,-0.7208939002329491,0.00017316017316017316,-0.010286650286650292
ChemSpacE adapted extreme-SVM,train_std_unit,cLogP,28,token_entropy,-0.13744351033012384,-0.8591173262062891,-0.0008150521160554409,-0.01152296460086508
ChemSpacE adapted extreme-SVM,train_std_unit,cLogP,29,selfies_len_tokens,0.1045343877045098,0.8052103761950078,0.07445887445887436,1.019328419328419
ChemSpacE adapted extreme-SVM,train_std_unit,cLogP,29,branch_token_count,-0.04745497686538703,-0.7753010635238023,-0.0006926406926406927,-0.02348894348894351
ChemSpacE adapted extreme-SVM,train_std_unit,cLogP,29,ring_token_count,-0.031684445259286674,-0.8397282597737442,0.0005194805194805195,-0.022964782964782982
ChemSpacE adapted extreme-SVM,train_std_unit,cLogP,29,token_entropy,-0.08837373679647083,-0.9035087081704031,-0.00075254483843884,-0.01386793507019216
ChemSpacE adapted extreme-SVM,train_std_unit,cLogP,30,selfies_len_tokens,0.1269313346382198,0.7830969744414176,0.07099567099567097,0.8886814086814088
ChemSpacE adapted extreme-SVM,train_std_unit,cLogP,30,branch_token_count,-0.05949706988794119,-0.8621645979294172,-0.002077922077922078,-0.0572645372645373
ChemSpacE adapted extreme-SVM,train_std_unit,cLogP,30,ring_token_count,-0.09578315013681007,-0.8572744152491557,-0.0011255411255411255,-0.05407043407043412
ChemSpacE adapted extreme-SVM,train_std_unit,cLogP,30,token_entropy,-0.0813599481618303,-0.9063233770432082,-0.000725426075392172,-0.01584881305523345
ChemSpacE adapted extreme-SVM,train_std_unit,cLogP,31,selfies_len_tokens,0.1474099736459959,0.7173935284072471,0.08484848484848476,0.8003603603603602
ChemSpacE adapted extreme-SVM,train_std_unit,cLogP,31,branch_token_count,-0.06704852344015112,-0.8602737620997286,-0.002251082251082251,-0.06558558558558562
ChemSpacE adapted extreme-SVM,train_std_unit,cLogP,31,ring_token_count,-0.0959724725313369,-0.7535900978635556,-0.0003463203463203462,-0.0300737100737101
ChemSpacE adapted extreme-SVM,train_std_unit,cLogP,31,token_entropy,-0.1009985563388238,-0.9049160426068056,-0.0009600119104961383,-0.01401933690642486
ChemSpacE adapted extreme-SVM,train_std_unit,cLogP,32,selfies_len_tokens,0.048890160451984556,0.7868384883794431,0.03731601731601729,0.9841277641277638
ChemSpacE adapted extreme-SVM,train_std_unit,cLogP,32,branch_token_count,-0.01651445647689541,-0.8256554800142492,-0.00025974025974025974,-0.0246846846846847
ChemSpacE adapted extreme-SVM,train_std_unit,cLogP,32,ring_token_count,-0.06295641776582434,-0.7665890256175434,-0.001038961038961039,-0.02398034398034401
ChemSpacE adapted extreme-SVM,train_std_unit,cLogP,32,token_entropy,-0.06390493978355107,-0.8610584002420805,-0.0005469676580241578,-0.013905337272907822
ChemSpacE adapted extreme-SVM,train_std_unit,cLogP,33,selfies_len_tokens,0.11836306463472,0.7862286418368778,0.07766233766233763,1.041785421785422
ChemSpacE adapted extreme-SVM,train_std_unit,cLogP,33,branch_token_count,-0.013935505912576208,-0.7340010620553662,-0.0003463203463203463,-0.013890253890253904
ChemSpacE adapted extreme-SVM,train_std_unit,cLogP,33,ring_token_count,-0.013996195625343245,-0.7570903029392785,0.0001731601731601731,-0.013366093366093379
ChemSpacE adapted extreme-SVM,train_std_unit,cLogP,33,token_entropy,-0.18235850450065405,-0.8662143456057368,-0.0010029695870544955,-0.012489815950440982
ChemSpacE adapted extreme-SVM,train_std_unit,cLogP,34,selfies_len_tokens,0.10687977365390175,0.6791137389541141,0.047012987012986895,0.6551187551187548
ChemSpacE adapted extreme-SVM,train_std_unit,cLogP,34,branch_token_count,-0.10840603169356573,-0.8067640865205167,-0.00406926406926407,-0.06429156429156435
ChemSpacE adapted extreme-SVM,train_std_unit,cLogP,34,ring_token_count,-0.07517934314213172,-0.8009006798549353,0.00025974025974025974,-0.04800982800982806
ChemSpacE adapted extreme-SVM,train_std_unit,cLogP,34,token_entropy,-0.13312591314697855,-0.8670587468687001,-0.0010009555594163635,-0.015581408885125273
ChemSpacE adapted extreme-SVM,train_std_unit,cLogP,35,selfies_len_tokens,0.1034040086570269,0.6860879493669932,0.04883116883116885,0.6996232596232591
ChemSpacE adapted extreme-SVM,train_std_unit,cLogP,35,branch_token_count,-0.1037121880580576,-0.8094978640110836,-0.0029437229437229433,-0.05683865683865688
ChemSpacE adapted extreme-SVM,train_std_unit,cLogP,35,ring_token_count,0.023993118132834224,-0.824639550676039,0.002077922077922078,-0.04920556920556925
ChemSpacE adapted extreme-SVM,train_std_unit,cLogP,35,token_entropy,-0.06390493978355107,-0.8610584002420805,-0.0006438090830723426,-0.014839486952988928
ChemSpacE adapted extreme-SVM,train_std_unit,cLogP,36,selfies_len_tokens,0.12151353376951526,0.7924149354660056,0.06926406926406928,0.881998361998362
ChemSpacE adapted extreme-SVM,train_std_unit,cLogP,36,branch_token_count,-0.10918036049137692,-0.8028798107067444,-0.0023376623376623377,-0.03926289926289929
ChemSpacE adapted extreme-SVM,train_std_unit,cLogP,36,ring_token_count,-0.12022106619214828,-0.8312929028279127,-0.003982683982683983,-0.06348894348894356
ChemSpacE adapted extreme-SVM,train_std_unit,cLogP,36,token_entropy,-0.12161232065859125,-0.8728343255322719,-0.0009977108717991083,-0.015672652748379146
ChemSpacE adapted extreme-SVM,train_std_unit,cLogP,37,selfies_len_tokens,0.12919367185619762,0.7784672534673133,0.06744588744588742,0.867174447174447
ChemSpacE adapted extreme-SVM,train_std_unit,cLogP,37,branch_token_count,-0.06035961353886914,-0.7815067750103777,-0.0019913419913419913,-0.037723177723177743
ChemSpacE adapted extreme-SVM,train_std_unit,cLogP,37,ring_token_count,-0.08436289924125581,-0.7753320069209275,-0.0015584415584415584,-0.047993447993448034
ChemSpacE adapted extreme-SVM,train_std_unit,cLogP,37,token_entropy,-0.13312591314697855,-0.8670587468687001,-0.0009122691887020968,-0.0138418352254049
ChemSpacE adapted extreme-SVM,train_std_unit,cLogP,38,selfies_len_tokens,0.11377381824279455,0.8013446481145691,0.06640692640692647,0.9032760032760032
ChemSpacE adapted extreme-SVM,train_std_unit,cLogP,38,branch_token_count,-0.04567754538076584,-0.7905084237277747,-0.0006926406926406927,-0.03695331695331699
ChemSpacE adapted extreme-SVM,train_std_unit,cLogP,38,ring_token_count,-0.07446654286597658,-0.796776830692489,-0.0027705627705627706,-0.04343980343980348
ChemSpacE adapted extreme-SVM,train_std_unit,cLogP,38,token_entropy,-0.13744351033012384,-0.8591173262062891,-0.0010243198265495292,-0.014594126102091265
ChemSpacE adapted extreme-SVM,train_std_unit,cLogP,39,selfies_len_tokens,0.06433915976814185,0.7782657583233519,0.03965367965367959,0.9559049959049961
ChemSpacE adapted extreme-SVM,train_std_unit,cLogP,39,branch_token_count,-0.042349826682827545,-0.7839852967047307,-0.00043290043290043285,-0.026322686322686344
ChemSpacE adapted extreme-SVM,train_std_unit,cLogP,39,ring_token_count,-0.12168202962180083,-0.7285863466253151,-0.0032034632034632035,-0.025176085176085192
ChemSpacE adapted extreme-SVM,train_std_unit,cLogP,39,token_entropy,-0.07728039229638733,-0.8521123389408642,-0.0006714989346975181,-0.012545014584256366
ChemSpacE adapted extreme-SVM,train_std_unit,cLogP,40,selfies_len_tokens,0.05049402412183285,0.789296296630297,0.036103896103896096,0.9300409500409497
ChemSpacE adapted extreme-SVM,train_std_unit,cLogP,40,branch_token_count,-0.05136093333609991,-0.7888768918893029,-0.0007792207792207792,-0.025896805896805923
ChemSpacE adapted extreme-SVM,train_std_unit,cLogP,40,ring_token_count,-0.12639077191245895,-0.7312573772146275,-0.00380952380952381,-0.03374283374283377
ChemSpacE adapted extreme-SVM,train_std_unit,cLogP,40,token_entropy,-0.06687726256418135,-0.8610584002420805,-0.0005989620386882798,-0.012496205565172785
ChemSpacE adapted extreme-SVM,train_std_unit,cLogP,41,selfies_len_tokens,0.12788238781909003,0.7822389164408399,0.07108225108225107,0.8904668304668303
ChemSpacE adapted extreme-SVM,train_std_unit,cLogP,41,branch_token_count,-0.10061630184736933,-0.8098861123871082,-0.0032034632034632035,-0.05623259623259628
ChemSpacE adapted extreme-SVM,train_std_unit,cLogP,41,ring_token_count,-0.07352729750384682,-0.7966856676022751,0.0005194805194805196,-0.030859950859950885
ChemSpacE adapted extreme-SVM,train_std_unit,cLogP,41,token_entropy,-0.13312591314697855,-0.8670587468687001,-0.0009455546906777248,-0.014210276590682648
ChemSpacE adapted extreme-SVM,train_std_unit,cLogP,42,selfies_len_tokens,0.15473975134110066,0.7035032209096125,0.08311688311688306,0.772153972153972
ChemSpacE adapted extreme-SVM,train_std_unit,cLogP,42,branch_token_count,-0.09911408611983152,-0.8075409416832712,-0.0025974025974025974,-0.052809172809172855
ChemSpacE adapted extreme-SVM,train_std_unit,cLogP,42,ring_token_count,-0.14880606388732454,-0.7681051081059417,-0.0019913419913419913,-0.04044226044226048
ChemSpacE adapted extreme-SVM,train_std_unit,cLogP,42,token_entropy,-0.1417611075132691,-0.8612831682051285,-0.001153960570823611,-0.014516152133671184
ChemSpacE adapted extreme-SVM,train_std_unit,cLogP,43,selfies_len_tokens,0.06433915976814185,0.7782657583233519,0.03696969696969693,0.9028501228501228
ChemSpacE adapted extreme-SVM,train_std_unit,cLogP,43,branch_token_count,-0.04241486356785399,-0.7855984335182854,-0.0001731601731601732,-0.038755118755118785
ChemSpacE adapted extreme-SVM,train_std_unit,cLogP,43,ring_token_count,-0.10030606864829326,-0.7617709230501859,-0.0013852813852813853,-0.02339066339066341
ChemSpacE adapted extreme-SVM,train_std_unit,cLogP,43,token_entropy,-0.13600431126907542,-0.8620051155380749,-0.0008855015588347146,-0.01437793054187932
ChemSpacE adapted extreme-SVM,train_std_unit,cLogP,44,selfies_len_tokens,0.16451278826790702,0.6908385287794163,0.08034632034632025,0.7091236691236684
ChemSpacE adapted extreme-SVM,train_std_unit,cLogP,44,branch_token_count,-0.15239635065424892,-0.8207774160395577,-0.005627705627705627,-0.09377559377559384
ChemSpacE adapted extreme-SVM,train_std_unit,cLogP,44,ring_token_count,-0.029334096271190737,-0.7778460485122495,0.0,-0.03223587223587226
ChemSpacE adapted extreme-SVM,train_std_unit,cLogP,44,token_entropy,-0.15471389906270483,-0.8425125375485205,-0.0013439791134763608,-0.013967690918830497
ChemSpacE adapted extreme-SVM,train_std_unit,cLogP,45,selfies_len_tokens,0.12847927774356394,0.7792144906811725,0.06718614718614725,0.867256347256347
ChemSpacE adapted extreme-SVM,train_std_unit,cLogP,45,branch_token_count,-0.07916576047038261,-0.710888893803812,-0.002077922077922078,-0.040982800982801014
ChemSpacE adapted extreme-SVM,train_std_unit,cLogP,45,ring_token_count,-0.07356123579206246,-0.8036566658694988,-0.00025974025974025974,-0.048435708435708484
ChemSpacE adapted extreme-SVM,train_std_unit,cLogP,45,token_entropy,-0.10443799820710588,-0.8079605292716582,-0.0008684371528541501,-0.014409240961225566
ChemSpacE adapted extreme-SVM,train_std_unit,cLogP,46,selfies_len_tokens,0.07000435411092046,0.7676603334950396,0.034545454545454546,0.8275675675675674
ChemSpacE adapted extreme-SVM,train_std_unit,cLogP,46,branch_token_count,-0.03990656745112596,-0.7913389889093609,-0.001038961038961039,-0.054447174447174486
ChemSpacE adapted extreme-SVM,train_std_unit,cLogP,46,ring_token_count,-0.038706078883414985,-0.8423635736919516,0.0005194805194805197,-0.0301719901719902
ChemSpacE adapted extreme-SVM,train_std_unit,cLogP,46,token_entropy,-0.08025271507701762,-0.8521123389408642,-0.0007820914913467652,-0.013613124035079518
ChemSpacE adapted extreme-SVM,train_std_unit,cLogP,47,selfies_len_tokens,0.0765554559266498,0.7557961432536486,0.034718614718614725,0.8027027027027026
ChemSpacE adapted extreme-SVM,train_std_unit,cLogP,47,branch_token_count,-0.1037121880580576,-0.8094978640110836,-0.00354978354978355,-0.06497952497952503
ChemSpacE adapted extreme-SVM,train_std_unit,cLogP,47,ring_token_count,-0.03794554629126776,-0.855440674333731,0.0007792207792207792,-0.04037674037674042
ChemSpacE adapted extreme-SVM,train_std_unit,cLogP,47,token_entropy,-0.1201731215975428,-0.8750001675311112,-0.0009311875573515503,-0.01544118395228186
ChemSpacE adapted extreme-SVM,train_std_unit,cLogP,48,selfies_len_tokens,0.1346710501649405,0.7737790134168295,0.07203463203463202,0.89012285012285
ChemSpacE adapted extreme-SVM,train_std_unit,cLogP,48,branch_token_count,-0.07843304784240032,-0.7160694225818167,-0.0017316017316017318,-0.031122031122031137
ChemSpacE adapted extreme-SVM,train_std_unit,cLogP,48,ring_token_count,-0.07665855098330719,-0.7912269832654273,-0.0012121212121212121,-0.042424242424242455
ChemSpacE adapted extreme-SVM,train_std_unit,cLogP,48,token_entropy,-0.14751790375746274,-0.8454003268803063,-0.0010456737936968097,-0.01286271047307002
ChemSpacE adapted extreme-SVM,train_std_unit,cLogP,49,selfies_len_tokens,0.07000435411092046,0.7676603334950396,0.035324675324675224,0.8473710073710071
ChemSpacE adapted extreme-SVM,train_std_unit,cLogP,49,branch_token_count,-0.04316424642672808,-0.7884792197186713,-0.0006926406926406926,-0.036527436527436556
ChemSpacE adapted extreme-SVM,train_std_unit,cLogP,49,ring_token_count,-0.10153086548061087,-0.7495808304661726,-0.0019913419913419913,-0.03487305487305491
ChemSpacE adapted extreme-SVM,train_std_unit,cLogP,49,token_entropy,-0.07282190812544191,-0.860312895133646,-0.0007215050189154428,-0.012997510383155214
ChemSpacE adapted extreme-SVM,native_l2,BertzCT,0,selfies_len_tokens,0.6784307160178265,0.2076178845852002,0.5968831168831169,0.31688779688779645
ChemSpacE adapted extreme-SVM,native_l2,BertzCT,0,branch_token_count,0.028030595529069405,-0.494692417806554,0.0008658008658008659,-0.027190827190827212
ChemSpacE adapted extreme-SVM,native_l2,BertzCT,0,ring_token_count,0.028030595529069405,-0.494692417806554,0.0012121212121212123,-0.02941850941850944
ChemSpacE adapted extreme-SVM,native_l2,BertzCT,0,token_entropy,0.06291780992919678,-0.5691776821549718,0.00013053667994144662,-0.005936161181082464
ChemSpacE adapted extreme-SVM,native_l2,BertzCT,1,selfies_len_tokens,0.5428248226540907,0.35020135543797215,0.45748917748917745,0.5679934479934475
ChemSpacE adapted extreme-SVM,native_l2,BertzCT,1,branch_token_count,0.028030595529069405,-0.494692417806554,0.0007792207792207792,-0.018525798525798543
ChemSpacE adapted extreme-SVM,native_l2,BertzCT,1,ring_token_count,0.028030595529069405,-0.494692417806554,0.0015584415584415584,-0.029844389844389863
ChemSpacE adapted extreme-SVM,native_l2,BertzCT,1,token_entropy,0.002132807116243959,-0.6098332308803268,7.230026028857789e-05,-0.006764614473665566
ChemSpacE adapted extreme-SVM,native_l2,BertzCT,2,selfies_len_tokens,0.45718350996610524,0.40378450883435096,0.36961038961038956,0.7099262899262899
ChemSpacE adapted extreme-SVM,native_l2,BertzCT,2,branch_token_count,0.028030595529069405,-0.494692417806554,0.0009523809523809525,-0.019639639639639654
ChemSpacE adapted extreme-SVM,native_l2,BertzCT,2,ring_token_count,0.028030595529069405,-0.494692417806554,0.0016450216450216455,-0.03130221130221133
ChemSpacE adapted extreme-SVM,native_l2,BertzCT,2,token_entropy,0.028030595529069405,-0.494692417806554,0.0001519007270409719,-0.005679587413328095
ChemSpacE adapted extreme-SVM,native_l2,BertzCT,3,selfies_len_tokens,0.5784788430588345,0.2724315829208483,0.4774025974025974,0.5123013923013923
ChemSpacE adapted extreme-SVM,native_l2,BertzCT,3,branch_token_count,0.18769130983124213,-0.5771159116657555,0.03324675324675325,-0.19043407043407054
ChemSpacE adapted extreme-SVM,native_l2,BertzCT,3,ring_token_count,0.028030595529069405,-0.494692417806554,0.0013852813852813855,-0.028730548730548755
ChemSpacE adapted extreme-SVM,native_l2,BertzCT,3,token_entropy,0.13512468351642787,-0.7333606164665378,0.0005270328140253611,-0.009073179432855308
ChemSpacE adapted extreme-SVM,native_l2,BertzCT,4,selfies_len_tokens,0.5544360488071194,0.3276312057112006,0.4734199134199133,0.5173136773136773
ChemSpacE adapted extreme-SVM,native_l2,BertzCT,4,branch_token_count,0.028030595529069405,-0.494692417806554,0.001471861471861472,-0.039197379197379235
ChemSpacE adapted extreme-SVM,native_l2,BertzCT,4,ring_token_count,0.028030595529069405,-0.494692417806554,0.0012987012987012987,-0.030876330876330904
ChemSpacE adapted extreme-SVM,native_l2,BertzCT,4,token_entropy,0.002132807116243959,-0.6098332308803268,9.826564553363107e-05,-0.007010502957146132
ChemSpacE adapted extreme-SVM,native_l2,BertzCT,5,selfies_len_tokens,0.352645372470824,0.48676099571765974,0.2722943722943722,0.7217854217854218
ChemSpacE adapted extreme-SVM,native_l2,BertzCT,5,branch_token_count,0.1155394210843033,-0.5966843472941565,0.007012987012987013,-0.09105651105651112
ChemSpacE adapted extreme-SVM,native_l2,BertzCT,5,ring_token_count,0.028030595529069405,-0.494692417806554,0.0017316017316017318,-0.04537264537264541
ChemSpacE adapted extreme-SVM,native_l2,BertzCT,5,token_entropy,0.07907365367890291,-0.7183436725265597,0.00018515542537799804,-0.007886019252131478
ChemSpacE adapted extreme-SVM,native_l2,BertzCT,6,selfies_len_tokens,0.5382523876653631,0.3587927212468741,0.42917748917748916,0.5651597051597049
ChemSpacE adapted extreme-SVM,native_l2,BertzCT,6,branch_token_count,0.028030595529069405,-0.494692417806554,0.0011255411255411255,-0.029762489762489786
ChemSpacE adapted extreme-SVM,native_l2,BertzCT,6,ring_token_count,0.028030595529069405,-0.494692417806554,0.0017316017316017318,-0.036363636363636376
ChemSpacE adapted extreme-SVM,native_l2,BertzCT,6,token_entropy,0.002132807116243959,-0.6098332308803268,9.531158490069889e-05,-0.007464545276019687
ChemSpacE adapted extreme-SVM,native_l2,BertzCT,7,selfies_len_tokens,0.4442154328260412,0.4246922939723003,0.36606060606060603,0.706011466011466
ChemSpacE adapted extreme-SVM,native_l2,BertzCT,7,branch_token_count,0.06505061704544074,-0.5659680335713911,0.0013852813852813855,-0.026928746928746954
ChemSpacE adapted extreme-SVM,native_l2,BertzCT,7,ring_token_count,0.028030595529069405,-0.494692417806554,0.002077922077922078,-0.03859131859131863
ChemSpacE adapted extreme-SVM,native_l2,BertzCT,7,token_entropy,0.03598768853445512,-0.6783958980382608,0.00011484164901581121,-0.007338204611680216
ChemSpacE adapted extreme-SVM,native_l2,BertzCT,8,selfies_len_tokens,0.2607475224105843,0.5518088100323367,0.1939393939393938,0.7862407862407862
ChemSpacE adapted extreme-SVM,native_l2,BertzCT,8,branch_token_count,0.06931623127792866,-0.5584788535430362,0.003722943722943724,-0.05367731367731374
ChemSpacE adapted extreme-SVM,native_l2,BertzCT,8,ring_token_count,0.028030595529069405,-0.494692417806554,0.0009523809523809525,-0.026846846846846868
ChemSpacE adapted extreme-SVM,native_l2,BertzCT,8,token_entropy,0.03598768853445512,-0.6783958980382608,0.00013975966894986524,-0.007002754354182891
ChemSpacE adapted extreme-SVM,native_l2,BertzCT,9,selfies_len_tokens,0.4298459585256776,0.45221185974473327,0.33584415584415583,0.734168714168714
ChemSpacE adapted extreme-SVM,native_l2,BertzCT,9,branch_token_count,0.12122168769500674,-0.5862328698733991,0.0083982683982684,-0.0693366093366094
ChemSpacE adapted extreme-SVM,native_l2,BertzCT,9,ring_token_count,0.028030595529069405,-0.494692417806554,0.001471861471861472,-0.026584766584766602
ChemSpacE adapted extreme-SVM,native_l2,BertzCT,9,token_entropy,0.10985715447359987,-0.6061856904039361,0.0003572107060176443,-0.007448696049645309
ChemSpacE adapted extreme-SVM,native_l2,BertzCT,10,selfies_len_tokens,0.44886297450656115,0.42913557754998916,0.36969696969696964,0.6465192465192463
ChemSpacE adapted extreme-SVM,native_l2,BertzCT,10,branch_token_count,0.1155394210843033,-0.5966843472941565,0.007792207792207794,-0.08796068796068801
ChemSpacE adapted extreme-SVM,native_l2,BertzCT,10,ring_token_count,0.028030595529069405,-0.494692417806554,0.0009523809523809525,-0.021441441441441462
ChemSpacE adapted extreme-SVM,native_l2,BertzCT,10,token_entropy,0.10985715447359987,-0.6061856904039361,0.00028792174468494924,-0.007367536286120134
ChemSpacE adapted extreme-SVM,native_l2,BertzCT,11,selfies_len_tokens,0.2561205223135799,0.5621938789865231,0.19359307359307348,0.8236527436527435
ChemSpacE adapted extreme-SVM,native_l2,BertzCT,11,branch_token_count,0.06505061704544074,-0.5659680335713911,0.0015584415584415584,-0.028042588042588065
ChemSpacE adapted extreme-SVM,native_l2,BertzCT,11,ring_token_count,0.028030595529069405,-0.494692417806554,0.0015584415584415584,-0.029844389844389863
ChemSpacE adapted extreme-SVM,native_l2,BertzCT,11,token_entropy,0.06505061704544074,-0.5659680335713911,0.00019421050884340375,-0.005922149569012917
ChemSpacE adapted extreme-SVM,native_l2,BertzCT,12,selfies_len_tokens,0.46617728393265156,0.38573827380264814,0.3694372294372294,0.6439475839475839
ChemSpacE adapted extreme-SVM,native_l2,BertzCT,12,branch_token_count,0.047352221755862,-0.6650940176845692,0.003982683982683983,-0.06637182637182643
ChemSpacE adapted extreme-SVM,native_l2,BertzCT,12,ring_token_count,0.028030595529069405,-0.494692417806554,0.0017316017316017318,-0.041769041769041795
ChemSpacE adapted extreme-SVM,native_l2,BertzCT,12,token_entropy,0.03598768853445512,-0.6783958980382608,0.00017277777042622872,-0.00757200487627438
ChemSpacE adapted extreme-SVM,native_l2,BertzCT,13,selfies_len_tokens,0.8177261002385404,0.06337808153704445,0.7238095238095239,0.12252252252252238
ChemSpacE adapted extreme-SVM,native_l2,BertzCT,13,branch_token_count,0.06931623127792866,-0.5584788535430362,0.003722943722943724,-0.046470106470106506
ChemSpacE adapted extreme-SVM,native_l2,BertzCT,13,ring_token_count,0.028030595529069405,-0.494692417806554,0.0016450216450216455,-0.029500409500409525
ChemSpacE adapted extreme-SVM,native_l2,BertzCT,13,token_entropy,0.11175124334383434,-0.6033352874710022,0.000387354318355809,-0.006820726438180237
ChemSpacE adapted extreme-SVM,native_l2,BertzCT,14,selfies_len_tokens,0.8379993891091798,0.06494936824868619,0.7316017316017316,0.08255528255528212
ChemSpacE adapted extreme-SVM,native_l2,BertzCT,14,branch_token_count,0.028030595529069405,-0.494692417806554,0.001038961038961039,-0.024701064701064722
ChemSpacE adapted extreme-SVM,native_l2,BertzCT,14,ring_token_count,0.028030595529069405,-0.494692417806554,0.0009523809523809525,-0.023243243243243263
ChemSpacE adapted extreme-SVM,native_l2,BertzCT,14,token_entropy,0.025482359571881278,-0.4985272427507908,0.00013963730546344685,-0.0060253028633638385
ChemSpacE adapted extreme-SVM,native_l2,BertzCT,15,selfies_len_tokens,0.4442154328260412,0.4246922939723003,0.36606060606060603,0.6861916461916463
ChemSpacE adapted extreme-SVM,native_l2,BertzCT,15,branch_token_count,0.028030595529069405,-0.494692417806554,0.0006926406926406927,-0.017067977067977084
ChemSpacE adapted extreme-SVM,native_l2,BertzCT,15,ring_token_count,0.028030595529069405,-0.494692417806554,0.0015584415584415584,-0.03164619164619167
ChemSpacE adapted extreme-SVM,native_l2,BertzCT,15,token_entropy,0.03598768853445512,-0.6783958980382608,0.00020599153351137043,-0.007741404548014405
ChemSpacE adapted extreme-SVM,native_l2,BertzCT,16,selfies_len_tokens,0.8584799464071174,0.0,0.7314285714285714,0.07063063063063017
ChemSpacE adapted extreme-SVM,native_l2,BertzCT,16,branch_token_count,0.06931623127792866,-0.5584788535430362,0.0024242424242424247,-0.03901719901719905
ChemSpacE adapted extreme-SVM,native_l2,BertzCT,16,ring_token_count,0.028030595529069405,-0.494692417806554,0.0007792207792207792,-0.023931203931203945
ChemSpacE adapted extreme-SVM,native_l2,BertzCT,16,token_entropy,0.03598768853445512,-0.6783958980382608,0.00012410978979407537,-0.0076234955959903015
ChemSpacE adapted extreme-SVM,native_l2,BertzCT,17,selfies_len_tokens,0.26305757727987117,0.5466244538775038,0.18779220779220768,0.7457985257985258
ChemSpacE adapted extreme-SVM,native_l2,BertzCT,17,branch_token_count,0.06505061704544074,-0.5659680335713911,0.004155844155844156,-0.07898443898443905
ChemSpacE adapted extreme-SVM,native_l2,BertzCT,17,ring_token_count,0.028030595529069405,-0.494692417806554,0.0007792207792207792,-0.027534807534807557
ChemSpacE adapted extreme-SVM,native_l2,BertzCT,17,token_entropy,0.04166995514515856,-0.6745953607943489,0.00023939867169839812,-0.008331759239457719
ChemSpacE adapted extreme-SVM,native_l2,BertzCT,18,selfies_len_tokens,0.8864052604279183,0.0,0.7333333333333334,0.055855855855855376
ChemSpacE adapted extreme-SVM,native_l2,BertzCT,18,branch_token_count,0.028030595529069405,-0.494692417806554,0.0007792207792207792,-0.027534807534807557
ChemSpacE adapted extreme-SVM,native_l2,BertzCT,18,ring_token_count,0.028030595529069405,-0.494692417806554,0.0011255411255411255,-0.027960687960687992
ChemSpacE adapted extreme-SVM,native_l2,BertzCT,18,token_entropy,0.025482359571881278,-0.4985272427507908,0.00012444812221823533,-0.0061876827822763825
ChemSpacE adapted extreme-SVM,native_l2,BertzCT,19,selfies_len_tokens,0.8379993891091798,0.06494936824868619,0.7324675324675325,0.06830466830466805
ChemSpacE adapted extreme-SVM,native_l2,BertzCT,19,branch_token_count,0.028030595529069405,-0.494692417806554,0.0009523809523809525,-0.026846846846846868
ChemSpacE adapted extreme-SVM,native_l2,BertzCT,19,ring_token_count,0.028030595529069405,-0.494692417806554,0.0012121212121212123,-0.03482391482391485
ChemSpacE adapted extreme-SVM,native_l2,BertzCT,19,token_entropy,0.025482359571881278,-0.4985272427507908,0.00014348708653401214,-0.006466110747087315
ChemSpacE adapted extreme-SVM,native_l2,BertzCT,20,selfies_len_tokens,0.2607475224105843,0.5518088100323367,0.19350649350649338,0.7555282555282554
ChemSpacE adapted extreme-SVM,native_l2,BertzCT,20,branch_token_count,0.06505061704544074,-0.5659680335713911,0.0019913419913419913,-0.047944307944308
ChemSpacE adapted extreme-SVM,native_l2,BertzCT,20,ring_token_count,0.028030595529069405,-0.494692417806554,0.0008658008658008659,-0.023587223587223604
ChemSpacE adapted extreme-SVM,native_l2,BertzCT,20,token_entropy,0.03598768853445512,-0.6783958980382608,0.00012767613871161984,-0.007530060075285995
ChemSpacE adapted extreme-SVM,native_l2,BertzCT,21,selfies_len_tokens,0.5729377570187189,0.2987532200066052,0.4754112554112554,0.5003931203931202
ChemSpacE adapted extreme-SVM,native_l2,BertzCT,21,branch_token_count,0.028030595529069405,-0.494692417806554,0.0008658008658008659,-0.027190827190827212
ChemSpacE adapted extreme-SVM,native_l2,BertzCT,21,ring_token_count,0.028030595529069405,-0.494692417806554,0.0009523809523809525,-0.03225225225225228
ChemSpacE adapted extreme-SVM,native_l2,BertzCT,21,token_entropy,0.002132807116243959,-0.6098332308803268,4.4502643404908184e-05,-0.006113660551215123
ChemSpacE adapted extreme-SVM,native_l2,BertzCT,22,selfies_len_tokens,0.3466053683734304,0.4994332299699902,0.26129870129870125,0.7438493038493039
ChemSpacE adapted extreme-SVM,native_l2,BertzCT,22,branch_token_count,0.06724233116481365,-0.5627164058996672,0.003116883116883117,-0.052481572481572515
ChemSpacE adapted extreme-SVM,native_l2,BertzCT,22,ring_token_count,0.028030595529069405,-0.494692417806554,0.0017316017316017318,-0.03996723996724
ChemSpacE adapted extreme-SVM,native_l2,BertzCT,22,token_entropy,0.0378817774046896,-0.6755454951053269,0.00020495954416831281,-0.007985722301935855
ChemSpacE adapted extreme-SVM,native_l2,BertzCT,23,selfies_len_tokens,0.35518253907197184,0.48499854660738767,0.27705627705627706,0.7749385749385751
ChemSpacE adapted extreme-SVM,native_l2,BertzCT,23,branch_token_count,0.028030595529069405,-0.494692417806554,0.0006926406926406927,-0.018869778869778885
ChemSpacE adapted extreme-SVM,native_l2,BertzCT,23,ring_token_count,0.028030595529069405,-0.494692417806554,0.0015584415584415584,-0.028042588042588065
ChemSpacE adapted extreme-SVM,native_l2,BertzCT,23,token_entropy,0.002132807116243959,-0.6098332308803268,8.076618411240501e-05,-0.006371078598745282
ChemSpacE adapted extreme-SVM,native_l2,BertzCT,24,selfies_len_tokens,0.24796381778130028,0.5777421813165725,0.1849350649350648,0.8130057330057333
ChemSpacE adapted extreme-SVM,native_l2,BertzCT,24,branch_token_count,0.07144903839417262,-0.554199322098262,0.00354978354978355,-0.03995085995085999
ChemSpacE adapted extreme-SVM,native_l2,BertzCT,24,ring_token_count,0.028030595529069405,-0.494692417806554,0.0012987012987012987,-0.025470925470925495
ChemSpacE adapted extreme-SVM,native_l2,BertzCT,24,token_entropy,0.06505061704544074,-0.5659680335713911,0.0002130157816495943,-0.006134331083401388
ChemSpacE adapted extreme-SVM,native_l2,BertzCT,25,selfies_len_tokens,0.6973956084911642,0.1610804356664211,0.5973160173160174,0.30075348075348035
ChemSpacE adapted extreme-SVM,native_l2,BertzCT,25,branch_token_count,0.06931623127792866,-0.5584788535430362,0.003376623376623377,-0.0550532350532351
ChemSpacE adapted extreme-SVM,native_l2,BertzCT,25,ring_token_count,0.028030595529069405,-0.494692417806554,0.0008658008658008659,-0.027190827190827212
ChemSpacE adapted extreme-SVM,native_l2,BertzCT,25,token_entropy,0.01704679983211032,-0.6403905255991426,5.185849272807234e-05,-0.006909530639637999
ChemSpacE adapted extreme-SVM,native_l2,BertzCT,26,selfies_len_tokens,0.679451484291935,0.19648503480205767,0.5765367965367966,0.3688943488943488
ChemSpacE adapted extreme-SVM,native_l2,BertzCT,26,branch_token_count,0.1222531903027628,-0.5847365643838625,0.006233766233766234,-0.054512694512694575
ChemSpacE adapted extreme-SVM,native_l2,BertzCT,26,ring_token_count,0.028030595529069405,-0.494692417806554,0.0015584415584415584,-0.03164619164619167
ChemSpacE adapted extreme-SVM,native_l2,BertzCT,26,token_entropy,0.16509883735155553,-0.6189611741430308,0.00040741869967605466,-0.007593483694962888
ChemSpacE adapted extreme-SVM,native_l2,BertzCT,27,selfies_len_tokens,0.25938320412649174,0.5556472253738707,0.1967099567099566,0.7860442260442262
ChemSpacE adapted extreme-SVM,native_l2,BertzCT,27,branch_token_count,0.07044434693456668,-0.5568268907094709,0.003896103896103897,-0.05298935298935303
ChemSpacE adapted extreme-SVM,native_l2,BertzCT,27,ring_token_count,0.028030595529069405,-0.494692417806554,0.0012987012987012987,-0.0290745290745291
ChemSpacE adapted extreme-SVM,native_l2,BertzCT,27,token_entropy,0.06291780992919678,-0.5691776821549718,0.00020751894699892086,-0.0059619030370752545
ChemSpacE adapted extreme-SVM,native_l2,BertzCT,28,selfies_len_tokens,0.2607475224105843,0.5518088100323367,0.19437229437229425,0.816953316953317
ChemSpacE adapted extreme-SVM,native_l2,BertzCT,28,branch_token_count,0.028030595529069405,-0.494692417806554,0.0007792207792207792,-0.018525798525798543
ChemSpacE adapted extreme-SVM,native_l2,BertzCT,28,ring_token_count,0.028030595529069405,-0.494692417806554,0.0012987012987012987,-0.023669123669123687
ChemSpacE adapted extreme-SVM,native_l2,BertzCT,28,token_entropy,0.0378817774046896,-0.6755454951053269,0.00011094055107592051,-0.0064227831377245215
ChemSpacE adapted extreme-SVM,native_l2,BertzCT,29,selfies_len_tokens,0.5544360488071194,0.3276312057112006,0.46995670995670985,0.558099918099918
ChemSpacE adapted extreme-SVM,native_l2,BertzCT,29,branch_token_count,0.06505061704544074,-0.5659680335713911,0.002597402597402598,-0.04733824733824739
ChemSpacE adapted extreme-SVM,native_l2,BertzCT,29,ring_token_count,0.028030595529069405,-0.494692417806554,0.0017316017316017318,-0.03276003276003279
ChemSpacE adapted extreme-SVM,native_l2,BertzCT,29,token_entropy,0.03598768853445512,-0.6783958980382608,0.00010617597734826871,-0.007126722513361282
ChemSpacE adapted extreme-SVM,native_l2,BertzCT,30,selfies_len_tokens,0.9027375393407903,-0.06494936824868619,0.7332467532467531,0.06881244881244816
ChemSpacE adapted extreme-SVM,native_l2,BertzCT,30,branch_token_count,0.028030595529069405,-0.494692417806554,0.0011255411255411255,-0.03336609336609339
ChemSpacE adapted extreme-SVM,native_l2,BertzCT,30,ring_token_count,0.028030595529069405,-0.494692417806554,0.0011255411255411255,-0.029762489762489786
ChemSpacE adapted extreme-SVM,native_l2,BertzCT,30,token_entropy,0.025482359571881278,-0.4985272427507908,0.00011913973517811642,-0.005616838592390883
ChemSpacE adapted extreme-SVM,native_l2,BertzCT,31,selfies_len_tokens,0.3466053683734304,0.4994332299699902,0.2761038961038961,0.7607043407043406
ChemSpacE adapted extreme-SVM,native_l2,BertzCT,31,branch_token_count,0.17726401484061755,-0.5971667666027832,0.020173160173160173,-0.1486814086814088
ChemSpacE adapted extreme-SVM,native_l2,BertzCT,31,ring_token_count,0.028030595529069405,-0.494692417806554,0.0008658008658008659,-0.018181818181818188
ChemSpacE adapted extreme-SVM,native_l2,BertzCT,31,token_entropy,0.16509883735155553,-0.6189611741430308,0.000478493070854908,-0.007655059658818935
ChemSpacE adapted extreme-SVM,native_l2,BertzCT,32,selfies_len_tokens,0.4442154328260412,0.4246922939723003,0.369090909090909,0.6975757575757577
ChemSpacE adapted extreme-SVM,native_l2,BertzCT,32,branch_token_count,0.12122168769500674,-0.5862328698733991,0.005108225108225109,-0.051777231777231814
ChemSpacE adapted extreme-SVM,native_l2,BertzCT,32,ring_token_count,0.028030595529069405,-0.494692417806554,0.002077922077922078,-0.03859131859131863
ChemSpacE adapted extreme-SVM,native_l2,BertzCT,32,token_entropy,0.08602518367265262,-0.7122412384152904,0.0003184262412833433,-0.008651674253602701
ChemSpacE adapted extreme-SVM,native_l2,BertzCT,33,selfies_len_tokens,0.3466053683734304,0.4994332299699902,0.2761038961038961,0.7967403767403766
ChemSpacE adapted extreme-SVM,native_l2,BertzCT,33,branch_token_count,0.06931623127792866,-0.5584788535430362,0.0018181818181818182,-0.02881244881244884
ChemSpacE adapted extreme-SVM,native_l2,BertzCT,33,ring_token_count,0.028030595529069405,-0.494692417806554,0.001471861471861472,-0.026584766584766602
ChemSpacE adapted extreme-SVM,native_l2,BertzCT,33,token_entropy,0.07907365367890291,-0.7183436725265597,0.00018813411381042594,-0.007355756427952878
ChemSpacE adapted extreme-SVM,native_l2,BertzCT,34,selfies_len_tokens,0.4442154328260412,0.4246922939723003,0.369090909090909,0.6291072891072891
ChemSpacE adapted extreme-SVM,native_l2,BertzCT,34,branch_token_count,0.06931623127792866,-0.5584788535430362,0.005887445887445888,-0.08111384111384118
ChemSpacE adapted extreme-SVM,native_l2,BertzCT,34,ring_token_count,0.028030595529069405,-0.494692417806554,0.0012121212121212123,-0.03302211302211305
ChemSpacE adapted extreme-SVM,native_l2,BertzCT,34,token_entropy,0.06291780992919678,-0.5691776821549718,0.00024299685440682417,-0.007198102067527766
ChemSpacE adapted extreme-SVM,native_l2,BertzCT,35,selfies_len_tokens,0.4442154328260412,0.4246922939723003,0.3539393939393939,0.6604750204750203
ChemSpacE adapted extreme-SVM,native_l2,BertzCT,35,branch_token_count,0.06505061704544074,-0.5659680335713911,0.003203463203463204,-0.05754299754299758
ChemSpacE adapted extreme-SVM,native_l2,BertzCT,35,ring_token_count,0.028030595529069405,-0.494692417806554,0.0012121212121212123,-0.031220311220311246
ChemSpacE adapted extreme-SVM,native_l2,BertzCT,35,token_entropy,0.03598768853445512,-0.6783958980382608,0.00013177989468259057,-0.0077536572642019855
ChemSpacE adapted extreme-SVM,native_l2,BertzCT,36,selfies_len_tokens,0.6898090089489429,0.18478705191603728,0.5908225108225109,0.33195741195741163
ChemSpacE adapted extreme-SVM,native_l2,BertzCT,36,branch_token_count,0.028030595529069405,-0.494692417806554,0.0025108225108225113,-0.05308763308763313
ChemSpacE adapted extreme-SVM,native_l2,BertzCT,36,ring_token_count,0.028030595529069405,-0.494692417806554,0.0013852813852813855,-0.03593775593775597
ChemSpacE adapted extreme-SVM,native_l2,BertzCT,36,token_entropy,0.06291780992919678,-0.5691776821549718,0.00020010916689179494,-0.006886199208567062
ChemSpacE adapted extreme-SVM,native_l2,BertzCT,37,selfies_len_tokens,0.4442154328260412,0.4246922939723003,0.3648484848484848,0.6585749385749389
ChemSpacE adapted extreme-SVM,native_l2,BertzCT,37,branch_token_count,0.06931623127792866,-0.5584788535430362,0.004155844155844156,-0.053759213759213824
ChemSpacE adapted extreme-SVM,native_l2,BertzCT,37,ring_token_count,0.028030595529069405,-0.494692417806554,0.001904761904761905,-0.04468468468468473
ChemSpacE adapted extreme-SVM,native_l2,BertzCT,37,token_entropy,0.06505061704544074,-0.5659680335713911,0.00023743651924604552,-0.0067570298845536945
ChemSpacE adapted extreme-SVM,native_l2,BertzCT,38,selfies_len_tokens,0.4618802153517006,0.39493224672200583,0.3702164502164501,0.66968058968059
ChemSpacE adapted extreme-SVM,native_l2,BertzCT,38,branch_token_count,0.06724233116481365,-0.5627164058996672,0.0023376623376623377,-0.039361179361179395
ChemSpacE adapted extreme-SVM,native_l2,BertzCT,38,ring_token_count,0.028030595529069405,-0.494692417806554,0.001471861471861472,-0.03379197379197383
ChemSpacE adapted extreme-SVM,native_l2,BertzCT,38,token_entropy,0.03598768853445512,-0.6783958980382608,0.00010230100970656759,-0.007011963130675546
ChemSpacE adapted extreme-SVM,native_l2,BertzCT,39,selfies_len_tokens,0.45718350996610524,0.40378450883435096,0.36961038961038956,0.6937100737100738
ChemSpacE adapted extreme-SVM,native_l2,BertzCT,39,branch_token_count,0.11743350995453777,-0.5928838100502447,0.0050216450216450225,-0.05392301392301397
ChemSpacE adapted extreme-SVM,native_l2,BertzCT,39,ring_token_count,0.028030595529069405,-0.494692417806554,0.0011255411255411255,-0.022555282555282576
ChemSpacE adapted extreme-SVM,native_l2,BertzCT,39,token_entropy,0.10985715447359987,-0.6061856904039361,0.00021855389277178195,-0.00604857088211365
ChemSpacE adapted extreme-SVM,native_l2,BertzCT,40,selfies_len_tokens,0.3466053683734304,0.4994332299699902,0.2761038961038961,0.7787223587223584
ChemSpacE adapted extreme-SVM,native_l2,BertzCT,40,branch_token_count,0.06931623127792866,-0.5584788535430362,0.004329004329004329,-0.05307125307125311
ChemSpacE adapted extreme-SVM,native_l2,BertzCT,40,ring_token_count,0.028030595529069405,-0.494692417806554,0.0016450216450216455,-0.03310401310401313
ChemSpacE adapted extreme-SVM,native_l2,BertzCT,40,token_entropy,0.06291780992919678,-0.5691776821549718,0.00020833866379788298,-0.006114137120621038
ChemSpacE adapted extreme-SVM,native_l2,BertzCT,41,selfies_len_tokens,0.5544360488071194,0.3276312057112006,0.46995670995670985,0.5238656838656838
ChemSpacE adapted extreme-SVM,native_l2,BertzCT,41,branch_token_count,0.06505061704544074,-0.5659680335713911,0.0019047619047619048,-0.042882882882882924
ChemSpacE adapted extreme-SVM,native_l2,BertzCT,41,ring_token_count,0.028030595529069405,-0.494692417806554,0.001471861471861472,-0.031990171990172026
ChemSpacE adapted extreme-SVM,native_l2,BertzCT,41,token_entropy,0.03598768853445512,-0.6783958980382608,0.00010208623722379692,-0.00708464588603474
ChemSpacE adapted extreme-SVM,native_l2,BertzCT,42,selfies_len_tokens,0.3373005262694457,0.5173256977103481,0.2472727272727272,0.75993447993448
ChemSpacE adapted extreme-SVM,native_l2,BertzCT,42,branch_token_count,0.06931623127792866,-0.5584788535430362,0.003722943722943724,-0.05547911547911553
ChemSpacE adapted extreme-SVM,native_l2,BertzCT,42,ring_token_count,0.028030595529069405,-0.494692417806554,0.0012987012987012987,-0.030876330876330904
ChemSpacE adapted extreme-SVM,native_l2,BertzCT,42,token_entropy,0.03598768853445512,-0.6783958980382608,0.00015559454570828038,-0.0077710133716168426
ChemSpacE adapted extreme-SVM,native_l2,BertzCT,43,selfies_len_tokens,0.2607475224105843,0.5518088100323367,0.19437229437229425,0.8097461097461097
ChemSpacE adapted extreme-SVM,native_l2,BertzCT,43,branch_token_count,0.11743350995453777,-0.5928838100502447,0.0072727272727272745,-0.07200655200655208
ChemSpacE adapted extreme-SVM,native_l2,BertzCT,43,ring_token_count,0.028030595529069405,-0.494692417806554,0.0012121212121212123,-0.024013104013104036
ChemSpacE adapted extreme-SVM,native_l2,BertzCT,43,token_entropy,0.07907365367890291,-0.7183436725265597,0.00024331493636735253,-0.008064240745175274
ChemSpacE adapted extreme-SVM,native_l2,BertzCT,44,selfies_len_tokens,0.34954519337217943,0.4929815835223583,0.276017316017316,0.7268140868140868
ChemSpacE adapted extreme-SVM,native_l2,BertzCT,44,branch_token_count,0.028030595529069405,-0.494692417806554,0.0017316017316017318,-0.054381654381654425
ChemSpacE adapted extreme-SVM,native_l2,BertzCT,44,ring_token_count,0.028030595529069405,-0.494692417806554,0.0008658008658008659,-0.023587223587223604
ChemSpacE adapted extreme-SVM,native_l2,BertzCT,44,token_entropy,0.002132807116243959,-0.6098332308803268,6.84491357136576e-05,-0.006292483034260721
ChemSpacE adapted extreme-SVM,native_l2,BertzCT,45,selfies_len_tokens,0.2561205223135799,0.5621938789865231,0.19402597402597388,0.7876986076986076
ChemSpacE adapted extreme-SVM,native_l2,BertzCT,45,branch_token_count,0.07044434693456668,-0.5568268907094709,0.0036363636363636372,-0.04681408681408685
ChemSpacE adapted extreme-SVM,native_l2,BertzCT,45,ring_token_count,0.028030595529069405,-0.494692417806554,0.0013852813852813855,-0.03413595413595417
ChemSpacE adapted extreme-SVM,native_l2,BertzCT,45,token_entropy,0.06291780992919678,-0.5691776821549718,0.00022159668741847724,-0.006648818388246985
ChemSpacE adapted extreme-SVM,native_l2,BertzCT,46,selfies_len_tokens,0.3466053683734304,0.4994332299699902,0.2766233766233766,0.7478296478296477
ChemSpacE adapted extreme-SVM,native_l2,BertzCT,46,branch_token_count,0.06931623127792866,-0.5584788535430362,0.004502164502164502,-0.06859950859950867
ChemSpacE adapted extreme-SVM,native_l2,BertzCT,46,ring_token_count,0.028030595529069405,-0.494692417806554,0.0012121212121212123,-0.02761670761670764
ChemSpacE adapted extreme-SVM,native_l2,BertzCT,46,token_entropy,0.06291780992919678,-0.5691776821549718,0.0002052693011261407,-0.006221231848182213
ChemSpacE adapted extreme-SVM,native_l2,BertzCT,47,selfies_len_tokens,0.8177261002385404,0.06337808153704445,0.722943722943723,0.07371007371007349
ChemSpacE adapted extreme-SVM,native_l2,BertzCT,47,branch_token_count,0.028030595529069405,-0.494692417806554,0.0017316017316017318,-0.04717444717444721
ChemSpacE adapted extreme-SVM,native_l2,BertzCT,47,ring_token_count,0.028030595529069405,-0.494692417806554,0.001038961038961039,-0.026502866502866523
ChemSpacE adapted extreme-SVM,native_l2,BertzCT,47,token_entropy,0.06291780992919678,-0.5691776821549718,0.000162382319397162,-0.006407756351865115
ChemSpacE adapted extreme-SVM,native_l2,BertzCT,48,selfies_len_tokens,0.6894393950836768,0.1782483446302685,0.5959307359307359,0.324275184275184
ChemSpacE adapted extreme-SVM,native_l2,BertzCT,48,branch_token_count,0.06505061704544074,-0.5659680335713911,0.001038961038961039,-0.024701064701064722
ChemSpacE adapted extreme-SVM,native_l2,BertzCT,48,ring_token_count,0.028030595529069405,-0.494692417806554,0.0009523809523809525,-0.02504504504504506
ChemSpacE adapted extreme-SVM,native_l2,BertzCT,48,token_entropy,0.10985715447359987,-0.6061856904039361,0.00017117539001378063,-0.005361113210981635
ChemSpacE adapted extreme-SVM,native_l2,BertzCT,49,selfies_len_tokens,0.3466053683734304,0.4994332299699902,0.2761038961038961,0.7534971334971333
ChemSpacE adapted extreme-SVM,native_l2,BertzCT,49,branch_token_count,0.06931623127792866,-0.5584788535430362,0.0028571428571428576,-0.04090090090090093
ChemSpacE adapted extreme-SVM,native_l2,BertzCT,49,ring_token_count,0.028030595529069405,-0.494692417806554,0.0018181818181818182,-0.03782145782145785
ChemSpacE adapted extreme-SVM,native_l2,BertzCT,49,token_entropy,0.06291780992919678,-0.5691776821549718,0.0002064211087885121,-0.006326930148072894
ChemSpacE adapted extreme-SVM,train_std_unit,BertzCT,0,selfies_len_tokens,0.9027375393407903,-0.06494936824868619,0.7332467532467531,0.05980343980343905
ChemSpacE adapted extreme-SVM,train_std_unit,BertzCT,0,branch_token_count,0.1155394210843033,-0.5966843472941565,0.003290043290043291,-0.044586404586404636
ChemSpacE adapted extreme-SVM,train_std_unit,BertzCT,0,ring_token_count,0.06931623127792866,-0.5584788535430362,0.0034632034632034636,-0.04930384930384935
ChemSpacE adapted extreme-SVM,train_std_unit,BertzCT,0,token_entropy,0.10985715447359987,-0.6061856904039361,0.0004588668324760878,-0.008308780755751925
ChemSpacE adapted extreme-SVM,train_std_unit,BertzCT,1,selfies_len_tokens,0.9310655814082683,-0.048979200500943114,0.7206926406926407,0.22031122031122008
ChemSpacE adapted extreme-SVM,train_std_unit,BertzCT,1,branch_token_count,0.06931623127792866,-0.5584788535430362,0.0021645021645021645,-0.027436527436527462
ChemSpacE adapted extreme-SVM,train_std_unit,BertzCT,1,ring_token_count,0.06931623127792866,-0.5584788535430362,0.002943722943722944,-0.03334971334971338
ChemSpacE adapted extreme-SVM,train_std_unit,BertzCT,1,token_entropy,0.04967960437793231,-0.7852109120721692,0.0002604304574209349,-0.010140792940415375
ChemSpacE adapted extreme-SVM,train_std_unit,BertzCT,2,selfies_len_tokens,0.9187795405622854,0.0,0.7205194805194806,0.2488779688779686
ChemSpacE adapted extreme-SVM,train_std_unit,BertzCT,2,branch_token_count,0.07044434693456668,-0.5568268907094709,0.0025974025974025974,-0.02932022932022935
ChemSpacE adapted extreme-SVM,train_std_unit,BertzCT,2,ring_token_count,0.07144903839417262,-0.554199322098262,0.003896103896103897,-0.04037674037674042
ChemSpacE adapted extreme-SVM,train_std_unit,BertzCT,2,token_entropy,0.06505061704544074,-0.5659680335713911,0.0004273553840029468,-0.007785342981926387
ChemSpacE adapted extreme-SVM,train_std_unit,BertzCT,3,selfies_len_tokens,0.9366283826965351,-0.19614431194654225,0.7315151515151516,0.052268632268631744
ChemSpacE adapted extreme-SVM,train_std_unit,BertzCT,3,branch_token_count,0.5297417396833836,-0.449813768715826,0.09575757575757576,-0.1720229320229322
ChemSpacE adapted extreme-SVM,train_std_unit,BertzCT,3,ring_token_count,0.06931623127792866,-0.5584788535430362,0.0033766233766233766,-0.04604422604422609
ChemSpacE adapted extreme-SVM,train_std_unit,BertzCT,3,token_entropy,0.3635331022216022,-0.7590847289126882,0.0015206189623792647,-0.01180333256649281
ChemSpacE adapted extreme-SVM,train_std_unit,BertzCT,4,selfies_len_tokens,0.9314142298314255,-0.05035974843130283,0.7206060606060606,0.18710892710892682
ChemSpacE adapted extreme-SVM,train_std_unit,BertzCT,4,branch_token_count,0.11743350995453777,-0.5928838100502447,0.00432900432900433,-0.05307125307125311
ChemSpacE adapted extreme-SVM,train_std_unit,BertzCT,4,ring_token_count,0.06931623127792866,-0.5584788535430362,0.0024242424242424247,-0.03541359541359544
ChemSpacE adapted extreme-SVM,train_std_unit,BertzCT,4,token_entropy,0.04884024705413055,-0.7831768721507905,0.0003407816166990601,-0.010077548489286867
ChemSpacE adapted extreme-SVM,train_std_unit,BertzCT,5,selfies_len_tokens,0.8342566174409326,0.0,0.7174025974025974,0.039868959868959476
ChemSpacE adapted extreme-SVM,train_std_unit,BertzCT,5,branch_token_count,0.2321914658016215,-0.6755521742826308,0.020346320346320345,-0.1159868959868961
ChemSpacE adapted extreme-SVM,train_std_unit,BertzCT,5,ring_token_count,0.047352221755862,-0.6650940176845692,0.00380952380952381,-0.06525798525798532
ChemSpacE adapted extreme-SVM,train_std_unit,BertzCT,5,token_entropy,0.1441576548605687,-0.8245286499287803,0.0004288754550865987,-0.011587626398026912
ChemSpacE adapted extreme-SVM,train_std_unit,BertzCT,6,selfies_len_tokens,0.9155936261855956,-0.11526731527597045,0.7280519480519481,0.046208026208025735
ChemSpacE adapted extreme-SVM,train_std_unit,BertzCT,6,branch_token_count,0.11656699540495986,-0.59519526716146,0.004415584415584415,-0.04552006552006555
ChemSpacE adapted extreme-SVM,train_std_unit,BertzCT,6,ring_token_count,0.06931623127792866,-0.5584788535430362,0.004242424242424242,-0.05521703521703526
ChemSpacE adapted extreme-SVM,train_std_unit,BertzCT,6,token_entropy,0.04884024705413055,-0.7888934916555407,0.00027277148462747606,-0.010700454350566333
ChemSpacE adapted extreme-SVM,train_std_unit,BertzCT,7,selfies_len_tokens,0.891373863426736,0.013864838846795048,0.7196536796536797,0.23927927927927894
ChemSpacE adapted extreme-SVM,train_std_unit,BertzCT,7,branch_token_count,0.11743350995453777,-0.5928838100502447,0.00354978354978355,-0.03634725634725637
ChemSpacE adapted extreme-SVM,train_std_unit,BertzCT,7,ring_token_count,0.07144903839417262,-0.554199322098262,0.004242424242424242,-0.04260442260442265
ChemSpacE adapted extreme-SVM,train_std_unit,BertzCT,7,token_entropy,0.04967960437793231,-0.7852109120721692,0.000356965540009585,-0.010739065318943196
ChemSpacE adapted extreme-SVM,train_std_unit,BertzCT,8,selfies_len_tokens,0.5611622732357343,0.39849137325678774,0.46164502164502164,0.6367239967239966
ChemSpacE adapted extreme-SVM,train_std_unit,BertzCT,8,branch_token_count,0.18073977983749243,-0.590192556189904,0.011601731601731603,-0.07462735462735469
ChemSpacE adapted extreme-SVM,train_std_unit,BertzCT,8,ring_token_count,0.06505061704544074,-0.5659680335713911,0.0017316017316017318,-0.03456183456183458
ChemSpacE adapted extreme-SVM,train_std_unit,BertzCT,8,token_entropy,0.13675269175156554,-0.7309106366787876,0.0005644607251743586,-0.009359664331952226
ChemSpacE adapted extreme-SVM,train_std_unit,BertzCT,9,selfies_len_tokens,0.8658021670035014,0.04947875189223481,0.718008658008658,0.23457821457821443
ChemSpacE adapted extreme-SVM,train_std_unit,BertzCT,9,branch_token_count,0.3458058162857506,-0.4982811333260371,0.02476190476190476,-0.06738738738738745
ChemSpacE adapted extreme-SVM,train_std_unit,BertzCT,9,ring_token_count,0.06931623127792866,-0.5584788535430362,0.002943722943722944,-0.03154791154791158
ChemSpacE adapted extreme-SVM,train_std_unit,BertzCT,9,token_entropy,0.2660228888664103,-0.7119573785551402,0.0010380905104426523,-0.010573889270645797
ChemSpacE adapted extreme-SVM,train_std_unit,BertzCT,10,selfies_len_tokens,0.9027375393407903,-0.06494936824868619,0.7281385281385282,0.04406224406224377
ChemSpacE adapted extreme-SVM,train_std_unit,BertzCT,10,branch_token_count,0.23760926667032603,-0.6681754551381655,0.020173160173160173,-0.10294840294840306
ChemSpacE adapted extreme-SVM,train_std_unit,BertzCT,10,ring_token_count,0.06931623127792866,-0.5584788535430362,0.003203463203463204,-0.04312858312858318
ChemSpacE adapted extreme-SVM,train_std_unit,BertzCT,10,token_entropy,0.19340370038352941,-0.734227339760796,0.0007369352190316498,-0.01076759889860668
ChemSpacE adapted extreme-SVM,train_std_unit,BertzCT,11,selfies_len_tokens,0.6562636192782677,0.33198046858524666,0.5569696969696969,0.5234561834561834
ChemSpacE adapted extreme-SVM,train_std_unit,BertzCT,11,branch_token_count,0.12311577656524121,-0.5824323326294871,0.003722943722943724,-0.03385749385749389
ChemSpacE adapted extreme-SVM,train_std_unit,BertzCT,11,ring_token_count,0.07144903839417262,-0.554199322098262,0.003722943722943723,-0.03926289926289929
ChemSpacE adapted extreme-SVM,train_std_unit,BertzCT,11,token_entropy,0.08602518367265262,-0.7122412384152904,0.0005286745898285554,-0.009048375258405338
ChemSpacE adapted extreme-SVM,train_std_unit,BertzCT,12,selfies_len_tokens,0.9314142298314255,-0.05035974843130283,0.7206926406926407,0.15846027846027805
ChemSpacE adapted extreme-SVM,train_std_unit,BertzCT,12,branch_token_count,0.16044068954840437,-0.6953324517933569,0.009437229437229437,-0.0746437346437347
ChemSpacE adapted extreme-SVM,train_std_unit,BertzCT,12,ring_token_count,0.07144903839417262,-0.554199322098262,0.004588744588744589,-0.057444717444717505
ChemSpacE adapted extreme-SVM,train_std_unit,BertzCT,12,token_entropy,0.13675269175156554,-0.7309106366787876,0.000535141436575657,-0.010316863737153258
ChemSpacE adapted extreme-SVM,train_std_unit,BertzCT,13,selfies_len_tokens,0.9310655814082683,-0.048979200500943114,0.7251948051948053,0.2363963963963963
ChemSpacE adapted extreme-SVM,train_std_unit,BertzCT,13,branch_token_count,0.2490852599760658,-0.5732952703335296,0.010649350649350648,-0.054987714987715035
ChemSpacE adapted extreme-SVM,train_std_unit,BertzCT,13,ring_token_count,0.07144903839417262,-0.554199322098262,0.00354978354978355,-0.03454545454545458
ChemSpacE adapted extreme-SVM,train_std_unit,BertzCT,13,token_entropy,0.30248338739984,-0.5821041277173329,0.001148870155642746,-0.009107358949775617
ChemSpacE adapted extreme-SVM,train_std_unit,BertzCT,14,selfies_len_tokens,0.9187795405622854,0.0,0.7258874458874459,0.20173628173628155
ChemSpacE adapted extreme-SVM,train_std_unit,BertzCT,14,branch_token_count,0.11743350995453777,-0.5928838100502447,0.003203463203463204,-0.03411957411957415
ChemSpacE adapted extreme-SVM,train_std_unit,BertzCT,14,ring_token_count,0.06724233116481365,-0.5627164058996672,0.002077922077922078,-0.03498771498771503
ChemSpacE adapted extreme-SVM,train_std_unit,BertzCT,14,token_entropy,0.11175124334383434,-0.6033352874710022,0.0004249258306764296,-0.00847377216593231
ChemSpacE adapted extreme-SVM,train_std_unit,BertzCT,15,selfies_len_tokens,0.8972946203218569,0.0,0.7196536796536797,0.21362817362817327
ChemSpacE adapted extreme-SVM,train_std_unit,BertzCT,15,branch_token_count,0.06931623127792866,-0.5584788535430362,0.001904761904761905,-0.024864864864864885
ChemSpacE adapted extreme-SVM,train_std_unit,BertzCT,15,ring_token_count,0.06931623127792866,-0.5584788535430362,0.002770562770562771,-0.03403767403767407
ChemSpacE adapted extreme-SVM,train_std_unit,BertzCT,15,token_entropy,0.10907968701631059,-0.7986468632281809,0.0006170540822941112,-0.010812986946038664
ChemSpacE adapted extreme-SVM,train_std_unit,BertzCT,16,selfies_len_tokens,0.9155936261855956,-0.11526731527597045,0.7326406926406928,0.062211302211301986
ChemSpacE adapted extreme-SVM,train_std_unit,BertzCT,16,branch_token_count,0.17649771839123551,-0.5992588268405045,0.005627705627705627,-0.04610974610974615
ChemSpacE adapted extreme-SVM,train_std_unit,BertzCT,16,ring_token_count,0.06505061704544074,-0.5659680335713911,0.001904761904761905,-0.04108108108108111
ChemSpacE adapted extreme-SVM,train_std_unit,BertzCT,16,token_entropy,0.09360739098562824,-0.8102889457825274,0.00034767224496080255,-0.01017954073728581
ChemSpacE adapted extreme-SVM,train_std_unit,BertzCT,17,selfies_len_tokens,0.6752382046604943,0.19365524914096915,0.5393073593073594,0.3474365274365269
ChemSpacE adapted extreme-SVM,train_std_unit,BertzCT,17,branch_token_count,0.15628879057321776,-0.7055941788720365,0.010995670995670996,-0.10157248157248167
ChemSpacE adapted extreme-SVM,train_std_unit,BertzCT,17,ring_token_count,0.06505061704544074,-0.5659680335713911,0.0019913419913419913,-0.04253890253890257
ChemSpacE adapted extreme-SVM,train_std_unit,BertzCT,17,token_entropy,0.13512468351642787,-0.7333606164665378,0.0006485502190090584,-0.011197839946539863
ChemSpacE adapted extreme-SVM,train_std_unit,BertzCT,18,selfies_len_tokens,0.9027375393407903,-0.06494936824868619,0.7332467532467531,0.054398034398033764
ChemSpacE adapted extreme-SVM,train_std_unit,BertzCT,18,branch_token_count,0.06505061704544074,-0.5659680335713911,0.002164502164502165,-0.04365274365274368
ChemSpacE adapted extreme-SVM,train_std_unit,BertzCT,18,ring_token_count,0.06505061704544074,-0.5659680335713911,0.0018181818181818186,-0.03782145782145784
ChemSpacE adapted extreme-SVM,train_std_unit,BertzCT,18,token_entropy,0.06291780992919678,-0.5691776821549718,0.00028679269259932486,-0.007788582638087195
ChemSpacE adapted extreme-SVM,train_std_unit,BertzCT,19,selfies_len_tokens,0.9027375393407903,-0.06494936824868619,0.7332467532467531,0.06520884520884458
ChemSpacE adapted extreme-SVM,train_std_unit,BertzCT,19,branch_token_count,0.07144903839417262,-0.554199322098262,0.004242424242424242,-0.05161343161343165
ChemSpacE adapted extreme-SVM,train_std_unit,BertzCT,19,ring_token_count,0.06505061704544074,-0.5659680335713911,0.002943722943722944,-0.051367731367731415
ChemSpacE adapted extreme-SVM,train_std_unit,BertzCT,19,token_entropy,0.10985715447359987,-0.6061856904039361,0.00044330037213943145,-0.008788172402008217
ChemSpacE adapted extreme-SVM,train_std_unit,BertzCT,20,selfies_len_tokens,0.676851201180937,0.1957330801307215,0.5464935064935065,0.3441113841113837
ChemSpacE adapted extreme-SVM,train_std_unit,BertzCT,20,branch_token_count,0.0964524786632772,-0.6991645938911418,0.006753246753246754,-0.07878787878787887
ChemSpacE adapted extreme-SVM,train_std_unit,BertzCT,20,ring_token_count,0.06505061704544074,-0.5659680335713911,0.002251082251082251,-0.039705159705159754
ChemSpacE adapted extreme-SVM,train_std_unit,BertzCT,20,token_entropy,0.04884024705413055,-0.7888934916555407,0.0002837970303700894,-0.010983408720946638
ChemSpacE adapted extreme-SVM,train_std_unit,BertzCT,21,selfies_len_tokens,0.9155936261855956,-0.11526731527597045,0.7281385281385282,0.04586404586404539
ChemSpacE adapted extreme-SVM,train_std_unit,BertzCT,21,branch_token_count,0.06931623127792866,-0.5584788535430362,0.0024242424242424247,-0.03721539721539725
ChemSpacE adapted extreme-SVM,train_std_unit,BertzCT,21,ring_token_count,0.06505061704544074,-0.5659680335713911,0.0018181818181818186,-0.04502866502866505
ChemSpacE adapted extreme-SVM,train_std_unit,BertzCT,21,token_entropy,0.008689412492187134,-0.7410098563684171,0.00011126007926143792,-0.008199667860411267
ChemSpacE adapted extreme-SVM,train_std_unit,BertzCT,22,selfies_len_tokens,0.8058891285905616,0.058146875827815976,0.6980086580086581,0.09710073710073691
ChemSpacE adapted extreme-SVM,train_std_unit,BertzCT,22,branch_token_count,0.22223236497180973,-0.6952853706652502,0.010909090909090908,-0.08029484029484035
ChemSpacE adapted extreme-SVM,train_std_unit,BertzCT,22,ring_token_count,0.06931623127792866,-0.5584788535430362,0.004502164502164502,-0.05778869778869782
ChemSpacE adapted extreme-SVM,train_std_unit,BertzCT,22,token_entropy,0.16050543015403523,-0.8111095579769556,0.000636833803957644,-0.011577926815330868
ChemSpacE adapted extreme-SVM,train_std_unit,BertzCT,23,selfies_len_tokens,0.859948167439304,0.06187079607056558,0.7182683982683983,0.21510237510237462
ChemSpacE adapted extreme-SVM,train_std_unit,BertzCT,23,branch_token_count,0.06931623127792866,-0.5584788535430362,0.0021645021645021645,-0.029238329238329263
ChemSpacE adapted extreme-SVM,train_std_unit,BertzCT,23,ring_token_count,0.07144903839417262,-0.554199322098262,0.003203463203463204,-0.03231777231777235
ChemSpacE adapted extreme-SVM,train_std_unit,BertzCT,23,token_entropy,0.010427294990624562,-0.7383945274635874,0.0002433889778785157,-0.009407930380003435
ChemSpacE adapted extreme-SVM,train_std_unit,BertzCT,24,selfies_len_tokens,0.5611622732357343,0.39849137325678774,0.4598268398268398,0.6729402129402129
ChemSpacE adapted extreme-SVM,train_std_unit,BertzCT,24,branch_token_count,0.17256887292459464,-0.674561101560535,0.010216450216450217,-0.05241605241605246
ChemSpacE adapted extreme-SVM,train_std_unit,BertzCT,24,ring_token_count,0.06931623127792866,-0.5584788535430362,0.0030303030303030303,-0.03480753480753484
ChemSpacE adapted extreme-SVM,train_std_unit,BertzCT,24,token_entropy,0.13675269175156554,-0.7309106366787876,0.0005968413600331013,-0.009306020107244434
ChemSpacE adapted extreme-SVM,train_std_unit,BertzCT,25,selfies_len_tokens,0.9240660545205513,-0.15064185681562875,0.7321212121212122,0.037248157248156694
ChemSpacE adapted extreme-SVM,train_std_unit,BertzCT,25,branch_token_count,0.15954480704349314,-0.6998775593672861,0.008398268398268398,-0.07045045045045051
ChemSpacE adapted extreme-SVM,train_std_unit,BertzCT,25,ring_token_count,0.06505061704544074,-0.5659680335713911,0.0019913419913419913,-0.04434070434070439
ChemSpacE adapted extreme-SVM,train_std_unit,BertzCT,25,token_entropy,0.07581425055034353,-0.7870047806738343,0.00016976585515495789,-0.009647259318371012
ChemSpacE adapted extreme-SVM,train_std_unit,BertzCT,26,selfies_len_tokens,0.9407788980759163,-0.08725230358829446,0.725021645021645,0.2031122031122028
ChemSpacE adapted extreme-SVM,train_std_unit,BertzCT,26,branch_token_count,0.3393127036845579,-0.5125726793085843,0.019134199134199135,-0.05731367731367736
ChemSpacE adapted extreme-SVM,train_std_unit,BertzCT,26,ring_token_count,0.06931623127792866,-0.5584788535430362,0.002943722943722944,-0.03515151515151518
ChemSpacE adapted extreme-SVM,train_std_unit,BertzCT,26,token_entropy,0.27345369581798595,-0.703011317253924,0.0011754009215149699,-0.010748630037270411
ChemSpacE adapted extreme-SVM,train_std_unit,BertzCT,27,selfies_len_tokens,0.6770698460451304,0.20066380539443224,0.5853679653679653,0.31939393939393906
ChemSpacE adapted extreme-SVM,train_std_unit,BertzCT,27,branch_token_count,0.2321914658016215,-0.6755521742826308,0.012467532467532468,-0.07590499590499596
ChemSpacE adapted extreme-SVM,train_std_unit,BertzCT,27,ring_token_count,0.06931623127792866,-0.5584788535430362,0.002770562770562771,-0.04304668304668309
ChemSpacE adapted extreme-SVM,train_std_unit,BertzCT,27,token_entropy,0.19495092998659763,-0.7318989232499268,0.0005581387556463029,-0.008539961558485533
ChemSpacE adapted extreme-SVM,train_std_unit,BertzCT,28,selfies_len_tokens,0.6865237011537746,0.2665065142108232,0.5758441558441557,0.48339066339066333
ChemSpacE adapted extreme-SVM,train_std_unit,BertzCT,28,branch_token_count,0.11743350995453777,-0.5928838100502447,0.0025108225108225113,-0.027862407862407887
ChemSpacE adapted extreme-SVM,train_std_unit,BertzCT,28,ring_token_count,0.06931623127792866,-0.5584788535430362,0.002251082251082251,-0.02529074529074531
ChemSpacE adapted extreme-SVM,train_std_unit,BertzCT,28,token_entropy,0.052096263524405925,-0.7774602526460401,0.0003750393889118096,-0.00938060087032811
ChemSpacE adapted extreme-SVM,train_std_unit,BertzCT,29,selfies_len_tokens,0.9310655814082683,-0.048979200500943114,0.7204329004329004,0.23189189189189174
ChemSpacE adapted extreme-SVM,train_std_unit,BertzCT,29,branch_token_count,0.12035779200349515,-0.5880643334494616,0.0047619047619047615,-0.04234234234234239
ChemSpacE adapted extreme-SVM,train_std_unit,BertzCT,29,ring_token_count,0.07144903839417262,-0.554199322098262,0.0036363636363636364,-0.03780507780507783
ChemSpacE adapted extreme-SVM,train_std_unit,BertzCT,29,token_entropy,0.04967960437793231,-0.7852109120721692,0.0002972278228768197,-0.010131712332272785
ChemSpacE adapted extreme-SVM,train_std_unit,BertzCT,30,selfies_len_tokens,0.9152389511282492,-0.11388837913572855,0.733073593073593,0.06769860769860721
ChemSpacE adapted extreme-SVM,train_std_unit,BertzCT,30,branch_token_count,0.06931623127792866,-0.5584788535430362,0.0032900432900432896,-0.048190008190008224
ChemSpacE adapted extreme-SVM,train_std_unit,BertzCT,30,ring_token_count,0.06931623127792866,-0.5584788535430362,0.003290043290043291,-0.051793611793611846
ChemSpacE adapted extreme-SVM,train_std_unit,BertzCT,30,token_entropy,0.06291780992919678,-0.5691776821549718,0.0003156938163148337,-0.007302268243816276
ChemSpacE adapted extreme-SVM,train_std_unit,BertzCT,31,selfies_len_tokens,0.8361561735575179,0.10126824668185949,0.7167099567099567,0.20327600327600304
ChemSpacE adapted extreme-SVM,train_std_unit,BertzCT,31,branch_token_count,0.3519947346980235,-0.4858629119347339,0.05688311688311688,-0.14337428337428354
ChemSpacE adapted extreme-SVM,train_std_unit,BertzCT,31,ring_token_count,0.06724233116481365,-0.5627164058996672,0.0013852813852813855,-0.023325143325143346
ChemSpacE adapted extreme-SVM,train_std_unit,BertzCT,31,token_entropy,0.29938892819370355,-0.5875370995760281,0.001417868155368662,-0.009734423817052999
ChemSpacE adapted extreme-SVM,train_std_unit,BertzCT,32,selfies_len_tokens,0.9314142298314255,-0.05035974843130283,0.7205194805194806,0.22640458640458613
ChemSpacE adapted extreme-SVM,train_std_unit,BertzCT,32,branch_token_count,0.25722530115175424,-0.5577787316777788,0.013073593073593076,-0.057968877968878035
ChemSpacE adapted extreme-SVM,train_std_unit,BertzCT,32,ring_token_count,0.07144903839417262,-0.554199322098262,0.004329004329004329,-0.04406224406224409
ChemSpacE adapted extreme-SVM,train_std_unit,BertzCT,32,token_entropy,0.16645007571529583,-0.8051455171094779,0.0008622152221895911,-0.012369971233509509
ChemSpacE adapted extreme-SVM,train_std_unit,BertzCT,33,selfies_len_tokens,0.8267882738172494,0.1175218755090129,0.7153246753246753,0.25303849303849274
ChemSpacE adapted extreme-SVM,train_std_unit,BertzCT,33,branch_token_count,0.17726401484061755,-0.5971667666027832,0.004502164502164502,-0.0343652743652744
ChemSpacE adapted extreme-SVM,train_std_unit,BertzCT,33,ring_token_count,0.07144903839417262,-0.554199322098262,0.00406926406926407,-0.03788697788697792
ChemSpacE adapted extreme-SVM,train_std_unit,BertzCT,33,token_entropy,0.1486161390315141,-0.8163280937359985,0.0005576675314610458,-0.010427073839565225
ChemSpacE adapted extreme-SVM,train_std_unit,BertzCT,34,selfies_len_tokens,0.8808980736475264,-0.06337808153704445,0.7266666666666668,0.021081081081080654
ChemSpacE adapted extreme-SVM,train_std_unit,BertzCT,34,branch_token_count,0.16939930673131018,-0.6814421442957223,0.016883116883116885,-0.10881244881244892
ChemSpacE adapted extreme-SVM,train_std_unit,BertzCT,34,ring_token_count,0.04075106343425426,-0.6741109335742413,0.0019913419913419918,-0.04725634725634729
ChemSpacE adapted extreme-SVM,train_std_unit,BertzCT,34,token_entropy,0.1302406588110148,-0.736627256183538,0.0005089434108224718,-0.010972747705011795
ChemSpacE adapted extreme-SVM,train_std_unit,BertzCT,35,selfies_len_tokens,0.856120265144454,-0.025179874215651415,0.7263203463203464,0.04588042588042544
ChemSpacE adapted extreme-SVM,train_std_unit,BertzCT,35,branch_token_count,0.1611728152786308,-0.696610919650286,0.009004329004329004,-0.07885339885339894
ChemSpacE adapted extreme-SVM,train_std_unit,BertzCT,35,ring_token_count,0.06931623127792866,-0.5584788535430362,0.003116883116883117,-0.048877968877968914
ChemSpacE adapted extreme-SVM,train_std_unit,BertzCT,35,token_entropy,0.09515462058869648,-0.8133935011303534,0.00037053670007652684,-0.010956014357281081
ChemSpacE adapted extreme-SVM,train_std_unit,BertzCT,36,selfies_len_tokens,0.9345462125420142,-0.1882161590973927,0.7314285714285714,0.06522522522522493
ChemSpacE adapted extreme-SVM,train_std_unit,BertzCT,36,branch_token_count,0.1155394210843033,-0.5966843472941565,0.0059740259740259745,-0.06995904995905003
ChemSpacE adapted extreme-SVM,train_std_unit,BertzCT,36,ring_token_count,0.06724233116481365,-0.5627164058996672,0.003376623376623377,-0.05685503685503689
ChemSpacE adapted extreme-SVM,train_std_unit,BertzCT,36,token_entropy,0.0842873011742152,-0.7148565673201202,0.0005293220540347238,-0.01009186581575397
ChemSpacE adapted extreme-SVM,train_std_unit,BertzCT,37,selfies_len_tokens,0.8729134876223192,0.03714934878421648,0.7192207792207793,0.17443079443079396
ChemSpacE adapted extreme-SVM,train_std_unit,BertzCT,37,branch_token_count,0.17256887292459464,-0.674561101560535,0.013593073593073594,-0.07143325143325151
ChemSpacE adapted extreme-SVM,train_std_unit,BertzCT,37,ring_token_count,0.06931623127792866,-0.5584788535430362,0.003896103896103897,-0.05298935298935303
ChemSpacE adapted extreme-SVM,train_std_unit,BertzCT,37,token_entropy,0.1432647246921163,-0.7243773572447874,0.0007287791327279787,-0.01014209632344923
ChemSpacE adapted extreme-SVM,train_std_unit,BertzCT,38,selfies_len_tokens,0.9314142298314255,-0.05035974843130283,0.7205194805194806,0.20229320229320202
ChemSpacE adapted extreme-SVM,train_std_unit,BertzCT,38,branch_token_count,0.17726401484061755,-0.5971667666027832,0.00632034632034632,-0.0505651105651106
ChemSpacE adapted extreme-SVM,train_std_unit,BertzCT,38,ring_token_count,0.06931623127792866,-0.5584788535430362,0.0030303030303030303,-0.04201474201474206
ChemSpacE adapted extreme-SVM,train_std_unit,BertzCT,38,token_entropy,0.09515462058869648,-0.8079605292716582,0.00032772519839041164,-0.010399552508206419
ChemSpacE adapted extreme-SVM,train_std_unit,BertzCT,39,selfies_len_tokens,0.9187795405622854,0.0,0.7206060606060606,0.23120393120393098
ChemSpacE adapted extreme-SVM,train_std_unit,BertzCT,39,branch_token_count,0.2507132682112035,-0.5700286306165294,0.013593073593073594,-0.06491400491400498
ChemSpacE adapted extreme-SVM,train_std_unit,BertzCT,39,ring_token_count,0.06931623127792866,-0.5584788535430362,0.002251082251082251,-0.028894348894348925
ChemSpacE adapted extreme-SVM,train_std_unit,BertzCT,39,token_entropy,0.2295491611544136,-0.6100449671497815,0.000643173360676406,-0.008313006216768512
ChemSpacE adapted extreme-SVM,train_std_unit,BertzCT,40,selfies_len_tokens,0.8425961945470211,0.08898371496931187,0.7173160173160174,0.22402948402948358
ChemSpacE adapted extreme-SVM,train_std_unit,BertzCT,40,branch_token_count,0.18530007670540105,-0.5825885041301959,0.010649350649350652,-0.06399672399672403
ChemSpacE adapted extreme-SVM,train_std_unit,BertzCT,40,ring_token_count,0.07144903839417262,-0.554199322098262,0.003203463203463204,-0.03592137592137595
ChemSpacE adapted extreme-SVM,train_std_unit,BertzCT,40,token_entropy,0.166836719849993,-0.616345845238201,0.0005842418865322729,-0.00835904526514644
ChemSpacE adapted extreme-SVM,train_std_unit,BertzCT,41,selfies_len_tokens,0.9155936261855956,-0.11526731527597045,0.7281385281385282,0.06208026208026168
ChemSpacE adapted extreme-SVM,train_std_unit,BertzCT,41,branch_token_count,0.11656699540495986,-0.59519526716146,0.005194805194805195,-0.06044226044226048
ChemSpacE adapted extreme-SVM,train_std_unit,BertzCT,41,ring_token_count,0.06931623127792866,-0.5584788535430362,0.003896103896103897,-0.05479115479115484
ChemSpacE adapted extreme-SVM,train_std_unit,BertzCT,41,token_entropy,0.04884024705413055,-0.7831768721507905,0.00028654540433784253,-0.009776145233329477
ChemSpacE adapted extreme-SVM,train_std_unit,BertzCT,42,selfies_len_tokens,0.7882388126212005,0.09383085028741188,0.6873593073593074,0.12859950859950828
ChemSpacE adapted extreme-SVM,train_std_unit,BertzCT,42,branch_token_count,0.1611728152786308,-0.696610919650286,0.011082251082251084,-0.07960687960687968
ChemSpacE adapted extreme-SVM,train_std_unit,BertzCT,42,ring_token_count,0.06931623127792866,-0.5584788535430362,0.0033766233766233766,-0.0496478296478297
ChemSpacE adapted extreme-SVM,train_std_unit,BertzCT,42,token_entropy,0.13675269175156554,-0.7309106366787876,0.0005492662308100711,-0.01036350120383007
ChemSpacE adapted extreme-SVM,train_std_unit,BertzCT,43,selfies_len_tokens,0.6648161185790917,0.3161231851358862,0.5754112554112554,0.4815069615069613
ChemSpacE adapted extreme-SVM,train_std_unit,BertzCT,43,branch_token_count,0.25979989830426903,-0.5527525307146955,0.02173160173160173,-0.08663390663390672
ChemSpacE adapted extreme-SVM,train_std_unit,BertzCT,43,ring_token_count,0.06931623127792866,-0.5584788535430362,0.001904761904761905,-0.026666666666666686
ChemSpacE adapted extreme-SVM,train_std_unit,BertzCT,43,token_entropy,0.20113984839887056,-0.7256898125542751,0.000860265972810563,-0.010639889542689853
ChemSpacE adapted extreme-SVM,train_std_unit,BertzCT,44,selfies_len_tokens,0.831249023577458,0.015302038520652232,0.7237229437229439,0.03818181818181772
ChemSpacE adapted extreme-SVM,train_std_unit,BertzCT,44,branch_token_count,0.09134510823505686,-0.7065249349713763,0.004415584415584416,-0.07366093366093372
ChemSpacE adapted extreme-SVM,train_std_unit,BertzCT,44,ring_token_count,0.028030595529069405,-0.494692417806554,0.0015584415584415584,-0.035249795249795275
ChemSpacE adapted extreme-SVM,train_std_unit,BertzCT,44,token_entropy,0.07907365367890291,-0.7183436725265597,0.00021772126608458363,-0.007742876726114059
ChemSpacE adapted extreme-SVM,train_std_unit,BertzCT,45,selfies_len_tokens,0.654705592564341,0.24613829269427442,0.5683116883116883,0.35292383292383267
ChemSpacE adapted extreme-SVM,train_std_unit,BertzCT,45,branch_token_count,0.17910605905711585,-0.594025125296046,0.009004329004329004,-0.06152334152334159
ChemSpacE adapted extreme-SVM,train_std_unit,BertzCT,45,ring_token_count,0.06931623127792866,-0.5584788535430362,0.003376623376623377,-0.05325143325143329
ChemSpacE adapted extreme-SVM,train_std_unit,BertzCT,45,token_entropy,0.14163671645697862,-0.7268273370325375,0.0006025495495742904,-0.009696946051189289
ChemSpacE adapted extreme-SVM,train_std_unit,BertzCT,46,selfies_len_tokens,0.8484325284710867,0.07663542992140718,0.7171428571428572,0.18465192465192437
ChemSpacE adapted extreme-SVM,train_std_unit,BertzCT,46,branch_token_count,0.16777046724350916,-0.6843019134864117,0.013506493506493506,-0.08438984438984447
ChemSpacE adapted extreme-SVM,train_std_unit,BertzCT,46,ring_token_count,0.06931623127792866,-0.5584788535430362,0.002077922077922078,-0.031384111384111416
ChemSpacE adapted extreme-SVM,train_std_unit,BertzCT,46,token_entropy,0.13675269175156554,-0.7309106366787876,0.0005796251739957911,-0.009842490260364435
ChemSpacE adapted extreme-SVM,train_std_unit,BertzCT,47,selfies_len_tokens,0.9155936261855956,-0.11526731527597045,0.7326406926406928,0.045995085995085574
ChemSpacE adapted extreme-SVM,train_std_unit,BertzCT,47,branch_token_count,0.0964524786632772,-0.6991645938911418,0.005281385281385283,-0.07382473382473388
ChemSpacE adapted extreme-SVM,train_std_unit,BertzCT,47,ring_token_count,0.06505061704544074,-0.5659680335713911,0.0023376623376623377,-0.042964782964783
ChemSpacE adapted extreme-SVM,train_std_unit,BertzCT,47,token_entropy,0.08602518367265262,-0.7122412384152904,0.0003864085418692158,-0.009756403483537604
ChemSpacE adapted extreme-SVM,train_std_unit,BertzCT,48,selfies_len_tokens,0.9479985752633275,-0.11545042108188122,0.7244155844155844,0.1787551187551186
ChemSpacE adapted extreme-SVM,train_std_unit,BertzCT,48,branch_token_count,0.1137238979560584,-0.6004246185502587,0.002077922077922078,-0.027780507780507807
ChemSpacE adapted extreme-SVM,train_std_unit,BertzCT,48,ring_token_count,0.028030595529069405,-0.494692417806554,0.0012987012987012987,-0.030876330876330904
ChemSpacE adapted extreme-SVM,train_std_unit,BertzCT,48,token_entropy,0.14942276332440993,-0.8151837489606875,0.00029151536963602687,-0.00848560672009712
ChemSpacE adapted extreme-SVM,train_std_unit,BertzCT,49,selfies_len_tokens,0.8484325284710867,0.07663542992140718,0.7174025974025974,0.18859950859950836
ChemSpacE adapted extreme-SVM,train_std_unit,BertzCT,49,branch_token_count,0.16532720801180756,-0.6887958365003524,0.008744588744588746,-0.0582637182637183
ChemSpacE adapted extreme-SVM,train_std_unit,BertzCT,49,ring_token_count,0.07144903839417262,-0.554199322098262,0.00458874458874459,-0.05023751023751027
ChemSpacE adapted extreme-SVM,train_std_unit,BertzCT,49,token_entropy,0.1432647246921163,-0.7243773572447874,0.0006214324788448708,-0.009642501999398484
ChemSpacE adapted extreme-SVM,native_l2,HeavyAtomCount,0,selfies_len_tokens,0.8864052604279183,0.0,0.7333333333333334,0.06126126126126087
ChemSpacE adapted extreme-SVM,native_l2,HeavyAtomCount,0,branch_token_count,0.06505061704544074,-0.5659680335713911,0.0014718614718614716,-0.03559377559377563
ChemSpacE adapted extreme-SVM,native_l2,HeavyAtomCount,0,ring_token_count,0.028030595529069405,-0.494692417806554,0.0013852813852813855,-0.03233415233415236
ChemSpacE adapted extreme-SVM,native_l2,HeavyAtomCount,0,token_entropy,0.4314221823114865,-0.2041649823125105,0.001116732987503577,-0.005407855960970931
ChemSpacE adapted extreme-SVM,native_l2,HeavyAtomCount,1,selfies_len_tokens,0.9027375393407903,-0.06494936824868619,0.7332467532467531,0.09223587223587176
ChemSpacE adapted extreme-SVM,native_l2,HeavyAtomCount,1,branch_token_count,0.028030595529069405,-0.494692417806554,0.0011255411255411255,-0.024357084357084377
ChemSpacE adapted extreme-SVM,native_l2,HeavyAtomCount,1,ring_token_count,0.028030595529069405,-0.494692417806554,0.0013852813852813855,-0.026928746928746954
ChemSpacE adapted extreme-SVM,native_l2,HeavyAtomCount,1,token_entropy,0.2279211529192759,-0.6124949469375316,0.0008673628870288742,-0.008861953831187538
ChemSpacE adapted extreme-SVM,native_l2,HeavyAtomCount,2,selfies_len_tokens,0.9027375393407903,-0.06494936824868619,0.7332467532467531,0.11385749385749333
ChemSpacE adapted extreme-SVM,native_l2,HeavyAtomCount,2,branch_token_count,0.028030595529069405,-0.494692417806554,0.0013852813852813855,-0.026928746928746954
ChemSpacE adapted extreme-SVM,native_l2,HeavyAtomCount,2,ring_token_count,0.028030595529069405,-0.494692417806554,0.0015584415584415584,-0.029844389844389863
ChemSpacE adapted extreme-SVM,native_l2,HeavyAtomCount,2,token_entropy,0.30712507620904467,-0.5720143228368992,0.0008738443365628447,-0.007231128001095367
ChemSpacE adapted extreme-SVM,native_l2,HeavyAtomCount,3,selfies_len_tokens,0.9027375393407903,-0.06494936824868619,0.7332467532467531,0.06160524160524112
ChemSpacE adapted extreme-SVM,native_l2,HeavyAtomCount,3,branch_token_count,0.6312409771176487,-0.2800595528440969,0.10233766233766234,-0.10332514332514345
ChemSpacE adapted extreme-SVM,native_l2,HeavyAtomCount,3,ring_token_count,0.028030595529069405,-0.494692417806554,0.0012987012987012987,-0.027272727272727303
ChemSpacE adapted extreme-SVM,native_l2,HeavyAtomCount,3,token_entropy,0.5498810289558185,-0.4383846769393778,0.002110326792685964,-0.00837013025623559
ChemSpacE adapted extreme-SVM,native_l2,HeavyAtomCount,4,selfies_len_tokens,0.8864052604279183,0.0,0.7333333333333334,0.06486486486486429
ChemSpacE adapted extreme-SVM,native_l2,HeavyAtomCount,4,branch_token_count,0.11175124334383434,-0.6033352874710022,0.0021645021645021645,-0.04365274365274368
ChemSpacE adapted extreme-SVM,native_l2,HeavyAtomCount,4,ring_token_count,0.028030595529069405,-0.494692417806554,0.001038961038961039,-0.026502866502866523
ChemSpacE adapted extreme-SVM,native_l2,HeavyAtomCount,4,token_entropy,0.3982912526044578,-0.5054524635187277,0.001016295883320596,-0.006405109551266776
ChemSpacE adapted extreme-SVM,native_l2,HeavyAtomCount,5,selfies_len_tokens,0.9027375393407903,-0.06494936824868619,0.7331601731601732,0.034922194922194456
ChemSpacE adapted extreme-SVM,native_l2,HeavyAtomCount,5,branch_token_count,0.23862498496285522,-0.5923807609285354,0.010909090909090908,-0.06837018837018843
ChemSpacE adapted extreme-SVM,native_l2,HeavyAtomCount,5,ring_token_count,0.028030595529069405,-0.494692417806554,0.002077922077922078,-0.05120393120393126
ChemSpacE adapted extreme-SVM,native_l2,HeavyAtomCount,5,token_entropy,0.29784169859063525,-0.5898655160868974,0.0012906784375880623,-0.009536164955234076
ChemSpacE adapted extreme-SVM,native_l2,HeavyAtomCount,6,selfies_len_tokens,0.9027375393407903,-0.06494936824868619,0.7331601731601732,0.04933660933660896
ChemSpacE adapted extreme-SVM,native_l2,HeavyAtomCount,6,branch_token_count,0.06505061704544074,-0.5659680335713911,0.001471861471861472,-0.030188370188370214
ChemSpacE adapted extreme-SVM,native_l2,HeavyAtomCount,6,ring_token_count,0.028030595529069405,-0.494692417806554,0.001471861471861472,-0.031990171990172026
ChemSpacE adapted extreme-SVM,native_l2,HeavyAtomCount,6,token_entropy,0.14163671645697862,-0.7268273370325375,0.0008479806973212425,-0.010348301340107788
ChemSpacE adapted extreme-SVM,native_l2,HeavyAtomCount,7,selfies_len_tokens,0.9027375393407903,-0.06494936824868619,0.7332467532467531,0.10665028665028618
ChemSpacE adapted extreme-SVM,native_l2,HeavyAtomCount,7,branch_token_count,0.028030595529069405,-0.494692417806554,0.0018181818181818182,-0.03601965601965605
ChemSpacE adapted extreme-SVM,native_l2,HeavyAtomCount,7,ring_token_count,0.028030595529069405,-0.494692417806554,0.0018181818181818182,-0.03421785421785425
ChemSpacE adapted extreme-SVM,native_l2,HeavyAtomCount,7,token_entropy,0.166836719849993,-0.616345845238201,0.0008114949224860456,-0.009175199650463792
ChemSpacE adapted extreme-SVM,native_l2,HeavyAtomCount,8,selfies_len_tokens,0.9027375393407903,-0.06494936824868619,0.7332467532467531,0.063407043407043
ChemSpacE adapted extreme-SVM,native_l2,HeavyAtomCount,8,branch_token_count,0.06505061704544074,-0.5659680335713911,0.0016450216450216455,-0.038509418509418546
ChemSpacE adapted extreme-SVM,native_l2,HeavyAtomCount,8,ring_token_count,0.028030595529069405,-0.494692417806554,0.0007792207792207792,-0.023931203931203945
ChemSpacE adapted extreme-SVM,native_l2,HeavyAtomCount,8,token_entropy,0.24094521880037736,-0.5863618292015302,0.000520764586695319,-0.006015057982133998
ChemSpacE adapted extreme-SVM,native_l2,HeavyAtomCount,9,selfies_len_tokens,0.9027375393407903,-0.06494936824868619,0.7332467532467531,0.10484848484848429
ChemSpacE adapted extreme-SVM,native_l2,HeavyAtomCount,9,branch_token_count,0.028030595529069405,-0.494692417806554,0.0019913419913419913,-0.04073710073710076
ChemSpacE adapted extreme-SVM,native_l2,HeavyAtomCount,9,ring_token_count,0.028030595529069405,-0.494692417806554,0.0012121212121212123,-0.022211302211302235
ChemSpacE adapted extreme-SVM,native_l2,HeavyAtomCount,9,token_entropy,0.3204242228062377,-0.5458772166904476,0.0006673450938920126,-0.006946604842410895
ChemSpacE adapted extreme-SVM,native_l2,HeavyAtomCount,10,selfies_len_tokens,0.9027375393407903,-0.06494936824868619,0.7332467532467531,0.04899262899262851
ChemSpacE adapted extreme-SVM,native_l2,HeavyAtomCount,10,branch_token_count,0.8362534950957715,0.008279426632301754,0.1412121212121212,0.018689598689598578
ChemSpacE adapted extreme-SVM,native_l2,HeavyAtomCount,10,ring_token_count,0.028030595529069405,-0.494692417806554,0.0006926406926406927,-0.017067977067977084
ChemSpacE adapted extreme-SVM,native_l2,HeavyAtomCount,10,token_entropy,0.6480372691776387,-0.36127193274318675,0.0030877586574703814,-0.0074754035770708905
ChemSpacE adapted extreme-SVM,native_l2,HeavyAtomCount,11,selfies_len_tokens,0.9027375393407903,-0.06494936824868619,0.7332467532467531,0.09944307944307886
ChemSpacE adapted extreme-SVM,native_l2,HeavyAtomCount,11,branch_token_count,0.028030595529069405,-0.494692417806554,0.0013852813852813855,-0.028730548730548755
ChemSpacE adapted extreme-SVM,native_l2,HeavyAtomCount,11,ring_token_count,0.028030595529069405,-0.494692417806554,0.0012987012987012987,-0.025470925470925495
ChemSpacE adapted extreme-SVM,native_l2,HeavyAtomCount,11,token_entropy,0.41761135067855465,-0.467431702988558,0.0012897033160086035,-0.005682518694085677
ChemSpacE adapted extreme-SVM,native_l2,HeavyAtomCount,12,selfies_len_tokens,0.9027375393407903,-0.06494936824868619,0.7332467532467531,0.05079443079443008
ChemSpacE adapted extreme-SVM,native_l2,HeavyAtomCount,12,branch_token_count,0.11175124334383434,-0.6033352874710022,0.00380952380952381,-0.05873873873873879
ChemSpacE adapted extreme-SVM,native_l2,HeavyAtomCount,12,ring_token_count,0.028030595529069405,-0.494692417806554,0.0011255411255411255,-0.031564291564291594
ChemSpacE adapted extreme-SVM,native_l2,HeavyAtomCount,12,token_entropy,0.2295491611544136,-0.6092283072205316,0.0008054274731584823,-0.007880355229812437
ChemSpacE adapted extreme-SVM,native_l2,HeavyAtomCount,13,selfies_len_tokens,0.9027375393407903,-0.06494936824868619,0.7332467532467531,0.10484848484848429
ChemSpacE adapted extreme-SVM,native_l2,HeavyAtomCount,13,branch_token_count,0.06505061704544074,-0.5659680335713911,0.002337662337662338,-0.04296478296478301
ChemSpacE adapted extreme-SVM,native_l2,HeavyAtomCount,13,ring_token_count,0.028030595529069405,-0.494692417806554,0.0016450216450216455,-0.029500409500409525
ChemSpacE adapted extreme-SVM,native_l2,HeavyAtomCount,13,token_entropy,0.2295491611544136,-0.6100449671497815,0.0008277683277057619,-0.007504126317795727
ChemSpacE adapted extreme-SVM,native_l2,HeavyAtomCount,14,selfies_len_tokens,0.8864052604279183,0.0,0.7333333333333334,0.07927927927927884
ChemSpacE adapted extreme-SVM,native_l2,HeavyAtomCount,14,branch_token_count,0.7990741525346383,0.17550319321214836,0.11835497835497835,0.1404914004914005
ChemSpacE adapted extreme-SVM,native_l2,HeavyAtomCount,14,ring_token_count,0.028030595529069405,-0.494692417806554,0.0008658008658008659,-0.0217854217854218
ChemSpacE adapted extreme-SVM,native_l2,HeavyAtomCount,14,token_entropy,0.7689859005405912,-0.11927489382551776,0.0028590471482236347,-0.003999678327603157
ChemSpacE adapted extreme-SVM,native_l2,HeavyAtomCount,15,selfies_len_tokens,0.9027375393407903,-0.06494936824868619,0.7332467532467531,0.0868304668304662
ChemSpacE adapted extreme-SVM,native_l2,HeavyAtomCount,15,branch_token_count,0.028030595529069405,-0.494692417806554,0.001038961038961039,-0.02289926289926292
ChemSpacE adapted extreme-SVM,native_l2,HeavyAtomCount,15,ring_token_count,0.028030595529069405,-0.494692417806554,0.0013852813852813855,-0.028730548730548755
ChemSpacE adapted extreme-SVM,native_l2,HeavyAtomCount,15,token_entropy,0.3023915547281123,-0.3434798628343016,0.0009117619953897338,-0.005597686473445845
ChemSpacE adapted extreme-SVM,native_l2,HeavyAtomCount,16,selfies_len_tokens,0.8864052604279183,0.0,0.7333333333333334,0.07027027027026994
ChemSpacE adapted extreme-SVM,native_l2,HeavyAtomCount,16,branch_token_count,0.17031248484686784,-0.6102434111269318,0.003982683982683983,-0.047239967239967276
ChemSpacE adapted extreme-SVM,native_l2,HeavyAtomCount,16,ring_token_count,0.028030595529069405,-0.494692417806554,0.0012121212121212123,-0.031220311220311246
ChemSpacE adapted extreme-SVM,native_l2,HeavyAtomCount,16,token_entropy,0.2295491611544136,-0.6092283072205316,0.0009726149919337708,-0.008925674095901729
ChemSpacE adapted extreme-SVM,native_l2,HeavyAtomCount,17,selfies_len_tokens,0.9027375393407903,-0.06494936824868619,0.7332467532467531,0.02917280917280852
ChemSpacE adapted extreme-SVM,native_l2,HeavyAtomCount,17,branch_token_count,0.39977741399477296,-0.5032159481934237,0.014632034632034633,-0.06619164619164623
ChemSpacE adapted extreme-SVM,native_l2,HeavyAtomCount,17,ring_token_count,0.028030595529069405,-0.494692417806554,0.0009523809523809525,-0.030450450450450476
ChemSpacE adapted extreme-SVM,native_l2,HeavyAtomCount,17,token_entropy,0.3864019614819367,-0.5293086269886383,0.0015023093695764385,-0.007973173451944511
ChemSpacE adapted extreme-SVM,native_l2,HeavyAtomCount,18,selfies_len_tokens,0.8864052604279183,0.0,0.7333333333333334,0.055855855855855376
ChemSpacE adapted extreme-SVM,native_l2,HeavyAtomCount,18,branch_token_count,0.619463038248947,0.05321457864868117,0.018181818181818184,-0.012448812448812468
ChemSpacE adapted extreme-SVM,native_l2,HeavyAtomCount,18,ring_token_count,0.028030595529069405,-0.494692417806554,0.0008658008658008659,-0.023587223587223604
ChemSpacE adapted extreme-SVM,native_l2,HeavyAtomCount,18,token_entropy,0.7277534125759483,-0.20131947397139413,0.002466330848179762,-0.005810831126622774
ChemSpacE adapted extreme-SVM,native_l2,HeavyAtomCount,19,selfies_len_tokens,0.8864052604279183,0.0,0.7333333333333334,0.0666666666666662
ChemSpacE adapted extreme-SVM,native_l2,HeavyAtomCount,19,branch_token_count,0.06931623127792866,-0.5584788535430362,0.005714285714285715,-0.07639639639639645
ChemSpacE adapted extreme-SVM,native_l2,HeavyAtomCount,19,ring_token_count,0.028030595529069405,-0.494692417806554,0.001471861471861472,-0.039197379197379235
ChemSpacE adapted extreme-SVM,native_l2,HeavyAtomCount,19,token_entropy,0.5022804723058975,-0.4143977691112689,0.0014213012685250275,-0.007379039474798053
ChemSpacE adapted extreme-SVM,native_l2,HeavyAtomCount,20,selfies_len_tokens,0.9027375393407903,-0.06494936824868619,0.733073593073593,0.0298607698607693
ChemSpacE adapted extreme-SVM,native_l2,HeavyAtomCount,20,branch_token_count,0.06505061704544074,-0.5659680335713911,0.0015584415584415584,-0.04425880425880429
ChemSpacE adapted extreme-SVM,native_l2,HeavyAtomCount,20,ring_token_count,0.028030595529069405,-0.494692417806554,0.0006926406926406927,-0.020671580671580685
ChemSpacE adapted extreme-SVM,native_l2,HeavyAtomCount,20,token_entropy,0.20268707800193883,-0.7156000076738414,0.0005102207144738467,-0.00824662926743744
ChemSpacE adapted extreme-SVM,native_l2,HeavyAtomCount,21,selfies_len_tokens,0.9027375393407903,-0.06494936824868619,0.7332467532467531,0.04899262899262851
ChemSpacE adapted extreme-SVM,native_l2,HeavyAtomCount,21,branch_token_count,0.028030595529069405,-0.494692417806554,0.0009523809523809525,-0.02864864864864868
ChemSpacE adapted extreme-SVM,native_l2,HeavyAtomCount,21,ring_token_count,0.028030595529069405,-0.494692417806554,0.0008658008658008659,-0.030794430794430814
ChemSpacE adapted extreme-SVM,native_l2,HeavyAtomCount,21,token_entropy,0.16509883735155553,-0.6189611741430308,0.0006915986526756067,-0.007877386557825612
ChemSpacE adapted extreme-SVM,native_l2,HeavyAtomCount,22,selfies_len_tokens,0.9027375393407903,-0.06494936824868619,0.7332467532467531,0.052596232596231876
ChemSpacE adapted extreme-SVM,native_l2,HeavyAtomCount,22,branch_token_count,0.06505061704544074,-0.5659680335713911,0.0017316017316017318,-0.0435708435708436
ChemSpacE adapted extreme-SVM,native_l2,HeavyAtomCount,22,ring_token_count,0.028030595529069405,-0.494692417806554,0.001471861471861472,-0.03559377559377563
ChemSpacE adapted extreme-SVM,native_l2,HeavyAtomCount,22,token_entropy,0.23280517762468897,-0.6026950277865311,0.0006126929673280132,-0.007356273220484565
ChemSpacE adapted extreme-SVM,native_l2,HeavyAtomCount,23,selfies_len_tokens,0.9027375393407903,-0.06494936824868619,0.7332467532467531,0.0868304668304662
ChemSpacE adapted extreme-SVM,native_l2,HeavyAtomCount,23,branch_token_count,0.028030595529069405,-0.494692417806554,0.001038961038961039,-0.024701064701064722
ChemSpacE adapted extreme-SVM,native_l2,HeavyAtomCount,23,ring_token_count,0.028030595529069405,-0.494692417806554,0.001038961038961039,-0.019295659295659316
ChemSpacE adapted extreme-SVM,native_l2,HeavyAtomCount,23,token_entropy,0.166836719849993,-0.616345845238201,0.0007959389388401394,-0.008302668166741875
ChemSpacE adapted extreme-SVM,native_l2,HeavyAtomCount,24,selfies_len_tokens,0.9027375393407903,-0.06494936824868619,0.7332467532467531,0.0904340704340699
ChemSpacE adapted extreme-SVM,native_l2,HeavyAtomCount,24,branch_token_count,0.23373846649945207,-0.6030027607796679,0.004155844155844156,-0.04114660114660117
ChemSpacE adapted extreme-SVM,native_l2,HeavyAtomCount,24,ring_token_count,0.028030595529069405,-0.494692417806554,0.0009523809523809525,-0.019639639639639654
ChemSpacE adapted extreme-SVM,native_l2,HeavyAtomCount,24,token_entropy,0.24257322703551507,-0.5839118494137802,0.0005371974415320121,-0.006368542630137031
ChemSpacE adapted extreme-SVM,native_l2,HeavyAtomCount,25,selfies_len_tokens,0.9027375393407903,-0.06494936824868619,0.7332467532467531,0.04719082719082665
ChemSpacE adapted extreme-SVM,native_l2,HeavyAtomCount,25,branch_token_count,0.06505061704544074,-0.5659680335713911,0.0014718614718614716,-0.039197379197379235
ChemSpacE adapted extreme-SVM,native_l2,HeavyAtomCount,25,ring_token_count,0.028030595529069405,-0.494692417806554,0.001038961038961039,-0.030106470106470138
ChemSpacE adapted extreme-SVM,native_l2,HeavyAtomCount,25,token_entropy,0.23280517762468897,-0.6026950277865311,0.0006455064953084015,-0.007611948793172504
ChemSpacE adapted extreme-SVM,native_l2,HeavyAtomCount,26,selfies_len_tokens,0.9027375393407903,-0.06494936824868619,0.7332467532467531,0.0796232596232591
ChemSpacE adapted extreme-SVM,native_l2,HeavyAtomCount,26,branch_token_count,0.028030595529069405,-0.494692417806554,0.0018181818181818182,-0.03962325962325965
ChemSpacE adapted extreme-SVM,native_l2,HeavyAtomCount,26,ring_token_count,0.028030595529069405,-0.494692417806554,0.0012987012987012987,-0.027272727272727303
ChemSpacE adapted extreme-SVM,native_l2,HeavyAtomCount,26,token_entropy,0.36359895672103526,-0.4586980526412584,0.0010178998528627872,-0.007029130083848079
ChemSpacE adapted extreme-SVM,native_l2,HeavyAtomCount,27,selfies_len_tokens,0.9027375393407903,-0.06494936824868619,0.7332467532467531,0.05980343980343905
ChemSpacE adapted extreme-SVM,native_l2,HeavyAtomCount,27,branch_token_count,0.25722530115175424,-0.5561454118192788,0.013506493506493506,-0.05985257985257989
ChemSpacE adapted extreme-SVM,native_l2,HeavyAtomCount,27,ring_token_count,0.028030595529069405,-0.494692417806554,0.001038961038961039,-0.024701064701064722
ChemSpacE adapted extreme-SVM,native_l2,HeavyAtomCount,27,token_entropy,0.24094521880037736,-0.5863618292015302,0.00067855439905374,-0.006227767264426961
ChemSpacE adapted extreme-SVM,native_l2,HeavyAtomCount,28,selfies_len_tokens,0.9027375393407903,-0.06494936824868619,0.7331601731601732,0.09257985257985202
ChemSpacE adapted extreme-SVM,native_l2,HeavyAtomCount,28,branch_token_count,0.028030595529069405,-0.494692417806554,0.001038961038961039,-0.02289926289926292
ChemSpacE adapted extreme-SVM,native_l2,HeavyAtomCount,28,ring_token_count,0.028030595529069405,-0.494692417806554,0.001038961038961039,-0.019295659295659316
ChemSpacE adapted extreme-SVM,native_l2,HeavyAtomCount,28,token_entropy,0.09297671366640235,-0.7052670280024113,0.0004250355433610231,-0.0078052280417569815
ChemSpacE adapted extreme-SVM,native_l2,HeavyAtomCount,29,selfies_len_tokens,0.9027375393407903,-0.06494936824868619,0.7332467532467531,0.09944307944307886
ChemSpacE adapted extreme-SVM,native_l2,HeavyAtomCount,29,branch_token_count,0.028030595529069405,-0.494692417806554,0.0016450216450216455,-0.03310401310401313
ChemSpacE adapted extreme-SVM,native_l2,HeavyAtomCount,29,ring_token_count,0.028030595529069405,-0.494692417806554,0.0013852813852813855,-0.026928746928746954
ChemSpacE adapted extreme-SVM,native_l2,HeavyAtomCount,29,token_entropy,0.1685746023484304,-0.6128587400317614,0.000952586182775034,-0.009083814023722577
ChemSpacE adapted extreme-SVM,native_l2,HeavyAtomCount,30,selfies_len_tokens,0.8864052604279183,0.0,0.7333333333333334,0.07027027027026994
ChemSpacE adapted extreme-SVM,native_l2,HeavyAtomCount,30,branch_token_count,0.8505255662524263,0.2778103772973455,0.45627705627705617,0.6127764127764128
ChemSpacE adapted extreme-SVM,native_l2,HeavyAtomCount,30,ring_token_count,0.028030595529069405,-0.494692417806554,0.0012987012987012987,-0.032678132678132715
ChemSpacE adapted extreme-SVM,native_l2,HeavyAtomCount,30,token_entropy,0.6915829119769029,-0.27450103753856,0.001841243324851971,-0.006540234997504941
ChemSpacE adapted extreme-SVM,native_l2,HeavyAtomCount,31,selfies_len_tokens,0.9027375393407903,-0.06494936824868619,0.7331601731601732,0.07095823095823052
ChemSpacE adapted extreme-SVM,native_l2,HeavyAtomCount,31,branch_token_count,0.06505061704544074,-0.5659680335713911,0.002770562770562771,-0.06286650286650293
ChemSpacE adapted extreme-SVM,native_l2,HeavyAtomCount,31,ring_token_count,0.028030595529069405,-0.494692417806554,0.0008658008658008659,-0.018181818181818188
ChemSpacE adapted extreme-SVM,native_l2,HeavyAtomCount,31,token_entropy,0.30881464951615667,-0.5683956224998687,0.0004972433079832454,-0.006811573630040531
ChemSpacE adapted extreme-SVM,native_l2,HeavyAtomCount,32,selfies_len_tokens,0.9027375393407903,-0.06494936824868619,0.7332467532467531,0.10124488124488071
ChemSpacE adapted extreme-SVM,native_l2,HeavyAtomCount,32,branch_token_count,0.06931623127792866,-0.5584788535430362,0.0024242424242424247,-0.03901719901719905
ChemSpacE adapted extreme-SVM,native_l2,HeavyAtomCount,32,ring_token_count,0.028030595529069405,-0.494692417806554,0.001904761904761905,-0.03567567567567571
ChemSpacE adapted extreme-SVM,native_l2,HeavyAtomCount,32,token_entropy,0.32885766349781237,-0.4107799444127712,0.0010655842449388121,-0.006764805830754314
ChemSpacE adapted extreme-SVM,native_l2,HeavyAtomCount,33,selfies_len_tokens,0.9027375393407903,-0.06494936824868619,0.7331601731601732,0.10699426699426658
ChemSpacE adapted extreme-SVM,native_l2,HeavyAtomCount,33,branch_token_count,0.028030595529069405,-0.494692417806554,0.0013852813852813855,-0.026928746928746954
ChemSpacE adapted extreme-SVM,native_l2,HeavyAtomCount,33,ring_token_count,0.028030595529069405,-0.494692417806554,0.0016450216450216455,-0.029500409500409525
ChemSpacE adapted extreme-SVM,native_l2,HeavyAtomCount,33,token_entropy,0.08602518367265262,-0.7122412384152904,0.0003695787206436114,-0.008493632063783018
ChemSpacE adapted extreme-SVM,native_l2,HeavyAtomCount,34,selfies_len_tokens,0.9027375393407903,-0.06494936824868619,0.7332467532467531,0.032776412776412106
ChemSpacE adapted extreme-SVM,native_l2,HeavyAtomCount,34,branch_token_count,0.1685746023484304,-0.6128587400317614,0.005627705627705629,-0.06592956592956599
ChemSpacE adapted extreme-SVM,native_l2,HeavyAtomCount,34,ring_token_count,0.028030595529069405,-0.494692417806554,0.001038961038961039,-0.030106470106470138
ChemSpacE adapted extreme-SVM,native_l2,HeavyAtomCount,34,token_entropy,0.17205036734530524,-0.6050127533172724,0.0007372588475995411,-0.008123439462261479
ChemSpacE adapted extreme-SVM,native_l2,HeavyAtomCount,35,selfies_len_tokens,0.9027375393407903,-0.06494936824868619,0.7332467532467531,0.04899262899262851
ChemSpacE adapted extreme-SVM,native_l2,HeavyAtomCount,35,branch_token_count,0.17552613234218012,-0.6006538718092228,0.007619047619047619,-0.06882882882882889
ChemSpacE adapted extreme-SVM,native_l2,HeavyAtomCount,35,ring_token_count,0.028030595529069405,-0.494692417806554,0.0011255411255411255,-0.029762489762489786
ChemSpacE adapted extreme-SVM,native_l2,HeavyAtomCount,35,token_entropy,0.2279211529192759,-0.6124949469375316,0.0010383905001533956,-0.009039036449581818
ChemSpacE adapted extreme-SVM,native_l2,HeavyAtomCount,36,selfies_len_tokens,0.8864052604279183,0.0,0.7333333333333334,0.07027027027026994
ChemSpacE adapted extreme-SVM,native_l2,HeavyAtomCount,36,branch_token_count,0.11175124334383434,-0.6033352874710022,0.002251082251082251,-0.039705159705159754
ChemSpacE adapted extreme-SVM,native_l2,HeavyAtomCount,36,ring_token_count,0.028030595529069405,-0.494692417806554,0.0012121212121212123,-0.03302211302211305
ChemSpacE adapted extreme-SVM,native_l2,HeavyAtomCount,36,token_entropy,0.29938892819370355,-0.5867609607390717,0.0016394068477490987,-0.009469267766801922
ChemSpacE adapted extreme-SVM,native_l2,HeavyAtomCount,37,selfies_len_tokens,0.9027375393407903,-0.06494936824868619,0.7332467532467531,0.05800163800163746
ChemSpacE adapted extreme-SVM,native_l2,HeavyAtomCount,37,branch_token_count,0.11175124334383434,-0.6033352874710022,0.0019047619047619048,-0.03567567567567571
ChemSpacE adapted extreme-SVM,native_l2,HeavyAtomCount,37,ring_token_count,0.028030595529069405,-0.494692417806554,0.0013852813852813855,-0.03593775593775597
ChemSpacE adapted extreme-SVM,native_l2,HeavyAtomCount,37,token_entropy,0.23443318585982664,-0.5994283880695309,0.0006638008498029438,-0.0066410152603991034
ChemSpacE adapted extreme-SVM,native_l2,HeavyAtomCount,38,selfies_len_tokens,0.9027375393407903,-0.06494936824868619,0.7332467532467531,0.07421785421785355
ChemSpacE adapted extreme-SVM,native_l2,HeavyAtomCount,38,branch_token_count,0.06505061704544074,-0.5659680335713911,0.0016450216450216455,-0.036707616707616735
ChemSpacE adapted extreme-SVM,native_l2,HeavyAtomCount,38,ring_token_count,0.028030595529069405,-0.494692417806554,0.0011255411255411255,-0.027960687960687992
ChemSpacE adapted extreme-SVM,native_l2,HeavyAtomCount,38,token_entropy,0.16509883735155553,-0.6189611741430308,0.000653479646987075,-0.008422311469327072
ChemSpacE adapted extreme-SVM,native_l2,HeavyAtomCount,39,selfies_len_tokens,0.9027375393407903,-0.06494936824868619,0.7332467532467531,0.09764127764127718
ChemSpacE adapted extreme-SVM,native_l2,HeavyAtomCount,39,branch_token_count,0.33203379609631883,-0.5245235560091002,0.01437229437229437,-0.056412776412776464
ChemSpacE adapted extreme-SVM,native_l2,HeavyAtomCount,39,ring_token_count,0.028030595529069405,-0.494692417806554,0.001038961038961039,-0.021097461097461117
ChemSpacE adapted extreme-SVM,native_l2,HeavyAtomCount,39,token_entropy,0.31795568343052233,-0.5502824354021187,0.0007587453251524996,-0.006224373068392984
ChemSpacE adapted extreme-SVM,native_l2,HeavyAtomCount,40,selfies_len_tokens,0.9027375393407903,-0.06494936824868619,0.7332467532467531,0.0904340704340699
ChemSpacE adapted extreme-SVM,native_l2,HeavyAtomCount,40,branch_token_count,0.06505061704544074,-0.5659680335713911,0.002683982683982684,-0.04699426699426703
ChemSpacE adapted extreme-SVM,native_l2,HeavyAtomCount,40,ring_token_count,0.028030595529069405,-0.494692417806554,0.0012987012987012987,-0.027272727272727303
ChemSpacE adapted extreme-SVM,native_l2,HeavyAtomCount,40,token_entropy,0.23606119409496432,-0.5961617483525308,0.000662095327725741,-0.006786617897711971
ChemSpacE adapted extreme-SVM,native_l2,HeavyAtomCount,41,selfies_len_tokens,0.9027375393407903,-0.06494936824868619,0.7332467532467531,0.06520884520884458
ChemSpacE adapted extreme-SVM,native_l2,HeavyAtomCount,41,branch_token_count,0.1155394210843033,-0.5966843472941565,0.0050216450216450225,-0.05752661752661759
ChemSpacE adapted extreme-SVM,native_l2,HeavyAtomCount,41,ring_token_count,0.028030595529069405,-0.494692417806554,0.0011255411255411255,-0.02615888615888618
ChemSpacE adapted extreme-SVM,native_l2,HeavyAtomCount,41,token_entropy,0.16509883735155553,-0.6189611741430308,0.0006369402365449423,-0.00847021383148416
ChemSpacE adapted extreme-SVM,native_l2,HeavyAtomCount,42,selfies_len_tokens,0.9027375393407903,-0.06494936824868619,0.7332467532467531,0.06160524160524112
ChemSpacE adapted extreme-SVM,native_l2,HeavyAtomCount,42,branch_token_count,0.11277619880642459,-0.6018508052926584,0.001904761904761905,-0.04108108108108111
ChemSpacE adapted extreme-SVM,native_l2,HeavyAtomCount,42,ring_token_count,0.028030595529069405,-0.494692417806554,0.0007792207792207792,-0.022129402129402145
ChemSpacE adapted extreme-SVM,native_l2,HeavyAtomCount,42,token_entropy,0.23280517762468897,-0.6026950277865311,0.0004535066474207149,-0.006751974673387031
ChemSpacE adapted extreme-SVM,native_l2,HeavyAtomCount,43,selfies_len_tokens,0.9027375393407903,-0.06494936824868619,0.7332467532467531,0.0868304668304662
ChemSpacE adapted extreme-SVM,native_l2,HeavyAtomCount,43,branch_token_count,0.11175124334383434,-0.6033352874710022,0.0024242424242424242,-0.04262080262080266
ChemSpacE adapted extreme-SVM,native_l2,HeavyAtomCount,43,ring_token_count,0.028030595529069405,-0.494692417806554,0.0008658008658008659,-0.018181818181818188
ChemSpacE adapted extreme-SVM,native_l2,HeavyAtomCount,43,token_entropy,0.30867230581211297,-0.5681336286521169,0.0005558417577655283,-0.0065082547628540375
ChemSpacE adapted extreme-SVM,native_l2,HeavyAtomCount,44,selfies_len_tokens,0.9027375393407903,-0.06494936824868619,0.7332467532467531,0.03998361998361922
ChemSpacE adapted extreme-SVM,native_l2,HeavyAtomCount,44,branch_token_count,0.028030595529069405,-0.494692417806554,0.0015584415584415584,-0.05146601146601149
ChemSpacE adapted extreme-SVM,native_l2,HeavyAtomCount,44,ring_token_count,0.028030595529069405,-0.494692417806554,0.0007792207792207792,-0.022129402129402145
ChemSpacE adapted extreme-SVM,native_l2,HeavyAtomCount,44,token_entropy,0.2295491611544136,-0.6092283072205316,0.0008869637168735428,-0.007908522592123175
ChemSpacE adapted extreme-SVM,native_l2,HeavyAtomCount,45,selfies_len_tokens,0.9027375393407903,-0.06494936824868619,0.7332467532467531,0.063407043407043
ChemSpacE adapted extreme-SVM,native_l2,HeavyAtomCount,45,branch_token_count,0.11277619880642459,-0.6018508052926584,0.0013852813852813855,-0.028730548730548755
ChemSpacE adapted extreme-SVM,native_l2,HeavyAtomCount,45,ring_token_count,0.028030595529069405,-0.494692417806554,0.0009523809523809525,-0.026846846846846868
ChemSpacE adapted extreme-SVM,native_l2,HeavyAtomCount,45,token_entropy,0.3148612242243859,-0.5557154072608139,0.0006010623018035468,-0.005990940566157837
ChemSpacE adapted extreme-SVM,native_l2,HeavyAtomCount,46,selfies_len_tokens,0.9027375393407903,-0.06494936824868619,0.7332467532467531,0.05980343980343905
ChemSpacE adapted extreme-SVM,native_l2,HeavyAtomCount,46,branch_token_count,0.11175124334383434,-0.6033352874710022,0.0036363636363636364,-0.06303030303030308
ChemSpacE adapted extreme-SVM,native_l2,HeavyAtomCount,46,ring_token_count,0.028030595529069405,-0.494692417806554,0.0009523809523809525,-0.023243243243243263
ChemSpacE adapted extreme-SVM,native_l2,HeavyAtomCount,46,token_entropy,0.17031248484686784,-0.6084998585237119,0.0005921272378489875,-0.007031042006121032
ChemSpacE adapted extreme-SVM,native_l2,HeavyAtomCount,47,selfies_len_tokens,0.8864052604279183,0.0,0.7333333333333334,0.055855855855855376
ChemSpacE adapted extreme-SVM,native_l2,HeavyAtomCount,47,branch_token_count,0.166836719849993,-0.616345845238201,0.003116883116883117,-0.05067977067977072
ChemSpacE adapted extreme-SVM,native_l2,HeavyAtomCount,47,ring_token_count,0.028030595529069405,-0.494692417806554,0.0008658008658008659,-0.023587223587223604
ChemSpacE adapted extreme-SVM,native_l2,HeavyAtomCount,47,token_entropy,0.30403061700290823,-0.5774472946955943,0.0010277950463499933,-0.007719343331478967
ChemSpacE adapted extreme-SVM,native_l2,HeavyAtomCount,48,selfies_len_tokens,0.9027375393407903,-0.06494936824868619,0.7332467532467531,0.06701064701064638
ChemSpacE adapted extreme-SVM,native_l2,HeavyAtomCount,48,branch_token_count,0.028030595529069405,-0.494692417806554,0.0006060606060606062,-0.01921375921375923
ChemSpacE adapted extreme-SVM,native_l2,HeavyAtomCount,48,ring_token_count,0.028030595529069405,-0.494692417806554,0.0008658008658008659,-0.023587223587223604
ChemSpacE adapted extreme-SVM,native_l2,HeavyAtomCount,48,token_entropy,0.166836719849993,-0.6154740689365913,0.0004244552162139956,-0.006226701189020632
ChemSpacE adapted extreme-SVM,native_l2,HeavyAtomCount,49,selfies_len_tokens,0.9027375393407903,-0.06494936824868619,0.7332467532467531,0.06520884520884458
ChemSpacE adapted extreme-SVM,native_l2,HeavyAtomCount,49,branch_token_count,0.11277619880642459,-0.6018508052926584,0.0023376623376623377,-0.03936117936117938
ChemSpacE adapted extreme-SVM,native_l2,HeavyAtomCount,49,ring_token_count,0.028030595529069405,-0.494692417806554,0.0012121212121212123,-0.02761670761670764
ChemSpacE adapted extreme-SVM,native_l2,HeavyAtomCount,49,token_entropy,0.23443318585982664,-0.5994283880695309,0.0005888300425635089,-0.00637146792883097
ChemSpacE adapted extreme-SVM,train_std_unit,HeavyAtomCount,0,selfies_len_tokens,0.9187795405622854,0.0,0.7257142857142858,0.18080262080262063
ChemSpacE adapted extreme-SVM,train_std_unit,HeavyAtomCount,0,branch_token_count,0.17205036734530524,-0.6067563059204922,0.004675324675324675,-0.048091728091728125
ChemSpacE adapted extreme-SVM,train_std_unit,HeavyAtomCount,0,ring_token_count,0.047352221755862,-0.6650940176845692,0.0030303030303030303,-0.04312858312858318
ChemSpacE adapted extreme-SVM,train_std_unit,HeavyAtomCount,0,token_entropy,0.13675269175156554,-0.7309106366787876,0.0005833195293164395,-0.011103893253381732
ChemSpacE adapted extreme-SVM,train_std_unit,HeavyAtomCount,1,selfies_len_tokens,0.9187795405622854,0.0,0.7253679653679654,0.22198198198198185
ChemSpacE adapted extreme-SVM,train_std_unit,HeavyAtomCount,1,branch_token_count,0.06931623127792866,-0.5584788535430362,0.0024242424242424247,-0.03000819000819003
ChemSpacE adapted extreme-SVM,train_std_unit,HeavyAtomCount,1,ring_token_count,0.07144903839417262,-0.554199322098262,0.0025108225108225113,-0.027862407862407887
ChemSpacE adapted extreme-SVM,train_std_unit,HeavyAtomCount,1,token_entropy,0.44186868398235407,-0.6100794781804825,0.0026521655487077756,-0.010690049514825694
ChemSpacE adapted extreme-SVM,train_std_unit,HeavyAtomCount,2,selfies_len_tokens,0.9314142298314255,-0.05035974843130283,0.7251948051948053,0.23957411957411945
ChemSpacE adapted extreme-SVM,train_std_unit,HeavyAtomCount,2,branch_token_count,0.12035779200349515,-0.5880643334494616,0.00380952380952381,-0.03531531531531535
ChemSpacE adapted extreme-SVM,train_std_unit,HeavyAtomCount,2,ring_token_count,0.11743350995453777,-0.5928838100502447,0.00458874458874459,-0.04303030303030307
ChemSpacE adapted extreme-SVM,train_std_unit,HeavyAtomCount,2,token_entropy,0.6532397347745683,-0.4152040055167859,0.002739411834514627,-0.007843578432810803
ChemSpacE adapted extreme-SVM,train_std_unit,HeavyAtomCount,3,selfies_len_tokens,0.9187795405622854,0.0,0.7256277056277057,0.1782309582309577
ChemSpacE adapted extreme-SVM,train_std_unit,HeavyAtomCount,3,branch_token_count,0.892531234083936,0.024458237545834222,0.1786147186147186,0.054463554463554394
ChemSpacE adapted extreme-SVM,train_std_unit,HeavyAtomCount,3,ring_token_count,0.06931623127792866,-0.5584788535430362,0.002683982683982684,-0.03257985257985262
ChemSpacE adapted extreme-SVM,train_std_unit,HeavyAtomCount,3,token_entropy,0.5883215002628099,-0.5339306410812263,0.003908429628288985,-0.00993809466717853
ChemSpacE adapted extreme-SVM,train_std_unit,HeavyAtomCount,4,selfies_len_tokens,0.9187795405622854,0.0,0.7257142857142858,0.1873218673218669
ChemSpacE adapted extreme-SVM,train_std_unit,HeavyAtomCount,4,branch_token_count,0.23443318585982664,-0.601061707928031,0.006839826839826841,-0.05931203931203934
ChemSpacE adapted extreme-SVM,train_std_unit,HeavyAtomCount,4,ring_token_count,0.07044434693456668,-0.5568268907094709,0.0028571428571428576,-0.03729729729729733
ChemSpacE adapted extreme-SVM,train_std_unit,HeavyAtomCount,4,token_entropy,0.5758804152395135,-0.4433165128890631,0.0020546583929816455,-0.008025111993267123
ChemSpacE adapted extreme-SVM,train_std_unit,HeavyAtomCount,5,selfies_len_tokens,0.9155936261855956,-0.11526731527597045,0.7323809523809525,0.023603603603603064
ChemSpacE adapted extreme-SVM,train_std_unit,HeavyAtomCount,5,branch_token_count,0.6942221202285495,-0.2746563811412881,0.03688311688311688,-0.05706797706797716
ChemSpacE adapted extreme-SVM,train_std_unit,HeavyAtomCount,5,ring_token_count,0.047352221755862,-0.6650940176845692,0.005541125541125542,-0.08000000000000004
ChemSpacE adapted extreme-SVM,train_std_unit,HeavyAtomCount,5,token_entropy,0.5842641106058251,-0.5420718960913593,0.003953813956746304,-0.009992207676812937
ChemSpacE adapted extreme-SVM,train_std_unit,HeavyAtomCount,6,selfies_len_tokens,0.9155936261855956,-0.11526731527597045,0.7328138528138527,0.045307125307124746
ChemSpacE adapted extreme-SVM,train_std_unit,HeavyAtomCount,6,branch_token_count,0.17031248484686784,-0.6102434111269318,0.004502164502164502,-0.0433742833742834
ChemSpacE adapted extreme-SVM,train_std_unit,HeavyAtomCount,6,ring_token_count,0.06931623127792866,-0.5584788535430362,0.004242424242424242,-0.05882063882063888
ChemSpacE adapted extreme-SVM,train_std_unit,HeavyAtomCount,6,token_entropy,0.44046592625542597,-0.6121904798350862,0.0028326182227410195,-0.011423013262955688
ChemSpacE adapted extreme-SVM,train_std_unit,HeavyAtomCount,7,selfies_len_tokens,0.9314142298314255,-0.05035974843130283,0.7251948051948053,0.23528255528255504
ChemSpacE adapted extreme-SVM,train_std_unit,HeavyAtomCount,7,branch_token_count,0.12690395430571016,-0.5748312581416635,0.006839826839826841,-0.048501228501228545
ChemSpacE adapted extreme-SVM,train_std_unit,HeavyAtomCount,7,ring_token_count,0.07144903839417262,-0.554199322098262,0.00380952380952381,-0.03711711711711715
ChemSpacE adapted extreme-SVM,train_std_unit,HeavyAtomCount,7,token_entropy,0.43345213762078544,-0.6220418208899037,0.0025033590543297036,-0.01166585867018244
ChemSpacE adapted extreme-SVM,train_std_unit,HeavyAtomCount,8,selfies_len_tokens,0.9314142298314255,-0.05035974843130283,0.7258008658008658,0.17891891891891867
ChemSpacE adapted extreme-SVM,train_std_unit,HeavyAtomCount,8,branch_token_count,0.17301993083672845,-0.6053648119757061,0.004155844155844156,-0.04655200655200659
ChemSpacE adapted extreme-SVM,train_std_unit,HeavyAtomCount,8,ring_token_count,0.06505061704544074,-0.5659680335713911,0.0013852813852813855,-0.03053235053235056
ChemSpacE adapted extreme-SVM,train_std_unit,HeavyAtomCount,8,token_entropy,0.5657780681481024,-0.4641688398579166,0.0014575418700803154,-0.0076264888055786635
ChemSpacE adapted extreme-SVM,train_std_unit,HeavyAtomCount,9,selfies_len_tokens,0.9314142298314255,-0.05035974843130283,0.725108225108225,0.22910728910728886
ChemSpacE adapted extreme-SVM,train_std_unit,HeavyAtomCount,9,branch_token_count,0.11743350995453777,-0.5928838100502447,0.005627705627705629,-0.053316953316953374
ChemSpacE adapted extreme-SVM,train_std_unit,HeavyAtomCount,9,ring_token_count,0.07144903839417262,-0.554199322098262,0.002770562770562771,-0.028632268632268653
ChemSpacE adapted extreme-SVM,train_std_unit,HeavyAtomCount,9,token_entropy,0.660489678628847,-0.39758677572571305,0.0015032114255016332,-0.009449647757750907
ChemSpacE adapted extreme-SVM,train_std_unit,HeavyAtomCount,10,selfies_len_tokens,0.9314142298314255,-0.05035974843130283,0.7255411255411256,0.17179361179361158
ChemSpacE adapted extreme-SVM,train_std_unit,HeavyAtomCount,10,branch_token_count,0.9122569822995528,0.16139005724628902,0.15264069264069263,0.1055364455364455
ChemSpacE adapted extreme-SVM,train_std_unit,HeavyAtomCount,10,ring_token_count,0.06724233116481365,-0.5627164058996672,0.001471861471861472,-0.02478296478296481
ChemSpacE adapted extreme-SVM,train_std_unit,HeavyAtomCount,10,token_entropy,0.6911087049064273,-0.3711055408785651,0.00488172078797893,-0.008018627437839088
ChemSpacE adapted extreme-SVM,train_std_unit,HeavyAtomCount,11,selfies_len_tokens,0.9314142298314255,-0.05035974843130283,0.7251948051948053,0.22515970515970501
ChemSpacE adapted extreme-SVM,train_std_unit,HeavyAtomCount,11,branch_token_count,0.11743350995453777,-0.5928838100502447,0.0034632034632034636,-0.03669123669123672
ChemSpacE adapted extreme-SVM,train_std_unit,HeavyAtomCount,11,ring_token_count,0.07144903839417262,-0.554199322098262,0.003290043290043291,-0.033775593775593804
ChemSpacE adapted extreme-SVM,train_std_unit,HeavyAtomCount,11,token_entropy,0.7014992293222043,-0.3182994803333746,0.0024741880697676274,-0.006377130376075774
ChemSpacE adapted extreme-SVM,train_std_unit,HeavyAtomCount,12,selfies_len_tokens,0.9187795405622854,0.0,0.7257142857142858,0.16596232596232552
ChemSpacE adapted extreme-SVM,train_std_unit,HeavyAtomCount,12,branch_token_count,0.3025625108111186,-0.6585610707523212,0.012121212121212121,-0.07367731367731375
ChemSpacE adapted extreme-SVM,train_std_unit,HeavyAtomCount,12,ring_token_count,0.06931623127792866,-0.5584788535430362,0.0030303030303030303,-0.04561834561834566
ChemSpacE adapted extreme-SVM,train_std_unit,HeavyAtomCount,12,token_entropy,0.5470176736642635,-0.5232927422749594,0.002559231213267164,-0.00903232535882212
ChemSpacE adapted extreme-SVM,train_std_unit,HeavyAtomCount,13,selfies_len_tokens,0.9187795405622854,0.0,0.7253679653679654,0.23751023751023728
ChemSpacE adapted extreme-SVM,train_std_unit,HeavyAtomCount,13,branch_token_count,0.17726401484061755,-0.5971667666027832,0.007012987012987013,-0.05321867321867326
ChemSpacE adapted extreme-SVM,train_std_unit,HeavyAtomCount,13,ring_token_count,0.07144903839417262,-0.554199322098262,0.002770562770562771,-0.02683046683046685
ChemSpacE adapted extreme-SVM,train_std_unit,HeavyAtomCount,13,token_entropy,0.6480372691776387,-0.36265083324984015,0.0026350297265132203,-0.007697693059577575
ChemSpacE adapted extreme-SVM,train_std_unit,HeavyAtomCount,14,selfies_len_tokens,0.9187795405622854,0.0,0.7255411255411256,0.2075675675675672
ChemSpacE adapted extreme-SVM,train_std_unit,HeavyAtomCount,14,branch_token_count,0.4411637850230809,-0.30593972030730643,0.013160173160173158,-0.04501228501228505
ChemSpacE adapted extreme-SVM,train_std_unit,HeavyAtomCount,14,ring_token_count,0.06931623127792866,-0.5584788535430362,0.002164502164502165,-0.03104013104013107
ChemSpacE adapted extreme-SVM,train_std_unit,HeavyAtomCount,14,token_entropy,0.6696282272534265,-0.3210617067735679,0.0014266146881201497,-0.009902548302041085
ChemSpacE adapted extreme-SVM,train_std_unit,HeavyAtomCount,15,selfies_len_tokens,0.9314142298314255,-0.05035974843130283,0.7252813852813852,0.21400491400491375
ChemSpacE adapted extreme-SVM,train_std_unit,HeavyAtomCount,15,branch_token_count,0.07144903839417262,-0.554199322098262,0.0030303030303030303,-0.03300573300573304
ChemSpacE adapted extreme-SVM,train_std_unit,HeavyAtomCount,15,ring_token_count,0.06931623127792866,-0.5584788535430362,0.002683982683982684,-0.03257985257985262
ChemSpacE adapted extreme-SVM,train_std_unit,HeavyAtomCount,15,token_entropy,0.1432647246921163,-0.7243773572447874,0.0006618067748450835,-0.010424675333144357
ChemSpacE adapted extreme-SVM,train_std_unit,HeavyAtomCount,16,selfies_len_tokens,0.9027375393407903,-0.06494936824868619,0.7332467532467531,0.06881244881244816
ChemSpacE adapted extreme-SVM,train_std_unit,HeavyAtomCount,16,branch_token_count,0.3917701307062887,-0.5220755940278876,0.013506493506493506,-0.06705978705978713
ChemSpacE adapted extreme-SVM,train_std_unit,HeavyAtomCount,16,ring_token_count,0.06931623127792866,-0.5584788535430362,0.003116883116883117,-0.05067977067977073
ChemSpacE adapted extreme-SVM,train_std_unit,HeavyAtomCount,16,token_entropy,0.6549093505050791,-0.34817237792997957,0.0031492970650962965,-0.009051800348650666
ChemSpacE adapted extreme-SVM,train_std_unit,HeavyAtomCount,17,selfies_len_tokens,0.9155936261855956,-0.11526731527597045,0.7323809523809525,0.01639639639639605
ChemSpacE adapted extreme-SVM,train_std_unit,HeavyAtomCount,17,branch_token_count,0.7352120215655691,-0.28264862998434237,0.03220779220779221,-0.07855855855855863
ChemSpacE adapted extreme-SVM,train_std_unit,HeavyAtomCount,17,ring_token_count,0.06931623127792866,-0.5584788535430362,0.003376623376623377,-0.05325143325143329
ChemSpacE adapted extreme-SVM,train_std_unit,HeavyAtomCount,17,token_entropy,0.5923788899197948,-0.5251109481535822,0.003094414019214172,-0.009516632980437383
ChemSpacE adapted extreme-SVM,train_std_unit,HeavyAtomCount,18,selfies_len_tokens,0.9187795405622854,0.0,0.7258008658008659,0.17977067977067954
ChemSpacE adapted extreme-SVM,train_std_unit,HeavyAtomCount,18,branch_token_count,0.27284755225467605,-0.4045042039469948,0.005281385281385282,-0.043882063882063914
ChemSpacE adapted extreme-SVM,train_std_unit,HeavyAtomCount,18,ring_token_count,0.06931623127792866,-0.5584788535430362,0.002337662337662338,-0.03395577395577398
ChemSpacE adapted extreme-SVM,train_std_unit,HeavyAtomCount,18,token_entropy,0.6482730477079716,-0.3620930771551356,0.0024263989038662377,-0.00852580828027834
ChemSpacE adapted extreme-SVM,train_std_unit,HeavyAtomCount,19,selfies_len_tokens,0.9187795405622854,0.0,0.7261471861471862,0.18475020475020468
ChemSpacE adapted extreme-SVM,train_std_unit,HeavyAtomCount,19,branch_token_count,0.18171439972299622,-0.5887914237515873,0.015151515151515152,-0.08755118755118763
ChemSpacE adapted extreme-SVM,train_std_unit,HeavyAtomCount,19,ring_token_count,0.06931623127792866,-0.5584788535430362,0.00380952380952381,-0.05513513513513518
ChemSpacE adapted extreme-SVM,train_std_unit,HeavyAtomCount,19,token_entropy,0.6765103261974494,-0.30725260110588754,0.0017814647325593402,-0.010083439129127968
ChemSpacE adapted extreme-SVM,train_std_unit,HeavyAtomCount,20,selfies_len_tokens,0.9155936261855956,-0.11526731527597045,0.7323809523809525,0.019999999999999546
ChemSpacE adapted extreme-SVM,train_std_unit,HeavyAtomCount,20,branch_token_count,0.14518934067457712,-0.7225868924965063,0.004588744588744589,-0.07297297297297305
ChemSpacE adapted extreme-SVM,train_std_unit,HeavyAtomCount,20,ring_token_count,0.06724233116481365,-0.5627164058996672,0.0019913419913419913,-0.033529893529893565
ChemSpacE adapted extreme-SVM,train_std_unit,HeavyAtomCount,20,token_entropy,0.4320493798938574,-0.6065611420894762,0.0014925872800400789,-0.010248809676500088
ChemSpacE adapted extreme-SVM,train_std_unit,HeavyAtomCount,21,selfies_len_tokens,0.9155936261855956,-0.11526731527597045,0.7327272727272727,0.04204750204750158
ChemSpacE adapted extreme-SVM,train_std_unit,HeavyAtomCount,21,branch_token_count,0.06931623127792866,-0.5584788535430362,0.0030303030303030303,-0.04561834561834566
ChemSpacE adapted extreme-SVM,train_std_unit,HeavyAtomCount,21,ring_token_count,0.06505061704544074,-0.5659680335713911,0.002683982683982684,-0.05059787059787064
ChemSpacE adapted extreme-SVM,train_std_unit,HeavyAtomCount,21,token_entropy,0.4306466221669293,-0.6262638241991111,0.002180138825902095,-0.010015552630386178
ChemSpacE adapted extreme-SVM,train_std_unit,HeavyAtomCount,22,selfies_len_tokens,0.9155936261855956,-0.11526731527597045,0.7327272727272727,0.04565110565110534
ChemSpacE adapted extreme-SVM,train_std_unit,HeavyAtomCount,22,branch_token_count,0.1155394210843033,-0.5966843472941565,0.005367965367965368,-0.07056511056511063
ChemSpacE adapted extreme-SVM,train_std_unit,HeavyAtomCount,22,ring_token_count,0.06931623127792866,-0.5584788535430362,0.003722943722943724,-0.05187551187551192
ChemSpacE adapted extreme-SVM,train_std_unit,HeavyAtomCount,22,token_entropy,0.5497665061952396,-0.5122615382217323,0.002090931844606254,-0.008750940924637915
ChemSpacE adapted extreme-SVM,train_std_unit,HeavyAtomCount,23,selfies_len_tokens,0.9314142298314255,-0.05035974843130283,0.7253679653679654,0.21254709254709228
ChemSpacE adapted extreme-SVM,train_std_unit,HeavyAtomCount,23,branch_token_count,0.11743350995453777,-0.5928838100502447,0.0032900432900432896,-0.03737919737919741
ChemSpacE adapted extreme-SVM,train_std_unit,HeavyAtomCount,23,ring_token_count,0.12035779200349515,-0.5880643334494616,0.0028571428571428576,-0.02648648648648651
ChemSpacE adapted extreme-SVM,train_std_unit,HeavyAtomCount,23,token_entropy,0.44327144170928223,-0.6079684765258787,0.002452603882982429,-0.010492989166285764
ChemSpacE adapted extreme-SVM,train_std_unit,HeavyAtomCount,24,selfies_len_tokens,0.9314142298314255,-0.05035974843130283,0.7254545454545454,0.21469287469287437
ChemSpacE adapted extreme-SVM,train_std_unit,HeavyAtomCount,24,branch_token_count,0.5783468409477657,-0.39545273249872614,0.011948051948051949,-0.035413595413595456
ChemSpacE adapted extreme-SVM,train_std_unit,HeavyAtomCount,24,ring_token_count,0.06931623127792866,-0.5584788535430362,0.002251082251082251,-0.02709254709254712
ChemSpacE adapted extreme-SVM,train_std_unit,HeavyAtomCount,24,token_entropy,0.613939102282067,-0.31043485446585173,0.001635428119623296,-0.007124829390810102
ChemSpacE adapted extreme-SVM,train_std_unit,HeavyAtomCount,25,selfies_len_tokens,0.9314142298314255,-0.05035974843130283,0.7256277056277055,0.15978705978705932
ChemSpacE adapted extreme-SVM,train_std_unit,HeavyAtomCount,25,branch_token_count,0.14845202248748895,-0.7168585705854356,0.0032900432900432896,-0.047502047502047534
ChemSpacE adapted extreme-SVM,train_std_unit,HeavyAtomCount,25,ring_token_count,0.06724233116481365,-0.5627164058996672,0.0024242424242424247,-0.04081900081900085
ChemSpacE adapted extreme-SVM,train_std_unit,HeavyAtomCount,25,token_entropy,0.5183434549011777,-0.5538299827725217,0.001942028942150935,-0.01042078554829501
ChemSpacE adapted extreme-SVM,train_std_unit,HeavyAtomCount,26,selfies_len_tokens,0.9187795405622854,0.0,0.7255411255411256,0.20353808353808334
ChemSpacE adapted extreme-SVM,train_std_unit,HeavyAtomCount,26,branch_token_count,0.11743350995453777,-0.5928838100502447,0.004155844155844156,-0.04294840294840299
ChemSpacE adapted extreme-SVM,train_std_unit,HeavyAtomCount,26,ring_token_count,0.07144903839417262,-0.554199322098262,0.002943722943722944,-0.03334971334971338
ChemSpacE adapted extreme-SVM,train_std_unit,HeavyAtomCount,26,token_entropy,0.49236796215176604,-0.4918633855226728,0.0017298728878700337,-0.009459597999311965
ChemSpacE adapted extreme-SVM,train_std_unit,HeavyAtomCount,27,selfies_len_tokens,0.9155936261855956,-0.11526731527597045,0.7327272727272727,0.052858312858312585
ChemSpacE adapted extreme-SVM,train_std_unit,HeavyAtomCount,27,branch_token_count,0.6721359853332526,-0.28850511059848033,0.04155844155844156,-0.03420147420147428
ChemSpacE adapted extreme-SVM,train_std_unit,HeavyAtomCount,27,ring_token_count,0.06931623127792866,-0.5584788535430362,0.0025974025974025974,-0.040131040131040165
ChemSpacE adapted extreme-SVM,train_std_unit,HeavyAtomCount,27,token_entropy,0.5580130037881681,-0.4791679260620511,0.002033306356355647,-0.007359834564552374
ChemSpacE adapted extreme-SVM,train_std_unit,HeavyAtomCount,28,selfies_len_tokens,0.9314142298314255,-0.05035974843130283,0.7247619047619046,0.22121212121212103
ChemSpacE adapted extreme-SVM,train_std_unit,HeavyAtomCount,28,branch_token_count,0.07044434693456668,-0.5568268907094709,0.0023376623376623377,-0.02855036855036858
ChemSpacE adapted extreme-SVM,train_std_unit,HeavyAtomCount,28,ring_token_count,0.07144903839417262,-0.554199322098262,0.0025108225108225113,-0.02425880425880427
ChemSpacE adapted extreme-SVM,train_std_unit,HeavyAtomCount,28,token_entropy,0.2957461166727131,-0.6709545975912317,0.0015800073190301263,-0.009442555585054675
ChemSpacE adapted extreme-SVM,train_std_unit,HeavyAtomCount,29,selfies_len_tokens,0.9187795405622854,0.0,0.7252813852813853,0.23064701064701046
ChemSpacE adapted extreme-SVM,train_std_unit,HeavyAtomCount,29,branch_token_count,0.12035779200349515,-0.5880643334494616,0.0049350649350649355,-0.045257985257985286
ChemSpacE adapted extreme-SVM,train_std_unit,HeavyAtomCount,29,ring_token_count,0.07144903839417262,-0.554199322098262,0.0033766233766233766,-0.03343161343161345
ChemSpacE adapted extreme-SVM,train_std_unit,HeavyAtomCount,29,token_entropy,0.44888247261699465,-0.5967098010346588,0.003029680031534742,-0.010636692987600655
ChemSpacE adapted extreme-SVM,train_std_unit,HeavyAtomCount,30,selfies_len_tokens,0.9027375393407903,-0.06494936824868619,0.7332467532467531,0.06881244881244816
ChemSpacE adapted extreme-SVM,train_std_unit,HeavyAtomCount,30,branch_token_count,0.6608797840567185,0.016408090098019325,0.07012987012987014,0.03177723177723174
ChemSpacE adapted extreme-SVM,train_std_unit,HeavyAtomCount,30,ring_token_count,0.06931623127792866,-0.5584788535430362,0.004155844155844156,-0.05916461916461922
ChemSpacE adapted extreme-SVM,train_std_unit,HeavyAtomCount,30,token_entropy,0.7098860011246031,-0.23717088714438211,0.0031270865151225573,-0.006654665131051146
ChemSpacE adapted extreme-SVM,train_std_unit,HeavyAtomCount,31,selfies_len_tokens,0.9314142298314255,-0.05035974843130283,0.7253679653679654,0.192301392301392
ChemSpacE adapted extreme-SVM,train_std_unit,HeavyAtomCount,31,branch_token_count,0.17205036734530524,-0.6067563059204922,0.006666666666666667,-0.07261261261261269
ChemSpacE adapted extreme-SVM,train_std_unit,HeavyAtomCount,31,ring_token_count,0.06931623127792866,-0.5584788535430362,0.001471861471861472,-0.021179361179361197
ChemSpacE adapted extreme-SVM,train_std_unit,HeavyAtomCount,31,token_entropy,0.6690286767595565,-0.37802305020402904,0.0016846315304899601,-0.007899032139092215
ChemSpacE adapted extreme-SVM,train_std_unit,HeavyAtomCount,32,selfies_len_tokens,0.9187795405622854,0.0,0.7252813852813853,0.23244881244881227
ChemSpacE adapted extreme-SVM,train_std_unit,HeavyAtomCount,32,branch_token_count,0.18073977983749243,-0.590192556189904,0.009956709956709957,-0.06314496314496322
ChemSpacE adapted extreme-SVM,train_std_unit,HeavyAtomCount,32,ring_token_count,0.07144903839417262,-0.554199322098262,0.003896103896103897,-0.03677313677313681
ChemSpacE adapted extreme-SVM,train_std_unit,HeavyAtomCount,32,token_entropy,0.26899521164704054,-0.7067388427960974,0.001201118053142636,-0.011772864828813049
ChemSpacE adapted extreme-SVM,train_std_unit,HeavyAtomCount,33,selfies_len_tokens,0.9314142298314255,-0.05035974843130283,0.7251948051948053,0.23708435708435674
ChemSpacE adapted extreme-SVM,train_std_unit,HeavyAtomCount,33,branch_token_count,0.12035779200349515,-0.5880643334494616,0.0036363636363636364,-0.03420147420147423
ChemSpacE adapted extreme-SVM,train_std_unit,HeavyAtomCount,33,ring_token_count,0.07144903839417262,-0.554199322098262,0.003982683982683983,-0.03642915642915646
ChemSpacE adapted extreme-SVM,train_std_unit,HeavyAtomCount,33,token_entropy,0.27642601859861626,-0.697792781494881,0.00125847853619386,-0.010933195570138398
ChemSpacE adapted extreme-SVM,train_std_unit,HeavyAtomCount,34,selfies_len_tokens,0.9155936261855956,-0.11526731527597045,0.7322943722943723,0.018542178542178
ChemSpacE adapted extreme-SVM,train_std_unit,HeavyAtomCount,34,branch_token_count,0.4757353593560423,-0.5548379271245606,0.016623376623376623,-0.0864209664209665
ChemSpacE adapted extreme-SVM,train_std_unit,HeavyAtomCount,34,ring_token_count,0.047352221755862,-0.6650940176845692,0.003116883116883117,-0.054709254709254744
ChemSpacE adapted extreme-SVM,train_std_unit,HeavyAtomCount,34,token_entropy,0.43345213762078544,-0.6037464732166713,0.002182214020643367,-0.010691282725304022
ChemSpacE adapted extreme-SVM,train_std_unit,HeavyAtomCount,35,selfies_len_tokens,0.9314142298314255,-0.05035974843130283,0.7256277056277055,0.16158886158886124
ChemSpacE adapted extreme-SVM,train_std_unit,HeavyAtomCount,35,branch_token_count,0.404737822382611,-0.5744063717851486,0.021991341991341992,-0.07410319410319417
ChemSpacE adapted extreme-SVM,train_std_unit,HeavyAtomCount,35,ring_token_count,0.06931623127792866,-0.5584788535430362,0.002770562770562771,-0.04124488124488128
ChemSpacE adapted extreme-SVM,train_std_unit,HeavyAtomCount,35,token_entropy,0.5964362795767797,-0.5285031377411376,0.0032232678810115295,-0.010257415911749303
ChemSpacE adapted extreme-SVM,train_std_unit,HeavyAtomCount,36,selfies_len_tokens,0.9027375393407903,-0.06494936824868619,0.7331601731601732,0.06735462735462676
ChemSpacE adapted extreme-SVM,train_std_unit,HeavyAtomCount,36,branch_token_count,0.3634959993160801,-0.46265621797445294,0.008571428571428572,-0.0686486486486487
ChemSpacE adapted extreme-SVM,train_std_unit,HeavyAtomCount,36,ring_token_count,0.06931623127792866,-0.5584788535430362,0.003722943722943724,-0.059082719082719136
ChemSpacE adapted extreme-SVM,train_std_unit,HeavyAtomCount,36,token_entropy,0.6424200290226085,-0.4579455943199844,0.0045655618759338394,-0.008461868632828357
ChemSpacE adapted extreme-SVM,train_std_unit,HeavyAtomCount,37,selfies_len_tokens,0.9187795405622854,0.0,0.7258008658008659,0.1717117117117114
ChemSpacE adapted extreme-SVM,train_std_unit,HeavyAtomCount,37,branch_token_count,0.28880689628394257,-0.6810599106445565,0.005887445887445887,-0.047993447993448034
ChemSpacE adapted extreme-SVM,train_std_unit,HeavyAtomCount,37,ring_token_count,0.06931623127792866,-0.5584788535430362,0.003290043290043291,-0.048190008190008245
ChemSpacE adapted extreme-SVM,train_std_unit,HeavyAtomCount,37,token_entropy,0.5525153387262158,-0.4957147321418917,0.00207837154566,-0.0081338451762757
ChemSpacE adapted extreme-SVM,train_std_unit,HeavyAtomCount,38,selfies_len_tokens,0.9187795405622854,0.0,0.7258874458874459,0.18938574938574895
ChemSpacE adapted extreme-SVM,train_std_unit,HeavyAtomCount,38,branch_token_count,0.11743350995453777,-0.5928838100502447,0.0049350649350649355,-0.048861588861588895
ChemSpacE adapted extreme-SVM,train_std_unit,HeavyAtomCount,38,ring_token_count,0.07144903839417262,-0.554199322098262,0.00354978354978355,-0.04355446355446359
ChemSpacE adapted extreme-SVM,train_std_unit,HeavyAtomCount,38,token_entropy,0.4222300758053606,-0.6382261669085324,0.0020852787539471537,-0.011935534809214879
ChemSpacE adapted extreme-SVM,train_std_unit,HeavyAtomCount,39,selfies_len_tokens,0.9314142298314255,-0.05035974843130283,0.7254545454545454,0.22190008190008162
ChemSpacE adapted extreme-SVM,train_std_unit,HeavyAtomCount,39,branch_token_count,0.7911528998293147,-0.08040872101608362,0.048484848484848485,0.001638001638001593
ChemSpacE adapted extreme-SVM,train_std_unit,HeavyAtomCount,39,ring_token_count,0.06931623127792866,-0.5584788535430362,0.002164502164502165,-0.027436527436527462
ChemSpacE adapted extreme-SVM,train_std_unit,HeavyAtomCount,39,token_entropy,0.7332510776379008,-0.19097772017149375,0.002364902061416561,-0.006016037007744595
ChemSpacE adapted extreme-SVM,train_std_unit,HeavyAtomCount,40,selfies_len_tokens,0.9314142298314255,-0.05035974843130283,0.725108225108225,0.21760851760851735
ChemSpacE adapted extreme-SVM,train_std_unit,HeavyAtomCount,40,branch_token_count,0.17726401484061755,-0.5971667666027832,0.007792207792207794,-0.05913185913185917
ChemSpacE adapted extreme-SVM,train_std_unit,HeavyAtomCount,40,ring_token_count,0.07144903839417262,-0.554199322098262,0.002943722943722944,-0.03334971334971338
ChemSpacE adapted extreme-SVM,train_std_unit,HeavyAtomCount,40,token_entropy,0.5676339176465849,-0.4708945230221307,0.002115048609608049,-0.008361318226288612
ChemSpacE adapted extreme-SVM,train_std_unit,HeavyAtomCount,41,selfies_len_tokens,0.9187795405622854,0.0,0.7257142857142858,0.18912366912366899
ChemSpacE adapted extreme-SVM,train_std_unit,HeavyAtomCount,41,branch_token_count,0.3197977934960189,-0.5504018828115418,0.014285714285714289,-0.06216216216216221
ChemSpacE adapted extreme-SVM,train_std_unit,HeavyAtomCount,41,ring_token_count,0.06931623127792866,-0.5584788535430362,0.0024242424242424247,-0.03180999180999183
ChemSpacE adapted extreme-SVM,train_std_unit,HeavyAtomCount,41,token_entropy,0.3533233694873864,-0.664913493643691,0.002005285674902398,-0.011307876257002532
ChemSpacE adapted extreme-SVM,train_std_unit,HeavyAtomCount,42,selfies_len_tokens,0.9155936261855956,-0.11526731527597045,0.7326406926406928,0.05320229320229278
ChemSpacE adapted extreme-SVM,train_std_unit,HeavyAtomCount,42,branch_token_count,0.2881855208913294,-0.6828448413060806,0.006406926406926408,-0.0657493857493858
ChemSpacE adapted extreme-SVM,train_std_unit,HeavyAtomCount,42,ring_token_count,0.06724233116481365,-0.5627164058996672,0.0021645021645021645,-0.03644553644553647
ChemSpacE adapted extreme-SVM,train_std_unit,HeavyAtomCount,42,token_entropy,0.529150262212918,-0.530876695061553,0.0014672402918357401,-0.008886083920908188
ChemSpacE adapted extreme-SVM,train_std_unit,HeavyAtomCount,43,selfies_len_tokens,0.9314142298314255,-0.05035974843130283,0.7252813852813852,0.2110892710892708
ChemSpacE adapted extreme-SVM,train_std_unit,HeavyAtomCount,43,branch_token_count,0.23536730598725314,-0.5997344531331656,0.005714285714285715,-0.051171171171171204
ChemSpacE adapted extreme-SVM,train_std_unit,HeavyAtomCount,43,ring_token_count,0.06931623127792866,-0.5584788535430362,0.002251082251082251,-0.02709254709254712
ChemSpacE adapted extreme-SVM,train_std_unit,HeavyAtomCount,43,token_entropy,0.6473816417177912,-0.4214583737463232,0.0014926784092877683,-0.008459833303902223
ChemSpacE adapted extreme-SVM,train_std_unit,HeavyAtomCount,44,selfies_len_tokens,0.9155936261855956,-0.11526731527597045,0.7327272727272727,0.03303849303849268
ChemSpacE adapted extreme-SVM,train_std_unit,HeavyAtomCount,44,branch_token_count,0.06505061704544074,-0.5659680335713911,0.00406926406926407,-0.07031941031941039
ChemSpacE adapted extreme-SVM,train_std_unit,HeavyAtomCount,44,ring_token_count,0.06931623127792866,-0.5584788535430362,0.0025974025974025974,-0.041932841932841976
ChemSpacE adapted extreme-SVM,train_std_unit,HeavyAtomCount,44,token_entropy,0.44888247261699465,-0.5953024665982564,0.0027005821829498523,-0.009066008655400016
ChemSpacE adapted extreme-SVM,train_std_unit,HeavyAtomCount,45,selfies_len_tokens,0.9314142298314255,-0.05035974843130283,0.7253679653679654,0.18620802620802587
ChemSpacE adapted extreme-SVM,train_std_unit,HeavyAtomCount,45,branch_token_count,0.3076927755404772,-0.5738492249834392,0.0048484848484848485,-0.04019656019656023
ChemSpacE adapted extreme-SVM,train_std_unit,HeavyAtomCount,45,ring_token_count,0.06724233116481365,-0.5627164058996672,0.0021645021645021645,-0.03644553644553647
ChemSpacE adapted extreme-SVM,train_std_unit,HeavyAtomCount,45,token_entropy,0.6442314711549062,-0.4302092804006434,0.0013536812562542596,-0.007957850750924901
ChemSpacE adapted extreme-SVM,train_std_unit,HeavyAtomCount,46,selfies_len_tokens,0.9314142298314255,-0.05035974843130283,0.725021645021645,0.18260442260442242
ChemSpacE adapted extreme-SVM,train_std_unit,HeavyAtomCount,46,branch_token_count,0.2921549551566821,-0.6757149831275231,0.010995670995670996,-0.07995085995086003
ChemSpacE adapted extreme-SVM,train_std_unit,HeavyAtomCount,46,ring_token_count,0.06931623127792866,-0.5584788535430362,0.0017316017316017318,-0.027354627354627372
ChemSpacE adapted extreme-SVM,train_std_unit,HeavyAtomCount,46,token_entropy,0.39793854037988735,-0.5869431816854732,0.0018230436984534274,-0.009167805554851924
ChemSpacE adapted extreme-SVM,train_std_unit,HeavyAtomCount,47,selfies_len_tokens,0.9027375393407903,-0.06494936824868619,0.7331601731601732,0.05294021294021237
ChemSpacE adapted extreme-SVM,train_std_unit,HeavyAtomCount,47,branch_token_count,0.4637920953992909,-0.4942062368566562,0.01038961038961039,-0.06502866502866506
ChemSpacE adapted extreme-SVM,train_std_unit,HeavyAtomCount,47,ring_token_count,0.06931623127792866,-0.5584788535430362,0.002770562770562771,-0.044848484848484894
ChemSpacE adapted extreme-SVM,train_std_unit,HeavyAtomCount,47,token_entropy,0.627542933613664,-0.4660868493301175,0.003101819120113835,-0.008072551983534132
ChemSpacE adapted extreme-SVM,train_std_unit,HeavyAtomCount,48,selfies_len_tokens,0.9187795405622854,0.0,0.7258008658008659,0.18363636363636326
ChemSpacE adapted extreme-SVM,train_std_unit,HeavyAtomCount,48,branch_token_count,0.06505061704544074,-0.5659680335713911,0.0012987012987012987,-0.025470925470925495
ChemSpacE adapted extreme-SVM,train_std_unit,HeavyAtomCount,48,ring_token_count,0.06505061704544074,-0.5659680335713911,0.0018181818181818182,-0.03421785421785425
ChemSpacE adapted extreme-SVM,train_std_unit,HeavyAtomCount,48,token_entropy,0.3677153600978705,-0.6418111789894042,0.0013759515279344755,-0.008375506402507032
ChemSpacE adapted extreme-SVM,train_std_unit,HeavyAtomCount,49,selfies_len_tokens,0.9314142298314255,-0.05035974843130283,0.7252813852813852,0.18363636363636326
ChemSpacE adapted extreme-SVM,train_std_unit,HeavyAtomCount,49,branch_token_count,0.30071645901730104,-0.6631372814170683,0.007272727272727273,-0.051498771498771544
ChemSpacE adapted extreme-SVM,train_std_unit,HeavyAtomCount,49,ring_token_count,0.06931623127792866,-0.5584788535430362,0.002683982683982684,-0.03438165438165442
ChemSpacE adapted extreme-SVM,train_std_unit,HeavyAtomCount,49,token_entropy,0.542894424867799,-0.5150193392350391,0.0017540824956984633,-0.008171110065185961
