prior_pool_row,prior_candidate_id,decoded_selfies,decoded_smiles,canonical_smiles,is_rdkit_valid,selected_for_property_oracle,FractionCSP3,HBA,TPSA,cLogP,BertzCT,HeavyAtomCount,selfies_len_tokens,branch_token_count,ring_token_count,token_entropy
0,0,[C][C][=Branch1][C][=O][N][Branch1][C][O][C][=C][C][=C][Branch1][O][C][C][=C][Ring1][Branch2][C][C][=C][Ring1][N][Ring1][=Branch1][C][=C][C][Branch1][#Branch2][C][=Branch1][C][=O][C][C][C][S][C@H1][Ring1][=Branch1],CC(=O)N(O1)C=CC=CCC=C1CC=C,C=CCC1=CCC=CC=CN(C(C)=O)O1,True,True,0.25,2.0,29.540000000000003,2.700100000000001,312.93001187765793,15.0,43.0,9.0,4.0,2.022667761055207
1,1,[N][#C][C][C][=C][O][C][=Branch1][C][=O][N][C][Branch1][C][Cl][=C][C][=N][C][=C][C][C][=C][Ring1][=Branch1][=N][C][=C][C][=C][Branch1][Ring1][C],N#CCC=COC(=O)NC(Cl)=CC=NC=CCC=CNC=CC=CC,CC=CC=CNC=CCC=CN=CC=C(Cl)NC(=O)OC=CCC#N,True,True,0.16666666666666666,5.0,86.50999999999999,4.387880000000003,592.4397934833856,25.0,33.0,4.0,2.0,1.9502539169826094
2,2,[C][C][O][C][=Branch1][C][=O][C][C][O][C][=C][Branch1][#Branch1][C][N][C][C][Cl][C][=C][NH1][C][Ring1][=Branch1][=C][C][Ring1][=C][C][=Branch1][C][=O][O][C][=C][C][C][Branch1][Ring1][N][C][=C][C][Branch1][C][C][=C][Ring1][N],CCOC(=O)CC1OC=C(CNC2CCl)C[NH1]C2=CC1C(=O)OC=CCC(NC)=CC(C)=C,C=C(C)C=C(CC=COC(=O)C1C=C2NCC(=COC1CC(=O)OCC)CNC2CCl)NC,True,True,0.5,8.0,97.92,2.649000000000001,793.8949464100463,33.0,50.0,7.0,4.0,1.877240519690408
3,3,[C][C][O][C][C][Branch1][C][F][C][=C][C][=C][C][=C][Branch1][#Branch1][C][O][C][Ring1][Ring2][=O][C][N][C][C][=C][C][Branch1][C][I][=C][Ring1][Ring1][C][=Branch1][C][=O][N][C],CCOCC(F)C=CC=CC=C(COC=O)CNCC=CC(I)=CC(=O)NC,CCOCC(F)C=CC=CC=C(CNCC=CC(I)=CC(=O)NC)COC=O,True,True,0.4,5.0,76.66,2.783500000000001,562.8457306866737,28.0,40.0,5.0,4.0,1.9182685036221911
4,4,[C][O][C][=C][C][Branch2][Ring1][C][N][C][=C][C][=N][C][=C][Branch1][C][F][C][=C][Branch1][C][C][N][=C][Ring1][Branch2][C][=C][N][C][Branch1][S][C][=C][=Branch1][C][=O][Cl][C][=C][Ring1][Branch1][C][C][=C][Ring1][=C][=C][Ring2][Ring1][Ring2][=C],C1OC=CC1(NC=C2C=NC=C(F)C=C(C)N=C)C=CNC(C=C(O)Cl)=C2C,C=NC(C)=CC(F)=CN=CC1=CNC2(C=CNC(C=C(O)Cl)=C1C)C=COC2,True,True,0.2,6.0,78.24,4.257800000000003,823.264090969665,28.0,53.0,7.0,7.0,2.0550774978071953
5,5,[C][C@][Branch1][=Branch1][C][=Branch1][C][=O][C][=C][C][=C][C][Ring1][=Branch1][=C][C][=C][Ring1][#Branch2][C@][Branch1][C][N][C][=C][C][Branch1][N][C][=Branch1][C][=O][C][C],C[C@](C(=O)C)=CC=CC=CC=C[C@](N)C=CCC(=O)CC,CCC(=O)CC=C[C](N)C=CC=CC=CC=C(C)C(C)=O,True,True,0.2777777777777778,3.0,60.160000000000004,3.606390000000002,464.2667786696706,21.0,35.0,8.0,2.0,1.858771377725197
6,6,[C][O][C][C][=Branch1][O][=C][Branch1][C][C][S][C][=C][=Branch1][C][=O][C][=C][Ring1][=Branch2][C][=C][Branch1][C][F][C][=C][Branch1][=N][C][C][=C][C][=Branch1][C][=O][N][Ring1][Branch2][=O][C][=Ring1][=N][C][=C][Ring2][Ring1][Branch1],COCC(=C(C)SC=CO)C=CC=C(F)C1=CCC=CC(=O)N1OC,COCC(C=CC=C(F)C1=CCC=CC(=O)N1OC)=C(C)SC=CO,True,True,0.2777777777777778,5.0,59.0,4.312600000000003,614.4237512704517,25.0,48.0,9.0,5.0,2.2047161222188247
7,7,[C][C@H1][Branch1][C][N][C][O][N][C][=C][C][=C][Branch1][C][I][C][=C][Ring1][Branch2][N][C][=Branch1][C][=O][S][C][=C][Ring1][S][Ring2][Ring1][=Branch1],C1[C@H1](N)C2ON3C=CC=C(I)C=C3NC(=O)SC=C21,N[C@H]1CC2=CSC(=O)NC3=CC(I)=CC=CN3OC21,True,True,0.25,5.0,67.59,2.3475,510.1564000692311,19.0,32.0,5.0,4.0,2.2369363656188406
8,8,[O][C][=C][Branch2][Ring1][=C][C][F][C][=Branch1][C][=O][C][=C][Branch2][Ring1][C][O][C][C][Branch1][C][C][=C][Branch1][N][O][C][C][=C][C][=C][Ring1][=Branch1][O][C][Ring1][=C][C][Branch1][C][C][Branch1][C][Cl][C][Ring2][Ring1][Ring1][C][O],O1C=C(CF)C1C(C)(Cl)CCO,CC(Cl)(CCO)C1OC=C1CF,True,True,0.75,2.0,29.46,1.6184999999999998,174.47733175670794,12.0,51.0,8.0,7.0,1.958266239415989
9,9,[C][C][C][C][=C][C][Branch1][C][F][=C][#C][C][=C][C][Ring1][=Branch1][Branch1][C][Cl][C][=C][C][=O][C][=C][C][=C][C][=C][C][Branch1][#Branch2][C][Branch1][Ring2][N][Ring1][=Branch1][C][=C][C][=C][Ring1][=C][Branch1][C][O][C][C][Ring1][Ring1],CCCC=CC(F)=C=CC=CC(Cl)C=CC=O,CCCC=CC(F)=C=CC=CC(Cl)C=CC=O,True,True,0.2857142857142857,1.0,17.07,4.269900000000003,344.2346001038465,17.0,51.0,8.0,6.0,1.883953169830341
10,10,[C][C][=Branch1][C][=O][C][O][C][=Branch1][Branch2][=N][C][O][S][C][C][Ring1][=Branch1][C][C][Branch1][#Branch2][C][=C][C][Branch1][C][Br][=C][C][Branch1][#Branch1][C][=Branch1][C][=O][O][C][=N][Ring1][=N][=C][Ring2][Ring1][Branch1][C][Ring1][N],CC(=O)COC(=NCOSCC)C1C(C=CC(Br)=CCC(=O)OC)=N1,CCSOCN=C(OCC(C)=O)C1N=C1C=CC(Br)=CCC(=O)OC,True,True,0.5,8.0,86.55000000000001,2.854000000000001,562.8457306866737,25.0,48.0,11.0,5.0,2.2058670747682556
11,11,[C][=C][C][=C][Branch1][#Branch1][N][C][C][O][C][Branch1][C][C][=C][C][=C][Branch2][Ring1][Branch1][O][C][C][=C][C][Branch1][Ring1][C][O][C][=C][Ring1][=Branch1][C][=Branch1][C][=O][C][Branch1][C][C][=C][Ring2][Ring1][#Branch1],C=CC=C(N1CCOCC)CC=C(OCC=C2C(CO)C=C2C(=O)CC)C1,C=CC=C1CC=C(OCC=C2C(C(=O)CC)=CC2CO)CN1CCOCC,True,True,0.5,5.0,59.00000000000001,3.1530000000000014,634.9494616147807,27.0,45.0,10.0,5.0,1.910910150205601
12,12,[C][C][S][=Branch1][C][=O][C][C][Branch2][Ring2][C][C][=C][Ring1][=Branch1][C][=N][C][=C][Branch1][#Branch1][S][C][=C][Ring1][N][F][C][N][C][=C][Branch1][C][O][C][C][=O][C][C][Branch1][C][N][=C][Ring1][O],CCS1(=O)CC(C=C1C=NC=C(SC=CF)CNC=C(O)CC=O)O,CC[SH]1(=O)CC(O)C=C1C=NC=C(CNC=C(O)CC=O)SC=CF,True,True,0.375,7.0,98.99,1.9455000000000005,616.4237512704516,25.0,45.0,7.0,4.0,2.1287387287304527
13,13,[O][=C][C][Branch1][C][C][C@@H1][C][C][Branch1][=C][C][=Branch1][C][=O][C][N][C][Branch1][C][Cl][=C][N][Branch2][Ring1][C][O][C][=C][C][C][Ring1][#Branch1][Branch1][Ring2][C][C][O][=N][C][Ring1][#Branch2][=C][Ring2][Ring1][Ring1][C][=C][Ring1][Branch2],O=CC(C)[C@@H1]CC(C(=O)CNC(Cl)=C1NOC=CCC1(C2CO)NC=C)C=C2,C=CNC12CC=CONC1=C(Cl)NCC(=O)C(C[CH]C(C)C=O)C=CC2CO,True,True,0.45,7.0,99.69000000000001,1.6873900000000002,640.9494616147808,28.0,50.0,9.0,8.0,2.1814689520939217
14,14,[C][N][C][=Branch1][C][=O][C][=C][C][Branch1][P][C][N][Branch2][Ring1][Ring2][C][Branch1][C][C][N][C][=C][C][=N][Ring1][Branch1][N][C][C][=C][C][Ring1][=Branch1][=O][S][C][Ring2][Ring1][Branch1][=O][C][=C][O][C][Ring1][Ring1],C1NC(=O)C=CC(CNC(C)N2C=CC=N2)SC1=O,CC(NCC1C=CC(=O)NCC(=O)S1)n1cccn1,True,True,0.4166666666666667,6.0,76.02000000000001,0.3055999999999994,444.39267748394,19.0,47.0,7.0,8.0,2.113570121156722
15,15,[C][C][Branch2][Ring1][=Branch1][C][O][C][=C][C][Branch1][C][O][C][=N][C][NH1][C][=C][C][=Branch1][C][=O][O][C][Ring1][P][=Branch1][C][=O][N][C][=C][C][Branch1][C][Cl][=C][Ring1][#Branch2],CC(COC=CC(O)C=NC[NH1]C=CC(=O)OC)(O)NC=CC(Cl)=C,C=C(Cl)C=CNC(C)(O)COC=CC(O)C=NCNC=CC(=O)OC,True,True,0.375,8.0,112.41000000000001,0.7464999999999997,494.13135205769794,25.0,40.0,7.0,3.0,2.1247120460997158
16,16,[C][#C][N][C][Branch1][C][C][Branch1][C][O][C][C@@H1][Branch1][=C][C][C][=C][C][=C][O][C][Ring1][=Branch1][=O][C][=C][Branch1][C][F][Cl][C][=C][C][=C][Branch1][C][O][C][=C][C][Ring1][#Branch1][=Ring1][S][Ring2][Ring1][Ring1][N],C#CNC(C)(O)C[C@@H1](CC1=CC=COC1=O)CF,C#CNC(C)(O)C[C@H](CF)Cc1cccoc1=O,True,True,0.46153846153846156,4.0,62.47,1.0469000000000002,453.41692140823983,18.0,48.0,7.0,6.0,2.203274008280451
17,17,[C][C][C][=C][Branch2][Ring2][C][=N][C][Branch1][C][N][=C][Branch1][C][Br][N][=C][Ring1][#Branch1][NH1][C][Branch1][C][C][C][N][=C][Branch1][C][N][C][=C][C][=C][C][=C][Ring1][#Branch2][C][=N][Ring1][Branch2][C][Branch1][Ring2][C][=Branch1][C][=O][N],CCC=C(N1C(N)=C(Br)N=C1[NH1]C(C)C2N=C(N)C3=CC=CC=C2C)N3C(C=O)N,CCC=C1N(C(N)C=O)C2=CC=CC=C(C)C(N=C2N)C(C)Nc2nc(Br)c(N)n21,True,True,0.35,9.0,140.58,2.1617,950.4062513883028,30.0,51.0,10.0,5.0,2.1060450303467855
18,18,[C][#C][C][C][=C][C][C][Branch1][C][O][C][=Branch1][Branch1][=C][C][C][=C][C][=C][Ring1][=Branch1][C][=Branch2][Ring1][C][=C][Ring1][=N],C#CCC=C1CC(O)C(=C2CC=C)C=C2C=C1,C#CCC=C1C=CC2=CC(=C2CC=C)C(O)C1,True,True,0.25,1.0,20.23,3.069600000000001,486.62157705337097,17.0,28.0,5.0,3.0,1.7631154048941104
19,19,[O][=C][Branch1][Ring1][C][Br][C][C][=C][C][Branch2][Ring1][=Branch2][C][Branch1][C][C][Branch1][C][F][C][=C][C][Branch1][#Branch1][C][=C][C][=C][Ring1][Ring1][C][=C][C][Branch1][C][Cl][=N][C@H1][Ring1][P][C],O=C(CBr)CC=CC(C(C)(F)C=CC(C=C1C=C1)C=CCCl)=N[C@H1]C,C[CH]N=C(C=CCC(=O)CBr)C(C)(F)C=CC(C=CCCl)C=C1C=C1,True,True,0.35,2.0,29.43,5.7111900000000055,591.9495684877126,25.0,42.0,8.0,5.0,2.0422802017227535
20,20,[C][#C][C][=Branch1][C][=O][C][C][N][C][=Branch1][C][=O][C][O][C][=C][N][Ring1][Branch1][C][C][=C][Branch1][C][C][C@@H1][Ring1][=Branch1][C][=Branch1][C][=O][C@][Ring2][Ring1][Branch1][O][C][=Branch1][C][=N][N],C#CC(=O)CCNC(=O)C1OC=CN1CC=C(C)[C@@H1]C(=O)[C@]OC(=N)N,C#CC(=O)CCNC(=O)C1OC=CN1CC=C(C)[CH]C(=O)[C]OC(=N)N,True,True,0.29411764705882354,7.0,134.81000000000003,-0.5069499999999978,629.4396866104538,26.0,43.0,8.0,4.0,2.08288028784744
21,21,[C][O][Branch1][Ring1][O][C][=C][\O][C][C][C][Branch2][Ring1][=N][C@@][Branch1][=C][C][=C][Branch1][C][F][C][=C][C][Branch1][C][Cl][=C][Ring1][=Branch2][C][=C][Branch1][S][C][=C][C][C][=C][C][Ring2][Ring1][=Branch1][=O][C][=Branch1][C][=O][C][C][Ring1][=Branch2],C=O,C=O,True,True,0.0,1.0,17.07,-0.1849,0.0,2.0,53.0,10.0,6.0,2.1925668285252993
22,22,[C][C][=Branch1][C][=O][N][C][C][NH1][C][=N][C][=C][C][C][Ring1][=Branch1][C][N][C][=C][Branch1][C][S][C][=C][N][=C][Ring1][=Branch2][=N][C][=C][C][=Ring1][=Branch1][N][Ring2][Ring1][C][C][=C][Ring1][=Branch2][C][Ring2][Ring1][N],CC(=O)NCC[NH1]C1=NC2=CCC1C3NC=C(S)C=CN=C3NC=CCN2C=CC,CC=CN1CC=CNC2=NC=CC(S)=CNC2C2CC=C1N=C2NCCNC(C)=O,True,True,0.38095238095238093,8.0,93.14999999999999,1.5796,818.0996223722955,30.0,48.0,6.0,8.0,2.0727354373411346
23,23,[C][C][C][=C][C][=C][Branch1][=N][C][=Branch1][C][=O][O][C][Branch1][#Branch1][C][=Branch1][C][=O][O][C][Branch1][=C][C][=C][C][C][=C][Branch1][C][F][C][=C][Ring1][#Branch2][F],CCC=CC=C(C(=O)OCC(=O)OC1)CC=CCC=C(F)C=C1F,CCC=CC=C1CC=CCC=C(F)C=C(F)COC(=O)COC1=O,True,True,0.3333333333333333,4.0,52.60000000000001,4.022200000000003,573.1595681836991,24.0,37.0,8.0,1.0,1.9227648120804246
24,24,[C][=C][Branch1][C][C][C][Branch1][C][C][O][C][Branch1][C][C][N][C][Branch1][C][C][=O][C][C@@H1][Branch2][Ring1][Ring1][C][=C][C][=C][Branch1][O][C][=C][C][=Branch1][C][=O][N][C][Branch1][#Branch1][C][=C][C][=C][C][C][Ring1][#C][C][=N][Ring1][Branch2],C=C(C)C(C)OC(C)NC(C)=O,C=C(C)C(C)OC(C)NC(C)=O,True,True,0.6666666666666666,2.0,38.33,1.4497,164.8771237954945,12.0,53.0,10.0,4.0,1.9162398296267174
25,25,[C][C][Branch1][C][O][C][=C][O][C][=Branch1][N][C][=C][C][Branch1][Ring1][O][=O][=C][Ring1][Branch1][O][C][C][=C][C][=C][Ring1][Branch1][C][=C][Branch1][=Branch1][C][C][N][C][C],CC(O)C=COC(C=C1C(OO)=C1O)C2C=CC=C2C=CCCNCC,CCNCCC=CC1=CC=CC1C(C=C1C(O)=C1OO)OC=CC(C)O,True,True,0.4,6.0,91.18,3.1335000000000015,630.9494616147807,26.0,38.0,7.0,3.0,1.7683203063896582
26,26,[O][=C][C][=Branch1][C][=O][C@H1][Branch2][Ring1][Ring2][C][=Branch1][C][=O][C][N][C][C][Branch1][#Branch1][C][=N][C][O][C][Branch1][C][O][=C][C][=C][C][=C][C][Ring1][=N][=C][Ring1][Branch2],O=CC(=O)[C@H1](C(=O)CNCC(C=NCOCO1)=C)C=CC=CC=C1,C=C1C=NCOCOC=CC=CC=C[C@H](C(=O)C=O)C(=O)CNC1,True,True,0.29411764705882354,7.0,94.06,0.7442000000000004,548.5873848810925,24.0,39.0,7.0,4.0,2.1631222175554865
27,27,[C][C][=N][C][Branch1][C][S][Branch1][=Branch1][C][=Branch1][C][=O][O][C][C][Branch1][C][C][O][C][=C][Branch1][C][C][=C][N][=C][C][=C][Branch1][=Branch2][C][=C][Ring1][=Branch1][N][Branch1][C][C][C][=Ring1][Branch2][C][=Branch1][C][=O][C],CC=NC(S)(C(=O)O)CC(C)OC=C(C)CN=C1C=C(C=CNC)C1C(=O)C,CC=NC(S)(CC(C)OC=C(C)CN=C1C=C(C=CNC)C1C(C)=O)C(=O)O,True,True,0.5,7.0,100.35,2.8061000000000007,704.3203424879724,28.0,48.0,12.0,2.0,1.9454348005418503
28,28,[C][C][C][Branch1][C][F][C][=C][C][=C][C][NH1][N][=C][C][=Branch1][Branch2][=C][Ring1][=Branch1][C][N][C][=O][C][C][=C][C][N][C][=O][=C][Ring1][=Branch1][C][=N][C][=Ring2][Ring1][=Branch2][C][=C][Ring2][Ring1][Branch1][Ring1][=Branch2][C][C][O],CCC(F)C=CC=CC1[NH1]N=CC(=C1CNC=O)CC=CCNC=O,CCC(F)C=CC=CC1NN=CC(CC=CCNC=O)=C1CNC=O,True,True,0.3888888888888889,4.0,82.59,1.5394,536.3856189774723,25.0,50.0,8.0,7.0,2.1447538449263783
29,29,[C][O][C][C][=Branch1][C][=O][O][C][Branch1][C][C][C][Branch1][Ring1][C][#N][C][=C][Branch2][Ring1][Ring2][O][C][C][=N][N][Branch1][C][C][C@H1][Branch1][C][C][C][=Branch1][C][=O][O][C][=C][C][Ring1][Ring2][=S][Ring1][#Branch2],COCC(=O)OC(C)C(C#N)C=C(OCC=NN(C1)[C@H1](C)C(=O)OC=C)C=S1,C=COC(=O)[C@@H](C)N1C[SH]=CC(=CC(C#N)C(C)OC(=O)COC)OCC=N1,True,True,0.5,9.0,110.45,1.2065800000000002,646.0160204304711,28.0,47.0,8.0,6.0,2.1034379155611633
30,30,[O][=C][C][C][Branch2][Ring2][=Branch2][C][=C][C][C][=C][C][Branch1][S][C][=N][C][=C][Ring1][#Branch1][C][=C][Ring1][N][C][=C][C][=C][Branch1][C][Cl][C][C][=C][Ring1][N][C][=C][S][Ring1][Branch1][C][Branch1][C][F][C],O=CCCC1=CCC2=CC(C=NC3=C2C=C1C=CC=CCl)CC4=C3C=CS4C(F)C,CC(F)[SH]1C=CC2=C1CC1C=NC2=C2C=C(C=CC=CCl)C(CCC=O)=CCC2=C1,True,True,0.28,2.0,29.43,6.913600000000006,988.6385287573656,30.0,47.0,7.0,5.0,2.027495336830147
31,31,[C][C][=C][N][Branch2][Ring1][Branch2][C][=N][C][C][C][N][C][Branch1][=C][C][C][O][N][C][Branch1][C][N][=C][Ring1][=Branch1][=C][Branch1][C][O][C][Branch1][C][C][=N][N][C][C][=Branch1][C][=O][O][C][=Ring2][Ring1][Ring1],CC=CN(C=NCCCNC=1CC2ONC(N)=C2CO)C(C)=NNCC(=O)OC=1,CC=CN1C=NCCCNC(CC2ONC(N)=C2CO)=COC(=O)CNN=C1C,True,True,0.5,11.0,145.82999999999998,-0.39269999999999583,676.8268714730223,29.0,47.0,8.0,5.0,1.9760671240688763
32,32,[C][C][=C][Branch1][C][C][C][=C][C][=C][Branch2][Ring1][=C][C][=C][C][Branch1][C][F][=N][Ring1][#Branch1][C][O][C][=C][C][=C][Ring1][N][C][Branch1][C][C][O][Ring1][=Branch1][C][C][=C][C][Branch1][Branch2][C][=Branch1][C][=O][O][C][C],CC=C(C)C=CC1=C(C=CC(F)=N1)C(=O)OCC,CC=C(C)C=Cc1nc(F)ccc1C(=O)OCC,True,True,0.2857142857142857,3.0,39.19,3.376800000000002,472.81171955040566,18.0,50.0,9.0,4.0,1.8760780697376487
33,33,[O][C][C][=C][C][=C][Branch1][O][C][C][C@@H1][C][C][=N][Branch1][=Branch1][C][=Branch1][C][=O][C][O][C][C@H1][Ring1][=C][C][Branch1][C][F][=C][Branch1][C][Cl][C][=C][Ring1][Branch2][C][=C][Ring1][#Branch2],OCC=CC1=C(CC[C@@H1]CC=NC=O)COC23[C@H1]1C(F)=C(Cl)C=C2C=C3,O=CN=CC[CH]CCC1=C(C=CCO)[C@@H]2C(F)=C(Cl)C=C3C=CC32OC1,True,True,0.35,3.0,58.89,3.748190000000003,732.0,26.0,42.0,8.0,3.0,2.1035000490259175
34,34,[C][C][=C][C][Branch1][#Branch2][O][C][C][#C][C][O][Ring1][Branch1][C][=C][N][C][=N][C][=C][C][=C][Ring1][Branch1][C][N][Ring1][=Branch1][C@H1][C][=Branch1][C][=O][C][=Ring1][P][C][Branch1][C][Br][=C][C][Branch1][C][C][=C][Ring1][Branch2],CC=CC(OC1C#CCO1)=CNC=NC2=CC=CCN2[C@H1]C(=O)CC(Br)=CC(C)=C,C=C(C)C=C(Br)CC(=O)[CH]N1CC=CC=C1N=CNC=C(C=CC)OC1C#CCO1,True,True,0.2608695652173913,5.0,63.160000000000004,4.087190000000003,851.4497230899923,30.0,49.0,9.0,5.0,2.168429532609802
35,35,[C][C][=Branch1][C][=O][C][Branch1][C][C][=C][N][C][Branch1][C][O][=N][C][Branch1][Ring1][C][N][Branch1][C][C][C][NH1][Ring1][#Branch1],CC(=O)C(C)=CNC(O)=NC(CN)(C)C[NH1],CC(=O)C(C)=CNC(O)=NC(C)(C[NH])CN,True,True,0.6,3.0,111.50999999999999,-0.016899999999998527,285.16017124398627,16.0,28.0,6.0,2.0,1.8442720882566568
36,36,[C][O][C][C][=C][N][Branch2][Ring2][C][C][=C][C][C][=C][Ring1][=Branch1][C@@H1][C][C][C][=C][C][=C][C][=C][Ring1][=Branch1][N][Ring1][P][C][C][=Branch1][C][=O][N][C][=C][C][C][Branch1][C][C][=C][N][Branch1][C][C][NH1][C][Ring2][Ring1][#Branch1],COCC=C1N(C=CCC=C[C@@H1]C2CC3=CC=CC=C3N1CC(=O)NC=CCCC)CN(C)[NH1]C2,CCCC=CNC(=O)CN1C(=CCOC)N2C=CCC=C[CH]C(CNN(C)C2)Cc2ccccc21,True,True,0.42857142857142855,6.0,60.080000000000005,3.956890000000003,892.3683221421962,35.0,53.0,7.0,6.0,1.971977200778304
37,37,[C][O][C][=N][C][=C][O][C@][Branch1][C][C][=N][C][C@H1][Ring1][=Branch1][C][O][C][C][Branch1][Ring1][C][Br][=C][Ring1][=C],COC=NC=C1O[C@](C)=NC[C@H1]COCC(CBr)=C1,COC=NC=C1C=C(CBr)COC[CH]CN=C(C)O1,True,True,0.46153846153846156,5.0,52.41,2.493290000000001,363.4995490565424,19.0,27.0,3.0,3.0,1.9741350048860618
38,38,[C][O][C@@H1][Branch1][=C][C][Branch1][O][C][=Branch1][C][=O][NH1][C][=C][C][=C][C][O][Ring1][Branch1][C][=C][C][Cl][Branch2][Ring1][C][Cl][O][C][=N][Ring1][Branch1],CO[C@@H1](CC(=O)[NH1]C=C1C=CC)O1,CC=CC1=CNC(=O)C[C@H](OC)O1,True,True,0.4444444444444444,3.0,47.56,0.9129,230.42286534333687,13.0,34.0,6.0,3.0,2.123580772811897
39,39,[C][O][C][Branch1][C][C][O][C][=Branch1][C][=O][C][=C][Branch1][C][O][C][C@@H1][Ring1][=Branch1][C][=C][Ring1][=Branch2][O][C][C][Branch1][N][C][=C][Branch1][C][Cl][C][=C][Ring1][#Branch1][C][Branch1][C][F][=C][C][Branch1][C][F][=C][Ring2][Ring1][C][Ring1][O],COC(C)OC(=O)C=C(O)C1[C@@H1]C=COC2C(C3=C(Cl)C=C2CF)=CC(F)=C13,COC(C)OC(=O)C=C(O)C1[CH]C=COC2C(CF)=CC(Cl)=C3C2=CC(F)=C31,True,True,0.3,5.0,64.99000000000001,4.262890000000003,831.2640909696652,28.0,53.0,10.0,6.0,2.078164989997457
40,40,[C][C][=C][C@@][Branch1][O][C][C][=C][C][Ring1][=Branch1][C][=C][C][N][Ring1][=Branch1][C][C@H1][C][=Branch1][C][=O][O][C][N][=C][Branch1][C][C][C][=C][Branch1][C][N][C][=C][Ring2][Ring1][#Branch1],C1C=C2[C@@]1(CC=CC2C=CCN)C[C@H1]C(=O)OCN=C(C)C=C(N)C=C,C=CC(N)=CC(C)=NCOC(=O)[CH]C[C@]12CC=CC(C=CCN)C1=CC2,True,True,0.38095238095238093,5.0,90.7,2.9784900000000007,662.1518798246971,26.0,41.0,7.0,4.0,2.0140204033788924
41,41,[C][C][=N][O][C][=Branch1][S][=N][C][=Branch1][C][=O][C][=C][Ring1][=C][C][=C][C][=C][Branch1][C][Br][N][=C][Ring1][#Branch1][N][C][=Branch1][C][=O][N][C][=C][Branch1][=Branch2][C@H1][Branch1][C][C][C][=C][N][Ring1][=Branch1][C][Ring2][Ring1][Ring2][=Ring1][P][C][C][=Branch1][C][=O][N],C1C=NOC(=NC(=O)C=C1C2=CC3=CBr)N=C2NC(=O)NC=C([C@H1](C)C=CN)C3,C[C@H](C=CN)C1=CNC(=O)NC2=NC3=NC(=O)C=C(CC=NO3)C2=CC(=CBr)C1,True,True,0.21052631578947367,6.0,130.53,2.5141,928.5227461425104,29.0,58.0,10.0,7.0,2.3264855851909263
42,42,[C][C][=C][C][Branch2][Ring1][Branch2][C][N][C][=C][C][Ring1][Ring2][=C][C][=C][Branch2][Ring1][#Branch1][O][C][Branch1][C][Br][C][=C][Ring1][O][C][Ring1][=Branch1][=C][C][F][C][=N][C][C][Ring2][Ring1][C][=C][C],CC=CC(CN1C2=CC1=CC=COC(Br)C=C2C=CCF)=CC,CC=CC(=CC)CN1C2=CC=COC(Br)C=C(C=CCF)C1=C2,True,True,0.2631578947368421,2.0,12.47,5.309200000000004,614.4237512704517,23.0,44.0,6.0,8.0,1.997712809010186
43,43,[C][=C][NH1][C][=C][C][Branch1][=C][/C][=C][C][Branch1][C][C][O][C][C][C][C@H1][Ring1][=Branch1][C][N][=C][Branch1][Branch2][C][=Branch1][C][=O][C][=C][Branch1][C][N][N][=C][Branch1][Ring2][C][=N][Ring1][=Branch1][C][C][=C][Ring1][#Branch2],C=C[NH1]C=CC(/C=CC(C1)OCCC[C@H1]1)CN=C(C(=O)C2=C3N)N=C(C=N3)CC=C2,C=CNC=CC(C=CC1C[CH]CCCO1)CN=c1nc2cnc(N)c(c1=O)C=CC2,True,True,0.34782608695652173,7.0,102.49,2.08159,930.899608168713,30.0,48.0,10.0,4.0,2.14755810793752
44,44,[C][C][Branch1][C][O][C][Branch1][Ring1][C][N][C][=C][C][=Branch1][#Branch1][=N][C][=C][C][O][C][=C][Ring1][Branch1],CC(O)C(CN)C=CC(=NC=C1COC)C1,COCC1=CN=C(C=CC(CN)C(C)O)C1,True,True,0.5833333333333334,4.0,67.84,0.8732999999999997,289.16017124398627,16.0,24.0,5.0,2.0,1.828465772673408
45,45,[C][C][=C][C][C][C][Branch1][P][C][N][C][=Branch1][C][=O][C][Branch1][=Branch1][C][N][=N+1][Ring1][#Branch1][C][=C][C][=N][Ring1][Branch1][S][C][=C][C][C][N][Branch1][C][C][=N][C][C][Ring1][#Branch1][Branch1][C][F][F],CC=CCCC(CN1C(=O)C(CN=[N+1]12)C=C)C=N2,C=CC1CN=[N+]2N=CC(CCC=CC)CN2C1=O,True,True,0.5384615384615384,3.0,48.04,1.9824,405.75424759098905,18.0,46.0,9.0,3.0,2.015716981799033
46,46,[C][C][=C][C][=Branch1][C][=O][C][C][Branch1][C][I][=C][C][=Branch1][Ring1][=C][=O][C][=Ring1][Branch2],CC=CC(=O)C=1C(I)=CC(=C=O)C=1,CC=CC(=O)C1=CC(=C=O)C=C1I,True,True,0.1,2.0,34.14,2.1485000000000003,366.84249102171253,13.0,21.0,4.0,2.0,1.813882114662943
47,47,[C][C][O][C][=Branch1][C][=O][C@@H1][C][C][O][C][=C][Branch2][Ring1][C][=C][Branch1][C][Cl][C][Branch2][Ring2][Ring1][O][C][=C][C][=C][Ring1][=Branch1][C][=C][Branch1][N][C][C][Branch1][C][C][=C][Ring1][#Branch1][C][=N][Ring1][O][C][=C][Ring2][Ring1][#Branch2][Ring2][Ring1][O],CCOC(=O)[C@@H1]CCOC=CC(Cl)C1OC=C2C=C1C=C(CC(C)=CC=N2)C=C,C=CC1=CC2=CC(=COC2C(Cl)C=COCC[CH]C(=O)OCC)N=CC=C(C)C1,True,True,0.34782608695652173,5.0,57.120000000000005,4.9813900000000055,744.9078156936991,29.0,55.0,9.0,10.0,2.178268917826004
48,48,[C-1][#N+1][C][C][Branch1][C][I][C][N][C][=C][C][=C][C][Branch2][Ring1][#Branch2][C][Branch1][Ring2][C][Ring1][O][C][N][C][Branch1][C][O][C][=C][C][Ring1][#Branch1][C][Ring1][=C][Ring2][Ring1][#Branch1],[C-1]#[N+1]CC1(I)CNC=C2C=CCC(C1)C3NC(O)C=CC3C2,[C-]#[N+]CC1(I)CNC=C2C=CCC(C1)C1NC(O)C=CC1C2,True,True,0.5882352941176471,3.0,48.650000000000006,2.3854900000000008,526.7317897189637,22.0,40.0,7.0,7.0,2.1125260957722585
49,49,[C][O][C@@H1][Branch1][C][C][C@H1][C][C][=Branch1][C][=O][N][C][C][C@H1][Branch1][C][N][C][=Branch1][C][=O][C][=C][S][C@H1][Ring1][Branch2][Ring1][=Branch1][=C][C][=Branch1][C][=O][C][C][=C][Ring1][O][C][C][=Branch1][C][=O][C][=C][Branch1][C][C][C],CO[C@@H1](C)[C@H1]CC(=O)NCC[C@H1](N)C(=O)C=CS[C@H1],[CH]SC=CC(=O)[C@@H](N)CCNC(=O)C[CH][C@H](C)OC,True,True,0.5384615384615384,5.0,81.41999999999999,0.9338800000000005,282.41343573651113,19.0,52.0,9.0,3.0,1.9528973582400266
50,50,[C][N][C][=Branch1][C][=O][N][Branch1][C][C][C@H1][C][Branch1][O][C][=Branch1][C][=O][C][Branch1][C][C][=C][Branch1][Branch2][C][C@H1][Ring1][#Branch1][C][=C][O][C][=C][Branch1][#Branch1][C][C][=Branch1][C][=O][O][C][Branch1][Ring1][C][=O][C][=C][Ring2][Ring1][C][C],CNC(=O)N(C)[C@H1]C(C(=O)C(C1)=CC[C@H1]C=CO)C=C(CC(=O)O)C(C=O)C=C1C,CNC(=O)N(C)[CH]C1C=C(CC(=O)O)C(C=O)C=C(C)CC(=CC[CH]C=CO)C1=O,True,True,0.36363636363636365,5.0,124.01000000000002,2.7633800000000006,746.9078156936991,30.0,53.0,12.0,4.0,2.0100987180882908
51,51,[C][C][=C][C][Branch1][Branch2][C][=C][C][=C][Branch1][C][Br][C][Branch1][=N][O][C][Ring1][Branch2][C][C][=Branch1][C][=O][O][=C][C][=C][Branch1][Ring2][N][=C][C][=C][C][=Branch1][C][=O][C][=C][Ring1][N][=Ring1][Branch1][C][Ring2][Ring1][=N],CC=CC(C1=CC=CBr)C(OC1CC(=O)OCC)=C(N=CC)C2C(=O)C=C2,CC=CC1C(=CC=CBr)C(CC(=O)OCC)OC1=C(N=CC)C1C=CC1=O,True,True,0.38095238095238093,5.0,64.96000000000001,4.423100000000004,730.0,27.0,49.0,9.0,6.0,2.1398356830410674
52,52,[C][N][C][=Branch1][C][=O][C@H1][C][=Branch1][C][=O][N][O][C][Branch1][C][C][=C][C][=C][C][Branch1][=N][O][C][=C][C][=N][C][=C][C][=C][Ring1][=Branch1][C@H1][Branch1][P][C][C][=C][C][Branch1][C][O][=C][Ring1][#Branch1][C][Ring2][Ring1][Ring1][C][#N],CNC(=O)[C@H1]C(=O)NOC(C)=CC=C1C(OC=CC2=NC=CC=C2[C@H1]3)CC=CC(O)=C3C1C#N,CNC(=O)[CH]C(=O)NOC(C)=CC=C1C2CC=CC(O)=C([CH]c3cccnc3C=CO2)C1C#N,True,True,0.2,7.0,133.57000000000002,2.7435600000000004,1102.9375829164899,34.0,53.0,8.0,5.0,2.144570732799021
53,53,[C][C][C][Branch2][Ring1][=Branch1][C][N][C][Branch2][Ring1][C][=C][C][=C][C][=C][S][C][=Branch1][C][=O][N][C][C][=Branch1][C][=O][O][=C][C][=C][Ring1][Branch1][C][#N][C][=C][C][=C][Branch1][Ring1][C][#N][C][=C][Ring2][Ring1][Branch2][Ring2][Ring1][=Branch2],CCC(CNCCC=CC=CSC(=O)NCC(=O)O)=CC=CC#N,CCC(=CC=CC#N)CNCCC=CC=CSC(=O)NCC(=O)O,True,True,0.35294117647058826,5.0,102.22,2.9795800000000012,514.7317897189636,24.0,52.0,9.0,8.0,2.0886749629933985
54,54,[C][C][Branch1][C][C][Branch2][Ring2][C][N][C][C][N][C][=C][Branch2][Ring1][=Branch1][C][Branch1][C][Cl][Branch1][C][F][C][C][=C][Branch1][O][C][Branch1][C][C][=O][C][=C][C][=C][Ring1][#Branch1][C][N][Ring1][#C][Ring2][Ring1][Branch1][C][N],C1C(C)(NCC2NC=C(C(Cl)(F)CC=CC(C)=O)C)N21,CC(=O)C=CCC(F)(Cl)C(C)=CNC1CNC2(C)CN12,True,True,0.6428571428571429,4.0,44.13999999999999,1.8808000000000002,434.95466351341577,20.0,49.0,10.0,6.0,2.053589209495798
55,55,[C][C][=C][Branch1][C][Cl][C][O][C][=C][C][=Branch1][#C][=C][Ring1][=Branch1][C][=N][C][=C][Ring1][=Branch1][C][O][C][Ring1][Branch1][C][=C][Ring2][Ring1][Ring2],C1C=C(Cl)C2OC=CC(=C2C=NC3=CCOC3)C=C1,ClC1=CCC=CC2=C(C=NC3=CCOC3)C1OC=C2,True,True,0.26666666666666666,3.0,30.82,3.2630000000000026,532.3856189774723,19.0,32.0,5.0,6.0,1.9837379353998472
56,56,[C][O][C][=C][C][=C][Ring2][=Branch1][Ring1][=Branch1][C][=C][O][C][Branch1][=Branch2][C][C@][C][C][O][C@H1][Branch1][C][O][C@@H1][Ring1][=C][C][N][C][=C][Ring1][=N],C1OC=CC2=C1C=COC3(C[C@]CCO[C@H1]O)[C@@H1]2CNC=C3,O[CH]OCC[C]CC12C=CNC[C@@H]1C1=C(C=CO2)COC=C1,True,True,0.4117647058823529,5.0,59.95,2.21258,488.16769995724513,22.0,34.0,5.0,4.0,2.172312271802154
57,57,[O][=C][O][=C][Ring1][Branch2][C][N][C][=Branch1][C][=O][C][=C][C][=Branch1][Ring1][=C][=O][C][O][C][=Branch1][C][=O][C][Ring1][Ring1],O=COCCNC(=O)C=CC(=C=O)COC(=O)C,CC(=O)OCC(=C=O)C=CC(=O)NCCOC=O,True,True,0.36363636363636365,6.0,98.77000000000001,-0.8470999999999993,359.4995490565423,18.0,28.0,4.0,4.0,1.8767442714967006
58,58,[N][C@H1][Branch1][=Branch1][N][=C][S][C][=O][C][=C][C][Branch2][Ring1][=Branch2][N][Branch2][Ring1][=Branch1][C][=N][C][Branch1][C][F][=C][C][N][Ring1][=Branch2][C][=C][Branch1][C][F][C][N][Ring1][#Branch1][C][=C][Ring1][=C][Cl][=C][Ring2][Ring1][Ring2][F][Ring2][Ring1][Branch2][C][=N][Ring2][Ring1][=N][C],N[C@H1](N=CSC=O)C=CC(NC1=NC(F)=CC2NC=C(F)CN2C)=C1Cl,CN1CC(F)=CNC1C=C(F)N=C1NC(C=C[C@H](N)N=CSC=O)=C1Cl,True,True,0.26666666666666666,7.0,95.10999999999999,1.7141000000000004,687.549955182672,26.0,58.0,11.0,12.0,2.45441631715447
59,59,[C][C][C@][Branch1][C][O][C][Branch1][C][C][N][C@@][Branch1][C][C][C@@H1][Branch1][=N][C][=C][C][Branch1][C][F][=C][C][C@][Ring1][#Branch1][S][C][=C][Branch1][C][Cl][C][=C][Ring1][#Branch1][C][=Branch1][C][=O][C][F],CC[C@](O)C(C)N[C@@](C)[C@@H1](C1=CC(F)=CC[C@]12S)C=C(Cl)C=C2C(=O)CF,CC[C](O)C(C)N[C](C)[C@@H]1C=C(Cl)C=C(C(=O)CF)[C@]2(S)CC=C(F)C=C12,True,True,0.45,4.0,49.33,4.900480000000005,680.8268714730223,27.0,45.0,9.0,2.0,2.1651601931823543
60,60,[C][C][=C][C][Branch2][Ring2][Ring1][C][C][N][C][=C][C][=Branch1][C][=N][C][Branch1][=Branch2][C][=C][Branch1][C][C][O][C][=C][C][Ring1][#Branch2][Cl][C][=C][Ring1][O][Cl][C][Branch1][Ring1][C][=C][C][=N][C][Branch1][C][F][=C][Ring2][Ring1][Branch2],CC1=CC(CCNC=CC(=N)C(C=C(C)OC=C)CCl)C=NC(F)=C1,C=COC(C)=CC(CCl)C(=N)C=CNCCC1C=NC(F)=CC(C)=C1,True,True,0.3684210526315789,4.0,57.47,4.876270000000003,589.5278502336548,25.0,51.0,9.0,7.0,2.087514743965178
61,61,[C][O][C][C][=Branch1][C][=O][O][Branch1][C][Cl][C][O][C][C@][Branch2][Ring1][=Branch2][C][=N][NH1][C][=C][C][=C][Branch1][=Branch1][C][=C][N][Ring1][S][C][=Ring1][#Branch1][C][C][C@H1][Branch1][#Branch1][C][C][O][Ring1][Branch1][C][Ring2][Ring1][C],COCC(=O)OCCl,COCC(=O)OCCl,True,True,0.75,3.0,35.53,0.3723000000000001,54.43856189774725,8.0,49.0,10.0,6.0,2.3667050008899384
62,62,[O][N][C][=N][C][C][C@H1][Ring1][=Branch1][N][C][=C][C][=N][C][Branch1][=Branch2][C][=C][Branch1][C][N][C][C][F][C][=C][C][Br][C][=C][Ring1][=Branch1][C][=C][Ring1][=C][O],ON1C=NCC[C@H1]1NC=CC=NC(C=C(N)CCF)C=CCBr,NC(=CC(C=CCBr)N=CC=CN[C@@H]1CCN=CN1O)CCF,True,True,0.4666666666666667,6.0,86.24,2.1316999999999995,444.6587689043804,23.0,38.0,5.0,3.0,2.063001670082434
63,63,[C][C][=N][C][=C][C][N][C][=C][Branch1][#C][C][=C][C][=Branch1][C][=O][C][=C][C][=C][Ring1][#Branch2][=C][C][=C][Ring1][O][C][=C][Ring2][Ring1][C][=C][Ring1][=Branch1],CC=NC=C1CNC2=C(C3=CC(=O)C=CC=C2C4C)C3C=C1C4,CC=NC=C1CNC2=C3C4=CC(=O)C=CC=C2C(C)CC1=CC43,True,True,0.3,3.0,41.46,3.4060000000000024,783.8949464100461,23.0,36.0,4.0,5.0,1.9154401982165148
64,64,[N][=C][N][O][C][=C][C][C][Branch2][Ring1][=Branch1][S][C][C][=C][Branch1][C][N][C][=N][Ring1][#Branch1][C][=C][C][C][Ring1][Branch1][C][C][=C][C][=C][Branch1][C][F][C][=C][C][=C][Ring2][Ring1][#Branch1][Ring2][Ring1][C],N1=CNOC=CCC(S2CC=C(N)C=N2)=C(F)C=CC=C1,NC1=CC[SH](C2=C(F)C=CC=CN=CNOC=CC2)N=C1,True,True,0.14285714285714285,5.0,72.0,2.5475000000000003,544.5873848810926,21.0,46.0,7.0,7.0,2.041432457384458
65,65,[N][C][=C][C][=C][C][N][Branch1][C][C][S][C][=C][C][=Branch1][C][=O][C][Branch1][C][F][=C][C][=N][Ring1][=N][O][C][C@][Branch1][C][O][C][C@][Ring1][#C][Branch1][C][=C][C][Branch1][=Branch2][C][Branch1][C][C][=C],NC=CC=CC1N(C)SC=CC(=O)C(F)=CC=N1,CN1SC=CC(=O)C(F)=CC=NC1C=CC=CN,True,True,0.16666666666666666,5.0,58.69,1.9417000000000002,413.31926437868293,18.0,47.0,8.0,2.0,2.0548938561675376
66,66,[C][C][O][N][=C][C][=C][Branch1][=C][C][=C][C][C][=Branch2][Ring1][=Branch1][=C][N][C][C][=C][NH1][C][=Ring1][Branch1][C][=C][Ring1][=N][C][=C][C][=C][Ring1][N],CCON=CC=CC1=CCC=CN2C=3C=C[NH1]C=3C=C1C=CC=C2,CCON=CC=CC1=CCC=Cn2ccccc1cc1[nH]ccc12,True,True,0.15,3.0,42.31,4.930100000000004,845.0777974217064,24.0,35.0,4.0,4.0,1.9104375161576843
67,67,[F][C][=C][C][=C][Branch1][P][O][C][C][=N][C][=C][Branch1][C][F][N][Branch1][#Branch2][S][C][=C][C][O][C][C][=C][Ring1][=C][C][Branch1][Ring2][C][C][F][C][C][Ring1][#Branch1][C][=C][C][=C][O],FC=CC=C(OCC1=NC=C(F)NSC=CCOCC=C12)C(CCF)CC2C=CC=CO,OC=CC=CC1CC(CCF)C(=CC=CF)OCC2=NC=C(F)NSC=CCOCC=C21,True,True,0.34782608695652173,6.0,63.08,5.911200000000005,787.894946410046,32.0,44.0,6.0,3.0,2.0041145266454774
68,68,[C][C@@H1][Branch1][C][N][C][Branch1][C][C][C][C][=Branch1][C][=O][C][O][C][=C][C][C][Branch1][C][N][=C][C][=C][C][C][Ring1][#Branch2][=N][Ring1][=Branch1][C][N][=C][C][Ring1][=C][Ring2][Ring1][=Branch1],C[C@@H1](N)C(C)CC(=O)COC1=CCC(N)=C2C=CCC1=N2,CC(CC(=O)COC1=CCC(N)=C2C=CCC1=N2)[C@@H](C)N,True,True,0.5,5.0,90.7,1.8043000000000002,520.2415647232906,21.0,42.0,7.0,5.0,1.9398941600263682
69,69,[C][C@H1][Branch1][Branch2][O][C][Branch1][C][O][C][=C][Branch1][C][O][C][=C][C][C][Branch2][Ring2][C][=C][C][=C][Branch2][Ring1][=Branch1][C][C@H1][Ring1][=Branch1][C][=Branch1][C][=O][C@@H1][C][=C][Branch1][Ring1][C][#N][C][C@H1][Ring1][#Branch1][C][=C][C][Ring2][Ring1][Ring2][=Ring1][O][C][=C][Ring2][Ring1][=N][Ring2][Ring1],C[C@H1](OC1(O)C=C)COC=C2CC3(CC4=C(C[C@H1]3C(=O)[C@@H1]5C=C(C#N)C[C@H1]5C=C)C2)C=C14,C=C[C@@H]1CC(C#N)=C[C@H]1C(=O)[C@@H]1CC2=C3CC14C=C3C(O)(C=C)O[C@@H](C)COC=C(C2)C4,True,True,0.48148148148148145,5.0,79.55,4.448180000000004,1046.086684139083,32.0,61.0,11.0,13.0,2.2713306225326653
70,70,[C][O][C][=C][Branch1][=N][C][Branch1][Ring1][C][O][C][C][=C][C][Branch2][Ring1][N][C][O][C][Branch1][C][Cl][=C][C][=C][Branch1][Ring1][O][C][=C][Ring1][#Branch1][Cl][C][=C][Ring2][Ring1][Ring1][=C],COC=CC(CO)CC=CCCOC(Cl)=CC=C(OC)CCl,COC=CC(CO)CC=CCCOC(Cl)=CC=C(CCl)OC,True,True,0.5,4.0,47.92,3.9573000000000036,359.49954905654243,22.0,41.0,6.0,7.0,2.0015496580254175
71,71,[C][C][=N][C][Branch2][Ring1][Branch1][C][=C][Branch1][C][Cl][C][=C][N][=C][C][Branch1][C][Cl][=N][C][=C][C][C][C][C][Ring1][=C][C][C@H1][Ring1][=Branch1][N][C][Ring2][Ring1][Branch1][=O][O][C],C1C=NC1(C=C(Cl)C=CN=CC(Cl)=NC=CC2CCC)C[C@H1]2NC=O,CCCC1C=CN=C(Cl)C=NC=CC(Cl)=CC2(CC=N2)C[C@H]1NC=O,True,True,0.4444444444444444,4.0,66.18,3.9925000000000024,620.4237512704517,25.0,41.0,6.0,5.0,2.0633806742573375
72,72,[C][N][C][C][N][C][Branch1][#Branch1][C][=C][N][C][Ring1][Branch1][C][=C][N][C][=Branch1][C][=O][S][C][=C][C][C][Ring1][=Branch1][Branch1][=C][C][=Branch1][C][=O][P][=N][C][C][=C][Ring1][Ring2][C][C][N][Branch1][C][C][C],CNCCNC1(C=CNC1)C=CNC(=O)SC=CCC(C(=O)P=NCC=CCC)N(C)C,CCC=CCN=PC(=O)C(CC=CSC(=O)NC=CC1(NCCNC)C=CNC1)N(C)C,True,True,0.5454545454545454,8.0,97.85999999999999,3.0642000000000014,678.8268714730223,32.0,48.0,8.0,4.0,1.9221906806132871
73,73,[C][C][C][C][C][=C][C][Branch2][Ring2][Ring1][C][=C][Branch2][Ring1][P][C][=C][\C][C][C][=Branch1][C][=O][N][C][=C][Ring1][=Branch1][O][C][Ring1][=Branch2][=C][Branch1][Ring1][C][N][C][=C][Ring1][Branch2][C][=Branch1][C][=O][N][P][Ring2][Ring1][Ring2][C][O],C1CCCC=CC1(C=CC=C\C2C3C(=O)NC=C3OC2=C(CN)C=CC(=O)NP)CO,NCC(C=CC(=O)NP)=C1OC2=CNC(=O)C2C1C=CC=CC1(CO)C=CCCCC1,True,True,0.391304347826087,5.0,113.67999999999999,2.1168,850.4692002076929,31.0,52.0,8.0,10.0,2.1485350638071297
74,74,[C][C][O][C][=Branch1][C][=O][/C][C][=C][C][Branch2][Ring1][Ring2][O][C][=C][Branch1][C][O][C][C][=C][C][=Branch1][C][=O][C][Ring1][#C][C][=C][Ring1][C][=C][C][Branch1][Ring1][C][=C],CCOC(=O)/CC=CC(OC=C(O)CC=CC(=O)CC#C)=CCC=C,C#CCC(=O)C=CCC(O)=COC(C=CCC(=O)OCC)=CCC=C,True,True,0.3,5.0,72.83000000000001,3.9105000000000025,582.0180752293278,25.0,40.0,5.0,5.0,1.8910024276597468
75,75,[N][S][C][=Branch1][C][=O][C][=C][C][=C][S][C][=C][N][C][=C][C][=C][Ring1][#Branch1][C][N][C][=C][C][=Branch1][C][=O][C][=C][Ring1][Branch2][Cl][C][C][Ring1][Branch1][Branch1][C][=N][C][=C][C][=C][Ring1][O][C][Ring2][Ring1][Ring2][N],NSC(=O)C=CC=CSC1=CNC=CC=C1C2NC=CC(=O)C=C2Cl,NSC(=O)C=CC=CSC1=CNC=CC=C1C1NC=CC(=O)C=C1Cl,True,True,0.058823529411764705,7.0,84.22,2.985000000000001,711.1372703609896,25.0,51.0,6.0,7.0,2.121520698402631
76,76,[C][C][C][C][=C][C][Branch1][Ring1][C][O][N][Branch1][C][F][C][=C][C][=C][Ring1][#Branch1][C][#N][C][=C][Branch1][=Branch2][C][=C][Ring1][=C][C][N][=Ring2][Ring1][=Branch1],CCCC=CC(CO1)N(F)C=CC=C1C#N,CCCC=CC1COC(C#N)=CC=CN1F,True,True,0.4166666666666667,3.0,36.26,2.8491800000000014,322.4376982006962,16.0,35.0,6.0,5.0,2.0032850005187823
77,77,[C][C][Branch1][C][C][O][C][C@][Branch1][=C][C][Branch1][=Branch1][C][=Branch1][C][=O][O][C][Branch1][Ring1][C][=O][C][=N+1][=N-1][C][N][C][C][=Branch1][C][=O][C][N][C][C][Branch1][=N][C][=C][C][=C][Branch1][C][F][C][Branch1][C][I][=C][Ring1][Branch2],CC(C)OC[C@](C(C(=O)O)CC=O)C=[N+1]=[N-1],CC(C)OC[C](C=[N+]=[N-])C(CC=O)C(=O)O,True,True,0.6,3.0,100.0,0.5762899999999997,263.7628977173992,16.0,53.0,11.0,2.0,2.0451320594086217
78,78,[C][S][=Branch1][C][=O][C][=C][C][=C][C][Branch2][Ring2][Ring1][C][=N][C][=C][C][=C][Ring1][=Branch1][C][Branch1][C][F][=C][C][=C][C][=C][Ring1][=Branch1][F][C][Branch1][C][F][Branch1][C][F][C][P][C][Branch1][C][C][Branch1][C][C][N][=C][Ring2][Ring1][N][F],C1S(=O)C=CC=CC(C2=NC=CC=C2C(F)=CC=CC=CF)CCN=C1F,O=S1C=CC=CC(c2ncccc2C(F)=CC=CC=CF)CCN=C(F)C1,True,True,0.2,3.0,42.32,5.105300000000003,806.1949948497509,27.0,55.0,9.0,6.0,2.038633445547103
79,79,[C][O][C][Branch1][C][C][=C][C][Branch1][S][C][=C][NH1][C][C][=C][C][=C][C][=C][Branch1][=Branch2][F][C][Branch1][C][F][C][O][C][Ring1][=N][Ring1][#C][C][=C][C][=C][C][=C][Ring1][=Branch1][C][=N][Ring2][Ring1][#Branch2][C][Branch1][C][F][=C][Ring2][Ring1][#Branch2],C=1OC(C)=CC=1C=C[NH1]CC=CC=CC=CF,Cc1cc(C=CNCC=CC=CC=CF)co1,True,True,0.14285714285714285,2.0,25.17,3.743920000000003,411.00163943031856,17.0,55.0,9.0,7.0,2.105059365197368
80,80,[O][=C][Branch1][C][Cl][C][C][O][C][=C][C][Branch2][Ring1][#Branch1][N][Ring1][O][C][=Branch1][C][=O][C][=C][Branch1][C][Cl][C][=C][C][Ring1][#Branch1][=C][C][Branch1][Ring2][C][=C][Ring1][Branch1][C][O][Ring1][#C],O=C(Cl)CCOC=CC(N1C(=O)C=C(Cl)C=CC2=CCC=C2)CO1,O=C(Cl)CCOC=CC1CON1C(=O)C=C(Cl)C=CC1=CCC=C1,True,True,0.29411764705882354,4.0,55.84,3.379800000000002,603.9495684877126,24.0,43.0,8.0,6.0,2.1424212179412057
81,81,[C][C][=C][C][=C][C][=Branch1][C][=O][C][Branch1][S][C][C][O][C][C][O][C][=C][C][Ring1][Branch2][C][=Branch1][C][=O][O][C][=C][C][=C][Branch1][Branch1][S][C][C][C][=C][C][=C][Ring1][=Branch1][C][O][C][C][Ring1][#Branch2],CC=CC=CC(=O)C(CC1OCCOC=CC1C=O)OC=CC=C(SC23CC)CC=C2COCC3,CC=CC=CC(=O)C(CC1OCCOC=CC1C=O)OC=CC=C1CC=C2COCCC2(CC)S1,True,True,0.5,7.0,71.06,5.237300000000006,869.7143855964828,35.0,49.0,8.0,3.0,1.770534282304709
82,82,[N][C][Branch1][C][C][C][Branch1][C][C][=C][C][Branch2][Ring2][Ring1][C][O][C][=Branch1][C][=O][C][=C][C][Branch1][Branch2][C][=C][C][Branch1][N][C][C][=Branch1][C][=O][C][=C][O][C][Branch1][C][N][=O][C][C][C@][Ring1][Branch2][Branch1][C][F][C][Ring1][#C][C][=N][Ring2][Ring1][Ring1][C],NC(C)C(C)=CC(COC(=O)C1=CC(C=CCCC(=O)C=COCN)=O)(F)CC=N1,CC(=CC1(F)CC=NC(=CC(=O)C=CCCC(=O)C=COCN)C(=O)OC1)C(C)N,True,True,0.42857142857142855,8.0,134.07,1.8109,744.9078156936991,30.0,60.0,11.0,7.0,2.0426807706896075
83,83,[C][C][C][C][=C][C][Branch1][C][O][C][=C][Branch1][#C][O][C][=N][C][=C][C][=C][C][=C][Branch1][Branch2][O][C][C][Branch1][C][N][C][=C][Ring1][S][C][C][=C][Ring2][Ring1][C][O],CCCC=CC(O)C=C(OC=NC=CC=CC=COCC(N)C)CCC=CO,CCCC=CC(O)C=C(CCC=CO)OC=NC=CC=CC=COCC(C)N,True,True,0.4090909090909091,6.0,97.3,4.431700000000003,546.5873848810925,28.0,41.0,5.0,3.0,1.8080912877873043
84,84,[C][C][=Branch1][C][=O][O][Branch2][Ring1][C][N][=C][C][Branch1][#C][C][Branch1][C][C][Branch1][C][Br][C][=C][C][=N][Ring1][#Branch1][N][C][=Branch1][Ring2][=N][C][=C][N][=C][Ring1][=Branch1][C][N][S][Branch1][C][C][=Branch1][C][=O][=O][C][=C][Branch1][C][O][C][Ring1][Branch2][C][Ring2][Ring2][C],CC(=O)O,CC(=O)O,True,True,0.5,1.0,37.3,0.09089999999999993,23.019550008653873,4.0,60.0,12.0,7.0,2.236287858104918
85,85,[C][C][O][C][=C][N][C][=Branch1][C][=O][C][=C][C][Branch1][C][C][N][C][=Branch1][C][=O][C][Ring1][=C][C][=C][C][Ring1][=Branch1],CCOC=CNC(=O)C=CC(C)NC(=O)CC=CC,CC=CCC(=O)NC(C)C=CC(=O)NC=COCC,True,True,0.42857142857142855,3.0,67.43,1.6374,339.0498111861477,19.0,29.0,4.0,2.0,1.644995829694847
86,86,[C][C][N][C][Branch1][C][C][Branch2][Ring2][C][=C][S][C][Branch1][=Branch1][C][=C][Ring1][C][C][C][=Branch1][C][=O][N][C][=N][C][Branch1][C][C][=C][Ring1][O][C][C][=C][Branch1][#Branch1][C@H1][C][=C][Ring1][=C][C][Branch1][C][O][=C][Ring2][Ring1][O][C],CCN1C(C)(CSC(C#CC)C(=O)NC=NC(C)=CCC=C[C@H1]C=CC)COC1C,CC#CC(SCC1(C)COC(C)N1CC)C(=O)NC=NC(C)=CCC=C[CH]C=CC,True,True,0.5416666666666666,5.0,53.93000000000001,4.343290000000004,687.2852926761817,30.0,53.0,9.0,6.0,2.0330958385844955
87,87,[C][C][C@@H1][C][Branch2][Ring2][Branch1][C][C][=Branch1][C][=O][N][C][=C][C][Branch1][C][O][C][Branch1][C][O][C][C][=C][N][C][=N][C][Branch2][Ring1][=Branch1][C][=Ring1][Branch1][N][C][Ring1][=N][=C][C][Ring1][P][Ring2][Ring1][Branch1],CC[C@@H1]CCC(=O)NC=C1C(O2)C(O)CC=CN3C=NCC3NC2=CC1,CC[CH]CCC(=O)NC=C1CC=C2NC3CN=CN3C=CCC(O)C1O2,True,True,0.5263157894736842,6.0,86.19,1.54919,597.5278502336548,26.0,47.0,9.0,7.0,2.1662709168932683
88,88,[C][O][C][=C][C][N][=N][C][C][=C][C][=C][C][Branch1][=Branch1][C][=C][C][Ring1][=Branch2][=Ring1][=Branch1][C][=C][Ring1][O][C][Ring2][Ring1][C][N][=C][C][C][C][S],COC=CCN=NC12C=CC=CC2C=CC1,COC=CCN=NC12C=CC=CC1C=CC2,True,True,0.38461538461538464,3.0,33.95,3.039600000000002,365.4995490565424,16.0,36.0,4.0,5.0,1.9494625556431795
89,89,[C][O][C][=C][C][Branch2][Ring1][C][O][C][=C][Branch1][Branch2][/C][=C][/C][C][C][=C][Ring1][Branch1][C][O][=N][Ring1][=Branch1][C][=C][C][=O][O][C][=C][C][=C][Ring1][=Branch1][Ring2][Ring1][C][=C][Ring2][Ring1][Branch2],COC=CC(OC=C(/C=C1/CC2C=C1)CON2)C=CC=O,COC=CC(C=CC=O)OC=C1/C=C2\C=CC(C2)NOC1,True,True,0.3125,5.0,56.79,1.9603999999999997,482.16769995724513,21.0,44.0,7.0,8.0,2.0769936668552966
90,90,[C][C][=Branch1][C][=O][C][=C][Branch2][Ring2][#Branch1][C][C][=C][C][Branch1][#Branch1][C][=Branch1][C][=O][O][C][Branch1][C][C][=O][O][C][C][O][C][=C][Branch1][C][Cl][C][=C][Ring1][=Branch1][C][#N][C][=C][Ring2][Ring1][Ring1][=C][C][=C][Branch1][C][C][=C][Ring1][=Branch2],CC(=O)C=C(CC=CC(C(=O)OC)(C)OOCCOC=C(Cl)C=CC#N)C(C)=C,C=C(C)C(=CC(C)=O)CC=CC(C)(OOCCOC=C(Cl)C=CC#N)C(=O)OC,True,True,0.38095238095238093,7.0,94.85000000000002,4.080680000000004,711.6274953566627,29.0,55.0,11.0,6.0,2.036625539477316
91,91,[N][C][N][=C][Branch1][#Branch2][C][C][Branch1][C][F][=N][C][Branch1][N][C][=Branch1][C][=O][C][=C][C][Branch1][C][F][=C][Ring1][=Branch1][O][C][=N][Ring1][=C][C][=Branch1][C][=O][O][C][=C][Branch1][C][F][C][=C][N][Ring2][Ring1][#Branch2],N1CN=C1CC(F)=NCC(=O)C=CC(F)=C,C=C(F)C=CC(=O)CN=C(F)CC1=NCN1,True,True,0.3,4.0,53.82,1.3121999999999998,361.4995490565424,16.0,49.0,10.0,4.0,2.174738024225985
92,92,[N][O][C][=Branch1][C][=O][C][C][=Branch1][C][=O][N][=C][Ring1][Branch2][C@H1][Branch1][C][C][C@@H1][Branch1][#Branch1][C][=Branch1][C][=O][O][C][C][Ring1][N][C][=C][Ring1][=N][C][=C][Ring2][Ring1][C][C][=C][Ring1][Branch2][C][=Branch1][C][=O][F],NOC(=O)CC(=O)N=C[C@H1](C)[C@@H1](C(=O)OC1)CC=CC=CC=C1C(=O)F,C[C@@H](C=NC(=O)CC(=O)ON)[C@@H]1CC=CC=CC=C(C(=O)F)COC1=O,True,True,0.35294117647058826,7.0,125.12,1.1249,645.5257954347982,26.0,49.0,9.0,6.0,2.2530025696630993
93,93,[C][O][C][=Branch1][C][=O][C][=N][C][=C][Branch2][Ring1][=C][C][N][C][=C][C][C][Ring1][=Branch1][C][Ring1][#Branch1][N][Branch1][N][C][S][=Branch1][C][=O][C][C][C][=Branch1][C][=O][C][N][Ring1][C],COC(=O)C=NC=CC12NC=CCC1C2N(CS(=O)CCC=O)C=N,COC(=O)C=NC=CC12NC=CCC1C2N(C=N)CS(=O)CCC=O,True,True,0.5,7.0,111.91999999999999,0.19237000000000065,597.5278502336548,25.0,42.0,7.0,4.0,1.9459101490553135
94,94,[C][C][N][C][=C][NH1][C][=Branch1][C][=O][O][C][=C][C][Branch1][C][C][=C][Ring1][N][C][C@H1][Branch1][C][C][C][=C][Branch1][#Branch1][O][C][C][=C][Ring1][#C][Cl][N][C][C][=C][Branch1][C][O][C][=C][Ring2][Ring1][#Branch1][S][Ring2][Ring1][=Branch2][C][=C],CCN1C=C[NH1]C(=O)OC=CC(C)=C1C[C@H1](C)C=C(OCC=C)Cl,C=CCOC(Cl)=C[C@@H](C)CC1=C(C)C=COC(=O)NC=CN1CC,True,True,0.3888888888888889,4.0,50.80000000000001,4.616000000000004,536.3856189774724,24.0,54.0,8.0,6.0,2.192598951236014
95,95,[C][C][C][Branch1][C][N][C][C@@H1][C][=Branch1][C][=O][N][C][C][C@][Ring1][S][C][=Branch1][#Branch1][=C][C][Branch1][C][C][N][C][C][Ring1][=N][C][Ring1][S][C][C][Ring2][Ring1][=Branch1][C][=N][C][Branch1][C][N][=O],C12CC(N)C3[C@@H1]C(=O)NCC[C@]1C(=CC(C)N)CCC3CC2C=NC(N)=O,CC(N)C=C1CCC2CC(C=NC(N)=O)C3CC(N)C2[CH]C(=O)NCC[C]13,True,True,0.65,4.0,136.59,1.0878800000000015,601.5278502336548,27.0,46.0,7.0,5.0,1.9639482900430225
96,96,[C][O][C][=C][C][Branch2][Ring2][C][C][=C][C][N][=C][Ring1][=Branch1][O][C][C][=C][Branch2][Ring2][C][=C][N][=C][Ring1][=Branch1][C][=Ring1][=Branch2][S][Ring1][N][=Branch1][C][=O][=O][C][Branch1][C][C][O][C][=N][S][Branch1][C][Cl][=C][Ring2][Ring1][=Branch2][N][C][Ring2][Ring1][=N],C1OC=CC21C=CC3N=C2OC4C=CCN=C4CS3(=O)=O,O=S1(=O)CC2=NCC=CC2OC2=NC1C=CC21C=COC1,True,True,0.42857142857142855,6.0,77.32,0.6355,703.1372703609895,21.0,57.0,9.0,10.0,2.361770877620507
97,97,[C][C][O][C][O][C][C][C][=C][C][Branch1][C][N][C][=C][O][C][=N][Ring1][=Branch1][C][Branch1][C][C][=C][Branch1][C][F][C][=C][N][Ring1][#Branch1][C][#C][C][C][O][C][C][=C][Ring2][Ring1][Branch1],CCOCOCCC=CC(N1)C=COC=N1,CCOCOCCC=CC1C=COC=NN1,True,True,0.5454545454545454,5.0,52.08,1.3886999999999998,232.42286534333687,16.0,44.0,6.0,4.0,1.881136880524314
98,98,[C][O][C][C][=C][Branch1][Branch2][C][C][=C][C][=Branch1][Ring2][=O][C][O][C][C][N][Ring1][=C][C][=C][N][=C][Branch1][#Branch2][C][S][C][=C][N][=C][C][Ring1][=Branch1][C][=Branch1][C][=O][C][C][O][C][C][Ring1][=Branch2][Ring1][N][C][=C][Ring1],C1OCC=C(CC=CC=O)CCN1C=CN=C(CS2C3=CN=C4C2)C(=O)CCOCC43C#C,C#CC12COCCC(=O)C(=NC=CN3CCC(CC=CC=O)=CCOC3)C[SH]3CC1=NC=C32,True,True,0.44,7.0,80.56,2.5698000000000008,979.5459254629819,33.0,52.0,8.0,6.0,2.0376512711695614
99,99,[O][C][=N][N][=C][C][=C][C][=C][Branch1][C][F][C][=C][N][=C][Ring1][Branch2][S][N][C][=C][Branch1][Ring1][C][C][=C][C][Branch1][=Branch2][C][=C][N][=C][C][Ring1][=Branch1][=C][Ring1][O][C][=C][Ring2][Ring1][C][=C][=Ring2][Ring1][O],OC=NN=C1C=C2C=C(F)C=CN=C2SNC=C(CC)CC3(C=CN=CC3=C)C=CC1,C=C1C=NC=CC12C=CCC(=NN=CO)C=C1C=C(F)C=CN=C1SNC=C(CC)C2,True,True,0.21739130434782608,6.0,81.7,5.656700000000004,988.6385287573655,31.0,49.0,6.0,8.0,2.135685003492004
100,100,[C][C][C][=C][C][=C][Branch1][Branch2][C][C][=C][C][=C][Ring1][Branch1][S][Branch1][#C][C][=C][Branch1][#Branch1][C][=C][Ring1][=Branch1][F][C][=N][Ring1][#C][C@@H1][Branch1][C][N][C][=C][C][Branch1][=Branch1][C][=Branch1][C][=O][C][C][=C][C][=Ring1][#Branch2][Ring2][Ring1][Ring1],CCC=C1C=C(C2C=CC=C23)S(C=C(C=C3F)N1[C@@H1])(N=4)C=CC(C(=O)C)C=CC=4,[CH]N1C(=CCC)C=C2C3C=CC=C3C(F)=CC1=CS21C=CC(C(C)=O)C=CC=N1,True,True,0.20833333333333334,3.0,32.67,6.048290000000005,992.6385287573656,29.0,53.0,12.0,7.0,2.2317616950571653
101,101,[C][C][C][=Branch1][C][=O][N][=C][Ring1][=Branch1][C][S][Branch2][Ring1][Branch2][C][=Branch1][C][=O][O][C][Branch1][C][C][=O][=N][C][Branch1][C][C][=C][N][=C][Ring1][=Branch2][C][Branch1][Ring1][O][C][=C][C][=C][Ring2][Ring1][Ring2][F][C][=C][C][=C][Ring1][=Branch2][F],C12CC(=O)N=C1CS(C(=O)OC(C)=O)OC=CC=C2F,CC(=O)OC(=O)[SH]1CC2=NC(=O)CC2C(F)=CC=CO1,True,True,0.3333333333333333,5.0,82.03000000000002,1.9705,522.2415647232906,20.0,54.0,10.0,8.0,2.2370600416454076
102,102,[Cl][C][Branch2][C][=Branch1][C][=O][C][Branch1][C][C][=C][Ring1][=Branch2][C][=Branch1][C][=O][O][C][=C][C][Branch1][C][O][C][Branch1][#Branch1][N][C][Branch1][C][C][O][C][N][/S][=Branch1][C][=O][C][=C][C][=C][Ring1][N][Ring2][Ring1][Ring2][C][=C][Ring1][#Branch2],ClC(C=O)C=CC(=O)OC=CC(O)C(N1C(C)O)CN/S(=O)C=CC=C1,CC(O)N1C=CC=CS(=O)NCC1C(O)C=COC(=O)C=CC(Cl)C=O,True,True,0.375,7.0,116.17000000000002,0.06989999999999968,579.1595681836991,26.0,53.0,11.0,6.0,2.2038422579418078
103,103,[C][O][C][=C][Branch1][C][N][C][=C][C][=Branch1][C][=O][N][C][=C][Ring1][Branch2][C][Branch2][Ring1][C][O][C][=C][C][Branch1][C][C][=C][C][=C][Ring1][#Branch1][C][=C][=O][N][=C][Ring1][S],C1OC=C(N2)C=CC(=O)NC=C2C1OC3=CC(C)=CC=C3C=C=O,Cc1ccc(C=C=O)c(OC2COC=C3C=CC(=O)NC=C2N3)c1,True,True,0.16666666666666666,5.0,76.66,1.57582,776.2563794508652,24.0,41.0,6.0,4.0,1.9661945763400324
104,104,[C][#C][C][=C][N][=C][C][Branch1][C][S][C][=C][C][=Branch1][=C][=O][C][=N][O][Ring1][=Branch1][C],C#CC=CN=CC(S)C=CC=O,C#CC=CN=CC(S)C=CC=O,True,True,0.1111111111111111,3.0,29.43,1.2575999999999998,233.25415011250038,12.0,22.0,3.0,1.0,2.0198149924929454
105,105,[C][C][C][C][=C][C][Branch1][C][O][C][Branch1][C][C][S][C][=C][Branch1][#Branch2][N][C][=C][C][=C][Ring1][=Branch1][=C][Ring1][#C][C][=C][C][=C][Branch1][C][F][C][Branch1][C][Cl][=C][Ring1][C][Cl][=C][Ring2][Ring1][C][=C][Ring2][Ring1][S],CCCC1=CC(O)C(C)SC=C(NC=CC=CC1)C=CC=C(F)C(Cl)=CCl,CCCC1=CC(O)C(C)SC=C(C=CC=C(F)C(Cl)=CCl)NC=CC=CC1,True,True,0.3333333333333333,3.0,32.26,6.828700000000006,643.525795434798,27.0,51.0,7.0,7.0,1.9862677162183748
106,106,[C][C][=C][Branch1][Ring2][C][=N][C][=C][Ring1][=Branch1][C][=Branch1][C][=O][N][Branch1][#Branch2][C][Branch1][C][F][Branch1][C][F][C][=C][Ring1][=C][N][C][C][=C][Ring1][=Branch1][C][O][C][=Branch1][Ring2][=C][C][=C][C][=Ring1][#Branch1],C1C2=C(C=NC)C2C(=O)N1C(F)(F)C=C,C=CC(F)(F)N1CC2=C(C=NC)C2C1=O,True,True,0.4,2.0,32.67,1.2344,376.84249102171253,15.0,46.0,10.0,6.0,2.1649921478467733
107,107,[C][C][C][=C][C][=C][C][=Branch1][C][=O][NH1][C][Branch1][#C][C][O][C][Branch1][C][C][=C][C][Branch1][C][C][=N][N][C][C][Ring1][#Branch1][C][Branch1][O][C][S][C][C][Branch1][C][C][C][C][Ring1][=Branch2][C][Branch1][C][F][=C][Ring2][Ring1][O][C],CCC=CC=C1C(=O)[NH1]C(COC(C)=C2C(C)=NNC)C23C(CSCC(C)CC3)C(F)=C1C,CCC=CC=C1C(=O)NC2COC(C)=C(C(C)=NNC)C23CCC(C)CSCC3C(F)=C1C,True,True,0.6153846153846154,5.0,62.72,5.286100000000006,882.9990981130845,33.0,54.0,9.0,4.0,1.917224724824025
108,108,[C][N][C][=N][C][Branch1][=N][C][C][=C][N][C][Branch2][Ring1][C][C@H1][Branch1][C][O][N][Ring1][#Branch1][C][=C][Branch1][#C][C][=Branch1][C][=O][N][Ring1][#Branch2][C][Branch1][Ring1][O][C][C][=C][Ring1][Branch2][C][=C][Ring2][Ring1][C][C],C1NC=NC1(CC2=C3N4C[C@H1](O)N2C=CC(=O)N4C(OC)C=C)C=C3C,C=CC(OC)N1C(=O)C=CN2C3=C(C(C)=CC4(CNC=N4)C3)N1C[C@@H]2O,True,True,0.4444444444444444,7.0,80.64,0.28370000000000006,740.0000000000001,26.0,48.0,9.0,7.0,2.2105843633845086
109,109,[C][#C][C][C][C][C][Branch1][C][C][=C][Ring1][=Branch1][C][=C][C][Branch2][Ring1][Ring2][C][O][C][=C][Branch1][C][F][C][=C][Branch1][C][\C][C][Ring1][=Branch2][/C][=C][/C][=C][C][=Branch1][C][=O][C][Ring2][Ring1][Ring1],C#CC1CCC(C)=C1C2=CC(C3OC=C(F)C=C(\C)C3/C=C/C=C)C(=O)C2,C#CC1CCC(C)=C1C1=CC(C2OC=C(F)C=C(C)C2/C=C/C=C)C(=O)C1,True,True,0.375,2.0,26.3,5.375900000000005,827.754315965338,27.0,45.0,7.0,7.0,2.067125646014013
110,110,[C][O][C][=C][Branch1][C][F][C][Branch1][C][N][=C][C][C][Branch2][Ring1][=Branch1][C][=C][C][=C][Branch1][C][F][N][Ring1][#Branch1][C][Branch1][C][C][=C][Ring1][N][C][Branch1][C][I][=C][N][Branch1][#Branch1][C],COC=C(F)C(N)=C1CC(C=CC=C(F)NC(C)=C1CI)=CNC,CNC=C1C=CC=C(F)NC(C)=C(CI)C(=C(N)C(F)=COC)C1,True,True,0.29411764705882354,4.0,59.31,3.829200000000002,612.4237512704517,24.0,43.0,10.0,3.0,1.959429505942473
111,111,[C][=C][C][=Branch1][C][=O][C][C][O][C][=Branch1][=C][=C][C][=Branch1][Ring2][=C][C][Br][C][=C][Ring1][O][C][=C][C][Branch1][C][O][=C][Ring1][#Branch1][C][N][C][C][Branch1][C][O][C][C][Ring1][S][=O],C=CC(=O)C1COC(=CC(=CC2Br)C3=C1C=C)C(O)=C3CNCC(O)CC2=O,C=CC(=O)C1COc2cc3c(c(c2O)CNCC(O)CC(=O)C(Br)C=3)=C1C=C,True,True,0.3333333333333333,6.0,95.86000000000001,0.4598999999999999,937.2308972347587,28.0,44.0,6.0,4.0,1.9533373024581209
112,112,[C][O][C][C@H1][C][Branch1][#Branch2][C][C][C][=C][C][Branch1][C][F][F][=N][C][Branch2][Ring1][C][N][Branch1][C][F][F][C][=Branch1][C][=O][C][=C][Ring1][N][C][=C][NH1][C][=C][C][Ring1][Branch1][=C][Branch1][C][Cl][C][Ring1][=Branch2],COC[C@H1]C(CCC=CC(F)F)=NC(N(F)F)=CC=C(Cl)C,COC[CH]C(CCC=CC(F)F)=NC(=CC=C(C)Cl)N(F)F,True,True,0.42857142857142855,3.0,24.83,4.934590000000004,395.75424759098905,22.0,49.0,9.0,4.0,2.16701684956813
113,113,[C][C][C][C][=C][C][Branch2][Ring1][=Branch1][C][N][C][=C][Ring1][Branch1][C][=C][/C][NH1][C][C][=C][Branch1][C][O][C][=C][Ring1][#Branch2],CCCC=CC1CNC=C1C2=C/C[NH1]CC=C(O)C=C2,CCCC=CC1CNC=C1C1=CCNCC=C(O)C=C1,True,True,0.4117647058823529,3.0,44.29,2.973700000000001,454.4299824400822,20.0,29.0,5.0,3.0,1.900116499408863
114,114,[N][#C][C][=C][C][Branch2][Ring1][P][C][C][=Branch1][C][=O][C][=Branch1][C][=O][O][C][=C][C][=N][C][=C][Ring1][=Branch1][=C][Branch2][Ring1][N][N][C][=Branch1][C][=O][C][C][N][C][=C][C][Branch1][C][F][=N][Ring1][Branch1][C][=C][Ring1][=Branch2][O][C][Ring2][Ring1][#C][=Ring2][Ring1][N],N#CC=CCCC(=O)C(=O)OC1=CC=NC=C1CNC(=O)CCNC2=CC(F)=N2,N#CC=CCCC(=O)C(=O)Oc1ccncc1CNC(=O)CCNC1=CC(F)=N1,True,True,0.2631578947368421,8.0,133.54000000000002,1.23498,876.8585471378691,29.0,59.0,9.0,9.0,2.312521441512978
115,115,[C][S][C][=C][C][Branch1][#Branch1][C][=C][C][C][=C][Ring1][Branch1][N][C][=C][C][=C][Ring1][Branch2][C][Branch1][=C][N][C][=C][Ring1][O][S][Branch1][C][F][=O][C][=C][Ring1][=C][C][#N],CSC=CC(C1=CC2C3=C1)NC=CC=C2C(NC=C3S(F)=O)=CC#N,CSC=CC1NC=CC=C2C(=CC#N)NC=C(S(=O)F)C3=CC1=CC23,True,True,0.16666666666666666,5.0,64.91999999999999,3.2428800000000013,821.754315965338,25.0,40.0,6.0,4.0,2.014321792758315
116,116,[N][C][N][C][=Branch1][C][=S][C][C][=O][C][N][Ring1][Branch1][C][=N][N][=C][Branch2][Ring1][C][=C][Branch1][=N][C][=C][C][=N][C][=C][Ring1][=Branch1][C][Branch1][C][F][Branch1][C][F][C][=C][N][Ring1][#C][C][Ring2][Ring1][Ring1][N][Ring2][Ring1][C],NCNC(=S)CC=O,NCNC(=S)CC=O,True,True,0.5,3.0,55.12,-0.5914000000000001,80.03910001730775,8.0,52.0,7.0,9.0,2.1515583019713262
117,117,[O][C][=Branch1][C][=O][C@@][C][=C][C][=N][C][Branch2][Ring1][Branch1][C][C][C@H1][C][C][=C][Branch1][Branch2][C][N][=C][Ring1][#Branch1][C][=C][Ring1][=N][F][C][=C][C][Branch1][C][Cl][=C][Ring1][=Branch2][C][Branch1][C][F][=C][Ring2][Ring1][#Branch2][C][=C],O1C(=O)[C@@]C=CC=NC(CC[C@H1]2CC=C3CN=C2C=C)C(Cl)=C3C(F)=C1C=C,C=CC1=NCC2=CC[C@@H]1CCC1N=CC=C[C]C(=O)OC(C=C)=C(F)C2=C1Cl,True,True,0.2727272727272727,4.0,51.019999999999996,4.847190000000004,844.469200207693,28.0,51.0,10.0,6.0,2.313170548951696
118,118,[C][C][=N][N][=C][Branch1][Ring1][PH2][#N][C][C][=C][C][Branch2][Ring2][#Branch1][C][=C][N][C][=Branch1][C][=O][C][C][=C][Branch2][Ring1][=C][C][=C][Branch1][=Branch2][C][C][N][C][Branch1][C][C][N][C][=Branch1][C][=O][C][=C][Ring1][#Branch2][Br][S][Ring2][Ring1][C][C][C][Ring2][Ring1][=N],CC=NN=C([PH2]=N)CC=CC(C=CNC(=O)CC=CC=C(C1CNC(C)N)C(=O)C=C1Br)=N,CC=NN=C(CC=CC(=N)C=CNC(=O)CC=CC=C1C(=O)C=C(Br)C1CNC(C)N)[PH2]=N,True,True,0.3181818181818182,8.0,156.64,3.404440000000001,899.6849820434248,33.0,59.0,10.0,8.0,2.2579862032208307
119,119,[C][C][C][=C][Branch1][=Branch2][C@@H1][C][C][C@H1][Ring1][=Branch1][O][C][=Branch1][C][=O][C][=C][C][=C][Branch1][C][F][C][Ring1][P][C][Branch1][Branch2][N][=N][C][Ring2][Ring1][Ring1][O][C][C][N][Branch1][C][C][C][F][C][=C][Ring1][#C][C][C][Ring1][N],CCC1=C([C@@H1]CC[C@H1]1OC)C=O,CCC1=C(C=O)[CH]CC[C@H]1OC,True,True,0.6,2.0,26.3,1.90499,186.21499122004107,12.0,53.0,8.0,7.0,2.211223935327908
120,120,[C][C][O][C][=Branch1][C][=O][C][=C][C][=C][NH1][C][=Ring1][#Branch1][C][O][C][C][O][C][=C][C][Ring1][=Branch1][=C][O][C][=Branch1][C][=O][C][=C][C][Branch1][#Branch1][C][=C][Ring1][=N][C][C][Ring2][Ring1][Branch1][=C][C],CCOC(=O)C1=CC=C[NH1]CCOC2COC=CC2=COC(=O)C=CC1(C=CCC)CC,CCC=CC1(CC)C=CC(=O)OC=C2C=COCC2OCCNC=CC=C1C(=O)OCC,True,True,0.44,7.0,83.09,3.8678000000000035,791.8949464100463,32.0,47.0,7.0,5.0,1.9388337554480393
121,121,[O][=C][N][=C][C][=C][Branch2][Ring1][Branch1][C][=N][C][=C][C][Branch1][C][O][C][C][Branch1][C][F][F][C][=C][Ring1][#Branch2][C][=C][Branch1][C][Cl][C][=C][C][=C][Ring1][#C][C][Branch1][C][C][=C][NH1][C][=N][C][Ring2][Ring1][C][Br],O=CN=CC=C(C=NC=CC(O)CC(F)F)CCl,O=CN=CC=C(C=NC=CC(O)CC(F)F)CCl,True,True,0.36363636363636365,3.0,62.019999999999996,1.9794,323.94747320502313,18.0,51.0,7.0,5.0,2.0990685368380886
122,122,[C][C][C][=C][Branch1][#Branch2][C][N][C@H1][C][C][=C][C][=C][C][Branch1][=Branch1][C][=Branch1][C][=O][C][=C][C][=C][Branch1][=Branch1][C][Branch1][C][N][=O][C][C@@H1][Ring1][=Branch2][C][=C][Branch1][C][C][C][Branch1][C][F][=C][Ring1][O],CCC=C(CN[C@H1]CC=CC=CC)C(=O)C1=CC=C(C(N)=O)C[C@@H1]1C=C(C)C(F)=C,C=C(F)C(C)=C[C@H]1CC(C(N)=O)=CC=C1C(=O)C(=CCC)CN[CH]CC=CC=CC,True,True,0.32,3.0,72.19,4.953190000000004,798.9763750353875,30.0,48.0,11.0,2.0,1.959924067591238
123,123,[C][C][C@H1][Branch2][Ring1][Branch2][O][C][=N][C][Branch1][P][C][N][=C][Branch1][C][F][C][=C][Ring1][=Branch1][C][#N][Branch2][Ring1][C][=C][S][=Branch1][C][=O][C][=C][C][Branch1][C][Cl][=C][C][Branch1][C][C][=O][C][Ring2][Ring1][=Branch1][C][=C][C][O],CC[C@H1](OC=NC(C1N=C(F)C=C1C#N)S)C=O,CC[C@@H](C=O)OC=NC(S)C1N=C(F)C=C1C#N,True,True,0.45454545454545453,6.0,74.81,1.46488,411.80948937435596,18.0,52.0,10.0,5.0,2.2752915116056913
124,124,[C][C][C][=C][N][Branch1][C][O][C][=Branch1][C][=O][C][=C][Branch1][Ring1][C][#C][C][=C][C][N][=C][Ring1][#Branch1][N][C][=C][C][=C][Branch1][C][C][N][=C][C][Ring1][=Branch1],CCC=CN(O)C(=O)C=C(C#C)C=CCN=CNC=CC1=C(C)N=CC1,C#CC(C=CCN=CNC=CC1=C(C)N=CC1)=CC(=O)N(O)C=CCC,True,True,0.25,4.0,77.28999999999999,3.123800000000002,705.6274953566627,26.0,38.0,6.0,3.0,1.8542895913703739
125,125,[C][C][=C][N][C][=C][C][=N][C][Branch1][#C][N][C][C][Br][=C][C][=C][Ring1][N][O][C][Branch1][C][C][C][O][=C][C][Branch1][Ring1][C][C][=N][Ring2][Ring1][=Branch1],C1C=CNC=CC=NC(NCCBr)COCC(CC)=N1,CCC1=NCC=CNC=CC=NC(NCCBr)COC1,True,True,0.5714285714285714,5.0,58.010000000000005,1.8659999999999999,341.0498111861476,20.0,37.0,4.0,4.0,1.9534032667264836
126,126,[C][C@][C][=C][C][Branch2][Ring1][=Branch2][S][=Branch1][C][=O][N][C][=C][C][=C][C][Branch1][=C][C][=C][C][Ring1][=Branch1][S][C][=Branch1][C][=O][N][C][=N][C][Branch1][C][C][=C][C][Branch1][C][F][=C][C][C@][Ring2][Ring1][O][C][=C][Ring2][Ring1][#Branch2][O],C[C@]C=C1C(S(=O)NC=CC2=CCC=CC2SC(=O)NC=N)C(C)=CC(F)=CC[C@]1C=CO,C[C]C=C1[C](C=CO)CC=C(F)C=C(C)C1S(=O)NC=CC1=CCC=CC1SC(=O)NC=N,True,True,0.25,5.0,102.28000000000002,5.303950000000004,919.0851272670145,33.0,54.0,9.0,6.0,2.2661231154381887
127,127,[C][C][=C][C][=C][=N][C][Branch2][Ring1][C][C][Ring1][=Branch1][=C][Branch1][C][F][C][=C][Branch1][C][F][C][=C][Ring1][Ring2][C][O][Ring1][=Branch2][=C][Branch1][C][O][C][=C][Ring1][#C][C][=C][C][=C][Ring1][P][N][C][=C][O][C][Branch1][C][C][=C][Ring1][=Branch2],CC=C1C=C=NC(C1=C(F)C=C(F)C=CC)O,CC=CC(F)=CC(F)=C1C(=CC)C=C=NC1O,True,True,0.23076923076923078,2.0,32.59,3.143700000000002,458.2667786696706,17.0,55.0,8.0,8.0,2.0517665910314657
128,128,[C][=C][Branch1][C][O][C][=C][C][=N][C][=C][Branch1][Ring1][O][C][C][=N][Ring1][#Branch1][C@H1][Branch1][C][N][C][=C][C][=C][C][=Branch1][Ring2][=C][Ring1][=Branch1][S][C][Ring1][#Branch1][=C][C][Ring1][N][=O],C=C(O)C=CC=NC=C(OC)C=N,C=C(O)C=CC=NC=C(C=N)OC,True,True,0.1111111111111111,4.0,65.67000000000002,1.8224699999999998,249.2118756352258,13.0,42.0,7.0,6.0,2.1843312629461904
129,129,[C][=C][Branch2][Ring2][#C][C][=N][O][C][C][=C][Branch2][Ring2][C][C][N][Branch1][#Branch1][C][=C][O][C][N][Branch1][#Branch2][C][=Branch1][C][=O][C@][Ring1][=Branch1][C][=C][C][=C][Ring1][=C][C][O][C][=C][Ring2][Ring1][#Branch1][Br][C][=Branch1][C][=O][C][C@H1][Ring2][Ring1][=C][C][=Branch1][C][=O][O][C],C1=C(C=NOCC=C(C2N(C=COCNC(=O)[C@]C=C)C=C2COC=CBr)C=O)[C@H1]1C(=O)OC,C=C[C]C(=O)NCOC=CN1C=C(COC=CBr)C1C(C=O)=CCON=CC1=C[C@@H]1C(=O)OC,True,True,0.2608695652173913,9.0,115.76,2.12289,892.3228035743816,34.0,61.0,11.0,8.0,2.3474000626500215
130,130,[C][C@H1][C][=C][C@@][Ring1][#Branch1][N][C][=C][C][=C][C][=C][C][=C][Ring1][=Branch1][=N][N][C][C@H1][Ring1][S][C][=N][C][Branch1][C][C][=C][N][Ring1][Branch1][C][=C][Ring1][#C][C][Cl][C][=C][Branch1][Ring1][C][C][N][=C][Ring2][Ring1][N],C1[C@H1]C2=C[C@@]1NC=CC3=CC=C4C=C3NNC[C@H1]2C=NC(C)=CNC=C4CCl,CC1=CNC=C(CCl)c2ccc3c(c2)NNC[C@@H](C=N1)C1=C[C](C[CH]1)NC=C3,True,True,0.22727272727272727,5.0,60.48,3.9745800000000022,856.0245467405708,28.0,51.0,5.0,8.0,2.1303858886916927
131,131,[C][C][C][=C][C][=C][C][=C][C][Branch2][Ring1][N][O][C][=C][C][=N][C][=C][C][Branch1][C][Cl][=C][C][Branch1][=Branch1][C][=Branch1][C][=O][N][Ring1][#C][Ring1][N][Branch1][C][I][C][=N][Ring2][Ring1][C][=C][C][Branch1][C][F][Branch1][C][F][F][=C][Ring1][#Branch1],CCC=CC=C1C=C2C3(OC=CC=NC=CC(Cl)=CC13C(=O)N)C=N2,CCC=CC=C1C=C2N=CC23OC=CC=NC=CC(Cl)=CC13C(N)=O,True,True,0.21052631578947367,4.0,77.03999999999999,3.3225000000000016,800.9763750353875,25.0,56.0,9.0,6.0,2.203765630322507
132,132,[C][N][C][C][=Branch1][C][=O][C][C][=Branch1][Ring1][=C][Branch2][Ring2][C][C][=C][C][=N][C][=C][Ring1][=Branch1][C][Branch1][#C][C@H1][C][O][C][Branch1][C][Cl][=C][Ring1][Branch2][=N][C][Branch1][Ring1][C][O][C][C][Ring1][S],CNCC(=O)CC=CC1=CC=NC=C1C([C@H1]COC(Cl)=CNCCO)CC,CCC([CH]COC(Cl)=CNCCO)c1cnccc1C=CCC(=O)CNC,True,True,0.45,6.0,83.48,2.607490000000001,587.8108031804464,27.0,46.0,8.0,6.0,2.1684323646597607
133,133,[C][=C][Branch1][C][O][C][Branch2][Ring2][Branch1][C][C][=N][C][=C][Branch2][Ring1][N][/C][=C][/C][=C][C][Branch1][C][F][=C][Branch1][C][N][C][=C][C][=C][Ring1][Branch1][C][C][=C][Ring1][O][C][Branch1][C][C][=N][Ring1][S][O][C][=C][Ring2][Ring1][O],C1=C(O)C1(CC=NC=C(/C=C/C=CC(F)=C(N2)C=CC=C2CC=CCC)N)OC=C,C=COC1(CC=NC=C(N)/C=C/C=CC(F)=C2C=CC=C(CC=CCC)N2)C=C1O,True,True,0.20833333333333334,5.0,79.87,5.294900000000005,870.9990981130848,30.0,53.0,8.0,7.0,2.0983288253898675
134,134,[C][C][=C][Branch1][C][F][C][=N][C][Branch2][Ring1][C][O][C][C][Ring1][=Branch1][C][C@H1][Branch1][C][F][C][=C][C][=C][Ring1][=Branch1][I][C][C@H1][Ring2][Ring1][C][=N][=C],CC=C(F)C1=NC(OCC1C[C@H1](F)C=CC=CI)C[C@H1]N=C,C=N[CH]CC1N=C(C(F)=CC)C(C[C@H](F)C=CC=CI)CO1,True,True,0.4375,3.0,33.95,4.758790000000005,444.6587689043805,22.0,36.0,5.0,5.0,2.056612568756882
135,135,[C][C][C][C][=N][N][Branch1][C][O][C][=C][C][Branch1][C][N][=C][PH1][Branch1][C][F][C][=C][C][=C][C][Branch1][C][Cl][=C][Ring1][#Branch1][S][C][=Branch1][C][=O][C][O][C][Branch1][C][C][=O][C][S],CCCC=NN(O)C=CC(N)=C[PH1](F)C1=CC=CC(Cl)=C1SC(=O)COC(C)=O,CCCC=NN(O)C=CC(N)=C[PH](F)c1cccc(Cl)c1SC(=O)COC(C)=O,True,True,0.2777777777777778,8.0,105.22,4.036700000000002,754.2430314393537,29.0,45.0,7.0,1.0,1.994346888883644
136,136,[C][C][Branch1][C][O][C][C][C][=C][C][=C][N][C][Branch1][C][N][Branch1][Ring1][C][N][Branch1][C][F][F][C][=N][Ring1][O],CC(O)CCC=CC=CNC(N)(CN)CF,CC(O)CCC=CC=CNC(N)(CN)CF,True,True,0.6363636363636364,4.0,84.3,0.3900999999999998,204.07820003461555,16.0,28.0,4.0,2.0,1.7534519547316518
137,137,[N-1][=N+1][Branch2][Ring1][=C][O][C][C][N][Branch1][C][C][N][C][=C][C][Ring1][Ring2][N][Branch1][#C][C][=N][Ring1][=C][C][Branch1][C][O][C][=C][C][N][Branch1][C][C][C][=C][Ring1][#Branch1][C][=C][Ring2][Ring1][C],[N-1]=[N+1](OCCN(C)N1C=CC12NC=N)CC=C2C=C,C=CC1=CC[N+](=[N-])OCCN(C)N2C=CC12NC=N,True,True,0.4166666666666667,4.0,76.9,0.6471700000000001,434.95466351341577,19.0,45.0,6.0,7.0,2.0950600554464476
138,138,[C][O][C][N][=C][Branch2][Ring1][#C][C][Branch1][C][C][N][N][=C][C][C][=Branch1][C][=O][C][Cl][=C][C][=C][C][=C][Branch1][C][Cl][C][=N][Ring1][#Branch1][C][=C][Ring1][N][=C][C][=C][Ring2][Ring1][Ring1][F][C],C1OCN=C(C(C)NN=CCC(=O)CCl)CC=C1F,CC(NN=CCC(=O)CCl)C1=NCOCC(F)=CC1,True,True,0.5833333333333334,5.0,63.05,1.8204999999999998,365.4995490565424,19.0,46.0,5.0,6.0,2.146860796094203
139,139,[C][C][S][C][=C][C][=Branch1][C][=O][C][=Branch1][C][=O][C][Ring1][O][C][=C][C][=Branch1][N][=C][C][=N][C][=C][Branch1][Ring1][C][=C][C][Ring1][=Branch2][=N][C][Branch1][C][Br][=C][Ring2][Ring1][=Branch2],C12CSC=CC(=O)C(=O)C1C=CC(=CC=NC=C(C=C)C)NC(Br)=C2,C=CC(C)=CN=CC=C1C=CC2C(=O)C(=O)C=CSCC2C=C(Br)N1,True,True,0.21052631578947367,5.0,58.53,4.057700000000003,713.1372703609896,25.0,42.0,7.0,5.0,2.082951329565076
140,140,[C][C@@H1][C][O][C][C][=C][Ring1][=Branch1][C][C][C][O][C][C][Branch1][C][C][=C][Branch1][=Branch2][C][C][=C][C][=C][Ring1][=Branch1][C][=C][Ring1][=C][C][C][=Branch1][C][=O][C@H1][Ring1][=N][C],C[C@@H1]1COCC=C1CC2COCC(C3)=C(CC=CC=CC)C2CC(=O)[C@H1]3C,CC=CC=CCC1=C2COCC(CC3=CCOC[C@H]3C)C1CC(=O)[C@@H](C)C2,True,True,0.625,3.0,35.53,5.049800000000005,638.9494616147808,27.0,41.0,6.0,4.0,1.8036086410395673
141,141,[O][C][=N][C][Branch1][Branch2][C][C][Branch1][Ring1][C][=C][N][=N][C][Branch1][#Branch2][C][O][C][C][=C][C][Branch1][C][C][=C][N][=Ring1][=Branch1][=C][Ring1][#C][C][=C][C][=C][C][Branch1][C][C][=C][Ring1][Branch2][C][Ring2][Ring1][=Branch1][N],OC=NC(CC(C=C)N)=NC(COCC1=CCC)=CN1,C=CC(N)CC(N=CO)=NC1=CNC(=CCC)COC1,True,True,0.42857142857142855,4.0,92.23,1.6297,415.31926437868293,20.0,49.0,10.0,6.0,2.0942398082605838
142,142,[C][C@@H1][C][=N][C][C][N][Branch1][=Branch2][C][Branch1][C][C][N][Ring1][=Branch1][C][=C][Ring1][#Branch2][C][C][=C][Ring1][=C][C][Branch2][Ring1][=Branch1][C][C@@][Branch1][C][F][C][C@][Branch1][C][C][Branch1][C][O][C][=C][C][Branch1][C][C][=C][Ring1][=N][C][C],C[C@@H1]1C2=NC3CN(C(C)N3C)C2CC=C1C4(C[C@@](F)C[C@](C)(O)C=CC(C)=C4)CC,CCC1(C2=CCC3C(=NC4CN3C(C)N4C)[C@H]2C)C=C(C)C=C[C@@](C)(O)C[C](F)C1,True,True,0.68,4.0,39.07,4.640490000000004,786.8559515213417,30.0,53.0,11.0,5.0,2.0246280269589256
143,143,[C][C][C][C][C][Branch2][Ring1][C][C][N][C][C][Branch1][O][C][C][C][Branch1][C][F][C][=N][Ring1][=N][C][N][=C][Branch1][Branch2][C][=Ring1][#Branch1][C][=N][Ring2][Ring1][=Branch1][C][Branch1][C][C][C][C][=Branch1][C][=O][C][=C][C][=C][Ring1][#Branch1][Ring1][S],C1CC2CC(CNCC(CCC(F)C=N2)C)N=C(CC=N1)C(C)C3C(=O)C=CC=C3,CC1CCC(F)C=NC2CCN=CCC(C(C)C3C=CC=CC3=O)=NC(CNC1)C2,True,True,0.6666666666666666,5.0,66.18,3.7951000000000024,697.549955182672,30.0,54.0,10.0,7.0,2.022296753881991
144,144,[N][N][=C][N][Branch2][Ring1][=Branch1][C][=C][C][S@@][=Branch1][C][=O][C][=C][C][Branch2][Ring1][#Branch1][O][Ring1][=Branch1][C][C][=C][S][C][Branch1][#Branch1][O][C][C][Branch1][C][F][C][=C][Ring1][#Branch2][C][=C][C][Branch1][Ring1][C][=N][Ring2][Ring1][Ring1],N1N=CN(C=CC[S@@]2(=O)C=CCO2)C1C=N,N=CC1NN=CN1C=CC[S@@]1(=O)C=CCO1,True,True,0.3333333333333333,6.0,77.78,0.06757000000000019,378.84249102171253,16.0,50.0,11.0,8.0,2.331241514294919
145,145,[C][C][O][N][Branch1][#Branch1][C][=Branch1][C][=O][N][C][=N][C][Branch1][C][C][=C][S][C][Ring1][=Branch1][C][=C][Ring1][O][C][=Branch1][C][=O][N][=C][Ring1][P][C][=C][Branch1][C][Br][C][=C][C][Branch1][=Branch2][C][=C][Ring1][Branch1][C][C][=C],CCON(C(=O)NC)N1C(C)=CSC1C=CC(=O)N=CC=C(Br)C2=CCC=C2CC=C,C=CCC1=CCC=C1C(Br)=CC=NC(=O)C=CC1SC=C(C)N1N(OCC)C(=O)NC,True,True,0.3181818181818182,5.0,74.24000000000001,4.995500000000005,846.469200207693,31.0,51.0,10.0,4.0,2.117662081578285
146,146,[C][C][Branch1][C][C][C][O][C][=C][C][C][=C][C][=Branch1][C][=N][C][C@H1][Branch1][C][N][C][=C][C][Branch1][=Branch2][N][C][=N][C][C][Ring1][=Branch1][N][=C][Ring1][#Branch2][C][=Branch1][C][=O][N][C][=C][Ring2][Ring1][C][=C][C][Branch1][#C][C][C][Ring2][Ring1][C][=O],CC(C)COC=CCC=CC(=N)C1[C@H1](N)C2=C3C(NC=NCCN)=C2C(=O)NC=C1CCCC3=O,CC(C)COC=CCC=CC(=N)C1C2=CNC(=O)C3=C(NC=NCCN)C(=C3[C@H]1N)C(=O)CCC2,True,True,0.46153846153846156,7.0,155.67999999999998,1.9898700000000007,994.6385287573657,35.0,57.0,9.0,6.0,2.020021360468304
147,147,[C][C@H1][Branch1][C][C][Branch1][Ring1][C][=O][C][Branch2][Ring2][Branch1][C][=C][C][N][=C][C][C][Branch2][Ring1][C][N][O][C][=C][Branch1][C][F][C][=C][Branch1][C][C][=C][N][C][=C][Ring1][#Branch1][C][=C][Ring1][P],C=[C@H1]C,C=CC,True,True,0.3333333333333333,0.0,0.0,1.1923,7.5097750043269365,3.0,45.0,8.0,5.0,2.027540353634383
148,148,[O][=C][C][Branch1][C][O][C][C][=Branch1][C][=O][N][C][=N][C][Branch1][#Branch2][C][=C][C][=C][C][Branch1][C][O][=C][C][Ring1][#Branch1][=S][=C][Ring1][N][C][=C][C][=C][Branch1][O][C][C][C][=C][C][=C][Ring2][Ring1][#Branch2][N],O=CC(O)CC(=O)NC=NC(C=C1C=CC(O)=C)C1=S=CC=CC=CCCC=CC=CN,C=C(O)C=CC1=CC(N=CNC(=O)CC(O)C=O)C1=S=CC=CC=CCCC=CC=CN,True,True,0.20833333333333334,6.0,125.00999999999999,2.6463,895.684982043425,32.0,49.0,8.0,4.0,2.037329771166859
149,149,[C][C@H1][Branch1][O][N][C][C][=C][Branch1][C][Br][C][=C][Ring1][#Branch1][N][C][O][C][Ring1][Branch2][Branch1][C][O][C][Branch1][=N][N][Branch1][C][C][O][C][C][C][=C][C][Ring1][N][C][=C][C][Ring1][#Branch1][F],C[C@H1](N1CC=C(Br)C=C1)NCOC(O)C(N(C)OCC2C=CC)C=CC2F,CC=CC1CON(C)C(C(O)OCN[C@H](C)N2C=CC(Br)=CC2)C=CC1F,True,True,0.5789473684210527,6.0,57.2,2.6548000000000007,546.3856189774724,27.0,45.0,8.0,4.0,2.0337998108777793
150,150,[C][N][C][C][C][=C][C][=C][Branch1][#Branch2][C][N][=C][C][=C][Ring1][=Branch1][Ring1][Branch1][=N][O][C][Ring1][Branch1][N][C][=Ring1][=Branch2][C][=C][C][=C][N][=C][Ring1][=Branch1][C],CNCCC=CC=C(C1N=CC2=C1)NOC2NCC3=CC=CN=C3C,CNCCC=CC=C1NOC(NCc2cccnc2C)C2=CC1N=C2,True,True,0.3684210526315789,6.0,70.57000000000001,1.7695199999999995,683.7447910376815,25.0,37.0,7.0,5.0,2.0105736705651287
151,151,[C][C][O][C][=Branch1][C][=O][C][=C][C][=C][Branch1][=Branch2][C][Ring1][C][=C][C][C][=Branch1][C][=O][N][C][=C][C][=C][Ring1][=Branch1][N][C][=C][Ring1][=N][O][C][C][=C][Branch1][C][F][C][=C][C][Branch2][Ring1][C][Cl],CCOC(=O)C=CC=C(C1=CCC=O)NC=CC=CNC=C1OCC=C(F)C=CCCl,CCOC(=O)C=CC=C1NC=CC=CNC=C(OCC=C(F)C=CCCl)C1=CCC=O,True,True,0.21739130434782608,6.0,76.66000000000001,4.231600000000003,796.9763750353876,31.0,48.0,7.0,4.0,1.9766933117520167
152,152,[C][C][C][C][=C][C][O][C@@H1][Ring1][Branch1][C][C@H1][Branch1][C][O][C][C][N][Ring1][#Branch2][C][=C][Ring1][Branch1][O][C][=C][C][Branch1][C][C][=C][C][=C][Ring1][=Branch1][Cl][C][=C][C][=C][C][Branch1][C][C][=C][Ring1][S][Ring2][Ring1][Ring2],CCCC1=C2CO[C@@H1]1C[C@H1](O)C3CN2C=C3OC=C4C(C)=CC=C4Cl,CCCC1=C2CO[C@@H]1C[C@H](O)C1CN2C=C1OC=C1C(C)=CC=C1Cl,True,True,0.5,4.0,41.93000000000001,3.9603000000000037,686.3203424879727,25.0,51.0,7.0,8.0,1.9704519972501777
153,153,[C][N][C][=C][N][Branch2][Ring1][Branch1][C][=Branch1][C][=O][C][=Branch1][C][=O][O][C][=C][C][=C][Branch1][=C][O][C][=Branch1][C][=O][O][C][Branch1][C][Br][=C][C][Branch1][#Branch2][N][C][=C][C][Branch1][C][C][=C][C][=Ring1][Branch2][Ring1][=N][=C][Ring2][Ring1][O],C1NC=CN1C(=O)C(=O)OC=CC=COC(=O)OC(Br)=CCNC=CC(C)=CC,CC=C(C)C=CNCC=C(Br)OC(=O)OC=CC=COC(=O)C(=O)N1C=CNC1,True,True,0.21052631578947367,8.0,106.2,2.876500000000001,728.0,29.0,54.0,11.0,5.0,2.1959426982798873
154,154,[C][O][C][=C][C][Branch2][Ring1][Branch1][C][=C][/C][=C][Branch2][Ring1][=Branch1][C][=C][C][=Branch1][C][=O][S][C][=C][Ring1][N][C][=Branch1][C][=O][C][Branch1][C][C][Branch1][C][F][=C][Ring1][#Branch2][C][=C][Ring2][Ring1][C][=C][Branch1][C][O][C][C][Ring1],COC=CC(C=C1/C=CC=CC(=O)SC=CC(=O)C(C)F)=CC=C1C(O)C=C,C=CC(O)c1ccc(C=COC)cc1C=CC=CC(=O)SC=CC(=O)C(C)F,True,True,0.18181818181818182,5.0,63.60000000000001,4.793100000000004,778.2563794508654,28.0,52.0,10.0,7.0,2.098737427296563
155,155,[F][C][C][=N][C][Branch1][#C][C][C][=C][C][Branch1][Branch2][C][=Branch1][C][=O][O][Ring1][#Branch2][C][C][=N][O][C][Branch1][C][C][=C][Ring1][=C][C][=N][C@][Branch1][C][Br][Branch1][C][F][C][=C][Ring1][=Branch1],FCC1=NC(C2C=CC(C(=O)O1)C)C=NOC(C)=C2C=N[C@](Br)(F)C=C,C=C[C@](F)(Br)N=CC1=C(C)ON=CC2N=C(CF)OC(=O)C(C)C=CC12,True,True,0.4117647058823529,6.0,72.61,3.6533000000000033,687.549955182672,26.0,44.0,9.0,3.0,2.1362907550324874
156,156,[C][C][=Branch1][Ring1][=C][O][C][=Branch1][C][=O][C][=C][Branch1][C][F][C][=C][Branch1][Ring1][C][C][=C][C][=C][N][Branch1][C][C][=Branch1][C][=O][N][C][=C][Branch1][#Branch1][C][=Branch1][C][=O][N][=C][Branch1][=Branch2][C][C][=C][C][=C][Ring1][S][C][Ring2][Ring1][=Branch1][=C][Ring2][Ring1][#Branch2],CC(=CO)C(=O)C=C(F)C=C(CC)CC=CN(C)C=O,CCC(=CC(F)=CC(=O)C(C)=CO)CC=CN(C)C=O,True,True,0.3333333333333333,3.0,57.61,3.1991000000000014,438.6587689043804,20.0,59.0,13.0,7.0,2.127367389996222
157,157,[C][C][C][S][C][Branch1][N][C][=N][C][O][C][Ring1][=Branch1][=C][Ring1][=C][C][=C][C][=C][Branch1][C][F][C][=C][Branch1][Branch2][C][=N][C][Ring1][N][=Ring1][=Branch2][C][=C][O][C][=C][Ring2][Ring1][Ring1][F],C1CCSC(C=NC2OC3=C1C)=C4C=C(F)C=C(C=NC34)C=COC=C2F,CC1=C2OC3N=CC(=C4C=C(F)C=C(C=COC=C3F)C=NC42)SCCC1,True,True,0.3,5.0,43.18000000000001,5.056200000000003,857.7143855964829,27.0,44.0,6.0,7.0,2.16759127181429
158,158,[O][=C][Branch1][=C][=N][C][=C][C][=C][C][=C][C][N][=C][Ring1][=C][C][=C][Branch1][C][O][N][=C][C][=C][Branch1][Branch2][C][=Branch1][C][=O][N][Branch1][=Branch1][C][Branch1][C][O][=O][C][=C][Ring1][=C][C][C][Branch1][=C][O][C][=C][C][=C][Ring1][Branch1][=C][Ring2][Ring1][=Branch1],O=C(NC=CC=CC=CCN=CC)C1(O)N=CC=C(C(=O)NC(O)=O)C=C1CCOC=CC=CC,CC=CC=COCCC1=CC(C(=O)NC(=O)O)=CC=NC1(O)C(=O)NC=CC=CC=CCN=CC,True,True,0.24,7.0,149.68,2.735900000000001,975.055700467309,35.0,58.0,11.0,5.0,1.9671234736990424
159,159,[C][C][=C][C][=C][C][=C][Branch2][Ring1][=C][S][C][=Branch1][C][=O][C][C][N][Branch1][C][C][S][C][=C][Ring1][=C][C][Branch1][C][C][=C][Ring1][#Branch2][C][=C][Ring2][Ring1][Ring2][C][=C][N][Ring1][=Branch1][C][Branch1][C][C][=N],CC=C1C2=CC=C(SC(=O)C3CN(C)SC=C2C(C)=C3C=C1C)CNC(C)=N,CC=C1C(C)=CC2=C(C)C3=CSN(C)CC2C(=O)SC(CNC(C)=N)=CC=C13,True,True,0.36363636363636365,5.0,56.190000000000005,4.973270000000005,872.9990981130846,28.0,48.0,7.0,7.0,1.941876726057
160,160,[N][#C][C][=C][C][Branch1][C][C][=C][Ring1][Branch2][C][N][C][Branch1][C][C][=C][Ring1][=N][=C][C][=C][Branch1][Ring1][S][C][=C][C][N][C][Ring1][=Branch2][=O][C][C][C][Ring1][#C][C][=C][C][=C][Ring2][Ring1][Branch2][O][C],N#CC=CC(C)=CCNC(C)=CC1C=C(SC)CCNC1=O,CSC1=CC(C=C(C)NCC=C(C)C=CC#N)C(=O)NCC1,True,True,0.4117647058823529,4.0,64.92,2.8888800000000003,528.8758439731455,22.0,48.0,6.0,7.0,2.0216792766331744
161,161,[C][=Branch1][C][=O][N][=C][C][Branch1][C][C][=Branch1][C][=O][C@@H1][C][C][=C][Branch1][C][I][C][Branch1][#Branch1][C][=N][Ring1][Branch2][=C][C][=N][Ring1][#Branch2][C][C][Branch1][C][C][=C][C][Ring2][Ring1][=Branch2][C][C],C(=O)N=CC(C)(O1)[C@@H1]2CC=C(I)C(C=N2)=N1,CC1(C=NC=O)ON=C2C=N[C@H]1CC=C2I,True,True,0.4,4.0,63.379999999999995,1.5205000000000002,403.75424759098905,16.0,44.0,10.0,4.0,2.091248373861773
162,162,[N][C][=C][C][=C][C][=C][Ring1][=N][C][=N][C][Branch1][C][C][O][Branch2][Ring1][#Branch1][N][C][=Ring1][O][N][C][=Branch1][Ring2][=N][C][C][Ring1][=Branch1][C][=C][S][C][Ring1][=Branch1],N1C=CC=CC2=C1C=NC(C)O2,CC1N=CC2=C(C=CC=CN2)O1,True,True,0.2222222222222222,3.0,33.620000000000005,1.3181,287.16017124398627,12.0,38.0,6.0,6.0,2.171572962487123
163,163,[C][C@@H1][C][=C][Branch2][Ring1][C][O][C][=Branch1][C][=O][N][C][=C][NH1][C][=C][C][Ring1][=Branch1][=O][C][C][C][=C][Ring1][P][Cl][C][C][=C][Branch1][C][C][C][Ring1][=Branch1][C][C][Branch1][C][C][C][N],C1[C@@H1]C=C(OC(=O)NC2=C[NH1]C=CC2=O)C=C1Cl,O=C(Nc1c[nH]ccc1=O)OC1=C[CH]CC(Cl)=C1,True,True,0.08333333333333333,3.0,71.19,2.5379900000000006,549.4010844485961,18.0,45.0,6.0,4.0,1.918172308699076
164,164,[O][=C][N][C][C][S][C][=C][Branch1][Branch2][C][=Branch1][C][=S][C][Ring1][O][=O][=C][C][=Branch1][Branch1][=N][C][C][Ring1][#Branch1][C][F],O=CNCCSC=C(C(=S)C1)OCC(=NCC1)CF,O=CNCCSC=C1OCC(CF)=NCCCC1=S,True,True,0.5833333333333334,5.0,50.69,1.8978,341.0498111861476,19.0,29.0,6.0,2.0,2.2684384079028757
165,165,[C][=C][C][=Branch1][C][=O][N][C][=C][Branch1][C][Cl][C][=C][C][C][=Branch1][#Branch2][=C][C][Branch1][C][F][C][=N][C][Branch1][C][S][Ring1][Ring1][C][C][N][=C][C][Ring1][=N][C][=Branch1][C][=O][C][=C][Ring1][Ring1][C],C=CC(=O)NC=C(Cl)C=C1CC1=CC(F)C=NCS,C=CC(=O)NC=C(Cl)C=C1CC1=CC(F)C=NCS,True,True,0.23076923076923078,3.0,41.46,2.921500000000002,452.4299824400822,19.0,47.0,7.0,5.0,1.9466806088592716
166,166,[O][=C][C][=Branch1][C][=O][C][=C][C][O][C][Branch2][Ring1][Ring1][C][=Branch1][C][=O][N][C][=C][C][Branch1][#Branch2][C][=N][C][C][O][C][=C][Ring1][=Branch1][C][=C][C][Branch1][C][Cl][=C][C][=C][Ring2][Ring1][=Branch1][C][=C][Ring2][Ring1][#Branch2][N][C][C],O=CC(=O)C=C1COC(C(=O)NC=CCC=NCCOC=C)C=CC(Cl)=CC=CC=C1NCC,C=COCCN=CCC=CNC(=O)C1C=CC(Cl)=CC=CC=C(NCC)C(=CC(=O)C=O)CO1,True,True,0.28,7.0,106.09,3.059000000000001,872.9990981130846,34.0,53.0,9.0,7.0,2.0765210931224556
167,167,[C][#C][C][C][=C][O][C][=Branch1][C][=O][N][C][C][Ring1][=Branch1][C][=C][Branch1][S][C][=C][C][C][Branch1][=Branch1][C][Branch1][C][O][C][C][Ring1][=Branch2][C][C][=Branch1][C][=O][C][=C][Ring1][S][F],C#CCC=COC(=O)NCC1C=C(C=CCC(C(O)C)CC)C(=O)C=C1F,C#CCC=COC(=O)NCC1C=C(C=CCC(CC)C(C)O)C(=O)C=C1F,True,True,0.42857142857142855,4.0,75.63,3.5816000000000026,654.6421048203703,27.0,43.0,8.0,3.0,1.9522407596821711
168,168,[C][C][=Branch1][C][=O][C][Branch1][N][C][=C][C][Branch1][=Branch1][C][=C][O][C][=O][C][Ring1][=Branch1][C][Branch1][C][N][C][=C][C][#N][=C][Branch1][C],C1C(=O)C1(C=CC(C=COC=O)C)C(N)C=CC#N,CC(C=COC=O)C=CC1(C(N)C=CC#N)CC1=O,True,True,0.35714285714285715,5.0,93.18,1.2316799999999999,452.9202074357553,19.0,32.0,7.0,1.0,1.77493643118045
169,169,[C][N][NH1][N][=C][Branch2][Ring1][C][C][C][N][C][=C][C][=C][Ring1][=Branch1][C][Branch1][C][F][Branch1][C][F][F][=C][C][Branch1][O][C][=C][Ring1][O][C][=Branch1][C][=O][O][C][Ring2][Ring1][C][=O][C][Ring2][Ring1][C],C1N[NH1]N=C(CC2NC3=C4C=C2C(F)(F)F)CC1(C=C4C(=O)OC)OC3,COC(=O)C1=CC23CNNN=C(CC4NC(=C1C=C4C(F)(F)F)CO2)C3,True,True,0.5,7.0,83.98000000000002,0.8269999999999993,743.3980406893721,26.0,47.0,6.0,7.0,2.1139510799935977
170,170,[C][C][O][C][=Branch1][C][=O][Branch2][Ring1][C][C][Branch1][S][N][Branch1][=Branch1][O][C][=C][=O][=C][C][=C][Branch1][=C][C][=N][Ring1][Branch2][C][O][C][=C][Branch1][C][C][C][=C][Ring1][=Branch1][C][=C][C][=C][Branch1][Ring2][S][C][Branch1][C][C][=N][Ring2][Ring1][Ring1],CCOC=O,CCOC=O,True,True,0.6666666666666666,2.0,26.3,0.17930000000000001,21.219280948873624,5.0,55.0,11.0,7.0,2.1000465515461437
171,171,[C][C][=C][C][=N][C][=C][Branch1][C][F][C][=C][C][=Branch1][C][=O][N][C][=N][C][Branch1][Branch2][C][=N][C][Branch1][C][C][=C][Branch1][O][C][=C][Ring1][=Branch1][C][C][S][C][=Ring1][N][C][C][Ring2][Ring1][#Branch1][=O][C][=C][Ring2][Ring1][=N],CC=CC=NC=C(F)C=CC(=O)NC=NC(C=NC(C)=C)(C=CCCSC)CC=O,C=C(C)N=CC(C=CCCSC)(CC=O)N=CNC(=O)C=CC(F)=CN=CC=CC,True,True,0.3181818181818182,6.0,83.25,4.386400000000004,728.0000000000002,30.0,52.0,8.0,6.0,2.131688003062134
172,172,[C][C][O][C][=N][N][Branch2][Ring2][Ring1][C][Branch1][C][F][=C][C][=C][C][Branch1][C][Cl][=C][Ring1][Branch2][C][F][O][=C][C][=C][Ring1][Ring2][C][=Ring1][#Branch2],CCOC=NNC(F)=CC=CC(Cl)=CCF,CCOC=NNC(F)=CC=CC(Cl)=CCF,True,True,0.3,3.0,33.62,3.0151000000000012,274.41343573651113,16.0,34.0,5.0,6.0,2.2130856353645045
173,173,[N][#C][C][=C][Branch1][C][F][C][=Branch1][C][=O][N][C][=Branch1][C][=O][O][C][C][=Branch1][C][=O][N][=C][C][Ring1][=Branch2][Branch1][C][F][=C][C][=C][Branch1][Ring1][C][#N][C][=C][C][=C][Ring1][=Branch2],N#CC=C(F)C(=O)NC(=O)OCC(=O)N=CC(F)C1C=C(C#N)C=CC=C1,N#CC=C(F)C(=O)NC(=O)OCC(=O)N=CC(F)C1C=CC=CC(C#N)=C1,True,True,0.17647058823529413,6.0,132.41000000000003,1.7438599999999997,803.0800723636416,27.0,43.0,8.0,3.0,2.1188028393176808
174,174,[C][O][N][=C][C][Branch2][Ring1][=N][C][=C][Branch1][=Branch1][C][C][=C][C][Branch1][C][N][Branch1][C][O][Ring1][=Branch2][C][Ring1][#Branch2][Cl][C][Branch1][C][Br][F][C][Ring1][=C],CON=CCC1=C(CC=CCN)CO1,CON=CCC1=C(CC=CCN)CO1,True,True,0.5,4.0,56.84,1.198,214.76392511682732,14.0,36.0,8.0,4.0,2.2161022480912633
175,175,[C][C][C][=C][Branch1][#Branch2][C][=Branch1][C][=O][C][Branch1][C][S][C][=C][Ring1][=Branch1][C][=Branch1][C][=O][N][C][=C][C][=C][Ring1][=N],CCC=C(C(=O)C(S)C)CC(=O)NC=CC=C,C=CC=CNC(=O)CC(=CCC)C(=O)C(C)S,True,True,0.38461538461538464,3.0,46.17,2.416200000000001,323.94747320502313,17.0,29.0,6.0,2.0,1.8907862716657995
176,176,[C][O][C][=C][C][=C][C][N][=C][Branch1][C][F][C][Branch1][N][C][C][Branch1][=Branch2][C][C][=Branch1][C][=O][N][C][C][Ring1][=Branch1][=C][Ring1][=N][F][C][=C][Branch1][C][C][C][N][C][=C][Ring2][Ring1][Branch1],COC=CC=C1CN=C(F)C1(CCCC(=O)NCC)CF,CCNC(=O)CCCC1(CF)C(=CC=COC)CN=C1F,True,True,0.6,3.0,50.69,2.716800000000001,419.319264378683,21.0,45.0,8.0,4.0,1.9747060219393535
177,177,[C][C][C][Branch1][C][S][C][C][C][=C][\N][C][C][N][=C][Branch2][Ring1][#Branch1][C@][Branch1][=Branch1][C][=Branch1][C][=O][O][Branch1][C][C][=Branch1][C][=O][C][/C][=C][/O][=C][Ring1][=Branch1][C][=Branch1][C][=O][C][=C][C][Branch1][C][C][=C][C@@H1][Ring2][Ring1][C][Ring1][Branch2][C][=C][C][=C][Ring2][Ring1][O],CCC(S)CCC=C\NCCN=C([C@](C(=O)O)(C)C=O)C=O,CCC(S)CCC=CNCCN=C(C=O)[C@](C)(C=O)C(=O)O,True,True,0.6,6.0,95.82999999999998,1.508,407.7542475909891,22.0,63.0,12.0,7.0,2.206577571153851
178,178,[C][C][N][C][=Branch1][C][=O][C][Branch1][S][C][=C][C][Branch1][C][O][=C][C][Branch1][Ring1][O][C][N][=C][C][C][=C][Ring1][Branch1][C][Branch1][C][F][=N][C][Branch1][C][O][=C][Ring1][#C][C],CCNC(=O)C(C=CC(O)=C1C(OC)N=CC)C=CC(F)=NC(O)=C1C,CC=NC(OC)C1=C(O)C=CC(C(=O)NCC)C=CC(F)=NC(O)=C1C,True,True,0.3888888888888889,6.0,103.51,2.897500000000001,670.8268714730222,26.0,42.0,7.0,3.0,1.9533757773399625
179,179,[C][O][C][=Branch1][C][=O][N][C][=C][C][Branch1][C][F][Branch1][C][F][C][=C][C][Branch2][Ring1][C][C][=C][Ring1][=Branch1][C][=C][C][C][=Branch1][C][=O][C][C][=C][C][Branch1][C][F][C][Branch1][C][F][=C][Ring1][#Branch1][Br],COC(=O)NC=CC(F)(F)C=CC(C=CC=CCC(=O)CC1=CCF)C(F)=C1Br,COC(=O)NC=CC(F)(F)C=CC1C=CC=CCC(=O)CC(=CCF)C(Br)=C1F,True,True,0.3,3.0,55.4,5.611000000000004,740.9078156936993,29.0,48.0,9.0,3.0,1.9179957819568938
180,180,[C][=C][Branch1][C][C][Branch2][Ring1][O][C][=N][C@@H1][Branch1][Ring1][C][Cl][P][=Branch1][C][=O][=Branch1][C][=O][C][O][C][=C][Ring1][N][N+1][C][=N][C][=Ring1][Branch1][/C][C][=C][C][=Branch1][Ring2][=C][Ring1][#Branch1],C#CC,C#CC,True,True,0.3333333333333333,0.0,0.0,0.6395,21.509775004326936,3.0,43.0,8.0,6.0,2.477822130778972
181,181,[N][=C][C][=Branch1][C][=O][C][=Branch1][C][=O][C][=C][Branch2][Ring1][C][C][=C][Branch1][C][F][C][=N][C][=C][Branch1][C][C][Cl][C][=C][Ring1][Branch2][N][Branch1][C][C][Cl][C][=Branch1][C][=O][C][=C][Branch1][#Branch1][C][N][Ring2][Ring1][C][O][=C][Ring2][Ring1][=Branch2],N=CC(=O)C(=O)C=C(C=C(F)C=NC=C(C)Cl)N(C)Cl,CC(Cl)=CN=CC(F)=CC(=CC(=O)C(=O)C=N)N(C)Cl,True,True,0.16666666666666666,5.0,73.58999999999999,2.767970000000001,484.131352057698,20.0,55.0,11.0,6.0,2.2132829109634025
182,182,[C][C][Branch1][C][C][C][=N][C][=C][C][Branch1][N][C][=C][C][=Branch1][C][=O][N][C][=C][C][=N][Ring1][=Branch1][C][C][C@][Ring1][=C][C][C][Branch1][O][C][=Branch1][C][=O][C][Branch1][C][C][=C][Ring1][=Branch1][N][=C][Ring2][Ring1][=Branch1],CC(C1)C=NC=C2C1(C=CC(=O)NC=CC=N)CC[C@]2CC3(C(=O)C(C)=C3)N=C,C=NC1(C[C]2CCC3(C=CC(=O)NC=CC=N)CC(C)C=NC=C23)C=C(C)C1=O,True,True,0.391304347826087,5.0,94.74,3.5297600000000022,852.4692002076928,29.0,50.0,9.0,5.0,1.914193044489467
183,183,[C][O][C][C][=Branch1][C][=O][S][=Branch1][C][=O][C][=C][O][C][=C][Ring1][N][Branch1][C][N][C][=Branch1][C][=O][C][=C][N][Branch1][C][C][O][C][Ring1][=N],C1OCC(=O)S(=O)C=COC=C1CNC(=O)C=CN(C)OC,CON(C)C=CC(=O)NCC1=COC=CS(=O)C(=O)COC1,True,True,0.38461538461538464,7.0,94.17000000000002,-0.2132999999999996,482.16769995724513,22.0,35.0,5.0,2.0,1.9496744710072695
184,184,[C][O][C][C@H1][Branch1][=Branch1][C][Branch1][C][C][C][O][C][=C][Branch2][Ring1][=C][O][C][Branch1][=C][C][=N][N][C][C][C][Ring1][=Branch2][C][Cl][N][=C][C][=C][C][=C][Ring1][#C][C][=Ring1][=Branch1],COC[C@H1](C(C)C)OC1=C2OC(C=NNCCC2C=3Cl)=CC=C1C=3,COC[C@@H](OC1=C2OC3=CC=C1C=C(Cl)C2CCNN=C3)C(C)C,True,True,0.5,5.0,52.08,3.4577000000000018,618.4237512704515,24.0,42.0,7.0,4.0,2.124048768486759
185,185,[C][=C][C][Branch1][C][C][=C][C][=Branch1][C][=O][N][C][Branch1][C][C][O][C][=C][Ring1][=Branch2][=C][C][Ring1][=N][N][C][Ring2][Ring1][=Branch1],C1=CC(C)=C2C(=O)NC(C)OC=C2CCNC1,CC1=C2C(=O)NC(C)OC=C2CCNCC=C1,True,True,0.46153846153846156,3.0,50.36,1.2287,390.2613730712553,17.0,30.0,5.0,4.0,1.973904808618836
186,186,[C][C][N][C][=Branch1][C][=O][C][=C][C][=C][C][C][=C][C][Branch1][Ring1][C][C][=C][Ring1][Branch2][=C][Branch1][C][Cl][O],CCNC(=O)C=CC=C1CC=CC(CC)=C1C(Cl)O,CCNC(=O)C=CC=C1CC=CC(CC)=C1C(O)Cl,True,True,0.4,2.0,49.33,2.8288000000000015,424.95466351341577,19.0,27.0,4.0,2.0,1.790701381490763
187,187,[C][=C][O][C][=Branch1][C][=O][/C][=C][Ring1][Branch1][C][=C][C][=C][C][=C][Branch1][S][C][C][Branch1][=Branch2][C][C][=Branch1][C][=O][N][Branch1][C][C][/C][=C][C][=C][C][=N][Ring1][N][C][=C][Ring1][=Branch1][O][C][Branch1][C][Cl][=C][C][O][Ring1][N],C=COC(=O)/C=CC=CC=CC=C(CC1(CC(=O)NC)/C=C)C=CC=N1,C=COC(=O)C=CC=CC=CC=C1C=CC=NC(C=C)(CC(=O)NC)C1,True,True,0.19047619047619047,4.0,67.76,3.359700000000001,685.549955182672,26.0,54.0,9.0,4.0,2.100616859025549
188,188,[C][O][C][=C][C][=C][C][=Branch1][C][=O][N][C][=C][C][Branch2][Ring1][=N][C][=N][C][=C][Branch1][=Branch1][NH1][C][=C][Ring1][Ring1][C][=Branch1][#Branch2][=C][C][Branch1][C][F][Branch1][C][F][F][C][=C][Ring1][#C][O][C][=C][Ring2][Ring1][=Branch2],COC=CC=C1C(=O)NC=CC(C2=NC=C([NH1]C=C)C(=CC(F)(F)F)C=C2O)C=C1,C=CNC1=CN=C(C2C=CNC(=O)C(=CC=COC)C=C2)C(O)=CC1=CC(F)(F)F,True,True,0.14285714285714285,5.0,82.95,3.8485000000000023,892.175207039098,30.0,50.0,9.0,6.0,2.2779381899941766
189,189,[C][C][O][C][=C][C][=Branch1][C][=O][C][NH1][C][=C][Branch1][C][Cl][C][C][Branch1][Ring1][C][=O][=N][C][Branch1][Ring1][C][O][=C][C][=C][Branch1][C][C][C][=C][Ring1][=C][=C][C][Ring2][Ring1][=Branch1][Ring1][S],CCOC=CC(=O)C[NH1]C=C(Cl)C12C(C=O)=NC(CO)=CC=C(C)C=C1CC2,CCOC=CC(=O)CNC=C(Cl)C12CCC1=CC(C)=CC=C(CO)N=C2C=O,True,True,0.38095238095238093,6.0,87.99,2.9581000000000017,772.8559515213416,28.0,45.0,6.0,6.0,1.9533444280919217
190,190,[C][C@H1][Branch2][Ring2][Branch1][C][O][C][=C][C][N][=C][Branch2][Ring1][#C][C][O][N][Branch2][Ring1][Branch1][C][=C][C][=C][Branch1][=Branch1][O][C][=C][C][C][Ring1][#Branch1][C][C][Ring1][=Branch1][=O][C][=C][N][Ring2][Ring1][C][Ring1][Branch2][=N][C][=C][Ring2][Ring1][#Branch2][C][Branch1][C][C][=O],C=[C@H1]COC1=CCN=CC2ON(C=CC=C2OC=CCC)N1,C=CCOC1=CCN=CC2ON(C=CC=C2OC=CCC)N1,True,True,0.3125,6.0,55.32000000000001,2.5731,496.1313520576979,22.0,58.0,12.0,10.0,2.2842380460961214
191,191,[O][=C][Branch2][Ring2][=Branch1][C][C][N][=C][N][Branch1][#Branch2][C][C][N][=C][C][=Branch1][C][=O][C][Ring1][N][=C][Ring1][P][C][Branch1][C][Cl][=C][C][Branch1][C][C][Branch1][=Branch2][C][=C][C][=C][N][=C][Ring1][=Branch1][Br],O=C(CCN=CNCCN=CC(=O)C)CBr,CC(=O)C=NCCNC=NCCC(=O)CBr,True,True,0.6,4.0,70.89,0.6181999999999996,253.21187563522582,16.0,46.0,10.0,4.0,2.225024533734507
192,192,[C][C][=C][S][C][=Branch1][C][=O][N][C][C][N][Branch1][=C][C][=C][O][C][Branch1][C][C][Branch1][C][F][F][C][=N][Ring1][#Branch1][Cl][C][=C][Ring1][=C][NH1][C][C][Ring1][Ring1][N][C][=Branch1][C][=S][C][=C][Branch1][C][F][C][=C][Ring1][Branch2],CC=CS1C(=O)NCCN1C=COC(C)(F)F,CC=C[SH]1C(=O)NCCN1C=COC(C)(F)F,True,True,0.5,3.0,41.57000000000001,2.5619000000000005,298.4902249956731,17.0,53.0,8.0,5.0,2.175832449132393
193,193,[C][S][=Branch1][N][=N][C][=C][C][=C][Branch1][C][F][NH1][C][Branch2][Ring1][Branch1][C][N][C][C][Branch1][C][Cl][=C][C][=C][Ring1][#Branch2][N][C][Branch1][C][Cl][=N][C][Branch1][C][Cl][Ring1][=Branch1][C][C][Ring1][Ring1][=C][Ring2][Ring1][=N],C1=S(=NC=CC=C(F)[NH1]CCNCC(Cl)=CC=CNC(Cl)=NCCl)CC=C1,FC(=CC=CN=[SH]1=CC=CC1)NCCNCC(Cl)=CC=CNC(Cl)=NCCl,True,True,0.29411764705882354,4.0,60.81,3.4135000000000018,677.549955182672,27.0,49.0,9.0,7.0,2.2085517174028984
194,194,[C][C][C@@H1][C][C][Branch1][C][C][C][=Branch1][C][=O][N][Ring1][#Branch2][C][C][Branch1][C][C][=C][C][Branch1][=Branch2][C@H1][C][N][N][Ring1][#Branch1][C][=C][O][C][Branch1][Ring2][C][C][Branch1][=C][C][C][Branch1][C][C][=C][Ring1][=C],C1C[C@@H1]CC(C)C(=O)N1CC(C2)=CC([C@H1]3CNN2C=C)OCCCCC(C)=C3,C=CN1CC(CN2CC[CH]CC(C)C2=O)=CC2OCCCCC(C)=C[C@@H]2CN1,True,True,0.6521739130434783,4.0,44.81,3.4708900000000016,589.159568183699,28.0,48.0,10.0,4.0,1.9255269675030906
195,195,[C][C][C][=C][Branch1][C][Br][N][=C][C][=Branch1][C][=O][O][N][C][Branch1][#Branch2][C][=Branch1][C][=O][N][=C][Ring1][#C][C][=C][C][C][Ring1][=Branch1][O][C][Ring2][Ring1][Ring1],CC1C=C(Br)N=CC(=O)ONC(C(=O)N=C1C)=CCCOC,COCCC=C1NOC(=O)C=NC(Br)=CC(C)C(C)=NC1=O,True,True,0.42857142857142855,6.0,89.35,1.8988999999999998,520.2415647232906,22.0,37.0,6.0,5.0,2.1194245788245643
196,196,[C][C][Branch1][C][C][C@@H1][Branch2][Ring2][=C][C][O][C][N][=C][Ring1][#Branch1][C][=N][C][=C][C][Branch1][=C][C][=C][C][=C][C][=C][C][=C][S][=Branch1][C][=O][N][=C][Ring1][=Branch2][N][Branch1][C][C][C][Ring1][Ring1][C][=Ring1][O][C][=C][Ring2][Ring1][=Branch1][C][Branch1][C][C][Branch1][C][C][O],CC(C1)[C@@H1](COCN=C1C=NC=CC(C=CC=C2C=C3C=CS(=O)N)=C2N(C)CC3C=C)C(C)(C)O,C=CC1CN(C)c2c(C=CN=CC3=NCOC[C@@H](C(C)(C)O)C(C)C3)cccc2C=C1C=CS(N)=O,True,True,0.42857142857142855,6.0,100.51,4.341600000000004,1075.5253365065391,36.0,62.0,10.0,8.0,2.114912055417985
197,197,[C][C][C][=Branch1][C][=O][N][=C][Branch1][#Branch2][C@H1][C][Branch1][C][F][Branch1][C][N][C][C][=C][C][C][C@H1][Ring1][=Branch1][N][C][=C][C][=C][C][Branch1][C][C][=C][C][Branch1][C][C][=C][Ring1][Branch1],CCC(=O)N=C([C@H1]C(F)(N)C1)C=CCC[C@H1]1NC=CC=CC(C2)=CC(C)=C2,CCC(=O)N=C1[CH]C(N)(F)C[C@H](NC=CC=CC2=CC(C)=CC2)CCC=C1,True,True,0.4090909090909091,3.0,67.48,4.237390000000004,685.549955182672,27.0,43.0,9.0,2.0,1.7867774602455848
198,198,[C][=C][Branch1][=Branch2][C][=C][Branch2][Ring1][=Branch1][C][=S][=Branch1][C][=O][C][C][C][=C][Ring1][S][C][C][C@H1][Branch1][C][C][O][=C][C][Ring1][=Branch1][=N][C@H1][Ring2][Ring1][C][C][=C][O][C][C][Branch1][C][Cl][=C][Ring2][Ring1][=C][O][C][C],C12=C(C3=CC=S(=O)CCC=C1CC4[C@H1](C)OCC4)N[C@H1]3C=COCC(Cl)=C2OCC,CCOC1=C(Cl)COC=C[C@@H]2NC3=C1C(CC1CCO[C@H]1C)=CCC[SH](=O)=CC=C32,True,True,0.5217391304347826,5.0,56.790000000000006,3.597900000000002,888.3228035743816,30.0,51.0,8.0,7.0,2.16176679880329
199,199,[O][C][C@@H1][C][Branch1][C][N][=C][C][C][C][=C][Branch1][Ring1][C][#N][C][Ring1][#Branch1][S][Branch1][C][Cl][=C][Ring1][O][C][C][=C][Branch1][C][Cl][C][=C][Ring1][=Branch1][C][C][=C][Ring1][=Branch2][Ring2][Ring1][Ring2],OC[C@@H1]C(N)=C1C2CC=C(C#N)C2S(Cl)=C1C34C=C(Cl)C=C3CC=C4,N#CC1=CCC2C(=C(N)[CH]CO)C(C34C=CCC3=CC(Cl)=C4)=S(Cl)C12,True,True,0.3157894736842105,3.0,70.03999999999999,3.8519700000000023,856.204610592156,25.0,44.0,7.0,8.0,2.1517821981203284
200,200,[C][=C][O][C][Branch1][=C][S][Branch1][C][C][=Branch1][C][=O][N][C][Branch1][=C][O][C][C][=C][C][=C][C][=C][C][=C][Ring1][Branch1][=C][Ring1][=Branch2][=N][C][=Branch1][C][=O][C][Ring1][O][C][=C][Ring2][Ring1][=Branch1][C][=C][C][Branch1][C][C][=C][Ring1][#C],C1=COC1(S2(C)(=O)NCOCC=CC3=C4C=C5C=C4C)NC(=O)C3C=C2C=CC(C)=C5,CC1=CC2=CC(=C3C=CCOCNS4(C)(=O)C(=CC3C(=O)NC43C=CO3)C=C1)C(C)=C2,True,True,0.2916666666666667,4.0,76.66,3.011400000000002,1176.262704115396,31.0,54.0,9.0,6.0,2.018733383186237
201,201,[C][C][Branch1][C][C][Branch1][C][C][O][C][S][C][=Branch1][C][=O][N][Branch1][C][C][C@@][C][=C][C][Branch1][C][F][=C][Branch1][C][O][C][Ring1][Ring2][C][Ring1][N][=C][C][Branch1][C][C][=C][Ring2][Ring1][=Branch1],CC(C1)(C)OCSC(=O)N(C)[C@@]C=CC(F)=C(O)CC=CC(C)=C1,CC1=CCC(C)(C)OCSC(=O)N(C)[C]C=CC(F)=C(O)CC=C1,True,True,0.4444444444444444,4.0,49.769999999999996,5.1544900000000045,534.3856189774723,24.0,45.0,8.0,5.0,1.9166315110722838
202,202,[C][C][C][O][C][C][Branch1][C][N][C][=C][C][=Ring1][=Branch2][=C][C][Branch1][#Branch2][C][C][=C][C][C][Ring1][=Branch1][C][C][C][Ring1][N][=O][C][=C][Branch1][C][C][C][Ring1][=Branch1][C][=O],CC=1COCC(N)C=C2C=1CC3(CC=CCC3CC)C2=O,CCC1CC=CCC12CC1=C(C)COCC(N)C=C1C2=O,True,True,0.6111111111111112,3.0,52.32,2.922200000000002,528.2415647232906,21.0,41.0,7.0,4.0,1.7567255922643132
203,203,[O][=C][Branch1][C][Cl][C][=C][C][=Branch1][C][=O][C][C][C][=C][C][Ring1][#Branch1][Branch1][C][C][N][=C][Ring1][=N][C][=C][Branch1][=Branch1][C][Branch1][C][C][=O][C][C][=C][C][=Branch1][C][=O][N][C][=C][C][Ring1][Branch1][Ring2][Ring1][#Branch2],O=C(Cl)C1=CC(=O)CCC=CC(C)N=CC=C(C(C)=O)CC=CC(=O)NC=CC1,CC(=O)C1=CC=NC(C)C=CCCC(=O)C=C(C(=O)Cl)CC=CNC(=O)C=CC1,True,True,0.3181818181818182,5.0,92.67,3.5383000000000013,783.8949464100463,29.0,50.0,10.0,5.0,2.0098959731432338
204,204,[C][=C][C][Branch2][Ring2][#Branch2][C][=C][C][=C][C][=Branch1][C][=O][N][C][Ring1][Branch2][S][C][O][C][C][Branch1][=Branch1][C][Branch1][C][O][C][Ring1][=Branch2][C][=Branch1][C][=O][O][C][C][Branch1][C][C][N][C][=C][C][=C][Ring1][=Branch1][F][C][Ring1][#Branch2],C1=CC1(C2=CC=CC(=O)NC2SCOCC(C(O)C)C(=O)OCC(C)NC=CC=C)F,C=CC=CNC(C)COC(=O)C(COCSC1NC(=O)C=CC=C1C1(F)C=C1)C(C)O,True,True,0.45454545454545453,7.0,96.89,2.1283000000000003,730.0000000000002,31.0,53.0,12.0,5.0,2.097134751259654
205,205,[C][C][Branch1][=C][C][Branch1][C][O][C][=C][C][=C][Branch1][C][O][C][=C][Ring1][Branch2][N][C][=C][C][NH1][C][=C][Branch1][O][C][=C][C][Branch1][C][Cl][=C][C][N][=C][Ring1][#Branch1][C][=Ring1][#C][=C][C][NH1][Ring1][Branch1][C][=C][Ring1][P],C=C(C(O)C=CC=C(O)C=C)N1C=CC[NH1]C=C1C=CC(Cl)=CCN=C,C=CC(O)=CC=CC(O)C(=C)N1C=CCNC=C1C=CC(Cl)=CCN=C,True,True,0.15,5.0,68.09,3.6849000000000025,670.8268714730222,26.0,52.0,8.0,5.0,2.013403343754407
206,206,[C][O][C][C][=Branch1][C][=O][C][=C][C][Branch2][Ring1][Ring2][C][=C][Branch1][C][I][C][=C][Branch2][Ring1][=Branch1][C][=Branch1][C][=O][O][C][C][Branch1][C][C][=C][C][Branch1][Ring1][O][C][=N][Ring1][#Branch1][C][=C][Ring2][Ring1][Ring2][Cl],C1OCC(=O)C=CC1(C=C(I)C=CC(=O)OCC(C)=CC(OC)=N)Cl,COC(=N)C=C(C)COC(=O)C=CC(I)=CC1(Cl)C=CC(=O)COC1,True,True,0.35294117647058826,6.0,85.68,3.1077700000000013,618.4237512704516,25.0,48.0,9.0,8.0,2.1195966993927025
207,207,[C][C][=C][Branch2][Ring2][=Branch1][N][C][=C][Branch1][C][C][=C][C][=N][Ring1][#Branch1][Branch1][N][C][=C][Branch1][C][O][C][=C][C][Branch1][=Branch1][C][C][C][Branch1][Ring2][C][S][C][C][N][Ring1][=Branch1][C][Branch1][C][Cl][Branch1][C][O][C][Ring1][P][=O],CC=C(N1C=C(C)CC=N1)CCl,CC=C(CCl)N1C=C(C)CC=N1,True,True,0.4444444444444444,2.0,15.6,2.7243000000000013,228.42286534333687,12.0,52.0,12.0,5.0,2.138872460948922
208,208,[C][S][=Branch1][C][=O][C][C][Branch2][Ring1][Ring2][O][C][C][=C][C][Branch1][C][=C][C][=C][N][=C][C][C][Ring1][=N][C][N][C][C][Branch1][=Branch2][C][=Branch1][C][=O][C][O][C][Branch1][C][F][Branch1][C][F][C][=N][Ring1][#Branch2],CS(=O)CC1(OCC=CC(C)C=CN=CCC1CNC)C(C(=O)COCF)(F)C=N,CNCC1CC=NC=CC(C)C=CCOC1(CS(C)=O)C(F)(C=N)C(=O)COCF,True,True,0.65,7.0,100.84,2.00697,642.949461614781,30.0,49.0,9.0,4.0,2.1236788876233885
209,209,[C][O][C][=Branch1][C][=O][C][=C][N][=C][C][=N][C][=C][C][=C][Ring1][=Branch1][=C][Branch1][C][F][C][=C][Ring1][N][S][=Branch1][C][=O][C][=C][C][=C][Branch1][C][C][=C][C][Branch1][C][C][=C][Ring1][#C][Ring2][Ring1][O],COC(=O)C=CN=CC1=NC=CC=C1C2(F)C=CS(=O)C=CC=C(C)CC(C)=C2,COC(=O)C=CN=Cc1ncccc1C1(F)C=CS(=O)C=CC=C(C)CC(C)=C1,True,True,0.22727272727272727,5.0,68.62,4.424400000000004,924.5399266048879,29.0,48.0,6.0,5.0,2.0485715934340574
210,210,[C][C][Branch2][Ring2][=C][S][=Branch1][C][=O][C][C][=N][C][Branch2][Ring1][C][N][C][=Branch1][C][=O][C][N][C][=Branch1][C][=O][S][Ring1][=Branch1][C][=C][C][#N][=C][S][C][Branch1][C][C][=C][C][=C][Ring1][=Branch1][Ring1][S][C][Ring2][Ring1][N],CC(S(=O)CC=NC(NC(=O)C1NC(=O)SC=CC)=NCS2C(C)=CC=C21)N,CC=CSC(=O)NC1C(=O)NC(N=CCS(=O)C(C)N)=NC[SH]2C(C)=CC=C12,True,True,0.4117647058823529,7.0,126.00999999999999,1.7014000000000002,757.8600237553158,28.0,51.0,8.0,7.0,2.0691717270497794
211,211,[C][N][Branch1][C][N][=C][Branch2][Ring1][=C][C][Branch1][=C][N][C][C@@H1][C][C][=Branch1][C][=O][C][=C][Ring1][#Branch2][C][C][Branch1][C][N][=C][C][=C][Ring1][#C][Cl][O][C][C][Ring2][Ring1][Ring1][#Branch1][O],CN(N)C1(C2(NC[C@@H1]CC(=O)C=C1C)C(N)=CC=C2Cl)O,CC1=CC(=O)C[CH]CNC2(C(N)=CC=C2Cl)C1(O)N(C)N,True,True,0.42857142857142855,6.0,104.61,-0.08880999999999967,506.2415647232905,21.0,43.0,7.0,6.0,2.226970867699232
212,212,[O][C][=Branch1][C][=O][C][=C][C][=C][C][=C][Branch1][Ring2][C][Ring1][Branch1][C][Branch1][C][O][Ring1][Branch2][C][C][N][Branch1][=Branch2][C][Ring1][S][C][C][C][Ring1][=Branch1][C][C][Ring2][Ring1][Ring1][C][=Branch1][C][=O][N][C],O1C(=O)C2=CC3=CC=C(C3)C2(O)CC4N(C1CCC4)CCC(=O)NC,CNC(=O)CCN1C2CCCC1OC(=O)C1=CC3=CC=C(C3)C1(O)C2,True,True,0.5789473684210527,5.0,78.87,1.1775999999999998,682.8268714730224,25.0,46.0,9.0,8.0,1.9943603956086933
213,213,[C][C][=C][C][C][C][=C][Branch1][C][O][C][Ring1][Branch2][C][N][Branch1][#Branch2][C][O][/C][C][F][=C][/C][C][Ring1][=Branch1][C][Branch1][C][O][C][=C][Ring2][Ring1][Ring2],C1C2=CCCC=C(O)C2CN(CO/CCF)C(O)C=C1,OC1=CCCC=C2CC=CC(O)N(COCCF)CC12,True,True,0.6,4.0,52.93000000000001,2.2886000000000006,382.8424910217125,20.0,36.0,6.0,5.0,2.0515167334742777
214,214,[C][N][C][=C][C][=N][C][N][C][=C][C][Branch2][Ring2][N][O][C][=Branch1][C][=O][C][Branch1][=N][C][C][=C][C][=C][C][=C][Ring1][=Branch1][C][Branch1][=Branch2][C][=Branch1][C][=O][C][C][Ring1][Ring1][=C][C][Branch1][C][O][=C][Ring2][Ring1][=C][N],CN1C=CC=NCNC=CCOC(=O)C(CC2=CC=CC=C2CC(=O)CC)=CC(O)=C1N,CCC(=O)Cc1ccccc1CC1=CC(O)=C(N)N(C)C=CC=NCNC=CCOC1=O,True,True,0.2916666666666667,8.0,117.25,2.4968,926.5399266048879,32.0,52.0,8.0,6.0,2.0324478749282378
215,215,[C][C][=C][C][C][Branch1][C][N][=C][C][N][C][=C][C][Branch1][=N][C][=C][Branch1][C][I][C][Ring1][=Branch1][O][C][=C][Ring1][N][C][=C][Ring1][#Branch1][O][C][C],CC=CCC(N)=CC1NC=C2C(C=C(I)C2OC=C1)C=COCC,CC=CCC(N)=CC1C=COC2C(I)=CC(C=COCC)C2=CN1,True,True,0.3684210526315789,4.0,56.510000000000005,4.048700000000003,577.159568183699,24.0,36.0,5.0,3.0,1.8433768609273773
216,216,[C][C][Branch1][C][C][=C][Branch2][Ring1][C][O][C][=Branch1][C][=O][C][C][C@][Branch1][#Branch2][C][S][C][=C][C][C][=C][Ring1][Branch1][C][=Branch1][C][=O][C][=C][Branch1][Ring2][O][C][Cl][C][=C][Ring1][S][Ring2][Ring1][Branch2][C][Ring2][Ring1][O][=O],CC(C1)=C(OC(=O)CC[C@]C2SC3=CCC=C3)C(=O)C=C(OCCl)C=C21,CC1=C2OC(=O)CC[C]C(SC3=CCC=C3)C(=CC(OCCl)=CC2=O)C1,True,True,0.35,5.0,52.60000000000001,4.620290000000004,730.0,26.0,51.0,9.0,8.0,2.135153263031079
217,217,[C][C][NH1][C][=N][C][Branch1][Ring1][C][O][C][=Branch1][C][=O][N][Branch1][C][C][=C][S][C][=C][C][=C][Branch1][C][F][C][=C][Branch1][C][O][C][C][=C][Ring1][=Branch1][Cl][C][=C][Ring2][Ring1][O],CC[NH1]C=NC(CO)C(=O)N(C)CSC=CC=C(F)C1=C(O)CC=C1Cl,CCNC=NC(CO)C(=O)N(C)CSC=CC=C(F)C1=C(O)CC=C1Cl,True,True,0.4117647058823529,5.0,85.16000000000001,2.839800000000001,603.9495684877126,26.0,43.0,6.0,4.0,2.0765878086718854
218,218,[C][O][C][=C][Branch1][C][N][C][C][=C][C][=Branch1][C][=O][C][=C][C][=C][Ring1][=Branch1][C][C][=C][Branch1][=Branch1][C][P][C][N][=C][Ring1][=Branch2][C][=C][C][=C][Ring1][=N][N],COC=C(N)CC=CC(=O)C=CC=CCC=CCPCN=C,C=NCPCC=CCC=CC=CC(=O)C=CCC(N)=COC,True,True,0.29411764705882354,4.0,64.68,3.343600000000002,438.6587689043804,22.0,39.0,6.0,3.0,1.90637984333209
219,219,[C][O][C][=C][C][=C][Ring1][=Branch1][N][C][=C][C][=C][C][Branch1][C][F][=C][Branch1][C][N][P][=Branch1][=Branch2][=C][C][Branch1][=Branch2][=C][=Branch1][C][=O][C][=N][Ring1][=Branch1][C][=C][Ring1][O],C1OC=CC=C1NC=CC=CC(F)=C(N)P(=C2CC(=O)C=N2)C=C,C=C[PH](C(N)=C(F)C=CC=CNC1=CC=COC1)=C1CC(=O)C=N1,True,True,0.11764705882352941,4.0,76.71,2.7022000000000013,709.1372703609896,24.0,40.0,9.0,3.0,2.120125794345372
220,220,[C][C][C][=C][C][=C][C][C@@][Branch2][Ring2][Ring1][C][F][C][C@][C][C][C][Branch2][Ring1][C][C][Branch1][=Branch1][O][C][Ring1][#Branch2][C][=C][Ring1][#C][C][C][=C][C][=Branch1][C][=O][C@@][Ring1][=N][Branch1][Ring1][C][=O][N][C][=C][C][=C][Branch1][C][F][O][Ring1][=N],CCC=CC=CC[C@@](CF)=O,CCC=CC=CCC(=O)CF,True,True,0.4444444444444444,1.0,17.07,2.437500000000001,149.42124551085624,11.0,57.0,8.0,8.0,2.194371281405041
221,221,[C][C][=N][C][Branch1][=C][C][=Branch1][C][=O][C][Branch1][S][C][C][=C][C][Branch1][C][N][=C][C][=C][Ring1][#Branch1][Cl][C][=Branch1][C][=O][O][C][Ring1][C],CC=NC(C(=O)CCC1=CC(N)=CC=C1Cl)C=O,CC=NC(C=O)C(=O)CCc1cc(N)ccc1Cl,True,True,0.3076923076923077,4.0,72.52000000000001,2.0821,449.1061566327445,18.0,34.0,6.0,2.0,1.9492825713697874
222,222,[C][N][C][=N][C][Branch1][C][C][Branch2][Ring1][O][C][C][N][Branch2][Ring1][O][C][=C][C][Branch1][C][C][=N][C][=C][Branch1][S][C][Branch1][=Branch2][C][=C][Ring1][C][Cl][C][S][Ring1][#Branch1][C][=Branch1][C][=O][C][=C][C][=C][Ring2][Ring1][#Branch2],C1NC=NC(C)(CCNC=CC(C)=NC=CC(C#CCl)C)OC=CC=C1,CC(C=CNCCC1(C)N=CNCC=CC=CO1)=NC=CC(C)C#CCl,True,True,0.4,5.0,58.010000000000005,3.724400000000003,624.6847991082902,26.0,51.0,10.0,6.0,2.1968124200674657
223,223,[C][C][Branch1][C][C][Branch1][C][O][C][C][Branch1][C][C][=O][Branch2][Ring1][Branch1][N][C][=C][Ring1][=Branch1][C][=O][C][Br][C][=Branch1][C][=O][C][=N][C][=C][C][Branch1][C][C][N][Ring1][#Branch1][C][=C][C][Branch1][Ring1][C],CC(C)(O)CC(C)=O,CC(=O)CC(C)(C)O,True,True,0.8333333333333334,2.0,37.3,0.7363999999999999,82.70165766734145,8.0,47.0,10.0,4.0,1.857319289199861
224,224,[C][C][=C][NH1][C][=Branch1][C][=O][N][C][=C][Branch1][C][Cl][C][Branch2][Ring1][=N][C][=Branch1][C][=O][N][C][=C][C][C][=C][C][Branch1][#Branch2][C][O][C][Branch1][C][Cl][=C][C][=N][Ring1][#Branch1][=N][Ring1][#C][C][=C][Ring1][S][NH1][Ring1][=Branch2][=C][Ring2][Ring1][=N],CC=C[NH1]C(=O)NC=C(Cl)C(C(=O)N1C2=CCC=CC1(COC(Cl)=CC=N)NC)=C2[NH1],CC=CNC(=O)NC=C(Cl)C1=C([NH])C2=CCC=CC(COC(Cl)=CC=N)(NC)N2C1=O,True,True,0.25,5.0,130.35000000000002,2.7844700000000007,890.3228035743817,31.0,56.0,9.0,7.0,2.379439090432116
225,225,[C][C][Branch1][Branch2][N][C][=C][C][=Branch1][C][=O][O][C][Branch1][=C][C][N][C][Branch1][Ring1][C][#N][=C][Ring1][#Branch1][C][C][=Branch1][C][=O][N][C][=C][C][Branch1][Ring2][C][Ring1][=Branch1][C][C][C@H1][Ring1][=Branch2][C][=C][C][=C][Ring1],CC(NC=CC=O)OC1(CNC(C#N)=C1CC=O)NC=CC(C)CC[C@H1]C=CC#C,C#CC=C[CH]CCC(C)C=CNC1(OC(C)NC=CC=O)CNC(C#N)=C1CC=O,True,True,0.391304347826087,7.0,103.25,2.23067,739.8882656850452,30.0,49.0,10.0,6.0,2.0904890222063552
226,226,[N][#C][C][C][=Branch1][C][=O][N][Branch1][C][C][C][=C][C][=C][N][=C][Branch1][#Branch2][O][C][Branch1][C][C][=C][C][=C][Ring1][#Branch1][=C][Branch1][C][S][N][C][=Ring1][#Branch1][O],N#CCC(=O)N(C)C=CC=CN=C(OC(C)=C1C=C)C(S)NC1O,C=CC1=C(C)OC(=NC=CC=CN(C)C(=O)CC#N)C(S)NC1O,True,True,0.3125,7.0,97.95,1.4384799999999998,612.9139762661247,24.0,38.0,8.0,2.0,2.112379789369354
227,227,[C][C][=C][N][=C][Branch2][Ring2][=Branch1][C][O][C][Branch1][Branch2][O][C][C][C][C][Branch1][C][F][Branch1][C][F][C][O][C][=C][C][Branch1][=C][C][=C][Branch1][C][C][=C][C][=C][Ring1][Branch2][Cl][C][=Branch1][C][=O][O][=C][Ring2][Ring1][Branch1][Ring1][=C][C][=C][Ring2][Ring1][P][=O],C1C=CN=C(COC(OCC2CCF)(F)COC3=C4C(C=C(C)CC=C4Cl)C)OOC23C=C1O,CC1=CC(C)C(=C2OCC3(F)OCC4=NC=CCC(O)=CC2(OO4)C(CCF)CO3)C(Cl)=CC1,True,True,0.5416666666666666,7.0,78.74000000000001,5.4702000000000055,944.5227461425105,34.0,59.0,11.0,7.0,2.1193685469444303
228,228,[C][C][Branch1][C][C][C][=Branch1][C][=O][N][=C][C][Branch2][Ring1][Branch2][N][C][=C][/N][C][=Branch1][Ring2][=C][N][Branch1][C][C][C@@H1][Ring1][=Branch1][C][O][C][=N][C][Ring1][Branch1][=C][Ring1][=N][C][Branch1][C][F][=C][Ring2][Ring1][Branch2],C1C(C2)C(=O)N=CC1(NC=C/N3C(=CNC)[C@@H1]3C4OC=NC4=C)C(F)=C2,C=C1N=COC1[C@H]1C(=CNC)N1C=CNC12C=NC(=O)C(CC=C1F)C2,True,True,0.3888888888888889,6.0,78.09,1.3462000000000005,765.8600237553158,26.0,48.0,10.0,7.0,2.232428605805603
229,229,[C][C][/C][Branch1][C][F][Branch1][C][O][=C][Branch1][#Branch2][C][=C][C][=Branch1][C][=O][C][O][C][=Branch1][C][=O][/C][=C][/C][Ring1][=Branch2],CC/C(F)(O)C(C=CC(=O)COC)(O)/C=C/C,C/C=C/C(O)(C=CC(=O)COC)C(O)(F)CC,True,True,0.5833333333333334,4.0,66.76,1.1334,291.16017124398627,17.0,29.0,7.0,1.0,2.0889425675274014
230,230,[C][C][C][C][C][C][=C][C][=C][C][Branch1][Ring1][C][O][=C][Ring1][Branch2][C][=Branch1][C][=O][O][C][Branch1][Ring1][C][C][=C][C][Ring1][Branch2][Branch1][C][O][=C][Ring2][Ring1][C][N][P][C][=C][Branch1][C][Cl][C][=C][Ring1][=Branch2],CCCCCC1=CC=CC(CO)=C1C(=O)OC(CC)=CC(O2)CNPC=C(Cl)C=C2,CCCCCc1cccc(CO)c1C(=O)OC(=CC1CNPC=C(Cl)C=CO1)CC,True,True,0.43478260869565216,5.0,67.79,5.538100000000007,756.2430314393537,30.0,49.0,8.0,7.0,1.96296556338738
231,231,[C][O][C][=Branch1][C][=O][C][Branch1][C][O][C][=Branch1][C][=O][C][=C][C][=C][Branch2][Ring1][C][Branch1][=Branch2][C][Branch1][C][C][=C][C][Branch1][C][F][Branch1][=Branch2][C][=C][S][C][Ring1][Branch1][=O][C][=N][Ring1][O][C][Branch1][C][F][=C][Ring2][Ring1][Ring1][O],COC(=O)C(O)C(=O)C=CC=C(C(C)=CC(F)C=CSC=O)NC(F)=CO,COC(=O)C(O)C(=O)C=CC=C(NC(F)=CO)C(C)=CC(F)C=CSC=O,True,True,0.23529411764705882,8.0,112.93,2.167,643.525795434798,27.0,54.0,12.0,6.0,2.088423064478134
232,232,[C][C@@][C][C][=C][N][C][=C][C][=C][Branch2][Ring1][Ring2][N][C][C][=Branch1][C][=O][C][C@@H1][Ring1][Ring1][C][=C][N][=C][C][=C][Ring1][=Branch1][=C][C][Branch1][C][C][=C][Ring1][Branch2][N][C][Ring2][Ring1][Ring1][=O][C][=C][Ring2][Ring1][#Branch2][C][C][O],C[C@@]CC=CNC=CC=C(NCC(=O)C[C@@H1]C1=CN=CC=C1C)C(C)=CNC=O,C[C]CC=CNC=CC=C(NCC(=O)C[CH]c1cnccc1C)C(C)=CNC=O,True,True,0.2608695652173913,5.0,83.12,3.1332000000000013,737.0567451049881,29.0,53.0,6.0,11.0,2.056383563260817
233,233,[C][C][O][C][C][N][Branch1][#Branch2][C][C][N][Ring1][#Branch1][C][=Branch1][C][=O][C][=Branch2][Ring1][=C][=C][C][=Branch1][Ring2][=C][C][=N][C][=C][Branch1][C][F][C][=C][S][Ring1][=Branch2][=Branch1][C][=O][C][=C][Ring1][=N][Cl][C][Ring2][Ring1][C],CCOCCN(CCNC=O)C=CC(=C1C=N)C=C(F)C=CS1(=O)C=CCl,CCOCCN(C=CC1=C(C=N)[SH](=O)(C=CCl)C=CC(F)=C1)CCNC=O,True,True,0.3333333333333333,5.0,82.49000000000001,2.59567,672.8268714730223,27.0,50.0,9.0,7.0,2.2632621843802765
234,234,[C][C][=C][N][Branch1][C][C][C@H1][C][Branch2][Ring1][#Branch1][O][C][C][=N][C][=C][Branch1][C][O][C][C][=C][C][=N][C][=C][Ring1][Branch2][C@H1][Ring1][#Branch2][C][=Branch1][C][=O][/C][Branch1][C][C][C][=C][Branch1][#Branch2][C][=C][C][=Ring2][Ring1][Branch1][O],CC=CN(C)[C@H1]C(OCC=NC=C(O1)CC=CC=NC=C1[C@H1]C)(O)/C(C)C=CC=CCO,C[CH]C1=CN=CC=CCC(=CN=CCOC(O)([CH]N(C)C=CC)C(C)C=CC=CCO)O1,True,True,0.36,7.0,86.88000000000001,4.084680000000004,746.9078156936991,32.0,52.0,11.0,5.0,2.160886341589464
235,235,[O][=C][N][=C][C][=C][N][C][Branch1][C][Cl][C][=Branch1][C][=O][C][N][Branch1][=Branch2][C][C][=C][C][=C][C][=C][Ring1][=Branch1][C][Ring1][=N][=C][Branch1][#Branch2][C][C][Branch1][C][O][C][C][C][=O][C][Ring1][Ring2],O=CN=CC=CNC(Cl)C(=O)CN(CC1=CC=CC=C1)C=C(CC(O)CC2C=O)C2,O=CN=CC=CNC(Cl)C(=O)CN(C=C1CC(O)CC(C=O)C1)Cc1ccccc1,True,True,0.36363636363636365,6.0,99.07,2.1969000000000003,758.4878662320311,30.0,46.0,8.0,4.0,2.047254506372442
236,236,[C][C][Branch1][C][C][C][Branch1][#C][C][N][C][Branch1][C][N][C][=N][C][=C][Branch1][C][Cl][C][=C][Branch2][Ring1][#Branch1][C][=C][C][=N][Ring1][#Branch1][C][Branch1][C][F][=C][C][=C][Ring1][#Branch1][C][=C][Branch1][C][F][C],CC(C)C(CNC(N)C=NC=C(Cl)C)=CC=CC=N,CC(Cl)=CN=CC(N)NCC(=CC=CC=N)C(C)C,True,True,0.42857142857142855,4.0,74.25999999999999,2.8198700000000008,357.4995490565423,19.0,47.0,10.0,3.0,1.889162156663573
237,237,[C][C][C][=N][O][P][=Branch1][Ring2][=C][Branch1][C][O][C][=Branch1][C][=O][C@H1][Branch1][C][Br][C][=C][C][Ring1][#Branch2][C][=C][NH1][C][Branch1][Ring1][C][S][C][=Branch1][C][=O][C][Ring2][Ring1][Branch2][=Ring1][=C][C][=C][Ring1][=Branch2],C1CC=NOP2(=CO)C(=O)[C@H1](Br)C=CC2C=C[NH1]C(CS)C(=O)C1,O=C1CCCC=NOP2(=CO)C(=O)[C@H](Br)C=CC2C=CNC1CS,True,True,0.4666666666666667,6.0,87.99000000000001,2.4368000000000007,593.5278502336548,24.0,47.0,9.0,7.0,2.388353061755699
238,238,[C][C][O][C][C][Branch2][Ring1][C][=N][C][Branch2][Ring1][=C][C][=C][NH1][C][=Branch1][C][=O][C][=Branch1][C][=O][C@][Branch1][C][C][=C][Branch1][C][C][C][#N][C][=C][Ring1][#Branch1][Ring2][Ring1][C][=C][Branch1][C][F][O][C][C][=C][Ring2][Ring1][=Branch1][C],CCOC1C(NCC=C[NH1]C(=O)C(=O)[C@](C)=C(C)C#N)(F)OCC=C1C,CCOC1C(C)=CCOC1(F)NCC=CNC(=O)C(=O)C(C)=C(C)C#N,True,True,0.5,6.0,100.45,1.6398799999999993,644.0160204304713,26.0,53.0,9.0,7.0,2.1035460356670277
239,239,[C][N][C][=Branch1][C][=O][C][Branch2][Ring1][C][O][C][=C][C][Branch1][C][C][=Branch1][C][=O][C][C@H1][Branch1][#Branch1][O][C][C][Ring1][Branch1][=O][C][=C][C][Ring1][S][C][Ring2][Ring1][Branch1][C][C][=C][Branch1][C][F][C][=C][C][F][C][C][F][C][Ring1][#Branch2][=O],C1NC(=O)C2(OC=CC(C)(O)C3[C@H1]OCC3=O)C=CC2C1CC=C(F)C=CCF,CC(O)(C=COC12C=CC1C(CC=C(F)C=CCF)CNC2=O)C1[CH]OCC1=O,True,True,0.47619047619047616,5.0,84.86000000000001,2.0849900000000003,738.0,29.0,56.0,10.0,6.0,2.0695221991298824
240,240,[C][O][C][=C][C][=C][Branch1][S][C][=C][Branch1][#Branch1][N][C][Branch1][C][N][=O][=C][C][=N][C][=C][C][Branch2][Ring1][=Branch1][C][C][Branch1][C][C][Branch1][C][C][C@H1][Branch1][#Branch2][C][=Branch1][C][=O][O][=C][Ring1][S],COC=CC=C(C=C(NC(N)=O)CC=NC=C)CCC(C)(C)[C@H1]C(=O)OC,C=CN=CCC(=CC(=CC=COC)CCC(C)(C)[CH]C(=O)OC)NC(N)=O,True,True,0.4,5.0,103.01,3.413190000000003,587.5278502336547,27.0,46.0,11.0,2.0,2.133347773741015
241,241,[C][C][O][C][=C][C][=C][C][=Branch1][C][=O][C][C][=C][C][=N][C@@H1][Ring1][Branch1][N][C][=Branch1][C][=O][C][=C][C][C@@][Ring1][Branch1][C][F][C][Ring1][=Branch2][C][Branch1][C][C][=C][Ring2][Ring1][Ring2][O][C][C][=C][Ring1][Branch1],CCOC=CC=CC(=O)CC1=CC=N[C@@H1]1NC(=O)C=CC[C@@]CF,CCOC=CC=CC(=O)CC1=CC=N[C@@H]1NC(=O)C=CC[C]CF,True,True,0.3333333333333333,4.0,67.75999999999999,2.5021900000000006,534.3856189774724,24.0,49.0,7.0,7.0,2.059111181017203
242,242,[C][N][C][=C][N][=C][C][Branch1][#Branch1][C][=Branch1][C][=O][O][C][Ring1][Branch2][N][=C][C][C@@H1][Branch1][=Branch2][C][=C][C][O][=C][C][=N][C][=C][C][Ring1][#Branch1][=C][Ring2][Ring1][Branch1],C1NC=CN=C2C1(C(=O)OC)N=CC[C@@H1](C=CCOCC=NC)CC=C2,CN=CCOCC=C[C@H]1CC=CC2=NC=CNCC2(C(=O)OC)N=CC1,True,True,0.47368421052631576,7.0,84.64,1.7239999999999995,620.4237512704517,26.0,39.0,8.0,4.0,2.2250911291784674
243,243,[C][=C][C][=C][C][Branch1][S][C][=Branch1][C][=O][=Branch1][C][=O][O][C][C][=C][C][=C][Ring1][=N][N][C][=Branch1][C][=O][O][C][C][O][C][=Branch1][C][=O][O][=C][Branch1][C][C][C][=Branch1][C][=O][C][C][C@H1][Branch1][C][N][Ring2][Ring1][=Branch2][C][=C][Ring2][Ring1][S],C=C1C=CC(C(=O)C=O)NC(=O)OCCOC(=O)OC(C)C(=O)CC[C@H1]1N,C=C1C=CC(C(=O)C=O)NC(=O)OCCOC(=O)OC(C)C(=O)CC[C@H]1N,True,True,0.47058823529411764,9.0,151.09000000000003,0.193500000000001,609.9495684877126,27.0,58.0,9.0,5.0,2.073252714582149
244,244,[C][N][C][=Branch1][C][=O][N][Branch1][C][N][C][=C][Branch1][=N][C][=C][C][Branch1][=Branch1][C][=Branch1][C][=O][O][C][Branch1][=Branch2][N][Ring1][O][C][Branch1][C][C][=C][NH1][C][=C][C][=C][Ring1][=Branch2][F][C][=C][Ring2][Ring1][=Branch2][C][Branch1][C][F][F],CNC(=O)N(N1)C=C(C=CC(C(=O)O)CN1C(C)=C)[NH1]C=CC=CF,C=C(C)N1CC(C(=O)O)C=CC(NC=CC=CF)=CN(C(=O)NC)N1,True,True,0.25,5.0,96.94,1.5815000000000001,591.5278502336548,25.0,53.0,12.0,4.0,2.177293443672796
245,245,[O][=C][C][O][N][=C][C][C][=C][Branch1][=Branch2][C@@H1][C][C][=C][C][=C][C][C@@H1][Ring1][=Branch1][N][C][=C][Branch1][#Branch2][C][=C][C][=C][N][Branch2][Ring1][=Branch1][C][=C][Ring1][=Branch1][C][#N][=C][=C][Ring1][=C][Ring2][Ring1][=Branch2][Ring2][Ring1][Branch1],O=CCON=CCC=C[C@@H1]CC=CC=CC[C@@H1],[CH]CC=CC=CC[CH]C=CCC=NOCC=O,True,True,0.2857142857142857,3.0,38.66,2.941980000000001,263.76289771739914,17.0,50.0,10.0,8.0,2.195602916372688
246,246,[O][C][=C][C][=C][C][=Branch1][C][=O][NH1][C][Branch1][C][Cl][C][Ring1][=Branch2][Branch1][=N][C][=C][C][=C][C][Branch1][#Branch1][C][=C][Ring1][=Branch1][F][O][C][C][=C][C][Branch1][C][C][=C][Ring1][=N],OC=C1C=CC(=O)[NH1]C(Cl)C1(C=C2C=CCC=C2F)CC=CC(C)=C,C=C(C)C=CCC1(C=C2C=CCC=C2F)C(=CO)C=CC(=O)NC1Cl,True,True,0.25,2.0,49.33,4.927700000000003,715.1372703609896,25.0,42.0,8.0,3.0,2.0476056184484337
247,247,[C][C][Branch1][C][C][Branch1][C][O][=C][C][=C][Ring1][=Branch1][C][N][C][Branch1][Branch2][C][C][=Branch1][C][=O][C][=C][Ring1][#Branch2][O][C][=Branch1][C][=O][C][=C][C][=C][C][=C][Branch1][C][C][C][=C][Ring1][#Branch1][C][=N][Ring1][=Branch2],C1C(C)(O)CC=CCNC1(CC(=O)C=C)OC(=O)C=CC2=CC=C(C)C=C2C=N,C=CC(=O)CC1(OC(=O)C=Cc2ccc(C)cc2C=N)CC(C)(O)CC=CCN1,True,True,0.34782608695652173,6.0,99.47999999999999,3.081190000000001,827.5943257081271,29.0,49.0,11.0,4.0,1.9588586100946617
248,248,[C][C][=N][C][Branch2][Ring1][Ring2][N][C][O][C][C][C][Ring1][=Branch1][=C][C][=C][Branch1][=Branch2][C][=Branch1][C][=O][C][N][C][C][=C][C][=C][Ring1][=Branch1][C][=C][C][=C][Branch1][Ring1][O][C][=C][Ring2][Ring1][#Branch2][C][=N][Ring2][Ring1][N],CC=NC(N1COCCC1=CC=CC(=O)CN2CC)=CC=C2C=CC=C(OC)CC=N,CC=NC1=CC=C(C=CC=C(CC=N)OC)N(CC)CC(=O)C=CC=C2CCOCN21,True,True,0.375,7.0,78.22,3.953070000000003,816.0996223722956,31.0,50.0,8.0,9.0,2.1031227417829634
249,249,[O][=C][C][C][Branch1][=Branch2][C][=C][C][C][C][Ring1][=Branch1][N][C][=Ring1][O][C][=C][C][Branch1][#Branch2][C][=C][C][=Branch1][C][=O][Cl][C][=C][Ring1][Branch2][C][C][Ring1][#C][C][C][O][Ring2][Ring1][Branch1],O=CCC1(C=CC23CC1N)CC=CC2(C=CC(=O)Cl)CC3CCO,NC1CC23C=CC1(CC=O)CC=CC2(C=CC(=O)Cl)CC3CCO,True,True,0.5789473684210527,4.0,80.39,2.5056000000000016,603.5278502336548,24.0,43.0,8.0,6.0,2.1394568145602073
250,250,[C][C][N][C][=C][C][Branch1][#Branch1][C][N][C][#N][C][C][N][C][Branch1][C][N][C][=C][Branch1][C][F][C][=C][C][=C][NH1][Ring1][N][C][=C][C][Branch1][C][C][=N][Ring1][=Branch1][=N][C][Ring2][Ring1][Branch1][Branch1][C][C][C][=C][C][Ring1][=Branch2][=O],CCNC=CC(CNC#N)NC(N)C=C(F)C=CC=C[NH1],CCNC=CC(CNC#N)NC(N)C=C(F)C=CC=C[NH],True,True,0.35714285714285715,5.0,109.69999999999999,0.6294800000000005,398.24447258666214,21.0,54.0,9.0,5.0,1.9779443805480326
251,251,[C][C][C][=Branch1][C][=O][N][C][=Branch1][=Branch2][=C][C][Branch1][=C][C][O][C][C][=Branch1][C][=O][C][C][O][Ring1][Branch2][C][C][=Branch1][C][=O][O][C][C][Ring2][Ring1][Branch1][C][=N][N][=C][C][=C][Ring1][=C][C][C][Ring2][Ring1][#Branch1],C1CC(=O)NC(=C2CC3OCC(=O)C4CO3)C(=O)OCC1C=NN=CC=C4CC2,O=C1CCC2C=NN=CC=C3CCC(=C(N1)C(=O)OC2)CC1OCC(=O)C3CO1,True,True,0.55,8.0,115.64999999999999,1.0486,793.8949464100463,29.0,50.0,9.0,6.0,2.035561556254349
252,252,[C][C][=C][N][C][Branch2][Ring2][Branch2][C][=N][C][=C][Branch1][C][O][C][C][=C][Ring1][N][C][=C][C][=N][C],CC1=CNCC=NC=C(O)CC=C1C=CC=NC,CN=CC=CC1=CCC(O)=CN=CCNC=C1C,True,True,0.2857142857142857,4.0,56.980000000000004,2.536900000000001,422.95466351341577,18.0,25.0,3.0,2.0,1.7756394837233485
253,253,[C][C][C][=C][C][C][Branch2][Ring1][#C][C][=N][C][=C][C][=C][C][Branch1][C][C][Branch2][Ring1][=Branch1][C][C][=C][C][Branch1][Ring1][N][Cl][=C][Ring1][S][C][=C][Ring1][=C][C][Branch1][C][Cl][=C][Ring2][Ring1][#Branch1][O][C][=C][Ring2][Ring1][Ring1][O],CCC=C1CC2(C=NC=C3C4=CC(C)CC=CC(NCl)=C2C=C3C(Cl)=C1)OC=C4O,CCC=C1C=C(Cl)C2=CC3=C(NCl)C=CCC(C)C=C4C(O)=COC3(C=NC=C42)C1,True,True,0.2916666666666667,4.0,53.85000000000001,6.432200000000004,1006.2565456035891,30.0,52.0,7.0,10.0,2.080507959310667
254,254,[C][O][C][=C][C][Branch1][C][Cl][=C][N][=C][Ring1][=Branch1][C@@H1][C][C][=C][Ring1][Branch1][C][C][=O][C][C][C][Ring1][#Branch1][=C][C][C][O][Ring1][C][C][=Branch1][C][=O][C][=C][C][Branch1][C][C][=O][C][C][Ring1][#Branch2],COC=C1C(Cl)=CN=C1[C@@H1]CC=CCC=O,COC=C1C(Cl)=CN=C1[CH]CC=CCC=O,True,True,0.25,3.0,38.66,2.7910900000000014,348.2346001038465,16.0,48.0,7.0,5.0,1.8677647024564283
255,255,[N][N][=N][NH1][N][=C][Ring1][#Branch1][C][=C][C][=C][Branch1][Ring1][O][C][Branch2][Ring2][C][C][=C][Branch1][C][C][S][C][=C][Branch1][Ring1][N][F][C][=N][Ring1][Branch2][C][=C][Ring2][Ring1][=Branch1][C][=N][O][=C][Ring2][Ring1][Ring1][N][=C][Ring2][Ring1][O],N1N=N[NH1]N=C1C=CC#COC,COC#CC=CC1=NNN=NN1,True,True,0.16666666666666666,6.0,70.37,-0.0616000000000001,266.1487732300207,12.0,52.0,7.0,12.0,2.325972860245997
256,256,[C][=C][C][=C][Branch2][Ring1][=N][N][Ring1][#Branch1][C][=C][Branch1][=Branch2][C][C][=C][C][=C][Ring1][=Branch1][O][C][C][=Ring1][S][C][C][=Branch1][C][=O][N][=C][Ring1][=Branch1][C][C][=C][C][Branch1][C][C][=C][C][=C][Ring1][=Branch1],C12=CC=C(N1C=C(CC=CC=CO)CC23CC(=O)N=C3)CC=C4C(C)=CC=C4,CC1=CC=CC1=CCc1ccc2n1C=C(CC=CC=CO)CC21C=NC(=O)C1,True,True,0.25,3.0,54.59,4.974600000000004,990.8157418213746,28.0,47.0,9.0,6.0,2.056432627797899
257,257,[N][C@@H1][C][Branch1][C][F][C][=C][C][Branch2][Ring2][P][C][=C][C][C][Ring1][Branch1][=N][C][O][C][=C][Branch1][=C][N][C][C][=Branch1][C][=O][C@@][Ring1][#Branch1][Ring1][S][C][=C][N][=C][Branch1][C][Cl][C][=C][Ring1][#Branch1][Ring2][Ring1][=Branch2][C][C][O][C][Ring2][Ring1][S],N[C@@H1]C(F)C=C1C2C=CCC2=NCOC3=C(NCC(=O)[C@@]31C4=C)N=C(Cl)C=C4,C=C1C=CC(Cl)=NC2=C3OCN=C4CC=CC4C(=CC(F)[CH]N)[C@]13C(=O)CN2,True,True,0.3,6.0,89.07000000000001,2.467290000000001,892.3228035743817,28.0,57.0,9.0,9.0,2.4168345351900875
258,258,[C][C][C][=C][Branch1][P][N][C][=C][Branch2][Ring2][Ring2][C][C][=C][Branch1][Ring1][C][O][C][=C][C][Branch1][C][Cl][=C][N][=C][Branch1][C][C][C][Branch1][C][F][=C][Ring1][=N][C@H1][Branch1][C][N][C][C][Ring1][Branch2][O][C][Branch1][C][C][=C][Ring2][Ring1][O],CCC=C(N1C=CCC=C(C2O)C=CC(Cl)=CN=C(C3)C(F)=C2[C@H1](N)CC3O)C(C)=C1,CCC=C1C(C)=CN1C=CCC=C1C=CC(Cl)=CN=C2CC(O)C[C@@H](N)C(=C2F)C1O,True,True,0.375,5.0,82.08,4.487400000000004,919.0851272670145,31.0,55.0,9.0,7.0,2.0620507988412324
259,259,[C][C][#C][C][Branch2][Ring1][=C][C][N][C@][Branch1][P][C][C][O][C][=Branch1][C][=O][N][C][Branch1][=Branch1][C][Branch1][C][C][N][Ring1][=N][C][#C][C][Branch1][C][C][=C][C][#N][C][Branch1][C][F][Branch1][C][C][C][=Ring1][#Branch1][O][C],C1C#CC(CN[C@]1(CCOC(=O)NCC(C)N)C#CCC)=CC#N,CCC#C[C@]1(CCOC(=O)NCC(C)N)CC#CC(=CC#N)CN1,True,True,0.5555555555555556,5.0,100.16999999999999,1.0487799999999994,600.3846512531437,24.0,51.0,10.0,3.0,2.1064485257960404
260,260,[C][N][C][Branch1][C][F][=C][C][#C][C][=C][C][=C][C][Branch1][O][C][C][=C][C][Branch2][Ring1][=Branch1][O][=C][C][=C][Branch1][C][F][C][=C][Branch1][C][F][C][=C][C][=C][Ring1][#Branch1][=C][C][Ring1][=Branch1][C][S][Ring1][N][C],CNC(F)=CC#CC=CC=CC(CC=CCOCC=C(F)C1=C(F)C2=CC=C1CC2)CSC,CNC(F)=CC#CC=CC=CC(CC=CCOCC=C(F)c1c2ccc(c1F)CC2)CSC,True,True,0.3333333333333333,3.0,21.259999999999998,6.322900000000007,949.7329462342587,33.0,50.0,8.0,4.0,1.961717677979627
261,261,[S][=C][C][Branch1][C][Br][Branch1][C][O][C][C][=C][C][Ring1][N][C][=C][C][Branch1][C][Cl][=N][C][=C][Ring1][N][C][=C][C][Ring1][=Branch1],S1=CC(Br)(O2)CC=CC1C=CC(Cl)=NC=C2C=CC,CC=CC1=CN=C(Cl)C=CC2C=CCC(Br)(C=[SH]2)O1,True,True,0.2857142857142857,2.0,21.59,4.315000000000003,494.13135205769794,19.0,31.0,4.0,3.0,1.955147286654338
262,262,[C][O][C][=C][C][=C][N][Branch2][Ring1][=Branch1][C][Branch1][#Branch2][C][C][Branch1][C][C][C][C][P][=Branch1][C][=O][O][C][=C][C][=Branch1][C][=O][C][C][Ring1][#Branch2][=O][=C][C][=C][Ring2][Ring1][Branch2][C][Branch1][C][C][Branch1][C][C][Br],COC=CC=CN(C(CC(C)CC1P=O)OC=CC=O)CC1=O,COC=CC=CN1CC(=O)C(P=O)CC(C)CC1OC=CC=O,True,True,0.5,6.0,72.91,2.676800000000001,460.4299824400822,23.0,50.0,11.0,4.0,1.9991891121900327
263,263,[O][=C][Branch1][C][Cl][C][=C][C][=C][C][=C][Ring1][=Branch1][C][Branch2][Ring1][O][C][C][=Branch1][C][=O][C][C][=C][C][O][Ring2][Ring1][Branch1][=N][C][C][Branch1][Branch2][N][C][C][C@@H1][Branch1][C][C][C][Ring1][=Branch1][C][C][Ring2][Ring1][O][C][C][Ring1][S],O=C(Cl)C1=C2C=C3C=C1C2(CC(=O)CC=CCO)CCCC3,O=C(CC=CCO)CC12CCCCc3cc1c(C(=O)Cl)c2c3,True,True,0.4444444444444444,3.0,54.370000000000005,3.2893000000000017,616.9973111288068,22.0,54.0,9.0,8.0,2.0638088460341817
264,264,[C][C][C][C][C][=C][Branch2][Ring1][Ring2][O][C][C][=C][C][=C][Branch1][C][Br][C][=C][C][=C][Ring1][#Branch1][N][Branch1][C][C][C][=C][C][C][NH1][C][=Ring1][#Branch2][C][C][N][C][Ring1][=Branch1],CCCCC=C(OCC=CC1=C(Br)C=CC2=C1NC)C=CCC[NH1]C2CCNC,CCCCC=C1C=CCCNC(CCNC)c2ccc(Br)c(c2NC)C=CCO1,True,True,0.5,4.0,45.32,5.794800000000005,686.2350160333546,29.0,42.0,6.0,5.0,1.9106784784097435
265,265,[C][O][C][Branch1][C][N][=C][C][C][Branch1][C][N][C][C][Ring1][#Branch1][Branch1][C][F][O][C][C][F][C][C][=Branch1][C][=O][O][C][Ring2][Ring1][C][Ring1][#Branch2],COC(N1)=CCC(N)CC1(F)OCCF,COC1=CCC(N)CC(F)(OCCF)N1,True,True,0.7777777777777778,4.0,56.510000000000005,0.7943000000000001,214.07820003461552,15.0,35.0,6.0,4.0,1.9261618078868632
266,266,[C-1][#N+1][C][=C][C][=C][Branch1][=C][O][C][=C][Ring1][#Branch1][C][O][S][Ring1][=Branch1][=Branch1][C][=O][C][N][Branch1][=N][C][=C][O][C][Branch1][Ring1][C][#N][=C][C][=C][Ring1][Branch2][C][#N][=C][Ring2][Ring1][#Branch2][C][=C][C][Branch1][Branch1][C][C][C][=C][Ring1][#Branch1],[C-1]#[N+1]C1=CC=C(OC=C1COS=O)CN(C=C2OC(C#N)=CC=C2)C#N,[C-]#[N+]C1=CC=C(CN(C#N)C=C2C=CC=C(C#N)O2)OC=C1CO[SH]=O,True,True,0.11764705882352941,7.0,99.94,2.08285,854.4697731001038,26.0,55.0,11.0,7.0,2.3047925159110205
267,267,[C][O][C][C][=C][C][C][C][=Branch2][Ring1][=C][=C][C][=C][Branch1][=C][S][C][=Branch1][C][=O][C][C][=C][Branch1][C][O][C][=C][Branch1][C][F][C][C][=C][Ring1][N][C][=C][Ring2][Ring1][Branch1][C][=C][Ring1][O][C][Branch1][C][C][=C],COCC1=CCCC1=CC=C(SC(=O)CC=C(O)C=C)CF,C=CC(O)=CCC(=O)SC(=CC=C1CCC=C1COC)CF,True,True,0.35294117647058826,4.0,46.53,4.410600000000004,506.15640006923115,22.0,51.0,7.0,5.0,1.8298643961433778
268,268,[C][C][#C][C][Branch1][C][C][=C][Branch2][Ring2][#Branch1][S][C][=C][Branch1][C][Br][C][Branch1][#Branch1][C][C][=Branch1][C][=O][C][=C][C][Branch1][C][C][=C][C][=C][Branch1][=Branch2][\C][=C][Ring1][=Branch1][C][C][=C][Ring2][Ring1][=N][C],C1C#CC(C)=CSC=C(Br)C(CC(=O)C)=CC(C2)=CC=C(\C=C2CC=C1)C,CC(=O)CC1=CC2=CC=C(C)C=C(CC=CCC#CC(C)=CSC=C1Br)C2,True,True,0.2916666666666667,2.0,17.07,7.321400000000005,845.4497230899923,27.0,47.0,11.0,4.0,2.080826779280279
269,269,[C][C][=C][C][=C][Branch2][Ring1][N][C][=C][Ring1][Ring2][C][C][=C][C][Branch1][#Branch2][C][=C][C][=C][C][=C][C][=Branch1][Ring2][=C][Ring1][=Branch1][C][=C][Branch1][C][F][C][Branch1][Ring1][C][Cl][C][=C][Ring1][#C][O][C][C][=C][Ring2][Ring1][S],C1C=CC2=C(C=C2CC=CC(C=C3C4=CC=CC=C4)C=CF)C(CCl)C=C3OCC=C1,FC=CC1C=CCC2=CC3=C2C=CCC=CCOC(=CC3CCl)C(c2ccccc2)=C1,True,True,0.21428571428571427,1.0,9.23,7.637500000000006,1015.0564373533532,31.0,51.0,7.0,9.0,2.027275347402563
270,270,[C][=C][C][O][C][C][=C][Branch1][#Branch1][N][C][=Branch1][C][=O][C][Ring1][Ring1][C][O][N][=C][C][Branch1][=N][C][=C][C][Branch1][C][F][Branch1][C][F][C][O][=C][Branch1][C][Cl][C][=C][Ring1][N][Cl][C][C][Ring2][Ring1][=Branch2],C=CCOC1C=C1NC(=O)C,C=CCOC1C=C1NC(C)=O,True,True,0.375,2.0,38.33,0.5912,196.0838499786226,11.0,49.0,8.0,5.0,2.1421493201841413
271,271,[C][C][Branch1][C][C][C][=N][C][C][=C][Branch2][Ring1][N][C][=C][C][C][=C][C][Branch1][N][C][=C][C][Branch1][C][C][=C][C][Ring1][=Branch1][=C][Ring1][S][C][=C][C][=Ring2][Ring1][Ring1][=N][C][=C][C][Branch1][C][C][=C][Ring2][Ring1][Branch2],C1C(C)C=NC=2C3=C(C=CCC=CC1(C4=CC(C)=CC4=C)C=CC=2)NC=CC(C)=C3,C=C1C=C(C)C=C1C12C=CC=C(N=CC(C)C1)C1=C(C=CCC=C2)NC=CC(C)=C1,True,True,0.25,2.0,24.39,6.7994000000000065,1049.3175378087608,30.0,51.0,7.0,8.0,1.8096183285455714
272,272,[C][C][C@@H1][Branch1][=Branch1][C][C][O][C][C][=C][Ring1][#Branch1][C][=C][Branch2][Ring1][O][C][=Branch1][C][=O][N][Branch1][C][C][C][=C][Branch1][Ring1][C][=O][S][=C][Ring1][=Branch1][C][=O][C][=C][Ring1][S][C][=C][Ring2][Ring1][Branch1][C],C1C[C@@H1](CCOCC)CC=C1C(=O)N(C)C2=C(C=O)S=C2C=O,CCOCC[C@H]1CC=C(C(=O)N(C)C2=C(C=O)[SH]=C2C=O)CC1,True,True,0.5294117647058824,4.0,63.68,1.8587999999999998,564.8457306866737,23.0,48.0,9.0,7.0,2.1092180863574677
273,273,[C][=C][C][=C][C][Branch2][Ring1][=Branch1][C][O][C][Branch1][S][C][=Branch1][C][=O][C][=Branch1][C][=O][C][C][Ring1][Ring1][C][O][C][C@@H1][Ring1][=Branch1][C@][Branch1][C][C][N][Ring2][Ring1][C][Branch1][C][F][=C][C][Ring2][Ring1][Ring1],C1=CC=C2C1(COC(C(=O)C(=O)CCCOC)[C@@H1])[C@](C)N2CF,[CH]C(OCC12C=CC=C1N(CF)[C]2C)C(=O)C(=O)CCCOC,True,True,0.5294117647058824,5.0,55.84000000000001,1.88208,504.1313520576979,23.0,47.0,8.0,9.0,2.1066625603192914
274,274,[C][O][C][=C][C][Branch1][N][N][C][C][=Branch1][C][=O][/C][=C][/I][C][=Branch1][C][=O][O][C][Ring1][=Branch1][C][C][C][=C][C][Ring1][Branch1][C][=N][Ring2][Ring1][C][N][C][C][C][Ring1][=Branch1][O][Ring1][#Branch2][C][=C][Ring1][=Branch1],COC=CC(NCC(=O)/C=C/I)C=O,COC=CC(C=O)NCC(=O)/C=C/I,True,True,0.3333333333333333,4.0,55.4,0.8213999999999999,218.1928094887362,14.0,49.0,8.0,7.0,2.0621973005508476
275,275,[C][S][C][=C][C][Branch1][=N][C][=Branch1][C][=O][N][=C][Branch1][Branch2][O][C][=N][C][=C][C][Branch1][C][O][=C][Ring1][#Branch1][C][N][C][=C][C][=C][Branch1][=C][C][=C][Ring1][#Branch1][C][Branch1][C][C][=C][Branch1][C][O][C][=N][Ring2][Ring1][Ring1][O],CSC=CC(C(=O)N=COC1=NC2=CCO)=C1CN3C=CC=C(C=C3C(C)=C(O)C)N2O,CSC=CC1=C2CN3C=CC=C(C=C3C(C)=C(C)O)N(O)C(=CCO)N=C2OC=NC1=O,True,True,0.22727272727272727,9.0,118.19,3.1308000000000007,1029.59645914341,32.0,53.0,10.0,5.0,2.0889513450478105
276,276,[O][C][C][Branch1][C][F][C][=C][N][C][=Branch1][C][=O][O][C][C][=C][C][=C][C][Branch1][Ring1][N][C][C][O][Ring1][#Branch1][C][C][Ring1][#C][C][Branch1][C][Cl][C],OCC(F)C=CNC(=O)OCC=CC1=CC(NC)CO1,CNC1C=C(C=CCOC(=O)NC=CC(F)CO)OC1,True,True,0.46153846153846156,5.0,79.82000000000001,0.6149999999999998,367.4995490565424,20.0,37.0,5.0,3.0,1.9153971376687415
277,277,[C][C][C][=C][C][=C][C][=Branch1][C][=O][N][C][=Branch1][C][=S][C][C][=C][C][N][C][=C][C][=C][C][Branch1][C][N][=C][C][=N][Ring1][=Branch1],CCC=CC=CC(=O)NC(=S)CC=CCNC=CC=C1C(N)=CC=N1,CCC=CC=CC(=O)NC(=S)CC=CCNC=CC=C1N=CC=C1N,True,True,0.21052631578947367,5.0,79.51,2.812900000000001,639.5257954347982,25.0,33.0,4.0,1.0,1.6266999825812234
278,278,[C][C][=C][C][=Branch1][C][=O][C][=C][Ring1][Branch1][N][C][=Branch1][C][=O][S][C][Branch1][C][C][C@@H1][Branch1][=Branch1][O][C][=C][C][Branch1][C][F][=C][C][Ring2][Ring1][Ring1][=O][O][C][=C][Branch1][C][C][C][C][Ring1][=Branch1],CC=C1C(=O)C=C1NC(=O)SC(C)[C@@H1](OC=CCF)CC=O,CC=C1C(=O)C=C1NC(=O)SC(C)[C@H](CC=O)OC=CCF,True,True,0.4,5.0,72.47,2.6880000000000006,496.1313520576979,22.0,47.0,9.0,5.0,1.9818240731018304
279,279,[C][O][C][C][Branch2][Ring1][C][N][S][C][=Branch1][C][=O][C][O][C][C][=Branch1][C][=O][NH1][C][Branch1][C][N][Branch1][C][F][C][Branch1][C][C][O][C][F][C][=Ring1][O][C][#N][=C][N][Branch1][C][F][N][=C][Ring2][Ring1][=Branch1][N][C][=O],COCC(NSC(=O)COCC(=O)[NH1]CN)(F)C(C)OCF,COCC(F)(NSC(=O)COCC(=O)NCN)C(C)OCF,True,True,0.8181818181818182,8.0,111.91,-0.5558999999999985,311.99999999999994,22.0,53.0,8.0,4.0,2.1640161595224185
280,280,[F][C][=C][C][=C][N][=N][C][=Branch1][N][=C][Branch2][Ring1][C][=C][NH1][C][=C][Branch1][Ring1][C][O][C][Branch1][C][C][=C][Ring1][#Branch1][C][C][Branch1][C][N][Ring1][N][C][Branch1][C][C][=N][Ring2][Ring1][C][=C][Ring2][Ring1][C][F],FC=CC=CN=NC(=CC[NH1]C1=C(CO)C(C)=C1CC)CNC(C)=N,CCC1=C(C)C(CO)=C1NCC=C(CNC(C)=N)N=NC=CC=CF,True,True,0.3888888888888889,5.0,92.86000000000001,3.4822700000000015,626.9494616147807,25.0,49.0,7.0,8.0,2.10027350872226
281,281,[C][C][C][C][C][C][Branch2][Ring1][=N][C][O][C][=C][N][=C][N+1][=Branch1][C][=O][O-1][C][=C][C][Branch1][C][N][=C][Ring1][=Branch2][C][Ring1][#C],CCCCCCCOC=CN=C[N+1](=O)[O-1],CCCCCCCOC=CN=C[N+](=O)[O-],True,True,0.7,4.0,64.73,2.749600000000001,196.0838499786226,15.0,32.0,4.0,3.0,2.1041218303433595
282,282,[F][C][#C][C][=C][C][=C][#Branch1][C][=Branch1][C][=O][N][O][C][C][Ring1][#Branch1][C][=C][Ring1][C][=C][C][=C][C][Branch2][Ring1][C][N][=C][C][=C][Ring1][=Branch2][O][C][=N][C][=C][Branch1][N][C][C][=C][Ring1][=Branch1][F][C][=C][Ring2][Ring1][=N],FC#CC=CC=CC=O,O=CC=CC=CC#CF,True,True,0.0,1.0,17.07,1.2281,171.95032871355068,9.0,53.0,7.0,7.0,2.1583974218720554
283,283,[O][=C][N][C][=C][C][Branch1][=Branch1][C][Branch2][Ring2][C][F][C][=C][C][Branch2][Ring1][C][N][=C][Branch2][Ring1][C][O][N][Branch1][C][F][C][=N][C][=C][Branch1][C][C][C][=C][Ring1][=Branch2][C][C][Ring1][=C][N][Branch1][C][C][C][=C][Ring2][Ring1][Ring1][C][=C][Ring2][Ring1][=Branch2][Br],O=CNC=CC(CF)(C)C=CC=CBr,CC(C=CC=CBr)(C=CNC=O)CF,True,True,0.3,1.0,29.1,2.686700000000001,230.4228653433368,14.0,59.0,10.0,10.0,2.125809487722322
284,284,[C][N][C@H1][Branch1][C][N][=C][Branch1][=Branch2][C][Branch1][C][N][=C][Branch1][C][S][C][=C][Branch1][C][Cl][N][=C][C][NH1][C][=C][C][=C][Ring1][#Branch1][C][=C][N][=C][Ring1][P],CN[C@H1](N)C(C(N)=C1S)C=C(Cl)N=C2C[NH1]C=CC=C2C=CN=C1,CN[C@H](N)C1C=C(Cl)N=C2CNC=CC=C2C=CN=CC(S)=C1N,True,True,0.25,7.0,100.82,1.3695000000000002,656.1518798246972,24.0,38.0,7.0,2.0,2.0456636907873946
285,285,[C][C][Branch2][Ring1][=Branch1][N][C][=Branch1][C][=O][C][C][#N][O][C][=Branch1][C][=O][N][Branch1][=Branch1][O][C][Ring1][=C][C][#C][C][=C][Ring2][Ring1][C][O][C][=C][Branch1][C][Cl][C][=C][C][Branch1][C][F][=C][Ring1][=Branch2][C][N][C][Ring1][=N],C1C(NC(=O)CC#N)=CC=C1OC=C(Cl)C=CC(F)=CCNC,CNCC=C(F)C=CC(Cl)=COC1=CC=C(NC(=O)CC#N)C1,True,True,0.25,4.0,74.15,2.9135800000000005,594.4397934833856,23.0,52.0,9.0,6.0,2.242441754502277
286,286,[C][C][=C][C][C][Branch2][Ring1][=C][C][=C][Branch1][C][N][C][=C][Branch1][C][C][C][=Branch1][C][=O][N][Ring1][=Branch2][C][=C][C][=Branch1][C][=O][N][C][=C][C][Branch1][C][Cl][=C][C][=C][Ring1][#Branch1][O][C][Ring2][Ring1][C],CC=CCC(C1=C(N)C=C(C2)C(=O)N1C=CC(=O)NC3=CCCl)=CC=C3OC2,CC=CCC1=CC=C2OCCc3cc(N)c1n(c3=O)C=CC(=O)NC2=CCCl,True,True,0.23809523809523808,5.0,86.35000000000001,2.959900000000002,964.0260641239943,28.0,48.0,8.0,5.0,1.9657923087569222
287,287,[O][=S][=Branch1][C][=O][N][C][C][=C][Branch1][=Branch2][C][C][=C][C][=N][C][Branch1][C][N][Branch2][Ring1][C][=C][C][=C][Ring1][Branch1][C][N][Branch1][P][C][C][=N][C][=C][C][C][Ring1][Ring1][C][O][C][C][Ring1][O][C][=C][C][=Ring2][Ring1][Branch1],O=S(=O)NCC#CCC=CC=NCN,NCN=CC=CCC#CCN[SH](=O)=O,True,True,0.375,4.0,84.55,-0.9608999999999999,292.66534937116757,14.0,53.0,8.0,7.0,2.0559288479251867
288,288,[C][O][C][N][C][C@@H1][C][S][C][=C][C][=C][N][=C][Branch1][#Branch1][C][C][O][C][C][Ring1][=Branch2][C][=C][C][Branch1][N][C][=N][Ring1][=Branch1][C][C@H1][Branch1][#Branch1][C][=Branch1][C][=O][O][C][=C][Ring1][Branch1][C][C][O][Ring1][P][C][C][=C][Ring2][Ring1][O][Ring2][Ring1],COCNC[C@@H1]CSC=CC1=CN=C(CCOCC12)C=CC(C=N2)=O,COCNC[CH]CSC=CC1=CN=C2C=CC(=O)C=NC1COCC2,True,True,0.4444444444444444,7.0,72.28,1.9545899999999998,550.5873848810925,25.0,58.0,9.0,8.0,2.224526255737064
289,289,[C][=C][Branch1][Branch2][C][=Branch1][C][=O][O][C][=C][C][=C][Branch1][C][O][C][=C][Ring1][=Branch2][=C][C][=N][C][=C][Ring1][Branch1][C][=C][Ring1][=Branch1][Cl][N][=C][C][Branch1][C][O][=C][C][Ring2][Ring1][C][=Ring1][Branch2],C=C(C(=O)OC=C)C=C(O)C=CC1C2=NC=C1C=C2Cl,C=COC(=O)C(=C)C=C(O)C=CC1C2=CN=C1C(Cl)=C2,True,True,0.06666666666666667,4.0,58.89,3.3184000000000013,612.4237512704517,20.0,45.0,9.0,6.0,2.164871283373812
290,290,[C][#C][C][=C][C][Branch2][Ring1][#Branch1][N][Branch1][C][C][C][=N][C][=C][Branch1][C][Cl][C][=C][Branch1][C][F][N][=C][Ring1][Branch2][Cl][=C][Ring2][Ring1][Ring1][O][C][=C][N][Branch1][C][F][C][=C][C][=C][Ring2][Ring1][=Branch2],C1#CC2=CC1(N(C)C=NC3=C(Cl)C=C(F)N=C3Cl)OC=CN(F)C=CC=C2,CN(C=Nc1c(Cl)cc(F)nc1Cl)C12C#CC(=C1)C=CC=CN(F)C=CO2,True,True,0.1111111111111111,4.0,40.96,4.516600000000002,897.5154890940705,27.0,47.0,8.0,7.0,2.2327919364933297
291,291,[C][C][C][C][=Branch1][N][=N][C][Branch1][C][C][=C][Ring1][O][C][#C][C][=C][Branch1][C][F][C][=C][Branch1][C][Cl][C][=C][Ring1][#C][C][=N][C][=C][Ring1][#Branch1][C],C1CCC(=NC(C)=C1C#CC)C(F)C=C(Cl)C=CC=NC=CC,CC#CC1=C(C)N=C(C(F)C=C(Cl)C=CC=NC=CC)CCC1,True,True,0.3684210526315789,2.0,24.72,5.530000000000006,618.6847991082902,23.0,37.0,5.0,3.0,1.9413808431238073
292,292,[C][=C][Branch1][C][C][C][C][C][Ring1][Ring2][C][Branch1][=Branch2][C][=C][N][C][=Branch1][C][=O][N][C][=C][Ring1][#Branch2][S][C][C][=C][C][=C][Ring1][=Branch1][C][=N][Ring2][Ring1][C][=C][Ring1][=Branch1],C=C(C1)CCC12C(C=CNC(=O)N)C=C2S3CC=CC=C3C=N,C=C1CCC2(C1)C([SH]1CC=CC=C1C=N)=CC2C=CNC(N)=O,True,True,0.3333333333333333,2.0,78.97,3.513070000000001,649.525795434798,23.0,41.0,7.0,7.0,1.9912821671252998
293,293,[C][=C][C][=C][Branch2][Ring1][C][C][O][N][C][=C][C][Branch1][Ring1][C][=O][=C][C][=C][Branch1][C][=C][Ring1][Branch2][C][C][=C][Ring1][=Branch2][C][=C][C][=C][C][=Branch1][C][=O][O][=C][Ring1][#Branch2][C][Branch1][C][F][=C][Ring1][N],C=CC=C(CONC1=CC(C2=O)=CC=C1C)CC3=C2C=CC=CC(=O)OC3C(F)=C,C=CC=C1CONc2cc(ccc2C)C(=O)C2=C(C1)C(C(=C)F)OC(=O)C=CC=C2,True,True,0.16666666666666666,5.0,64.63,4.854920000000004,1000.4739501740105,30.0,49.0,8.0,6.0,1.9707377271802193
294,294,[N][=C][N][=C][C][Branch1][N][C][=C][C][=N][C][Branch1][Ring2][C][=C][Ring1][=Branch1][F][Branch1][Ring1][C][#N][=C][N][=C][Branch1][#Branch2][O][C][C][=C][Ring1][#Branch1][C][#N][C][=C][C][Branch1][C][F][=N][Ring1][S][C][Ring2][Ring1][=Branch1],N=CN=CC(C=C1C=NCC=C1)F,N=CN=CC(F)C=C1C=CCN=C1,True,True,0.2222222222222222,2.0,48.57,1.56937,260.4134357365111,13.0,49.0,9.0,7.0,2.288740658215552
295,295,[C][=Branch1][C][=O][C][C][C][C][N][C][=C][C][=C][C][=C][C][=C][C][Branch1][P][C][=C][N][C][C@][Ring1][#Branch1][C][Branch1][C][O][C][=C][Ring1][#Branch2][C][Cl][=C],C(=O)CCCCNC=CC=CC=CC=C1C2(C=CNC[C@]1C(O)C=C2C)Cl,CC1=CC(O)[C]2CNC=CC1(Cl)C2=CC=CC=CC=CNCCCCC=O,True,True,0.36363636363636365,4.0,61.36,3.487490000000002,649.525795434798,27.0,38.0,5.0,2.0,1.9021945551026351
296,296,[C][O][C][=Branch1][C][=O][C@@H1][C][C][=C][Branch2][Ring1][#Branch1][N][C][=Branch1][C][=O][C][C][=C][Ring1][=Branch1][C][Branch1][C][F][S][C][=Branch1][C][=O][C][C][=C][C][Ring1][O][Branch1][C][F][C][=C][Ring1][Ring2][Ring1][=Branch1][C],COC(=O)[C@@H1]CC=C(N1C(=O)CC2=C1C(F)SC(=O)CC3=C)C2(F)C=C3,C=C1C=CC2(F)C(=CC[CH]C(=O)OC)N3C(=O)CC2=C3C(F)SC(=O)C1,True,True,0.3333333333333333,5.0,63.68,2.9174900000000017,763.8600237553158,26.0,48.0,9.0,6.0,2.0995631541923303
297,297,[C][=C][C][N][C][=C][Ring1][Branch1][C][=N][N][C][Branch1][O][C][C][=Branch1][C][=O][C][C@@][C][C][=C][C][NH1][C][=C][C][=N][Ring1][=Branch1][O][C][=C][Ring2][Ring1][C][Branch1][C][F][=C][C][=C][Ring1][#Branch2],C=C1CNC=C1C=NNC(CC(=O)C[C@@]CC=C)C2[NH1]C=CC=N2,C=CC[C]CC(=O)CC(NN=CC1=CNCC1=C)C1N=CC=CN1,True,True,0.3333333333333333,6.0,77.88,1.49419,564.8457306866737,24.0,46.0,6.0,5.0,2.0887662999568857
298,298,[C][C][=C][C][C][N][C][=C][C][C][N][Ring1][Branch1][NH1][C][C][Ring1][=Branch2][=S][C][=C][C][C][Branch1][C][C][=N][C][Branch1][C][F][S][Ring2][Ring1][C][Ring1][#Branch2],CC=CCCN1C2=CCCN2[NH1]CC1=S3C=CCC(C)=NC(F)S3,CC=CCCN1C2=CCCN2NCC1=S1C=CCC(C)=NC(F)S1,True,True,0.5294117647058824,4.0,30.869999999999997,3.998300000000003,593.5278502336548,24.0,37.0,5.0,5.0,1.9436808211154741
299,299,[N][C@@][Branch1][C][Cl][Branch1][P][O][C][C][=C][C@@H1][Branch2][Ring1][=N][C][C][=C][C][Branch1][O][C][=C][C][=C][Branch1][C][F][C][=C][Ring1][#Branch2][N][=C][C][=C][Ring1][=C][C@@H1][Branch1][C][C][C@@][Ring2][Ring1][Branch1][C@H1][Branch1][C][O][C],N=[C@@](Cl)OCC=C[C@@H1]CC1=CC(C=CC=C(F)C=C1)N=CC=C[C@@H1](C)[C@@],[C][C@H](C)C=CC=NC1C=CC=C(F)C=CC(C[CH]C=CCOC(=N)Cl)=C1,True,True,0.23809523809523808,3.0,45.44,5.452750000000004,626.9494616147806,26.0,51.0,9.0,5.0,2.2871677153281964
300,300,[C][C][=C][Branch1][S][C][Branch1][C][C][N][C][=C][Ring1][=Branch1][=N][C][C][=C][C][=C][Ring1][=Branch1][C][=C][N][C][Branch2][Ring1][Branch1][C][N][=N+1][Ring1][Ring1][C][#N][=C][N][C][Branch1][C][C][=C][Ring2][Ring1][C][Branch1][C][C][=O],CC=C1C(C)NC=C1NCC=CC=C,C=CC=CCNC1=CNC(C)C1=CC,True,True,0.3333333333333333,2.0,24.06,2.0976,276.41343573651113,14.0,50.0,8.0,7.0,2.0061244088143892
301,301,[C][=C][C][C][=C][Branch2][Ring1][#C][N][C][C][N][C][C][C][Ring1][=Branch1][C][=O][C][=C][Branch1][Ring1][O][C][Cl][S][C][Branch1][C][F][=C][Ring1][N][S][=Branch1][C][=O][=O][C][=C][C][=C][C][Branch1][C][F][=C][Ring2][Ring1][=Branch2][C],C1=CCC=C(NC2CNCCC2C=O)OC=CC=CC(F)=C1C,CC1=C(F)C=CC=COC(NC2CNCCC2C=O)=CCC=C1,True,True,0.3888888888888889,4.0,50.36,2.8843000000000014,536.3856189774723,23.0,52.0,7.0,6.0,2.188564970675798
302,302,[C][C@@][C][C][O][C@@H1][C][=C][C][=N][C][Branch2][Ring2][C][=C][C][=C][C][Branch1][C][Cl][=N][Ring1][#Branch1][O][C][Branch1][C][C][Ring1][N][=N][Ring1][#C][C][=C][Branch1][Branch2][N][C@@H1][C][C][=Branch1][C][=O][C][=Ring2][Ring1][Ring1][Cl][C][=C][Ring2][Ring1][=Branch2],C[C@@]CCO[C@@H1]C=CC=NC1(CC=CC(Cl)=N1)Cl,C[C]CCO[CH]C=CC=NC1(Cl)CC=CC(Cl)=N1,True,True,0.38461538461538464,3.0,33.95,3.7728800000000033,341.0498111861476,18.0,55.0,8.0,9.0,2.3773054237701223
303,303,[C][C][O][C][C][=Branch1][C][=O][N][C][=C][Branch2][Ring1][C][O][C][N][C][=Branch1][C][=O][NH1][C][=C][C][Branch1][C][C][=C][C][Branch1][C][F][=C][C][=C][Ring1][=Branch1][O][C][=Ring1][=N][C][=C][Ring2][Ring1][#Branch2],CCOC1C(=O)NC=C(OCNC(=O)[NH1]C=CC(C)=C2CF)CC=C2OCC=C1,CCOC1C=CCOC2=CCC(=CNC1=O)OCNC(=O)NC=CC(C)=C2CF,True,True,0.4,5.0,97.92,2.2961,717.1372703609898,29.0,47.0,7.0,5.0,2.1322477910525404
304,304,[C][C][O][C][=Branch1][C][=O][C@@H1][Branch1][#Branch2][C][C][N][C][C][O][S][C][=N][C][=C][C][=C][Ring1][Branch1][C][C][=C][Branch1][C][F][C][Branch1][C][C][=Branch1][C][=O][N][Ring1][Branch2][C][C][Ring2][Ring1][Ring2][C][Branch1][C][C][=O],CCOC(=O)[C@@H1](CCNC1COSC=N2)C=CC=C2C3C=C(F)C(C)(O)N3CC1C(C)=O,CCOC(=O)[C@@H]1C=CC=C2N=CSOCC(NCC1)C(C(C)=O)CN1C2C=C(F)C1(C)O,True,True,0.5909090909090909,9.0,100.46000000000001,2.1257,795.8949464100461,32.0,51.0,9.0,5.0,2.057389464664846
305,305,[C][C][=Branch1][C][=O][C][Branch2][Ring1][C][C@@][Branch1][C][N][C][=Branch1][C][=O][C][C@H1][Ring1][#Branch2][C][C][C][Ring1][=Branch1][Branch1][C][O][C][=C][C][Branch1][C][C][=C][Ring1][=Branch1][C][=N][Ring2][Ring1][=Branch2],C12C(=O)C([C@@](N)C(=O)C[C@H1]1CCC)(O3)C=CC(C)=C3C=N2,CCC[C@@H]1CC(=O)[C](N)C23C=CC(C)=C(C=NC1C2=O)O3,True,True,0.5,5.0,81.75,1.4874899999999995,568.8457306866737,21.0,43.0,10.0,6.0,2.0940493194836756
306,306,[C][C][O][C][=Branch1][C][=O][C][Branch1][C][F][C@H1][Branch1][Ring2][O][C][=C][S][N][=C][Branch2][Ring1][=Branch1][C][C@@][Branch1][C][C][=C][C][=C][Branch1][=Branch2][C][=C][Branch1][C][I][F][C][=C][Ring1][#Branch1][C][O][C][=C][C][=C][Ring2][Ring1][N],CC1OC(=O)C(F)[C@H1](OC=C)SN=C(C[C@@](C)=CC=CC=C(I)F)OC=CC=C1,C=CO[C@@H]1SN=C(CC(C)=CC=CC=C(F)I)OC=CC=CC(C)OC(=O)C1F,True,True,0.3,6.0,57.120000000000005,6.027700000000005,698.3203424879725,29.0,52.0,10.0,5.0,2.316932181638099
307,307,[N][C][=C][Branch1][C][F][C][=C][Ring1][Branch1][C][N][C][=C][Branch1][C][O][C][P][=Branch1][C][=O][Ring1][Branch2][O][C][=C][C][=C][Ring1][=Branch1][C][=C][Branch1][C][F][C],NC1=C(F)C=C1CNC=C(O)CP(=O)OC=CC=CC=C(F)C,CC(F)=CC=CC=CO[PH](=O)CC(O)=CNCC1=CC(F)=C1N,True,True,0.2,5.0,84.58,3.489700000000002,593.9495684877126,23.0,37.0,7.0,3.0,2.030347906770393
308,308,[O][=C][N][=C][Branch1][C][F][N][Branch2][Ring1][#Branch2][S][Branch1][C][Cl][C][=C][N][=O][C][=Ring1][=Branch2][C][N][=C][Ring1][#C][C][=C][C][=C][Branch1][O][C][=N][C][=C][C][Branch1][C][F][=C][Ring1][S][Cl][C][=C][Ring1][O],O=CN=C(F)N(S(Cl)C=CN=O)CC(F)=CCl,O=CN=C(F)N(CC(F)=CCl)[SH](Cl)C=CN=O,True,True,0.14285714285714285,3.0,62.1,3.127600000000001,325.94747320502313,17.0,49.0,7.0,5.0,2.3880620679823688
309,309,[C][C][O][C][=Branch1][C][=O][C][Branch1][C][F][C][C][O][C][=C][Branch1][Branch2][C][=C][Branch1][C][F][C][=C][C][Ring1][=N][Branch1][C][Cl][C][C][=C][Ring1][=Branch1][C][O],CCOC(=O)C1(F)CCOC=C(C=C(F)C=C2)C1(Cl)CC=C2CO,CCOC(=O)C1(F)CCOC=C2C=C(F)C=CC(CO)=CCC21Cl,True,True,0.47058823529411764,4.0,55.760000000000005,3.2716000000000025,595.5278502336548,24.0,38.0,7.0,2.0,1.8820676942716807
310,310,[C][C][O][S@@][=Branch1][C][=O][C][C@@H1][C][C][C][=C][C][Branch1][Ring1][O][C][=N][N][C][=Branch1][C][=O][O][C][C][C][=C][Ring1][Branch2][=C][C][Branch1][#Branch2][C][=C][C][=C][Ring1][=Branch1][C][S][Ring1][=Branch2][C][=Branch1][C][=O][C][=C][Ring2][Ring1][O],CCO[S@@](=O)C[C@@H1]CC1C=CC(OC)=NN2C(=O)OCCC=C2C3C(C=CC=C3CS)C(=O)C=C1,CCO[S@@](=O)C[CH]CC1C=CC(=O)C2C=CC=C(CS)C2C2=CCCOC(=O)N2N=C(OC)C=C1,True,True,0.44,8.0,94.5,3.936790000000003,953.9973582119825,35.0,54.0,9.0,6.0,2.1648136079380884
311,311,[Cl][C][=C][C][C][Branch1][=C][O][C][=C][C][=C][C][N][Branch1][#Branch1][C][=Branch1][C][=O][/C][=C][\Cl][=C][Branch1][C][F][C][Ring1][=N][C@@H1][Ring1][#C][N][Ring2][Ring1][Branch1][O][C][C][=Branch1][C][=O][C][Branch1][C][F][Branch1][C][F][F][C][C][Ring1][=C],ClC=CCC(OC=CC=CCNC(=O)/C=C)\Cl,C=CC(=O)NCC=CC=COC(Cl)CC=CCl,True,True,0.25,2.0,38.33,3.082600000000001,289.16017124398627,17.0,55.0,9.0,5.0,2.3158031518811044
312,312,[F][C][=C][C][Branch1][=C][N][C@@H1][C][C][=C][N][Ring1][Branch1][C][C@@][Branch1][C][F][Branch2][Ring1][Ring2][N][C][C][=C][Ring1][=Branch1][C][C][=Branch1][C][=O][N][Ring1][S][C][Branch1][C][F][=C][C][C][Ring1][#Branch1][=O],FC=CC(N[C@@H1]1CC=CN1C[C@@]2F)(NCC=C2CC(=O)NC(F)=C)CC=O,C=C(F)NC(=O)CC1=CCNC(C=CF)(CC=O)N[C@@H]2CC=CN2C[C]1F,True,True,0.3888888888888889,5.0,73.47,1.8680899999999998,626.4237512704516,27.0,46.0,8.0,6.0,2.222686774356978
313,313,[C][C][=Branch1][C][=O][C][C][=C][C][=C][C][Branch1][C][N][C][C][Branch1][C][C][Branch1][=Branch2][C][=C][C][=C][Branch1][C][O][C][=C][Ring1][#Branch1][C][=Branch1][C][=O][=C][C][=C][Ring1][#C][C][=C][Ring1][Branch1],CC(=O)CC=CC=CC(N)C1C(C)(C2=CC=C(O)C)C2C(=O)C3C=C1C=C3,CC(=O)CC=CC=CC(N)C1C2=CC(C=C2)C(=O)C2C(=CC=C(C)O)C21C,True,True,0.391304347826087,4.0,80.39000000000001,3.740800000000002,816.0996223722955,27.0,45.0,9.0,3.0,1.7918670907718057
314,314,[C][N][S][=Branch1][C][=O][C][Branch1][C][C][C][Branch1][C][C][=C][O][C][C][=Branch1][C][=O][C][Branch2][Ring1][Ring2][C][=C][C][=C][C][Branch1][C][C][Branch1][C][C][C][=Branch1][C][=O][C][=C][C][Ring1][=N][=C][C][C][=C][Ring2][Ring1][N][Ring1][=N],CNS1(=O)C(C)C(C)=COCC(=O)C(C=CC=C2C(C)(C)C(=O)C=CC)=CCC=C12,CC=CC(=O)C(C)(C)C1=CC=CC2=CCC=C1[SH](=O)(NC)C(C)C(C)=COCC2=O,True,True,0.4166666666666667,4.0,72.47,3.8971000000000027,915.0851272670144,30.0,54.0,8.0,6.0,1.8952180439457411
315,315,[C][C][N][Branch1][#Branch2][C][=C][C][C][=C][C][Branch1][C][N][=C][C][=Branch1][C][=O][N][C@H1][Ring1][=Branch2][C@@H1][Branch1][=N][O][C][=C][C][Branch1][Ring1][C][F][=C][Ring1][Branch2][N][C][=Branch1][C][=O][C@@][Ring2][Ring1][#Branch1][C][C][O],CCN(C=C1CC2=CCN)CC(=O)N[C@H1]2[C@@H1](OC=CC(CF)=CN)C(=O)[C@@]1CCO,CCN1C=C2CC(=CCN)[C@@H](NC(=O)C1)[C@@H](OC=CC(=CN)CF)C(=O)[C]2CCO,True,True,0.47619047619047616,7.0,130.91,0.2163900000000027,708.3203424879724,30.0,49.0,10.0,5.0,2.39788102189011
316,316,[C][S][C][C][N][C][C][=C][Branch1][C][C][C][=N][C][Branch2][Ring1][N][C][=C][Ring1][=Branch1][Branch1][C][O][C][C][=N][C][N][Branch1][Ring2][C][C][F][C][=C][Ring1][=Branch2],CSCCNCC=C(C1)C=NCC=C1COCC2=NCN(CCF)C=C2,CSCCNCC=C1C=NCC=C(COCC2=NCN(CCF)C=C2)C1,True,True,0.5789473684210527,6.0,49.220000000000006,2.480200000000001,538.3856189774724,26.0,38.0,6.0,4.0,1.9866843525134152
317,317,[C][C][=C][Branch2][Ring2][=Branch1][N][C][=C][C][Branch1][C][O][=C][C][=N][Ring1][Branch2][C][C][=Branch2][Ring1][N][=C][C][Branch1][C][N][C][=C][Branch1][C][O][C][=C][Ring1][Branch2][NH1][C][C][Branch1][C][F][=C][C][Branch1][C][F][=C][Ring1][#Branch2][C][C][Ring2][Ring1][N],C1C=C(N2C=C3C(O)=CC=N2)CC(F)=C3CC1,OC1=CC=NN2C=C1C1=C(F)CC2=CCCC1,True,True,0.3076923076923077,3.0,35.83,3.3087000000000018,492.1313520576979,17.0,56.0,11.0,7.0,2.138843577829737
318,318,[N][=C][C][C][C@@H1][Branch2][Ring1][C][O][C][C][=N][C][=C][Ring1][=Branch1][C][C][=C][C][Branch1][#Branch1][C][C][C@][Ring1][O][C][N][Ring1][Branch1][C][C@H1][Branch1][#Branch2][C][=N][C][=C][C][=C][C][=C][Ring1][=Branch1][N][C][Ring1][#C][C][C][Ring1][P][Ring2][Ring1][=C],N=CCC[C@@H1](OCC1=NC=CCC=CCC2C[C@]13C)N2C[C@H1](C=NC4=CC=CC=C4)NC3CC,CCC1N[C@@H](C=Nc2ccccc2)CN2C3CC=CCC=CN=C(CO[C@@H]2CCC=N)[C@@]1(C)C3,True,True,0.5357142857142857,6.0,73.07,5.297070000000005,897.2258178478946,34.0,56.0,8.0,9.0,2.223171232462398
319,319,[C][C][Branch1][C][O][C][C@H1][C][N][C][=C][Branch1][C][I][C][C][=C][Ring1][Branch2][O][C][=C][C][=C][Ring1][=Branch1][C][=C][Branch1][C][C][C][=C][C][=C][Ring2][Ring1][Ring2][C][=Branch1][C][=O][N][C][=C][Ring1][#Branch2],CC(O)C[C@H1]C12NC=C(I)CC=C1OC=CC=CC=C(C3)C=CC=C2C(=O)NC=C3,CC(O)C[CH]C12NC=C(I)CC=C1OC=CC=CC=C1C=CC=C2C(=O)NC=CC1,True,True,0.25,4.0,70.58999999999999,4.396690000000003,872.9990981130848,30.0,47.0,7.0,6.0,1.9998057997406007
320,320,[C][#C][C][C][=C][C][Branch1][C][Cl][C][=C][C][=Branch1][C][=O][C][O][C][C][Branch1][Ring1][O][C][Branch2][Ring1][=Branch2][C][=Branch1][C][=O][C@H1][C@@H1][C][O][C][Ring1][Branch1][C][Branch1][C][C][Branch1][C][S@@][=N][C][=C][Ring2][Ring1][Ring2],C#CCC=CC(Cl)C=CC(=O)COCC(OC)C(=O)[C@H1]1[C@@H1]COC1C(C)([S@@])NC=C,C#CCC=CC(Cl)C=CC(=O)COCC(OC)C(=O)[C@H]1[CH]COC1C(C)([S])NC=C,True,True,0.5,6.0,73.86,2.765390000000001,648.0160204304711,30.0,50.0,9.0,6.0,2.1464651051439407
321,321,[C][C][S][C][=C][Branch2][Ring1][#C][C][C][Branch2][Ring1][Branch1][/C][=C][\C][=Branch1][C][=O][N][N][=C][C][=Branch1][C][=O][C][=C][C][Branch1][C][Cl][=C][=O][C][Branch1][C][C][=N][Ring1][=C][=C][Ring2][Ring1][#Branch1][O][C][C][O],CC1SC=C(CC(/C=C\C(=O)NN=CC(=O)C=CC(Cl)=C)=O)NC1OCCO,C=C(Cl)C=CC(=O)C=NNC(=O)/C=C\C(=O)CC1=CSC(C)C(OCCO)N1,True,True,0.3333333333333333,8.0,117.09,1.3828999999999998,674.8268714730223,28.0,49.0,8.0,5.0,2.3476403140250865
322,322,[C][O][N][=C][C][=C][Branch1][Branch1][/C][C][O][C][C][=C][Branch1][Ring2][C][=N+1][C][C][Ring1][=Branch2][O][C][=C][C][=Branch1][C][=O][N],CON=CC=C(/CC1OC)C=C(C=[N+1]C)C1OC=CC(=O)N,C[N+]=CC1=CC(=CC=NOC)CC(OC)C1OC=CC(N)=O,True,True,0.4,6.0,97.24,0.31070000000000075,494.13135205769794,22.0,30.0,5.0,2.0,2.0711975970491485
323,323,[C][N][Branch1][C][N][Branch2][Ring1][Ring1][C][=N][C][=C][C][=C][Branch1][C][Cl][C][=C][O][C][Branch1][Ring1][O][=N][C][=C][C][=C][Branch1][C][Cl][C][=C][Ring1][#Branch2][Ring1][=C][C][=N][Ring2][Ring1][Branch1],C=NN,C=NN,True,True,0.0,2.0,38.379999999999995,-0.43929999999999997,7.5097750043269365,3.0,43.0,7.0,7.0,2.05845176645426
324,324,[C][C][Branch1][C][Br][C][N][C][=C][C][=C][Ring1][#Branch1][C][O][C][=Branch1][C][=O][C][Branch1][N][C][=N][C][=C][C][=C][Ring1][=Branch1][C][#N][=C][C][=Branch1][C][=O][C][Ring2][Ring1][C][Branch1][C][C][Branch1][C][C][C],CC(Br)CNC=CC1=CCOC(=O)C(C2=NC=CC=C2C#N)C(=O)C1(C)CCC,CCCC1(C)C(=O)C(c2ncccc2C#N)C(=O)OCC=C1C=CNCC(C)Br,True,True,0.45454545454545453,6.0,92.07999999999998,3.7822800000000028,823.8394382059637,29.0,48.0,8.0,4.0,1.890513585339788
325,325,[N][#C][C][N][C][=C][C][=C][C][C][Ring1][=Branch1][C][C@@H1][C][C@@][Branch1][C][F][C][Ring1][Branch2][C][=C][Branch1][C][F][C][O][Ring1][=Branch1][C@H1][C@@H1][Ring1][=N][C][=C][C][Ring1][Branch2][C][Ring1][P],N#CCNC1=CC=CC2C1C[C@@H1]C[C@@](F)C23C=C(F)CO3,N#CCNC1=CC=CC2C1C[CH]C[C](F)C21C=C(F)CO1,True,True,0.4375,3.0,45.05,2.9076600000000017,524.7317897189637,21.0,43.0,6.0,6.0,2.2441244542261116
326,326,[C][O][C][=C][C][C@H1][Branch1][C][Cl][C][=C][Branch1][=Branch1][C][N][C][C][C][C@H1][Ring1][#C][C][=C][C][Branch1][C][C][N][=C][Ring1][#Branch2][C][C][Ring2][Ring1][Ring1][N][=Ring2][Ring1][=Branch1][C],C1OC2=CC3[C@H1](Cl)C=C(CNC4CC)[C@H1]1C=CC(C)N=C4CC3N2,CCC1NCC2=C[C@@H](Cl)C3C=C4NC3CC1=NC(C)C=C[C@H]2CO4,True,True,0.631578947368421,4.0,45.65,2.7672000000000008,599.5278502336549,24.0,41.0,6.0,7.0,2.071668432149796
327,327,[C][#C][C][=Branch1][C][=S][Branch1][Ring1][/C][=O][O][C][C][=N][C][=C][Branch1][C][O][C][C][=C][Ring1][#Branch1][C][F][Cl],C#CC=S,C#CC=S,True,True,0.0,1.0,0.0,0.6193,45.548875021634686,4.0,27.0,4.0,2.0,2.237650629914699
328,328,[C][C][Branch1][C][C][Branch1][C][O][C][=Branch1][C][=O][C][Branch1][=C][C][=N][C][C][Branch1][N][C][=C][C][Branch1][C][O][C][Branch1][C][Cl][=C][Ring1][C][C][=C][Ring1][=Branch2][C][=C][Ring2][Ring1][=Branch1][Br],C1C(C)(O)C(=O)C(C=NCCC2=CC(O)C(Cl)=C)C=C2C=C1Br,C=C(Cl)C(O)C=C1CCN=CC2C=C1C=C(Br)CC(C)(O)C2=O,True,True,0.4117647058823529,4.0,69.89,3.0459000000000014,616.4237512704516,23.0,44.0,9.0,4.0,1.947587075510413
329,329,[N][C][Branch1][C][C][C][C][=C][C][Branch1][Branch2][C][=N][O][C][=C][C][C@][Ring1][Branch1][Branch1][C][F][C][O][C][Branch1][#Branch1][C][C@@H1][O][=C][C][=Ring1][N][=O][O][C][=Branch1][C][=O][C][Ring1][O][C][=C][C][=C][Ring2][Ring1][C],NC(C1)CC=CC1(C=NOC=CC[C@])CF,[C]CC=CON=CC1(CF)C=CCC(N)C1,True,True,0.5,3.0,47.61,2.1138899999999996,269.76289771739914,16.0,51.0,8.0,5.0,2.1646758337863763
330,330,[C][C][C][=C][C][=Ring1][Branch1][C][C][N][Branch2][Ring1][C][C][=C][O][C][=Branch1][C][=O][C][=Branch1][C][=O][C][=C][Ring1][=Branch2][C][O][=C][Branch1][Ring1][O][C][C][Ring2][Ring1][=Branch1],C=1C2C=CC=1CCN(C3=COC(=O)C(=O)C=C3CO)C(OC)C2,COC1CC2C=CC(=C2)CCN1c1coc(=O)c(=O)cc1CO,True,True,0.4117647058823529,6.0,79.98,1.1773999999999998,741.2685577141972,23.0,39.0,7.0,6.0,2.001611982051594
331,331,[C][C][Branch1][C][F][C][Branch1][=Branch1][C][N][C][=Branch1][C][=O][C][=C][C][Branch1][C][Br][=C][C][Branch2][Ring1][=Branch1][=C][N][=C][NH1][C][C][Branch1][C][C][=C][Ring1][#Branch1][C][=C][C][Branch1][Ring1][O][C][=C][Ring1][O][N][C][Ring1][#Branch1],CC(F)C(CNC=O)C=CC(Br)=CC(CN=C[NH1]CC(C)=CC=C1C(OC)=C)NC1,C=C(OC)C1=CC=C(C)CNC=NCC(C=C(Br)C=CC(CNC=O)C(C)F)NC1,True,True,0.45454545454545453,5.0,74.75,3.1641000000000012,674.8268714730222,30.0,51.0,11.0,5.0,2.0686030204470907
332,332,[C][O][C][=N][C][Branch2][Ring2][Ring1][N][C][=C][O][C][=Branch1][C][=O][C@][Branch1][C][C][=C][C][=C][Branch1][C][C][C@@H1][Ring1][#Branch1][C@][C][C][C][Ring1][O][=C][C][Branch1][C][Cl][=C][Ring1][#Branch1][C][=Branch1][C][=O][C@H1][Branch1][C][C][C][C][Ring2][Ring1][=N],COC=NC(NC=COC(=O)[C@](C)=CC=C(C)[C@@H1][C@]C1CC=CC(Cl)=C1)C(=O)[C@H1](C)CC,CC[C@@H](C)C(=O)C(N=COC)NC=COC(=O)C(C)=CC=C(C)[CH][C]C1C=C(Cl)C=CC1,True,True,0.4,6.0,76.99,5.0833800000000045,774.8559515213417,32.0,56.0,9.0,7.0,2.2172071626025205
333,333,[O][=C][Branch1][#C][O][C][C][Branch1][C][F][=C][O][=N][Ring1][#Branch1][N][C][=C][S][C][=C][Branch1][=Branch1][C][C][Ring1][O][=O][N][=C][Ring1][=N][=N][C][Branch1][=Branch1][C][=Ring1][O][=C][C][=C][Ring2][Ring1][C][Ring1][Branch1],O=C(OCC(F)=C1ON2NC=C)S=3C=C(CC1=O)N=CNC(C=3CC)=C2,C=CNN1C=C2NC=NC3=CS(=C2CC)C(=O)OCC(F)=C(O1)C(=O)C3,True,True,0.25,8.0,92.26,2.3378000000000005,785.8949464100464,26.0,47.0,8.0,7.0,2.3563558289669757
334,334,[C][N][C][C][C][=C][C][=C][Branch2][Ring1][S][C][=C][Branch1][C][N][C][C][C][=Ring1][=Branch2][Ring1][#Branch2][C][Branch1][C][O][C][C][=Branch1][C][=O][F][=N][C][Branch1][C][C][=C][C][N][Ring1][=Branch2][Ring1][Branch1][O],CNCC1C2=C3C=C1C=C(N)CCC32,CNCC1C2=CC3=C1C3CCC(N)=C2,True,True,0.5,2.0,38.05,1.3248000000000002,365.4995490565424,14.0,46.0,9.0,5.0,2.118895776362026
335,335,[C][C@@H1][Branch1][=C][C][Branch1][=Branch2][C][O][C][=C][Branch1][C][Br][C][=C][C][O][C][C][C][=C][C][=C][C][C][=Branch1][C][=O][C][=C][Branch1][O][C][C][=Branch1][C][=O][C@][Ring1][Branch2][Branch1][C][N][C][=C][Ring2][Ring1][C],C[C@@H1](C(COC=C(Br)C)=CC)OC1CC=CC=CCC(=O)C=C(CC(=O)[C@]N)C=C1,CC=C(COC=C(C)Br)[C@H](C)OC1C=CC(CC(=O)[C]N)=CC(=O)CC=CC=CC1,True,True,0.375,5.0,78.62,4.8937900000000045,726.0,30.0,49.0,9.0,3.0,1.9926723032715743
336,336,[N][C][C][=C][N][=C][Branch2][Ring1][C][C][=N][C][=C][C][=C][N][C][C][Branch1][#Branch1][C][C][Branch1][C][C][=O][O][C][C][Ring1][#C][=C][Branch1][O][C][O][Ring1][S][=C][C][=Branch1][C][=O][N][Ring1][#Branch2],NCC=CN=C(C=NC=C1C=CNC2CCC(C)=O)OCC=C2CO1,CC(=O)CCC1NC=CC2=CN=CC(=NC=CCN)OCC=C1CO2,True,True,0.3888888888888889,7.0,98.30000000000001,1.5973999999999997,616.4237512704516,25.0,46.0,7.0,4.0,2.133347773741015
337,337,[C][C][=C][C][=C][Branch1][C][C][=C][C][Branch2][Ring1][=N][C][C][Branch1][C][C][C][=C][C][Branch1][Branch2][C][C][=C][C][=N][Ring1][=Branch1][C][C][=C][C][C][Ring1][=Branch1][C][=Branch1][C][=O][N][=Ring2][Ring1][C][=C][C][=C][Ring2][Ring1][O][C][=N][Ring2][Ring1][=C],CC=CC=C(C)CC(CC1(C)C=CC2(CC=CC=N2)CC=CCCC=O)N1,CC=CC=C(C)CC1CC(C)(C=CC2(CC=CCCC=O)CC=CC=N2)N1,True,True,0.5,3.0,41.46,5.270600000000004,643.525795434798,27.0,56.0,8.0,9.0,1.8921558110923316
338,338,[C][C][=C][C][Branch1][C][F][N][C][=Branch1][C][=O][O][C][=C][C][=C][C][=C][N][=C][C][Branch1][#Branch2][C][=C][C][=C][C][=C][Ring1][=Branch1][C][=C][S][Ring1][=Branch2][C][Branch1][C][Cl][O][C][C][Ring1][#Branch1],CC=CC(F)NC(=O)OC=CC=CC=CN=CC(C1=CC=CC=C1C)=C2SC(Cl)OCC2,CC=CC(F)NC(=O)OC=CC=CC=CN=CC(=C1CCOC(Cl)S1)c1ccccc1C,True,True,0.25,5.0,59.92,6.634320000000005,897.7209303457313,32.0,46.0,8.0,3.0,2.0340268388037632
339,339,[C][C][Branch1][C][F][Branch1][C][C][O][C][=C][C][=C][C][C][=C][O][C][=Branch1][C][=O][N][Branch1][C][C][C][=C][Branch1][C][F][S][Ring1][#Branch1][N][=C][C][=Branch1][C][=O][O][C][=N][C][=Ring1][N][=C][C][=C][Ring1][Branch1][C][=C][Ring2][Ring1][#Branch2],CC(F)(C)OC=CC=C1CC=COC(=O)N(C)C2=C(F)SN=CC(=O)OC=NC2CC=CC=C1,CN1C(=O)OC=CCC(=CC=COC(C)(C)F)C=CC=CCC2N=COC(=O)C=NSC(F)=C21,True,True,0.30434782608695654,8.0,89.79,5.448300000000006,940.4875832076555,34.0,55.0,9.0,5.0,2.1407134257929488
340,340,[C][C][C][Branch1][C][C][C][=Branch2][Ring1][C][=N][C][=C][C][Branch1][C][O][=C][N][Ring1][=Branch1][C][#C][C][O][C][N][=C][C][Branch1][=Branch1][C][=C][Ring1][=N][C][F][C][=C][Ring1][N],CCC(C)C(=NC1=CC(O2)=CN1C#CCOCN)CC(C=C2C)F,CCC(C)C1=Nc2cc(cn2C#CCOCN)OC(C)=CC(F)C1,True,True,0.5,5.0,61.769999999999996,3.3729000000000013,653.9458101793244,24.0,41.0,6.0,4.0,1.945095221070794
341,341,[C][C][C][O][C][C][=C][Branch1][=N][C][=C][Ring1][Branch2][=C][Branch1][=Branch1][C][O][C][Cl][C][=C][C][Branch1][C][C][=C][Ring1][#Branch1][C][C][NH1][C][=C][Ring1][#Branch1][C][N],CC1COCC=C(C=C1CCOCCl)CC(C2)=CCC[NH1]C=C2CN,CC1COCC=C(CC2=CCCNC=C(CN)C2)C=C1CCOCCl,True,True,0.6,4.0,56.510000000000005,3.6510000000000016,512.1564000692312,25.0,38.0,7.0,3.0,1.9408430327407735
342,342,[C][C][O][C][=C][Branch1][=Branch2][C][C][=C][C][=C][Ring1][Branch1][C][C][N][C][Branch1][C][Br][C][=C][Ring1][O][C][=C][N][Branch1][C][C][O][Ring1][Branch2][C],CCOC=C(C1C2=CC=C1C)CNC(Br)C=C2C=CN(C)O,CCOC=C1CNC(Br)C=C(C=CN(C)O)C2=CC=C(C)C12,True,True,0.4117647058823529,4.0,44.730000000000004,3.494600000000002,534.3856189774723,22.0,35.0,6.0,3.0,1.7784598295947918
343,343,[C][N][C][=C][C][=C][Branch1][P][C][=Branch1][C][=O][C][Branch1][C][Cl][=C][Branch1][C][C][N][Ring1][#Branch1][C][C][Ring1][S][C][C][Branch1][C][C][=C],C1NC=CC=C(C(=O)C(Cl)=C(C)NC)C1CC(C)=C,C=C(C)CC1CNC=CC=C1C(=O)C(Cl)=C(C)NC,True,True,0.4,3.0,41.13,2.8709000000000016,440.6587689043805,19.0,33.0,6.0,2.0,1.8454864515352065
344,344,[C][C][C][C][C][=C][C][Branch1][C][N][C][=C][C][Branch1][#C][C][=C][Branch1][C][F][C][Branch1][Ring1][O][C][=Branch1][C][=O][O][C][Branch1][C][C][=C][C][Branch1][C][Cl][C][C][=Ring1][Branch2][Ring2][Ring1][=Branch2],CC1CCC=CC(N)C=CC(C=C(F)C(OC)(O)O2)C(C)=CC(Cl)CC21,COC1(O)OC2CC(Cl)C=C(C)C(C=CC(N)C=CCCC2C)C=C1F,True,True,0.6,4.0,64.71000000000001,3.9607000000000028,572.8457306866738,26.0,45.0,9.0,4.0,1.9621448414529956
345,345,[C][C][C@@][Branch1][C][C][C][Branch2][Ring1][C][C][Branch1][Ring1][C][O][C][=Branch1][C][=O][C][N+1][=C][C][Branch1][C][O-1][=C][C][C][Ring1][O][C][=Branch1][C][=O][C][Ring2][Ring1][=Branch1][C][C][O],C1C[C@@](C)C(C(CO2)C(=O)C[N+1]=CC([O-1])=C)CC2C(=O)C1CCO,C=C([O-])C=[N+]CC(=O)C1COC2CC1[C](C)CCC(CCO)C2=O,True,True,0.6666666666666666,6.0,100.76,-0.18670999999999854,492.1676999572451,24.0,42.0,7.0,5.0,1.8776714698116506
346,346,[C][C][=Branch1][C][=O][C@H1][O][C][C][N][C][=C][C][=C][Branch1][C][F][C][C][=C][Branch1][=N][C][C@H1][Ring1][=Branch1][N][C][C][=Branch1][C][=O][N][C][C][C][Branch1][C][F][C][=C][C][Branch1][Branch2][O][C][Ring1][=N][=O][C][=C][Ring2][Ring1][N],CC(=O)[C@H1]OCCNC=CC=C(F)CC=C(C[C@H1]NC1C(=O)NC)CC(F)C=CCOC1=O,CNC(=O)C1N[CH]CC(=CCC(F)=CC=CNCCO[CH]C(C)=O)CC(F)C=CCOC1=O,True,True,0.43478260869565216,7.0,105.76000000000002,2.1242799999999997,721.1372703609898,33.0,54.0,8.0,4.0,2.089480963832698
347,347,[C][#C][C][=C][C][=C][Branch1][N][C][=C][C][=C][Ring1][#Branch1][N+1][=C][C][C][Branch1][=C][S][C][=Branch1][Ring1][=C][O][C][Branch1][=Branch2][O][C][C][Branch1][C][Cl][Cl][=C][C][Branch1][C][F][=C][Ring2][Ring1][Branch1][C][=C][C][=Ring2][Ring1][O],C#CC=C1C=C(C2=CC=C1[N+1]=CCCSC(=CO)COCC(Cl)Cl)C(F)=C2C=CC,C#CC=C1C=C2C(=CC=C1[N+]=CCCSC(=CO)COCC(Cl)Cl)C(C=CC)=C2F,True,True,0.2608695652173913,4.0,43.56,5.859200000000005,892.1752070390979,30.0,51.0,9.0,6.0,2.199175907768462
348,348,[C][C][NH1][C][=C][C][=Branch1][Ring2][=N][Ring1][=Branch1][C][=C][C][=Branch1][=Branch2][=C][C][=C][C][=N][C][=C][Ring1][N][C][=C][C][=N][Ring1][=Branch1][C][Branch1][C][S][C][=Branch1][C][=O][C][Ring1][=Branch2][=O],CC1[NH1]C=CC(=N1)C=CC(=CC=CC=NC2=C)C=CC=N2,C=C1N=CC=CC=C(C=CC2=NC(C)NC=C2)C=CC=N1,True,True,0.11764705882352941,4.0,49.11,3.1117000000000017,610.4237512704517,21.0,43.0,8.0,5.0,2.022298511830795
349,349,[C][O][C][=C][C][=Branch1][C][=O][O][C][=C][C][Branch2][Ring1][=N][C][=C][Branch1][Ring1][C][O][N][=C][Branch1][#Branch1][N][C][Cl][Br][C][C][Ring1][O][C][=C][Ring1][P][C][=C][Ring2][Ring1][#Branch1][C][F],COC=CC(=O)OC=CC(C=C(CO)N=CNCCl)F,COC=CC(=O)OC=CC(F)C=C(CO)N=CNCCl,True,True,0.3333333333333333,5.0,80.15,1.2319,363.49954905654243,20.0,44.0,6.0,6.0,2.2967212357366322
350,350,[C][C][Branch1][C][C][C][S][C][Branch1][C][F][=C][C][O][C][C][C@@H1][Ring1][Ring1][C][=Branch1][C][=O][C][=C][Branch1][C][O][C][Ring1][Branch2],CC(C)CSC(F)=CCOC1C2[C@@H1]1C(=O)C=C(O)C2,CC(C)CSC(F)=CCOC1C2CC(O)=CC(=O)[C@@H]21,True,True,0.6428571428571429,4.0,46.53,3.232400000000001,394.2613730712553,19.0,31.0,5.0,3.0,1.821567350588966
351,351,[C][C][=C][C][Branch1][C][N][=N][C][Branch1][C][C][=C][Branch1][C][C][C][Branch2][Ring1][=Branch1][C][=Branch1][C][=O][C][=C][Branch1][C][Cl][C][C][C][Ring1][#C][C][Branch1][C][Cl][=C][C][Ring1][N],CC=CC(N1)=NC(C)=C(C)CC(=O)C=C(Cl)CCC1C(Cl)=CC,CC=CC1=NC(C)=C(C)CC(=O)C=C(Cl)CCC(C(Cl)=CC)N1,True,True,0.4444444444444444,3.0,41.46,5.231400000000004,573.1595681836991,23.0,42.0,8.0,3.0,1.8100093224001808
352,352,[C][N][C][C][=Branch1][C][=O][N][=C][C][Branch1][=N][C][=C][C][=Branch1][C][=O][O][C][=C][Ring1][#Branch1][=C][C][=C][Branch1][C][Cl][C][=C][Ring1][=Branch1][=C][C][=N][Ring2][Ring1][Ring1][=Branch1],CNCC(=O)N=CC(C1=CC(=O)OC=C1C2)C=C(Cl)C=C2CC=N,CNCC(=O)N=CC1C=C(Cl)C=C(CC=N)Cc2coc(=O)cc21,True,True,0.29411764705882354,5.0,95.52000000000001,2.185069999999999,746.4881439371902,24.0,40.0,7.0,5.0,2.09884832851829
353,353,[C][N][C][=C][C][=C][C][Branch1][=N][C][C][=C][C][=C][C][=C][Ring1][S][Ring1][N][C][=N][Branch1][C][C][Ring1][O][=C][Ring1][Branch1],C1NC2=CC=CC(CC=CC=CC=C12)=NCC=C,C=CCN=C1C=CC=C2NCC2=CC=CC=CC1,True,True,0.1875,2.0,24.39,3.0992000000000015,476.16769995724513,18.0,30.0,3.0,4.0,1.7764971200330193
354,354,[C][N][Branch2][Ring2][N][C][=C][C][=C][C][=Branch1][C][=O][C][=C][N][Branch1][=Branch1][C][Ring1][N][=O][C][=C][C][=C][Branch1][=Branch1][C][Branch1][C][C][=O][=C][S][Ring1][=Branch1][C][=C][Branch1][Ring2][N][C][C][Ring1][Ring1][NH1][C][=C][Ring2][Ring1][#Branch2],C1N(C=CC=CC(=O)C=CN(C1=O)CC=C(C(C)=O)CS2C=C2NCC)C,CCNC1=C[SH]1CC(=CCN1C=CC(=O)C=CC=CN(C)CC1=O)C(C)=O,True,True,0.35,5.0,69.72,1.8517000000000001,717.1372703609898,27.0,52.0,10.0,8.0,2.128679110224043
355,355,[C][O][C][=C][C][=C][C][Branch1][C][O][=C][C][Ring1][=Branch1][=N][C][Branch2][Ring1][Ring2][C][=C][C][NH1][N][=C][C][Branch1][=Branch1][O][C][Branch1][C][C][=O][C][=Ring1][#Branch2][C][C][Ring1][=N],COC=CC1=CC(O)=CC1=NC(C=CC[NH1]N=CC(OCC)=O)=C,C=C(C=CCNN=CC(=O)OCC)N=C1C=C(O)C=C1C=COC,True,True,0.23529411764705882,7.0,92.51000000000002,2.1778000000000004,612.4237512704517,24.0,41.0,7.0,5.0,2.12653039747846
356,356,[C][C][O][C][=Branch1][C][=O][C][=C][C][Branch2][Ring2][C][N][Branch1][C][O][C][#C][C][=C][C][Branch1][C][O][=C][C][Ring1][#Branch1][=C][C][=C][Branch1][Ring1][C][#N][=N][C][=C][Ring1][Branch2][C][=C][C][=C][O][C][=C][Ring2][Ring1][Ring2][C][N][=C][Ring2][Ring1][P],CCOC(=O)C=CC(N(O)C#CC=C1C(O)=CC=C2C=C(C#N)NC=C2C=CC=CO)C=C1CN=C,C=NCC1=CC(C=CC(=O)OCC)N(O)C#CC=C1C(O)=CC=C1C=C(C#N)NC=C1C=CC=CO,True,True,0.14814814814814814,9.0,138.41,3.5841800000000026,1202.6086538734853,36.0,57.0,7.0,9.0,2.145744839055708
357,357,[C][=C][C][=C][N][=C][Branch2][Ring1][=Branch2][C][O][N][=N+1][=N-1][=C][N][C][F][C][=C][C][S][C][=C][C][=C][Branch2][Ring1][Ring1][O][C][=Ring1][#C][C][Branch1][#Branch2][C][C][C][=C][C][Branch1][C][O][C][=C][C][Ring1][#Branch1][C][F][C][=C][Ring2][Ring1][#C],C=CC=CN=C(CON=[N+1]=[N-1])C(CCC1=CC(O)C)=CC1CF,C=CC=CN=C(CON=[N+]=[N-])C1=CC(CF)C(=CC(C)O)CC1,True,True,0.4375,4.0,90.58000000000001,3.9821000000000026,542.5873848810925,23.0,56.0,7.0,7.0,2.254740400150121
358,358,[C][C][C][=Branch1][C][=O][C][Branch1][C][F][C][I][C][=N][C][=C][N][Ring1][#Branch2][C][O][C][C][=C][C][C][=N][Ring1][=C],CCC(=O)C(F)CI,CCC(=O)C(F)CI,True,True,0.8,1.0,17.07,1.7386,72.10749561002055,8.0,29.0,3.0,2.0,1.884012098853449
359,359,[C][O][C][C][C@][Branch1][C][N][C][O][C][=Branch1][N][=O][C@H1][Branch1][C][C][O][C][=Branch1][C][=O][N][C][=C][C@H1][Branch1][N][C][C][=C][C][Branch1][Ring2][O][C][=C][Ring1][Branch2][C][=C][Ring1][N][Ring1][P][=O][C][=C][Ring2][Ring1][N][O][C][C],COCC[C@](N1)COC(=O)C2=C[C@H1](CC=CCOC=C)C=C21,C=COCC=CC[C@@H]1C=C2N[C](CCOC)COC(=O)C2=C1,True,True,0.4117647058823529,5.0,56.790000000000006,2.24779,472.26677866967066,22.0,55.0,7.0,6.0,2.164890432828929
360,360,[C][C@@H1][C@H1][O][C][Branch1][C][C][=C][C][Branch2][Ring2][C][C][=C][C][Branch1][#Branch2][C][=Branch1][C][=O][O][C][C][C@H1][C][=C][C][Branch1][=Branch1][C][Ring1][=Branch1][C][C@@][Branch1][C][O][C][=C][Ring1][Branch2][Cl][C][=C][Ring2][Ring1][#Branch1][Ring1][=C][C][=N][Ring2][Ring1][O],C=1[C@@H1][C@H1]OC(C)=CC=1C=CC(C(=O)OCC2[C@H1]C)=C3C(C2C[C@@])(O)C=C3Cl,[C]CC1C([CH]C)COC(=O)C(C=CC2=C[CH][CH]OC(C)=C2)=C2C(Cl)=CC21O,True,True,0.3181818181818182,4.0,55.760000000000005,3.924660000000003,748.9078156936989,27.0,56.0,11.0,8.0,2.2545122408811094
361,361,[C][S][C][=C][Branch1][=Branch1][C][=C][Ring1][=Branch1][N][C][Branch2][Ring1][Ring2][C][Branch1][=C][C][C][=C][Branch1][C][C][C@][Ring1][Branch2][C][O][C][=C][Ring1][Branch1][=C][C][=Branch1][C][=O][N][C][C][Ring1][Ring1][Branch1][C][C][N][=N][Ring2][Ring1][N],C12SC=C(C3=C1N4)C(C3(CC=C(C)[C@]4COC=C)C)C(=O)N5CC5(C)N=N2,C=COC[C]1NC2=C3C4=CSC2N=NC2(C)CN2C(=O)C4C3(C)CC=C1C,True,True,0.5,6.0,66.06,3.4892900000000022,843.2640909696651,27.0,51.0,10.0,9.0,2.1240345091438284
362,362,[C][C][Branch1][Ring1][C][#N][C][=C][C][=C][Branch2][Ring2][=Branch1][C][=C][C][=C][C][=C][N][C][Branch1][C][C][=C][C][=C][Ring1][#Branch1][O][C][=C][Branch1][Ring1][C][O][C][=C][Ring1][#C][C][=C][Ring2][Ring1][C][=C][Ring2][Ring1][=Branch1],CC(C#N)C=CC=CC1=CC=C2C3=C4NC(C)=CC=C4OC=C(CO)C=C3C=C2C1,Cc1ccc2occ(CO)cc3c(c-2[nH]1)C1=CC=C(C=CC=CC(C)C#N)CC1=C3,True,True,0.19230769230769232,3.0,72.95,6.020200000000005,1169.0044118682872,30.0,49.0,7.0,9.0,1.9600591936340042
363,363,[C][N][C][=C][Branch2][Ring1][=C][C][O][C][=C][N][Branch1][=C][C][Branch1][=Branch2][C][=C][Ring1][#Branch1][C][=C][C][=C][Branch1][C][F][C][=Branch1][C][=O][N][Branch1][C][C][O][Ring1][N][C][=Branch1][C][=O][C][=C][Ring2][Ring1][Ring1][C][C][=C][Ring2][Ring1][#C][C],CNC=C(COC=CN(C(C1=CC=CC=C)F)C(=O)NC)O1,C=CC=CC=C1OC(=CNC)COC=CN(C(=O)NC)C1F,True,True,0.26666666666666666,4.0,62.83,2.1283000000000003,482.16769995724513,22.0,55.0,9.0,8.0,2.1326886225234647
364,364,[C][N][C@@H1][C][=Branch1][C][=O][C][O][C][C][Ring1][=Branch1][Branch1][C][Cl][C][=C][C][Branch1][C][Cl][=C][C][=N][O][Ring1][Branch2][C][Branch1][Ring1][C][C@H1][Branch1][C][Cl][C][=Branch1][C][=O][O][=N][Ring2][Ring1][Branch1],CN[C@@H1]C(=O)COCC(Cl)C1=CC(Cl)=CC=NO1,CN[CH]C(=O)COCC(Cl)C1=CC(Cl)=CC=NO1,True,True,0.36363636363636365,5.0,59.92,1.5832899999999996,352.23460010384656,18.0,45.0,9.0,5.0,2.206658484351226
365,365,[C][C][=Branch1][C][=O][=C][C][C][=C][C][Branch2][Ring1][N][C][=Branch1][C][=O][C][N][=N][C][=Branch1][C][=O][N][C][C][=C][Branch1][#Branch2][C][C][=N][O][C][Ring1][=Branch1][C][Branch1][C][C][O][Branch1][C][C][C][=C][C][Branch1][C][C][=C][Ring2][Ring1][=N],CC(=O)CCC1=CC(C(=O)CN=NC(=O)NCC=C2CC=NOC2CC)OCCC=CC(C)=C1,CCC1ON=CCC1=CCNC(=O)N=NCC(=O)C1C=C(CCC(C)=O)C=C(C)C=CCCO1,True,True,0.52,7.0,118.78000000000002,4.415400000000004,876.9990981130846,34.0,55.0,10.0,4.0,1.9313498779966196
366,366,[O][=C][N][C][C][=Branch1][C][=O][C][Branch1][N][C][C][C][C][=C][C][Branch1][C][C][=C][Ring1][#Branch1][Ring1][O],O=CNCC(=O)CCC1CC=CC(C)=C1,CC1=CC(CCC(=O)CNC=O)CC=C1,True,True,0.5,2.0,46.17,1.6040999999999996,278.41343573651113,15.0,25.0,4.0,2.0,1.810161332417562
367,367,[C][C][C][O][C][Branch1][C][F][C][=C][C][Branch1][C][N][=O][C][=C][C][NH1][C][=C][C][=N][O][C][=C][N][=C][C][Branch1][=Branch2][C][=N][C][=Ring1][=Branch1][Ring1][#Branch2][S][C][=Branch1][C][=O][C][=C][N][C][Ring1][Branch1][=O][C][=N][Ring1][=Branch2],CCCOC(F)C=CC(N)=O,CCCOC(F)C=CC(N)=O,True,True,0.5714285714285714,2.0,52.32,0.7501,130.97373660251156,11.0,54.0,9.0,4.0,2.182077824352853
368,368,[C][C][=C][C][=C][Branch1][Ring1][C][O][C][Branch1][=Branch2][N][C][=C][C][Branch1][C][I][=C][C][Branch1][=Branch1][C][C][=C][Ring1][=Branch1][C][=Ring1][O][C][=O][C][=Ring2][Ring1][C],CC=CC=C(CO)C(N1C=CC(I)=C)C(CC=C)C1C=O,C=CCC1C(C=O)N(C=CC(=C)I)C1C(=CC=CC)CO,True,True,0.35294117647058826,3.0,40.54,3.3876000000000017,458.42998244008226,21.0,37.0,7.0,5.0,1.981686950173216
369,369,[C][C][Branch2][Ring1][N][C][=C][C][C][Branch2][Ring1][Ring2][C][=N][C][=C][Branch1][C][Cl][N][C][Branch1][C][C][=O][C][=C][C][Branch1][#Branch2][C@@H1][Ring1][=N][C][=C][Ring2][Ring1][C][Cl][=C][Branch1][C][I][C][Branch1][C][F][Branch1][C][C][N][=C][Ring1][#Branch2],C12C(C=CCC1C=NC=C(Cl)NC(C)=O)C=C2Cl,CC(=O)NC(Cl)=CN=CC1CC=CC2C=C(Cl)C21,True,True,0.38461538461538464,2.0,41.46,3.1758000000000015,442.65876890438045,18.0,54.0,10.0,7.0,2.142868169979261
370,370,[C][#C][C][C][N][Branch2][Ring2][S][C][C][=C][C][Branch2][Ring1][#Branch2][N][Branch1][#Branch1][C][=Branch1][C][=O][C][O][N][Branch2][Ring1][=Branch2][C][Branch1][O][C][C][Branch1][C][F][Branch1][C][F][Cl][C][=C][C][=C][Ring1][=Branch2][Cl][=C][C][=C][Ring2][Ring1][Branch1][C][C][Ring2][Ring1][=N][=O][O],C1#CCCN1CC=CC(N(C(=O)CO)NC(CC(F)(F)Cl)=CC=CCl)C,CC(C=CCN1C#CCC1)N(NC(=CC=CCl)CC(F)(F)Cl)C(=O)CO,True,True,0.47058823529411764,4.0,55.81,2.7813000000000008,579.7534127228373,26.0,60.0,13.0,8.0,2.447437325569255
371,371,[C][O][C][=C][C][=C][Branch1][C][Cl][C][=C][Ring1][Branch1][C][C][O][C][C][Ring1][Branch1][C][=Branch1][C][=O][C@H1][Branch1][C][F][C][=C][Branch1][=Branch2][C][=C][C][=C][N][=C][Ring1][=Branch1][C][=C][C][=N][C][=C][Ring1][=Branch2][C][=C][Ring1][P],COC=CC1=C(Cl)C=C1C2COCC2C(=O)[C@H1](F)C=C(C3=CC=C4N=C3)C=CC=NC=C4C=C,C=CC1=CN=CC=CC(=C[C@@H](F)C(=O)C2COCC2C2=CC(Cl)=C2C=COC)c2ccc1nc2,True,True,0.2222222222222222,5.0,60.78,5.395300000000005,1150.8950941089374,34.0,52.0,9.0,5.0,2.0431003773928977
372,372,[C][C][C@H1][C][N][Ring1][N][C][C][C][=C][C][=C][Branch2][Ring2][=N][C][=C][C][=C][Ring1][=Branch1][C][=C][C][Branch1][C][C][=N][N][Branch1][=Branch2][C][C][N][C][C][Ring1][=Branch1][C][C][=C][Ring1][#C][S][C][Ring2][Ring1][#Branch1][=O][O][C],C1C[C@H1]CN1CCC=C2C3=CC=CC=C3C=CC(C)=NN(CCNCCC)C=CSC2=O,CCCNCCN1C=CSC(=O)C(=CCCN2C[CH]CC2)c2ccccc2C=CC(C)=N1,True,True,0.4230769230769231,6.0,47.94,4.8053900000000045,838.5442158275404,32.0,52.0,7.0,7.0,2.146953863606622
373,373,[C][N][C][=Branch1][C][=O][N][C][Branch1][C][/C][=C][C][Ring1][#Branch1][O][C][=C][C][Branch1][C][N][=C][Ring1][=C],CN1C(=O)NC(/C)=CCOC=CC(N)=C1,CC1=CCOC=CC(N)=CN(C)C(=O)N1,True,True,0.3,3.0,67.59,0.8755999999999999,312.930011877658,15.0,25.0,4.0,2.0,1.963330855718215
374,374,[C][C][C][O][C][C][=C][C][C][=Branch1][C][=O][N][C][C][Branch1][C][C][N][Ring1][=Branch1][C][C][=C][Ring1][=N][C][O],CCCOCC1=CCC(=O)NCC(C)NCC=C1CO,CCCOCC1=CCC(=O)NCC(C)NCC=C1CO,True,True,0.6666666666666666,4.0,70.59,0.7561,343.0498111861476,20.0,28.0,3.0,2.0,1.6339107665276111
375,375,[C][O][C][=Branch1][C][=O][C][=C][N][C][O][C][=C][C][Branch1][=C][C][=N][N][=C][C][Branch2][Ring1][#C][S][C][=C][C][=C][Ring1][Branch1][F][O][C][=C][C][Branch1][C][C][=C][Ring1][=N][C][Branch1][C][F][=C][Ring2][Ring1][Ring1][S],COC(=O)C=CNCOC=CCC=NN=CCS1C=CC=C1F,COC(=O)C=CNCOC=CCC=NN=CC[SH]1C=CC=C1F,True,True,0.26666666666666666,6.0,72.28,2.536600000000001,506.15640006923115,23.0,51.0,6.0,6.0,2.1598054491534318
376,376,[C][C][Branch1][C][C][N][C][C][=C][Branch1][=N][C][=Branch1][C][=O][O][C][=C][Ring1][=N][C][=Branch1][C][=O][C][=C][Ring1][N][C][=C][Branch1][C][C][S][C][C][=C][Ring1][=Branch1][Cl],C1C(C)NC2C=C(C(=O)OC=C1C=O)C=C2C=C(C)SCC=CCl,CC(=CC1=CC2=CC1NC(C)CC(C=O)=COC2=O)SCC=CCl,True,True,0.3333333333333333,5.0,55.4,3.6187000000000022,630.9494616147807,24.0,40.0,6.0,3.0,1.9324242018014652
377,377,[C][C][=C][C][=Branch1][C][=O][N][O][C][=C][C][Branch2][Ring2][#Branch2][C][=C][NH1][C][=Ring1][Branch1][C][=C][C][=C][C][=Branch1][C][=O][N][C][C@H1][Ring1][=Branch1][C][C@@][Ring1][Ring1][C][Ring2][Ring1][Branch1][C][=Branch1][C][=O][C][=N][Ring2][Ring1][S],C1C=CC(=O)N2OC=CC=3C=C[NH1]C=3C=CC=C4C(=O)NC[C@H1]4C[C@@]C2C(=O)C=N1,O=C1NC[C@H]2C[C]C3C(=O)C=NCC=CC(=O)N3OC=Cc3cc[nH]c3C=CC=C12,True,True,0.22727272727272727,5.0,103.86,1.4944899999999999,965.4316966362483,30.0,51.0,8.0,9.0,2.3037764039949145
378,378,[C][O][C][=C][C][Branch2][Ring2][=C][S][C][Branch1][C][F][=N][C][C][Branch1][C][O][C][N][=C][Branch1][C][Cl][C][=C][Branch1][C][F][C][=N][Ring1][#Branch1][=C][N][Ring1][#C][C][=Ring2][Ring1][Branch1][C][Branch1][C][C][C][Ring2][Ring1][Ring1],COC=CCSC(F)=NCC(O)CN=C(Cl)C=C(F)C=N,COC=CCSC(F)=NCC(O)CN=C(Cl)C=C(F)C=N,True,True,0.4166666666666667,6.0,78.03,2.7063700000000006,401.75424759098905,21.0,50.0,8.0,8.0,2.195961017679351
379,379,[C][#C][C][C][O][N][C][=Branch1][C][=O][N][C@H1][Branch1][Ring1][C][F][C][=C][Ring1][N][S][C][C][=C][C][C][=C][Ring1][#Branch1][C][C][=C][Ring1][C][Branch1][C][N][Ring1][S][C][C][Branch1][C][C][O],C#CC1CONC(=O)N[C@H1](C2F)C=C1S3CC=CCC=C3CC#CCN2CC(C)O,C#CC1CONC(=O)N[C@H]2C=C1[SH]1CC=CCC=C1CC#CCN(CC(C)O)C2F,True,True,0.5,4.0,73.83,1.9632,797.2019375245701,30.0,45.0,5.0,5.0,2.003322253247295
380,380,[C][C][C@@H1][C][C][=C][S][C][=C][Branch2][Ring1][C][C][Branch1][=Branch2][C][=C][C][=C][C][Branch1][C][C][=C][Branch1][Branch2][C][=Ring1][#Branch2][=Branch1][C][=O][O][C][Ring1][C][=O][C][Branch1][C][C][C][C][Ring2][Ring1][C],CC[C@@H1]CC=CSC=C(C(C=CC=CCC)=CCC=O)C=O,CC[CH]CC=CSC=C(C=O)C(C=CC=CCC)=CCC=O,True,True,0.3157894736842105,3.0,34.14,5.358290000000005,438.6587689043804,22.0,46.0,9.0,5.0,1.922908210211332
381,381,[C][C][Branch2][Ring2][Ring1][C][=C][S][C][Branch1][C][C][=N][N][Branch2][Ring1][#Branch1][O][C][=C][Branch1][Ring1][C][=O][C][C@H1][Branch1][C][N][C][=O][=C][C][Branch1][C][F][=N][Ring1][Branch1][=C][C][C@][Ring2][Ring1][Ring2][Ring1][#Branch2][C][=C][N],CC(C1=CSC(C)=NNOC=C(C2=O)C[C@H1](N)C=O)=CC[C@]12C=CN,CC1=CC[C@@]2(C=CN)C(=O)C(C[C@H](N)C=O)=CONN=C(C)SC=C12,True,True,0.35294117647058826,8.0,119.8,1.6498000000000004,674.8268714730223,25.0,50.0,9.0,9.0,2.347698089995929
382,382,[O][=C][C][=C][Branch1][C][I][C][=N][Ring1][=Branch2][O][C][=C][C][N][C][=C][Ring1][#Branch1][C][O][C][Ring1][=C],O=CC=C(I)C=N,N=CC(I)=CC=O,True,True,0.0,2.0,40.92,1.15377,96.6059378176129,7.0,25.0,3.0,3.0,1.9678999997634865
383,383,[C][C][N][=Branch1][C][=O][C][=C][C][#Branch1][C][N][=C][C][Branch1][C][O][=C][Branch2][Ring2][=Branch1][C][=C][N][Branch1][Ring1][C][#N][C][=Branch1][C][=O][N][C][=C][Ring1][=Branch2][S][=Branch1][C][=O][C][=C][Ring1][=Branch1][=C][Branch1][Ring1][C][#N][C][=C][Ring2][Ring1][#Branch1][N][=Ring2][Ring1][S],C=1CN(O)C=CC(N)C2C(O)=CC=C3N(C#N)C(=O)NC4=C3S(=O)C=C4C(C#N)C=C2N=1,N#CC1C=C2N=CCN(O)C=CC(N)C2C(O)=CC=C2C3=C(NC(=O)N2C#N)C1=CS3=O,True,True,0.2,9.0,179.07,0.9463600000000001,1165.2431541067422,32.0,59.0,12.0,9.0,2.318521404946534
384,384,[C][C][O][C][=Branch1][=C][=C][N+1][Branch1][C][C][=C][C][C][=C][Ring1][#Branch1][C][C][=C][Branch1][C][O][C][=N][C][=C][C][=C][Branch1][Branch2][C][N][C][=Branch1][C][=O][S][C][=C][Ring1][O][Cl][=C][Branch1][C][Cl][C][=C][Ring2][Ring1][O][C],CCOC(=C1[N+1](C)=CCC=C1CC)C(O)C=NC2=CC=C(CNC(=O)S)C=C2Cl,CCOC(=C1C(CC)=CCC=[N+]1C)C(O)C=Nc1ccc(CNC(=O)S)cc1Cl,True,True,0.38095238095238093,4.0,73.93,4.2439000000000044,838.789328325377,29.0,53.0,8.0,4.0,2.081626312076207
385,385,[N][C][C][C][=C][C][NH1][C][C][=C][Ring1][=Branch1][S][C][C][=C][Ring1][=N][C][Ring1][O][C][=C][C][=N][C][Branch1][C][O][C][=C][O][C][=C][Ring1][#C],NC1CC=C2C[NH1]CC=C2SC3C=C1CC=CC=NC(O)C=COC=C3,NC1CC=C2CNCC=C2SC2C=COC=CC(O)N=CC=CCC1=C2,True,True,0.35,6.0,79.87,2.552200000000001,674.8268714730222,26.0,36.0,2.0,4.0,1.8724462022476298
386,386,[C][C][O][C][C][Branch1][C][Cl][=C][C][Branch1][Branch2][C][=C][O][C][=Branch1][C][=O][N][C][=C][C][=C][Ring1][N][N][=C][Branch1][#Branch1][C][C@H1][Branch1][C][C][Ring1][=Branch2][S][C][C][N][Ring1][#Branch1][C][Ring2][Ring1][O],CC1OCC(Cl)=C2C(C=COC=O)N3C=CC=C2N=C(C4[C@H1]3C)SCCN4C1,CC1CN2CCSC3=NC4=CC=CN(C(C=COC=O)C4=C(Cl)CO1)[C@H](C)C32,True,True,0.5,7.0,54.370000000000005,2.884500000000001,752.907815693699,28.0,47.0,9.0,5.0,2.2005841980570993
387,387,[C][C@@H1][C][C][=Branch1][C][=O][C@@H1][C][O][C][=C][C][=C][C][=C][Branch1][C][N][Ring1][O][C][=C][C][=C][Branch1][C][F][C][C][=C][Branch1][C][Br][C][=C][Ring1][#Branch1][C][=Branch1][C][=O][C][Branch1][C][C][Ring1][Branch1][C][=C][Ring2][Ring1][#Branch2],C[C@@H1]CC(=O)[C@@H1]COC=CC=CC=CN,C[CH]CC(=O)[CH]COC=CC=CC=CN,True,True,0.25,3.0,52.32,1.93298,228.42286534333684,15.0,53.0,9.0,5.0,2.012253974713419
388,388,[C][O][C][=N][C][=C][Branch1][#Branch1][C][=C][Ring1][=Branch1][N][C][=Branch2][C][Branch1][C][F][=C][C][=C][C][=N][C][Branch1][C][Cl][=C][C][=C][Ring1][Branch2][C][#N][C][Ring1][#Branch2][S][C][C][Ring1][=C][O][S][Ring2][Ring1][Branch1][=C][Branch1][C][C][=O][N],COC1=NC=C(C=C1NC)C(F)=CC=C2C=NC(Cl)=CC=C2C#N,CNc1cc(C(F)=CC=C2C=NC(Cl)=CC=C2C#N)cnc1OC,True,True,0.11764705882352941,5.0,70.3,3.9832800000000024,798.9303323432604,24.0,54.0,10.0,6.0,2.316728851297789
389,389,[N][=N][C][Branch1][Ring1][N][O][C][=Branch1][C][=O][C][N][C][C@H1][Branch1][C][O][=C][C@H1][Ring1][=Branch1][Cl][=C][C][Branch1][C][F][=C][C][Ring1][#Branch1][=C][Ring1][O][C][Ring2][Ring1][Branch2][C][=C][Ring1][O],N=NC(NO)C(=O)CN1C[C@H1](O)C[C@H1]1Cl,N=NC(NO)C(=O)CN1C[C@H](O)C[C@H]1Cl,True,True,0.8571428571428571,7.0,109.00999999999999,-0.47712999999999983,226.19280948873617,15.0,43.0,7.0,7.0,2.363896992971495
390,390,[N][C][C][=C][C][=C][C][Branch1][=Branch2][N][C][C][Branch1][C][O][C][=Branch1][C][=O][N][C][Ring1][=Branch2][C][Branch1][C][Cl][C][=Ring1][Branch1][C][C][N][C][C][Branch1][C][F][C][=C][Ring1][O][Ring2][Ring1][Branch1],NCC=CC=C1C2(NCC(O)C=O)N3C2C4(Cl)C3CCNCC(F)C=C41,NCC=CC=C1C2=CC(F)CNCCC3N4C(C23Cl)C14NCC(O)C=O,True,True,0.6111111111111112,6.0,90.39,-0.4112,661.525795434798,26.0,45.0,9.0,5.0,1.9932327715867924
391,391,[C][O][C][=C][C][C][N][C][Branch2][Ring1][Ring2][C][=Branch1][C][=O][C][O][C][=Branch1][C][=O][C][=C][Branch1][C][F][C][=C][Ring1][C][Branch1][C][C][Branch1][C][F][C],COC=CCCNC(C(=O)COC(=O)C=C(F)C#C)(C)CF,C#CC(F)=CC(=O)OCC(=O)C(C)(CF)NCCC=COC,True,True,0.4666666666666667,5.0,64.63,1.4532999999999998,452.9202074357553,22.0,37.0,6.0,3.0,1.8393006915701953
392,392,[C][C][O][C][=Branch1][C][=O][C][N][C][=C][Branch1][C][N][C][=C][Branch1][C][I][C][=C][Branch1][#Branch2][C][=C][O][C][=Branch1][C][=O][N][C][Branch2][Ring1][C][C@@][Ring1][=C][Branch1][C][C][N][=C][C][=C][Ring2][Ring1][C][Ring1][#Branch2][=C][Ring2][Ring1][N],CCOC(=O)CNC=C(N)C=C(I)C#CC=COC(=O)NC,CCOC(=O)CNC=C(N)C=C(I)C#CC=COC(=O)NC,True,True,0.2857142857142857,6.0,102.68,1.1312000000000002,497.8917375627406,22.0,54.0,9.0,7.0,2.115819207452773
393,393,[C][O][C][C][=Branch1][C][=O][C][Branch1][C][F][=C][C][N][Branch1][C][F][C][Branch2][Ring1][=Branch1][=C][C][Branch1][C][I][C][=C][C][#Branch2][Ring1][=Branch1][C][=C][C][=C][C][Branch1][C][O][=C][C][Ring2][Ring1][C][=C][Ring1][S],COCC(=O)C(F)=CC1N(F)C2CC(I)C=CCC=CC=CC(O)=CC1=C2,COCC(=O)C(F)=CC1C2=CC(CC(I)C=CCC=CC=CC(O)=C2)N1F,True,True,0.35,4.0,49.769999999999996,4.6269000000000045,689.549955182672,27.0,48.0,9.0,5.0,2.064440758308875
394,394,[C][C][N][=C][C][=Branch1][C][=O][C][=C][C][C][=Branch1][C][=O][C][=Branch1][C][=O][C][=C][Branch1][C][F][C][=C][C][Ring1][#Branch1][=C][Branch1][C][Cl][C][=C][Branch1][P][N][C][=C][C][=C][C][Ring1][#Branch2],CCN=CC(=O)C=CCC(=O)C(=O)C=C(F)C=CC=C(Cl)C=CNC=CC=CC,CC=CC=CNC=CC(Cl)=CC=CC(F)=CC(=O)C(=O)CC=CC(=O)C=NCC,True,True,0.18181818181818182,5.0,75.6,4.456100000000004,764.8559515213416,29.0,45.0,8.0,2.0,1.9124408840402343
395,395,[C][N][C][=C][C][C][=Branch1][C][=O][N][C][Branch2][Ring1][C][=C][N][Ring1][=Branch1][O][C][=C][C][=C][Ring1][Ring2][C][O][C][Ring1][O],CNC=CCC(=O)NC1CNOC2=CC=C2COC1,CNC=CCC(=O)NC1CNOC2=CC=C2COC1,True,True,0.46153846153846156,5.0,71.62,-0.03029999999999977,368.26137307125543,19.0,30.0,3.0,5.0,1.8863583488998301
396,396,[C][#C][C][C][=C][C][=C][C][Branch2][Ring2][Ring1][=Branch1][C][=C][C][C][=Branch1][C][=O][C][=Branch2][Ring1][Branch1][=C][C][C][=N][Ring1][Branch1][C][=C][/C][=C][C][=C][Branch1][=Branch1][C][Branch1][C][O][=O][=N][Ring2][Ring1][Branch2][C][Branch1][C][F][=N][Ring2][Ring1][=N],C1#CCC=CC=CC(C=CCC(=O)C2=CCC=N2)C(F)=N1,O=C(CC=CC1C=CC=CCC#CN=C1F)C1=CCC=N1,True,True,0.23529411764705882,3.0,41.79,3.3214000000000024,618.6847991082902,21.0,54.0,11.0,8.0,2.1991343852941423
397,397,[C][C][O][C][=C][C][Branch1][C][Cl][=C][C][Branch1][C][F][C][C][=C][F][=C][C][Ring1][O][=C][C][Branch1][C][N][=C][C][Ring1][#Branch1][=O],CCOC=CC(Cl)=CC(F)CC=CF,CCOC=CC(Cl)=CC(F)CC=CF,True,True,0.4,1.0,9.23,3.870700000000003,206.07820003461552,14.0,32.0,4.0,2.0,1.8548103274330923
398,398,[C][C][C][=C][Branch2][Ring1][=Branch2][C][N][C][=C][Branch1][=C][C][=C][Branch1][C][O][C][C][Ring1][=Branch1][=Ring1][Branch2][C][C][=C][C][Ring1][=Branch1][N][C][=C][C][=C][Branch1][C][C][N][=C][C][=C][Ring1][Branch1],CCC=C(CN1C=C(C=C(O)CC1)CCN)C=CC=C(C2)N=CC=C2,CCC=C(C=CC=C1CC=CC=N1)CN1C=C(CCN)C=C(O)CC1,True,True,0.38095238095238093,4.0,61.849999999999994,4.173900000000003,628.9494616147807,25.0,44.0,9.0,5.0,1.8501344402322408
399,399,[N][C][Branch2][Ring2][=C][C][Branch1][C][S][C][=C][/N][#Branch1][C][=C][C][Branch1][C][Cl][=C][C][C][O][C][C][C][Ring1][=Branch1][C][=C][Ring1][N][C][=C][=O][C@H1][Branch1][Ring1][C][C][=C][Ring2][Ring1][=Branch2],NCC(S)C=C/N(C1)C(Cl)=CC2COCCC2C=C1C=C=O,NCC(S)C=CN1CC(C=C=O)=CC2CCOCC2C=C1Cl,True,True,0.5,5.0,55.559999999999995,2.1199,496.1313520576979,22.0,44.0,7.0,6.0,2.202453415010367
