prior_candidate_id,decoded_selfies,decoded_smiles,canonical_smiles,is_rdkit_valid,selected_for_property_oracle
0,[C][C][=Branch1][C][=O][N][Branch1][C][O][C][=C][C][=C][Branch1][O][C][C][=C][Ring1][Branch2][C][C][=C][Ring1][N][Ring1][=Branch1][C][=C][C][Branch1][#Branch2][C][=Branch1][C][=O][C][C][C][S][C@H1][Ring1][=Branch1],CC(=O)N(O1)C=CC=CCC=C1CC=C,C=CCC1=CCC=CC=CN(C(C)=O)O1,True,True
1,[N][#C][C][C][=C][O][C][=Branch1][C][=O][N][C][Branch1][C][Cl][=C][C][=N][C][=C][C][C][=C][Ring1][=Branch1][=N][C][=C][C][=C][Branch1][Ring1][C],N#CCC=COC(=O)NC(Cl)=CC=NC=CCC=CNC=CC=CC,CC=CC=CNC=CCC=CN=CC=C(Cl)NC(=O)OC=CCC#N,True,True
2,[C][C][O][C][=Branch1][C][=O][C][C][O][C][=C][Branch1][#Branch1][C][N][C][C][Cl][C][=C][NH1][C][Ring1][=Branch1][=C][C][Ring1][=C][C][=Branch1][C][=O][O][C][=C][C][C][Branch1][Ring1][N][C][=C][C][Branch1][C][C][=C][Ring1][N],CCOC(=O)CC1OC=C(CNC2CCl)C[NH1]C2=CC1C(=O)OC=CCC(NC)=CC(C)=C,C=C(C)C=C(CC=COC(=O)C1C=C2NCC(=COC1CC(=O)OCC)CNC2CCl)NC,True,True
3,[C][C][O][C][C][Branch1][C][F][C][=C][C][=C][C][=C][Branch1][#Branch1][C][O][C][Ring1][Ring2][=O][C][N][C][C][=C][C][Branch1][C][I][=C][Ring1][Ring1][C][=Branch1][C][=O][N][C],CCOCC(F)C=CC=CC=C(COC=O)CNCC=CC(I)=CC(=O)NC,CCOCC(F)C=CC=CC=C(CNCC=CC(I)=CC(=O)NC)COC=O,True,True
4,[C][O][C][=C][C][Branch2][Ring1][C][N][C][=C][C][=N][C][=C][Branch1][C][F][C][=C][Branch1][C][C][N][=C][Ring1][Branch2][C][=C][N][C][Branch1][S][C][=C][=Branch1][C][=O][Cl][C][=C][Ring1][Branch1][C][C][=C][Ring1][=C][=C][Ring2][Ring1][Ring2][=C],C1OC=CC1(NC=C2C=NC=C(F)C=C(C)N=C)C=CNC(C=C(O)Cl)=C2C,C=NC(C)=CC(F)=CN=CC1=CNC2(C=CNC(C=C(O)Cl)=C1C)C=COC2,True,True
5,[C][C@][Branch1][=Branch1][C][=Branch1][C][=O][C][=C][C][=C][C][Ring1][=Branch1][=C][C][=C][Ring1][#Branch2][C@][Branch1][C][N][C][=C][C][Branch1][N][C][=Branch1][C][=O][C][C],C[C@](C(=O)C)=CC=CC=CC=C[C@](N)C=CCC(=O)CC,CCC(=O)CC=C[C](N)C=CC=CC=CC=C(C)C(C)=O,True,True
6,[C][O][C][C][=Branch1][O][=C][Branch1][C][C][S][C][=C][=Branch1][C][=O][C][=C][Ring1][=Branch2][C][=C][Branch1][C][F][C][=C][Branch1][=N][C][C][=C][C][=Branch1][C][=O][N][Ring1][Branch2][=O][C][=Ring1][=N][C][=C][Ring2][Ring1][Branch1],COCC(=C(C)SC=CO)C=CC=C(F)C1=CCC=CC(=O)N1OC,COCC(C=CC=C(F)C1=CCC=CC(=O)N1OC)=C(C)SC=CO,True,True
7,[C][C@H1][Branch1][C][N][C][O][N][C][=C][C][=C][Branch1][C][I][C][=C][Ring1][Branch2][N][C][=Branch1][C][=O][S][C][=C][Ring1][S][Ring2][Ring1][=Branch1],C1[C@H1](N)C2ON3C=CC=C(I)C=C3NC(=O)SC=C21,N[C@H]1CC2=CSC(=O)NC3=CC(I)=CC=CN3OC21,True,True
8,[O][C][=C][Branch2][Ring1][=C][C][F][C][=Branch1][C][=O][C][=C][Branch2][Ring1][C][O][C][C][Branch1][C][C][=C][Branch1][N][O][C][C][=C][C][=C][Ring1][=Branch1][O][C][Ring1][=C][C][Branch1][C][C][Branch1][C][Cl][C][Ring2][Ring1][Ring1][C][O],O1C=C(CF)C1C(C)(Cl)CCO,CC(Cl)(CCO)C1OC=C1CF,True,True
9,[C][C][C][C][=C][C][Branch1][C][F][=C][#C][C][=C][C][Ring1][=Branch1][Branch1][C][Cl][C][=C][C][=O][C][=C][C][=C][C][=C][C][Branch1][#Branch2][C][Branch1][Ring2][N][Ring1][=Branch1][C][=C][C][=C][Ring1][=C][Branch1][C][O][C][C][Ring1][Ring1],CCCC=CC(F)=C=CC=CC(Cl)C=CC=O,CCCC=CC(F)=C=CC=CC(Cl)C=CC=O,True,True
10,[C][C][=Branch1][C][=O][C][O][C][=Branch1][Branch2][=N][C][O][S][C][C][Ring1][=Branch1][C][C][Branch1][#Branch2][C][=C][C][Branch1][C][Br][=C][C][Branch1][#Branch1][C][=Branch1][C][=O][O][C][=N][Ring1][=N][=C][Ring2][Ring1][Branch1][C][Ring1][N],CC(=O)COC(=NCOSCC)C1C(C=CC(Br)=CCC(=O)OC)=N1,CCSOCN=C(OCC(C)=O)C1N=C1C=CC(Br)=CCC(=O)OC,True,True
11,[C][=C][C][=C][Branch1][#Branch1][N][C][C][O][C][Branch1][C][C][=C][C][=C][Branch2][Ring1][Branch1][O][C][C][=C][C][Branch1][Ring1][C][O][C][=C][Ring1][=Branch1][C][=Branch1][C][=O][C][Branch1][C][C][=C][Ring2][Ring1][#Branch1],C=CC=C(N1CCOCC)CC=C(OCC=C2C(CO)C=C2C(=O)CC)C1,C=CC=C1CC=C(OCC=C2C(C(=O)CC)=CC2CO)CN1CCOCC,True,True
12,[C][C][S][=Branch1][C][=O][C][C][Branch2][Ring2][C][C][=C][Ring1][=Branch1][C][=N][C][=C][Branch1][#Branch1][S][C][=C][Ring1][N][F][C][N][C][=C][Branch1][C][O][C][C][=O][C][C][Branch1][C][N][=C][Ring1][O],CCS1(=O)CC(C=C1C=NC=C(SC=CF)CNC=C(O)CC=O)O,CC[SH]1(=O)CC(O)C=C1C=NC=C(CNC=C(O)CC=O)SC=CF,True,True
13,[O][=C][C][Branch1][C][C][C@@H1][C][C][Branch1][=C][C][=Branch1][C][=O][C][N][C][Branch1][C][Cl][=C][N][Branch2][Ring1][C][O][C][=C][C][C][Ring1][#Branch1][Branch1][Ring2][C][C][O][=N][C][Ring1][#Branch2][=C][Ring2][Ring1][Ring1][C][=C][Ring1][Branch2],O=CC(C)[C@@H1]CC(C(=O)CNC(Cl)=C1NOC=CCC1(C2CO)NC=C)C=C2,C=CNC12CC=CONC1=C(Cl)NCC(=O)C(C[CH]C(C)C=O)C=CC2CO,True,True
14,[C][N][C][=Branch1][C][=O][C][=C][C][Branch1][P][C][N][Branch2][Ring1][Ring2][C][Branch1][C][C][N][C][=C][C][=N][Ring1][Branch1][N][C][C][=C][C][Ring1][=Branch1][=O][S][C][Ring2][Ring1][Branch1][=O][C][=C][O][C][Ring1][Ring1],C1NC(=O)C=CC(CNC(C)N2C=CC=N2)SC1=O,CC(NCC1C=CC(=O)NCC(=O)S1)n1cccn1,True,True
15,[C][C][Branch2][Ring1][=Branch1][C][O][C][=C][C][Branch1][C][O][C][=N][C][NH1][C][=C][C][=Branch1][C][=O][O][C][Ring1][P][=Branch1][C][=O][N][C][=C][C][Branch1][C][Cl][=C][Ring1][#Branch2],CC(COC=CC(O)C=NC[NH1]C=CC(=O)OC)(O)NC=CC(Cl)=C,C=C(Cl)C=CNC(C)(O)COC=CC(O)C=NCNC=CC(=O)OC,True,True
16,[C][#C][N][C][Branch1][C][C][Branch1][C][O][C][C@@H1][Branch1][=C][C][C][=C][C][=C][O][C][Ring1][=Branch1][=O][C][=C][Branch1][C][F][Cl][C][=C][C][=C][Branch1][C][O][C][=C][C][Ring1][#Branch1][=Ring1][S][Ring2][Ring1][Ring1][N],C#CNC(C)(O)C[C@@H1](CC1=CC=COC1=O)CF,C#CNC(C)(O)C[C@H](CF)Cc1cccoc1=O,True,True
17,[C][C][C][=C][Branch2][Ring2][C][=N][C][Branch1][C][N][=C][Branch1][C][Br][N][=C][Ring1][#Branch1][NH1][C][Branch1][C][C][C][N][=C][Branch1][C][N][C][=C][C][=C][C][=C][Ring1][#Branch2][C][=N][Ring1][Branch2][C][Branch1][Ring2][C][=Branch1][C][=O][N],CCC=C(N1C(N)=C(Br)N=C1[NH1]C(C)C2N=C(N)C3=CC=CC=C2C)N3C(C=O)N,CCC=C1N(C(N)C=O)C2=CC=CC=C(C)C(N=C2N)C(C)Nc2nc(Br)c(N)n21,True,True
18,[C][#C][C][C][=C][C][C][Branch1][C][O][C][=Branch1][Branch1][=C][C][C][=C][C][=C][Ring1][=Branch1][C][=Branch2][Ring1][C][=C][Ring1][=N],C#CCC=C1CC(O)C(=C2CC=C)C=C2C=C1,C#CCC=C1C=CC2=CC(=C2CC=C)C(O)C1,True,True
19,[O][=C][Branch1][Ring1][C][Br][C][C][=C][C][Branch2][Ring1][=Branch2][C][Branch1][C][C][Branch1][C][F][C][=C][C][Branch1][#Branch1][C][=C][C][=C][Ring1][Ring1][C][=C][C][Branch1][C][Cl][=N][C@H1][Ring1][P][C],O=C(CBr)CC=CC(C(C)(F)C=CC(C=C1C=C1)C=CCCl)=N[C@H1]C,C[CH]N=C(C=CCC(=O)CBr)C(C)(F)C=CC(C=CCCl)C=C1C=C1,True,True
20,[C][#C][C][=Branch1][C][=O][C][C][N][C][=Branch1][C][=O][C][O][C][=C][N][Ring1][Branch1][C][C][=C][Branch1][C][C][C@@H1][Ring1][=Branch1][C][=Branch1][C][=O][C@][Ring2][Ring1][Branch1][O][C][=Branch1][C][=N][N],C#CC(=O)CCNC(=O)C1OC=CN1CC=C(C)[C@@H1]C(=O)[C@]OC(=N)N,C#CC(=O)CCNC(=O)C1OC=CN1CC=C(C)[CH]C(=O)[C]OC(=N)N,True,True
21,[C][O][Branch1][Ring1][O][C][=C][\O][C][C][C][Branch2][Ring1][=N][C@@][Branch1][=C][C][=C][Branch1][C][F][C][=C][C][Branch1][C][Cl][=C][Ring1][=Branch2][C][=C][Branch1][S][C][=C][C][C][=C][C][Ring2][Ring1][=Branch1][=O][C][=Branch1][C][=O][C][C][Ring1][=Branch2],C=O,C=O,True,True
22,[C][C][=Branch1][C][=O][N][C][C][NH1][C][=N][C][=C][C][C][Ring1][=Branch1][C][N][C][=C][Branch1][C][S][C][=C][N][=C][Ring1][=Branch2][=N][C][=C][C][=Ring1][=Branch1][N][Ring2][Ring1][C][C][=C][Ring1][=Branch2][C][Ring2][Ring1][N],CC(=O)NCC[NH1]C1=NC2=CCC1C3NC=C(S)C=CN=C3NC=CCN2C=CC,CC=CN1CC=CNC2=NC=CC(S)=CNC2C2CC=C1N=C2NCCNC(C)=O,True,True
23,[C][C][C][=C][C][=C][Branch1][=N][C][=Branch1][C][=O][O][C][Branch1][#Branch1][C][=Branch1][C][=O][O][C][Branch1][=C][C][=C][C][C][=C][Branch1][C][F][C][=C][Ring1][#Branch2][F],CCC=CC=C(C(=O)OCC(=O)OC1)CC=CCC=C(F)C=C1F,CCC=CC=C1CC=CCC=C(F)C=C(F)COC(=O)COC1=O,True,True
24,[C][=C][Branch1][C][C][C][Branch1][C][C][O][C][Branch1][C][C][N][C][Branch1][C][C][=O][C][C@@H1][Branch2][Ring1][Ring1][C][=C][C][=C][Branch1][O][C][=C][C][=Branch1][C][=O][N][C][Branch1][#Branch1][C][=C][C][=C][C][C][Ring1][#C][C][=N][Ring1][Branch2],C=C(C)C(C)OC(C)NC(C)=O,C=C(C)C(C)OC(C)NC(C)=O,True,True
25,[C][C][Branch1][C][O][C][=C][O][C][=Branch1][N][C][=C][C][Branch1][Ring1][O][=O][=C][Ring1][Branch1][O][C][C][=C][C][=C][Ring1][Branch1][C][=C][Branch1][=Branch1][C][C][N][C][C],CC(O)C=COC(C=C1C(OO)=C1O)C2C=CC=C2C=CCCNCC,CCNCCC=CC1=CC=CC1C(C=C1C(O)=C1OO)OC=CC(C)O,True,True
26,[O][=C][C][=Branch1][C][=O][C@H1][Branch2][Ring1][Ring2][C][=Branch1][C][=O][C][N][C][C][Branch1][#Branch1][C][=N][C][O][C][Branch1][C][O][=C][C][=C][C][=C][C][Ring1][=N][=C][Ring1][Branch2],O=CC(=O)[C@H1](C(=O)CNCC(C=NCOCO1)=C)C=CC=CC=C1,C=C1C=NCOCOC=CC=CC=C[C@H](C(=O)C=O)C(=O)CNC1,True,True
27,[C][C][=N][C][Branch1][C][S][Branch1][=Branch1][C][=Branch1][C][=O][O][C][C][Branch1][C][C][O][C][=C][Branch1][C][C][=C][N][=C][C][=C][Branch1][=Branch2][C][=C][Ring1][=Branch1][N][Branch1][C][C][C][=Ring1][Branch2][C][=Branch1][C][=O][C],CC=NC(S)(C(=O)O)CC(C)OC=C(C)CN=C1C=C(C=CNC)C1C(=O)C,CC=NC(S)(CC(C)OC=C(C)CN=C1C=C(C=CNC)C1C(C)=O)C(=O)O,True,True
28,[C][C][C][Branch1][C][F][C][=C][C][=C][C][NH1][N][=C][C][=Branch1][Branch2][=C][Ring1][=Branch1][C][N][C][=O][C][C][=C][C][N][C][=O][=C][Ring1][=Branch1][C][=N][C][=Ring2][Ring1][=Branch2][C][=C][Ring2][Ring1][Branch1][Ring1][=Branch2][C][C][O],CCC(F)C=CC=CC1[NH1]N=CC(=C1CNC=O)CC=CCNC=O,CCC(F)C=CC=CC1NN=CC(CC=CCNC=O)=C1CNC=O,True,True
29,[C][O][C][C][=Branch1][C][=O][O][C][Branch1][C][C][C][Branch1][Ring1][C][#N][C][=C][Branch2][Ring1][Ring2][O][C][C][=N][N][Branch1][C][C][C@H1][Branch1][C][C][C][=Branch1][C][=O][O][C][=C][C][Ring1][Ring2][=S][Ring1][#Branch2],COCC(=O)OC(C)C(C#N)C=C(OCC=NN(C1)[C@H1](C)C(=O)OC=C)C=S1,C=COC(=O)[C@@H](C)N1C[SH]=CC(=CC(C#N)C(C)OC(=O)COC)OCC=N1,True,True
30,[O][=C][C][C][Branch2][Ring2][=Branch2][C][=C][C][C][=C][C][Branch1][S][C][=N][C][=C][Ring1][#Branch1][C][=C][Ring1][N][C][=C][C][=C][Branch1][C][Cl][C][C][=C][Ring1][N][C][=C][S][Ring1][Branch1][C][Branch1][C][F][C],O=CCCC1=CCC2=CC(C=NC3=C2C=C1C=CC=CCl)CC4=C3C=CS4C(F)C,CC(F)[SH]1C=CC2=C1CC1C=NC2=C2C=C(C=CC=CCl)C(CCC=O)=CCC2=C1,True,True
31,[C][C][=C][N][Branch2][Ring1][Branch2][C][=N][C][C][C][N][C][Branch1][=C][C][C][O][N][C][Branch1][C][N][=C][Ring1][=Branch1][=C][Branch1][C][O][C][Branch1][C][C][=N][N][C][C][=Branch1][C][=O][O][C][=Ring2][Ring1][Ring1],CC=CN(C=NCCCNC=1CC2ONC(N)=C2CO)C(C)=NNCC(=O)OC=1,CC=CN1C=NCCCNC(CC2ONC(N)=C2CO)=COC(=O)CNN=C1C,True,True
32,[C][C][=C][Branch1][C][C][C][=C][C][=C][Branch2][Ring1][=C][C][=C][C][Branch1][C][F][=N][Ring1][#Branch1][C][O][C][=C][C][=C][Ring1][N][C][Branch1][C][C][O][Ring1][=Branch1][C][C][=C][C][Branch1][Branch2][C][=Branch1][C][=O][O][C][C],CC=C(C)C=CC1=C(C=CC(F)=N1)C(=O)OCC,CC=C(C)C=Cc1nc(F)ccc1C(=O)OCC,True,True
33,[O][C][C][=C][C][=C][Branch1][O][C][C][C@@H1][C][C][=N][Branch1][=Branch1][C][=Branch1][C][=O][C][O][C][C@H1][Ring1][=C][C][Branch1][C][F][=C][Branch1][C][Cl][C][=C][Ring1][Branch2][C][=C][Ring1][#Branch2],OCC=CC1=C(CC[C@@H1]CC=NC=O)COC23[C@H1]1C(F)=C(Cl)C=C2C=C3,O=CN=CC[CH]CCC1=C(C=CCO)[C@@H]2C(F)=C(Cl)C=C3C=CC32OC1,True,True
34,[C][C][=C][C][Branch1][#Branch2][O][C][C][#C][C][O][Ring1][Branch1][C][=C][N][C][=N][C][=C][C][=C][Ring1][Branch1][C][N][Ring1][=Branch1][C@H1][C][=Branch1][C][=O][C][=Ring1][P][C][Branch1][C][Br][=C][C][Branch1][C][C][=C][Ring1][Branch2],CC=CC(OC1C#CCO1)=CNC=NC2=CC=CCN2[C@H1]C(=O)CC(Br)=CC(C)=C,C=C(C)C=C(Br)CC(=O)[CH]N1CC=CC=C1N=CNC=C(C=CC)OC1C#CCO1,True,True
35,[C][C][=Branch1][C][=O][C][Branch1][C][C][=C][N][C][Branch1][C][O][=N][C][Branch1][Ring1][C][N][Branch1][C][C][C][NH1][Ring1][#Branch1],CC(=O)C(C)=CNC(O)=NC(CN)(C)C[NH1],CC(=O)C(C)=CNC(O)=NC(C)(C[NH])CN,True,True
36,[C][O][C][C][=C][N][Branch2][Ring2][C][C][=C][C][C][=C][Ring1][=Branch1][C@@H1][C][C][C][=C][C][=C][C][=C][Ring1][=Branch1][N][Ring1][P][C][C][=Branch1][C][=O][N][C][=C][C][C][Branch1][C][C][=C][N][Branch1][C][C][NH1][C][Ring2][Ring1][#Branch1],COCC=C1N(C=CCC=C[C@@H1]C2CC3=CC=CC=C3N1CC(=O)NC=CCCC)CN(C)[NH1]C2,CCCC=CNC(=O)CN1C(=CCOC)N2C=CCC=C[CH]C(CNN(C)C2)Cc2ccccc21,True,True
37,[C][O][C][=N][C][=C][O][C@][Branch1][C][C][=N][C][C@H1][Ring1][=Branch1][C][O][C][C][Branch1][Ring1][C][Br][=C][Ring1][=C],COC=NC=C1O[C@](C)=NC[C@H1]COCC(CBr)=C1,COC=NC=C1C=C(CBr)COC[CH]CN=C(C)O1,True,True
38,[C][O][C@@H1][Branch1][=C][C][Branch1][O][C][=Branch1][C][=O][NH1][C][=C][C][=C][C][O][Ring1][Branch1][C][=C][C][Cl][Branch2][Ring1][C][Cl][O][C][=N][Ring1][Branch1],CO[C@@H1](CC(=O)[NH1]C=C1C=CC)O1,CC=CC1=CNC(=O)C[C@H](OC)O1,True,True
39,[C][O][C][Branch1][C][C][O][C][=Branch1][C][=O][C][=C][Branch1][C][O][C][C@@H1][Ring1][=Branch1][C][=C][Ring1][=Branch2][O][C][C][Branch1][N][C][=C][Branch1][C][Cl][C][=C][Ring1][#Branch1][C][Branch1][C][F][=C][C][Branch1][C][F][=C][Ring2][Ring1][C][Ring1][O],COC(C)OC(=O)C=C(O)C1[C@@H1]C=COC2C(C3=C(Cl)C=C2CF)=CC(F)=C13,COC(C)OC(=O)C=C(O)C1[CH]C=COC2C(CF)=CC(Cl)=C3C2=CC(F)=C31,True,True
40,[C][C][=C][C@@][Branch1][O][C][C][=C][C][Ring1][=Branch1][C][=C][C][N][Ring1][=Branch1][C][C@H1][C][=Branch1][C][=O][O][C][N][=C][Branch1][C][C][C][=C][Branch1][C][N][C][=C][Ring2][Ring1][#Branch1],C1C=C2[C@@]1(CC=CC2C=CCN)C[C@H1]C(=O)OCN=C(C)C=C(N)C=C,C=CC(N)=CC(C)=NCOC(=O)[CH]C[C@]12CC=CC(C=CCN)C1=CC2,True,True
41,[C][C][=N][O][C][=Branch1][S][=N][C][=Branch1][C][=O][C][=C][Ring1][=C][C][=C][C][=C][Branch1][C][Br][N][=C][Ring1][#Branch1][N][C][=Branch1][C][=O][N][C][=C][Branch1][=Branch2][C@H1][Branch1][C][C][C][=C][N][Ring1][=Branch1][C][Ring2][Ring1][Ring2][=Ring1][P][C][C][=Branch1][C][=O][N],C1C=NOC(=NC(=O)C=C1C2=CC3=CBr)N=C2NC(=O)NC=C([C@H1](C)C=CN)C3,C[C@H](C=CN)C1=CNC(=O)NC2=NC3=NC(=O)C=C(CC=NO3)C2=CC(=CBr)C1,True,True
42,[C][C][=C][C][Branch2][Ring1][Branch2][C][N][C][=C][C][Ring1][Ring2][=C][C][=C][Branch2][Ring1][#Branch1][O][C][Branch1][C][Br][C][=C][Ring1][O][C][Ring1][=Branch1][=C][C][F][C][=N][C][C][Ring2][Ring1][C][=C][C],CC=CC(CN1C2=CC1=CC=COC(Br)C=C2C=CCF)=CC,CC=CC(=CC)CN1C2=CC=COC(Br)C=C(C=CCF)C1=C2,True,True
43,[C][=C][NH1][C][=C][C][Branch1][=C][/C][=C][C][Branch1][C][C][O][C][C][C][C@H1][Ring1][=Branch1][C][N][=C][Branch1][Branch2][C][=Branch1][C][=O][C][=C][Branch1][C][N][N][=C][Branch1][Ring2][C][=N][Ring1][=Branch1][C][C][=C][Ring1][#Branch2],C=C[NH1]C=CC(/C=CC(C1)OCCC[C@H1]1)CN=C(C(=O)C2=C3N)N=C(C=N3)CC=C2,C=CNC=CC(C=CC1C[CH]CCCO1)CN=c1nc2cnc(N)c(c1=O)C=CC2,True,True
44,[C][C][Branch1][C][O][C][Branch1][Ring1][C][N][C][=C][C][=Branch1][#Branch1][=N][C][=C][C][O][C][=C][Ring1][Branch1],CC(O)C(CN)C=CC(=NC=C1COC)C1,COCC1=CN=C(C=CC(CN)C(C)O)C1,True,True
45,[C][C][=C][C][C][C][Branch1][P][C][N][C][=Branch1][C][=O][C][Branch1][=Branch1][C][N][=N+1][Ring1][#Branch1][C][=C][C][=N][Ring1][Branch1][S][C][=C][C][C][N][Branch1][C][C][=N][C][C][Ring1][#Branch1][Branch1][C][F][F],CC=CCCC(CN1C(=O)C(CN=[N+1]12)C=C)C=N2,C=CC1CN=[N+]2N=CC(CCC=CC)CN2C1=O,True,True
46,[C][C][=C][C][=Branch1][C][=O][C][C][Branch1][C][I][=C][C][=Branch1][Ring1][=C][=O][C][=Ring1][Branch2],CC=CC(=O)C=1C(I)=CC(=C=O)C=1,CC=CC(=O)C1=CC(=C=O)C=C1I,True,True
47,[C][C][O][C][=Branch1][C][=O][C@@H1][C][C][O][C][=C][Branch2][Ring1][C][=C][Branch1][C][Cl][C][Branch2][Ring2][Ring1][O][C][=C][C][=C][Ring1][=Branch1][C][=C][Branch1][N][C][C][Branch1][C][C][=C][Ring1][#Branch1][C][=N][Ring1][O][C][=C][Ring2][Ring1][#Branch2][Ring2][Ring1][O],CCOC(=O)[C@@H1]CCOC=CC(Cl)C1OC=C2C=C1C=C(CC(C)=CC=N2)C=C,C=CC1=CC2=CC(=COC2C(Cl)C=COCC[CH]C(=O)OCC)N=CC=C(C)C1,True,True
48,[C-1][#N+1][C][C][Branch1][C][I][C][N][C][=C][C][=C][C][Branch2][Ring1][#Branch2][C][Branch1][Ring2][C][Ring1][O][C][N][C][Branch1][C][O][C][=C][C][Ring1][#Branch1][C][Ring1][=C][Ring2][Ring1][#Branch1],[C-1]#[N+1]CC1(I)CNC=C2C=CCC(C1)C3NC(O)C=CC3C2,[C-]#[N+]CC1(I)CNC=C2C=CCC(C1)C1NC(O)C=CC1C2,True,True
49,[C][O][C@@H1][Branch1][C][C][C@H1][C][C][=Branch1][C][=O][N][C][C][C@H1][Branch1][C][N][C][=Branch1][C][=O][C][=C][S][C@H1][Ring1][Branch2][Ring1][=Branch1][=C][C][=Branch1][C][=O][C][C][=C][Ring1][O][C][C][=Branch1][C][=O][C][=C][Branch1][C][C][C],CO[C@@H1](C)[C@H1]CC(=O)NCC[C@H1](N)C(=O)C=CS[C@H1],[CH]SC=CC(=O)[C@@H](N)CCNC(=O)C[CH][C@H](C)OC,True,True
50,[C][N][C][=Branch1][C][=O][N][Branch1][C][C][C@H1][C][Branch1][O][C][=Branch1][C][=O][C][Branch1][C][C][=C][Branch1][Branch2][C][C@H1][Ring1][#Branch1][C][=C][O][C][=C][Branch1][#Branch1][C][C][=Branch1][C][=O][O][C][Branch1][Ring1][C][=O][C][=C][Ring2][Ring1][C][C],CNC(=O)N(C)[C@H1]C(C(=O)C(C1)=CC[C@H1]C=CO)C=C(CC(=O)O)C(C=O)C=C1C,CNC(=O)N(C)[CH]C1C=C(CC(=O)O)C(C=O)C=C(C)CC(=CC[CH]C=CO)C1=O,True,True
51,[C][C][=C][C][Branch1][Branch2][C][=C][C][=C][Branch1][C][Br][C][Branch1][=N][O][C][Ring1][Branch2][C][C][=Branch1][C][=O][O][=C][C][=C][Branch1][Ring2][N][=C][C][=C][C][=Branch1][C][=O][C][=C][Ring1][N][=Ring1][Branch1][C][Ring2][Ring1][=N],CC=CC(C1=CC=CBr)C(OC1CC(=O)OCC)=C(N=CC)C2C(=O)C=C2,CC=CC1C(=CC=CBr)C(CC(=O)OCC)OC1=C(N=CC)C1C=CC1=O,True,True
52,[C][N][C][=Branch1][C][=O][C@H1][C][=Branch1][C][=O][N][O][C][Branch1][C][C][=C][C][=C][C][Branch1][=N][O][C][=C][C][=N][C][=C][C][=C][Ring1][=Branch1][C@H1][Branch1][P][C][C][=C][C][Branch1][C][O][=C][Ring1][#Branch1][C][Ring2][Ring1][Ring1][C][#N],CNC(=O)[C@H1]C(=O)NOC(C)=CC=C1C(OC=CC2=NC=CC=C2[C@H1]3)CC=CC(O)=C3C1C#N,CNC(=O)[CH]C(=O)NOC(C)=CC=C1C2CC=CC(O)=C([CH]c3cccnc3C=CO2)C1C#N,True,True
53,[C][C][C][Branch2][Ring1][=Branch1][C][N][C][Branch2][Ring1][C][=C][C][=C][C][=C][S][C][=Branch1][C][=O][N][C][C][=Branch1][C][=O][O][=C][C][=C][Ring1][Branch1][C][#N][C][=C][C][=C][Branch1][Ring1][C][#N][C][=C][Ring2][Ring1][Branch2][Ring2][Ring1][=Branch2],CCC(CNCCC=CC=CSC(=O)NCC(=O)O)=CC=CC#N,CCC(=CC=CC#N)CNCCC=CC=CSC(=O)NCC(=O)O,True,True
54,[C][C][Branch1][C][C][Branch2][Ring2][C][N][C][C][N][C][=C][Branch2][Ring1][=Branch1][C][Branch1][C][Cl][Branch1][C][F][C][C][=C][Branch1][O][C][Branch1][C][C][=O][C][=C][C][=C][Ring1][#Branch1][C][N][Ring1][#C][Ring2][Ring1][Branch1][C][N],C1C(C)(NCC2NC=C(C(Cl)(F)CC=CC(C)=O)C)N21,CC(=O)C=CCC(F)(Cl)C(C)=CNC1CNC2(C)CN12,True,True
55,[C][C][=C][Branch1][C][Cl][C][O][C][=C][C][=Branch1][#C][=C][Ring1][=Branch1][C][=N][C][=C][Ring1][=Branch1][C][O][C][Ring1][Branch1][C][=C][Ring2][Ring1][Ring2],C1C=C(Cl)C2OC=CC(=C2C=NC3=CCOC3)C=C1,ClC1=CCC=CC2=C(C=NC3=CCOC3)C1OC=C2,True,True
56,[C][O][C][=C][C][=C][Ring2][=Branch1][Ring1][=Branch1][C][=C][O][C][Branch1][=Branch2][C][C@][C][C][O][C@H1][Branch1][C][O][C@@H1][Ring1][=C][C][N][C][=C][Ring1][=N],C1OC=CC2=C1C=COC3(C[C@]CCO[C@H1]O)[C@@H1]2CNC=C3,O[CH]OCC[C]CC12C=CNC[C@@H]1C1=C(C=CO2)COC=C1,True,True
57,[O][=C][O][=C][Ring1][Branch2][C][N][C][=Branch1][C][=O][C][=C][C][=Branch1][Ring1][=C][=O][C][O][C][=Branch1][C][=O][C][Ring1][Ring1],O=COCCNC(=O)C=CC(=C=O)COC(=O)C,CC(=O)OCC(=C=O)C=CC(=O)NCCOC=O,True,True
58,[N][C@H1][Branch1][=Branch1][N][=C][S][C][=O][C][=C][C][Branch2][Ring1][=Branch2][N][Branch2][Ring1][=Branch1][C][=N][C][Branch1][C][F][=C][C][N][Ring1][=Branch2][C][=C][Branch1][C][F][C][N][Ring1][#Branch1][C][=C][Ring1][=C][Cl][=C][Ring2][Ring1][Ring2][F][Ring2][Ring1][Branch2][C][=N][Ring2][Ring1][=N][C],N[C@H1](N=CSC=O)C=CC(NC1=NC(F)=CC2NC=C(F)CN2C)=C1Cl,CN1CC(F)=CNC1C=C(F)N=C1NC(C=C[C@H](N)N=CSC=O)=C1Cl,True,True
59,[C][C][C@][Branch1][C][O][C][Branch1][C][C][N][C@@][Branch1][C][C][C@@H1][Branch1][=N][C][=C][C][Branch1][C][F][=C][C][C@][Ring1][#Branch1][S][C][=C][Branch1][C][Cl][C][=C][Ring1][#Branch1][C][=Branch1][C][=O][C][F],CC[C@](O)C(C)N[C@@](C)[C@@H1](C1=CC(F)=CC[C@]12S)C=C(Cl)C=C2C(=O)CF,CC[C](O)C(C)N[C](C)[C@@H]1C=C(Cl)C=C(C(=O)CF)[C@]2(S)CC=C(F)C=C12,True,True
60,[C][C][=C][C][Branch2][Ring2][Ring1][C][C][N][C][=C][C][=Branch1][C][=N][C][Branch1][=Branch2][C][=C][Branch1][C][C][O][C][=C][C][Ring1][#Branch2][Cl][C][=C][Ring1][O][Cl][C][Branch1][Ring1][C][=C][C][=N][C][Branch1][C][F][=C][Ring2][Ring1][Branch2],CC1=CC(CCNC=CC(=N)C(C=C(C)OC=C)CCl)C=NC(F)=C1,C=COC(C)=CC(CCl)C(=N)C=CNCCC1C=NC(F)=CC(C)=C1,True,True
61,[C][O][C][C][=Branch1][C][=O][O][Branch1][C][Cl][C][O][C][C@][Branch2][Ring1][=Branch2][C][=N][NH1][C][=C][C][=C][Branch1][=Branch1][C][=C][N][Ring1][S][C][=Ring1][#Branch1][C][C][C@H1][Branch1][#Branch1][C][C][O][Ring1][Branch1][C][Ring2][Ring1][C],COCC(=O)OCCl,COCC(=O)OCCl,True,True
62,[O][N][C][=N][C][C][C@H1][Ring1][=Branch1][N][C][=C][C][=N][C][Branch1][=Branch2][C][=C][Branch1][C][N][C][C][F][C][=C][C][Br][C][=C][Ring1][=Branch1][C][=C][Ring1][=C][O],ON1C=NCC[C@H1]1NC=CC=NC(C=C(N)CCF)C=CCBr,NC(=CC(C=CCBr)N=CC=CN[C@@H]1CCN=CN1O)CCF,True,True
63,[C][C][=N][C][=C][C][N][C][=C][Branch1][#C][C][=C][C][=Branch1][C][=O][C][=C][C][=C][Ring1][#Branch2][=C][C][=C][Ring1][O][C][=C][Ring2][Ring1][C][=C][Ring1][=Branch1],CC=NC=C1CNC2=C(C3=CC(=O)C=CC=C2C4C)C3C=C1C4,CC=NC=C1CNC2=C3C4=CC(=O)C=CC=C2C(C)CC1=CC43,True,True
64,[N][=C][N][O][C][=C][C][C][Branch2][Ring1][=Branch1][S][C][C][=C][Branch1][C][N][C][=N][Ring1][#Branch1][C][=C][C][C][Ring1][Branch1][C][C][=C][C][=C][Branch1][C][F][C][=C][C][=C][Ring2][Ring1][#Branch1][Ring2][Ring1][C],N1=CNOC=CCC(S2CC=C(N)C=N2)=C(F)C=CC=C1,NC1=CC[SH](C2=C(F)C=CC=CN=CNOC=CC2)N=C1,True,True
65,[N][C][=C][C][=C][C][N][Branch1][C][C][S][C][=C][C][=Branch1][C][=O][C][Branch1][C][F][=C][C][=N][Ring1][=N][O][C][C@][Branch1][C][O][C][C@][Ring1][#C][Branch1][C][=C][C][Branch1][=Branch2][C][Branch1][C][C][=C],NC=CC=CC1N(C)SC=CC(=O)C(F)=CC=N1,CN1SC=CC(=O)C(F)=CC=NC1C=CC=CN,True,True
66,[C][C][O][N][=C][C][=C][Branch1][=C][C][=C][C][C][=Branch2][Ring1][=Branch1][=C][N][C][C][=C][NH1][C][=Ring1][Branch1][C][=C][Ring1][=N][C][=C][C][=C][Ring1][N],CCON=CC=CC1=CCC=CN2C=3C=C[NH1]C=3C=C1C=CC=C2,CCON=CC=CC1=CCC=Cn2ccccc1cc1[nH]ccc12,True,True
67,[F][C][=C][C][=C][Branch1][P][O][C][C][=N][C][=C][Branch1][C][F][N][Branch1][#Branch2][S][C][=C][C][O][C][C][=C][Ring1][=C][C][Branch1][Ring2][C][C][F][C][C][Ring1][#Branch1][C][=C][C][=C][O],FC=CC=C(OCC1=NC=C(F)NSC=CCOCC=C12)C(CCF)CC2C=CC=CO,OC=CC=CC1CC(CCF)C(=CC=CF)OCC2=NC=C(F)NSC=CCOCC=C21,True,True
68,[C][C@@H1][Branch1][C][N][C][Branch1][C][C][C][C][=Branch1][C][=O][C][O][C][=C][C][C][Branch1][C][N][=C][C][=C][C][C][Ring1][#Branch2][=N][Ring1][=Branch1][C][N][=C][C][Ring1][=C][Ring2][Ring1][=Branch1],C[C@@H1](N)C(C)CC(=O)COC1=CCC(N)=C2C=CCC1=N2,CC(CC(=O)COC1=CCC(N)=C2C=CCC1=N2)[C@@H](C)N,True,True
69,[C][C@H1][Branch1][Branch2][O][C][Branch1][C][O][C][=C][Branch1][C][O][C][=C][C][C][Branch2][Ring2][C][=C][C][=C][Branch2][Ring1][=Branch1][C][C@H1][Ring1][=Branch1][C][=Branch1][C][=O][C@@H1][C][=C][Branch1][Ring1][C][#N][C][C@H1][Ring1][#Branch1][C][=C][C][Ring2][Ring1][Ring2][=Ring1][O][C][=C][Ring2][Ring1][=N][Ring2][Ring1],C[C@H1](OC1(O)C=C)COC=C2CC3(CC4=C(C[C@H1]3C(=O)[C@@H1]5C=C(C#N)C[C@H1]5C=C)C2)C=C14,C=C[C@@H]1CC(C#N)=C[C@H]1C(=O)[C@@H]1CC2=C3CC14C=C3C(O)(C=C)O[C@@H](C)COC=C(C2)C4,True,True
70,[C][O][C][=C][Branch1][=N][C][Branch1][Ring1][C][O][C][C][=C][C][Branch2][Ring1][N][C][O][C][Branch1][C][Cl][=C][C][=C][Branch1][Ring1][O][C][=C][Ring1][#Branch1][Cl][C][=C][Ring2][Ring1][Ring1][=C],COC=CC(CO)CC=CCCOC(Cl)=CC=C(OC)CCl,COC=CC(CO)CC=CCCOC(Cl)=CC=C(CCl)OC,True,True
71,[C][C][=N][C][Branch2][Ring1][Branch1][C][=C][Branch1][C][Cl][C][=C][N][=C][C][Branch1][C][Cl][=N][C][=C][C][C][C][C][Ring1][=C][C][C@H1][Ring1][=Branch1][N][C][Ring2][Ring1][Branch1][=O][O][C],C1C=NC1(C=C(Cl)C=CN=CC(Cl)=NC=CC2CCC)C[C@H1]2NC=O,CCCC1C=CN=C(Cl)C=NC=CC(Cl)=CC2(CC=N2)C[C@H]1NC=O,True,True
72,[C][N][C][C][N][C][Branch1][#Branch1][C][=C][N][C][Ring1][Branch1][C][=C][N][C][=Branch1][C][=O][S][C][=C][C][C][Ring1][=Branch1][Branch1][=C][C][=Branch1][C][=O][P][=N][C][C][=C][Ring1][Ring2][C][C][N][Branch1][C][C][C],CNCCNC1(C=CNC1)C=CNC(=O)SC=CCC(C(=O)P=NCC=CCC)N(C)C,CCC=CCN=PC(=O)C(CC=CSC(=O)NC=CC1(NCCNC)C=CNC1)N(C)C,True,True
73,[C][C][C][C][C][=C][C][Branch2][Ring2][Ring1][C][=C][Branch2][Ring1][P][C][=C][\C][C][C][=Branch1][C][=O][N][C][=C][Ring1][=Branch1][O][C][Ring1][=Branch2][=C][Branch1][Ring1][C][N][C][=C][Ring1][Branch2][C][=Branch1][C][=O][N][P][Ring2][Ring1][Ring2][C][O],C1CCCC=CC1(C=CC=C\C2C3C(=O)NC=C3OC2=C(CN)C=CC(=O)NP)CO,NCC(C=CC(=O)NP)=C1OC2=CNC(=O)C2C1C=CC=CC1(CO)C=CCCCC1,True,True
74,[C][C][O][C][=Branch1][C][=O][/C][C][=C][C][Branch2][Ring1][Ring2][O][C][=C][Branch1][C][O][C][C][=C][C][=Branch1][C][=O][C][Ring1][#C][C][=C][Ring1][C][=C][C][Branch1][Ring1][C][=C],CCOC(=O)/CC=CC(OC=C(O)CC=CC(=O)CC#C)=CCC=C,C#CCC(=O)C=CCC(O)=COC(C=CCC(=O)OCC)=CCC=C,True,True
75,[N][S][C][=Branch1][C][=O][C][=C][C][=C][S][C][=C][N][C][=C][C][=C][Ring1][#Branch1][C][N][C][=C][C][=Branch1][C][=O][C][=C][Ring1][Branch2][Cl][C][C][Ring1][Branch1][Branch1][C][=N][C][=C][C][=C][Ring1][O][C][Ring2][Ring1][Ring2][N],NSC(=O)C=CC=CSC1=CNC=CC=C1C2NC=CC(=O)C=C2Cl,NSC(=O)C=CC=CSC1=CNC=CC=C1C1NC=CC(=O)C=C1Cl,True,True
76,[C][C][C][C][=C][C][Branch1][Ring1][C][O][N][Branch1][C][F][C][=C][C][=C][Ring1][#Branch1][C][#N][C][=C][Branch1][=Branch2][C][=C][Ring1][=C][C][N][=Ring2][Ring1][=Branch1],CCCC=CC(CO1)N(F)C=CC=C1C#N,CCCC=CC1COC(C#N)=CC=CN1F,True,True
77,[C][C][Branch1][C][C][O][C][C@][Branch1][=C][C][Branch1][=Branch1][C][=Branch1][C][=O][O][C][Branch1][Ring1][C][=O][C][=N+1][=N-1][C][N][C][C][=Branch1][C][=O][C][N][C][C][Branch1][=N][C][=C][C][=C][Branch1][C][F][C][Branch1][C][I][=C][Ring1][Branch2],CC(C)OC[C@](C(C(=O)O)CC=O)C=[N+1]=[N-1],CC(C)OC[C](C=[N+]=[N-])C(CC=O)C(=O)O,True,True
78,[C][S][=Branch1][C][=O][C][=C][C][=C][C][Branch2][Ring2][Ring1][C][=N][C][=C][C][=C][Ring1][=Branch1][C][Branch1][C][F][=C][C][=C][C][=C][Ring1][=Branch1][F][C][Branch1][C][F][Branch1][C][F][C][P][C][Branch1][C][C][Branch1][C][C][N][=C][Ring2][Ring1][N][F],C1S(=O)C=CC=CC(C2=NC=CC=C2C(F)=CC=CC=CF)CCN=C1F,O=S1C=CC=CC(c2ncccc2C(F)=CC=CC=CF)CCN=C(F)C1,True,True
79,[C][O][C][Branch1][C][C][=C][C][Branch1][S][C][=C][NH1][C][C][=C][C][=C][C][=C][Branch1][=Branch2][F][C][Branch1][C][F][C][O][C][Ring1][=N][Ring1][#C][C][=C][C][=C][C][=C][Ring1][=Branch1][C][=N][Ring2][Ring1][#Branch2][C][Branch1][C][F][=C][Ring2][Ring1][#Branch2],C=1OC(C)=CC=1C=C[NH1]CC=CC=CC=CF,Cc1cc(C=CNCC=CC=CC=CF)co1,True,True
80,[O][=C][Branch1][C][Cl][C][C][O][C][=C][C][Branch2][Ring1][#Branch1][N][Ring1][O][C][=Branch1][C][=O][C][=C][Branch1][C][Cl][C][=C][C][Ring1][#Branch1][=C][C][Branch1][Ring2][C][=C][Ring1][Branch1][C][O][Ring1][#C],O=C(Cl)CCOC=CC(N1C(=O)C=C(Cl)C=CC2=CCC=C2)CO1,O=C(Cl)CCOC=CC1CON1C(=O)C=C(Cl)C=CC1=CCC=C1,True,True
81,[C][C][=C][C][=C][C][=Branch1][C][=O][C][Branch1][S][C][C][O][C][C][O][C][=C][C][Ring1][Branch2][C][=Branch1][C][=O][O][C][=C][C][=C][Branch1][Branch1][S][C][C][C][=C][C][=C][Ring1][=Branch1][C][O][C][C][Ring1][#Branch2],CC=CC=CC(=O)C(CC1OCCOC=CC1C=O)OC=CC=C(SC23CC)CC=C2COCC3,CC=CC=CC(=O)C(CC1OCCOC=CC1C=O)OC=CC=C1CC=C2COCCC2(CC)S1,True,True
82,[N][C][Branch1][C][C][C][Branch1][C][C][=C][C][Branch2][Ring2][Ring1][C][O][C][=Branch1][C][=O][C][=C][C][Branch1][Branch2][C][=C][C][Branch1][N][C][C][=Branch1][C][=O][C][=C][O][C][Branch1][C][N][=O][C][C][C@][Ring1][Branch2][Branch1][C][F][C][Ring1][#C][C][=N][Ring2][Ring1][Ring1][C],NC(C)C(C)=CC(COC(=O)C1=CC(C=CCCC(=O)C=COCN)=O)(F)CC=N1,CC(=CC1(F)CC=NC(=CC(=O)C=CCCC(=O)C=COCN)C(=O)OC1)C(C)N,True,True
83,[C][C][C][C][=C][C][Branch1][C][O][C][=C][Branch1][#C][O][C][=N][C][=C][C][=C][C][=C][Branch1][Branch2][O][C][C][Branch1][C][N][C][=C][Ring1][S][C][C][=C][Ring2][Ring1][C][O],CCCC=CC(O)C=C(OC=NC=CC=CC=COCC(N)C)CCC=CO,CCCC=CC(O)C=C(CCC=CO)OC=NC=CC=CC=COCC(C)N,True,True
84,[C][C][=Branch1][C][=O][O][Branch2][Ring1][C][N][=C][C][Branch1][#C][C][Branch1][C][C][Branch1][C][Br][C][=C][C][=N][Ring1][#Branch1][N][C][=Branch1][Ring2][=N][C][=C][N][=C][Ring1][=Branch1][C][N][S][Branch1][C][C][=Branch1][C][=O][=O][C][=C][Branch1][C][O][C][Ring1][Branch2][C][Ring2][Ring2][C],CC(=O)O,CC(=O)O,True,True
85,[C][C][O][C][=C][N][C][=Branch1][C][=O][C][=C][C][Branch1][C][C][N][C][=Branch1][C][=O][C][Ring1][=C][C][=C][C][Ring1][=Branch1],CCOC=CNC(=O)C=CC(C)NC(=O)CC=CC,CC=CCC(=O)NC(C)C=CC(=O)NC=COCC,True,True
86,[C][C][N][C][Branch1][C][C][Branch2][Ring2][C][=C][S][C][Branch1][=Branch1][C][=C][Ring1][C][C][C][=Branch1][C][=O][N][C][=N][C][Branch1][C][C][=C][Ring1][O][C][C][=C][Branch1][#Branch1][C@H1][C][=C][Ring1][=C][C][Branch1][C][O][=C][Ring2][Ring1][O][C],CCN1C(C)(CSC(C#CC)C(=O)NC=NC(C)=CCC=C[C@H1]C=CC)COC1C,CC#CC(SCC1(C)COC(C)N1CC)C(=O)NC=NC(C)=CCC=C[CH]C=CC,True,True
87,[C][C][C@@H1][C][Branch2][Ring2][Branch1][C][C][=Branch1][C][=O][N][C][=C][C][Branch1][C][O][C][Branch1][C][O][C][C][=C][N][C][=N][C][Branch2][Ring1][=Branch1][C][=Ring1][Branch1][N][C][Ring1][=N][=C][C][Ring1][P][Ring2][Ring1][Branch1],CC[C@@H1]CCC(=O)NC=C1C(O2)C(O)CC=CN3C=NCC3NC2=CC1,CC[CH]CCC(=O)NC=C1CC=C2NC3CN=CN3C=CCC(O)C1O2,True,True
88,[C][O][C][=C][C][N][=N][C][C][=C][C][=C][C][Branch1][=Branch1][C][=C][C][Ring1][=Branch2][=Ring1][=Branch1][C][=C][Ring1][O][C][Ring2][Ring1][C][N][=C][C][C][C][S],COC=CCN=NC12C=CC=CC2C=CC1,COC=CCN=NC12C=CC=CC1C=CC2,True,True
89,[C][O][C][=C][C][Branch2][Ring1][C][O][C][=C][Branch1][Branch2][/C][=C][/C][C][C][=C][Ring1][Branch1][C][O][=N][Ring1][=Branch1][C][=C][C][=O][O][C][=C][C][=C][Ring1][=Branch1][Ring2][Ring1][C][=C][Ring2][Ring1][Branch2],COC=CC(OC=C(/C=C1/CC2C=C1)CON2)C=CC=O,COC=CC(C=CC=O)OC=C1/C=C2\C=CC(C2)NOC1,True,True
90,[C][C][=Branch1][C][=O][C][=C][Branch2][Ring2][#Branch1][C][C][=C][C][Branch1][#Branch1][C][=Branch1][C][=O][O][C][Branch1][C][C][=O][O][C][C][O][C][=C][Branch1][C][Cl][C][=C][Ring1][=Branch1][C][#N][C][=C][Ring2][Ring1][Ring1][=C][C][=C][Branch1][C][C][=C][Ring1][=Branch2],CC(=O)C=C(CC=CC(C(=O)OC)(C)OOCCOC=C(Cl)C=CC#N)C(C)=C,C=C(C)C(=CC(C)=O)CC=CC(C)(OOCCOC=C(Cl)C=CC#N)C(=O)OC,True,True
91,[N][C][N][=C][Branch1][#Branch2][C][C][Branch1][C][F][=N][C][Branch1][N][C][=Branch1][C][=O][C][=C][C][Branch1][C][F][=C][Ring1][=Branch1][O][C][=N][Ring1][=C][C][=Branch1][C][=O][O][C][=C][Branch1][C][F][C][=C][N][Ring2][Ring1][#Branch2],N1CN=C1CC(F)=NCC(=O)C=CC(F)=C,C=C(F)C=CC(=O)CN=C(F)CC1=NCN1,True,True
92,[N][O][C][=Branch1][C][=O][C][C][=Branch1][C][=O][N][=C][Ring1][Branch2][C@H1][Branch1][C][C][C@@H1][Branch1][#Branch1][C][=Branch1][C][=O][O][C][C][Ring1][N][C][=C][Ring1][=N][C][=C][Ring2][Ring1][C][C][=C][Ring1][Branch2][C][=Branch1][C][=O][F],NOC(=O)CC(=O)N=C[C@H1](C)[C@@H1](C(=O)OC1)CC=CC=CC=C1C(=O)F,C[C@@H](C=NC(=O)CC(=O)ON)[C@@H]1CC=CC=CC=C(C(=O)F)COC1=O,True,True
93,[C][O][C][=Branch1][C][=O][C][=N][C][=C][Branch2][Ring1][=C][C][N][C][=C][C][C][Ring1][=Branch1][C][Ring1][#Branch1][N][Branch1][N][C][S][=Branch1][C][=O][C][C][C][=Branch1][C][=O][C][N][Ring1][C],COC(=O)C=NC=CC12NC=CCC1C2N(CS(=O)CCC=O)C=N,COC(=O)C=NC=CC12NC=CCC1C2N(C=N)CS(=O)CCC=O,True,True
94,[C][C][N][C][=C][NH1][C][=Branch1][C][=O][O][C][=C][C][Branch1][C][C][=C][Ring1][N][C][C@H1][Branch1][C][C][C][=C][Branch1][#Branch1][O][C][C][=C][Ring1][#C][Cl][N][C][C][=C][Branch1][C][O][C][=C][Ring2][Ring1][#Branch1][S][Ring2][Ring1][=Branch2][C][=C],CCN1C=C[NH1]C(=O)OC=CC(C)=C1C[C@H1](C)C=C(OCC=C)Cl,C=CCOC(Cl)=C[C@@H](C)CC1=C(C)C=COC(=O)NC=CN1CC,True,True
95,[C][C][C][Branch1][C][N][C][C@@H1][C][=Branch1][C][=O][N][C][C][C@][Ring1][S][C][=Branch1][#Branch1][=C][C][Branch1][C][C][N][C][C][Ring1][=N][C][Ring1][S][C][C][Ring2][Ring1][=Branch1][C][=N][C][Branch1][C][N][=O],C12CC(N)C3[C@@H1]C(=O)NCC[C@]1C(=CC(C)N)CCC3CC2C=NC(N)=O,CC(N)C=C1CCC2CC(C=NC(N)=O)C3CC(N)C2[CH]C(=O)NCC[C]13,True,True
96,[C][O][C][=C][C][Branch2][Ring2][C][C][=C][C][N][=C][Ring1][=Branch1][O][C][C][=C][Branch2][Ring2][C][=C][N][=C][Ring1][=Branch1][C][=Ring1][=Branch2][S][Ring1][N][=Branch1][C][=O][=O][C][Branch1][C][C][O][C][=N][S][Branch1][C][Cl][=C][Ring2][Ring1][=Branch2][N][C][Ring2][Ring1][=N],C1OC=CC21C=CC3N=C2OC4C=CCN=C4CS3(=O)=O,O=S1(=O)CC2=NCC=CC2OC2=NC1C=CC21C=COC1,True,True
97,[C][C][O][C][O][C][C][C][=C][C][Branch1][C][N][C][=C][O][C][=N][Ring1][=Branch1][C][Branch1][C][C][=C][Branch1][C][F][C][=C][N][Ring1][#Branch1][C][#C][C][C][O][C][C][=C][Ring2][Ring1][Branch1],CCOCOCCC=CC(N1)C=COC=N1,CCOCOCCC=CC1C=COC=NN1,True,True
98,[C][O][C][C][=C][Branch1][Branch2][C][C][=C][C][=Branch1][Ring2][=O][C][O][C][C][N][Ring1][=C][C][=C][N][=C][Branch1][#Branch2][C][S][C][=C][N][=C][C][Ring1][=Branch1][C][=Branch1][C][=O][C][C][O][C][C][Ring1][=Branch2][Ring1][N][C][=C][Ring1],C1OCC=C(CC=CC=O)CCN1C=CN=C(CS2C3=CN=C4C2)C(=O)CCOCC43C#C,C#CC12COCCC(=O)C(=NC=CN3CCC(CC=CC=O)=CCOC3)C[SH]3CC1=NC=C32,True,True
99,[O][C][=N][N][=C][C][=C][C][=C][Branch1][C][F][C][=C][N][=C][Ring1][Branch2][S][N][C][=C][Branch1][Ring1][C][C][=C][C][Branch1][=Branch2][C][=C][N][=C][C][Ring1][=Branch1][=C][Ring1][O][C][=C][Ring2][Ring1][C][=C][=Ring2][Ring1][O],OC=NN=C1C=C2C=C(F)C=CN=C2SNC=C(CC)CC3(C=CN=CC3=C)C=CC1,C=C1C=NC=CC12C=CCC(=NN=CO)C=C1C=C(F)C=CN=C1SNC=C(CC)C2,True,True
100,[C][C][C][=C][C][=C][Branch1][Branch2][C][C][=C][C][=C][Ring1][Branch1][S][Branch1][#C][C][=C][Branch1][#Branch1][C][=C][Ring1][=Branch1][F][C][=N][Ring1][#C][C@@H1][Branch1][C][N][C][=C][C][Branch1][=Branch1][C][=Branch1][C][=O][C][C][=C][C][=Ring1][#Branch2][Ring2][Ring1][Ring1],CCC=C1C=C(C2C=CC=C23)S(C=C(C=C3F)N1[C@@H1])(N=4)C=CC(C(=O)C)C=CC=4,[CH]N1C(=CCC)C=C2C3C=CC=C3C(F)=CC1=CS21C=CC(C(C)=O)C=CC=N1,True,True
101,[C][C][C][=Branch1][C][=O][N][=C][Ring1][=Branch1][C][S][Branch2][Ring1][Branch2][C][=Branch1][C][=O][O][C][Branch1][C][C][=O][=N][C][Branch1][C][C][=C][N][=C][Ring1][=Branch2][C][Branch1][Ring1][O][C][=C][C][=C][Ring2][Ring1][Ring2][F][C][=C][C][=C][Ring1][=Branch2][F],C12CC(=O)N=C1CS(C(=O)OC(C)=O)OC=CC=C2F,CC(=O)OC(=O)[SH]1CC2=NC(=O)CC2C(F)=CC=CO1,True,True
102,[Cl][C][Branch2][C][=Branch1][C][=O][C][Branch1][C][C][=C][Ring1][=Branch2][C][=Branch1][C][=O][O][C][=C][C][Branch1][C][O][C][Branch1][#Branch1][N][C][Branch1][C][C][O][C][N][/S][=Branch1][C][=O][C][=C][C][=C][Ring1][N][Ring2][Ring1][Ring2][C][=C][Ring1][#Branch2],ClC(C=O)C=CC(=O)OC=CC(O)C(N1C(C)O)CN/S(=O)C=CC=C1,CC(O)N1C=CC=CS(=O)NCC1C(O)C=COC(=O)C=CC(Cl)C=O,True,True
103,[C][O][C][=C][Branch1][C][N][C][=C][C][=Branch1][C][=O][N][C][=C][Ring1][Branch2][C][Branch2][Ring1][C][O][C][=C][C][Branch1][C][C][=C][C][=C][Ring1][#Branch1][C][=C][=O][N][=C][Ring1][S],C1OC=C(N2)C=CC(=O)NC=C2C1OC3=CC(C)=CC=C3C=C=O,Cc1ccc(C=C=O)c(OC2COC=C3C=CC(=O)NC=C2N3)c1,True,True
104,[C][#C][C][=C][N][=C][C][Branch1][C][S][C][=C][C][=Branch1][=C][=O][C][=N][O][Ring1][=Branch1][C],C#CC=CN=CC(S)C=CC=O,C#CC=CN=CC(S)C=CC=O,True,True
105,[C][C][C][C][=C][C][Branch1][C][O][C][Branch1][C][C][S][C][=C][Branch1][#Branch2][N][C][=C][C][=C][Ring1][=Branch1][=C][Ring1][#C][C][=C][C][=C][Branch1][C][F][C][Branch1][C][Cl][=C][Ring1][C][Cl][=C][Ring2][Ring1][C][=C][Ring2][Ring1][S],CCCC1=CC(O)C(C)SC=C(NC=CC=CC1)C=CC=C(F)C(Cl)=CCl,CCCC1=CC(O)C(C)SC=C(C=CC=C(F)C(Cl)=CCl)NC=CC=CC1,True,True
106,[C][C][=C][Branch1][Ring2][C][=N][C][=C][Ring1][=Branch1][C][=Branch1][C][=O][N][Branch1][#Branch2][C][Branch1][C][F][Branch1][C][F][C][=C][Ring1][=C][N][C][C][=C][Ring1][=Branch1][C][O][C][=Branch1][Ring2][=C][C][=C][C][=Ring1][#Branch1],C1C2=C(C=NC)C2C(=O)N1C(F)(F)C=C,C=CC(F)(F)N1CC2=C(C=NC)C2C1=O,True,True
107,[C][C][C][=C][C][=C][C][=Branch1][C][=O][NH1][C][Branch1][#C][C][O][C][Branch1][C][C][=C][C][Branch1][C][C][=N][N][C][C][Ring1][#Branch1][C][Branch1][O][C][S][C][C][Branch1][C][C][C][C][Ring1][=Branch2][C][Branch1][C][F][=C][Ring2][Ring1][O][C],CCC=CC=C1C(=O)[NH1]C(COC(C)=C2C(C)=NNC)C23C(CSCC(C)CC3)C(F)=C1C,CCC=CC=C1C(=O)NC2COC(C)=C(C(C)=NNC)C23CCC(C)CSCC3C(F)=C1C,True,True
108,[C][N][C][=N][C][Branch1][=N][C][C][=C][N][C][Branch2][Ring1][C][C@H1][Branch1][C][O][N][Ring1][#Branch1][C][=C][Branch1][#C][C][=Branch1][C][=O][N][Ring1][#Branch2][C][Branch1][Ring1][O][C][C][=C][Ring1][Branch2][C][=C][Ring2][Ring1][C][C],C1NC=NC1(CC2=C3N4C[C@H1](O)N2C=CC(=O)N4C(OC)C=C)C=C3C,C=CC(OC)N1C(=O)C=CN2C3=C(C(C)=CC4(CNC=N4)C3)N1C[C@@H]2O,True,True
109,[C][#C][C][C][C][C][Branch1][C][C][=C][Ring1][=Branch1][C][=C][C][Branch2][Ring1][Ring2][C][O][C][=C][Branch1][C][F][C][=C][Branch1][C][\C][C][Ring1][=Branch2][/C][=C][/C][=C][C][=Branch1][C][=O][C][Ring2][Ring1][Ring1],C#CC1CCC(C)=C1C2=CC(C3OC=C(F)C=C(\C)C3/C=C/C=C)C(=O)C2,C#CC1CCC(C)=C1C1=CC(C2OC=C(F)C=C(C)C2/C=C/C=C)C(=O)C1,True,True
110,[C][O][C][=C][Branch1][C][F][C][Branch1][C][N][=C][C][C][Branch2][Ring1][=Branch1][C][=C][C][=C][Branch1][C][F][N][Ring1][#Branch1][C][Branch1][C][C][=C][Ring1][N][C][Branch1][C][I][=C][N][Branch1][#Branch1][C],COC=C(F)C(N)=C1CC(C=CC=C(F)NC(C)=C1CI)=CNC,CNC=C1C=CC=C(F)NC(C)=C(CI)C(=C(N)C(F)=COC)C1,True,True
111,[C][=C][C][=Branch1][C][=O][C][C][O][C][=Branch1][=C][=C][C][=Branch1][Ring2][=C][C][Br][C][=C][Ring1][O][C][=C][C][Branch1][C][O][=C][Ring1][#Branch1][C][N][C][C][Branch1][C][O][C][C][Ring1][S][=O],C=CC(=O)C1COC(=CC(=CC2Br)C3=C1C=C)C(O)=C3CNCC(O)CC2=O,C=CC(=O)C1COc2cc3c(c(c2O)CNCC(O)CC(=O)C(Br)C=3)=C1C=C,True,True
112,[C][O][C][C@H1][C][Branch1][#Branch2][C][C][C][=C][C][Branch1][C][F][F][=N][C][Branch2][Ring1][C][N][Branch1][C][F][F][C][=Branch1][C][=O][C][=C][Ring1][N][C][=C][NH1][C][=C][C][Ring1][Branch1][=C][Branch1][C][Cl][C][Ring1][=Branch2],COC[C@H1]C(CCC=CC(F)F)=NC(N(F)F)=CC=C(Cl)C,COC[CH]C(CCC=CC(F)F)=NC(=CC=C(C)Cl)N(F)F,True,True
113,[C][C][C][C][=C][C][Branch2][Ring1][=Branch1][C][N][C][=C][Ring1][Branch1][C][=C][/C][NH1][C][C][=C][Branch1][C][O][C][=C][Ring1][#Branch2],CCCC=CC1CNC=C1C2=C/C[NH1]CC=C(O)C=C2,CCCC=CC1CNC=C1C1=CCNCC=C(O)C=C1,True,True
114,[N][#C][C][=C][C][Branch2][Ring1][P][C][C][=Branch1][C][=O][C][=Branch1][C][=O][O][C][=C][C][=N][C][=C][Ring1][=Branch1][=C][Branch2][Ring1][N][N][C][=Branch1][C][=O][C][C][N][C][=C][C][Branch1][C][F][=N][Ring1][Branch1][C][=C][Ring1][=Branch2][O][C][Ring2][Ring1][#C][=Ring2][Ring1][N],N#CC=CCCC(=O)C(=O)OC1=CC=NC=C1CNC(=O)CCNC2=CC(F)=N2,N#CC=CCCC(=O)C(=O)Oc1ccncc1CNC(=O)CCNC1=CC(F)=N1,True,True
115,[C][S][C][=C][C][Branch1][#Branch1][C][=C][C][C][=C][Ring1][Branch1][N][C][=C][C][=C][Ring1][Branch2][C][Branch1][=C][N][C][=C][Ring1][O][S][Branch1][C][F][=O][C][=C][Ring1][=C][C][#N],CSC=CC(C1=CC2C3=C1)NC=CC=C2C(NC=C3S(F)=O)=CC#N,CSC=CC1NC=CC=C2C(=CC#N)NC=C(S(=O)F)C3=CC1=CC23,True,True
116,[N][C][N][C][=Branch1][C][=S][C][C][=O][C][N][Ring1][Branch1][C][=N][N][=C][Branch2][Ring1][C][=C][Branch1][=N][C][=C][C][=N][C][=C][Ring1][=Branch1][C][Branch1][C][F][Branch1][C][F][C][=C][N][Ring1][#C][C][Ring2][Ring1][Ring1][N][Ring2][Ring1][C],NCNC(=S)CC=O,NCNC(=S)CC=O,True,True
117,[O][C][=Branch1][C][=O][C@@][C][=C][C][=N][C][Branch2][Ring1][Branch1][C][C][C@H1][C][C][=C][Branch1][Branch2][C][N][=C][Ring1][#Branch1][C][=C][Ring1][=N][F][C][=C][C][Branch1][C][Cl][=C][Ring1][=Branch2][C][Branch1][C][F][=C][Ring2][Ring1][#Branch2][C][=C],O1C(=O)[C@@]C=CC=NC(CC[C@H1]2CC=C3CN=C2C=C)C(Cl)=C3C(F)=C1C=C,C=CC1=NCC2=CC[C@@H]1CCC1N=CC=C[C]C(=O)OC(C=C)=C(F)C2=C1Cl,True,True
118,[C][C][=N][N][=C][Branch1][Ring1][PH2][#N][C][C][=C][C][Branch2][Ring2][#Branch1][C][=C][N][C][=Branch1][C][=O][C][C][=C][Branch2][Ring1][=C][C][=C][Branch1][=Branch2][C][C][N][C][Branch1][C][C][N][C][=Branch1][C][=O][C][=C][Ring1][#Branch2][Br][S][Ring2][Ring1][C][C][C][Ring2][Ring1][=N],CC=NN=C([PH2]=N)CC=CC(C=CNC(=O)CC=CC=C(C1CNC(C)N)C(=O)C=C1Br)=N,CC=NN=C(CC=CC(=N)C=CNC(=O)CC=CC=C1C(=O)C=C(Br)C1CNC(C)N)[PH2]=N,True,True
119,[C][C][C][=C][Branch1][=Branch2][C@@H1][C][C][C@H1][Ring1][=Branch1][O][C][=Branch1][C][=O][C][=C][C][=C][Branch1][C][F][C][Ring1][P][C][Branch1][Branch2][N][=N][C][Ring2][Ring1][Ring1][O][C][C][N][Branch1][C][C][C][F][C][=C][Ring1][#C][C][C][Ring1][N],CCC1=C([C@@H1]CC[C@H1]1OC)C=O,CCC1=C(C=O)[CH]CC[C@H]1OC,True,True
120,[C][C][O][C][=Branch1][C][=O][C][=C][C][=C][NH1][C][=Ring1][#Branch1][C][O][C][C][O][C][=C][C][Ring1][=Branch1][=C][O][C][=Branch1][C][=O][C][=C][C][Branch1][#Branch1][C][=C][Ring1][=N][C][C][Ring2][Ring1][Branch1][=C][C],CCOC(=O)C1=CC=C[NH1]CCOC2COC=CC2=COC(=O)C=CC1(C=CCC)CC,CCC=CC1(CC)C=CC(=O)OC=C2C=COCC2OCCNC=CC=C1C(=O)OCC,True,True
121,[O][=C][N][=C][C][=C][Branch2][Ring1][Branch1][C][=N][C][=C][C][Branch1][C][O][C][C][Branch1][C][F][F][C][=C][Ring1][#Branch2][C][=C][Branch1][C][Cl][C][=C][C][=C][Ring1][#C][C][Branch1][C][C][=C][NH1][C][=N][C][Ring2][Ring1][C][Br],O=CN=CC=C(C=NC=CC(O)CC(F)F)CCl,O=CN=CC=C(C=NC=CC(O)CC(F)F)CCl,True,True
122,[C][C][C][=C][Branch1][#Branch2][C][N][C@H1][C][C][=C][C][=C][C][Branch1][=Branch1][C][=Branch1][C][=O][C][=C][C][=C][Branch1][=Branch1][C][Branch1][C][N][=O][C][C@@H1][Ring1][=Branch2][C][=C][Branch1][C][C][C][Branch1][C][F][=C][Ring1][O],CCC=C(CN[C@H1]CC=CC=CC)C(=O)C1=CC=C(C(N)=O)C[C@@H1]1C=C(C)C(F)=C,C=C(F)C(C)=C[C@H]1CC(C(N)=O)=CC=C1C(=O)C(=CCC)CN[CH]CC=CC=CC,True,True
123,[C][C][C@H1][Branch2][Ring1][Branch2][O][C][=N][C][Branch1][P][C][N][=C][Branch1][C][F][C][=C][Ring1][=Branch1][C][#N][Branch2][Ring1][C][=C][S][=Branch1][C][=O][C][=C][C][Branch1][C][Cl][=C][C][Branch1][C][C][=O][C][Ring2][Ring1][=Branch1][C][=C][C][O],CC[C@H1](OC=NC(C1N=C(F)C=C1C#N)S)C=O,CC[C@@H](C=O)OC=NC(S)C1N=C(F)C=C1C#N,True,True
124,[C][C][C][=C][N][Branch1][C][O][C][=Branch1][C][=O][C][=C][Branch1][Ring1][C][#C][C][=C][C][N][=C][Ring1][#Branch1][N][C][=C][C][=C][Branch1][C][C][N][=C][C][Ring1][=Branch1],CCC=CN(O)C(=O)C=C(C#C)C=CCN=CNC=CC1=C(C)N=CC1,C#CC(C=CCN=CNC=CC1=C(C)N=CC1)=CC(=O)N(O)C=CCC,True,True
125,[C][C][=C][N][C][=C][C][=N][C][Branch1][#C][N][C][C][Br][=C][C][=C][Ring1][N][O][C][Branch1][C][C][C][O][=C][C][Branch1][Ring1][C][C][=N][Ring2][Ring1][=Branch1],C1C=CNC=CC=NC(NCCBr)COCC(CC)=N1,CCC1=NCC=CNC=CC=NC(NCCBr)COC1,True,True
126,[C][C@][C][=C][C][Branch2][Ring1][=Branch2][S][=Branch1][C][=O][N][C][=C][C][=C][C][Branch1][=C][C][=C][C][Ring1][=Branch1][S][C][=Branch1][C][=O][N][C][=N][C][Branch1][C][C][=C][C][Branch1][C][F][=C][C][C@][Ring2][Ring1][O][C][=C][Ring2][Ring1][#Branch2][O],C[C@]C=C1C(S(=O)NC=CC2=CCC=CC2SC(=O)NC=N)C(C)=CC(F)=CC[C@]1C=CO,C[C]C=C1[C](C=CO)CC=C(F)C=C(C)C1S(=O)NC=CC1=CCC=CC1SC(=O)NC=N,True,True
127,[C][C][=C][C][=C][=N][C][Branch2][Ring1][C][C][Ring1][=Branch1][=C][Branch1][C][F][C][=C][Branch1][C][F][C][=C][Ring1][Ring2][C][O][Ring1][=Branch2][=C][Branch1][C][O][C][=C][Ring1][#C][C][=C][C][=C][Ring1][P][N][C][=C][O][C][Branch1][C][C][=C][Ring1][=Branch2],CC=C1C=C=NC(C1=C(F)C=C(F)C=CC)O,CC=CC(F)=CC(F)=C1C(=CC)C=C=NC1O,True,True
128,[C][=C][Branch1][C][O][C][=C][C][=N][C][=C][Branch1][Ring1][O][C][C][=N][Ring1][#Branch1][C@H1][Branch1][C][N][C][=C][C][=C][C][=Branch1][Ring2][=C][Ring1][=Branch1][S][C][Ring1][#Branch1][=C][C][Ring1][N][=O],C=C(O)C=CC=NC=C(OC)C=N,C=C(O)C=CC=NC=C(C=N)OC,True,True
129,[C][=C][Branch2][Ring2][#C][C][=N][O][C][C][=C][Branch2][Ring2][C][C][N][Branch1][#Branch1][C][=C][O][C][N][Branch1][#Branch2][C][=Branch1][C][=O][C@][Ring1][=Branch1][C][=C][C][=C][Ring1][=C][C][O][C][=C][Ring2][Ring1][#Branch1][Br][C][=Branch1][C][=O][C][C@H1][Ring2][Ring1][=C][C][=Branch1][C][=O][O][C],C1=C(C=NOCC=C(C2N(C=COCNC(=O)[C@]C=C)C=C2COC=CBr)C=O)[C@H1]1C(=O)OC,C=C[C]C(=O)NCOC=CN1C=C(COC=CBr)C1C(C=O)=CCON=CC1=C[C@@H]1C(=O)OC,True,True
130,[C][C@H1][C][=C][C@@][Ring1][#Branch1][N][C][=C][C][=C][C][=C][C][=C][Ring1][=Branch1][=N][N][C][C@H1][Ring1][S][C][=N][C][Branch1][C][C][=C][N][Ring1][Branch1][C][=C][Ring1][#C][C][Cl][C][=C][Branch1][Ring1][C][C][N][=C][Ring2][Ring1][N],C1[C@H1]C2=C[C@@]1NC=CC3=CC=C4C=C3NNC[C@H1]2C=NC(C)=CNC=C4CCl,CC1=CNC=C(CCl)c2ccc3c(c2)NNC[C@@H](C=N1)C1=C[C](C[CH]1)NC=C3,True,True
131,[C][C][C][=C][C][=C][C][=C][C][Branch2][Ring1][N][O][C][=C][C][=N][C][=C][C][Branch1][C][Cl][=C][C][Branch1][=Branch1][C][=Branch1][C][=O][N][Ring1][#C][Ring1][N][Branch1][C][I][C][=N][Ring2][Ring1][C][=C][C][Branch1][C][F][Branch1][C][F][F][=C][Ring1][#Branch1],CCC=CC=C1C=C2C3(OC=CC=NC=CC(Cl)=CC13C(=O)N)C=N2,CCC=CC=C1C=C2N=CC23OC=CC=NC=CC(Cl)=CC13C(N)=O,True,True
132,[C][N][C][C][=Branch1][C][=O][C][C][=Branch1][Ring1][=C][Branch2][Ring2][C][C][=C][C][=N][C][=C][Ring1][=Branch1][C][Branch1][#C][C@H1][C][O][C][Branch1][C][Cl][=C][Ring1][Branch2][=N][C][Branch1][Ring1][C][O][C][C][Ring1][S],CNCC(=O)CC=CC1=CC=NC=C1C([C@H1]COC(Cl)=CNCCO)CC,CCC([CH]COC(Cl)=CNCCO)c1cnccc1C=CCC(=O)CNC,True,True
133,[C][=C][Branch1][C][O][C][Branch2][Ring2][Branch1][C][C][=N][C][=C][Branch2][Ring1][N][/C][=C][/C][=C][C][Branch1][C][F][=C][Branch1][C][N][C][=C][C][=C][Ring1][Branch1][C][C][=C][Ring1][O][C][Branch1][C][C][=N][Ring1][S][O][C][=C][Ring2][Ring1][O],C1=C(O)C1(CC=NC=C(/C=C/C=CC(F)=C(N2)C=CC=C2CC=CCC)N)OC=C,C=COC1(CC=NC=C(N)/C=C/C=CC(F)=C2C=CC=C(CC=CCC)N2)C=C1O,True,True
134,[C][C][=C][Branch1][C][F][C][=N][C][Branch2][Ring1][C][O][C][C][Ring1][=Branch1][C][C@H1][Branch1][C][F][C][=C][C][=C][Ring1][=Branch1][I][C][C@H1][Ring2][Ring1][C][=N][=C],CC=C(F)C1=NC(OCC1C[C@H1](F)C=CC=CI)C[C@H1]N=C,C=N[CH]CC1N=C(C(F)=CC)C(C[C@H](F)C=CC=CI)CO1,True,True
135,[C][C][C][C][=N][N][Branch1][C][O][C][=C][C][Branch1][C][N][=C][PH1][Branch1][C][F][C][=C][C][=C][C][Branch1][C][Cl][=C][Ring1][#Branch1][S][C][=Branch1][C][=O][C][O][C][Branch1][C][C][=O][C][S],CCCC=NN(O)C=CC(N)=C[PH1](F)C1=CC=CC(Cl)=C1SC(=O)COC(C)=O,CCCC=NN(O)C=CC(N)=C[PH](F)c1cccc(Cl)c1SC(=O)COC(C)=O,True,True
136,[C][C][Branch1][C][O][C][C][C][=C][C][=C][N][C][Branch1][C][N][Branch1][Ring1][C][N][Branch1][C][F][F][C][=N][Ring1][O],CC(O)CCC=CC=CNC(N)(CN)CF,CC(O)CCC=CC=CNC(N)(CN)CF,True,True
137,[N-1][=N+1][Branch2][Ring1][=C][O][C][C][N][Branch1][C][C][N][C][=C][C][Ring1][Ring2][N][Branch1][#C][C][=N][Ring1][=C][C][Branch1][C][O][C][=C][C][N][Branch1][C][C][C][=C][Ring1][#Branch1][C][=C][Ring2][Ring1][C],[N-1]=[N+1](OCCN(C)N1C=CC12NC=N)CC=C2C=C,C=CC1=CC[N+](=[N-])OCCN(C)N2C=CC12NC=N,True,True
138,[C][O][C][N][=C][Branch2][Ring1][#C][C][Branch1][C][C][N][N][=C][C][C][=Branch1][C][=O][C][Cl][=C][C][=C][C][=C][Branch1][C][Cl][C][=N][Ring1][#Branch1][C][=C][Ring1][N][=C][C][=C][Ring2][Ring1][Ring1][F][C],C1OCN=C(C(C)NN=CCC(=O)CCl)CC=C1F,CC(NN=CCC(=O)CCl)C1=NCOCC(F)=CC1,True,True
139,[C][C][S][C][=C][C][=Branch1][C][=O][C][=Branch1][C][=O][C][Ring1][O][C][=C][C][=Branch1][N][=C][C][=N][C][=C][Branch1][Ring1][C][=C][C][Ring1][=Branch2][=N][C][Branch1][C][Br][=C][Ring2][Ring1][=Branch2],C12CSC=CC(=O)C(=O)C1C=CC(=CC=NC=C(C=C)C)NC(Br)=C2,C=CC(C)=CN=CC=C1C=CC2C(=O)C(=O)C=CSCC2C=C(Br)N1,True,True
140,[C][C@@H1][C][O][C][C][=C][Ring1][=Branch1][C][C][C][O][C][C][Branch1][C][C][=C][Branch1][=Branch2][C][C][=C][C][=C][Ring1][=Branch1][C][=C][Ring1][=C][C][C][=Branch1][C][=O][C@H1][Ring1][=N][C],C[C@@H1]1COCC=C1CC2COCC(C3)=C(CC=CC=CC)C2CC(=O)[C@H1]3C,CC=CC=CCC1=C2COCC(CC3=CCOC[C@H]3C)C1CC(=O)[C@@H](C)C2,True,True
141,[O][C][=N][C][Branch1][Branch2][C][C][Branch1][Ring1][C][=C][N][=N][C][Branch1][#Branch2][C][O][C][C][=C][C][Branch1][C][C][=C][N][=Ring1][=Branch1][=C][Ring1][#C][C][=C][C][=C][C][Branch1][C][C][=C][Ring1][Branch2][C][Ring2][Ring1][=Branch1][N],OC=NC(CC(C=C)N)=NC(COCC1=CCC)=CN1,C=CC(N)CC(N=CO)=NC1=CNC(=CCC)COC1,True,True
142,[C][C@@H1][C][=N][C][C][N][Branch1][=Branch2][C][Branch1][C][C][N][Ring1][=Branch1][C][=C][Ring1][#Branch2][C][C][=C][Ring1][=C][C][Branch2][Ring1][=Branch1][C][C@@][Branch1][C][F][C][C@][Branch1][C][C][Branch1][C][O][C][=C][C][Branch1][C][C][=C][Ring1][=N][C][C],C[C@@H1]1C2=NC3CN(C(C)N3C)C2CC=C1C4(C[C@@](F)C[C@](C)(O)C=CC(C)=C4)CC,CCC1(C2=CCC3C(=NC4CN3C(C)N4C)[C@H]2C)C=C(C)C=C[C@@](C)(O)C[C](F)C1,True,True
143,[C][C][C][C][C][Branch2][Ring1][C][C][N][C][C][Branch1][O][C][C][C][Branch1][C][F][C][=N][Ring1][=N][C][N][=C][Branch1][Branch2][C][=Ring1][#Branch1][C][=N][Ring2][Ring1][=Branch1][C][Branch1][C][C][C][C][=Branch1][C][=O][C][=C][C][=C][Ring1][#Branch1][Ring1][S],C1CC2CC(CNCC(CCC(F)C=N2)C)N=C(CC=N1)C(C)C3C(=O)C=CC=C3,CC1CCC(F)C=NC2CCN=CCC(C(C)C3C=CC=CC3=O)=NC(CNC1)C2,True,True
144,[N][N][=C][N][Branch2][Ring1][=Branch1][C][=C][C][S@@][=Branch1][C][=O][C][=C][C][Branch2][Ring1][#Branch1][O][Ring1][=Branch1][C][C][=C][S][C][Branch1][#Branch1][O][C][C][Branch1][C][F][C][=C][Ring1][#Branch2][C][=C][C][Branch1][Ring1][C][=N][Ring2][Ring1][Ring1],N1N=CN(C=CC[S@@]2(=O)C=CCO2)C1C=N,N=CC1NN=CN1C=CC[S@@]1(=O)C=CCO1,True,True
145,[C][C][O][N][Branch1][#Branch1][C][=Branch1][C][=O][N][C][=N][C][Branch1][C][C][=C][S][C][Ring1][=Branch1][C][=C][Ring1][O][C][=Branch1][C][=O][N][=C][Ring1][P][C][=C][Branch1][C][Br][C][=C][C][Branch1][=Branch2][C][=C][Ring1][Branch1][C][C][=C],CCON(C(=O)NC)N1C(C)=CSC1C=CC(=O)N=CC=C(Br)C2=CCC=C2CC=C,C=CCC1=CCC=C1C(Br)=CC=NC(=O)C=CC1SC=C(C)N1N(OCC)C(=O)NC,True,True
146,[C][C][Branch1][C][C][C][O][C][=C][C][C][=C][C][=Branch1][C][=N][C][C@H1][Branch1][C][N][C][=C][C][Branch1][=Branch2][N][C][=N][C][C][Ring1][=Branch1][N][=C][Ring1][#Branch2][C][=Branch1][C][=O][N][C][=C][Ring2][Ring1][C][=C][C][Branch1][#C][C][C][Ring2][Ring1][C][=O],CC(C)COC=CCC=CC(=N)C1[C@H1](N)C2=C3C(NC=NCCN)=C2C(=O)NC=C1CCCC3=O,CC(C)COC=CCC=CC(=N)C1C2=CNC(=O)C3=C(NC=NCCN)C(=C3[C@H]1N)C(=O)CCC2,True,True
147,[C][C@H1][Branch1][C][C][Branch1][Ring1][C][=O][C][Branch2][Ring2][Branch1][C][=C][C][N][=C][C][C][Branch2][Ring1][C][N][O][C][=C][Branch1][C][F][C][=C][Branch1][C][C][=C][N][C][=C][Ring1][#Branch1][C][=C][Ring1][P],C=[C@H1]C,C=CC,True,True
148,[O][=C][C][Branch1][C][O][C][C][=Branch1][C][=O][N][C][=N][C][Branch1][#Branch2][C][=C][C][=C][C][Branch1][C][O][=C][C][Ring1][#Branch1][=S][=C][Ring1][N][C][=C][C][=C][Branch1][O][C][C][C][=C][C][=C][Ring2][Ring1][#Branch2][N],O=CC(O)CC(=O)NC=NC(C=C1C=CC(O)=C)C1=S=CC=CC=CCCC=CC=CN,C=C(O)C=CC1=CC(N=CNC(=O)CC(O)C=O)C1=S=CC=CC=CCCC=CC=CN,True,True
149,[C][C@H1][Branch1][O][N][C][C][=C][Branch1][C][Br][C][=C][Ring1][#Branch1][N][C][O][C][Ring1][Branch2][Branch1][C][O][C][Branch1][=N][N][Branch1][C][C][O][C][C][C][=C][C][Ring1][N][C][=C][C][Ring1][#Branch1][F],C[C@H1](N1CC=C(Br)C=C1)NCOC(O)C(N(C)OCC2C=CC)C=CC2F,CC=CC1CON(C)C(C(O)OCN[C@H](C)N2C=CC(Br)=CC2)C=CC1F,True,True
150,[C][N][C][C][C][=C][C][=C][Branch1][#Branch2][C][N][=C][C][=C][Ring1][=Branch1][Ring1][Branch1][=N][O][C][Ring1][Branch1][N][C][=Ring1][=Branch2][C][=C][C][=C][N][=C][Ring1][=Branch1][C],CNCCC=CC=C(C1N=CC2=C1)NOC2NCC3=CC=CN=C3C,CNCCC=CC=C1NOC(NCc2cccnc2C)C2=CC1N=C2,True,True
151,[C][C][O][C][=Branch1][C][=O][C][=C][C][=C][Branch1][=Branch2][C][Ring1][C][=C][C][C][=Branch1][C][=O][N][C][=C][C][=C][Ring1][=Branch1][N][C][=C][Ring1][=N][O][C][C][=C][Branch1][C][F][C][=C][C][Branch2][Ring1][C][Cl],CCOC(=O)C=CC=C(C1=CCC=O)NC=CC=CNC=C1OCC=C(F)C=CCCl,CCOC(=O)C=CC=C1NC=CC=CNC=C(OCC=C(F)C=CCCl)C1=CCC=O,True,True
152,[C][C][C][C][=C][C][O][C@@H1][Ring1][Branch1][C][C@H1][Branch1][C][O][C][C][N][Ring1][#Branch2][C][=C][Ring1][Branch1][O][C][=C][C][Branch1][C][C][=C][C][=C][Ring1][=Branch1][Cl][C][=C][C][=C][C][Branch1][C][C][=C][Ring1][S][Ring2][Ring1][Ring2],CCCC1=C2CO[C@@H1]1C[C@H1](O)C3CN2C=C3OC=C4C(C)=CC=C4Cl,CCCC1=C2CO[C@@H]1C[C@H](O)C1CN2C=C1OC=C1C(C)=CC=C1Cl,True,True
153,[C][N][C][=C][N][Branch2][Ring1][Branch1][C][=Branch1][C][=O][C][=Branch1][C][=O][O][C][=C][C][=C][Branch1][=C][O][C][=Branch1][C][=O][O][C][Branch1][C][Br][=C][C][Branch1][#Branch2][N][C][=C][C][Branch1][C][C][=C][C][=Ring1][Branch2][Ring1][=N][=C][Ring2][Ring1][O],C1NC=CN1C(=O)C(=O)OC=CC=COC(=O)OC(Br)=CCNC=CC(C)=CC,CC=C(C)C=CNCC=C(Br)OC(=O)OC=CC=COC(=O)C(=O)N1C=CNC1,True,True
154,[C][O][C][=C][C][Branch2][Ring1][Branch1][C][=C][/C][=C][Branch2][Ring1][=Branch1][C][=C][C][=Branch1][C][=O][S][C][=C][Ring1][N][C][=Branch1][C][=O][C][Branch1][C][C][Branch1][C][F][=C][Ring1][#Branch2][C][=C][Ring2][Ring1][C][=C][Branch1][C][O][C][C][Ring1],COC=CC(C=C1/C=CC=CC(=O)SC=CC(=O)C(C)F)=CC=C1C(O)C=C,C=CC(O)c1ccc(C=COC)cc1C=CC=CC(=O)SC=CC(=O)C(C)F,True,True
155,[F][C][C][=N][C][Branch1][#C][C][C][=C][C][Branch1][Branch2][C][=Branch1][C][=O][O][Ring1][#Branch2][C][C][=N][O][C][Branch1][C][C][=C][Ring1][=C][C][=N][C@][Branch1][C][Br][Branch1][C][F][C][=C][Ring1][=Branch1],FCC1=NC(C2C=CC(C(=O)O1)C)C=NOC(C)=C2C=N[C@](Br)(F)C=C,C=C[C@](F)(Br)N=CC1=C(C)ON=CC2N=C(CF)OC(=O)C(C)C=CC12,True,True
156,[C][C][=Branch1][Ring1][=C][O][C][=Branch1][C][=O][C][=C][Branch1][C][F][C][=C][Branch1][Ring1][C][C][=C][C][=C][N][Branch1][C][C][=Branch1][C][=O][N][C][=C][Branch1][#Branch1][C][=Branch1][C][=O][N][=C][Branch1][=Branch2][C][C][=C][C][=C][Ring1][S][C][Ring2][Ring1][=Branch1][=C][Ring2][Ring1][#Branch2],CC(=CO)C(=O)C=C(F)C=C(CC)CC=CN(C)C=O,CCC(=CC(F)=CC(=O)C(C)=CO)CC=CN(C)C=O,True,True
157,[C][C][C][S][C][Branch1][N][C][=N][C][O][C][Ring1][=Branch1][=C][Ring1][=C][C][=C][C][=C][Branch1][C][F][C][=C][Branch1][Branch2][C][=N][C][Ring1][N][=Ring1][=Branch2][C][=C][O][C][=C][Ring2][Ring1][Ring1][F],C1CCSC(C=NC2OC3=C1C)=C4C=C(F)C=C(C=NC34)C=COC=C2F,CC1=C2OC3N=CC(=C4C=C(F)C=C(C=COC=C3F)C=NC42)SCCC1,True,True
158,[O][=C][Branch1][=C][=N][C][=C][C][=C][C][=C][C][N][=C][Ring1][=C][C][=C][Branch1][C][O][N][=C][C][=C][Branch1][Branch2][C][=Branch1][C][=O][N][Branch1][=Branch1][C][Branch1][C][O][=O][C][=C][Ring1][=C][C][C][Branch1][=C][O][C][=C][C][=C][Ring1][Branch1][=C][Ring2][Ring1][=Branch1],O=C(NC=CC=CC=CCN=CC)C1(O)N=CC=C(C(=O)NC(O)=O)C=C1CCOC=CC=CC,CC=CC=COCCC1=CC(C(=O)NC(=O)O)=CC=NC1(O)C(=O)NC=CC=CC=CCN=CC,True,True
159,[C][C][=C][C][=C][C][=C][Branch2][Ring1][=C][S][C][=Branch1][C][=O][C][C][N][Branch1][C][C][S][C][=C][Ring1][=C][C][Branch1][C][C][=C][Ring1][#Branch2][C][=C][Ring2][Ring1][Ring2][C][=C][N][Ring1][=Branch1][C][Branch1][C][C][=N],CC=C1C2=CC=C(SC(=O)C3CN(C)SC=C2C(C)=C3C=C1C)CNC(C)=N,CC=C1C(C)=CC2=C(C)C3=CSN(C)CC2C(=O)SC(CNC(C)=N)=CC=C13,True,True
160,[N][#C][C][=C][C][Branch1][C][C][=C][Ring1][Branch2][C][N][C][Branch1][C][C][=C][Ring1][=N][=C][C][=C][Branch1][Ring1][S][C][=C][C][N][C][Ring1][=Branch2][=O][C][C][C][Ring1][#C][C][=C][C][=C][Ring2][Ring1][Branch2][O][C],N#CC=CC(C)=CCNC(C)=CC1C=C(SC)CCNC1=O,CSC1=CC(C=C(C)NCC=C(C)C=CC#N)C(=O)NCC1,True,True
161,[C][=Branch1][C][=O][N][=C][C][Branch1][C][C][=Branch1][C][=O][C@@H1][C][C][=C][Branch1][C][I][C][Branch1][#Branch1][C][=N][Ring1][Branch2][=C][C][=N][Ring1][#Branch2][C][C][Branch1][C][C][=C][C][Ring2][Ring1][=Branch2][C][C],C(=O)N=CC(C)(O1)[C@@H1]2CC=C(I)C(C=N2)=N1,CC1(C=NC=O)ON=C2C=N[C@H]1CC=C2I,True,True
162,[N][C][=C][C][=C][C][=C][Ring1][=N][C][=N][C][Branch1][C][C][O][Branch2][Ring1][#Branch1][N][C][=Ring1][O][N][C][=Branch1][Ring2][=N][C][C][Ring1][=Branch1][C][=C][S][C][Ring1][=Branch1],N1C=CC=CC2=C1C=NC(C)O2,CC1N=CC2=C(C=CC=CN2)O1,True,True
163,[C][C@@H1][C][=C][Branch2][Ring1][C][O][C][=Branch1][C][=O][N][C][=C][NH1][C][=C][C][Ring1][=Branch1][=O][C][C][C][=C][Ring1][P][Cl][C][C][=C][Branch1][C][C][C][Ring1][=Branch1][C][C][Branch1][C][C][C][N],C1[C@@H1]C=C(OC(=O)NC2=C[NH1]C=CC2=O)C=C1Cl,O=C(Nc1c[nH]ccc1=O)OC1=C[CH]CC(Cl)=C1,True,True
164,[O][=C][N][C][C][S][C][=C][Branch1][Branch2][C][=Branch1][C][=S][C][Ring1][O][=O][=C][C][=Branch1][Branch1][=N][C][C][Ring1][#Branch1][C][F],O=CNCCSC=C(C(=S)C1)OCC(=NCC1)CF,O=CNCCSC=C1OCC(CF)=NCCCC1=S,True,True
165,[C][=C][C][=Branch1][C][=O][N][C][=C][Branch1][C][Cl][C][=C][C][C][=Branch1][#Branch2][=C][C][Branch1][C][F][C][=N][C][Branch1][C][S][Ring1][Ring1][C][C][N][=C][C][Ring1][=N][C][=Branch1][C][=O][C][=C][Ring1][Ring1][C],C=CC(=O)NC=C(Cl)C=C1CC1=CC(F)C=NCS,C=CC(=O)NC=C(Cl)C=C1CC1=CC(F)C=NCS,True,True
166,[O][=C][C][=Branch1][C][=O][C][=C][C][O][C][Branch2][Ring1][Ring1][C][=Branch1][C][=O][N][C][=C][C][Branch1][#Branch2][C][=N][C][C][O][C][=C][Ring1][=Branch1][C][=C][C][Branch1][C][Cl][=C][C][=C][Ring2][Ring1][=Branch1][C][=C][Ring2][Ring1][#Branch2][N][C][C],O=CC(=O)C=C1COC(C(=O)NC=CCC=NCCOC=C)C=CC(Cl)=CC=CC=C1NCC,C=COCCN=CCC=CNC(=O)C1C=CC(Cl)=CC=CC=C(NCC)C(=CC(=O)C=O)CO1,True,True
167,[C][#C][C][C][=C][O][C][=Branch1][C][=O][N][C][C][Ring1][=Branch1][C][=C][Branch1][S][C][=C][C][C][Branch1][=Branch1][C][Branch1][C][O][C][C][Ring1][=Branch2][C][C][=Branch1][C][=O][C][=C][Ring1][S][F],C#CCC=COC(=O)NCC1C=C(C=CCC(C(O)C)CC)C(=O)C=C1F,C#CCC=COC(=O)NCC1C=C(C=CCC(CC)C(C)O)C(=O)C=C1F,True,True
168,[C][C][=Branch1][C][=O][C][Branch1][N][C][=C][C][Branch1][=Branch1][C][=C][O][C][=O][C][Ring1][=Branch1][C][Branch1][C][N][C][=C][C][#N][=C][Branch1][C],C1C(=O)C1(C=CC(C=COC=O)C)C(N)C=CC#N,CC(C=COC=O)C=CC1(C(N)C=CC#N)CC1=O,True,True
169,[C][N][NH1][N][=C][Branch2][Ring1][C][C][C][N][C][=C][C][=C][Ring1][=Branch1][C][Branch1][C][F][Branch1][C][F][F][=C][C][Branch1][O][C][=C][Ring1][O][C][=Branch1][C][=O][O][C][Ring2][Ring1][C][=O][C][Ring2][Ring1][C],C1N[NH1]N=C(CC2NC3=C4C=C2C(F)(F)F)CC1(C=C4C(=O)OC)OC3,COC(=O)C1=CC23CNNN=C(CC4NC(=C1C=C4C(F)(F)F)CO2)C3,True,True
170,[C][C][O][C][=Branch1][C][=O][Branch2][Ring1][C][C][Branch1][S][N][Branch1][=Branch1][O][C][=C][=O][=C][C][=C][Branch1][=C][C][=N][Ring1][Branch2][C][O][C][=C][Branch1][C][C][C][=C][Ring1][=Branch1][C][=C][C][=C][Branch1][Ring2][S][C][Branch1][C][C][=N][Ring2][Ring1][Ring1],CCOC=O,CCOC=O,True,True
171,[C][C][=C][C][=N][C][=C][Branch1][C][F][C][=C][C][=Branch1][C][=O][N][C][=N][C][Branch1][Branch2][C][=N][C][Branch1][C][C][=C][Branch1][O][C][=C][Ring1][=Branch1][C][C][S][C][=Ring1][N][C][C][Ring2][Ring1][#Branch1][=O][C][=C][Ring2][Ring1][=N],CC=CC=NC=C(F)C=CC(=O)NC=NC(C=NC(C)=C)(C=CCCSC)CC=O,C=C(C)N=CC(C=CCCSC)(CC=O)N=CNC(=O)C=CC(F)=CN=CC=CC,True,True
172,[C][C][O][C][=N][N][Branch2][Ring2][Ring1][C][Branch1][C][F][=C][C][=C][C][Branch1][C][Cl][=C][Ring1][Branch2][C][F][O][=C][C][=C][Ring1][Ring2][C][=Ring1][#Branch2],CCOC=NNC(F)=CC=CC(Cl)=CCF,CCOC=NNC(F)=CC=CC(Cl)=CCF,True,True
173,[N][#C][C][=C][Branch1][C][F][C][=Branch1][C][=O][N][C][=Branch1][C][=O][O][C][C][=Branch1][C][=O][N][=C][C][Ring1][=Branch2][Branch1][C][F][=C][C][=C][Branch1][Ring1][C][#N][C][=C][C][=C][Ring1][=Branch2],N#CC=C(F)C(=O)NC(=O)OCC(=O)N=CC(F)C1C=C(C#N)C=CC=C1,N#CC=C(F)C(=O)NC(=O)OCC(=O)N=CC(F)C1C=CC=CC(C#N)=C1,True,True
174,[C][O][N][=C][C][Branch2][Ring1][=N][C][=C][Branch1][=Branch1][C][C][=C][C][Branch1][C][N][Branch1][C][O][Ring1][=Branch2][C][Ring1][#Branch2][Cl][C][Branch1][C][Br][F][C][Ring1][=C],CON=CCC1=C(CC=CCN)CO1,CON=CCC1=C(CC=CCN)CO1,True,True
175,[C][C][C][=C][Branch1][#Branch2][C][=Branch1][C][=O][C][Branch1][C][S][C][=C][Ring1][=Branch1][C][=Branch1][C][=O][N][C][=C][C][=C][Ring1][=N],CCC=C(C(=O)C(S)C)CC(=O)NC=CC=C,C=CC=CNC(=O)CC(=CCC)C(=O)C(C)S,True,True
176,[C][O][C][=C][C][=C][C][N][=C][Branch1][C][F][C][Branch1][N][C][C][Branch1][=Branch2][C][C][=Branch1][C][=O][N][C][C][Ring1][=Branch1][=C][Ring1][=N][F][C][=C][Branch1][C][C][C][N][C][=C][Ring2][Ring1][Branch1],COC=CC=C1CN=C(F)C1(CCCC(=O)NCC)CF,CCNC(=O)CCCC1(CF)C(=CC=COC)CN=C1F,True,True
177,[C][C][C][Branch1][C][S][C][C][C][=C][\N][C][C][N][=C][Branch2][Ring1][#Branch1][C@][Branch1][=Branch1][C][=Branch1][C][=O][O][Branch1][C][C][=Branch1][C][=O][C][/C][=C][/O][=C][Ring1][=Branch1][C][=Branch1][C][=O][C][=C][C][Branch1][C][C][=C][C@@H1][Ring2][Ring1][C][Ring1][Branch2][C][=C][C][=C][Ring2][Ring1][O],CCC(S)CCC=C\NCCN=C([C@](C(=O)O)(C)C=O)C=O,CCC(S)CCC=CNCCN=C(C=O)[C@](C)(C=O)C(=O)O,True,True
178,[C][C][N][C][=Branch1][C][=O][C][Branch1][S][C][=C][C][Branch1][C][O][=C][C][Branch1][Ring1][O][C][N][=C][C][C][=C][Ring1][Branch1][C][Branch1][C][F][=N][C][Branch1][C][O][=C][Ring1][#C][C],CCNC(=O)C(C=CC(O)=C1C(OC)N=CC)C=CC(F)=NC(O)=C1C,CC=NC(OC)C1=C(O)C=CC(C(=O)NCC)C=CC(F)=NC(O)=C1C,True,True
179,[C][O][C][=Branch1][C][=O][N][C][=C][C][Branch1][C][F][Branch1][C][F][C][=C][C][Branch2][Ring1][C][C][=C][Ring1][=Branch1][C][=C][C][C][=Branch1][C][=O][C][C][=C][C][Branch1][C][F][C][Branch1][C][F][=C][Ring1][#Branch1][Br],COC(=O)NC=CC(F)(F)C=CC(C=CC=CCC(=O)CC1=CCF)C(F)=C1Br,COC(=O)NC=CC(F)(F)C=CC1C=CC=CCC(=O)CC(=CCF)C(Br)=C1F,True,True
180,[C][=C][Branch1][C][C][Branch2][Ring1][O][C][=N][C@@H1][Branch1][Ring1][C][Cl][P][=Branch1][C][=O][=Branch1][C][=O][C][O][C][=C][Ring1][N][N+1][C][=N][C][=Ring1][Branch1][/C][C][=C][C][=Branch1][Ring2][=C][Ring1][#Branch1],C#CC,C#CC,True,True
181,[N][=C][C][=Branch1][C][=O][C][=Branch1][C][=O][C][=C][Branch2][Ring1][C][C][=C][Branch1][C][F][C][=N][C][=C][Branch1][C][C][Cl][C][=C][Ring1][Branch2][N][Branch1][C][C][Cl][C][=Branch1][C][=O][C][=C][Branch1][#Branch1][C][N][Ring2][Ring1][C][O][=C][Ring2][Ring1][=Branch2],N=CC(=O)C(=O)C=C(C=C(F)C=NC=C(C)Cl)N(C)Cl,CC(Cl)=CN=CC(F)=CC(=CC(=O)C(=O)C=N)N(C)Cl,True,True
182,[C][C][Branch1][C][C][C][=N][C][=C][C][Branch1][N][C][=C][C][=Branch1][C][=O][N][C][=C][C][=N][Ring1][=Branch1][C][C][C@][Ring1][=C][C][C][Branch1][O][C][=Branch1][C][=O][C][Branch1][C][C][=C][Ring1][=Branch1][N][=C][Ring2][Ring1][=Branch1],CC(C1)C=NC=C2C1(C=CC(=O)NC=CC=N)CC[C@]2CC3(C(=O)C(C)=C3)N=C,C=NC1(C[C]2CCC3(C=CC(=O)NC=CC=N)CC(C)C=NC=C23)C=C(C)C1=O,True,True
183,[C][O][C][C][=Branch1][C][=O][S][=Branch1][C][=O][C][=C][O][C][=C][Ring1][N][Branch1][C][N][C][=Branch1][C][=O][C][=C][N][Branch1][C][C][O][C][Ring1][=N],C1OCC(=O)S(=O)C=COC=C1CNC(=O)C=CN(C)OC,CON(C)C=CC(=O)NCC1=COC=CS(=O)C(=O)COC1,True,True
184,[C][O][C][C@H1][Branch1][=Branch1][C][Branch1][C][C][C][O][C][=C][Branch2][Ring1][=C][O][C][Branch1][=C][C][=N][N][C][C][C][Ring1][=Branch2][C][Cl][N][=C][C][=C][C][=C][Ring1][#C][C][=Ring1][=Branch1],COC[C@H1](C(C)C)OC1=C2OC(C=NNCCC2C=3Cl)=CC=C1C=3,COC[C@@H](OC1=C2OC3=CC=C1C=C(Cl)C2CCNN=C3)C(C)C,True,True
185,[C][=C][C][Branch1][C][C][=C][C][=Branch1][C][=O][N][C][Branch1][C][C][O][C][=C][Ring1][=Branch2][=C][C][Ring1][=N][N][C][Ring2][Ring1][=Branch1],C1=CC(C)=C2C(=O)NC(C)OC=C2CCNC1,CC1=C2C(=O)NC(C)OC=C2CCNCC=C1,True,True
186,[C][C][N][C][=Branch1][C][=O][C][=C][C][=C][C][C][=C][C][Branch1][Ring1][C][C][=C][Ring1][Branch2][=C][Branch1][C][Cl][O],CCNC(=O)C=CC=C1CC=CC(CC)=C1C(Cl)O,CCNC(=O)C=CC=C1CC=CC(CC)=C1C(O)Cl,True,True
187,[C][=C][O][C][=Branch1][C][=O][/C][=C][Ring1][Branch1][C][=C][C][=C][C][=C][Branch1][S][C][C][Branch1][=Branch2][C][C][=Branch1][C][=O][N][Branch1][C][C][/C][=C][C][=C][C][=N][Ring1][N][C][=C][Ring1][=Branch1][O][C][Branch1][C][Cl][=C][C][O][Ring1][N],C=COC(=O)/C=CC=CC=CC=C(CC1(CC(=O)NC)/C=C)C=CC=N1,C=COC(=O)C=CC=CC=CC=C1C=CC=NC(C=C)(CC(=O)NC)C1,True,True
188,[C][O][C][=C][C][=C][C][=Branch1][C][=O][N][C][=C][C][Branch2][Ring1][=N][C][=N][C][=C][Branch1][=Branch1][NH1][C][=C][Ring1][Ring1][C][=Branch1][#Branch2][=C][C][Branch1][C][F][Branch1][C][F][F][C][=C][Ring1][#C][O][C][=C][Ring2][Ring1][=Branch2],COC=CC=C1C(=O)NC=CC(C2=NC=C([NH1]C=C)C(=CC(F)(F)F)C=C2O)C=C1,C=CNC1=CN=C(C2C=CNC(=O)C(=CC=COC)C=C2)C(O)=CC1=CC(F)(F)F,True,True
189,[C][C][O][C][=C][C][=Branch1][C][=O][C][NH1][C][=C][Branch1][C][Cl][C][C][Branch1][Ring1][C][=O][=N][C][Branch1][Ring1][C][O][=C][C][=C][Branch1][C][C][C][=C][Ring1][=C][=C][C][Ring2][Ring1][=Branch1][Ring1][S],CCOC=CC(=O)C[NH1]C=C(Cl)C12C(C=O)=NC(CO)=CC=C(C)C=C1CC2,CCOC=CC(=O)CNC=C(Cl)C12CCC1=CC(C)=CC=C(CO)N=C2C=O,True,True
190,[C][C@H1][Branch2][Ring2][Branch1][C][O][C][=C][C][N][=C][Branch2][Ring1][#C][C][O][N][Branch2][Ring1][Branch1][C][=C][C][=C][Branch1][=Branch1][O][C][=C][C][C][Ring1][#Branch1][C][C][Ring1][=Branch1][=O][C][=C][N][Ring2][Ring1][C][Ring1][Branch2][=N][C][=C][Ring2][Ring1][#Branch2][C][Branch1][C][C][=O],C=[C@H1]COC1=CCN=CC2ON(C=CC=C2OC=CCC)N1,C=CCOC1=CCN=CC2ON(C=CC=C2OC=CCC)N1,True,True
191,[O][=C][Branch2][Ring2][=Branch1][C][C][N][=C][N][Branch1][#Branch2][C][C][N][=C][C][=Branch1][C][=O][C][Ring1][N][=C][Ring1][P][C][Branch1][C][Cl][=C][C][Branch1][C][C][Branch1][=Branch2][C][=C][C][=C][N][=C][Ring1][=Branch1][Br],O=C(CCN=CNCCN=CC(=O)C)CBr,CC(=O)C=NCCNC=NCCC(=O)CBr,True,True
192,[C][C][=C][S][C][=Branch1][C][=O][N][C][C][N][Branch1][=C][C][=C][O][C][Branch1][C][C][Branch1][C][F][F][C][=N][Ring1][#Branch1][Cl][C][=C][Ring1][=C][NH1][C][C][Ring1][Ring1][N][C][=Branch1][C][=S][C][=C][Branch1][C][F][C][=C][Ring1][Branch2],CC=CS1C(=O)NCCN1C=COC(C)(F)F,CC=C[SH]1C(=O)NCCN1C=COC(C)(F)F,True,True
193,[C][S][=Branch1][N][=N][C][=C][C][=C][Branch1][C][F][NH1][C][Branch2][Ring1][Branch1][C][N][C][C][Branch1][C][Cl][=C][C][=C][Ring1][#Branch2][N][C][Branch1][C][Cl][=N][C][Branch1][C][Cl][Ring1][=Branch1][C][C][Ring1][Ring1][=C][Ring2][Ring1][=N],C1=S(=NC=CC=C(F)[NH1]CCNCC(Cl)=CC=CNC(Cl)=NCCl)CC=C1,FC(=CC=CN=[SH]1=CC=CC1)NCCNCC(Cl)=CC=CNC(Cl)=NCCl,True,True
194,[C][C][C@@H1][C][C][Branch1][C][C][C][=Branch1][C][=O][N][Ring1][#Branch2][C][C][Branch1][C][C][=C][C][Branch1][=Branch2][C@H1][C][N][N][Ring1][#Branch1][C][=C][O][C][Branch1][Ring2][C][C][Branch1][=C][C][C][Branch1][C][C][=C][Ring1][=C],C1C[C@@H1]CC(C)C(=O)N1CC(C2)=CC([C@H1]3CNN2C=C)OCCCCC(C)=C3,C=CN1CC(CN2CC[CH]CC(C)C2=O)=CC2OCCCCC(C)=C[C@@H]2CN1,True,True
195,[C][C][C][=C][Branch1][C][Br][N][=C][C][=Branch1][C][=O][O][N][C][Branch1][#Branch2][C][=Branch1][C][=O][N][=C][Ring1][#C][C][=C][C][C][Ring1][=Branch1][O][C][Ring2][Ring1][Ring1],CC1C=C(Br)N=CC(=O)ONC(C(=O)N=C1C)=CCCOC,COCCC=C1NOC(=O)C=NC(Br)=CC(C)C(C)=NC1=O,True,True
196,[C][C][Branch1][C][C][C@@H1][Branch2][Ring2][=C][C][O][C][N][=C][Ring1][#Branch1][C][=N][C][=C][C][Branch1][=C][C][=C][C][=C][C][=C][C][=C][S][=Branch1][C][=O][N][=C][Ring1][=Branch2][N][Branch1][C][C][C][Ring1][Ring1][C][=Ring1][O][C][=C][Ring2][Ring1][=Branch1][C][Branch1][C][C][Branch1][C][C][O],CC(C1)[C@@H1](COCN=C1C=NC=CC(C=CC=C2C=C3C=CS(=O)N)=C2N(C)CC3C=C)C(C)(C)O,C=CC1CN(C)c2c(C=CN=CC3=NCOC[C@@H](C(C)(C)O)C(C)C3)cccc2C=C1C=CS(N)=O,True,True
197,[C][C][C][=Branch1][C][=O][N][=C][Branch1][#Branch2][C@H1][C][Branch1][C][F][Branch1][C][N][C][C][=C][C][C][C@H1][Ring1][=Branch1][N][C][=C][C][=C][C][Branch1][C][C][=C][C][Branch1][C][C][=C][Ring1][Branch1],CCC(=O)N=C([C@H1]C(F)(N)C1)C=CCC[C@H1]1NC=CC=CC(C2)=CC(C)=C2,CCC(=O)N=C1[CH]C(N)(F)C[C@H](NC=CC=CC2=CC(C)=CC2)CCC=C1,True,True
198,[C][=C][Branch1][=Branch2][C][=C][Branch2][Ring1][=Branch1][C][=S][=Branch1][C][=O][C][C][C][=C][Ring1][S][C][C][C@H1][Branch1][C][C][O][=C][C][Ring1][=Branch1][=N][C@H1][Ring2][Ring1][C][C][=C][O][C][C][Branch1][C][Cl][=C][Ring2][Ring1][=C][O][C][C],C12=C(C3=CC=S(=O)CCC=C1CC4[C@H1](C)OCC4)N[C@H1]3C=COCC(Cl)=C2OCC,CCOC1=C(Cl)COC=C[C@@H]2NC3=C1C(CC1CCO[C@H]1C)=CCC[SH](=O)=CC=C32,True,True
199,[O][C][C@@H1][C][Branch1][C][N][=C][C][C][C][=C][Branch1][Ring1][C][#N][C][Ring1][#Branch1][S][Branch1][C][Cl][=C][Ring1][O][C][C][=C][Branch1][C][Cl][C][=C][Ring1][=Branch1][C][C][=C][Ring1][=Branch2][Ring2][Ring1][Ring2],OC[C@@H1]C(N)=C1C2CC=C(C#N)C2S(Cl)=C1C34C=C(Cl)C=C3CC=C4,N#CC1=CCC2C(=C(N)[CH]CO)C(C34C=CCC3=CC(Cl)=C4)=S(Cl)C12,True,True
200,[C][=C][O][C][Branch1][=C][S][Branch1][C][C][=Branch1][C][=O][N][C][Branch1][=C][O][C][C][=C][C][=C][C][=C][C][=C][Ring1][Branch1][=C][Ring1][=Branch2][=N][C][=Branch1][C][=O][C][Ring1][O][C][=C][Ring2][Ring1][=Branch1][C][=C][C][Branch1][C][C][=C][Ring1][#C],C1=COC1(S2(C)(=O)NCOCC=CC3=C4C=C5C=C4C)NC(=O)C3C=C2C=CC(C)=C5,CC1=CC2=CC(=C3C=CCOCNS4(C)(=O)C(=CC3C(=O)NC43C=CO3)C=C1)C(C)=C2,True,True
201,[C][C][Branch1][C][C][Branch1][C][C][O][C][S][C][=Branch1][C][=O][N][Branch1][C][C][C@@][C][=C][C][Branch1][C][F][=C][Branch1][C][O][C][Ring1][Ring2][C][Ring1][N][=C][C][Branch1][C][C][=C][Ring2][Ring1][=Branch1],CC(C1)(C)OCSC(=O)N(C)[C@@]C=CC(F)=C(O)CC=CC(C)=C1,CC1=CCC(C)(C)OCSC(=O)N(C)[C]C=CC(F)=C(O)CC=C1,True,True
202,[C][C][C][O][C][C][Branch1][C][N][C][=C][C][=Ring1][=Branch2][=C][C][Branch1][#Branch2][C][C][=C][C][C][Ring1][=Branch1][C][C][C][Ring1][N][=O][C][=C][Branch1][C][C][C][Ring1][=Branch1][C][=O],CC=1COCC(N)C=C2C=1CC3(CC=CCC3CC)C2=O,CCC1CC=CCC12CC1=C(C)COCC(N)C=C1C2=O,True,True
203,[O][=C][Branch1][C][Cl][C][=C][C][=Branch1][C][=O][C][C][C][=C][C][Ring1][#Branch1][Branch1][C][C][N][=C][Ring1][=N][C][=C][Branch1][=Branch1][C][Branch1][C][C][=O][C][C][=C][C][=Branch1][C][=O][N][C][=C][C][Ring1][Branch1][Ring2][Ring1][#Branch2],O=C(Cl)C1=CC(=O)CCC=CC(C)N=CC=C(C(C)=O)CC=CC(=O)NC=CC1,CC(=O)C1=CC=NC(C)C=CCCC(=O)C=C(C(=O)Cl)CC=CNC(=O)C=CC1,True,True
204,[C][=C][C][Branch2][Ring2][#Branch2][C][=C][C][=C][C][=Branch1][C][=O][N][C][Ring1][Branch2][S][C][O][C][C][Branch1][=Branch1][C][Branch1][C][O][C][Ring1][=Branch2][C][=Branch1][C][=O][O][C][C][Branch1][C][C][N][C][=C][C][=C][Ring1][=Branch1][F][C][Ring1][#Branch2],C1=CC1(C2=CC=CC(=O)NC2SCOCC(C(O)C)C(=O)OCC(C)NC=CC=C)F,C=CC=CNC(C)COC(=O)C(COCSC1NC(=O)C=CC=C1C1(F)C=C1)C(C)O,True,True
205,[C][C][Branch1][=C][C][Branch1][C][O][C][=C][C][=C][Branch1][C][O][C][=C][Ring1][Branch2][N][C][=C][C][NH1][C][=C][Branch1][O][C][=C][C][Branch1][C][Cl][=C][C][N][=C][Ring1][#Branch1][C][=Ring1][#C][=C][C][NH1][Ring1][Branch1][C][=C][Ring1][P],C=C(C(O)C=CC=C(O)C=C)N1C=CC[NH1]C=C1C=CC(Cl)=CCN=C,C=CC(O)=CC=CC(O)C(=C)N1C=CCNC=C1C=CC(Cl)=CCN=C,True,True
206,[C][O][C][C][=Branch1][C][=O][C][=C][C][Branch2][Ring1][Ring2][C][=C][Branch1][C][I][C][=C][Branch2][Ring1][=Branch1][C][=Branch1][C][=O][O][C][C][Branch1][C][C][=C][C][Branch1][Ring1][O][C][=N][Ring1][#Branch1][C][=C][Ring2][Ring1][Ring2][Cl],C1OCC(=O)C=CC1(C=C(I)C=CC(=O)OCC(C)=CC(OC)=N)Cl,COC(=N)C=C(C)COC(=O)C=CC(I)=CC1(Cl)C=CC(=O)COC1,True,True
207,[C][C][=C][Branch2][Ring2][=Branch1][N][C][=C][Branch1][C][C][=C][C][=N][Ring1][#Branch1][Branch1][N][C][=C][Branch1][C][O][C][=C][C][Branch1][=Branch1][C][C][C][Branch1][Ring2][C][S][C][C][N][Ring1][=Branch1][C][Branch1][C][Cl][Branch1][C][O][C][Ring1][P][=O],CC=C(N1C=C(C)CC=N1)CCl,CC=C(CCl)N1C=C(C)CC=N1,True,True
208,[C][S][=Branch1][C][=O][C][C][Branch2][Ring1][Ring2][O][C][C][=C][C][Branch1][C][=C][C][=C][N][=C][C][C][Ring1][=N][C][N][C][C][Branch1][=Branch2][C][=Branch1][C][=O][C][O][C][Branch1][C][F][Branch1][C][F][C][=N][Ring1][#Branch2],CS(=O)CC1(OCC=CC(C)C=CN=CCC1CNC)C(C(=O)COCF)(F)C=N,CNCC1CC=NC=CC(C)C=CCOC1(CS(C)=O)C(F)(C=N)C(=O)COCF,True,True
209,[C][O][C][=Branch1][C][=O][C][=C][N][=C][C][=N][C][=C][C][=C][Ring1][=Branch1][=C][Branch1][C][F][C][=C][Ring1][N][S][=Branch1][C][=O][C][=C][C][=C][Branch1][C][C][=C][C][Branch1][C][C][=C][Ring1][#C][Ring2][Ring1][O],COC(=O)C=CN=CC1=NC=CC=C1C2(F)C=CS(=O)C=CC=C(C)CC(C)=C2,COC(=O)C=CN=Cc1ncccc1C1(F)C=CS(=O)C=CC=C(C)CC(C)=C1,True,True
210,[C][C][Branch2][Ring2][=C][S][=Branch1][C][=O][C][C][=N][C][Branch2][Ring1][C][N][C][=Branch1][C][=O][C][N][C][=Branch1][C][=O][S][Ring1][=Branch1][C][=C][C][#N][=C][S][C][Branch1][C][C][=C][C][=C][Ring1][=Branch1][Ring1][S][C][Ring2][Ring1][N],CC(S(=O)CC=NC(NC(=O)C1NC(=O)SC=CC)=NCS2C(C)=CC=C21)N,CC=CSC(=O)NC1C(=O)NC(N=CCS(=O)C(C)N)=NC[SH]2C(C)=CC=C12,True,True
211,[C][N][Branch1][C][N][=C][Branch2][Ring1][=C][C][Branch1][=C][N][C][C@@H1][C][C][=Branch1][C][=O][C][=C][Ring1][#Branch2][C][C][Branch1][C][N][=C][C][=C][Ring1][#C][Cl][O][C][C][Ring2][Ring1][Ring1][#Branch1][O],CN(N)C1(C2(NC[C@@H1]CC(=O)C=C1C)C(N)=CC=C2Cl)O,CC1=CC(=O)C[CH]CNC2(C(N)=CC=C2Cl)C1(O)N(C)N,True,True
212,[O][C][=Branch1][C][=O][C][=C][C][=C][C][=C][Branch1][Ring2][C][Ring1][Branch1][C][Branch1][C][O][Ring1][Branch2][C][C][N][Branch1][=Branch2][C][Ring1][S][C][C][C][Ring1][=Branch1][C][C][Ring2][Ring1][Ring1][C][=Branch1][C][=O][N][C],O1C(=O)C2=CC3=CC=C(C3)C2(O)CC4N(C1CCC4)CCC(=O)NC,CNC(=O)CCN1C2CCCC1OC(=O)C1=CC3=CC=C(C3)C1(O)C2,True,True
213,[C][C][=C][C][C][C][=C][Branch1][C][O][C][Ring1][Branch2][C][N][Branch1][#Branch2][C][O][/C][C][F][=C][/C][C][Ring1][=Branch1][C][Branch1][C][O][C][=C][Ring2][Ring1][Ring2],C1C2=CCCC=C(O)C2CN(CO/CCF)C(O)C=C1,OC1=CCCC=C2CC=CC(O)N(COCCF)CC12,True,True
214,[C][N][C][=C][C][=N][C][N][C][=C][C][Branch2][Ring2][N][O][C][=Branch1][C][=O][C][Branch1][=N][C][C][=C][C][=C][C][=C][Ring1][=Branch1][C][Branch1][=Branch2][C][=Branch1][C][=O][C][C][Ring1][Ring1][=C][C][Branch1][C][O][=C][Ring2][Ring1][=C][N],CN1C=CC=NCNC=CCOC(=O)C(CC2=CC=CC=C2CC(=O)CC)=CC(O)=C1N,CCC(=O)Cc1ccccc1CC1=CC(O)=C(N)N(C)C=CC=NCNC=CCOC1=O,True,True
215,[C][C][=C][C][C][Branch1][C][N][=C][C][N][C][=C][C][Branch1][=N][C][=C][Branch1][C][I][C][Ring1][=Branch1][O][C][=C][Ring1][N][C][=C][Ring1][#Branch1][O][C][C],CC=CCC(N)=CC1NC=C2C(C=C(I)C2OC=C1)C=COCC,CC=CCC(N)=CC1C=COC2C(I)=CC(C=COCC)C2=CN1,True,True
216,[C][C][Branch1][C][C][=C][Branch2][Ring1][C][O][C][=Branch1][C][=O][C][C][C@][Branch1][#Branch2][C][S][C][=C][C][C][=C][Ring1][Branch1][C][=Branch1][C][=O][C][=C][Branch1][Ring2][O][C][Cl][C][=C][Ring1][S][Ring2][Ring1][Branch2][C][Ring2][Ring1][O][=O],CC(C1)=C(OC(=O)CC[C@]C2SC3=CCC=C3)C(=O)C=C(OCCl)C=C21,CC1=C2OC(=O)CC[C]C(SC3=CCC=C3)C(=CC(OCCl)=CC2=O)C1,True,True
217,[C][C][NH1][C][=N][C][Branch1][Ring1][C][O][C][=Branch1][C][=O][N][Branch1][C][C][=C][S][C][=C][C][=C][Branch1][C][F][C][=C][Branch1][C][O][C][C][=C][Ring1][=Branch1][Cl][C][=C][Ring2][Ring1][O],CC[NH1]C=NC(CO)C(=O)N(C)CSC=CC=C(F)C1=C(O)CC=C1Cl,CCNC=NC(CO)C(=O)N(C)CSC=CC=C(F)C1=C(O)CC=C1Cl,True,True
218,[C][O][C][=C][Branch1][C][N][C][C][=C][C][=Branch1][C][=O][C][=C][C][=C][Ring1][=Branch1][C][C][=C][Branch1][=Branch1][C][P][C][N][=C][Ring1][=Branch2][C][=C][C][=C][Ring1][=N][N],COC=C(N)CC=CC(=O)C=CC=CCC=CCPCN=C,C=NCPCC=CCC=CC=CC(=O)C=CCC(N)=COC,True,True
219,[C][O][C][=C][C][=C][Ring1][=Branch1][N][C][=C][C][=C][C][Branch1][C][F][=C][Branch1][C][N][P][=Branch1][=Branch2][=C][C][Branch1][=Branch2][=C][=Branch1][C][=O][C][=N][Ring1][=Branch1][C][=C][Ring1][O],C1OC=CC=C1NC=CC=CC(F)=C(N)P(=C2CC(=O)C=N2)C=C,C=C[PH](C(N)=C(F)C=CC=CNC1=CC=COC1)=C1CC(=O)C=N1,True,True
220,[C][C][C][=C][C][=C][C][C@@][Branch2][Ring2][Ring1][C][F][C][C@][C][C][C][Branch2][Ring1][C][C][Branch1][=Branch1][O][C][Ring1][#Branch2][C][=C][Ring1][#C][C][C][=C][C][=Branch1][C][=O][C@@][Ring1][=N][Branch1][Ring1][C][=O][N][C][=C][C][=C][Branch1][C][F][O][Ring1][=N],CCC=CC=CC[C@@](CF)=O,CCC=CC=CCC(=O)CF,True,True
221,[C][C][=N][C][Branch1][=C][C][=Branch1][C][=O][C][Branch1][S][C][C][=C][C][Branch1][C][N][=C][C][=C][Ring1][#Branch1][Cl][C][=Branch1][C][=O][O][C][Ring1][C],CC=NC(C(=O)CCC1=CC(N)=CC=C1Cl)C=O,CC=NC(C=O)C(=O)CCc1cc(N)ccc1Cl,True,True
222,[C][N][C][=N][C][Branch1][C][C][Branch2][Ring1][O][C][C][N][Branch2][Ring1][O][C][=C][C][Branch1][C][C][=N][C][=C][Branch1][S][C][Branch1][=Branch2][C][=C][Ring1][C][Cl][C][S][Ring1][#Branch1][C][=Branch1][C][=O][C][=C][C][=C][Ring2][Ring1][#Branch2],C1NC=NC(C)(CCNC=CC(C)=NC=CC(C#CCl)C)OC=CC=C1,CC(C=CNCCC1(C)N=CNCC=CC=CO1)=NC=CC(C)C#CCl,True,True
223,[C][C][Branch1][C][C][Branch1][C][O][C][C][Branch1][C][C][=O][Branch2][Ring1][Branch1][N][C][=C][Ring1][=Branch1][C][=O][C][Br][C][=Branch1][C][=O][C][=N][C][=C][C][Branch1][C][C][N][Ring1][#Branch1][C][=C][C][Branch1][Ring1][C],CC(C)(O)CC(C)=O,CC(=O)CC(C)(C)O,True,True
224,[C][C][=C][NH1][C][=Branch1][C][=O][N][C][=C][Branch1][C][Cl][C][Branch2][Ring1][=N][C][=Branch1][C][=O][N][C][=C][C][C][=C][C][Branch1][#Branch2][C][O][C][Branch1][C][Cl][=C][C][=N][Ring1][#Branch1][=N][Ring1][#C][C][=C][Ring1][S][NH1][Ring1][=Branch2][=C][Ring2][Ring1][=N],CC=C[NH1]C(=O)NC=C(Cl)C(C(=O)N1C2=CCC=CC1(COC(Cl)=CC=N)NC)=C2[NH1],CC=CNC(=O)NC=C(Cl)C1=C([NH])C2=CCC=CC(COC(Cl)=CC=N)(NC)N2C1=O,True,True
225,[C][C][Branch1][Branch2][N][C][=C][C][=Branch1][C][=O][O][C][Branch1][=C][C][N][C][Branch1][Ring1][C][#N][=C][Ring1][#Branch1][C][C][=Branch1][C][=O][N][C][=C][C][Branch1][Ring2][C][Ring1][=Branch1][C][C][C@H1][Ring1][=Branch2][C][=C][C][=C][Ring1],CC(NC=CC=O)OC1(CNC(C#N)=C1CC=O)NC=CC(C)CC[C@H1]C=CC#C,C#CC=C[CH]CCC(C)C=CNC1(OC(C)NC=CC=O)CNC(C#N)=C1CC=O,True,True
226,[N][#C][C][C][=Branch1][C][=O][N][Branch1][C][C][C][=C][C][=C][N][=C][Branch1][#Branch2][O][C][Branch1][C][C][=C][C][=C][Ring1][#Branch1][=C][Branch1][C][S][N][C][=Ring1][#Branch1][O],N#CCC(=O)N(C)C=CC=CN=C(OC(C)=C1C=C)C(S)NC1O,C=CC1=C(C)OC(=NC=CC=CN(C)C(=O)CC#N)C(S)NC1O,True,True
227,[C][C][=C][N][=C][Branch2][Ring2][=Branch1][C][O][C][Branch1][Branch2][O][C][C][C][C][Branch1][C][F][Branch1][C][F][C][O][C][=C][C][Branch1][=C][C][=C][Branch1][C][C][=C][C][=C][Ring1][Branch2][Cl][C][=Branch1][C][=O][O][=C][Ring2][Ring1][Branch1][Ring1][=C][C][=C][Ring2][Ring1][P][=O],C1C=CN=C(COC(OCC2CCF)(F)COC3=C4C(C=C(C)CC=C4Cl)C)OOC23C=C1O,CC1=CC(C)C(=C2OCC3(F)OCC4=NC=CCC(O)=CC2(OO4)C(CCF)CO3)C(Cl)=CC1,True,True
228,[C][C][Branch1][C][C][C][=Branch1][C][=O][N][=C][C][Branch2][Ring1][Branch2][N][C][=C][/N][C][=Branch1][Ring2][=C][N][Branch1][C][C][C@@H1][Ring1][=Branch1][C][O][C][=N][C][Ring1][Branch1][=C][Ring1][=N][C][Branch1][C][F][=C][Ring2][Ring1][Branch2],C1C(C2)C(=O)N=CC1(NC=C/N3C(=CNC)[C@@H1]3C4OC=NC4=C)C(F)=C2,C=C1N=COC1[C@H]1C(=CNC)N1C=CNC12C=NC(=O)C(CC=C1F)C2,True,True
229,[C][C][/C][Branch1][C][F][Branch1][C][O][=C][Branch1][#Branch2][C][=C][C][=Branch1][C][=O][C][O][C][=Branch1][C][=O][/C][=C][/C][Ring1][=Branch2],CC/C(F)(O)C(C=CC(=O)COC)(O)/C=C/C,C/C=C/C(O)(C=CC(=O)COC)C(O)(F)CC,True,True
230,[C][C][C][C][C][C][=C][C][=C][C][Branch1][Ring1][C][O][=C][Ring1][Branch2][C][=Branch1][C][=O][O][C][Branch1][Ring1][C][C][=C][C][Ring1][Branch2][Branch1][C][O][=C][Ring2][Ring1][C][N][P][C][=C][Branch1][C][Cl][C][=C][Ring1][=Branch2],CCCCCC1=CC=CC(CO)=C1C(=O)OC(CC)=CC(O2)CNPC=C(Cl)C=C2,CCCCCc1cccc(CO)c1C(=O)OC(=CC1CNPC=C(Cl)C=CO1)CC,True,True
231,[C][O][C][=Branch1][C][=O][C][Branch1][C][O][C][=Branch1][C][=O][C][=C][C][=C][Branch2][Ring1][C][Branch1][=Branch2][C][Branch1][C][C][=C][C][Branch1][C][F][Branch1][=Branch2][C][=C][S][C][Ring1][Branch1][=O][C][=N][Ring1][O][C][Branch1][C][F][=C][Ring2][Ring1][Ring1][O],COC(=O)C(O)C(=O)C=CC=C(C(C)=CC(F)C=CSC=O)NC(F)=CO,COC(=O)C(O)C(=O)C=CC=C(NC(F)=CO)C(C)=CC(F)C=CSC=O,True,True
232,[C][C@@][C][C][=C][N][C][=C][C][=C][Branch2][Ring1][Ring2][N][C][C][=Branch1][C][=O][C][C@@H1][Ring1][Ring1][C][=C][N][=C][C][=C][Ring1][=Branch1][=C][C][Branch1][C][C][=C][Ring1][Branch2][N][C][Ring2][Ring1][Ring1][=O][C][=C][Ring2][Ring1][#Branch2][C][C][O],C[C@@]CC=CNC=CC=C(NCC(=O)C[C@@H1]C1=CN=CC=C1C)C(C)=CNC=O,C[C]CC=CNC=CC=C(NCC(=O)C[CH]c1cnccc1C)C(C)=CNC=O,True,True
233,[C][C][O][C][C][N][Branch1][#Branch2][C][C][N][Ring1][#Branch1][C][=Branch1][C][=O][C][=Branch2][Ring1][=C][=C][C][=Branch1][Ring2][=C][C][=N][C][=C][Branch1][C][F][C][=C][S][Ring1][=Branch2][=Branch1][C][=O][C][=C][Ring1][=N][Cl][C][Ring2][Ring1][C],CCOCCN(CCNC=O)C=CC(=C1C=N)C=C(F)C=CS1(=O)C=CCl,CCOCCN(C=CC1=C(C=N)[SH](=O)(C=CCl)C=CC(F)=C1)CCNC=O,True,True
234,[C][C][=C][N][Branch1][C][C][C@H1][C][Branch2][Ring1][#Branch1][O][C][C][=N][C][=C][Branch1][C][O][C][C][=C][C][=N][C][=C][Ring1][Branch2][C@H1][Ring1][#Branch2][C][=Branch1][C][=O][/C][Branch1][C][C][C][=C][Branch1][#Branch2][C][=C][C][=Ring2][Ring1][Branch1][O],CC=CN(C)[C@H1]C(OCC=NC=C(O1)CC=CC=NC=C1[C@H1]C)(O)/C(C)C=CC=CCO,C[CH]C1=CN=CC=CCC(=CN=CCOC(O)([CH]N(C)C=CC)C(C)C=CC=CCO)O1,True,True
235,[O][=C][N][=C][C][=C][N][C][Branch1][C][Cl][C][=Branch1][C][=O][C][N][Branch1][=Branch2][C][C][=C][C][=C][C][=C][Ring1][=Branch1][C][Ring1][=N][=C][Branch1][#Branch2][C][C][Branch1][C][O][C][C][C][=O][C][Ring1][Ring2],O=CN=CC=CNC(Cl)C(=O)CN(CC1=CC=CC=C1)C=C(CC(O)CC2C=O)C2,O=CN=CC=CNC(Cl)C(=O)CN(C=C1CC(O)CC(C=O)C1)Cc1ccccc1,True,True
236,[C][C][Branch1][C][C][C][Branch1][#C][C][N][C][Branch1][C][N][C][=N][C][=C][Branch1][C][Cl][C][=C][Branch2][Ring1][#Branch1][C][=C][C][=N][Ring1][#Branch1][C][Branch1][C][F][=C][C][=C][Ring1][#Branch1][C][=C][Branch1][C][F][C],CC(C)C(CNC(N)C=NC=C(Cl)C)=CC=CC=N,CC(Cl)=CN=CC(N)NCC(=CC=CC=N)C(C)C,True,True
237,[C][C][C][=N][O][P][=Branch1][Ring2][=C][Branch1][C][O][C][=Branch1][C][=O][C@H1][Branch1][C][Br][C][=C][C][Ring1][#Branch2][C][=C][NH1][C][Branch1][Ring1][C][S][C][=Branch1][C][=O][C][Ring2][Ring1][Branch2][=Ring1][=C][C][=C][Ring1][=Branch2],C1CC=NOP2(=CO)C(=O)[C@H1](Br)C=CC2C=C[NH1]C(CS)C(=O)C1,O=C1CCCC=NOP2(=CO)C(=O)[C@H](Br)C=CC2C=CNC1CS,True,True
238,[C][C][O][C][C][Branch2][Ring1][C][=N][C][Branch2][Ring1][=C][C][=C][NH1][C][=Branch1][C][=O][C][=Branch1][C][=O][C@][Branch1][C][C][=C][Branch1][C][C][C][#N][C][=C][Ring1][#Branch1][Ring2][Ring1][C][=C][Branch1][C][F][O][C][C][=C][Ring2][Ring1][=Branch1][C],CCOC1C(NCC=C[NH1]C(=O)C(=O)[C@](C)=C(C)C#N)(F)OCC=C1C,CCOC1C(C)=CCOC1(F)NCC=CNC(=O)C(=O)C(C)=C(C)C#N,True,True
239,[C][N][C][=Branch1][C][=O][C][Branch2][Ring1][C][O][C][=C][C][Branch1][C][C][=Branch1][C][=O][C][C@H1][Branch1][#Branch1][O][C][C][Ring1][Branch1][=O][C][=C][C][Ring1][S][C][Ring2][Ring1][Branch1][C][C][=C][Branch1][C][F][C][=C][C][F][C][C][F][C][Ring1][#Branch2][=O],C1NC(=O)C2(OC=CC(C)(O)C3[C@H1]OCC3=O)C=CC2C1CC=C(F)C=CCF,CC(O)(C=COC12C=CC1C(CC=C(F)C=CCF)CNC2=O)C1[CH]OCC1=O,True,True
240,[C][O][C][=C][C][=C][Branch1][S][C][=C][Branch1][#Branch1][N][C][Branch1][C][N][=O][=C][C][=N][C][=C][C][Branch2][Ring1][=Branch1][C][C][Branch1][C][C][Branch1][C][C][C@H1][Branch1][#Branch2][C][=Branch1][C][=O][O][=C][Ring1][S],COC=CC=C(C=C(NC(N)=O)CC=NC=C)CCC(C)(C)[C@H1]C(=O)OC,C=CN=CCC(=CC(=CC=COC)CCC(C)(C)[CH]C(=O)OC)NC(N)=O,True,True
241,[C][C][O][C][=C][C][=C][C][=Branch1][C][=O][C][C][=C][C][=N][C@@H1][Ring1][Branch1][N][C][=Branch1][C][=O][C][=C][C][C@@][Ring1][Branch1][C][F][C][Ring1][=Branch2][C][Branch1][C][C][=C][Ring2][Ring1][Ring2][O][C][C][=C][Ring1][Branch1],CCOC=CC=CC(=O)CC1=CC=N[C@@H1]1NC(=O)C=CC[C@@]CF,CCOC=CC=CC(=O)CC1=CC=N[C@@H]1NC(=O)C=CC[C]CF,True,True
242,[C][N][C][=C][N][=C][C][Branch1][#Branch1][C][=Branch1][C][=O][O][C][Ring1][Branch2][N][=C][C][C@@H1][Branch1][=Branch2][C][=C][C][O][=C][C][=N][C][=C][C][Ring1][#Branch1][=C][Ring2][Ring1][Branch1],C1NC=CN=C2C1(C(=O)OC)N=CC[C@@H1](C=CCOCC=NC)CC=C2,CN=CCOCC=C[C@H]1CC=CC2=NC=CNCC2(C(=O)OC)N=CC1,True,True
243,[C][=C][C][=C][C][Branch1][S][C][=Branch1][C][=O][=Branch1][C][=O][O][C][C][=C][C][=C][Ring1][=N][N][C][=Branch1][C][=O][O][C][C][O][C][=Branch1][C][=O][O][=C][Branch1][C][C][C][=Branch1][C][=O][C][C][C@H1][Branch1][C][N][Ring2][Ring1][=Branch2][C][=C][Ring2][Ring1][S],C=C1C=CC(C(=O)C=O)NC(=O)OCCOC(=O)OC(C)C(=O)CC[C@H1]1N,C=C1C=CC(C(=O)C=O)NC(=O)OCCOC(=O)OC(C)C(=O)CC[C@H]1N,True,True
244,[C][N][C][=Branch1][C][=O][N][Branch1][C][N][C][=C][Branch1][=N][C][=C][C][Branch1][=Branch1][C][=Branch1][C][=O][O][C][Branch1][=Branch2][N][Ring1][O][C][Branch1][C][C][=C][NH1][C][=C][C][=C][Ring1][=Branch2][F][C][=C][Ring2][Ring1][=Branch2][C][Branch1][C][F][F],CNC(=O)N(N1)C=C(C=CC(C(=O)O)CN1C(C)=C)[NH1]C=CC=CF,C=C(C)N1CC(C(=O)O)C=CC(NC=CC=CF)=CN(C(=O)NC)N1,True,True
245,[O][=C][C][O][N][=C][C][C][=C][Branch1][=Branch2][C@@H1][C][C][=C][C][=C][C][C@@H1][Ring1][=Branch1][N][C][=C][Branch1][#Branch2][C][=C][C][=C][N][Branch2][Ring1][=Branch1][C][=C][Ring1][=Branch1][C][#N][=C][=C][Ring1][=C][Ring2][Ring1][=Branch2][Ring2][Ring1][Branch1],O=CCON=CCC=C[C@@H1]CC=CC=CC[C@@H1],[CH]CC=CC=CC[CH]C=CCC=NOCC=O,True,True
246,[O][C][=C][C][=C][C][=Branch1][C][=O][NH1][C][Branch1][C][Cl][C][Ring1][=Branch2][Branch1][=N][C][=C][C][=C][C][Branch1][#Branch1][C][=C][Ring1][=Branch1][F][O][C][C][=C][C][Branch1][C][C][=C][Ring1][=N],OC=C1C=CC(=O)[NH1]C(Cl)C1(C=C2C=CCC=C2F)CC=CC(C)=C,C=C(C)C=CCC1(C=C2C=CCC=C2F)C(=CO)C=CC(=O)NC1Cl,True,True
247,[C][C][Branch1][C][C][Branch1][C][O][=C][C][=C][Ring1][=Branch1][C][N][C][Branch1][Branch2][C][C][=Branch1][C][=O][C][=C][Ring1][#Branch2][O][C][=Branch1][C][=O][C][=C][C][=C][C][=C][Branch1][C][C][C][=C][Ring1][#Branch1][C][=N][Ring1][=Branch2],C1C(C)(O)CC=CCNC1(CC(=O)C=C)OC(=O)C=CC2=CC=C(C)C=C2C=N,C=CC(=O)CC1(OC(=O)C=Cc2ccc(C)cc2C=N)CC(C)(O)CC=CCN1,True,True
248,[C][C][=N][C][Branch2][Ring1][Ring2][N][C][O][C][C][C][Ring1][=Branch1][=C][C][=C][Branch1][=Branch2][C][=Branch1][C][=O][C][N][C][C][=C][C][=C][Ring1][=Branch1][C][=C][C][=C][Branch1][Ring1][O][C][=C][Ring2][Ring1][#Branch2][C][=N][Ring2][Ring1][N],CC=NC(N1COCCC1=CC=CC(=O)CN2CC)=CC=C2C=CC=C(OC)CC=N,CC=NC1=CC=C(C=CC=C(CC=N)OC)N(CC)CC(=O)C=CC=C2CCOCN21,True,True
249,[O][=C][C][C][Branch1][=Branch2][C][=C][C][C][C][Ring1][=Branch1][N][C][=Ring1][O][C][=C][C][Branch1][#Branch2][C][=C][C][=Branch1][C][=O][Cl][C][=C][Ring1][Branch2][C][C][Ring1][#C][C][C][O][Ring2][Ring1][Branch1],O=CCC1(C=CC23CC1N)CC=CC2(C=CC(=O)Cl)CC3CCO,NC1CC23C=CC1(CC=O)CC=CC2(C=CC(=O)Cl)CC3CCO,True,True
250,[C][C][N][C][=C][C][Branch1][#Branch1][C][N][C][#N][C][C][N][C][Branch1][C][N][C][=C][Branch1][C][F][C][=C][C][=C][NH1][Ring1][N][C][=C][C][Branch1][C][C][=N][Ring1][=Branch1][=N][C][Ring2][Ring1][Branch1][Branch1][C][C][C][=C][C][Ring1][=Branch2][=O],CCNC=CC(CNC#N)NC(N)C=C(F)C=CC=C[NH1],CCNC=CC(CNC#N)NC(N)C=C(F)C=CC=C[NH],True,True
251,[C][C][C][=Branch1][C][=O][N][C][=Branch1][=Branch2][=C][C][Branch1][=C][C][O][C][C][=Branch1][C][=O][C][C][O][Ring1][Branch2][C][C][=Branch1][C][=O][O][C][C][Ring2][Ring1][Branch1][C][=N][N][=C][C][=C][Ring1][=C][C][C][Ring2][Ring1][#Branch1],C1CC(=O)NC(=C2CC3OCC(=O)C4CO3)C(=O)OCC1C=NN=CC=C4CC2,O=C1CCC2C=NN=CC=C3CCC(=C(N1)C(=O)OC2)CC1OCC(=O)C3CO1,True,True
252,[C][C][=C][N][C][Branch2][Ring2][Branch2][C][=N][C][=C][Branch1][C][O][C][C][=C][Ring1][N][C][=C][C][=N][C],CC1=CNCC=NC=C(O)CC=C1C=CC=NC,CN=CC=CC1=CCC(O)=CN=CCNC=C1C,True,True
253,[C][C][C][=C][C][C][Branch2][Ring1][#C][C][=N][C][=C][C][=C][C][Branch1][C][C][Branch2][Ring1][=Branch1][C][C][=C][C][Branch1][Ring1][N][Cl][=C][Ring1][S][C][=C][Ring1][=C][C][Branch1][C][Cl][=C][Ring2][Ring1][#Branch1][O][C][=C][Ring2][Ring1][Ring1][O],CCC=C1CC2(C=NC=C3C4=CC(C)CC=CC(NCl)=C2C=C3C(Cl)=C1)OC=C4O,CCC=C1C=C(Cl)C2=CC3=C(NCl)C=CCC(C)C=C4C(O)=COC3(C=NC=C42)C1,True,True
254,[C][O][C][=C][C][Branch1][C][Cl][=C][N][=C][Ring1][=Branch1][C@@H1][C][C][=C][Ring1][Branch1][C][C][=O][C][C][C][Ring1][#Branch1][=C][C][C][O][Ring1][C][C][=Branch1][C][=O][C][=C][C][Branch1][C][C][=O][C][C][Ring1][#Branch2],COC=C1C(Cl)=CN=C1[C@@H1]CC=CCC=O,COC=C1C(Cl)=CN=C1[CH]CC=CCC=O,True,True
255,[N][N][=N][NH1][N][=C][Ring1][#Branch1][C][=C][C][=C][Branch1][Ring1][O][C][Branch2][Ring2][C][C][=C][Branch1][C][C][S][C][=C][Branch1][Ring1][N][F][C][=N][Ring1][Branch2][C][=C][Ring2][Ring1][=Branch1][C][=N][O][=C][Ring2][Ring1][Ring1][N][=C][Ring2][Ring1][O],N1N=N[NH1]N=C1C=CC#COC,COC#CC=CC1=NNN=NN1,True,True
256,[C][=C][C][=C][Branch2][Ring1][=N][N][Ring1][#Branch1][C][=C][Branch1][=Branch2][C][C][=C][C][=C][Ring1][=Branch1][O][C][C][=Ring1][S][C][C][=Branch1][C][=O][N][=C][Ring1][=Branch1][C][C][=C][C][Branch1][C][C][=C][C][=C][Ring1][=Branch1],C12=CC=C(N1C=C(CC=CC=CO)CC23CC(=O)N=C3)CC=C4C(C)=CC=C4,CC1=CC=CC1=CCc1ccc2n1C=C(CC=CC=CO)CC21C=NC(=O)C1,True,True
257,[N][C@@H1][C][Branch1][C][F][C][=C][C][Branch2][Ring2][P][C][=C][C][C][Ring1][Branch1][=N][C][O][C][=C][Branch1][=C][N][C][C][=Branch1][C][=O][C@@][Ring1][#Branch1][Ring1][S][C][=C][N][=C][Branch1][C][Cl][C][=C][Ring1][#Branch1][Ring2][Ring1][=Branch2][C][C][O][C][Ring2][Ring1][S],N[C@@H1]C(F)C=C1C2C=CCC2=NCOC3=C(NCC(=O)[C@@]31C4=C)N=C(Cl)C=C4,C=C1C=CC(Cl)=NC2=C3OCN=C4CC=CC4C(=CC(F)[CH]N)[C@]13C(=O)CN2,True,True
258,[C][C][C][=C][Branch1][P][N][C][=C][Branch2][Ring2][Ring2][C][C][=C][Branch1][Ring1][C][O][C][=C][C][Branch1][C][Cl][=C][N][=C][Branch1][C][C][C][Branch1][C][F][=C][Ring1][=N][C@H1][Branch1][C][N][C][C][Ring1][Branch2][O][C][Branch1][C][C][=C][Ring2][Ring1][O],CCC=C(N1C=CCC=C(C2O)C=CC(Cl)=CN=C(C3)C(F)=C2[C@H1](N)CC3O)C(C)=C1,CCC=C1C(C)=CN1C=CCC=C1C=CC(Cl)=CN=C2CC(O)C[C@@H](N)C(=C2F)C1O,True,True
259,[C][C][#C][C][Branch2][Ring1][=C][C][N][C@][Branch1][P][C][C][O][C][=Branch1][C][=O][N][C][Branch1][=Branch1][C][Branch1][C][C][N][Ring1][=N][C][#C][C][Branch1][C][C][=C][C][#N][C][Branch1][C][F][Branch1][C][C][C][=Ring1][#Branch1][O][C],C1C#CC(CN[C@]1(CCOC(=O)NCC(C)N)C#CCC)=CC#N,CCC#C[C@]1(CCOC(=O)NCC(C)N)CC#CC(=CC#N)CN1,True,True
260,[C][N][C][Branch1][C][F][=C][C][#C][C][=C][C][=C][C][Branch1][O][C][C][=C][C][Branch2][Ring1][=Branch1][O][=C][C][=C][Branch1][C][F][C][=C][Branch1][C][F][C][=C][C][=C][Ring1][#Branch1][=C][C][Ring1][=Branch1][C][S][Ring1][N][C],CNC(F)=CC#CC=CC=CC(CC=CCOCC=C(F)C1=C(F)C2=CC=C1CC2)CSC,CNC(F)=CC#CC=CC=CC(CC=CCOCC=C(F)c1c2ccc(c1F)CC2)CSC,True,True
261,[S][=C][C][Branch1][C][Br][Branch1][C][O][C][C][=C][C][Ring1][N][C][=C][C][Branch1][C][Cl][=N][C][=C][Ring1][N][C][=C][C][Ring1][=Branch1],S1=CC(Br)(O2)CC=CC1C=CC(Cl)=NC=C2C=CC,CC=CC1=CN=C(Cl)C=CC2C=CCC(Br)(C=[SH]2)O1,True,True
262,[C][O][C][=C][C][=C][N][Branch2][Ring1][=Branch1][C][Branch1][#Branch2][C][C][Branch1][C][C][C][C][P][=Branch1][C][=O][O][C][=C][C][=Branch1][C][=O][C][C][Ring1][#Branch2][=O][=C][C][=C][Ring2][Ring1][Branch2][C][Branch1][C][C][Branch1][C][C][Br],COC=CC=CN(C(CC(C)CC1P=O)OC=CC=O)CC1=O,COC=CC=CN1CC(=O)C(P=O)CC(C)CC1OC=CC=O,True,True
263,[O][=C][Branch1][C][Cl][C][=C][C][=C][C][=C][Ring1][=Branch1][C][Branch2][Ring1][O][C][C][=Branch1][C][=O][C][C][=C][C][O][Ring2][Ring1][Branch1][=N][C][C][Branch1][Branch2][N][C][C][C@@H1][Branch1][C][C][C][Ring1][=Branch1][C][C][Ring2][Ring1][O][C][C][Ring1][S],O=C(Cl)C1=C2C=C3C=C1C2(CC(=O)CC=CCO)CCCC3,O=C(CC=CCO)CC12CCCCc3cc1c(C(=O)Cl)c2c3,True,True
264,[C][C][C][C][C][=C][Branch2][Ring1][Ring2][O][C][C][=C][C][=C][Branch1][C][Br][C][=C][C][=C][Ring1][#Branch1][N][Branch1][C][C][C][=C][C][C][NH1][C][=Ring1][#Branch2][C][C][N][C][Ring1][=Branch1],CCCCC=C(OCC=CC1=C(Br)C=CC2=C1NC)C=CCC[NH1]C2CCNC,CCCCC=C1C=CCCNC(CCNC)c2ccc(Br)c(c2NC)C=CCO1,True,True
265,[C][O][C][Branch1][C][N][=C][C][C][Branch1][C][N][C][C][Ring1][#Branch1][Branch1][C][F][O][C][C][F][C][C][=Branch1][C][=O][O][C][Ring2][Ring1][C][Ring1][#Branch2],COC(N1)=CCC(N)CC1(F)OCCF,COC1=CCC(N)CC(F)(OCCF)N1,True,True
266,[C-1][#N+1][C][=C][C][=C][Branch1][=C][O][C][=C][Ring1][#Branch1][C][O][S][Ring1][=Branch1][=Branch1][C][=O][C][N][Branch1][=N][C][=C][O][C][Branch1][Ring1][C][#N][=C][C][=C][Ring1][Branch2][C][#N][=C][Ring2][Ring1][#Branch2][C][=C][C][Branch1][Branch1][C][C][C][=C][Ring1][#Branch1],[C-1]#[N+1]C1=CC=C(OC=C1COS=O)CN(C=C2OC(C#N)=CC=C2)C#N,[C-]#[N+]C1=CC=C(CN(C#N)C=C2C=CC=C(C#N)O2)OC=C1CO[SH]=O,True,True
267,[C][O][C][C][=C][C][C][C][=Branch2][Ring1][=C][=C][C][=C][Branch1][=C][S][C][=Branch1][C][=O][C][C][=C][Branch1][C][O][C][=C][Branch1][C][F][C][C][=C][Ring1][N][C][=C][Ring2][Ring1][Branch1][C][=C][Ring1][O][C][Branch1][C][C][=C],COCC1=CCCC1=CC=C(SC(=O)CC=C(O)C=C)CF,C=CC(O)=CCC(=O)SC(=CC=C1CCC=C1COC)CF,True,True
268,[C][C][#C][C][Branch1][C][C][=C][Branch2][Ring2][#Branch1][S][C][=C][Branch1][C][Br][C][Branch1][#Branch1][C][C][=Branch1][C][=O][C][=C][C][Branch1][C][C][=C][C][=C][Branch1][=Branch2][\C][=C][Ring1][=Branch1][C][C][=C][Ring2][Ring1][=N][C],C1C#CC(C)=CSC=C(Br)C(CC(=O)C)=CC(C2)=CC=C(\C=C2CC=C1)C,CC(=O)CC1=CC2=CC=C(C)C=C(CC=CCC#CC(C)=CSC=C1Br)C2,True,True
269,[C][C][=C][C][=C][Branch2][Ring1][N][C][=C][Ring1][Ring2][C][C][=C][C][Branch1][#Branch2][C][=C][C][=C][C][=C][C][=Branch1][Ring2][=C][Ring1][=Branch1][C][=C][Branch1][C][F][C][Branch1][Ring1][C][Cl][C][=C][Ring1][#C][O][C][C][=C][Ring2][Ring1][S],C1C=CC2=C(C=C2CC=CC(C=C3C4=CC=CC=C4)C=CF)C(CCl)C=C3OCC=C1,FC=CC1C=CCC2=CC3=C2C=CCC=CCOC(=CC3CCl)C(c2ccccc2)=C1,True,True
270,[C][=C][C][O][C][C][=C][Branch1][#Branch1][N][C][=Branch1][C][=O][C][Ring1][Ring1][C][O][N][=C][C][Branch1][=N][C][=C][C][Branch1][C][F][Branch1][C][F][C][O][=C][Branch1][C][Cl][C][=C][Ring1][N][Cl][C][C][Ring2][Ring1][=Branch2],C=CCOC1C=C1NC(=O)C,C=CCOC1C=C1NC(C)=O,True,True
271,[C][C][Branch1][C][C][C][=N][C][C][=C][Branch2][Ring1][N][C][=C][C][C][=C][C][Branch1][N][C][=C][C][Branch1][C][C][=C][C][Ring1][=Branch1][=C][Ring1][S][C][=C][C][=Ring2][Ring1][Ring1][=N][C][=C][C][Branch1][C][C][=C][Ring2][Ring1][Branch2],C1C(C)C=NC=2C3=C(C=CCC=CC1(C4=CC(C)=CC4=C)C=CC=2)NC=CC(C)=C3,C=C1C=C(C)C=C1C12C=CC=C(N=CC(C)C1)C1=C(C=CCC=C2)NC=CC(C)=C1,True,True
272,[C][C][C@@H1][Branch1][=Branch1][C][C][O][C][C][=C][Ring1][#Branch1][C][=C][Branch2][Ring1][O][C][=Branch1][C][=O][N][Branch1][C][C][C][=C][Branch1][Ring1][C][=O][S][=C][Ring1][=Branch1][C][=O][C][=C][Ring1][S][C][=C][Ring2][Ring1][Branch1][C],C1C[C@@H1](CCOCC)CC=C1C(=O)N(C)C2=C(C=O)S=C2C=O,CCOCC[C@H]1CC=C(C(=O)N(C)C2=C(C=O)[SH]=C2C=O)CC1,True,True
273,[C][=C][C][=C][C][Branch2][Ring1][=Branch1][C][O][C][Branch1][S][C][=Branch1][C][=O][C][=Branch1][C][=O][C][C][Ring1][Ring1][C][O][C][C@@H1][Ring1][=Branch1][C@][Branch1][C][C][N][Ring2][Ring1][C][Branch1][C][F][=C][C][Ring2][Ring1][Ring1],C1=CC=C2C1(COC(C(=O)C(=O)CCCOC)[C@@H1])[C@](C)N2CF,[CH]C(OCC12C=CC=C1N(CF)[C]2C)C(=O)C(=O)CCCOC,True,True
274,[C][O][C][=C][C][Branch1][N][N][C][C][=Branch1][C][=O][/C][=C][/I][C][=Branch1][C][=O][O][C][Ring1][=Branch1][C][C][C][=C][C][Ring1][Branch1][C][=N][Ring2][Ring1][C][N][C][C][C][Ring1][=Branch1][O][Ring1][#Branch2][C][=C][Ring1][=Branch1],COC=CC(NCC(=O)/C=C/I)C=O,COC=CC(C=O)NCC(=O)/C=C/I,True,True
275,[C][S][C][=C][C][Branch1][=N][C][=Branch1][C][=O][N][=C][Branch1][Branch2][O][C][=N][C][=C][C][Branch1][C][O][=C][Ring1][#Branch1][C][N][C][=C][C][=C][Branch1][=C][C][=C][Ring1][#Branch1][C][Branch1][C][C][=C][Branch1][C][O][C][=N][Ring2][Ring1][Ring1][O],CSC=CC(C(=O)N=COC1=NC2=CCO)=C1CN3C=CC=C(C=C3C(C)=C(O)C)N2O,CSC=CC1=C2CN3C=CC=C(C=C3C(C)=C(C)O)N(O)C(=CCO)N=C2OC=NC1=O,True,True
276,[O][C][C][Branch1][C][F][C][=C][N][C][=Branch1][C][=O][O][C][C][=C][C][=C][C][Branch1][Ring1][N][C][C][O][Ring1][#Branch1][C][C][Ring1][#C][C][Branch1][C][Cl][C],OCC(F)C=CNC(=O)OCC=CC1=CC(NC)CO1,CNC1C=C(C=CCOC(=O)NC=CC(F)CO)OC1,True,True
277,[C][C][C][=C][C][=C][C][=Branch1][C][=O][N][C][=Branch1][C][=S][C][C][=C][C][N][C][=C][C][=C][C][Branch1][C][N][=C][C][=N][Ring1][=Branch1],CCC=CC=CC(=O)NC(=S)CC=CCNC=CC=C1C(N)=CC=N1,CCC=CC=CC(=O)NC(=S)CC=CCNC=CC=C1N=CC=C1N,True,True
278,[C][C][=C][C][=Branch1][C][=O][C][=C][Ring1][Branch1][N][C][=Branch1][C][=O][S][C][Branch1][C][C][C@@H1][Branch1][=Branch1][O][C][=C][C][Branch1][C][F][=C][C][Ring2][Ring1][Ring1][=O][O][C][=C][Branch1][C][C][C][C][Ring1][=Branch1],CC=C1C(=O)C=C1NC(=O)SC(C)[C@@H1](OC=CCF)CC=O,CC=C1C(=O)C=C1NC(=O)SC(C)[C@H](CC=O)OC=CCF,True,True
279,[C][O][C][C][Branch2][Ring1][C][N][S][C][=Branch1][C][=O][C][O][C][C][=Branch1][C][=O][NH1][C][Branch1][C][N][Branch1][C][F][C][Branch1][C][C][O][C][F][C][=Ring1][O][C][#N][=C][N][Branch1][C][F][N][=C][Ring2][Ring1][=Branch1][N][C][=O],COCC(NSC(=O)COCC(=O)[NH1]CN)(F)C(C)OCF,COCC(F)(NSC(=O)COCC(=O)NCN)C(C)OCF,True,True
280,[F][C][=C][C][=C][N][=N][C][=Branch1][N][=C][Branch2][Ring1][C][=C][NH1][C][=C][Branch1][Ring1][C][O][C][Branch1][C][C][=C][Ring1][#Branch1][C][C][Branch1][C][N][Ring1][N][C][Branch1][C][C][=N][Ring2][Ring1][C][=C][Ring2][Ring1][C][F],FC=CC=CN=NC(=CC[NH1]C1=C(CO)C(C)=C1CC)CNC(C)=N,CCC1=C(C)C(CO)=C1NCC=C(CNC(C)=N)N=NC=CC=CF,True,True
281,[C][C][C][C][C][C][Branch2][Ring1][=N][C][O][C][=C][N][=C][N+1][=Branch1][C][=O][O-1][C][=C][C][Branch1][C][N][=C][Ring1][=Branch2][C][Ring1][#C],CCCCCCCOC=CN=C[N+1](=O)[O-1],CCCCCCCOC=CN=C[N+](=O)[O-],True,True
282,[F][C][#C][C][=C][C][=C][#Branch1][C][=Branch1][C][=O][N][O][C][C][Ring1][#Branch1][C][=C][Ring1][C][=C][C][=C][C][Branch2][Ring1][C][N][=C][C][=C][Ring1][=Branch2][O][C][=N][C][=C][Branch1][N][C][C][=C][Ring1][=Branch1][F][C][=C][Ring2][Ring1][=N],FC#CC=CC=CC=O,O=CC=CC=CC#CF,True,True
283,[O][=C][N][C][=C][C][Branch1][=Branch1][C][Branch2][Ring2][C][F][C][=C][C][Branch2][Ring1][C][N][=C][Branch2][Ring1][C][O][N][Branch1][C][F][C][=N][C][=C][Branch1][C][C][C][=C][Ring1][=Branch2][C][C][Ring1][=C][N][Branch1][C][C][C][=C][Ring2][Ring1][Ring1][C][=C][Ring2][Ring1][=Branch2][Br],O=CNC=CC(CF)(C)C=CC=CBr,CC(C=CC=CBr)(C=CNC=O)CF,True,True
284,[C][N][C@H1][Branch1][C][N][=C][Branch1][=Branch2][C][Branch1][C][N][=C][Branch1][C][S][C][=C][Branch1][C][Cl][N][=C][C][NH1][C][=C][C][=C][Ring1][#Branch1][C][=C][N][=C][Ring1][P],CN[C@H1](N)C(C(N)=C1S)C=C(Cl)N=C2C[NH1]C=CC=C2C=CN=C1,CN[C@H](N)C1C=C(Cl)N=C2CNC=CC=C2C=CN=CC(S)=C1N,True,True
285,[C][C][Branch2][Ring1][=Branch1][N][C][=Branch1][C][=O][C][C][#N][O][C][=Branch1][C][=O][N][Branch1][=Branch1][O][C][Ring1][=C][C][#C][C][=C][Ring2][Ring1][C][O][C][=C][Branch1][C][Cl][C][=C][C][Branch1][C][F][=C][Ring1][=Branch2][C][N][C][Ring1][=N],C1C(NC(=O)CC#N)=CC=C1OC=C(Cl)C=CC(F)=CCNC,CNCC=C(F)C=CC(Cl)=COC1=CC=C(NC(=O)CC#N)C1,True,True
286,[C][C][=C][C][C][Branch2][Ring1][=C][C][=C][Branch1][C][N][C][=C][Branch1][C][C][C][=Branch1][C][=O][N][Ring1][=Branch2][C][=C][C][=Branch1][C][=O][N][C][=C][C][Branch1][C][Cl][=C][C][=C][Ring1][#Branch1][O][C][Ring2][Ring1][C],CC=CCC(C1=C(N)C=C(C2)C(=O)N1C=CC(=O)NC3=CCCl)=CC=C3OC2,CC=CCC1=CC=C2OCCc3cc(N)c1n(c3=O)C=CC(=O)NC2=CCCl,True,True
287,[O][=S][=Branch1][C][=O][N][C][C][=C][Branch1][=Branch2][C][C][=C][C][=N][C][Branch1][C][N][Branch2][Ring1][C][=C][C][=C][Ring1][Branch1][C][N][Branch1][P][C][C][=N][C][=C][C][C][Ring1][Ring1][C][O][C][C][Ring1][O][C][=C][C][=Ring2][Ring1][Branch1],O=S(=O)NCC#CCC=CC=NCN,NCN=CC=CCC#CCN[SH](=O)=O,True,True
288,[C][O][C][N][C][C@@H1][C][S][C][=C][C][=C][N][=C][Branch1][#Branch1][C][C][O][C][C][Ring1][=Branch2][C][=C][C][Branch1][N][C][=N][Ring1][=Branch1][C][C@H1][Branch1][#Branch1][C][=Branch1][C][=O][O][C][=C][Ring1][Branch1][C][C][O][Ring1][P][C][C][=C][Ring2][Ring1][O][Ring2][Ring1],COCNC[C@@H1]CSC=CC1=CN=C(CCOCC12)C=CC(C=N2)=O,COCNC[CH]CSC=CC1=CN=C2C=CC(=O)C=NC1COCC2,True,True
289,[C][=C][Branch1][Branch2][C][=Branch1][C][=O][O][C][=C][C][=C][Branch1][C][O][C][=C][Ring1][=Branch2][=C][C][=N][C][=C][Ring1][Branch1][C][=C][Ring1][=Branch1][Cl][N][=C][C][Branch1][C][O][=C][C][Ring2][Ring1][C][=Ring1][Branch2],C=C(C(=O)OC=C)C=C(O)C=CC1C2=NC=C1C=C2Cl,C=COC(=O)C(=C)C=C(O)C=CC1C2=CN=C1C(Cl)=C2,True,True
290,[C][#C][C][=C][C][Branch2][Ring1][#Branch1][N][Branch1][C][C][C][=N][C][=C][Branch1][C][Cl][C][=C][Branch1][C][F][N][=C][Ring1][Branch2][Cl][=C][Ring2][Ring1][Ring1][O][C][=C][N][Branch1][C][F][C][=C][C][=C][Ring2][Ring1][=Branch2],C1#CC2=CC1(N(C)C=NC3=C(Cl)C=C(F)N=C3Cl)OC=CN(F)C=CC=C2,CN(C=Nc1c(Cl)cc(F)nc1Cl)C12C#CC(=C1)C=CC=CN(F)C=CO2,True,True
291,[C][C][C][C][=Branch1][N][=N][C][Branch1][C][C][=C][Ring1][O][C][#C][C][=C][Branch1][C][F][C][=C][Branch1][C][Cl][C][=C][Ring1][#C][C][=N][C][=C][Ring1][#Branch1][C],C1CCC(=NC(C)=C1C#CC)C(F)C=C(Cl)C=CC=NC=CC,CC#CC1=C(C)N=C(C(F)C=C(Cl)C=CC=NC=CC)CCC1,True,True
292,[C][=C][Branch1][C][C][C][C][C][Ring1][Ring2][C][Branch1][=Branch2][C][=C][N][C][=Branch1][C][=O][N][C][=C][Ring1][#Branch2][S][C][C][=C][C][=C][Ring1][=Branch1][C][=N][Ring2][Ring1][C][=C][Ring1][=Branch1],C=C(C1)CCC12C(C=CNC(=O)N)C=C2S3CC=CC=C3C=N,C=C1CCC2(C1)C([SH]1CC=CC=C1C=N)=CC2C=CNC(N)=O,True,True
293,[C][=C][C][=C][Branch2][Ring1][C][C][O][N][C][=C][C][Branch1][Ring1][C][=O][=C][C][=C][Branch1][C][=C][Ring1][Branch2][C][C][=C][Ring1][=Branch2][C][=C][C][=C][C][=Branch1][C][=O][O][=C][Ring1][#Branch2][C][Branch1][C][F][=C][Ring1][N],C=CC=C(CONC1=CC(C2=O)=CC=C1C)CC3=C2C=CC=CC(=O)OC3C(F)=C,C=CC=C1CONc2cc(ccc2C)C(=O)C2=C(C1)C(C(=C)F)OC(=O)C=CC=C2,True,True
294,[N][=C][N][=C][C][Branch1][N][C][=C][C][=N][C][Branch1][Ring2][C][=C][Ring1][=Branch1][F][Branch1][Ring1][C][#N][=C][N][=C][Branch1][#Branch2][O][C][C][=C][Ring1][#Branch1][C][#N][C][=C][C][Branch1][C][F][=N][Ring1][S][C][Ring2][Ring1][=Branch1],N=CN=CC(C=C1C=NCC=C1)F,N=CN=CC(F)C=C1C=CCN=C1,True,True
295,[C][=Branch1][C][=O][C][C][C][C][N][C][=C][C][=C][C][=C][C][=C][C][Branch1][P][C][=C][N][C][C@][Ring1][#Branch1][C][Branch1][C][O][C][=C][Ring1][#Branch2][C][Cl][=C],C(=O)CCCCNC=CC=CC=CC=C1C2(C=CNC[C@]1C(O)C=C2C)Cl,CC1=CC(O)[C]2CNC=CC1(Cl)C2=CC=CC=CC=CNCCCCC=O,True,True
296,[C][O][C][=Branch1][C][=O][C@@H1][C][C][=C][Branch2][Ring1][#Branch1][N][C][=Branch1][C][=O][C][C][=C][Ring1][=Branch1][C][Branch1][C][F][S][C][=Branch1][C][=O][C][C][=C][C][Ring1][O][Branch1][C][F][C][=C][Ring1][Ring2][Ring1][=Branch1][C],COC(=O)[C@@H1]CC=C(N1C(=O)CC2=C1C(F)SC(=O)CC3=C)C2(F)C=C3,C=C1C=CC2(F)C(=CC[CH]C(=O)OC)N3C(=O)CC2=C3C(F)SC(=O)C1,True,True
297,[C][=C][C][N][C][=C][Ring1][Branch1][C][=N][N][C][Branch1][O][C][C][=Branch1][C][=O][C][C@@][C][C][=C][C][NH1][C][=C][C][=N][Ring1][=Branch1][O][C][=C][Ring2][Ring1][C][Branch1][C][F][=C][C][=C][Ring1][#Branch2],C=C1CNC=C1C=NNC(CC(=O)C[C@@]CC=C)C2[NH1]C=CC=N2,C=CC[C]CC(=O)CC(NN=CC1=CNCC1=C)C1N=CC=CN1,True,True
298,[C][C][=C][C][C][N][C][=C][C][C][N][Ring1][Branch1][NH1][C][C][Ring1][=Branch2][=S][C][=C][C][C][Branch1][C][C][=N][C][Branch1][C][F][S][Ring2][Ring1][C][Ring1][#Branch2],CC=CCCN1C2=CCCN2[NH1]CC1=S3C=CCC(C)=NC(F)S3,CC=CCCN1C2=CCCN2NCC1=S1C=CCC(C)=NC(F)S1,True,True
299,[N][C@@][Branch1][C][Cl][Branch1][P][O][C][C][=C][C@@H1][Branch2][Ring1][=N][C][C][=C][C][Branch1][O][C][=C][C][=C][Branch1][C][F][C][=C][Ring1][#Branch2][N][=C][C][=C][Ring1][=C][C@@H1][Branch1][C][C][C@@][Ring2][Ring1][Branch1][C@H1][Branch1][C][O][C],N=[C@@](Cl)OCC=C[C@@H1]CC1=CC(C=CC=C(F)C=C1)N=CC=C[C@@H1](C)[C@@],[C][C@H](C)C=CC=NC1C=CC=C(F)C=CC(C[CH]C=CCOC(=N)Cl)=C1,True,True
300,[C][C][=C][Branch1][S][C][Branch1][C][C][N][C][=C][Ring1][=Branch1][=N][C][C][=C][C][=C][Ring1][=Branch1][C][=C][N][C][Branch2][Ring1][Branch1][C][N][=N+1][Ring1][Ring1][C][#N][=C][N][C][Branch1][C][C][=C][Ring2][Ring1][C][Branch1][C][C][=O],CC=C1C(C)NC=C1NCC=CC=C,C=CC=CCNC1=CNC(C)C1=CC,True,True
301,[C][=C][C][C][=C][Branch2][Ring1][#C][N][C][C][N][C][C][C][Ring1][=Branch1][C][=O][C][=C][Branch1][Ring1][O][C][Cl][S][C][Branch1][C][F][=C][Ring1][N][S][=Branch1][C][=O][=O][C][=C][C][=C][C][Branch1][C][F][=C][Ring2][Ring1][=Branch2][C],C1=CCC=C(NC2CNCCC2C=O)OC=CC=CC(F)=C1C,CC1=C(F)C=CC=COC(NC2CNCCC2C=O)=CCC=C1,True,True
302,[C][C@@][C][C][O][C@@H1][C][=C][C][=N][C][Branch2][Ring2][C][=C][C][=C][C][Branch1][C][Cl][=N][Ring1][#Branch1][O][C][Branch1][C][C][Ring1][N][=N][Ring1][#C][C][=C][Branch1][Branch2][N][C@@H1][C][C][=Branch1][C][=O][C][=Ring2][Ring1][Ring1][Cl][C][=C][Ring2][Ring1][=Branch2],C[C@@]CCO[C@@H1]C=CC=NC1(CC=CC(Cl)=N1)Cl,C[C]CCO[CH]C=CC=NC1(Cl)CC=CC(Cl)=N1,True,True
303,[C][C][O][C][C][=Branch1][C][=O][N][C][=C][Branch2][Ring1][C][O][C][N][C][=Branch1][C][=O][NH1][C][=C][C][Branch1][C][C][=C][C][Branch1][C][F][=C][C][=C][Ring1][=Branch1][O][C][=Ring1][=N][C][=C][Ring2][Ring1][#Branch2],CCOC1C(=O)NC=C(OCNC(=O)[NH1]C=CC(C)=C2CF)CC=C2OCC=C1,CCOC1C=CCOC2=CCC(=CNC1=O)OCNC(=O)NC=CC(C)=C2CF,True,True
304,[C][C][O][C][=Branch1][C][=O][C@@H1][Branch1][#Branch2][C][C][N][C][C][O][S][C][=N][C][=C][C][=C][Ring1][Branch1][C][C][=C][Branch1][C][F][C][Branch1][C][C][=Branch1][C][=O][N][Ring1][Branch2][C][C][Ring2][Ring1][Ring2][C][Branch1][C][C][=O],CCOC(=O)[C@@H1](CCNC1COSC=N2)C=CC=C2C3C=C(F)C(C)(O)N3CC1C(C)=O,CCOC(=O)[C@@H]1C=CC=C2N=CSOCC(NCC1)C(C(C)=O)CN1C2C=C(F)C1(C)O,True,True
305,[C][C][=Branch1][C][=O][C][Branch2][Ring1][C][C@@][Branch1][C][N][C][=Branch1][C][=O][C][C@H1][Ring1][#Branch2][C][C][C][Ring1][=Branch1][Branch1][C][O][C][=C][C][Branch1][C][C][=C][Ring1][=Branch1][C][=N][Ring2][Ring1][=Branch2],C12C(=O)C([C@@](N)C(=O)C[C@H1]1CCC)(O3)C=CC(C)=C3C=N2,CCC[C@@H]1CC(=O)[C](N)C23C=CC(C)=C(C=NC1C2=O)O3,True,True
306,[C][C][O][C][=Branch1][C][=O][C][Branch1][C][F][C@H1][Branch1][Ring2][O][C][=C][S][N][=C][Branch2][Ring1][=Branch1][C][C@@][Branch1][C][C][=C][C][=C][Branch1][=Branch2][C][=C][Branch1][C][I][F][C][=C][Ring1][#Branch1][C][O][C][=C][C][=C][Ring2][Ring1][N],CC1OC(=O)C(F)[C@H1](OC=C)SN=C(C[C@@](C)=CC=CC=C(I)F)OC=CC=C1,C=CO[C@@H]1SN=C(CC(C)=CC=CC=C(F)I)OC=CC=CC(C)OC(=O)C1F,True,True
307,[N][C][=C][Branch1][C][F][C][=C][Ring1][Branch1][C][N][C][=C][Branch1][C][O][C][P][=Branch1][C][=O][Ring1][Branch2][O][C][=C][C][=C][Ring1][=Branch1][C][=C][Branch1][C][F][C],NC1=C(F)C=C1CNC=C(O)CP(=O)OC=CC=CC=C(F)C,CC(F)=CC=CC=CO[PH](=O)CC(O)=CNCC1=CC(F)=C1N,True,True
308,[O][=C][N][=C][Branch1][C][F][N][Branch2][Ring1][#Branch2][S][Branch1][C][Cl][C][=C][N][=O][C][=Ring1][=Branch2][C][N][=C][Ring1][#C][C][=C][C][=C][Branch1][O][C][=N][C][=C][C][Branch1][C][F][=C][Ring1][S][Cl][C][=C][Ring1][O],O=CN=C(F)N(S(Cl)C=CN=O)CC(F)=CCl,O=CN=C(F)N(CC(F)=CCl)[SH](Cl)C=CN=O,True,True
309,[C][C][O][C][=Branch1][C][=O][C][Branch1][C][F][C][C][O][C][=C][Branch1][Branch2][C][=C][Branch1][C][F][C][=C][C][Ring1][=N][Branch1][C][Cl][C][C][=C][Ring1][=Branch1][C][O],CCOC(=O)C1(F)CCOC=C(C=C(F)C=C2)C1(Cl)CC=C2CO,CCOC(=O)C1(F)CCOC=C2C=C(F)C=CC(CO)=CCC21Cl,True,True
310,[C][C][O][S@@][=Branch1][C][=O][C][C@@H1][C][C][C][=C][C][Branch1][Ring1][O][C][=N][N][C][=Branch1][C][=O][O][C][C][C][=C][Ring1][Branch2][=C][C][Branch1][#Branch2][C][=C][C][=C][Ring1][=Branch1][C][S][Ring1][=Branch2][C][=Branch1][C][=O][C][=C][Ring2][Ring1][O],CCO[S@@](=O)C[C@@H1]CC1C=CC(OC)=NN2C(=O)OCCC=C2C3C(C=CC=C3CS)C(=O)C=C1,CCO[S@@](=O)C[CH]CC1C=CC(=O)C2C=CC=C(CS)C2C2=CCCOC(=O)N2N=C(OC)C=C1,True,True
311,[Cl][C][=C][C][C][Branch1][=C][O][C][=C][C][=C][C][N][Branch1][#Branch1][C][=Branch1][C][=O][/C][=C][\Cl][=C][Branch1][C][F][C][Ring1][=N][C@@H1][Ring1][#C][N][Ring2][Ring1][Branch1][O][C][C][=Branch1][C][=O][C][Branch1][C][F][Branch1][C][F][F][C][C][Ring1][=C],ClC=CCC(OC=CC=CCNC(=O)/C=C)\Cl,C=CC(=O)NCC=CC=COC(Cl)CC=CCl,True,True
312,[F][C][=C][C][Branch1][=C][N][C@@H1][C][C][=C][N][Ring1][Branch1][C][C@@][Branch1][C][F][Branch2][Ring1][Ring2][N][C][C][=C][Ring1][=Branch1][C][C][=Branch1][C][=O][N][Ring1][S][C][Branch1][C][F][=C][C][C][Ring1][#Branch1][=O],FC=CC(N[C@@H1]1CC=CN1C[C@@]2F)(NCC=C2CC(=O)NC(F)=C)CC=O,C=C(F)NC(=O)CC1=CCNC(C=CF)(CC=O)N[C@@H]2CC=CN2C[C]1F,True,True
313,[C][C][=Branch1][C][=O][C][C][=C][C][=C][C][Branch1][C][N][C][C][Branch1][C][C][Branch1][=Branch2][C][=C][C][=C][Branch1][C][O][C][=C][Ring1][#Branch1][C][=Branch1][C][=O][=C][C][=C][Ring1][#C][C][=C][Ring1][Branch1],CC(=O)CC=CC=CC(N)C1C(C)(C2=CC=C(O)C)C2C(=O)C3C=C1C=C3,CC(=O)CC=CC=CC(N)C1C2=CC(C=C2)C(=O)C2C(=CC=C(C)O)C21C,True,True
314,[C][N][S][=Branch1][C][=O][C][Branch1][C][C][C][Branch1][C][C][=C][O][C][C][=Branch1][C][=O][C][Branch2][Ring1][Ring2][C][=C][C][=C][C][Branch1][C][C][Branch1][C][C][C][=Branch1][C][=O][C][=C][C][Ring1][=N][=C][C][C][=C][Ring2][Ring1][N][Ring1][=N],CNS1(=O)C(C)C(C)=COCC(=O)C(C=CC=C2C(C)(C)C(=O)C=CC)=CCC=C12,CC=CC(=O)C(C)(C)C1=CC=CC2=CCC=C1[SH](=O)(NC)C(C)C(C)=COCC2=O,True,True
315,[C][C][N][Branch1][#Branch2][C][=C][C][C][=C][C][Branch1][C][N][=C][C][=Branch1][C][=O][N][C@H1][Ring1][=Branch2][C@@H1][Branch1][=N][O][C][=C][C][Branch1][Ring1][C][F][=C][Ring1][Branch2][N][C][=Branch1][C][=O][C@@][Ring2][Ring1][#Branch1][C][C][O],CCN(C=C1CC2=CCN)CC(=O)N[C@H1]2[C@@H1](OC=CC(CF)=CN)C(=O)[C@@]1CCO,CCN1C=C2CC(=CCN)[C@@H](NC(=O)C1)[C@@H](OC=CC(=CN)CF)C(=O)[C]2CCO,True,True
316,[C][S][C][C][N][C][C][=C][Branch1][C][C][C][=N][C][Branch2][Ring1][N][C][=C][Ring1][=Branch1][Branch1][C][O][C][C][=N][C][N][Branch1][Ring2][C][C][F][C][=C][Ring1][=Branch2],CSCCNCC=C(C1)C=NCC=C1COCC2=NCN(CCF)C=C2,CSCCNCC=C1C=NCC=C(COCC2=NCN(CCF)C=C2)C1,True,True
317,[C][C][=C][Branch2][Ring2][=Branch1][N][C][=C][C][Branch1][C][O][=C][C][=N][Ring1][Branch2][C][C][=Branch2][Ring1][N][=C][C][Branch1][C][N][C][=C][Branch1][C][O][C][=C][Ring1][Branch2][NH1][C][C][Branch1][C][F][=C][C][Branch1][C][F][=C][Ring1][#Branch2][C][C][Ring2][Ring1][N],C1C=C(N2C=C3C(O)=CC=N2)CC(F)=C3CC1,OC1=CC=NN2C=C1C1=C(F)CC2=CCCC1,True,True
318,[N][=C][C][C][C@@H1][Branch2][Ring1][C][O][C][C][=N][C][=C][Ring1][=Branch1][C][C][=C][C][Branch1][#Branch1][C][C][C@][Ring1][O][C][N][Ring1][Branch1][C][C@H1][Branch1][#Branch2][C][=N][C][=C][C][=C][C][=C][Ring1][=Branch1][N][C][Ring1][#C][C][C][Ring1][P][Ring2][Ring1][=C],N=CCC[C@@H1](OCC1=NC=CCC=CCC2C[C@]13C)N2C[C@H1](C=NC4=CC=CC=C4)NC3CC,CCC1N[C@@H](C=Nc2ccccc2)CN2C3CC=CCC=CN=C(CO[C@@H]2CCC=N)[C@@]1(C)C3,True,True
319,[C][C][Branch1][C][O][C][C@H1][C][N][C][=C][Branch1][C][I][C][C][=C][Ring1][Branch2][O][C][=C][C][=C][Ring1][=Branch1][C][=C][Branch1][C][C][C][=C][C][=C][Ring2][Ring1][Ring2][C][=Branch1][C][=O][N][C][=C][Ring1][#Branch2],CC(O)C[C@H1]C12NC=C(I)CC=C1OC=CC=CC=C(C3)C=CC=C2C(=O)NC=C3,CC(O)C[CH]C12NC=C(I)CC=C1OC=CC=CC=C1C=CC=C2C(=O)NC=CC1,True,True
320,[C][#C][C][C][=C][C][Branch1][C][Cl][C][=C][C][=Branch1][C][=O][C][O][C][C][Branch1][Ring1][O][C][Branch2][Ring1][=Branch2][C][=Branch1][C][=O][C@H1][C@@H1][C][O][C][Ring1][Branch1][C][Branch1][C][C][Branch1][C][S@@][=N][C][=C][Ring2][Ring1][Ring2],C#CCC=CC(Cl)C=CC(=O)COCC(OC)C(=O)[C@H1]1[C@@H1]COC1C(C)([S@@])NC=C,C#CCC=CC(Cl)C=CC(=O)COCC(OC)C(=O)[C@H]1[CH]COC1C(C)([S])NC=C,True,True
321,[C][C][S][C][=C][Branch2][Ring1][#C][C][C][Branch2][Ring1][Branch1][/C][=C][\C][=Branch1][C][=O][N][N][=C][C][=Branch1][C][=O][C][=C][C][Branch1][C][Cl][=C][=O][C][Branch1][C][C][=N][Ring1][=C][=C][Ring2][Ring1][#Branch1][O][C][C][O],CC1SC=C(CC(/C=C\C(=O)NN=CC(=O)C=CC(Cl)=C)=O)NC1OCCO,C=C(Cl)C=CC(=O)C=NNC(=O)/C=C\C(=O)CC1=CSC(C)C(OCCO)N1,True,True
322,[C][O][N][=C][C][=C][Branch1][Branch1][/C][C][O][C][C][=C][Branch1][Ring2][C][=N+1][C][C][Ring1][=Branch2][O][C][=C][C][=Branch1][C][=O][N],CON=CC=C(/CC1OC)C=C(C=[N+1]C)C1OC=CC(=O)N,C[N+]=CC1=CC(=CC=NOC)CC(OC)C1OC=CC(N)=O,True,True
323,[C][N][Branch1][C][N][Branch2][Ring1][Ring1][C][=N][C][=C][C][=C][Branch1][C][Cl][C][=C][O][C][Branch1][Ring1][O][=N][C][=C][C][=C][Branch1][C][Cl][C][=C][Ring1][#Branch2][Ring1][=C][C][=N][Ring2][Ring1][Branch1],C=NN,C=NN,True,True
324,[C][C][Branch1][C][Br][C][N][C][=C][C][=C][Ring1][#Branch1][C][O][C][=Branch1][C][=O][C][Branch1][N][C][=N][C][=C][C][=C][Ring1][=Branch1][C][#N][=C][C][=Branch1][C][=O][C][Ring2][Ring1][C][Branch1][C][C][Branch1][C][C][C],CC(Br)CNC=CC1=CCOC(=O)C(C2=NC=CC=C2C#N)C(=O)C1(C)CCC,CCCC1(C)C(=O)C(c2ncccc2C#N)C(=O)OCC=C1C=CNCC(C)Br,True,True
325,[N][#C][C][N][C][=C][C][=C][C][C][Ring1][=Branch1][C][C@@H1][C][C@@][Branch1][C][F][C][Ring1][Branch2][C][=C][Branch1][C][F][C][O][Ring1][=Branch1][C@H1][C@@H1][Ring1][=N][C][=C][C][Ring1][Branch2][C][Ring1][P],N#CCNC1=CC=CC2C1C[C@@H1]C[C@@](F)C23C=C(F)CO3,N#CCNC1=CC=CC2C1C[CH]C[C](F)C21C=C(F)CO1,True,True
326,[C][O][C][=C][C][C@H1][Branch1][C][Cl][C][=C][Branch1][=Branch1][C][N][C][C][C][C@H1][Ring1][#C][C][=C][C][Branch1][C][C][N][=C][Ring1][#Branch2][C][C][Ring2][Ring1][Ring1][N][=Ring2][Ring1][=Branch1][C],C1OC2=CC3[C@H1](Cl)C=C(CNC4CC)[C@H1]1C=CC(C)N=C4CC3N2,CCC1NCC2=C[C@@H](Cl)C3C=C4NC3CC1=NC(C)C=C[C@H]2CO4,True,True
327,[C][#C][C][=Branch1][C][=S][Branch1][Ring1][/C][=O][O][C][C][=N][C][=C][Branch1][C][O][C][C][=C][Ring1][#Branch1][C][F][Cl],C#CC=S,C#CC=S,True,True
328,[C][C][Branch1][C][C][Branch1][C][O][C][=Branch1][C][=O][C][Branch1][=C][C][=N][C][C][Branch1][N][C][=C][C][Branch1][C][O][C][Branch1][C][Cl][=C][Ring1][C][C][=C][Ring1][=Branch2][C][=C][Ring2][Ring1][=Branch1][Br],C1C(C)(O)C(=O)C(C=NCCC2=CC(O)C(Cl)=C)C=C2C=C1Br,C=C(Cl)C(O)C=C1CCN=CC2C=C1C=C(Br)CC(C)(O)C2=O,True,True
329,[N][C][Branch1][C][C][C][C][=C][C][Branch1][Branch2][C][=N][O][C][=C][C][C@][Ring1][Branch1][Branch1][C][F][C][O][C][Branch1][#Branch1][C][C@@H1][O][=C][C][=Ring1][N][=O][O][C][=Branch1][C][=O][C][Ring1][O][C][=C][C][=C][Ring2][Ring1][C],NC(C1)CC=CC1(C=NOC=CC[C@])CF,[C]CC=CON=CC1(CF)C=CCC(N)C1,True,True
330,[C][C][C][=C][C][=Ring1][Branch1][C][C][N][Branch2][Ring1][C][C][=C][O][C][=Branch1][C][=O][C][=Branch1][C][=O][C][=C][Ring1][=Branch2][C][O][=C][Branch1][Ring1][O][C][C][Ring2][Ring1][=Branch1],C=1C2C=CC=1CCN(C3=COC(=O)C(=O)C=C3CO)C(OC)C2,COC1CC2C=CC(=C2)CCN1c1coc(=O)c(=O)cc1CO,True,True
331,[C][C][Branch1][C][F][C][Branch1][=Branch1][C][N][C][=Branch1][C][=O][C][=C][C][Branch1][C][Br][=C][C][Branch2][Ring1][=Branch1][=C][N][=C][NH1][C][C][Branch1][C][C][=C][Ring1][#Branch1][C][=C][C][Branch1][Ring1][O][C][=C][Ring1][O][N][C][Ring1][#Branch1],CC(F)C(CNC=O)C=CC(Br)=CC(CN=C[NH1]CC(C)=CC=C1C(OC)=C)NC1,C=C(OC)C1=CC=C(C)CNC=NCC(C=C(Br)C=CC(CNC=O)C(C)F)NC1,True,True
332,[C][O][C][=N][C][Branch2][Ring2][Ring1][N][C][=C][O][C][=Branch1][C][=O][C@][Branch1][C][C][=C][C][=C][Branch1][C][C][C@@H1][Ring1][#Branch1][C@][C][C][C][Ring1][O][=C][C][Branch1][C][Cl][=C][Ring1][#Branch1][C][=Branch1][C][=O][C@H1][Branch1][C][C][C][C][Ring2][Ring1][=N],COC=NC(NC=COC(=O)[C@](C)=CC=C(C)[C@@H1][C@]C1CC=CC(Cl)=C1)C(=O)[C@H1](C)CC,CC[C@@H](C)C(=O)C(N=COC)NC=COC(=O)C(C)=CC=C(C)[CH][C]C1C=C(Cl)C=CC1,True,True
333,[O][=C][Branch1][#C][O][C][C][Branch1][C][F][=C][O][=N][Ring1][#Branch1][N][C][=C][S][C][=C][Branch1][=Branch1][C][C][Ring1][O][=O][N][=C][Ring1][=N][=N][C][Branch1][=Branch1][C][=Ring1][O][=C][C][=C][Ring2][Ring1][C][Ring1][Branch1],O=C(OCC(F)=C1ON2NC=C)S=3C=C(CC1=O)N=CNC(C=3CC)=C2,C=CNN1C=C2NC=NC3=CS(=C2CC)C(=O)OCC(F)=C(O1)C(=O)C3,True,True
334,[C][N][C][C][C][=C][C][=C][Branch2][Ring1][S][C][=C][Branch1][C][N][C][C][C][=Ring1][=Branch2][Ring1][#Branch2][C][Branch1][C][O][C][C][=Branch1][C][=O][F][=N][C][Branch1][C][C][=C][C][N][Ring1][=Branch2][Ring1][Branch1][O],CNCC1C2=C3C=C1C=C(N)CCC32,CNCC1C2=CC3=C1C3CCC(N)=C2,True,True
335,[C][C@@H1][Branch1][=C][C][Branch1][=Branch2][C][O][C][=C][Branch1][C][Br][C][=C][C][O][C][C][C][=C][C][=C][C][C][=Branch1][C][=O][C][=C][Branch1][O][C][C][=Branch1][C][=O][C@][Ring1][Branch2][Branch1][C][N][C][=C][Ring2][Ring1][C],C[C@@H1](C(COC=C(Br)C)=CC)OC1CC=CC=CCC(=O)C=C(CC(=O)[C@]N)C=C1,CC=C(COC=C(C)Br)[C@H](C)OC1C=CC(CC(=O)[C]N)=CC(=O)CC=CC=CC1,True,True
336,[N][C][C][=C][N][=C][Branch2][Ring1][C][C][=N][C][=C][C][=C][N][C][C][Branch1][#Branch1][C][C][Branch1][C][C][=O][O][C][C][Ring1][#C][=C][Branch1][O][C][O][Ring1][S][=C][C][=Branch1][C][=O][N][Ring1][#Branch2],NCC=CN=C(C=NC=C1C=CNC2CCC(C)=O)OCC=C2CO1,CC(=O)CCC1NC=CC2=CN=CC(=NC=CCN)OCC=C1CO2,True,True
337,[C][C][=C][C][=C][Branch1][C][C][=C][C][Branch2][Ring1][=N][C][C][Branch1][C][C][C][=C][C][Branch1][Branch2][C][C][=C][C][=N][Ring1][=Branch1][C][C][=C][C][C][Ring1][=Branch1][C][=Branch1][C][=O][N][=Ring2][Ring1][C][=C][C][=C][Ring2][Ring1][O][C][=N][Ring2][Ring1][=C],CC=CC=C(C)CC(CC1(C)C=CC2(CC=CC=N2)CC=CCCC=O)N1,CC=CC=C(C)CC1CC(C)(C=CC2(CC=CCCC=O)CC=CC=N2)N1,True,True
338,[C][C][=C][C][Branch1][C][F][N][C][=Branch1][C][=O][O][C][=C][C][=C][C][=C][N][=C][C][Branch1][#Branch2][C][=C][C][=C][C][=C][Ring1][=Branch1][C][=C][S][Ring1][=Branch2][C][Branch1][C][Cl][O][C][C][Ring1][#Branch1],CC=CC(F)NC(=O)OC=CC=CC=CN=CC(C1=CC=CC=C1C)=C2SC(Cl)OCC2,CC=CC(F)NC(=O)OC=CC=CC=CN=CC(=C1CCOC(Cl)S1)c1ccccc1C,True,True
339,[C][C][Branch1][C][F][Branch1][C][C][O][C][=C][C][=C][C][C][=C][O][C][=Branch1][C][=O][N][Branch1][C][C][C][=C][Branch1][C][F][S][Ring1][#Branch1][N][=C][C][=Branch1][C][=O][O][C][=N][C][=Ring1][N][=C][C][=C][Ring1][Branch1][C][=C][Ring2][Ring1][#Branch2],CC(F)(C)OC=CC=C1CC=COC(=O)N(C)C2=C(F)SN=CC(=O)OC=NC2CC=CC=C1,CN1C(=O)OC=CCC(=CC=COC(C)(C)F)C=CC=CCC2N=COC(=O)C=NSC(F)=C21,True,True
340,[C][C][C][Branch1][C][C][C][=Branch2][Ring1][C][=N][C][=C][C][Branch1][C][O][=C][N][Ring1][=Branch1][C][#C][C][O][C][N][=C][C][Branch1][=Branch1][C][=C][Ring1][=N][C][F][C][=C][Ring1][N],CCC(C)C(=NC1=CC(O2)=CN1C#CCOCN)CC(C=C2C)F,CCC(C)C1=Nc2cc(cn2C#CCOCN)OC(C)=CC(F)C1,True,True
341,[C][C][C][O][C][C][=C][Branch1][=N][C][=C][Ring1][Branch2][=C][Branch1][=Branch1][C][O][C][Cl][C][=C][C][Branch1][C][C][=C][Ring1][#Branch1][C][C][NH1][C][=C][Ring1][#Branch1][C][N],CC1COCC=C(C=C1CCOCCl)CC(C2)=CCC[NH1]C=C2CN,CC1COCC=C(CC2=CCCNC=C(CN)C2)C=C1CCOCCl,True,True
342,[C][C][O][C][=C][Branch1][=Branch2][C][C][=C][C][=C][Ring1][Branch1][C][C][N][C][Branch1][C][Br][C][=C][Ring1][O][C][=C][N][Branch1][C][C][O][Ring1][Branch2][C],CCOC=C(C1C2=CC=C1C)CNC(Br)C=C2C=CN(C)O,CCOC=C1CNC(Br)C=C(C=CN(C)O)C2=CC=C(C)C12,True,True
343,[C][N][C][=C][C][=C][Branch1][P][C][=Branch1][C][=O][C][Branch1][C][Cl][=C][Branch1][C][C][N][Ring1][#Branch1][C][C][Ring1][S][C][C][Branch1][C][C][=C],C1NC=CC=C(C(=O)C(Cl)=C(C)NC)C1CC(C)=C,C=C(C)CC1CNC=CC=C1C(=O)C(Cl)=C(C)NC,True,True
344,[C][C][C][C][C][=C][C][Branch1][C][N][C][=C][C][Branch1][#C][C][=C][Branch1][C][F][C][Branch1][Ring1][O][C][=Branch1][C][=O][O][C][Branch1][C][C][=C][C][Branch1][C][Cl][C][C][=Ring1][Branch2][Ring2][Ring1][=Branch2],CC1CCC=CC(N)C=CC(C=C(F)C(OC)(O)O2)C(C)=CC(Cl)CC21,COC1(O)OC2CC(Cl)C=C(C)C(C=CC(N)C=CCCC2C)C=C1F,True,True
345,[C][C][C@@][Branch1][C][C][C][Branch2][Ring1][C][C][Branch1][Ring1][C][O][C][=Branch1][C][=O][C][N+1][=C][C][Branch1][C][O-1][=C][C][C][Ring1][O][C][=Branch1][C][=O][C][Ring2][Ring1][=Branch1][C][C][O],C1C[C@@](C)C(C(CO2)C(=O)C[N+1]=CC([O-1])=C)CC2C(=O)C1CCO,C=C([O-])C=[N+]CC(=O)C1COC2CC1[C](C)CCC(CCO)C2=O,True,True
346,[C][C][=Branch1][C][=O][C@H1][O][C][C][N][C][=C][C][=C][Branch1][C][F][C][C][=C][Branch1][=N][C][C@H1][Ring1][=Branch1][N][C][C][=Branch1][C][=O][N][C][C][C][Branch1][C][F][C][=C][C][Branch1][Branch2][O][C][Ring1][=N][=O][C][=C][Ring2][Ring1][N],CC(=O)[C@H1]OCCNC=CC=C(F)CC=C(C[C@H1]NC1C(=O)NC)CC(F)C=CCOC1=O,CNC(=O)C1N[CH]CC(=CCC(F)=CC=CNCCO[CH]C(C)=O)CC(F)C=CCOC1=O,True,True
347,[C][#C][C][=C][C][=C][Branch1][N][C][=C][C][=C][Ring1][#Branch1][N+1][=C][C][C][Branch1][=C][S][C][=Branch1][Ring1][=C][O][C][Branch1][=Branch2][O][C][C][Branch1][C][Cl][Cl][=C][C][Branch1][C][F][=C][Ring2][Ring1][Branch1][C][=C][C][=Ring2][Ring1][O],C#CC=C1C=C(C2=CC=C1[N+1]=CCCSC(=CO)COCC(Cl)Cl)C(F)=C2C=CC,C#CC=C1C=C2C(=CC=C1[N+]=CCCSC(=CO)COCC(Cl)Cl)C(C=CC)=C2F,True,True
348,[C][C][NH1][C][=C][C][=Branch1][Ring2][=N][Ring1][=Branch1][C][=C][C][=Branch1][=Branch2][=C][C][=C][C][=N][C][=C][Ring1][N][C][=C][C][=N][Ring1][=Branch1][C][Branch1][C][S][C][=Branch1][C][=O][C][Ring1][=Branch2][=O],CC1[NH1]C=CC(=N1)C=CC(=CC=CC=NC2=C)C=CC=N2,C=C1N=CC=CC=C(C=CC2=NC(C)NC=C2)C=CC=N1,True,True
349,[C][O][C][=C][C][=Branch1][C][=O][O][C][=C][C][Branch2][Ring1][=N][C][=C][Branch1][Ring1][C][O][N][=C][Branch1][#Branch1][N][C][Cl][Br][C][C][Ring1][O][C][=C][Ring1][P][C][=C][Ring2][Ring1][#Branch1][C][F],COC=CC(=O)OC=CC(C=C(CO)N=CNCCl)F,COC=CC(=O)OC=CC(F)C=C(CO)N=CNCCl,True,True
350,[C][C][Branch1][C][C][C][S][C][Branch1][C][F][=C][C][O][C][C][C@@H1][Ring1][Ring1][C][=Branch1][C][=O][C][=C][Branch1][C][O][C][Ring1][Branch2],CC(C)CSC(F)=CCOC1C2[C@@H1]1C(=O)C=C(O)C2,CC(C)CSC(F)=CCOC1C2CC(O)=CC(=O)[C@@H]21,True,True
351,[C][C][=C][C][Branch1][C][N][=N][C][Branch1][C][C][=C][Branch1][C][C][C][Branch2][Ring1][=Branch1][C][=Branch1][C][=O][C][=C][Branch1][C][Cl][C][C][C][Ring1][#C][C][Branch1][C][Cl][=C][C][Ring1][N],CC=CC(N1)=NC(C)=C(C)CC(=O)C=C(Cl)CCC1C(Cl)=CC,CC=CC1=NC(C)=C(C)CC(=O)C=C(Cl)CCC(C(Cl)=CC)N1,True,True
352,[C][N][C][C][=Branch1][C][=O][N][=C][C][Branch1][=N][C][=C][C][=Branch1][C][=O][O][C][=C][Ring1][#Branch1][=C][C][=C][Branch1][C][Cl][C][=C][Ring1][=Branch1][=C][C][=N][Ring2][Ring1][Ring1][=Branch1],CNCC(=O)N=CC(C1=CC(=O)OC=C1C2)C=C(Cl)C=C2CC=N,CNCC(=O)N=CC1C=C(Cl)C=C(CC=N)Cc2coc(=O)cc21,True,True
353,[C][N][C][=C][C][=C][C][Branch1][=N][C][C][=C][C][=C][C][=C][Ring1][S][Ring1][N][C][=N][Branch1][C][C][Ring1][O][=C][Ring1][Branch1],C1NC2=CC=CC(CC=CC=CC=C12)=NCC=C,C=CCN=C1C=CC=C2NCC2=CC=CC=CC1,True,True
354,[C][N][Branch2][Ring2][N][C][=C][C][=C][C][=Branch1][C][=O][C][=C][N][Branch1][=Branch1][C][Ring1][N][=O][C][=C][C][=C][Branch1][=Branch1][C][Branch1][C][C][=O][=C][S][Ring1][=Branch1][C][=C][Branch1][Ring2][N][C][C][Ring1][Ring1][NH1][C][=C][Ring2][Ring1][#Branch2],C1N(C=CC=CC(=O)C=CN(C1=O)CC=C(C(C)=O)CS2C=C2NCC)C,CCNC1=C[SH]1CC(=CCN1C=CC(=O)C=CC=CN(C)CC1=O)C(C)=O,True,True
355,[C][O][C][=C][C][=C][C][Branch1][C][O][=C][C][Ring1][=Branch1][=N][C][Branch2][Ring1][Ring2][C][=C][C][NH1][N][=C][C][Branch1][=Branch1][O][C][Branch1][C][C][=O][C][=Ring1][#Branch2][C][C][Ring1][=N],COC=CC1=CC(O)=CC1=NC(C=CC[NH1]N=CC(OCC)=O)=C,C=C(C=CCNN=CC(=O)OCC)N=C1C=C(O)C=C1C=COC,True,True
356,[C][C][O][C][=Branch1][C][=O][C][=C][C][Branch2][Ring2][C][N][Branch1][C][O][C][#C][C][=C][C][Branch1][C][O][=C][C][Ring1][#Branch1][=C][C][=C][Branch1][Ring1][C][#N][=N][C][=C][Ring1][Branch2][C][=C][C][=C][O][C][=C][Ring2][Ring1][Ring2][C][N][=C][Ring2][Ring1][P],CCOC(=O)C=CC(N(O)C#CC=C1C(O)=CC=C2C=C(C#N)NC=C2C=CC=CO)C=C1CN=C,C=NCC1=CC(C=CC(=O)OCC)N(O)C#CC=C1C(O)=CC=C1C=C(C#N)NC=C1C=CC=CO,True,True
357,[C][=C][C][=C][N][=C][Branch2][Ring1][=Branch2][C][O][N][=N+1][=N-1][=C][N][C][F][C][=C][C][S][C][=C][C][=C][Branch2][Ring1][Ring1][O][C][=Ring1][#C][C][Branch1][#Branch2][C][C][C][=C][C][Branch1][C][O][C][=C][C][Ring1][#Branch1][C][F][C][=C][Ring2][Ring1][#C],C=CC=CN=C(CON=[N+1]=[N-1])C(CCC1=CC(O)C)=CC1CF,C=CC=CN=C(CON=[N+]=[N-])C1=CC(CF)C(=CC(C)O)CC1,True,True
358,[C][C][C][=Branch1][C][=O][C][Branch1][C][F][C][I][C][=N][C][=C][N][Ring1][#Branch2][C][O][C][C][=C][C][C][=N][Ring1][=C],CCC(=O)C(F)CI,CCC(=O)C(F)CI,True,True
359,[C][O][C][C][C@][Branch1][C][N][C][O][C][=Branch1][N][=O][C@H1][Branch1][C][C][O][C][=Branch1][C][=O][N][C][=C][C@H1][Branch1][N][C][C][=C][C][Branch1][Ring2][O][C][=C][Ring1][Branch2][C][=C][Ring1][N][Ring1][P][=O][C][=C][Ring2][Ring1][N][O][C][C],COCC[C@](N1)COC(=O)C2=C[C@H1](CC=CCOC=C)C=C21,C=COCC=CC[C@@H]1C=C2N[C](CCOC)COC(=O)C2=C1,True,True
360,[C][C@@H1][C@H1][O][C][Branch1][C][C][=C][C][Branch2][Ring2][C][C][=C][C][Branch1][#Branch2][C][=Branch1][C][=O][O][C][C][C@H1][C][=C][C][Branch1][=Branch1][C][Ring1][=Branch1][C][C@@][Branch1][C][O][C][=C][Ring1][Branch2][Cl][C][=C][Ring2][Ring1][#Branch1][Ring1][=C][C][=N][Ring2][Ring1][O],C=1[C@@H1][C@H1]OC(C)=CC=1C=CC(C(=O)OCC2[C@H1]C)=C3C(C2C[C@@])(O)C=C3Cl,[C]CC1C([CH]C)COC(=O)C(C=CC2=C[CH][CH]OC(C)=C2)=C2C(Cl)=CC21O,True,True
361,[C][S][C][=C][Branch1][=Branch1][C][=C][Ring1][=Branch1][N][C][Branch2][Ring1][Ring2][C][Branch1][=C][C][C][=C][Branch1][C][C][C@][Ring1][Branch2][C][O][C][=C][Ring1][Branch1][=C][C][=Branch1][C][=O][N][C][C][Ring1][Ring1][Branch1][C][C][N][=N][Ring2][Ring1][N],C12SC=C(C3=C1N4)C(C3(CC=C(C)[C@]4COC=C)C)C(=O)N5CC5(C)N=N2,C=COC[C]1NC2=C3C4=CSC2N=NC2(C)CN2C(=O)C4C3(C)CC=C1C,True,True
362,[C][C][Branch1][Ring1][C][#N][C][=C][C][=C][Branch2][Ring2][=Branch1][C][=C][C][=C][C][=C][N][C][Branch1][C][C][=C][C][=C][Ring1][#Branch1][O][C][=C][Branch1][Ring1][C][O][C][=C][Ring1][#C][C][=C][Ring2][Ring1][C][=C][Ring2][Ring1][=Branch1],CC(C#N)C=CC=CC1=CC=C2C3=C4NC(C)=CC=C4OC=C(CO)C=C3C=C2C1,Cc1ccc2occ(CO)cc3c(c-2[nH]1)C1=CC=C(C=CC=CC(C)C#N)CC1=C3,True,True
363,[C][N][C][=C][Branch2][Ring1][=C][C][O][C][=C][N][Branch1][=C][C][Branch1][=Branch2][C][=C][Ring1][#Branch1][C][=C][C][=C][Branch1][C][F][C][=Branch1][C][=O][N][Branch1][C][C][O][Ring1][N][C][=Branch1][C][=O][C][=C][Ring2][Ring1][Ring1][C][C][=C][Ring2][Ring1][#C][C],CNC=C(COC=CN(C(C1=CC=CC=C)F)C(=O)NC)O1,C=CC=CC=C1OC(=CNC)COC=CN(C(=O)NC)C1F,True,True
364,[C][N][C@@H1][C][=Branch1][C][=O][C][O][C][C][Ring1][=Branch1][Branch1][C][Cl][C][=C][C][Branch1][C][Cl][=C][C][=N][O][Ring1][Branch2][C][Branch1][Ring1][C][C@H1][Branch1][C][Cl][C][=Branch1][C][=O][O][=N][Ring2][Ring1][Branch1],CN[C@@H1]C(=O)COCC(Cl)C1=CC(Cl)=CC=NO1,CN[CH]C(=O)COCC(Cl)C1=CC(Cl)=CC=NO1,True,True
365,[C][C][=Branch1][C][=O][=C][C][C][=C][C][Branch2][Ring1][N][C][=Branch1][C][=O][C][N][=N][C][=Branch1][C][=O][N][C][C][=C][Branch1][#Branch2][C][C][=N][O][C][Ring1][=Branch1][C][Branch1][C][C][O][Branch1][C][C][C][=C][C][Branch1][C][C][=C][Ring2][Ring1][=N],CC(=O)CCC1=CC(C(=O)CN=NC(=O)NCC=C2CC=NOC2CC)OCCC=CC(C)=C1,CCC1ON=CCC1=CCNC(=O)N=NCC(=O)C1C=C(CCC(C)=O)C=C(C)C=CCCO1,True,True
366,[O][=C][N][C][C][=Branch1][C][=O][C][Branch1][N][C][C][C][C][=C][C][Branch1][C][C][=C][Ring1][#Branch1][Ring1][O],O=CNCC(=O)CCC1CC=CC(C)=C1,CC1=CC(CCC(=O)CNC=O)CC=C1,True,True
367,[C][C][C][O][C][Branch1][C][F][C][=C][C][Branch1][C][N][=O][C][=C][C][NH1][C][=C][C][=N][O][C][=C][N][=C][C][Branch1][=Branch2][C][=N][C][=Ring1][=Branch1][Ring1][#Branch2][S][C][=Branch1][C][=O][C][=C][N][C][Ring1][Branch1][=O][C][=N][Ring1][=Branch2],CCCOC(F)C=CC(N)=O,CCCOC(F)C=CC(N)=O,True,True
368,[C][C][=C][C][=C][Branch1][Ring1][C][O][C][Branch1][=Branch2][N][C][=C][C][Branch1][C][I][=C][C][Branch1][=Branch1][C][C][=C][Ring1][=Branch1][C][=Ring1][O][C][=O][C][=Ring2][Ring1][C],CC=CC=C(CO)C(N1C=CC(I)=C)C(CC=C)C1C=O,C=CCC1C(C=O)N(C=CC(=C)I)C1C(=CC=CC)CO,True,True
369,[C][C][Branch2][Ring1][N][C][=C][C][C][Branch2][Ring1][Ring2][C][=N][C][=C][Branch1][C][Cl][N][C][Branch1][C][C][=O][C][=C][C][Branch1][#Branch2][C@@H1][Ring1][=N][C][=C][Ring2][Ring1][C][Cl][=C][Branch1][C][I][C][Branch1][C][F][Branch1][C][C][N][=C][Ring1][#Branch2],C12C(C=CCC1C=NC=C(Cl)NC(C)=O)C=C2Cl,CC(=O)NC(Cl)=CN=CC1CC=CC2C=C(Cl)C21,True,True
370,[C][#C][C][C][N][Branch2][Ring2][S][C][C][=C][C][Branch2][Ring1][#Branch2][N][Branch1][#Branch1][C][=Branch1][C][=O][C][O][N][Branch2][Ring1][=Branch2][C][Branch1][O][C][C][Branch1][C][F][Branch1][C][F][Cl][C][=C][C][=C][Ring1][=Branch2][Cl][=C][C][=C][Ring2][Ring1][Branch1][C][C][Ring2][Ring1][=N][=O][O],C1#CCCN1CC=CC(N(C(=O)CO)NC(CC(F)(F)Cl)=CC=CCl)C,CC(C=CCN1C#CCC1)N(NC(=CC=CCl)CC(F)(F)Cl)C(=O)CO,True,True
371,[C][O][C][=C][C][=C][Branch1][C][Cl][C][=C][Ring1][Branch1][C][C][O][C][C][Ring1][Branch1][C][=Branch1][C][=O][C@H1][Branch1][C][F][C][=C][Branch1][=Branch2][C][=C][C][=C][N][=C][Ring1][=Branch1][C][=C][C][=N][C][=C][Ring1][=Branch2][C][=C][Ring1][P],COC=CC1=C(Cl)C=C1C2COCC2C(=O)[C@H1](F)C=C(C3=CC=C4N=C3)C=CC=NC=C4C=C,C=CC1=CN=CC=CC(=C[C@@H](F)C(=O)C2COCC2C2=CC(Cl)=C2C=COC)c2ccc1nc2,True,True
372,[C][C][C@H1][C][N][Ring1][N][C][C][C][=C][C][=C][Branch2][Ring2][=N][C][=C][C][=C][Ring1][=Branch1][C][=C][C][Branch1][C][C][=N][N][Branch1][=Branch2][C][C][N][C][C][Ring1][=Branch1][C][C][=C][Ring1][#C][S][C][Ring2][Ring1][#Branch1][=O][O][C],C1C[C@H1]CN1CCC=C2C3=CC=CC=C3C=CC(C)=NN(CCNCCC)C=CSC2=O,CCCNCCN1C=CSC(=O)C(=CCCN2C[CH]CC2)c2ccccc2C=CC(C)=N1,True,True
373,[C][N][C][=Branch1][C][=O][N][C][Branch1][C][/C][=C][C][Ring1][#Branch1][O][C][=C][C][Branch1][C][N][=C][Ring1][=C],CN1C(=O)NC(/C)=CCOC=CC(N)=C1,CC1=CCOC=CC(N)=CN(C)C(=O)N1,True,True
374,[C][C][C][O][C][C][=C][C][C][=Branch1][C][=O][N][C][C][Branch1][C][C][N][Ring1][=Branch1][C][C][=C][Ring1][=N][C][O],CCCOCC1=CCC(=O)NCC(C)NCC=C1CO,CCCOCC1=CCC(=O)NCC(C)NCC=C1CO,True,True
375,[C][O][C][=Branch1][C][=O][C][=C][N][C][O][C][=C][C][Branch1][=C][C][=N][N][=C][C][Branch2][Ring1][#C][S][C][=C][C][=C][Ring1][Branch1][F][O][C][=C][C][Branch1][C][C][=C][Ring1][=N][C][Branch1][C][F][=C][Ring2][Ring1][Ring1][S],COC(=O)C=CNCOC=CCC=NN=CCS1C=CC=C1F,COC(=O)C=CNCOC=CCC=NN=CC[SH]1C=CC=C1F,True,True
376,[C][C][Branch1][C][C][N][C][C][=C][Branch1][=N][C][=Branch1][C][=O][O][C][=C][Ring1][=N][C][=Branch1][C][=O][C][=C][Ring1][N][C][=C][Branch1][C][C][S][C][C][=C][Ring1][=Branch1][Cl],C1C(C)NC2C=C(C(=O)OC=C1C=O)C=C2C=C(C)SCC=CCl,CC(=CC1=CC2=CC1NC(C)CC(C=O)=COC2=O)SCC=CCl,True,True
377,[C][C][=C][C][=Branch1][C][=O][N][O][C][=C][C][Branch2][Ring2][#Branch2][C][=C][NH1][C][=Ring1][Branch1][C][=C][C][=C][C][=Branch1][C][=O][N][C][C@H1][Ring1][=Branch1][C][C@@][Ring1][Ring1][C][Ring2][Ring1][Branch1][C][=Branch1][C][=O][C][=N][Ring2][Ring1][S],C1C=CC(=O)N2OC=CC=3C=C[NH1]C=3C=CC=C4C(=O)NC[C@H1]4C[C@@]C2C(=O)C=N1,O=C1NC[C@H]2C[C]C3C(=O)C=NCC=CC(=O)N3OC=Cc3cc[nH]c3C=CC=C12,True,True
378,[C][O][C][=C][C][Branch2][Ring2][=C][S][C][Branch1][C][F][=N][C][C][Branch1][C][O][C][N][=C][Branch1][C][Cl][C][=C][Branch1][C][F][C][=N][Ring1][#Branch1][=C][N][Ring1][#C][C][=Ring2][Ring1][Branch1][C][Branch1][C][C][C][Ring2][Ring1][Ring1],COC=CCSC(F)=NCC(O)CN=C(Cl)C=C(F)C=N,COC=CCSC(F)=NCC(O)CN=C(Cl)C=C(F)C=N,True,True
379,[C][#C][C][C][O][N][C][=Branch1][C][=O][N][C@H1][Branch1][Ring1][C][F][C][=C][Ring1][N][S][C][C][=C][C][C][=C][Ring1][#Branch1][C][C][=C][Ring1][C][Branch1][C][N][Ring1][S][C][C][Branch1][C][C][O],C#CC1CONC(=O)N[C@H1](C2F)C=C1S3CC=CCC=C3CC#CCN2CC(C)O,C#CC1CONC(=O)N[C@H]2C=C1[SH]1CC=CCC=C1CC#CCN(CC(C)O)C2F,True,True
380,[C][C][C@@H1][C][C][=C][S][C][=C][Branch2][Ring1][C][C][Branch1][=Branch2][C][=C][C][=C][C][Branch1][C][C][=C][Branch1][Branch2][C][=Ring1][#Branch2][=Branch1][C][=O][O][C][Ring1][C][=O][C][Branch1][C][C][C][C][Ring2][Ring1][C],CC[C@@H1]CC=CSC=C(C(C=CC=CCC)=CCC=O)C=O,CC[CH]CC=CSC=C(C=O)C(C=CC=CCC)=CCC=O,True,True
381,[C][C][Branch2][Ring2][Ring1][C][=C][S][C][Branch1][C][C][=N][N][Branch2][Ring1][#Branch1][O][C][=C][Branch1][Ring1][C][=O][C][C@H1][Branch1][C][N][C][=O][=C][C][Branch1][C][F][=N][Ring1][Branch1][=C][C][C@][Ring2][Ring1][Ring2][Ring1][#Branch2][C][=C][N],CC(C1=CSC(C)=NNOC=C(C2=O)C[C@H1](N)C=O)=CC[C@]12C=CN,CC1=CC[C@@]2(C=CN)C(=O)C(C[C@H](N)C=O)=CONN=C(C)SC=C12,True,True
382,[O][=C][C][=C][Branch1][C][I][C][=N][Ring1][=Branch2][O][C][=C][C][N][C][=C][Ring1][#Branch1][C][O][C][Ring1][=C],O=CC=C(I)C=N,N=CC(I)=CC=O,True,True
383,[C][C][N][=Branch1][C][=O][C][=C][C][#Branch1][C][N][=C][C][Branch1][C][O][=C][Branch2][Ring2][=Branch1][C][=C][N][Branch1][Ring1][C][#N][C][=Branch1][C][=O][N][C][=C][Ring1][=Branch2][S][=Branch1][C][=O][C][=C][Ring1][=Branch1][=C][Branch1][Ring1][C][#N][C][=C][Ring2][Ring1][#Branch1][N][=Ring2][Ring1][S],C=1CN(O)C=CC(N)C2C(O)=CC=C3N(C#N)C(=O)NC4=C3S(=O)C=C4C(C#N)C=C2N=1,N#CC1C=C2N=CCN(O)C=CC(N)C2C(O)=CC=C2C3=C(NC(=O)N2C#N)C1=CS3=O,True,True
384,[C][C][O][C][=Branch1][=C][=C][N+1][Branch1][C][C][=C][C][C][=C][Ring1][#Branch1][C][C][=C][Branch1][C][O][C][=N][C][=C][C][=C][Branch1][Branch2][C][N][C][=Branch1][C][=O][S][C][=C][Ring1][O][Cl][=C][Branch1][C][Cl][C][=C][Ring2][Ring1][O][C],CCOC(=C1[N+1](C)=CCC=C1CC)C(O)C=NC2=CC=C(CNC(=O)S)C=C2Cl,CCOC(=C1C(CC)=CCC=[N+]1C)C(O)C=Nc1ccc(CNC(=O)S)cc1Cl,True,True
385,[N][C][C][C][=C][C][NH1][C][C][=C][Ring1][=Branch1][S][C][C][=C][Ring1][=N][C][Ring1][O][C][=C][C][=N][C][Branch1][C][O][C][=C][O][C][=C][Ring1][#C],NC1CC=C2C[NH1]CC=C2SC3C=C1CC=CC=NC(O)C=COC=C3,NC1CC=C2CNCC=C2SC2C=COC=CC(O)N=CC=CCC1=C2,True,True
386,[C][C][O][C][C][Branch1][C][Cl][=C][C][Branch1][Branch2][C][=C][O][C][=Branch1][C][=O][N][C][=C][C][=C][Ring1][N][N][=C][Branch1][#Branch1][C][C@H1][Branch1][C][C][Ring1][=Branch2][S][C][C][N][Ring1][#Branch1][C][Ring2][Ring1][O],CC1OCC(Cl)=C2C(C=COC=O)N3C=CC=C2N=C(C4[C@H1]3C)SCCN4C1,CC1CN2CCSC3=NC4=CC=CN(C(C=COC=O)C4=C(Cl)CO1)[C@H](C)C32,True,True
387,[C][C@@H1][C][C][=Branch1][C][=O][C@@H1][C][O][C][=C][C][=C][C][=C][Branch1][C][N][Ring1][O][C][=C][C][=C][Branch1][C][F][C][C][=C][Branch1][C][Br][C][=C][Ring1][#Branch1][C][=Branch1][C][=O][C][Branch1][C][C][Ring1][Branch1][C][=C][Ring2][Ring1][#Branch2],C[C@@H1]CC(=O)[C@@H1]COC=CC=CC=CN,C[CH]CC(=O)[CH]COC=CC=CC=CN,True,True
388,[C][O][C][=N][C][=C][Branch1][#Branch1][C][=C][Ring1][=Branch1][N][C][=Branch2][C][Branch1][C][F][=C][C][=C][C][=N][C][Branch1][C][Cl][=C][C][=C][Ring1][Branch2][C][#N][C][Ring1][#Branch2][S][C][C][Ring1][=C][O][S][Ring2][Ring1][Branch1][=C][Branch1][C][C][=O][N],COC1=NC=C(C=C1NC)C(F)=CC=C2C=NC(Cl)=CC=C2C#N,CNc1cc(C(F)=CC=C2C=NC(Cl)=CC=C2C#N)cnc1OC,True,True
389,[N][=N][C][Branch1][Ring1][N][O][C][=Branch1][C][=O][C][N][C][C@H1][Branch1][C][O][=C][C@H1][Ring1][=Branch1][Cl][=C][C][Branch1][C][F][=C][C][Ring1][#Branch1][=C][Ring1][O][C][Ring2][Ring1][Branch2][C][=C][Ring1][O],N=NC(NO)C(=O)CN1C[C@H1](O)C[C@H1]1Cl,N=NC(NO)C(=O)CN1C[C@H](O)C[C@H]1Cl,True,True
390,[N][C][C][=C][C][=C][C][Branch1][=Branch2][N][C][C][Branch1][C][O][C][=Branch1][C][=O][N][C][Ring1][=Branch2][C][Branch1][C][Cl][C][=Ring1][Branch1][C][C][N][C][C][Branch1][C][F][C][=C][Ring1][O][Ring2][Ring1][Branch1],NCC=CC=C1C2(NCC(O)C=O)N3C2C4(Cl)C3CCNCC(F)C=C41,NCC=CC=C1C2=CC(F)CNCCC3N4C(C23Cl)C14NCC(O)C=O,True,True
391,[C][O][C][=C][C][C][N][C][Branch2][Ring1][Ring2][C][=Branch1][C][=O][C][O][C][=Branch1][C][=O][C][=C][Branch1][C][F][C][=C][Ring1][C][Branch1][C][C][Branch1][C][F][C],COC=CCCNC(C(=O)COC(=O)C=C(F)C#C)(C)CF,C#CC(F)=CC(=O)OCC(=O)C(C)(CF)NCCC=COC,True,True
392,[C][C][O][C][=Branch1][C][=O][C][N][C][=C][Branch1][C][N][C][=C][Branch1][C][I][C][=C][Branch1][#Branch2][C][=C][O][C][=Branch1][C][=O][N][C][Branch2][Ring1][C][C@@][Ring1][=C][Branch1][C][C][N][=C][C][=C][Ring2][Ring1][C][Ring1][#Branch2][=C][Ring2][Ring1][N],CCOC(=O)CNC=C(N)C=C(I)C#CC=COC(=O)NC,CCOC(=O)CNC=C(N)C=C(I)C#CC=COC(=O)NC,True,True
393,[C][O][C][C][=Branch1][C][=O][C][Branch1][C][F][=C][C][N][Branch1][C][F][C][Branch2][Ring1][=Branch1][=C][C][Branch1][C][I][C][=C][C][#Branch2][Ring1][=Branch1][C][=C][C][=C][C][Branch1][C][O][=C][C][Ring2][Ring1][C][=C][Ring1][S],COCC(=O)C(F)=CC1N(F)C2CC(I)C=CCC=CC=CC(O)=CC1=C2,COCC(=O)C(F)=CC1C2=CC(CC(I)C=CCC=CC=CC(O)=C2)N1F,True,True
394,[C][C][N][=C][C][=Branch1][C][=O][C][=C][C][C][=Branch1][C][=O][C][=Branch1][C][=O][C][=C][Branch1][C][F][C][=C][C][Ring1][#Branch1][=C][Branch1][C][Cl][C][=C][Branch1][P][N][C][=C][C][=C][C][Ring1][#Branch2],CCN=CC(=O)C=CCC(=O)C(=O)C=C(F)C=CC=C(Cl)C=CNC=CC=CC,CC=CC=CNC=CC(Cl)=CC=CC(F)=CC(=O)C(=O)CC=CC(=O)C=NCC,True,True
395,[C][N][C][=C][C][C][=Branch1][C][=O][N][C][Branch2][Ring1][C][=C][N][Ring1][=Branch1][O][C][=C][C][=C][Ring1][Ring2][C][O][C][Ring1][O],CNC=CCC(=O)NC1CNOC2=CC=C2COC1,CNC=CCC(=O)NC1CNOC2=CC=C2COC1,True,True
396,[C][#C][C][C][=C][C][=C][C][Branch2][Ring2][Ring1][=Branch1][C][=C][C][C][=Branch1][C][=O][C][=Branch2][Ring1][Branch1][=C][C][C][=N][Ring1][Branch1][C][=C][/C][=C][C][=C][Branch1][=Branch1][C][Branch1][C][O][=O][=N][Ring2][Ring1][Branch2][C][Branch1][C][F][=N][Ring2][Ring1][=N],C1#CCC=CC=CC(C=CCC(=O)C2=CCC=N2)C(F)=N1,O=C(CC=CC1C=CC=CCC#CN=C1F)C1=CCC=N1,True,True
397,[C][C][O][C][=C][C][Branch1][C][Cl][=C][C][Branch1][C][F][C][C][=C][F][=C][C][Ring1][O][=C][C][Branch1][C][N][=C][C][Ring1][#Branch1][=O],CCOC=CC(Cl)=CC(F)CC=CF,CCOC=CC(Cl)=CC(F)CC=CF,True,True
398,[C][C][C][=C][Branch2][Ring1][=Branch2][C][N][C][=C][Branch1][=C][C][=C][Branch1][C][O][C][C][Ring1][=Branch1][=Ring1][Branch2][C][C][=C][C][Ring1][=Branch1][N][C][=C][C][=C][Branch1][C][C][N][=C][C][=C][Ring1][Branch1],CCC=C(CN1C=C(C=C(O)CC1)CCN)C=CC=C(C2)N=CC=C2,CCC=C(C=CC=C1CC=CC=N1)CN1C=C(CCN)C=C(O)CC1,True,True
399,[N][C][Branch2][Ring2][=C][C][Branch1][C][S][C][=C][/N][#Branch1][C][=C][C][Branch1][C][Cl][=C][C][C][O][C][C][C][Ring1][=Branch1][C][=C][Ring1][N][C][=C][=O][C@H1][Branch1][Ring1][C][C][=C][Ring2][Ring1][=Branch2],NCC(S)C=C/N(C1)C(Cl)=CC2COCCC2C=C1C=C=O,NCC(S)C=CN1CC(C=C=O)=CC2CCOCC2C=C1Cl,True,True
400,[C][O][C][Branch1][Ring1][O][C][=C][O][C][=C][Branch1][C][F][C][=C][C][=O][C][=N][Ring1][N][C][=C][Ring1][=Branch1][C][Branch1][C][N][=O],COC(OC)=COC=C(F)C=CC=O,COC(=COC=C(F)C=CC=O)OC,True,False
401,[C][C][O][C][O][C][Branch1][C][C][S][C][C][=Branch1][C][=O][O][C][Branch1][Ring1][C][#N][=N][C][Ring1][#Branch1][=O][C][=C][Branch2][Ring1][Ring2][N][C][=C][Branch1][C][C][C][=Branch1][C][=O][C][=C][N][C][=C][Ring1][Branch2],CCOCOC(C)SCC(=O)OC(C#N)=NC=O,CCOCOC(C)SCC(=O)OC(C#N)=NC=O,True,False
402,[C][C][C][Branch2][Ring1][C][=Branch1][C][=O][C][Branch1][C][C][=C][C][Branch1][C][F][C][=C][Branch1][C][O][C][=C][C][Cl][C][Branch1][#Branch1][C][C][Branch1][C][O][C][C][Branch1][C][F][=C][Ring1][=Branch2][C][Branch1][C][C][=C][C][=N][C][=C][Ring1][#Branch1],CCC(C=O)C=CCCl,CCC(C=O)C=CCCl,True,False
403,[O][=C][C][C][Branch2][Ring2][N][C][Branch1][#Branch1][C][=N][C][=C][C][C][Ring1][O][=N][C][Branch1][#C][N][C][N][=C][C][=C][N][Ring1][=Branch1][C][N][=C][C][=C][C][C][Ring1][Branch2][=C][C][Branch1][C][Cl][=C][C][Ring1][Branch1][=Ring2][Ring1][O][C],O=CCC(C(C1=NC=CCC)NC(NC2N=CC=CN2CN=CC=C)CC=C3C(Cl)=CC31)C,C=CC=NCN1C=CC=NC1NC1CC=C2C(Cl)=CC2C(=NC=CCC)C(C(C)CC=O)N1,True,False
404,[C][C][#C][C][Branch1][C][C][N][C][=C][C][O][C][=C][C][=N][C][=C][C][Ring1][=Branch1][C][C][Ring2][=C][C][N][=O],C1C#CC(C)NC=CCOC=C2C=NC=CC2CC1N=O,CC1C#CCC(N=O)CC2C=CN=CC2=COCC=CN1,True,False
405,[C][C][C][C][=C][C][C][Branch2][Ring1][Ring2][C][C][N][C][C][=C][C][Branch1][=Branch1][C][Branch1][C][C][=C][Ring1][#Branch2][=N][C][=C][Branch1][O][C][C][C][F][C][=Ring1][Ring1],CCCC=C1CC(CCNCC=CC1(C(C)=C)NC=C)CCCF,C=CNC1(C(=C)C)C=CCNCCC(CCCF)CC1=CCCC,True,False
406,[C][C][Branch1][C][C][Branch1][C][C][#N][O][C][Branch1][Branch2][N][C][C][Branch1][C][Br][=O][C][=Ring1][=Branch2][C][=C][C][Branch1][C][Cl][=C][Ring1][Branch2][N][=C][C][=N][Ring1][=Branch1],CC(C)(C)N1OC(NCC(Br)=O)C1C=CC(Cl)=CN=CC=N,CC(C)(C)N1OC(NCC(=O)Br)C1C=CC(Cl)=CN=CC=N,True,False
407,[C][C][C][=C][C][C][=C][Branch2][Ring2][C][Cl][=C][Branch1][C][F][N][C][=C][Ring1][N][C][=C][S][C][=C][Branch1][O][C][C][=Branch1][C][=O][O][C][=Ring1][Branch1][C][=C][Ring1][N][C][C][=C][Branch1][Ring1][C][=N][C][=C][Ring2][Ring1][Branch2][C][C][=C][Ring1][=N],CCC=CCC#CCl,CCC=CCC#CCl,True,False
408,[C][C][=Branch1][C][=O][C][=C][C][=Branch1][C][=O][C][C@@H1][Branch1][C][C][N][C][=C][Ring1][Branch1][C][=C][/C][=C][C][=C][Ring1][=Branch2][C][=Branch1][C][=O][C][=C][Branch1][N][C][=C][C][Branch1][C][Cl][=N][C][=C][Ring2][Ring1][#Branch1][C],CC(=O)C=CC(=O)C1[C@@H1](C)N2C=CC=C/C=CC=C2C(=O)C=C(C=CC(Cl)=NC=C1)C,CC(=O)C=CC(=O)C1C=CN=C(Cl)C=CC(C)=CC(=O)c2cccccccn2[C@@H]1C,True,False
409,[N][C][O][C][=C][C][Branch2][Ring2][=C][C][=C][Branch2][Ring1][=Branch2][C][=N][C][Branch1][C][F][=C][C][Branch1][C][C][=C][Ring1][#Branch2][C][=N][C][=C][C][=C][C][=Branch1][N][=C][Ring1][=Branch1][C][Ring2][Ring1][Ring1][=C][C][=N][C][=Ring2][Ring1][=Branch2][Ring2][Ring1][N],N1COC=CCC2=C1C=NC(F)=CC(C)=C2C=NC3=CC=CC=C3C=CC=NC,CN=CC=Cc1ccccc1N=CC1=C(C)C=C(F)N=CC2=C1CC=COCN2,True,False
410,[C][O][C][Branch1][C][O][C][=C][N][C][Branch1][Branch2][N][C][Branch2][Ring1][=Branch1][C][=C][C][N][=C][Branch1][#Branch2][C][=C][C][Ring1][#Branch1][=C][Ring1][=Branch1][=N][C][=C][Ring2][Ring1][Branch1][C][=C][S][C][Branch1][C][C][=C][Ring1][#Branch1],COC(O)C=CNC(NCC=C1CN=C(C=CC1=CN)C=C2)C=CSC(C)=C2,COC(O)C=CNC1C=CSC(C)=CC=CC2=NCC(=CCN1)C(=CN)C=C2,True,False
411,[C][C][=C][C][=C][Branch2][Ring2][=C][C][=C][O][C][Branch1][=Branch1][C][N][C][C][=C][C][Branch1][C][C][=N][C][=Ring1][#Branch1][C][=N][C][=C][Branch1][N][N][=C][=O][=C][Branch1][=N][C][=C][Ring1][#Branch1][=N][C][=C][Ring2][Ring1][#Branch1][F][S][Ring2][Ring1][N][C][C][C][Ring1][=C],CC=CC=C(C=COC(CNC=1C=C)C(C)=NC=1C2=NC=C(N=C=O)C=CF)NCCC2,C=CC1=C2N=C(C)C(CN1)OC=CC(=CC=CC)NCCCC2=NC=C(C=CF)N=C=O,True,False
412,[N][C][=C][C][=C][C][=C][C][Branch2][Ring1][C][=N][N][C][C][=C][Branch1][C][O][C][C@H1][Ring1][#Branch1][C@@H1][C][O][=C][Ring1][S][C][=Branch1][C][=O][C@][=C][N][=C][Branch1][C][O][C][C][=C][Ring2][Ring1][#Branch2][C][=C][Ring1][=Branch1],NC=CC=C1C=CC(NN2CC=C(O)C[C@H1]2[C@@H1]COC1)C(=O)[C@]=CN=C(O3)CC=CC=C3,NC=CC=C1C=CC(C(=O)[C]=CN=C2CC=CC=CO2)NN2CC=C(O)C[C@H]2[CH]COC1,True,False
413,[C][C][O][C][=C][C][Branch2][Ring1][=C][C][=C][C][=Branch1][C][=O][O][=C][C][Branch1][C][C][=C][Branch1][C][C][C@H1][Ring1][=Branch1][N][C][Branch1][#Branch2][C][=C][C][O][Ring1][=Branch1][C][C][=C][Ring2][Ring1][Ring1][C][=C][Ring2][Ring1][=Branch2],C12COC=CC1(C=CC(=O)OC3C(C)=C(C)[C@H1]3N4CC=CCO4)C=C2,CC1=C(C)[C@@H](N2CC=CCO2)C1OC(=O)C=CC12C=COCC1C=C2,True,False
414,[O][=C][Branch1][Ring1][C][S][C][=C][C@@H1][C][C][Branch1][=C][O][C][=C][Branch1][C][O][C][=Branch1][C][=O][O][C][Branch1][=Branch2][C][=C][C][=C][Ring1][=Branch1][C][N][C][Ring1][#C][C][C][Ring2][Ring1][C][O][C],O=C(CS)C=C[C@@H1]CC1(OC=C(O)C(=O)OCC=CC=CCN)CCC1OC,COC1CCC1(C[CH]C=CC(=O)CS)OC=C(O)C(=O)OCC=CC=CCN,True,False
415,[C][C][Branch1][C][C][C][C][C][C][=Branch1][C][=O][N][Branch1][C][C][C@@H1][C][=C][C@H1][Branch2][Ring1][Ring2][C][=N][O][C][Branch1][C][N][Branch1][C][C][N][=C][Ring1][#Branch1][Cl][C][=C][Ring1][S][NH1][Ring2][Ring1][=Branch1],CC(C1)CCCC(=O)N(C)[C@@H1]C=C[C@H1](C=NOC(N)(C)N=CCl)[NH1]1,CC1CCCC(=O)N(C)[CH]C=C[C@H](C=NOC(C)(N)N=CCl)NC1,True,False
416,[C][C][=C][C][Branch1][C][N][=C][C][C][=Branch1][C][=O][C][=C][C][Ring1][Branch1][C][=C][Ring1][=N][N][Branch1][C][C][C][Ring1][#C],CC1=C2C(N)=CCC(=O)C=CCC=C1N(C)C2,CC1=C2CN(C)C1=CCC=CC(=O)CC=C2N,True,False
417,[C][N][C][=C][C][Branch1][C][C][=C][C][Branch1][=Branch1][C][S][C][C][Ring1][#Branch1][C][C][=C][C][=Branch1][Ring2][=C][Ring1][=C][NH1][C][=Branch1][C][=O][C@@H1][C][Ring1][Ring1][C][=C][C][=C][Ring2][Ring1][Branch1][C][=C][C],CNC=C1C(C23)=CC(CSCC2)CC=CC(=C1)[NH1]C(=O)[C@@H1]CC=CC=C3C=CC,CC=CC1=CC=CC[CH]C(=O)NC2=CC(=CNC)C3=CC(CC=C2)CSCCC13,True,False
418,[O][=C][C][C][Branch1][C][Br][=C][C][O][C][Ring1][=Branch1][N][Branch2][Ring1][Ring1][C][=C][Branch1][C][F][C][=N][Ring1][#Branch1][=N][C][=C][Branch1][S][C][C][N][=C][C][Branch1][C][Cl][=C][C][=N][C][Branch1][C][O][=C][Ring1][N][Ring1][#Branch2],O=CCC(Br)=CCOC1N(C=C(F)C2=N1)C(Cl)=CC=NC(O)=C2,O=CCC(Br)=CCOC1N=C2C=C(O)N=CC=C(Cl)N1C=C2F,True,False
419,[C][N][=C][C][=C][Branch2][Ring2][C][C][=C][C][Branch2][Ring1][=Branch1][C][=N][C][Branch1][C][Cl][=C][Ring1][#Branch2][C][=C][C][C@H1][Branch1][C][N][=O][C][=Ring1][=N][C][=Branch1][C][=O][N][Ring2][Ring1][C][=C][N][=C][Branch1][=Branch2][C][=C][Ring1][F][C][C][=C][Ring1][F][=C][Ring2][Ring1],CN=CC1=C(C2=CC(C=NC(Cl)=C1C=C3C[C@H1](N)OCC)(O)N2)CN=C(C#CCC#C)C3,C#CCC#CC1=NCC2=C(C=NC)C(=C(Cl)N=CC3(O)C=C2N3)C=C(C[C@H](N)OCC)C1,True,False
420,[C][C][=C][C][=C][N][C][Branch1][=N][C][C][=C][C][C][Branch2][Ring1][C][O][C][=C][Branch1][C][O][C][=C][C][Branch1][=N][C][=Branch1][C][=O][O][C][Branch1][C][Br][=C][Ring1][N][C][=C][Ring2][Ring1][=Branch1][=N][C][Branch1][C][C][=C][Ring1][P],CC=CC=CN1C(CC=CCCOC2=C(O)C=CCC(=O)OC(Br)=C2)C=C1NC(C)=C,C=C(C)NC1=CC(CC=CCCOC2=C(O)C=CCC(=O)OC(Br)=C2)N1C=CC=CC,True,False
421,[C][O][C][C@H1][C][=Branch1][N][=C][S][=Branch1][C][=O][=Branch1][C][=O][Br][=C][C][Branch1][=Branch2][C][=C][C][=Branch1][C][=O][O][C][=C][C][Branch1][=Branch2][O][C][Branch1][C][O][=N][C][C][=C][Ring1][N][C][C][Ring2][Ring1][C][=C][Ring2][Ring1][=Branch2],COC[C@H1]1C(=CS(=O)(=O)Br)C=CC(=O)OC=CC(OC(O)=NCC)=CCC=C1,CCN=C(O)OC1=CCC=C[C@@H](COC)C(=CS(=O)(=O)Br)C=CC(=O)OC=C1,True,False
422,[N][C][=Branch1][C][=O][C][Branch1][C][C][=C][N][C][Branch2][Ring1][C][O][C][C][=C][Branch1][#Branch1][C][C][=C][C][=O][C][Branch1][=Branch1][C][Ring1][#Branch2][C][=C][Ring1][#C][Branch1][C][F][=C][C][=N][Ring1][=Branch1][=C][C][=C][Ring2][Ring1][#Branch2],NC(=O)C(C)=C1NC(OCC=C(CC=CC=O)C)C=C1CF,CC(=CCOC1C=C(CF)C(=C(C)C(N)=O)N1)CC=CC=O,True,False
423,[C][N][C][=N][C][=C][C][=C][Branch1][C][F][NH1][C][Branch1][C][C][N][C][C][=Branch1][C][=O][N][C][Branch1][Ring1][C][O][=N][C][C][Ring1][#Branch1][N][C][=C][Ring1][=Branch2],CNC=NC=CC=C(F)[NH1]C(C)NCC(=O)N1C(CO)=NCC1NC=C,C=CNC1CN=C(CO)N1C(=O)CNC(C)NC(F)=CC=CN=CNC,True,False
424,[C][C][=C][C][=C][C][Branch1][C][N][C][=Branch1][C][=O][O][C][=C][C][Branch1][C][F][=C][Ring1][#Branch1],CC=CC=CC(N)C(=O)OC=CC(F)=C,C=C(F)C=COC(=O)C(N)C=CC=CC,True,False
425,[C][C][C][Branch1][C][C][=C][C][C][=C][C][=N][C][Branch1][Ring1][N][C][C][=Branch1][C][=O][C@H1][Ring1][#Branch1][C][Branch1][C][C][=C][C][=C][Ring1][=Branch1],CCC(C)=CCC=CC=NC(NC)C(=O)[C@H1]1C(C)=CC=C1,CCC(C)=CCC=CC=NC(NC)C(=O)[C@@H]1C=CC=C1C,True,False
426,[C][C][C][=C][C][C][Branch2][Ring1][C][C][C][N][C][C][Branch2][Ring1][Branch2][C][Branch1][C][C][=Branch1][C][=O][C][Branch1][C][C][=C][C][Ring1][=Branch2][C][Branch1][=Branch2][C][=C][C][=C][Ring1][=N][C][F][C][Ring1][#Branch1][=O][C][Branch1][C][O][=C][Ring2][Ring1][#Branch2],CCC=CCC(CCNC1C2C(C)(O)C(C)=CC1CC3=CC=C2CF)C3=O,CCC=CCC1CCNC2C3C=C(C)C(C)(O)C2C(CF)=CC=C(C3)C1=O,True,False
427,[C][C][=N][N][=C][Branch2][Ring1][O][N][C][=C][C][=C][C][=C][Ring1][=Branch1][C][=Branch1][C][=O][S][C][C][N][#C][C][=C][Ring1][=Branch1][N][Branch2][Ring1][C][C][C@H1][C][C][C][Ring1][=Branch1][O][=C][C][Branch1][C][C][=N][Ring2][Ring1][=C],CC=NN=CNC1=CC=CC=C1C(=O)SC2CN=CC=C2N3C[C@H1]CCC3OCC(C)=N,CC=NN=CNc1ccccc1C(=O)SC1CN=CC=C1N1C[CH]CCC1OCC(C)=N,True,False
428,[C][C][=C][Branch1][=C][C][N][C@@H1][C][O][C][=C][N][Branch1][=Branch2][C][=Branch1][C][=O][O][C][Branch2][Ring1][N][C][=C][NH1][C][=Branch1][C][=O][C][=C][C][=C][C][Branch1][Ring1][C][O][=C][Ring1][#Branch2][C][C][=C][Ring2][Ring1][Ring2][C][S][Ring1][P],C1C=C1CN[C@@H1]COC=CNC(=O)OCC=C[NH1]C(=O)C=CC=CC(CO)=CCC=CCS,O=C(C=CC=CC(=CCC=CCS)CO)NC=CCOC(=O)NC=COC[CH]NCC1=CC1,True,False
429,[C][C][C][C][=C][Branch1][C][C][O][C][=C][C][Branch1][P][N][C][=Branch1][C][=O][C][Branch1][O][C][C][=N][C][Ring1][=Branch1][S][Branch1][C][C][=C][C][=O][C][C][=C][Ring2][Ring1][C][Branch1][=Branch2][C][Branch1][C][C][C][=C][Ring1][N],CCCC=C(C)OC=CC(NC(=O)CCC=NCSC)=CC=O,CCCC=C(C)OC=CC(=CC=O)NC(=O)CCC=NCSC,True,False
430,[C][C][Branch1][C][O][C][C@@H1][C][C][=C][C][Branch1][N][C][=C][C][Branch1][C][O][C][Branch2][Ring1][C][=C][C][Branch2][Ring1][#Branch2][C][O][Ring1][Ring1][=C][C][=C][C][Branch1][C][C][=C][=Branch1][C][=O][C][Branch1][C][C][C][=C][Ring2][Ring1][#C],CC(O)C[C@@H1]CC=CCC=CC(O)CCC1CO1,CC(O)C[CH]CC=CCC=CC(O)CCC1CO1,True,False
431,[C][/C][=C][C][=Branch1][C][=O][O][C][C][=C][Branch2][Ring2][C][=C][C][=C][Branch1][P][C][=C][NH1][C][=C][Branch1][C][Cl][C][=C][Ring1][#Branch1][Cl][C][=C][Ring1][C][N][C][Branch1][C][C][=C][Ring2][Ring1][C][S][Ring2][Ring1][Branch2][C][C][=C][Ring2][Ring1][=N],C/C1=CC(=O)OCC=C(CC=C(C=C2[NH1]C=C(Cl)C=C2Cl)CNC(C)=CS)CC=C1,CC1=CC(=O)OCC=C(CC=C(C=C2NC=C(Cl)C=C2Cl)CNC(C)=CS)CC=C1,True,False
432,[C][O][C][C][=C][C][Branch1][C][C][=N][C][=Ring1][=Branch1][N][C][C][=C][N][C][=Branch1][C][=S][C][=C][Ring1][=Branch1][C][=C][C][=C][Ring1][=C][C][=N][C][=C][Ring1][#Branch1][C][C][=C][Ring1][P],COCC1=CC(C)=NC12NCC=C3NC(=S)C=C3C=C4C=C2C=NC=C4CC=C,C=CCC1=CN=CC2=CC1=CC1=CC(=S)NC1=CCNC21N=C(C)C=C1COC,True,False
433,[C][C][N][Branch2][Ring1][=Branch1][C][C][=N+1][Branch1][=C][C][=C][Branch1][=N][C][N][C][C][=C][C][=C][Ring1][#Branch1][C][C@][Branch1][C][C][O][C@H1][Branch1][C][N][C][=Branch1][C][=O][C][C][Ring1][C],CCN(CC=[N+1]C=CC1NCC=CC=C1C[C@]C)O[C@H1](N)C(=O)C=C,C=CC(=O)[C@@H](N)ON(CC)CC=[N+]C=CC1NCC=CC=C1C[C]C,True,False
434,[C][C][C][=C][C][Branch2][Ring1][=Branch1][C][=Branch1][C][=O][C][Branch1][#Branch2][C][C][=C][C][Branch1][=Branch2][S][Branch1][C][C][=Branch1][C][=O][C][=C][Ring1][O][C][=C][Ring2][Ring1][Branch1][C][=C],C1CC=CC(C(=O)CCC=CCS(C)(=O)C)=CC=C1C=C,C=CC1=CC=C(C(=O)CCC=CC[SH](C)(C)=O)C=CCC1,True,False
435,[C][N][N][C][=Branch1][C][=O][C][C][=C][C][Branch1][Branch2][C][=C][C][C][O][C][=O][C][=C][Ring1][=N][C][=N][C][Branch1][C][C][=C][C][=C][Branch1][Branch2][/C][=C][/O][C][Branch1][C][C][=O][C][=C][Ring1][#Branch2][C][=C][Ring2][Ring1][=Branch1],CNNC(=O)C1C=CC(C=CCCOC=O)C=C1C=NC(C)=CC2=C(/C=C/OCC)OC=C2C=C,C=Cc1coc(/C=C/OCC)c1C=C(C)N=CC1=CC(C=CCCOC=O)C=CC1C(=O)NNC,True,False
436,[C][#C][C][C][C][Branch2][Ring1][=Branch1][N][C][O][C][=Branch1][C][=O][C][Branch1][#Branch2][C][Branch1][C][F][Branch1][C][F][C][C][I][C][Branch1][#Branch2][C][C][=C][C][Ring2][Ring1][=Branch1][C][C],C1#CCCC(NCOC(=O)C(C(F)(F)CC)I)CC=CC1CC,CCC1C#CCCC(NCOC(=O)C(I)C(F)(F)CC)CC=C1,True,False
437,[C][O][C][=Branch1][C][=O][C@H1][Branch1][C][N][Ring1][=Branch1][C][=C][C][=C][C][Branch1][C][C][=C][Ring1][Branch2][C][=C][Ring1][#C][C][=Branch1][C][=O][C][N][Ring1][#Branch1][C][Cl][O][C][=C][Ring1][#Branch2],C1OC(=O)[C@H1]1N,N[C@H]1COC1=O,True,False
438,[C][O][C][=C][C][=Branch1][P][=C][C][=N][C][=C][C][Ring1][Branch1][C][=C][N][C][Ring1][=Branch2][=C][C][=Ring1][=C][=N][C][Branch1][C][C][C][=N][C][=C][C][=C][Ring1][P],C1OC=CC1=CC2=NC=CC2C=CNC=CC,CC=CNC=CC1C=CN=C1C=C1C=COC1,True,False
439,[O][=C][C][O][Branch1][#Branch2][C][C][=C][C][O][Ring1][Branch1][=O][C][=C][C][Branch2][Ring2][C][C][=C][C][Ring1][Ring1][C][=C][C][Branch1][O][C][=C][C][Branch1][C][C][=N][Ring1][#Branch1][C][=C][Ring1][O][N][Ring2][Ring1][C][Ring1][=Branch1][C@H1][Branch1][C][C][O][C],O=CCOC1C=CCO1,O=CCOC1C=CCO1,True,False
440,[Br][C@@H1][Branch1][C][C][N][C][Branch1][#Branch2][C][=Branch1][C][=O][C][N][C][C][C][=C][=C][Branch1][C][Cl][C][=C][C][=N][Ring1][Branch2][=N][Ring1][=C][=C][Ring1][#C][C][Branch1][=Branch2][C][=C][C][C][Branch1][C][Cl][Ring1][=Branch1][C][C][Ring1][N][=C][Ring2][Ring1][Branch2],Br[C@@H1](C)NC(C(=O)CNCCC1)=C=C(Cl)C=CC=N1,C[C@H](Br)NC1=C=C(Cl)C=CC=NCCCNCC1=O,True,False
441,[C][N][C][=C][C][=C][Branch1][Branch1][C][N][Ring1][=Branch1][C][Branch2][Ring2][=C][/C][=N][C][=C][C][=C][C][=C][Ring1][=Branch1][NH1][C][=C][Branch1][O][C][=N][C][Branch1][C][Br][C][Ring1][=Branch1][C][=C][C][Branch1][C][C][Ring2][Ring1][#C][C],C1NC2=CC=C(CN2)C/C=NC3=CC=CC=C3[NH1]C=C(C=NC(Br)CC)CC1(C)C,CCC(Br)N=CC1=CNc2ccccc2N=CCC2=CC=C(NC2)NCC(C)(C)C1,True,False
442,[C][C][Branch1][C][O][C][=C][C][C][=C][Branch1][C][C][N][Branch2][Ring1][=Branch1][C][Branch1][C][C][Branch1][C][F][=N][C][=C][Ring1][=Branch1][C][Branch1][C][C][=C][C][=C][Ring1][S],CC(O)C=CC1C=C(C)NC(C)(F)NC=CC(C)=CC=C1,CC1=CC=CC(C=CC(C)O)C=C(C)NC(C)(F)NC=C1,True,False
443,[C][C][Branch1][C][C][C][C@][Branch1][C][Cl][=N][N][C][=C][C][Branch2][Ring1][C][N][C][=Branch1][C][=O][C][=C][C][=C][Ring1][Ring2][C][=C][Branch1][=C][C][=C][Branch1][C][Cl][C][=C][Ring1][=Branch2][C][#N][C][C][Branch1][=Branch1][C][Ring2][Ring1][N][=O][C][=C][Ring1][P],C1C(C)C[C@](Cl)=NNC=CC(NC(=O)C2=CC3=C2C=CC=C(Cl)C=C3C#N)(C1=O)C=C,C=CC1(NC(=O)c2cc3c(C#N)cc(Cl)cccc2=3)C=CNN=C(Cl)CC(C)CC1=O,True,False
444,[C][C@H1][C][=C][C][=C][Branch2][Ring1][C][O][C][=C][N][C][Branch1][C][Cl][=C][C][Branch1][=Branch2][C][N][C][=C][Branch1][C][F][C][=C][Ring1][O][C][=Branch1][C][=O][C@H1][Ring2][Ring1][Ring2],C[C@H1]C=CC1=C(OC=CNC(Cl)=CCCNC=C(F)C)CC(=O)[C@H1]1,C[CH]C=CC1=C(OC=CNC(Cl)=CCCNC=C(C)F)CC(=O)[CH]1,True,False
445,[C][C][C@H1][O][N][Branch2][Ring1][=N][C][=Branch1][C][=O][C][O][C][=C][C][Ring1][#Branch1][C][=C][C][=C][C][=C][C][Branch1][P][N][=C][Branch1][C][C][O][C][=C][Ring1][#Branch2][=N][C][Branch1][C][C][=O][=C][Ring2][Ring1][Branch2],CC[C@H1]ON(C(=O)COC=CCC=CC=C1C=CCN=C(C)OC=C1NC(C)=O)C,CC[CH]ON(C)C(=O)COC=CCC=CC=C1C=CCN=C(C)OC=C1NC(C)=O,True,False
446,[C][O][C][=C][C][=N][N][Branch1][=Branch1][C][C@H1][C][Branch1][C][C][=O][C][C@][Ring1][=Branch2][=C][C][=C][C][Branch1][=C][C][C][=Branch1][C][=O][O][C][Branch1][C][C][=C][Branch1][C][C][O][=C][C][=Branch1][C][=O][C][Ring1][S][=C][Ring2][Ring1][=Branch2][C][=C][Ring1][N],COC=CC=NN(C1[C@H1]CC)OC[C@]=CC2=CC(CC(=O)OC(C)=CC)OCC(=O)C2=C1C=C,C=CC1=C2C(=O)COC(CC(=O)OC(C)=CC)C=C2C=[C]CON(N=CC=COC)C1[CH]CC,True,False
447,[C][C][=N][C][=C][C][C][C][=C][Ring1][=Branch1][=Branch1][C][=O][C][C][Branch1][Ring1][C][=O][N][C][=Branch2][Ring1][#Branch2][=N][C][Branch1][#Branch1][C][O][C][=C][C][=Ring1][Branch2][C][=C][Ring1][=C][C][=Branch1][C][=O][C][Branch1][C][F][=C][C][=C][Ring1][#Branch2],CC=NC1=CCCC=C1C=O,CC=NC1=CCCC=C1C=O,True,False
448,[O][C][=C][C][=C][N][Ring1][#Branch1][C][O][C][=C][C][Branch1][Ring1][C][O][C][=C][C][C][=C][C][=C][C][Branch1][C][F][=C][Ring2][Ring1][C][=C][Ring1][Branch2][C][Ring1][N][F],O1C=CC=CN1COC=CC(CO)C2=CCC3=CC=CC(F)=CC3C2F,OCC(C=COCN1C=CC=CO1)C1=CCC2=CC=CC(F)=CC2C1F,True,False
449,[N][C][C][C][=C][C][=C][C][=C][Branch1][O][C][C][=C][#C][C][=N][C][=C][C][=C][Ring1][=N][Cl][C][Ring1][=Branch1][C][Ring1][=C][C][=C][N][=C][S][C][=C][Ring2][Ring1][=Branch1][C][=C][Ring1][Branch1][C][=C][Ring1][=C],N1CCC=CC=CC=C1CC=C=CC=NC=CC=C,C=CC=CN=CC=C=CCC1=CC=CC=CCCN1,True,False
450,[C][C][=C][C][=C][C][=C][C][Branch1][C][N][C][=Branch1][C][=O][F][S][C][=C][N][=C][C][=C][C][Branch1][C][F][=C][C][Branch2][Ring1][=Branch1][N][C][=C][Ring1][=C][O][C][=C][Ring2][Ring1][#Branch1],CC=CC=CC=CC(N)C(=O)F,CC=CC=CC=CC(N)C(=O)F,True,False
451,[C][C][Branch1][C][O][Branch1][=Branch2][C][=C][C][Branch2][Ring1][#Branch1][C][=N][C][Branch1][C][C][N][C][=Branch1][C][=O][O][C][=C][C][Branch1][#Branch2][C][=C][C][Branch1][C][N][=N][Ring1][=Branch1][C][=C][Ring2][Ring1][Branch1][C][Branch1][C][F][=C][C][Ring1][Branch2][O][C],CC(O)(C1=CCC=NC(C)NC(=O)OC=CC2C=CC(N3)=N2)C=C1C(F)=CC3OC,COC1C=C(F)C2=CC(C)(O)C2=CCC=NC(C)NC(=O)OC=CC2C=CC(=N2)N1,True,False
452,[O][=C][Branch1][C][O][C][C][N][Branch1][=Branch2][N][C][C][=C][C][=C][Ring1][=Branch1][C@H1][C][=Branch1][C][=O][O][C][C@@H1][Branch1][C][Br][C][=C][Ring1][P][Ring1][N][C][C][Ring2][Ring1][Branch2][C][C],O=C(O)CC1N(N2CC=C3C=C2)[C@H1]C(=O)OC[C@@H1](Br)C=C13,O=C(O)CC1C2=C[C@H](Br)COC(=O)[CH]N1N1C=CC2=CC1,True,False
453,[C][C][=C][N][Branch1][P][C][=C][Ring1][=Branch1][C][=C][Branch1][=C][C][=Branch1][C][=O][N][Branch1][C][C][S][C][=Branch1][C][=O][N][C][=C][Ring1][=Branch2][C][N][Branch1][Ring1][C][O][C][=Ring2][Ring1][Ring2][Cl][=C][C][=C][Ring2][Ring1][#Branch1][F],C1C=CN(C=C1C=CC(=O)N(C)SC=O)NC=CCN(CO)CCl,CN(SC=O)C(=O)C=CC1=CN(NC=CCN(CO)CCl)C=CC1,True,False
454,[C][C][O][C][=N][C][=C][Branch2][Ring1][C][S][C][=C][Branch1][=Branch1][C][=C][Ring1][=Branch1][C][C][N][=C][Branch1][S][C][N][Ring1][=Branch1][C][=C][Branch1][C][Cl][C][=C][C][C][Ring1][P][C][=Branch1][C][=O][N][C][=C][C][Branch1][C][F][=C][Ring2][Ring1][=N],CCOC=NC=C(SC1=C(C=CC2)CN=CCN2C=C(Cl)C=CCC1)C(=O)NC=CC(F)=C,C=C(F)C=CNC(=O)C(=CN=COCC)SC1=C2C=CCN(C=C(Cl)C=CCC1)CC=NC2,True,False
455,[O][=C][C][=C][C][C][C][=C][Branch2][Ring2][=C][C][=C][Ring1][=Branch1][N][C][=C][C][Branch1][C][F][=C][C][Branch1][C][Cl][=C][C][Branch1][Ring1][O][C][=C][C][=Branch1][C][=O][N][=C][Ring1][#Branch1][C][Branch1][C][O][C][=C][Ring2][Ring1][Branch2][F],O=CC=CC1CC=C2C=C1NC=CC(F)=CC(Cl)=CC(OC)=CC(=O)N=CC(O)C=C2F,COC1=CC(=O)N=CC(O)C=C(F)C2=CCC(C=CC=O)C(=C2)NC=CC(F)=CC(Cl)=C1,True,False
456,[O][=C][C][=C][C][=C][Ring1][=Branch1][C][=Branch1][C][=O][C][=C][Ring1][Branch2][C][=C][Branch1][C][O][C][Ring1][Branch1][C][Branch1][C][Br][=C],O=CC1=CC=CC(=O)C=C1C=C(O)CC(Br)=C,C=C(Br)CC(O)=Cc1cc(=O)cccc1C=O,True,False
457,[C][O][C@H1][C][=Branch1][C][=O][C][=N][N][C][=C][Branch2][Ring2][Branch2][N][C][C][C][O][C][=C][Branch2][Ring1][#Branch1][C@H1][Branch1][Ring2][C][=C][C][Branch1][C][N][Ring1][=Branch1][C][C][Ring1][Ring1][C][=C][Ring1][F][C][Ring1][#C][C][=C][Ring2][Ring1][=Branch2][Ring2][Ring1][=Branch1],CO[C@H1]C(=O)C1=NNC2=CNCCC3OC=C([C@H1](C=CC)CN4CC4C#CC3)C=C12,CC=C[C@@H]1CN2CC2C#CCC2CCNC=c3[nH]nc(C(=O)[CH]OC)c3=CC1=CO2,True,False
458,[O][=C][C][C][C][C][Branch2][Ring1][S][C][=C][Branch1][Ring1][C][Cl][C][C@H1][Branch1][C][C][O][Ring1][Branch2][C][=C][C][=C][Branch1][C][F][C][=C][Ring1][#Branch2][C][C][=N][Ring2][Ring1][Ring1][C][Ring1][#Branch1],O=CCCCC(C1=C(C2Cl)C[C@H1](C)O1)C2,C[C@H]1CC2=C(O1)C(CCCC=O)CC2Cl,True,False
459,[C][O][C@@H1][Branch2][Ring1][=C][C][#C][C][C][=C][N][=C][Branch1][C][Cl][NH1][C][Ring1][#Branch1][C][=C][C][Branch1][C][O][=C][C][=Branch1][C][=O][Cl][C][=C][Ring1][N][=O][C][=C][Ring2][Ring1][Branch1][Ring1][Ring1][C][=C][C],CO[C@@H1](C#CCC1=CN=C(Cl)[NH1]C1C=CC(O)=CC(=O)Cl)N=O,CO[C@@H](C#CCC1=CN=C(Cl)NC1C=CC(O)=CC(=O)Cl)N=O,True,False
460,[O][=C][C][=C][C][=C][Branch2][Ring2][=N][N][C][=C][C][Branch1][#C][C][=C][Ring1][#Branch1][Cl][C][=C][Ring1][=Branch1][O][N][C][Branch1][Ring1][C][#N][C][Branch1][C][N][C][C][C][Ring1][#Branch2][C][Branch1][C][F][=C][N][=Ring1][=N],O=CC=CC=C1NC=CC(C=C1Cl)C#N,N#CC1C=CNC(=CC=CC=O)C(Cl)=C1,True,False
461,[C][N][C][=Branch1][C][=O][O][C][=C][Branch1][C][F][C][=N][C][=C][C][=C][Branch1][=C][C][O][C][C][Branch1][C][F][=C][Ring1][#Branch1][C][=C][Ring1][S][C][Ring2][Ring1][Branch1],CNC(=O)OC=C(F)C=NC=CC=C(COCC(F)=CC=C)C,C=CC=C(F)COCC(C)=CC=CN=CC(F)=COC(=O)NC,True,False
462,[C][C@@H1][Branch1][Ring1][C][=O][C][C][=C][C][=N][C][=C][Ring1][=Branch1][O][C][O][C][C][=C][C][=C][C][=Branch1][Ring1][=C][C][Branch1][C][N][C][=C][C][Branch1][C][F][=C][Ring1][=Branch1][Ring1][C][C],C[C@@H1](C=O)CC1=CC=NC=C1OCOCC=CC=CC(=CC)CN2C=CC(F)=C2,CC=C(C=CC=CCOCOc1cnccc1C[C@@H](C)C=O)Cn1ccc(F)c1,True,False
463,[C][C@][C][=C][S][C][=C][C][=C][Ring1][=Branch1][C][C][Branch1][C][F][Branch1][C][C][C][=C][C][Ring1][=Branch2][O][Ring1][#C][N][N][C][C][C][C][=Branch1][#Branch2][=C][C][Ring1][S][=O][C][C][Branch1][Ring1][C][C][C][O][C][C][Ring1][=Branch2],C[C@]C1=C2SC=CC3=C2CC(F)(C)C=CC3O1,C[C]C1=C2SC=CC3=C2CC(C)(F)C=CC3O1,True,False
464,[C][#C][C][C][C][N][=C][C][C][=C][C][Branch2][Ring1][#Branch2][N][C][=C][C][=C][Branch1][C][S][=Branch1][C][=O][=C][C][=C][Branch1][=Branch1][C][=C][Ring1][#C][O][C][Branch1][C][N][=C][C][=C][Ring2][Ring1][Branch2],C1#CCCCN=CCC=CC(NC=CC=C(S)C=O)=CC=C1,O=CC(S)=CC=CNC1=CC=CC#CCCCN=CCC=C1,True,False
465,[O][=C][=C][C][=C][C][=C][Ring1][=Branch1][C][N][Branch2][Ring2][Ring1][S][=N][C][=C][Branch1][C][C][C@H1][Ring1][=C][C][=C][NH1][C][=Branch1][C][=O][C][=C][Ring1][=Branch2][/C][=C][/C][Branch1][Branch2][C][=C][C][=N][C][=Ring1][Branch1][O][Ring2][Ring1][C][=C][C][=C][Ring2][Ring1][O],O=C=CC=CC=CCNS=NC=C(C1)[C@H1]C=C[NH1]C(=O)C=C1/C=C/C(C2=CC=NC2)O,O=C=CC=CC=CCN[SH]=NC=C1[CH]C=CNC(=O)C=C(/C=C/C(O)C2=CC=NC2)C1,True,False
466,[C][C][Branch1][C][O][C][=C][C@H1][C][C][C@H1][Branch1][#Branch1][N][C][=O][C][=O][C@@H1][Ring1][Branch2][C][O][C][=C][Ring1][N][=N][C][Branch1][C][O][=N][C][Ring1][=Branch1][C][O][C][Ring1][Branch1],CC1(O)C=C[C@H1]CC[C@H1]1NC=O,CC1(O)C=C[CH]CC[C@H]1NC=O,True,False
467,[S][C][C][N][C][=Branch1][Branch2][=C][N][C][=C][C][=C][Branch1][=Branch1][C][=C][Ring1][#Branch1][C][P][C][Ring1][=Branch1][O-1][C][=C][C][O][C][=C][Ring1][S][C][Branch1][=Branch2][C][C][N][C][=C][Ring2][Ring1][C][Cl][C],SCCNC(=CN1C=CC=C2C=C1C)PC2[O-1],CC1=CC2=CC=CN1C=C(NCCS)PC2[O-],True,False
468,[C][C][=Branch1][C][=O][C@@H1][Branch1][C][C][C@H1][C][C][Branch1][C][C][C@H1][C][Branch1][C][C][C][=C][Ring1][#Branch2][C][=C][Ring1][Branch1][O][C][=C][C][=C][C][Branch1][=Branch2][C][Branch1][C][C][C][=N][Ring1],CC(=O)[C@@H1](C1)[C@H1]CC(C)[C@H1]C(C2)C=C1C=C2OC=CC=CCC(C)C#N,CC(=O)[C@@H]1[CH]CC(C)[CH]C2C=C(C=C(OC=CC=CCC(C)C#N)C2)C1,True,False
469,[C][C][O][C][C][C][=C][C][N][=C][C][Branch2][Ring2][C][C][C][N][C][=C][Branch1][Branch2][N][C][=C][C][=C][C][Ring1][Branch1][C][C][=C][O][C][Ring1][Branch2][=C][Branch1][C][C][S][Ring1][=N][C][Ring2][Ring1][Ring1][C][=C][C][=C][Ring2][Ring1][=Branch1],CCOCCC=CCN=CC(CC1N2C=C(NC3=CC4=CC3)CC=COC4=C(C)SC1)C=CC=C2,CCOCCC=CCN=CC1C=CC=CN2C=C3CC=COC(=C(C)SCC2C1)C1=CCC(=C1)N3,True,False
470,[=C][=C][C][Branch2][Ring1][=C][C][C][/C][=C][\C][N][C][C][=C][C][=C][C][C][Ring1][=Branch1][C][=Branch1][C][=O][C][Branch1][C][C][=C][C][Branch1][=N][C][=C][C@][Ring2][Ring1][=Branch1][C][=C][Ring1][Branch2][O][C][C][=Branch1][C][=O][O],C=CC(C1C/C=C\CNCC2=CC=CCC2C(=O)C(C3)=CCC=C[C@]1C=C3OC)C(=O)O,C=CC(C(=O)O)C1C/C=C\CNCC2=CC=CCC2C(=O)C2=CCC=C[C]1C=C(OC)C2,True,False
471,[C][C][C][=Branch1][C][=O][C][C][=C][N][=C][Branch2][Ring1][=Branch1][C][C][C][Branch1][C][F][C][Branch1][P][C][=Branch1][C][=O][=Branch1][C][=O][O][C][Ring1][#Branch2][=C][N][C][=C][Branch1][Branch2][C][C][=C][N][C][C][Ring1][=Branch1][C][=C][C][Ring2][Ring1][#Branch2][=N][Ring1][S],CC1C(=O)CC=CN=C(CCC(F)CC(=O)C=O)C2C=CNCC2C=CC1=N,CC1C(=N)C=CC2CNC=CC2C(CCC(F)CC(=O)C=O)=NC=CCC1=O,True,False
472,[O][C][=C][C][=C][Branch2][Ring1][C][S][C][=N][N][=C][Branch1][#Branch2][C][Branch1][C][C][=C][Branch1][C][F][Cl][S][C][Branch1][C][C][=C][Branch1][C][F][C][=C][C][Branch1][C][C][=C][Ring1][=N][N][Branch1][C][C][C][=C][Ring2][Ring1][#Branch2],OC=CC1=C(SC=NN=C(C(C)=C(F)Cl)S)C(C)=C(F)C=CC(C)=CN(C)C=C1,CC1=CN(C)C=CC(C=CO)=C(SC=NN=C(S)C(C)=C(F)Cl)C(C)=C(F)C=C1,True,False
473,[C][S][=Branch1][C][=O][=Branch1][C][=O][N][C][=C][C][=N][C][=C][C][=Branch1][C][=O][C][=C][Branch1][C][N][C][Ring1][=Branch1][O][C][=C][Branch1][P][C][N][=C][C][=Branch1][C][=O][N][C][C][Ring1][=Branch1][C][=C][Ring1][S],CS(=O)(=O)NC=CC=NC=CC(=O)C=C(N)COC=CCN=C1C(=O)NCC1C=C,C=CC1CNC(=O)C1=NCC=COCC(N)=CC(=O)C=CN=CC=CNS(C)(=O)=O,True,False
474,[C][C][O][C][=C][C][Branch1][C][N][=C][C][C][N][Branch1][C][C][O][C][=C][Ring1][Branch2][C][C][N][Ring1][=N][C][=Branch1][C][=O][C][=C][N][=C][Branch1][Ring2][N][C][C][C][C][Ring1][=Branch1][O][C][Ring2][Ring1][C],CCOC=CC(N)=C1CCN(C)OC2=C1CCNC(=O)C=CN=C(NCC)CCOC2,CCNC1=NC=CC(=O)NCCC2=C(COCC1)ON(C)CCC2=C(N)C=COCC,True,False
475,[C][C][C][Branch1][C][O][C][S][=Branch1][C][=O][C][=C][Branch1][=Branch2][N][C][C][=C][C][=C][Ring1][=Branch1][Ring1][#Branch2][C][=C][C][Branch1][C][Br][=C][Ring1][=Branch2][C][=Branch1][C][=O][=O],C1CC(O)CS(=O)C=C1N2CC=CC=C2,O=S1C=C(N2C=CC=CC2)CCC(O)C1,True,False
476,[C][C][N][C][Branch2][Ring1][=Branch1][C][O][C][=C][Branch1][C][Cl][C@@H1][C][=Branch1][C][=O][O][N][=C][Ring1][Branch1][C][=N][C][Branch1][C][F][=C][NH1][C][=C][C][C][Ring1][=Branch1],CCNC(COC=C(Cl)[C@@H1]C(=O)ON=CC=NCF)=C1[NH1]C=CCC1,CCNC(COC=C(Cl)[CH]C(=O)ON=CC=NCF)=C1CCC=CN1,True,False
477,[C][C][#C][C][Branch1][C][O][C][=C][Branch2][Ring1][#Branch1][O][C][=C][C][=N][C][=C][Ring1][=Branch1][C][Ring1][Branch1][C][C][=C][\C][Branch1][C][Cl][=C][C][C][Branch1][Ring1][O][C][=Branch1][C][=O][C][C][Ring2][Ring1][C],C1C#CC(O)C=C1OC2=CC3=NC=C2C3CC=C\C(Cl)=CCC,CCC=C(Cl)C=CCC1C2=CN=C1C=C2OC1=CC(O)C#CC1,True,False
478,[C][O][C][=C][C][=Branch1][Ring1][=C][C][=C][Branch1][#Branch2][C][=Branch1][C][=O][C][=C][Ring1][Branch2][S][C][=C][Ring1][=N][C][O][Branch1][Ring2][C][C][=Branch1][C][=O][N][C][C][C][Branch1][C][F][Branch1][C][Cl][C][C][Ring1][#Branch1][C][O][C][=C][Ring2][Ring1][#C],COC1=CC(=CC)C(C(=O)C=CS)C=C1C=O,CC=C1C=C(OC)C(C=O)=CC1C(=O)C=CS,True,False
479,[C][C@@H1][C][Branch1][C][C][=O][C][Branch2][Ring1][#C][C][O][C][Branch1][C][C][=C][C@H1][Branch1][Ring1][C][=O][C][C@@H1][Ring1][Branch2][N][C][=C][Ring1][=C][O][=C][Branch1][C][C][N][C][Branch1][C][C][=O][N][Ring1][P][C][=C][C][C][Ring2][Ring1][O],C[C@@H1]C(C)=O,C[CH]C(C)=O,True,False
480,[C][C][=N][C][Branch1][Ring1][C][C][=C][Branch2][Ring1][#Branch1][C][N][C][=Branch1][C][=O][C][C][=C][C][=C][C][=C][C][=C][Branch1][C][Cl][S][Ring1][=Branch1][C][Branch1][C][Cl][=C][Ring1][N][C][C][=C][Branch1][#Branch1][C][=C][Ring1][O][C][C][C][=C][Ring1][#Branch1],CC=NC(CC)=C(CNC(=O)CC=CC=CC1=CC=C(Cl)S1C)CCl,CC=NC(CC)=C(CCl)CNC(=O)CC=CC=CC1=CC=C(Cl)[SH]1C,True,False
481,[C][C][=Branch1][C][=O][N][C][=Branch1][C][=O][N][C][=C][C][=C][Branch1][Branch2][C][C][=C][Branch1][C][C][Br][C][=N][C][C][Ring1][O][Ring1][#Branch1][=C][C][Branch1][C][O][C][=C][C][=N][C][=C][C][=C][Ring1][=Branch1][N],CC(=O)NC(=O)NC=CC1=C(CC=C(C)Br)C=NCC1CC(O)C=CC2=NC=CC=C2N,CC(=O)NC(=O)NC=CC1=C(CC=C(C)Br)C=NCC1CC(O)C=Cc1ncccc1N,True,False
482,[N][C][Branch1][C][C][=C][C][Branch1][N][O][C][C][C@@][Ring1][#Branch1][C][=C][Branch2][Ring1][P][O][C][=C][Ring1][=Branch1][=C][C][=Branch1][C][=O][C][=C][N][=C][C][=C][Ring1][=Branch1][C][Branch1][C][Cl][=C][Branch1][C][F][C][=C][Ring1][#Branch1][C][=C][Ring2][Ring1][=Branch2][C],N1C(C2)=CC1(OCC[C@@]23C=COC=C3CC(=O)C4=CN=CC=C4C(Cl)=C(F)C=CC=C)C,C=CC=CC(F)=C(Cl)c1ccncc1C(=O)CC1=COC=C[C@@]12CCOC1(C)C=C(C2)N1,True,False
483,[O][=C][Branch1][C][O][C][C][Branch1][C][F][S][C][=Branch1][C][=O][C][C][N][=C][C][Branch2][Ring1][C][N][Branch1][C][C][C][=C][C][=C][Ring1][=Branch1][Ring1][=C][C][=Branch1][C][=O][C][=C][C][=C][Branch1][Ring1][C][F][N][O][Ring2][Ring1][=Branch2],O=C(O1)CC(F)S2C(=O)CCN=CC(N(C)C=CC=C2)=CC=C(CF)NO1,CN1C=CC=C[SH]2C(=O)CCN=CC1=CC=C(CF)NOOC(=O)CC2F,True,False
484,[C][C][C][C][=C][C][Branch2][Ring1][#Branch1][C][=C][C][=C][Ring1][Branch1][N][=N][C][C][=C][C][NH1][C][=C][Ring1][=Branch1][C][=C][C][Branch1][C][N][=O][C][Ring2][Ring1][C][=C][Ring2][Ring1][Branch1][C][Branch1][C][O][=N][C][Ring1][N],CCCC=CC(C=CC=CN=NCC1=CC[NH1]C=C1C=CCN)=O,CCCC=CC(=O)C=CC=CN=NCC1=CCNC=C1C=CCN,True,False
485,[C][C][C][=N][C][=C][Branch2][Ring1][S][C][N][C][C][C][C][Ring1][=Branch2][C][C][C@@H1][Branch2][Ring1][=Branch1][C][=C][C][C][Branch1][C][N][=O][C][=C][C][C][Branch1][C][O][C][Ring1][=N][Ring1][#Branch2][C][=C][Ring2][Ring1][#Branch1][N][C][C][Cl],C1CC=NC=C(CNCCCCCC[C@@H1]C=CCC(N)=O)C1NCCCl,NC(=O)CC=C[CH]CCCCCCNCC1=CN=CCCC1NCCCl,True,False
486,[C][C][C][C][C][C][C][#C][C][Branch1][Branch2][C][C][=C][C][=Branch1][O][=C][C][Branch1][C][N][=C][Ring1][#Branch1][C][S][C][Branch1][P][C][=Branch1][C][=O][O][N][C][C][=Branch1][C][=O][C][Ring1][O],CCCCCCC#CC(CC1=CC=CC(N)=C1C2S)CC(=O)ONCC(=O)C2,CCCCCCC#CC1CC(=O)ONCC(=O)CC(S)c2c(N)cccc2C1,True,False
487,[C][C@H1][C][O][C@@H1][Branch1][C][C][O][C][=Branch1][C][=O][C][=N][C][Branch1][N][C][=C][C][Branch1][Ring1][C][F][C][=C][Ring1][#Branch1][C][=C][C][Ring1][=Branch2][=C][C][=C][Ring1][#Branch1][N][C][=C][Ring2][Ring1][=Branch2][C][Branch1][C][C][F],C[C@H1]CO[C@@H1](C)OC(=O)C=NC(C1=C2C(CF)C=C13)C=CC2=CC=C3NC=CC(C)F,C[CH]CO[C@@H](C)OC(=O)C=NC1C=CC2=CC=C(NC=CC(C)F)C3=CC(CF)C2=C31,True,False
488,[C][C][Branch1][C][N][=C][NH1][C][=Branch1][#Branch2][=C][C][C][O][C][Branch1][Ring1][C][#N][=N][C][O][C][C][=C][Branch1][C][Cl][C][Ring1][=Branch1][=C][Ring1][Branch2][C][=C][=Ring2][Ring1][Ring1][=C],CC(N)=C[NH1]C(=CCCOCC#N)NC1OCC=C(Cl)C=C1C=C,C=CC1=CC(Cl)=CCOC1NC(=CCCOCC#N)NC=C(C)N,True,False
489,[O][=C][Branch1][Ring1][C][O][C][=C][N][Branch1][#Branch2][C][C][=C][Branch1][C][Cl][C][C][Ring1][#Branch1][C][C][N][=C][Branch1][=Branch2][/C][=C][/C][Ring1][N][C][=C][C][=Branch1][Ring2][=C][Ring1][Branch1][C][C][C][C][Ring1][Ring1][O],O=C(CO)C=CN(CC1=C(Cl)CC)CCN=C/C=C/C1C=CC,CC=CC1/C=C/C=NCCN(C=CC(=O)CO)CC1=C(Cl)CC,True,False
490,[C][C][Branch1][C][C][=N][C][Branch2][Ring1][Ring2][N][C][=C][C][=N+1][C][=C][C][=C][Branch1][#Branch1][/C][=C][C][C][F][O][C][=C][C][Ring1][=Branch1][S][Branch1][C][C][=O][N][C][Branch1][C][C][Branch1][C][Cl][C][Branch1][C][C][=C][Ring2][Ring1][Branch2][O][C][N],CC(C)=NC(NC=CC=[N+1]C=CC=C(/C=CC1CF)C=C)C1S(C)=O,C=CC1=CC=C[N+]=CC=CNC(N=C(C)C)C(S(C)=O)C(CF)C=C1,True,False
491,[C][C][N][C][C][=Branch1][C][=O][C][Branch1][C][F][=C][C][C][Branch2][Ring1][C][O][C][=C][Branch1][C][F][C][=C][C][N][C][C][=O][C][Branch1][C][C][=C][Branch1][C][C][N][=C][Ring1][=Branch1][C][=C][Ring2][Ring1][#Branch2][C],CCN1CC(=O)C(F)=CCC(OC=C(F)C=CCNCC2=O)=C(C)N=C2C=C1C,CCN1CC(=O)C(F)=CCC2=C(C)N=C(C=C1C)C(=O)CNCC=CC(F)=CO2,True,False
492,[C][=C][Branch1][#Branch2][C][C][C][=C][C][=C][C][Ring1][Branch1][=C][C][=Branch1][C][=O][Branch2][Ring1][O][C][C][=C][C][Branch1][C][Cl][=C][C][Branch1][=C][C][=C][C][=Branch1][C][=O][O][=C][Ring1][=C][=C][Branch1][Ring2][N][=N][Ring1][#C][C][Ring2][Ring1][O],C1=C(CCC2=CC=CC2)CC1=O,O=C1C=C(CCC2=CC=CC2)C1,True,False
493,[C][N][C][=C][C][=C][C][=Branch1][P][=C][Branch2][Ring1][=C][C][N][=C][C][=Branch1][C][=O][C][=C][C][Branch1][=Branch2][/C][=C][/C][Ring1][=Branch1][C][=Branch1][C][=O][C][Branch1][=C][C][=Branch1][C][=O][O][C][Branch1][C][C][Branch1][C][C][C][S][Ring2][Ring1][N],CNC1=CC=CC(=CCN=CC(=O)C2=CC(/C=C/C2C=O)CC(=O)OC(C)(C)C)S1,CNC1=CC=CC(=CCN=CC(=O)C2=CC(CC(=O)OC(C)(C)C)C=CC2C=O)S1,True,False
494,[C][C][C][C][=Branch1][C][C][C][C][=N][C][S][C][=C][C][=C][C][=C][C][=C][Branch1][C][N][C][=C][Branch1][C][O][C][=C][Ring1][=Branch2][C][Branch1][C][C][=C][Ring1][=C][C][O][=C][Ring2][Ring1][Branch2][C][=Branch1][C][=O][N][Ring2][Ring1][#Branch2],CCCC(C)CC1=NCSC=CC=C2C=C3C=C(N)C=C(O)C=C3C(C)=C2COC1C(=O)N,CCCC(C)CC1=NCSC=CC=c2cc3c(c(C)c2COC1C(N)=O)=CC(O)=CC(N)=C3,True,False
495,[C][=C][Branch1][#C][N][C][=C][C][Branch1][C][Br][C][=C][C][=C][Branch1][C][F][C][=C][C][=C][Ring1][#Branch1][N],C=C(NC=CC(Br)C=CC1=CF)C=CC=C1N,C=C1C=CC=C(N)C(=CF)C=CC(Br)C=CN1,True,False
496,[C][C][O][C][=C][C][=Branch1][#Branch1][=C][Ring1][Branch1][C][=C][C][Branch1][S][C][=Branch1][C][=O][/C][=C][C][C][Ring1][S][C][=Branch1][C][=O][C][Branch1][C][C][=C][C][=C][Ring1][=Branch1][C][=C][C][=C][Ring1][Branch2][O],CC1OC=CC(=CC=CC)SC(=O)/C=CCC1C(=O)C(C2)=CC=CC=CC=C2O,CC=CC=C1C=COC(C)C(C(=O)C2=CC=CC=CC=C(O)C2)CC=CC(=O)S1,True,False
497,[C][C][=C][C][=C][NH1][C][=C][Branch1][=C][N][Ring1][=Branch1][C][=Branch1][C][=O][N][Ring1][C][C][=C][C][=N][C][Branch1][#C][N][Branch1][C][C][C][=Ring1][S][C][Branch1][C][C][Branch1][C][O][Branch1][C][C][C][Ring1][=C][C][=N][C][=C][Ring2][Ring1][Ring2][C][=C][Ring2][Ring1][#Branch2],CC=CC1=C2[NH1]C=C(N1C(=O)N3C=CC)NC(N(C)C2C(C)O)(C)C3C=NC=CC=C,C=CC=CN=CC1N(C=CC)C(=O)N2C3=CNC(=C2C=CC)C(C(C)O)N(C)C1(C)N3,True,False
498,[C][O][C][=C][Branch1][#Branch2][C][=C][C][=C][Branch1][Ring1][C][Cl][O][C][=O][Branch2][Ring1][C][C][Branch1][=Branch2][C][=Branch1][C][=O][N][=N][C][Branch1][O][C][C][C],COC=C(C=CC=C(CCl)O)C=O,COC=C(C=O)C=CC=C(O)CCl,True,False
499,[C][#C][C][=C][C][Branch1][=Branch2][C][=Branch1][C][=O][N][C][#N][C][=C][N][C][=C][C][C][=C][Ring1][Branch1][C][C][N][Branch1][C][F][C][Ring1][=C][=N][C][C][Ring1][Branch2][N][Ring2][Ring1][=Branch1][=Ring1][=C][=N][C][=C][Ring2][Ring1][#Branch2],C#CC=CC(C(=O)NC#N)=CNC1=CCC=C1C2CN(F)C=NCC2N,C#CC=CC(=CNC1=CCC=C1C1CN(F)C=NCC1N)C(=O)NC#N,True,False
