property,direction_type,direction_target,alpha,response,decode_count,valid_count,validity,median_value,q25_value,q75_value,median_change_from_seed,q25_change_from_seed,q75_change_from_seed,expected_sign_fraction
BertzCT,raw_property,BertzCT,-150.0,raw_property,50,50,1.0,0.0,0.0,0.0,-733.5321357194807,-891.6373629240833,-483.04385934891155,1.0
BertzCT,raw_property,BertzCT,-150.0,diagnostic_residual,50,50,1.0,316.7279427685432,298.5626357891439,465.4012051594019,375.9747387574433,285.93948858263764,441.13083025059234,0.02
BertzCT,raw_property,BertzCT,-146.96969696969697,raw_property,50,50,1.0,0.0,0.0,0.0,-733.5321357194807,-891.6373629240833,-483.04385934891155,1.0
BertzCT,raw_property,BertzCT,-146.96969696969697,diagnostic_residual,50,50,1.0,316.7279427685432,298.5626357891439,465.4012051594019,375.9747387574433,285.93948858263764,441.13083025059234,0.02
BertzCT,raw_property,BertzCT,-143.93939393939394,raw_property,50,50,1.0,0.0,0.0,0.0,-733.5321357194807,-891.6373629240833,-483.04385934891155,1.0
BertzCT,raw_property,BertzCT,-143.93939393939394,diagnostic_residual,50,50,1.0,320.7332192665139,298.5626357891439,465.4012051594019,395.37320515666534,286.9133549310935,441.68280765682084,0.02
BertzCT,raw_property,BertzCT,-140.9090909090909,raw_property,50,50,1.0,0.0,0.0,0.0,-733.5321357194807,-891.6373629240833,-483.04385934891155,1.0
BertzCT,raw_property,BertzCT,-140.9090909090909,diagnostic_residual,50,50,1.0,320.7332192665139,298.5626357891439,465.4012051594019,391.5176606153771,286.9133549310935,441.68280765682084,0.02
BertzCT,raw_property,BertzCT,-137.87878787878788,raw_property,50,50,1.0,0.0,0.0,0.0,-733.5321357194807,-891.6373629240833,-483.04385934891155,1.0
BertzCT,raw_property,BertzCT,-137.87878787878788,diagnostic_residual,50,50,1.0,316.7279427685432,298.5626357891439,465.4012051594019,391.5176606153771,285.93948858263764,441.68280765682084,0.02
BertzCT,raw_property,BertzCT,-134.84848484848484,raw_property,50,50,1.0,0.0,0.0,0.0,-733.5321357194807,-891.6373629240833,-483.04385934891155,1.0
BertzCT,raw_property,BertzCT,-134.84848484848484,diagnostic_residual,50,50,1.0,316.7279427685432,298.5626357891439,465.4012051594019,354.65377816983045,281.7113697259958,441.68280765682084,0.02
BertzCT,raw_property,BertzCT,-131.8181818181818,raw_property,50,50,1.0,0.0,0.0,0.0,-733.5321357194807,-891.6373629240833,-483.04385934891155,1.0
BertzCT,raw_property,BertzCT,-131.8181818181818,diagnostic_residual,50,50,1.0,316.7279427685432,298.5626357891439,465.4012051594019,344.5967991353564,283.76769729813793,441.68280765682084,0.02
BertzCT,raw_property,BertzCT,-128.78787878787878,raw_property,50,50,1.0,0.0,0.0,0.0,-733.5321357194807,-891.6373629240833,-483.04385934891155,1.0
BertzCT,raw_property,BertzCT,-128.78787878787878,diagnostic_residual,50,50,1.0,307.6452892788435,286.32880738497056,465.4012051594019,338.1230784684761,281.7113697259958,432.01533009896406,0.02
BertzCT,raw_property,BertzCT,-125.75757575757576,raw_property,50,50,1.0,0.0,0.0,0.0,-733.5321357194807,-891.6373629240833,-483.04385934891155,1.0
BertzCT,raw_property,BertzCT,-125.75757575757576,diagnostic_residual,50,50,1.0,298.5626357891439,286.32880738497056,465.4012051594019,335.3126432659018,281.7113697259958,417.35989611806826,0.02
BertzCT,raw_property,BertzCT,-122.72727272727272,raw_property,50,50,1.0,0.0,0.0,0.0,-733.5321357194807,-891.6373629240833,-483.04385934891155,1.0
BertzCT,raw_property,BertzCT,-122.72727272727272,diagnostic_residual,50,50,1.0,298.5626357891439,286.32880738497056,465.4012051594019,331.46566855552726,265.7474076733628,417.35989611806826,0.02
BertzCT,raw_property,BertzCT,-119.69696969696967,raw_property,50,50,1.0,0.0,0.0,0.0,-733.5321357194807,-891.6373629240833,-483.04385934891155,1.0
BertzCT,raw_property,BertzCT,-119.69696969696967,diagnostic_residual,50,50,1.0,298.5626357891439,286.32880738497056,458.9348965188738,325.7338941061017,265.7474076733628,412.47675371853614,0.02
BertzCT,raw_property,BertzCT,-116.66666666666666,raw_property,50,50,1.0,0.0,0.0,0.0,-733.5321357194807,-891.1373629240833,-483.04385934891155,1.0
BertzCT,raw_property,BertzCT,-116.66666666666666,diagnostic_residual,50,50,1.0,298.5626357891439,286.32880738497056,316.7279427685432,307.191914622269,256.13534536146506,409.8878701522736,0.02
BertzCT,raw_property,BertzCT,-113.63636363636364,raw_property,50,50,1.0,0.0,0.0,0.0,-733.5321357194807,-891.1373629240833,-483.04385934891155,1.0
BertzCT,raw_property,BertzCT,-113.63636363636364,diagnostic_residual,50,50,1.0,298.5626357891439,286.32880738497056,408.8339636401029,315.8082884771626,261.37629770750635,407.8611801853689,0.02
BertzCT,raw_property,BertzCT,-110.6060606060606,raw_property,50,50,1.0,0.0,0.0,0.0,-733.5321357194807,-891.1373629240833,-483.04385934891155,1.0
BertzCT,raw_property,BertzCT,-110.6060606060606,diagnostic_residual,50,50,1.0,298.5626357891439,286.32880738497056,313.98839190475115,304.65486827387826,246.6488223480226,407.8611801853689,0.02
BertzCT,raw_property,BertzCT,-107.57575757575758,raw_property,50,50,1.0,0.0,0.0,0.0,-733.5321357194807,-891.1373629240833,-483.04385934891155,1.0
BertzCT,raw_property,BertzCT,-107.57575757575758,diagnostic_residual,50,50,1.0,298.5626357891439,281.82089263801447,316.7279427685432,303.93218978276366,246.6488223480226,407.8611801853689,0.02
BertzCT,raw_property,BertzCT,-104.54545454545456,raw_property,50,50,1.0,0.0,0.0,0.0,-733.5321357194807,-891.1373629240833,-483.04385934891155,1.0
BertzCT,raw_property,BertzCT,-104.54545454545456,diagnostic_residual,50,50,1.0,298.5626357891439,281.82089263801447,313.98839190475115,303.93218978276366,246.6488223480226,407.8611801853689,0.02
BertzCT,raw_property,BertzCT,-101.51515151515152,raw_property,50,50,1.0,0.0,0.0,0.0,-733.5321357194807,-891.1373629240833,-483.04385934891155,1.0
BertzCT,raw_property,BertzCT,-101.51515151515152,diagnostic_residual,50,50,1.0,298.5626357891439,281.82089263801447,316.7279427685432,295.4540384235974,246.6488223480226,407.8611801853689,0.02
BertzCT,raw_property,BertzCT,-98.48484848484848,raw_property,50,50,1.0,0.0,0.0,0.0,-733.5321357194807,-891.1373629240833,-483.04385934891155,1.0
BertzCT,raw_property,BertzCT,-98.48484848484848,diagnostic_residual,50,50,1.0,298.5626357891439,280.3182543890291,313.98839190475115,291.2200958604552,240.45593000648734,404.8027230843256,0.02
BertzCT,raw_property,BertzCT,-95.45454545454544,raw_property,50,50,1.0,0.0,0.0,1.5,-733.5321357194807,-887.4582839452935,-483.04385934891155,1.0
BertzCT,raw_property,BertzCT,-95.45454545454544,diagnostic_residual,50,50,1.0,292.4457215870572,274.86982593818794,305.7697393133751,291.2200958604552,224.06508184455024,404.8027230843256,0.02
BertzCT,raw_property,BertzCT,-92.42424242424242,raw_property,50,50,1.0,0.0,0.0,2.0,-731.154691968399,-887.4582839452935,-483.04385934891155,1.0
BertzCT,raw_property,BertzCT,-92.42424242424242,diagnostic_residual,50,50,1.0,286.32880738497056,256.46880364725615,305.7697393133751,288.9940371213613,221.03927479190776,404.8027230843256,0.04
BertzCT,raw_property,BertzCT,-89.39393939393939,raw_property,50,50,1.0,0.0,0.0,4.754887502163469,-724.348847242185,-887.1980410959173,-482.7154278368439,1.0
BertzCT,raw_property,BertzCT,-89.39393939393939,diagnostic_residual,50,50,1.0,286.32880738497056,198.5714580871686,305.7697393133751,288.9940371213613,196.08842236134586,387.33569281020675,0.06
BertzCT,raw_property,BertzCT,-86.36363636363637,raw_property,50,50,1.0,1.0,0.0,4.754887502163469,-723.1037347443485,-887.1980410959173,-482.7154278368439,1.0
BertzCT,raw_property,BertzCT,-86.36363636363637,diagnostic_residual,50,50,1.0,280.3182543890291,196.28482312355797,305.7697393133751,275.92480383241093,185.3976067396409,348.3303011085056,0.08
BertzCT,raw_property,BertzCT,-83.33333333333333,raw_property,50,50,1.0,2.0,0.0,13.5,-722.3988356241724,-887.1980410959173,-482.7154278368439,1.0
BertzCT,raw_property,BertzCT,-83.33333333333333,diagnostic_residual,50,50,1.0,280.3182543890291,194.21865749693535,303.96796343231733,267.3976700504709,182.82956548227682,328.46021378774043,0.08
BertzCT,raw_property,BertzCT,-80.3030303030303,raw_property,50,50,1.0,2.0,0.0,15.132331253245201,-722.3988356241724,-887.1980410959173,-476.15552614482965,1.0
BertzCT,raw_property,BertzCT,-80.3030303030303,diagnostic_residual,50,50,1.0,277.5940401636085,172.39749737154435,293.4585003892304,263.2328847344206,147.7026232111396,326.99995089484946,0.1
BertzCT,raw_property,BertzCT,-77.27272727272728,raw_property,50,50,1.0,7.509775004326936,0.0,21.219280948873624,-724.5821241014681,-887.1980410959173,-476.15552614482965,1.0
BertzCT,raw_property,BertzCT,-77.27272727272728,diagnostic_residual,50,50,1.0,223.18220204536166,142.01878600449282,286.32880738497056,259.50975139947525,125.00570232913162,328.0089448448762,0.1
BertzCT,raw_property,BertzCT,-74.24242424242425,raw_property,50,50,1.0,7.509775004326936,0.5,26.51955000865388,-720.9724836270314,-866.1687160829365,-476.15552614482965,1.0
BertzCT,raw_property,BertzCT,-74.24242424242425,diagnostic_residual,50,50,1.0,199.31866377837028,140.4171665714851,286.32880738497056,254.65400322519523,125.00570232913162,326.3992116960014,0.12
BertzCT,raw_property,BertzCT,-71.21212121212122,raw_property,50,50,1.0,14.0,2.0,33.92552515772472,-713.2535605285822,-853.122099402599,-473.98126837203125,1.0
BertzCT,raw_property,BertzCT,-71.21212121212122,diagnostic_residual,50,50,1.0,194.9073793724762,127.07341262124704,280.3182543890291,221.15320539713684,61.89233002510733,294.3809916073501,0.14
BertzCT,raw_property,BertzCT,-68.18181818181819,raw_property,50,50,1.0,20.219280948873624,4.754887502163469,46.293987519471216,-709.2870232216442,-825.0290896992196,-477.65552614482965,1.0
BertzCT,raw_property,BertzCT,-68.18181818181819,diagnostic_residual,50,50,1.0,181.3602813582516,117.2837985074456,254.6433967040139,196.32678474168114,42.67740997086382,286.4795747497815,0.18
BertzCT,raw_property,BertzCT,-65.15151515151516,raw_property,50,50,1.0,27.161259458730164,9.132331253245201,70.10749561002055,-703.1505977902827,-823.9776729781692,-452.03993375787087,1.0
BertzCT,raw_property,BertzCT,-65.15151515151516,diagnostic_residual,50,50,1.0,172.21826113522138,49.978941464411236,197.1870212782321,153.21588720568718,6.180212191698023,262.9383465201421,0.24
BertzCT,raw_property,BertzCT,-62.121212121212125,raw_property,50,50,1.0,41.0,14.0,94.67907910451318,-667.3630942393881,-806.2415882772525,-407.94966196996006,1.0
BertzCT,raw_property,BertzCT,-62.121212121212125,diagnostic_residual,50,50,1.0,133.22075401272713,13.78667519850363,185.75157016615407,131.15314732973007,-1.3050978877771797,213.4421809836092,0.28
BertzCT,raw_property,BertzCT,-59.09090909090909,raw_property,50,50,1.0,45.52932501298081,15.219280948873624,113.15148445440323,-659.3081203239196,-813.7958042275186,-419.8417139741665,1.0
BertzCT,raw_property,BertzCT,-59.09090909090909,diagnostic_residual,50,50,1.0,117.14394790778657,-21.38959016965324,177.87862908742142,120.30078818372189,-0.5516267658183764,200.57632543909799,0.26
BertzCT,raw_property,BertzCT,-56.06060606060606,raw_property,50,50,1.0,65.23883095752751,25.519550008653876,130.97373660251156,-600.6858360201005,-803.3482751666779,-393.35681644309454,1.0
BertzCT,raw_property,BertzCT,-56.06060606060606,diagnostic_residual,50,50,1.0,68.01842906881139,-32.405412750120156,166.89452554888425,84.56891909563487,-32.669390885971595,189.07765878400386,0.34
BertzCT,raw_property,BertzCT,-53.03030303030303,raw_property,50,50,1.0,87.90221923697459,40.5,166.713310195245,-613.5258011261005,-778.8589441065909,-373.5224872645579,1.0
BertzCT,raw_property,BertzCT,-53.03030303030303,diagnostic_residual,50,50,1.0,17.33487794307598,-43.121309674707206,127.5500282655696,43.731199933651766,-86.96461570774332,148.78151149025604,0.44
BertzCT,raw_property,BertzCT,-50.0,raw_property,50,50,1.0,112.60335893412778,45.76466250649041,203.70075628353382,-560.2733998757815,-732.1099137411848,-364.6078032259376,1.0
BertzCT,raw_property,BertzCT,-50.0,diagnostic_residual,50,50,1.0,7.176214771990757,-56.70433665959426,94.80233177273655,1.1907226087190281,-94.35926284038875,117.72267191293741,0.5
BertzCT,raw_property,BertzCT,-46.96969696969697,raw_property,50,50,1.0,122.7319807990923,63.33869642763737,221.19280948873617,-535.2634684326149,-736.0818939822989,-353.09537287225487,1.0
BertzCT,raw_property,BertzCT,-46.96969696969697,diagnostic_residual,50,50,1.0,2.6988003640362592,-89.65435692485825,63.832777886380654,9.575058048733865,-107.72043553316053,102.33236259904962,0.46
BertzCT,raw_property,BertzCT,-43.93939393939394,raw_property,50,50,1.0,144.76927278138976,71.09039671184235,259.1130457111898,-539.6841531994223,-682.7432165758248,-336.44502532610875,1.0
BertzCT,raw_property,BertzCT,-43.93939393939394,diagnostic_residual,50,50,1.0,-13.533797128328672,-103.7802076174147,43.20547702717248,7.260101735378456,-120.86895270685937,68.24366663340719,0.48
BertzCT,raw_property,BertzCT,-40.90909090909091,raw_property,50,50,1.0,200.20390035438868,100.75613283027359,272.75080123173313,-468.1437151762429,-626.3270986295829,-331.3534044762164,1.0
BertzCT,raw_property,BertzCT,-40.90909090909091,diagnostic_residual,50,50,1.0,-27.70208132048451,-94.96893789228638,44.12430284613624,-14.99879550453305,-129.1614414934699,71.2755345306872,0.52
BertzCT,raw_property,BertzCT,-37.87878787878788,raw_property,50,50,1.0,183.2149912200411,129.75962746486448,299.3918635581152,-481.1159536031197,-615.398589837001,-331.948868004678,1.0
BertzCT,raw_property,BertzCT,-37.87878787878788,diagnostic_residual,50,50,1.0,-27.267882277521892,-96.01997002405759,34.00237958871059,-34.5610531348226,-158.66368560304443,69.64774577464613,0.58
BertzCT,raw_property,BertzCT,-34.848484848484844,raw_property,50,50,1.0,214.61301701612808,151.92124551085627,344.92862787009483,-450.38383227982854,-596.7260707633055,-300.5728848819341,1.0
BertzCT,raw_property,BertzCT,-34.848484848484844,diagnostic_residual,50,50,1.0,-49.99817583373995,-121.8791895112274,11.644247983657296,-62.00987141369387,-137.2465122141839,51.45843858773534,0.62
BertzCT,raw_property,BertzCT,-31.818181818181813,raw_property,50,50,1.0,288.0258703220299,172.2466300589414,457.40951041460283,-374.38095854941173,-517.9622918918514,-227.24223942857128,0.98
BertzCT,raw_property,BertzCT,-31.818181818181813,diagnostic_residual,50,50,1.0,-56.33134214033532,-114.0794139050281,29.618448557756444,-42.80489578140214,-142.75336770215196,28.853306628968326,0.7
BertzCT,raw_property,BertzCT,-28.787878787878785,raw_property,50,50,1.0,354.19126360176665,238.88648136574557,552.1598643934514,-304.80503306954455,-462.75746870730734,-173.74314793782517,0.96
BertzCT,raw_property,BertzCT,-28.787878787878785,diagnostic_residual,50,50,1.0,-66.42018977409448,-149.43390537915923,29.65927160398257,-47.02105553386315,-133.118146230037,-0.6208364155728816,0.76
BertzCT,raw_property,BertzCT,-25.757575757575765,raw_property,50,50,1.0,374.6376016865433,260.5288955169006,569.2320875470787,-252.50776717574308,-406.64711582127256,-162.22312502643814,0.9
BertzCT,raw_property,BertzCT,-25.757575757575765,diagnostic_residual,50,50,1.0,-45.05300006949146,-134.22571246638313,21.019517029786726,-35.95934363076452,-133.86005532273393,-4.440892098500626e-16,0.74
BertzCT,raw_property,BertzCT,-22.727272727272734,raw_property,50,50,1.0,462.0431222386995,319.47294747969397,673.8952736852568,-167.78743596870356,-370.5029770063539,-69.28778532405725,0.78
BertzCT,raw_property,BertzCT,-22.727272727272734,diagnostic_residual,50,50,1.0,-34.2415223785768,-126.14374942306314,21.961629836702343,-12.997205440221762,-111.55505596507753,0.0,0.66
BertzCT,raw_property,BertzCT,-19.69696969696969,raw_property,50,50,1.0,591.2599538718193,397.7690008864984,761.8564320239624,-95.1732515037022,-155.65961164622732,0.0,0.66
BertzCT,raw_property,BertzCT,-19.69696969696969,diagnostic_residual,50,50,1.0,-6.563882180054493,-98.98362410422114,49.38025332165091,-1.509903313490213e-14,-23.81399248290512,2.2737367544323206e-13,0.52
BertzCT,raw_property,BertzCT,-16.666666666666657,raw_property,50,50,1.0,624.2805876929065,406.3203954212282,784.9764171769834,-56.18174615891667,-132.97337763793507,0.0,0.52
BertzCT,raw_property,BertzCT,-16.666666666666657,diagnostic_residual,50,50,1.0,-2.3087236923447563,-60.07439724457461,51.06800589247757,0.0,-14.863969264114136,1.9895196601282805e-13,0.46
BertzCT,raw_property,BertzCT,-13.636363636363626,raw_property,50,50,1.0,704.0113275138725,414.77292386282124,854.4815446480012,0.0,-61.00461090204885,0.0,0.3
BertzCT,raw_property,BertzCT,-13.636363636363626,diagnostic_residual,50,50,1.0,8.976268344659644,-47.270427681888414,53.81126325375118,0.0,-1.1901590823981678e-13,0.0,0.36
BertzCT,raw_property,BertzCT,-10.606060606060597,raw_property,50,50,1.0,717.2035721465948,414.77292386282124,879.2869474683223,0.0,0.0,0.0,0.1
BertzCT,raw_property,BertzCT,-10.606060606060597,diagnostic_residual,50,50,1.0,14.385098281921103,-42.13140640276992,54.62542690841309,0.0,0.0,0.0,0.24
BertzCT,raw_property,BertzCT,-7.575757575757564,raw_property,50,50,1.0,734.5321357194807,483.04385934891155,874.0084314851308,0.0,0.0,0.0,0.06
BertzCT,raw_property,BertzCT,-7.575757575757564,diagnostic_residual,50,50,1.0,12.458564486338076,-48.797758168059005,55.266542699366624,0.0,0.0,0.0,0.22
BertzCT,raw_property,BertzCT,-4.545454545454561,raw_property,50,50,1.0,734.5321357194807,483.04385934891155,874.0084314851308,0.0,0.0,0.0,0.04
BertzCT,raw_property,BertzCT,-4.545454545454561,diagnostic_residual,50,50,1.0,10.99374869858957,-48.797758168059005,55.266542699366624,0.0,0.0,0.0,0.22
BertzCT,raw_property,BertzCT,-1.5151515151515298,raw_property,50,50,1.0,734.5321357194807,483.04385934891155,874.0084314851308,0.0,0.0,0.0,0.04
BertzCT,raw_property,BertzCT,-1.5151515151515298,diagnostic_residual,50,50,1.0,10.99374869858957,-48.797758168059005,55.266542699366624,0.0,0.0,0.0,0.22
BertzCT,raw_property,BertzCT,1.5151515151515014,raw_property,50,50,1.0,734.5321357194807,483.04385934891155,874.0084314851308,0.0,0.0,0.0,0.0
BertzCT,raw_property,BertzCT,1.5151515151515014,diagnostic_residual,50,50,1.0,10.99374869858957,-48.797758168059005,55.266542699366624,0.0,0.0,0.0,0.2
BertzCT,raw_property,BertzCT,4.5454545454545325,raw_property,50,50,1.0,734.5321357194807,483.04385934891155,871.7025194027894,0.0,0.0,0.0,0.0
BertzCT,raw_property,BertzCT,4.5454545454545325,diagnostic_residual,50,50,1.0,10.99374869858957,-77.1774994322005,55.266542699366624,0.0,-1.3322676295501878e-15,0.0,0.18
BertzCT,raw_property,BertzCT,7.575757575757564,raw_property,50,50,1.0,749.407771000368,483.04385934891155,891.6373629240833,0.0,0.0,0.0,0.02
BertzCT,raw_property,BertzCT,7.575757575757564,diagnostic_residual,50,50,1.0,12.458564486338076,-48.797758168059005,55.266542699366624,0.0,0.0,0.0,0.2
BertzCT,raw_property,BertzCT,10.606060606060597,raw_property,50,50,1.0,749.407771000368,483.04385934891155,984.4067496651106,0.0,0.0,0.0,0.22
BertzCT,raw_property,BertzCT,10.606060606060597,diagnostic_residual,50,50,1.0,8.976268344659644,-86.11756916357191,54.62542690841309,0.0,-3.1441516057384433e-13,0.0,0.2
BertzCT,raw_property,BertzCT,13.636363636363626,raw_property,50,50,1.0,807.2269451823502,491.41371416256175,1019.4855449903142,0.0,0.0,94.22417432879351,0.36
BertzCT,raw_property,BertzCT,13.636363636363626,diagnostic_residual,50,50,1.0,-11.486468195706408,-132.39112490221777,50.75285468001667,-1.7408297026122455e-13,-90.57797199840832,0.0,0.22
BertzCT,raw_property,BertzCT,16.666666666666657,raw_property,50,50,1.0,830.0422411634212,564.8276235751347,1024.0384549601004,0.0,0.0,180.81118150226172,0.48
BertzCT,raw_property,BertzCT,16.666666666666657,diagnostic_residual,50,50,1.0,-39.090939441729034,-214.479303595945,52.23296910117813,-1.9139489979004907,-173.059433950297,1.9895196601282805e-13,0.28
BertzCT,raw_property,BertzCT,19.69696969696969,raw_property,50,50,1.0,874.8377562926328,583.1280458863904,1065.9928261249715,96.26520405367899,0.0,238.48723992544956,0.6
BertzCT,raw_property,BertzCT,19.69696969696969,diagnostic_residual,50,50,1.0,-87.14423138347428,-222.42516274002924,11.614407029541297,-67.56037329991668,-195.45349092007177,-2.842170943040401e-14,0.18
BertzCT,raw_property,BertzCT,22.72727272727272,raw_property,50,50,1.0,893.6781137223284,618.4798642724336,1091.2997993065653,91.05315837813117,0.0,269.68056041685924,0.6
BertzCT,raw_property,BertzCT,22.72727272727272,diagnostic_residual,50,50,1.0,-132.09365832418433,-310.8493458192816,46.18529781472961,-101.81947495396682,-283.9957590160884,-0.6391794622662132,0.2
BertzCT,raw_property,BertzCT,25.75757575757575,raw_property,50,50,1.0,911.9556410631205,636.1137665307759,1108.3734391008113,110.78413497771015,0.0,302.2365124466004,0.6
BertzCT,raw_property,BertzCT,25.75757575757575,diagnostic_residual,50,50,1.0,-144.49690848288014,-367.62183359711804,21.932353770947348,-139.27530060141834,-312.7927748669115,-1.6243011995535417,0.24
BertzCT,raw_property,BertzCT,28.787878787878785,raw_property,50,50,1.0,899.1651765883614,703.5586862616753,1085.1980794594954,156.97008861626063,0.0,345.7700545502184,0.62
BertzCT,raw_property,BertzCT,28.787878787878785,diagnostic_residual,50,50,1.0,-257.93012368245843,-411.9896873863286,60.52473707948283,-169.4332466662172,-419.90623113799217,-19.611591124098396,0.24
BertzCT,raw_property,BertzCT,31.818181818181813,raw_property,50,50,1.0,937.9736579259018,623.1872029398511,1089.6973487958742,104.95421974386988,-8.27056436275572,391.4524054363694,0.6
BertzCT,raw_property,BertzCT,31.818181818181813,diagnostic_residual,50,50,1.0,-264.306348813824,-470.4865653362442,-9.198449107780277,-186.5438214740527,-448.71809383986715,-7.159299561277351,0.24
BertzCT,raw_property,BertzCT,34.848484848484844,raw_property,50,50,1.0,973.5509131326726,578.1457160276332,1119.9544979996483,116.96734073935454,-8.27056436275572,364.9658455990848,0.6
BertzCT,raw_property,BertzCT,34.848484848484844,diagnostic_residual,50,50,1.0,-258.2580242883972,-583.1486412812442,-26.6787093375857,-235.8054055669005,-555.4920635485439,-37.49560573869681,0.2
BertzCT,raw_property,BertzCT,37.87878787878788,raw_property,50,50,1.0,950.432197084124,764.4996126355605,1111.512239840887,147.94935724434134,-6.866478648948117,364.93302252421273,0.64
BertzCT,raw_property,BertzCT,37.87878787878788,diagnostic_residual,50,50,1.0,-240.78314261539293,-573.5129534316517,-88.01388911310636,-240.9765139419601,-571.9618880053924,-63.68536419906795,0.14
BertzCT,raw_property,BertzCT,40.90909090909091,raw_property,50,50,1.0,922.9554303204241,696.7154193297565,1107.7649520393004,147.26587415327475,0.0,353.2226178697838,0.68
BertzCT,raw_property,BertzCT,40.90909090909091,diagnostic_residual,50,50,1.0,-313.34967264517405,-549.3282005635369,-126.18475599496362,-285.7743271946728,-546.7649526567118,-110.98144201394501,0.14
BertzCT,raw_property,BertzCT,43.93939393939394,raw_property,50,50,1.0,920.7825953516426,741.1713117266404,1081.7357783391408,163.50905316582873,0.0,323.7563372695482,0.72
BertzCT,raw_property,BertzCT,43.93939393939394,diagnostic_residual,50,50,1.0,-345.50106522493786,-566.666616057973,-129.1693954991424,-337.27365553260745,-541.4614288930089,-140.9865373320692,0.08
BertzCT,raw_property,BertzCT,46.96969696969697,raw_property,50,50,1.0,931.5934204782666,722.5918343617607,1126.494399365091,154.3670821256656,-74.46242885079567,367.05668909801193,0.62
BertzCT,raw_property,BertzCT,46.96969696969697,diagnostic_residual,50,50,1.0,-334.1753861436741,-621.3000768775114,-125.21249596689142,-317.54911279025436,-611.0677780237286,-157.52814607876155,0.1
BertzCT,raw_property,BertzCT,50.0,raw_property,50,50,1.0,966.1692870203788,738.6360927047764,1100.0794945499765,137.53485742249916,-74.46242885079567,454.5902843901605,0.68
BertzCT,raw_property,BertzCT,50.0,diagnostic_residual,50,50,1.0,-335.25907840105225,-558.796259886338,-174.13913737579742,-357.5445841706688,-567.5195042565936,-136.19151254441758,0.1
BertzCT,raw_property,BertzCT,53.03030303030303,raw_property,50,50,1.0,975.7573384022473,829.4729738203227,1111.8194907762104,215.16386267443943,-25.633095300197482,455.7897827238328,0.74
BertzCT,raw_property,BertzCT,53.03030303030303,diagnostic_residual,50,50,1.0,-343.0786276467402,-551.2113168514692,-187.72769721371623,-347.38531916767215,-522.5386320443952,-218.92082112173958,0.08
BertzCT,raw_property,BertzCT,56.06060606060606,raw_property,50,50,1.0,1014.1916386004208,818.0368155007918,1131.3562060649083,272.76126961486204,17.87050203792711,491.7034548021973,0.78
BertzCT,raw_property,BertzCT,56.06060606060606,diagnostic_residual,50,50,1.0,-328.13284499191775,-508.01157802223395,-174.86394410522746,-338.6970051868301,-522.800291193315,-201.93845682573232,0.02
BertzCT,raw_property,BertzCT,59.09090909090909,raw_property,50,50,1.0,1060.5522970598636,915.8567431117386,1237.0196147521542,328.0537236856029,164.04339723499243,541.4234126889105,0.86
BertzCT,raw_property,BertzCT,59.09090909090909,diagnostic_residual,50,50,1.0,-340.35954066301974,-540.5683871767866,-123.8353248791858,-325.82508751930914,-506.29001205752184,-209.81082384789994,0.06
BertzCT,raw_property,BertzCT,62.121212121212125,raw_property,50,50,1.0,988.5375026458635,789.4363783469959,1242.9730461148379,317.4588193684228,64.86169225894562,558.5105995834853,0.82
BertzCT,raw_property,BertzCT,62.121212121212125,diagnostic_residual,50,50,1.0,-413.6613327583824,-681.3450290453525,-144.88462923918883,-380.81533574316217,-596.6177275134207,-189.34035620077094,0.04
BertzCT,raw_property,BertzCT,65.15151515151516,raw_property,50,50,1.0,1017.8947369305506,821.565368279172,1199.4855476496336,321.2595574068524,80.31590930313126,556.0601822256376,0.8
BertzCT,raw_property,BertzCT,65.15151515151516,diagnostic_residual,50,50,1.0,-400.5593478505681,-674.0262437162154,-204.79403792721112,-373.0461063474559,-560.9249754436668,-221.3284522175987,0.08
BertzCT,raw_property,BertzCT,68.18181818181819,raw_property,50,50,1.0,997.4157717375284,840.5287691208442,1263.9157416951964,344.08808010361383,115.74555453729474,608.0232621097684,0.84
BertzCT,raw_property,BertzCT,68.18181818181819,diagnostic_residual,50,50,1.0,-352.021411127619,-690.3224353979895,-256.13053429986013,-402.58461920781576,-628.7438874428303,-254.28110038805232,0.04
BertzCT,raw_property,BertzCT,71.21212121212122,raw_property,50,50,1.0,1023.7528930851206,886.1974871175032,1275.626175266808,297.2330806737944,91.13576545024273,627.2860721609405,0.84
BertzCT,raw_property,BertzCT,71.21212121212122,diagnostic_residual,50,50,1.0,-390.1325308608104,-748.4054662081414,-243.79137190085922,-378.96636784888483,-762.3590333203749,-272.67150201103556,0.0
BertzCT,raw_property,BertzCT,74.24242424242425,raw_property,50,50,1.0,1107.7020499770003,871.5581266088104,1269.076072211606,372.20807621006486,82.49689872787394,589.0217137639721,0.86
BertzCT,raw_property,BertzCT,74.24242424242425,diagnostic_residual,50,50,1.0,-445.47131793127744,-718.7544310940319,-231.73069517338968,-397.3461820055,-752.0364875997057,-234.22079243010361,0.02
BertzCT,raw_property,BertzCT,77.27272727272728,raw_property,50,50,1.0,1075.9448424512289,829.7640909696651,1231.4822157429912,344.0669139530374,46.04016952079587,586.057192627324,0.82
BertzCT,raw_property,BertzCT,77.27272727272728,diagnostic_residual,50,50,1.0,-514.3863483134163,-966.6214064084272,-286.1239145951731,-556.7888282603974,-946.5441396855767,-284.88805042264147,0.04
BertzCT,raw_property,BertzCT,80.30303030303031,raw_property,50,50,1.0,1153.2618563824199,936.4748932420408,1336.9209754744074,477.9120451644218,160.14878867112554,698.2812092298461,0.88
BertzCT,raw_property,BertzCT,80.30303030303031,diagnostic_residual,50,50,1.0,-501.84760594427974,-925.0786948397658,-240.9824884853021,-471.2131677616554,-1018.6287849019105,-243.82186404157665,0.1
BertzCT,raw_property,BertzCT,83.33333333333334,raw_property,50,50,1.0,1148.966760238597,937.3650269587373,1553.4785752433856,501.1316046424552,201.07608104399404,1155.138629999132,0.9
BertzCT,raw_property,BertzCT,83.33333333333334,diagnostic_residual,50,50,1.0,-532.2632648047957,-1351.9632793510145,-144.36021809514966,-484.0339590485779,-1336.4360984137356,-94.20327529523234,0.2
BertzCT,raw_property,BertzCT,86.36363636363637,raw_property,50,50,1.0,1276.9730038585644,882.0000642795163,2781.938589597072,603.4805516636945,279.48934342472035,1685.1130331361087,0.86
BertzCT,raw_property,BertzCT,86.36363636363637,diagnostic_residual,50,50,1.0,-573.3280061031353,-1877.99846243681,-150.84266231767697,-614.0535528773064,-1896.7786029769723,-125.30726740663994,0.2
BertzCT,raw_property,BertzCT,89.3939393939394,raw_property,50,50,1.0,1256.6919243653535,947.0516917962242,1749.8679242961864,633.4156206541684,218.23148708265757,997.57403452528,0.9
BertzCT,raw_property,BertzCT,89.3939393939394,diagnostic_residual,50,50,1.0,-1057.2346137029326,-2327.3715049327793,-383.0704824890072,-1058.6897902027201,-2333.78124887284,-348.54442646489275,0.14
BertzCT,raw_property,BertzCT,92.42424242424244,raw_property,50,50,1.0,1276.9587195158624,944.3751424544813,1778.3022833232321,519.4345613378383,261.3931357608009,1277.7626650008292,0.9
BertzCT,raw_property,BertzCT,92.42424242424244,diagnostic_residual,50,50,1.0,-707.6908095314727,-2354.1455845245555,-259.1785875555443,-682.4522276656805,-2332.4625792551606,-281.73386914843303,0.2
BertzCT,raw_property,BertzCT,95.45454545454544,raw_property,50,50,1.0,1345.6540771584741,1012.154937304887,3472.317581963992,806.4371669619802,351.59665638095635,2558.7914601784273,0.9
BertzCT,raw_property,BertzCT,95.45454545454544,diagnostic_residual,50,50,1.0,-688.6724657194513,-2172.7328512167787,84.404896172446,-704.8042813158081,-2137.9937426348456,106.74479722991815,0.26
BertzCT,raw_property,BertzCT,98.48484848484848,raw_property,50,50,1.0,1392.5664206488195,1032.09645914341,3737.718557506354,849.1880548277538,439.40204325665513,2841.6922441450365,0.94
BertzCT,raw_property,BertzCT,98.48484848484848,diagnostic_residual,50,50,1.0,-667.5242023122329,-2388.817899527633,268.4184646722855,-627.3792674279364,-2369.1322857189816,319.4135357741229,0.28
BertzCT,raw_property,BertzCT,101.5151515151515,raw_property,50,50,1.0,1459.3023205037366,1046.3674820355623,3548.1381938538966,788.7726891398747,395.5775734595039,2556.4465706596616,0.96
BertzCT,raw_property,BertzCT,101.5151515151515,diagnostic_residual,50,50,1.0,-810.1995286094299,-2416.2887651958586,159.7493106400796,-843.6387345446738,-2443.1590526236932,170.7968389626431,0.3
BertzCT,raw_property,BertzCT,104.54545454545452,raw_property,50,50,1.0,1590.85837156129,1141.2290141867882,4009.7061051974692,1027.610492443937,488.4881014652857,2946.925921136204,0.96
BertzCT,raw_property,BertzCT,104.54545454545452,diagnostic_residual,50,50,1.0,-1183.089396909946,-2337.6745411195807,408.7540603716426,-1209.5453663236765,-2363.1891688186483,428.36250461320964,0.32
BertzCT,raw_property,BertzCT,107.57575757575756,raw_property,50,50,1.0,1691.5626527742213,1056.658291034575,4442.554012473807,1036.0457272981682,378.40173846959567,3664.7354581432464,0.86
BertzCT,raw_property,BertzCT,107.57575757575756,diagnostic_residual,50,50,1.0,-618.169043847071,-2422.2129347601203,843.5133026215567,-582.5900914682919,-2471.891699892203,833.0907624235041,0.42
BertzCT,raw_property,BertzCT,110.60606060606062,raw_property,50,50,1.0,2508.363279467914,1214.678058169672,4161.287446846384,1752.405787377215,370.88512736594953,3323.1269337827684,0.88
BertzCT,raw_property,BertzCT,110.60606060606062,diagnostic_residual,50,50,1.0,-377.9145648880515,-2379.41181106183,782.133742473643,-376.0606637143446,-2349.553043327732,771.28616489273,0.42
BertzCT,raw_property,BertzCT,113.63636363636364,raw_property,50,50,1.0,3325.4610903535595,1151.6625187766015,4473.53734040077,2538.885052292116,535.7379811054259,3608.5077810795037,0.92
BertzCT,raw_property,BertzCT,113.63636363636364,diagnostic_residual,50,50,1.0,-230.81980740334416,-2527.740573019449,880.5081398813336,-32.01152707706376,-2496.8244778513254,917.5901627203511,0.46
BertzCT,raw_property,BertzCT,116.66666666666669,raw_property,50,50,1.0,3860.070031263771,1343.7069942375801,4832.929326901183,3064.1301644468012,652.1561943879198,4193.854659411862,0.92
BertzCT,raw_property,BertzCT,116.66666666666669,diagnostic_residual,50,50,1.0,378.302032763193,-2168.1666983547157,1270.246864360864,395.3429560756263,-2247.1140592066627,1344.6037127744462,0.56
BertzCT,raw_property,BertzCT,119.69696969696967,raw_property,50,50,1.0,2385.249985210812,983.4570654988238,4523.618173415096,1827.088056431579,280.3199057425833,3645.255820329869,0.86
BertzCT,raw_property,BertzCT,119.69696969696967,diagnostic_residual,50,50,1.0,-1185.3802635792545,-2629.138287995256,924.3729661040237,-1244.7769064100214,-2637.0527365668145,914.7060479983502,0.44
BertzCT,raw_property,BertzCT,122.72727272727276,raw_property,50,50,1.0,2932.4783989477887,1026.6611934566406,4783.378089521997,1997.5348139725781,368.04131138110455,3875.6855060025678,0.88
BertzCT,raw_property,BertzCT,122.72727272727276,diagnostic_residual,50,50,1.0,-398.67885581243127,-2541.2083590144016,1181.3018015199655,-471.1128651499746,-2505.1196738896915,1094.2887247326007,0.46
BertzCT,raw_property,BertzCT,125.75757575757576,raw_property,50,50,1.0,3629.1792695991053,1177.5422069986512,4834.995107205906,2806.552704313302,619.766784687215,3966.925675978461,0.86
BertzCT,raw_property,BertzCT,125.75757575757576,diagnostic_residual,50,50,1.0,125.23699950797685,-2438.235177870417,1344.5635134161466,106.05560027066133,-2416.0834618289687,1203.3138497392752,0.5
BertzCT,raw_property,BertzCT,128.7878787878788,raw_property,50,50,1.0,3510.8903328031847,1246.6587307872735,5016.621441655424,3019.859771330486,515.1553646719033,4398.855067847788,0.94
BertzCT,raw_property,BertzCT,128.7878787878788,diagnostic_residual,50,50,1.0,153.22454990718893,-2296.3333329882958,1384.9063572529417,198.3614110777456,-2357.1646455653167,1360.7320369204097,0.52
BertzCT,raw_property,BertzCT,131.8181818181818,raw_property,50,50,1.0,2988.0811638010946,1197.3972336758966,4856.7352102882605,2207.5845044139405,452.49906407996014,4177.311756876455,0.9
BertzCT,raw_property,BertzCT,131.8181818181818,diagnostic_residual,50,50,1.0,-536.8037113282041,-2426.716297909249,1315.5399200367365,-414.8938811848669,-2438.139305081235,1293.6021184096503,0.48
BertzCT,raw_property,BertzCT,134.84848484848487,raw_property,50,50,1.0,3807.200811374954,1570.829953063713,5430.828846653428,2914.5349736586977,1143.6425306903723,4540.4847219127605,0.92
BertzCT,raw_property,BertzCT,134.84848484848487,diagnostic_residual,50,50,1.0,368.97690418652564,-2158.946874075453,1844.1532004921091,235.10973938736043,-2064.5926622548664,1811.8979162556286,0.56
BertzCT,raw_property,BertzCT,137.87878787878788,raw_property,50,50,1.0,4558.322060197688,1531.4999660989772,5370.178153097166,3846.885954243211,1046.618249656553,4594.284853621396,0.9
BertzCT,raw_property,BertzCT,137.87878787878788,diagnostic_residual,50,50,1.0,958.7487313324073,-2172.819043795038,1791.7633605158114,1036.839757085617,-2049.957938518704,1677.806755120917,0.64
BertzCT,raw_property,BertzCT,140.90909090909088,raw_property,50,50,1.0,4066.8638356831134,1530.5730579353012,4973.876666043824,3048.5152582183528,821.7837549723023,4377.735819952943,0.9
BertzCT,raw_property,BertzCT,140.90909090909088,diagnostic_residual,50,50,1.0,644.1853059222299,-2100.90771621314,1447.1948330001128,609.55777195834,-1965.0456590627994,1350.8395133201077,0.54
BertzCT,raw_property,BertzCT,143.93939393939394,raw_property,50,50,1.0,4265.0218877146135,1137.822434652391,5224.87345899798,3481.3120740806244,643.258262465304,4819.440019602887,0.92
BertzCT,raw_property,BertzCT,143.93939393939394,diagnostic_residual,50,50,1.0,993.3135108253458,-2108.442858122852,1809.1406118323305,828.1166551289575,-2045.6496488616272,1796.6632572766812,0.6
BertzCT,raw_property,BertzCT,146.96969696969694,raw_property,50,50,1.0,3904.935995242869,1324.8412534295255,5093.32825039554,3119.7761967808838,667.4706972566246,4373.188093192644,0.94
BertzCT,raw_property,BertzCT,146.96969696969694,diagnostic_residual,50,50,1.0,607.2025701109646,-2338.3911015710455,1639.2578045851174,579.2539108051261,-2258.4940193194434,1706.7144701048646,0.54
BertzCT,raw_property,BertzCT,150.0,raw_property,50,50,1.0,4596.412245899237,1348.1190696211231,5504.418622461479,3798.776364059794,660.2099425540382,4803.626629556266,0.92
BertzCT,raw_property,BertzCT,150.0,diagnostic_residual,50,50,1.0,1175.5828481218016,-2159.2024645427427,1899.223974881312,1178.5357008817884,-2103.2727449526014,1892.2896696171852,0.62
BertzCT,residual_property,BertzCT_residual,-150.0,raw_property,50,50,1.0,454.80671620889814,264.69894953741596,546.7415647232907,-276.0967096284696,-505.089386775907,53.76988061810218,0.7
BertzCT,residual_property,BertzCT_residual,-150.0,diagnostic_residual,50,50,1.0,-715.8562207441248,-949.141498662422,-504.8511818725316,-691.9504246389635,-969.6989055517199,-495.9920352518634,1.0
BertzCT,residual_property,BertzCT_residual,-146.96969696969697,raw_property,50,50,1.0,429.5367559848361,210.40835551827792,490.2667786696706,-371.6116194187168,-575.5559280963158,-20.49035808765221,0.76
BertzCT,residual_property,BertzCT_residual,-146.96969696969697,diagnostic_residual,50,50,1.0,-706.1771458781449,-971.1493692971317,-543.9469665098122,-737.3920196141471,-908.5958289545666,-545.7660934937123,1.0
BertzCT,residual_property,BertzCT_residual,-143.93939393939394,raw_property,50,50,1.0,388.1710200391274,91.18080946738405,485.80757961227357,-356.16202853948477,-613.0097464822246,-131.2014892500331,0.8
BertzCT,residual_property,BertzCT_residual,-143.93939393939394,diagnostic_residual,50,50,1.0,-715.4023719316332,-957.0153492472402,-534.4841657814883,-728.776721899899,-916.9346688214996,-537.8354480750266,1.0
BertzCT,residual_property,BertzCT_residual,-140.9090909090909,raw_property,50,50,1.0,383.1710200391274,79.58218318089791,462.15876890438057,-389.0234861350717,-644.496481276597,-171.0607524567905,0.82
BertzCT,residual_property,BertzCT_residual,-140.9090909090909,diagnostic_residual,50,50,1.0,-787.8241416091881,-987.1123985473889,-570.2195106421057,-785.5933890167146,-970.3982901658655,-577.8860944689737,1.0
BertzCT,residual_property,BertzCT_residual,-137.87878787878788,raw_property,50,50,1.0,379.4995490565424,76.63347987543251,449.5828282734311,-403.5541183304048,-642.2242304974427,-168.0607524567905,0.88
BertzCT,residual_property,BertzCT_residual,-137.87878787878788,diagnostic_residual,50,50,1.0,-782.9181747557786,-964.0473736281751,-551.7631877478692,-814.7628098681117,-977.2622674692786,-533.7892003223004,1.0
BertzCT,residual_property,BertzCT_residual,-134.84848484848484,raw_property,50,50,1.0,368.86707458019447,87.08218318089791,439.69156151971094,-424.89986949603025,-626.9737672877794,-189.05641900748324,0.88
BertzCT,residual_property,BertzCT_residual,-134.84848484848484,diagnostic_residual,50,50,1.0,-771.1316861765312,-911.9370753047318,-577.798700456372,-836.1303550281173,-930.1248230815058,-529.2312408041753,1.0
BertzCT,residual_property,BertzCT_residual,-131.8181818181818,raw_property,50,50,1.0,372.23460010384656,103.75613283027359,464.15876890438057,-387.30862000980653,-617.2238072039511,-157.33899296367258,0.9
BertzCT,residual_property,BertzCT_residual,-131.8181818181818,diagnostic_residual,50,50,1.0,-718.4683818772293,-896.3677814565243,-614.9228172815926,-771.569346369388,-928.7975753850965,-501.62860390141833,1.0
BertzCT,residual_property,BertzCT_residual,-128.78787878787878,raw_property,50,50,1.0,362.6422056449971,102.10593781761293,482.7145265630794,-414.3647062556581,-604.1088148983301,-133.37529041464296,0.88
BertzCT,residual_property,BertzCT_residual,-128.78787878787878,diagnostic_residual,50,50,1.0,-701.5760343950988,-861.2716748236053,-600.2730646178777,-744.462895519872,-896.5813002879024,-538.0039692738658,1.0
BertzCT,residual_property,BertzCT_residual,-125.75757575757576,raw_property,50,50,1.0,329.9300118776579,109.25613283027357,446.9546635134157,-442.80273442646694,-647.6581965505028,-136.48764973609883,0.84
BertzCT,residual_property,BertzCT_residual,-125.75757575757576,diagnostic_residual,50,50,1.0,-740.5347275365693,-951.7791008558294,-587.1470300478061,-759.3952934157091,-976.8118249074939,-545.1626612347927,1.0
BertzCT,residual_property,BertzCT_residual,-122.72727272727272,raw_property,50,50,1.0,335.4387425413405,228.69280948873617,470.1097353050752,-399.90275737443983,-585.6153680719094,-127.42032677823295,0.88
BertzCT,residual_property,BertzCT_residual,-122.72727272727272,diagnostic_residual,50,50,1.0,-653.1907119231664,-847.6314591381449,-521.6713409608184,-693.9916061702122,-890.017370993745,-536.2612173646442,1.0
BertzCT,residual_property,BertzCT_residual,-119.69696969696967,raw_property,50,50,1.0,367.274680121345,228.83558839575898,458.0926032777579,-387.1707777493417,-615.6823277778449,-118.9845023332485,0.8
BertzCT,residual_property,BertzCT_residual,-119.69696969696967,diagnostic_residual,50,50,1.0,-655.5926814788991,-893.7164381037317,-532.7977703936434,-674.3504792375929,-952.3883943447671,-525.6229111615594,1.0
BertzCT,residual_property,BertzCT_residual,-116.66666666666666,raw_property,50,50,1.0,366.3572995758675,217.07820003461555,452.691561519711,-420.40208335866225,-604.5199295825785,-147.58211663558598,0.84
BertzCT,residual_property,BertzCT_residual,-116.66666666666666,diagnostic_residual,50,50,1.0,-671.9029729088901,-807.0461401950738,-566.9222977675086,-684.7545894512743,-848.9387070555359,-511.8356632461973,1.0
BertzCT,residual_property,BertzCT_residual,-113.63636363636364,raw_property,50,50,1.0,400.1660380531056,251.25787343685238,475.6090827324058,-375.854649945666,-535.003011003123,-133.88733997492594,0.88
BertzCT,residual_property,BertzCT_residual,-113.63636363636364,diagnostic_residual,50,50,1.0,-662.8602375247431,-746.4577061994462,-536.072802438405,-669.6517006406027,-841.9393599063844,-473.13622145465416,1.0
BertzCT,residual_property,BertzCT_residual,-110.6060606060606,raw_property,50,50,1.0,392.8424910217125,264.8629866486171,476.79780460794666,-394.34419846511264,-514.1446195370928,-134.39107319945938,0.9
BertzCT,residual_property,BertzCT_residual,-110.6060606060606,diagnostic_residual,50,50,1.0,-651.167645396924,-791.4500974492203,-523.138610571139,-676.2832247914532,-824.1126356555995,-512.1149431855958,1.0
BertzCT,residual_property,BertzCT_residual,-107.57575757575758,raw_property,50,50,1.0,362.7248250995196,250.9205079416304,493.69246963535136,-324.4004183607981,-542.1179558066837,-125.23622271303067,0.88
BertzCT,residual_property,BertzCT_residual,-107.57575757575758,diagnostic_residual,50,50,1.0,-623.0837939084347,-786.8880262392331,-504.676406634057,-611.1716867636372,-786.3144027059814,-519.6310292547153,1.0
BertzCT,residual_property,BertzCT_residual,-104.54545454545456,raw_property,50,50,1.0,349.0498111861476,224.86535137968667,504.0924473557356,-364.2336692739979,-524.1093176801376,-99.56430853184982,0.84
BertzCT,residual_property,BertzCT_residual,-104.54545454545456,diagnostic_residual,50,50,1.0,-624.5514139446502,-777.1836427061908,-491.5301287956364,-648.2506646352869,-811.2548057258094,-496.3984731024771,1.0
BertzCT,residual_property,BertzCT_residual,-101.51515151515152,raw_property,50,50,1.0,349.2949236839842,224.86535137968667,500.85316658622804,-391.160140189912,-532.1819379572639,-99.56430853184982,0.84
BertzCT,residual_property,BertzCT_residual,-101.51515151515152,diagnostic_residual,50,50,1.0,-617.8107903544751,-741.9195003855268,-522.255261159612,-636.439696072917,-799.829980323935,-504.1974210541585,1.0
BertzCT,residual_property,BertzCT_residual,-98.48484848484848,raw_property,50,50,1.0,369.23460010384656,229.33558839575895,485.0347736980866,-372.33861200829904,-530.2483002034875,-166.73231159182393,0.84
BertzCT,residual_property,BertzCT_residual,-98.48484848484848,diagnostic_residual,50,50,1.0,-602.3707773278172,-721.8919861680745,-482.0070818940942,-615.969965307889,-767.6194793683851,-490.812114650523,1.0
BertzCT,residual_property,BertzCT_residual,-95.45454545454544,raw_property,50,50,1.0,400.12059157571366,285.94472953696766,497.44194215271693,-329.0600524511661,-532.5595783279466,-112.52116945754022,0.86
BertzCT,residual_property,BertzCT_residual,-95.45454545454544,diagnostic_residual,50,50,1.0,-556.1306488204441,-690.0550635886066,-415.99921220884625,-577.7481724655818,-733.6526652450713,-394.46023826322005,1.0
BertzCT,residual_property,BertzCT_residual,-92.42424242424242,raw_property,50,50,1.0,362.2346001038465,276.0480884710954,486.30757961227357,-350.9510379694817,-514.2550474544358,-100.09303377958854,0.88
BertzCT,residual_property,BertzCT_residual,-92.42424242424242,diagnostic_residual,50,50,1.0,-565.1583772982426,-645.943610122479,-471.65860849090006,-610.089624896519,-728.1782714981546,-440.2303619444017,1.0
BertzCT,residual_property,BertzCT_residual,-89.39393939393939,raw_property,50,50,1.0,355.10226885060126,232.19280948873617,467.0525386890007,-382.33903389439365,-559.9697792956288,-132.15836322128348,0.86
BertzCT,residual_property,BertzCT_residual,-89.39393939393939,diagnostic_residual,50,50,1.0,-587.351528995617,-711.6819480812012,-472.4066265512753,-574.4422182182154,-755.506587730727,-405.0466726171588,1.0
BertzCT,residual_property,BertzCT_residual,-86.36363636363637,raw_property,50,50,1.0,355.64220564499703,268.5523043518653,437.8238927729561,-411.2327805639377,-606.9088039663818,-115.39991779066142,0.88
BertzCT,residual_property,BertzCT_residual,-86.36363636363637,diagnostic_residual,50,50,1.0,-604.5522982476506,-732.6808391154377,-473.2804252144183,-658.3670826154967,-776.1382915401372,-415.2687196675755,1.0
BertzCT,residual_property,BertzCT_residual,-83.33333333333333,raw_property,50,50,1.0,362.73474332694923,269.0523043518653,437.8238927729561,-396.0788616563119,-598.2770449316345,-150.79247277872852,0.9
BertzCT,residual_property,BertzCT_residual,-83.33333333333333,diagnostic_residual,50,50,1.0,-581.4875782254569,-731.8346568225388,-428.1715279352291,-600.9078123930888,-746.084902446516,-417.3621469549739,1.0
BertzCT,residual_property,BertzCT_residual,-80.3030303030303,raw_property,50,50,1.0,338.36631094234025,242.75787343685244,451.3238927729562,-394.9679696851233,-590.2428274876468,-140.2351127681018,0.92
BertzCT,residual_property,BertzCT_residual,-80.3030303030303,diagnostic_residual,50,50,1.0,-546.1676549586824,-753.0882926283429,-422.11894706512163,-549.1669169611032,-741.8308922330739,-416.4422987457955,1.0
BertzCT,residual_property,BertzCT_residual,-77.27272727272728,raw_property,50,50,1.0,363.73474332694923,242.12011791630908,466.1758801621428,-309.3811266840426,-521.2928854117404,-140.2351127681018,0.9
BertzCT,residual_property,BertzCT_residual,-77.27272727272728,diagnostic_residual,50,50,1.0,-532.6232777184316,-695.9887636327936,-404.7587979954815,-505.64951958846876,-732.5324407405155,-420.6309890633495,1.0
BertzCT,residual_property,BertzCT_residual,-74.24242424242425,raw_property,50,50,1.0,350.3473813484379,239.74267416522736,482.3893349185888,-374.14894290889674,-527.6898165391021,-136.84815699216136,0.92
BertzCT,residual_property,BertzCT_residual,-74.24242424242425,diagnostic_residual,50,50,1.0,-539.4065081502266,-720.6972936117322,-428.96647739571154,-574.3274039299408,-740.8441768604495,-421.2090468935246,1.0
BertzCT,residual_property,BertzCT_residual,-71.21212121212122,raw_property,50,50,1.0,379.1710200391274,253.21729990252396,479.76677866967054,-359.058878797173,-515.1980621072238,-135.7316233071031,0.86
BertzCT,residual_property,BertzCT_residual,-71.21212121212122,diagnostic_residual,50,50,1.0,-506.8693244039541,-666.789824650416,-398.2342599095243,-521.8539970350512,-674.9188935557504,-356.1650565400798,1.0
BertzCT,residual_property,BertzCT_residual,-68.18181818181819,raw_property,50,50,1.0,437.85668538828656,310.788371421388,532.518777280814,-290.8095772644216,-468.8364245988796,-87.52293104525143,0.8
BertzCT,residual_property,BertzCT_residual,-68.18181818181819,diagnostic_residual,50,50,1.0,-481.7129490164587,-656.3787572848578,-319.38583598790854,-458.4812194626161,-651.0219541684362,-316.15107074919575,1.0
BertzCT,residual_property,BertzCT_residual,-65.15151515151516,raw_property,50,50,1.0,469.4299824400824,305.85699673424557,540.7834397873044,-308.8473024292697,-462.6118188969214,-77.91562476492678,0.82
BertzCT,residual_property,BertzCT_residual,-65.15151515151516,diagnostic_residual,50,50,1.0,-445.98826371865914,-568.2127848287981,-320.0977689277054,-482.0164248472711,-587.88184582031,-275.79127490680423,1.0
BertzCT,residual_property,BertzCT_residual,-62.121212121212125,raw_property,50,50,1.0,443.90388140221705,315.31884341883256,522.2202735597757,-287.1923808767537,-482.8860944132092,-68.99212300889104,0.84
BertzCT,residual_property,BertzCT_residual,-62.121212121212125,diagnostic_residual,50,50,1.0,-418.1040028077638,-566.4694520562041,-282.6576666929912,-428.86818988196114,-599.250174232255,-246.25326380105685,1.0
BertzCT,residual_property,BertzCT_residual,-59.09090909090909,raw_property,50,50,1.0,426.3693223249228,298.6026314024042,534.2172741606818,-238.33572998518656,-505.4087537142029,-77.40981874049476,0.86
BertzCT,residual_property,BertzCT_residual,-59.09090909090909,diagnostic_residual,50,50,1.0,-399.0310041260634,-571.1841747595231,-224.05202392971688,-383.1342433135749,-648.7287612905167,-198.5351020095605,1.0
BertzCT,residual_property,BertzCT_residual,-56.06060606060606,raw_property,50,50,1.0,430.1997760112523,308.23250296941444,562.5322058795057,-239.5548542195557,-452.3621008321396,-79.64328243795083,0.88
BertzCT,residual_property,BertzCT_residual,-56.06060606060606,diagnostic_residual,50,50,1.0,-375.73730377132,-497.46561222442585,-219.5842462850617,-367.712389123587,-555.4828782775687,-206.14497775996168,1.0
BertzCT,residual_property,BertzCT_residual,-53.03030303030303,raw_property,50,50,1.0,429.1870218922892,290.3100768023833,548.4046121519422,-238.90406584763488,-462.0915491943507,-101.57973416901226,0.88
BertzCT,residual_property,BertzCT_residual,-53.03030303030303,diagnostic_residual,50,50,1.0,-314.4656521894898,-493.3026532147465,-197.7902264531249,-337.05728276567106,-549.3895588905423,-169.20642944723153,0.98
BertzCT,residual_property,BertzCT_residual,-50.0,raw_property,50,50,1.0,452.8906257853315,332.1218289940033,584.0811088094426,-200.8894418379787,-400.5816597953993,-59.23932224263761,0.9
BertzCT,residual_property,BertzCT_residual,-50.0,diagnostic_residual,50,50,1.0,-282.26760743276196,-452.4290031223149,-164.75438248974612,-301.9721805443871,-481.3560253124319,-162.19382262899143,0.98
BertzCT,residual_property,BertzCT_residual,-46.96969696969697,raw_property,50,50,1.0,476.4166928611198,325.5395448866168,612.6177396696521,-195.7702054920689,-328.0710699197556,-48.46634354681604,0.88
BertzCT,residual_property,BertzCT_residual,-46.96969696969697,diagnostic_residual,50,50,1.0,-258.0504493393219,-391.705415154894,-155.75034989740897,-271.71184802445447,-437.7081451452575,-133.59458806522642,0.98
BertzCT,residual_property,BertzCT_residual,-43.93939393939394,raw_property,50,50,1.0,490.39463850530797,389.3934641402573,617.2914200172065,-190.31172284131418,-281.20782893140876,-18.202180355421035,0.8
BertzCT,residual_property,BertzCT_residual,-43.93939393939394,diagnostic_residual,50,50,1.0,-224.5031370376003,-394.21823138284276,-110.2777969358909,-250.74418232063908,-350.7923202974244,-105.81408949451604,0.96
BertzCT,residual_property,BertzCT_residual,-40.90909090909091,raw_property,50,50,1.0,488.5406554508212,400.8861666987037,633.791421164218,-145.70356519825708,-291.06209684584184,-6.2361939782234685,0.76
BertzCT,residual_property,BertzCT_residual,-40.90909090909091,diagnostic_residual,50,50,1.0,-165.94256920527766,-353.1772583401404,-78.27481411208566,-194.70745197464663,-315.4935137571735,-67.2977044124196,0.92
BertzCT,residual_property,BertzCT_residual,-37.87878787878788,raw_property,50,50,1.0,528.8913119574283,391.7529833063121,689.135789701103,-108.56581077292776,-283.9960002853154,0.0,0.72
BertzCT,residual_property,BertzCT_residual,-37.87878787878788,diagnostic_residual,50,50,1.0,-141.60343355037503,-323.6317712029081,-38.612661135442174,-141.77661410610114,-350.9030114269629,-49.122331285484854,0.9
BertzCT,residual_property,BertzCT_residual,-34.848484848484844,raw_property,50,50,1.0,534.3909079619525,398.81309636713877,682.5696240744803,-106.94600318654454,-264.58144165556143,0.0,0.62
BertzCT,residual_property,BertzCT_residual,-34.848484848484844,diagnostic_residual,50,50,1.0,-168.074663773209,-278.0698194484428,-27.309934981086997,-147.85134882250784,-304.5175052357688,-11.02687061181976,0.82
BertzCT,residual_property,BertzCT_residual,-31.818181818181813,raw_property,50,50,1.0,632.8428743918707,408.6471940547833,798.3814327146439,-37.93914767698146,-191.49894616042175,0.0,0.58
BertzCT,residual_property,BertzCT_residual,-31.818181818181813,diagnostic_residual,50,50,1.0,-111.60984391815907,-237.3387871388061,-7.564892927128725,-63.998652578114594,-227.39921082685834,-3.1086244689504383e-15,0.76
BertzCT,residual_property,BertzCT_residual,-28.787878787878785,raw_property,50,50,1.0,638.8767782774755,446.5321414037228,819.8069532445004,0.0,-121.40593656113165,0.0,0.44
BertzCT,residual_property,BertzCT_residual,-28.787878787878785,diagnostic_residual,50,50,1.0,-48.47893601424532,-190.47868580791535,12.62314720650626,-1.1723955140041653e-13,-145.59201523470074,0.0,0.58
BertzCT,residual_property,BertzCT_residual,-25.757575757575765,raw_property,50,50,1.0,659.0699029838773,467.5644209856737,836.3364887324261,0.0,-79.22798438033644,0.0,0.32
BertzCT,residual_property,BertzCT_residual,-25.757575757575765,diagnostic_residual,50,50,1.0,-41.83038217104443,-161.8412160565412,52.23296910117813,-8.881784197001252e-16,-104.0507511061434,0.0,0.5
BertzCT,residual_property,BertzCT_residual,-22.727272727272734,raw_property,50,50,1.0,686.3447691193638,483.04385934891155,840.9047015940066,0.0,0.0,0.0,0.24
BertzCT,residual_property,BertzCT_residual,-22.727272727272734,diagnostic_residual,50,50,1.0,-11.486468195706408,-142.36036226595135,52.23296910117813,0.0,-3.1441516057384433e-13,0.0,0.4
BertzCT,residual_property,BertzCT_residual,-19.69696969696969,raw_property,50,50,1.0,714.2535605285822,482.0425464964904,871.0912475205679,0.0,0.0,0.0,0.18
BertzCT,residual_property,BertzCT_residual,-19.69696969696969,diagnostic_residual,50,50,1.0,-11.486468195706408,-103.91160603704448,52.23296910117813,0.0,-1.1901590823981678e-13,0.0,0.36
BertzCT,residual_property,BertzCT_residual,-16.666666666666657,raw_property,50,50,1.0,717.2035721465948,483.04385934891155,891.6373629240833,0.0,0.0,0.0,0.1
BertzCT,residual_property,BertzCT_residual,-16.666666666666657,diagnostic_residual,50,50,1.0,8.976268344659644,-82.63716566560117,53.81126325375118,0.0,-2.3092638912203256e-14,0.0,0.3
BertzCT,residual_property,BertzCT_residual,-13.636363636363626,raw_property,50,50,1.0,734.5321357194807,483.04385934891155,891.6373629240833,0.0,0.0,0.0,0.04
BertzCT,residual_property,BertzCT_residual,-13.636363636363626,diagnostic_residual,50,50,1.0,12.458564486338076,-48.797758168059005,55.266542699366624,0.0,0.0,0.0,0.24
BertzCT,residual_property,BertzCT_residual,-10.606060606060597,raw_property,50,50,1.0,734.5321357194807,483.04385934891155,891.6373629240833,0.0,0.0,0.0,0.04
BertzCT,residual_property,BertzCT_residual,-10.606060606060597,diagnostic_residual,50,50,1.0,12.458564486338076,-48.797758168059005,55.266542699366624,0.0,0.0,0.0,0.22
BertzCT,residual_property,BertzCT_residual,-7.575757575757564,raw_property,50,50,1.0,734.5321357194807,483.04385934891155,874.0084314851308,0.0,0.0,0.0,0.06
BertzCT,residual_property,BertzCT_residual,-7.575757575757564,diagnostic_residual,50,50,1.0,10.99374869858957,-77.1774994322005,55.266542699366624,0.0,0.0,0.0,0.24
BertzCT,residual_property,BertzCT_residual,-4.545454545454561,raw_property,50,50,1.0,734.5321357194807,483.04385934891155,874.0084314851308,0.0,0.0,0.0,0.06
BertzCT,residual_property,BertzCT_residual,-4.545454545454561,diagnostic_residual,50,50,1.0,10.99374869858957,-77.1774994322005,55.266542699366624,0.0,0.0,0.0,0.24
BertzCT,residual_property,BertzCT_residual,-1.5151515151515298,raw_property,50,50,1.0,734.5321357194807,483.04385934891155,874.0084314851308,0.0,0.0,0.0,0.04
BertzCT,residual_property,BertzCT_residual,-1.5151515151515298,diagnostic_residual,50,50,1.0,10.99374869858957,-48.797758168059005,55.266542699366624,0.0,0.0,0.0,0.22
BertzCT,residual_property,BertzCT_residual,1.5151515151515014,raw_property,50,50,1.0,734.5321357194807,483.04385934891155,874.0084314851308,0.0,0.0,0.0,0.0
BertzCT,residual_property,BertzCT_residual,1.5151515151515014,diagnostic_residual,50,50,1.0,10.99374869858957,-48.797758168059005,55.266542699366624,0.0,0.0,0.0,0.2
BertzCT,residual_property,BertzCT_residual,4.5454545454545325,raw_property,50,50,1.0,734.5321357194807,483.04385934891155,871.0912475205679,0.0,0.0,0.0,0.0
BertzCT,residual_property,BertzCT_residual,4.5454545454545325,diagnostic_residual,50,50,1.0,12.458564486338076,-46.489076438587325,62.26372554042055,0.0,0.0,0.0,0.2
BertzCT,residual_property,BertzCT_residual,7.575757575757564,raw_property,50,50,1.0,734.5321357194807,483.04385934891155,871.0912475205679,0.0,0.0,0.0,0.0
BertzCT,residual_property,BertzCT_residual,7.575757575757564,diagnostic_residual,50,50,1.0,12.458564486338076,-46.489076438587325,62.26372554042055,0.0,0.0,0.0,0.2
BertzCT,residual_property,BertzCT_residual,10.606060606060597,raw_property,50,50,1.0,734.5321357194807,483.04385934891155,871.0912475205679,0.0,0.0,0.0,0.0
BertzCT,residual_property,BertzCT_residual,10.606060606060597,diagnostic_residual,50,50,1.0,12.458564486338076,-46.489076438587325,62.26372554042055,0.0,0.0,0.0,0.2
BertzCT,residual_property,BertzCT_residual,13.636363636363626,raw_property,50,50,1.0,734.5321357194807,483.04385934891155,879.0986487115449,0.0,0.0,0.0,0.02
BertzCT,residual_property,BertzCT_residual,13.636363636363626,diagnostic_residual,50,50,1.0,12.458564486338076,-46.489076438587325,70.70270413789257,0.0,0.0,0.0,0.22
BertzCT,residual_property,BertzCT_residual,16.666666666666657,raw_property,50,50,1.0,734.5321357194807,483.04385934891155,879.0986487115449,0.0,0.0,0.0,0.02
BertzCT,residual_property,BertzCT_residual,16.666666666666657,diagnostic_residual,50,50,1.0,12.458564486338076,-46.489076438587325,70.70270413789257,0.0,0.0,0.0,0.22
BertzCT,residual_property,BertzCT_residual,19.69696969696969,raw_property,50,50,1.0,734.5321357194807,483.04385934891155,879.0986487115449,0.0,0.0,0.0,0.02
BertzCT,residual_property,BertzCT_residual,19.69696969696969,diagnostic_residual,50,50,1.0,12.458564486338076,-46.489076438587325,70.70270413789257,0.0,0.0,0.0,0.22
BertzCT,residual_property,BertzCT_residual,22.72727272727272,raw_property,50,50,1.0,734.5321357194807,483.04385934891155,879.0986487115449,0.0,0.0,0.0,0.04
BertzCT,residual_property,BertzCT_residual,22.72727272727272,diagnostic_residual,50,50,1.0,10.99374869858957,-48.797758168059005,62.26372554042055,0.0,0.0,0.0,0.24
BertzCT,residual_property,BertzCT_residual,25.75757575757575,raw_property,50,50,1.0,734.5321357194807,414.77292386282124,879.0986487115449,0.0,0.0,0.0,0.08
BertzCT,residual_property,BertzCT_residual,25.75757575757575,diagnostic_residual,50,50,1.0,3.128682170558676,-61.41796104935338,55.266542699366624,0.0,-2.3092638912203256e-14,2.6645352591003757e-15,0.26
BertzCT,residual_property,BertzCT_residual,28.787878787878785,raw_property,50,50,1.0,719.5012925063347,414.77292386282124,879.0986487115449,0.0,0.0,0.0,0.08
BertzCT,residual_property,BertzCT_residual,28.787878787878785,diagnostic_residual,50,50,1.0,-2.3087236923447563,-81.27795967469407,53.81126325375118,0.0,-1.1368683772161603e-13,0.0,0.24
BertzCT,residual_property,BertzCT_residual,31.818181818181813,raw_property,50,50,1.0,717.2035721465948,409.69783917230995,866.2823782917897,0.0,-63.747942723218216,0.0,0.12
BertzCT,residual_property,BertzCT_residual,31.818181818181813,diagnostic_residual,50,50,1.0,-4.727068999487216,-103.91160603704448,53.81126325375118,0.0,-54.17572913162775,0.0,0.24
BertzCT,residual_property,BertzCT_residual,34.848484848484844,raw_property,50,50,1.0,717.2035721465948,409.51033917230995,877.6297715608546,0.0,-54.313039204534874,0.0,0.16
BertzCT,residual_property,BertzCT_residual,34.848484848484844,diagnostic_residual,50,50,1.0,-5.297697791084886,-78.42196098325186,55.266542699366624,0.0,-45.32351893263427,8.526512829121202e-14,0.26
BertzCT,residual_property,BertzCT_residual,37.87878787878788,raw_property,50,50,1.0,726.9331376712287,420.8927835941944,856.6652824664202,0.0,-58.87643036999384,6.221292216818739,0.28
BertzCT,residual_property,BertzCT_residual,37.87878787878788,diagnostic_residual,50,50,1.0,-2.3087236923447563,-61.86636962285408,54.62542690841309,0.0,-39.558628920136215,8.560361923573907,0.36
BertzCT,residual_property,BertzCT_residual,40.90909090909091,raw_property,50,50,1.0,664.5238803989516,427.55389122760187,852.4923806618121,0.0,-92.44483910079833,33.00837907008241,0.36
BertzCT,residual_property,BertzCT_residual,40.90909090909091,diagnostic_residual,50,50,1.0,-30.131858583155122,-94.52366367345493,53.81126325375118,0.0,-72.83824086451035,41.24010600727499,0.4
BertzCT,residual_property,BertzCT_residual,43.93939393939394,raw_property,50,50,1.0,670.0528196870687,414.6737298244702,907.5058262708174,0.0,-82.60086733620264,72.09451939758385,0.44
BertzCT,residual_property,BertzCT_residual,43.93939393939394,diagnostic_residual,50,50,1.0,-9.033056783643133,-66.01866984208797,62.18821576068626,0.0,-68.35301224451294,53.20788054730153,0.46
BertzCT,residual_property,BertzCT_residual,46.96969696969697,raw_property,50,50,1.0,676.4143615418936,400.3715778090821,948.5435627617362,0.0,-72.46435145782547,90.72447580006337,0.48
BertzCT,residual_property,BertzCT_residual,46.96969696969697,diagnostic_residual,50,50,1.0,6.335332488280727,-80.45225944857887,110.0312453821191,0.0,-67.19454228673634,71.63274073542698,0.48
BertzCT,residual_property,BertzCT_residual,50.0,raw_property,50,50,1.0,709.0562125432352,402.6273736752805,946.2612243444346,17.393336066883364,-72.17480306517339,95.48481703248945,0.54
BertzCT,residual_property,BertzCT_residual,50.0,diagnostic_residual,50,50,1.0,2.323585619481321,-69.54061164700437,96.88943861774945,5.072643596407374,-55.25995956341703,74.96651386785206,0.52
BertzCT,residual_property,BertzCT_residual,53.03030303030303,raw_property,50,50,1.0,703.0135493159262,417.94989812547044,869.0793577828956,12.498147972343247,-89.18502191634678,84.21587814295509,0.52
BertzCT,residual_property,BertzCT_residual,53.03030303030303,diagnostic_residual,50,50,1.0,-15.290932066192,-79.83384238515879,75.19252971448734,-8.18192633337435,-78.39943976497501,60.80259449912213,0.42
BertzCT,residual_property,BertzCT_residual,56.06060606060606,raw_property,50,50,1.0,696.727257124365,460.12031558346706,869.6406359073547,6.089730206508591,-104.02421937528638,113.41915550834085,0.5
BertzCT,residual_property,BertzCT_residual,56.06060606060606,diagnostic_residual,50,50,1.0,-32.23819098142033,-83.21220181368989,64.60326880385102,-21.53442614500142,-95.81700282531403,81.03924072040327,0.4
BertzCT,residual_property,BertzCT_residual,59.09090909090909,raw_property,50,50,1.0,707.1175080166774,424.50732192269527,900.8154586669915,24.12327556237193,-96.09281226331666,157.34421857570018,0.56
BertzCT,residual_property,BertzCT_residual,59.09090909090909,diagnostic_residual,50,50,1.0,-15.767837642703967,-64.64722557125955,74.60313586496065,-14.959352718118907,-65.66094832565408,121.12961516999637,0.44
BertzCT,residual_property,BertzCT_residual,62.121212121212125,raw_property,50,50,1.0,720.4278789855313,407.18693312543775,912.1251370412369,21.171703245014953,-67.05223194365185,120.02476510923955,0.6
BertzCT,residual_property,BertzCT_residual,62.121212121212125,diagnostic_residual,50,50,1.0,3.9451605116744304,-85.19875520916247,92.17085732178118,-12.293322533798857,-65.66094832565408,121.12961516999637,0.44
BertzCT,residual_property,BertzCT_residual,65.15151515151516,raw_property,50,50,1.0,609.8294707431809,407.18693312543775,867.5655534045825,6.324025030129974,-90.46292068131172,115.98336065631379,0.52
BertzCT,residual_property,BertzCT_residual,65.15151515151516,diagnostic_residual,50,50,1.0,1.7450314568602039,-129.45087424411082,90.84760653156138,-18.730299812266566,-95.5257676148865,99.5815895187761,0.42
BertzCT,residual_property,BertzCT_residual,68.18181818181819,raw_property,50,50,1.0,703.9001975254738,452.3403604687448,980.5201570012352,53.432794055887655,-34.336187898294,160.02008274001392,0.62
BertzCT,residual_property,BertzCT_residual,68.18181818181819,diagnostic_residual,50,50,1.0,48.6740925036232,-51.179518174173324,156.43428384835556,25.6785859701872,-51.85130570631259,142.25600517807402,0.58
BertzCT,residual_property,BertzCT_residual,71.21212121212122,raw_property,50,50,1.0,764.8559515213416,452.3403604687448,980.2374163076773,116.8643904697285,-54.30623938188157,193.3867500187594,0.68
BertzCT,residual_property,BertzCT_residual,71.21212121212122,diagnostic_residual,50,50,1.0,68.1533711453074,-44.31257666989174,153.73745312403827,40.53606285203989,-77.04957904865029,153.85013241350822,0.62
BertzCT,residual_property,BertzCT_residual,74.24242424242425,raw_property,50,50,1.0,738.1326356511179,477.36247714347076,973.006441896326,64.45132266073423,-70.95174058474518,169.64269413306428,0.64
BertzCT,residual_property,BertzCT_residual,74.24242424242425,diagnostic_residual,50,50,1.0,60.32279134288595,-79.64706095054905,130.76930465497858,35.88145339934775,-77.04957904865029,132.62125360190362,0.56
BertzCT,residual_property,BertzCT_residual,77.27272727272728,raw_property,50,50,1.0,677.7995551945439,462.2617169768427,944.2070745598146,57.39612712630367,-67.43541360651858,169.64101456447085,0.66
BertzCT,residual_property,BertzCT_residual,77.27272727272728,diagnostic_residual,50,50,1.0,34.09771621875163,-84.54145825391834,138.17975876946548,27.80662476016397,-87.73576592204782,146.8441341730674,0.52
BertzCT,residual_property,BertzCT_residual,80.30303030303031,raw_property,50,50,1.0,701.9371214281052,469.24200899156426,1029.293134939625,64.45132266073423,-48.19615817518256,180.6146584215609,0.66
BertzCT,residual_property,BertzCT_residual,80.30303030303031,diagnostic_residual,50,50,1.0,22.302686539675506,-131.5728881540955,155.0858543857683,14.297994892176746,-81.98992960369785,122.17214364800151,0.58
BertzCT,residual_property,BertzCT_residual,83.33333333333334,raw_property,50,50,1.0,714.5686351804948,496.3084865277741,938.4933384194488,79.81252169393028,-41.78842448807738,196.27915966739596,0.7
BertzCT,residual_property,BertzCT_residual,83.33333333333334,diagnostic_residual,50,50,1.0,15.608070839404931,-153.11732917256012,129.68657073495768,42.1759071329048,-120.4393089821688,129.80011850156876,0.58
BertzCT,residual_property,BertzCT_residual,86.36363636363637,raw_property,50,50,1.0,714.5686351804948,521.4703685278957,978.4692361306262,84.2927296097389,-20.030990047177752,222.9842105263298,0.72
BertzCT,residual_property,BertzCT_residual,86.36363636363637,diagnostic_residual,50,50,1.0,58.60053195763825,-162.13264094422934,142.43566423316253,63.46210255222334,-186.29283340715006,146.08813674732272,0.62
BertzCT,residual_property,BertzCT_residual,89.3939393939394,raw_property,50,50,1.0,751.8600237553159,516.2415647232906,1006.7955953114625,112.32371455949215,-20.030990047177752,240.57239295514592,0.72
BertzCT,residual_property,BertzCT_residual,89.3939393939394,diagnostic_residual,50,50,1.0,61.87753363227495,-138.2320726760015,219.2457918096398,53.668935163915336,-169.74854390359582,215.47273889513025,0.62
BertzCT,residual_property,BertzCT_residual,92.42424242424244,raw_property,50,50,1.0,765.877485082681,501.88770902870124,1020.7277987892895,99.63281095938078,-61.505340799662505,234.81244068676435,0.68
BertzCT,residual_property,BertzCT_residual,92.42424242424244,diagnostic_residual,50,50,1.0,88.85185711438149,-197.21138810397116,214.46367151307498,47.94491752042916,-242.756561335117,212.29791500144253,0.62
BertzCT,residual_property,BertzCT_residual,95.45454545454544,raw_property,50,50,1.0,707.0237027050366,541.7295316485092,1029.585231820355,144.91871867850585,-20.101785474243314,243.03478040276156,0.72
BertzCT,residual_property,BertzCT_residual,95.45454545454544,diagnostic_residual,50,50,1.0,81.31395631950218,-179.77743603853423,208.83365241281575,65.38501997947901,-190.81363576099167,208.02206921337316,0.66
BertzCT,residual_property,BertzCT_residual,98.48484848484848,raw_property,50,50,1.0,707.0237027050366,543.2295316485094,1088.1952089146528,150.3988644722483,-40.25513811441715,274.2849185069906,0.7
BertzCT,residual_property,BertzCT_residual,98.48484848484848,diagnostic_residual,50,50,1.0,71.67190501920169,-152.56926404852257,233.41195376188432,65.23987138126773,-196.0814104671507,219.20251312802733,0.6
BertzCT,residual_property,BertzCT_residual,101.5151515151515,raw_property,50,50,1.0,790.3441881680451,528.3856189774723,1107.3857214202667,165.9591891445856,-43.325185543028866,286.191642855504,0.72
BertzCT,residual_property,BertzCT_residual,101.5151515151515,diagnostic_residual,50,50,1.0,90.5207067136379,-162.90056868647844,250.46329254315617,114.07813015434067,-191.62593400732888,239.39683884042492,0.62
BertzCT,residual_property,BertzCT_residual,104.54545454545452,raw_property,50,50,1.0,790.3441881680451,528.3856189774723,1107.885721420267,149.99851986105202,-46.32518554302882,285.96124513580975,0.72
BertzCT,residual_property,BertzCT_residual,104.54545454545452,diagnostic_residual,50,50,1.0,76.04082211636864,-162.90056868647844,233.41195376188432,76.45079842738625,-187.50876652655094,213.63546849420771,0.58
BertzCT,residual_property,BertzCT_residual,107.57575757575756,raw_property,50,50,1.0,816.8484438498923,555.2309880276164,1100.0695557936447,143.00890394949172,-19.395909513588663,295.3567550365282,0.74
BertzCT,residual_property,BertzCT_residual,107.57575757575756,diagnostic_residual,50,50,1.0,75.32485815359485,-168.65937546337258,230.25218576146585,58.23823859447339,-155.76434232822226,200.5136115081181,0.62
BertzCT,residual_property,BertzCT_residual,110.60606060606062,raw_property,50,50,1.0,800.24074542281,554.9983070795522,1100.0695557936447,138.48534680714397,-50.66367069490798,282.5453670050837,0.72
BertzCT,residual_property,BertzCT_residual,110.60606060606062,diagnostic_residual,50,50,1.0,45.24456110508538,-215.46184628264072,224.85000476649293,36.38887820489009,-209.91230224096816,200.4008690211097,0.56
BertzCT,residual_property,BertzCT_residual,113.63636363636364,raw_property,50,50,1.0,753.0388787273619,528.3856189774723,1011.8201067412774,137.31352790895806,-62.85465315680379,311.76682240884884,0.7
BertzCT,residual_property,BertzCT_residual,113.63636363636364,diagnostic_residual,50,50,1.0,21.912188855750628,-262.7814640289415,233.59495523597542,-21.59777967939784,-231.46329906437657,215.82416226095143,0.48
BertzCT,residual_property,BertzCT_residual,116.66666666666669,raw_property,50,50,1.0,803.504627444647,553.4983070795522,989.90858178178,135.5064158141481,-15.287327081161692,333.04928618817115,0.74
BertzCT,residual_property,BertzCT_residual,116.66666666666669,diagnostic_residual,50,50,1.0,22.134232144718624,-258.63005159032224,241.94921924940917,-26.960168108857033,-228.7214303862426,231.27786384084408,0.44
BertzCT,residual_property,BertzCT_residual,119.69696969696967,raw_property,50,50,1.0,847.8762550930992,569.4739897520542,1072.3291397396385,168.10964757413632,8.141730495456528,351.8405619525922,0.76
BertzCT,residual_property,BertzCT_residual,119.69696969696967,diagnostic_residual,50,50,1.0,34.701189207020604,-199.19864557384827,296.5527140109155,0.8946281304993136,-195.84435411854045,270.46785676006596,0.5
BertzCT,residual_property,BertzCT_residual,122.72727272727276,raw_property,50,50,1.0,860.4884346400327,592.6518332788589,1186.7412614126677,189.96361136771537,25.180420999606298,385.3487479493989,0.76
BertzCT,residual_property,BertzCT_residual,122.72727272727276,diagnostic_residual,50,50,1.0,64.68566147138677,-204.53543182102837,286.5470563721411,24.48367353954069,-207.12384277239195,283.7106297973631,0.56
BertzCT,residual_property,BertzCT_residual,125.75757575757576,raw_property,50,50,1.0,826.3356845291264,585.7007013942181,1190.2795959258988,205.37095376976637,6.391013906035539,397.0019671255492,0.76
BertzCT,residual_property,BertzCT_residual,125.75757575757576,diagnostic_residual,50,50,1.0,14.909938441253928,-272.09793326453666,307.40707368391713,22.849600118855392,-204.2465071570681,283.3861716758522,0.52
BertzCT,residual_property,BertzCT_residual,128.7878787878788,raw_property,50,50,1.0,785.4356607227169,587.5169900847613,1192.2494200092126,213.10936858968086,14.750588615598843,397.211907658733,0.76
BertzCT,residual_property,BertzCT_residual,128.7878787878788,diagnostic_residual,50,50,1.0,20.633026327769585,-264.8971122563981,343.7018270457322,48.02732250899646,-207.8832157331043,294.8125753097297,0.52
BertzCT,residual_property,BertzCT_residual,131.8181818181818,raw_property,50,50,1.0,856.539431183454,596.0681141833973,1165.2945797382404,252.56272595405017,69.25797327940725,403.4678346660545,0.76
BertzCT,residual_property,BertzCT_residual,131.8181818181818,diagnostic_residual,50,50,1.0,58.918314142849226,-219.89878660264202,299.5546272734232,77.77273856345971,-199.44292687283098,292.01469700948917,0.54
BertzCT,residual_property,BertzCT_residual,134.84848484848487,raw_property,50,50,1.0,856.539431183454,596.1322790384577,1181.5683322417603,271.24913773279764,-60.09413534228966,424.3623254545656,0.7
BertzCT,residual_property,BertzCT_residual,134.84848484848487,diagnostic_residual,50,50,1.0,47.212317242129416,-313.43256004445004,297.36535102195046,-12.856471707654805,-274.4757212236541,288.50099129051273,0.48
BertzCT,residual_property,BertzCT_residual,137.87878787878788,raw_property,50,50,1.0,762.8012779839398,587.9495684877126,1116.226170660663,211.50916514789353,-178.24761550017752,388.1551465504614,0.62
BertzCT,residual_property,BertzCT_residual,137.87878787878788,diagnostic_residual,50,50,1.0,-75.73672363292258,-337.71136839560404,224.95598501069986,-34.28300736436864,-365.2743189969673,272.6693794158804,0.46
BertzCT,residual_property,BertzCT_residual,140.90909090909088,raw_property,50,50,1.0,723.141911087063,584.1332797971693,1113.6002844498967,208.3094982970705,-198.78369374977495,384.39324299996497,0.62
BertzCT,residual_property,BertzCT_residual,140.90909090909088,diagnostic_residual,50,50,1.0,-78.5701008438727,-343.4902125402666,155.6715295035649,-90.25600284307222,-368.21676425014437,153.68724513030406,0.4
BertzCT,residual_property,BertzCT_residual,143.93939393939394,raw_property,50,50,1.0,781.4938209942081,603.6162458356329,1116.226170660663,249.85362298176767,-181.21215285895417,426.39069480944386,0.64
BertzCT,residual_property,BertzCT_residual,143.93939393939394,diagnostic_residual,50,50,1.0,-47.169238032191686,-340.84662039597475,173.35018353059445,-78.97830745591415,-384.08322827451076,229.95349332753048,0.46
BertzCT,residual_property,BertzCT_residual,146.96969696969694,raw_property,50,50,1.0,804.2853503717574,600.9879161255121,1188.2255058008268,253.36959582504022,-147.82221763783932,448.337327916314,0.72
BertzCT,residual_property,BertzCT_residual,146.96969696969694,diagnostic_residual,50,50,1.0,-46.222887407061364,-364.3553964444114,216.70910019760922,-69.06234794512386,-399.08458389859777,235.66510806296992,0.46
BertzCT,residual_property,BertzCT_residual,150.0,raw_property,50,50,1.0,794.8027963305781,595.5681141833973,1157.205400735568,211.38139575861152,-81.45950545939732,405.01885241626576,0.74
BertzCT,residual_property,BertzCT_residual,150.0,diagnostic_residual,50,50,1.0,-46.222887407061364,-381.5194297250613,180.19504819959312,-2.7384101430425574,-420.56465572572364,176.22514213268641,0.5
BertzCT,selfies_length,selfies_len_tokens,-150.0,raw_property,50,44,0.88,0.0,0.0,0.0,-700.3441222322309,-871.4846414566772,-397.48479040290044,1.0
BertzCT,selfies_length,selfies_len_tokens,-150.0,diagnostic_residual,50,44,0.88,491.2664397215144,423.6915628168374,491.2664397215144,441.2494701629244,355.10856961159493,483.83581005849067,0.0
BertzCT,selfies_length,selfies_len_tokens,-146.96969696969697,raw_property,50,44,0.88,0.0,0.0,0.0,-700.3441222322309,-871.4846414566772,-397.48479040290044,1.0
BertzCT,selfies_length,selfies_len_tokens,-146.96969696969697,diagnostic_residual,50,44,0.88,491.2664397215144,298.5626357891439,491.2664397215144,439.2815470535812,338.9570239826066,483.83581005849067,0.0
BertzCT,selfies_length,selfies_len_tokens,-143.93939393939394,raw_property,50,44,0.88,0.0,0.0,0.0,-700.3441222322309,-871.4846414566772,-397.48479040290044,1.0
BertzCT,selfies_length,selfies_len_tokens,-143.93939393939394,diagnostic_residual,50,44,0.88,491.2664397215144,298.5626357891439,491.2664397215144,439.2815470535812,338.9570239826066,483.83581005849067,0.0
BertzCT,selfies_length,selfies_len_tokens,-140.9090909090909,raw_property,50,44,0.88,0.0,0.0,0.0,-700.3441222322309,-871.4846414566772,-397.48479040290044,1.0
BertzCT,selfies_length,selfies_len_tokens,-140.9090909090909,diagnostic_residual,50,44,0.88,491.2664397215144,298.5626357891439,491.2664397215144,438.3947352406958,333.01802812834563,483.83581005849067,0.0
BertzCT,selfies_length,selfies_len_tokens,-137.87878787878788,raw_property,50,45,0.9,0.0,0.0,0.0,-713.5486614084061,-870.2227464424503,-397.81326077302657,1.0
BertzCT,selfies_length,selfies_len_tokens,-137.87878787878788,diagnostic_residual,50,45,0.9,491.2664397215144,298.5626357891439,491.2664397215144,437.01177056132053,322.7065501927374,485.8272360838449,0.0
BertzCT,selfies_length,selfies_len_tokens,-134.84848484848484,raw_property,50,45,0.9,0.0,0.0,0.0,-713.5486614084061,-870.2227464424503,-397.81326077302657,1.0
BertzCT,selfies_length,selfies_len_tokens,-134.84848484848484,diagnostic_residual,50,45,0.9,491.2664397215144,298.5626357891439,491.2664397215144,437.01177056132053,336.45518744021507,485.8272360838449,0.0
BertzCT,selfies_length,selfies_len_tokens,-131.8181818181818,raw_property,50,45,0.9,0.0,0.0,0.0,-713.5486614084061,-870.2227464424503,-397.81326077302657,1.0
BertzCT,selfies_length,selfies_len_tokens,-131.8181818181818,diagnostic_residual,50,45,0.9,491.2664397215144,298.5626357891439,491.2664397215144,437.01177056132053,336.45518744021507,485.8272360838449,0.0
BertzCT,selfies_length,selfies_len_tokens,-128.78787878787878,raw_property,50,46,0.92,0.0,0.0,0.0,-714.2535605285822,-874.0084314851308,-414.77292386282124,1.0
BertzCT,selfies_length,selfies_len_tokens,-128.78787878787878,diagnostic_residual,50,46,0.92,491.2664397215144,298.5626357891439,491.2664397215144,435.06845216798433,324.8646719058187,482.73108638011365,0.0
BertzCT,selfies_length,selfies_len_tokens,-125.75757575757576,raw_property,50,46,0.92,0.0,0.0,0.0,-714.2535605285822,-873.5084314851308,-414.77292386282124,1.0
BertzCT,selfies_length,selfies_len_tokens,-125.75757575757576,diagnostic_residual,50,46,0.92,491.2664397215144,298.5626357891439,491.2664397215144,436.1724069804414,332.6180746438508,482.73108638011365,0.0
BertzCT,selfies_length,selfies_len_tokens,-122.72727272727272,raw_property,50,46,0.92,0.0,0.0,0.0,-714.2535605285822,-873.5084314851308,-414.77292386282124,1.0
BertzCT,selfies_length,selfies_len_tokens,-122.72727272727272,diagnostic_residual,50,46,0.92,491.2664397215144,298.5626357891439,491.2664397215144,435.06845216798433,332.6180746438508,482.73108638011365,0.0
BertzCT,selfies_length,selfies_len_tokens,-119.69696969696967,raw_property,50,46,0.92,0.0,0.0,0.0,-714.2535605285822,-873.5084314851308,-414.77292386282124,1.0
BertzCT,selfies_length,selfies_len_tokens,-119.69696969696967,diagnostic_residual,50,46,0.92,465.4012051594019,298.5626357891439,491.2664397215144,435.06845216798433,324.8646719058187,482.73108638011365,0.0
BertzCT,selfies_length,selfies_len_tokens,-116.66666666666666,raw_property,50,46,0.92,0.0,0.0,0.0,-714.2535605285822,-873.5084314851308,-414.77292386282124,1.0
BertzCT,selfies_length,selfies_len_tokens,-116.66666666666666,diagnostic_residual,50,46,0.92,465.4012051594019,298.5626357891439,491.2664397215144,435.06845216798433,324.8646719058187,482.73108638011365,0.0
BertzCT,selfies_length,selfies_len_tokens,-113.63636363636364,raw_property,50,46,0.92,0.0,0.0,0.0,-714.2535605285822,-873.5084314851308,-414.77292386282124,1.0
BertzCT,selfies_length,selfies_len_tokens,-113.63636363636364,diagnostic_residual,50,46,0.92,465.4012051594019,298.5626357891439,491.2664397215144,431.74856012599145,312.35915761937525,482.73108638011365,0.0
BertzCT,selfies_length,selfies_len_tokens,-110.6060606060606,raw_property,50,47,0.94,0.0,0.0,0.0,-714.9584596487582,-871.746536470904,-431.732586952616,1.0
BertzCT,selfies_length,selfies_len_tokens,-110.6060606060606,diagnostic_residual,50,47,0.94,465.4012051594019,298.5626357891439,491.2664397215144,416.85600584366523,304.82715603753,482.2901713768548,0.0
BertzCT,selfies_length,selfies_len_tokens,-107.57575757575758,raw_property,50,47,0.94,0.0,0.0,0.0,-714.9584596487582,-871.746536470904,-431.732586952616,1.0
BertzCT,selfies_length,selfies_len_tokens,-107.57575757575758,diagnostic_residual,50,47,0.94,465.4012051594019,298.5626357891439,491.2664397215144,412.92015962497885,304.82715603753,482.2901713768548,0.0
BertzCT,selfies_length,selfies_len_tokens,-104.54545454545456,raw_property,50,47,0.94,0.0,0.0,0.0,-714.9584596487582,-871.746536470904,-431.732586952616,1.0
BertzCT,selfies_length,selfies_len_tokens,-104.54545454545456,diagnostic_residual,50,47,0.94,465.4012051594019,298.5626357891439,491.2664397215144,406.11187261147035,287.7712087578889,456.63891460152496,0.0
BertzCT,selfies_length,selfies_len_tokens,-101.51515151515152,raw_property,50,47,0.94,0.0,0.0,0.0,-714.9584596487582,-871.746536470904,-431.732586952616,1.0
BertzCT,selfies_length,selfies_len_tokens,-101.51515151515152,diagnostic_residual,50,47,0.94,316.7279427685432,298.5626357891439,491.2664397215144,354.6410863299941,283.5119281191162,456.63891460152496,0.0
BertzCT,selfies_length,selfies_len_tokens,-98.48484848484848,raw_property,50,48,0.96,0.0,0.0,0.0,-716.2035721465948,-863.0084314851308,-448.6922500424107,1.0
BertzCT,selfies_length,selfies_len_tokens,-98.48484848484848,diagnostic_residual,50,48,0.96,366.1993394018601,298.5626357891439,491.2664397215144,352.0218575519849,284.64341699079284,455.56793599404773,0.0
BertzCT,selfies_length,selfies_len_tokens,-95.45454545454544,raw_property,50,49,0.98,0.0,0.0,0.0,-717.4486846444313,-868.2227464424503,-465.6519131322054,1.0
BertzCT,selfies_length,selfies_len_tokens,-95.45454545454544,diagnostic_residual,50,49,0.98,415.67073603517696,298.5626357891439,491.2664397215144,354.6410863299941,286.4332367431423,454.49695738657044,0.0
BertzCT,selfies_length,selfies_len_tokens,-92.42424242424242,raw_property,50,49,0.98,0.0,0.0,0.0,-717.4486846444313,-861.2703264993577,-465.6519131322054,1.0
BertzCT,selfies_length,selfies_len_tokens,-92.42424242424242,diagnostic_residual,50,49,0.98,316.7279427685432,286.32880738497056,491.2664397215144,354.6410863299941,286.4332367431423,454.49695738657044,0.0
BertzCT,selfies_length,selfies_len_tokens,-89.39393939393939,raw_property,50,49,0.98,0.0,0.0,0.0,-717.4486846444313,-858.5540105841986,-465.6519131322054,1.0
BertzCT,selfies_length,selfies_len_tokens,-89.39393939393939,diagnostic_residual,50,49,0.98,298.5626357891439,286.32880738497056,465.4012051594019,339.7909694967371,255.23711949768278,454.49695738657044,0.02040816326530612
BertzCT,selfies_length,selfies_len_tokens,-86.36363636363637,raw_property,50,49,0.98,0.0,0.0,0.0,-717.4486846444313,-858.5540105841986,-465.6519131322054,1.0
BertzCT,selfies_length,selfies_len_tokens,-86.36363636363637,diagnostic_residual,50,49,0.98,298.5626357891439,286.32880738497056,465.4012051594019,336.45518744021507,268.1827434528065,454.49695738657044,0.04081632653061224
BertzCT,selfies_length,selfies_len_tokens,-83.33333333333333,raw_property,50,49,0.98,0.0,0.0,0.0,-717.4486846444313,-858.5540105841986,-465.6519131322054,1.0
BertzCT,selfies_length,selfies_len_tokens,-83.33333333333333,diagnostic_residual,50,49,0.98,298.5626357891439,286.32880738497056,439.5359705972895,311.1881812081127,243.123583131484,418.50903970477145,0.04081632653061224
BertzCT,selfies_length,selfies_len_tokens,-80.3030303030303,raw_property,50,49,0.98,0.0,0.0,7.509775004326936,-714.9584596487582,-858.5540105841986,-465.6519131322054,1.0
BertzCT,selfies_length,selfies_len_tokens,-80.3030303030303,diagnostic_residual,50,49,0.98,298.5626357891439,280.3182543890291,316.7279427685432,300.3997097861686,233.8477618505475,393.878044207297,0.08163265306122448
BertzCT,selfies_length,selfies_len_tokens,-77.27272727272728,raw_property,50,49,0.98,0.0,0.0,7.509775004326936,-714.9584596487582,-858.5540105841986,-465.6519131322054,1.0
BertzCT,selfies_length,selfies_len_tokens,-77.27272727272728,diagnostic_residual,50,49,0.98,293.83858238929747,204.9975290007837,305.7697393133751,285.77490586246944,221.7901908836301,349.4026287739757,0.10204081632653061
BertzCT,selfies_length,selfies_len_tokens,-74.24242424242425,raw_property,50,49,0.98,0.0,0.0,7.509775004326936,-714.9584596487582,-858.5540105841986,-465.6519131322054,1.0
BertzCT,selfies_length,selfies_len_tokens,-74.24242424242425,diagnostic_residual,50,49,0.98,286.32880738497056,180.29734656581635,298.5626357891439,285.7441440511556,199.60437020903564,342.95516271117003,0.10204081632653061
BertzCT,selfies_length,selfies_len_tokens,-71.21212121212122,raw_property,50,49,0.98,2.0,0.0,14.0,-714.9584596487582,-858.5540105841986,-465.6519131322054,1.0
BertzCT,selfies_length,selfies_len_tokens,-71.21212121212122,diagnostic_residual,50,49,0.98,280.3182543890291,177.41288197978992,298.5626357891439,285.7441440511556,162.98366115243547,339.7909694967371,0.10204081632653061
BertzCT,selfies_length,selfies_len_tokens,-68.18181818181819,raw_property,50,49,0.98,7.509775004326936,0.0,15.509775004326936,-711.9389096401044,-858.5540105841986,-451.6519131322054,1.0
BertzCT,selfies_length,selfies_len_tokens,-68.18181818181819,diagnostic_residual,50,49,0.98,274.86982593818794,172.39749737154435,293.83858238929747,261.22656650174133,108.54916573601969,324.22135903604175,0.12244897959183673
BertzCT,selfies_length,selfies_len_tokens,-65.15151515151516,raw_property,50,50,1.0,14.0,0.5,27.01955000865388,-712.7437855242553,-866.1687160829365,-461.7166058655408,1.0
BertzCT,selfies_length,selfies_len_tokens,-65.15151515151516,diagnostic_residual,50,50,1.0,191.92723391157898,115.29494785729594,286.32880738497056,215.80668393107658,69.14288765765109,291.31615904178403,0.16
BertzCT,selfies_length,selfies_len_tokens,-62.121212121212125,raw_property,50,50,1.0,14.0,2.0,40.325742227201616,-706.4486846444313,-849.5364956383199,-461.7166058655408,1.0
BertzCT,selfies_length,selfies_len_tokens,-62.121212121212125,diagnostic_residual,50,50,1.0,177.41288197978992,113.62866026936828,278.9561472763188,190.40257629141382,81.45257139725527,285.5486377388958,0.18
BertzCT,selfies_length,selfies_len_tokens,-59.09090909090909,raw_property,50,50,1.0,28.161259458730168,9.132331253245201,64.34528421400582,-676.7254697915428,-825.1155423880688,-457.4543944695261,1.0
BertzCT,selfies_length,selfies_len_tokens,-59.09090909090909,diagnostic_residual,50,50,1.0,173.2728799029222,56.46763370888455,214.5494856300484,163.94496646788895,-13.202248554640128,274.54745023616465,0.28
BertzCT,selfies_length,selfies_len_tokens,-56.06060606060606,raw_property,50,50,1.0,38.65148445440323,15.291904462736952,91.09616281328596,-676.7254697915428,-813.2895553895809,-429.66040695005483,1.0
BertzCT,selfies_length,selfies_len_tokens,-56.06060606060606,diagnostic_residual,50,50,1.0,136.70373530315476,25.078702943737255,203.12008524970196,145.04858443393138,-12.855432187029244,225.0355230860044,0.3
BertzCT,selfies_length,selfies_len_tokens,-53.03030303030303,raw_property,50,50,1.0,44.0,24.019550008653876,121.95396543848858,-684.0423126878646,-807.9895873490761,-395.39051899270726,1.0
BertzCT,selfies_length,selfies_len_tokens,-53.03030303030303,diagnostic_residual,50,50,1.0,108.6460310088484,-0.1153215434992707,181.6791845793548,112.60477691647239,-37.25134999690758,207.20007640057713,0.26
BertzCT,selfies_length,selfies_len_tokens,-50.0,raw_property,50,50,1.0,53.05865002596163,27.519550008653876,142.73985630084152,-663.1082510086001,-785.2106059289232,-395.39051899270726,1.0
BertzCT,selfies_length,selfies_len_tokens,-50.0,diagnostic_residual,50,50,1.0,83.25879774308889,-19.494071188088984,168.52079496531957,60.172922890337546,-49.748601472545694,167.44928870248316,0.32
BertzCT,selfies_length,selfies_len_tokens,-46.96969696969697,raw_property,50,50,1.0,94.40868524464067,39.24188918809525,175.9804026877268,-637.5700738654414,-743.3603033720703,-406.74980417518,1.0
BertzCT,selfies_length,selfies_len_tokens,-46.96969696969697,diagnostic_residual,50,50,1.0,20.608679937635173,-36.19612408007083,112.29612855162935,33.62100226671569,-88.10999708373258,150.01712384510265,0.4
BertzCT,selfies_length,selfies_len_tokens,-43.93939393939394,raw_property,50,50,1.0,105.45183036609211,63.458065458597154,207.0599455235523,-573.7370574152916,-752.0353702596965,-383.758187739462,1.0
BertzCT,selfies_length,selfies_len_tokens,-43.93939393939394,diagnostic_residual,50,50,1.0,8.828057147868705,-69.59046928693492,103.31656650173122,40.73138992071878,-74.36215795072721,142.05927688445934,0.46
BertzCT,selfies_length,selfies_len_tokens,-40.90909090909091,raw_property,50,50,1.0,140.11730005192325,72.09039671184235,260.2508012317331,-548.5065929502548,-724.3968206228784,-349.01481330855336,1.0
BertzCT,selfies_length,selfies_len_tokens,-40.90909090909091,diagnostic_residual,50,50,1.0,-4.378308378033552,-75.07710976381678,75.19835280984904,6.954142519359138,-116.74878019037277,97.85167071131303,0.48
BertzCT,selfies_length,selfies_len_tokens,-37.87878787878788,raw_property,50,50,1.0,192.33507062272207,89.31005895815454,292.3443568476959,-500.6787556427654,-632.9988330035026,-340.5513452249976,1.0
BertzCT,selfies_length,selfies_len_tokens,-37.87878787878788,diagnostic_residual,50,50,1.0,-10.959603171022401,-84.26210390760286,43.20547702717248,-15.448066570246311,-116.51324737088171,70.35627708623275,0.54
BertzCT,selfies_length,selfies_len_tokens,-34.848484848484844,raw_property,50,50,1.0,220.83638549304385,112.36766874675479,326.1550271363655,-445.32541785122515,-598.5493773416291,-330.18138609390024,1.0
BertzCT,selfies_length,selfies_len_tokens,-34.848484848484844,diagnostic_residual,50,50,1.0,-34.58758453943099,-92.9081761583401,30.821393167678025,-16.324849621371015,-122.63036383893242,57.70542910591175,0.56
BertzCT,selfies_length,selfies_len_tokens,-31.818181818181813,raw_property,50,50,1.0,224.35740524843322,153.78521508201584,401.05056643067775,-410.1871979907863,-539.5391700098413,-320.3847486619713,1.0
BertzCT,selfies_length,selfies_len_tokens,-31.818181818181813,diagnostic_residual,50,50,1.0,-34.41866299250982,-92.9081761583401,30.292999255177747,-19.06617940285021,-120.76325989820913,49.249299331065906,0.54
BertzCT,selfies_length,selfies_len_tokens,-28.787878787878785,raw_property,50,50,1.0,254.97636895597157,158.2447925422493,399.8768038399073,-401.0155978110953,-543.714562212972,-273.9989134614823,0.98
BertzCT,selfies_length,selfies_len_tokens,-28.787878787878785,diagnostic_residual,50,50,1.0,-49.72288276004616,-118.83496711638777,12.546376841253087,-45.39013158830559,-139.95478104923484,40.10482768107863,0.66
BertzCT,selfies_length,selfies_len_tokens,-25.757575757575765,raw_property,50,50,1.0,367.433678964611,257.63056646415396,504.71029109218523,-327.42681995185325,-456.81283566330376,-200.74598336914528,0.92
BertzCT,selfies_length,selfies_len_tokens,-25.757575757575765,diagnostic_residual,50,50,1.0,-44.60603382413484,-124.33539642423177,9.772019036505073,-42.80489578140214,-142.36246145751915,-4.440892098500626e-16,0.74
BertzCT,selfies_length,selfies_len_tokens,-22.727272727272734,raw_property,50,50,1.0,433.94049196454426,316.2631875845216,603.3339243826545,-243.00989727696464,-360.2769857555195,-132.385675597133,0.86
BertzCT,selfies_length,selfies_len_tokens,-22.727272727272734,diagnostic_residual,50,50,1.0,-45.57100275129534,-146.78968697910162,12.074606030981812,-26.52377753465953,-142.93712049923727,15.603960382423509,0.64
BertzCT,selfies_length,selfies_len_tokens,-19.69696969696969,raw_property,50,50,1.0,560.701060000267,391.7529833063121,752.1657855587224,-135.6256661245585,-210.90886027603344,-46.473604368292754,0.76
BertzCT,selfies_length,selfies_len_tokens,-19.69696969696969,diagnostic_residual,50,50,1.0,-31.682648428335767,-103.11823442240632,26.405995415554912,-1.7408297026122455e-13,-55.02112968553192,2.22378175760889,0.56
BertzCT,selfies_length,selfies_len_tokens,-16.666666666666657,raw_property,50,50,1.0,604.2018288441263,400.3715778090821,767.7880531602846,-60.61789410968595,-136.0659069654559,0.0,0.58
BertzCT,selfies_length,selfies_len_tokens,-16.666666666666657,diagnostic_residual,50,50,1.0,-2.5477082956616073,-63.58830758419211,51.06800589247757,0.0,-13.171779167371977,0.30789510177038437,0.44
BertzCT,selfies_length,selfies_len_tokens,-13.636363636363626,raw_property,50,50,1.0,624.2805876929065,414.77292386282124,814.6859609977789,0.0,-88.87065489569494,0.0,0.46
BertzCT,selfies_length,selfies_len_tokens,-13.636363636363626,diagnostic_residual,50,50,1.0,11.848456881264894,-48.797758168059005,52.23296910117813,0.0,-2.0605739337042905e-13,2.2737367544323206e-13,0.38
BertzCT,selfies_length,selfies_len_tokens,-10.606060606060597,raw_property,50,50,1.0,717.2035721465948,414.77292386282124,879.2869474683223,0.0,0.0,0.0,0.12
BertzCT,selfies_length,selfies_len_tokens,-10.606060606060597,diagnostic_residual,50,50,1.0,14.385098281921103,-42.13140640276992,54.62542690841309,0.0,0.0,0.0,0.24
BertzCT,selfies_length,selfies_len_tokens,-7.575757575757564,raw_property,50,50,1.0,734.5321357194807,483.04385934891155,891.6373629240833,0.0,0.0,0.0,0.02
BertzCT,selfies_length,selfies_len_tokens,-7.575757575757564,diagnostic_residual,50,50,1.0,14.385098281921103,-42.13140640276992,62.26372554042055,0.0,0.0,0.0,0.18
BertzCT,selfies_length,selfies_len_tokens,-4.545454545454561,raw_property,50,50,1.0,734.5321357194807,483.04385934891155,874.0084314851308,0.0,0.0,0.0,0.04
BertzCT,selfies_length,selfies_len_tokens,-4.545454545454561,diagnostic_residual,50,50,1.0,10.99374869858957,-48.797758168059005,55.266542699366624,0.0,0.0,0.0,0.22
BertzCT,selfies_length,selfies_len_tokens,-1.5151515151515298,raw_property,50,50,1.0,734.5321357194807,483.04385934891155,874.0084314851308,0.0,0.0,0.0,0.04
BertzCT,selfies_length,selfies_len_tokens,-1.5151515151515298,diagnostic_residual,50,50,1.0,10.99374869858957,-48.797758168059005,55.266542699366624,0.0,0.0,0.0,0.22
BertzCT,selfies_length,selfies_len_tokens,1.5151515151515014,raw_property,50,50,1.0,734.5321357194807,483.04385934891155,874.0084314851308,0.0,0.0,0.0,0.0
BertzCT,selfies_length,selfies_len_tokens,1.5151515151515014,diagnostic_residual,50,50,1.0,10.99374869858957,-77.1774994322005,55.266542699366624,0.0,0.0,0.0,0.18
BertzCT,selfies_length,selfies_len_tokens,4.5454545454545325,raw_property,50,50,1.0,734.5321357194807,483.04385934891155,871.7025194027894,0.0,0.0,0.0,0.0
BertzCT,selfies_length,selfies_len_tokens,4.5454545454545325,diagnostic_residual,50,50,1.0,10.99374869858957,-77.1774994322005,55.266542699366624,0.0,-1.3322676295501878e-15,0.0,0.18
BertzCT,selfies_length,selfies_len_tokens,7.575757575757564,raw_property,50,50,1.0,749.407771000368,483.04385934891155,891.6373629240833,0.0,0.0,0.0,0.08
BertzCT,selfies_length,selfies_len_tokens,7.575757575757564,diagnostic_residual,50,50,1.0,12.458564486338076,-48.797758168059005,55.266542699366624,0.0,-1.3322676295501878e-15,0.0,0.22
BertzCT,selfies_length,selfies_len_tokens,10.606060606060597,raw_property,50,50,1.0,785.1227333860079,483.04385934891155,1001.0116862361765,0.0,0.0,69.63039472391432,0.3
BertzCT,selfies_length,selfies_len_tokens,10.606060606060597,diagnostic_residual,50,50,1.0,-11.486468195706408,-129.1153356616385,53.81126325375118,-7.105427357601002e-14,-79.01927583694402,0.0,0.18
BertzCT,selfies_length,selfies_len_tokens,13.636363636363626,raw_property,50,50,1.0,830.0422411634212,537.1571070221497,1019.5495151163068,0.0,0.0,126.84555504613633,0.4
BertzCT,selfies_length,selfies_len_tokens,13.636363636363626,diagnostic_residual,50,50,1.0,-39.56044267933237,-164.5384238357101,54.52909272256258,-2.877698079828406e-13,-132.84980066464303,0.0,0.24
BertzCT,selfies_length,selfies_len_tokens,16.666666666666657,raw_property,50,50,1.0,847.5824763109784,568.5543685073895,1058.1827510265869,18.879631168195033,0.0,223.03741751748026,0.5
BertzCT,selfies_length,selfies_len_tokens,16.666666666666657,diagnostic_residual,50,50,1.0,-32.7241311994774,-225.595270986165,54.52909272256258,-19.478331767687337,-178.65050617031727,0.034336737607191026,0.28
BertzCT,selfies_length,selfies_len_tokens,19.69696969696969,raw_property,50,50,1.0,850.4408783534134,592.6877290833106,1108.9272619052692,97.50146340608342,0.0,292.3374620493064,0.54
BertzCT,selfies_length,selfies_len_tokens,19.69696969696969,diagnostic_residual,50,50,1.0,-32.7241311994774,-315.2761215773986,55.768819525454774,-18.716444405212737,-221.01188473993935,10.200803913590107,0.32
BertzCT,selfies_length,selfies_len_tokens,22.72727272727272,raw_property,50,50,1.0,868.5765438799397,754.6582375338127,1076.6971404734568,132.731667317046,0.0,323.5452193213756,0.64
BertzCT,selfies_length,selfies_len_tokens,22.72727272727272,diagnostic_residual,50,50,1.0,-141.01123198844505,-351.19728513933626,9.816889050918986,-103.00919548048675,-312.2625860930398,-4.857889256783465,0.2
BertzCT,selfies_length,selfies_len_tokens,25.75757575757575,raw_property,50,50,1.0,901.4411985541724,695.5017264257222,1040.6713787846681,114.78890631988622,0.0,299.0961534474409,0.6
BertzCT,selfies_length,selfies_len_tokens,25.75757575757575,diagnostic_residual,50,50,1.0,-245.70746632048318,-402.3374957917981,-59.861746979762415,-170.15326543225018,-408.7273876015036,-81.52703571006018,0.12
BertzCT,selfies_length,selfies_len_tokens,28.787878787878785,raw_property,50,50,1.0,870.1558011911525,734.2445922332158,995.339533361654,117.8855489173381,-6.5625,326.4273042370437,0.6
BertzCT,selfies_length,selfies_len_tokens,28.787878787878785,diagnostic_residual,50,50,1.0,-283.951198925953,-430.1732754972778,-103.90954770277209,-224.6670970009684,-432.29508033364687,-120.36757503300115,0.08
BertzCT,selfies_length,selfies_len_tokens,31.818181818181813,raw_property,50,50,1.0,888.345562858289,722.259257564758,1098.0976677577637,146.679274449859,0.0,331.8016481992188,0.64
BertzCT,selfies_length,selfies_len_tokens,31.818181818181813,diagnostic_residual,50,50,1.0,-275.7907049707446,-448.3532398572564,-73.37514017392621,-240.20815974123553,-435.7338174958568,-78.13118359223958,0.08
BertzCT,selfies_length,selfies_len_tokens,34.848484848484844,raw_property,50,50,1.0,866.0594376223675,711.8348795361588,1042.2487374069924,74.57622736119282,-10.067118580832215,329.8173065782861,0.62
BertzCT,selfies_length,selfies_len_tokens,34.848484848484844,diagnostic_residual,50,50,1.0,-289.0005289891657,-531.0152551777455,-108.74259846237658,-267.728229274561,-528.1342108171206,-125.49200793223383,0.1
BertzCT,selfies_length,selfies_len_tokens,37.87878787878788,raw_property,50,50,1.0,855.9594980943193,661.3690674109457,1031.235384224567,111.82676888154984,-10.78091748850693,245.96097351040208,0.66
BertzCT,selfies_length,selfies_len_tokens,37.87878787878788,diagnostic_residual,50,50,1.0,-325.3778329687788,-565.4776077176678,-178.43307016063216,-299.1037687367672,-530.1278416797787,-186.5670990271804,0.04
BertzCT,selfies_length,selfies_len_tokens,40.90909090909091,raw_property,50,50,1.0,840.959425203366,661.3108527324515,1048.6909739998123,134.3927262105325,-48.177489791317754,315.8785221685055,0.64
BertzCT,selfies_length,selfies_len_tokens,40.90909090909091,diagnostic_residual,50,50,1.0,-370.5816599190566,-549.7029637508753,-184.5736104960534,-354.1111288238658,-546.3679255218298,-185.47655691948057,0.06
BertzCT,selfies_length,selfies_len_tokens,43.93939393939394,raw_property,50,50,1.0,892.6915883641176,671.1904642224329,1061.0835747210958,122.06097005212513,-108.74886265283084,402.6446367918212,0.6
BertzCT,selfies_length,selfies_len_tokens,43.93939393939394,diagnostic_residual,50,50,1.0,-429.05708369121726,-551.6338819683975,-191.2772117971257,-355.04005382618755,-568.5655073388239,-180.74561719336864,0.06
BertzCT,selfies_length,selfies_len_tokens,46.96969696969697,raw_property,50,50,1.0,858.2817595469194,653.6123558525837,1015.0629563530424,71.34023908125926,-81.55976974244629,328.656571083017,0.58
BertzCT,selfies_length,selfies_len_tokens,46.96969696969697,diagnostic_residual,50,50,1.0,-385.40066826278326,-667.8215198238378,-204.01761282657114,-345.91000911838063,-553.6296195243315,-224.22354009044594,0.0
BertzCT,selfies_length,selfies_len_tokens,50.0,raw_property,50,50,1.0,842.3369053999243,703.2495556400629,992.1104904316062,90.81303655480741,-83.24194024571864,308.84707813919715,0.64
BertzCT,selfies_length,selfies_len_tokens,50.0,diagnostic_residual,50,50,1.0,-406.0546178728313,-642.2748793070787,-274.40595510620096,-419.2265000297831,-581.9512876796659,-296.2241792341392,0.0
BertzCT,selfies_length,selfies_len_tokens,53.03030303030303,raw_property,50,50,1.0,854.0917929020878,645.8726224161783,1042.9597965966368,53.66458011481279,-126.53437548665923,256.604735401306,0.58
BertzCT,selfies_length,selfies_len_tokens,53.03030303030303,diagnostic_residual,50,50,1.0,-476.9597321886748,-726.7986098994385,-287.012286019478,-453.5503493286222,-677.2156920519814,-311.8943679313256,0.02
BertzCT,selfies_length,selfies_len_tokens,56.06060606060606,raw_property,50,50,1.0,805.4356607227169,627.5837700654581,1035.802976293084,67.35381844658895,-150.51452174351934,280.18684633983855,0.58
BertzCT,selfies_length,selfies_len_tokens,56.06060606060606,diagnostic_residual,50,50,1.0,-567.3077104970328,-776.4358054348293,-287.012286019478,-542.557955563185,-844.8101687654955,-295.42545382514277,0.04
BertzCT,selfies_length,selfies_len_tokens,59.09090909090909,raw_property,50,50,1.0,821.2640909696652,668.6124567135523,1022.9961316710207,116.68563886583138,-136.42763371020223,344.16687514581866,0.58
BertzCT,selfies_length,selfies_len_tokens,59.09090909090909,diagnostic_residual,50,50,1.0,-561.0222567993417,-793.3317523745698,-285.405156497906,-536.8177935163051,-778.5270992377325,-322.04070039053585,0.0
BertzCT,selfies_length,selfies_len_tokens,62.121212121212125,raw_property,50,50,1.0,874.0242083417288,717.1372703609898,1032.7614807584548,189.4620435705666,-99.15894360313966,476.0959014284222,0.62
BertzCT,selfies_length,selfies_len_tokens,62.121212121212125,diagnostic_residual,50,50,1.0,-498.4121615053954,-744.7189607031966,-302.68248997507874,-466.2483212977084,-747.886688572618,-311.37749917529993,0.0
BertzCT,selfies_length,selfies_len_tokens,65.15151515151516,raw_property,50,50,1.0,928.346830018652,738.9757339585354,1099.3120467409128,192.77439568879998,-42.157606116166676,428.44127148739165,0.72
BertzCT,selfies_length,selfies_len_tokens,65.15151515151516,diagnostic_residual,50,50,1.0,-502.7509153357605,-819.1002266665544,-306.658571604307,-435.5933713273347,-849.2927780627045,-317.76089506780636,0.02
BertzCT,selfies_length,selfies_len_tokens,68.18181818181819,raw_property,50,50,1.0,938.5412427394983,695.9467839772515,1140.3353999144902,145.7976208152208,-65.77865106714833,558.6393760540404,0.68
BertzCT,selfies_length,selfies_len_tokens,68.18181818181819,diagnostic_residual,50,50,1.0,-560.4878814017034,-1075.7864176272112,-293.43096973152456,-570.0581590376108,-1102.1375333041776,-287.12224366195437,0.04
BertzCT,selfies_length,selfies_len_tokens,71.21212121212122,raw_property,50,50,1.0,968.4135942097369,620.4685646536043,1233.033718863123,193.31061762518056,-100.61588256042958,666.7242518328824,0.7
BertzCT,selfies_length,selfies_len_tokens,71.21212121212122,diagnostic_residual,50,50,1.0,-686.0219691661875,-1173.3630426094342,-345.28866793667515,-682.0304086141599,-1191.776010781997,-353.66345875872935,0.0
BertzCT,selfies_length,selfies_len_tokens,74.24242424242425,raw_property,50,50,1.0,1004.4475371804774,698.7425520089971,1215.4297068661035,240.1056315710939,-83.41738226609024,608.4746913468655,0.62
BertzCT,selfies_length,selfies_len_tokens,74.24242424242425,diagnostic_residual,50,50,1.0,-1059.4761446309349,-1910.6822268151493,-375.5651000113112,-1026.3400123735291,-1949.4331367221503,-419.0755669785209,0.0
BertzCT,selfies_length,selfies_len_tokens,77.27272727272728,raw_property,50,50,1.0,1022.8911470858604,727.4542447463148,1226.5088624304258,356.7503942349864,1.5478531773321151,731.9432948149457,0.74
BertzCT,selfies_length,selfies_len_tokens,77.27272727272728,diagnostic_residual,50,50,1.0,-1159.8234763222872,-2063.4620082791926,-498.89803617763005,-1133.964964239679,-1816.8462594954278,-530.4294366149325,0.0
BertzCT,selfies_length,selfies_len_tokens,80.30303030303031,raw_property,50,50,1.0,994.7641528877715,412.2858984487313,1221.1718636783694,367.0083469065345,-126.87653509903215,777.6626282091644,0.7
BertzCT,selfies_length,selfies_len_tokens,80.30303030303031,diagnostic_residual,50,50,1.0,-1221.479477057687,-2282.1067001690135,-519.15694732191,-1243.5357698461357,-2299.7110581382894,-425.7835784085407,0.0
BertzCT,selfies_length,selfies_len_tokens,83.33333333333334,raw_property,50,50,1.0,1007.3391968886058,524.3270081098046,1263.631075294559,395.4972980406056,-137.37754986752347,708.1517462769717,0.66
BertzCT,selfies_length,selfies_len_tokens,83.33333333333334,diagnostic_residual,50,50,1.0,-1333.3083561929298,-2534.3134190406527,-418.08228617573224,-1232.5287827518746,-2490.3232217295226,-414.63582111670996,0.02
BertzCT,selfies_length,selfies_len_tokens,86.36363636363637,raw_property,50,50,1.0,1032.824989197693,728.3956915172881,1376.6396621729518,496.8002454464187,-85.95656825987615,842.5126085230595,0.72
BertzCT,selfies_length,selfies_len_tokens,86.36363636363637,diagnostic_residual,50,50,1.0,-1549.9454375736327,-2532.2910305484465,-458.96981155100747,-1452.6430706126403,-2571.6582713018934,-427.351959150069,0.04
BertzCT,selfies_length,selfies_len_tokens,89.3939393939394,raw_property,50,50,1.0,1057.0388695237111,729.515546354156,1438.289777276519,534.9092152531891,174.0278854081253,939.156375012238,0.8
BertzCT,selfies_length,selfies_len_tokens,89.3939393939394,diagnostic_residual,50,50,1.0,-1813.5712618056245,-2375.965998938169,-493.248851112084,-1607.2573477422568,-2387.8932184025425,-479.0065852028479,0.04
BertzCT,selfies_length,selfies_len_tokens,92.42424242424244,raw_property,50,50,1.0,1199.4298129562776,676.9212281734483,1628.5460169179423,529.3940714332897,152.03166579584732,899.6733965023118,0.84
BertzCT,selfies_length,selfies_len_tokens,92.42424242424244,diagnostic_residual,50,50,1.0,-1442.4227029930234,-2337.525890523999,-546.5118491674504,-1419.6633161075172,-2319.7564452611737,-575.6132858591606,0.1
BertzCT,selfies_length,selfies_len_tokens,95.45454545454544,raw_property,50,50,1.0,1203.5141864641932,749.2684239580216,2549.347961380239,687.6472345936345,197.3639086283401,1696.8988819451672,0.82
BertzCT,selfies_length,selfies_len_tokens,95.45454545454544,diagnostic_residual,50,50,1.0,-1195.9229345367294,-2220.1046994780236,-488.5978921742199,-1288.8290992110296,-2170.9883453238463,-436.7606251985095,0.14
BertzCT,selfies_length,selfies_len_tokens,98.48484848484848,raw_property,50,50,1.0,1307.2373440782335,759.8600237553158,2267.988678594327,699.0275990395653,285.78590343973633,1367.6083062564062,0.82
BertzCT,selfies_length,selfies_len_tokens,98.48484848484848,diagnostic_residual,50,50,1.0,-1697.462264869235,-2381.107616783691,-700.2115740254162,-1671.1128417046523,-2275.2041902928954,-870.3646683983364,0.1
BertzCT,selfies_length,selfies_len_tokens,101.5151515151515,raw_property,50,50,1.0,1400.4288213727114,783.9199234095607,2690.590431201471,808.6941473149185,30.16712794366387,1872.2959197692119,0.76
BertzCT,selfies_length,selfies_len_tokens,101.5151515151515,diagnostic_residual,50,50,1.0,-1363.7819546869832,-2447.2541229138383,-452.3138756649913,-1307.5782682878976,-2417.453409522502,-505.10306069358614,0.1
BertzCT,selfies_length,selfies_len_tokens,104.54545454545452,raw_property,50,50,1.0,1193.8994896762085,796.4461154006085,2476.423889141316,543.0100653497033,136.185953797355,1551.664526775279,0.84
BertzCT,selfies_length,selfies_len_tokens,104.54545454545452,diagnostic_residual,50,50,1.0,-1849.7102237433455,-2450.273078128314,-635.7207838187549,-1738.700226391266,-2489.7824659207463,-614.4635287691476,0.14
BertzCT,selfies_length,selfies_len_tokens,107.57575757575756,raw_property,50,50,1.0,1217.6918213825916,799.3810693590256,2430.1646642852156,494.2940972560522,109.95779406045557,1659.4114679710701,0.8
BertzCT,selfies_length,selfies_len_tokens,107.57575757575756,diagnostic_residual,50,50,1.0,-1974.019144365565,-2492.9157220166026,-645.1704955220448,-1981.5597741474548,-2477.6372956350215,-704.1854540210431,0.14
BertzCT,selfies_length,selfies_len_tokens,110.60606060606062,raw_property,50,50,1.0,1559.8189644630395,836.8766646263693,2225.1212639413093,825.6406051529943,106.36151285228749,1576.1819306239588,0.78
BertzCT,selfies_length,selfies_len_tokens,110.60606060606062,diagnostic_residual,50,50,1.0,-1498.6536845836245,-2360.6024571927865,-935.0109457053279,-1532.029096661293,-2405.8073401838165,-899.6797203019378,0.12
BertzCT,selfies_length,selfies_len_tokens,113.63636363636364,raw_property,50,50,1.0,1589.3101853066676,868.7830639177586,2839.0283731231166,779.7456551893041,144.84830065431134,1941.6428920685767,0.76
BertzCT,selfies_length,selfies_len_tokens,113.63636363636364,diagnostic_residual,50,50,1.0,-1406.2367131395501,-2304.519084301446,-583.7615005410458,-1388.0817861540277,-2258.646855187086,-786.3683960706793,0.16
BertzCT,selfies_length,selfies_len_tokens,116.66666666666669,raw_property,50,50,1.0,1764.9969950515729,940.1628513184211,3099.518933659126,933.8008831604329,381.1232200274258,2165.140924398611,0.82
BertzCT,selfies_length,selfies_len_tokens,116.66666666666669,diagnostic_residual,50,50,1.0,-1429.8106937932373,-1942.2097532665957,-397.5136320098311,-1384.019594961248,-1903.5163360409447,-316.15661104617004,0.16
BertzCT,selfies_length,selfies_len_tokens,119.69696969696967,raw_property,50,50,1.0,1674.2884905685694,885.1467481265221,2862.847898972627,857.9172417225107,277.10043816162204,1938.227597318686,0.82
BertzCT,selfies_length,selfies_len_tokens,119.69696969696967,diagnostic_residual,50,50,1.0,-1359.3787040040374,-2155.345402890229,-406.2570485594697,-1346.075726640836,-2101.838596443049,-451.85519779655647,0.14
BertzCT,selfies_length,selfies_len_tokens,122.72727272727276,raw_property,50,50,1.0,1936.9817644622117,1168.5714065452726,3108.715278097913,1172.1539233114295,472.2099323574603,2289.4110728120027,0.88
BertzCT,selfies_length,selfies_len_tokens,122.72727272727276,diagnostic_residual,50,50,1.0,-1115.5954163323568,-1911.990727726506,-242.42878749528268,-1099.1107688453878,-1869.178732043496,-272.5565985600866,0.22
BertzCT,selfies_length,selfies_len_tokens,125.75757575757576,raw_property,50,50,1.0,2027.5358360949435,1158.88696678046,2787.20546556981,1188.949257703473,567.5648621540895,2072.4085241578564,0.88
BertzCT,selfies_length,selfies_len_tokens,125.75757575757576,diagnostic_residual,50,50,1.0,-948.0261256632182,-1634.4785129537224,-426.9281958704245,-980.3785354365926,-1457.5505094055134,-412.9855403074645,0.1
BertzCT,selfies_length,selfies_len_tokens,128.7878787878788,raw_property,50,50,1.0,2053.685631790435,1311.6747697621845,2769.564711289941,1352.8246205693986,602.5948204363515,2166.855734556712,0.84
BertzCT,selfies_length,selfies_len_tokens,128.7878787878788,diagnostic_residual,50,50,1.0,-933.5393135023494,-1655.9220555205923,-519.2753088282518,-977.7278504728667,-1463.8158434310458,-520.3226917356683,0.1
BertzCT,selfies_length,selfies_len_tokens,131.8181818181818,raw_property,50,50,1.0,2045.6672998975005,1246.9742799828127,2806.4099929985455,1103.475200443569,537.9562549357372,2156.1865019741185,0.9
BertzCT,selfies_length,selfies_len_tokens,131.8181818181818,diagnostic_residual,50,50,1.0,-1041.5894822258554,-1678.6645088701237,-327.52301003105924,-1116.8333026956145,-1605.5597599459068,-336.8855210222822,0.14
BertzCT,selfies_length,selfies_len_tokens,134.84848484848487,raw_property,50,50,1.0,2062.306537530491,1519.1099315053038,3037.258395267024,1359.8411465264949,695.342240531339,2272.980697934394,0.9
BertzCT,selfies_length,selfies_len_tokens,134.84848484848487,diagnostic_residual,50,50,1.0,-1023.0388393620203,-1437.9070809184657,-289.0935240920052,-1021.9334421835238,-1479.7907696597092,-471.2103632512038,0.14
BertzCT,selfies_length,selfies_len_tokens,137.87878787878788,raw_property,50,50,1.0,2302.74926022974,996.0639809191375,2879.9882665158557,1572.7922855212905,368.74140292492336,2118.623376435452,0.8
BertzCT,selfies_length,selfies_len_tokens,137.87878787878788,diagnostic_residual,50,50,1.0,-850.3227804136261,-1922.7298752369356,-262.6952811813178,-904.1979256446359,-1740.722634142995,-279.4958044150087,0.12
BertzCT,selfies_length,selfies_len_tokens,140.90909090909088,raw_property,50,50,1.0,2190.246252645481,1240.7076173100954,2693.695568238246,1429.8851816396987,521.401063692906,2132.4633302234965,0.86
BertzCT,selfies_length,selfies_len_tokens,140.90909090909088,diagnostic_residual,50,50,1.0,-980.1041926904246,-1615.0424747309787,-428.1550662417387,-973.6387593639432,-1577.170388090716,-472.23396644160755,0.12
BertzCT,selfies_length,selfies_len_tokens,143.93939393939394,raw_property,50,50,1.0,2086.5254570785355,1040.3875481965574,2872.948484959677,1294.651306041378,294.6600154304006,2183.188445740113,0.76
BertzCT,selfies_length,selfies_len_tokens,143.93939393939394,diagnostic_residual,50,50,1.0,-991.5353444537934,-1914.4726990745764,-272.1552545421837,-961.0263735389963,-1815.4227101696424,-292.7175014093467,0.16
BertzCT,selfies_length,selfies_len_tokens,146.96969696969694,raw_property,50,50,1.0,1983.4657686891856,1407.2693764342116,2806.6413043040634,1342.6280028552187,613.2905515588384,2304.0844888506285,0.82
BertzCT,selfies_length,selfies_len_tokens,146.96969696969694,diagnostic_residual,50,50,1.0,-1080.7126845018224,-1414.9668664483618,-392.6890490159138,-997.9151080821823,-1446.1915619712204,-396.29484750259036,0.18
BertzCT,selfies_length,selfies_len_tokens,150.0,raw_property,50,50,1.0,2021.3056287753125,1518.4337698658856,2547.001798353357,1310.2643211005798,534.1384801377676,1992.2980878152923,0.88
BertzCT,selfies_length,selfies_len_tokens,150.0,diagnostic_residual,50,50,1.0,-1109.6019635644702,-1302.0339587701828,-462.61352386333726,-1002.5776846613428,-1340.3278973438864,-596.3025104726789,0.14
FractionCSP3,raw_property,FractionCSP3,-150.0,raw_property,50,50,1.0,0.0,0.0,0.0588235294117647,-0.2742082478924584,-0.40353587588881706,-0.13337104072398187,0.88
FractionCSP3,raw_property,FractionCSP3,-150.0,diagnostic_residual,50,50,1.0,-0.5632686224253174,-0.728963542813284,-0.40610876406098007,-0.4948802735329255,-0.6496719425401922,-0.3848879313738352,0.98
FractionCSP3,raw_property,FractionCSP3,-146.96969696969697,raw_property,50,50,1.0,0.0,0.0,0.07554945054945053,-0.24038461538461536,-0.4020361990950226,-0.09734848484848484,0.88
FractionCSP3,raw_property,FractionCSP3,-146.96969696969697,diagnostic_residual,50,50,1.0,-0.4938383366421015,-0.6251706988448907,-0.3870489478675185,-0.4835612999521802,-0.5936658977732767,-0.3802201122954094,0.98
FractionCSP3,raw_property,FractionCSP3,-143.93939393939394,raw_property,50,50,1.0,0.0490430622009569,0.0,0.12723785166240403,-0.24038461538461536,-0.3988951558884424,-0.0849358974358974,0.84
FractionCSP3,raw_property,FractionCSP3,-143.93939393939394,diagnostic_residual,50,50,1.0,-0.454868945101808,-0.5669574435791231,-0.3760171002436687,-0.43491808027624573,-0.5475251681459175,-0.32684512691427153,0.98
FractionCSP3,raw_property,FractionCSP3,-140.9090909090909,raw_property,50,50,1.0,0.0588235294117647,0.0,0.10964912280701752,-0.23982905982905978,-0.39494047619047623,-0.10350877192982455,0.84
FractionCSP3,raw_property,FractionCSP3,-140.9090909090909,diagnostic_residual,50,50,1.0,-0.4342238901763742,-0.5483203823326227,-0.3600482066446201,-0.4174889835833185,-0.5320830203731142,-0.29414812994534234,0.96
FractionCSP3,raw_property,FractionCSP3,-137.87878787878788,raw_property,50,50,1.0,0.0645833333333333,0.0,0.1039473684210526,-0.2517482517482517,-0.3892156862745098,-0.07440476190476188,0.88
FractionCSP3,raw_property,FractionCSP3,-137.87878787878788,diagnostic_residual,50,50,1.0,-0.410600029767011,-0.5096925600326505,-0.33855506783283357,-0.39898697602138616,-0.4913696374602242,-0.2534779467252361,0.98
FractionCSP3,raw_property,FractionCSP3,-134.84848484848484,raw_property,50,50,1.0,0.060661764705882346,0.0,0.0909090909090909,-0.24395604395604398,-0.3892156862745098,-0.08749999999999998,0.84
FractionCSP3,raw_property,FractionCSP3,-134.84848484848484,diagnostic_residual,50,50,1.0,-0.40439335082179845,-0.496749452094015,-0.2789118840343242,-0.35682075668943236,-0.43896486189763906,-0.24643630047226775,0.98
FractionCSP3,raw_property,FractionCSP3,-131.8181818181818,raw_property,50,50,1.0,0.0625,0.0,0.1,-0.21428571428571425,-0.37571428571428567,-0.07196969696969698,0.78
FractionCSP3,raw_property,FractionCSP3,-131.8181818181818,diagnostic_residual,50,50,1.0,-0.369068404969184,-0.45245374313533115,-0.26436487210906584,-0.3108999644664916,-0.39159905176387744,-0.20255654915055632,0.94
FractionCSP3,raw_property,FractionCSP3,-128.78787878787878,raw_property,50,50,1.0,0.069047619047619,0.0,0.10833333333333334,-0.21825396825396826,-0.37630252100840333,-0.08061594202898548,0.78
FractionCSP3,raw_property,FractionCSP3,-128.78787878787878,diagnostic_residual,50,50,1.0,-0.3393169077652942,-0.4317992801059136,-0.2614772617944458,-0.299431526677375,-0.4000681533523661,-0.19280424589720652,0.94
FractionCSP3,raw_property,FractionCSP3,-125.75757575757576,raw_property,50,50,1.0,0.07179487179487175,0.0,0.13124999999999998,-0.22444444444444445,-0.3536931818181819,-0.05742753623188404,0.82
FractionCSP3,raw_property,FractionCSP3,-125.75757575757576,diagnostic_residual,50,50,1.0,-0.323070301387432,-0.4175464431043091,-0.23392413465063278,-0.243885527112861,-0.36800157070698736,-0.19114379589596148,0.96
FractionCSP3,raw_property,FractionCSP3,-122.72727272727272,raw_property,50,50,1.0,0.07846153846153844,0.0,0.15688259109311736,-0.19725693661177535,-0.334077380952381,-0.03782051282051288,0.82
FractionCSP3,raw_property,FractionCSP3,-122.72727272727272,diagnostic_residual,50,50,1.0,-0.3459180376486074,-0.40061968546560733,-0.218041726180207,-0.26142033760091543,-0.39562826852952226,-0.17262159470737898,0.94
FractionCSP3,raw_property,FractionCSP3,-119.69696969696967,raw_property,50,50,1.0,0.08166666666666665,0.01041666666666665,0.15288461538461534,-0.19028520499108736,-0.3333562271062271,-0.08061594202898548,0.88
FractionCSP3,raw_property,FractionCSP3,-119.69696969696967,diagnostic_residual,50,50,1.0,-0.28873562932139474,-0.39969855993971903,-0.20568838136418657,-0.24060376191299518,-0.33406890226802,-0.1744101211091362,0.98
FractionCSP3,raw_property,FractionCSP3,-116.66666666666666,raw_property,50,50,1.0,0.08514492753623185,0.0454545454545454,0.13352272727272724,-0.1857142857142857,-0.3293269230769231,-0.081359649122807,0.84
FractionCSP3,raw_property,FractionCSP3,-116.66666666666666,diagnostic_residual,50,50,1.0,-0.2777991638504853,-0.39778158726779833,-0.1716607284376281,-0.2400589992031347,-0.3192608248534402,-0.15910908791389808,0.94
FractionCSP3,raw_property,FractionCSP3,-113.63636363636364,raw_property,50,50,1.0,0.0909090909090909,0.0482142857142857,0.14123376623376616,-0.2054334554334554,-0.34008928571428565,-0.06392543859649127,0.84
FractionCSP3,raw_property,FractionCSP3,-113.63636363636364,diagnostic_residual,50,50,1.0,-0.26389843844059446,-0.3968219190814053,-0.18368596191167655,-0.22230999513106,-0.32139354636351375,-0.142833379146534,0.98
FractionCSP3,raw_property,FractionCSP3,-110.6060606060606,raw_property,50,50,1.0,0.09307359307359306,0.0526315789473684,0.1363636363636363,-0.19352869352869356,-0.3369425863991081,-0.08083443903877341,0.84
FractionCSP3,raw_property,FractionCSP3,-110.6060606060606,diagnostic_residual,50,50,1.0,-0.2505745002187953,-0.3506598967729327,-0.19959372421431518,-0.2164588397055787,-0.3416178009100133,-0.14037756888256647,0.94
FractionCSP3,raw_property,FractionCSP3,-107.57575757575758,raw_property,50,50,1.0,0.10172413793103445,0.053362573099415174,0.15688259109311736,-0.2,-0.3146739130434783,-0.07916666666666668,0.84
FractionCSP3,raw_property,FractionCSP3,-107.57575757575758,diagnostic_residual,50,50,1.0,-0.24941067635120906,-0.3422297203337802,-0.1764292389294303,-0.19525247762206324,-0.3161684681775302,-0.09641403587375727,0.96
FractionCSP3,raw_property,FractionCSP3,-104.54545454545456,raw_property,50,50,1.0,0.08893280632411066,0.05220588235294118,0.1363636363636363,-0.2071428571428571,-0.29513574660633485,-0.0739583333333333,0.88
FractionCSP3,raw_property,FractionCSP3,-104.54545454545456,diagnostic_residual,50,50,1.0,-0.2593643643856489,-0.3400380855552734,-0.15335637129518154,-0.20186478721489703,-0.3305199800520389,-0.07512071397728226,0.94
FractionCSP3,raw_property,FractionCSP3,-101.51515151515152,raw_property,50,50,1.0,0.08893280632411066,0.059742647058823525,0.125,-0.22063492063492066,-0.33798831317423994,-0.081359649122807,0.86
FractionCSP3,raw_property,FractionCSP3,-101.51515151515152,diagnostic_residual,50,50,1.0,-0.24297804676958396,-0.3051273909085415,-0.18729233174671897,-0.20685472951376072,-0.3007549423897553,-0.10162487977475784,0.94
FractionCSP3,raw_property,FractionCSP3,-98.48484848484848,raw_property,50,50,1.0,0.09307359307359306,0.0488721804511278,0.139751552795031,-0.20384615384615387,-0.35231271995977875,-0.08173076923076922,0.84
FractionCSP3,raw_property,FractionCSP3,-98.48484848484848,diagnostic_residual,50,50,1.0,-0.22364887923742585,-0.2799988688223885,-0.17585820555580764,-0.18563891004753463,-0.27957502985178473,-0.09308011997457664,0.9
FractionCSP3,raw_property,FractionCSP3,-95.45454545454544,raw_property,50,50,1.0,0.1052631578947368,0.060784313725490174,0.15846153846153846,-0.197480881691408,-0.3420868347338935,-0.08522727272727271,0.86
FractionCSP3,raw_property,FractionCSP3,-95.45454545454544,diagnostic_residual,50,50,1.0,-0.2154025636514647,-0.26886439038252824,-0.14386935278431656,-0.1516061170595451,-0.29366467524890905,-0.0662576652071581,0.84
FractionCSP3,raw_property,FractionCSP3,-92.42424242424242,raw_property,50,50,1.0,0.1114551083591331,0.0678571428571428,0.1666666666666666,-0.2116951566951567,-0.30799425033171157,-0.0833333333333333,0.84
FractionCSP3,raw_property,FractionCSP3,-92.42424242424242,diagnostic_residual,50,50,1.0,-0.19073592378904491,-0.2705249675295895,-0.13763898472955804,-0.16649831411073757,-0.24994754343609127,-0.07622863256620188,0.82
FractionCSP3,raw_property,FractionCSP3,-89.39393939393939,raw_property,50,50,1.0,0.1,0.0678571428571428,0.1541353383458646,-0.17541478129713425,-0.32989130434782615,-0.0888187899057464,0.88
FractionCSP3,raw_property,FractionCSP3,-89.39393939393939,diagnostic_residual,50,50,1.0,-0.2120498247752409,-0.2643554887611031,-0.15381674196459644,-0.14561288499495395,-0.26051258910415154,-0.07126559889906658,0.86
FractionCSP3,raw_property,FractionCSP3,-86.36363636363637,raw_property,50,50,1.0,0.11437908496732024,0.07280219780219777,0.16447368421052624,-0.1729020979020979,-0.31401196842373313,-0.07797619047619048,0.88
FractionCSP3,raw_property,FractionCSP3,-86.36363636363637,diagnostic_residual,50,50,1.0,-0.19536046005600685,-0.2599935983145461,-0.14426111981402073,-0.15031837560489272,-0.2413269767353181,-0.05933174402598343,0.84
FractionCSP3,raw_property,FractionCSP3,-83.33333333333333,raw_property,50,50,1.0,0.1132478632478632,0.0714285714285714,0.1666666666666666,-0.17634615384615385,-0.29318181818181815,-0.0833333333333333,0.86
FractionCSP3,raw_property,FractionCSP3,-83.33333333333333,diagnostic_residual,50,50,1.0,-0.1944246738407177,-0.27056860188165294,-0.143913154802268,-0.18134164347290604,-0.23494949029488799,-0.05139261575839956,0.84
FractionCSP3,raw_property,FractionCSP3,-80.3030303030303,raw_property,50,50,1.0,0.1052631578947368,0.0666666666666666,0.1666666666666666,-0.18114774114774115,-0.326923076923077,-0.08141025641025636,0.9
FractionCSP3,raw_property,FractionCSP3,-80.3030303030303,diagnostic_residual,50,50,1.0,-0.2019458482780051,-0.27807029886668855,-0.13125816046294247,-0.1538114858182919,-0.2428520210891812,-0.043801569250805604,0.9
FractionCSP3,raw_property,FractionCSP3,-77.27272727272728,raw_property,50,50,1.0,0.12132352941176469,0.0769230769230769,0.1666666666666666,-0.18963675213675216,-0.32573051948051945,-0.0444711538461538,0.84
FractionCSP3,raw_property,FractionCSP3,-77.27272727272728,diagnostic_residual,50,50,1.0,-0.18391532775527605,-0.2402590890597495,-0.1427988754766807,-0.13497085712276558,-0.2619895774532659,-0.027722951076948818,0.86
FractionCSP3,raw_property,FractionCSP3,-74.24242424242425,raw_property,50,50,1.0,0.11651583710407235,0.0666666666666666,0.1666666666666666,-0.1771978021978022,-0.3632352941176471,-0.04542920847268673,0.82
FractionCSP3,raw_property,FractionCSP3,-74.24242424242425,diagnostic_residual,50,50,1.0,-0.19468604998810365,-0.2667768264696946,-0.15331579659069777,-0.13992855387938047,-0.2677072126256721,-0.046755571605636356,0.86
FractionCSP3,raw_property,FractionCSP3,-71.21212121212122,raw_property,50,50,1.0,0.100250626566416,0.0550986842105263,0.1666666666666666,-0.20343137254901958,-0.3284090909090909,-0.042396255060728784,0.82
FractionCSP3,raw_property,FractionCSP3,-71.21212121212122,diagnostic_residual,50,50,1.0,-0.21416072690093912,-0.25644530857244274,-0.14487552839191759,-0.16228204228916884,-0.25201920714130954,-0.056755120446373666,0.88
FractionCSP3,raw_property,FractionCSP3,-68.18181818181819,raw_property,50,50,1.0,0.11929824561403504,0.06354166666666665,0.1739130434782608,-0.1920995670995671,-0.28132943143812716,-0.06530830280830274,0.86
FractionCSP3,raw_property,FractionCSP3,-68.18181818181819,diagnostic_residual,50,50,1.0,-0.1998607152584308,-0.24275802957101156,-0.15325559291757535,-0.12862291197799636,-0.24750227763885146,-0.0578770082180749,0.88
FractionCSP3,raw_property,FractionCSP3,-65.15151515151516,raw_property,50,50,1.0,0.12771739130434778,0.0769230769230769,0.16447368421052624,-0.17131410256410257,-0.3106935398697413,-0.039423076923076984,0.82
FractionCSP3,raw_property,FractionCSP3,-65.15151515151516,diagnostic_residual,50,50,1.0,-0.1892191296407483,-0.2461392165107955,-0.13981418656344144,-0.14921748987385353,-0.27358378854430226,-0.016723733584947685,0.82
FractionCSP3,raw_property,FractionCSP3,-62.121212121212125,raw_property,50,50,1.0,0.125,0.07280219780219777,0.18607954545454544,-0.17131410256410257,-0.30000000000000004,-0.05797511312217196,0.82
FractionCSP3,raw_property,FractionCSP3,-62.121212121212125,diagnostic_residual,50,50,1.0,-0.18975530763568926,-0.26010229890498393,-0.13141861841474337,-0.12936130883913555,-0.24338710018245527,-0.021107274582552252,0.86
FractionCSP3,raw_property,FractionCSP3,-59.09090909090909,raw_property,50,50,1.0,0.12771739130434778,0.07478632478632473,0.18607954545454544,-0.12959299959299958,-0.29023148148148153,-0.03664799253034551,0.84
FractionCSP3,raw_property,FractionCSP3,-59.09090909090909,diagnostic_residual,50,50,1.0,-0.18224732797348625,-0.23409358206218148,-0.11972568952443133,-0.12111139698354145,-0.24825427849549492,-0.028713023207656715,0.8
FractionCSP3,raw_property,FractionCSP3,-56.06060606060606,raw_property,50,50,1.0,0.11555555555555555,0.0625,0.1875,-0.1595238095238095,-0.30220588235294116,-0.05889423076923078,0.86
FractionCSP3,raw_property,FractionCSP3,-56.06060606060606,diagnostic_residual,50,50,1.0,-0.170335289345773,-0.250925572310054,-0.11775658418417728,-0.117516114638063,-0.23819256105663186,-0.029167495354265334,0.82
FractionCSP3,raw_property,FractionCSP3,-53.03030303030303,raw_property,50,50,1.0,0.1333333333333333,0.08749999999999998,0.19110576923076922,-0.1523809523809524,-0.29648148148148146,-0.04396853146853151,0.84
FractionCSP3,raw_property,FractionCSP3,-53.03030303030303,diagnostic_residual,50,50,1.0,-0.1714788752274075,-0.25101667011499323,-0.11517403379842142,-0.12325018595894568,-0.26321726607376683,-0.03088563433996045,0.84
FractionCSP3,raw_property,FractionCSP3,-50.0,raw_property,50,50,1.0,0.13339920948616596,0.08423913043478258,0.2,-0.12976190476190474,-0.3018181818181819,-0.014635854341736611,0.78
FractionCSP3,raw_property,FractionCSP3,-50.0,diagnostic_residual,50,50,1.0,-0.1631015315483177,-0.2300713142786051,-0.11527265057318328,-0.11012404243302973,-0.24525218691345138,-0.02832103486126696,0.82
FractionCSP3,raw_property,FractionCSP3,-46.96969696969697,raw_property,50,50,1.0,0.1633333333333333,0.1013157894736842,0.2202380952380952,-0.12000442086648985,-0.30285714285714294,-0.0253267973856209,0.82
FractionCSP3,raw_property,FractionCSP3,-46.96969696969697,diagnostic_residual,50,50,1.0,-0.14284783529705306,-0.2267968429425983,-0.08597180273878302,-0.07689309277880961,-0.22949742138319723,-0.029738315674291287,0.82
FractionCSP3,raw_property,FractionCSP3,-43.93939393939394,raw_property,50,50,1.0,0.18614718614718612,0.1176470588235294,0.2475,-0.09908963585434175,-0.22440476190476194,-0.002923976608187155,0.74
FractionCSP3,raw_property,FractionCSP3,-43.93939393939394,diagnostic_residual,50,50,1.0,-0.12568713804456225,-0.2177621179412271,-0.070571415467894,-0.06992308008984338,-0.18435541568024172,-0.02407968471494519,0.84
FractionCSP3,raw_property,FractionCSP3,-40.90909090909091,raw_property,50,50,1.0,0.1818181818181818,0.1446428571428571,0.23269230769230764,-0.06994047619047622,-0.22121212121212122,-0.002450980392156875,0.74
FractionCSP3,raw_property,FractionCSP3,-40.90909090909091,diagnostic_residual,50,50,1.0,-0.12098322973600875,-0.21547130249375265,-0.0618835436752187,-0.0715784278733946,-0.1857772736924611,-0.007613001120353374,0.82
FractionCSP3,raw_property,FractionCSP3,-37.87878787878788,raw_property,50,50,1.0,0.1923076923076923,0.1294642857142857,0.25,-0.07620200576856925,-0.21057692307692305,0.003759398496240596,0.7
FractionCSP3,raw_property,FractionCSP3,-37.87878787878788,diagnostic_residual,50,50,1.0,-0.1314674256843271,-0.21501877088016563,-0.049364723614102324,-0.0735886091270749,-0.15385859099062524,0.008899120558815476,0.74
FractionCSP3,raw_property,FractionCSP3,-34.848484848484844,raw_property,50,50,1.0,0.20526315789473681,0.12225274725274717,0.25,-0.07976588628762549,-0.2215909090909091,0.0,0.72
FractionCSP3,raw_property,FractionCSP3,-34.848484848484844,diagnostic_residual,50,50,1.0,-0.1285109212334126,-0.21390952701137542,-0.050853347841279824,-0.07332225280052779,-0.1411144538394898,0.011010495574632961,0.7
FractionCSP3,raw_property,FractionCSP3,-31.818181818181813,raw_property,50,50,1.0,0.2198067632850241,0.125,0.32999999999999996,-0.08403939056112975,-0.12371541501976288,0.0,0.66
FractionCSP3,raw_property,FractionCSP3,-31.818181818181813,diagnostic_residual,50,50,1.0,-0.10680070455070495,-0.21097990687702992,-0.0057440597956457,-0.049261376243913864,-0.10236982928486343,0.013860767221366942,0.66
FractionCSP3,raw_property,FractionCSP3,-28.787878787878785,raw_property,50,50,1.0,0.24038461538461536,0.14957264957264954,0.3458333333333333,-0.025324675324675305,-0.09011164274322167,0.0,0.58
FractionCSP3,raw_property,FractionCSP3,-28.787878787878785,diagnostic_residual,50,50,1.0,-0.08384263664669911,-0.18771937716764675,-0.0008263829727062503,-0.015922085772619318,-0.0733083358830467,5.0306980803327406e-17,0.66
FractionCSP3,raw_property,FractionCSP3,-25.757575757575765,raw_property,50,50,1.0,0.2307692307692307,0.1666666666666666,0.35220588235294115,-0.00490196078431375,-0.07986542443064176,0.0,0.5
FractionCSP3,raw_property,FractionCSP3,-25.757575757575765,diagnostic_residual,50,50,1.0,-0.08072614824804335,-0.17669108654370502,-0.011222401261676826,-4.787836793695988e-16,-0.08487531364208559,5.551115123125783e-17,0.6
FractionCSP3,raw_property,FractionCSP3,-22.727272727272734,raw_property,50,50,1.0,0.2792207792207792,0.1666666666666666,0.4266917293233082,0.0,-0.016087344028520537,0.0,0.3
FractionCSP3,raw_property,FractionCSP3,-22.727272727272734,diagnostic_residual,50,50,1.0,-0.0654931660912454,-0.16244581950131565,0.030058790974707678,0.0,-0.00973290267058716,1.5959455978986625e-16,0.48
FractionCSP3,raw_property,FractionCSP3,-19.69696969696969,raw_property,50,50,1.0,0.2928571428571428,0.18042986425339363,0.4210526315789473,0.0,0.0,0.0,0.12
FractionCSP3,raw_property,FractionCSP3,-19.69696969696969,diagnostic_residual,50,50,1.0,-0.054179490688248746,-0.1252440277631068,0.033927253459478925,0.0,-3.0878077872387166e-16,1.3530843112619095e-16,0.44
FractionCSP3,raw_property,FractionCSP3,-16.666666666666657,raw_property,50,50,1.0,0.2928571428571428,0.18042986425339363,0.4210526315789473,0.0,0.0,0.0,0.08
FractionCSP3,raw_property,FractionCSP3,-16.666666666666657,diagnostic_residual,50,50,1.0,-0.0637137460154379,-0.15661531360622424,0.0412436712859033,0.0,-2.1510571102112408e-16,1.214306433183765e-16,0.44
FractionCSP3,raw_property,FractionCSP3,-13.636363636363626,raw_property,50,50,1.0,0.2928571428571428,0.18042986425339363,0.45,0.0,0.0,0.0,0.02
FractionCSP3,raw_property,FractionCSP3,-13.636363636363626,diagnostic_residual,50,50,1.0,-0.054179490688248746,-0.1264509581402628,0.0556736804439256,0.0,-2.1510571102112408e-16,1.214306433183765e-16,0.44
FractionCSP3,raw_property,FractionCSP3,-10.606060606060597,raw_property,50,50,1.0,0.2857142857142857,0.18042986425339363,0.45,0.0,0.0,0.0,0.02
FractionCSP3,raw_property,FractionCSP3,-10.606060606060597,diagnostic_residual,50,50,1.0,-0.0637137460154379,-0.1264509581402628,0.0556736804439256,0.0,-1.8127860323957634e-16,1.214306433183765e-16,0.44
FractionCSP3,raw_property,FractionCSP3,-7.575757575757564,raw_property,50,50,1.0,0.2857142857142857,0.18042986425339363,0.45,0.0,0.0,0.0,0.02
FractionCSP3,raw_property,FractionCSP3,-7.575757575757564,diagnostic_residual,50,50,1.0,-0.0637137460154379,-0.15661531360622424,0.0556736804439256,0.0,-1.8127860323957634e-16,1.214306433183765e-16,0.44
FractionCSP3,raw_property,FractionCSP3,-4.545454545454561,raw_property,50,50,1.0,0.2857142857142857,0.18042986425339363,0.45,0.0,0.0,0.0,0.02
FractionCSP3,raw_property,FractionCSP3,-4.545454545454561,diagnostic_residual,50,50,1.0,-0.0637137460154379,-0.15661531360622424,0.0556736804439256,0.0,-1.8127860323957634e-16,1.214306433183765e-16,0.44
FractionCSP3,raw_property,FractionCSP3,-1.5151515151515298,raw_property,50,50,1.0,0.2857142857142857,0.18042986425339363,0.4534090909090909,0.0,0.0,0.0,0.0
FractionCSP3,raw_property,FractionCSP3,-1.5151515151515298,diagnostic_residual,50,50,1.0,-0.0637137460154379,-0.15661531360622424,0.0556736804439256,2.7755575615628914e-17,-1.4224732503009818e-16,1.3877787807814457e-16,0.4
FractionCSP3,raw_property,FractionCSP3,1.5151515151515014,raw_property,50,50,1.0,0.2857142857142857,0.18042986425339363,0.4534090909090909,0.0,0.0,0.0,0.04
FractionCSP3,raw_property,FractionCSP3,1.5151515151515014,diagnostic_residual,50,50,1.0,-0.0637137460154379,-0.1501049202818826,0.0556736804439256,2.7755575615628914e-17,-1.4224732503009818e-16,1.3877787807814457e-16,0.52
FractionCSP3,raw_property,FractionCSP3,4.5454545454545325,raw_property,50,50,1.0,0.2857142857142857,0.18042986425339363,0.4534090909090909,0.0,0.0,0.0,0.06
FractionCSP3,raw_property,FractionCSP3,4.5454545454545325,diagnostic_residual,50,50,1.0,-0.0637137460154379,-0.1501049202818826,0.0556736804439256,2.7755575615628914e-17,-1.4224732503009818e-16,1.5959455978986625e-16,0.52
FractionCSP3,raw_property,FractionCSP3,7.575757575757564,raw_property,50,50,1.0,0.2857142857142857,0.18042986425339363,0.4534090909090909,0.0,0.0,0.0,0.06
FractionCSP3,raw_property,FractionCSP3,7.575757575757564,diagnostic_residual,50,50,1.0,-0.0637137460154379,-0.1501049202818826,0.0556736804439256,2.7755575615628914e-17,-1.4224732503009818e-16,1.5959455978986625e-16,0.52
FractionCSP3,raw_property,FractionCSP3,10.606060606060597,raw_property,50,50,1.0,0.2857142857142857,0.18042986425339363,0.4534090909090909,0.0,0.0,0.0,0.06
FractionCSP3,raw_property,FractionCSP3,10.606060606060597,diagnostic_residual,50,50,1.0,-0.0637137460154379,-0.15661531360622424,0.0556736804439256,1.3877787807814457e-17,-1.8127860323957634e-16,1.3877787807814457e-16,0.5
FractionCSP3,raw_property,FractionCSP3,13.636363636363626,raw_property,50,50,1.0,0.3038461538461539,0.18235294117647058,0.4545454545454545,0.0,0.0,0.0,0.14
FractionCSP3,raw_property,FractionCSP3,13.636363636363626,diagnostic_residual,50,50,1.0,-0.054179490688248746,-0.1264509581402628,0.0556736804439256,2.7755575615628914e-17,-1.8127860323957634e-16,2.2898349882893854e-16,0.52
FractionCSP3,raw_property,FractionCSP3,16.666666666666657,raw_property,50,50,1.0,0.3038461538461539,0.18235294117647058,0.45979020979020974,0.0,0.0,0.0,0.22
FractionCSP3,raw_property,FractionCSP3,16.666666666666657,diagnostic_residual,50,50,1.0,-0.054179490688248746,-0.1252440277631068,0.0556736804439256,3.8163916471489756e-17,-1.8127860323957634e-16,3.365363543395006e-16,0.56
FractionCSP3,raw_property,FractionCSP3,19.69696969696969,raw_property,50,50,1.0,0.3138461538461539,0.2,0.494047619047619,0.0,0.0,0.05727554179566564,0.4
FractionCSP3,raw_property,FractionCSP3,19.69696969696969,diagnostic_residual,50,50,1.0,-0.054725218026307546,-0.1252440277631068,0.08720053271689462,1.3877787807814457e-16,-8.955509944730267e-17,0.04649036221344921,0.64
FractionCSP3,raw_property,FractionCSP3,22.72727272727272,raw_property,50,50,1.0,0.3416666666666667,0.23260073260073252,0.5,0.039230769230769263,0.0,0.10299145299145299,0.58
FractionCSP3,raw_property,FractionCSP3,22.72727272727272,diagnostic_residual,50,50,1.0,-0.01749622648711945,-0.1188251658508037,0.09965967847432297,0.01906526690351432,0.0,0.09185801281192801,0.72
FractionCSP3,raw_property,FractionCSP3,25.75757575757575,raw_property,50,50,1.0,0.4258823529411765,0.25416666666666665,0.5714285714285714,0.07846153846153844,0.027941176470588268,0.1802318295739348,0.76
FractionCSP3,raw_property,FractionCSP3,25.75757575757575,diagnostic_residual,50,50,1.0,0.08462160511618094,-0.07763599294942512,0.23828358827039436,0.07351054896081868,0.000612489973664674,0.16397165651235568,0.82
FractionCSP3,raw_property,FractionCSP3,28.787878787878785,raw_property,50,50,1.0,0.5,0.37740384615384615,0.6443850267379679,0.17783216783216788,0.07844155844155842,0.2829131652661065,0.9
FractionCSP3,raw_property,FractionCSP3,28.787878787878785,diagnostic_residual,50,50,1.0,0.13213166954586106,-0.00045389435868897505,0.24819702109721323,0.1406535736340999,0.06547933325030354,0.25597786413317936,0.94
FractionCSP3,raw_property,FractionCSP3,31.818181818181813,raw_property,50,50,1.0,0.5916666666666667,0.4638009049773755,0.6818181818181818,0.2576086956521739,0.16485805860805863,0.33779761904761907,0.96
FractionCSP3,raw_property,FractionCSP3,31.818181818181813,diagnostic_residual,50,50,1.0,0.17474789703569682,0.08677926817816017,0.3004303694313595,0.22006395417377667,0.1276475200506483,0.28156124112694825,0.94
FractionCSP3,raw_property,FractionCSP3,34.848484848484844,raw_property,50,50,1.0,0.6172161172161172,0.5059523809523809,0.7107142857142857,0.30119047619047623,0.20390175042348954,0.3812500000000001,0.98
FractionCSP3,raw_property,FractionCSP3,34.848484848484844,diagnostic_residual,50,50,1.0,0.19787151491948146,0.08173821769484076,0.31554655055002717,0.2323948067654063,0.12828567489984882,0.3252851761097486,0.94
FractionCSP3,raw_property,FractionCSP3,37.87878787878788,raw_property,50,50,1.0,0.6568627450980392,0.55,0.7756410256410257,0.35,0.22211538461538458,0.3992396492396492,1.0
FractionCSP3,raw_property,FractionCSP3,37.87878787878788,diagnostic_residual,50,50,1.0,0.20552099765879123,0.11143003136333512,0.33397100608295277,0.2476329288980235,0.15587322334195453,0.3256073350640064,0.98
FractionCSP3,raw_property,FractionCSP3,40.90909090909091,raw_property,50,50,1.0,0.6899313501144164,0.5767195767195767,0.7857142857142857,0.37957875457875456,0.2588578088578088,0.4690126050420168,1.0
FractionCSP3,raw_property,FractionCSP3,40.90909090909091,diagnostic_residual,50,50,1.0,0.230012863297164,0.130766736530895,0.31141052943614533,0.2614107894950237,0.14683879063319638,0.36194808904771036,0.96
FractionCSP3,raw_property,FractionCSP3,43.93939393939394,raw_property,50,50,1.0,0.721111111111111,0.6363636363636364,0.8308823529411765,0.4295634920634921,0.3336940836940837,0.4991830065359477,1.0
FractionCSP3,raw_property,FractionCSP3,43.93939393939394,diagnostic_residual,50,50,1.0,0.263309474481684,0.18177094893797013,0.33451084566341516,0.29217269620358594,0.2070230313190132,0.3785332178597824,0.96
FractionCSP3,raw_property,FractionCSP3,46.96969696969697,raw_property,50,50,1.0,0.7350877192982456,0.6261574074074074,0.875,0.4289529914529915,0.350412087912088,0.5351190476190477,1.0
FractionCSP3,raw_property,FractionCSP3,46.96969696969697,diagnostic_residual,50,50,1.0,0.2676721238360967,0.16264281083098253,0.34973015909389976,0.2803771454622087,0.21065984236244079,0.38935159762251936,0.96
FractionCSP3,raw_property,FractionCSP3,50.0,raw_property,50,50,1.0,0.7928571428571429,0.6887019230769231,0.8543956043956044,0.45375457875457875,0.37669779022720196,0.5532142857142857,1.0
FractionCSP3,raw_property,FractionCSP3,50.0,diagnostic_residual,50,50,1.0,0.26245705596557195,0.15889203633944407,0.34354334947548926,0.290860882088322,0.17489551224402283,0.3721521186274853,0.96
FractionCSP3,raw_property,FractionCSP3,53.03030303030303,raw_property,50,50,1.0,0.8110119047619048,0.735576923076923,0.873641304347826,0.5024038461538461,0.40701146679407557,0.5727005347593583,1.0
FractionCSP3,raw_property,FractionCSP3,53.03030303030303,diagnostic_residual,50,50,1.0,0.2516136866405511,0.15168068508243096,0.344401277785689,0.29869706253940087,0.18161246304845013,0.3982490884459906,0.94
FractionCSP3,raw_property,FractionCSP3,56.06060606060606,raw_property,50,50,1.0,0.8333333333333334,0.75,0.9261904761904761,0.5264568764568764,0.42765567765567764,0.6284461152882206,0.98
FractionCSP3,raw_property,FractionCSP3,56.06060606060606,diagnostic_residual,50,50,1.0,0.25238076234854323,0.16002793488050007,0.34183469825783025,0.30289331237764583,0.16576772803278808,0.4411619199306195,0.94
FractionCSP3,raw_property,FractionCSP3,59.09090909090909,raw_property,50,50,1.0,0.8603896103896104,0.8102678571428572,0.9560276679841897,0.5782608695652174,0.4586038961038962,0.6675456896045131,1.0
FractionCSP3,raw_property,FractionCSP3,59.09090909090909,diagnostic_residual,50,50,1.0,0.2676091502485388,0.1883726642857663,0.3499952402277702,0.3142880289868698,0.1437707968041537,0.45801375466536826,0.94
FractionCSP3,raw_property,FractionCSP3,62.121212121212125,raw_property,50,50,1.0,0.9107142857142857,0.8102678571428572,0.9545454545454546,0.5839727195225917,0.4965909090909091,0.6790654997176737,1.0
FractionCSP3,raw_property,FractionCSP3,62.121212121212125,diagnostic_residual,50,50,1.0,0.2546174921859808,0.1863783360767463,0.32920468670235525,0.30558645128268647,0.16762458676276326,0.4273415701927328,0.94
FractionCSP3,raw_property,FractionCSP3,65.15151515151516,raw_property,50,50,1.0,0.9023809523809524,0.8517857142857143,0.9573863636363636,0.5864812271062272,0.49309440559440565,0.7,1.0
FractionCSP3,raw_property,FractionCSP3,65.15151515151516,diagnostic_residual,50,50,1.0,0.2481523232974602,0.16027760004477604,0.3229186726789607,0.2972592565208628,0.16186163637706813,0.41836117819290347,0.92
FractionCSP3,raw_property,FractionCSP3,68.18181818181819,raw_property,50,50,1.0,0.9220647773279352,0.8709239130434783,0.9523809523809524,0.6069002006933041,0.48568903318903334,0.7262237762237762,1.0
FractionCSP3,raw_property,FractionCSP3,68.18181818181819,diagnostic_residual,50,50,1.0,0.23377496706325565,0.15563337573305225,0.29905786842827037,0.2665506945284921,0.12715440424728813,0.4036479009695968,0.92
FractionCSP3,raw_property,FractionCSP3,71.21212121212122,raw_property,50,50,1.0,0.9166666666666667,0.8595238095238095,1.0,0.6215201465201465,0.4941468253968254,0.7309253246753247,1.0
FractionCSP3,raw_property,FractionCSP3,71.21212121212122,diagnostic_residual,50,50,1.0,0.21840278953699815,0.12948752193620053,0.28097201874453065,0.24068047556158687,0.08225641169967421,0.3930744407401272,0.86
FractionCSP3,raw_property,FractionCSP3,74.24242424242425,raw_property,50,50,1.0,0.9473684210526316,0.8926031294452347,1.0,0.6284325889164599,0.5239285714285715,0.7309253246753247,1.0
FractionCSP3,raw_property,FractionCSP3,74.24242424242425,diagnostic_residual,50,50,1.0,0.23288800866693565,0.141552532296626,0.26798401691290863,0.22502411241583758,0.10338255212783846,0.3930744407401272,0.88
FractionCSP3,raw_property,FractionCSP3,77.27272727272728,raw_property,50,50,1.0,0.9473684210526316,0.9,1.0,0.637948717948718,0.5246153846153847,0.7479166666666667,1.0
FractionCSP3,raw_property,FractionCSP3,77.27272727272728,diagnostic_residual,50,50,1.0,0.19881421561535645,0.11138078971840096,0.25039880290284594,0.22841923267466158,0.08775934995000703,0.3590897554498074,0.9
FractionCSP3,raw_property,FractionCSP3,80.30303030303031,raw_property,50,50,1.0,0.949874686716792,0.9277777777777778,1.0,0.6848739495798319,0.5246153846153847,0.7683862433862434,1.0
FractionCSP3,raw_property,FractionCSP3,80.30303030303031,diagnostic_residual,50,50,1.0,0.18459250554997597,0.08579703854138648,0.2480779141034535,0.21267422950213913,0.08142671355077688,0.3650134363204075,0.88
FractionCSP3,raw_property,FractionCSP3,83.33333333333334,raw_property,50,50,1.0,0.9582608695652174,0.9291871921182266,1.0,0.6573015873015873,0.5244537815126051,0.7667378917378918,1.0
FractionCSP3,raw_property,FractionCSP3,83.33333333333334,diagnostic_residual,50,50,1.0,0.1636644543276214,0.07943355962478402,0.24309018738668142,0.1702086538012077,0.05828548366772102,0.3719337922353815,0.86
FractionCSP3,raw_property,FractionCSP3,86.36363636363637,raw_property,50,50,1.0,0.9636243386243386,0.9375,1.0,0.6715261862320685,0.5379767291531998,0.7569444444444445,1.0
FractionCSP3,raw_property,FractionCSP3,86.36363636363637,diagnostic_residual,50,50,1.0,0.15557341309792988,0.07053845252097425,0.22019320287254232,0.1634198796127937,0.053059900734181674,0.37481012028281535,0.86
FractionCSP3,raw_property,FractionCSP3,89.3939393939394,raw_property,50,50,1.0,0.9655172413793104,0.9297619047619048,1.0,0.6772030651340997,0.5384615384615385,0.7898148148148149,1.0
FractionCSP3,raw_property,FractionCSP3,89.3939393939394,diagnostic_residual,50,50,1.0,0.1513164230582238,0.07637813244101885,0.2233855411986141,0.16364377735556024,0.05586306306522966,0.34861206053609234,0.84
FractionCSP3,raw_property,FractionCSP3,92.42424242424244,raw_property,50,50,1.0,0.9666666666666668,0.9451754385964912,1.0,0.6823734236777717,0.5239285714285715,0.7951754385964913,1.0
FractionCSP3,raw_property,FractionCSP3,92.42424242424244,diagnostic_residual,50,50,1.0,0.1206518200771071,0.0645547510639814,0.1944957596517637,0.1561071848428786,0.04212841365338936,0.322958945965414,0.8
FractionCSP3,raw_property,FractionCSP3,95.45454545454544,raw_property,50,50,1.0,0.9699820788530467,0.9356617647058825,1.0,0.6573015873015873,0.5204511278195489,0.7987179487179488,1.0
FractionCSP3,raw_property,FractionCSP3,95.45454545454544,diagnostic_residual,50,50,1.0,0.11724317002795376,0.02563282133349935,0.17999720281091,0.1371456258048982,-0.00702822224067069,0.3073454172537555,0.74
FractionCSP3,raw_property,FractionCSP3,98.48484848484848,raw_property,50,50,1.0,0.9666666666666668,0.9432539682539682,1.0,0.6832792207792209,0.5212233285917497,0.7974637681159421,1.0
FractionCSP3,raw_property,FractionCSP3,98.48484848484848,diagnostic_residual,50,50,1.0,0.08728234433042155,-0.010303458000951924,0.14681784205695708,0.1156202608961743,-0.027797978818956473,0.29409381686216535,0.7
FractionCSP3,raw_property,FractionCSP3,101.5151515151515,raw_property,50,50,1.0,0.9672043010752689,0.9392361111111112,1.0,0.6832792207792209,0.5220201238390092,0.7888198757763976,1.0
FractionCSP3,raw_property,FractionCSP3,101.5151515151515,diagnostic_residual,50,50,1.0,0.06307924040191584,-0.023292459639826874,0.13499279160518932,0.1156202608961743,-0.030300614969445312,0.24410478131418717,0.68
FractionCSP3,raw_property,FractionCSP3,104.54545454545452,raw_property,50,50,1.0,0.9692234848484849,0.9451754385964912,1.0,0.6721153846153847,0.5244360902255639,0.7798913043478262,1.0
FractionCSP3,raw_property,FractionCSP3,104.54545454545452,diagnostic_residual,50,50,1.0,0.033742996142899696,-0.03766829689605958,0.1357054663530792,0.06369844614119095,-0.07509116723275037,0.21038309791152396,0.6
FractionCSP3,raw_property,FractionCSP3,107.57575757575756,raw_property,50,50,1.0,0.9641025641025642,0.9291871921182266,1.0,0.6568627450980392,0.5208479532163743,0.7857142857142858,1.0
FractionCSP3,raw_property,FractionCSP3,107.57575757575756,diagnostic_residual,50,50,1.0,0.0186395483656921,-0.0640937366103304,0.0979784595069736,0.04468524418559352,-0.08924618405140042,0.186723397549033,0.54
FractionCSP3,raw_property,FractionCSP3,110.60606060606062,raw_property,50,50,1.0,0.9681818181818183,0.9348484848484848,1.0,0.6568627450980392,0.5234962406015038,0.7800165520753757,1.0
FractionCSP3,raw_property,FractionCSP3,110.60606060606062,diagnostic_residual,50,50,1.0,0.0017770239571895908,-0.09721338741651513,0.06778927626717465,0.04370222082407576,-0.10358930502999805,0.15640722710737792,0.56
FractionCSP3,raw_property,FractionCSP3,113.63636363636364,raw_property,50,50,1.0,0.9710084033613445,0.9415966386554621,1.0,0.6705128205128206,0.5239035087719297,0.7857142857142858,1.0
FractionCSP3,raw_property,FractionCSP3,113.63636363636364,diagnostic_residual,50,50,1.0,-0.0221639525466693,-0.11032737043543928,0.0506142560759335,0.005436919631712438,-0.12479412093952391,0.17286439463352263,0.5
FractionCSP3,raw_property,FractionCSP3,116.66666666666669,raw_property,50,50,1.0,0.9736111111111111,0.9515098722415796,1.0,0.6708333333333334,0.5369113029827316,0.8022727272727272,1.0
FractionCSP3,raw_property,FractionCSP3,116.66666666666669,diagnostic_residual,50,50,1.0,-0.04787384463893285,-0.09716597559680026,0.04609182001914877,0.019574824650898506,-0.13437638724978393,0.14944630399755163,0.54
FractionCSP3,raw_property,FractionCSP3,119.69696969696967,raw_property,50,50,1.0,0.9713257965056525,0.9427244582043343,1.0,0.6483410138248848,0.5326178622231255,0.8,1.0
FractionCSP3,raw_property,FractionCSP3,119.69696969696967,diagnostic_residual,50,50,1.0,-0.07611071124192265,-0.1428235823707864,0.005487855334547299,-0.029036579137488715,-0.14403782220047454,0.13508384826581715,0.46
FractionCSP3,raw_property,FractionCSP3,122.72727272727276,raw_property,50,50,1.0,0.97003367003367,0.935935441370224,1.0,0.6443140193140193,0.5371153846153848,0.8057692307692308,1.0
FractionCSP3,raw_property,FractionCSP3,122.72727272727276,diagnostic_residual,50,50,1.0,-0.0951134876647784,-0.17836507853699696,-0.0063355277093492,-0.0490735770449357,-0.19793216679411166,0.1061989110912557,0.42
FractionCSP3,raw_property,FractionCSP3,125.75757575757576,raw_property,50,50,1.0,0.9591836734693876,0.9416979557780558,1.0,0.6454401454401455,0.5322405450775157,0.7746411064425771,1.0
FractionCSP3,raw_property,FractionCSP3,125.75757575757576,diagnostic_residual,50,50,1.0,-0.13177042944473394,-0.1978413634168487,-0.016481553390709124,-0.07301765777975028,-0.20155037478358476,0.059365483244938566,0.42
FractionCSP3,raw_property,FractionCSP3,128.7878787878788,raw_property,50,50,1.0,0.9736659736659737,0.9505708354955891,1.0,0.641969696969697,0.5399675093754042,0.7730654761904763,1.0
FractionCSP3,raw_property,FractionCSP3,128.7878787878788,diagnostic_residual,50,50,1.0,-0.178115818286379,-0.21899069420598144,-0.040552228716426095,-0.138335814699846,-0.22046385974869703,0.05285224208917128,0.38
FractionCSP3,raw_property,FractionCSP3,131.8181818181818,raw_property,50,50,1.0,0.9853462157809985,0.9483311938382543,1.0,0.641969696969697,0.542157560036817,0.7856625258799173,1.0
FractionCSP3,raw_property,FractionCSP3,131.8181818181818,diagnostic_residual,50,50,1.0,-0.18071413041548462,-0.228606529298866,-0.0731679888498004,-0.13547252868624826,-0.25560712451666256,0.027998742643696516,0.34
FractionCSP3,raw_property,FractionCSP3,134.84848484848487,raw_property,50,50,1.0,0.9866207266869518,0.9710666249609008,1.0,0.6486013986013988,0.5438636363636363,0.7858651911468812,1.0
FractionCSP3,raw_property,FractionCSP3,134.84848484848487,diagnostic_residual,50,50,1.0,-0.19424427861812785,-0.2312912826399337,-0.10061242325224327,-0.1500813053119187,-0.2539892519871723,0.006398313992752031,0.28
FractionCSP3,raw_property,FractionCSP3,137.87878787878788,raw_property,50,50,1.0,0.9863007271874267,0.9724552572706935,1.0,0.6769904914652307,0.5465909090909091,0.7767857142857143,1.0
FractionCSP3,raw_property,FractionCSP3,137.87878787878788,diagnostic_residual,50,50,1.0,-0.20517937410730114,-0.2313602291374517,-0.1380785260635075,-0.15029563217302735,-0.25714188323004694,0.0006611598641933277,0.26
FractionCSP3,raw_property,FractionCSP3,140.90909090909088,raw_property,50,50,1.0,1.0,0.9671537072199323,1.0,0.6791424093148231,0.5465909090909091,0.8,1.0
FractionCSP3,raw_property,FractionCSP3,140.90909090909088,diagnostic_residual,50,50,1.0,-0.21417869382046084,-0.2309808097010557,-0.1570749515349294,-0.14957316910457386,-0.263809758561798,0.0013861293071327687,0.26
FractionCSP3,raw_property,FractionCSP3,143.93939393939394,raw_property,50,50,1.0,1.0,0.9713643178410795,1.0,0.6961538461538461,0.55,0.7986607142857143,1.0
FractionCSP3,raw_property,FractionCSP3,143.93939393939394,diagnostic_residual,50,50,1.0,-0.2269009494434596,-0.2348615426531706,-0.18260521919828385,-0.158962447722887,-0.29497394819701706,-0.003751171885574771,0.26
FractionCSP3,raw_property,FractionCSP3,146.96969696969694,raw_property,50,50,1.0,1.0,0.9814228671601091,1.0,0.6961538461538461,0.55,0.8057692307692308,1.0
FractionCSP3,raw_property,FractionCSP3,146.96969696969694,diagnostic_residual,50,50,1.0,-0.2280701647918777,-0.24123550546115932,-0.19414454968545422,-0.1615670818751494,-0.29824918024768793,-0.024337082521147024,0.22
FractionCSP3,raw_property,FractionCSP3,150.0,raw_property,50,50,1.0,1.0,0.985937044593413,1.0,0.7105052481764811,0.55,0.8057692307692308,1.0
FractionCSP3,raw_property,FractionCSP3,150.0,diagnostic_residual,50,50,1.0,-0.2280701647918777,-0.24494351305514545,-0.20591322784580546,-0.17248591208117361,-0.30317200620746826,-0.028886270218742967,0.22
FractionCSP3,residual_property,FractionCSP3_residual,-150.0,raw_property,50,50,1.0,0.051315789473684204,0.028070175438596474,0.0689655172413793,-0.2140947288006111,-0.4004534258844603,-0.12569789081885857,0.92
FractionCSP3,residual_property,FractionCSP3_residual,-150.0,diagnostic_residual,50,50,1.0,-0.5963173610928832,-0.6329327248858571,-0.5475230105391932,-0.5427872843003121,-0.6766460670866175,-0.40408259807819913,1.0
FractionCSP3,residual_property,FractionCSP3_residual,-146.96969696969697,raw_property,50,50,1.0,0.0526315789473684,0.042119565217391255,0.07923076923076923,-0.21969696969696964,-0.4004534258844603,-0.10708020050125316,0.92
FractionCSP3,residual_property,FractionCSP3_residual,-146.96969696969697,diagnostic_residual,50,50,1.0,-0.5911637533009656,-0.6319794459990141,-0.5318091691697094,-0.5214573210508467,-0.6770595380893714,-0.40209845974261055,1.0
FractionCSP3,residual_property,FractionCSP3_residual,-143.93939393939394,raw_property,50,50,1.0,0.0588235294117647,0.0476190476190476,0.09415584415584413,-0.21969696969696964,-0.4004534258844603,-0.10553221288515408,0.92
FractionCSP3,residual_property,FractionCSP3_residual,-143.93939393939394,diagnostic_residual,50,50,1.0,-0.5768946989862467,-0.630600877398715,-0.5155771463691046,-0.5126134692978646,-0.6500715209476543,-0.39594902405808274,1.0
FractionCSP3,residual_property,FractionCSP3_residual,-140.9090909090909,raw_property,50,50,1.0,0.0625,0.0476190476190476,0.10964912280701752,-0.2071428571428571,-0.35369296421928004,-0.09047619047619047,0.92
FractionCSP3,residual_property,FractionCSP3_residual,-140.9090909090909,diagnostic_residual,50,50,1.0,-0.5570368702698734,-0.6313713643984561,-0.5127898234234192,-0.5102084843390571,-0.6225140681903668,-0.3917440864931354,1.0
FractionCSP3,residual_property,FractionCSP3_residual,-137.87878787878788,raw_property,50,50,1.0,0.0645833333333333,0.05,0.0988095238095238,-0.1783410138248848,-0.35369296421928004,-0.10553221288515408,0.92
FractionCSP3,residual_property,FractionCSP3_residual,-137.87878787878788,diagnostic_residual,50,50,1.0,-0.5485791571117142,-0.6114781967649064,-0.5043665348431225,-0.4942688399536471,-0.6225140681903668,-0.38732277730464937,1.0
FractionCSP3,residual_property,FractionCSP3_residual,-134.84848484848484,raw_property,50,50,1.0,0.0588235294117647,0.0476190476190476,0.10833333333333334,-0.1869343891402715,-0.3659113060428851,-0.09166666666666665,0.92
FractionCSP3,residual_property,FractionCSP3_residual,-134.84848484848484,diagnostic_residual,50,50,1.0,-0.556504641501991,-0.6090197018322304,-0.49618460558962224,-0.49322997112501316,-0.6149914110200277,-0.38786260766618175,1.0
FractionCSP3,residual_property,FractionCSP3_residual,-131.8181818181818,raw_property,50,50,1.0,0.074074074074074,0.0506578947368421,0.11601307189542483,-0.17278577278577273,-0.341156045751634,-0.09206349206349206,0.88
FractionCSP3,residual_property,FractionCSP3_residual,-131.8181818181818,diagnostic_residual,50,50,1.0,-0.5279087575085886,-0.6010153944484299,-0.46941436405339637,-0.4834887920177393,-0.5857305928565752,-0.3713157862262698,1.0
FractionCSP3,residual_property,FractionCSP3_residual,-128.78787878787878,raw_property,50,50,1.0,0.07738095238095236,0.0526315789473684,0.13124999999999998,-0.18070175438596492,-0.3224702380952381,-0.07765151515151511,0.9
FractionCSP3,residual_property,FractionCSP3_residual,-128.78787878787878,diagnostic_residual,50,50,1.0,-0.5213727441359395,-0.5672843827079466,-0.464940748088846,-0.47575176546897036,-0.5992096685364633,-0.35709064794253265,1.0
FractionCSP3,residual_property,FractionCSP3_residual,-125.75757575757576,raw_property,50,50,1.0,0.0833333333333333,0.056372549019607796,0.1333333333333333,-0.17619841458850746,-0.33511904761904765,-0.0763236763236763,0.9
FractionCSP3,residual_property,FractionCSP3_residual,-125.75757575757576,diagnostic_residual,50,50,1.0,-0.5239802091269645,-0.5590162490333452,-0.45614049223936964,-0.4731335590122271,-0.5825033168985059,-0.3558161210213382,1.0
FractionCSP3,residual_property,FractionCSP3_residual,-122.72727272727272,raw_property,50,50,1.0,0.0909090909090909,0.05926916221033868,0.13260869565217387,-0.1704323101381925,-0.33511904761904765,-0.06950549450549455,0.92
FractionCSP3,residual_property,FractionCSP3_residual,-122.72727272727272,diagnostic_residual,50,50,1.0,-0.516955335524405,-0.5507301495847515,-0.4591755392477649,-0.46169288877202724,-0.5655655964338201,-0.35560959389562924,1.0
FractionCSP3,residual_property,FractionCSP3_residual,-119.69696969696967,raw_property,50,50,1.0,0.0909090909090909,0.0625,0.13008415147265073,-0.1788299935358759,-0.33511904761904765,-0.0763236763236763,0.86
FractionCSP3,residual_property,FractionCSP3_residual,-119.69696969696967,diagnostic_residual,50,50,1.0,-0.516955335524405,-0.5387729243349988,-0.44907367547092814,-0.4548709435999249,-0.5514225575619733,-0.32107070992957076,1.0
FractionCSP3,residual_property,FractionCSP3_residual,-116.66666666666666,raw_property,50,50,1.0,0.0909090909090909,0.0625,0.13560606060606056,-0.1716371863430687,-0.33511904761904765,-0.06354166666666668,0.86
FractionCSP3,residual_property,FractionCSP3_residual,-116.66666666666666,diagnostic_residual,50,50,1.0,-0.5018504288011592,-0.5377474509805606,-0.43016475893514095,-0.4451598660095757,-0.5511142770037588,-0.29384692968646176,1.0
FractionCSP3,residual_property,FractionCSP3_residual,-113.63636363636364,raw_property,50,50,1.0,0.0909090909090909,0.0625,0.14935064935064932,-0.1714991664682067,-0.3359170400346871,-0.0681818181818182,0.86
FractionCSP3,residual_property,FractionCSP3_residual,-113.63636363636364,diagnostic_residual,50,50,1.0,-0.49211772945804405,-0.5344614898241632,-0.43721570375092506,-0.44736455309256484,-0.5514519580228747,-0.28172300169676445,1.0
FractionCSP3,residual_property,FractionCSP3_residual,-110.6060606060606,raw_property,50,50,1.0,0.09232954545454544,0.0625,0.15688259109311736,-0.1632455779514603,-0.33068211068211073,-0.06822916666666667,0.84
FractionCSP3,residual_property,FractionCSP3_residual,-110.6060606060606,diagnostic_residual,50,50,1.0,-0.48766339904811845,-0.5353781897479184,-0.4281207781186176,-0.43918548801426194,-0.5064925109842091,-0.2953351564085587,1.0
FractionCSP3,residual_property,FractionCSP3_residual,-107.57575757575758,raw_property,50,50,1.0,0.10263157894736841,0.0625,0.1578947368421052,-0.1632455779514603,-0.3033795248868778,-0.05134803921568626,0.82
FractionCSP3,residual_property,FractionCSP3_residual,-107.57575757575758,diagnostic_residual,50,50,1.0,-0.4830622193472091,-0.529096481129719,-0.3963779779477752,-0.40797567269182233,-0.49488292096336217,-0.2953351564085587,1.0
FractionCSP3,residual_property,FractionCSP3_residual,-104.54545454545456,raw_property,50,50,1.0,0.1111111111111111,0.06724137931034477,0.1538461538461538,-0.15611888111888117,-0.31576236263736257,-0.05134803921568626,0.8
FractionCSP3,residual_property,FractionCSP3_residual,-104.54545454545456,diagnostic_residual,50,50,1.0,-0.4456228481341218,-0.508245708120905,-0.3963779779477752,-0.37940461903148714,-0.5072630489676995,-0.287264120484507,1.0
FractionCSP3,residual_property,FractionCSP3_residual,-101.51515151515152,raw_property,50,50,1.0,0.11882352941176469,0.08,0.15688259109311736,-0.1546037296037296,-0.3359821428571429,-0.05015756302521006,0.8
FractionCSP3,residual_property,FractionCSP3_residual,-101.51515151515152,diagnostic_residual,50,50,1.0,-0.4427724432729462,-0.5038031669744665,-0.3831673383360293,-0.3671867555804479,-0.5072630489676995,-0.2694923885268562,1.0
FractionCSP3,residual_property,FractionCSP3_residual,-98.48484848484848,raw_property,50,50,1.0,0.1176470588235294,0.08083333333333333,0.15109890109890106,-0.14681020733652314,-0.3402884615384615,-0.047969187675069996,0.84
FractionCSP3,residual_property,FractionCSP3_residual,-98.48484848484848,diagnostic_residual,50,50,1.0,-0.4574680731373557,-0.49451952165302226,-0.4021921012544021,-0.37455653006485357,-0.5222279918638377,-0.27718632237661006,1.0
FractionCSP3,residual_property,FractionCSP3_residual,-95.45454545454544,raw_property,50,50,1.0,0.1111111111111111,0.0833333333333333,0.1482142857142857,-0.17500000000000004,-0.32727513227513233,-0.04273088023088023,0.86
FractionCSP3,residual_property,FractionCSP3_residual,-95.45454545454544,diagnostic_residual,50,50,1.0,-0.46076833216607105,-0.49912922066185195,-0.4107348751868037,-0.38620284634902946,-0.5297197372532385,-0.27516569146897907,1.0
FractionCSP3,residual_property,FractionCSP3_residual,-92.42424242424242,raw_property,50,50,1.0,0.1111111111111111,0.078525641025641,0.1482142857142857,-0.17500000000000004,-0.319792050055208,-0.04201000149276003,0.86
FractionCSP3,residual_property,FractionCSP3_residual,-92.42424242424242,diagnostic_residual,50,50,1.0,-0.4375323212943999,-0.475360576010748,-0.38686025476108704,-0.37455653006485357,-0.4685441431102346,-0.2638600786786972,1.0
FractionCSP3,residual_property,FractionCSP3_residual,-89.39393939393939,raw_property,50,50,1.0,0.1111111111111111,0.08083333333333333,0.1482142857142857,-0.18690476190476196,-0.31605853823595764,-0.04273088023088023,0.86
FractionCSP3,residual_property,FractionCSP3_residual,-89.39393939393939,diagnostic_residual,50,50,1.0,-0.43397547099341427,-0.46944890707154324,-0.36910967527479377,-0.36632669645783533,-0.4696778434551819,-0.26780209885772,1.0
FractionCSP3,residual_property,FractionCSP3_residual,-86.36363636363637,raw_property,50,50,1.0,0.1111111111111111,0.07769230769230767,0.15288461538461534,-0.18690476190476196,-0.32136649899807795,-0.03720238095238092,0.82
FractionCSP3,residual_property,FractionCSP3_residual,-86.36363636363637,diagnostic_residual,50,50,1.0,-0.4245261844340283,-0.46644637643519743,-0.35726368906985667,-0.3371228114481696,-0.47372218567968116,-0.26780209885772,1.0
FractionCSP3,residual_property,FractionCSP3_residual,-83.33333333333333,raw_property,50,50,1.0,0.1132478632478632,0.0769230769230769,0.1612903225806451,-0.18705128205128205,-0.2945187165775401,-0.03541666666666665,0.84
FractionCSP3,residual_property,FractionCSP3_residual,-83.33333333333333,diagnostic_residual,50,50,1.0,-0.42178746556132773,-0.452700091535643,-0.3481077999894776,-0.3406306619595637,-0.4504015557225626,-0.25948441773355907,1.0
FractionCSP3,residual_property,FractionCSP3_residual,-80.3030303030303,raw_property,50,50,1.0,0.11882352941176469,0.0833333333333333,0.15846774193548382,-0.18324175824175826,-0.32423826173826176,-0.04275895140664965,0.82
FractionCSP3,residual_property,FractionCSP3_residual,-80.3030303030303,diagnostic_residual,50,50,1.0,-0.3927409503480557,-0.45158890725378426,-0.3359043038501317,-0.3314221565766591,-0.45138875231556663,-0.23594869514530603,1.0
FractionCSP3,residual_property,FractionCSP3_residual,-77.27272727272728,raw_property,50,50,1.0,0.11269841269841266,0.0833333333333333,0.1612903225806451,-0.18452380952380962,-0.28970988688730626,-0.04619352088661553,0.84
FractionCSP3,residual_property,FractionCSP3_residual,-77.27272727272728,diagnostic_residual,50,50,1.0,-0.3816298152743267,-0.43213215609800915,-0.3363887057196327,-0.31361547911163823,-0.429454609433386,-0.23851400305638007,1.0
FractionCSP3,residual_property,FractionCSP3_residual,-74.24242424242425,raw_property,50,50,1.0,0.1159663865546218,0.078525641025641,0.1666666666666666,-0.17124542124542125,-0.28970988688730626,-0.06992521367521368,0.82
FractionCSP3,residual_property,FractionCSP3_residual,-74.24242424242425,diagnostic_residual,50,50,1.0,-0.3864865757749102,-0.4179845795985509,-0.31240710626420426,-0.31311565131405117,-0.4281210989902538,-0.22494644324232183,0.98
FractionCSP3,residual_property,FractionCSP3_residual,-71.21212121212122,raw_property,50,50,1.0,0.1339285714285714,0.08423913043478258,0.2078947368421052,-0.1433349259436216,-0.2830947580645162,-0.02118347338935573,0.76
FractionCSP3,residual_property,FractionCSP3_residual,-71.21212121212122,diagnostic_residual,50,50,1.0,-0.35576658414785733,-0.40765447689873735,-0.2785171398044346,-0.28183340219698527,-0.42644934437302284,-0.22494644324232183,0.96
FractionCSP3,residual_property,FractionCSP3_residual,-68.18181818181819,raw_property,50,50,1.0,0.15075757575757576,0.0817391304347826,0.19278033794162824,-0.16410256410256413,-0.26618366368286445,-0.02161013649019643,0.78
FractionCSP3,residual_property,FractionCSP3_residual,-68.18181818181819,diagnostic_residual,50,50,1.0,-0.34016705994405433,-0.40967781617734284,-0.26861885731433366,-0.30204310134445594,-0.38444876688789104,-0.1838146438695833,0.96
FractionCSP3,residual_property,FractionCSP3_residual,-65.15151515151516,raw_property,50,50,1.0,0.1550480769230769,0.08865489130434781,0.1935483870967742,-0.16410256410256413,-0.27487071751777636,-0.005208333333333318,0.78
FractionCSP3,residual_property,FractionCSP3_residual,-65.15151515151516,diagnostic_residual,50,50,1.0,-0.3240685724911545,-0.36957009964961757,-0.2636564067043983,-0.27233628365972756,-0.38702610029263096,-0.18185626199643734,0.96
FractionCSP3,residual_property,FractionCSP3_residual,-62.121212121212125,raw_property,50,50,1.0,0.1538461538461538,0.10536398467432945,0.21071428571428563,-0.14951714951714956,-0.2650721153846154,-0.0016025641025641003,0.74
FractionCSP3,residual_property,FractionCSP3_residual,-62.121212121212125,diagnostic_residual,50,50,1.0,-0.2852935000769944,-0.33489207667965387,-0.23299383172437277,-0.24591297879711976,-0.3532455966839396,-0.16362896352369322,0.96
FractionCSP3,residual_property,FractionCSP3_residual,-59.09090909090909,raw_property,50,50,1.0,0.1569230769230769,0.11595022624434381,0.2078947368421052,-0.1547619047619048,-0.25206552706552715,0.0,0.72
FractionCSP3,residual_property,FractionCSP3_residual,-59.09090909090909,diagnostic_residual,50,50,1.0,-0.2819485090780862,-0.32733917606712104,-0.23875873908592815,-0.23893176446760395,-0.33746064440249335,-0.15826328702011033,0.98
FractionCSP3,residual_property,FractionCSP3_residual,-56.06060606060606,raw_property,50,50,1.0,0.1764705882352941,0.11653846153846147,0.2248023715415019,-0.1412151067323481,-0.24956008044243344,-0.005208333333333318,0.76
FractionCSP3,residual_property,FractionCSP3_residual,-56.06060606060606,diagnostic_residual,50,50,1.0,-0.26322360926373223,-0.33528354575717945,-0.18187796634721007,-0.23002512309064754,-0.3309490781317489,-0.1023013401292531,0.98
FractionCSP3,residual_property,FractionCSP3_residual,-53.03030303030303,raw_property,50,50,1.0,0.17519181585677746,0.10976890756302517,0.2204545454545454,-0.1412151067323481,-0.264423076923077,-0.022997835497835538,0.8
FractionCSP3,residual_property,FractionCSP3_residual,-53.03030303030303,diagnostic_residual,50,50,1.0,-0.26030949189285113,-0.3334869711931771,-0.18006604017795214,-0.202819378994257,-0.3263897426298294,-0.11574422319747846,0.98
FractionCSP3,residual_property,FractionCSP3_residual,-50.0,raw_property,50,50,1.0,0.1702898550724637,0.1,0.2463235294117647,-0.1203444703444704,-0.2702795031055901,-0.013888888888888904,0.78
FractionCSP3,residual_property,FractionCSP3_residual,-50.0,diagnostic_residual,50,50,1.0,-0.2422594773387243,-0.3248601469004151,-0.17019691097256306,-0.19084519571695344,-0.2884555178146911,-0.0946933007427602,0.94
FractionCSP3,residual_property,FractionCSP3_residual,-46.96969696969697,raw_property,50,50,1.0,0.1818181818181818,0.125,0.2463235294117647,-0.11064338886919536,-0.18502964426877472,-0.0016025641025641003,0.74
FractionCSP3,residual_property,FractionCSP3_residual,-46.96969696969697,diagnostic_residual,50,50,1.0,-0.24498389697902764,-0.27963338895271495,-0.1503038895751085,-0.15650138123338148,-0.26586352587141576,-0.06198828824694558,0.92
FractionCSP3,residual_property,FractionCSP3_residual,-43.93939393939394,raw_property,50,50,1.0,0.18019480519480513,0.12125,0.26704545454545453,-0.10404761904761903,-0.18568965517241376,-0.016964285714285654,0.78
FractionCSP3,residual_property,FractionCSP3_residual,-43.93939393939394,diagnostic_residual,50,50,1.0,-0.222807765885416,-0.2723370183469293,-0.12152075573690023,-0.14834279340337342,-0.2510943587926643,-0.06403065739578533,0.9
FractionCSP3,residual_property,FractionCSP3_residual,-40.90909090909091,raw_property,50,50,1.0,0.1875,0.11458333333333333,0.25,-0.12117452440033086,-0.1642857142857143,-0.017890608267294873,0.8
FractionCSP3,residual_property,FractionCSP3_residual,-40.90909090909091,diagnostic_residual,50,50,1.0,-0.1965506427692275,-0.26766757016300463,-0.12868123529870085,-0.14660839036367512,-0.2264352374606029,-0.059738475054768515,0.92
FractionCSP3,residual_property,FractionCSP3_residual,-37.87878787878788,raw_property,50,50,1.0,0.2139588100686498,0.13749999999999998,0.2750783699059561,-0.040934065934065955,-0.14810371517027868,0.0,0.68
FractionCSP3,residual_property,FractionCSP3_residual,-37.87878787878788,diagnostic_residual,50,50,1.0,-0.17775964941740113,-0.23080826355650408,-0.11051589982796152,-0.08539179589354445,-0.18897007598623652,-0.024197070491602607,0.88
FractionCSP3,residual_property,FractionCSP3_residual,-34.848484848484844,raw_property,50,50,1.0,0.2182539682539682,0.15096153846153845,0.2911877394636015,-0.022979797979798003,-0.11684782608695649,0.0,0.6
FractionCSP3,residual_property,FractionCSP3_residual,-34.848484848484844,diagnostic_residual,50,50,1.0,-0.14188271811293973,-0.22127320151192406,-0.0330026051381033,-0.05703005599314222,-0.14327605199226337,-4.336808689942018e-17,0.78
FractionCSP3,residual_property,FractionCSP3_residual,-31.818181818181813,raw_property,50,50,1.0,0.23764705882352938,0.1608391608391608,0.3480392156862745,-0.012258209626630712,-0.09278221778221787,0.0,0.52
FractionCSP3,residual_property,FractionCSP3_residual,-31.818181818181813,diagnostic_residual,50,50,1.0,-0.1214503387318102,-0.20719487166268716,-0.026120686291559874,-0.03178264831913802,-0.09141629832503466,0.0,0.72
FractionCSP3,residual_property,FractionCSP3_residual,-28.787878787878785,raw_property,50,50,1.0,0.245,0.14957264957264954,0.3512443438914027,0.0,-0.06666666666666671,0.0,0.46
FractionCSP3,residual_property,FractionCSP3_residual,-28.787878787878785,diagnostic_residual,50,50,1.0,-0.09109194255479436,-0.2039155817952273,-0.026120686291559874,-0.02537154514266557,-0.07211643337357651,0.0,0.68
FractionCSP3,residual_property,FractionCSP3_residual,-25.757575757575765,raw_property,50,50,1.0,0.26599326599326595,0.17045454545454541,0.3694852941176471,0.0,-0.04892857142857142,0.0,0.36
FractionCSP3,residual_property,FractionCSP3_residual,-25.757575757575765,diagnostic_residual,50,50,1.0,-0.08829696691414254,-0.188518074464662,0.0025861849426802004,-1.2663481374630692e-16,-0.06740442157367194,5.204170427930421e-17,0.58
FractionCSP3,residual_property,FractionCSP3_residual,-22.727272727272734,raw_property,50,50,1.0,0.27636363636363637,0.18042986425339363,0.4157894736842105,0.0,0.0,0.0,0.22
FractionCSP3,residual_property,FractionCSP3_residual,-22.727272727272734,diagnostic_residual,50,50,1.0,-0.07692253836185865,-0.1619908851683054,0.04039255488485152,-3.469446951953614e-18,-6.106226635438361e-16,7.979727989493313e-17,0.5
FractionCSP3,residual_property,FractionCSP3_residual,-19.69696969696969,raw_property,50,50,1.0,0.2857142857142857,0.18042986425339363,0.41250000000000003,0.0,0.0,0.0,0.16
FractionCSP3,residual_property,FractionCSP3_residual,-19.69696969696969,diagnostic_residual,50,50,1.0,-0.07298473328032586,-0.15661531360622424,0.0412436712859033,-3.469446951953614e-18,-3.204901621867151e-16,7.979727989493313e-17,0.5
FractionCSP3,residual_property,FractionCSP3_residual,-16.666666666666657,raw_property,50,50,1.0,0.2857142857142857,0.18042986425339363,0.45,0.0,0.0,0.0,0.1
FractionCSP3,residual_property,FractionCSP3_residual,-16.666666666666657,diagnostic_residual,50,50,1.0,-0.07298473328032586,-0.15661531360622424,0.0412436712859033,0.0,-2.220446049250313e-16,1.214306433183765e-16,0.46
FractionCSP3,residual_property,FractionCSP3_residual,-13.636363636363626,raw_property,50,50,1.0,0.2857142857142857,0.18042986425339363,0.4534090909090909,0.0,0.0,0.0,0.06
FractionCSP3,residual_property,FractionCSP3_residual,-13.636363636363626,diagnostic_residual,50,50,1.0,-0.07298473328032586,-0.15661531360622424,0.0412436712859033,0.0,-2.1510571102112408e-16,1.214306433183765e-16,0.44
FractionCSP3,residual_property,FractionCSP3_residual,-10.606060606060597,raw_property,50,50,1.0,0.2857142857142857,0.18042986425339363,0.4534090909090909,0.0,0.0,0.0,0.06
FractionCSP3,residual_property,FractionCSP3_residual,-10.606060606060597,diagnostic_residual,50,50,1.0,-0.07298473328032586,-0.15661531360622424,0.0412436712859033,0.0,-2.1510571102112408e-16,1.214306433183765e-16,0.44
FractionCSP3,residual_property,FractionCSP3_residual,-7.575757575757564,raw_property,50,50,1.0,0.2857142857142857,0.18042986425339363,0.4534090909090909,0.0,0.0,0.0,0.02
FractionCSP3,residual_property,FractionCSP3_residual,-7.575757575757564,diagnostic_residual,50,50,1.0,-0.0637137460154379,-0.15661531360622424,0.0556736804439256,0.0,-1.942890293094024e-16,1.214306433183765e-16,0.44
FractionCSP3,residual_property,FractionCSP3_residual,-4.545454545454561,raw_property,50,50,1.0,0.2857142857142857,0.18042986425339363,0.45,0.0,0.0,0.0,0.0
FractionCSP3,residual_property,FractionCSP3_residual,-4.545454545454561,diagnostic_residual,50,50,1.0,-0.0637137460154379,-0.15661531360622424,0.0556736804439256,0.0,-1.8127860323957634e-16,1.214306433183765e-16,0.44
FractionCSP3,residual_property,FractionCSP3_residual,-1.5151515151515298,raw_property,50,50,1.0,0.2857142857142857,0.18042986425339363,0.4534090909090909,0.0,0.0,0.0,0.0
FractionCSP3,residual_property,FractionCSP3_residual,-1.5151515151515298,diagnostic_residual,50,50,1.0,-0.0637137460154379,-0.1501049202818826,0.0556736804439256,2.7755575615628914e-17,-1.4224732503009818e-16,1.3877787807814457e-16,0.4
FractionCSP3,residual_property,FractionCSP3_residual,1.5151515151515014,raw_property,50,50,1.0,0.2857142857142857,0.18042986425339363,0.4534090909090909,0.0,0.0,0.0,0.04
FractionCSP3,residual_property,FractionCSP3_residual,1.5151515151515014,diagnostic_residual,50,50,1.0,-0.0637137460154379,-0.1501049202818826,0.0556736804439256,2.7755575615628914e-17,-1.4224732503009818e-16,1.3877787807814457e-16,0.52
FractionCSP3,residual_property,FractionCSP3_residual,4.5454545454545325,raw_property,50,50,1.0,0.2857142857142857,0.18042986425339363,0.4534090909090909,0.0,0.0,0.0,0.06
FractionCSP3,residual_property,FractionCSP3_residual,4.5454545454545325,diagnostic_residual,50,50,1.0,-0.0637137460154379,-0.1501049202818826,0.0556736804439256,2.7755575615628914e-17,-1.4224732503009818e-16,1.5959455978986625e-16,0.52
FractionCSP3,residual_property,FractionCSP3_residual,7.575757575757564,raw_property,50,50,1.0,0.2857142857142857,0.18042986425339363,0.4534090909090909,0.0,0.0,0.0,0.06
FractionCSP3,residual_property,FractionCSP3_residual,7.575757575757564,diagnostic_residual,50,50,1.0,-0.0637137460154379,-0.1561591650751875,0.0556736804439256,2.7755575615628914e-17,-1.4224732503009818e-16,1.5959455978986625e-16,0.52
FractionCSP3,residual_property,FractionCSP3_residual,10.606060606060597,raw_property,50,50,1.0,0.2857142857142857,0.18042986425339363,0.4534090909090909,0.0,0.0,0.0,0.06
FractionCSP3,residual_property,FractionCSP3_residual,10.606060606060597,diagnostic_residual,50,50,1.0,-0.0637137460154379,-0.1561591650751875,0.0556736804439256,2.7755575615628914e-17,-1.4224732503009818e-16,1.5959455978986625e-16,0.52
FractionCSP3,residual_property,FractionCSP3_residual,13.636363636363626,raw_property,50,50,1.0,0.2857142857142857,0.18235294117647058,0.4534090909090909,0.0,0.0,0.0,0.12
FractionCSP3,residual_property,FractionCSP3_residual,13.636363636363626,diagnostic_residual,50,50,1.0,-0.0637137460154379,-0.1561591650751875,0.0556736804439256,3.122502256758253e-17,-1.4224732503009818e-16,2.2898349882893854e-16,0.54
FractionCSP3,residual_property,FractionCSP3_residual,16.666666666666657,raw_property,50,50,1.0,0.29814814814814816,0.2,0.45979020979020974,0.0,0.0,0.0,0.22
FractionCSP3,residual_property,FractionCSP3_residual,16.666666666666657,diagnostic_residual,50,50,1.0,-0.04252733220799575,-0.1264509581402628,0.09070995530704433,5.551115123125783e-17,-9.71445146547012e-17,3.8163916471489756e-16,0.58
FractionCSP3,residual_property,FractionCSP3_residual,19.69696969696969,raw_property,50,50,1.0,0.3038461538461539,0.2,0.49038461538461536,0.0,0.0,0.07107142857142855,0.38
FractionCSP3,residual_property,FractionCSP3_residual,19.69696969696969,diagnostic_residual,50,50,1.0,-0.0185256071932313,-0.10441955534920272,0.12110899486877692,2.0816681711721685e-16,0.0,0.08065198687639319,0.7
FractionCSP3,residual_property,FractionCSP3_residual,22.72727272727272,raw_property,50,50,1.0,0.37087912087912084,0.22435897435897434,0.5220588235294118,0.035464535464535485,0.0,0.10250000000000004,0.58
FractionCSP3,residual_property,FractionCSP3_residual,22.72727272727272,diagnostic_residual,50,50,1.0,0.0390734845807078,-0.08696965548201058,0.15643982445094345,0.03678308262324749,3.469446951953614e-17,0.12687679309851072,0.76
FractionCSP3,residual_property,FractionCSP3_residual,25.75757575757575,raw_property,50,50,1.0,0.4232954545454546,0.25,0.5660714285714286,0.07846153846153844,0.0,0.16488095238095246,0.68
FractionCSP3,residual_property,FractionCSP3_residual,25.75757575757575,diagnostic_residual,50,50,1.0,0.06920358571000446,-0.0501433072190155,0.22547831029900228,0.09904459853888642,1.8735013540549517e-16,0.21815100621201433,0.82
FractionCSP3,residual_property,FractionCSP3_residual,28.787878787878785,raw_property,50,50,1.0,0.4641025641025641,0.30833333333333335,0.5958333333333333,0.0976190476190476,0.041346153846153866,0.23809523809523814,0.82
FractionCSP3,residual_property,FractionCSP3_residual,28.787878787878785,diagnostic_residual,50,50,1.0,0.14229941575569494,-0.006699478373086525,0.2878875201237804,0.12585787262143094,0.05669786111361584,0.28166423246456607,0.86
FractionCSP3,residual_property,FractionCSP3_residual,31.818181818181813,raw_property,50,50,1.0,0.4761904761904761,0.33928571428571425,0.6335227272727273,0.13288378288378289,0.0715201465201465,0.268452380952381,0.88
FractionCSP3,residual_property,FractionCSP3_residual,31.818181818181813,diagnostic_residual,50,50,1.0,0.19396588314779944,0.018963822285411474,0.317172168688531,0.20131144389780686,0.08661399125909777,0.2949422796263412,0.92
FractionCSP3,residual_property,FractionCSP3_residual,34.848484848484844,raw_property,50,50,1.0,0.5238095238095238,0.3616071428571428,0.6666666666666666,0.18614718614718617,0.11595022624434387,0.3191849816849817,0.84
FractionCSP3,residual_property,FractionCSP3_residual,34.848484848484844,diagnostic_residual,50,50,1.0,0.24528416465724384,0.04287467551381955,0.38252269322967825,0.24519728439215288,0.1092509525827934,0.3516251108629874,0.9
FractionCSP3,residual_property,FractionCSP3_residual,37.87878787878788,raw_property,50,50,1.0,0.5442307692307693,0.4182692307692308,0.6443850267379679,0.1995202939475385,0.12349170437405733,0.31544646873594245,0.92
FractionCSP3,residual_property,FractionCSP3_residual,37.87878787878788,diagnostic_residual,50,50,1.0,0.27481310879797344,0.1445384568879144,0.3669288423631434,0.2699770903411498,0.16886452952806363,0.3593154573195225,0.96
FractionCSP3,residual_property,FractionCSP3_residual,40.90909090909091,raw_property,50,50,1.0,0.5555555555555556,0.4411111111111111,0.6666666666666666,0.2442752100840336,0.14807692307692305,0.3571428571428572,0.94
FractionCSP3,residual_property,FractionCSP3_residual,40.90909090909091,diagnostic_residual,50,50,1.0,0.3000685557167476,0.15751936873794636,0.40355973410327495,0.2878561799945465,0.20143057525495664,0.40160551735656297,0.98
FractionCSP3,residual_property,FractionCSP3_residual,43.93939393939394,raw_property,50,50,1.0,0.6458333333333333,0.5059523809523809,0.7815934065934066,0.3259722222222222,0.20710784313725486,0.4439102564102564,0.98
FractionCSP3,residual_property,FractionCSP3_residual,43.93939393939394,diagnostic_residual,50,50,1.0,0.35630005136442555,0.2344955336936968,0.46779069738968354,0.34857075739361,0.25560189664026567,0.5150645949813157,1.0
FractionCSP3,residual_property,FractionCSP3_residual,46.96969696969697,raw_property,50,50,1.0,0.6770833333333333,0.5538277511961722,0.8125,0.3516483516483517,0.2306985294117647,0.4632296650717703,1.0
FractionCSP3,residual_property,FractionCSP3_residual,46.96969696969697,diagnostic_residual,50,50,1.0,0.35630005136442555,0.2344955336936968,0.49447320680449514,0.4045565966361155,0.24415310587736133,0.5407187401049993,1.0
FractionCSP3,residual_property,FractionCSP3_residual,50.0,raw_property,50,50,1.0,0.7222222222222222,0.6205357142857143,0.8181818181818182,0.36361779560308977,0.2806390977443609,0.4869652406417112,1.0
FractionCSP3,residual_property,FractionCSP3_residual,50.0,diagnostic_residual,50,50,1.0,0.4003642164145592,0.29424255214537154,0.5040449348826179,0.4091455904715309,0.2810976249287103,0.5397375670378177,1.0
FractionCSP3,residual_property,FractionCSP3_residual,53.03030303030303,raw_property,50,50,1.0,0.7222222222222222,0.6086956521739131,0.8125,0.37797619047619047,0.2951756481504766,0.5126984126984128,0.98
FractionCSP3,residual_property,FractionCSP3_residual,53.03030303030303,diagnostic_residual,50,50,1.0,0.3900519813268185,0.30719598563570527,0.512883361111469,0.43698155536102024,0.2657928676844608,0.5777513079823224,0.98
FractionCSP3,residual_property,FractionCSP3_residual,56.06060606060606,raw_property,50,50,1.0,0.7583333333333333,0.6488095238095238,0.8241106719367589,0.4423063587823314,0.32688009986603334,0.5251831501831502,1.0
FractionCSP3,residual_property,FractionCSP3_residual,56.06060606060606,diagnostic_residual,50,50,1.0,0.44248929968380646,0.3441873658332605,0.5100939498915449,0.45677653113186845,0.3605707317290755,0.5953141792326732,0.98
FractionCSP3,residual_property,FractionCSP3_residual,59.09090909090909,raw_property,50,50,1.0,0.7958333333333334,0.7058823529411765,0.8571428571428571,0.4769917582417582,0.34191433566433566,0.5788515406162466,1.0
FractionCSP3,residual_property,FractionCSP3_residual,59.09090909090909,diagnostic_residual,50,50,1.0,0.4585036567655177,0.3805800573091771,0.5324207949912225,0.4864857949562763,0.34416414796134415,0.6262829177594802,1.0
FractionCSP3,residual_property,FractionCSP3_residual,62.121212121212125,raw_property,50,50,1.0,0.7958333333333334,0.7098214285714286,0.8636363636363636,0.48589743589743584,0.33495670995670995,0.5800993124522537,1.0
FractionCSP3,residual_property,FractionCSP3_residual,62.121212121212125,diagnostic_residual,50,50,1.0,0.4318881423901253,0.3669827985699212,0.5401952350896502,0.48213412782148185,0.346068507754014,0.6137602019234814,1.0
FractionCSP3,residual_property,FractionCSP3_residual,65.15151515151516,raw_property,50,50,1.0,0.8,0.7302371541501976,0.875,0.5143772893772894,0.39807330827067666,0.6114285714285715,1.0
FractionCSP3,residual_property,FractionCSP3_residual,65.15151515151516,diagnostic_residual,50,50,1.0,0.4777833096813968,0.3757235562680734,0.5608158557218705,0.5236062018105483,0.39607548573020385,0.6868006466040203,1.0
FractionCSP3,residual_property,FractionCSP3_residual,68.18181818181819,raw_property,50,50,1.0,0.8,0.7374141876430206,0.875,0.5047619047619047,0.3714349376114082,0.60458767238953,1.0
FractionCSP3,residual_property,FractionCSP3_residual,68.18181818181819,diagnostic_residual,50,50,1.0,0.44337503528580835,0.3691886968430018,0.5445526888686216,0.5144633277745296,0.33576768271850205,0.6485958284992634,0.98
FractionCSP3,residual_property,FractionCSP3_residual,71.21212121212122,raw_property,50,50,1.0,0.8038461538461539,0.75,0.875,0.525,0.3759230965113318,0.6116541353383459,1.0
FractionCSP3,residual_property,FractionCSP3_residual,71.21212121212122,diagnostic_residual,50,50,1.0,0.4692821223361954,0.3744557150717204,0.5291286731327745,0.49179577166335076,0.33792446580443625,0.6588125681786069,1.0
FractionCSP3,residual_property,FractionCSP3_residual,74.24242424242425,raw_property,50,50,1.0,0.8377192982456141,0.7647058823529411,0.8932748538011696,0.5462344028520499,0.40946241258741256,0.680295868347339,0.96
FractionCSP3,residual_property,FractionCSP3_residual,74.24242424242425,diagnostic_residual,50,50,1.0,0.47932881652979475,0.40184941893230497,0.557972536143472,0.509652803755887,0.33763911616471404,0.6951955436176304,0.96
FractionCSP3,residual_property,FractionCSP3_residual,77.27272727272728,raw_property,50,50,1.0,0.8125,0.7525,0.8960980036297641,0.5087508626639061,0.40549450549450555,0.6710526315789473,1.0
FractionCSP3,residual_property,FractionCSP3_residual,77.27272727272728,diagnostic_residual,50,50,1.0,0.4794049257840387,0.39550715623584276,0.514890581543486,0.48470256472386564,0.3481563874256399,0.6670423588562417,0.98
FractionCSP3,residual_property,FractionCSP3_residual,80.30303030303031,raw_property,50,50,1.0,0.8117647058823529,0.7525,0.8817647058823529,0.5488942945599293,0.382202380952381,0.6539148351648353,0.96
FractionCSP3,residual_property,FractionCSP3_residual,80.30303030303031,diagnostic_residual,50,50,1.0,0.4600639687679141,0.38638215887580313,0.5203392616504492,0.5074397773550839,0.3461329038016888,0.6770271038158656,0.96
FractionCSP3,residual_property,FractionCSP3_residual,83.33333333333334,raw_property,50,50,1.0,0.7947368421052632,0.7401315789473684,0.873641304347826,0.5436083524318819,0.3697268907563025,0.6315273477812178,0.96
FractionCSP3,residual_property,FractionCSP3_residual,83.33333333333334,diagnostic_residual,50,50,1.0,0.44037817981537897,0.3412650143978634,0.49658014194140987,0.5226944159931949,0.3300353816145768,0.625057441426864,0.96
FractionCSP3,residual_property,FractionCSP3_residual,86.36363636363637,raw_property,50,50,1.0,0.8535714285714285,0.7903811252268602,0.8942669172932332,0.5623543123543124,0.3974358974358975,0.6688405797101449,0.96
FractionCSP3,residual_property,FractionCSP3_residual,86.36363636363637,diagnostic_residual,50,50,1.0,0.4542250581935725,0.3846971631437835,0.5175648224815843,0.5100057939752252,0.33665562920689585,0.6340655105457691,0.96
FractionCSP3,residual_property,FractionCSP3_residual,89.3939393939394,raw_property,50,50,1.0,0.8460526315789474,0.8,0.8960980036297641,0.5651923076923078,0.4102272727272728,0.6670776391364626,0.96
FractionCSP3,residual_property,FractionCSP3_residual,89.3939393939394,diagnostic_residual,50,50,1.0,0.4586859933771913,0.3803621083980743,0.4991767618345759,0.490913977298574,0.3191564996274515,0.6516993470703267,0.96
FractionCSP3,residual_property,FractionCSP3_residual,92.42424242424244,raw_property,50,50,1.0,0.8509259259259259,0.7921052631578948,0.8991379310344828,0.571012145748988,0.4250331657589722,0.6680035650623886,0.96
FractionCSP3,residual_property,FractionCSP3_residual,92.42424242424244,diagnostic_residual,50,50,1.0,0.43265843132488946,0.3698444362363717,0.503826637089163,0.4982521189034328,0.33111516921082135,0.6372332187564825,0.96
FractionCSP3,residual_property,FractionCSP3_residual,95.45454545454544,raw_property,50,50,1.0,0.8430769230769231,0.7833333333333333,0.8932748538011696,0.571012145748988,0.39632173382173386,0.6591143530798703,0.98
FractionCSP3,residual_property,FractionCSP3_residual,95.45454545454544,diagnostic_residual,50,50,1.0,0.4248164173930731,0.3557370970261303,0.49718970355309383,0.4793103440769688,0.28042608753287196,0.6258893948653135,0.96
FractionCSP3,residual_property,FractionCSP3_residual,98.48484848484848,raw_property,50,50,1.0,0.85,0.8,0.8834615384615384,0.5600131752305666,0.40194523218716766,0.6591143530798703,0.96
FractionCSP3,residual_property,FractionCSP3_residual,98.48484848484848,diagnostic_residual,50,50,1.0,0.41621273547491816,0.35972550986404983,0.47632600684665394,0.46776505578182115,0.3004536058415613,0.6392846428861849,0.94
FractionCSP3,residual_property,FractionCSP3_residual,101.5151515151515,raw_property,50,50,1.0,0.8360215053763441,0.784324942791762,0.8808528428093645,0.5443958896127974,0.36973443223443225,0.6374144911349993,0.96
FractionCSP3,residual_property,FractionCSP3_residual,101.5151515151515,diagnostic_residual,50,50,1.0,0.3975307809538051,0.3226579330266598,0.45017780418853937,0.443993931710714,0.2809986262765221,0.6243885686410064,0.96
FractionCSP3,residual_property,FractionCSP3_residual,104.54545454545452,raw_property,50,50,1.0,0.8257575757575758,0.7529761904761905,0.8854166666666666,0.5697767145135566,0.41874999999999996,0.632936507936508,0.96
FractionCSP3,residual_property,FractionCSP3_residual,104.54545454545452,diagnostic_residual,50,50,1.0,0.38292228188877236,0.32051173142269085,0.44670018153644503,0.4290842996672567,0.28859553705927415,0.5615028751014277,0.94
FractionCSP3,residual_property,FractionCSP3_residual,107.57575757575756,raw_property,50,50,1.0,0.8070719602977667,0.7619047619047619,0.896551724137931,0.5257936507936508,0.371554834054834,0.6523109243697479,0.96
FractionCSP3,residual_property,FractionCSP3_residual,107.57575757575756,diagnostic_residual,50,50,1.0,0.3752849443584586,0.3166544004000087,0.4360030246630541,0.41997425020863366,0.27365767225797305,0.5579871186910693,0.96
FractionCSP3,residual_property,FractionCSP3_residual,110.60606060606062,raw_property,50,50,1.0,0.8181818181818182,0.763095238095238,0.8636363636363636,0.555114885114885,0.35370370370370374,0.6415343915343916,0.96
FractionCSP3,residual_property,FractionCSP3_residual,110.60606060606062,diagnostic_residual,50,50,1.0,0.3685499299153585,0.2759071142831553,0.41949498197525514,0.42235539458538995,0.21081591129146451,0.5512811018563106,0.94
FractionCSP3,residual_property,FractionCSP3_residual,113.63636363636364,raw_property,50,50,1.0,0.820450885668277,0.7692307692307693,0.8680830039525691,0.5580793119923555,0.36527777777777776,0.6408730158730159,0.96
FractionCSP3,residual_property,FractionCSP3_residual,113.63636363636364,diagnostic_residual,50,50,1.0,0.35384966144539187,0.2766014417616576,0.3862485907965501,0.42409936950516625,0.2087367270868595,0.5263965577890677,0.94
FractionCSP3,residual_property,FractionCSP3_residual,116.66666666666669,raw_property,50,50,1.0,0.8164983164983165,0.7525,0.873991935483871,0.524009324009324,0.4158967391304348,0.6270405669599217,0.96
FractionCSP3,residual_property,FractionCSP3_residual,116.66666666666669,diagnostic_residual,50,50,1.0,0.3229319586745608,0.2495142291717021,0.40082932134976257,0.39066222183257737,0.2142369514337363,0.5189607374253431,0.92
FractionCSP3,residual_property,FractionCSP3_residual,119.69696969696967,raw_property,50,50,1.0,0.820855614973262,0.7789855072463768,0.8642857142857143,0.5136363636363637,0.41461693548387096,0.6303571428571428,0.96
FractionCSP3,residual_property,FractionCSP3_residual,119.69696969696967,diagnostic_residual,50,50,1.0,0.3205665011186387,0.2687585783605015,0.3760904103777867,0.35470985234887487,0.21792245926743714,0.5370333242599916,0.96
FractionCSP3,residual_property,FractionCSP3_residual,122.72727272727276,raw_property,50,50,1.0,0.8153409090909092,0.7619047619047619,0.8695652173913043,0.5102182539682539,0.3719669117647058,0.5952991452991454,0.96
FractionCSP3,residual_property,FractionCSP3_residual,122.72727272727276,diagnostic_residual,50,50,1.0,0.2891638427073548,0.2313265525394581,0.3784841409748866,0.33800843614920717,0.17942453184824284,0.5061544287026324,0.9
FractionCSP3,residual_property,FractionCSP3_residual,125.75757575757576,raw_property,50,50,1.0,0.8181818181818182,0.7430555555555556,0.8601190476190477,0.4976958525345623,0.3655748663101604,0.620177423195999,0.98
FractionCSP3,residual_property,FractionCSP3_residual,125.75757575757576,diagnostic_residual,50,50,1.0,0.31578991352911767,0.2069662128556817,0.36329542728453357,0.3170897764004059,0.1452208828755443,0.5198875248689787,0.94
FractionCSP3,residual_property,FractionCSP3_residual,128.7878787878788,raw_property,50,50,1.0,0.7970588235294118,0.7306397306397306,0.8473011363636364,0.48369025029366597,0.3409090909090909,0.6224089635854342,0.98
FractionCSP3,residual_property,FractionCSP3_residual,128.7878787878788,diagnostic_residual,50,50,1.0,0.2769277663236899,0.19652042664251565,0.3295484412368516,0.30894437080138265,0.11610460156094539,0.49474790326747675,0.9
FractionCSP3,residual_property,FractionCSP3_residual,131.8181818181818,raw_property,50,50,1.0,0.8209706959706959,0.735576923076923,0.8560924369747899,0.49105263157894735,0.37217032967032965,0.6455882352941176,0.98
FractionCSP3,residual_property,FractionCSP3_residual,131.8181818181818,diagnostic_residual,50,50,1.0,0.26732224811155575,0.20222414685756565,0.34560276428668085,0.30982522592979683,0.14258278896089677,0.5073388772088283,0.9
FractionCSP3,residual_property,FractionCSP3_residual,134.84848484848487,raw_property,50,50,1.0,0.7939814814814814,0.7318376068376068,0.8451417004048583,0.48374542124542125,0.31599697420380535,0.624200325291407,0.98
FractionCSP3,residual_property,FractionCSP3_residual,134.84848484848487,diagnostic_residual,50,50,1.0,0.2584886721946002,0.18363707380944624,0.3222485480625359,0.30784815919110553,0.09360855105647459,0.49789451047548483,0.9
FractionCSP3,residual_property,FractionCSP3_residual,137.87878787878788,raw_property,50,50,1.0,0.8,0.7525,0.8421052631578947,0.5064935064935066,0.33871103724044904,0.6204248366013072,0.96
FractionCSP3,residual_property,FractionCSP3_residual,137.87878787878788,diagnostic_residual,50,50,1.0,0.2361022049122771,0.1370793279616745,0.3111172054311604,0.29159364484936134,0.08094763378316834,0.4988740016300658,0.86
FractionCSP3,residual_property,FractionCSP3_residual,140.90909090909088,raw_property,50,50,1.0,0.8,0.7575675675675676,0.842948717948718,0.49203174603174604,0.3398182957393484,0.6051406926406927,0.98
FractionCSP3,residual_property,FractionCSP3_residual,140.90909090909088,diagnostic_residual,50,50,1.0,0.2151887855207139,0.15676491955641325,0.3145427164072242,0.2483914224407829,0.052494235946292316,0.48246663125720257,0.86
FractionCSP3,residual_property,FractionCSP3_residual,143.93939393939394,raw_property,50,50,1.0,0.7894736842105263,0.7387566137566137,0.8428125,0.4902439024390244,0.33551839654780835,0.6098249576510447,0.98
FractionCSP3,residual_property,FractionCSP3_residual,143.93939393939394,diagnostic_residual,50,50,1.0,0.21736366545171731,0.15479230310987988,0.3052951977540332,0.28896210262370503,0.08448545487113046,0.4502520110985746,0.88
FractionCSP3,residual_property,FractionCSP3_residual,146.96969696969694,raw_property,50,50,1.0,0.7623083131557707,0.7210344827586207,0.8378378378378378,0.5063559322033898,0.33814028314028316,0.6033986175115208,0.96
FractionCSP3,residual_property,FractionCSP3_residual,146.96969696969694,diagnostic_residual,50,50,1.0,0.2103525302488229,0.09624447663016278,0.29335804240414404,0.2403426705549257,0.04618141621988603,0.4321822109809349,0.78
FractionCSP3,residual_property,FractionCSP3_residual,150.0,raw_property,50,50,1.0,0.779040404040404,0.7157142857142857,0.8175837320574163,0.4829090909090909,0.3324812382739212,0.600963552576456,0.96
FractionCSP3,residual_property,FractionCSP3_residual,150.0,diagnostic_residual,50,50,1.0,0.198002571104921,0.08908386485684508,0.278260980895779,0.22882386297521748,0.07845846530389217,0.4038179524342871,0.8
FractionCSP3,selfies_length,selfies_len_tokens,-150.0,raw_property,50,44,0.88,1.0,1.0,1.0,0.6190476190476191,0.47478991596638653,0.7713675213675214,0.11363636363636363
FractionCSP3,selfies_length,selfies_len_tokens,-150.0,diagnostic_residual,50,44,0.88,-0.3443007113074694,-0.3443007113074694,-0.24210017747484888,-0.27197944749898323,-0.48447642228294807,-0.09348170536753961,0.7954545454545454
FractionCSP3,selfies_length,selfies_len_tokens,-146.96969696969697,raw_property,50,44,0.88,1.0,1.0,1.0,0.6190476190476191,0.47478991596638653,0.7713675213675214,0.11363636363636363
FractionCSP3,selfies_length,selfies_len_tokens,-146.96969696969697,diagnostic_residual,50,44,0.88,-0.3443007113074694,-0.3443007113074694,0.062222393699177,-0.27197944749898323,-0.48447642228294807,-0.08368767622919017,0.7727272727272727
FractionCSP3,selfies_length,selfies_len_tokens,-143.93939393939394,raw_property,50,44,0.88,1.0,1.0,1.0,0.6190476190476191,0.47478991596638653,0.7713675213675214,0.11363636363636363
FractionCSP3,selfies_length,selfies_len_tokens,-143.93939393939394,diagnostic_residual,50,44,0.88,-0.3443007113074694,-0.3443007113074694,0.062222393699177,-0.27197944749898323,-0.48447642228294807,-0.04065449527037917,0.75
FractionCSP3,selfies_length,selfies_len_tokens,-140.9090909090909,raw_property,50,44,0.88,1.0,1.0,1.0,0.6190476190476191,0.47478991596638653,0.7713675213675214,0.11363636363636363
FractionCSP3,selfies_length,selfies_len_tokens,-140.9090909090909,diagnostic_residual,50,44,0.88,-0.3443007113074694,-0.3443007113074694,0.062222393699177,-0.2560037443933268,-0.48447642228294807,0.02853602152303105,0.7272727272727273
FractionCSP3,selfies_length,selfies_len_tokens,-137.87878787878788,raw_property,50,45,0.9,1.0,1.0,1.0,0.6190476190476191,0.47058823529411764,0.7692307692307693,0.13333333333333333
FractionCSP3,selfies_length,selfies_len_tokens,-137.87878787878788,diagnostic_residual,50,45,0.9,-0.3443007113074694,-0.3443007113074694,0.062222393699177,-0.2577456386177186,-0.5015255881368885,0.055677414376348176,0.7111111111111111
FractionCSP3,selfies_length,selfies_len_tokens,-134.84848484848484,raw_property,50,45,0.9,1.0,1.0,1.0,0.6190476190476191,0.47058823529411764,0.7692307692307693,0.13333333333333333
FractionCSP3,selfies_length,selfies_len_tokens,-134.84848484848484,diagnostic_residual,50,45,0.9,-0.3443007113074694,-0.3443007113074694,0.062222393699177,-0.254261850168935,-0.4787933669983012,0.019488890571925342,0.7333333333333333
FractionCSP3,selfies_length,selfies_len_tokens,-131.8181818181818,raw_property,50,45,0.9,1.0,1.0,1.0,0.6190476190476191,0.47058823529411764,0.7692307692307693,0.13333333333333333
FractionCSP3,selfies_length,selfies_len_tokens,-131.8181818181818,diagnostic_residual,50,45,0.9,-0.3443007113074694,-0.3443007113074694,0.062222393699177,-0.254261850168935,-0.4787933669983012,0.019488890571925342,0.7333333333333333
FractionCSP3,selfies_length,selfies_len_tokens,-128.78787878787878,raw_property,50,46,0.92,1.0,1.0,1.0,0.6095238095238096,0.43907563025210083,0.764423076923077,0.15217391304347827
FractionCSP3,selfies_length,selfies_len_tokens,-128.78787878787878,diagnostic_residual,50,46,0.92,-0.3443007113074694,-0.3443007113074694,0.062222393699177,-0.25320876875267523,-0.49584253285224167,-0.0005589047088428306,0.7391304347826086
FractionCSP3,selfies_length,selfies_len_tokens,-125.75757575757576,raw_property,50,46,0.92,1.0,1.0,1.0,0.6095238095238096,0.43907563025210083,0.764423076923077,0.15217391304347827
FractionCSP3,selfies_length,selfies_len_tokens,-125.75757575757576,diagnostic_residual,50,46,0.92,-0.3443007113074694,-0.3443007113074694,0.062222393699177,-0.2560037443933268,-0.49584253285224167,-0.0005589047088428306,0.7391304347826086
FractionCSP3,selfies_length,selfies_len_tokens,-122.72727272727272,raw_property,50,46,0.92,1.0,1.0,1.0,0.6095238095238096,0.43907563025210083,0.764423076923077,0.15217391304347827
FractionCSP3,selfies_length,selfies_len_tokens,-122.72727272727272,diagnostic_residual,50,46,0.92,-0.3443007113074694,-0.3443007113074694,0.062222393699177,-0.2560037443933268,-0.49584253285224167,-0.0005589047088428306,0.7391304347826086
FractionCSP3,selfies_length,selfies_len_tokens,-119.69696969696967,raw_property,50,46,0.92,1.0,1.0,1.0,0.6095238095238096,0.43907563025210083,0.764423076923077,0.15217391304347827
FractionCSP3,selfies_length,selfies_len_tokens,-119.69696969696967,diagnostic_residual,50,46,0.92,-0.3435410345328575,-0.3443007113074694,0.062222393699177,-0.25320876875267523,-0.49584253285224167,0.043419409620422046,0.717391304347826
FractionCSP3,selfies_length,selfies_len_tokens,-116.66666666666666,raw_property,50,46,0.92,1.0,1.0,1.0,0.6095238095238096,0.43907563025210083,0.764423076923077,0.15217391304347827
FractionCSP3,selfies_length,selfies_len_tokens,-116.66666666666666,diagnostic_residual,50,46,0.92,-0.3435410345328575,-0.3443007113074694,0.062222393699177,-0.2560037443933268,-0.507865320312354,0.043419409620422046,0.717391304347826
FractionCSP3,selfies_length,selfies_len_tokens,-113.63636363636364,raw_property,50,46,0.92,1.0,1.0,1.0,0.6095238095238096,0.43907563025210083,0.764423076923077,0.15217391304347827
FractionCSP3,selfies_length,selfies_len_tokens,-113.63636363636364,diagnostic_residual,50,46,0.92,-0.3435410345328575,-0.3443007113074694,0.054124172274107554,-0.25320876875267523,-0.507865320312354,0.022335619150034118,0.717391304347826
FractionCSP3,selfies_length,selfies_len_tokens,-110.6060606060606,raw_property,50,47,0.94,1.0,1.0,1.0,0.6,0.380952380952381,0.7596153846153846,0.1702127659574468
FractionCSP3,selfies_length,selfies_len_tokens,-110.6060606060606,diagnostic_residual,50,47,0.94,-0.3435410345328575,-0.3443007113074694,0.0460259508490381,-0.25215568733641547,-0.5483936056156079,0.037340388989662326,0.7021276595744681
FractionCSP3,selfies_length,selfies_len_tokens,-107.57575757575758,raw_property,50,47,0.94,1.0,1.0,1.0,0.6,0.380952380952381,0.7596153846153846,0.1702127659574468
FractionCSP3,selfies_length,selfies_len_tokens,-107.57575757575758,diagnostic_residual,50,47,0.94,-0.3435410345328575,-0.3443007113074694,0.062222393699177,-0.25215568733641547,-0.5483936056156079,0.054096483395461636,0.7021276595744681
FractionCSP3,selfies_length,selfies_len_tokens,-104.54545454545456,raw_property,50,47,0.94,1.0,1.0,1.0,0.6,0.380952380952381,0.7596153846153846,0.1702127659574468
FractionCSP3,selfies_length,selfies_len_tokens,-104.54545454545456,diagnostic_residual,50,47,0.94,-0.3435410345328575,-0.3443007113074694,0.062222393699177,-0.24385787617867222,-0.548013767228302,0.08515168425287917,0.6595744680851063
FractionCSP3,selfies_length,selfies_len_tokens,-101.51515151515152,raw_property,50,47,0.94,1.0,1.0,1.0,0.6,0.380952380952381,0.7596153846153846,0.1702127659574468
FractionCSP3,selfies_length,selfies_len_tokens,-101.51515151515152,diagnostic_residual,50,47,0.94,-0.3420216809836343,-0.3443007113074694,0.062222393699177,-0.13049913161815244,-0.5049923994792537,0.09376429847629242,0.6170212765957447
FractionCSP3,selfies_length,selfies_len_tokens,-98.48484848484848,raw_property,50,48,0.96,1.0,1.0,1.0,0.6,0.2963659147869674,0.7548076923076923,0.20833333333333334
FractionCSP3,selfies_length,selfies_len_tokens,-98.48484848484848,diagnostic_residual,50,48,0.96,-0.3435410345328575,-0.3443007113074694,0.03792772942396865,-0.17847899667253175,-0.5525500834381116,0.08807103664298403,0.6458333333333334
FractionCSP3,selfies_length,selfies_len_tokens,-95.45454545454544,raw_property,50,49,0.98,1.0,0.5,1.0,0.55,0.23809523809523814,0.75,0.20408163265306123
FractionCSP3,selfies_length,selfies_len_tokens,-95.45454545454544,diagnostic_residual,50,49,0.98,-0.3435410345328575,-0.3443007113074694,0.0298295079988992,-0.2134381043286165,-0.6825436709637545,0.06877565806316788,0.673469387755102
FractionCSP3,selfies_length,selfies_len_tokens,-92.42424242424242,raw_property,50,49,0.98,1.0,0.5,1.0,0.55,0.23809523809523814,0.7272727272727273,0.20408163265306123
FractionCSP3,selfies_length,selfies_len_tokens,-92.42424242424242,diagnostic_residual,50,49,0.98,-0.3435410345328575,-0.3443007113074694,0.0298295079988992,-0.1731736012229071,-0.5092188875962307,0.06877565806316788,0.673469387755102
FractionCSP3,selfies_length,selfies_len_tokens,-89.39393939393939,raw_property,50,49,0.98,1.0,0.5,1.0,0.55,0.14102564102564102,0.7272727272727273,0.1836734693877551
FractionCSP3,selfies_length,selfies_len_tokens,-89.39393939393939,diagnostic_residual,50,49,0.98,-0.2849803910663502,-0.3443007113074694,0.0298295079988992,-0.16068870243520614,-0.5007659113622767,0.08791696292612079,0.6326530612244898
FractionCSP3,selfies_length,selfies_len_tokens,-86.36363636363637,raw_property,50,49,0.98,1.0,0.4,1.0,0.55,0.14102564102564102,0.7272727272727273,0.1836734693877551
FractionCSP3,selfies_length,selfies_len_tokens,-86.36363636363637,diagnostic_residual,50,49,0.98,-0.0741762430691388,-0.3443007113074694,0.0298295079988992,-0.16068870243520614,-0.5007659113622767,0.08853325779357377,0.6122448979591837
FractionCSP3,selfies_length,selfies_len_tokens,-83.33333333333333,raw_property,50,49,0.98,1.0,0.4,1.0,0.5454545454545455,0.047619047619047616,0.7272727272727273,0.1836734693877551
FractionCSP3,selfies_length,selfies_len_tokens,-83.33333333333333,diagnostic_residual,50,49,0.98,-0.0386809455320753,-0.3443007113074694,0.0298295079988992,-0.13416331595195596,-0.546798297529233,0.08853325779357377,0.6326530612244898
FractionCSP3,selfies_length,selfies_len_tokens,-80.3030303030303,raw_property,50,49,0.98,1.0,0.5,1.0,0.55,0.1923076923076923,0.7272727272727273,0.16326530612244897
FractionCSP3,selfies_length,selfies_len_tokens,-80.3030303030303,diagnostic_residual,50,49,0.98,-0.0386809455320753,-0.3443007113074694,0.0298295079988992,-0.09058979468059253,-0.41315152959925583,0.11249392014845247,0.6122448979591837
FractionCSP3,selfies_length,selfies_len_tokens,-77.27272727272728,raw_property,50,49,0.98,1.0,0.4,1.0,0.47619047619047616,0.07894736842105271,0.7272727272727273,0.1836734693877551
FractionCSP3,selfies_length,selfies_len_tokens,-77.27272727272728,diagnostic_residual,50,49,0.98,-0.0483299854905048,-0.4377776063008229,0.0298295079988992,-0.09058979468059253,-0.4374718707967167,0.08853325779357377,0.6326530612244898
FractionCSP3,selfies_length,selfies_len_tokens,-74.24242424242425,raw_property,50,49,0.98,1.0,0.4,1.0,0.47058823529411764,0.07894736842105271,0.7272727272727273,0.1836734693877551
FractionCSP3,selfies_length,selfies_len_tokens,-74.24242424242425,diagnostic_residual,50,49,0.98,-0.0483299854905048,-0.4000432053022489,0.0298295079988992,-0.06053374494047792,-0.4374718707967167,0.08853325779357377,0.6530612244897959
FractionCSP3,selfies_length,selfies_len_tokens,-71.21212121212122,raw_property,50,49,0.98,1.0,0.4,1.0,0.4285714285714286,0.07142857142857151,0.7,0.1836734693877551
FractionCSP3,selfies_length,selfies_len_tokens,-71.21212121212122,diagnostic_residual,50,49,0.98,-0.0128346879534411,-0.3580848495225325,0.062222393699177,-0.05787540879271941,-0.41315152959925583,0.09178184424443389,0.6122448979591837
FractionCSP3,selfies_length,selfies_len_tokens,-68.18181818181819,raw_property,50,49,0.98,0.6666666666666666,0.3333333333333333,1.0,0.38095238095238093,0.0,0.6923076923076923,0.22448979591836735
FractionCSP3,selfies_length,selfies_len_tokens,-68.18181818181819,diagnostic_residual,50,49,0.98,-0.0483299854905048,-0.4000432053022489,0.062222393699177,-0.05787540879271941,-0.36433106463221193,0.09178184424443389,0.5918367346938775
FractionCSP3,selfies_length,selfies_len_tokens,-65.15151515151516,raw_property,50,50,1.0,0.6666666666666666,0.3333333333333333,1.0,0.3205128205128205,0.0,0.55,0.24
FractionCSP3,selfies_length,selfies_len_tokens,-65.15151515151516,diagnostic_residual,50,50,1.0,-0.08107526704650189,-0.4000432053022489,0.0298295079988992,-0.09000563787628157,-0.3288414509525535,0.08837918407671053,0.64
FractionCSP3,selfies_length,selfies_len_tokens,-62.121212121212125,raw_property,50,50,1.0,0.6,0.3333333333333333,1.0,0.22499999999999998,0.0,0.5488636363636364,0.24
FractionCSP3,selfies_length,selfies_len_tokens,-62.121212121212125,diagnostic_residual,50,50,1.0,-0.08107526704650189,-0.425560732018921,0.01469186392967225,-0.12487509704400283,-0.3288414509525535,0.06674499651430026,0.68
FractionCSP3,selfies_length,selfies_len_tokens,-59.09090909090909,raw_property,50,50,1.0,0.6,0.3333333333333333,1.0,0.22115384615384615,0.0,0.519047619047619,0.18
FractionCSP3,selfies_length,selfies_len_tokens,-59.09090909090909,diagnostic_residual,50,50,1.0,-0.0831760617310679,-0.3613821393917083,0.05996744261005917,-0.07441083774425164,-0.27347013086958394,0.08309149908765928,0.62
FractionCSP3,selfies_length,selfies_len_tokens,-56.06060606060606,raw_property,50,50,1.0,0.5,0.3333333333333333,0.8428571428571429,0.23214285714285715,0.0,0.5050324675324676,0.2
FractionCSP3,selfies_length,selfies_len_tokens,-56.06060606060606,diagnostic_residual,50,50,1.0,-0.1182232699595565,-0.3417079565017407,0.0761024923936873,-0.05107563364246,-0.2890052699802224,0.08194707480037902,0.6
FractionCSP3,selfies_length,selfies_len_tokens,-53.03030303030303,raw_property,50,50,1.0,0.5,0.23809523809523808,0.7875000000000001,0.21366459627329193,0.0,0.4738095238095238,0.24
FractionCSP3,selfies_length,selfies_len_tokens,-53.03030303030303,diagnostic_residual,50,50,1.0,-0.130261920731257,-0.3015151722340601,0.0802227407754496,-0.07346564729462618,-0.2618708163788636,0.10324477438707436,0.58
FractionCSP3,selfies_length,selfies_len_tokens,-50.0,raw_property,50,50,1.0,0.5,0.23214285714285707,0.7875000000000001,0.21194295900178256,0.0,0.43985671191553544,0.24
FractionCSP3,selfies_length,selfies_len_tokens,-50.0,diagnostic_residual,50,50,1.0,-0.11816793118565724,-0.30010451405550537,0.13275092788903148,-0.07346564729462618,-0.2545171827424549,0.11063392592337512,0.56
FractionCSP3,selfies_length,selfies_len_tokens,-46.96969696969697,raw_property,50,50,1.0,0.4,0.20555555555555555,0.6666666666666666,0.21194295900178256,-0.08111263736263734,0.39510073260073253,0.3
FractionCSP3,selfies_length,selfies_len_tokens,-46.96969696969697,diagnostic_residual,50,50,1.0,-0.05736570606542955,-0.2609645917064478,0.11956383142663202,0.005246694240210598,-0.20666932236373586,0.11817822603385081,0.48
FractionCSP3,selfies_length,selfies_len_tokens,-43.93939393939394,raw_property,50,50,1.0,0.41428571428571426,0.22916666666666666,0.6666666666666666,0.17731092436974788,-0.07619047619047617,0.35851648351648346,0.3
FractionCSP3,selfies_length,selfies_len_tokens,-43.93939393939394,diagnostic_residual,50,50,1.0,-0.046091050856679944,-0.20938017679596344,0.12914571206424463,0.008158503084807353,-0.18575246517024707,0.1418416642493232,0.46
FractionCSP3,selfies_length,selfies_len_tokens,-40.90909090909091,raw_property,50,50,1.0,0.3875,0.25,0.5631868131868132,0.13589743589743591,-0.03479853479853482,0.3243697478991596,0.34
FractionCSP3,selfies_length,selfies_len_tokens,-40.90909090909091,diagnostic_residual,50,50,1.0,-0.0490741165777365,-0.1917764325410532,0.08200883309141038,-0.0011130081002713038,-0.1196285314942016,0.11798315333337399,0.5
FractionCSP3,selfies_length,selfies_len_tokens,-37.87878787878788,raw_property,50,50,1.0,0.3798076923076923,0.22916666666666666,0.5,0.1,-0.03717948717948722,0.26250000000000007,0.36
FractionCSP3,selfies_length,selfies_len_tokens,-37.87878787878788,diagnostic_residual,50,50,1.0,-0.061899865553904546,-0.2004138478187839,0.05958454557502137,-0.01788412953074753,-0.12377351962946283,0.08085395564406486,0.56
FractionCSP3,selfies_length,selfies_len_tokens,-34.848484848484844,raw_property,50,50,1.0,0.375,0.25,0.5,0.1291666666666667,-0.03479853479853482,0.21130952380952384,0.32
FractionCSP3,selfies_length,selfies_len_tokens,-34.848484848484844,diagnostic_residual,50,50,1.0,-0.03160446254043345,-0.1535897979593611,0.05958454557502137,0.019984706882992337,-0.06897268155401522,0.09853143950917848,0.48
FractionCSP3,selfies_length,selfies_len_tokens,-31.818181818181813,raw_property,50,50,1.0,0.375,0.25,0.45726495726495725,0.07948717948717945,-0.05669856459330139,0.16246118012422364,0.3
FractionCSP3,selfies_length,selfies_len_tokens,-31.818181818181813,diagnostic_residual,50,50,1.0,-0.05491796706201015,-0.19777270651832382,0.05782851492560845,0.0006082425701454397,-0.10037222155952602,0.07847029097656383,0.5
FractionCSP3,selfies_length,selfies_len_tokens,-28.787878787878785,raw_property,50,50,1.0,0.4,0.25,0.4916666666666667,0.10384615384615384,0.0,0.18782679738562094,0.24
FractionCSP3,selfies_length,selfies_len_tokens,-28.787878787878785,diagnostic_residual,50,50,1.0,-0.028634183091054602,-0.15149795869277163,0.09666778815465323,0.03317766487801241,-0.06710763972463128,0.11195818630999163,0.46
FractionCSP3,selfies_length,selfies_len_tokens,-25.757575757575765,raw_property,50,50,1.0,0.375,0.23557692307692302,0.49038461538461536,0.07529304029304035,0.0,0.1307692307692308,0.2
FractionCSP3,selfies_length,selfies_len_tokens,-25.757575757575765,diagnostic_residual,50,50,1.0,-0.0443264359985631,-0.12481440981350567,0.09288212055582072,0.015102196929486084,-0.05876946746755384,0.08744153866038314,0.42
FractionCSP3,selfies_length,selfies_len_tokens,-22.727272727272734,raw_property,50,50,1.0,0.3798076923076923,0.2222222222222222,0.5,0.017724458204334298,0.0,0.10819242676827823,0.18
FractionCSP3,selfies_length,selfies_len_tokens,-22.727272727272734,diagnostic_residual,50,50,1.0,-0.048242311995373946,-0.12481440981350567,0.08044879675181398,0.0,-0.057552696650925265,0.061769952972398456,0.48
FractionCSP3,selfies_length,selfies_len_tokens,-19.69696969696969,raw_property,50,50,1.0,0.3431372549019608,0.16911764705882348,0.45979020979020974,0.0,0.0,0.04548503611971105,0.22
FractionCSP3,selfies_length,selfies_len_tokens,-19.69696969696969,diagnostic_residual,50,50,1.0,-0.0496346055116679,-0.14177927095875703,0.0509966934141233,-0.0023026482167854516,-0.049869739762099075,0.007241527149964844,0.56
FractionCSP3,selfies_length,selfies_len_tokens,-16.666666666666657,raw_property,50,50,1.0,0.3076923076923077,0.14880952380952375,0.4573863636363636,0.0,0.0,0.0,0.22
FractionCSP3,selfies_length,selfies_len_tokens,-16.666666666666657,diagnostic_residual,50,50,1.0,-0.0620856726108788,-0.18463282490569716,0.042529166876005775,-3.469446951953614e-18,-0.03309607921603784,2.2898349882893854e-16,0.5
FractionCSP3,selfies_length,selfies_len_tokens,-13.636363636363626,raw_property,50,50,1.0,0.3076923076923077,0.16911764705882348,0.4534090909090909,0.0,0.0,0.0,0.16
FractionCSP3,selfies_length,selfies_len_tokens,-13.636363636363626,diagnostic_residual,50,50,1.0,-0.0679247467198304,-0.16726432594679458,0.0556736804439256,-3.469446951953614e-18,-0.015789127483087275,1.3877787807814457e-16,0.5
FractionCSP3,selfies_length,selfies_len_tokens,-10.606060606060597,raw_property,50,50,1.0,0.2857142857142857,0.18042986425339363,0.4534090909090909,0.0,0.0,0.0,0.04
FractionCSP3,selfies_length,selfies_len_tokens,-10.606060606060597,diagnostic_residual,50,50,1.0,-0.0637137460154379,-0.1404297488041799,0.0556736804439256,2.7755575615628914e-17,-1.4224732503009818e-16,1.5959455978986625e-16,0.4
FractionCSP3,selfies_length,selfies_len_tokens,-7.575757575757564,raw_property,50,50,1.0,0.2857142857142857,0.18042986425339363,0.45,0.0,0.0,0.0,0.02
FractionCSP3,selfies_length,selfies_len_tokens,-7.575757575757564,diagnostic_residual,50,50,1.0,-0.0637137460154379,-0.1404297488041799,0.0556736804439256,0.0,-1.8127860323957634e-16,1.3530843112619095e-16,0.44
FractionCSP3,selfies_length,selfies_len_tokens,-4.545454545454561,raw_property,50,50,1.0,0.2857142857142857,0.18042986425339363,0.4534090909090909,0.0,0.0,0.0,0.0
FractionCSP3,selfies_length,selfies_len_tokens,-4.545454545454561,diagnostic_residual,50,50,1.0,-0.0637137460154379,-0.13110444747847771,0.0556736804439256,2.7755575615628914e-17,-1.4224732503009818e-16,1.3877787807814457e-16,0.4
FractionCSP3,selfies_length,selfies_len_tokens,-1.5151515151515298,raw_property,50,50,1.0,0.2857142857142857,0.18042986425339363,0.4534090909090909,0.0,0.0,0.0,0.0
FractionCSP3,selfies_length,selfies_len_tokens,-1.5151515151515298,diagnostic_residual,50,50,1.0,-0.0637137460154379,-0.1501049202818826,0.0556736804439256,2.7755575615628914e-17,-1.4224732503009818e-16,1.3877787807814457e-16,0.4
FractionCSP3,selfies_length,selfies_len_tokens,1.5151515151515014,raw_property,50,50,1.0,0.2857142857142857,0.18042986425339363,0.4534090909090909,0.0,0.0,0.0,0.04
FractionCSP3,selfies_length,selfies_len_tokens,1.5151515151515014,diagnostic_residual,50,50,1.0,-0.0637137460154379,-0.15661531360622424,0.0556736804439256,2.7755575615628914e-17,-1.4224732503009818e-16,1.5959455978986625e-16,0.52
FractionCSP3,selfies_length,selfies_len_tokens,4.5454545454545325,raw_property,50,50,1.0,0.2857142857142857,0.18042986425339363,0.4534090909090909,0.0,0.0,0.0,0.04
FractionCSP3,selfies_length,selfies_len_tokens,4.5454545454545325,diagnostic_residual,50,50,1.0,-0.0637137460154379,-0.15661531360622424,0.0556736804439256,2.7755575615628914e-17,-1.4224732503009818e-16,1.5959455978986625e-16,0.52
FractionCSP3,selfies_length,selfies_len_tokens,7.575757575757564,raw_property,50,50,1.0,0.2857142857142857,0.18235294117647058,0.45,0.0,0.0,0.0,0.08
FractionCSP3,selfies_length,selfies_len_tokens,7.575757575757564,diagnostic_residual,50,50,1.0,-0.0637137460154379,-0.15661531360622424,0.0556736804439256,2.7755575615628914e-17,-1.4224732503009818e-16,2.2898349882893854e-16,0.52
FractionCSP3,selfies_length,selfies_len_tokens,10.606060606060597,raw_property,50,50,1.0,0.2792207792207792,0.18235294117647058,0.4486111111111111,0.0,0.0,0.0,0.12
FractionCSP3,selfies_length,selfies_len_tokens,10.606060606060597,diagnostic_residual,50,50,1.0,-0.06883485259467785,-0.1270541823633729,0.06457809733011717,3.122502256758253e-17,-3.3480163086352377e-16,0.0031384504454311374,0.52
FractionCSP3,selfies_length,selfies_len_tokens,13.636363636363626,raw_property,50,50,1.0,0.2857142857142857,0.16911764705882348,0.4356060606060606,0.0,0.0,0.0,0.14
FractionCSP3,selfies_length,selfies_len_tokens,13.636363636363626,diagnostic_residual,50,50,1.0,-0.08390044982548675,-0.14622058157926965,0.059164413163251675,-5.898059818321144e-17,-0.026392321253858746,0.010340112355394952,0.44
FractionCSP3,selfies_length,selfies_len_tokens,16.666666666666657,raw_property,50,50,1.0,0.28174603174603174,0.17997198879551818,0.4,0.0,-0.01345238095238091,0.0,0.18
FractionCSP3,selfies_length,selfies_len_tokens,16.666666666666657,diagnostic_residual,50,50,1.0,-0.08569306179591371,-0.16618290758965135,0.04766503488545155,-0.009549678985061483,-0.03679378025003273,0.0027026115716603585,0.36
FractionCSP3,selfies_length,selfies_len_tokens,19.69696969696969,raw_property,50,50,1.0,0.2727272727272727,0.17780748663101603,0.4,0.0,-0.02355072463768118,0.0,0.12
FractionCSP3,selfies_length,selfies_len_tokens,19.69696969696969,diagnostic_residual,50,50,1.0,-0.1117789295927684,-0.170103878123688,0.04818947567339315,-0.004226982332283913,-0.03866215766127878,0.003119054044730389,0.38
FractionCSP3,selfies_length,selfies_len_tokens,22.72727272727272,raw_property,50,50,1.0,0.2857142857142857,0.17922794117647056,0.41250000000000003,0.0,-0.03328157349896486,0.0,0.2
FractionCSP3,selfies_length,selfies_len_tokens,22.72727272727272,diagnostic_residual,50,50,1.0,-0.0758702838923182,-0.16994721384627756,0.06316571048809495,-0.00682910021306448,-0.04470318608317048,0.018775059332378816,0.42
FractionCSP3,selfies_length,selfies_len_tokens,25.75757575757575,raw_property,50,50,1.0,0.3090909090909091,0.19270833333333331,0.42370129870129863,0.0,-0.03290709290709294,0.03901895206243031,0.3
FractionCSP3,selfies_length,selfies_len_tokens,25.75757575757575,diagnostic_residual,50,50,1.0,-0.060842192645268495,-0.143849154994692,0.0635162529222615,-0.007244493751799981,-0.053662189031400624,0.050176247821231985,0.44
FractionCSP3,selfies_length,selfies_len_tokens,28.787878787878785,raw_property,50,50,1.0,0.2857142857142857,0.17997198879551818,0.44047619047619047,0.0,-0.029664153991115827,0.040769230769230766,0.38
FractionCSP3,selfies_length,selfies_len_tokens,28.787878787878785,diagnostic_residual,50,50,1.0,-0.0546721921554133,-0.14596712817517715,0.10234633377465617,-0.0010485968422974164,-0.0224240324160523,0.050323318508450274,0.5
FractionCSP3,selfies_length,selfies_len_tokens,31.818181818181813,raw_property,50,50,1.0,0.30625,0.2,0.3961538461538462,0.0,-0.036666666666666625,0.038496376811594214,0.36
FractionCSP3,selfies_length,selfies_len_tokens,31.818181818181813,diagnostic_residual,50,50,1.0,-0.0411020887381508,-0.12785861910115268,0.05481739940289523,0.01085310425714947,-0.026097121937165582,0.038810288852365156,0.56
FractionCSP3,selfies_length,selfies_len_tokens,34.848484848484844,raw_property,50,50,1.0,0.31,0.2026315789473684,0.44047619047619047,0.0,-0.036666666666666625,0.0426086956521739,0.42
FractionCSP3,selfies_length,selfies_len_tokens,34.848484848484844,diagnostic_residual,50,50,1.0,-0.03947249224287805,-0.13060530005789125,0.06667313584224382,0.015334551358782728,-0.034732537233066775,0.058259253364736724,0.58
FractionCSP3,selfies_length,selfies_len_tokens,37.87878787878788,raw_property,50,50,1.0,0.30614973262032086,0.21146616541353375,0.4243697478991596,0.005952380952380959,-0.013695862960568905,0.048515339150014075,0.5
FractionCSP3,selfies_length,selfies_len_tokens,37.87878787878788,diagnostic_residual,50,50,1.0,-0.043333583430842454,-0.11797553883069542,0.06636579921079948,0.03370387477324635,-0.02152351921390901,0.05567954066028239,0.66
FractionCSP3,selfies_length,selfies_len_tokens,40.90909090909091,raw_property,50,50,1.0,0.32666666666666666,0.1793831168831168,0.41544117647058826,0.0,-0.0298248626373626,0.059437229437229455,0.46
FractionCSP3,selfies_length,selfies_len_tokens,40.90909090909091,diagnostic_residual,50,50,1.0,-0.035512018416746505,-0.13122571291785934,0.10462688387911367,0.01676519921427909,-0.03273681216558392,0.06483739258906042,0.58
FractionCSP3,selfies_length,selfies_len_tokens,43.93939393939394,raw_property,50,50,1.0,0.32666666666666666,0.22916666666666666,0.4486111111111111,0.04005012531328321,-0.025059722885809904,0.08223684210526316,0.6
FractionCSP3,selfies_length,selfies_len_tokens,43.93939393939394,diagnostic_residual,50,50,1.0,-0.010379633017967752,-0.12458139056439546,0.1379244637603777,0.053273017417338316,0.00973168462596247,0.0973733826227369,0.78
FractionCSP3,selfies_length,selfies_len_tokens,46.96969696969697,raw_property,50,50,1.0,0.3333333333333333,0.1847826086956521,0.4433333333333333,0.02954805491990843,-0.018928571428571392,0.07321428571428568,0.56
FractionCSP3,selfies_length,selfies_len_tokens,46.96969696969697,diagnostic_residual,50,50,1.0,-0.00809963406360315,-0.11695210477400032,0.13787300389641852,0.04569249711559514,-0.004271926397893762,0.08868898744826136,0.74
FractionCSP3,selfies_length,selfies_len_tokens,50.0,raw_property,50,50,1.0,0.3405797101449275,0.2,0.4545454545454545,0.0062409812409812415,-0.029674369747899186,0.06349206349206353,0.54
FractionCSP3,selfies_length,selfies_len_tokens,50.0,diagnostic_residual,50,50,1.0,0.0354748959638682,-0.1196547372725245,0.13007693564447498,0.04648675982782265,-0.002827053098494646,0.10207416914157771,0.74
FractionCSP3,selfies_length,selfies_len_tokens,53.03030303030303,raw_property,50,50,1.0,0.31698564593301437,0.20982142857142852,0.4427083333333333,0.010119047619047597,-0.04845154845154846,0.09108391608391611,0.54
FractionCSP3,selfies_length,selfies_len_tokens,53.03030303030303,diagnostic_residual,50,50,1.0,-0.004709732043868349,-0.15290782560609056,0.11170947867254598,0.024251400695031455,-0.023938155188140492,0.09098956927367884,0.62
FractionCSP3,selfies_length,selfies_len_tokens,56.06060606060606,raw_property,50,50,1.0,0.3333333333333333,0.2218670076726342,0.4375,0.016009852216748756,-0.046339285714285666,0.09106334841628966,0.54
FractionCSP3,selfies_length,selfies_len_tokens,56.06060606060606,diagnostic_residual,50,50,1.0,-0.0004722795530608501,-0.15152146470248584,0.11621132549249064,0.02152248776405031,-0.03993418297365084,0.1008227308547456,0.62
FractionCSP3,selfies_length,selfies_len_tokens,59.09090909090909,raw_property,50,50,1.0,0.32291666666666663,0.22071428571428564,0.41544117647058826,0.01678187403993854,-0.05388187663729454,0.09106334841628966,0.52
FractionCSP3,selfies_length,selfies_len_tokens,59.09090909090909,diagnostic_residual,50,50,1.0,-0.03253002582624795,-0.1354304231924336,0.08714959841089467,0.020333306269316367,-0.07957555790241176,0.11384808513071554,0.56
FractionCSP3,selfies_length,selfies_len_tokens,62.121212121212125,raw_property,50,50,1.0,0.31288819875776397,0.2364705882352941,0.4271978021978021,0.010280042538107048,-0.07278704751131221,0.08154761904761909,0.52
FractionCSP3,selfies_length,selfies_len_tokens,62.121212121212125,diagnostic_residual,50,50,1.0,-0.02002646905491505,-0.15790373141926947,0.08658414878850615,0.02180066641936959,-0.08350768937232553,0.09828580619226418,0.58
FractionCSP3,selfies_length,selfies_len_tokens,65.15151515151516,raw_property,50,50,1.0,0.3038461538461539,0.22499999999999998,0.4232804232804232,0.030797101449275402,-0.07786172161172167,0.08550724637681166,0.58
FractionCSP3,selfies_length,selfies_len_tokens,65.15151515151516,diagnostic_residual,50,50,1.0,-0.0090183694585272,-0.1708431275047581,0.06818867414459923,0.03961438337547793,-0.07747168573365476,0.10365103273554258,0.58
FractionCSP3,selfies_length,selfies_len_tokens,68.18181818181819,raw_property,50,50,1.0,0.3333333333333333,0.2403448275862069,0.452020202020202,0.0333612040133779,-0.08322843822843821,0.10192307692307696,0.58
FractionCSP3,selfies_length,selfies_len_tokens,68.18181818181819,diagnostic_residual,50,50,1.0,-0.04890483728129265,-0.19341274874827535,0.054941507977029576,0.03210340004038773,-0.12010183867284221,0.07884797006897848,0.56
FractionCSP3,selfies_length,selfies_len_tokens,71.21212121212122,raw_property,50,50,1.0,0.290994623655914,0.222567287784679,0.4141949152542373,0.011168179646440513,-0.08184523809523801,0.10443121693121697,0.52
FractionCSP3,selfies_length,selfies_len_tokens,71.21212121212122,diagnostic_residual,50,50,1.0,-0.0507336927689706,-0.21269726613269843,0.05017168722270968,0.007764512704959195,-0.13562566838840562,0.07843356268741199,0.52
FractionCSP3,selfies_length,selfies_len_tokens,74.24242424242425,raw_property,50,50,1.0,0.32071428571428573,0.22518552875695727,0.4321428571428571,0.02221169634962737,-0.04440045248868775,0.13713235294117648,0.6
FractionCSP3,selfies_length,selfies_len_tokens,74.24242424242425,diagnostic_residual,50,50,1.0,-0.06933900278004895,-0.22530509852825745,0.0665663845957246,-0.010605106842830114,-0.21613618865060613,0.10208557279217764,0.48
FractionCSP3,selfies_length,selfies_len_tokens,77.27272727272728,raw_property,50,50,1.0,0.35067567567567565,0.2095286885245901,0.46185064935064934,0.049862637362637324,-0.060035552682611466,0.11352709790209785,0.58
FractionCSP3,selfies_length,selfies_len_tokens,77.27272727272728,diagnostic_residual,50,50,1.0,-0.17685506628500858,-0.40045285007016396,0.0383101474802559,-0.10972792170216723,-0.36321309935336765,0.10181286150249078,0.42
FractionCSP3,selfies_length,selfies_len_tokens,80.30303030303031,raw_property,50,50,1.0,0.3333333333333333,0.20389805097451275,0.4493996569468267,0.02607204116638079,-0.06510989010989013,0.12067099567099569,0.54
FractionCSP3,selfies_length,selfies_len_tokens,80.30303030303031,diagnostic_residual,50,50,1.0,-0.2016087277488406,-0.339266315920997,-0.032002586168495696,-0.12527818199095558,-0.3385857786383183,0.045256013094294556,0.32
FractionCSP3,selfies_length,selfies_len_tokens,83.33333333333334,raw_property,50,50,1.0,0.3333333333333333,0.25,0.4568394925537783,0.02474747474747474,-0.06736596736596737,0.0998987571568217,0.6
FractionCSP3,selfies_length,selfies_len_tokens,83.33333333333334,diagnostic_residual,50,50,1.0,-0.235962502113569,-0.3992680038060721,-0.033080224179160296,-0.12473504648644318,-0.35056541969810484,0.013198398364945815,0.28
FractionCSP3,selfies_length,selfies_len_tokens,86.36363636363637,raw_property,50,50,1.0,0.3107142857142857,0.20888157894736836,0.4391025641025641,0.023931623931623902,-0.06547619047619044,0.11891534391534395,0.56
FractionCSP3,selfies_length,selfies_len_tokens,86.36363636363637,diagnostic_residual,50,50,1.0,-0.2388156790019984,-0.439235552071488,-0.08157803675851658,-0.20632436397801157,-0.343614008004499,-0.05114755632077497,0.2
FractionCSP3,selfies_length,selfies_len_tokens,89.3939393939394,raw_property,50,50,1.0,0.3333333333333333,0.27088452088452086,0.4210574127906977,0.04426305970149251,-0.050961538461538405,0.12961548255665906,0.62
FractionCSP3,selfies_length,selfies_len_tokens,89.3939393939394,diagnostic_residual,50,50,1.0,-0.25932402757823253,-0.37538543762767657,-0.08240546310995323,-0.19998246052400265,-0.3520563669271174,-0.03943023843392872,0.2
FractionCSP3,selfies_length,selfies_len_tokens,92.42424242424244,raw_property,50,50,1.0,0.3427354363343311,0.2592342342342342,0.44025735294117646,0.023968253968254,-0.03671328671328668,0.12521645021645028,0.62
FractionCSP3,selfies_length,selfies_len_tokens,92.42424242424244,diagnostic_residual,50,50,1.0,-0.28512988328466576,-0.39644992239842064,-0.150709216042112,-0.24423242684200352,-0.39778822251979756,-0.08186253568293198,0.18
FractionCSP3,selfies_length,selfies_len_tokens,95.45454545454544,raw_property,50,50,1.0,0.3157894736842105,0.1766233766233766,0.44166666666666665,0.006795835743204151,-0.08379120879120874,0.09249767008387698,0.52
FractionCSP3,selfies_length,selfies_len_tokens,95.45454545454544,diagnostic_residual,50,50,1.0,-0.3226324033622959,-0.45065399401182926,-0.1990002409071564,-0.3377774598981184,-0.48254977438359925,-0.10387713319573683,0.16
FractionCSP3,selfies_length,selfies_len_tokens,98.48484848484848,raw_property,50,50,1.0,0.3333333333333333,0.2069620253164557,0.4557416267942583,0.04166666666666666,-0.09196220446220443,0.14090768755788818,0.52
FractionCSP3,selfies_length,selfies_len_tokens,98.48484848484848,diagnostic_residual,50,50,1.0,-0.3248261095323761,-0.47487741075534623,-0.1835580828624826,-0.3077048747090604,-0.42503942626254587,-0.15290739122656083,0.14
FractionCSP3,selfies_length,selfies_len_tokens,101.5151515151515,raw_property,50,50,1.0,0.3188405797101449,0.1807004470938897,0.4173076923076923,-0.014418526031102101,-0.10256613756613751,0.12222222222222226,0.46
FractionCSP3,selfies_length,selfies_len_tokens,101.5151515151515,diagnostic_residual,50,50,1.0,-0.4073550547069152,-0.5662048085477794,-0.225343974884992,-0.34803165783072787,-0.5030472609252686,-0.19848071445444743,0.1
FractionCSP3,selfies_length,selfies_len_tokens,104.54545454545452,raw_property,50,50,1.0,0.32666666666666666,0.21716589861751145,0.44116987897803667,0.030905326557500445,-0.0676901632815611,0.11262458471760803,0.6
FractionCSP3,selfies_length,selfies_len_tokens,104.54545454545452,diagnostic_residual,50,50,1.0,-0.3549023464035129,-0.5004111978638032,-0.24114820943013862,-0.3337244675603359,-0.4651196950493462,-0.1972228962169354,0.06
FractionCSP3,selfies_length,selfies_len_tokens,107.57575757575756,raw_property,50,50,1.0,0.3205453392517438,0.17018072289156622,0.4271978021978021,0.02351569998628819,-0.099571319091867,0.10034970722186075,0.54
FractionCSP3,selfies_length,selfies_len_tokens,107.57575757575756,diagnostic_residual,50,50,1.0,-0.387393737480624,-0.5239852400755023,-0.23244651273953848,-0.3786947110058157,-0.47977720064082185,-0.2202300897000698,0.04
FractionCSP3,selfies_length,selfies_len_tokens,110.60606060606062,raw_property,50,50,1.0,0.3333333333333333,0.17380332139368282,0.3974576271186441,0.055629236663719474,-0.09770114942528736,0.11393572181243407,0.6
FractionCSP3,selfies_length,selfies_len_tokens,110.60606060606062,diagnostic_residual,50,50,1.0,-0.4013989533893587,-0.5390920946503154,-0.2740729879577223,-0.3679907209054032,-0.4886830162205089,-0.28395872296557917,0.02
FractionCSP3,selfies_length,selfies_len_tokens,113.63636363636364,raw_property,50,50,1.0,0.3371212121212121,0.18897058823529406,0.41627358490566035,0.02257799671592775,-0.08118421052631582,0.14548611111111107,0.56
FractionCSP3,selfies_length,selfies_len_tokens,113.63636363636364,diagnostic_residual,50,50,1.0,-0.4168572713690273,-0.5766135294960382,-0.26365471626604486,-0.37753092455717774,-0.4993468887974969,-0.2710598854355114,0.04
FractionCSP3,selfies_length,selfies_len_tokens,116.66666666666669,raw_property,50,50,1.0,0.3313008130081301,0.18815789473684205,0.4579185520361991,0.01851836585520005,-0.08281926406926401,0.1469580983078163,0.54
FractionCSP3,selfies_length,selfies_len_tokens,116.66666666666669,diagnostic_residual,50,50,1.0,-0.40235699181014084,-0.6084205811649781,-0.25993276298539136,-0.3850765044553607,-0.5379271584880773,-0.2687091064569186,0.04
FractionCSP3,selfies_length,selfies_len_tokens,119.69696969696967,raw_property,50,50,1.0,0.32575757575757575,0.2272727272727272,0.46912878787878787,0.0315934065934066,-0.07839816433566431,0.1781856663260838,0.6
FractionCSP3,selfies_length,selfies_len_tokens,119.69696969696967,diagnostic_residual,50,50,1.0,-0.42705001111466234,-0.5721471958858148,-0.2720397733992015,-0.42924597878283854,-0.4912851692470112,-0.24990281120721616,0.04
FractionCSP3,selfies_length,selfies_len_tokens,122.72727272727276,raw_property,50,50,1.0,0.3333333333333333,0.22435344827586204,0.521420674405749,0.05714285714285716,-0.06636363636363637,0.152124183006536,0.6
FractionCSP3,selfies_length,selfies_len_tokens,122.72727272727276,diagnostic_residual,50,50,1.0,-0.3909346470238196,-0.6106663131905382,-0.27501070585350723,-0.4115018393277933,-0.5252394152169537,-0.24481285900097255,0.04
FractionCSP3,selfies_length,selfies_len_tokens,125.75757575757576,raw_property,50,50,1.0,0.35259875259875256,0.22472862957937578,0.5080164910673385,0.06499234967959786,-0.04559604000816493,0.20436590436590435,0.6
FractionCSP3,selfies_length,selfies_len_tokens,125.75757575757576,diagnostic_residual,50,50,1.0,-0.3999825843992806,-0.5972731700625988,-0.30932983081842347,-0.42793708710944833,-0.5516448013350839,-0.30642949438339906,0.06
FractionCSP3,selfies_length,selfies_len_tokens,128.7878787878788,raw_property,50,50,1.0,0.33836892321671963,0.22519559032716926,0.5055970149253731,0.04218595496184631,-0.07236426767676765,0.1819570135746606,0.54
FractionCSP3,selfies_length,selfies_len_tokens,128.7878787878788,diagnostic_residual,50,50,1.0,-0.4167386795874962,-0.5816987229784868,-0.32500529805829714,-0.4118552689913139,-0.5496456412820786,-0.289889443349771,0.02
FractionCSP3,selfies_length,selfies_len_tokens,131.8181818181818,raw_property,50,50,1.0,0.36518518518518517,0.25,0.5171415441176471,0.08939310403324999,-0.06263515600864997,0.20301003344481605,0.66
FractionCSP3,selfies_length,selfies_len_tokens,131.8181818181818,diagnostic_residual,50,50,1.0,-0.43141544403971,-0.6333813264847956,-0.2856472671025757,-0.4126275368940646,-0.5721090713053083,-0.269465534855659,0.04
FractionCSP3,selfies_length,selfies_len_tokens,134.84848484848487,raw_property,50,50,1.0,0.377373417721519,0.22804347826086951,0.5444128471060555,0.08438959629435819,-0.07400862068965515,0.2445965919326576,0.62
FractionCSP3,selfies_length,selfies_len_tokens,134.84848484848487,diagnostic_residual,50,50,1.0,-0.45443238508022615,-0.6267273458417869,-0.2790922201247432,-0.4300979170648519,-0.5721967687749857,-0.28382722389287496,0.02
FractionCSP3,selfies_length,selfies_len_tokens,137.87878787878788,raw_property,50,50,1.0,0.3507025761124122,0.212797619047619,0.5475000000000001,0.10467301975869911,-0.09513819750628173,0.20208333333333334,0.6
FractionCSP3,selfies_length,selfies_len_tokens,137.87878787878788,diagnostic_residual,50,50,1.0,-0.47993872091676104,-0.6504060820112582,-0.3200106287849289,-0.4246241722728542,-0.594317508846832,-0.2859828929281004,0.02
FractionCSP3,selfies_length,selfies_len_tokens,140.90909090909088,raw_property,50,50,1.0,0.3242009132420091,0.18983050847457628,0.5411086309523809,0.053110047846889996,-0.07077572964669737,0.20909273653176097,0.54
FractionCSP3,selfies_length,selfies_len_tokens,140.90909090909088,diagnostic_residual,50,50,1.0,-0.49210392797191327,-0.6931887137434524,-0.3140421719555288,-0.46405999220838356,-0.5877847048431388,-0.3017962159356171,0.04
FractionCSP3,selfies_length,selfies_len_tokens,143.93939393939394,raw_property,50,50,1.0,0.38772676786375415,0.22105866731047802,0.558531746031746,0.11191621797074885,-0.08388480392156863,0.2285714285714285,0.64
FractionCSP3,selfies_length,selfies_len_tokens,143.93939393939394,diagnostic_residual,50,50,1.0,-0.46654040869401403,-0.6607454510622719,-0.2789695461848528,-0.4668546881443064,-0.5784637435779515,-0.28934137043318164,0.04
FractionCSP3,selfies_length,selfies_len_tokens,146.96969696969694,raw_property,50,50,1.0,0.3797010607521697,0.2678065201984408,0.5921378968253969,0.0866977225672878,-0.06908602150537628,0.27615584529567794,0.66
FractionCSP3,selfies_length,selfies_len_tokens,146.96969696969694,diagnostic_residual,50,50,1.0,-0.4538922999460614,-0.6427386435297857,-0.2763091837093268,-0.44592871102247567,-0.5903731551766482,-0.30065035847446925,0.04
FractionCSP3,selfies_length,selfies_len_tokens,150.0,raw_property,50,50,1.0,0.3844322344322344,0.24475997295469912,0.5758841184914525,0.08696390818483846,-0.03424452252997105,0.25086206896551727,0.68
FractionCSP3,selfies_length,selfies_len_tokens,150.0,diagnostic_residual,50,50,1.0,-0.468492000968155,-0.6797210630780526,-0.32029361966669984,-0.4275977639789833,-0.6407316576768926,-0.3265973768470826,0.04
HBA,raw_property,HBA,-150.0,raw_property,50,50,1.0,0.0,0.0,0.0,-4.0,-5.0,-3.0,1.0
HBA,raw_property,HBA,-150.0,diagnostic_residual,50,50,1.0,0.1757753995298934,0.1740677634570211,1.0604307360527503,0.4830416782005851,-0.4067535975727923,1.435226411214694,0.34
HBA,raw_property,HBA,-146.96969696969697,raw_property,50,50,1.0,0.0,0.0,0.0,-4.0,-5.0,-3.0,1.0
HBA,raw_property,HBA,-146.96969696969697,diagnostic_residual,50,50,1.0,0.1757753995298934,0.1740677634570211,1.0875589339508875,0.5586849638140725,-0.2978326374768385,1.435226411214694,0.32
HBA,raw_property,HBA,-143.93939393939394,raw_property,50,50,1.0,0.0,0.0,0.0,-4.0,-5.0,-3.0,1.0
HBA,raw_property,HBA,-143.93939393939394,diagnostic_residual,50,50,1.0,0.1757753995298934,-0.28445806503587234,1.0604307360527503,0.40522620767479633,-0.2978326374768385,1.3050134953618735,0.34
HBA,raw_property,HBA,-140.9090909090909,raw_property,50,49,0.98,0.0,0.0,0.0,-4.0,-5.0,-3.0,1.0
HBA,raw_property,HBA,-140.9090909090909,diagnostic_residual,50,49,0.98,0.1757753995298934,-0.4501555616337498,1.0604307360527503,0.39988122405827875,-0.42356587017332537,1.3184242051048898,0.3673469387755102
HBA,raw_property,HBA,-137.87878787878788,raw_property,50,49,0.98,0.0,0.0,0.0,-4.0,-5.0,-3.0,1.0
HBA,raw_property,HBA,-137.87878787878788,diagnostic_residual,50,49,0.98,0.1740677634570211,-0.4592151156066273,0.8017063606935366,0.26737083987918636,-0.42356587017332537,1.1542309678508569,0.3877551020408163
HBA,raw_property,HBA,-134.84848484848484,raw_property,50,50,1.0,0.0,0.0,0.0,-4.0,-5.0,-3.0,1.0
HBA,raw_property,HBA,-134.84848484848484,diagnostic_residual,50,50,1.0,0.1740677634570211,-0.4501555616337498,0.8017063606935366,0.3218910129584398,-0.4148377646926771,1.242513910457121,0.4
HBA,raw_property,HBA,-131.8181818181818,raw_property,50,50,1.0,0.0,0.0,0.0,-4.0,-5.0,-3.0,1.0
HBA,raw_property,HBA,-131.8181818181818,diagnostic_residual,50,50,1.0,0.1740677634570211,-0.5689442549764313,0.8017063606935366,0.22366618930324655,-0.35957825725574105,1.2342757776186302,0.4
HBA,raw_property,HBA,-128.78787878787878,raw_property,50,50,1.0,0.0,0.0,0.0,-4.0,-5.0,-3.0,1.0
HBA,raw_property,HBA,-128.78787878787878,diagnostic_residual,50,50,1.0,0.07578505823102046,-0.605520634766366,0.8017063606935366,0.22366618930324655,-0.38165644029236345,1.2008113522169555,0.4
HBA,raw_property,HBA,-125.75757575757576,raw_property,50,50,1.0,0.0,0.0,0.0,-4.0,-5.0,-3.0,1.0
HBA,raw_property,HBA,-125.75757575757576,diagnostic_residual,50,50,1.0,0.07578505823102046,-0.605520634766366,0.8017063606935366,0.2897811773432173,-0.5246474483900756,1.070867532959356,0.4
HBA,raw_property,HBA,-122.72727272727272,raw_property,50,50,1.0,0.0,0.0,0.0,-4.0,-5.0,-3.0,1.0
HBA,raw_property,HBA,-122.72727272727272,diagnostic_residual,50,50,1.0,-0.0224976469949802,-0.7129457631080272,0.5847269282157593,0.1785603741869748,-0.5597756380230038,0.8167480873127806,0.44
HBA,raw_property,HBA,-119.69696969696967,raw_property,50,50,1.0,0.0,0.0,0.0,-4.0,-5.0,-3.0,1.0
HBA,raw_property,HBA,-119.69696969696967,diagnostic_residual,50,50,1.0,-0.006385159757343449,-0.758153494424184,0.3749162358727111,0.22366618930324655,-0.6606293646828044,0.8814995470828666,0.44
HBA,raw_property,HBA,-116.66666666666666,raw_property,50,50,1.0,0.0,0.0,0.0,-4.0,-5.0,-3.0,1.0
HBA,raw_property,HBA,-116.66666666666666,diagnostic_residual,50,50,1.0,-0.13434427692087064,-0.8171858974729544,0.5973315575596908,0.17422496811322885,-0.7974861362865275,0.9069840183559521,0.44
HBA,raw_property,HBA,-113.63636363636364,raw_property,50,50,1.0,0.0,0.0,0.0,-4.0,-5.0,-3.0,1.0
HBA,raw_property,HBA,-113.63636363636364,diagnostic_residual,50,50,1.0,-0.25501805668499267,-0.9052891802845383,0.5973315575596908,0.22366618930324655,-0.6395828100804573,0.8037660045261705,0.42
HBA,raw_property,HBA,-110.6060606060606,raw_property,50,50,1.0,0.0,0.0,0.0,-4.0,-5.0,-3.0,1.0
HBA,raw_property,HBA,-110.6060606060606,diagnostic_residual,50,50,1.0,-0.34884066773145306,-0.8202949538414218,0.508971717470493,0.17422496811322885,-0.637075697227137,0.8037660045261705,0.42
HBA,raw_property,HBA,-107.57575757575758,raw_property,50,50,1.0,0.0,0.0,0.0,-4.0,-5.0,-3.0,1.0
HBA,raw_property,HBA,-107.57575757575758,diagnostic_residual,50,50,1.0,-0.5474398771917262,-0.8202949538414218,0.635350884588018,0.13139410662356354,-0.7171239754942813,0.8037660045261705,0.44
HBA,raw_property,HBA,-104.54545454545456,raw_property,50,50,1.0,0.0,0.0,0.0,-4.0,-5.0,-3.0,1.0
HBA,raw_property,HBA,-104.54545454545456,diagnostic_residual,50,50,1.0,-0.5683342273230929,-1.1165160310372877,0.39585032325674807,0.07051896751711584,-0.8568790946838494,0.7099470082274769,0.48
HBA,raw_property,HBA,-101.51515151515152,raw_property,50,50,1.0,0.0,0.0,0.0,-4.0,-5.0,-3.0,1.0
HBA,raw_property,HBA,-101.51515151515152,diagnostic_residual,50,50,1.0,-0.6117588811061481,-1.2123518028667064,0.1757753995298934,-0.017565196351778667,-0.9329879430021887,0.519183888571465,0.52
HBA,raw_property,HBA,-98.48484848484848,raw_property,50,50,1.0,0.0,0.0,0.0,-4.0,-5.0,-3.0,1.0
HBA,raw_property,HBA,-98.48484848484848,diagnostic_residual,50,50,1.0,-0.6782368962611909,-1.3004107569795205,0.10564641340821374,-0.09184483902131892,-1.088989347829082,0.45368806974636855,0.56
HBA,raw_property,HBA,-95.45454545454544,raw_property,50,50,1.0,0.0,0.0,0.0,-4.0,-5.0,-3.0,1.0
HBA,raw_property,HBA,-95.45454545454544,diagnostic_residual,50,50,1.0,-0.6902411105872663,-1.3023948239624499,0.10564641340821374,-0.23563762830575996,-1.1704850927062465,0.45370786931798657,0.58
HBA,raw_property,HBA,-92.42424242424242,raw_property,50,50,1.0,0.0,0.0,0.0,-4.0,-5.0,-3.0,1.0
HBA,raw_property,HBA,-92.42424242424242,diagnostic_residual,50,50,1.0,-0.6902411105872663,-1.4221360695121685,0.16617563422534432,-0.3302937002146724,-1.1054580604957176,0.6038687804842595,0.58
HBA,raw_property,HBA,-89.39393939393939,raw_property,50,50,1.0,0.0,0.0,0.0,-4.0,-5.0,-3.0,1.0
HBA,raw_property,HBA,-89.39393939393939,diagnostic_residual,50,50,1.0,-0.6592549578546918,-1.491681791222009,0.0016710838614749264,-0.378954895727142,-1.2011827577146434,0.4489666686647719,0.6
HBA,raw_property,HBA,-86.36363636363637,raw_property,50,50,1.0,0.0,0.0,0.0,-4.0,-5.0,-3.0,1.0
HBA,raw_property,HBA,-86.36363636363637,diagnostic_residual,50,50,1.0,-0.669365794162774,-1.5159929363075608,-0.05533284735679305,-0.378954895727142,-1.286181889514408,0.3778168720180531,0.6
HBA,raw_property,HBA,-83.33333333333333,raw_property,50,50,1.0,0.0,0.0,0.0,-4.0,-5.0,-3.0,1.0
HBA,raw_property,HBA,-83.33333333333333,diagnostic_residual,50,50,1.0,-1.044342875219946,-1.6900417136468509,-0.051224885212161904,-0.5076000297121479,-1.4765822247971525,0.3778168720180531,0.62
HBA,raw_property,HBA,-80.3030303030303,raw_property,50,50,1.0,0.0,0.0,0.0,-4.0,-5.0,-3.0,1.0
HBA,raw_property,HBA,-80.3030303030303,diagnostic_residual,50,50,1.0,-1.207131305169395,-1.8605155820341965,-0.339710065857101,-0.8858405299542986,-1.5984850952118919,0.11668857920251975,0.7
HBA,raw_property,HBA,-77.27272727272728,raw_property,50,50,1.0,0.0,0.0,0.0,-4.0,-5.0,-3.0,1.0
HBA,raw_property,HBA,-77.27272727272728,diagnostic_residual,50,50,1.0,-1.2519154056825021,-1.9455257545389861,-0.4163917308391969,-0.8911703921456593,-1.7784168398884195,0.012539954626148098,0.72
HBA,raw_property,HBA,-74.24242424242425,raw_property,50,50,1.0,0.0,0.0,0.0,-4.0,-4.0,-3.0,1.0
HBA,raw_property,HBA,-74.24242424242425,diagnostic_residual,50,50,1.0,-1.1841962303019553,-1.9113805407929312,-0.575196718511709,-0.8581397864293505,-1.5458729655562966,0.012539954626148098,0.72
HBA,raw_property,HBA,-71.21212121212122,raw_property,50,50,1.0,0.0,0.0,0.75,-3.5,-4.0,-3.0,1.0
HBA,raw_property,HBA,-71.21212121212122,diagnostic_residual,50,50,1.0,-1.2439718076725943,-1.9977360394328292,-0.5702110489327079,-0.8898920214783737,-1.5436503797525423,-0.03171073807894098,0.74
HBA,raw_property,HBA,-68.18181818181819,raw_property,50,50,1.0,0.0,0.0,1.0,-3.0,-4.0,-2.25,1.0
HBA,raw_property,HBA,-68.18181818181819,diagnostic_residual,50,50,1.0,-1.2968551247525864,-2.045474420400225,-0.5927083260472684,-0.8854893801263812,-1.6200882550942142,-0.03171073807894098,0.74
HBA,raw_property,HBA,-65.15151515151516,raw_property,50,50,1.0,0.0,0.0,1.0,-3.0,-4.0,-2.0,1.0
HBA,raw_property,HBA,-65.15151515151516,diagnostic_residual,50,50,1.0,-1.3439516974150951,-1.9889616000075663,-0.6125697445918437,-0.9269245022642238,-1.420152454742294,0.005117530414675109,0.74
HBA,raw_property,HBA,-62.121212121212125,raw_property,50,50,1.0,0.0,0.0,1.0,-3.0,-4.0,-2.0,1.0
HBA,raw_property,HBA,-62.121212121212125,diagnostic_residual,50,50,1.0,-1.1841962303019553,-2.0000521644069833,-0.6125697445918437,-0.8684824524259764,-1.5442075073369208,-0.014426048676351,0.76
HBA,raw_property,HBA,-59.09090909090909,raw_property,50,50,1.0,0.0,0.0,1.0,-3.0,-4.0,-2.0,1.0
HBA,raw_property,HBA,-59.09090909090909,diagnostic_residual,50,50,1.0,-1.129495231466937,-2.3445911296747672,-0.48740089112672136,-0.9599217798124702,-1.6223528783414567,-0.2501043277982552,0.78
HBA,raw_property,HBA,-56.06060606060606,raw_property,50,50,1.0,1.0,0.0,1.0,-3.0,-4.0,-2.0,0.98
HBA,raw_property,HBA,-56.06060606060606,diagnostic_residual,50,50,1.0,-1.080743351685773,-2.541742518691493,-0.4841980131507614,-0.9658543913753834,-1.7649763137965817,-0.28114196277439285,0.82
HBA,raw_property,HBA,-53.03030303030303,raw_property,50,50,1.0,1.0,0.0,1.0,-3.0,-4.0,-2.0,0.96
HBA,raw_property,HBA,-53.03030303030303,diagnostic_residual,50,50,1.0,-1.1989165841390967,-2.490727073519024,-0.48740089112672136,-0.8170509822272956,-1.8082944048684988,-0.28114196277439285,0.82
HBA,raw_property,HBA,-50.0,raw_property,50,50,1.0,1.0,1.0,1.0,-3.0,-4.0,-2.0,0.96
HBA,raw_property,HBA,-50.0,diagnostic_residual,50,50,1.0,-1.2289149881203638,-2.3541418368979965,-0.6313708568254537,-1.154904215896825,-1.7999003927547337,-0.5499076604475615,0.86
HBA,raw_property,HBA,-46.96969696969697,raw_property,50,50,1.0,1.0,1.0,2.0,-3.0,-4.0,-2.0,0.96
HBA,raw_property,HBA,-46.96969696969697,diagnostic_residual,50,50,1.0,-1.4972493138531209,-2.6420026563775543,-0.7765914360535908,-1.4173296016344297,-2.062105748905021,-0.5426257274429622,0.88
HBA,raw_property,HBA,-43.93939393939394,raw_property,50,50,1.0,1.5,1.0,2.0,-2.0,-3.0,-2.0,0.98
HBA,raw_property,HBA,-43.93939393939394,diagnostic_residual,50,50,1.0,-1.4077407693578676,-2.132406366296218,-0.6886255688636256,-1.0956775717396585,-1.9173498348201683,-0.540725909604653,0.9
HBA,raw_property,HBA,-40.90909090909091,raw_property,50,50,1.0,2.0,1.0,2.0,-2.0,-3.0,-1.0,0.98
HBA,raw_property,HBA,-40.90909090909091,diagnostic_residual,50,50,1.0,-1.1043225128679024,-2.1871780459948833,-0.3929812592434667,-0.9020051617856906,-1.7491154386086576,-0.4097348866447674,0.88
HBA,raw_property,HBA,-37.87878787878788,raw_property,50,50,1.0,2.0,1.0,3.0,-2.0,-2.0,-1.0,0.92
HBA,raw_property,HBA,-37.87878787878788,diagnostic_residual,50,50,1.0,-1.062694044438656,-1.963620876624515,-0.4196715364236059,-0.7762223562133452,-1.5876277593575139,-0.33606058107535325,0.86
HBA,raw_property,HBA,-34.848484848484844,raw_property,50,50,1.0,2.0,2.0,3.0,-1.0,-2.0,-1.0,0.88
HBA,raw_property,HBA,-34.848484848484844,diagnostic_residual,50,50,1.0,-1.0872553991375535,-2.1521929678019878,-0.27050887133278256,-0.6448672166518077,-1.260056003482128,-0.20268362061927164,0.86
HBA,raw_property,HBA,-31.818181818181813,raw_property,50,50,1.0,3.0,2.0,4.0,-1.0,-1.75,0.0,0.68
HBA,raw_property,HBA,-31.818181818181813,diagnostic_residual,50,50,1.0,-0.8988994979818363,-1.9086819996147901,-0.047923834448725125,-0.4821107674699099,-0.9416384481642353,0.0,0.72
HBA,raw_property,HBA,-28.787878787878785,raw_property,50,50,1.0,3.0,2.0,4.0,-1.0,-1.0,0.0,0.54
HBA,raw_property,HBA,-28.787878787878785,diagnostic_residual,50,50,1.0,-0.8461804151613976,-1.3590260912304681,0.0421123784661412,-0.17333596953589092,-0.999277995430502,0.0,0.62
HBA,raw_property,HBA,-25.757575757575765,raw_property,50,50,1.0,3.0,3.0,4.0,0.0,-1.0,0.0,0.42
HBA,raw_property,HBA,-25.757575757575765,diagnostic_residual,50,50,1.0,-0.7336098975856244,-1.396988283781352,0.28360364125438564,-8.881784197001252e-16,-0.7127880776309297,6.166941957097549e-16,0.54
HBA,raw_property,HBA,-22.727272727272734,raw_property,50,50,1.0,3.0,3.0,4.0,0.0,-1.0,0.0,0.28
HBA,raw_property,HBA,-22.727272727272734,diagnostic_residual,50,50,1.0,-0.3984875464889517,-1.3421523301119989,0.3551509629069647,0.0,-0.5467946311076629,8.881784197001252e-16,0.48
HBA,raw_property,HBA,-19.69696969696969,raw_property,50,50,1.0,4.0,3.0,5.0,0.0,0.0,0.0,0.16
HBA,raw_property,HBA,-19.69696969696969,diagnostic_residual,50,50,1.0,-0.3590188124531051,-1.2764268350171233,0.492606487934498,0.0,-8.881784197001252e-16,8.881784197001252e-16,0.4
HBA,raw_property,HBA,-16.666666666666657,raw_property,50,50,1.0,4.0,3.0,5.0,0.0,0.0,0.0,0.12
HBA,raw_property,HBA,-16.666666666666657,diagnostic_residual,50,50,1.0,-0.1503117687795003,-1.2764268350171233,0.492606487934498,0.0,-8.881784197001252e-16,8.743006318923108e-16,0.38
HBA,raw_property,HBA,-13.636363636363626,raw_property,50,50,1.0,4.0,3.0,5.0,0.0,0.0,0.0,0.06
HBA,raw_property,HBA,-13.636363636363626,diagnostic_residual,50,50,1.0,-0.1503117687795003,-1.1316774055541579,0.492606487934498,0.0,-8.604228440844963e-16,8.300651832549022e-16,0.36
HBA,raw_property,HBA,-10.606060606060597,raw_property,50,50,1.0,4.0,3.0,5.0,0.0,0.0,0.0,0.04
HBA,raw_property,HBA,-10.606060606060597,diagnostic_residual,50,50,1.0,-0.1503117687795003,-1.1316774055541579,0.492606487934498,0.0,-8.604228440844963e-16,8.300651832549022e-16,0.36
HBA,raw_property,HBA,-7.575757575757564,raw_property,50,50,1.0,4.0,3.0,5.0,0.0,0.0,0.0,0.0
HBA,raw_property,HBA,-7.575757575757564,diagnostic_residual,50,50,1.0,-0.0764741195648248,-1.032919311392522,0.5475855743776894,0.0,-2.220446049250313e-16,8.300651832549022e-16,0.32
HBA,raw_property,HBA,-4.545454545454561,raw_property,50,50,1.0,4.0,3.0,5.0,0.0,0.0,0.0,0.0
HBA,raw_property,HBA,-4.545454545454561,diagnostic_residual,50,50,1.0,-0.0764741195648248,-1.032919311392522,0.5475855743776894,0.0,-2.220446049250313e-16,8.300651832549022e-16,0.32
HBA,raw_property,HBA,-1.5151515151515298,raw_property,50,50,1.0,4.0,3.0,5.0,0.0,0.0,0.0,0.0
HBA,raw_property,HBA,-1.5151515151515298,diagnostic_residual,50,50,1.0,-0.0764741195648248,-1.032919311392522,0.5475855743776894,0.0,-2.220446049250313e-16,8.300651832549022e-16,0.32
HBA,raw_property,HBA,1.5151515151515014,raw_property,50,50,1.0,4.0,3.0,5.0,0.0,0.0,0.0,0.0
HBA,raw_property,HBA,1.5151515151515014,diagnostic_residual,50,50,1.0,-0.1430295373009573,-1.032919311392522,0.5475855743776894,0.0,-6.38378239159465e-16,7.277164981722706e-16,0.34
HBA,raw_property,HBA,4.5454545454545325,raw_property,50,50,1.0,4.0,3.0,5.0,0.0,0.0,0.0,0.0
HBA,raw_property,HBA,4.5454545454545325,diagnostic_residual,50,50,1.0,-0.23379363277173976,-1.0494621346507993,0.5475855743776894,0.0,-6.38378239159465e-16,7.277164981722706e-16,0.34
HBA,raw_property,HBA,7.575757575757564,raw_property,50,50,1.0,4.0,3.0,5.0,0.0,0.0,0.0,0.0
HBA,raw_property,HBA,7.575757575757564,diagnostic_residual,50,50,1.0,-0.23379363277173976,-1.0494621346507993,0.5475855743776894,0.0,-6.38378239159465e-16,7.277164981722706e-16,0.34
HBA,raw_property,HBA,10.606060606060597,raw_property,50,50,1.0,4.0,3.0,5.0,0.0,0.0,0.0,0.02
HBA,raw_property,HBA,10.606060606060597,diagnostic_residual,50,50,1.0,-0.23379363277173976,-1.0494621346507993,0.5475855743776894,0.0,-8.604228440844963e-16,8.300651832549022e-16,0.36
HBA,raw_property,HBA,13.636363636363626,raw_property,50,50,1.0,4.0,3.0,5.0,0.0,0.0,0.0,0.1
HBA,raw_property,HBA,13.636363636363626,diagnostic_residual,50,50,1.0,-0.1430295373009573,-1.054822675590511,0.5515115392760053,0.0,-8.881784197001252e-16,8.881784197001252e-16,0.4
HBA,raw_property,HBA,16.666666666666657,raw_property,50,50,1.0,4.0,3.0,5.0,0.0,0.0,1.0,0.34
HBA,raw_property,HBA,16.666666666666657,diagnostic_residual,50,50,1.0,-0.0031557190815076994,-0.8500148983690827,0.5851742349463469,2.498001805406602e-16,-6.696032617270475e-16,0.2163100486662744,0.54
HBA,raw_property,HBA,19.69696969696969,raw_property,50,50,1.0,4.5,4.0,6.0,1.0,0.0,1.0,0.52
HBA,raw_property,HBA,19.69696969696969,diagnostic_residual,50,50,1.0,0.029050986703044353,-0.6402202388368128,0.8591960436240866,0.03530673318855862,0.0,0.5760819826023035,0.62
HBA,raw_property,HBA,22.72727272727272,raw_property,50,50,1.0,5.0,4.0,6.0,1.0,0.0,2.0,0.7
HBA,raw_property,HBA,22.72727272727272,diagnostic_residual,50,50,1.0,0.26905167238510286,-0.4268855815618391,1.2870047520163688,0.42008856802013383,0.0,1.2542011153121284,0.7
HBA,raw_property,HBA,25.75757575757575,raw_property,50,50,1.0,6.0,4.0,7.0,2.0,0.25,2.75,0.74
HBA,raw_property,HBA,25.75757575757575,diagnostic_residual,50,50,1.0,0.636451150422336,-0.26344240977663635,1.557426663325107,0.936003824641777,0.0,1.5171954081605068,0.72
HBA,raw_property,HBA,28.787878787878785,raw_property,50,50,1.0,6.0,4.25,7.0,2.0,1.0,3.0,0.78
HBA,raw_property,HBA,28.787878787878785,diagnostic_residual,50,50,1.0,0.8777691995704715,-0.12107731006075065,1.7757417540519562,1.0381988146033296,0.042788708514311935,1.9208971251778582,0.76
HBA,raw_property,HBA,31.818181818181813,raw_property,50,50,1.0,6.0,5.0,8.0,2.0,1.0,4.0,0.84
HBA,raw_property,HBA,31.818181818181813,diagnostic_residual,50,50,1.0,1.149805692327202,-0.1113785346727509,2.114494168853788,1.2492565870288521,0.0028825449117888535,2.642086113613438,0.74
HBA,raw_property,HBA,34.848484848484844,raw_property,50,50,1.0,7.0,5.0,8.0,3.0,2.0,4.0,0.9
HBA,raw_property,HBA,34.848484848484844,diagnostic_residual,50,50,1.0,1.3534168249511875,0.2079336391378092,2.702836514843285,1.716876120690277,0.6003757650904937,2.8949172619705497,0.84
HBA,raw_property,HBA,37.87878787878788,raw_property,50,50,1.0,7.5,6.0,9.0,3.5,2.0,5.0,0.88
HBA,raw_property,HBA,37.87878787878788,diagnostic_residual,50,50,1.0,1.807815331281958,0.6540321688185282,3.008094832000311,2.0625166416625453,0.5472311489869723,2.8782991393481616,0.82
HBA,raw_property,HBA,40.90909090909091,raw_property,50,50,1.0,7.0,6.0,9.0,4.0,2.0,5.0,0.9
HBA,raw_property,HBA,40.90909090909091,diagnostic_residual,50,50,1.0,1.6802851147272655,0.31349329563287753,3.3155625431480624,2.386106764606748,0.19825267812624636,3.639983031111209,0.78
HBA,raw_property,HBA,43.93939393939394,raw_property,50,50,1.0,8.0,6.0,9.0,4.0,2.0,5.75,0.88
HBA,raw_property,HBA,43.93939393939394,diagnostic_residual,50,50,1.0,1.5902575203160936,0.28744421141097604,3.4424320268211965,2.1106490933240525,-0.34825501308026047,3.9931840541654187,0.72
HBA,raw_property,HBA,46.96969696969697,raw_property,50,50,1.0,8.0,6.0,10.75,4.0,3.0,6.0,0.96
HBA,raw_property,HBA,46.96969696969697,diagnostic_residual,50,50,1.0,2.21045637619358,0.5358214214982517,4.618712599024047,2.25348454101547,0.4673086207563264,4.972018713281656,0.84
HBA,raw_property,HBA,50.0,raw_property,50,50,1.0,9.0,6.25,11.0,6.0,3.0,7.0,0.92
HBA,raw_property,HBA,50.0,diagnostic_residual,50,50,1.0,2.9200792603967973,0.6664235127951881,4.936548333978029,3.5264072609564803,0.7356397873454656,5.164446626912573,0.82
HBA,raw_property,HBA,53.03030303030303,raw_property,50,50,1.0,10.0,8.0,11.0,6.0,4.0,7.0,0.94
HBA,raw_property,HBA,53.03030303030303,diagnostic_residual,50,50,1.0,3.300295057588139,1.8055925979597354,4.940873517888558,4.112996966000709,1.377234911848952,5.12380528211418,0.8
HBA,raw_property,HBA,56.06060606060606,raw_property,50,50,1.0,10.0,8.0,12.0,6.0,4.0,8.0,0.98
HBA,raw_property,HBA,56.06060606060606,diagnostic_residual,50,50,1.0,3.9278385591056404,2.0260401370485197,5.506007956976596,4.44395536236442,1.1839438449774526,5.904336964205668,0.86
HBA,raw_property,HBA,59.09090909090909,raw_property,50,50,1.0,11.0,9.0,12.75,7.0,5.0,9.0,0.96
HBA,raw_property,HBA,59.09090909090909,diagnostic_residual,50,50,1.0,4.561110073375287,2.8332769860690585,5.807955847117954,4.903027051104445,2.2172622226121157,6.624113139262162,0.84
HBA,raw_property,HBA,62.121212121212125,raw_property,50,50,1.0,11.5,9.0,13.0,8.0,5.25,9.0,0.96
HBA,raw_property,HBA,62.121212121212125,diagnostic_residual,50,50,1.0,5.100448448373993,2.8253675810516166,6.621826208350397,5.227868750755957,2.6312286178027007,7.069127630992588,0.84
HBA,raw_property,HBA,65.15151515151516,raw_property,50,50,1.0,11.0,7.25,13.0,7.5,4.0,9.0,0.94
HBA,raw_property,HBA,65.15151515151516,diagnostic_residual,50,50,1.0,4.360548942752346,0.15710174178509767,6.384820545538522,4.783435711051149,0.8396196443208568,6.139361532136075,0.8
HBA,raw_property,HBA,68.18181818181819,raw_property,50,50,1.0,11.0,6.25,13.0,7.0,3.0,10.0,0.9
HBA,raw_property,HBA,68.18181818181819,diagnostic_residual,50,50,1.0,4.206004819812005,0.086511941270714,6.706769302575644,4.641720165133362,0.6092321573812192,7.373857966755841,0.78
HBA,raw_property,HBA,71.21212121212122,raw_property,50,50,1.0,12.0,6.25,14.0,7.5,3.0,11.0,0.9
HBA,raw_property,HBA,71.21212121212122,diagnostic_residual,50,50,1.0,5.506379833260706,-0.6973574572506225,7.894975676264493,5.495936987790712,0.596729000790678,7.606944309685128,0.76
HBA,raw_property,HBA,74.24242424242425,raw_property,50,50,1.0,13.0,7.5,15.0,9.0,5.0,11.0,0.88
HBA,raw_property,HBA,74.24242424242425,diagnostic_residual,50,50,1.0,5.257845191923043,-0.09193355200810943,8.303417816649041,5.877285328826954,1.2496941495383045,8.434284667812975,0.78
HBA,raw_property,HBA,77.27272727272728,raw_property,50,50,1.0,14.0,9.25,15.0,9.0,5.25,12.0,0.9
HBA,raw_property,HBA,77.27272727272728,diagnostic_residual,50,50,1.0,6.39109837940007,1.3331283489169317,7.901710910951281,6.231140165731446,2.3169593956958328,8.826272950637296,0.78
HBA,raw_property,HBA,80.30303030303031,raw_property,50,50,1.0,13.0,9.25,16.0,9.5,5.25,12.0,0.94
HBA,raw_property,HBA,80.30303030303031,diagnostic_residual,50,50,1.0,6.405902885945146,1.6699616453678776,8.722067671306384,6.819656057855694,2.2986978948945938,9.034561545882779,0.86
HBA,raw_property,HBA,83.33333333333334,raw_property,50,50,1.0,13.0,10.0,16.75,9.0,6.25,12.0,0.92
HBA,raw_property,HBA,83.33333333333334,diagnostic_residual,50,50,1.0,5.400813199482791,2.4964443882867515,8.939866316957442,5.60771057979926,2.5800435928045666,9.045728885186124,0.86
HBA,raw_property,HBA,86.36363636363637,raw_property,50,50,1.0,13.0,9.0,16.75,9.5,5.0,12.0,0.92
HBA,raw_property,HBA,86.36363636363637,diagnostic_residual,50,50,1.0,5.559426809289235,1.8601692977608066,9.278821386895284,5.917753556739841,1.9862225677067205,9.279565852325643,0.86
HBA,raw_property,HBA,89.3939393939394,raw_property,50,50,1.0,14.0,10.25,17.0,10.0,7.0,14.0,0.9
HBA,raw_property,HBA,89.3939393939394,diagnostic_residual,50,50,1.0,6.293829915373218,2.7887878244821565,10.279669631034507,6.617228631819076,2.5461081620747557,10.392899123639369,0.86
HBA,raw_property,HBA,92.42424242424244,raw_property,50,50,1.0,14.0,11.0,17.75,11.0,7.25,13.75,0.88
HBA,raw_property,HBA,92.42424242424244,diagnostic_residual,50,50,1.0,6.756945450504409,3.314348982689401,10.027792133304935,6.6231603271609565,3.2664002762227726,10.386065376106702,0.84
HBA,raw_property,HBA,95.45454545454544,raw_property,50,50,1.0,13.5,10.25,16.0,9.0,7.0,13.0,0.9
HBA,raw_property,HBA,95.45454545454544,diagnostic_residual,50,50,1.0,5.834573875310175,2.196893637895327,8.477018773785407,6.368935993284053,2.2440471286281447,9.140862134987325,0.76
HBA,raw_property,HBA,98.48484848484848,raw_property,50,50,1.0,15.0,11.0,19.0,11.0,7.0,15.75,0.9
HBA,raw_property,HBA,98.48484848484848,diagnostic_residual,50,50,1.0,6.76158190435121,0.0830065628768617,10.189752067656695,7.2308934433069565,1.2769901818227822,11.005584246531212,0.76
HBA,raw_property,HBA,101.5151515151515,raw_property,50,50,1.0,15.5,11.0,18.75,11.0,8.0,14.75,0.92
HBA,raw_property,HBA,101.5151515151515,diagnostic_residual,50,50,1.0,5.593543115081154,-1.1058321966302933,9.604435624181708,5.507669492032196,-0.9233396506986256,9.866355401406619,0.74
HBA,raw_property,HBA,104.54545454545452,raw_property,50,50,1.0,17.0,10.0,20.0,12.0,7.25,16.0,0.88
HBA,raw_property,HBA,104.54545454545452,diagnostic_residual,50,50,1.0,5.594947542774673,-0.452708714312096,9.971617204079433,5.742082095718066,-0.9320820953397284,9.935090596491033,0.72
HBA,raw_property,HBA,107.57575757575756,raw_property,50,50,1.0,16.0,9.0,19.0,11.0,4.5,16.0,0.86
HBA,raw_property,HBA,107.57575757575756,diagnostic_residual,50,50,1.0,1.8266223931164394,-3.3119047363844203,8.025507132951692,1.9947803821545729,-4.5168875056075555,8.18134648596589,0.64
HBA,raw_property,HBA,110.60606060606062,raw_property,50,50,1.0,18.0,11.0,21.75,14.0,8.0,17.0,0.88
HBA,raw_property,HBA,110.60606060606062,diagnostic_residual,50,50,1.0,3.2597027841419006,-3.2200288717693537,10.748246998171942,3.9286575371390393,-2.4063893794632527,10.837161779169708,0.7
HBA,raw_property,HBA,113.63636363636364,raw_property,50,50,1.0,17.0,10.5,21.75,13.0,8.0,19.0,0.82
HBA,raw_property,HBA,113.63636363636364,diagnostic_residual,50,50,1.0,2.7284589147959863,-3.5268120728874077,10.855889843042217,4.1403034358443564,-4.089908097403995,11.594344870381862,0.58
HBA,raw_property,HBA,116.66666666666669,raw_property,50,50,1.0,19.0,11.25,23.0,15.0,8.0,19.5,0.84
HBA,raw_property,HBA,116.66666666666669,diagnostic_residual,50,50,1.0,3.7670694824793927,-2.8129225168587904,8.156588336921448,4.180533262564049,-2.742689126044976,8.79654528733244,0.64
HBA,raw_property,HBA,119.69696969696967,raw_property,50,50,1.0,19.0,12.25,24.0,15.0,8.5,21.0,0.84
HBA,raw_property,HBA,119.69696969696967,diagnostic_residual,50,50,1.0,3.700968493636541,-2.626769043467654,12.235158784384362,5.012486889747958,-2.253066537156898,11.920353325933556,0.66
HBA,raw_property,HBA,122.72727272727276,raw_property,50,50,1.0,16.5,11.25,25.75,12.5,6.25,21.75,0.84
HBA,raw_property,HBA,122.72727272727276,diagnostic_residual,50,50,1.0,0.46820864595037026,-5.091889868155494,9.551227081180777,0.0190281614113639,-4.95927974939118,10.824536632805865,0.52
HBA,raw_property,HBA,125.75757575757576,raw_property,50,50,1.0,21.0,13.0,24.75,16.0,10.0,21.0,0.86
HBA,raw_property,HBA,125.75757575757576,diagnostic_residual,50,50,1.0,3.911659688822997,-3.817541923487628,8.360119127666485,3.9659215524264884,-2.5978813919368613,9.06169285610217,0.6
HBA,raw_property,HBA,128.7878787878788,raw_property,50,50,1.0,19.0,12.25,28.25,15.5,9.25,24.5,0.88
HBA,raw_property,HBA,128.7878787878788,diagnostic_residual,50,50,1.0,2.7374574001972176,-3.9685801046278204,12.52656215384276,3.5657134088356846,-4.274210390420517,12.488731192653802,0.66
HBA,raw_property,HBA,131.8181818181818,raw_property,50,50,1.0,19.5,10.25,26.5,15.0,6.5,22.75,0.9
HBA,raw_property,HBA,131.8181818181818,diagnostic_residual,50,50,1.0,3.05293651873279,-6.7707696358176594,11.749359390939885,2.931149840227447,-5.900906487235885,12.154582619542175,0.56
HBA,raw_property,HBA,134.84848484848487,raw_property,50,50,1.0,19.5,11.25,31.0,14.5,8.0,28.0,0.94
HBA,raw_property,HBA,134.84848484848487,diagnostic_residual,50,50,1.0,3.0758712134794983,-5.742147598823827,13.131108496454694,2.7962944580866567,-4.885379917061744,12.93742877274151,0.6
HBA,raw_property,HBA,137.87878787878788,raw_property,50,50,1.0,21.0,11.25,30.25,17.0,8.0,27.25,0.92
HBA,raw_property,HBA,137.87878787878788,diagnostic_residual,50,50,1.0,4.245730143470162,-6.2131466534207025,14.147733412546255,4.759669691839092,-5.087390318622589,15.58460475582801,0.64
HBA,raw_property,HBA,140.90909090909088,raw_property,50,50,1.0,19.5,9.25,33.5,16.0,7.0,28.75,0.94
HBA,raw_property,HBA,140.90909090909088,diagnostic_residual,50,50,1.0,3.277360212450919,-8.767909359408513,16.960823761397148,3.2492932013940488,-8.623744849126533,15.691257526425336,0.58
HBA,raw_property,HBA,143.93939393939394,raw_property,50,50,1.0,24.0,16.5,34.0,20.5,11.75,32.0,0.96
HBA,raw_property,HBA,143.93939393939394,diagnostic_residual,50,50,1.0,7.369865261415523,-0.40987727217482073,17.41170820635417,7.602942342170506,-1.1695028569133556,19.23467313979562,0.72
HBA,raw_property,HBA,146.96969696969694,raw_property,50,50,1.0,24.0,18.25,38.75,20.0,15.0,35.0,0.96
HBA,raw_property,HBA,146.96969696969694,diagnostic_residual,50,50,1.0,5.48346935055978,0.757142945675064,21.51537972482645,5.774982568021697,0.7267734702260547,21.13072063172584,0.78
HBA,raw_property,HBA,150.0,raw_property,50,50,1.0,24.0,13.5,38.75,19.5,10.0,33.5,0.94
HBA,raw_property,HBA,150.0,diagnostic_residual,50,50,1.0,5.843974791003895,-3.2926367940660377,21.925440514724244,5.47873398798251,-3.79611979744131,21.93018947987071,0.66
HBA,residual_property,HBA_residual,-150.0,raw_property,50,50,1.0,0.0,0.0,0.75,-4.0,-4.0,-3.0,1.0
HBA,residual_property,HBA_residual,-150.0,diagnostic_residual,50,50,1.0,-5.732093246260875,-6.5774234543010675,-5.205161730020455,-5.617591171644417,-6.666755391434333,-4.793185262063399,1.0
HBA,residual_property,HBA_residual,-146.96969696969697,raw_property,50,50,1.0,0.0,0.0,0.0,-4.0,-4.0,-3.0,1.0
HBA,residual_property,HBA_residual,-146.96969696969697,diagnostic_residual,50,50,1.0,-5.7364799773003545,-6.427091312990592,-5.169005219820801,-5.452271693532985,-6.122880427631537,-4.755275069756841,1.0
HBA,residual_property,HBA_residual,-143.93939393939394,raw_property,50,50,1.0,0.0,0.0,0.0,-3.0,-4.0,-3.0,1.0
HBA,residual_property,HBA_residual,-143.93939393939394,diagnostic_residual,50,50,1.0,-5.551756987635402,-6.267242255254073,-5.083246027647938,-5.305617834839184,-6.109142871862098,-4.595190327592443,1.0
HBA,residual_property,HBA_residual,-140.9090909090909,raw_property,50,50,1.0,0.0,0.0,1.0,-3.0,-4.0,-3.0,1.0
HBA,residual_property,HBA_residual,-140.9090909090909,diagnostic_residual,50,50,1.0,-5.570522643808679,-6.1221869648017,-4.9523499740395165,-5.371346640645559,-6.034627723462793,-4.345752602529383,1.0
HBA,residual_property,HBA_residual,-137.87878787878788,raw_property,50,50,1.0,0.0,0.0,1.0,-3.0,-4.0,-3.0,0.98
HBA,residual_property,HBA_residual,-137.87878787878788,diagnostic_residual,50,50,1.0,-5.398776699074893,-5.949128902399227,-4.868433453857298,-5.135825470296325,-6.000238228165689,-4.270971421911813,1.0
HBA,residual_property,HBA_residual,-134.84848484848484,raw_property,50,50,1.0,0.0,0.0,1.0,-3.0,-4.0,-3.0,1.0
HBA,residual_property,HBA_residual,-134.84848484848484,diagnostic_residual,50,50,1.0,-5.322919350225813,-5.791695061972679,-4.769122436044874,-4.941192758058734,-5.824902785930402,-4.160922830932065,1.0
HBA,residual_property,HBA_residual,-131.8181818181818,raw_property,50,50,1.0,0.0,0.0,1.0,-3.0,-4.0,-3.0,1.0
HBA,residual_property,HBA_residual,-131.8181818181818,diagnostic_residual,50,50,1.0,-5.186109172081606,-5.6845518070353105,-4.650290227954812,-4.795566282787413,-5.724523346798522,-3.8884999611355973,1.0
HBA,residual_property,HBA_residual,-128.78787878787878,raw_property,50,50,1.0,0.0,0.0,1.0,-3.0,-4.0,-3.0,1.0
HBA,residual_property,HBA_residual,-128.78787878787878,diagnostic_residual,50,50,1.0,-5.095196041765339,-5.516284551117675,-4.588367500885058,-4.699972252110921,-5.772624890049896,-3.9781227359408433,1.0
HBA,residual_property,HBA_residual,-125.75757575757576,raw_property,50,50,1.0,0.0,0.0,1.0,-3.0,-4.0,-3.0,1.0
HBA,residual_property,HBA_residual,-125.75757575757576,diagnostic_residual,50,50,1.0,-5.171072274676365,-5.689847250583034,-4.722937035571647,-4.819091582836736,-5.5932611534721355,-3.9194771281890985,1.0
HBA,residual_property,HBA_residual,-122.72727272727272,raw_property,50,50,1.0,0.0,0.0,1.0,-3.0,-4.0,-3.0,1.0
HBA,residual_property,HBA_residual,-122.72727272727272,diagnostic_residual,50,50,1.0,-5.051430987046141,-5.5311326816762385,-4.395247577951885,-4.7592560327254,-5.5681026569284935,-3.9383787739359013,1.0
HBA,residual_property,HBA_residual,-119.69696969696967,raw_property,50,50,1.0,0.0,0.0,1.0,-3.0,-4.0,-3.0,1.0
HBA,residual_property,HBA_residual,-119.69696969696967,diagnostic_residual,50,50,1.0,-5.1429390676666,-5.414256821748701,-4.374921933433253,-4.621451167552506,-5.5275440811149155,-3.871486440021341,1.0
HBA,residual_property,HBA_residual,-116.66666666666666,raw_property,50,50,1.0,0.0,0.0,1.0,-3.0,-4.0,-3.0,1.0
HBA,residual_property,HBA_residual,-116.66666666666666,diagnostic_residual,50,50,1.0,-4.898340233935111,-5.360792333748709,-4.321551777884208,-4.423324584975795,-5.375770457340914,-3.8990796035630453,1.0
HBA,residual_property,HBA_residual,-113.63636363636364,raw_property,50,50,1.0,0.0,0.0,1.0,-3.0,-4.0,-2.25,0.98
HBA,residual_property,HBA_residual,-113.63636363636364,diagnostic_residual,50,50,1.0,-4.841101962660721,-5.324556525622538,-4.210951976219031,-4.304629514237571,-5.240647593796894,-3.617307879530994,1.0
HBA,residual_property,HBA_residual,-110.6060606060606,raw_property,50,50,1.0,0.0,0.0,1.0,-3.0,-4.0,-2.25,1.0
HBA,residual_property,HBA_residual,-110.6060606060606,diagnostic_residual,50,50,1.0,-4.698920976587019,-5.093423639248192,-4.200188339326718,-4.280133410470148,-5.161504465474779,-3.672858410412816,1.0
HBA,residual_property,HBA_residual,-107.57575757575758,raw_property,50,50,1.0,0.0,0.0,1.0,-3.0,-4.0,-2.0,1.0
HBA,residual_property,HBA_residual,-107.57575757575758,diagnostic_residual,50,50,1.0,-4.673098036303372,-5.098859793302614,-4.184184477596829,-4.2126093990993105,-5.0948946313386685,-3.4845470460832315,1.0
HBA,residual_property,HBA_residual,-104.54545454545456,raw_property,50,50,1.0,0.0,0.0,1.0,-3.0,-4.0,-2.0,1.0
HBA,residual_property,HBA_residual,-104.54545454545456,diagnostic_residual,50,50,1.0,-4.768131528524895,-5.140262808530856,-4.072300410383679,-4.269743159492652,-5.052441244567861,-3.572963966964088,1.0
HBA,residual_property,HBA_residual,-101.51515151515152,raw_property,50,50,1.0,0.0,0.0,1.0,-3.0,-4.0,-2.0,1.0
HBA,residual_property,HBA_residual,-101.51515151515152,diagnostic_residual,50,50,1.0,-4.7560321445366,-5.204040625450551,-3.9658461447384994,-4.183474243812469,-4.9459142112574295,-3.510406054046831,1.0
HBA,residual_property,HBA_residual,-98.48484848484848,raw_property,50,50,1.0,0.0,0.0,1.0,-3.0,-4.0,-2.0,1.0
HBA,residual_property,HBA_residual,-98.48484848484848,diagnostic_residual,50,50,1.0,-4.61186452860052,-5.044140440661679,-3.9658461447384994,-4.082105728719915,-4.953776595514263,-3.354135350514796,1.0
HBA,residual_property,HBA_residual,-95.45454545454544,raw_property,50,50,1.0,0.0,0.0,1.0,-3.0,-4.0,-2.0,0.98
HBA,residual_property,HBA_residual,-95.45454545454544,diagnostic_residual,50,50,1.0,-4.554378005674232,-5.027367149056327,-3.8456728830454274,-4.06183028680797,-4.953776595514263,-3.368365103673399,1.0
HBA,residual_property,HBA_residual,-92.42424242424242,raw_property,50,50,1.0,0.0,0.0,1.0,-3.0,-4.0,-2.25,0.98
HBA,residual_property,HBA_residual,-92.42424242424242,diagnostic_residual,50,50,1.0,-4.309391958736484,-4.864097504023547,-3.7459349907983315,-3.870535375330307,-4.788723299806421,-3.384553773045062,1.0
HBA,residual_property,HBA_residual,-89.39393939393939,raw_property,50,50,1.0,0.0,0.0,1.0,-3.0,-4.0,-2.0,0.96
HBA,residual_property,HBA_residual,-89.39393939393939,diagnostic_residual,50,50,1.0,-4.355989664598792,-4.806924772488402,-3.602710847045423,-3.8678009122284465,-4.713126200772383,-3.0708456264514314,1.0
HBA,residual_property,HBA_residual,-86.36363636363637,raw_property,50,50,1.0,1.0,0.0,1.0,-3.0,-4.0,-2.0,0.98
HBA,residual_property,HBA_residual,-86.36363636363637,diagnostic_residual,50,50,1.0,-4.17195923040898,-4.786095471617445,-3.600819435176877,-3.7216063777840476,-4.724743090719432,-3.041484753063055,1.0
HBA,residual_property,HBA_residual,-83.33333333333333,raw_property,50,50,1.0,1.0,0.0,1.0,-3.0,-4.0,-2.0,0.96
HBA,residual_property,HBA_residual,-83.33333333333333,diagnostic_residual,50,50,1.0,-4.1121763832451865,-4.763847786136793,-3.2465332589326037,-3.7126675181221076,-4.539863314592466,-3.00205449767359,1.0
HBA,residual_property,HBA_residual,-80.3030303030303,raw_property,50,50,1.0,1.0,0.0,1.0,-3.0,-4.0,-2.0,0.96
HBA,residual_property,HBA_residual,-80.3030303030303,diagnostic_residual,50,50,1.0,-4.079438961484026,-4.713921088035542,-3.1312817179422376,-3.7068772580756786,-4.652681318481189,-2.947117247386729,1.0
HBA,residual_property,HBA_residual,-77.27272727272728,raw_property,50,50,1.0,1.0,0.0,1.0,-3.0,-4.0,-2.0,0.96
HBA,residual_property,HBA_residual,-77.27272727272728,diagnostic_residual,50,50,1.0,-4.051447362640484,-4.5967517341900646,-3.1655769988531706,-3.691943768830815,-4.498677755316845,-2.6159671848168617,1.0
HBA,residual_property,HBA_residual,-74.24242424242425,raw_property,50,50,1.0,1.0,0.0,2.0,-3.0,-4.0,-2.0,0.96
HBA,residual_property,HBA_residual,-74.24242424242425,diagnostic_residual,50,50,1.0,-3.8417350317332337,-4.587988985715657,-2.9628187399992356,-3.4436718100270456,-4.372461009740792,-2.2944502424930544,1.0
HBA,residual_property,HBA_residual,-71.21212121212122,raw_property,50,50,1.0,1.0,0.0,2.0,-3.0,-4.0,-2.0,0.98
HBA,residual_property,HBA_residual,-71.21212121212122,diagnostic_residual,50,50,1.0,-3.83292996376108,-4.528065537437124,-2.809535413065209,-3.4522437088905757,-4.145657788787235,-2.237868565601734,1.0
HBA,residual_property,HBA_residual,-68.18181818181819,raw_property,50,50,1.0,1.0,0.0,2.0,-3.0,-4.0,-2.0,0.98
HBA,residual_property,HBA_residual,-68.18181818181819,diagnostic_residual,50,50,1.0,-3.6262766293231152,-4.314909513404079,-2.776164986539504,-2.9936122117231028,-4.176375494071729,-2.2473245865966973,1.0
HBA,residual_property,HBA_residual,-65.15151515151516,raw_property,50,50,1.0,1.0,0.0,2.0,-3.0,-4.0,-2.0,0.96
HBA,residual_property,HBA_residual,-65.15151515151516,diagnostic_residual,50,50,1.0,-3.6663605658108005,-4.1690236215705285,-2.9208416380047835,-2.8780940958565644,-4.154067873575594,-2.2780569806335946,1.0
HBA,residual_property,HBA_residual,-62.121212121212125,raw_property,50,50,1.0,1.0,1.0,2.0,-2.0,-4.0,-2.0,1.0
HBA,residual_property,HBA_residual,-62.121212121212125,diagnostic_residual,50,50,1.0,-3.613357492863913,-4.015717381241835,-2.4813966909607332,-2.6446979236318993,-3.835034708056514,-2.024865963779718,1.0
HBA,residual_property,HBA_residual,-59.09090909090909,raw_property,50,50,1.0,1.0,1.0,2.0,-2.0,-3.0,-2.0,0.98
HBA,residual_property,HBA_residual,-59.09090909090909,diagnostic_residual,50,50,1.0,-3.1525213028638692,-4.054351713215975,-2.0497598052908534,-2.658757855642615,-3.581644395129361,-2.0017569471356613,1.0
HBA,residual_property,HBA_residual,-56.06060606060606,raw_property,50,50,1.0,1.0,1.0,2.0,-2.0,-3.0,-2.0,0.96
HBA,residual_property,HBA_residual,-56.06060606060606,diagnostic_residual,50,50,1.0,-2.91955918639092,-3.9672821541229975,-1.8299095979389173,-2.5642111713111433,-3.581644395129361,-1.8925496325923528,0.98
HBA,residual_property,HBA_residual,-53.03030303030303,raw_property,50,50,1.0,2.0,1.0,3.0,-2.0,-3.0,-1.25,0.94
HBA,residual_property,HBA_residual,-53.03030303030303,diagnostic_residual,50,50,1.0,-2.470890208491552,-3.660815864893534,-1.7071854207625148,-2.2793508077970044,-2.943569489894049,-1.341110475281692,0.96
HBA,residual_property,HBA_residual,-50.0,raw_property,50,50,1.0,2.0,1.0,3.0,-2.0,-2.0,-1.0,0.84
HBA,residual_property,HBA_residual,-50.0,diagnostic_residual,50,50,1.0,-2.3274480729032536,-3.2764540693549975,-1.1394737733028524,-1.816473856711416,-2.7635496363623693,-0.8934326785869626,0.9
HBA,residual_property,HBA_residual,-46.96969696969697,raw_property,50,50,1.0,2.0,1.0,3.0,-1.0,-3.0,-1.0,0.78
HBA,residual_property,HBA_residual,-46.96969696969697,diagnostic_residual,50,50,1.0,-2.453654135728464,-3.2203880236357953,-0.8525250521508341,-1.4924058561709743,-2.824389604787423,-0.6502940141955469,0.9
HBA,residual_property,HBA_residual,-43.93939393939394,raw_property,50,50,1.0,2.0,2.0,3.0,-1.0,-2.0,-0.25,0.74
HBA,residual_property,HBA_residual,-43.93939393939394,diagnostic_residual,50,50,1.0,-1.9998681948744261,-2.906483841030294,-0.6975231893570115,-1.3076486732984431,-2.341944027778397,-0.5509836755444095,0.88
HBA,residual_property,HBA_residual,-40.90909090909091,raw_property,50,50,1.0,2.5,2.0,3.0,-1.0,-2.0,0.0,0.68
HBA,residual_property,HBA_residual,-40.90909090909091,diagnostic_residual,50,50,1.0,-1.8786803326311938,-2.4155761228469332,-0.6310653058309106,-1.0688247265633688,-2.038761827982475,-0.18787194970408017,0.86
HBA,residual_property,HBA_residual,-37.87878787878788,raw_property,50,50,1.0,3.0,2.0,4.0,-1.0,-1.0,0.0,0.54
HBA,residual_property,HBA_residual,-37.87878787878788,diagnostic_residual,50,50,1.0,-0.9385880313387855,-2.0008510228790257,-0.2529371521413896,-0.7753402144633896,-1.3567702820612113,0.0,0.72
HBA,residual_property,HBA_residual,-34.848484848484844,raw_property,50,50,1.0,3.0,3.0,4.0,0.0,-1.0,0.0,0.44
HBA,residual_property,HBA_residual,-34.848484848484844,diagnostic_residual,50,50,1.0,-0.8393563314803223,-1.6918373705836363,-0.06051994797201305,-0.03834033665047709,-1.0000000000000007,0.0,0.64
HBA,residual_property,HBA_residual,-31.818181818181813,raw_property,50,50,1.0,3.0,3.0,4.0,0.0,-1.0,0.0,0.28
HBA,residual_property,HBA_residual,-31.818181818181813,diagnostic_residual,50,50,1.0,-0.6855533490504979,-1.6207395734803651,0.05907951514653573,-1.1796119636642288e-16,-0.7924463684371614,3.642919299551295e-17,0.52
HBA,residual_property,HBA_residual,-28.787878787878785,raw_property,50,50,1.0,3.5,3.0,4.75,0.0,0.0,0.0,0.16
HBA,residual_property,HBA_residual,-28.787878787878785,diagnostic_residual,50,50,1.0,-0.5778697386713132,-1.1827652364494181,0.327757221853854,0.0,-1.5543122344752192e-15,3.885780586188048e-16,0.42
HBA,residual_property,HBA_residual,-25.757575757575765,raw_property,50,50,1.0,4.0,3.0,5.0,0.0,0.0,0.0,0.12
HBA,residual_property,HBA_residual,-25.757575757575765,diagnostic_residual,50,50,1.0,-0.22169882586318354,-1.0769169677133001,0.5475855743776894,0.0,-9.08995101411847e-16,3.885780586188048e-16,0.42
HBA,residual_property,HBA_residual,-22.727272727272734,raw_property,50,50,1.0,4.0,3.0,5.0,0.0,0.0,0.0,0.1
HBA,residual_property,HBA_residual,-22.727272727272734,diagnostic_residual,50,50,1.0,-0.1430295373009573,-1.0769169677133001,0.492606487934498,0.0,-8.881784197001252e-16,7.277164981722706e-16,0.38
HBA,residual_property,HBA_residual,-19.69696969696969,raw_property,50,50,1.0,4.0,3.0,5.0,0.0,0.0,0.0,0.04
HBA,residual_property,HBA_residual,-19.69696969696969,diagnostic_residual,50,50,1.0,-0.0764741195648248,-1.032919311392522,0.5475855743776894,0.0,-8.604228440844963e-16,8.300651832549022e-16,0.36
HBA,residual_property,HBA_residual,-16.666666666666657,raw_property,50,50,1.0,4.0,3.0,5.0,0.0,0.0,0.0,0.04
HBA,residual_property,HBA_residual,-16.666666666666657,diagnostic_residual,50,50,1.0,-0.0764741195648248,-1.032919311392522,0.5475855743776894,0.0,-6.38378239159465e-16,8.300651832549022e-16,0.34
HBA,residual_property,HBA_residual,-13.636363636363626,raw_property,50,50,1.0,4.0,3.0,5.0,0.0,0.0,0.0,0.02
HBA,residual_property,HBA_residual,-13.636363636363626,diagnostic_residual,50,50,1.0,-0.0764741195648248,-1.032919311392522,0.5475855743776894,0.0,-6.38378239159465e-16,8.300651832549022e-16,0.34
HBA,residual_property,HBA_residual,-10.606060606060597,raw_property,50,50,1.0,4.0,3.0,5.0,0.0,0.0,0.0,0.0
HBA,residual_property,HBA_residual,-10.606060606060597,diagnostic_residual,50,50,1.0,-0.0764741195648248,-1.032919311392522,0.5475855743776894,0.0,-2.220446049250313e-16,8.300651832549022e-16,0.32
HBA,residual_property,HBA_residual,-7.575757575757564,raw_property,50,50,1.0,4.0,3.0,5.0,0.0,0.0,0.0,0.0
HBA,residual_property,HBA_residual,-7.575757575757564,diagnostic_residual,50,50,1.0,-0.0764741195648248,-1.032919311392522,0.5475855743776894,0.0,-2.220446049250313e-16,8.300651832549022e-16,0.32
HBA,residual_property,HBA_residual,-4.545454545454561,raw_property,50,50,1.0,4.0,3.0,5.0,0.0,0.0,0.0,0.0
HBA,residual_property,HBA_residual,-4.545454545454561,diagnostic_residual,50,50,1.0,-0.0764741195648248,-1.032919311392522,0.5475855743776894,0.0,-2.220446049250313e-16,8.300651832549022e-16,0.32
HBA,residual_property,HBA_residual,-1.5151515151515298,raw_property,50,50,1.0,4.0,3.0,5.0,0.0,0.0,0.0,0.0
HBA,residual_property,HBA_residual,-1.5151515151515298,diagnostic_residual,50,50,1.0,-0.0764741195648248,-1.032919311392522,0.5475855743776894,0.0,-2.220446049250313e-16,8.300651832549022e-16,0.32
HBA,residual_property,HBA_residual,1.5151515151515014,raw_property,50,50,1.0,4.0,3.0,5.0,0.0,0.0,0.0,0.0
HBA,residual_property,HBA_residual,1.5151515151515014,diagnostic_residual,50,50,1.0,-0.1430295373009573,-1.032919311392522,0.5475855743776894,0.0,-6.38378239159465e-16,7.277164981722706e-16,0.34
HBA,residual_property,HBA_residual,4.5454545454545325,raw_property,50,50,1.0,4.0,3.0,5.0,0.0,0.0,0.0,0.0
HBA,residual_property,HBA_residual,4.5454545454545325,diagnostic_residual,50,50,1.0,-0.1430295373009573,-1.032919311392522,0.5475855743776894,0.0,-6.38378239159465e-16,7.277164981722706e-16,0.34
HBA,residual_property,HBA_residual,7.575757575757564,raw_property,50,50,1.0,4.0,3.0,5.0,0.0,0.0,0.0,0.0
HBA,residual_property,HBA_residual,7.575757575757564,diagnostic_residual,50,50,1.0,-0.23379363277173976,-1.0494621346507993,0.5475855743776894,0.0,-2.220446049250313e-16,7.277164981722706e-16,0.34
HBA,residual_property,HBA_residual,10.606060606060597,raw_property,50,50,1.0,4.0,3.0,5.0,0.0,0.0,0.0,0.0
HBA,residual_property,HBA_residual,10.606060606060597,diagnostic_residual,50,50,1.0,-0.23379363277173976,-1.0494621346507993,0.5475855743776894,0.0,-6.38378239159465e-16,7.277164981722706e-16,0.34
HBA,residual_property,HBA_residual,13.636363636363626,raw_property,50,50,1.0,4.0,3.0,5.0,0.0,0.0,0.0,0.04
HBA,residual_property,HBA_residual,13.636363636363626,diagnostic_residual,50,50,1.0,-0.1430295373009573,-1.0494621346507993,0.5864127350735651,0.0,-2.220446049250313e-16,8.743006318923108e-16,0.38
HBA,residual_property,HBA_residual,16.666666666666657,raw_property,50,50,1.0,4.0,3.0,5.0,0.0,0.0,0.0,0.04
HBA,residual_property,HBA_residual,16.666666666666657,diagnostic_residual,50,50,1.0,-0.0985421787055953,-1.032919311392522,0.5864127350735651,0.0,-2.220446049250313e-16,8.743006318923108e-16,0.38
HBA,residual_property,HBA_residual,19.69696969696969,raw_property,50,50,1.0,4.0,3.0,5.0,0.0,0.0,0.0,0.08
HBA,residual_property,HBA_residual,19.69696969696969,diagnostic_residual,50,50,1.0,-0.0985421787055953,-1.032919311392522,0.5864127350735651,0.0,-2.220446049250313e-16,8.881784197001252e-16,0.42
HBA,residual_property,HBA_residual,22.72727272727272,raw_property,50,50,1.0,4.0,3.0,5.0,0.0,0.0,0.0,0.14
HBA,residual_property,HBA_residual,22.72727272727272,diagnostic_residual,50,50,1.0,-0.0634105946767693,-0.8421140454597424,0.6821739409901741,0.0,-1.0408340855860843e-17,1.0685896612017132e-15,0.46
HBA,residual_property,HBA_residual,25.75757575757575,raw_property,50,50,1.0,4.0,3.0,5.0,0.0,0.0,0.0,0.22
HBA,residual_property,HBA_residual,25.75757575757575,diagnostic_residual,50,50,1.0,0.04639292414644465,-0.8500148983690827,0.7795036500919001,2.498001805406602e-16,0.0,0.05450902564857764,0.54
HBA,residual_property,HBA_residual,28.787878787878785,raw_property,50,50,1.0,4.0,3.0,5.75,0.0,0.0,1.0,0.34
HBA,residual_property,HBA_residual,28.787878787878785,diagnostic_residual,50,50,1.0,0.1765990193287132,-0.7826552980281911,1.278919739756555,8.881784197001252e-16,0.0,0.9372499591574117,0.64
HBA,residual_property,HBA_residual,31.818181818181813,raw_property,50,50,1.0,4.0,3.0,6.0,0.0,0.0,2.0,0.44
HBA,residual_property,HBA_residual,31.818181818181813,diagnostic_residual,50,50,1.0,0.26905167238510286,-0.5811330865573021,1.2487427674654152,1.6653345369377348e-15,0.0,1.6304638521475119,0.66
HBA,residual_property,HBA_residual,34.848484848484844,raw_property,50,50,1.0,4.5,3.0,6.0,0.5,0.0,2.0,0.5
HBA,residual_property,HBA_residual,34.848484848484844,diagnostic_residual,50,50,1.0,0.30946645865452105,-0.1795036508249508,1.5823177406067501,0.3157581469094066,0.0,1.8482973622343835,0.62
HBA,residual_property,HBA_residual,37.87878787878788,raw_property,50,50,1.0,5.0,3.25,7.0,1.0,0.0,2.75,0.66
HBA,residual_property,HBA_residual,37.87878787878788,diagnostic_residual,50,50,1.0,0.862536887242261,0.025445592520862925,2.1763192185147395,0.8304701203214786,1.3877787807814457e-17,2.449166162208687,0.74
HBA,residual_property,HBA_residual,40.90909090909091,raw_property,50,50,1.0,5.0,4.0,7.0,1.0,0.0,2.0,0.72
HBA,residual_property,HBA_residual,40.90909090909091,diagnostic_residual,50,50,1.0,1.0024546243122434,-0.07502161099245418,2.1763192185147395,0.8094262864304622,1.5265566588595902e-16,1.9627113048342342,0.76
HBA,residual_property,HBA_residual,43.93939393939394,raw_property,50,50,1.0,6.0,4.0,7.75,1.5,0.0,4.0,0.7
HBA,residual_property,HBA_residual,43.93939393939394,diagnostic_residual,50,50,1.0,1.749195045923142,0.12836348214088722,2.579091905696865,1.3845441143171349,0.0,3.300372233508892,0.72
HBA,residual_property,HBA_residual,46.96969696969697,raw_property,50,50,1.0,6.0,4.25,8.75,2.0,0.25,4.0,0.74
HBA,residual_property,HBA_residual,46.96969696969697,diagnostic_residual,50,50,1.0,2.0668432017642147,0.23884408448828748,3.15248373913636,2.198769105684354,0.09127074506300947,3.479503104727266,0.74
HBA,residual_property,HBA_residual,50.0,raw_property,50,50,1.0,6.0,5.0,8.75,3.0,1.0,4.0,0.84
HBA,residual_property,HBA_residual,50.0,diagnostic_residual,50,50,1.0,2.02804608740561,0.3867664527541319,3.7979205614553457,2.4447085815251164,0.7944402772950264,3.672430472754314,0.84
HBA,residual_property,HBA_residual,53.03030303030303,raw_property,50,50,1.0,6.0,5.0,9.0,3.0,1.0,5.0,0.88
HBA,residual_property,HBA_residual,53.03030303030303,diagnostic_residual,50,50,1.0,2.265866185174528,0.8049777788430388,3.979593061854009,2.597423933194347,0.8120925887361409,3.9725552031921847,0.88
HBA,residual_property,HBA_residual,56.06060606060606,raw_property,50,50,1.0,7.0,4.0,9.0,3.0,1.0,5.0,0.86
HBA,residual_property,HBA_residual,56.06060606060606,diagnostic_residual,50,50,1.0,2.525836907655365,0.6428706925501979,3.9703812564821908,2.597423933194347,0.7214943534546299,4.484294337352642,0.86
HBA,residual_property,HBA_residual,59.09090909090909,raw_property,50,50,1.0,7.0,4.25,9.0,3.0,1.0,5.0,0.9
HBA,residual_property,HBA_residual,59.09090909090909,diagnostic_residual,50,50,1.0,2.8722623733130517,0.8925809443956876,4.178288642049942,2.512817018587495,0.8795559892677973,4.611065617317214,0.9
HBA,residual_property,HBA_residual,62.121212121212125,raw_property,50,50,1.0,7.0,6.0,9.0,3.0,2.0,5.0,0.9
HBA,residual_property,HBA_residual,62.121212121212125,diagnostic_residual,50,50,1.0,3.049909011564206,1.2875038342053642,4.377608226753297,2.678546618744167,1.5584966094035013,5.056775877075426,0.9
HBA,residual_property,HBA_residual,65.15151515151516,raw_property,50,50,1.0,7.5,5.25,10.0,4.0,2.0,6.0,0.86
HBA,residual_property,HBA_residual,65.15151515151516,diagnostic_residual,50,50,1.0,2.857532614105326,1.5101666762226658,4.605175924756605,3.2243984698510997,1.3880613435677946,5.254650400903045,0.88
HBA,residual_property,HBA_residual,68.18181818181819,raw_property,50,50,1.0,9.0,6.0,10.0,4.0,2.0,6.0,0.88
HBA,residual_property,HBA_residual,68.18181818181819,diagnostic_residual,50,50,1.0,3.6123138872381153,1.5271999719058371,4.852699474962424,3.37594222029416,1.5711678864454373,5.224615669873064,0.9
HBA,residual_property,HBA_residual,71.21212121212122,raw_property,50,50,1.0,8.0,6.0,10.0,4.0,2.0,6.0,0.9
HBA,residual_property,HBA_residual,71.21212121212122,diagnostic_residual,50,50,1.0,3.71106657959422,1.6848476060384912,4.9137330061494495,3.8596466953764805,1.6750132990907238,5.080433745170954,0.9
HBA,residual_property,HBA_residual,74.24242424242425,raw_property,50,50,1.0,8.0,5.25,10.0,4.5,2.0,6.0,0.84
HBA,residual_property,HBA_residual,74.24242424242425,diagnostic_residual,50,50,1.0,3.6431838881516527,1.4442089334984545,4.992953387549579,3.9197579069250374,1.3503741167650358,5.311169126828085,0.82
HBA,residual_property,HBA_residual,77.27272727272728,raw_property,50,50,1.0,8.0,6.0,10.0,5.0,2.0,6.0,0.88
HBA,residual_property,HBA_residual,77.27272727272728,diagnostic_residual,50,50,1.0,3.8943275558689185,1.5365375348323584,5.4323820278271135,4.165044578475823,1.5967497630505085,5.625787750610521,0.86
HBA,residual_property,HBA_residual,80.30303030303031,raw_property,50,50,1.0,8.0,6.0,10.0,4.0,2.0,6.0,0.86
HBA,residual_property,HBA_residual,80.30303030303031,diagnostic_residual,50,50,1.0,3.2521259592585845,1.0632755791734816,4.9548937078639925,3.314825551947305,1.3571643486738785,5.388767422580727,0.82
HBA,residual_property,HBA_residual,83.33333333333334,raw_property,50,50,1.0,8.0,6.0,10.0,4.0,2.0,6.0,0.84
HBA,residual_property,HBA_residual,83.33333333333334,diagnostic_residual,50,50,1.0,3.188009739400183,1.4314332463509414,5.088072001916107,3.4796982951562923,1.0243412361248283,5.4967070817371075,0.82
HBA,residual_property,HBA_residual,86.36363636363637,raw_property,50,50,1.0,8.0,6.0,11.0,5.0,2.0,7.75,0.84
HBA,residual_property,HBA_residual,86.36363636363637,diagnostic_residual,50,50,1.0,4.16249379081451,1.1859651303563226,5.93694767016725,4.299898757407185,1.375710763081473,6.643506141156113,0.82
HBA,residual_property,HBA_residual,89.3939393939394,raw_property,50,50,1.0,8.5,6.0,11.0,5.0,3.0,7.0,0.84
HBA,residual_property,HBA_residual,89.3939393939394,diagnostic_residual,50,50,1.0,4.173743573125993,1.6354765893253869,5.9137995761361815,4.206732191565586,1.7132632236257113,6.652248314631452,0.82
HBA,residual_property,HBA_residual,92.42424242424244,raw_property,50,50,1.0,9.0,6.0,11.0,5.0,2.0,7.0,0.8
HBA,residual_property,HBA_residual,92.42424242424244,diagnostic_residual,50,50,1.0,3.940855194222819,1.0512209473993663,5.933304263818675,4.336557413086043,0.8920693524441003,6.915116116882658,0.8
HBA,residual_property,HBA_residual,95.45454545454544,raw_property,50,50,1.0,8.5,6.0,11.0,5.0,2.0,7.0,0.84
HBA,residual_property,HBA_residual,95.45454545454544,diagnostic_residual,50,50,1.0,3.8630215116424367,1.0746011195114984,6.28560175640594,4.596354974679276,1.0498634661064843,6.945809344650608,0.82
HBA,residual_property,HBA_residual,98.48484848484848,raw_property,50,50,1.0,10.0,5.25,11.75,6.0,2.0,7.75,0.84
HBA,residual_property,HBA_residual,98.48484848484848,diagnostic_residual,50,50,1.0,4.916858238313145,1.0964739421113787,6.588261487728677,4.935562813648511,0.8796860649236906,7.006572340661286,0.82
HBA,residual_property,HBA_residual,101.5151515151515,raw_property,50,50,1.0,10.0,6.0,11.75,6.0,2.0,8.0,0.84
HBA,residual_property,HBA_residual,101.5151515151515,diagnostic_residual,50,50,1.0,4.460069983731273,1.9780097505494876,6.757899453229404,5.163708193791071,1.2959879292784333,7.699447528467924,0.8
HBA,residual_property,HBA_residual,104.54545454545452,raw_property,50,50,1.0,10.0,6.25,12.0,6.0,2.25,8.0,0.84
HBA,residual_property,HBA_residual,104.54545454545452,diagnostic_residual,50,50,1.0,5.057661203782108,1.926955420436867,6.865439200290456,5.158616329739304,1.3558085130206123,7.233663634027965,0.78
HBA,residual_property,HBA_residual,107.57575757575756,raw_property,50,50,1.0,9.5,6.25,12.0,5.5,3.0,8.0,0.82
HBA,residual_property,HBA_residual,107.57575757575756,diagnostic_residual,50,50,1.0,4.743431159710448,1.9301848058682225,6.75668955275047,4.999935847090017,1.8288527619653392,7.5178250615156035,0.82
HBA,residual_property,HBA_residual,110.60606060606062,raw_property,50,50,1.0,8.5,6.0,12.0,5.0,1.25,8.75,0.82
HBA,residual_property,HBA_residual,110.60606060606062,diagnostic_residual,50,50,1.0,4.127310811097482,1.507773778231312,6.299535176903115,4.294960496362165,0.7922674840857267,7.768748955306615,0.82
HBA,residual_property,HBA_residual,113.63636363636364,raw_property,50,50,1.0,8.0,6.0,12.0,5.0,1.0,9.0,0.82
HBA,residual_property,HBA_residual,113.63636363636364,diagnostic_residual,50,50,1.0,3.872634706504579,1.075747592159824,6.935847797530121,4.244266804183819,0.4251301406487762,7.6618780093603345,0.78
HBA,residual_property,HBA_residual,116.66666666666669,raw_property,50,50,1.0,7.0,5.0,12.5,4.0,1.0,8.0,0.78
HBA,residual_property,HBA_residual,116.66666666666669,diagnostic_residual,50,50,1.0,2.238081711488599,-0.2635449573311013,7.129352406639741,2.348315209128506,0.30762429300321337,7.230848474976127,0.78
HBA,residual_property,HBA_residual,119.69696969696967,raw_property,50,50,1.0,8.0,5.25,12.0,5.0,2.0,8.0,0.82
HBA,residual_property,HBA_residual,119.69696969696967,diagnostic_residual,50,50,1.0,3.3335539706550574,0.2470946422449327,6.6711110691762805,3.62102564999566,0.4235912834620329,7.5287247072160435,0.76
HBA,residual_property,HBA_residual,122.72727272727276,raw_property,50,50,1.0,8.0,5.0,12.0,4.5,2.0,8.0,0.78
HBA,residual_property,HBA_residual,122.72727272727276,diagnostic_residual,50,50,1.0,3.3335539706550574,-0.6281391079141527,6.56891879664423,3.3932641015980423,-0.04814731629345452,7.493597134816599,0.72
HBA,residual_property,HBA_residual,125.75757575757576,raw_property,50,50,1.0,9.0,5.0,12.75,4.5,1.25,9.0,0.78
HBA,residual_property,HBA_residual,125.75757575757576,diagnostic_residual,50,50,1.0,3.243377345488233,-0.7097947662018829,7.27277037426618,3.304328130103649,-0.7259266883483413,7.70026341163689,0.72
HBA,residual_property,HBA_residual,128.7878787878788,raw_property,50,50,1.0,8.5,5.0,13.0,4.0,1.25,9.0,0.78
HBA,residual_property,HBA_residual,128.7878787878788,diagnostic_residual,50,50,1.0,2.8328093842202096,-0.9574803612729088,7.55345422917482,2.938285548869398,-1.2469878426627974,7.840979908246264,0.7
HBA,residual_property,HBA_residual,131.8181818181818,raw_property,50,50,1.0,8.0,5.0,14.0,4.0,1.0,10.75,0.8
HBA,residual_property,HBA_residual,131.8181818181818,diagnostic_residual,50,50,1.0,2.585562428360452,-0.7893541720441288,7.709930704794499,3.2995069429866732,-1.1331394116824332,7.840979908246264,0.7
HBA,residual_property,HBA_residual,134.84848484848487,raw_property,50,50,1.0,8.5,5.0,12.75,5.0,1.0,8.75,0.8
HBA,residual_property,HBA_residual,134.84848484848487,diagnostic_residual,50,50,1.0,3.812708366875246,-1.021729039536981,6.414133935307373,3.3639232563699633,-1.0974549340471556,6.567901678464781,0.66
HBA,residual_property,HBA_residual,137.87878787878788,raw_property,50,50,1.0,8.0,5.0,12.75,5.0,1.0,9.0,0.8
HBA,residual_property,HBA_residual,137.87878787878788,diagnostic_residual,50,50,1.0,2.1436982050979605,-1.6939653928722929,7.469743085864486,2.4143789530172595,-1.4441743112619438,7.0742209608325375,0.62
HBA,residual_property,HBA_residual,140.90909090909088,raw_property,50,50,1.0,8.0,5.0,11.0,4.5,1.0,8.0,0.78
HBA,residual_property,HBA_residual,140.90909090909088,diagnostic_residual,50,50,1.0,1.8043716213856693,-1.8405710387210483,5.208429119052118,2.0694064517778306,-2.098564009794665,6.144653083671269,0.64
HBA,residual_property,HBA_residual,143.93939393939394,raw_property,50,50,1.0,8.0,5.25,12.0,4.0,2.0,7.75,0.82
HBA,residual_property,HBA_residual,143.93939393939394,diagnostic_residual,50,50,1.0,1.5381658380042804,-2.2399614765432214,4.695523649930112,1.6730345145992578,-2.1253773460506413,5.459060458694683,0.62
HBA,residual_property,HBA_residual,146.96969696969694,raw_property,50,50,1.0,8.0,5.0,11.0,4.0,1.25,8.5,0.82
HBA,residual_property,HBA_residual,146.96969696969694,diagnostic_residual,50,50,1.0,1.09543029675014,-1.7562163870541954,4.5787346801200055,1.802040946855211,-2.059903507189821,5.073659506793457,0.58
HBA,residual_property,HBA_residual,150.0,raw_property,50,50,1.0,8.0,5.25,11.75,4.0,2.0,8.0,0.84
HBA,residual_property,HBA_residual,150.0,diagnostic_residual,50,50,1.0,0.9825907899035564,-3.0234436877168727,5.046545946960578,1.3321434326245818,-2.8586291758545235,5.9022454843717,0.54
HBA,selfies_length,selfies_len_tokens,-150.0,raw_property,50,44,0.88,0.0,0.0,0.25,-4.0,-4.25,-3.0,1.0
HBA,selfies_length,selfies_len_tokens,-150.0,diagnostic_residual,50,44,0.88,2.7574607103314324,2.4857585995015103,2.7574607103314324,2.7606164294129414,2.0216893438270755,3.4609339208415544,0.06818181818181818
HBA,selfies_length,selfies_len_tokens,-146.96969696969697,raw_property,50,44,0.88,0.0,0.0,1.0,-4.0,-4.25,-3.0,1.0
HBA,selfies_length,selfies_len_tokens,-146.96969696969697,diagnostic_residual,50,44,0.88,2.7574607103314324,2.0638145480571213,2.7574607103314324,2.7606164294129414,2.0216893438270755,3.3938921151385584,0.06818181818181818
HBA,selfies_length,selfies_len_tokens,-143.93939393939394,raw_property,50,44,0.88,0.0,0.0,1.0,-3.5,-4.25,-3.0,1.0
HBA,selfies_length,selfies_len_tokens,-143.93939393939394,diagnostic_residual,50,44,0.88,2.7574607103314324,2.0638145480571213,2.7574607103314324,2.723482490535062,2.0216893438270755,3.372401747865866,0.06818181818181818
HBA,selfies_length,selfies_len_tokens,-140.9090909090909,raw_property,50,44,0.88,0.0,0.0,1.0,-3.0,-4.25,-3.0,1.0
HBA,selfies_length,selfies_len_tokens,-140.9090909090909,diagnostic_residual,50,44,0.88,2.7574607103314324,2.0638145480571213,2.7574607103314324,2.723482490535062,1.9244424267897586,3.372401747865866,0.06818181818181818
HBA,selfies_length,selfies_len_tokens,-137.87878787878788,raw_property,50,45,0.9,0.0,0.0,1.0,-3.0,-4.0,-3.0,1.0
HBA,selfies_length,selfies_len_tokens,-137.87878787878788,diagnostic_residual,50,45,0.9,2.7574607103314324,2.0638145480571213,2.7574607103314324,2.710524012884953,1.9560909184457604,3.4128281469371555,0.06666666666666667
HBA,selfies_length,selfies_len_tokens,-134.84848484848484,raw_property,50,45,0.9,0.0,0.0,1.0,-3.0,-4.0,-3.0,1.0
HBA,selfies_length,selfies_len_tokens,-134.84848484848484,diagnostic_residual,50,45,0.9,2.7574607103314324,2.0638145480571213,2.7574607103314324,2.710524012884953,1.9560909184457604,3.4128281469371555,0.06666666666666667
HBA,selfies_length,selfies_len_tokens,-131.8181818181818,raw_property,50,45,0.9,0.0,0.0,1.0,-3.0,-4.0,-3.0,1.0
HBA,selfies_length,selfies_len_tokens,-131.8181818181818,diagnostic_residual,50,45,0.9,2.7574607103314324,2.0638145480571213,2.7574607103314324,2.710524012884953,1.9560909184457604,3.4128281469371555,0.06666666666666667
HBA,selfies_length,selfies_len_tokens,-128.78787878787878,raw_property,50,46,0.92,0.0,0.0,1.0,-3.0,-4.0,-3.0,1.0
HBA,selfies_length,selfies_len_tokens,-128.78787878787878,diagnostic_residual,50,46,0.92,2.7574607103314324,2.0638145480571213,2.7574607103314324,2.723482490535062,1.9779570602395322,3.557145468650352,0.06521739130434782
HBA,selfies_length,selfies_len_tokens,-125.75757575757576,raw_property,50,46,0.92,0.0,0.0,1.0,-3.0,-4.0,-3.0,1.0
HBA,selfies_length,selfies_len_tokens,-125.75757575757576,diagnostic_residual,50,46,0.92,2.7574607103314324,2.0638145480571213,2.7574607103314324,2.723482490535062,1.9779570602395322,3.557145468650352,0.06521739130434782
HBA,selfies_length,selfies_len_tokens,-122.72727272727272,raw_property,50,46,0.92,0.0,0.0,1.0,-3.0,-4.0,-3.0,1.0
HBA,selfies_length,selfies_len_tokens,-122.72727272727272,diagnostic_residual,50,46,0.92,2.7574607103314324,2.0638145480571213,2.7574607103314324,2.702228977574834,1.9779570602395322,3.557145468650352,0.06521739130434782
HBA,selfies_length,selfies_len_tokens,-119.69696969696967,raw_property,50,46,0.92,0.0,0.0,1.0,-3.0,-4.0,-3.0,1.0
HBA,selfies_length,selfies_len_tokens,-119.69696969696967,diagnostic_residual,50,46,0.92,2.62640661664964,2.0638145480571213,2.7574607103314324,2.702048454978862,1.8611454434777546,3.557145468650352,0.06521739130434782
HBA,selfies_length,selfies_len_tokens,-116.66666666666666,raw_property,50,46,0.92,0.0,0.0,1.0,-3.0,-4.0,-3.0,1.0
HBA,selfies_length,selfies_len_tokens,-116.66666666666666,diagnostic_residual,50,46,0.92,2.62640661664964,2.0638145480571213,2.7574607103314324,2.702048454978862,1.8611454434777546,3.557145468650352,0.06521739130434782
HBA,selfies_length,selfies_len_tokens,-113.63636363636364,raw_property,50,46,0.92,0.0,0.0,1.0,-3.0,-4.0,-3.0,1.0
HBA,selfies_length,selfies_len_tokens,-113.63636363636364,diagnostic_residual,50,46,0.92,2.62640661664964,2.0638145480571213,2.7574607103314324,2.702048454978862,1.8611454434777546,3.557145468650352,0.06521739130434782
HBA,selfies_length,selfies_len_tokens,-110.6060606060606,raw_property,50,47,0.94,0.0,0.0,1.0,-3.0,-4.0,-2.5,1.0
HBA,selfies_length,selfies_len_tokens,-110.6060606060606,diagnostic_residual,50,47,0.94,2.62640661664964,2.0638145480571213,2.7574607103314324,2.6939339422647146,1.8927939351337566,3.6067341533185937,0.06382978723404255
HBA,selfies_length,selfies_len_tokens,-107.57575757575758,raw_property,50,47,0.94,0.0,0.0,1.0,-3.0,-4.0,-2.5,1.0
HBA,selfies_length,selfies_len_tokens,-107.57575757575758,diagnostic_residual,50,47,0.94,2.62640661664964,2.0638145480571213,2.7574607103314324,2.6939339422647146,1.8927939351337566,3.510522605509796,0.06382978723404255
HBA,selfies_length,selfies_len_tokens,-104.54545454545456,raw_property,50,47,0.94,0.0,0.0,1.0,-3.0,-4.0,-2.0,1.0
HBA,selfies_length,selfies_len_tokens,-104.54545454545456,diagnostic_residual,50,47,0.94,2.62640661664964,2.0638145480571213,2.7574607103314324,2.684035917916897,1.8266818826161684,3.483571672795603,0.06382978723404255
HBA,selfies_length,selfies_len_tokens,-101.51515151515152,raw_property,50,47,0.94,1.0,0.0,1.0,-3.0,-4.0,-2.0,1.0
HBA,selfies_length,selfies_len_tokens,-101.51515151515152,diagnostic_residual,50,47,0.94,2.0966016665836,2.0638145480571213,2.7574607103314324,2.6811832969165055,1.824989976613983,3.483571672795603,0.06382978723404255
HBA,selfies_length,selfies_len_tokens,-98.48484848484848,raw_property,50,48,0.96,1.0,0.0,1.0,-3.0,-4.0,-2.0,1.0
HBA,selfies_length,selfies_len_tokens,-98.48484848484848,diagnostic_residual,50,48,0.96,2.2304500479348275,2.0638145480571213,2.7574607103314324,2.5702441985621345,1.8272434642178679,3.4212489771521866,0.0625
HBA,selfies_length,selfies_len_tokens,-95.45454545454544,raw_property,50,49,0.98,1.0,0.0,1.0,-3.0,-4.0,-2.0,1.0
HBA,selfies_length,selfies_len_tokens,-95.45454545454544,diagnostic_residual,50,49,0.98,2.364298429286055,2.0638145480571213,2.7574607103314324,2.554640510503013,1.8294969518217528,3.35892628150877,0.061224489795918366
HBA,selfies_length,selfies_len_tokens,-92.42424242424242,raw_property,50,49,0.98,1.0,0.0,1.0,-3.0,-4.0,-2.0,1.0
HBA,selfies_length,selfies_len_tokens,-92.42424242424242,diagnostic_residual,50,49,0.98,2.0966016665836,2.0604307360527505,2.7574607103314324,2.459305100207764,1.8294969518217528,3.281774053255363,0.08163265306122448
HBA,selfies_length,selfies_len_tokens,-89.39393939393939,raw_property,50,49,0.98,1.0,0.0,1.0,-3.0,-4.0,-2.0,1.0
HBA,selfies_length,selfies_len_tokens,-89.39393939393939,diagnostic_residual,50,49,0.98,2.0638145480571213,2.0604307360527505,2.62640661664964,2.25225720281491,1.6505297206048706,3.20817098970499,0.08163265306122448
HBA,selfies_length,selfies_len_tokens,-86.36363636363637,raw_property,50,49,0.98,1.0,0.0,1.0,-3.0,-4.0,-2.0,1.0
HBA,selfies_length,selfies_len_tokens,-86.36363636363637,diagnostic_residual,50,49,0.98,2.0638145480571213,2.0604307360527505,2.62640661664964,2.2358953521309948,1.4661809144267748,3.20817098970499,0.061224489795918366
HBA,selfies_length,selfies_len_tokens,-83.33333333333333,raw_property,50,49,0.98,1.0,0.0,1.0,-3.0,-4.0,-2.0,1.0
HBA,selfies_length,selfies_len_tokens,-83.33333333333333,diagnostic_residual,50,49,0.98,2.0638145480571213,1.346281653512605,2.4953525229678477,2.0427948059108596,1.0153224073922313,3.131666473971516,0.061224489795918366
HBA,selfies_length,selfies_len_tokens,-80.3030303030303,raw_property,50,49,0.98,1.0,0.0,1.0,-3.0,-4.0,-2.0,1.0
HBA,selfies_length,selfies_len_tokens,-80.3030303030303,diagnostic_residual,50,49,0.98,2.0604307360527505,1.337718099657042,2.0966016665836,1.993085536262765,1.0153224073922313,3.0333634243984866,0.061224489795918366
HBA,selfies_length,selfies_len_tokens,-77.27272727272728,raw_property,50,49,0.98,1.0,0.0,1.0,-3.0,-4.0,-2.0,1.0
HBA,selfies_length,selfies_len_tokens,-77.27272727272728,diagnostic_residual,50,49,0.98,2.0604307360527505,1.1740677634570211,2.0638145480571213,1.9615475388666916,1.0119385953878606,2.947358020334604,0.061224489795918366
HBA,selfies_length,selfies_len_tokens,-74.24242424242425,raw_property,50,49,0.98,1.0,1.0,1.0,-3.0,-4.0,-2.0,1.0
HBA,selfies_length,selfies_len_tokens,-74.24242424242425,diagnostic_residual,50,49,0.98,2.0604307360527505,1.0910078102771985,2.0638145480571213,1.9615475388666916,1.0119385953878606,2.7494844562745313,0.061224489795918366
HBA,selfies_length,selfies_len_tokens,-71.21212121212122,raw_property,50,49,0.98,1.0,1.0,1.0,-3.0,-4.0,-2.0,1.0
HBA,selfies_length,selfies_len_tokens,-71.21212121212122,diagnostic_residual,50,49,0.98,1.3875208652166426,1.0604307360527503,2.0638145480571213,1.8794973489811853,0.9723416095921578,2.74389059996813,0.08163265306122448
HBA,selfies_length,selfies_len_tokens,-68.18181818181819,raw_property,50,49,0.98,1.0,1.0,1.0,-3.0,-4.0,-2.0,1.0
HBA,selfies_length,selfies_len_tokens,-68.18181818181819,diagnostic_residual,50,49,0.98,1.3875208652166426,1.0204103263972772,2.0638145480571213,1.8204830014062132,0.7860927301619087,2.7071402008805823,0.08163265306122448
HBA,selfies_length,selfies_len_tokens,-65.15151515151516,raw_property,50,50,1.0,1.0,1.0,1.0,-3.0,-4.0,-2.0,1.0
HBA,selfies_length,selfies_len_tokens,-65.15151515151516,diagnostic_residual,50,50,1.0,1.307874938730445,0.4136523167256211,2.0604307360527505,1.7192407159660734,0.6626166295616231,2.4055878412785088,0.1
HBA,selfies_length,selfies_len_tokens,-62.121212121212125,raw_property,50,50,1.0,1.0,1.0,1.0,-3.0,-4.0,-2.0,0.98
HBA,selfies_length,selfies_len_tokens,-62.121212121212125,diagnostic_residual,50,50,1.0,1.0966016665836,0.6152241373529349,1.8958648134711202,1.5637397961698123,0.623708644490421,2.411164196637311,0.12
HBA,selfies_length,selfies_len_tokens,-59.09090909090909,raw_property,50,50,1.0,1.0,1.0,1.0,-3.0,-4.0,-2.0,0.98
HBA,selfies_length,selfies_len_tokens,-59.09090909090909,diagnostic_residual,50,50,1.0,1.0966016665836,0.34865355128639497,1.4170923498921173,1.0645823520084663,0.17632352884590874,1.9885656677997015,0.18
HBA,selfies_length,selfies_len_tokens,-56.06060606060606,raw_property,50,50,1.0,1.0,1.0,2.0,-2.0,-4.0,-2.0,0.98
HBA,selfies_length,selfies_len_tokens,-56.06060606060606,diagnostic_residual,50,50,1.0,1.0204103263972772,0.16056536054047574,1.3875208652166426,1.0294020968319726,0.1459085673904722,1.950417992436713,0.22
HBA,selfies_length,selfies_len_tokens,-53.03030303030303,raw_property,50,50,1.0,1.0,1.0,2.0,-2.0,-4.0,-1.0,0.98
HBA,selfies_length,selfies_len_tokens,-53.03030303030303,diagnostic_residual,50,50,1.0,0.92127380313484,-0.08064127423322832,1.3330647708156467,0.9102267142783003,-0.014706282102558199,1.884760969694474,0.26
HBA,selfies_length,selfies_len_tokens,-50.0,raw_property,50,50,1.0,2.0,1.0,2.0,-2.0,-3.0,-1.25,0.92
HBA,selfies_length,selfies_len_tokens,-50.0,diagnostic_residual,50,50,1.0,0.7154554913645401,-0.22847225177689573,1.3189848596878933,0.7454904997185365,-0.28508310320434377,1.884760969694474,0.28
HBA,selfies_length,selfies_len_tokens,-46.96969696969697,raw_property,50,50,1.0,2.0,1.0,2.0,-2.0,-3.0,-1.0,0.92
HBA,selfies_length,selfies_len_tokens,-46.96969696969697,diagnostic_residual,50,50,1.0,0.20887410441152315,-0.38693433771146307,1.2122259735745549,0.6108831282251119,-0.3235167816555027,1.4620772133755027,0.36
HBA,selfies_length,selfies_len_tokens,-43.93939393939394,raw_property,50,50,1.0,2.0,1.0,2.0,-2.0,-3.0,-1.0,0.88
HBA,selfies_length,selfies_len_tokens,-43.93939393939394,diagnostic_residual,50,50,1.0,0.18481738666953615,-0.5079453801720559,0.8965269362566066,0.37835129830853376,-0.5443052612641526,1.4228503654052551,0.38
HBA,selfies_length,selfies_len_tokens,-40.90909090909091,raw_property,50,50,1.0,2.0,2.0,2.0,-2.0,-2.0,-1.0,0.88
HBA,selfies_length,selfies_len_tokens,-40.90909090909091,diagnostic_residual,50,50,1.0,0.37847866500114025,-0.6999783045525869,0.8484570869751704,0.47665318922087785,-0.3224922427231649,1.0921991176525014,0.34
HBA,selfies_length,selfies_len_tokens,-37.87878787878788,raw_property,50,50,1.0,2.0,2.0,3.0,-2.0,-2.75,-1.0,0.84
HBA,selfies_length,selfies_len_tokens,-37.87878787878788,diagnostic_residual,50,50,1.0,0.10156648843351004,-0.758456338198195,0.6108539818422203,0.28919729891412915,-0.4194281336452797,0.7792061606845611,0.4
HBA,selfies_length,selfies_len_tokens,-34.848484848484844,raw_property,50,50,1.0,2.0,2.0,3.0,-1.5,-2.0,-1.0,0.8
HBA,selfies_length,selfies_len_tokens,-34.848484848484844,diagnostic_residual,50,50,1.0,0.12618652578008754,-0.640156482076077,0.6562444098370703,0.3201521302198911,-0.5595606979031822,0.8553469596452516,0.38
HBA,selfies_length,selfies_len_tokens,-31.818181818181813,raw_property,50,50,1.0,3.0,2.0,3.75,-1.0,-2.0,-1.0,0.76
HBA,selfies_length,selfies_len_tokens,-31.818181818181813,diagnostic_residual,50,50,1.0,0.08747403186345165,-0.4161594252335803,0.7031664258905184,0.36564452931172475,-0.35261526793581766,0.858194403384243,0.42
HBA,selfies_length,selfies_len_tokens,-28.787878787878785,raw_property,50,50,1.0,3.0,2.0,3.0,-1.0,-2.0,-0.25,0.74
HBA,selfies_length,selfies_len_tokens,-28.787878787878785,diagnostic_residual,50,50,1.0,0.04966895238632315,-0.6837207470167193,0.7031664258905184,0.0557146194255082,-0.35261526793581766,0.7914921985591725,0.48
HBA,selfies_length,selfies_len_tokens,-25.757575757575765,raw_property,50,50,1.0,3.0,2.0,4.0,-1.0,-1.0,0.0,0.62
HBA,selfies_length,selfies_len_tokens,-25.757575757575765,diagnostic_residual,50,50,1.0,-0.1854788082619518,-0.8476138200478851,0.6321473172515963,-4.440892098500626e-16,-0.41098386612240245,0.6280118531884773,0.5
HBA,selfies_length,selfies_len_tokens,-22.727272727272734,raw_property,50,50,1.0,3.0,2.0,4.0,-0.5,-1.0,0.0,0.5
HBA,selfies_length,selfies_len_tokens,-22.727272727272734,diagnostic_residual,50,50,1.0,-0.03435587589147905,-1.043312966570158,0.7817028432451714,0.0,-0.2898406435328438,0.5705471637079298,0.46
HBA,selfies_length,selfies_len_tokens,-19.69696969696969,raw_property,50,50,1.0,3.0,3.0,4.0,0.0,-1.0,0.0,0.34
HBA,selfies_length,selfies_len_tokens,-19.69696969696969,diagnostic_residual,50,50,1.0,-0.242143372055958,-1.270329642636271,0.571219012064377,0.0,-0.3346126748290732,0.30603050666501663,0.4
HBA,selfies_length,selfies_len_tokens,-16.666666666666657,raw_property,50,50,1.0,3.5,3.0,4.0,0.0,0.0,0.0,0.2
HBA,selfies_length,selfies_len_tokens,-16.666666666666657,diagnostic_residual,50,50,1.0,-0.17032383653934066,-1.1849162695960094,0.4971437636283347,0.0,-1.7763568394002505e-15,0.17774335478960546,0.38
HBA,selfies_length,selfies_len_tokens,-13.636363636363626,raw_property,50,50,1.0,4.0,3.0,4.75,0.0,0.0,0.0,0.16
HBA,selfies_length,selfies_len_tokens,-13.636363636363626,diagnostic_residual,50,50,1.0,-0.1619400603568106,-1.1591751396522014,0.5097939772594524,0.0,-9.08995101411847e-16,0.01533176064128372,0.36
HBA,selfies_length,selfies_len_tokens,-10.606060606060597,raw_property,50,50,1.0,4.0,3.0,5.0,0.0,0.0,0.0,0.0
HBA,selfies_length,selfies_len_tokens,-10.606060606060597,diagnostic_residual,50,50,1.0,-0.0976208355961647,-1.032919311392522,0.5475855743776894,0.0,-1.700029006457271e-16,8.881784197001252e-16,0.28
HBA,selfies_length,selfies_len_tokens,-7.575757575757564,raw_property,50,50,1.0,4.0,3.0,5.0,0.0,0.0,0.0,0.0
HBA,selfies_length,selfies_len_tokens,-7.575757575757564,diagnostic_residual,50,50,1.0,-0.0976208355961647,-1.032919311392522,0.5475855743776894,0.0,-2.220446049250313e-16,8.300651832549022e-16,0.32
HBA,selfies_length,selfies_len_tokens,-4.545454545454561,raw_property,50,50,1.0,4.0,3.0,5.0,0.0,0.0,0.0,0.02
HBA,selfies_length,selfies_len_tokens,-4.545454545454561,diagnostic_residual,50,50,1.0,-0.1430295373009573,-1.0627830896075363,0.5475855743776894,0.0,-6.38378239159465e-16,7.277164981722706e-16,0.34
HBA,selfies_length,selfies_len_tokens,-1.5151515151515298,raw_property,50,50,1.0,4.0,3.0,5.0,0.0,0.0,0.0,0.02
HBA,selfies_length,selfies_len_tokens,-1.5151515151515298,diagnostic_residual,50,50,1.0,-0.1430295373009573,-1.1316774055541579,0.5475855743776894,0.0,-6.38378239159465e-16,7.277164981722706e-16,0.34
HBA,selfies_length,selfies_len_tokens,1.5151515151515014,raw_property,50,50,1.0,4.0,3.0,5.0,0.0,0.0,0.0,0.0
HBA,selfies_length,selfies_len_tokens,1.5151515151515014,diagnostic_residual,50,50,1.0,-0.1430295373009573,-1.032919311392522,0.5475855743776894,0.0,-8.604228440844963e-16,7.277164981722706e-16,0.34
HBA,selfies_length,selfies_len_tokens,4.5454545454545325,raw_property,50,50,1.0,4.0,3.0,5.0,0.0,0.0,0.0,0.0
HBA,selfies_length,selfies_len_tokens,4.5454545454545325,diagnostic_residual,50,50,1.0,-0.23379363277173976,-1.0494621346507993,0.5475855743776894,0.0,-8.604228440844963e-16,7.277164981722706e-16,0.34
HBA,selfies_length,selfies_len_tokens,7.575757575757564,raw_property,50,50,1.0,4.0,3.0,5.0,0.0,0.0,0.0,0.0
HBA,selfies_length,selfies_len_tokens,7.575757575757564,diagnostic_residual,50,50,1.0,-0.23379363277173976,-1.0494621346507993,0.5475855743776894,0.0,-8.881784197001252e-16,7.277164981722706e-16,0.34
HBA,selfies_length,selfies_len_tokens,10.606060606060597,raw_property,50,50,1.0,4.0,3.0,5.0,0.0,0.0,0.0,0.06
HBA,selfies_length,selfies_len_tokens,10.606060606060597,diagnostic_residual,50,50,1.0,-0.23379363277173976,-1.4011410736558152,0.3552082487442141,-9.020562075079397e-16,-0.45100753200394705,3.642919299551295e-17,0.26
HBA,selfies_length,selfies_len_tokens,13.636363636363626,raw_property,50,50,1.0,4.0,3.0,5.0,0.0,0.0,0.0,0.16
HBA,selfies_length,selfies_len_tokens,13.636363636363626,diagnostic_residual,50,50,1.0,-0.3095901124407652,-1.5067840466791884,0.30114658941931854,-0.2661517717453509,-0.5411903985087684,0.0,0.22
HBA,selfies_length,selfies_len_tokens,16.666666666666657,raw_property,50,50,1.0,4.0,3.0,5.0,0.0,0.0,0.0,0.18
HBA,selfies_length,selfies_len_tokens,16.666666666666657,diagnostic_residual,50,50,1.0,-0.6704344264326223,-1.482383218232289,0.2131115364753941,-0.5168987210724387,-0.782875175254709,0.0,0.22
HBA,selfies_length,selfies_len_tokens,19.69696969696969,raw_property,50,50,1.0,4.0,3.0,6.0,0.0,0.0,1.0,0.4
HBA,selfies_length,selfies_len_tokens,19.69696969696969,diagnostic_residual,50,50,1.0,-0.42373876136725735,-1.3430136212945554,0.589817824268934,-0.34237947047652195,-0.7666925881959665,0.22181122652517216,0.36
HBA,selfies_length,selfies_len_tokens,22.72727272727272,raw_property,50,50,1.0,5.0,3.0,6.0,1.0,0.0,1.0,0.56
HBA,selfies_length,selfies_len_tokens,22.72727272727272,diagnostic_residual,50,50,1.0,-0.6405443312545849,-1.8573449312079162,0.34772469282476476,-0.5533438063348406,-1.059933992956878,0.1530065294138661,0.32
HBA,selfies_length,selfies_len_tokens,25.75757575757575,raw_property,50,50,1.0,5.0,3.25,6.0,1.0,0.0,1.0,0.56
HBA,selfies_length,selfies_len_tokens,25.75757575757575,diagnostic_residual,50,50,1.0,-0.8200424805297319,-1.7560896810862825,0.4606350105942189,-0.4964187994985121,-1.6065000750559202,0.1623961181948046,0.28
HBA,selfies_length,selfies_len_tokens,28.787878787878785,raw_property,50,50,1.0,5.0,4.0,6.0,1.0,0.0,2.0,0.62
HBA,selfies_length,selfies_len_tokens,28.787878787878785,diagnostic_residual,50,50,1.0,-0.7565318747125582,-1.8166836189230626,0.6211997447633815,-0.24078031039343492,-1.6857550144983686,0.3317215270613172,0.38
HBA,selfies_length,selfies_len_tokens,31.818181818181813,raw_property,50,50,1.0,5.0,4.0,6.0,1.0,0.0,2.0,0.68
HBA,selfies_length,selfies_len_tokens,31.818181818181813,diagnostic_residual,50,50,1.0,-0.9939494454807387,-1.8595002164011833,0.5287077523973416,-0.19374801638817374,-1.4023492788871983,0.5587614682611886,0.42
HBA,selfies_length,selfies_len_tokens,34.848484848484844,raw_property,50,50,1.0,5.0,4.0,6.0,1.0,1.0,2.0,0.76
HBA,selfies_length,selfies_len_tokens,34.848484848484844,diagnostic_residual,50,50,1.0,-0.6119132464401931,-1.381057437919102,0.525116236948513,-0.07486649244465404,-1.1793080058183,0.653440342625357,0.42
HBA,selfies_length,selfies_len_tokens,37.87878787878788,raw_property,50,50,1.0,5.5,4.0,7.0,1.0,1.0,2.0,0.78
HBA,selfies_length,selfies_len_tokens,37.87878787878788,diagnostic_residual,50,50,1.0,-0.1448967135794201,-1.953789203731854,0.6144342031417098,-0.09061065450190142,-0.7922679590456454,0.4539286189345153,0.48
HBA,selfies_length,selfies_len_tokens,40.90909090909091,raw_property,50,50,1.0,6.0,4.0,7.0,2.0,1.0,2.0,0.76
HBA,selfies_length,selfies_len_tokens,40.90909090909091,diagnostic_residual,50,50,1.0,-0.2292385389157658,-1.5151969149416242,0.6576757750220432,0.12308350546445679,-1.18190282382976,0.7476285891700216,0.54
HBA,selfies_length,selfies_len_tokens,43.93939393939394,raw_property,50,50,1.0,6.0,5.0,7.0,2.0,1.0,3.0,0.76
HBA,selfies_length,selfies_len_tokens,43.93939393939394,diagnostic_residual,50,50,1.0,0.0648626666532772,-1.3842434429447632,1.2430706837827268,0.2827647885860691,-0.813517137808572,1.0075690282649397,0.6
HBA,selfies_length,selfies_len_tokens,46.96969696969697,raw_property,50,50,1.0,6.0,5.0,7.0,2.0,1.0,3.0,0.8
HBA,selfies_length,selfies_len_tokens,46.96969696969697,diagnostic_residual,50,50,1.0,-0.007657020763677951,-1.2424594015108132,1.318398721982692,0.16426555779657986,-0.6844513574647172,1.2012514145934228,0.54
HBA,selfies_length,selfies_len_tokens,50.0,raw_property,50,50,1.0,6.0,5.0,7.0,2.0,1.0,3.0,0.78
HBA,selfies_length,selfies_len_tokens,50.0,diagnostic_residual,50,50,1.0,-0.17499839001010903,-1.396181158041144,0.9299211831939451,0.08034124110432242,-0.8769082272206037,0.9775963419600835,0.52
HBA,selfies_length,selfies_len_tokens,53.03030303030303,raw_property,50,50,1.0,6.0,4.0,7.0,2.0,0.0,3.0,0.72
HBA,selfies_length,selfies_len_tokens,53.03030303030303,diagnostic_residual,50,50,1.0,-0.4977458674192041,-1.9473100496195475,0.7769905531293766,-0.06599786267135688,-1.6444898612650256,0.8402987200140921,0.48
HBA,selfies_length,selfies_len_tokens,56.06060606060606,raw_property,50,50,1.0,6.0,4.0,7.0,1.5,0.25,3.0,0.74
HBA,selfies_length,selfies_len_tokens,56.06060606060606,diagnostic_residual,50,50,1.0,-0.4931443406981444,-2.019026749145116,0.4224863095859485,-0.6466102314978759,-1.799419815906686,0.5476819310926258,0.42
HBA,selfies_length,selfies_len_tokens,59.09090909090909,raw_property,50,50,1.0,6.0,4.0,7.0,2.0,1.0,3.0,0.8
HBA,selfies_length,selfies_len_tokens,59.09090909090909,diagnostic_residual,50,50,1.0,-0.28625539932898736,-2.13289999550494,0.6462503044706587,-0.24327500439012795,-1.3116750090014349,0.4544781924078076,0.44
HBA,selfies_length,selfies_len_tokens,62.121212121212125,raw_property,50,50,1.0,6.0,4.25,7.0,2.0,1.0,3.0,0.84
HBA,selfies_length,selfies_len_tokens,62.121212121212125,diagnostic_residual,50,50,1.0,-0.37904574756357867,-2.3419492694302777,0.7274736033909881,-0.28686269985247037,-1.81179766641615,0.40151988535322203,0.4
HBA,selfies_length,selfies_len_tokens,65.15151515151516,raw_property,50,50,1.0,6.0,4.0,7.0,2.0,1.0,3.0,0.78
HBA,selfies_length,selfies_len_tokens,65.15151515151516,diagnostic_residual,50,50,1.0,-0.8265953879417767,-2.732703048364549,0.9186936852593597,-0.3285941703724635,-1.629319975567572,0.5300296173206129,0.44
HBA,selfies_length,selfies_len_tokens,68.18181818181819,raw_property,50,50,1.0,6.0,4.25,8.0,3.0,1.0,3.75,0.8
HBA,selfies_length,selfies_len_tokens,68.18181818181819,diagnostic_residual,50,50,1.0,-0.6500429565316477,-3.532121112071641,1.129986709176475,-0.31754578572351067,-3.061722026585949,0.830549835015949,0.42
HBA,selfies_length,selfies_len_tokens,71.21212121212122,raw_property,50,50,1.0,6.0,4.0,7.75,2.0,0.0,4.0,0.72
HBA,selfies_length,selfies_len_tokens,71.21212121212122,diagnostic_residual,50,50,1.0,-1.8538693596995284,-4.061688476746908,0.3003204071095484,-0.9699715493938474,-4.274537497743026,0.1692349047709938,0.28
HBA,selfies_length,selfies_len_tokens,74.24242424242425,raw_property,50,50,1.0,6.0,4.0,8.0,2.0,0.0,4.0,0.7
HBA,selfies_length,selfies_len_tokens,74.24242424242425,diagnostic_residual,50,50,1.0,-2.123073933083406,-5.248257097993977,0.6336526082752596,-1.3247894685412813,-5.1374318745276275,0.509107442315172,0.34
HBA,selfies_length,selfies_len_tokens,77.27272727272728,raw_property,50,50,1.0,6.0,5.0,9.0,3.0,1.0,5.0,0.76
HBA,selfies_length,selfies_len_tokens,77.27272727272728,diagnostic_residual,50,50,1.0,-2.5809147722170094,-6.567052730182703,-0.13035647340790252,-2.42209327146435,-6.077123903025313,0.41396241534137984,0.26
HBA,selfies_length,selfies_len_tokens,80.30303030303031,raw_property,50,50,1.0,6.0,3.25,9.0,3.0,0.0,4.75,0.72
HBA,selfies_length,selfies_len_tokens,80.30303030303031,diagnostic_residual,50,50,1.0,-3.369385879710996,-9.53332335691554,0.5637787387879021,-2.8690471825522557,-8.199056286582003,0.11502888435613068,0.3
HBA,selfies_length,selfies_len_tokens,83.33333333333334,raw_property,50,50,1.0,6.5,3.25,9.0,3.0,0.0,5.0,0.72
HBA,selfies_length,selfies_len_tokens,83.33333333333334,diagnostic_residual,50,50,1.0,-2.9574743751578687,-8.731148212068216,0.7846324299960972,-2.6700026958172662,-7.844223415438459,1.0889111394360782,0.36
HBA,selfies_length,selfies_len_tokens,86.36363636363637,raw_property,50,50,1.0,7.0,4.25,9.0,4.0,0.25,5.0,0.74
HBA,selfies_length,selfies_len_tokens,86.36363636363637,diagnostic_residual,50,50,1.0,-4.3634220425036485,-8.819884205480287,0.40440234480611226,-5.0291249973530086,-8.686023729840485,0.5670432447203257,0.3
HBA,selfies_length,selfies_len_tokens,89.3939393939394,raw_property,50,50,1.0,8.0,6.0,9.75,4.0,2.0,6.0,0.82
HBA,selfies_length,selfies_len_tokens,89.3939393939394,diagnostic_residual,50,50,1.0,-2.3287767562058006,-8.208381932129809,0.9450142751537349,-2.8972270519191285,-7.463514620756389,0.6768063106279607,0.32
HBA,selfies_length,selfies_len_tokens,92.42424242424244,raw_property,50,50,1.0,8.0,5.25,12.0,4.5,2.0,7.0,0.88
HBA,selfies_length,selfies_len_tokens,92.42424242424244,diagnostic_residual,50,50,1.0,-3.2122767352533668,-7.38342192299165,0.7744775563709037,-3.059207328924903,-6.683875932009038,0.5902275068552292,0.3
HBA,selfies_length,selfies_len_tokens,95.45454545454544,raw_property,50,50,1.0,8.5,5.25,11.75,5.0,2.0,7.75,0.82
HBA,selfies_length,selfies_len_tokens,95.45454545454544,diagnostic_residual,50,50,1.0,-3.777093443632665,-6.8236363335096675,-0.2266687160228144,-3.2169788902925003,-6.7177032984655,-0.9789044066514787,0.24
HBA,selfies_length,selfies_len_tokens,98.48484848484848,raw_property,50,50,1.0,7.5,6.0,12.0,4.5,2.0,7.0,0.84
HBA,selfies_length,selfies_len_tokens,98.48484848484848,diagnostic_residual,50,50,1.0,-4.214234655833384,-7.5122171624996525,-1.3394327114142608,-4.191067179650157,-7.0088343026857345,-1.433498053201997,0.16
HBA,selfies_length,selfies_len_tokens,101.5151515151515,raw_property,50,50,1.0,8.0,5.0,12.75,4.0,1.0,7.75,0.84
HBA,selfies_length,selfies_len_tokens,101.5151515151515,diagnostic_residual,50,50,1.0,-4.090980551931495,-8.110877299638485,-0.17725669445278722,-4.364711013519308,-7.291425754496732,-0.4049496453988948,0.24
HBA,selfies_length,selfies_len_tokens,104.54545454545452,raw_property,50,50,1.0,8.5,5.25,11.0,4.0,1.25,7.0,0.82
HBA,selfies_length,selfies_len_tokens,104.54545454545452,diagnostic_residual,50,50,1.0,-4.682942768669893,-7.989896742724582,-1.9041015504172025,-4.5632140657830895,-7.524045026627325,-1.3210769521629224,0.2
HBA,selfies_length,selfies_len_tokens,107.57575757575756,raw_property,50,50,1.0,8.0,5.25,10.75,4.0,2.0,6.75,0.78
HBA,selfies_length,selfies_len_tokens,107.57575757575756,diagnostic_residual,50,50,1.0,-5.225004048665368,-8.207453083885671,-1.1609993079207146,-4.8800318241903495,-7.948573143436414,-2.0973513279532887,0.16
HBA,selfies_length,selfies_len_tokens,110.60606060606062,raw_property,50,50,1.0,8.5,6.25,12.0,5.0,2.25,8.0,0.84
HBA,selfies_length,selfies_len_tokens,110.60606060606062,diagnostic_residual,50,50,1.0,-4.520807042236796,-7.012637243208041,-1.1531210752971401,-4.028126482663438,-6.723707990928125,-1.729801814943427,0.16
HBA,selfies_length,selfies_len_tokens,113.63636363636364,raw_property,50,50,1.0,9.0,6.0,12.75,4.0,2.0,8.75,0.82
HBA,selfies_length,selfies_len_tokens,113.63636363636364,diagnostic_residual,50,50,1.0,-4.057952686413447,-6.598134753420081,-0.4298901323634028,-3.8679334049727836,-6.571238536195052,-0.7805669615227007,0.22
HBA,selfies_length,selfies_len_tokens,116.66666666666669,raw_property,50,50,1.0,10.0,7.0,14.0,6.0,2.0,9.5,0.84
HBA,selfies_length,selfies_len_tokens,116.66666666666669,diagnostic_residual,50,50,1.0,-2.3352355086814907,-6.613892963441679,0.20045606315547007,-2.2559047217339048,-6.586647532460827,0.6566592944892322,0.28
HBA,selfies_length,selfies_len_tokens,119.69696969696967,raw_property,50,50,1.0,10.0,7.0,13.0,5.0,3.0,8.75,0.86
HBA,selfies_length,selfies_len_tokens,119.69696969696967,diagnostic_residual,50,50,1.0,-3.49008177483325,-6.565365192360707,-0.22014785264072056,-3.7173610479444035,-6.520486748749977,-0.2343490709500078,0.24
HBA,selfies_length,selfies_len_tokens,122.72727272727276,raw_property,50,50,1.0,9.0,8.0,13.0,5.0,3.0,8.75,0.86
HBA,selfies_length,selfies_len_tokens,122.72727272727276,diagnostic_residual,50,50,1.0,-3.052870123434813,-5.827783759228338,0.5450542142225965,-2.864484976743209,-6.073514404065191,0.08684110197438907,0.26
HBA,selfies_length,selfies_len_tokens,125.75757575757576,raw_property,50,50,1.0,10.0,8.0,13.75,6.0,3.0,9.0,0.88
HBA,selfies_length,selfies_len_tokens,125.75757575757576,diagnostic_residual,50,50,1.0,-1.9240581934930239,-5.65511116916144,0.2982785616742363,-2.472372991122549,-5.19236228757467,0.4548991441101895,0.28
HBA,selfies_length,selfies_len_tokens,128.7878787878788,raw_property,50,50,1.0,10.0,7.0,14.75,5.5,2.25,10.0,0.86
HBA,selfies_length,selfies_len_tokens,128.7878787878788,diagnostic_residual,50,50,1.0,-2.3789450892080675,-6.464378328545617,1.0251560319568132,-2.692507242347385,-5.572549786935586,1.0879006700586684,0.32
HBA,selfies_length,selfies_len_tokens,131.8181818181818,raw_property,50,50,1.0,10.5,6.25,13.0,5.5,2.25,10.0,0.86
HBA,selfies_length,selfies_len_tokens,131.8181818181818,diagnostic_residual,50,50,1.0,-2.8174126660126877,-5.983746619028031,1.1248452360288974,-2.653936507013373,-5.9984861246776155,1.0180538310530587,0.34
HBA,selfies_length,selfies_len_tokens,134.84848484848487,raw_property,50,50,1.0,10.5,7.25,13.75,7.0,3.25,9.75,0.9
HBA,selfies_length,selfies_len_tokens,134.84848484848487,diagnostic_residual,50,50,1.0,-1.8625368885083962,-5.476395624077197,0.9537821077154196,-2.440066234445001,-5.608915153602482,0.8379679469590093,0.4
HBA,selfies_length,selfies_len_tokens,137.87878787878788,raw_property,50,50,1.0,9.5,7.0,14.75,6.5,3.0,10.0,0.84
HBA,selfies_length,selfies_len_tokens,137.87878787878788,diagnostic_residual,50,50,1.0,-2.5446388525932147,-6.3640021686873816,1.7265452169332205,-2.2289515518333216,-5.9927556312384525,2.326751765691535,0.34
HBA,selfies_length,selfies_len_tokens,140.90909090909088,raw_property,50,50,1.0,10.5,6.0,14.75,6.0,2.0,10.0,0.86
HBA,selfies_length,selfies_len_tokens,140.90909090909088,diagnostic_residual,50,50,1.0,-1.930848528093735,-6.846997280250633,2.2303588808295305,-2.052934582842526,-6.773876252475811,2.802438094885917,0.36
HBA,selfies_length,selfies_len_tokens,143.93939393939394,raw_property,50,50,1.0,9.0,6.0,14.0,5.5,1.0,10.75,0.8
HBA,selfies_length,selfies_len_tokens,143.93939393939394,diagnostic_residual,50,50,1.0,-3.10733792814412,-6.6342958899865,1.4404200850667013,-2.5427968701201276,-6.802279626095836,1.2877208458402338,0.3
HBA,selfies_length,selfies_len_tokens,146.96969696969694,raw_property,50,50,1.0,10.0,6.25,13.0,6.0,2.0,9.75,0.8
HBA,selfies_length,selfies_len_tokens,146.96969696969694,diagnostic_residual,50,50,1.0,-3.136769540257621,-6.0164412730042285,1.6011611748031283,-2.4189764080298595,-6.6414939920991305,1.9222738679774964,0.34
HBA,selfies_length,selfies_len_tokens,150.0,raw_property,50,50,1.0,10.0,7.0,12.0,5.5,3.0,9.0,0.86
HBA,selfies_length,selfies_len_tokens,150.0,diagnostic_residual,50,50,1.0,-2.755635840875385,-5.945660266594306,1.006383010769267,-1.9872134118825433,-5.7212932724410015,0.8746556831318373,0.38
HeavyAtomCount,raw_property,HeavyAtomCount,-150.0,raw_property,50,41,0.82,1.0,1.0,1.0,-23.0,-27.0,-16.0,1.0
HeavyAtomCount,raw_property,HeavyAtomCount,-150.0,diagnostic_residual,50,41,0.82,-2.5739619493733983,-2.5739619493733983,-2.5739619493733983,-2.3845665835685423,-3.0417587907561536,-1.8078057616348566,0.975609756097561
HeavyAtomCount,raw_property,HeavyAtomCount,-146.96969696969697,raw_property,50,41,0.82,1.0,1.0,1.0,-23.0,-27.0,-16.0,1.0
HeavyAtomCount,raw_property,HeavyAtomCount,-146.96969696969697,diagnostic_residual,50,41,0.82,-2.5739619493733983,-2.5739619493733983,-2.5739619493733983,-2.3845665835685423,-3.0417587907561536,-1.8078057616348566,0.975609756097561
HeavyAtomCount,raw_property,HeavyAtomCount,-143.93939393939394,raw_property,50,41,0.82,1.0,1.0,1.0,-23.0,-27.0,-16.0,1.0
HeavyAtomCount,raw_property,HeavyAtomCount,-143.93939393939394,diagnostic_residual,50,41,0.82,-2.5739619493733983,-2.5739619493733983,-2.5739619493733983,-2.3845665835685423,-3.002415200974564,-1.8078057616348566,0.975609756097561
HeavyAtomCount,raw_property,HeavyAtomCount,-140.9090909090909,raw_property,50,42,0.84,1.0,1.0,1.0,-23.0,-26.75,-15.25,1.0
HeavyAtomCount,raw_property,HeavyAtomCount,-140.9090909090909,diagnostic_residual,50,42,0.84,-2.5739619493733983,-2.5739619493733983,-2.5739619493733983,-2.459075298546427,-3.0319228933107563,-1.7316019151317994,0.9761904761904762
HeavyAtomCount,raw_property,HeavyAtomCount,-137.87878787878788,raw_property,50,42,0.84,1.0,1.0,1.0,-23.0,-26.75,-15.25,1.0
HeavyAtomCount,raw_property,HeavyAtomCount,-137.87878787878788,diagnostic_residual,50,42,0.84,-2.5739619493733983,-2.5739619493733983,-2.5739619493733983,-2.5390771965910073,-3.0319228933107563,-1.7316019151317994,0.9761904761904762
HeavyAtomCount,raw_property,HeavyAtomCount,-134.84848484848484,raw_property,50,42,0.84,1.0,1.0,1.0,-23.0,-26.75,-15.25,1.0
HeavyAtomCount,raw_property,HeavyAtomCount,-134.84848484848484,diagnostic_residual,50,42,0.84,-2.5739619493733983,-2.5739619493733983,-2.5739619493733983,-2.459075298546427,-3.0193678411156486,-1.7316019151317994,0.9761904761904762
HeavyAtomCount,raw_property,HeavyAtomCount,-131.8181818181818,raw_property,50,42,0.84,1.0,1.0,1.0,-23.0,-26.75,-15.25,1.0
HeavyAtomCount,raw_property,HeavyAtomCount,-131.8181818181818,diagnostic_residual,50,42,0.84,-2.5739619493733983,-2.5739619493733983,-2.5739619493733983,-2.459075298546427,-3.0193678411156486,-1.7316019151317994,0.9761904761904762
HeavyAtomCount,raw_property,HeavyAtomCount,-128.78787878787878,raw_property,50,42,0.84,1.0,1.0,1.0,-23.0,-26.75,-15.25,1.0
HeavyAtomCount,raw_property,HeavyAtomCount,-128.78787878787878,diagnostic_residual,50,42,0.84,-2.5739619493733983,-2.5739619493733983,-2.5739619493733983,-2.459075298546427,-3.0193678411156486,-1.7316019151317994,0.9761904761904762
HeavyAtomCount,raw_property,HeavyAtomCount,-125.75757575757576,raw_property,50,43,0.86,1.0,1.0,1.5,-23.0,-26.5,-15.5,1.0
HeavyAtomCount,raw_property,HeavyAtomCount,-125.75757575757576,diagnostic_residual,50,43,0.86,-2.5739619493733983,-2.5739619493733983,-2.569484032325902,-2.3845665835685423,-2.9969768914751436,-1.7014027688153168,0.9767441860465116
HeavyAtomCount,raw_property,HeavyAtomCount,-122.72727272727272,raw_property,50,43,0.86,1.0,1.0,2.0,-23.0,-26.5,-15.5,1.0
HeavyAtomCount,raw_property,HeavyAtomCount,-122.72727272727272,diagnostic_residual,50,43,0.86,-2.5739619493733983,-2.5739619493733983,-2.334274120034092,-2.3845665835685423,-2.9293166769513217,-1.7014027688153168,0.9767441860465116
HeavyAtomCount,raw_property,HeavyAtomCount,-119.69696969696967,raw_property,50,43,0.86,1.0,1.0,2.0,-23.0,-26.5,-15.5,1.0
HeavyAtomCount,raw_property,HeavyAtomCount,-119.69696969696967,diagnostic_residual,50,43,0.86,-2.5739619493733983,-2.5739619493733983,-2.123625187683113,-2.3837555997653705,-2.9293166769513217,-1.7014027688153168,0.9767441860465116
HeavyAtomCount,raw_property,HeavyAtomCount,-116.66666666666666,raw_property,50,43,0.86,2.0,1.0,2.0,-23.0,-26.5,-15.5,1.0
HeavyAtomCount,raw_property,HeavyAtomCount,-116.66666666666666,diagnostic_residual,50,43,0.86,-2.5739619493733983,-2.5739619493733983,-1.9129762553321343,-2.3414295069333004,-2.882795374119168,-1.7014027688153168,0.9767441860465116
HeavyAtomCount,raw_property,HeavyAtomCount,-113.63636363636364,raw_property,50,43,0.86,2.0,1.0,2.0,-23.0,-26.0,-15.5,1.0
HeavyAtomCount,raw_property,HeavyAtomCount,-113.63636363636364,diagnostic_residual,50,43,0.86,-2.334274120034092,-2.5739619493733983,-1.9129762553321343,-2.3414295069333004,-2.882795374119168,-1.6556265332551694,0.9767441860465116
HeavyAtomCount,raw_property,HeavyAtomCount,-110.6060606060606,raw_property,50,45,0.9,2.0,1.0,2.0,-23.0,-26.0,-16.0,1.0
HeavyAtomCount,raw_property,HeavyAtomCount,-110.6060606060606,diagnostic_residual,50,45,0.9,-2.334274120034092,-2.5739619493733983,-1.9129762553321343,-2.319976784817216,-2.854375040717962,-1.69660490466652,0.9777777777777777
HeavyAtomCount,raw_property,HeavyAtomCount,-107.57575757575758,raw_property,50,45,0.9,2.0,1.0,2.0,-23.0,-25.0,-16.0,1.0
HeavyAtomCount,raw_property,HeavyAtomCount,-107.57575757575758,diagnostic_residual,50,45,0.9,-2.334274120034092,-2.5739619493733983,-1.9129762553321343,-2.3048825503183967,-2.854375040717962,-1.69660490466652,0.9777777777777777
HeavyAtomCount,raw_property,HeavyAtomCount,-104.54545454545456,raw_property,50,45,0.9,2.0,1.0,2.0,-23.0,-25.0,-16.0,1.0
HeavyAtomCount,raw_property,HeavyAtomCount,-104.54545454545456,diagnostic_residual,50,45,0.9,-2.334274120034092,-2.5739619493733983,-1.9129762553321343,-2.2938961841850056,-2.854375040717962,-1.6146481618438189,0.9777777777777777
HeavyAtomCount,raw_property,HeavyAtomCount,-101.51515151515152,raw_property,50,45,0.9,2.0,1.0,2.0,-22.0,-25.0,-15.0,1.0
HeavyAtomCount,raw_property,HeavyAtomCount,-101.51515151515152,diagnostic_residual,50,45,0.9,-2.334274120034092,-2.5739619493733983,-1.9129762553321343,-2.2461210000065286,-2.854375040717962,-1.6146481618438189,0.9777777777777777
HeavyAtomCount,raw_property,HeavyAtomCount,-98.48484848484848,raw_property,50,45,0.9,2.0,1.0,2.0,-23.0,-25.0,-15.0,1.0
HeavyAtomCount,raw_property,HeavyAtomCount,-98.48484848484848,diagnostic_residual,50,45,0.9,-2.334274120034092,-2.5739619493733983,-1.9129762553321343,-2.2461210000065286,-2.814866894038307,-1.6146481618438189,0.9777777777777777
HeavyAtomCount,raw_property,HeavyAtomCount,-95.45454545454544,raw_property,50,46,0.92,2.0,1.0,2.0,-22.5,-25.0,-15.0,1.0
HeavyAtomCount,raw_property,HeavyAtomCount,-95.45454545454544,diagnostic_residual,50,46,0.92,-2.334274120034092,-2.5739619493733983,-1.9129762553321343,-2.195499877117882,-2.8908371710864107,-1.5911336262940619,0.9782608695652174
HeavyAtomCount,raw_property,HeavyAtomCount,-92.42424242424242,raw_property,50,48,0.96,2.0,1.0,2.25,-22.5,-25.0,-15.0,1.0
HeavyAtomCount,raw_property,HeavyAtomCount,-92.42424242424242,diagnostic_residual,50,48,0.96,-2.334274120034092,-2.5739619493733983,-1.9129762553321343,-2.195499877117882,-2.8389540974088234,-1.6030140133683373,0.9791666666666666
HeavyAtomCount,raw_property,HeavyAtomCount,-89.39393939393939,raw_property,50,48,0.96,2.0,1.75,3.0,-22.0,-25.0,-15.0,1.0
HeavyAtomCount,raw_property,HeavyAtomCount,-89.39393939393939,diagnostic_residual,50,48,0.96,-2.0867305620746723,-2.5739619493733983,-1.9129762553321343,-2.137923633674397,-2.6383937680559852,-1.5554596427151441,0.9791666666666666
HeavyAtomCount,raw_property,HeavyAtomCount,-86.36363636363637,raw_property,50,48,0.96,2.0,2.0,3.0,-22.0,-25.0,-15.0,1.0
HeavyAtomCount,raw_property,HeavyAtomCount,-86.36363636363637,diagnostic_residual,50,48,0.96,-1.9196303730649813,-2.5739619493733983,-1.8616597456598323,-2.111053363853877,-2.634465256235851,-1.3471282755545013,0.9791666666666666
HeavyAtomCount,raw_property,HeavyAtomCount,-83.33333333333333,raw_property,50,48,0.96,2.0,2.0,3.0,-22.0,-25.0,-15.0,1.0
HeavyAtomCount,raw_property,HeavyAtomCount,-83.33333333333333,diagnostic_residual,50,48,0.96,-1.9129762553321343,-2.5739619493733983,-1.7077102166429263,-2.056749298001609,-2.634465256235851,-1.2303463571232138,0.9791666666666666
HeavyAtomCount,raw_property,HeavyAtomCount,-80.3030303030303,raw_property,50,49,0.98,3.0,2.0,3.0,-22.0,-24.0,-15.0,1.0
HeavyAtomCount,raw_property,HeavyAtomCount,-80.3030303030303,diagnostic_residual,50,49,0.98,-1.9129762553321343,-2.334274120034092,-1.7077102166429263,-2.0332096405253077,-2.6094491956184758,-1.2009739202378498,0.9795918367346939
HeavyAtomCount,raw_property,HeavyAtomCount,-77.27272727272728,raw_property,50,49,0.98,3.0,2.0,4.0,-22.0,-23.0,-15.0,1.0
HeavyAtomCount,raw_property,HeavyAtomCount,-77.27272727272728,diagnostic_residual,50,49,0.98,-1.9129762553321343,-2.094586290694785,-1.7077102166429263,-1.9690147694240876,-2.6094491956184758,-1.1601283030592864,0.9591836734693877
HeavyAtomCount,raw_property,HeavyAtomCount,-74.24242424242425,raw_property,50,50,1.0,3.0,2.0,4.0,-22.0,-23.0,-15.0,1.0
HeavyAtomCount,raw_property,HeavyAtomCount,-74.24242424242425,diagnostic_residual,50,50,1.0,-1.9129762553321343,-2.1385263097853473,-1.7077102166429263,-1.939200516477594,-2.3878199516553282,-1.1703397073539272,0.96
HeavyAtomCount,raw_property,HeavyAtomCount,-71.21212121212122,raw_property,50,50,1.0,3.0,2.25,4.75,-21.0,-23.0,-15.0,1.0
HeavyAtomCount,raw_property,HeavyAtomCount,-71.21212121212122,diagnostic_residual,50,50,1.0,-1.7244212786464947,-1.9583152489440245,-1.513108719841438,-1.723819394377105,-2.295968091887327,-0.954100294106432,0.94
HeavyAtomCount,raw_property,HeavyAtomCount,-68.18181818181819,raw_property,50,50,1.0,4.0,3.0,5.0,-20.0,-22.0,-15.0,1.0
HeavyAtomCount,raw_property,HeavyAtomCount,-68.18181818181819,diagnostic_residual,50,50,1.0,-1.7077102166429263,-1.9609990746618025,-1.3192303317715677,-1.7939733336643466,-2.3690491230479847,-0.8819117229773479,0.94
HeavyAtomCount,raw_property,HeavyAtomCount,-65.15151515151516,raw_property,50,50,1.0,4.0,3.0,6.0,-19.0,-21.75,-14.0,1.0
HeavyAtomCount,raw_property,HeavyAtomCount,-65.15151515151516,diagnostic_residual,50,50,1.0,-1.7077102166429263,-1.934335967951162,-1.2229516643025438,-1.6874617757968755,-2.268044303904789,-0.7697692313020614,0.94
HeavyAtomCount,raw_property,HeavyAtomCount,-62.121212121212125,raw_property,50,50,1.0,5.0,4.0,6.0,-18.0,-21.0,-13.25,1.0
HeavyAtomCount,raw_property,HeavyAtomCount,-62.121212121212125,diagnostic_residual,50,50,1.0,-1.4516731333597503,-1.7077102166429263,-0.8684468788507214,-1.5162448028067352,-2.0544893767815697,-0.5823618379669482,0.9
HeavyAtomCount,raw_property,HeavyAtomCount,-59.09090909090909,raw_property,50,50,1.0,5.0,4.0,7.0,-18.0,-21.0,-13.25,1.0
HeavyAtomCount,raw_property,HeavyAtomCount,-59.09090909090909,diagnostic_residual,50,50,1.0,-1.3723322319126483,-1.6867630442252783,-0.8796669741458187,-1.5162448028067352,-2.033106887584041,-0.6217632559828892,0.86
HeavyAtomCount,raw_property,HeavyAtomCount,-56.06060606060606,raw_property,50,50,1.0,6.0,4.0,7.0,-18.0,-20.0,-13.0,1.0
HeavyAtomCount,raw_property,HeavyAtomCount,-56.06060606060606,diagnostic_residual,50,50,1.0,-1.284431334522083,-1.7077102166429263,-0.8796669741458187,-1.532734893150839,-1.9169150193244389,-0.5823618379669482,0.86
HeavyAtomCount,raw_property,HeavyAtomCount,-53.03030303030303,raw_property,50,50,1.0,6.0,5.0,9.0,-16.0,-19.0,-12.25,1.0
HeavyAtomCount,raw_property,HeavyAtomCount,-53.03030303030303,diagnostic_residual,50,50,1.0,-1.2156735028258723,-1.5553636744276584,-0.6519795278307705,-1.267509856495448,-1.7404669174081993,-0.5765245290216156,0.84
HeavyAtomCount,raw_property,HeavyAtomCount,-50.0,raw_property,50,50,1.0,7.5,6.0,9.0,-16.0,-18.75,-12.0,1.0
HeavyAtomCount,raw_property,HeavyAtomCount,-50.0,diagnostic_residual,50,50,1.0,-1.1027064683869323,-1.574810517588801,-0.6365907440538292,-0.9968362779562976,-1.67170479462568,-0.5765245290216156,0.86
HeavyAtomCount,raw_property,HeavyAtomCount,-46.96969696969697,raw_property,50,50,1.0,8.5,6.0,10.0,-15.0,-17.75,-11.0,1.0
HeavyAtomCount,raw_property,HeavyAtomCount,-46.96969696969697,diagnostic_residual,50,50,1.0,-1.1962709939914191,-1.6257957088536474,-0.5218630108242208,-1.12169669585874,-1.8821573089001336,-0.6065113022827437,0.88
HeavyAtomCount,raw_property,HeavyAtomCount,-43.93939393939394,raw_property,50,50,1.0,10.0,6.25,12.0,-13.5,-16.0,-10.0,1.0
HeavyAtomCount,raw_property,HeavyAtomCount,-43.93939393939394,diagnostic_residual,50,50,1.0,-1.2442500011879725,-1.5833460129204169,-0.4114507635866871,-1.1456669119937084,-1.9129851165546046,-0.5968348862419586,0.92
HeavyAtomCount,raw_property,HeavyAtomCount,-40.90909090909091,raw_property,50,50,1.0,10.0,7.0,12.0,-12.5,-15.0,-9.25,1.0
HeavyAtomCount,raw_property,HeavyAtomCount,-40.90909090909091,diagnostic_residual,50,50,1.0,-1.1459603435063546,-1.6335794573905018,-0.4114507635866871,-0.882952031964793,-1.9129851165546046,-0.336457597587287,0.9
HeavyAtomCount,raw_property,HeavyAtomCount,-37.87878787878788,raw_property,50,50,1.0,11.0,7.25,14.75,-10.5,-13.0,-9.0,1.0
HeavyAtomCount,raw_property,HeavyAtomCount,-37.87878787878788,diagnostic_residual,50,50,1.0,-0.9392082762840404,-1.5549561710190214,-0.1268912002494135,-0.8321520214501579,-1.5927293486044802,-0.18031129817138314,0.8
HeavyAtomCount,raw_property,HeavyAtomCount,-34.848484848484844,raw_property,50,50,1.0,12.0,9.0,15.0,-10.0,-12.75,-8.0,1.0
HeavyAtomCount,raw_property,HeavyAtomCount,-34.848484848484844,diagnostic_residual,50,50,1.0,-0.7850455176330193,-1.5343205877672115,0.002726263176417025,-0.7010236581346732,-1.3453706164236565,-0.039223099563542085,0.76
HeavyAtomCount,raw_property,HeavyAtomCount,-31.818181818181813,raw_property,50,50,1.0,13.0,10.0,17.75,-9.0,-12.0,-6.0,1.0
HeavyAtomCount,raw_property,HeavyAtomCount,-31.818181818181813,diagnostic_residual,50,50,1.0,-0.40302034173369794,-1.324194545038483,0.047858339000080595,-0.5320656218069022,-1.173274911412724,0.0972080425730999,0.7
HeavyAtomCount,raw_property,HeavyAtomCount,-28.787878787878785,raw_property,50,50,1.0,15.0,12.0,17.0,-8.0,-9.75,-4.25,0.98
HeavyAtomCount,raw_property,HeavyAtomCount,-28.787878787878785,diagnostic_residual,50,50,1.0,-0.2701816809161688,-1.024860807806684,0.12588570789077286,-0.23217654593799875,-1.0299108075977572,0.09580984721974153,0.66
HeavyAtomCount,raw_property,HeavyAtomCount,-25.757575757575765,raw_property,50,50,1.0,17.5,14.0,22.0,-5.0,-7.0,-3.0,0.9
HeavyAtomCount,raw_property,HeavyAtomCount,-25.757575757575765,diagnostic_residual,50,50,1.0,0.02989820349858615,-0.5609708189763514,0.7779551717783355,1.3877787807814457e-17,-0.6003743041987635,0.487448249104657,0.48
HeavyAtomCount,raw_property,HeavyAtomCount,-22.727272727272734,raw_property,50,50,1.0,20.0,14.0,23.0,-3.0,-5.0,-1.0,0.86
HeavyAtomCount,raw_property,HeavyAtomCount,-22.727272727272734,diagnostic_residual,50,50,1.0,0.0009995921998555979,-0.5172699092132294,0.6123459675150857,0.10416737866519026,-0.14340555704180374,0.4263768731111012,0.34
HeavyAtomCount,raw_property,HeavyAtomCount,-19.69696969696969,raw_property,50,50,1.0,22.0,17.25,24.75,-1.0,-3.0,0.0,0.62
HeavyAtomCount,raw_property,HeavyAtomCount,-19.69696969696969,diagnostic_residual,50,50,1.0,0.2833300796365554,-0.5119267741376858,0.836459810104552,0.08559684762014895,-4.85722573273506e-17,0.5754520097360594,0.28
HeavyAtomCount,raw_property,HeavyAtomCount,-16.666666666666657,raw_property,50,50,1.0,23.0,18.0,25.75,0.0,-2.0,0.0,0.46
HeavyAtomCount,raw_property,HeavyAtomCount,-16.666666666666657,diagnostic_residual,50,50,1.0,0.21419179533037092,-0.39274487440553413,0.7969691657604043,5.551115123125783e-17,0.0,0.49865966335741785,0.18
HeavyAtomCount,raw_property,HeavyAtomCount,-13.636363636363626,raw_property,50,50,1.0,23.0,18.0,26.0,0.0,-1.0,0.0,0.28
HeavyAtomCount,raw_property,HeavyAtomCount,-13.636363636363626,diagnostic_residual,50,50,1.0,0.18998045387925439,-0.6127932597383263,0.6762564776290643,0.0,0.0,2.7755575615628914e-15,0.2
HeavyAtomCount,raw_property,HeavyAtomCount,-10.606060606060597,raw_property,50,50,1.0,23.5,18.0,26.0,0.0,0.0,0.0,0.1
HeavyAtomCount,raw_property,HeavyAtomCount,-10.606060606060597,diagnostic_residual,50,50,1.0,0.0744466455773196,-0.5666268457418897,0.6059407141144955,0.0,0.0,4.597017211338539e-17,0.14
HeavyAtomCount,raw_property,HeavyAtomCount,-7.575757575757564,raw_property,50,50,1.0,24.0,18.0,26.75,0.0,0.0,0.0,0.02
HeavyAtomCount,raw_property,HeavyAtomCount,-7.575757575757564,diagnostic_residual,50,50,1.0,-0.01115020204282935,-0.5666268457418897,0.5748854642418282,0.0,0.0,0.0,0.18
HeavyAtomCount,raw_property,HeavyAtomCount,-4.545454545454561,raw_property,50,50,1.0,24.0,18.0,26.75,0.0,0.0,0.0,0.02
HeavyAtomCount,raw_property,HeavyAtomCount,-4.545454545454561,diagnostic_residual,50,50,1.0,-0.03488475278239095,-0.6705802453291363,0.5748854642418282,0.0,0.0,0.0,0.2
HeavyAtomCount,raw_property,HeavyAtomCount,-1.5151515151515298,raw_property,50,50,1.0,24.0,18.0,26.75,0.0,0.0,0.0,0.0
HeavyAtomCount,raw_property,HeavyAtomCount,-1.5151515151515298,diagnostic_residual,50,50,1.0,-0.03488475278239095,-0.5228440421338942,0.5748854642418282,0.0,0.0,2.0816681711721685e-17,0.18
HeavyAtomCount,raw_property,HeavyAtomCount,1.5151515151515014,raw_property,50,50,1.0,24.0,18.0,26.75,0.0,0.0,0.0,0.06
HeavyAtomCount,raw_property,HeavyAtomCount,1.5151515151515014,diagnostic_residual,50,50,1.0,-0.01115020204282935,-0.5228440421338942,0.5748854642418282,0.0,0.0,2.0816681711721685e-17,0.26
HeavyAtomCount,raw_property,HeavyAtomCount,4.5454545454545325,raw_property,50,50,1.0,24.0,18.0,26.75,0.0,0.0,0.0,0.06
HeavyAtomCount,raw_property,HeavyAtomCount,4.5454545454545325,diagnostic_residual,50,50,1.0,-0.01115020204282935,-0.5228440421338942,0.5748854642418282,0.0,0.0,2.0816681711721685e-17,0.26
HeavyAtomCount,raw_property,HeavyAtomCount,7.575757575757564,raw_property,50,50,1.0,24.0,18.0,27.0,0.0,0.0,0.0,0.08
HeavyAtomCount,raw_property,HeavyAtomCount,7.575757575757564,diagnostic_residual,50,50,1.0,-0.03488475278239095,-0.6705802453291363,0.5565630510523185,0.0,0.0,2.0816681711721685e-17,0.26
HeavyAtomCount,raw_property,HeavyAtomCount,10.606060606060597,raw_property,50,50,1.0,25.0,18.0,29.0,0.0,0.0,1.75,0.28
HeavyAtomCount,raw_property,HeavyAtomCount,10.606060606060597,diagnostic_residual,50,50,1.0,-0.23517825761089822,-1.3816038854417183,0.5070249008585912,0.0,-0.21878866522344237,2.7755575615628914e-17,0.28
HeavyAtomCount,raw_property,HeavyAtomCount,13.636363636363626,raw_property,50,50,1.0,26.5,18.0,30.0,0.0,0.0,2.0,0.42
HeavyAtomCount,raw_property,HeavyAtomCount,13.636363636363626,diagnostic_residual,50,50,1.0,-0.23517825761089822,-2.5057072015665325,0.290813577420991,-0.13546238698165608,-2.240828382032097,2.0816681711721685e-17,0.26
HeavyAtomCount,raw_property,HeavyAtomCount,16.666666666666657,raw_property,50,50,1.0,27.0,18.25,30.0,0.0,0.0,3.75,0.48
HeavyAtomCount,raw_property,HeavyAtomCount,16.666666666666657,diagnostic_residual,50,50,1.0,-1.4064088635418415,-3.2785345509228763,0.07976027095356514,-1.2761600660909451,-3.073593958561209,0.0,0.16
HeavyAtomCount,raw_property,HeavyAtomCount,19.69696969696969,raw_property,50,50,1.0,29.0,23.25,31.0,3.0,0.0,6.0,0.6
HeavyAtomCount,raw_property,HeavyAtomCount,19.69696969696969,diagnostic_residual,50,50,1.0,-0.9229260713328795,-4.1225479043582745,0.045838699097523666,-1.0285123416311492,-4.1203671789065135,2.7755575615628914e-17,0.28
HeavyAtomCount,raw_property,HeavyAtomCount,22.72727272727272,raw_property,50,50,1.0,29.0,23.25,31.0,4.0,0.0,6.0,0.68
HeavyAtomCount,raw_property,HeavyAtomCount,22.72727272727272,diagnostic_residual,50,50,1.0,-1.4736575596824082,-4.267465150740559,0.11038975697473134,-1.0885386402997703,-4.119920998365225,-6.938893903907228e-18,0.24
HeavyAtomCount,raw_property,HeavyAtomCount,25.75757575757575,raw_property,50,50,1.0,29.5,24.25,32.0,5.0,0.0,7.0,0.7
HeavyAtomCount,raw_property,HeavyAtomCount,25.75757575757575,diagnostic_residual,50,50,1.0,-2.2421086587390384,-5.448289894177023,-0.09281921671561115,-2.1234819548829584,-4.985788953016586,-0.437973784678494,0.18
HeavyAtomCount,raw_property,HeavyAtomCount,28.787878787878785,raw_property,50,50,1.0,31.0,25.25,32.0,5.0,0.0,8.0,0.7
HeavyAtomCount,raw_property,HeavyAtomCount,28.787878787878785,diagnostic_residual,50,50,1.0,-1.9867539565088776,-6.089021863600593,-0.33623091325492815,-1.6874709865215447,-7.264784073062847,-0.4792400723925461,0.12
HeavyAtomCount,raw_property,HeavyAtomCount,31.818181818181813,raw_property,50,50,1.0,31.0,23.0,32.75,4.5,0.0,8.0,0.72
HeavyAtomCount,raw_property,HeavyAtomCount,31.818181818181813,diagnostic_residual,50,50,1.0,-2.0760402516476333,-6.9092463051415685,-0.9993947069913852,-2.30735202910682,-7.64926508940156,-0.9833103518432607,0.14
HeavyAtomCount,raw_property,HeavyAtomCount,34.848484848484844,raw_property,50,50,1.0,30.5,23.75,33.0,6.0,0.0,8.75,0.72
HeavyAtomCount,raw_property,HeavyAtomCount,34.848484848484844,diagnostic_residual,50,50,1.0,-2.629634761919256,-8.01249411155854,-0.23284821692135788,-3.199223160164662,-8.720428516855721,-0.1608136521579473,0.2
HeavyAtomCount,raw_property,HeavyAtomCount,37.87878787878788,raw_property,50,50,1.0,31.0,26.5,33.0,6.0,1.25,10.0,0.76
HeavyAtomCount,raw_property,HeavyAtomCount,37.87878787878788,diagnostic_residual,50,50,1.0,-2.597948003113892,-8.279612517464289,-0.7370630067081958,-2.296161318692983,-8.545076228619301,-1.1131164490370171,0.12
HeavyAtomCount,raw_property,HeavyAtomCount,40.90909090909091,raw_property,50,50,1.0,31.0,23.75,34.0,7.0,0.0,11.0,0.72
HeavyAtomCount,raw_property,HeavyAtomCount,40.90909090909091,diagnostic_residual,50,50,1.0,-2.9281739887825324,-11.405420214213395,-0.07227337371193605,-2.659884819189262,-10.777869292187283,-0.5238196753997713,0.18
HeavyAtomCount,raw_property,HeavyAtomCount,43.93939393939394,raw_property,50,50,1.0,33.0,26.0,34.0,7.5,2.0,11.0,0.82
HeavyAtomCount,raw_property,HeavyAtomCount,43.93939393939394,diagnostic_residual,50,50,1.0,-2.7746924134036846,-8.771901378425902,-0.8808959508720413,-2.4538140880518338,-9.230666548246498,-0.9966305054815994,0.1
HeavyAtomCount,raw_property,HeavyAtomCount,46.96969696969697,raw_property,50,50,1.0,33.0,25.25,35.0,7.0,2.0,11.75,0.84
HeavyAtomCount,raw_property,HeavyAtomCount,46.96969696969697,diagnostic_residual,50,50,1.0,-2.7055637125615704,-10.062755456111642,-0.42795059006500574,-2.868576329485027,-11.278471397153451,-0.3418161864389725,0.2
HeavyAtomCount,raw_property,HeavyAtomCount,50.0,raw_property,50,50,1.0,31.5,25.25,34.75,6.5,2.0,11.75,0.84
HeavyAtomCount,raw_property,HeavyAtomCount,50.0,diagnostic_residual,50,50,1.0,-4.292898070411411,-10.496968374945189,-1.844866150659474,-4.420719396158118,-11.299624079066097,-1.4834954277089452,0.12
HeavyAtomCount,raw_property,HeavyAtomCount,53.03030303030303,raw_property,50,50,1.0,32.0,25.25,36.0,6.5,2.25,12.0,0.8
HeavyAtomCount,raw_property,HeavyAtomCount,53.03030303030303,diagnostic_residual,50,50,1.0,-3.7232355436319646,-11.279283176542956,-0.8225389534571264,-3.324140547506243,-11.706815401101895,-0.8448950694284174,0.18
HeavyAtomCount,raw_property,HeavyAtomCount,56.06060606060606,raw_property,50,50,1.0,33.5,25.25,37.0,8.0,3.0,14.0,0.84
HeavyAtomCount,raw_property,HeavyAtomCount,56.06060606060606,diagnostic_residual,50,50,1.0,-3.436632495398655,-11.792629836323432,-0.5467852768178183,-3.142789606450285,-11.578951067188239,-0.4213218888510877,0.18
HeavyAtomCount,raw_property,HeavyAtomCount,59.09090909090909,raw_property,50,50,1.0,33.5,26.0,36.75,10.0,2.25,15.0,0.82
HeavyAtomCount,raw_property,HeavyAtomCount,59.09090909090909,diagnostic_residual,50,50,1.0,-3.9600517010339473,-12.309745563970608,-1.4277847609820888,-4.20660657639751,-12.742281870481783,-1.0032134300892412,0.14
HeavyAtomCount,raw_property,HeavyAtomCount,62.121212121212125,raw_property,50,50,1.0,34.0,27.0,37.0,9.5,2.0,17.75,0.78
HeavyAtomCount,raw_property,HeavyAtomCount,62.121212121212125,diagnostic_residual,50,50,1.0,-4.505147746819553,-14.810521942089611,-0.8395303342540963,-4.911939814825275,-14.589812617064933,-0.8448477686814613,0.16
HeavyAtomCount,raw_property,HeavyAtomCount,65.15151515151516,raw_property,50,50,1.0,34.0,32.0,37.0,11.0,6.25,16.75,0.86
HeavyAtomCount,raw_property,HeavyAtomCount,65.15151515151516,diagnostic_residual,50,50,1.0,-3.3580278171393516,-9.103342526501413,-0.7815854572578864,-2.9140303799335125,-9.595073852445353,-0.8768492877711425,0.2
HeavyAtomCount,raw_property,HeavyAtomCount,68.18181818181819,raw_property,50,50,1.0,35.5,33.0,37.0,11.0,7.0,17.0,0.86
HeavyAtomCount,raw_property,HeavyAtomCount,68.18181818181819,diagnostic_residual,50,50,1.0,-3.7077458355378354,-11.486766674599279,-1.4872110325526258,-3.2885360102687002,-11.319007980175083,-1.5958323558813174,0.08
HeavyAtomCount,raw_property,HeavyAtomCount,71.21212121212122,raw_property,50,50,1.0,36.5,34.0,38.0,12.0,8.0,19.75,0.88
HeavyAtomCount,raw_property,HeavyAtomCount,71.21212121212122,diagnostic_residual,50,50,1.0,-2.8581636471176495,-7.649764567467642,-1.551244704660391,-3.1382671700129467,-7.888591643522133,-1.597646210240518,0.1
HeavyAtomCount,raw_property,HeavyAtomCount,74.24242424242425,raw_property,50,50,1.0,37.0,34.0,38.75,12.0,8.25,19.0,0.86
HeavyAtomCount,raw_property,HeavyAtomCount,74.24242424242425,diagnostic_residual,50,50,1.0,-3.0534748478714846,-13.811223692297693,-1.236021508015394,-3.3773644047021207,-13.848123728933508,-1.1737142568199639,0.12
HeavyAtomCount,raw_property,HeavyAtomCount,77.27272727272728,raw_property,50,50,1.0,36.0,32.0,39.0,13.5,8.0,18.75,0.88
HeavyAtomCount,raw_property,HeavyAtomCount,77.27272727272728,diagnostic_residual,50,50,1.0,-5.905775132249055,-19.025920908839808,-1.1496406889888355,-5.8639299448678575,-18.38911480693602,-2.0328945387034176,0.14
HeavyAtomCount,raw_property,HeavyAtomCount,80.30303030303031,raw_property,50,50,1.0,37.0,31.5,39.0,13.0,8.0,22.0,0.88
HeavyAtomCount,raw_property,HeavyAtomCount,80.30303030303031,diagnostic_residual,50,50,1.0,-6.185984752280348,-47.17217934699977,-1.4946905084819875,-6.54033564530418,-48.085681751628556,-1.52566294395357,0.16
HeavyAtomCount,raw_property,HeavyAtomCount,83.33333333333334,raw_property,50,50,1.0,36.0,31.25,41.0,14.0,8.0,21.75,0.88
HeavyAtomCount,raw_property,HeavyAtomCount,83.33333333333334,diagnostic_residual,50,50,1.0,-7.990611555595947,-58.30451472147773,-2.0618395785693338,-7.258873112226458,-57.84552153561207,-2.356439020145155,0.18
HeavyAtomCount,raw_property,HeavyAtomCount,86.36363636363637,raw_property,50,50,1.0,37.0,31.5,49.0,18.0,10.25,26.25,0.9
HeavyAtomCount,raw_property,HeavyAtomCount,86.36363636363637,diagnostic_residual,50,50,1.0,-7.007408358511071,-53.65579646949442,-0.826736010260106,-7.322079930791269,-54.06844441244104,-0.7190885108282027,0.18
HeavyAtomCount,raw_property,HeavyAtomCount,89.3939393939394,raw_property,50,50,1.0,37.5,31.25,42.75,16.5,10.5,24.5,0.92
HeavyAtomCount,raw_property,HeavyAtomCount,89.3939393939394,diagnostic_residual,50,50,1.0,-7.7221089504305525,-54.14553877852279,-1.2169444952779251,-7.393062672278485,-55.3177681364217,-1.1986024290487853,0.1
HeavyAtomCount,raw_property,HeavyAtomCount,92.42424242424244,raw_property,50,50,1.0,37.5,31.0,48.0,16.0,11.0,26.5,0.86
HeavyAtomCount,raw_property,HeavyAtomCount,92.42424242424244,diagnostic_residual,50,50,1.0,-19.43991887061626,-61.888686609665285,-1.7319231309103422,-19.403235631001063,-61.62497533452624,-1.4748826288881522,0.14
HeavyAtomCount,raw_property,HeavyAtomCount,95.45454545454544,raw_property,50,50,1.0,39.0,35.25,95.0,21.5,13.0,69.0,0.9
HeavyAtomCount,raw_property,HeavyAtomCount,95.45454545454544,diagnostic_residual,50,50,1.0,-12.077147869582936,-58.990806248666615,-0.30749954440987537,-11.707079204936786,-57.71670211713859,-0.5799498777594527,0.24
HeavyAtomCount,raw_property,HeavyAtomCount,98.48484848484848,raw_property,50,50,1.0,40.5,35.0,71.0,21.0,11.25,42.5,0.94
HeavyAtomCount,raw_property,HeavyAtomCount,98.48484848484848,diagnostic_residual,50,50,1.0,-50.497210426818214,-63.8448273864272,-2.205640167353625,-50.7310717065681,-64.01729557580077,-2.629718679164333,0.16
HeavyAtomCount,raw_property,HeavyAtomCount,101.5151515151515,raw_property,50,50,1.0,43.5,36.0,97.5,24.0,15.0,69.75,0.94
HeavyAtomCount,raw_property,HeavyAtomCount,101.5151515151515,diagnostic_residual,50,50,1.0,-11.714037492878397,-61.24890190245987,0.5254704177219018,-11.507965551518975,-61.41366511050383,0.055020258928317745,0.26
HeavyAtomCount,raw_property,HeavyAtomCount,104.54545454545452,raw_property,50,50,1.0,41.0,36.0,94.25,23.0,16.25,68.75,0.92
HeavyAtomCount,raw_property,HeavyAtomCount,104.54545454545452,diagnostic_residual,50,50,1.0,-40.69549568215999,-63.05201103440015,-2.749411733763722,-40.20964017731825,-64.1865822279861,-3.073344164007456,0.2
HeavyAtomCount,raw_property,HeavyAtomCount,107.57575757575756,raw_property,50,50,1.0,46.5,37.0,105.0,26.0,17.25,76.25,0.96
HeavyAtomCount,raw_property,HeavyAtomCount,107.57575757575756,diagnostic_residual,50,50,1.0,-16.306035448239975,-63.36489880779242,5.845839378770439,-16.30842045357085,-63.761540926757455,6.182617133653856,0.36
HeavyAtomCount,raw_property,HeavyAtomCount,110.60606060606062,raw_property,50,50,1.0,67.5,38.0,103.5,42.5,20.0,75.75,0.98
HeavyAtomCount,raw_property,HeavyAtomCount,110.60606060606062,diagnostic_residual,50,50,1.0,-9.671497218545909,-63.11070896503528,3.5894757069238175,-9.463824538873531,-63.07920016297171,3.2380401301896287,0.32
HeavyAtomCount,raw_property,HeavyAtomCount,113.63636363636364,raw_property,50,50,1.0,85.0,38.25,109.5,60.5,20.25,86.0,0.98
HeavyAtomCount,raw_property,HeavyAtomCount,113.63636363636364,diagnostic_residual,50,50,1.0,-7.388648232263549,-61.88614321209551,10.056063517521228,-7.313373683222895,-62.132454480593566,9.887455080424928,0.38
HeavyAtomCount,raw_property,HeavyAtomCount,116.66666666666669,raw_property,50,50,1.0,84.0,38.25,107.0,59.5,14.25,84.25,0.96
HeavyAtomCount,raw_property,HeavyAtomCount,116.66666666666669,diagnostic_residual,50,50,1.0,-5.8100802694819365,-63.5065982101688,6.9498315440389575,-6.018396809970981,-63.20773782152992,6.643566395280624,0.36
HeavyAtomCount,raw_property,HeavyAtomCount,119.69696969696967,raw_property,50,50,1.0,96.0,38.0,113.25,68.5,15.25,93.0,0.96
HeavyAtomCount,raw_property,HeavyAtomCount,119.69696969696967,diagnostic_residual,50,50,1.0,-2.02883421938882,-59.9710333803293,9.595243098887448,-1.3547161078900842,-60.61033729588975,9.693283338063274,0.46
HeavyAtomCount,raw_property,HeavyAtomCount,122.72727272727276,raw_property,50,50,1.0,100.5,47.5,115.5,76.5,29.0,91.0,1.0
HeavyAtomCount,raw_property,HeavyAtomCount,122.72727272727276,diagnostic_residual,50,50,1.0,-1.8911121952908232,-45.967438808112256,11.555176270473826,-3.3836961064870295,-45.55343268056097,12.016466243933888,0.46
HeavyAtomCount,raw_property,HeavyAtomCount,125.75757575757576,raw_property,50,50,1.0,97.5,56.25,108.0,71.0,33.25,89.0,1.0
HeavyAtomCount,raw_property,HeavyAtomCount,125.75757575757576,diagnostic_residual,50,50,1.0,-3.008034322807788,-46.41520277799918,8.738182639806295,-3.830485097657526,-46.533318865314435,7.859117625136923,0.42
HeavyAtomCount,raw_property,HeavyAtomCount,128.7878787878788,raw_property,50,50,1.0,104.0,76.5,115.75,79.0,47.75,91.75,0.98
HeavyAtomCount,raw_property,HeavyAtomCount,128.7878787878788,diagnostic_residual,50,50,1.0,0.62287322547256,-17.048321471752345,12.1408369970844,0.9029139965663884,-17.45617616046536,11.679377388796016,0.52
HeavyAtomCount,raw_property,HeavyAtomCount,131.8181818181818,raw_property,50,50,1.0,103.5,64.75,117.25,79.5,40.25,94.75,0.92
HeavyAtomCount,raw_property,HeavyAtomCount,131.8181818181818,diagnostic_residual,50,50,1.0,0.2658632967443495,-26.334682710815876,11.083934742749353,1.2559200847712564,-26.210372819764018,11.625484414060839,0.52
HeavyAtomCount,raw_property,HeavyAtomCount,134.84848484848487,raw_property,50,50,1.0,103.5,65.0,119.75,79.5,34.25,95.5,0.96
HeavyAtomCount,raw_property,HeavyAtomCount,134.84848484848487,diagnostic_residual,50,50,1.0,1.2212146394524694,-26.171123194066162,14.054941279348672,1.0520907803172328,-25.38138650821233,14.386815893861893,0.54
HeavyAtomCount,raw_property,HeavyAtomCount,137.87878787878788,raw_property,50,50,1.0,100.0,88.5,118.0,82.0,60.25,94.75,0.96
HeavyAtomCount,raw_property,HeavyAtomCount,137.87878787878788,diagnostic_residual,50,50,1.0,-0.5567133792826908,-13.833556816248526,13.146699963944158,-0.2193142677108746,-13.319165911610847,13.75006151499289,0.48
HeavyAtomCount,raw_property,HeavyAtomCount,140.90909090909088,raw_property,50,50,1.0,100.5,80.5,113.75,76.5,51.5,89.0,0.94
HeavyAtomCount,raw_property,HeavyAtomCount,140.90909090909088,diagnostic_residual,50,50,1.0,-2.5498712546274263,-18.525955214248164,11.091252251391293,-1.5801242563665836,-19.31288281905912,11.352620583056119,0.42
HeavyAtomCount,raw_property,HeavyAtomCount,143.93939393939394,raw_property,50,50,1.0,105.0,90.5,117.0,80.5,62.75,93.75,0.94
HeavyAtomCount,raw_property,HeavyAtomCount,143.93939393939394,diagnostic_residual,50,50,1.0,-0.05085315906396205,-9.446039432471018,11.77597427602564,0.03237572095398096,-9.89740460134286,12.143499018004743,0.5
HeavyAtomCount,raw_property,HeavyAtomCount,146.96969696969694,raw_property,50,50,1.0,109.0,93.75,119.75,84.5,71.75,99.0,0.96
HeavyAtomCount,raw_property,HeavyAtomCount,146.96969696969694,diagnostic_residual,50,50,1.0,5.107174589718376,-4.649380869643132,14.707644351504786,5.992181592917183,-3.9553653694721587,14.448657633088052,0.62
HeavyAtomCount,raw_property,HeavyAtomCount,150.0,raw_property,50,50,1.0,105.5,68.75,119.0,81.0,45.75,97.5,0.96
HeavyAtomCount,raw_property,HeavyAtomCount,150.0,diagnostic_residual,50,50,1.0,-1.3498025529410782,-29.55342847165081,12.533119661656912,-1.525928087575771,-29.72243456474243,13.552420290375801,0.46
HeavyAtomCount,residual_property,HeavyAtomCount_residual,-150.0,raw_property,50,50,1.0,15.5,12.0,22.0,-4.0,-12.5,0.75,0.58
HeavyAtomCount,residual_property,HeavyAtomCount_residual,-150.0,diagnostic_residual,50,50,1.0,-17.955752230146842,-23.24956579666921,-12.33984532315546,-18.706426365309,-23.50123250442209,-11.603307742942066,1.0
HeavyAtomCount,residual_property,HeavyAtomCount_residual,-146.96969696969697,raw_property,50,50,1.0,16.0,12.0,21.5,-4.5,-11.0,0.0,0.7
HeavyAtomCount,residual_property,HeavyAtomCount_residual,-146.96969696969697,diagnostic_residual,50,50,1.0,-17.612898045630622,-21.573088465740337,-11.770945030540307,-17.971025704292934,-21.405625726849493,-12.385295124734194,0.98
HeavyAtomCount,residual_property,HeavyAtomCount_residual,-143.93939393939394,raw_property,50,50,1.0,15.0,12.0,20.75,-5.0,-13.0,-1.0,0.76
HeavyAtomCount,residual_property,HeavyAtomCount_residual,-143.93939393939394,diagnostic_residual,50,50,1.0,-17.566811759347118,-21.118961870315353,-11.770945030540307,-17.76585739385633,-21.203174810042416,-12.211888347039771,0.98
HeavyAtomCount,residual_property,HeavyAtomCount_residual,-140.9090909090909,raw_property,50,50,1.0,14.5,12.0,19.75,-4.0,-11.0,-1.0,0.78
HeavyAtomCount,residual_property,HeavyAtomCount_residual,-140.9090909090909,diagnostic_residual,50,50,1.0,-17.1889295856704,-21.57460102297243,-12.038353998565734,-17.895338589507357,-21.330493102354787,-12.387562523950713,1.0
HeavyAtomCount,residual_property,HeavyAtomCount_residual,-137.87878787878788,raw_property,50,50,1.0,15.0,12.0,20.0,-4.5,-11.0,-1.0,0.82
HeavyAtomCount,residual_property,HeavyAtomCount_residual,-137.87878787878788,diagnostic_residual,50,50,1.0,-16.912946034486914,-21.102974616192302,-11.645872380001872,-17.736315413525098,-21.330493102354787,-11.852759114051189,1.0
HeavyAtomCount,residual_property,HeavyAtomCount_residual,-134.84848484848484,raw_property,50,50,1.0,15.0,12.0,21.0,-3.0,-13.0,-1.0,0.78
HeavyAtomCount,residual_property,HeavyAtomCount_residual,-134.84848484848484,diagnostic_residual,50,50,1.0,-14.137484495838251,-21.54053985819042,-9.266705765690196,-14.934169875439983,-22.07454105172388,-8.978430520717685,1.0
HeavyAtomCount,residual_property,HeavyAtomCount_residual,-131.8181818181818,raw_property,50,50,1.0,14.0,12.0,21.0,-3.5,-12.0,-1.25,0.8
HeavyAtomCount,residual_property,HeavyAtomCount_residual,-131.8181818181818,diagnostic_residual,50,50,1.0,-16.20003610610196,-20.856550784658836,-10.253473416420407,-16.221245211828055,-20.56926466581315,-10.571818604871531,1.0
HeavyAtomCount,residual_property,HeavyAtomCount_residual,-128.78787878787878,raw_property,50,50,1.0,14.5,12.25,21.0,-4.0,-12.0,-1.0,0.78
HeavyAtomCount,residual_property,HeavyAtomCount_residual,-128.78787878787878,diagnostic_residual,50,50,1.0,-14.507705020821831,-19.335379309067232,-9.70607073759609,-14.136149625846752,-19.437051633251073,-10.623757077616784,1.0
HeavyAtomCount,residual_property,HeavyAtomCount_residual,-125.75757575757576,raw_property,50,50,1.0,15.0,12.0,21.75,-3.0,-11.0,0.0,0.72
HeavyAtomCount,residual_property,HeavyAtomCount_residual,-125.75757575757576,diagnostic_residual,50,50,1.0,-12.7870842936866,-19.289625883667508,-8.34114454063513,-13.311507591237358,-19.220711294920516,-8.716837325960531,1.0
HeavyAtomCount,residual_property,HeavyAtomCount_residual,-122.72727272727272,raw_property,50,50,1.0,15.5,13.0,22.75,-3.0,-11.0,-0.25,0.74
HeavyAtomCount,residual_property,HeavyAtomCount_residual,-122.72727272727272,diagnostic_residual,50,50,1.0,-12.87884119062458,-17.833623323722218,-5.872752550447521,-12.800284424142959,-17.62702772290109,-6.302512258602869,1.0
HeavyAtomCount,residual_property,HeavyAtomCount_residual,-119.69696969696967,raw_property,50,50,1.0,15.5,13.0,22.5,-3.0,-10.0,0.0,0.72
HeavyAtomCount,residual_property,HeavyAtomCount_residual,-119.69696969696967,diagnostic_residual,50,50,1.0,-11.41930937998831,-17.48723181822847,-5.282103618385379,-11.760567542908387,-17.411305667296997,-4.909969235875128,1.0
HeavyAtomCount,residual_property,HeavyAtomCount_residual,-116.66666666666666,raw_property,50,50,1.0,16.5,13.25,21.0,-3.5,-10.0,-1.0,0.78
HeavyAtomCount,residual_property,HeavyAtomCount_residual,-116.66666666666666,diagnostic_residual,50,50,1.0,-10.619156531787336,-16.450026949254486,-5.840851297529949,-11.64505619184197,-16.668654052055828,-6.159478298692064,1.0
HeavyAtomCount,residual_property,HeavyAtomCount_residual,-113.63636363636364,raw_property,50,50,1.0,15.5,13.25,21.0,-5.0,-10.0,-1.0,0.78
HeavyAtomCount,residual_property,HeavyAtomCount_residual,-113.63636363636364,diagnostic_residual,50,50,1.0,-11.995637253962421,-17.359097178784097,-5.931156676833198,-12.07700751156072,-17.520729418353678,-6.173584187997045,1.0
HeavyAtomCount,residual_property,HeavyAtomCount_residual,-110.6060606060606,raw_property,50,50,1.0,15.0,12.25,21.0,-4.0,-10.0,-1.0,0.82
HeavyAtomCount,residual_property,HeavyAtomCount_residual,-110.6060606060606,diagnostic_residual,50,50,1.0,-9.491750245198133,-15.664418433801183,-5.954690502344226,-9.883709575702099,-15.380059045296306,-5.856230392640799,1.0
HeavyAtomCount,residual_property,HeavyAtomCount_residual,-107.57575757575758,raw_property,50,50,1.0,16.0,13.0,22.0,-3.0,-9.75,-1.0,0.82
HeavyAtomCount,residual_property,HeavyAtomCount_residual,-107.57575757575758,diagnostic_residual,50,50,1.0,-8.912995232127487,-15.311842571662048,-5.300510794353967,-8.90567549055569,-15.29400725660447,-5.460310521534118,1.0
HeavyAtomCount,residual_property,HeavyAtomCount_residual,-104.54545454545456,raw_property,50,50,1.0,15.0,13.0,19.75,-5.0,-10.0,-1.0,0.86
HeavyAtomCount,residual_property,HeavyAtomCount_residual,-104.54545454545456,diagnostic_residual,50,50,1.0,-10.076190799505722,-16.772029013711876,-5.594639474627809,-10.50866609337751,-15.956185102523431,-6.159349121761293,1.0
HeavyAtomCount,residual_property,HeavyAtomCount_residual,-101.51515151515152,raw_property,50,50,1.0,15.5,13.25,22.0,-3.5,-10.0,-1.0,0.76
HeavyAtomCount,residual_property,HeavyAtomCount_residual,-101.51515151515152,diagnostic_residual,50,50,1.0,-9.180042030013894,-15.817936654019903,-4.187268435211919,-9.514282191818548,-15.37755667519728,-4.501455157253399,1.0
HeavyAtomCount,residual_property,HeavyAtomCount_residual,-98.48484848484848,raw_property,50,50,1.0,16.5,13.0,22.0,-4.0,-8.0,-1.0,0.78
HeavyAtomCount,residual_property,HeavyAtomCount_residual,-98.48484848484848,diagnostic_residual,50,50,1.0,-8.18713763456655,-12.257629032158576,-4.490872009029725,-8.557336138006601,-11.780991072722092,-4.690250828174035,1.0
HeavyAtomCount,residual_property,HeavyAtomCount_residual,-95.45454545454544,raw_property,50,50,1.0,17.5,13.0,22.0,-3.0,-8.0,-0.25,0.74
HeavyAtomCount,residual_property,HeavyAtomCount_residual,-95.45454545454544,diagnostic_residual,50,50,1.0,-7.9236444808933815,-12.299405520504543,-3.1141094272776817,-7.63720791354746,-11.771484941694466,-4.118913575215783,1.0
HeavyAtomCount,residual_property,HeavyAtomCount_residual,-92.42424242424242,raw_property,50,50,1.0,17.0,12.0,22.0,-2.5,-8.75,-1.0,0.78
HeavyAtomCount,residual_property,HeavyAtomCount_residual,-92.42424242424242,diagnostic_residual,50,50,1.0,-7.1541861944879805,-13.428823535857374,-3.1502053179827927,-6.7295685752922285,-13.079388420411806,-4.012583755190551,1.0
HeavyAtomCount,residual_property,HeavyAtomCount_residual,-89.39393939393939,raw_property,50,50,1.0,18.0,13.0,22.0,-2.0,-8.0,-1.0,0.76
HeavyAtomCount,residual_property,HeavyAtomCount_residual,-89.39393939393939,diagnostic_residual,50,50,1.0,-4.728014484512819,-14.65253353363951,-2.534378129213065,-5.674968632562623,-13.147984029177984,-2.8476109486299253,1.0
HeavyAtomCount,residual_property,HeavyAtomCount_residual,-86.36363636363637,raw_property,50,50,1.0,18.0,13.0,23.0,-2.0,-6.75,-0.25,0.74
HeavyAtomCount,residual_property,HeavyAtomCount_residual,-86.36363636363637,diagnostic_residual,50,50,1.0,-4.300308391550443,-11.5618913002948,-1.7325372111874575,-4.261369706960091,-10.579420557055998,-1.9688717436370693,1.0
HeavyAtomCount,residual_property,HeavyAtomCount_residual,-83.33333333333333,raw_property,50,50,1.0,19.0,13.25,23.75,-1.0,-4.75,0.0,0.68
HeavyAtomCount,residual_property,HeavyAtomCount_residual,-83.33333333333333,diagnostic_residual,50,50,1.0,-3.6290028405129764,-7.477042974800315,-1.4199836926305722,-3.5292321541461806,-7.87995354603919,-1.572381775835877,0.98
HeavyAtomCount,residual_property,HeavyAtomCount_residual,-80.3030303030303,raw_property,50,50,1.0,18.0,14.0,23.0,-2.0,-6.75,0.0,0.66
HeavyAtomCount,residual_property,HeavyAtomCount_residual,-80.3030303030303,diagnostic_residual,50,50,1.0,-4.266704850771632,-9.370433597691536,-1.6589578947388217,-4.358725476279378,-9.782583375686253,-1.4353125712384176,0.96
HeavyAtomCount,residual_property,HeavyAtomCount_residual,-77.27272727272728,raw_property,50,50,1.0,18.0,13.25,23.0,-2.0,-6.75,0.0,0.7
HeavyAtomCount,residual_property,HeavyAtomCount_residual,-77.27272727272728,diagnostic_residual,50,50,1.0,-3.8675790768592737,-9.370433597691536,-1.7423957090080995,-4.093099576940444,-9.360654352049268,-1.4353125712384176,0.96
HeavyAtomCount,residual_property,HeavyAtomCount_residual,-74.24242424242425,raw_property,50,50,1.0,18.5,14.0,24.75,-2.0,-5.0,0.0,0.66
HeavyAtomCount,residual_property,HeavyAtomCount_residual,-74.24242424242425,diagnostic_residual,50,50,1.0,-3.213699551313061,-8.230534365034575,-1.5504351363068931,-3.5822999709617296,-8.216735707499783,-1.368428613703434,0.94
HeavyAtomCount,residual_property,HeavyAtomCount_residual,-71.21212121212122,raw_property,50,50,1.0,20.5,15.25,25.0,-2.0,-4.5,0.0,0.66
HeavyAtomCount,residual_property,HeavyAtomCount_residual,-71.21212121212122,diagnostic_residual,50,50,1.0,-3.027934522117052,-7.578078874798417,-1.4584384193319258,-2.8879316449839845,-6.983415136189007,-1.093768481476577,0.9
HeavyAtomCount,residual_property,HeavyAtomCount_residual,-68.18181818181819,raw_property,50,50,1.0,20.0,16.0,25.0,-1.0,-3.0,0.0,0.62
HeavyAtomCount,residual_property,HeavyAtomCount_residual,-68.18181818181819,diagnostic_residual,50,50,1.0,-2.555571108623571,-4.99581073733763,-0.894675938141587,-2.3762953225811074,-5.454351180472625,-0.7115520816136556,0.88
HeavyAtomCount,residual_property,HeavyAtomCount_residual,-65.15151515151516,raw_property,50,50,1.0,20.5,15.25,25.0,-1.0,-3.0,0.0,0.6
HeavyAtomCount,residual_property,HeavyAtomCount_residual,-65.15151515151516,diagnostic_residual,50,50,1.0,-2.134198424717214,-6.022812407887454,-0.6197561629345065,-2.26557313722782,-5.384238702018454,-0.6807570491953259,0.86
HeavyAtomCount,residual_property,HeavyAtomCount_residual,-62.121212121212125,raw_property,50,50,1.0,21.5,15.25,25.0,-1.0,-2.0,0.0,0.54
HeavyAtomCount,residual_property,HeavyAtomCount_residual,-62.121212121212125,diagnostic_residual,50,50,1.0,-2.3238459833774225,-4.683625813281659,-0.5914124549496584,-2.206863964346537,-4.550969361210696,-0.6159493238910208,0.86
HeavyAtomCount,residual_property,HeavyAtomCount_residual,-59.09090909090909,raw_property,50,50,1.0,21.0,15.0,26.0,-1.0,-3.0,0.0,0.52
HeavyAtomCount,residual_property,HeavyAtomCount_residual,-59.09090909090909,diagnostic_residual,50,50,1.0,-2.0579538979719825,-6.3756854947623065,-0.5258160595536037,-2.233164781960774,-5.393607956154799,-0.6305405922823515,0.84
HeavyAtomCount,residual_property,HeavyAtomCount_residual,-56.06060606060606,raw_property,50,50,1.0,21.5,16.0,25.75,-0.5,-3.0,0.0,0.5
HeavyAtomCount,residual_property,HeavyAtomCount_residual,-56.06060606060606,diagnostic_residual,50,50,1.0,-1.7439448428928443,-5.442758549107309,-0.18959811175564883,-1.677810098014108,-4.989573096467019,-0.0029053834245438698,0.78
HeavyAtomCount,residual_property,HeavyAtomCount_residual,-53.03030303030303,raw_property,50,50,1.0,20.5,16.25,25.0,-0.5,-3.0,0.0,0.5
HeavyAtomCount,residual_property,HeavyAtomCount_residual,-53.03030303030303,diagnostic_residual,50,50,1.0,-1.5973357916429904,-5.080460100535604,-0.18959811175564883,-1.4013685722381748,-4.922785411694174,-0.0029053834245438698,0.78
HeavyAtomCount,residual_property,HeavyAtomCount_residual,-50.0,raw_property,50,50,1.0,21.5,16.25,25.75,0.0,-2.75,0.0,0.46
HeavyAtomCount,residual_property,HeavyAtomCount_residual,-50.0,diagnostic_residual,50,50,1.0,-1.2043478624154655,-4.274487040530015,-0.0037215607825054273,-1.2584085588128746,-3.8526562713352925,0.0,0.72
HeavyAtomCount,residual_property,HeavyAtomCount_residual,-46.96969696969697,raw_property,50,50,1.0,23.0,17.0,26.0,0.0,-0.75,0.0,0.26
HeavyAtomCount,residual_property,HeavyAtomCount_residual,-46.96969696969697,diagnostic_residual,50,50,1.0,-0.419745707050736,-1.7901238963694022,0.22044966955146925,-0.39841615775353745,-1.3627845860305365,0.0,0.62
HeavyAtomCount,residual_property,HeavyAtomCount_residual,-43.93939393939394,raw_property,50,50,1.0,23.0,17.0,26.75,0.0,0.0,0.0,0.24
HeavyAtomCount,residual_property,HeavyAtomCount_residual,-43.93939393939394,diagnostic_residual,50,50,1.0,-0.419745707050736,-1.7301937111979369,0.17271038390875626,-0.39095636126700306,-1.2613865648068177,0.0,0.64
HeavyAtomCount,residual_property,HeavyAtomCount_residual,-40.90909090909091,raw_property,50,50,1.0,23.0,17.25,26.0,0.0,0.0,0.0,0.22
HeavyAtomCount,residual_property,HeavyAtomCount_residual,-40.90909090909091,diagnostic_residual,50,50,1.0,-0.27615662902224875,-1.628998477494184,0.45957327622205607,-0.017089487075701043,-1.0267616235919972,0.0,0.54
HeavyAtomCount,residual_property,HeavyAtomCount_residual,-37.87878787878788,raw_property,50,50,1.0,23.5,17.25,26.75,0.0,0.0,0.0,0.18
HeavyAtomCount,residual_property,HeavyAtomCount_residual,-37.87878787878788,diagnostic_residual,50,50,1.0,-0.37242431424766126,-1.3709800222235842,0.45957327622205607,-4.163336342344337e-17,-0.8889812532776249,0.0,0.52
HeavyAtomCount,residual_property,HeavyAtomCount_residual,-34.848484848484844,raw_property,50,50,1.0,23.0,18.0,26.75,0.0,0.0,0.0,0.16
HeavyAtomCount,residual_property,HeavyAtomCount_residual,-34.848484848484844,diagnostic_residual,50,50,1.0,-0.2668133231962821,-1.262165574294328,0.37160665131682524,0.0,-0.5780956692292706,0.0,0.46
HeavyAtomCount,residual_property,HeavyAtomCount_residual,-31.818181818181813,raw_property,50,50,1.0,23.0,18.0,26.0,0.0,0.0,0.0,0.14
HeavyAtomCount,residual_property,HeavyAtomCount_residual,-31.818181818181813,diagnostic_residual,50,50,1.0,-0.23517825761089822,-1.262165574294328,0.4442115552892844,0.0,-0.2939608829639786,0.0,0.36
HeavyAtomCount,residual_property,HeavyAtomCount_residual,-28.787878787878785,raw_property,50,50,1.0,23.0,17.25,26.0,0.0,0.0,0.0,0.08
HeavyAtomCount,residual_property,HeavyAtomCount_residual,-28.787878787878785,diagnostic_residual,50,50,1.0,-0.19428608820376508,-0.9047387531070648,0.4579609439373579,0.0,-9.71445146547012e-17,0.0,0.3
HeavyAtomCount,residual_property,HeavyAtomCount_residual,-25.757575757575765,raw_property,50,50,1.0,23.5,18.0,26.0,0.0,0.0,0.0,0.04
HeavyAtomCount,residual_property,HeavyAtomCount_residual,-25.757575757575765,diagnostic_residual,50,50,1.0,-0.03488475278239095,-0.753046945862522,0.5565630510523185,0.0,0.0,0.0,0.24
HeavyAtomCount,residual_property,HeavyAtomCount_residual,-22.727272727272734,raw_property,50,50,1.0,23.5,18.0,26.0,0.0,0.0,0.0,0.02
HeavyAtomCount,residual_property,HeavyAtomCount_residual,-22.727272727272734,diagnostic_residual,50,50,1.0,-0.03488475278239095,-0.679068087038714,0.5565630510523185,0.0,0.0,0.0,0.2
HeavyAtomCount,residual_property,HeavyAtomCount_residual,-19.69696969696969,raw_property,50,50,1.0,23.5,18.0,26.0,0.0,0.0,0.0,0.02
HeavyAtomCount,residual_property,HeavyAtomCount_residual,-19.69696969696969,diagnostic_residual,50,50,1.0,-0.03488475278239095,-0.6705802453291363,0.5565630510523185,0.0,0.0,0.0,0.2
HeavyAtomCount,residual_property,HeavyAtomCount_residual,-16.666666666666657,raw_property,50,50,1.0,23.5,18.0,26.0,0.0,0.0,0.0,0.02
HeavyAtomCount,residual_property,HeavyAtomCount_residual,-16.666666666666657,diagnostic_residual,50,50,1.0,-0.03488475278239095,-0.6705802453291363,0.5565630510523185,0.0,0.0,0.0,0.2
HeavyAtomCount,residual_property,HeavyAtomCount_residual,-13.636363636363626,raw_property,50,50,1.0,24.0,18.0,26.75,0.0,0.0,0.0,0.0
HeavyAtomCount,residual_property,HeavyAtomCount_residual,-13.636363636363626,diagnostic_residual,50,50,1.0,-0.01115020204282935,-0.5228440421338942,0.5565630510523185,0.0,0.0,0.0,0.18
HeavyAtomCount,residual_property,HeavyAtomCount_residual,-10.606060606060597,raw_property,50,50,1.0,24.0,18.0,26.75,0.0,0.0,0.0,0.0
HeavyAtomCount,residual_property,HeavyAtomCount_residual,-10.606060606060597,diagnostic_residual,50,50,1.0,-0.01115020204282935,-0.5228440421338942,0.5565630510523185,0.0,0.0,0.0,0.18
HeavyAtomCount,residual_property,HeavyAtomCount_residual,-7.575757575757564,raw_property,50,50,1.0,24.0,18.0,26.75,0.0,0.0,0.0,0.0
HeavyAtomCount,residual_property,HeavyAtomCount_residual,-7.575757575757564,diagnostic_residual,50,50,1.0,-0.01115020204282935,-0.5228440421338942,0.5748854642418282,0.0,0.0,2.0816681711721685e-17,0.18
HeavyAtomCount,residual_property,HeavyAtomCount_residual,-4.545454545454561,raw_property,50,50,1.0,24.0,18.0,26.75,0.0,0.0,0.0,0.0
HeavyAtomCount,residual_property,HeavyAtomCount_residual,-4.545454545454561,diagnostic_residual,50,50,1.0,-0.01115020204282935,-0.5228440421338942,0.5748854642418282,0.0,0.0,2.0816681711721685e-17,0.18
HeavyAtomCount,residual_property,HeavyAtomCount_residual,-1.5151515151515298,raw_property,50,50,1.0,24.0,18.0,26.75,0.0,0.0,0.0,0.0
HeavyAtomCount,residual_property,HeavyAtomCount_residual,-1.5151515151515298,diagnostic_residual,50,50,1.0,-0.03488475278239095,-0.5228440421338942,0.5748854642418282,0.0,0.0,2.0816681711721685e-17,0.18
HeavyAtomCount,residual_property,HeavyAtomCount_residual,1.5151515151515014,raw_property,50,50,1.0,24.0,18.0,26.75,0.0,0.0,0.0,0.04
HeavyAtomCount,residual_property,HeavyAtomCount_residual,1.5151515151515014,diagnostic_residual,50,50,1.0,-0.03488475278239095,-0.5228440421338942,0.5748854642418282,0.0,0.0,2.0816681711721685e-17,0.26
HeavyAtomCount,residual_property,HeavyAtomCount_residual,4.5454545454545325,raw_property,50,50,1.0,24.0,18.0,26.75,0.0,0.0,0.0,0.04
HeavyAtomCount,residual_property,HeavyAtomCount_residual,4.5454545454545325,diagnostic_residual,50,50,1.0,-0.03488475278239095,-0.5228440421338942,0.5748854642418282,0.0,0.0,2.0816681711721685e-17,0.26
HeavyAtomCount,residual_property,HeavyAtomCount_residual,7.575757575757564,raw_property,50,50,1.0,24.0,18.0,26.75,0.0,0.0,0.0,0.02
HeavyAtomCount,residual_property,HeavyAtomCount_residual,7.575757575757564,diagnostic_residual,50,50,1.0,-0.03488475278239095,-0.6705802453291363,0.5748854642418282,0.0,0.0,0.0,0.24
HeavyAtomCount,residual_property,HeavyAtomCount_residual,10.606060606060597,raw_property,50,50,1.0,24.0,18.0,26.75,0.0,0.0,0.0,0.02
HeavyAtomCount,residual_property,HeavyAtomCount_residual,10.606060606060597,diagnostic_residual,50,50,1.0,-0.03488475278239095,-0.6705802453291363,0.5748854642418282,0.0,0.0,0.0,0.24
HeavyAtomCount,residual_property,HeavyAtomCount_residual,13.636363636363626,raw_property,50,50,1.0,24.0,18.0,26.75,0.0,0.0,0.0,0.02
HeavyAtomCount,residual_property,HeavyAtomCount_residual,13.636363636363626,diagnostic_residual,50,50,1.0,-0.03488475278239095,-0.6705802453291363,0.5748854642418282,0.0,0.0,0.0,0.24
HeavyAtomCount,residual_property,HeavyAtomCount_residual,16.666666666666657,raw_property,50,50,1.0,24.0,18.0,26.75,0.0,0.0,0.0,0.02
HeavyAtomCount,residual_property,HeavyAtomCount_residual,16.666666666666657,diagnostic_residual,50,50,1.0,-0.03488475278239095,-0.753046945862522,0.5748854642418282,0.0,0.0,0.0,0.22
HeavyAtomCount,residual_property,HeavyAtomCount_residual,19.69696969696969,raw_property,50,50,1.0,24.0,18.0,26.75,0.0,0.0,0.0,0.02
HeavyAtomCount,residual_property,HeavyAtomCount_residual,19.69696969696969,diagnostic_residual,50,50,1.0,-0.01115020204282935,-0.6705802453291363,0.5748854642418282,0.0,0.0,0.0,0.24
HeavyAtomCount,residual_property,HeavyAtomCount_residual,22.72727272727272,raw_property,50,50,1.0,24.0,18.0,26.75,0.0,0.0,0.0,0.06
HeavyAtomCount,residual_property,HeavyAtomCount_residual,22.72727272727272,diagnostic_residual,50,50,1.0,-0.01115020204282935,-0.46996969111303594,0.5748854642418282,0.0,0.0,4.597017211338539e-17,0.3
HeavyAtomCount,residual_property,HeavyAtomCount_residual,25.75757575757575,raw_property,50,50,1.0,24.0,18.0,26.75,0.0,0.0,0.0,0.06
HeavyAtomCount,residual_property,HeavyAtomCount_residual,25.75757575757575,diagnostic_residual,50,50,1.0,-0.01115020204282935,-0.5228440421338942,0.6059407141144955,0.0,0.0,5.4643789493269423e-17,0.32
HeavyAtomCount,residual_property,HeavyAtomCount_residual,28.787878787878785,raw_property,50,50,1.0,24.0,18.0,26.75,0.0,0.0,0.0,0.04
HeavyAtomCount,residual_property,HeavyAtomCount_residual,28.787878787878785,diagnostic_residual,50,50,1.0,0.01324296572128595,-0.4200883224981906,0.6059407141144955,0.0,0.0,5.551115123125783e-17,0.34
HeavyAtomCount,residual_property,HeavyAtomCount_residual,31.818181818181813,raw_property,50,50,1.0,24.0,18.0,27.0,0.0,0.0,0.0,0.08
HeavyAtomCount,residual_property,HeavyAtomCount_residual,31.818181818181813,diagnostic_residual,50,50,1.0,0.14055794749290304,-0.2872423612552821,0.6440297516795783,0.0,0.0,5.551115123125783e-17,0.38
HeavyAtomCount,residual_property,HeavyAtomCount_residual,34.848484848484844,raw_property,50,50,1.0,24.0,18.0,27.0,0.0,0.0,0.0,0.14
HeavyAtomCount,residual_property,HeavyAtomCount_residual,34.848484848484844,diagnostic_residual,50,50,1.0,0.11053540635035469,-0.3151049229147098,0.6528209152330637,0.0,0.0,0.07693940984130804,0.44
HeavyAtomCount,residual_property,HeavyAtomCount_residual,37.87878787878788,raw_property,50,50,1.0,23.5,18.0,27.0,0.0,0.0,0.0,0.14
HeavyAtomCount,residual_property,HeavyAtomCount_residual,37.87878787878788,diagnostic_residual,50,50,1.0,0.185547425223584,-0.4961300857987725,0.8576812098193276,0.0,0.0,0.40168858944365826,0.46
HeavyAtomCount,residual_property,HeavyAtomCount_residual,40.90909090909091,raw_property,50,50,1.0,24.0,18.0,27.0,0.0,0.0,0.0,0.18
HeavyAtomCount,residual_property,HeavyAtomCount_residual,40.90909090909091,diagnostic_residual,50,50,1.0,0.24543174866554723,-0.24458171108354015,1.159762616305997,2.7755575615628914e-17,0.0,0.8256095568155928,0.52
HeavyAtomCount,residual_property,HeavyAtomCount_residual,43.93939393939394,raw_property,50,50,1.0,24.0,18.0,27.0,0.0,0.0,0.0,0.16
HeavyAtomCount,residual_property,HeavyAtomCount_residual,43.93939393939394,diagnostic_residual,50,50,1.0,0.4939488810333126,-0.20983010040121772,1.157566486181132,5.551115123125783e-17,0.0,1.042503641603524,0.56
HeavyAtomCount,residual_property,HeavyAtomCount_residual,46.96969696969697,raw_property,50,50,1.0,24.0,18.0,28.0,0.0,0.0,0.0,0.18
HeavyAtomCount,residual_property,HeavyAtomCount_residual,46.96969696969697,diagnostic_residual,50,50,1.0,0.4939488810333126,-0.20983010040121772,1.3130272265120704,0.017878899591453425,0.0,0.9193077216899351,0.64
HeavyAtomCount,residual_property,HeavyAtomCount_residual,50.0,raw_property,50,50,1.0,24.0,18.0,28.0,0.0,0.0,1.0,0.3
HeavyAtomCount,residual_property,HeavyAtomCount_residual,50.0,diagnostic_residual,50,50,1.0,0.544409007596169,-0.24458171108354015,1.3130272265120704,0.09947550259184015,0.0,1.416870027896998,0.6
HeavyAtomCount,residual_property,HeavyAtomCount_residual,53.03030303030303,raw_property,50,50,1.0,25.0,18.0,29.0,0.0,0.0,2.0,0.38
HeavyAtomCount,residual_property,HeavyAtomCount_residual,53.03030303030303,diagnostic_residual,50,50,1.0,0.5962743385717575,-0.15988758820037224,1.675724582192605,0.39204924696236887,0.0,1.6799028475869537,0.64
HeavyAtomCount,residual_property,HeavyAtomCount_residual,56.06060606060606,raw_property,50,50,1.0,25.0,18.0,29.0,0.5,0.0,2.0,0.5
HeavyAtomCount,residual_property,HeavyAtomCount_residual,56.06060606060606,diagnostic_residual,50,50,1.0,0.7573484848252026,-0.12753364664511266,2.235649703094409,0.5884313397002074,0.0,1.7758898711546427,0.72
HeavyAtomCount,residual_property,HeavyAtomCount_residual,59.09090909090909,raw_property,50,50,1.0,26.0,18.0,28.75,1.0,0.0,2.0,0.52
HeavyAtomCount,residual_property,HeavyAtomCount_residual,59.09090909090909,diagnostic_residual,50,50,1.0,1.2629759214118632,-0.0682810920318601,2.235649703094409,0.930588929954892,6.938893903907228e-18,1.9316665657305663,0.74
HeavyAtomCount,residual_property,HeavyAtomCount_residual,62.121212121212125,raw_property,50,50,1.0,23.5,18.5,29.0,1.5,0.0,2.0,0.58
HeavyAtomCount,residual_property,HeavyAtomCount_residual,62.121212121212125,diagnostic_residual,50,50,1.0,1.2629759214118632,-0.2473222927022513,2.22530587319456,1.0002475145567917,-2.0816681711721685e-17,2.292216774912574,0.72
HeavyAtomCount,residual_property,HeavyAtomCount_residual,65.15151515151516,raw_property,50,50,1.0,24.0,20.0,29.0,2.0,0.0,3.0,0.6
HeavyAtomCount,residual_property,HeavyAtomCount_residual,65.15151515151516,diagnostic_residual,50,50,1.0,1.217038676098893,-0.21805184525735116,2.264349042688292,1.4241307667759262,-0.3652660415277049,2.2976670149011422,0.7
HeavyAtomCount,residual_property,HeavyAtomCount_residual,68.18181818181819,raw_property,50,50,1.0,25.0,20.0,28.75,1.0,0.0,2.75,0.62
HeavyAtomCount,residual_property,HeavyAtomCount_residual,68.18181818181819,diagnostic_residual,50,50,1.0,1.185799700908893,-0.2473222927022513,2.4563555108274304,1.0617407627947166,-0.231673036745983,2.303112314759488,0.7
HeavyAtomCount,residual_property,HeavyAtomCount_residual,71.21212121212122,raw_property,50,50,1.0,23.5,20.0,29.0,1.0,0.0,3.0,0.62
HeavyAtomCount,residual_property,HeavyAtomCount_residual,71.21212121212122,diagnostic_residual,50,50,1.0,1.1197272812749155,-0.6736575897211274,2.4713203928551803,0.6949010282515573,-0.34336465355178714,2.0810816986700673,0.7
HeavyAtomCount,residual_property,HeavyAtomCount_residual,74.24242424242425,raw_property,50,50,1.0,24.5,18.25,28.75,1.0,0.0,3.0,0.62
HeavyAtomCount,residual_property,HeavyAtomCount_residual,74.24242424242425,diagnostic_residual,50,50,1.0,0.6855669762874239,-2.0861490776532317,2.978519890813396,0.8255161389054795,-1.9563079678480806,2.260812570203716,0.64
HeavyAtomCount,residual_property,HeavyAtomCount_residual,77.27272727272728,raw_property,50,50,1.0,25.0,18.25,29.0,1.0,0.0,3.0,0.62
HeavyAtomCount,residual_property,HeavyAtomCount_residual,77.27272727272728,diagnostic_residual,50,50,1.0,0.203593543269589,-0.985760181574947,2.5854365689469994,0.774302573088459,-1.0965040075644232,2.410870552005829,0.6
HeavyAtomCount,residual_property,HeavyAtomCount_residual,80.30303030303031,raw_property,50,50,1.0,25.5,17.25,29.75,2.0,0.0,3.0,0.7
HeavyAtomCount,residual_property,HeavyAtomCount_residual,80.30303030303031,diagnostic_residual,50,50,1.0,0.5778428619186293,-1.5398279345451784,3.1239610463719143,1.0754983881184466,-1.862153187354159,3.4259978038420194,0.62
HeavyAtomCount,residual_property,HeavyAtomCount_residual,83.33333333333334,raw_property,50,50,1.0,24.5,18.25,29.0,2.0,-0.75,4.0,0.64
HeavyAtomCount,residual_property,HeavyAtomCount_residual,83.33333333333334,diagnostic_residual,50,50,1.0,0.8086986889104466,-1.5868956613549394,2.98021524765032,0.871801426976786,-1.882649816791746,3.2028562737802346,0.58
HeavyAtomCount,residual_property,HeavyAtomCount_residual,86.36363636363637,raw_property,50,50,1.0,25.0,18.0,30.0,2.0,0.0,4.0,0.72
HeavyAtomCount,residual_property,HeavyAtomCount_residual,86.36363636363637,diagnostic_residual,50,50,1.0,1.205802190085576,-4.921263829370544,3.489826033472234,1.2584935802030728,-4.625002718531899,3.225439602822668,0.6
HeavyAtomCount,residual_property,HeavyAtomCount_residual,89.3939393939394,raw_property,50,50,1.0,26.0,18.0,30.0,2.0,1.0,4.0,0.76
HeavyAtomCount,residual_property,HeavyAtomCount_residual,89.3939393939394,diagnostic_residual,50,50,1.0,1.4594986303495077,-3.3205421056378928,3.203931016460789,1.6708865910621225,-3.248754926181335,3.1062396564097376,0.66
HeavyAtomCount,residual_property,HeavyAtomCount_residual,92.42424242424244,raw_property,50,50,1.0,26.0,17.0,30.0,2.0,0.0,5.0,0.68
HeavyAtomCount,residual_property,HeavyAtomCount_residual,92.42424242424244,diagnostic_residual,50,50,1.0,1.4385893382283648,-3.565233036163006,3.3163964165585273,1.494109108885584,-3.5517508142933147,3.298684510781377,0.64
HeavyAtomCount,residual_property,HeavyAtomCount_residual,95.45454545454544,raw_property,50,50,1.0,25.5,17.25,29.0,3.0,-2.0,5.75,0.68
HeavyAtomCount,residual_property,HeavyAtomCount_residual,95.45454545454544,diagnostic_residual,50,50,1.0,1.9370913848403435,-2.786894687268483,3.0786591643643453,1.8675846781015488,-1.5760032696515323,2.9921802196412752,0.66
HeavyAtomCount,residual_property,HeavyAtomCount_residual,98.48484848484848,raw_property,50,50,1.0,25.0,18.25,30.0,2.5,0.0,6.0,0.72
HeavyAtomCount,residual_property,HeavyAtomCount_residual,98.48484848484848,diagnostic_residual,50,50,1.0,2.071006467284608,-3.0413729736508817,3.1239717271616882,2.2670584773660627,-3.7187148360473206,3.0488544910711406,0.7
HeavyAtomCount,residual_property,HeavyAtomCount_residual,101.5151515151515,raw_property,50,50,1.0,26.0,19.5,29.75,3.0,1.0,6.75,0.76
HeavyAtomCount,residual_property,HeavyAtomCount_residual,101.5151515151515,diagnostic_residual,50,50,1.0,2.173712161949881,-2.020859298015899,3.408498819241367,2.1588045576888497,-0.5237974607500364,3.325154188470854,0.7
HeavyAtomCount,residual_property,HeavyAtomCount_residual,104.54545454545452,raw_property,50,50,1.0,25.0,17.25,30.0,3.0,-2.0,6.0,0.64
HeavyAtomCount,residual_property,HeavyAtomCount_residual,104.54545454545452,diagnostic_residual,50,50,1.0,2.146242515361388,-7.115414933650107,3.8057249726011304,2.010753520256775,-7.511046184369593,3.664436287973427,0.6
HeavyAtomCount,residual_property,HeavyAtomCount_residual,107.57575757575756,raw_property,50,50,1.0,27.0,19.0,30.75,3.0,-1.0,6.75,0.68
HeavyAtomCount,residual_property,HeavyAtomCount_residual,107.57575757575756,diagnostic_residual,50,50,1.0,2.6966633253757415,-6.313901726781667,3.857159373999444,2.5449360169179966,-7.27407885551262,3.8778700224033367,0.64
HeavyAtomCount,residual_property,HeavyAtomCount_residual,110.60606060606062,raw_property,50,50,1.0,27.0,19.25,30.0,4.0,-1.0,6.75,0.66
HeavyAtomCount,residual_property,HeavyAtomCount_residual,110.60606060606062,diagnostic_residual,50,50,1.0,2.585762555353547,-5.471364754621759,3.670784541120578,1.990699677271934,-5.628584860363805,3.739024494808536,0.64
HeavyAtomCount,residual_property,HeavyAtomCount_residual,113.63636363636364,raw_property,50,50,1.0,27.5,22.0,30.75,3.5,1.0,7.0,0.76
HeavyAtomCount,residual_property,HeavyAtomCount_residual,113.63636363636364,diagnostic_residual,50,50,1.0,2.5443642256320143,-0.6081807911576202,3.8920259993821187,2.1100736569268985,-0.45007949847075857,3.8876697646109197,0.72
HeavyAtomCount,residual_property,HeavyAtomCount_residual,116.66666666666669,raw_property,50,50,1.0,27.0,22.0,31.75,4.0,-1.0,7.0,0.72
HeavyAtomCount,residual_property,HeavyAtomCount_residual,116.66666666666669,diagnostic_residual,50,50,1.0,2.330637267233616,-2.816634607085451,4.340632398781555,2.01162796698784,-2.137183160094252,4.208538925793265,0.68
HeavyAtomCount,residual_property,HeavyAtomCount_residual,119.69696969696967,raw_property,50,50,1.0,28.0,25.0,32.0,4.0,2.0,7.75,0.82
HeavyAtomCount,residual_property,HeavyAtomCount_residual,119.69696969696967,diagnostic_residual,50,50,1.0,2.659168196991523,0.9753444327643566,4.144043574247969,2.7765539134200674,0.300957917633486,4.134462604453698,0.78
HeavyAtomCount,residual_property,HeavyAtomCount_residual,122.72727272727276,raw_property,50,50,1.0,28.0,24.25,31.75,4.0,1.25,7.75,0.78
HeavyAtomCount,residual_property,HeavyAtomCount_residual,122.72727272727276,diagnostic_residual,50,50,1.0,2.510136886890294,0.9103471556112348,4.144043574247969,2.1864962122017424,0.47576886389543827,4.135551121126148,0.76
HeavyAtomCount,residual_property,HeavyAtomCount_residual,125.75757575757576,raw_property,50,50,1.0,28.0,22.25,31.75,3.5,-0.5,8.0,0.74
HeavyAtomCount,residual_property,HeavyAtomCount_residual,125.75757575757576,diagnostic_residual,50,50,1.0,2.2718849742626137,-2.863457192085894,3.863002372330297,1.8984674988677241,-1.5280039825019933,3.7600815906851737,0.74
HeavyAtomCount,residual_property,HeavyAtomCount_residual,128.7878787878788,raw_property,50,50,1.0,28.0,22.5,32.0,4.0,0.25,9.0,0.74
HeavyAtomCount,residual_property,HeavyAtomCount_residual,128.7878787878788,diagnostic_residual,50,50,1.0,2.129873895741799,-0.4017984948846838,4.161959341657219,1.8845806500958604,-0.20043245234071178,3.7475373336115148,0.74
HeavyAtomCount,residual_property,HeavyAtomCount_residual,131.8181818181818,raw_property,50,50,1.0,28.5,24.0,32.0,4.0,0.25,9.0,0.74
HeavyAtomCount,residual_property,HeavyAtomCount_residual,131.8181818181818,diagnostic_residual,50,50,1.0,2.614546467230106,0.40961836219094033,4.2770974939965445,2.283195242591609,0.2301583791252355,4.025081934427266,0.76
HeavyAtomCount,residual_property,HeavyAtomCount_residual,134.84848484848487,raw_property,50,50,1.0,29.0,24.25,32.0,4.0,0.0,9.0,0.72
HeavyAtomCount,residual_property,HeavyAtomCount_residual,134.84848484848487,diagnostic_residual,50,50,1.0,2.4817070693652976,-1.3302585303628265,4.629029058493938,2.5238898909538463,-0.6046433438418177,4.272625926440302,0.74
HeavyAtomCount,residual_property,HeavyAtomCount_residual,137.87878787878788,raw_property,50,50,1.0,29.0,26.0,32.0,4.0,1.0,9.75,0.78
HeavyAtomCount,residual_property,HeavyAtomCount_residual,137.87878787878788,diagnostic_residual,50,50,1.0,2.620247116248232,1.2417479978489583,4.0277970192828265,2.7002241010721413,0.35269565594589025,4.452182489351694,0.78
HeavyAtomCount,residual_property,HeavyAtomCount_residual,140.90909090909088,raw_property,50,50,1.0,29.0,25.25,31.0,4.0,1.0,9.5,0.78
HeavyAtomCount,residual_property,HeavyAtomCount_residual,140.90909090909088,diagnostic_residual,50,50,1.0,2.506877422592746,1.2299286027586671,3.410070354538962,2.4322175867119906,-0.332330254867884,3.879181288702816,0.74
HeavyAtomCount,residual_property,HeavyAtomCount_residual,143.93939393939394,raw_property,50,50,1.0,29.0,25.25,33.0,4.5,1.0,10.75,0.78
HeavyAtomCount,residual_property,HeavyAtomCount_residual,143.93939393939394,diagnostic_residual,50,50,1.0,2.585689642643521,-0.1824344256154386,4.010803160494271,2.485609823619157,-0.7852680865163004,4.181961099461871,0.7
HeavyAtomCount,residual_property,HeavyAtomCount_residual,146.96969696969694,raw_property,50,50,1.0,30.0,28.0,33.0,5.5,1.25,13.0,0.86
HeavyAtomCount,residual_property,HeavyAtomCount_residual,146.96969696969694,diagnostic_residual,50,50,1.0,3.3806868281837943,1.5731979490688486,4.3460266029068295,3.074919698634435,0.36844543871157037,4.879987853644321,0.76
HeavyAtomCount,residual_property,HeavyAtomCount_residual,150.0,raw_property,50,50,1.0,31.0,28.0,33.0,6.5,3.0,13.5,0.86
HeavyAtomCount,residual_property,HeavyAtomCount_residual,150.0,diagnostic_residual,50,50,1.0,3.3523396372042953,1.277518876217597,4.425596948822715,3.0430339884174558,0.9999869511298805,4.88218917832025,0.86
HeavyAtomCount,selfies_length,selfies_len_tokens,-150.0,raw_property,50,44,0.88,1.0,1.0,2.0,-23.0,-26.25,-15.75,1.0
HeavyAtomCount,selfies_length,selfies_len_tokens,-150.0,diagnostic_residual,50,44,0.88,-2.5739619493733983,-2.5739619493733983,-2.228949653858603,-2.3625925533493355,-2.9745859418346385,-1.7038017008897153,0.9772727272727273
HeavyAtomCount,selfies_length,selfies_len_tokens,-146.96969696969697,raw_property,50,44,0.88,1.0,1.0,2.0,-23.0,-26.0,-15.75,1.0
HeavyAtomCount,selfies_length,selfies_len_tokens,-146.96969696969697,diagnostic_residual,50,44,0.88,-2.5739619493733983,-2.5739619493733983,-1.9129762553321343,-2.3625925533493355,-2.9745859418346385,-1.695213359055219,0.9772727272727273
HeavyAtomCount,selfies_length,selfies_len_tokens,-143.93939393939394,raw_property,50,44,0.88,1.0,1.0,2.0,-23.0,-26.0,-15.75,1.0
HeavyAtomCount,selfies_length,selfies_len_tokens,-143.93939393939394,diagnostic_residual,50,44,0.88,-2.5739619493733983,-2.5739619493733983,-1.9129762553321343,-2.3307031458752583,-2.9745859418346385,-1.695213359055219,0.9772727272727273
HeavyAtomCount,selfies_length,selfies_len_tokens,-140.9090909090909,raw_property,50,44,0.88,1.0,1.0,2.0,-23.0,-26.0,-15.75,1.0
HeavyAtomCount,selfies_length,selfies_len_tokens,-140.9090909090909,diagnostic_residual,50,44,0.88,-2.5739619493733983,-2.5739619493733983,-1.9129762553321343,-2.28905647189435,-2.948611982835236,-1.695213359055219,0.9772727272727273
HeavyAtomCount,selfies_length,selfies_len_tokens,-137.87878787878788,raw_property,50,45,0.9,1.0,1.0,2.0,-23.0,-26.0,-16.0,1.0
HeavyAtomCount,selfies_length,selfies_len_tokens,-137.87878787878788,diagnostic_residual,50,45,0.9,-2.5739619493733983,-2.5739619493733983,-1.9129762553321343,-2.319976784817216,-2.9112157075203737,-1.69660490466652,0.9777777777777777
HeavyAtomCount,selfies_length,selfies_len_tokens,-134.84848484848484,raw_property,50,45,0.9,1.0,1.0,2.0,-23.0,-26.0,-16.0,1.0
HeavyAtomCount,selfies_length,selfies_len_tokens,-134.84848484848484,diagnostic_residual,50,45,0.9,-2.5739619493733983,-2.5739619493733983,-1.9129762553321343,-2.2912092981528698,-2.854375040717962,-1.69660490466652,0.9777777777777777
HeavyAtomCount,selfies_length,selfies_len_tokens,-131.8181818181818,raw_property,50,45,0.9,1.0,1.0,2.0,-23.0,-26.0,-16.0,1.0
HeavyAtomCount,selfies_length,selfies_len_tokens,-131.8181818181818,diagnostic_residual,50,45,0.9,-2.5739619493733983,-2.5739619493733983,-1.9129762553321343,-2.2912092981528698,-2.854375040717962,-1.69660490466652,0.9777777777777777
HeavyAtomCount,selfies_length,selfies_len_tokens,-128.78787878787878,raw_property,50,46,0.92,1.0,1.0,2.0,-23.0,-25.75,-16.0,1.0
HeavyAtomCount,selfies_length,selfies_len_tokens,-128.78787878787878,diagnostic_residual,50,46,0.92,-2.5739619493733983,-2.5739619493733983,-1.9129762553321343,-2.252128579489006,-2.8444980040480483,-1.6765651815245683,0.9782608695652174
HeavyAtomCount,selfies_length,selfies_len_tokens,-125.75757575757576,raw_property,50,46,0.92,1.0,1.0,2.0,-23.0,-25.75,-16.0,1.0
HeavyAtomCount,selfies_length,selfies_len_tokens,-125.75757575757576,diagnostic_residual,50,46,0.92,-2.5739619493733983,-2.5739619493733983,-1.9129762553321343,-2.252128579489006,-2.8444980040480483,-1.692430267832617,0.9782608695652174
HeavyAtomCount,selfies_length,selfies_len_tokens,-122.72727272727272,raw_property,50,46,0.92,1.0,1.0,2.0,-23.0,-25.75,-16.0,1.0
HeavyAtomCount,selfies_length,selfies_len_tokens,-122.72727272727272,diagnostic_residual,50,46,0.92,-2.5739619493733983,-2.5739619493733983,-1.9129762553321343,-2.252128579489006,-2.8444980040480483,-1.692430267832617,0.9782608695652174
HeavyAtomCount,selfies_length,selfies_len_tokens,-119.69696969696967,raw_property,50,46,0.92,2.0,1.0,2.0,-23.0,-25.75,-15.25,1.0
HeavyAtomCount,selfies_length,selfies_len_tokens,-119.69696969696967,diagnostic_residual,50,46,0.92,-2.334274120034092,-2.5739619493733983,-1.9129762553321343,-2.200001100001786,-2.7931435794430906,-1.692430267832617,0.9782608695652174
HeavyAtomCount,selfies_length,selfies_len_tokens,-116.66666666666666,raw_property,50,46,0.92,2.0,1.0,2.0,-23.0,-25.75,-15.25,1.0
HeavyAtomCount,selfies_length,selfies_len_tokens,-116.66666666666666,diagnostic_residual,50,46,0.92,-2.334274120034092,-2.5739619493733983,-1.9129762553321343,-2.200001100001786,-2.8189080712521783,-1.6779567271358693,0.9782608695652174
HeavyAtomCount,selfies_length,selfies_len_tokens,-113.63636363636364,raw_property,50,46,0.92,2.0,1.0,2.0,-23.0,-25.75,-15.25,1.0
HeavyAtomCount,selfies_length,selfies_len_tokens,-113.63636363636364,diagnostic_residual,50,46,0.92,-2.334274120034092,-2.5739619493733983,-1.9129762553321343,-2.200001100001786,-2.8189080712521783,-1.6289212883726105,0.9782608695652174
HeavyAtomCount,selfies_length,selfies_len_tokens,-110.6060606060606,raw_property,50,47,0.94,2.0,1.0,2.0,-23.0,-25.0,-15.5,1.0
HeavyAtomCount,selfies_length,selfies_len_tokens,-110.6060606060606,diagnostic_residual,50,47,0.94,-2.334274120034092,-2.5739619493733983,-1.9129762553321343,-2.2461210000065286,-2.7834411017863947,-1.6431944149014024,0.9787234042553191
HeavyAtomCount,selfies_length,selfies_len_tokens,-107.57575757575758,raw_property,50,47,0.94,2.0,1.0,2.0,-23.0,-25.0,-15.5,1.0
HeavyAtomCount,selfies_length,selfies_len_tokens,-107.57575757575758,diagnostic_residual,50,47,0.94,-2.334274120034092,-2.5739619493733983,-1.9129762553321343,-2.2461210000065286,-2.7834411017863947,-1.6431944149014024,0.9787234042553191
HeavyAtomCount,selfies_length,selfies_len_tokens,-104.54545454545456,raw_property,50,47,0.94,2.0,1.0,2.0,-23.0,-25.0,-15.5,1.0
HeavyAtomCount,selfies_length,selfies_len_tokens,-104.54545454545456,diagnostic_residual,50,47,0.94,-2.334274120034092,-2.5739619493733983,-1.9129762553321343,-2.2461210000065286,-2.7834411017863947,-1.6431944149014024,0.9787234042553191
HeavyAtomCount,selfies_length,selfies_len_tokens,-101.51515151515152,raw_property,50,47,0.94,2.0,1.0,2.0,-22.0,-25.0,-15.0,1.0
HeavyAtomCount,selfies_length,selfies_len_tokens,-101.51515151515152,diagnostic_residual,50,47,0.94,-2.334274120034092,-2.5739619493733983,-1.9129762553321343,-2.153881199997043,-2.5971097978610524,-1.6431944149014024,0.9787234042553191
HeavyAtomCount,selfies_length,selfies_len_tokens,-98.48484848484848,raw_property,50,48,0.96,2.0,1.0,2.0,-22.0,-25.0,-15.0,1.0
HeavyAtomCount,selfies_length,selfies_len_tokens,-98.48484848484848,diagnostic_residual,50,48,0.96,-2.334274120034092,-2.5739619493733983,-1.9129762553321343,-2.1493799771131394,-2.682834700349497,-1.657467541430194,0.9791666666666666
HeavyAtomCount,selfies_length,selfies_len_tokens,-95.45454545454544,raw_property,50,49,0.98,2.0,1.0,2.0,-22.0,-25.0,-15.0,1.0
HeavyAtomCount,selfies_length,selfies_len_tokens,-95.45454545454544,diagnostic_residual,50,49,0.98,-2.334274120034092,-2.5739619493733983,-1.9129762553321343,-2.1440677704260644,-2.9029912145425603,-1.6146481618438189,0.9795918367346939
HeavyAtomCount,selfies_length,selfies_len_tokens,-92.42424242424242,raw_property,50,49,0.98,2.0,1.0,3.0,-22.0,-25.0,-15.0,1.0
HeavyAtomCount,selfies_length,selfies_len_tokens,-92.42424242424242,diagnostic_residual,50,49,0.98,-2.334274120034092,-2.5739619493733983,-1.9129762553321343,-2.139683799104702,-2.9029912145425603,-1.6146481618438189,0.9795918367346939
HeavyAtomCount,selfies_length,selfies_len_tokens,-89.39393939393939,raw_property,50,49,0.98,2.0,2.0,3.0,-22.0,-25.0,-15.0,1.0
HeavyAtomCount,selfies_length,selfies_len_tokens,-89.39393939393939,diagnostic_residual,50,49,0.98,-2.1584101352289435,-2.5739619493733983,-1.9129762553321343,-2.139683799104702,-2.709513438087976,-1.583295447777476,0.9795918367346939
HeavyAtomCount,selfies_length,selfies_len_tokens,-86.36363636363637,raw_property,50,49,0.98,2.0,2.0,3.0,-22.0,-25.0,-15.0,1.0
HeavyAtomCount,selfies_length,selfies_len_tokens,-86.36363636363637,diagnostic_residual,50,49,0.98,-2.094586290694785,-2.5739619493733983,-1.9129762553321343,-2.139683799104702,-2.709513438087976,-1.5681115679418927,0.9795918367346939
HeavyAtomCount,selfies_length,selfies_len_tokens,-83.33333333333333,raw_property,50,49,0.98,2.0,2.0,3.0,-22.0,-25.0,-15.0,1.0
HeavyAtomCount,selfies_length,selfies_len_tokens,-83.33333333333333,diagnostic_residual,50,49,0.98,-1.9129762553321343,-2.5739619493733983,-1.7077102166429263,-2.136163468244092,-2.614687211378655,-1.445090048636027,0.9795918367346939
HeavyAtomCount,selfies_length,selfies_len_tokens,-80.3030303030303,raw_property,50,49,0.98,3.0,2.0,3.0,-22.0,-24.0,-15.0,1.0
HeavyAtomCount,selfies_length,selfies_len_tokens,-80.3030303030303,diagnostic_residual,50,49,0.98,-1.9129762553321343,-2.4318419284401767,-1.7077102166429263,-2.0327986287602418,-2.6094491956184758,-1.38279197759989,0.9591836734693877
HeavyAtomCount,selfies_length,selfies_len_tokens,-77.27272727272728,raw_property,50,49,0.98,3.0,2.0,4.0,-22.0,-24.0,-15.0,1.0
HeavyAtomCount,selfies_length,selfies_len_tokens,-77.27272727272728,diagnostic_residual,50,49,0.98,-1.9129762553321343,-2.1584101352289435,-1.7077102166429263,-2.0327986287602418,-2.6094491956184758,-1.3619727122599057,0.9387755102040817
HeavyAtomCount,selfies_length,selfies_len_tokens,-74.24242424242425,raw_property,50,49,0.98,3.0,2.0,4.0,-21.0,-23.0,-15.0,1.0
HeavyAtomCount,selfies_length,selfies_len_tokens,-74.24242424242425,diagnostic_residual,50,49,0.98,-1.9129762553321343,-2.2791698676485925,-1.7077102166429263,-2.0327986287602418,-2.6094491956184758,-1.239824009946819,0.9183673469387755
HeavyAtomCount,selfies_length,selfies_len_tokens,-71.21212121212122,raw_property,50,49,0.98,3.0,2.0,4.0,-21.0,-23.0,-15.0,1.0
HeavyAtomCount,selfies_length,selfies_len_tokens,-71.21212121212122,diagnostic_residual,50,49,0.98,-1.7411323406500632,-1.96899216832609,-1.513108719841438,-1.8913417626621731,-2.284651804129208,-1.0380923167486724,0.9591836734693877
HeavyAtomCount,selfies_length,selfies_len_tokens,-68.18181818181819,raw_property,50,49,0.98,4.0,3.0,5.0,-21.0,-23.0,-14.0,1.0
HeavyAtomCount,selfies_length,selfies_len_tokens,-68.18181818181819,diagnostic_residual,50,49,0.98,-1.7077102166429263,-1.96899216832609,-1.3110638671717751,-1.8913417626621731,-2.2997401878067,-1.0161760419345232,0.9387755102040817
HeavyAtomCount,selfies_length,selfies_len_tokens,-65.15151515151516,raw_property,50,50,1.0,4.0,3.0,5.0,-20.0,-22.0,-14.0,1.0
HeavyAtomCount,selfies_length,selfies_len_tokens,-65.15151515151516,diagnostic_residual,50,50,1.0,-1.6979185709171891,-1.9229574319314047,-1.2229516643025438,-1.5979112569810647,-2.2044538474013686,-0.7307986513026381,0.9
HeavyAtomCount,selfies_length,selfies_len_tokens,-62.121212121212125,raw_property,50,50,1.0,4.0,4.0,6.0,-19.0,-21.75,-13.25,1.0
HeavyAtomCount,selfies_length,selfies_len_tokens,-62.121212121212125,diagnostic_residual,50,50,1.0,-1.513108719841438,-1.7726113636022278,-0.9852121573140932,-1.4993514443521572,-2.1190494339559334,-0.6344693386544289,0.88
HeavyAtomCount,selfies_length,selfies_len_tokens,-59.09090909090909,raw_property,50,50,1.0,5.0,4.0,6.75,-18.0,-21.0,-13.0,1.0
HeavyAtomCount,selfies_length,selfies_len_tokens,-59.09090909090909,diagnostic_residual,50,50,1.0,-1.480426069191623,-1.7008087273544235,-0.9551299158060974,-1.6320833090651718,-2.1021095709343687,-0.6526144705516173,0.9
HeavyAtomCount,selfies_length,selfies_len_tokens,-56.06060606060606,raw_property,50,50,1.0,6.0,4.0,7.75,-18.0,-20.0,-13.0,1.0
HeavyAtomCount,selfies_length,selfies_len_tokens,-56.06060606060606,diagnostic_residual,50,50,1.0,-1.3644212038904897,-1.7090805386918488,-0.7702037094960235,-1.5283567842878285,-2.07573738768585,-0.5823618379669482,0.84
HeavyAtomCount,selfies_length,selfies_len_tokens,-53.03030303030303,raw_property,50,50,1.0,6.0,5.0,8.75,-16.0,-20.0,-13.0,1.0
HeavyAtomCount,selfies_length,selfies_len_tokens,-53.03030303030303,diagnostic_residual,50,50,1.0,-1.206151219841324,-1.6814225694622564,-0.7802555871488883,-1.3540117702090408,-1.896281720022307,-0.5763272251791808,0.86
HeavyAtomCount,selfies_length,selfies_len_tokens,-50.0,raw_property,50,50,1.0,7.0,5.25,9.75,-16.0,-18.0,-11.25,1.0
HeavyAtomCount,selfies_length,selfies_len_tokens,-50.0,diagnostic_residual,50,50,1.0,-1.0376320739605411,-1.5553252549312355,-0.5576052678439205,-1.1318784920836436,-1.6672188449857979,-0.5353709194687921,0.82
HeavyAtomCount,selfies_length,selfies_len_tokens,-46.96969696969697,raw_property,50,50,1.0,8.0,6.0,10.0,-15.0,-17.75,-11.0,1.0
HeavyAtomCount,selfies_length,selfies_len_tokens,-46.96969696969697,diagnostic_residual,50,50,1.0,-1.0150290991643365,-1.5553636744276584,-0.36937311211818175,-1.0195670430656745,-1.67170479462568,-0.5765245290216156,0.86
HeavyAtomCount,selfies_length,selfies_len_tokens,-43.93939393939394,raw_property,50,50,1.0,9.0,6.0,11.0,-15.0,-16.0,-10.0,1.0
HeavyAtomCount,selfies_length,selfies_len_tokens,-43.93939393939394,diagnostic_residual,50,50,1.0,-1.1059807749116413,-1.6257957088536474,-0.4375875148416894,-1.053675259075478,-1.7328177848061703,-0.5851756089659191,0.86
HeavyAtomCount,selfies_length,selfies_len_tokens,-40.90909090909091,raw_property,50,50,1.0,10.0,7.0,12.0,-12.0,-15.75,-10.0,1.0
HeavyAtomCount,selfies_length,selfies_len_tokens,-40.90909090909091,diagnostic_residual,50,50,1.0,-0.9356698431772887,-1.504938057178984,-0.27769330247172425,-0.8366559334384149,-1.6408089399136316,-0.24081822971949346,0.88
HeavyAtomCount,selfies_length,selfies_len_tokens,-37.87878787878788,raw_property,50,50,1.0,11.0,7.25,14.0,-11.0,-14.0,-9.0,1.0
HeavyAtomCount,selfies_length,selfies_len_tokens,-37.87878787878788,diagnostic_residual,50,50,1.0,-1.01272646857477,-1.5647437238159412,-0.29914198209502096,-0.8635663522561563,-1.6408089399136316,-0.16692199344852368,0.82
HeavyAtomCount,selfies_length,selfies_len_tokens,-34.848484848484844,raw_property,50,50,1.0,11.5,9.0,15.75,-10.0,-12.0,-7.25,1.0
HeavyAtomCount,selfies_length,selfies_len_tokens,-34.848484848484844,diagnostic_residual,50,50,1.0,-0.7747542282243023,-1.547947053399724,-0.1268912002494135,-0.6220674963898363,-1.429221244000722,-0.039223099563542085,0.76
HeavyAtomCount,selfies_length,selfies_len_tokens,-31.818181818181813,raw_property,50,50,1.0,13.0,10.0,17.0,-9.0,-11.0,-6.25,1.0
HeavyAtomCount,selfies_length,selfies_len_tokens,-31.818181818181813,diagnostic_residual,50,50,1.0,-0.3843697125052712,-1.0431655296720581,0.31752328331511626,-0.5320656218069022,-1.173274911412724,0.15018881264792588,0.72
HeavyAtomCount,selfies_length,selfies_len_tokens,-28.787878787878785,raw_property,50,50,1.0,13.5,10.25,17.0,-8.0,-10.75,-5.25,0.98
HeavyAtomCount,selfies_length,selfies_len_tokens,-28.787878787878785,diagnostic_residual,50,50,1.0,-0.3311203338116231,-0.9992149227382892,0.26725412684136035,-0.5121964688852545,-1.1045204469050622,0.23684241862620586,0.66
HeavyAtomCount,selfies_length,selfies_len_tokens,-25.757575757575765,raw_property,50,50,1.0,17.0,12.25,20.0,-6.0,-8.0,-3.0,0.92
HeavyAtomCount,selfies_length,selfies_len_tokens,-25.757575757575765,diagnostic_residual,50,50,1.0,-0.2498899975647308,-0.8181073899641285,0.42158183446584724,-0.20142423652449803,-0.8795189506119927,0.22839842845675032,0.58
HeavyAtomCount,selfies_length,selfies_len_tokens,-22.727272727272734,raw_property,50,50,1.0,19.0,14.0,23.0,-4.0,-5.0,-2.0,0.86
HeavyAtomCount,selfies_length,selfies_len_tokens,-22.727272727272734,diagnostic_residual,50,50,1.0,0.0009995921998555979,-0.42719565746023885,0.7598703364331136,0.07232529807002135,-0.17222928052703643,0.45680818951337304,0.36
HeavyAtomCount,selfies_length,selfies_len_tokens,-19.69696969696969,raw_property,50,50,1.0,22.0,15.25,24.0,-1.5,-4.0,0.0,0.7
HeavyAtomCount,selfies_length,selfies_len_tokens,-19.69696969696969,diagnostic_residual,50,50,1.0,0.18246500062925713,-0.5172699092132294,0.8026725330240674,0.17235210994082978,-0.003905466104104305,0.5754520097360594,0.3
HeavyAtomCount,selfies_length,selfies_len_tokens,-16.666666666666657,raw_property,50,50,1.0,23.0,18.0,25.75,-0.5,-2.0,0.0,0.5
HeavyAtomCount,selfies_length,selfies_len_tokens,-16.666666666666657,diagnostic_residual,50,50,1.0,0.2697120559937831,-0.39274487440553413,0.8654121144918001,1.9984014443252818e-15,0.0,0.5884829232727844,0.16
HeavyAtomCount,selfies_length,selfies_len_tokens,-13.636363636363626,raw_property,50,50,1.0,23.0,18.0,26.0,0.0,-1.75,0.0,0.36
HeavyAtomCount,selfies_length,selfies_len_tokens,-13.636363636363626,diagnostic_residual,50,50,1.0,0.18998045387925439,-0.39274487440553413,0.6059407141144955,3.9898639947466563e-17,0.0,0.5663474269014159,0.18
HeavyAtomCount,selfies_length,selfies_len_tokens,-10.606060606060597,raw_property,50,50,1.0,23.5,18.0,26.0,0.0,0.0,0.0,0.12
HeavyAtomCount,selfies_length,selfies_len_tokens,-10.606060606060597,diagnostic_residual,50,50,1.0,0.13081759774716056,-0.5228440421338942,0.6059407141144955,0.0,0.0,5.551115123125783e-17,0.14
HeavyAtomCount,selfies_length,selfies_len_tokens,-7.575757575757564,raw_property,50,50,1.0,24.0,18.0,26.75,0.0,0.0,0.0,0.02
HeavyAtomCount,selfies_length,selfies_len_tokens,-7.575757575757564,diagnostic_residual,50,50,1.0,0.0452207501270116,-0.5228440421338942,0.5748854642418282,0.0,0.0,0.0,0.18
HeavyAtomCount,selfies_length,selfies_len_tokens,-4.545454545454561,raw_property,50,50,1.0,24.0,18.0,26.75,0.0,0.0,0.0,0.02
HeavyAtomCount,selfies_length,selfies_len_tokens,-4.545454545454561,diagnostic_residual,50,50,1.0,-0.03488475278239095,-0.6705802453291363,0.5748854642418282,0.0,0.0,0.0,0.2
HeavyAtomCount,selfies_length,selfies_len_tokens,-1.5151515151515298,raw_property,50,50,1.0,24.0,18.0,26.75,0.0,0.0,0.0,0.0
HeavyAtomCount,selfies_length,selfies_len_tokens,-1.5151515151515298,diagnostic_residual,50,50,1.0,-0.03488475278239095,-0.5228440421338942,0.5748854642418282,0.0,0.0,2.0816681711721685e-17,0.18
HeavyAtomCount,selfies_length,selfies_len_tokens,1.5151515151515014,raw_property,50,50,1.0,24.0,18.0,26.75,0.0,0.0,0.0,0.06
HeavyAtomCount,selfies_length,selfies_len_tokens,1.5151515151515014,diagnostic_residual,50,50,1.0,-0.01115020204282935,-0.5228440421338942,0.5748854642418282,0.0,0.0,2.0816681711721685e-17,0.26
HeavyAtomCount,selfies_length,selfies_len_tokens,4.5454545454545325,raw_property,50,50,1.0,24.0,18.0,26.75,0.0,0.0,0.0,0.06
HeavyAtomCount,selfies_length,selfies_len_tokens,4.5454545454545325,diagnostic_residual,50,50,1.0,-0.01115020204282935,-0.5228440421338942,0.5748854642418282,0.0,0.0,2.0816681711721685e-17,0.26
HeavyAtomCount,selfies_length,selfies_len_tokens,7.575757575757564,raw_property,50,50,1.0,24.0,18.0,27.0,0.0,0.0,0.0,0.12
HeavyAtomCount,selfies_length,selfies_len_tokens,7.575757575757564,diagnostic_residual,50,50,1.0,-0.03488475278239095,-0.6705802453291363,0.5565630510523185,0.0,0.0,2.7755575615628914e-17,0.28
HeavyAtomCount,selfies_length,selfies_len_tokens,10.606060606060597,raw_property,50,50,1.0,25.0,18.0,29.75,0.0,0.0,2.0,0.34
HeavyAtomCount,selfies_length,selfies_len_tokens,10.606060606060597,diagnostic_residual,50,50,1.0,-0.23517825761089822,-1.42122292476569,0.44540589174225026,-1.3877787807814457e-17,-1.0852910821785695,2.0816681711721685e-17,0.26
HeavyAtomCount,selfies_length,selfies_len_tokens,13.636363636363626,raw_property,50,50,1.0,27.0,18.0,30.0,0.0,0.0,2.75,0.44
HeavyAtomCount,selfies_length,selfies_len_tokens,13.636363636363626,diagnostic_residual,50,50,1.0,-0.5594211422124502,-2.5057072015665325,0.290813577420991,-0.19438772742841165,-2.240828382032097,0.0,0.22
HeavyAtomCount,selfies_length,selfies_len_tokens,16.666666666666657,raw_property,50,50,1.0,27.5,20.25,30.0,1.5,0.0,5.0,0.52
HeavyAtomCount,selfies_length,selfies_len_tokens,16.666666666666657,diagnostic_residual,50,50,1.0,-1.2517702421301315,-3.9269083131859617,0.2651331476012513,-0.9524969776205872,-3.109538013421351,0.0,0.24
HeavyAtomCount,selfies_length,selfies_len_tokens,19.69696969696969,raw_property,50,50,1.0,28.5,23.0,31.75,2.0,0.0,7.0,0.58
HeavyAtomCount,selfies_length,selfies_len_tokens,19.69696969696969,diagnostic_residual,50,50,1.0,-1.2914331322664427,-4.51915273870911,0.07211318406830619,-1.1179158942336098,-4.30440013988949,0.0,0.24
HeavyAtomCount,selfies_length,selfies_len_tokens,22.72727272727272,raw_property,50,50,1.0,29.5,25.25,32.0,3.5,0.0,8.0,0.7
HeavyAtomCount,selfies_length,selfies_len_tokens,22.72727272727272,diagnostic_residual,50,50,1.0,-1.653493113672516,-5.242355277334209,-0.14819492366630796,-1.5505926964456105,-4.804935518374421,-0.2670849272894902,0.18
HeavyAtomCount,selfies_length,selfies_len_tokens,25.75757575757575,raw_property,50,50,1.0,29.5,23.25,32.0,4.5,0.0,8.0,0.72
HeavyAtomCount,selfies_length,selfies_len_tokens,25.75757575757575,diagnostic_residual,50,50,1.0,-2.8047315122665886,-6.612552772565692,-0.8901128007239425,-2.2137154228717364,-7.178394893958678,-0.9668476424145407,0.06
HeavyAtomCount,selfies_length,selfies_len_tokens,28.787878787878785,raw_property,50,50,1.0,30.0,25.0,32.0,5.0,1.0,8.0,0.76
HeavyAtomCount,selfies_length,selfies_len_tokens,28.787878787878785,diagnostic_residual,50,50,1.0,-3.4123235024834173,-8.159193310610103,-0.8572855927393093,-3.146768934687177,-7.539932037101294,-0.8330320724104103,0.1
HeavyAtomCount,selfies_length,selfies_len_tokens,31.818181818181813,raw_property,50,50,1.0,31.0,26.25,33.0,5.5,1.25,8.0,0.8
HeavyAtomCount,selfies_length,selfies_len_tokens,31.818181818181813,diagnostic_residual,50,50,1.0,-3.565385726866886,-7.875336717571832,-0.44002012180629,-2.965614529185162,-8.645118840140471,-0.8314549646379641,0.14
HeavyAtomCount,selfies_length,selfies_len_tokens,34.848484848484844,raw_property,50,50,1.0,30.5,26.0,33.0,5.0,0.25,9.0,0.74
HeavyAtomCount,selfies_length,selfies_len_tokens,34.848484848484844,diagnostic_residual,50,50,1.0,-3.135241452343841,-8.694429967388245,-0.7095369170479371,-2.34551644224179,-9.446984310501918,-0.5104832169468301,0.1
HeavyAtomCount,selfies_length,selfies_len_tokens,37.87878787878788,raw_property,50,50,1.0,31.0,26.0,33.75,6.0,1.0,9.75,0.78
HeavyAtomCount,selfies_length,selfies_len_tokens,37.87878787878788,diagnostic_residual,50,50,1.0,-3.2482252159388523,-8.365832859458626,-1.2683481716652363,-2.438312421442191,-8.9903001048967,-1.3426940899637296,0.08
HeavyAtomCount,selfies_length,selfies_len_tokens,40.90909090909091,raw_property,50,50,1.0,31.5,26.0,34.0,6.0,1.0,9.0,0.78
HeavyAtomCount,selfies_length,selfies_len_tokens,40.90909090909091,diagnostic_residual,50,50,1.0,-3.982405960556555,-8.53242978730232,-1.7924549339551452,-3.7231273111004075,-9.366145851627293,-1.4814519620330753,0.1
HeavyAtomCount,selfies_length,selfies_len_tokens,43.93939393939394,raw_property,50,50,1.0,32.5,28.0,35.0,7.0,3.0,11.75,0.8
HeavyAtomCount,selfies_length,selfies_len_tokens,43.93939393939394,diagnostic_residual,50,50,1.0,-2.717346994777458,-8.078396734940632,-0.9157169953520228,-2.510479772756714,-7.541848944071967,-1.2133628519447086,0.1
HeavyAtomCount,selfies_length,selfies_len_tokens,46.96969696969697,raw_property,50,50,1.0,32.0,27.25,34.0,7.0,2.0,11.0,0.84
HeavyAtomCount,selfies_length,selfies_len_tokens,46.96969696969697,diagnostic_residual,50,50,1.0,-3.170099535520883,-9.574996343958436,-1.6651236783731846,-3.0548853432983893,-9.22117878402459,-1.4140206095616739,0.1
HeavyAtomCount,selfies_length,selfies_len_tokens,50.0,raw_property,50,50,1.0,32.0,29.25,34.0,7.0,4.0,10.75,0.86
HeavyAtomCount,selfies_length,selfies_len_tokens,50.0,diagnostic_residual,50,50,1.0,-3.665665755171929,-7.062494472958811,-1.8523158813539666,-3.490600551681532,-7.938512339664906,-1.9433782271246578,0.02
HeavyAtomCount,selfies_length,selfies_len_tokens,53.03030303030303,raw_property,50,50,1.0,32.0,27.25,35.0,6.5,3.25,12.75,0.8
HeavyAtomCount,selfies_length,selfies_len_tokens,53.03030303030303,diagnostic_residual,50,50,1.0,-4.260881005540849,-11.475567361560135,-1.6191043943065644,-4.4429560505529295,-11.639369542722097,-1.8292661432958035,0.12
HeavyAtomCount,selfies_length,selfies_len_tokens,56.06060606060606,raw_property,50,50,1.0,31.5,25.0,35.0,7.0,2.0,10.75,0.8
HeavyAtomCount,selfies_length,selfies_len_tokens,56.06060606060606,diagnostic_residual,50,50,1.0,-5.565259788560557,-13.052108012546853,-2.5017975865055706,-6.448073905220154,-12.821251737939573,-2.6049479315898276,0.08
HeavyAtomCount,selfies_length,selfies_len_tokens,59.09090909090909,raw_property,50,50,1.0,31.0,26.25,35.0,7.0,2.0,13.0,0.82
HeavyAtomCount,selfies_length,selfies_len_tokens,59.09090909090909,diagnostic_residual,50,50,1.0,-7.031114872468795,-11.145612231605124,-2.5343198610931204,-6.710023460503232,-11.415947017403408,-2.332525955707667,0.06
HeavyAtomCount,selfies_length,selfies_len_tokens,62.121212121212125,raw_property,50,50,1.0,32.0,28.25,35.0,8.5,2.25,14.5,0.82
HeavyAtomCount,selfies_length,selfies_len_tokens,62.121212121212125,diagnostic_residual,50,50,1.0,-5.608453866239493,-11.597810634759849,-2.1085009818700478,-5.18334218476599,-12.264286342683505,-2.452327170357094,0.04
HeavyAtomCount,selfies_length,selfies_len_tokens,65.15151515151516,raw_property,50,50,1.0,34.0,29.0,36.0,8.5,4.25,14.0,0.86
HeavyAtomCount,selfies_length,selfies_len_tokens,65.15151515151516,diagnostic_residual,50,50,1.0,-5.28039912054237,-16.35257959880177,-2.5045062189956138,-4.996056118607143,-16.693332745876567,-2.377390758314073,0.0
HeavyAtomCount,selfies_length,selfies_len_tokens,68.18181818181819,raw_property,50,50,1.0,33.5,29.0,37.0,9.0,3.25,17.5,0.82
HeavyAtomCount,selfies_length,selfies_len_tokens,68.18181818181819,diagnostic_residual,50,50,1.0,-6.785106328619399,-22.08047202181915,-2.2099301432666745,-5.618739298187895,-21.9595235184458,-2.7732465331010987,0.08
HeavyAtomCount,selfies_length,selfies_len_tokens,71.21212121212122,raw_property,50,50,1.0,34.0,25.5,37.75,10.0,2.75,17.75,0.78
HeavyAtomCount,selfies_length,selfies_len_tokens,71.21212121212122,diagnostic_residual,50,50,1.0,-8.2817920076766,-26.828200936494305,-3.2163523488168764,-8.9157976344884,-26.594235491817912,-4.292105546625475,0.06
HeavyAtomCount,selfies_length,selfies_len_tokens,74.24242424242425,raw_property,50,50,1.0,35.0,29.0,38.0,12.0,3.25,17.0,0.82
HeavyAtomCount,selfies_length,selfies_len_tokens,74.24242424242425,diagnostic_residual,50,50,1.0,-12.49594510494677,-49.240064465807606,-4.007184003087381,-11.939250789051709,-48.32311172932087,-4.925687827754924,0.06
HeavyAtomCount,selfies_length,selfies_len_tokens,77.27272727272728,raw_property,50,50,1.0,35.0,26.75,41.0,14.0,5.25,22.0,0.8
HeavyAtomCount,selfies_length,selfies_len_tokens,77.27272727272728,diagnostic_residual,50,50,1.0,-24.184606071432917,-53.7597357369508,-6.74117945533839,-24.67855495246623,-53.595055378525196,-6.469881797820147,0.04
HeavyAtomCount,selfies_length,selfies_len_tokens,80.30303030303031,raw_property,50,50,1.0,35.0,19.75,42.0,14.5,0.0,22.75,0.74
HeavyAtomCount,selfies_length,selfies_len_tokens,80.30303030303031,diagnostic_residual,50,50,1.0,-25.288545143546003,-60.95510084313831,-6.476795298218086,-25.489917097942723,-61.589782859586336,-6.165423738432345,0.04
HeavyAtomCount,selfies_length,selfies_len_tokens,83.33333333333334,raw_property,50,50,1.0,34.5,24.0,40.75,15.0,3.0,22.0,0.78
HeavyAtomCount,selfies_length,selfies_len_tokens,83.33333333333334,diagnostic_residual,50,50,1.0,-27.138424861559884,-63.0266695942926,-4.456766880417479,-27.485677054137547,-64.07162643290894,-4.043546497528688,0.12
HeavyAtomCount,selfies_length,selfies_len_tokens,86.36363636363637,raw_property,50,50,1.0,35.5,30.0,42.0,16.0,4.0,25.0,0.8
HeavyAtomCount,selfies_length,selfies_len_tokens,86.36363636363637,diagnostic_residual,50,50,1.0,-31.680969250476075,-65.6567320868276,-5.593588694007472,-31.68232026958059,-66.98409408550776,-5.921465721919477,0.02
HeavyAtomCount,selfies_length,selfies_len_tokens,89.3939393939394,raw_property,50,50,1.0,36.0,32.0,55.5,19.0,7.75,31.5,0.86
HeavyAtomCount,selfies_length,selfies_len_tokens,89.3939393939394,diagnostic_residual,50,50,1.0,-31.75995824004609,-59.773085203490126,-5.718836970648766,-31.06930537843776,-60.74374898774896,-5.915977761236677,0.06
HeavyAtomCount,selfies_length,selfies_len_tokens,92.42424242424244,raw_property,50,50,1.0,38.0,31.25,60.0,18.0,9.25,32.5,0.88
HeavyAtomCount,selfies_length,selfies_len_tokens,92.42424242424244,diagnostic_residual,50,50,1.0,-33.73510890283404,-59.184720094433004,-5.665151080620324,-33.4916030646031,-59.56470130098364,-6.081100050790106,0.08
HeavyAtomCount,selfies_length,selfies_len_tokens,95.45454545454544,raw_property,50,50,1.0,39.0,33.0,84.0,22.5,11.25,58.0,0.88
HeavyAtomCount,selfies_length,selfies_len_tokens,95.45454545454544,diagnostic_residual,50,50,1.0,-20.874286521625066,-54.29627129814601,-6.609710607545868,-20.435601588970265,-55.8710653274683,-6.92095606228447,0.12
HeavyAtomCount,selfies_length,selfies_len_tokens,98.48484848484848,raw_property,50,50,1.0,43.5,33.0,80.75,26.0,10.25,54.0,0.84
HeavyAtomCount,selfies_length,selfies_len_tokens,98.48484848484848,diagnostic_residual,50,50,1.0,-37.171194773554554,-56.66593025592566,-10.833040865629016,-36.5175350193787,-56.880778357819,-9.820083227895116,0.1
HeavyAtomCount,selfies_length,selfies_len_tokens,101.5151515151515,raw_property,50,50,1.0,50.5,31.0,83.75,26.5,6.75,56.5,0.8
HeavyAtomCount,selfies_length,selfies_len_tokens,101.5151515151515,diagnostic_residual,50,50,1.0,-24.06993521597063,-60.377978327307645,-8.094976023888908,-24.458268542983113,-59.89279212142304,-7.704282541535561,0.14
HeavyAtomCount,selfies_length,selfies_len_tokens,104.54545454545452,raw_property,50,50,1.0,44.0,32.25,83.5,20.5,11.0,52.5,0.86
HeavyAtomCount,selfies_length,selfies_len_tokens,104.54545454545452,diagnostic_residual,50,50,1.0,-42.12100659759973,-61.335871228047566,-9.451713519545823,-42.88201967036879,-61.99547410622954,-8.70408969236003,0.18
HeavyAtomCount,selfies_length,selfies_len_tokens,107.57575757575756,raw_property,50,50,1.0,42.0,31.25,79.5,21.0,9.5,53.75,0.82
HeavyAtomCount,selfies_length,selfies_len_tokens,107.57575757575756,diagnostic_residual,50,50,1.0,-46.62941182862681,-62.38234315007085,-11.789916946979798,-46.95101619527442,-62.93231663706189,-10.866862403253016,0.1
HeavyAtomCount,selfies_length,selfies_len_tokens,110.60606060606062,raw_property,50,50,1.0,53.0,34.25,85.75,29.5,10.25,56.5,0.86
HeavyAtomCount,selfies_length,selfies_len_tokens,110.60606060606062,diagnostic_residual,50,50,1.0,-39.61946833189126,-61.02716639727509,-12.33554919934646,-39.81283595083039,-59.93009782403153,-12.395700813483568,0.1
HeavyAtomCount,selfies_length,selfies_len_tokens,113.63636363636364,raw_property,50,50,1.0,55.0,34.25,83.75,34.5,13.25,58.0,0.82
HeavyAtomCount,selfies_length,selfies_len_tokens,113.63636363636364,diagnostic_residual,50,50,1.0,-32.12270861584204,-56.436824102356425,-8.17563208134635,-31.614113722636816,-56.597570689773484,-8.234940095883116,0.12
HeavyAtomCount,selfies_length,selfies_len_tokens,116.66666666666669,raw_property,50,50,1.0,67.5,39.0,90.0,48.5,18.25,64.75,0.9
HeavyAtomCount,selfies_length,selfies_len_tokens,116.66666666666669,diagnostic_residual,50,50,1.0,-16.64437097442164,-47.57640745386705,-2.6760638210914465,-16.91593167857291,-47.35551802901593,-2.896254846382739,0.12
HeavyAtomCount,selfies_length,selfies_len_tokens,119.69696969696967,raw_property,50,50,1.0,65.0,37.5,87.75,43.0,15.25,63.5,0.92
HeavyAtomCount,selfies_length,selfies_len_tokens,119.69696969696967,diagnostic_residual,50,50,1.0,-22.637244560306975,-54.926807922391234,-8.099953780842505,-22.40883321278667,-55.11667900396793,-8.581138513789487,0.18
HeavyAtomCount,selfies_length,selfies_len_tokens,122.72727272727276,raw_property,50,50,1.0,75.0,45.25,91.75,49.0,24.25,68.0,0.96
HeavyAtomCount,selfies_length,selfies_len_tokens,122.72727272727276,diagnostic_residual,50,50,1.0,-13.169563580854252,-34.5149343116321,-2.8065032197112814,-13.069297274610477,-32.48439050153302,-3.8133377822972863,0.24
HeavyAtomCount,selfies_length,selfies_len_tokens,125.75757575757576,raw_property,50,50,1.0,75.5,54.25,89.0,54.0,30.75,65.0,0.94
HeavyAtomCount,selfies_length,selfies_len_tokens,125.75757575757576,diagnostic_residual,50,50,1.0,-13.675097255239898,-29.866488173874114,-3.646259907421282,-13.627380699964686,-29.764621273209364,-4.1942046100923775,0.18
HeavyAtomCount,selfies_length,selfies_len_tokens,128.7878787878788,raw_property,50,50,1.0,76.5,51.5,89.75,53.0,32.25,75.0,0.92
HeavyAtomCount,selfies_length,selfies_len_tokens,128.7878787878788,diagnostic_residual,50,50,1.0,-13.377169372097732,-32.44075460596888,-5.901100332297187,-14.155596821329112,-31.32163694888893,-5.159938670861103,0.2
HeavyAtomCount,selfies_length,selfies_len_tokens,131.8181818181818,raw_property,50,50,1.0,72.5,57.0,93.75,49.0,31.75,69.0,0.92
HeavyAtomCount,selfies_length,selfies_len_tokens,131.8181818181818,diagnostic_residual,50,50,1.0,-15.372120033803036,-29.44472812994684,-3.5746379865887867,-15.738996590838623,-28.857740861985263,-5.091540705312597,0.18
HeavyAtomCount,selfies_length,selfies_len_tokens,134.84848484848487,raw_property,50,50,1.0,78.0,61.25,88.75,56.0,37.25,69.5,0.92
HeavyAtomCount,selfies_length,selfies_len_tokens,134.84848484848487,diagnostic_residual,50,50,1.0,-13.268871072749135,-25.632009644402665,-6.281265860196914,-13.736157086705276,-25.279358972458517,-6.280790371618011,0.18
HeavyAtomCount,selfies_length,selfies_len_tokens,137.87878787878788,raw_property,50,50,1.0,80.5,38.5,90.5,55.5,22.25,70.75,0.9
HeavyAtomCount,selfies_length,selfies_len_tokens,137.87878787878788,diagnostic_residual,50,50,1.0,-12.008797462562896,-45.52844952659651,-1.1687889003166418,-11.658456511137807,-45.12779136940465,-1.1484296270368677,0.22
HeavyAtomCount,selfies_length,selfies_len_tokens,140.90909090909088,raw_property,50,50,1.0,75.0,45.25,92.75,53.0,26.0,68.0,0.9
HeavyAtomCount,selfies_length,selfies_len_tokens,140.90909090909088,diagnostic_residual,50,50,1.0,-14.10632376141502,-33.81685544040797,-2.625305410768487,-13.38573786001772,-33.234890407175136,-2.3505894834671945,0.22
HeavyAtomCount,selfies_length,selfies_len_tokens,143.93939393939394,raw_property,50,50,1.0,79.5,40.0,93.5,57.5,20.5,69.0,0.84
HeavyAtomCount,selfies_length,selfies_len_tokens,143.93939393939394,diagnostic_residual,50,50,1.0,-12.808338641134739,-43.260373867987,-0.8693921574611068,-12.89307301508196,-43.20450728572986,-0.927511619223055,0.24
HeavyAtomCount,selfies_length,selfies_len_tokens,146.96969696969694,raw_property,50,50,1.0,78.0,56.0,95.75,54.0,36.25,72.75,0.86
HeavyAtomCount,selfies_length,selfies_len_tokens,146.96969696969694,diagnostic_residual,50,50,1.0,-12.837627436743794,-28.23333397955249,-0.08094180858928379,-13.10729019914018,-28.037194617532446,-0.06928551931580884,0.26
HeavyAtomCount,selfies_length,selfies_len_tokens,150.0,raw_property,50,50,1.0,82.0,56.5,88.75,57.5,34.5,71.0,0.9
HeavyAtomCount,selfies_length,selfies_len_tokens,150.0,diagnostic_residual,50,50,1.0,-13.353874896175213,-22.057313924160546,-2.295421503837588,-13.377139549590218,-21.027341883876893,-3.4763048640241196,0.2
TPSA,raw_property,TPSA,-150.0,raw_property,50,50,1.0,0.0,0.0,0.0,-57.785000000000004,-77.22500000000001,-42.1,1.0
TPSA,raw_property,TPSA,-150.0,diagnostic_residual,50,50,1.0,-0.7617716158369134,-36.35215011024498,13.260530041952629,-4.210527220581625,-37.65696009934768,22.36457813850245,0.58
TPSA,raw_property,TPSA,-146.96969696969697,raw_property,50,50,1.0,0.0,0.0,0.0,-57.785000000000004,-77.22500000000001,-42.1,1.0
TPSA,raw_property,TPSA,-146.96969696969697,diagnostic_residual,50,50,1.0,-0.7617716158369134,-32.16329180243267,13.526237991631028,-2.732408290715462,-30.431614351035908,23.88636421052225,0.58
TPSA,raw_property,TPSA,-143.93939393939394,raw_property,50,50,1.0,0.0,0.0,0.0,-57.785000000000004,-77.22500000000001,-42.1,1.0
TPSA,raw_property,TPSA,-143.93939393939394,diagnostic_residual,50,50,1.0,0.2417454140838195,-26.397147080118504,20.13846986241841,-1.2916018621806309,-20.996471229643316,25.72104306715893,0.52
TPSA,raw_property,TPSA,-140.9090909090909,raw_property,50,50,1.0,0.0,0.0,0.0,-57.785000000000004,-77.22500000000001,-42.1,1.0
TPSA,raw_property,TPSA,-140.9090909090909,diagnostic_residual,50,50,1.0,0.4471149806149164,-20.719351065426046,16.33856273898365,3.5986158327338735,-19.10138162889377,25.72104306715893,0.48
TPSA,raw_property,TPSA,-137.87878787878788,raw_property,50,50,1.0,0.0,0.0,0.0,-57.785000000000004,-77.22500000000001,-42.1,1.0
TPSA,raw_property,TPSA,-137.87878787878788,diagnostic_residual,50,50,1.0,0.15879904696893016,-15.322903524097736,16.33856273898365,5.555851360686557,-15.716524539166056,23.88636421052225,0.48
TPSA,raw_property,TPSA,-134.84848484848484,raw_property,50,50,1.0,0.0,0.0,0.0,-57.785000000000004,-77.22500000000001,-42.1,1.0
TPSA,raw_property,TPSA,-134.84848484848484,diagnostic_residual,50,50,1.0,-0.7868750238140123,-12.769841147440536,16.33856273898365,5.834917048780852,-13.041232534637611,25.599484717418584,0.42
TPSA,raw_property,TPSA,-131.8181818181818,raw_property,50,50,1.0,0.0,0.0,0.0,-57.785000000000004,-77.22500000000001,-42.1,1.0
TPSA,raw_property,TPSA,-131.8181818181818,diagnostic_residual,50,50,1.0,-0.6130586666014928,-11.629740714036759,16.33856273898365,4.808411762895393,-10.757565774194557,25.860209253237365,0.44
TPSA,raw_property,TPSA,-128.78787878787878,raw_property,50,50,1.0,0.0,0.0,0.0,-57.785000000000004,-77.22500000000001,-42.1,1.0
TPSA,raw_property,TPSA,-128.78787878787878,diagnostic_residual,50,50,1.0,-1.8903488550208678,-16.79899111076145,13.78594144839077,0.45189461409522025,-13.586305836346238,25.242543295485973,0.5
TPSA,raw_property,TPSA,-125.75757575757576,raw_property,50,50,1.0,0.0,0.0,0.0,-57.785000000000004,-77.22500000000001,-42.1,1.0
TPSA,raw_property,TPSA,-125.75757575757576,diagnostic_residual,50,50,1.0,-3.3734233153521416,-16.79899111076145,13.093669729740924,0.45189461409522025,-14.571836289416153,21.01313762747656,0.5
TPSA,raw_property,TPSA,-122.72727272727272,raw_property,50,50,1.0,0.0,0.0,0.0,-57.785000000000004,-77.22500000000001,-42.1,1.0
TPSA,raw_property,TPSA,-122.72727272727272,diagnostic_residual,50,50,1.0,-3.3734233153521416,-13.614388285159682,10.042694578404506,-1.5861549039298133,-15.247667044493943,22.643857025681392,0.52
TPSA,raw_property,TPSA,-119.69696969696967,raw_property,50,50,1.0,0.0,0.0,0.0,-57.785000000000004,-77.22500000000001,-42.1,1.0
TPSA,raw_property,TPSA,-119.69696969696967,diagnostic_residual,50,50,1.0,-3.281320481704366,-13.614388285159682,9.397030884983756,-3.129252900321781,-14.021655934296659,22.643857025681392,0.52
TPSA,raw_property,TPSA,-116.66666666666666,raw_property,50,50,1.0,0.0,0.0,0.0,-57.785000000000004,-77.22500000000001,-42.1,1.0
TPSA,raw_property,TPSA,-116.66666666666666,diagnostic_residual,50,50,1.0,-4.066451933949484,-19.69272461051014,3.905174241302918,-4.543267882156261,-16.33911407603943,19.27745226523094,0.56
TPSA,raw_property,TPSA,-113.63636363636364,raw_property,50,50,1.0,0.0,0.0,0.0,-55.580000000000005,-77.22500000000001,-39.515,1.0
TPSA,raw_property,TPSA,-113.63636363636364,diagnostic_residual,50,50,1.0,-4.155970634589778,-19.72848734235059,3.3837222857894336,-3.4686202866391618,-15.424511936924151,19.27745226523094,0.58
TPSA,raw_property,TPSA,-110.6060606060606,raw_property,50,50,1.0,0.0,0.0,0.0,-55.580000000000005,-77.22500000000001,-39.515,1.0
TPSA,raw_property,TPSA,-110.6060606060606,diagnostic_residual,50,50,1.0,-4.155970634589778,-21.579663823065918,3.3837222857894336,-4.4423163424223695,-16.034559398228854,19.27745226523094,0.58
TPSA,raw_property,TPSA,-107.57575757575758,raw_property,50,50,1.0,0.0,0.0,0.0,-55.580000000000005,-77.22500000000001,-39.515,1.0
TPSA,raw_property,TPSA,-107.57575757575758,diagnostic_residual,50,50,1.0,-4.694862929611595,-19.20761589855009,0.06270029377032044,-4.365464336777682,-18.946528985973472,17.69384684733536,0.58
TPSA,raw_property,TPSA,-104.54545454545456,raw_property,50,50,1.0,0.0,0.0,0.0,-55.580000000000005,-77.22500000000001,-39.515,1.0
TPSA,raw_property,TPSA,-104.54545454545456,diagnostic_residual,50,50,1.0,-6.4610881360269055,-22.658778009444685,0.20581473815318846,-6.066973163615337,-21.825850354439446,18.071044377557453,0.62
TPSA,raw_property,TPSA,-101.51515151515152,raw_property,50,50,1.0,0.0,0.0,0.0,-55.580000000000005,-77.22500000000001,-39.515,1.0
TPSA,raw_property,TPSA,-101.51515151515152,diagnostic_residual,50,50,1.0,-7.793201436815199,-22.006335095983555,0.20581473815318846,-5.278774593309814,-22.403638336962604,16.058220056333514,0.62
TPSA,raw_property,TPSA,-98.48484848484848,raw_property,50,50,1.0,0.0,0.0,0.0,-55.580000000000005,-77.22500000000001,-39.515,1.0
TPSA,raw_property,TPSA,-98.48484848484848,diagnostic_residual,50,50,1.0,-7.876621349075084,-21.65410154459924,1.138018023941394,-6.049965924314609,-22.403638336962604,17.82561893462185,0.64
TPSA,raw_property,TPSA,-95.45454545454544,raw_property,50,50,1.0,0.0,0.0,0.0,-55.580000000000005,-76.0325,-39.515,1.0
TPSA,raw_property,TPSA,-95.45454545454544,diagnostic_residual,50,50,1.0,-11.082801966138142,-25.52228260621404,1.138018023941394,-9.941147979721883,-21.810167389582702,16.32838797838597,0.62
TPSA,raw_property,TPSA,-92.42424242424242,raw_property,50,50,1.0,0.0,0.0,0.0,-55.580000000000005,-76.0325,-39.515,1.0
TPSA,raw_property,TPSA,-92.42424242424242,diagnostic_residual,50,50,1.0,-12.446258022957373,-26.07281612068093,0.048750651960167646,-11.464680142351746,-21.913835830673996,16.32838797838597,0.62
TPSA,raw_property,TPSA,-89.39393939393939,raw_property,50,50,1.0,0.0,0.0,0.0,-55.580000000000005,-76.0325,-38.8775,1.0
TPSA,raw_property,TPSA,-89.39393939393939,diagnostic_residual,50,50,1.0,-14.306342471733657,-29.017470697559325,-1.0269223522529778,-12.398658948799172,-24.517318014636693,10.719939753635238,0.64
TPSA,raw_property,TPSA,-86.36363636363637,raw_property,50,50,1.0,0.0,0.0,0.0,-55.580000000000005,-76.0325,-38.8775,1.0
TPSA,raw_property,TPSA,-86.36363636363637,diagnostic_residual,50,50,1.0,-15.55546223760223,-27.63104479857831,-1.0269223522529778,-11.430854911749591,-28.549777655081932,11.260414507365532,0.64
TPSA,raw_property,TPSA,-83.33333333333333,raw_property,50,50,1.0,0.0,0.0,0.0,-54.0,-71.83000000000001,-38.8775,1.0
TPSA,raw_property,TPSA,-83.33333333333333,diagnostic_residual,50,50,1.0,-15.925397366858677,-27.63104479857831,-1.8400796091893987,-15.976121736894578,-28.38732409761075,7.17232696052078,0.64
TPSA,raw_property,TPSA,-80.3030303030303,raw_property,50,50,1.0,0.0,0.0,0.0,-54.0,-71.83000000000001,-38.8775,1.0
TPSA,raw_property,TPSA,-80.3030303030303,diagnostic_residual,50,50,1.0,-15.58694508678115,-32.83931433253535,-1.8400796091893987,-15.417880567227423,-27.147114230191807,2.277955992213891,0.68
TPSA,raw_property,TPSA,-77.27272727272728,raw_property,50,50,1.0,0.0,0.0,0.0,-52.745000000000005,-71.89000000000001,-40.0775,1.0
TPSA,raw_property,TPSA,-77.27272727272728,diagnostic_residual,50,50,1.0,-21.94342220458444,-35.88382869567694,-5.821291507806098,-15.666457138964354,-30.99137414426467,1.896525155865008,0.7
TPSA,raw_property,TPSA,-74.24242424242425,raw_property,50,50,1.0,0.0,0.0,0.0,-52.745000000000005,-71.71000000000001,-38.8775,1.0
TPSA,raw_property,TPSA,-74.24242424242425,diagnostic_residual,50,50,1.0,-21.32203658047304,-37.074705528409865,-7.92900843250554,-17.295665449462945,-32.218093170044995,0.6905554593818413,0.72
TPSA,raw_property,TPSA,-71.21212121212122,raw_property,50,50,1.0,0.0,0.0,9.23,-48.405,-68.75,-36.695,1.0
TPSA,raw_property,TPSA,-71.21212121212122,diagnostic_residual,50,50,1.0,-18.524085545811694,-35.73669896807677,-6.537119527006943,-18.074480278668737,-31.673727156391585,6.453886694643614,0.7
TPSA,raw_property,TPSA,-68.18181818181819,raw_property,50,50,1.0,0.0,0.0,12.36,-46.57,-65.7225,-35.0475,1.0
TPSA,raw_property,TPSA,-68.18181818181819,diagnostic_residual,50,50,1.0,-22.233772565194844,-35.998444939143255,-8.87093298827187,-16.091920517337968,-32.121328876021146,0.6905554593818413,0.72
TPSA,raw_property,TPSA,-65.15151515151516,raw_property,50,50,1.0,9.23,0.0,15.8925,-46.220000000000006,-61.644999999999996,-35.0475,1.0
TPSA,raw_property,TPSA,-65.15151515151516,diagnostic_residual,50,50,1.0,-25.98714984216486,-38.760215131282955,-10.399678411147736,-19.170568741747896,-32.500870653349224,-1.8679401409888987,0.78
TPSA,raw_property,TPSA,-62.121212121212125,raw_property,50,50,1.0,9.23,0.0,17.07,-45.44500000000001,-60.8975,-34.21,1.0
TPSA,raw_property,TPSA,-62.121212121212125,diagnostic_residual,50,50,1.0,-25.875459818720422,-38.68490100107958,-9.659247820053585,-20.76879985027286,-35.5440484774066,-4.420787571650477,0.78
TPSA,raw_property,TPSA,-59.09090909090909,raw_property,50,50,1.0,9.23,0.0,17.07,-42.585,-59.307500000000005,-33.5625,1.0
TPSA,raw_property,TPSA,-59.09090909090909,diagnostic_residual,50,50,1.0,-26.40721233816376,-39.071722142457354,-12.008520127415224,-18.808748221975854,-35.40171063679677,-5.847750076661198,0.78
TPSA,raw_property,TPSA,-56.06060606060606,raw_property,50,50,1.0,12.03,9.23,19.7875,-42.415000000000006,-55.3,-29.459999999999997,0.98
TPSA,raw_property,TPSA,-56.06060606060606,diagnostic_residual,50,50,1.0,-26.20404881455314,-40.83498051528408,-14.704925874344564,-25.020628304928145,-36.049162382317455,-9.819988064463885,0.84
TPSA,raw_property,TPSA,-53.03030303030303,raw_property,50,50,1.0,17.07,9.23,24.16,-35.839999999999996,-53.7075,-25.595,0.98
TPSA,raw_property,TPSA,-53.03030303030303,diagnostic_residual,50,50,1.0,-26.82283931401659,-35.05511810439492,-13.542301884569087,-18.917484848973906,-33.57742934109284,-9.815709285041727,0.86
TPSA,raw_property,TPSA,-50.0,raw_property,50,50,1.0,20.785,12.03,35.182500000000005,-32.980000000000004,-48.7,-23.877499999999998,0.96
TPSA,raw_property,TPSA,-50.0,diagnostic_residual,50,50,1.0,-23.797629675152074,-32.40529901478261,-8.962312977559481,-17.52997787799395,-29.796039357070352,-5.598119682331941,0.82
TPSA,raw_property,TPSA,-46.96969696969697,raw_property,50,50,1.0,28.615000000000002,17.07,38.33,-26.300000000000004,-41.8825,-15.7325,0.94
TPSA,raw_property,TPSA,-46.96969696969697,diagnostic_residual,50,50,1.0,-22.252099033819256,-29.72810561513554,-11.262013947463508,-15.73529796324462,-24.502188099986,-4.3927359424452455,0.84
TPSA,raw_property,TPSA,-43.93939393939394,raw_property,50,50,1.0,29.46,20.63,38.6825,-25.615000000000002,-40.662499999999994,-12.9525,0.94
TPSA,raw_property,TPSA,-43.93939393939394,diagnostic_residual,50,50,1.0,-22.181947528617158,-33.78565313231849,-9.031254141242448,-17.975490828406457,-24.067804467107297,-5.109054709209832,0.84
TPSA,raw_property,TPSA,-40.90909090909091,raw_property,50,50,1.0,32.480000000000004,22.080000000000002,44.44,-23.08,-35.4625,-8.315000000000005,0.84
TPSA,raw_property,TPSA,-40.90909090909091,diagnostic_residual,50,50,1.0,-19.86728888281848,-34.160069921925114,-5.7901676030204765,-16.683600276303725,-24.138799966581097,-4.210939186193626,0.82
TPSA,raw_property,TPSA,-37.87878787878788,raw_property,50,50,1.0,35.53,24.7975,53.20250000000001,-16.895000000000003,-32.417500000000004,-4.307500000000003,0.78
TPSA,raw_property,TPSA,-37.87878787878788,diagnostic_residual,50,50,1.0,-17.07236529256397,-31.913342535985525,-3.5477578050050163,-11.006118522795433,-22.70790209960628,-0.5308536709040901,0.76
TPSA,raw_property,TPSA,-34.848484848484844,raw_property,50,50,1.0,40.129999999999995,29.48,57.394999999999996,-12.889999999999997,-26.155,0.0,0.64
TPSA,raw_property,TPSA,-34.848484848484844,diagnostic_residual,50,50,1.0,-13.342384905034233,-27.208449934150455,-1.2929768432513633,-6.248128794218269,-13.12477533222985,0.0,0.62
TPSA,raw_property,TPSA,-31.818181818181813,raw_property,50,50,1.0,48.405,35.32,64.7475,-1.8850000000000016,-18.12,0.0,0.52
TPSA,raw_property,TPSA,-31.818181818181813,diagnostic_residual,50,50,1.0,-13.164680292612097,-24.802583045650554,1.7564689843568466,-1.4210854715202004e-14,-9.122914525361045,2.042810365310288e-14,0.52
TPSA,raw_property,TPSA,-28.787878787878785,raw_property,50,50,1.0,52.34,34.980000000000004,68.70500000000001,0.0,-17.792499999999997,0.0,0.38
TPSA,raw_property,TPSA,-28.787878787878785,diagnostic_residual,50,50,1.0,-6.875005123449775,-24.80258263847557,5.15750686377892,0.0,-12.489674640203988,1.4210854715202004e-14,0.42
TPSA,raw_property,TPSA,-25.757575757575765,raw_property,50,50,1.0,55.580000000000005,37.61,71.315,0.0,0.0,0.0,0.24
TPSA,raw_property,TPSA,-25.757575757575765,diagnostic_residual,50,50,1.0,-7.3946483495666016,-22.546353297655212,7.435480488022993,0.0,-2.4868995751603507e-14,1.4210854715202004e-14,0.32
TPSA,raw_property,TPSA,-22.727272727272734,raw_property,50,50,1.0,55.580000000000005,39.515,70.22,0.0,0.0,0.0,0.2
TPSA,raw_property,TPSA,-22.727272727272734,diagnostic_residual,50,50,1.0,-7.652053200768819,-22.546353297655212,8.148960417888649,0.0,-1.4210854715202004e-14,1.3988810110276972e-14,0.3
TPSA,raw_property,TPSA,-19.69696969696969,raw_property,50,50,1.0,56.385000000000005,42.1,71.315,0.0,0.0,0.0,0.12
TPSA,raw_property,TPSA,-19.69696969696969,diagnostic_residual,50,50,1.0,-6.531593890140236,-20.307691153951755,8.608446470541022,0.0,-1.0658141036401503e-14,1.2656542480726785e-14,0.26
TPSA,raw_property,TPSA,-16.666666666666657,raw_property,50,50,1.0,57.785000000000004,42.1,71.83000000000001,0.0,0.0,0.0,0.08
TPSA,raw_property,TPSA,-16.666666666666657,diagnostic_residual,50,50,1.0,-5.706039734657509,-20.307691153951755,8.608446470541022,0.0,-1.0658141036401503e-14,1.2656542480726785e-14,0.26
TPSA,raw_property,TPSA,-13.636363636363626,raw_property,50,50,1.0,57.785000000000004,42.1,75.185,0.0,0.0,0.0,0.08
TPSA,raw_property,TPSA,-13.636363636363626,diagnostic_residual,50,50,1.0,-5.706039734657509,-19.13814464373283,8.608446470541022,0.0,-1.0658141036401503e-14,1.2656542480726785e-14,0.26
TPSA,raw_property,TPSA,-10.606060606060597,raw_property,50,50,1.0,57.785000000000004,42.1,75.185,0.0,0.0,0.0,0.06
TPSA,raw_property,TPSA,-10.606060606060597,diagnostic_residual,50,50,1.0,-5.706039734657509,-19.13814464373283,8.608446470541022,0.0,0.0,1.3988810110276972e-14,0.24
TPSA,raw_property,TPSA,-7.575757575757564,raw_property,50,50,1.0,57.785000000000004,42.1,75.50750000000001,0.0,0.0,0.0,0.04
TPSA,raw_property,TPSA,-7.575757575757564,diagnostic_residual,50,50,1.0,-4.89559120004801,-19.13814464373283,8.608446470541022,0.0,0.0,1.4210854715202004e-14,0.22
TPSA,raw_property,TPSA,-4.545454545454561,raw_property,50,50,1.0,57.785000000000004,42.1,77.22500000000001,0.0,0.0,0.0,0.02
TPSA,raw_property,TPSA,-4.545454545454561,diagnostic_residual,50,50,1.0,-2.6720784982703414,-18.691620272608397,8.608446470541022,0.0,0.0,1.4210854715202004e-14,0.22
TPSA,raw_property,TPSA,-1.5151515151515298,raw_property,50,50,1.0,57.785000000000004,42.1,77.22500000000001,0.0,0.0,0.0,0.02
TPSA,raw_property,TPSA,-1.5151515151515298,diagnostic_residual,50,50,1.0,-2.6720784982703414,-18.691620272608397,8.608446470541022,0.0,0.0,1.4210854715202004e-14,0.22
TPSA,raw_property,TPSA,1.5151515151515014,raw_property,50,50,1.0,57.785000000000004,42.1,77.22500000000001,0.0,0.0,0.0,0.02
TPSA,raw_property,TPSA,1.5151515151515014,diagnostic_residual,50,50,1.0,-2.6720784982703414,-18.691620272608397,11.399288424352498,0.0,0.0,1.4210854715202004e-14,0.34
TPSA,raw_property,TPSA,4.5454545454545325,raw_property,50,50,1.0,57.785000000000004,42.1,77.22500000000001,0.0,0.0,0.0,0.02
TPSA,raw_property,TPSA,4.5454545454545325,diagnostic_residual,50,50,1.0,-2.6720784982703414,-18.691620272608397,11.399288424352498,0.0,0.0,1.3988810110276972e-14,0.32
TPSA,raw_property,TPSA,7.575757575757564,raw_property,50,50,1.0,57.785000000000004,42.1,77.22500000000001,0.0,0.0,0.0,0.02
TPSA,raw_property,TPSA,7.575757575757564,diagnostic_residual,50,50,1.0,-2.6720784982703414,-18.691620272608397,11.399288424352498,0.0,0.0,1.3988810110276972e-14,0.32
TPSA,raw_property,TPSA,10.606060606060597,raw_property,50,50,1.0,57.785000000000004,42.1,77.22500000000001,0.0,0.0,0.0,0.02
TPSA,raw_property,TPSA,10.606060606060597,diagnostic_residual,50,50,1.0,-2.6720784982703414,-18.691620272608397,11.399288424352498,0.0,0.0,1.3988810110276972e-14,0.32
TPSA,raw_property,TPSA,13.636363636363626,raw_property,50,50,1.0,57.785000000000004,42.1,78.1275,0.0,0.0,0.0,0.08
TPSA,raw_property,TPSA,13.636363636363626,diagnostic_residual,50,50,1.0,0.2204820868292501,-18.691620272608397,12.503032999418304,0.0,0.0,1.4210854715202004e-14,0.38
TPSA,raw_property,TPSA,16.666666666666657,raw_property,50,50,1.0,62.519999999999996,42.5075,81.77,0.0,0.0,0.0,0.2
TPSA,raw_property,TPSA,16.666666666666657,diagnostic_residual,50,50,1.0,1.636671119430325,-16.266467499554278,12.633352734518759,0.0,0.0,2.6645352591003757e-14,0.48
TPSA,raw_property,TPSA,19.69696969696969,raw_property,50,50,1.0,65.6,45.5925,97.505,0.0,0.0,23.992500000000007,0.4
TPSA,raw_property,TPSA,19.69696969696969,diagnostic_residual,50,50,1.0,1.9817383080069533,-14.778216084836062,21.331512710611836,1.4210854715202004e-14,0.0,16.70572310319099,0.6
TPSA,raw_property,TPSA,22.72727272727272,raw_property,50,50,1.0,76.36500000000001,55.49000000000001,100.5275,17.070000000000007,0.0,29.10000000000001,0.6
TPSA,raw_property,TPSA,22.72727272727272,diagnostic_residual,50,50,1.0,8.012109566973535,-10.435202607215581,28.87179055654327,9.905547703911399,0.0,18.157095068968147,0.64
TPSA,raw_property,TPSA,25.75757575757575,raw_property,50,50,1.0,81.83500000000001,57.775000000000006,108.78,26.3,0.0,40.5,0.62
TPSA,raw_property,TPSA,25.75757575757575,diagnostic_residual,50,50,1.0,9.643590925266231,-5.688931513764658,31.600739080820258,13.75565213058262,0.0,31.161211957540537,0.66
TPSA,raw_property,TPSA,28.787878787878785,raw_property,50,50,1.0,92.01499999999999,65.9,115.745,29.26499999999999,0.0,48.165,0.72
TPSA,raw_property,TPSA,28.787878787878785,diagnostic_residual,50,50,1.0,15.336172821854966,-0.013701611397552327,39.24537612390446,16.091089509384958,3.552713678800501e-15,34.60539243432632,0.74
TPSA,raw_property,TPSA,31.818181818181813,raw_property,50,50,1.0,93.885,65.83250000000001,117.7875,29.264999999999993,1.7149999999999963,48.0975,0.74
TPSA,raw_property,TPSA,31.818181818181813,diagnostic_residual,50,50,1.0,18.285319485140434,-10.822922237608891,33.99548455048749,14.800232419705686,0.0,35.51193451835023,0.72
TPSA,raw_property,TPSA,34.848484848484844,raw_property,50,50,1.0,105.88,69.0575,130.23250000000002,42.155,16.064999999999994,56.97500000000001,0.78
TPSA,raw_property,TPSA,34.848484848484844,diagnostic_residual,50,50,1.0,29.098894646734102,-11.269163735835358,47.201659046698296,24.083659492087826,0.0,42.37371176129088,0.72
TPSA,raw_property,TPSA,37.87878787878788,raw_property,50,50,1.0,105.45,69.0575,141.7825,42.725,17.07,67.19999999999999,0.82
TPSA,raw_property,TPSA,37.87878787878788,diagnostic_residual,50,50,1.0,20.992701360748825,-3.3598616482082595,51.16486369963226,22.732551397196055,0.625498340597696,50.21554507602186,0.74
TPSA,raw_property,TPSA,40.90909090909091,raw_property,50,50,1.0,100.97,69.0575,139.9425,43.31999999999999,18.400000000000002,71.63749999999996,0.82
TPSA,raw_property,TPSA,40.90909090909091,diagnostic_residual,50,50,1.0,22.74183855827971,-3.7622840121910497,46.387799537141404,27.13394779669552,2.467677745341719,50.49907537929988,0.76
TPSA,raw_property,TPSA,43.93939393939394,raw_property,50,50,1.0,107.15,84.16250000000002,148.90749999999997,53.33,30.517499999999995,72.795,0.88
TPSA,raw_property,TPSA,43.93939393939394,diagnostic_residual,50,50,1.0,24.820800782931556,2.6060106011518442,61.30635607009535,28.989616077435915,10.188549435970458,49.16592106643509,0.8
TPSA,raw_property,TPSA,46.96969696969697,raw_property,50,50,1.0,124.485,78.4725,155.93,60.61,26.45250000000001,82.0875,0.9
TPSA,raw_property,TPSA,46.96969696969697,diagnostic_residual,50,50,1.0,32.58367738431717,-1.2555626431329827,58.73700580496096,33.34687996665346,1.9234914524525184,64.56921138808924,0.76
TPSA,raw_property,TPSA,50.0,raw_property,50,50,1.0,131.82999999999998,89.7825,166.86499999999998,75.35999999999999,36.977500000000006,102.68499999999996,0.92
TPSA,raw_property,TPSA,50.0,diagnostic_residual,50,50,1.0,43.223263820944325,9.162409780770378,72.54551003188365,46.66291677341815,16.554357068246567,71.63077484646632,0.8
TPSA,raw_property,TPSA,53.03030303030303,raw_property,50,50,1.0,139.18,94.37,167.64749999999998,75.07000000000001,39.512499999999996,112.4075,0.96
TPSA,raw_property,TPSA,53.03030303030303,diagnostic_residual,50,50,1.0,42.00938238468457,9.822014303341856,73.21157881776918,42.835970040261216,9.996389006635328,79.6687740109056,0.82
TPSA,raw_property,TPSA,56.06060606060606,raw_property,50,50,1.0,141.555,98.3625,176.05749999999998,76.76,40.01499999999999,113.03999999999999,0.96
TPSA,raw_property,TPSA,56.06060606060606,diagnostic_residual,50,50,1.0,44.70359812972015,5.954182757184714,78.07871485165563,45.228008896093,11.705283795753486,75.99013563914716,0.84
TPSA,raw_property,TPSA,59.09090909090909,raw_property,50,50,1.0,144.43,95.8875,176.5075,79.77999999999997,51.08999999999999,112.49000000000001,0.94
TPSA,raw_property,TPSA,59.09090909090909,diagnostic_residual,50,50,1.0,45.40927147044229,7.6858160319049595,71.75840637333042,53.8033350909289,19.183821030317965,75.37799982145107,0.8
TPSA,raw_property,TPSA,62.121212121212125,raw_property,50,50,1.0,150.57,94.51000000000002,197.865,92.11000000000001,32.707499999999996,127.6325,0.94
TPSA,raw_property,TPSA,62.121212121212125,diagnostic_residual,50,50,1.0,51.74343277234341,-0.774003743249519,98.5616813005808,63.860763696440614,1.8630832026654627,95.49070889271044,0.76
TPSA,raw_property,TPSA,65.15151515151516,raw_property,50,50,1.0,165.67499999999995,97.15,195.565,93.69,48.442499999999995,132.18749999999997,0.96
TPSA,raw_property,TPSA,65.15151515151516,diagnostic_residual,50,50,1.0,67.50754893461092,5.851238532059053,98.09371410867008,57.66121889708651,8.37368141256582,99.09458974171176,0.82
TPSA,raw_property,TPSA,68.18181818181819,raw_property,50,50,1.0,171.405,103.48,202.93,96.85,55.6875,139.86,0.96
TPSA,raw_property,TPSA,68.18181818181819,diagnostic_residual,50,50,1.0,68.47160563067582,-1.5574644446972954,102.00351790880194,66.28808370326993,15.301597842814514,102.40895429180428,0.8
TPSA,raw_property,TPSA,71.21212121212122,raw_property,50,50,1.0,163.35,113.84500000000001,198.1875,93.34500000000003,55.28500000000001,138.65999999999997,0.96
TPSA,raw_property,TPSA,71.21212121212122,diagnostic_residual,50,50,1.0,59.24112719352097,12.937067020757965,93.62132162982877,61.4429740198522,13.346717016483144,104.9898735963104,0.78
TPSA,raw_property,TPSA,74.24242424242425,raw_property,50,50,1.0,158.05,118.1175,200.2925,87.61500000000004,54.52499999999999,136.81,0.98
TPSA,raw_property,TPSA,74.24242424242425,diagnostic_residual,50,50,1.0,47.53206039685064,8.719664749434852,98.98559560260087,50.7745287293485,8.958269512989258,99.83591463179162,0.8
TPSA,raw_property,TPSA,77.27272727272728,raw_property,50,50,1.0,161.45499999999998,106.22749999999999,202.6975,86.745,52.5075,132.77749999999997,0.92
TPSA,raw_property,TPSA,77.27272727272728,diagnostic_residual,50,50,1.0,47.502427953170525,-4.293433241108055,94.83874083213391,44.87474308061363,5.102375082904434,95.85713871848195,0.76
TPSA,raw_property,TPSA,80.30303030303031,raw_property,50,50,1.0,164.69499999999996,121.78000000000002,212.5,95.55999999999999,55.345,159.82999999999998,0.92
TPSA,raw_property,TPSA,80.30303030303031,diagnostic_residual,50,50,1.0,49.73781329459021,11.979843634772822,105.22764173300222,50.52974734547208,8.55976374974838,110.74404829293431,0.8
TPSA,raw_property,TPSA,83.33333333333334,raw_property,50,50,1.0,152.215,118.61000000000001,208.7625,105.89000000000001,50.9025,155.4525,0.92
TPSA,raw_property,TPSA,83.33333333333334,diagnostic_residual,50,50,1.0,51.20255461554072,13.606297364735077,95.00210511567094,52.71684437454179,6.133468281292304,105.2617417919724,0.76
TPSA,raw_property,TPSA,86.36363636363637,raw_property,50,50,1.0,175.11,118.6275,220.6725,115.03500000000001,52.082499999999996,164.275,0.9
TPSA,raw_property,TPSA,86.36363636363637,diagnostic_residual,50,50,1.0,65.3929623904147,2.9238943031737037,111.40931076662216,61.77372001857633,5.406853842025265,116.01826677692088,0.76
TPSA,raw_property,TPSA,89.3939393939394,raw_property,50,50,1.0,168.675,102.46,222.2175,105.80000000000001,30.59249999999999,163.005,0.88
TPSA,raw_property,TPSA,89.3939393939394,diagnostic_residual,50,50,1.0,51.6412877264426,-15.977366655861196,114.89827007088755,58.28914359028032,-30.646486202099897,117.15231604937291,0.7
TPSA,raw_property,TPSA,92.42424242424244,raw_property,50,50,1.0,171.23000000000002,102.6725,227.83000000000004,115.85500000000003,31.459999999999997,164.47500000000002,0.9
TPSA,raw_property,TPSA,92.42424242424244,diagnostic_residual,50,50,1.0,55.18453357665962,-15.800606909330284,109.2465049107485,65.3271430939307,-30.72202329085784,116.07489899520772,0.64
TPSA,raw_property,TPSA,95.45454545454544,raw_property,50,50,1.0,175.76000000000005,87.71,221.9125,108.85000000000005,22.7325,171.39999999999998,0.88
TPSA,raw_property,TPSA,95.45454545454544,diagnostic_residual,50,50,1.0,55.81680303665624,-34.989534197446574,107.12581935650044,52.904603380318704,-37.84910040565448,119.7210131855443,0.62
TPSA,raw_property,TPSA,98.48484848484848,raw_property,50,50,1.0,180.83,86.01500000000001,214.435,118.44999999999999,28.554999999999993,149.0125,0.88
TPSA,raw_property,TPSA,98.48484848484848,diagnostic_residual,50,50,1.0,60.93830520660062,-33.64838475434859,103.28385795759951,62.36562077850722,-39.52426415228705,104.49334452122865,0.64
TPSA,raw_property,TPSA,101.5151515151515,raw_property,50,50,1.0,174.435,75.335,211.76749999999998,115.535,15.507499999999993,158.85499999999996,0.84
TPSA,raw_property,TPSA,101.5151515151515,diagnostic_residual,50,50,1.0,54.14886856195898,-50.062209418051886,97.93477994825085,50.03953275467646,-49.80664661323365,103.83404381961692,0.58
TPSA,raw_property,TPSA,104.54545454545452,raw_property,50,50,1.0,166.995,77.1275,219.57249999999996,101.685,29.267500000000005,146.24749999999995,0.86
TPSA,raw_property,TPSA,104.54545454545452,diagnostic_residual,50,50,1.0,31.45232863358686,-50.29997219744445,92.16505964333804,43.850842397180614,-47.64511154090212,93.75735701519599,0.58
TPSA,raw_property,TPSA,107.57575757575756,raw_property,50,50,1.0,149.64000000000001,72.84,221.94,91.31500000000001,29.40500000000001,161.125,0.84
TPSA,raw_property,TPSA,107.57575757575756,diagnostic_residual,50,50,1.0,15.2974179516497,-46.021576418793984,95.68132990951744,19.435636336311013,-47.6729968933109,95.80217197389618,0.58
TPSA,raw_property,TPSA,110.60606060606062,raw_property,50,50,1.0,173.93999999999997,79.84,233.56000000000003,117.07500000000002,37.665000000000006,172.69,0.86
TPSA,raw_property,TPSA,110.60606060606062,diagnostic_residual,50,50,1.0,46.56857628802519,-45.31343077324533,110.41498545003655,59.19294862118322,-43.41690817194567,111.87535354815483,0.64
TPSA,raw_property,TPSA,113.63636363636364,raw_property,50,50,1.0,190.73000000000002,97.3175,257.0075,129.5,58.345000000000006,192.10750000000002,0.9
TPSA,raw_property,TPSA,113.63636363636364,diagnostic_residual,50,50,1.0,12.250015941103761,-45.064125621267266,96.81857996384045,22.380031515438386,-42.6689927160115,97.91644867006161,0.6
TPSA,raw_property,TPSA,116.66666666666669,raw_property,50,50,1.0,213.61,97.3175,271.1875,145.33499999999998,51.3925,207.71249999999998,0.92
TPSA,raw_property,TPSA,116.66666666666669,diagnostic_residual,50,50,1.0,20.601580939477486,-50.640033844201724,112.03874570605693,28.601779169720025,-50.17484124429335,121.07583158477172,0.54
TPSA,raw_property,TPSA,119.69696969696967,raw_property,50,50,1.0,156.455,82.0,233.1375,100.54,30.425000000000004,163.6625,0.92
TPSA,raw_property,TPSA,119.69696969696967,diagnostic_residual,50,50,1.0,-8.054433440017547,-65.85551657198144,78.35637539947737,-3.5729477971093386,-67.78948029123087,91.85574466631309,0.48
TPSA,raw_property,TPSA,122.72727272727276,raw_property,50,50,1.0,161.745,94.365,270.93249999999995,102.70500000000003,33.2175,200.32750000000001,0.92
TPSA,raw_property,TPSA,122.72727272727276,diagnostic_residual,50,50,1.0,-21.97620480749699,-90.9424649617109,98.90557809230842,-14.536911065240535,-79.10374971234434,104.27678070940314,0.46
TPSA,raw_property,TPSA,125.75757575757576,raw_property,50,50,1.0,197.23000000000002,98.8025,265.03,128.64999999999998,52.075,205.35000000000002,0.92
TPSA,raw_property,TPSA,125.75757575757576,diagnostic_residual,50,50,1.0,-32.941628613278446,-77.84237377670162,91.89498804431777,-44.91824168270955,-77.8181362362763,93.92748890673325,0.4
TPSA,raw_property,TPSA,128.7878787878788,raw_property,50,50,1.0,185.29000000000002,110.9275,258.35,119.53,56.41000000000002,201.39749999999998,0.92
TPSA,raw_property,TPSA,128.7878787878788,diagnostic_residual,50,50,1.0,-19.276094590941888,-102.29332476583964,60.36307240658395,-35.25684714233101,-97.4392509224039,62.64114841812437,0.42
TPSA,raw_property,TPSA,131.8181818181818,raw_property,50,50,1.0,166.815,118.09250000000002,236.34749999999997,94.835,53.41250000000002,191.34500000000003,0.88
TPSA,raw_property,TPSA,131.8181818181818,diagnostic_residual,50,50,1.0,-33.05397943840531,-115.00635091571019,36.668124474673235,-29.93283181689775,-109.38242008511229,30.667865239025943,0.38
TPSA,raw_property,TPSA,134.84848484848487,raw_property,50,50,1.0,155.685,101.63250000000002,249.22,85.89500000000001,52.075,200.06750000000005,0.9
TPSA,raw_property,TPSA,134.84848484848487,diagnostic_residual,50,50,1.0,-46.43188989890018,-121.02803362903765,22.71001734137249,-41.93062967756824,-126.17434368353206,32.81258625205761,0.32
TPSA,raw_property,TPSA,137.87878787878788,raw_property,50,50,1.0,156.98000000000002,105.16500000000002,200.4125,93.66000000000001,53.665000000000035,164.72,0.88
TPSA,raw_property,TPSA,137.87878787878788,diagnostic_residual,50,50,1.0,-66.97728934859265,-152.34125680653057,15.10676104990112,-68.61590883890867,-142.6957892329237,23.64325277543084,0.32
TPSA,raw_property,TPSA,140.90909090909088,raw_property,50,50,1.0,140.22500000000002,106.06,212.1225,94.64999999999998,43.04500000000001,148.15500000000003,0.86
TPSA,raw_property,TPSA,140.90909090909088,diagnostic_residual,50,50,1.0,-84.29266429795659,-152.30254581070994,-20.328692456815215,-81.86885552118153,-144.6425214538386,-22.240395876513816,0.22
TPSA,raw_property,TPSA,143.93939393939394,raw_property,50,50,1.0,148.575,106.13,227.8475,90.815,54.432500000000026,159.1825,0.9
TPSA,raw_property,TPSA,143.93939393939394,diagnostic_residual,50,50,1.0,-84.70116580023925,-145.09362132603778,-16.10062818787415,-77.26115488524452,-137.64751142297104,-20.920370523831842,0.22
TPSA,raw_property,TPSA,146.96969696969694,raw_property,50,50,1.0,146.745,101.58000000000001,244.41,97.08,47.22749999999999,179.09750000000003,0.9
TPSA,raw_property,TPSA,146.96969696969694,diagnostic_residual,50,50,1.0,-87.61829512394992,-160.06517490229092,-10.015264012635257,-74.87918604754906,-153.70281091750957,-14.182170311187496,0.2
TPSA,raw_property,TPSA,150.0,raw_property,50,50,1.0,144.27,101.58000000000001,227.45999999999998,89.81,47.22749999999999,155.6875,0.88
TPSA,raw_property,TPSA,150.0,diagnostic_residual,50,50,1.0,-111.08665273438646,-165.08066887285005,-31.645891358327248,-104.78034063694697,-157.80083955058228,-28.300179982457458,0.16
TPSA,residual_property,TPSA_residual,-150.0,raw_property,50,50,1.0,0.0,0.0,0.0,-57.160000000000004,-77.22500000000001,-42.1,1.0
TPSA,residual_property,TPSA_residual,-150.0,diagnostic_residual,50,50,1.0,-217.61627343257237,-234.29836360937395,-76.02678497187259,-195.6922490553503,-228.61427323286685,-87.48517061575093,1.0
TPSA,residual_property,TPSA_residual,-146.96969696969697,raw_property,50,50,1.0,0.0,0.0,0.0,-57.160000000000004,-77.22500000000001,-42.1,1.0
TPSA,residual_property,TPSA_residual,-146.96969696969697,diagnostic_residual,50,50,1.0,-209.73801100016237,-231.0041149183709,-73.70876135271288,-183.43364028997894,-229.56624341631635,-79.68268810072883,1.0
TPSA,residual_property,TPSA_residual,-143.93939393939394,raw_property,50,50,1.0,0.0,0.0,0.0,-57.160000000000004,-77.22500000000001,-42.1,1.0
TPSA,residual_property,TPSA_residual,-143.93939393939394,diagnostic_residual,50,50,1.0,-81.47363678233208,-228.0427042758582,-70.23695248439958,-97.13239930878316,-219.40857940254176,-68.16188224397163,1.0
TPSA,residual_property,TPSA_residual,-140.9090909090909,raw_property,50,50,1.0,0.0,0.0,0.0,-56.645,-75.50750000000001,-42.1,1.0
TPSA,residual_property,TPSA_residual,-140.9090909090909,diagnostic_residual,50,50,1.0,-78.37951995746029,-217.04349184720473,-66.84244961060101,-85.98421732219083,-205.4250028410147,-63.724246205369454,1.0
TPSA,residual_property,TPSA_residual,-137.87878787878788,raw_property,50,50,1.0,0.0,0.0,0.0,-56.645,-75.50750000000001,-42.1,1.0
TPSA,residual_property,TPSA_residual,-137.87878787878788,diagnostic_residual,50,50,1.0,-74.22031583608172,-166.1152269287548,-64.2590100749131,-74.450949750864,-152.9153747961676,-58.814640441744686,1.0
TPSA,residual_property,TPSA_residual,-134.84848484848484,raw_property,50,50,1.0,0.0,0.0,0.0,-56.645,-75.50750000000001,-42.1,1.0
TPSA,residual_property,TPSA_residual,-134.84848484848484,diagnostic_residual,50,50,1.0,-71.48688032990465,-81.55949287393565,-62.27855516411887,-68.35474816563783,-88.90184502056712,-55.214115672832264,1.0
TPSA,residual_property,TPSA_residual,-131.8181818181818,raw_property,50,50,1.0,0.0,0.0,0.0,-56.645,-75.50750000000001,-42.1,1.0
TPSA,residual_property,TPSA_residual,-131.8181818181818,diagnostic_residual,50,50,1.0,-70.51341556939983,-78.59397180595506,-61.1403604879753,-66.61934696344585,-87.7602473762747,-50.94012466326908,1.0
TPSA,residual_property,TPSA_residual,-128.78787878787878,raw_property,50,50,1.0,0.0,0.0,0.0,-56.645,-75.50750000000001,-42.1,1.0
TPSA,residual_property,TPSA_residual,-128.78787878787878,diagnostic_residual,50,50,1.0,-67.97222435342377,-77.75826590340932,-60.90677914404983,-65.5657670674968,-86.45437060921051,-50.08488256302448,1.0
TPSA,residual_property,TPSA_residual,-125.75757575757576,raw_property,50,50,1.0,0.0,0.0,0.0,-56.645,-75.50750000000001,-42.1,1.0
TPSA,residual_property,TPSA_residual,-125.75757575757576,diagnostic_residual,50,50,1.0,-67.28060840614118,-76.40584839203602,-60.045141759638405,-65.80058839287041,-84.85137291639973,-48.87642509375702,1.0
TPSA,residual_property,TPSA_residual,-122.72727272727272,raw_property,50,50,1.0,0.0,0.0,0.0,-56.645,-75.50750000000001,-42.1,1.0
TPSA,residual_property,TPSA_residual,-122.72727272727272,diagnostic_residual,50,50,1.0,-66.7839774933909,-74.90656160290979,-60.01282369602133,-64.96575708985135,-82.24383159990154,-45.87868912425639,1.0
TPSA,residual_property,TPSA_residual,-119.69696969696967,raw_property,50,50,1.0,0.0,0.0,0.0,-55.580000000000005,-75.50750000000001,-42.1,1.0
TPSA,residual_property,TPSA_residual,-119.69696969696967,diagnostic_residual,50,50,1.0,-66.14666730167541,-72.02573778397375,-58.5937437193655,-63.016648187887526,-81.66718298964705,-45.02191367981735,1.0
TPSA,residual_property,TPSA_residual,-116.66666666666666,raw_property,50,50,1.0,0.0,0.0,0.0,-55.580000000000005,-71.83000000000001,-42.1,1.0
TPSA,residual_property,TPSA_residual,-116.66666666666666,diagnostic_residual,50,50,1.0,-65.3444834391664,-73.68015853537372,-56.986328660872196,-64.67380159860049,-77.25108617825751,-43.62841266930937,1.0
TPSA,residual_property,TPSA_residual,-113.63636363636364,raw_property,50,50,1.0,0.0,0.0,0.0,-55.580000000000005,-75.50750000000001,-40.0775,1.0
TPSA,residual_property,TPSA_residual,-113.63636363636364,diagnostic_residual,50,50,1.0,-63.13517451384675,-71.43068130278799,-56.474550788853755,-63.54214105040166,-78.18024730764279,-44.03226829328257,1.0
TPSA,residual_property,TPSA_residual,-110.6060606060606,raw_property,50,50,1.0,0.0,0.0,0.0,-55.580000000000005,-75.50750000000001,-40.0775,1.0
TPSA,residual_property,TPSA_residual,-110.6060606060606,diagnostic_residual,50,50,1.0,-63.078656618712685,-70.79712835350465,-56.83746915154551,-59.667934941524884,-73.86753011845174,-44.22037966332105,1.0
TPSA,residual_property,TPSA_residual,-107.57575757575758,raw_property,50,50,1.0,0.0,0.0,0.0,-54.0,-71.83000000000001,-40.0775,1.0
TPSA,residual_property,TPSA_residual,-107.57575757575758,diagnostic_residual,50,50,1.0,-58.4328526624185,-68.73328215526752,-54.44772168671679,-58.89918143362807,-70.38822671206037,-40.8961427404995,1.0
TPSA,residual_property,TPSA_residual,-104.54545454545456,raw_property,50,50,1.0,0.0,0.0,0.0,-54.0,-70.86500000000001,-40.0775,1.0
TPSA,residual_property,TPSA_residual,-104.54545454545456,diagnostic_residual,50,50,1.0,-59.21397004516527,-70.61027508063992,-54.37330293856415,-56.485154465816464,-73.03541158356637,-40.88901558012073,1.0
TPSA,residual_property,TPSA_residual,-101.51515151515152,raw_property,50,50,1.0,0.0,0.0,6.9225,-54.0,-70.86500000000001,-38.8775,1.0
TPSA,residual_property,TPSA_residual,-101.51515151515152,diagnostic_residual,50,50,1.0,-59.842739817781016,-68.69591084681011,-53.33899521592766,-59.85335441156579,-70.24729986344286,-40.88901558012073,1.0
TPSA,residual_property,TPSA_residual,-98.48484848484848,raw_property,50,50,1.0,0.0,0.0,9.23,-51.185,-70.86500000000001,-38.8775,1.0
TPSA,residual_property,TPSA_residual,-98.48484848484848,diagnostic_residual,50,50,1.0,-60.943515839606455,-68.46809905274407,-52.4814123798962,-57.96828595367796,-69.47489360733127,-39.96309915288745,1.0
TPSA,residual_property,TPSA_residual,-95.45454545454544,raw_property,50,50,1.0,0.0,0.0,9.23,-49.035000000000004,-68.75,-38.8775,1.0
TPSA,residual_property,TPSA_residual,-95.45454545454544,diagnostic_residual,50,50,1.0,-59.321184645119104,-67.85208075661382,-50.80475595662777,-56.67745006415308,-67.00128066740189,-37.6422643784513,1.0
TPSA,residual_property,TPSA_residual,-92.42424242424242,raw_property,50,50,1.0,0.0,0.0,11.33,-49.035000000000004,-67.8475,-36.785,1.0
TPSA,residual_property,TPSA_residual,-92.42424242424242,diagnostic_residual,50,50,1.0,-58.31558122940993,-67.95206392925186,-50.2979388197416,-56.59213783455864,-67.62146837895614,-38.753343928713136,1.0
TPSA,residual_property,TPSA_residual,-89.39393939393939,raw_property,50,50,1.0,0.0,0.0,12.03,-48.405,-66.1525,-34.675,1.0
TPSA,residual_property,TPSA_residual,-89.39393939393939,diagnostic_residual,50,50,1.0,-59.16901034779143,-66.68164926955853,-50.29586389563622,-57.30097302644592,-69.31711119129025,-37.80251830427741,1.0
TPSA,residual_property,TPSA_residual,-86.36363636363637,raw_property,50,50,1.0,0.0,0.0,12.03,-51.185,-66.1525,-34.21,0.98
TPSA,residual_property,TPSA_residual,-86.36363636363637,diagnostic_residual,50,50,1.0,-58.23387077235391,-66.61721132745542,-50.29586389563622,-55.8191638264611,-68.8364285172627,-35.41462497922969,1.0
TPSA,residual_property,TPSA_residual,-83.33333333333333,raw_property,50,50,1.0,0.0,0.0,12.03,-48.405,-66.1525,-34.21,0.98
TPSA,residual_property,TPSA_residual,-83.33333333333333,diagnostic_residual,50,50,1.0,-57.09706238773184,-66.79593914569111,-48.90835699223108,-52.247557549174275,-67.98957369946763,-34.18050609782023,1.0
TPSA,residual_property,TPSA_residual,-80.3030303030303,raw_property,50,50,1.0,9.23,0.0,12.2775,-46.825,-65.63,-33.50749999999999,0.98
TPSA,residual_property,TPSA_residual,-80.3030303030303,diagnostic_residual,50,50,1.0,-54.9608209027829,-64.04362845689296,-46.49783871145137,-49.956846228998316,-67.2265893160755,-34.18050609782023,1.0
TPSA,residual_property,TPSA_residual,-77.27272727272728,raw_property,50,50,1.0,9.23,0.0,12.7575,-46.53,-65.5475,-30.5925,0.98
TPSA,residual_property,TPSA_residual,-77.27272727272728,diagnostic_residual,50,50,1.0,-53.764637820835254,-63.842274721579116,-46.107631861128944,-48.551698199585644,-66.75180189375153,-32.30353150304915,1.0
TPSA,residual_property,TPSA_residual,-74.24242424242425,raw_property,50,50,1.0,9.23,0.0,14.9225,-46.57,-63.14750000000001,-30.5925,0.98
TPSA,residual_property,TPSA_residual,-74.24242424242425,diagnostic_residual,50,50,1.0,-53.8108855031372,-60.06844018036131,-43.124130796890384,-45.69528504170325,-60.06292350944489,-33.211413251976964,1.0
TPSA,residual_property,TPSA_residual,-71.21212121212122,raw_property,50,50,1.0,12.03,0.0,20.23,-44.31,-61.6175,-25.595,1.0
TPSA,residual_property,TPSA_residual,-71.21212121212122,diagnostic_residual,50,50,1.0,-51.38186431240686,-63.07411180892221,-37.04530944940045,-44.250782756777966,-60.449397471592555,-30.70047590834416,1.0
TPSA,residual_property,TPSA_residual,-68.18181818181819,raw_property,50,50,1.0,12.36,9.23,23.35,-42.040000000000006,-57.53,-25.595,1.0
TPSA,residual_property,TPSA_residual,-68.18181818181819,diagnostic_residual,50,50,1.0,-50.661890646946105,-57.735671409539826,-38.709633556188095,-44.87879353216027,-56.5099569024405,-30.92082470225637,1.0
TPSA,residual_property,TPSA_residual,-65.15151515151516,raw_property,50,50,1.0,17.07,9.23,26.3,-40.09,-52.182500000000005,-24.334999999999997,1.0
TPSA,residual_property,TPSA_residual,-65.15151515151516,diagnostic_residual,50,50,1.0,-46.836382286042095,-56.18130250562759,-35.93695221405351,-40.09336741959163,-52.31535309178888,-27.417705781668502,1.0
TPSA,residual_property,TPSA_residual,-62.121212121212125,raw_property,50,50,1.0,17.07,9.23,26.3,-40.09,-52.182500000000005,-20.250000000000004,0.98
TPSA,residual_property,TPSA_residual,-62.121212121212125,diagnostic_residual,50,50,1.0,-47.14592690907088,-57.56574249131944,-34.98768986384369,-40.71731478039152,-54.03100435624785,-23.60794088422108,1.0
TPSA,residual_property,TPSA_residual,-59.09090909090909,raw_property,50,50,1.0,23.93,9.23,37.629999999999995,-34.269999999999996,-47.775,-20.23,0.94
TPSA,residual_property,TPSA_residual,-59.09090909090909,diagnostic_residual,50,50,1.0,-40.58649397242093,-54.72947257434974,-28.107922786614644,-38.89163868668393,-48.669739060826345,-22.60830941047677,0.94
TPSA,residual_property,TPSA_residual,-56.06060606060606,raw_property,50,50,1.0,23.970000000000002,12.36,38.15,-29.759999999999998,-46.9325,-18.2575,0.94
TPSA,residual_property,TPSA_residual,-56.06060606060606,diagnostic_residual,50,50,1.0,-40.821510224732364,-53.68534255929013,-24.20345230099122,-36.259517391174214,-48.981244037609954,-21.33284116009585,0.94
TPSA,residual_property,TPSA_residual,-53.03030303030303,raw_property,50,50,1.0,26.3,13.935,42.892500000000005,-27.004999999999995,-40.515,-8.899999999999999,0.82
TPSA,residual_property,TPSA_residual,-53.03030303030303,diagnostic_residual,50,50,1.0,-34.90386453913489,-51.92566103762788,-19.05443421227807,-28.704816083172556,-40.329287034180524,-13.775977955551133,0.88
TPSA,residual_property,TPSA_residual,-50.0,raw_property,50,50,1.0,28.630000000000003,17.86,40.6775,-25.259999999999998,-38.66250000000001,-10.195,0.82
TPSA,residual_property,TPSA_residual,-50.0,diagnostic_residual,50,50,1.0,-36.59986868133876,-50.151283797361586,-20.143655239142277,-28.12268335016739,-38.45613609316027,-14.325932111095618,0.86
TPSA,residual_property,TPSA_residual,-46.96969696969697,raw_property,50,50,1.0,34.15,24.5225,55.67,-17.07,-35.875,-4.307499999999997,0.76
TPSA,residual_property,TPSA_residual,-46.96969696969697,diagnostic_residual,50,50,1.0,-27.363746960995883,-41.89492548643728,-14.5179524756083,-18.9854988129717,-36.20596902886073,-8.354320355628031,0.82
TPSA,residual_property,TPSA_residual,-43.93939393939394,raw_property,50,50,1.0,37.64,25.265,57.19,-13.155000000000005,-27.357499999999995,0.0,0.64
TPSA,residual_property,TPSA_residual,-43.93939393939394,diagnostic_residual,50,50,1.0,-21.102733882549487,-36.37196521782447,-9.057511824382601,-13.912579514016183,-27.995762216947163,0.0,0.72
TPSA,residual_property,TPSA_residual,-40.90909090909091,raw_property,50,50,1.0,42.03,32.4025,58.5525,-5.6250000000000036,-25.645000000000003,0.0,0.52
TPSA,residual_property,TPSA_residual,-40.90909090909091,diagnostic_residual,50,50,1.0,-18.848581645607652,-31.649078960698443,-7.22321812200296,-6.777814685601335,-26.626872129176995,0.0,0.6
TPSA,residual_property,TPSA_residual,-37.87878787878788,raw_property,50,50,1.0,49.67,34.675,66.3175,0.0,-17.07,0.0,0.4
TPSA,residual_property,TPSA_residual,-37.87878787878788,diagnostic_residual,50,50,1.0,-14.202252868168632,-26.767508726641275,1.7286133738177405,-7.105427357601002e-15,-14.987637955280276,0.0,0.5
TPSA,residual_property,TPSA_residual,-34.848484848484844,raw_property,50,50,1.0,49.67,34.675,66.3175,0.0,-12.7575,0.0,0.34
TPSA,residual_property,TPSA_residual,-34.848484848484844,diagnostic_residual,50,50,1.0,-12.588222537554948,-27.881557956316335,1.7286133738177405,0.0,-11.047380842736858,0.0,0.42
TPSA,residual_property,TPSA_residual,-31.818181818181813,raw_property,50,50,1.0,50.225,36.695,68.0025,0.0,-4.5525,0.0,0.26
TPSA,residual_property,TPSA_residual,-31.818181818181813,diagnostic_residual,50,50,1.0,-10.635176403473384,-23.190865384296707,4.583813725163505,0.0,-5.209561926594326,1.1546319456101628e-14,0.34
TPSA,residual_property,TPSA_residual,-28.787878787878785,raw_property,50,50,1.0,53.475,42.1,70.86500000000001,0.0,0.0,0.0,0.16
TPSA,residual_property,TPSA_residual,-28.787878787878785,diagnostic_residual,50,50,1.0,-7.652053200768819,-19.13814464373283,7.435480488022993,0.0,-1.4210854715202004e-14,1.1546319456101628e-14,0.32
TPSA,residual_property,TPSA_residual,-25.757575757575765,raw_property,50,50,1.0,57.785000000000004,42.1,75.50750000000001,0.0,0.0,0.0,0.08
TPSA,residual_property,TPSA_residual,-25.757575757575765,diagnostic_residual,50,50,1.0,-5.706039734657509,-18.691620272608397,8.608446470541022,0.0,-1.0658141036401503e-14,1.2656542480726785e-14,0.26
TPSA,residual_property,TPSA_residual,-22.727272727272734,raw_property,50,50,1.0,57.785000000000004,42.1,75.50750000000001,0.0,0.0,0.0,0.08
TPSA,residual_property,TPSA_residual,-22.727272727272734,diagnostic_residual,50,50,1.0,-5.706039734657509,-18.691620272608397,8.608446470541022,0.0,-1.0658141036401503e-14,1.2656542480726785e-14,0.26
TPSA,residual_property,TPSA_residual,-19.69696969696969,raw_property,50,50,1.0,57.785000000000004,42.1,76.775,0.0,0.0,0.0,0.08
TPSA,residual_property,TPSA_residual,-19.69696969696969,diagnostic_residual,50,50,1.0,-5.706039734657509,-18.691620272608397,8.608446470541022,0.0,-1.0658141036401503e-14,1.2656542480726785e-14,0.26
TPSA,residual_property,TPSA_residual,-16.666666666666657,raw_property,50,50,1.0,57.785000000000004,42.1,75.50750000000001,0.0,0.0,0.0,0.08
TPSA,residual_property,TPSA_residual,-16.666666666666657,diagnostic_residual,50,50,1.0,-5.375972245381618,-19.13814464373283,8.608446470541022,0.0,-1.0658141036401503e-14,1.2656542480726785e-14,0.26
TPSA,residual_property,TPSA_residual,-13.636363636363626,raw_property,50,50,1.0,57.785000000000004,42.1,75.50750000000001,0.0,0.0,0.0,0.06
TPSA,residual_property,TPSA_residual,-13.636363636363626,diagnostic_residual,50,50,1.0,-5.375972245381618,-19.13814464373283,8.608446470541022,0.0,-1.0658141036401503e-14,1.2656542480726785e-14,0.26
TPSA,residual_property,TPSA_residual,-10.606060606060597,raw_property,50,50,1.0,57.785000000000004,42.1,75.50750000000001,0.0,0.0,0.0,0.06
TPSA,residual_property,TPSA_residual,-10.606060606060597,diagnostic_residual,50,50,1.0,-5.375972245381618,-19.13814464373283,8.608446470541022,0.0,-1.0658141036401503e-14,1.2656542480726785e-14,0.26
TPSA,residual_property,TPSA_residual,-7.575757575757564,raw_property,50,50,1.0,57.785000000000004,42.1,75.50750000000001,0.0,0.0,0.0,0.06
TPSA,residual_property,TPSA_residual,-7.575757575757564,diagnostic_residual,50,50,1.0,-5.375972245381618,-19.13814464373283,8.608446470541022,0.0,0.0,1.3988810110276972e-14,0.24
TPSA,residual_property,TPSA_residual,-4.545454545454561,raw_property,50,50,1.0,57.785000000000004,42.1,77.22500000000001,0.0,0.0,0.0,0.04
TPSA,residual_property,TPSA_residual,-4.545454545454561,diagnostic_residual,50,50,1.0,-4.89559120004801,-18.691620272608397,8.608446470541022,0.0,0.0,1.3988810110276972e-14,0.24
TPSA,residual_property,TPSA_residual,-1.5151515151515298,raw_property,50,50,1.0,57.785000000000004,42.1,77.22500000000001,0.0,0.0,0.0,0.04
TPSA,residual_property,TPSA_residual,-1.5151515151515298,diagnostic_residual,50,50,1.0,-2.6720784982703414,-18.691620272608397,8.608446470541022,0.0,0.0,1.3988810110276972e-14,0.24
TPSA,residual_property,TPSA_residual,1.5151515151515014,raw_property,50,50,1.0,57.785000000000004,42.1,77.22500000000001,0.0,0.0,0.0,0.02
TPSA,residual_property,TPSA_residual,1.5151515151515014,diagnostic_residual,50,50,1.0,-2.6720784982703414,-18.691620272608397,11.399288424352498,0.0,0.0,1.4210854715202004e-14,0.34
TPSA,residual_property,TPSA_residual,4.5454545454545325,raw_property,50,50,1.0,57.785000000000004,42.1,77.22500000000001,0.0,0.0,0.0,0.02
TPSA,residual_property,TPSA_residual,4.5454545454545325,diagnostic_residual,50,50,1.0,-2.6720784982703414,-18.691620272608397,11.399288424352498,0.0,0.0,1.4210854715202004e-14,0.34
TPSA,residual_property,TPSA_residual,7.575757575757564,raw_property,50,50,1.0,57.785000000000004,42.1,77.22500000000001,0.0,0.0,0.0,0.02
TPSA,residual_property,TPSA_residual,7.575757575757564,diagnostic_residual,50,50,1.0,-2.6720784982703414,-18.691620272608397,11.399288424352498,0.0,0.0,1.4210854715202004e-14,0.34
TPSA,residual_property,TPSA_residual,10.606060606060597,raw_property,50,50,1.0,57.785000000000004,42.1,77.22500000000001,0.0,0.0,0.0,0.02
TPSA,residual_property,TPSA_residual,10.606060606060597,diagnostic_residual,50,50,1.0,-2.6720784982703414,-18.691620272608397,11.399288424352498,0.0,0.0,1.4210854715202004e-14,0.34
TPSA,residual_property,TPSA_residual,13.636363636363626,raw_property,50,50,1.0,57.785000000000004,42.1,77.22500000000001,0.0,0.0,0.0,0.02
TPSA,residual_property,TPSA_residual,13.636363636363626,diagnostic_residual,50,50,1.0,-2.6720784982703414,-18.691620272608397,11.399288424352498,0.0,0.0,1.4210854715202004e-14,0.34
TPSA,residual_property,TPSA_residual,16.666666666666657,raw_property,50,50,1.0,57.785000000000004,42.1,77.22500000000001,0.0,0.0,0.0,0.08
TPSA,residual_property,TPSA_residual,16.666666666666657,diagnostic_residual,50,50,1.0,-2.6720784982703414,-18.691620272608397,12.58539582174086,0.0,0.0,1.4210854715202004e-14,0.38
TPSA,residual_property,TPSA_residual,19.69696969696969,raw_property,50,50,1.0,57.785000000000004,42.1,77.67,0.0,0.0,0.0,0.1
TPSA,residual_property,TPSA_residual,19.69696969696969,diagnostic_residual,50,50,1.0,-0.37037215234768794,-18.691620272608397,12.930860373094,0.0,0.0,1.4210854715202004e-14,0.4
TPSA,residual_property,TPSA_residual,22.72727272727272,raw_property,50,50,1.0,60.34,42.1,77.67,0.0,0.0,0.0,0.16
TPSA,residual_property,TPSA_residual,22.72727272727272,diagnostic_residual,50,50,1.0,1.0943709241840764,-17.914325256515763,12.930860373094,0.0,0.0,1.687538997430238e-14,0.42
TPSA,residual_property,TPSA_residual,25.75757575757575,raw_property,50,50,1.0,67.575,45.5925,80.125,0.0,0.0,12.674999999999999,0.28
TPSA,residual_property,TPSA_residual,25.75757575757575,diagnostic_residual,50,50,1.0,3.7284720284005957,-10.315840167907826,18.01947944841393,1.7763568394002505e-15,0.0,10.252670941707708,0.5
TPSA,residual_property,TPSA_residual,28.787878787878785,raw_property,50,50,1.0,68.57499999999999,45.5925,81.9875,0.0,0.0,14.697499999999998,0.3
TPSA,residual_property,TPSA_residual,28.787878787878785,diagnostic_residual,50,50,1.0,4.039143811644884,-10.315840167907826,19.977482237547534,1.7763568394002505e-15,0.0,11.143560030838655,0.5
TPSA,residual_property,TPSA_residual,31.818181818181813,raw_property,50,50,1.0,71.73,45.5925,99.645,0.0,0.0,29.2975,0.46
TPSA,residual_property,TPSA_residual,31.818181818181813,diagnostic_residual,50,50,1.0,11.529946741131134,-8.884164803480529,27.9830481498539,1.9539925233402755e-14,0.0,28.74228813478477,0.66
TPSA,residual_property,TPSA_residual,34.848484848484844,raw_property,50,50,1.0,74.725,50.477500000000006,100.54,11.004999999999999,0.0,40.2825,0.56
TPSA,residual_property,TPSA_residual,34.848484848484844,diagnostic_residual,50,50,1.0,13.39964326944694,-4.87835803590893,33.88168475441635,10.147426535938926,0.0,36.83360372883908,0.72
TPSA,residual_property,TPSA_residual,37.87878787878788,raw_property,50,50,1.0,77.64,57.7075,106.48,18.965,0.0,40.49750000000001,0.64
TPSA,residual_property,TPSA_residual,37.87878787878788,diagnostic_residual,50,50,1.0,13.39964326944694,0.9265596680035557,36.23243642124166,16.890075399776435,1.1546319456101628e-14,41.492808987106834,0.78
TPSA,residual_property,TPSA_residual,40.90909090909091,raw_property,50,50,1.0,79.47,64.72,100.40250000000002,22.67,0.0,43.21749999999999,0.7
TPSA,residual_property,TPSA_residual,40.90909090909091,diagnostic_residual,50,50,1.0,12.979077627454075,1.3630121049204114,36.975609906953075,19.914321199525222,1.4210854715202004e-14,40.96572123397351,0.8
TPSA,residual_property,TPSA_residual,43.93939393939394,raw_property,50,50,1.0,91.72,65.23,116.7025,31.955000000000002,12.9275,45.03499999999999,0.78
TPSA,residual_property,TPSA_residual,43.93939393939394,diagnostic_residual,50,50,1.0,20.710461248650233,4.073537520470154,42.072655913410756,28.591643572402404,10.751948115826389,40.96572123397351,0.8
TPSA,residual_property,TPSA_residual,46.96969696969697,raw_property,50,50,1.0,80.39000000000001,60.91,121.0975,30.375,4.707500000000003,44.88249999999999,0.76
TPSA,residual_property,TPSA_residual,46.96969696969697,diagnostic_residual,50,50,1.0,17.56685416200531,1.2613894598286848,42.90232246914404,24.79175992993597,2.517803541730707,40.96572123397351,0.78
TPSA,residual_property,TPSA_residual,50.0,raw_property,50,50,1.0,92.065,60.91,123.10499999999999,40.19500000000001,12.9275,61.1375,0.76
TPSA,residual_property,TPSA_residual,50.0,diagnostic_residual,50,50,1.0,27.398845515762275,5.230637913946637,49.53556351850194,31.271808441032853,10.293065583526346,50.65873527060477,0.78
TPSA,residual_property,TPSA_residual,53.03030303030303,raw_property,50,50,1.0,97.88,64.0125,135.05,44.425,13.2825,69.39500000000001,0.78
TPSA,residual_property,TPSA_residual,53.03030303030303,diagnostic_residual,50,50,1.0,32.258610556450535,7.436553148910441,55.28792344566748,38.0967072554606,11.351846725854394,62.643314046480604,0.8
TPSA,residual_property,TPSA_residual,56.06060606060606,raw_property,50,50,1.0,98.715,67.955,130.21249999999998,44.29500000000001,13.2825,67.9475,0.8
TPSA,residual_property,TPSA_residual,56.06060606060606,diagnostic_residual,50,50,1.0,28.705002090499477,10.548550363836927,57.531037918589014,37.355827382151055,11.417502365637068,61.505809946475836,0.82
TPSA,residual_property,TPSA_residual,59.09090909090909,raw_property,50,50,1.0,100.5,70.6825,145.66000000000003,46.2,18.9025,80.8625,0.82
TPSA,residual_property,TPSA_residual,59.09090909090909,diagnostic_residual,50,50,1.0,37.55682599694367,12.520524096694249,65.17662566856646,41.57851039217205,15.45466109000515,74.34702799614513,0.8
TPSA,residual_property,TPSA_residual,62.121212121212125,raw_property,50,50,1.0,100.5,74.3625,139.81,52.644999999999996,20.247499999999995,79.01250000000002,0.84
TPSA,residual_property,TPSA_residual,62.121212121212125,diagnostic_residual,50,50,1.0,35.794598406874904,14.198133302857311,63.59328554386947,46.75980590039812,12.23540353511488,73.76327636692784,0.8
TPSA,residual_property,TPSA_residual,65.15151515151516,raw_property,50,50,1.0,105.02000000000001,76.555,137.71,57.31000000000001,20.885,78.32,0.86
TPSA,residual_property,TPSA_residual,65.15151515151516,diagnostic_residual,50,50,1.0,37.20122965958907,15.497337327369701,62.93859801376063,48.68673905759805,12.366699231262096,66.35973082752034,0.84
TPSA,residual_property,TPSA_residual,68.18181818181819,raw_property,50,50,1.0,111.185,79.4975,136.91500000000002,56.865,21.589999999999993,80.13000000000002,0.9
TPSA,residual_property,TPSA_residual,68.18181818181819,diagnostic_residual,50,50,1.0,38.70436474840674,18.304175748611538,61.922318226247754,49.753860985076706,16.18062635347022,70.8829656599413,0.88
TPSA,residual_property,TPSA_residual,71.21212121212122,raw_property,50,50,1.0,115.57,81.32750000000001,155.75,60.93,23.082500000000003,80.0125,0.92
TPSA,residual_property,TPSA_residual,71.21212121212122,diagnostic_residual,50,50,1.0,42.26718070715433,21.03191315467446,72.63588169458033,54.806860627627266,18.099997384135385,72.54046566145288,0.88
TPSA,residual_property,TPSA_residual,74.24242424242425,raw_property,50,50,1.0,116.405,86.98500000000001,165.23499999999999,61.86,25.58,97.10000000000004,0.94
TPSA,residual_property,TPSA_residual,74.24242424242425,diagnostic_residual,50,50,1.0,42.26718070715433,21.474967333856345,85.95165641803308,52.35875317191213,14.926590356505244,86.41955469698759,0.88
TPSA,residual_property,TPSA_residual,77.27272727272728,raw_property,50,50,1.0,120.405,91.6375,169.6975,62.235,22.999999999999993,101.44499999999998,0.98
TPSA,residual_property,TPSA_residual,77.27272727272728,diagnostic_residual,50,50,1.0,52.33826639885832,24.21064200350551,89.90464865834105,57.33061947257223,14.738873295581026,91.67190167336751,0.88
TPSA,residual_property,TPSA_residual,80.30303030303031,raw_property,50,50,1.0,127.18999999999997,94.33,162.56499999999997,66.53999999999999,27.76,101.9175,0.98
TPSA,residual_property,TPSA_residual,80.30303030303031,diagnostic_residual,50,50,1.0,57.18263801571195,23.27656646153605,85.27562880242587,57.46303044439265,13.742387252380261,97.46768807882466,0.92
TPSA,residual_property,TPSA_residual,83.33333333333334,raw_property,50,50,1.0,129.685,94.33,163.1075,69.935,27.76,109.36,0.96
TPSA,residual_property,TPSA_residual,83.33333333333334,diagnostic_residual,50,50,1.0,58.95162167392941,23.27656646153605,85.91091803518134,58.29899984735344,13.742387252380261,100.30239145000645,0.86
TPSA,residual_property,TPSA_residual,86.36363636363637,raw_property,50,50,1.0,124.16499999999999,90.8075,151.3425,65.905,25.51749999999999,107.70749999999998,0.92
TPSA,residual_property,TPSA_residual,86.36363636363637,diagnostic_residual,50,50,1.0,56.29173024693961,22.742854033103445,72.54458647319831,56.665481494651814,15.561576143548688,92.96591588323264,0.82
TPSA,residual_property,TPSA_residual,89.3939393939394,raw_property,50,50,1.0,119.65,83.8375,160.80999999999997,60.065,29.29749999999999,108.69,0.9
TPSA,residual_property,TPSA_residual,89.3939393939394,diagnostic_residual,50,50,1.0,52.05155663025307,23.5681592229977,82.83189338699155,55.592392219584475,12.7231274471937,96.14364578338117,0.82
TPSA,residual_property,TPSA_residual,92.42424242424244,raw_property,50,50,1.0,120.44999999999999,89.5825,164.68,62.334999999999994,22.47499999999999,108.1475,0.88
TPSA,residual_property,TPSA_residual,92.42424242424244,diagnostic_residual,50,50,1.0,43.33743264499836,19.57716290407516,80.41332587347199,53.26313145157884,4.218625909377462,91.66408178611876,0.76
TPSA,residual_property,TPSA_residual,95.45454545454544,raw_property,50,50,1.0,119.07,77.8025,156.83749999999998,58.07,17.35999999999999,110.42500000000001,0.86
TPSA,residual_property,TPSA_residual,95.45454545454544,diagnostic_residual,50,50,1.0,47.55171451000889,9.790502704543123,80.0021787451634,49.504660757735664,5.831100840131029,97.05217084115115,0.8
TPSA,residual_property,TPSA_residual,98.48484848484848,raw_property,50,50,1.0,124.85,77.4225,159.1275,66.87500000000001,22.63499999999999,111.69249999999997,0.86
TPSA,residual_property,TPSA_residual,98.48484848484848,diagnostic_residual,50,50,1.0,49.935767259524674,10.635910144035387,78.84517373673073,56.268370118841204,6.812157108572034,95.30806046008689,0.8
TPSA,residual_property,TPSA_residual,101.5151515151515,raw_property,50,50,1.0,124.85,73.6725,168.7725,60.19,12.094999999999988,107.9,0.86
TPSA,residual_property,TPSA_residual,101.5151515151515,diagnostic_residual,50,50,1.0,49.211567983237764,-0.31862742933832244,82.0143498650867,50.67402648623704,-1.6176188866932062,94.20258817092831,0.72
TPSA,residual_property,TPSA_residual,104.54545454545452,raw_property,50,50,1.0,124.6,69.1575,152.9625,62.59000000000002,12.889999999999999,96.98000000000002,0.86
TPSA,residual_property,TPSA_residual,104.54545454545452,diagnostic_residual,50,50,1.0,47.753897124342984,0.9151783195994714,73.72650351373142,44.31076911058081,0.9270717701635682,80.16470665425187,0.74
TPSA,residual_property,TPSA_residual,107.57575757575756,raw_property,50,50,1.0,119.235,76.5475,147.675,60.205,14.045000000000005,96.98000000000002,0.86
TPSA,residual_property,TPSA_residual,107.57575757575756,diagnostic_residual,50,50,1.0,40.95672605548407,-1.3553425007318065,72.4964191610853,43.093620213356026,1.6742988427227736,79.91558639408078,0.76
TPSA,residual_property,TPSA_residual,110.60606060606062,raw_property,50,50,1.0,125.95,83.1725,167.2175,65.85500000000002,14.045000000000005,114.64750000000001,0.86
TPSA,residual_property,TPSA_residual,110.60606060606062,diagnostic_residual,50,50,1.0,48.400817127502236,10.738531992393643,89.85707705526599,50.739568481618974,1.6742988427227736,96.48321175747856,0.76
TPSA,residual_property,TPSA_residual,113.63636363636364,raw_property,50,50,1.0,119.095,84.07499999999999,153.3325,62.73000000000002,14.045000000000005,98.61,0.84
TPSA,residual_property,TPSA_residual,113.63636363636364,diagnostic_residual,50,50,1.0,43.337390267826194,4.265478637802325,82.51108603896995,41.56679696813497,-0.2847557305110122,86.92857163478801,0.74
TPSA,residual_property,TPSA_residual,116.66666666666669,raw_property,50,50,1.0,114.275,79.735,148.8875,60.345,10.099999999999994,102.41999999999999,0.84
TPSA,residual_property,TPSA_residual,116.66666666666669,diagnostic_residual,50,50,1.0,40.27038555386949,8.85533137947272,75.9999511105105,41.24783102617068,-8.309948051852286,91.61822237616667,0.72
TPSA,residual_property,TPSA_residual,119.69696969696967,raw_property,50,50,1.0,113.64000000000001,83.8875,166.4925,58.584999999999994,11.34999999999999,116.2475,0.84
TPSA,residual_property,TPSA_residual,119.69696969696967,diagnostic_residual,50,50,1.0,43.68092577428304,4.154367360240375,81.30688513732356,42.968981964101914,-5.067531802745481,98.7536432792004,0.72
TPSA,residual_property,TPSA_residual,122.72727272727276,raw_property,50,50,1.0,107.125,79.735,164.5825,52.245000000000005,9.827499999999995,113.76749999999998,0.82
TPSA,residual_property,TPSA_residual,122.72727272727276,diagnostic_residual,50,50,1.0,30.677245571766598,-2.9899459553216405,81.52776879369885,32.66312849418995,-15.025361996713706,90.80988175947446,0.7
TPSA,residual_property,TPSA_residual,125.75757575757576,raw_property,50,50,1.0,122.615,78.595,180.635,72.395,10.532499999999994,113.5775,0.84
TPSA,residual_property,TPSA_residual,125.75757575757576,diagnostic_residual,50,50,1.0,42.163138773529056,0.5974459969292277,89.64164209108964,51.562717104774244,-13.195082049846599,91.4086840992318,0.72
TPSA,residual_property,TPSA_residual,128.7878787878788,raw_property,50,50,1.0,117.67,78.595,165.5875,71.6,13.162499999999989,102.8275,0.84
TPSA,residual_property,TPSA_residual,128.7878787878788,diagnostic_residual,50,50,1.0,40.92156695133647,0.5974459969292277,81.49100885737478,45.03256289739227,-2.619468652091401,81.29517447698768,0.74
TPSA,residual_property,TPSA_residual,131.8181818181818,raw_property,50,50,1.0,123.69999999999999,75.025,164.895,70.63500000000002,17.410000000000004,112.55499999999999,0.84
TPSA,residual_property,TPSA_residual,131.8181818181818,diagnostic_residual,50,50,1.0,40.626378509929324,-2.0022008557829665,73.29381942982869,44.27850426159773,5.752844977367518,89.45653734258168,0.76
TPSA,residual_property,TPSA_residual,134.84848484848487,raw_property,50,50,1.0,138.82,76.4675,177.20000000000002,76.33500000000001,30.632499999999993,125.72749999999996,0.86
TPSA,residual_property,TPSA_residual,134.84848484848487,diagnostic_residual,50,50,1.0,55.735786706911156,3.155973998479528,86.79289277826885,60.107954651352095,11.315777097927672,94.06747780446824,0.8
TPSA,residual_property,TPSA_residual,137.87878787878788,raw_property,50,50,1.0,130.63,78.7775,163.9025,66.32499999999999,30.397499999999994,112.8,0.84
TPSA,residual_property,TPSA_residual,137.87878787878788,diagnostic_residual,50,50,1.0,44.99228643715722,2.945941459772275,71.14410732128826,39.913160753656754,6.645885150906185,76.77890936322962,0.76
TPSA,residual_property,TPSA_residual,140.90909090909088,raw_property,50,50,1.0,106.07000000000002,70.49,150.8125,53.69000000000001,4.740000000000002,95.60249999999998,0.8
TPSA,residual_property,TPSA_residual,140.90909090909088,diagnostic_residual,50,50,1.0,17.965032382191865,-20.445196603501167,57.218032005466796,30.33249198278648,-14.61706478482938,62.018766657993865,0.68
TPSA,residual_property,TPSA_residual,143.93939393939394,raw_property,50,50,1.0,102.03500000000001,70.49,154.415,51.295,2.4874999999999936,97.37499999999997,0.78
TPSA,residual_property,TPSA_residual,143.93939393939394,diagnostic_residual,50,50,1.0,17.492147182482924,-23.41909685271785,62.288263179125494,28.857135586719078,-24.50871498415826,70.84974934814446,0.64
TPSA,residual_property,TPSA_residual,146.96969696969694,raw_property,50,50,1.0,98.09,63.58500000000001,156.26,42.510000000000005,-0.39750000000000085,102.10749999999999,0.72
TPSA,residual_property,TPSA_residual,146.96969696969694,diagnostic_residual,50,50,1.0,11.962876085116882,-31.311066709031994,66.96986250040676,11.215374214195174,-31.22370372644379,68.68523257702084,0.54
TPSA,residual_property,TPSA_residual,150.0,raw_property,50,50,1.0,101.23500000000001,64.86500000000001,134.1225,42.510000000000005,-0.39750000000000085,94.77499999999998,0.72
TPSA,residual_property,TPSA_residual,150.0,diagnostic_residual,50,50,1.0,16.045941888110335,-35.66244772327581,49.17521365459696,15.198496449069223,-30.491568490438656,65.12848095140343,0.56
TPSA,selfies_length,selfies_len_tokens,-150.0,raw_property,50,44,0.88,0.0,0.0,20.23,-46.395,-72.425,-27.735,0.9772727272727273
TPSA,selfies_length,selfies_len_tokens,-150.0,diagnostic_residual,50,44,0.88,52.21533435954245,48.25218238644464,52.21533435954245,52.79792775298089,40.494974526679826,71.55655573400368,0.0
TPSA,selfies_length,selfies_len_tokens,-146.96969696969697,raw_property,50,44,0.88,0.0,0.0,20.23,-46.215,-72.425,-26.997500000000002,0.9772727272727273
TPSA,selfies_length,selfies_len_tokens,-146.96969696969697,diagnostic_residual,50,44,0.88,52.21533435954245,41.937597179468,52.21533435954245,52.79792775298089,40.494974526679826,71.29528665763777,0.0
TPSA,selfies_length,selfies_len_tokens,-143.93939393939394,raw_property,50,44,0.88,0.0,0.0,20.23,-45.785,-72.425,-26.997500000000002,0.9772727272727273
TPSA,selfies_length,selfies_len_tokens,-143.93939393939394,diagnostic_residual,50,44,0.88,52.21533435954245,41.937597179468,52.21533435954245,52.4774348785069,40.494974526679826,71.29528665763777,0.0
TPSA,selfies_length,selfies_len_tokens,-140.9090909090909,raw_property,50,44,0.88,0.0,0.0,20.23,-45.785,-72.425,-26.997500000000002,0.9772727272727273
TPSA,selfies_length,selfies_len_tokens,-140.9090909090909,diagnostic_residual,50,44,0.88,52.21533435954245,41.937597179468,52.21533435954245,52.4774348785069,39.93611878442409,71.29528665763777,0.0
TPSA,selfies_length,selfies_len_tokens,-137.87878787878788,raw_property,50,45,0.9,0.0,0.0,20.23,-45.4,-71.53,-26.81,0.9777777777777777
TPSA,selfies_length,selfies_len_tokens,-137.87878787878788,diagnostic_residual,50,45,0.9,52.21533435954245,41.937597179468,52.21533435954245,52.68965611959765,39.94155553103438,71.46572329893405,0.0
TPSA,selfies_length,selfies_len_tokens,-134.84848484848484,raw_property,50,45,0.9,0.0,0.0,20.23,-44.75999999999999,-71.53,-26.81,0.9777777777777777
TPSA,selfies_length,selfies_len_tokens,-134.84848484848484,diagnostic_residual,50,45,0.9,52.21533435954245,41.937597179468,52.21533435954245,52.26521363741614,39.94155553103438,71.46572329893405,0.0
TPSA,selfies_length,selfies_len_tokens,-131.8181818181818,raw_property,50,45,0.9,0.0,0.0,20.23,-44.75999999999999,-71.53,-26.81,0.9777777777777777
TPSA,selfies_length,selfies_len_tokens,-131.8181818181818,diagnostic_residual,50,45,0.9,52.21533435954245,41.937597179468,52.21533435954245,52.26521363741614,39.94155553103438,71.46572329893405,0.0
TPSA,selfies_length,selfies_len_tokens,-128.78787878787878,raw_property,50,46,0.92,20.23,0.0,20.23,-44.98,-70.3375,-26.8725,0.9782608695652174
TPSA,selfies_length,selfies_len_tokens,-128.78787878787878,diagnostic_residual,50,46,0.92,52.21533435954245,41.937597179468,52.21533435954245,52.4774348785069,40.12602852958287,71.73822060414294,0.0
TPSA,selfies_length,selfies_len_tokens,-125.75757575757576,raw_property,50,46,0.92,10.115,0.0,20.23,-44.98,-70.3375,-26.8725,0.9782608695652174
TPSA,selfies_length,selfies_len_tokens,-125.75757575757576,diagnostic_residual,50,46,0.92,52.21533435954245,41.937597179468,52.21533435954245,52.4774348785069,40.12602852958287,71.73822060414294,0.0
TPSA,selfies_length,selfies_len_tokens,-122.72727272727272,raw_property,50,46,0.92,10.115,0.0,20.23,-44.98,-70.3375,-26.8725,0.9782608695652174
TPSA,selfies_length,selfies_len_tokens,-122.72727272727272,diagnostic_residual,50,46,0.92,52.21533435954245,41.937597179468,52.21533435954245,52.4774348785069,40.12602852958287,71.73822060414294,0.0
TPSA,selfies_length,selfies_len_tokens,-119.69696969696967,raw_property,50,46,0.92,14.73,0.0,20.23,-45.3,-67.2625,-26.8725,0.9782608695652174
TPSA,selfies_length,selfies_len_tokens,-119.69696969696967,diagnostic_residual,50,46,0.92,50.35704412210352,41.937597179468,52.21533435954245,52.4774348785069,39.9252452912035,71.73822060414294,0.0
TPSA,selfies_length,selfies_len_tokens,-116.66666666666666,raw_property,50,46,0.92,4.615,0.0,20.23,-45.785,-67.2625,-26.8725,0.9782608695652174
TPSA,selfies_length,selfies_len_tokens,-116.66666666666666,diagnostic_residual,50,46,0.92,50.35704412210352,41.937597179468,52.21533435954245,52.79792775298089,39.32699415261606,71.73822060414294,0.0
TPSA,selfies_length,selfies_len_tokens,-113.63636363636364,raw_property,50,46,0.92,14.73,0.0,20.23,-45.785,-67.2625,-26.8725,0.9782608695652174
TPSA,selfies_length,selfies_len_tokens,-113.63636363636364,diagnostic_residual,50,46,0.92,50.35704412210352,41.937597179468,52.21533435954245,52.79792775298089,39.9252452912035,72.10008730149988,0.0
TPSA,selfies_length,selfies_len_tokens,-110.6060606060606,raw_property,50,47,0.94,20.23,0.0,20.23,-45.2,-67.095,-25.99,0.9787234042553191
TPSA,selfies_length,selfies_len_tokens,-110.6060606060606,diagnostic_residual,50,47,0.94,50.35704412210352,41.937597179468,52.21533435954245,52.68965611959765,39.524598949941776,73.62552955833922,0.0
TPSA,selfies_length,selfies_len_tokens,-107.57575757575758,raw_property,50,47,0.94,20.23,0.0,20.23,-45.2,-67.095,-25.99,0.9787234042553191
TPSA,selfies_length,selfies_len_tokens,-107.57575757575758,diagnostic_residual,50,47,0.94,50.35704412210352,41.937597179468,52.21533435954245,52.68965611959765,39.524598949941776,75.15971654771309,0.0
TPSA,selfies_length,selfies_len_tokens,-104.54545454545456,raw_property,50,47,0.94,20.23,0.0,20.23,-45.2,-67.095,-22.68,0.9787234042553191
TPSA,selfies_length,selfies_len_tokens,-104.54545454545456,diagnostic_residual,50,47,0.94,50.35704412210352,41.937597179468,52.21533435954245,52.26521363741614,35.09462684133812,72.37886218421488,0.0
TPSA,selfies_length,selfies_len_tokens,-101.51515151515152,raw_property,50,47,0.94,20.23,0.0,20.23,-42.43,-57.09,-22.68,0.9787234042553191
TPSA,selfies_length,selfies_len_tokens,-101.51515151515152,diagnostic_residual,50,47,0.94,46.64046364722565,41.937597179468,52.21533435954245,50.452704839663184,35.335871306242744,72.37886218421488,0.0
TPSA,selfies_length,selfies_len_tokens,-98.48484848484848,raw_property,50,48,0.96,20.23,0.0,20.23,-42.16,-57.050000000000004,-23.865,0.9791666666666666
TPSA,selfies_length,selfies_len_tokens,-98.48484848484848,diagnostic_residual,50,48,0.96,47.18403041334682,41.937597179468,52.21533435954245,46.80608192419621,35.567726931340914,73.87431673033223,0.0
TPSA,selfies_length,selfies_len_tokens,-95.45454545454544,raw_property,50,49,0.98,20.23,0.0,20.23,-45.2,-62.12,-25.049999999999997,0.9795918367346939
TPSA,selfies_length,selfies_len_tokens,-95.45454545454544,diagnostic_residual,50,49,0.98,47.72759717946799,41.937597179468,52.21533435954245,44.91788870017713,35.38761927028753,73.51924992455743,0.04081632653061224
TPSA,selfies_length,selfies_len_tokens,-92.42424242424242,raw_property,50,49,0.98,20.23,0.0,26.02,-45.2,-62.12,-25.049999999999997,0.9795918367346939
TPSA,selfies_length,selfies_len_tokens,-92.42424242424242,diagnostic_residual,50,49,0.98,47.72759717946799,41.937597179468,52.21533435954245,44.91788870017713,34.8721600560464,73.51924992455743,0.04081632653061224
TPSA,selfies_length,selfies_len_tokens,-89.39393939393939,raw_property,50,49,0.98,20.23,0.0,26.02,-42.43,-62.12,-20.31,0.9795918367346939
TPSA,selfies_length,selfies_len_tokens,-89.39393939393939,diagnostic_residual,50,49,0.98,43.62779406481286,31.42008610927725,50.35704412210352,46.14059427691737,34.8721600560464,71.23847444387235,0.061224489795918366
TPSA,selfies_length,selfies_len_tokens,-86.36363636363637,raw_property,50,49,0.98,20.23,0.0,26.02,-42.43,-66.76,-20.31,0.9795918367346939
TPSA,selfies_length,selfies_len_tokens,-86.36363636363637,diagnostic_residual,50,49,0.98,42.42008610927725,29.047346456495987,50.35704412210352,46.14059427691737,29.22658170060741,71.23847444387235,0.08163265306122448
TPSA,selfies_length,selfies_len_tokens,-83.33333333333333,raw_property,50,49,0.98,20.23,0.0,26.02,-39.44,-62.12,-20.23,0.9795918367346939
TPSA,selfies_length,selfies_len_tokens,-83.33333333333333,diagnostic_residual,50,49,0.98,41.937597179468,26.126682787658627,48.49875388466459,43.0595984627382,29.22658170060741,59.04333672919014,0.08163265306122448
TPSA,selfies_length,selfies_len_tokens,-80.3030303030303,raw_property,50,49,0.98,20.23,0.0,26.02,-42.43,-62.12,-20.31,0.9795918367346939
TPSA,selfies_length,selfies_len_tokens,-80.3030303030303,diagnostic_residual,50,49,0.98,41.937597179468,25.42514409355821,47.72759717946799,40.67944752522831,23.25030475317823,54.98792361430177,0.08163265306122448
TPSA,selfies_length,selfies_len_tokens,-77.27272727272728,raw_property,50,49,0.98,20.23,9.23,26.02,-39.44,-57.010000000000005,-20.23,0.9795918367346939
TPSA,selfies_length,selfies_len_tokens,-77.27272727272728,diagnostic_residual,50,49,0.98,34.22008610927725,25.42514409355821,44.32933275891328,40.519543853185255,22.536706474166245,54.98792361430177,0.08163265306122448
TPSA,selfies_length,selfies_len_tokens,-74.24242424242425,raw_property,50,49,0.98,20.23,9.23,26.02,-39.44,-57.010000000000005,-20.31,0.9795918367346939
TPSA,selfies_length,selfies_len_tokens,-74.24242424242425,diagnostic_residual,50,49,0.98,31.42008610927725,24.602547121728392,43.62779406481286,40.519543853185255,17.31880984705146,54.98792361430177,0.10204081632653061
TPSA,selfies_length,selfies_len_tokens,-71.21212121212122,raw_property,50,49,0.98,20.23,9.23,26.02,-39.44,-55.75999999999999,-21.260000000000005,0.9591836734693877
TPSA,selfies_length,selfies_len_tokens,-71.21212121212122,diagnostic_residual,50,49,0.98,29.322749778160617,22.19008610927725,42.42008610927725,39.28522495488994,13.877516001092449,53.540186873680724,0.10204081632653061
TPSA,selfies_length,selfies_len_tokens,-68.18181818181819,raw_property,50,49,0.98,20.23,9.23,26.3,-39.44,-55.75999999999999,-21.260000000000005,0.9795918367346939
TPSA,selfies_length,selfies_len_tokens,-68.18181818181819,diagnostic_residual,50,49,0.98,26.555488817005216,18.322749778160617,41.937597179468,37.271099117851406,13.403168714560422,48.41846220628967,0.10204081632653061
TPSA,selfies_length,selfies_len_tokens,-65.15151515151516,raw_property,50,50,1.0,18.65,9.23,26.23,-38.625,-56.45,-24.919999999999998,0.98
TPSA,selfies_length,selfies_len_tokens,-65.15151515151516,diagnostic_residual,50,50,1.0,24.97279498827484,12.896293233272363,32.325867075928954,30.63518310731984,11.243678221124703,45.19141151524582,0.12
TPSA,selfies_length,selfies_len_tokens,-62.121212121212125,raw_property,50,50,1.0,18.65,9.23,28.400000000000002,-38.625,-55.669999999999995,-24.919999999999998,0.96
TPSA,selfies_length,selfies_len_tokens,-62.121212121212125,diagnostic_residual,50,50,1.0,23.397794064812864,12.896293233272363,32.39925636411407,27.19558975851182,12.469323050763771,40.32701617190609,0.16
TPSA,selfies_length,selfies_len_tokens,-59.09090909090909,raw_property,50,50,1.0,20.23,9.23,26.3,-37.555,-55.669999999999995,-20.5475,0.96
TPSA,selfies_length,selfies_len_tokens,-59.09090909090909,diagnostic_residual,50,50,1.0,22.125774865533444,10.87357854222203,29.709603056555963,27.13813497025979,10.362432735627477,40.234083004828236,0.16
TPSA,selfies_length,selfies_len_tokens,-56.06060606060606,raw_property,50,50,1.0,22.009999999999998,9.23,29.1,-34.085,-55.019999999999996,-14.6525,0.94
TPSA,selfies_length,selfies_len_tokens,-56.06060606060606,diagnostic_residual,50,50,1.0,18.628497386322515,5.415775348093729,26.457304057294067,24.846117115805527,5.3775352533797145,41.1103159801963,0.18
TPSA,selfies_length,selfies_len_tokens,-53.03030303030303,raw_property,50,50,1.0,24.905,9.23,31.522499999999997,-30.265000000000008,-51.675,-13.887500000000001,0.92
TPSA,selfies_length,selfies_len_tokens,-53.03030303030303,diagnostic_residual,50,50,1.0,15.371496137577054,1.0296276790190628,24.978044034103075,16.32834708047266,2.3702111216591755,40.62844744046831,0.24
TPSA,selfies_length,selfies_len_tokens,-50.0,raw_property,50,50,1.0,26.3,17.07,37.3,-32.095000000000006,-46.53,-12.9525,0.88
TPSA,selfies_length,selfies_len_tokens,-50.0,diagnostic_residual,50,50,1.0,14.735197092983046,-1.3701355495799072,23.252447157660754,14.05653569518285,-1.534184979912097,40.62844744046831,0.26
TPSA,selfies_length,selfies_len_tokens,-46.96969696969697,raw_property,50,50,1.0,27.700000000000003,17.07,38.33,-29.960000000000004,-42.142500000000005,-14.2125,0.88
TPSA,selfies_length,selfies_len_tokens,-46.96969696969697,diagnostic_residual,50,50,1.0,9.530503953180501,-4.492934148268703,19.57967224756069,10.894648619515566,-3.3045898094364365,28.73604903081008,0.32
TPSA,selfies_length,selfies_len_tokens,-43.93939393939394,raw_property,50,50,1.0,29.205,21.475,38.33,-25.83,-39.5225,-12.947500000000002,0.9
TPSA,selfies_length,selfies_len_tokens,-43.93939393939394,diagnostic_residual,50,50,1.0,6.3699020184295705,-3.7655139442232146,18.693956798223258,12.025997208104931,-2.8271206510884537,25.14106225529119,0.3
TPSA,selfies_length,selfies_len_tokens,-40.90909090909091,raw_property,50,50,1.0,34.135000000000005,26.09,46.44,-22.01,-38.01250000000001,-8.167500000000004,0.84
TPSA,selfies_length,selfies_len_tokens,-40.90909090909091,diagnostic_residual,50,50,1.0,8.438115559571386,-5.501363818783445,16.38130720496684,9.436927450302903,-4.712844096467588,22.126721470231747,0.34
TPSA,selfies_length,selfies_len_tokens,-37.87878787878788,raw_property,50,50,1.0,36.724999999999994,26.3,46.17,-20.905,-33.7425,-6.172500000000001,0.8
TPSA,selfies_length,selfies_len_tokens,-37.87878787878788,diagnostic_residual,50,50,1.0,5.849208160523819,-8.314353319285058,15.008626948892154,7.013997850695844,-4.33950473444208,18.709171762370662,0.34
TPSA,selfies_length,selfies_len_tokens,-34.848484848484844,raw_property,50,50,1.0,38.51,27.0,55.9775,-18.154999999999998,-29.955000000000005,-2.9099999999999984,0.78
TPSA,selfies_length,selfies_len_tokens,-34.848484848484844,diagnostic_residual,50,50,1.0,2.9399106403752278,-6.532323033176034,16.07430147854916,7.133640171700277,-1.5317626843203556,18.709171762370662,0.28
TPSA,selfies_length,selfies_len_tokens,-31.818181818181813,raw_property,50,50,1.0,42.58500000000001,27.0,59.970000000000006,-16.865000000000006,-26.3,0.0,0.68
TPSA,selfies_length,selfies_len_tokens,-31.818181818181813,diagnostic_residual,50,50,1.0,3.3964692212592382,-9.465406342280446,13.134459834731523,5.66964012426245,-3.6498777657931076,14.618814940417643,0.32
TPSA,selfies_length,selfies_len_tokens,-28.787878787878785,raw_property,50,50,1.0,38.69,26.3,61.47,-18.35,-26.299999999999997,0.0,0.68
TPSA,selfies_length,selfies_len_tokens,-28.787878787878785,diagnostic_residual,50,50,1.0,2.9399106403752278,-13.161317400107029,9.280005987242848,2.20709373161627,-7.204671640366347,12.621622393456041,0.42
TPSA,selfies_length,selfies_len_tokens,-25.757575757575765,raw_property,50,50,1.0,47.045,29.46,63.66,-11.944999999999999,-20.752500000000005,0.0,0.68
TPSA,selfies_length,selfies_len_tokens,-25.757575757575765,diagnostic_residual,50,50,1.0,0.9565357280422777,-16.169243841495444,10.41757771873719,0.1641438743944752,-5.849820441765347,8.935043042929049,0.42
TPSA,selfies_length,selfies_len_tokens,-22.727272727272734,raw_property,50,50,1.0,54.69500000000001,38.12,70.805,-0.7950000000000017,-13.287500000000001,0.0,0.52
TPSA,selfies_length,selfies_len_tokens,-22.727272727272734,diagnostic_residual,50,50,1.0,0.11638783734318636,-14.345409861926587,12.273636705502145,0.10709532660211352,-4.860979646313755,7.156951697602967,0.36
TPSA,selfies_length,selfies_len_tokens,-19.69696969696969,raw_property,50,50,1.0,55.580000000000005,43.245000000000005,75.355,0.0,-7.659999999999998,0.0,0.34
TPSA,selfies_length,selfies_len_tokens,-19.69696969696969,diagnostic_residual,50,50,1.0,-3.067324740065363,-15.28155039593679,12.676124234336461,7.105427357601002e-15,-2.0552135178330104,3.7693800172713843,0.36
TPSA,selfies_length,selfies_len_tokens,-16.666666666666657,raw_property,50,50,1.0,57.785000000000004,43.245000000000005,76.21000000000001,0.0,0.0,0.0,0.22
TPSA,selfies_length,selfies_len_tokens,-16.666666666666657,diagnostic_residual,50,50,1.0,-4.454330712928474,-18.51754281294199,9.984461355835256,0.0,-0.6917854852492957,1.1381747848847539,0.38
TPSA,selfies_length,selfies_len_tokens,-13.636363636363626,raw_property,50,50,1.0,57.785000000000004,43.405,74.03750000000001,0.0,0.0,0.0,0.14
TPSA,selfies_length,selfies_len_tokens,-13.636363636363626,diagnostic_residual,50,50,1.0,-4.422343160453369,-18.51754281294199,8.559006412905969,0.0,-1.0658141036401503e-14,1.1381747848847539,0.26
TPSA,selfies_length,selfies_len_tokens,-10.606060606060597,raw_property,50,50,1.0,57.785000000000004,42.1,77.22500000000001,0.0,0.0,0.0,0.04
TPSA,selfies_length,selfies_len_tokens,-10.606060606060597,diagnostic_residual,50,50,1.0,-4.086613808983628,-18.691620272608397,8.559006412905969,0.0,-1.4210854715202004e-14,1.4210854715202004e-14,0.28
TPSA,selfies_length,selfies_len_tokens,-7.575757575757564,raw_property,50,50,1.0,57.785000000000004,42.1,77.22500000000001,0.0,0.0,0.0,0.04
TPSA,selfies_length,selfies_len_tokens,-7.575757575757564,diagnostic_residual,50,50,1.0,-4.89559120004801,-18.691620272608397,8.608446470541022,0.0,0.0,1.3988810110276972e-14,0.24
TPSA,selfies_length,selfies_len_tokens,-4.545454545454561,raw_property,50,50,1.0,57.785000000000004,42.1,77.22500000000001,0.0,0.0,0.0,0.04
TPSA,selfies_length,selfies_len_tokens,-4.545454545454561,diagnostic_residual,50,50,1.0,-2.6720784982703414,-18.691620272608397,8.608446470541022,0.0,0.0,1.3988810110276972e-14,0.24
TPSA,selfies_length,selfies_len_tokens,-1.5151515151515298,raw_property,50,50,1.0,57.785000000000004,42.1,77.22500000000001,0.0,0.0,0.0,0.04
TPSA,selfies_length,selfies_len_tokens,-1.5151515151515298,diagnostic_residual,50,50,1.0,-2.6720784982703414,-18.691620272608397,8.608446470541022,0.0,0.0,1.3988810110276972e-14,0.24
TPSA,selfies_length,selfies_len_tokens,1.5151515151515014,raw_property,50,50,1.0,57.785000000000004,42.1,77.22500000000001,0.0,0.0,0.0,0.02
TPSA,selfies_length,selfies_len_tokens,1.5151515151515014,diagnostic_residual,50,50,1.0,-2.6720784982703414,-18.691620272608397,11.399288424352498,0.0,0.0,1.3988810110276972e-14,0.32
TPSA,selfies_length,selfies_len_tokens,4.5454545454545325,raw_property,50,50,1.0,57.785000000000004,42.1,77.22500000000001,0.0,0.0,0.0,0.02
TPSA,selfies_length,selfies_len_tokens,4.5454545454545325,diagnostic_residual,50,50,1.0,-2.6720784982703414,-18.691620272608397,11.399288424352498,0.0,-1.0658141036401503e-14,1.3988810110276972e-14,0.32
TPSA,selfies_length,selfies_len_tokens,7.575757575757564,raw_property,50,50,1.0,57.785000000000004,42.1,77.22500000000001,0.0,0.0,0.0,0.02
TPSA,selfies_length,selfies_len_tokens,7.575757575757564,diagnostic_residual,50,50,1.0,-2.9143777285993306,-19.13814464373283,11.399288424352498,0.0,-1.4210854715202004e-14,1.3988810110276972e-14,0.32
TPSA,selfies_length,selfies_len_tokens,10.606060606060597,raw_property,50,50,1.0,57.785000000000004,41.7025,77.67,0.0,0.0,0.0,0.08
TPSA,selfies_length,selfies_len_tokens,10.606060606060597,diagnostic_residual,50,50,1.0,-1.7474842942486504,-21.24231083221352,11.470939392832019,0.0,-0.627150039744321,1.4210854715202004e-14,0.38
TPSA,selfies_length,selfies_len_tokens,13.636363636363626,raw_property,50,50,1.0,60.34,42.5075,78.1275,0.0,0.0,0.0,0.18
TPSA,selfies_length,selfies_len_tokens,13.636363636363626,diagnostic_residual,50,50,1.0,-0.9139649662519851,-21.206683896059154,8.468844422222048,-0.6589231795569859,-3.816304876167197,0.0,0.24
TPSA,selfies_length,selfies_len_tokens,16.666666666666657,raw_property,50,50,1.0,64.035,45.5925,83.7825,0.0,0.0,0.0,0.24
TPSA,selfies_length,selfies_len_tokens,16.666666666666657,diagnostic_residual,50,50,1.0,-6.571691059355793,-17.75096821338886,9.672270576250252,-1.950973022875992,-8.629138196036926,2.4868995751603507e-14,0.28
TPSA,selfies_length,selfies_len_tokens,19.69696969696969,raw_property,50,50,1.0,72.38,50.352500000000006,93.27499999999999,0.0,0.0,26.30000000000001,0.48
TPSA,selfies_length,selfies_len_tokens,19.69696969696969,diagnostic_residual,50,50,1.0,-0.7166771589423782,-14.803693077124002,20.53237809146771,0.0,-6.258134982780934,15.503895459202486,0.44
TPSA,selfies_length,selfies_len_tokens,22.72727272727272,raw_property,50,50,1.0,75.99000000000001,47.065,101.21000000000001,8.755000000000003,0.0,28.4,0.58
TPSA,selfies_length,selfies_len_tokens,22.72727272727272,diagnostic_residual,50,50,1.0,-3.6729446773570444,-23.173147770984706,11.993751371673767,-4.068449908034685,-13.658096050938397,15.631429826600531,0.44
TPSA,selfies_length,selfies_len_tokens,25.75757575757575,raw_property,50,50,1.0,77.16,50.69250000000001,92.6125,10.795000000000002,0.0,27.32,0.62
TPSA,selfies_length,selfies_len_tokens,25.75757575757575,diagnostic_residual,50,50,1.0,-3.4952386004287277,-23.411645862937753,11.967016307207473,-5.058590504316491,-14.722838941395317,13.63261730518547,0.4
TPSA,selfies_length,selfies_len_tokens,28.787878787878785,raw_property,50,50,1.0,79.285,58.41,103.9625,17.29999999999999,0.0,29.512500000000006,0.72
TPSA,selfies_length,selfies_len_tokens,28.787878787878785,diagnostic_residual,50,50,1.0,-5.617421084475133,-18.886962701208283,19.185147705765285,0.8416185709937949,-13.523300092711178,14.3003288761474,0.52
TPSA,selfies_length,selfies_len_tokens,31.818181818181813,raw_property,50,50,1.0,78.245,60.370000000000005,105.5325,16.335,3.662499999999998,32.21,0.78
TPSA,selfies_length,selfies_len_tokens,31.818181818181813,diagnostic_residual,50,50,1.0,-3.9463630311070688,-18.423548701907787,14.251597228449729,-0.030654730564586674,-13.97265033351539,11.69538162698707,0.5
TPSA,selfies_length,selfies_len_tokens,34.848484848484844,raw_property,50,50,1.0,81.305,65.4325,102.98500000000001,17.070000000000004,3.449999999999992,37.372499999999995,0.76
TPSA,selfies_length,selfies_len_tokens,34.848484848484844,diagnostic_residual,50,50,1.0,-1.4926154309780273,-17.083690643541804,18.000043866855176,-0.731963408740242,-15.818078430570875,17.205955981750936,0.5
TPSA,selfies_length,selfies_len_tokens,37.87878787878788,raw_property,50,50,1.0,86.145,67.955,112.0175,26.85500000000001,4.20999999999999,44.15,0.8
TPSA,selfies_length,selfies_len_tokens,37.87878787878788,diagnostic_residual,50,50,1.0,1.2504503041990631,-19.714854686316084,27.47729872708366,1.416270228926912,-11.667063560996452,22.953401085859205,0.54
TPSA,selfies_length,selfies_len_tokens,40.90909090909091,raw_property,50,50,1.0,87.225,61.97,110.035,27.865,8.727499999999996,41.707499999999996,0.82
TPSA,selfies_length,selfies_len_tokens,40.90909090909091,diagnostic_residual,50,50,1.0,5.344939858913435,-20.075960315496324,25.659814067880895,6.852243130920806,-15.394652828098314,23.342286592802118,0.6
TPSA,selfies_length,selfies_len_tokens,43.93939393939394,raw_property,50,50,1.0,87.97500000000001,65.55749999999999,121.0175,30.325,10.615000000000006,50.02000000000001,0.82
TPSA,selfies_length,selfies_len_tokens,43.93939393939394,diagnostic_residual,50,50,1.0,1.3056992257709297,-19.9934607105513,32.0705521310023,9.428920016132206,-9.402239568737155,18.653121189944113,0.66
TPSA,selfies_length,selfies_len_tokens,46.96969696969697,raw_property,50,50,1.0,89.79499999999999,65.19999999999999,114.06,29.375,10.969999999999988,45.989999999999995,0.82
TPSA,selfies_length,selfies_len_tokens,46.96969696969697,diagnostic_residual,50,50,1.0,4.6308604244530045,-18.21052545051401,22.46621340661348,7.016274638491205,-9.8285571048076,19.388852520995805,0.6
TPSA,selfies_length,selfies_len_tokens,50.0,raw_property,50,50,1.0,86.37,69.4975,123.1525,33.35,12.030000000000001,52.625,0.86
TPSA,selfies_length,selfies_len_tokens,50.0,diagnostic_residual,50,50,1.0,-0.9684994550898196,-16.308186439961524,31.22917038639428,7.246917603578563,-9.470294567149635,26.15561476497663,0.66
TPSA,selfies_length,selfies_len_tokens,53.03030303030303,raw_property,50,50,1.0,87.875,64.935,114.04000000000002,29.395,10.967500000000008,52.14000000000001,0.8
TPSA,selfies_length,selfies_len_tokens,53.03030303030303,diagnostic_residual,50,50,1.0,-2.4143757585665924,-22.439244632731775,25.847667035976254,1.8037192610582276,-14.9803123387106,33.22249474384451,0.52
TPSA,selfies_length,selfies_len_tokens,56.06060606060606,raw_property,50,50,1.0,83.17999999999999,60.947500000000005,111.905,28.255000000000003,8.457499999999996,44.4225,0.8
TPSA,selfies_length,selfies_len_tokens,56.06060606060606,diagnostic_residual,50,50,1.0,-8.272162066032529,-28.894719016230262,21.91329795243104,-1.095165577731553,-22.305740094217082,16.241064126164652,0.48
TPSA,selfies_length,selfies_len_tokens,59.09090909090909,raw_property,50,50,1.0,91.13,67.82499999999999,114.485,31.854999999999997,12.745000000000001,52.7075,0.88
TPSA,selfies_length,selfies_len_tokens,59.09090909090909,diagnostic_residual,50,50,1.0,0.10263663493766723,-22.673132480744712,22.509315644236153,6.457360158487688,-13.358798265213222,21.30134969583134,0.62
TPSA,selfies_length,selfies_len_tokens,62.121212121212125,raw_property,50,50,1.0,91.525,68.83250000000001,115.6025,29.63999999999999,11.102500000000003,50.74249999999999,0.84
TPSA,selfies_length,selfies_len_tokens,62.121212121212125,diagnostic_residual,50,50,1.0,2.4445886129545187,-27.77601986399919,22.77809907974042,5.056413536653444,-20.735236671256455,22.20565741458596,0.56
TPSA,selfies_length,selfies_len_tokens,65.15151515151516,raw_property,50,50,1.0,96.525,62.93000000000001,119.045,40.515,9.335,57.875,0.8
TPSA,selfies_length,selfies_len_tokens,65.15151515151516,diagnostic_residual,50,50,1.0,7.977205176237604,-34.719441878071535,27.253630143558436,5.660268330676153,-18.869495395281028,24.09647932835969,0.54
TPSA,selfies_length,selfies_len_tokens,68.18181818181819,raw_property,50,50,1.0,93.155,70.8725,119.805,45.97500000000001,2.042500000000002,59.775,0.74
TPSA,selfies_length,selfies_len_tokens,68.18181818181819,diagnostic_residual,50,50,1.0,-0.6321886268213887,-48.34068688071082,27.384224747028984,3.9763329697703185,-41.43902366188641,21.896693336884507,0.52
TPSA,selfies_length,selfies_len_tokens,71.21212121212122,raw_property,50,50,1.0,82.985,60.40250000000001,111.06,36.39,-2.3349999999999937,55.18749999999999,0.7
TPSA,selfies_length,selfies_len_tokens,71.21212121212122,diagnostic_residual,50,50,1.0,-16.148882548524803,-51.8338627159821,11.894071604642482,-16.91770585490304,-60.751322527248234,12.92314323716627,0.42
TPSA,selfies_length,selfies_len_tokens,74.24242424242425,raw_property,50,50,1.0,101.41999999999999,67.6725,118.965,36.260000000000005,7.597500000000003,58.347500000000004,0.78
TPSA,selfies_length,selfies_len_tokens,74.24242424242425,diagnostic_residual,50,50,1.0,-17.30284842366921,-67.88600320774485,15.10799357080679,-1.6979233977421089,-67.34363111047885,18.4876874181369,0.48
TPSA,selfies_length,selfies_len_tokens,77.27272727272728,raw_property,50,50,1.0,91.91,61.290000000000006,134.785,41.724999999999994,13.81,65.69,0.82
TPSA,selfies_length,selfies_len_tokens,77.27272727272728,diagnostic_residual,50,50,1.0,-24.29413878006512,-76.29790299818646,-5.320360606511226,-26.55682522094567,-69.47182459487614,3.2582020398398193,0.32
TPSA,selfies_length,selfies_len_tokens,80.30303030303031,raw_property,50,50,1.0,87.225,54.64,127.21499999999999,42.88499999999999,0.4600000000000044,62.6925,0.74
TPSA,selfies_length,selfies_len_tokens,80.30303030303031,diagnostic_residual,50,50,1.0,-53.95637762488615,-108.76851488720538,-0.908055504246672,-39.770615906797005,-96.29277800284154,7.023170096919784,0.34
TPSA,selfies_length,selfies_len_tokens,83.33333333333334,raw_property,50,50,1.0,93.935,53.8475,135.79000000000002,41.03,4.299999999999994,68.70499999999998,0.78
TPSA,selfies_length,selfies_len_tokens,83.33333333333334,diagnostic_residual,50,50,1.0,-56.79353858555639,-117.55860289298889,11.03062110412878,-37.81600915127618,-98.12913320669297,10.776954528383547,0.34
TPSA,selfies_length,selfies_len_tokens,86.36363636363637,raw_property,50,50,1.0,93.75,55.1425,136.3725,48.98500000000002,1.149999999999995,69.17249999999999,0.76
TPSA,selfies_length,selfies_len_tokens,86.36363636363637,diagnostic_residual,50,50,1.0,-50.576444123511294,-116.20456744974697,4.512871751399552,-57.29844141252807,-104.39511938834761,8.05198994170781,0.3
TPSA,selfies_length,selfies_len_tokens,89.3939393939394,raw_property,50,50,1.0,108.79000000000002,73.01750000000001,133.87,47.51500000000001,14.022499999999987,81.665,0.84
TPSA,selfies_length,selfies_len_tokens,89.3939393939394,diagnostic_residual,50,50,1.0,-54.6772536311936,-102.74004365683564,11.731015091794713,-47.7058864044411,-92.09507233145972,7.939738401060193,0.32
TPSA,selfies_length,selfies_len_tokens,92.42424242424244,raw_property,50,50,1.0,116.265,65.2575,161.48250000000002,56.86500000000001,16.617499999999996,85.39250000000003,0.88
TPSA,selfies_length,selfies_len_tokens,92.42424242424244,diagnostic_residual,50,50,1.0,-43.09869746037967,-101.8002875948192,18.04199319520185,-46.007620634322976,-87.30976789977862,13.090441787703714,0.32
TPSA,selfies_length,selfies_len_tokens,95.45454545454544,raw_property,50,50,1.0,111.82499999999999,75.88999999999999,147.9425,54.485,22.567500000000003,87.12,0.82
TPSA,selfies_length,selfies_len_tokens,95.45454545454544,diagnostic_residual,50,50,1.0,-58.35957715944056,-88.1059518750482,-5.725544524541089,-56.67405523982703,-88.41977563757249,6.782549240726732,0.28
TPSA,selfies_length,selfies_len_tokens,98.48484848484848,raw_property,50,50,1.0,109.44,71.2625,161.9825,53.49000000000001,26.0575,97.54750000000004,0.86
TPSA,selfies_length,selfies_len_tokens,98.48484848484848,diagnostic_residual,50,50,1.0,-58.59468167354166,-97.37206174476951,-16.823496723225723,-46.51322484595442,-100.77938222392808,-11.991592144127774,0.22
TPSA,selfies_length,selfies_len_tokens,101.5151515151515,raw_property,50,50,1.0,115.20499999999998,64.7925,155.79500000000002,47.63499999999999,12.112499999999997,90.8075,0.84
TPSA,selfies_length,selfies_len_tokens,101.5151515151515,diagnostic_residual,50,50,1.0,-57.341534858476976,-99.30735787752721,-9.442230394239033,-61.130528564076776,-93.70496997178873,-20.825426566130073,0.22
TPSA,selfies_length,selfies_len_tokens,104.54545454545452,raw_property,50,50,1.0,104.485,78.47,156.32,56.050000000000004,9.592500000000001,88.44749999999999,0.84
TPSA,selfies_length,selfies_len_tokens,104.54545454545452,diagnostic_residual,50,50,1.0,-72.1391139333497,-105.07056525911892,-19.050659596578548,-57.989118158652765,-107.64703737424027,-12.77145012347851,0.18
TPSA,selfies_length,selfies_len_tokens,107.57575757575756,raw_property,50,50,1.0,108.00999999999999,69.70750000000001,147.76250000000002,45.63000000000002,19.0075,90.46000000000001,0.8
TPSA,selfies_length,selfies_len_tokens,107.57575757575756,diagnostic_residual,50,50,1.0,-77.41185646430796,-109.55354691947824,-22.707287234789842,-57.188549192466034,-107.75309756568409,-25.994324627694063,0.12
TPSA,selfies_length,selfies_len_tokens,110.60606060606062,raw_property,50,50,1.0,109.57,82.2825,158.785,56.05,19.644999999999996,93.11749999999999,0.82
TPSA,selfies_length,selfies_len_tokens,110.60606060606062,diagnostic_residual,50,50,1.0,-73.05254490917842,-104.16060279762502,-29.427902906282327,-62.81354427387575,-101.69312526553009,-29.171318218499195,0.12
TPSA,selfies_length,selfies_len_tokens,113.63636363636364,raw_property,50,50,1.0,118.62499999999997,65.7125,180.255,53.945,13.240000000000002,109.94249999999998,0.78
TPSA,selfies_length,selfies_len_tokens,113.63636363636364,diagnostic_residual,50,50,1.0,-64.31287370496969,-108.97288669511997,-6.375805111356549,-58.163762738119885,-102.9671464248271,-6.185456301845719,0.22
TPSA,selfies_length,selfies_len_tokens,116.66666666666669,raw_property,50,50,1.0,120.36000000000001,95.88250000000001,176.97750000000002,71.93,24.442499999999995,116.93,0.9
TPSA,selfies_length,selfies_len_tokens,116.66666666666669,diagnostic_residual,50,50,1.0,-44.88385800997025,-90.47654346738986,2.5672495975063825,-40.69114383759415,-89.02179953316327,-4.385268401307428,0.24
TPSA,selfies_length,selfies_len_tokens,119.69696969696967,raw_property,50,50,1.0,136.9,93.12,184.635,72.08499999999998,28.304999999999993,124.17749999999998,0.84
TPSA,selfies_length,selfies_len_tokens,119.69696969696967,diagnostic_residual,50,50,1.0,-37.62209950797782,-97.99181835924873,7.694088638187701,-33.952967698604,-99.7452793224469,-1.9713654264210163,0.24
TPSA,selfies_length,selfies_len_tokens,122.72727272727276,raw_property,50,50,1.0,138.29,101.7175,173.1025,65.67999999999998,27.2325,113.15500000000003,0.88
TPSA,selfies_length,selfies_len_tokens,122.72727272727276,diagnostic_residual,50,50,1.0,-38.14509658271581,-88.36567954581005,3.2965870655193323,-39.632024220786676,-91.9164474546627,-2.0759782916073135,0.24
TPSA,selfies_length,selfies_len_tokens,125.75757575757576,raw_property,50,50,1.0,137.70499999999998,83.4675,190.38500000000005,71.46000000000001,34.725,117.52499999999999,0.88
TPSA,selfies_length,selfies_len_tokens,125.75757575757576,diagnostic_residual,50,50,1.0,-34.2304551807255,-93.11707739442853,-0.8719106105254042,-37.33544324815867,-84.59489210864535,-3.3764617713860483,0.24
TPSA,selfies_length,selfies_len_tokens,128.7878787878788,raw_property,50,50,1.0,129.37000000000003,90.2925,187.57000000000005,66.28999999999999,29.442499999999995,132.64249999999998,0.9
TPSA,selfies_length,selfies_len_tokens,128.7878787878788,diagnostic_residual,50,50,1.0,-34.92241791448119,-90.21427011975553,19.866125055871436,-43.992443284921535,-85.64504042632883,15.10980120585262,0.3
TPSA,selfies_length,selfies_len_tokens,131.8181818181818,raw_property,50,50,1.0,132.505,80.3925,176.9975,66.58000000000001,26.577500000000004,122.89500000000002,0.84
TPSA,selfies_length,selfies_len_tokens,131.8181818181818,diagnostic_residual,50,50,1.0,-48.48510569300757,-97.92216774928602,-6.197857898893254,-53.27848996297077,-92.13609614411521,4.494514057103018,0.26
TPSA,selfies_length,selfies_len_tokens,134.84848484848487,raw_property,50,50,1.0,135.18,90.4975,187.3075,75.37499999999999,25.7675,134.15249999999997,0.88
TPSA,selfies_length,selfies_len_tokens,134.84848484848487,diagnostic_residual,50,50,1.0,-27.030706371572812,-92.54557400177653,13.384097584545316,-24.73984684634103,-92.10766277467796,12.333907748821389,0.34
TPSA,selfies_length,selfies_len_tokens,137.87878787878788,raw_property,50,50,1.0,142.035,88.91250000000001,188.87749999999997,76.41999999999999,34.34250000000001,138.29249999999996,0.84
TPSA,selfies_length,selfies_len_tokens,137.87878787878788,diagnostic_residual,50,50,1.0,-42.71713366502135,-94.91586017815902,14.174045113292632,-29.462203111988206,-84.37853600162934,9.553659251215155,0.3
TPSA,selfies_length,selfies_len_tokens,140.90909090909088,raw_property,50,50,1.0,137.995,71.31,186.39750000000004,81.24000000000001,22.685000000000002,122.5675,0.88
TPSA,selfies_length,selfies_len_tokens,140.90909090909088,diagnostic_residual,50,50,1.0,-43.043365071732225,-96.5740522219248,25.077181390371756,-37.912757327433525,-92.7795550218804,9.298675056809952,0.34
TPSA,selfies_length,selfies_len_tokens,143.93939393939394,raw_property,50,50,1.0,121.23500000000001,66.6,185.74250000000004,56.53500000000001,8.875000000000005,139.90000000000003,0.78
TPSA,selfies_length,selfies_len_tokens,143.93939393939394,diagnostic_residual,50,50,1.0,-60.57271599020812,-120.63332824742412,11.511571760207307,-49.638692238640616,-111.2492601525413,12.851981026233021,0.3
TPSA,selfies_length,selfies_len_tokens,146.96969696969694,raw_property,50,50,1.0,121.03500000000001,85.17750000000001,174.44750000000002,62.16499999999999,14.6675,134.235,0.82
TPSA,selfies_length,selfies_len_tokens,146.96969696969694,diagnostic_residual,50,50,1.0,-62.86968153154261,-108.24965482203467,14.477420196220244,-50.520245729314716,-101.62260188146848,25.326224391668607,0.34
TPSA,selfies_length,selfies_len_tokens,150.0,raw_property,50,50,1.0,126.09499999999997,81.77,174.82500000000002,53.57500000000003,23.104999999999997,126.62500000000001,0.86
TPSA,selfies_length,selfies_len_tokens,150.0,diagnostic_residual,50,50,1.0,-53.11191874097928,-101.37389206827555,12.636559474542963,-39.47459991775399,-100.33282409718169,1.9111751467155074,0.26
cLogP,raw_property,cLogP,-150.0,raw_property,50,50,1.0,-0.6657000000000002,-0.9553,-0.29419,-3.9740750000000036,-5.154265000000003,-2.998875,1.0
cLogP,raw_property,cLogP,-150.0,diagnostic_residual,50,50,1.0,-2.7856898935986307,-2.7856898935986307,-1.8421243278751311,-2.5837699451118477,-3.7114716992566574,-1.8651063854356,0.98
cLogP,raw_property,cLogP,-146.96969696969697,raw_property,50,50,1.0,-0.6657000000000002,-0.8597250000000001,-0.29419,-3.7307150000000022,-5.154265000000003,-3.1584,1.0
cLogP,raw_property,cLogP,-146.96969696969697,diagnostic_residual,50,50,1.0,-2.7856898935986307,-2.7856898935986307,-1.7292121568683747,-2.5837699451118477,-3.6236257872403876,-1.5822720867811573,0.98
cLogP,raw_property,cLogP,-143.93939393939394,raw_property,50,50,1.0,-0.6657000000000002,-0.956275,-0.29419,-3.8684650000000023,-5.154265000000003,-3.1584,1.0
cLogP,raw_property,cLogP,-143.93939393939394,diagnostic_residual,50,50,1.0,-2.7856898935986307,-2.7856898935986307,-1.7292121568683747,-2.726091179190216,-3.6236257872403876,-1.6409565321067963,0.98
cLogP,raw_property,cLogP,-140.9090909090909,raw_property,50,50,1.0,-0.6657000000000002,-0.9906900000000002,-0.29419,-3.8684650000000023,-5.218995000000004,-2.9418,1.0
cLogP,raw_property,cLogP,-140.9090909090909,diagnostic_residual,50,50,1.0,-2.6095302598623293,-2.7856898935986307,-1.726151820346784,-2.559156027842425,-3.587694847687923,-1.8486481925935045,0.98
cLogP,raw_property,cLogP,-137.87878787878788,raw_property,50,50,1.0,-0.6657000000000002,-1.0429050000000002,-0.3034,-4.072260000000002,-5.218995000000004,-2.9418,1.0
cLogP,raw_property,cLogP,-137.87878787878788,diagnostic_residual,50,50,1.0,-2.6466933980888836,-2.7856898935986307,-1.7140395779993172,-2.7515953428129682,-3.3853363081609187,-1.9055340771461395,0.98
cLogP,raw_property,cLogP,-134.84848484848484,raw_property,50,50,1.0,-0.6657000000000002,-0.9759400000000001,-0.3034,-4.001410000000002,-5.154265000000003,-2.955975,1.0
cLogP,raw_property,cLogP,-134.84848484848484,diagnostic_residual,50,50,1.0,-2.6158972992594265,-2.7856898935986307,-1.6136648051315237,-2.450436085101777,-3.3853363081609187,-1.7846372042434462,0.98
cLogP,raw_property,cLogP,-131.8181818181818,raw_property,50,50,1.0,-0.6657000000000002,-0.9784450000000002,-0.394875,-4.038100000000002,-5.225970000000004,-2.955975,1.0
cLogP,raw_property,cLogP,-131.8181818181818,diagnostic_residual,50,50,1.0,-2.6466933980888836,-2.7856898935986307,-1.8266490171393832,-2.6959300671043627,-3.3853363081609187,-1.7577450233590464,0.98
cLogP,raw_property,cLogP,-128.78787878787878,raw_property,50,50,1.0,-0.6657000000000002,-1.18073,-0.394875,-4.098750000000002,-5.225970000000004,-2.955975,1.0
cLogP,raw_property,cLogP,-128.78787878787878,diagnostic_residual,50,50,1.0,-2.5645769399346925,-2.8257697029981257,-1.8463791501062372,-2.7013310096962764,-3.4012888292514933,-1.7577450233590464,0.98
cLogP,raw_property,cLogP,-125.75757575757576,raw_property,50,50,1.0,-0.74911,-1.36869,-0.4049999999999999,-4.077050000000002,-5.572960000000003,-2.955975,1.0
cLogP,raw_property,cLogP,-125.75757575757576,diagnostic_residual,50,50,1.0,-2.6466933980888836,-2.9542432445790063,-1.9701110896419385,-2.7698095760213297,-3.500064375832724,-2.035807968732005,0.98
cLogP,raw_property,cLogP,-122.72727272727272,raw_property,50,50,1.0,-0.74911,-1.406265,-0.40510499999999994,-4.181400000000001,-5.482700000000003,-3.144070000000001,1.0
cLogP,raw_property,cLogP,-122.72727272727272,diagnostic_residual,50,50,1.0,-2.6176639862707543,-2.9283781920422216,-1.9033594977273196,-2.73419347708777,-3.500064375832724,-1.9988740119239312,0.98
cLogP,raw_property,cLogP,-119.69696969696967,raw_property,50,50,1.0,-0.7278600000000001,-1.2387800000000002,-0.5770150000000001,-4.5447900000000025,-5.437400000000004,-2.931555,1.0
cLogP,raw_property,cLogP,-119.69696969696967,diagnostic_residual,50,50,1.0,-2.3618110522454465,-2.7856898935986307,-1.990664810847982,-2.73419347708777,-3.500064375832724,-1.9782224578555023,0.98
cLogP,raw_property,cLogP,-116.66666666666666,raw_property,50,50,1.0,-0.7401249999999995,-1.2342250000000001,-0.582625,-4.5447900000000025,-5.414755000000005,-2.931555,1.0
cLogP,raw_property,cLogP,-116.66666666666666,diagnostic_residual,50,50,1.0,-2.463143124496478,-2.7856898935986307,-2.0304615926165024,-2.7479849311038524,-3.4870699429520813,-2.0445961223572233,0.98
cLogP,raw_property,cLogP,-113.63636363636364,raw_property,50,50,1.0,-0.7188100000000002,-1.228155,-0.4422,-4.3290700000000015,-5.414755000000005,-2.973277500000002,1.0
cLogP,raw_property,cLogP,-113.63636363636364,diagnostic_residual,50,50,1.0,-2.4679437211253674,-2.7856898935986307,-1.8990091617967109,-2.6542790085029546,-3.4179757872403873,-1.9342603441751915,1.0
cLogP,raw_property,cLogP,-110.6060606060606,raw_property,50,50,1.0,-0.6986600000000001,-1.0741049999999999,-0.4680250000000001,-4.232460000000001,-5.518965000000004,-3.028890000000001,1.0
cLogP,raw_property,cLogP,-110.6060606060606,diagnostic_residual,50,50,1.0,-2.3147500318180994,-2.7856898935986307,-1.907635546320831,-2.5869861434831023,-3.3267076166000247,-1.8770672317438286,1.0
cLogP,raw_property,cLogP,-107.57575757575758,raw_property,50,50,1.0,-0.6931499999999999,-1.049905,-0.42497250000000014,-4.381975000000001,-5.586240000000003,-3.06535,1.0
cLogP,raw_property,cLogP,-107.57575757575758,diagnostic_residual,50,50,1.0,-2.345507759312748,-2.7856898935986307,-1.9709009994465163,-2.7452593940584125,-3.3269323226119956,-1.8459347940244226,1.0
cLogP,raw_property,cLogP,-104.54545454545456,raw_property,50,50,1.0,-0.79027,-1.301405,-0.430275,-4.232460000000001,-5.791617500000003,-3.028890000000001,1.0
cLogP,raw_property,cLogP,-104.54545454545456,diagnostic_residual,50,50,1.0,-2.452319493024923,-2.7856898935986307,-2.1206752452725155,-2.882936472943989,-3.4810242252826678,-1.7322873525510425,1.0
cLogP,raw_property,cLogP,-101.51515151515152,raw_property,50,50,1.0,-0.79027,-1.265105,-0.3915,-4.232460000000001,-5.791337500000003,-2.780682500000001,1.0
cLogP,raw_property,cLogP,-101.51515151515152,diagnostic_residual,50,50,1.0,-2.452319493024923,-2.8297068322643373,-2.0119154495012257,-2.9006913684346216,-3.4179757872403873,-1.742842642517991,0.98
cLogP,raw_property,cLogP,-98.48484848484848,raw_property,50,50,1.0,-0.8365000000000001,-1.2666875,-0.394875,-4.33931,-5.799200000000004,-2.7598325000000012,1.0
cLogP,raw_property,cLogP,-98.48484848484848,diagnostic_residual,50,50,1.0,-2.5123417459771384,-2.9698131696537837,-2.1924332816638166,-2.8508045476339583,-3.4623556098364614,-1.7804187331860395,0.98
cLogP,raw_property,cLogP,-95.45454545454544,raw_property,50,50,1.0,-0.8365000000000001,-1.454345,-0.394875,-4.382450000000001,-5.805790000000004,-2.8965000000000005,1.0
cLogP,raw_property,cLogP,-95.45454545454544,diagnostic_residual,50,50,1.0,-2.567813212012817,-2.934370559403815,-2.0844615947177996,-2.697229463407433,-3.6076852572197176,-1.776149456597433,0.98
cLogP,raw_property,cLogP,-92.42424242424242,raw_property,50,50,1.0,-0.8599,-1.3942249999999998,-0.4193249999999999,-4.3656500000000005,-5.752680000000003,-2.918422500000002,1.0
cLogP,raw_property,cLogP,-92.42424242424242,diagnostic_residual,50,50,1.0,-2.5076887636475735,-3.04938546125812,-1.965992206506162,-2.753096681849308,-3.4090950943025184,-1.8808937746577554,0.98
cLogP,raw_property,cLogP,-89.39393939393939,raw_property,50,50,1.0,-0.8966000000000001,-1.4183749999999997,-0.3370499999999999,-4.407050000000001,-5.752680000000003,-2.6906,1.0
cLogP,raw_property,cLogP,-89.39393939393939,diagnostic_residual,50,50,1.0,-2.5452819840901046,-3.1183381738563822,-1.7388938722204599,-2.68348631003453,-3.5878272738897197,-1.9202134163314943,1.0
cLogP,raw_property,cLogP,-86.36363636363637,raw_property,50,50,1.0,-0.7381500000000002,-1.2560999999999993,-0.31762499999999994,-4.367450000000002,-5.4251400000000025,-2.8227325,1.0
cLogP,raw_property,cLogP,-86.36363636363637,diagnostic_residual,50,50,1.0,-2.465272782133484,-3.085897325290467,-1.8508652254239313,-2.7416504307292597,-3.5379254346351283,-1.9202134163314943,0.98
cLogP,raw_property,cLogP,-83.33333333333333,raw_property,50,50,1.0,-0.6847500000000001,-1.3014499999999998,-0.2911749999999999,-4.337005000000001,-5.202575000000001,-2.996055000000001,1.0
cLogP,raw_property,cLogP,-83.33333333333333,diagnostic_residual,50,50,1.0,-2.423524827155768,-3.065048929790368,-1.6534646369494137,-2.6926869661741204,-3.66141437829552,-1.9202134163314943,0.98
cLogP,raw_property,cLogP,-80.3030303030303,raw_property,50,50,1.0,-0.9415499999999998,-1.2733249999999996,-0.2919775,-4.501299999999999,-5.2557500000000035,-2.996055000000001,1.0
cLogP,raw_property,cLogP,-80.3030303030303,diagnostic_residual,50,50,1.0,-2.5140066094766604,-3.113841278936741,-1.6811431185585675,-2.738225267109725,-3.5561562441512238,-2.1367889670649602,0.96
cLogP,raw_property,cLogP,-77.27272727272728,raw_property,50,50,1.0,-0.9398999999999995,-1.2481274999999996,-0.20107249999999996,-4.501299999999999,-5.202575000000001,-2.9315250000000015,1.0
cLogP,raw_property,cLogP,-77.27272727272728,diagnostic_residual,50,50,1.0,-2.5425199217465164,-3.018428509823666,-1.925805048986756,-2.774969916503947,-3.5510377716888937,-2.167187015141687,0.96
cLogP,raw_property,cLogP,-74.24242424242425,raw_property,50,50,1.0,-0.8684500000000002,-1.2481274999999996,-0.09825500000000001,-4.424210000000001,-5.202575000000001,-2.5019300000000007,0.98
cLogP,raw_property,cLogP,-74.24242424242425,diagnostic_residual,50,50,1.0,-2.5565045210011705,-3.0684136925807852,-1.5285937887616659,-2.725841570044338,-3.6501399900971134,-2.011545282114786,0.96
cLogP,raw_property,cLogP,-71.21212121212122,raw_property,50,50,1.0,-0.6727500000000001,-1.1997075000000001,0.34002499999999997,-3.993410000000002,-5.167785000000003,-2.254500000000001,0.98
cLogP,raw_property,cLogP,-71.21212121212122,diagnostic_residual,50,50,1.0,-2.5015141821617872,-3.0725638882447504,-1.1018450229100565,-2.616044654928679,-3.429841473268931,-1.5782602524387455,0.98
cLogP,raw_property,cLogP,-68.18181818181819,raw_property,50,50,1.0,-0.5072000000000001,-1.0455750000000001,0.3454,-3.9512600000000027,-5.053975000000005,-2.44145,0.98
cLogP,raw_property,cLogP,-68.18181818181819,diagnostic_residual,50,50,1.0,-2.341131501213508,-2.9509633666817354,-1.2286900503636977,-2.616044654928679,-3.1755939458896187,-1.6219044095048676,0.98
cLogP,raw_property,cLogP,-65.15151515151516,raw_property,50,50,1.0,-0.40084999999999993,-0.9289499999999999,0.5808949999999999,-3.7732200000000007,-4.782130000000002,-2.2676250000000007,0.98
cLogP,raw_property,cLogP,-65.15151515151516,diagnostic_residual,50,50,1.0,-2.109363170142645,-3.156970091910954,-1.246807421222052,-2.5586855971467575,-3.122427978014633,-1.412764962870695,0.98
cLogP,raw_property,cLogP,-62.121212121212125,raw_property,50,50,1.0,-0.43010000000000026,-0.8554999999999999,0.6225749999999997,-3.763670000000001,-4.822560000000002,-2.2017750000000014,0.98
cLogP,raw_property,cLogP,-62.121212121212125,diagnostic_residual,50,50,1.0,-2.047214220817005,-3.3146874156691686,-1.0937609738086465,-2.4835855268856664,-3.4078797837184194,-1.4038868524187527,0.98
cLogP,raw_property,cLogP,-59.09090909090909,raw_property,50,50,1.0,-0.30370000000000014,-0.9640749999999998,1.02592,-3.499560000000004,-4.732465000000002,-2.106027500000001,0.98
cLogP,raw_property,cLogP,-59.09090909090909,diagnostic_residual,50,50,1.0,-1.9457413515578796,-3.2090403319539242,-1.072193785720587,-2.116191381686322,-3.403581543224111,-1.521706814653554,0.98
cLogP,raw_property,cLogP,-56.06060606060606,raw_property,50,50,1.0,-0.38625,-0.883674999999999,1.065875,-3.402065000000002,-4.653300000000006,-2.253532500000002,0.98
cLogP,raw_property,cLogP,-56.06060606060606,diagnostic_residual,50,50,1.0,-2.006859780431764,-2.96266676815641,-1.1234939042083958,-2.178869525562952,-3.2967631971591307,-1.4270398558889523,0.96
cLogP,raw_property,cLogP,-53.03030303030303,raw_property,50,50,1.0,0.23633999999999988,-0.6435,1.038325,-3.373015000000002,-4.588850000000004,-1.7877649999999998,0.98
cLogP,raw_property,cLogP,-53.03030303030303,diagnostic_residual,50,50,1.0,-2.0164447653392825,-2.9494746904352036,-1.0496866576103234,-2.1789342269554215,-3.282534442792733,-1.2947719247862295,0.96
cLogP,raw_property,cLogP,-50.0,raw_property,50,50,1.0,0.3244849999999998,-0.3885000000000002,1.2487874999999997,-3.021250000000003,-4.040525000000006,-1.8486975,0.98
cLogP,raw_property,cLogP,-50.0,diagnostic_residual,50,50,1.0,-1.950615398148777,-2.6877101410351116,-1.0103434172537218,-2.149910596200374,-2.9881734065839662,-1.198419310268145,0.96
cLogP,raw_property,cLogP,-46.96969696969697,raw_property,50,50,1.0,0.39335,-0.1927249999999999,1.43725,-2.7029500000000004,-3.5981300000000025,-1.4872000000000005,0.96
cLogP,raw_property,cLogP,-46.96969696969697,diagnostic_residual,50,50,1.0,-1.8109030361435723,-2.5492447769375337,-0.7970962494911742,-1.7509456347937529,-2.6177432337894517,-0.9457510173572645,0.94
cLogP,raw_property,cLogP,-43.93939393939394,raw_property,50,50,1.0,0.9327599999999999,0.06174249999999995,1.731625,-2.128450000000003,-3.438182500000001,-1.1925100000000008,0.94
cLogP,raw_property,cLogP,-43.93939393939394,diagnostic_residual,50,50,1.0,-1.6951311106290783,-2.3152759293843754,-0.6888990264239507,-1.3968551475550766,-2.641365157197675,-0.8181942888835164,0.9
cLogP,raw_property,cLogP,-40.90909090909091,raw_property,50,50,1.0,1.538735,0.6508250000000001,2.15844,-1.7995050000000004,-3.2033500000000035,-1.0663500000000004,0.92
cLogP,raw_property,cLogP,-40.90909090909091,diagnostic_residual,50,50,1.0,-1.361371871183461,-1.9165184099106551,-0.20982948155781242,-1.1158909028973023,-2.270400644896066,-0.5606326090302594,0.88
cLogP,raw_property,cLogP,-37.87878787878788,raw_property,50,50,1.0,1.4591999999999996,0.72765,2.6941775000000012,-1.6779500000000012,-2.4397750000000045,-1.0284500000000005,0.88
cLogP,raw_property,cLogP,-37.87878787878788,diagnostic_residual,50,50,1.0,-0.9647426605217698,-1.7603566291426171,-0.10958044277608892,-1.110147825895307,-1.949067223154441,-0.47691610823299435,0.82
cLogP,raw_property,cLogP,-34.848484848484844,raw_property,50,50,1.0,2.10311,1.2542875,2.898265000000001,-1.0633,-2.0078000000000022,-0.3532250000000002,0.84
cLogP,raw_property,cLogP,-34.848484848484844,diagnostic_residual,50,50,1.0,-0.7406806778789635,-1.3264926484734458,0.3683285242446422,-0.734399243029162,-1.4751305349070813,-0.009250195215536453,0.78
cLogP,raw_property,cLogP,-31.818181818181813,raw_property,50,50,1.0,2.724500000000001,1.5222200000000001,3.342880000000002,-0.6848100000000004,-1.4977275000000023,-0.024372500000000907,0.78
cLogP,raw_property,cLogP,-31.818181818181813,diagnostic_residual,50,50,1.0,-0.21805003249476582,-1.031957703204469,0.5024627023117989,-0.2594141158888885,-1.048927744786259,-1.3877787807814457e-17,0.74
cLogP,raw_property,cLogP,-28.787878787878785,raw_property,50,50,1.0,2.881460000000001,1.63955,3.8203500000000017,-0.09125000000000028,-1.0023275000000007,0.0,0.54
cLogP,raw_property,cLogP,-28.787878787878785,diagnostic_residual,50,50,1.0,0.0712265996991876,-0.9683363029161118,0.6179236518396708,-1.1657341758564144e-15,-0.6843897395545585,0.0,0.64
cLogP,raw_property,cLogP,-25.757575757575765,raw_property,50,50,1.0,2.9818100000000016,1.932825,4.165625000000003,0.0,-0.5660750000000012,0.0,0.4
cLogP,raw_property,cLogP,-25.757575757575765,diagnostic_residual,50,50,1.0,0.1388090307290599,-0.7605856765644738,0.8278755099440914,-4.440892098500626e-16,-0.2473539463615092,1.6653345369377348e-16,0.56
cLogP,raw_property,cLogP,-22.727272727272734,raw_property,50,50,1.0,3.1678400000000013,2.176525,4.277625000000004,0.0,-0.1226499999999991,0.0,0.28
cLogP,raw_property,cLogP,-22.727272727272734,diagnostic_residual,50,50,1.0,0.20395347162601668,-0.6369067356237008,0.9256269540805293,0.0,-9.853229343548264e-16,3.885780586188048e-16,0.46
cLogP,raw_property,cLogP,-19.69696969696969,raw_property,50,50,1.0,3.1586500000000006,2.176525,4.277625000000004,0.0,0.0,0.0,0.2
cLogP,raw_property,cLogP,-19.69696969696969,diagnostic_residual,50,50,1.0,0.23552864271417534,-0.6618089609182232,0.958721173362706,0.0,-8.326672684688674e-16,4.440892098500626e-16,0.4
cLogP,raw_property,cLogP,-16.666666666666657,raw_property,50,50,1.0,3.115740000000002,2.298575,4.299875000000003,0.0,0.0,0.0,0.1
cLogP,raw_property,cLogP,-16.666666666666657,diagnostic_residual,50,50,1.0,0.27988704146969523,-0.6058077011115385,0.9257818056580259,0.0,-5.35162192338845e-16,1.734723475976807e-16,0.4
cLogP,raw_property,cLogP,-13.636363636363626,raw_property,50,50,1.0,3.115740000000002,2.3599250000000005,4.299875000000003,0.0,0.0,0.0,0.06
cLogP,raw_property,cLogP,-13.636363636363626,diagnostic_residual,50,50,1.0,0.2673436928026318,-0.6058077011115385,0.9257818056580259,0.0,-5.35162192338845e-16,2.0816681711721685e-17,0.4
cLogP,raw_property,cLogP,-10.606060606060597,raw_property,50,50,1.0,3.115740000000002,2.29035,4.470600000000003,0.0,0.0,0.0,0.04
cLogP,raw_property,cLogP,-10.606060606060597,diagnostic_residual,50,50,1.0,0.28023318365683303,-0.6058077011115385,0.9257818056580259,0.0,-6.34041430469523e-16,0.0,0.42
cLogP,raw_property,cLogP,-7.575757575757564,raw_property,50,50,1.0,3.115740000000002,2.3599250000000005,4.470600000000003,0.0,0.0,0.0,0.02
cLogP,raw_property,cLogP,-7.575757575757564,diagnostic_residual,50,50,1.0,0.28023318365683303,-0.6058077011115385,0.9257818056580259,0.0,-5.35162192338845e-16,0.0,0.4
cLogP,raw_property,cLogP,-4.545454545454561,raw_property,50,50,1.0,3.115740000000002,2.3599250000000005,4.505040000000004,0.0,0.0,0.0,0.02
cLogP,raw_property,cLogP,-4.545454545454561,diagnostic_residual,50,50,1.0,0.28023318365683303,-0.6058077011115385,0.9257818056580259,0.0,-5.35162192338845e-16,2.0816681711721685e-17,0.4
cLogP,raw_property,cLogP,-1.5151515151515298,raw_property,50,50,1.0,3.115740000000002,2.3599250000000005,4.505040000000004,0.0,0.0,0.0,0.02
cLogP,raw_property,cLogP,-1.5151515151515298,diagnostic_residual,50,50,1.0,0.28023318365683303,-0.6058077011115385,0.9257818056580259,0.0,-5.35162192338845e-16,2.0816681711721685e-17,0.4
cLogP,raw_property,cLogP,1.5151515151515014,raw_property,50,50,1.0,3.115740000000002,2.3599250000000005,4.505040000000004,0.0,0.0,0.0,0.04
cLogP,raw_property,cLogP,1.5151515151515014,diagnostic_residual,50,50,1.0,0.328251308299887,-0.6058077011115385,0.9257818056580259,0.0,-5.204170427930421e-16,1.734723475976807e-16,0.28
cLogP,raw_property,cLogP,4.5454545454545325,raw_property,50,50,1.0,3.2390400000000015,2.3599250000000005,4.401600000000003,0.0,0.0,0.0,0.04
cLogP,raw_property,cLogP,4.5454545454545325,diagnostic_residual,50,50,1.0,0.28023318365683303,-0.6058077011115385,0.9257818056580259,0.0,-5.35162192338845e-16,1.734723475976807e-16,0.28
cLogP,raw_property,cLogP,7.575757575757564,raw_property,50,50,1.0,3.2390400000000015,2.3599250000000005,4.401600000000003,0.0,0.0,0.0,0.04
cLogP,raw_property,cLogP,7.575757575757564,diagnostic_residual,50,50,1.0,0.28023318365683303,-0.6058077011115385,0.9257818056580259,0.0,-5.35162192338845e-16,1.734723475976807e-16,0.28
cLogP,raw_property,cLogP,10.606060606060597,raw_property,50,50,1.0,3.2936500000000017,2.3599250000000005,4.401600000000003,0.0,0.0,0.0,0.08
cLogP,raw_property,cLogP,10.606060606060597,diagnostic_residual,50,50,1.0,0.28023318365683303,-0.6058077011115385,0.9617170314130936,0.0,-6.34041430469523e-16,1.734723475976807e-16,0.28
cLogP,raw_property,cLogP,13.636363636363626,raw_property,50,50,1.0,3.3730000000000016,2.3599250000000005,4.401600000000003,0.0,0.0,0.0,0.12
cLogP,raw_property,cLogP,13.636363636363626,diagnostic_residual,50,50,1.0,0.28023318365683303,-0.4964426353323167,0.9617170314130936,0.0,-8.326672684688674e-16,1.734723475976807e-16,0.28
cLogP,raw_property,cLogP,16.666666666666657,raw_property,50,50,1.0,3.831000000000002,2.4311750000000005,4.423200000000003,0.0,0.0,0.0,0.24
cLogP,raw_property,cLogP,16.666666666666657,diagnostic_residual,50,50,1.0,0.14872845103915505,-0.605220078362574,0.9569120452378319,0.0,-8.326672684688674e-16,7.771561172376096e-16,0.34
cLogP,raw_property,cLogP,19.69696969696969,raw_property,50,50,1.0,4.011700000000002,2.614650000000001,4.7853350000000034,0.0,0.0,0.7060750000000018,0.4
cLogP,raw_property,cLogP,19.69696969696969,diagnostic_residual,50,50,1.0,0.1141380789987049,-0.6616130866685683,1.0519510819507452,0.0,-0.14376243419895313,0.11072316180106379,0.42
cLogP,raw_property,cLogP,22.72727272727272,raw_property,50,50,1.0,4.061790000000004,2.4311750000000005,5.231060000000004,0.07985000000000086,0.0,1.0021000000000018,0.5
cLogP,raw_property,cLogP,22.72727272727272,diagnostic_residual,50,50,1.0,-0.0408159807663066,-0.7605856765644738,0.9810899974804739,0.0,-0.6054845588919294,0.2507823937312723,0.44
cLogP,raw_property,cLogP,25.75757575757575,raw_property,50,50,1.0,4.256800000000003,2.636625000000001,5.465215000000004,0.4213500000000012,0.0,1.4249750000000005,0.58
cLogP,raw_property,cLogP,25.75757575757575,diagnostic_residual,50,50,1.0,0.24315297717934745,-0.7781742407003884,1.0441359057698916,0.0,-0.6054845588919294,0.44986113459177923,0.46
cLogP,raw_property,cLogP,28.787878787878785,raw_property,50,50,1.0,4.547960000000003,2.9329500000000013,5.849672500000005,1.2679350000000014,0.0,1.8883475000000038,0.7
cLogP,raw_property,cLogP,28.787878787878785,diagnostic_residual,50,50,1.0,0.5277436670007765,-0.5140502419804647,1.3907243349717235,0.33928928174757145,-0.28972636362236814,0.8440934483108642,0.6
cLogP,raw_property,cLogP,31.818181818181813,raw_property,50,50,1.0,4.730995000000004,3.5869750000000025,6.060190000000006,1.4198500000000007,0.4083925000000017,2.336792500000004,0.8
cLogP,raw_property,cLogP,31.818181818181813,diagnostic_residual,50,50,1.0,0.5653778057230385,-0.4194600403767423,1.4184828999277692,0.49417089520169855,-0.52653970887973,1.0945869428288557,0.6
cLogP,raw_property,cLogP,34.848484848484844,raw_property,50,50,1.0,5.265490000000005,3.923600000000002,6.311665000000006,1.6473000000000018,0.5678400000000012,2.4326300000000023,0.84
cLogP,raw_property,cLogP,34.848484848484844,diagnostic_residual,50,50,1.0,0.9033837093699053,-0.2620071018513419,1.6541217086453783,0.6139825116571658,-0.612730617289657,1.2490296960772405,0.64
cLogP,raw_property,cLogP,37.87878787878788,raw_property,50,50,1.0,5.360440000000006,3.8465350000000016,6.556325000000006,1.7474000000000016,0.7381250000000024,2.8392750000000024,0.86
cLogP,raw_property,cLogP,37.87878787878788,diagnostic_residual,50,50,1.0,0.6628097334135428,-0.4391273568132166,1.9416850497739997,0.5774121832767445,-0.6873380354291667,1.3139715825011726,0.66
cLogP,raw_property,cLogP,40.90909090909091,raw_property,50,50,1.0,5.851810000000005,4.2466500000000025,6.9481000000000055,2.0253,0.9905750000000015,3.368350000000006,0.88
cLogP,raw_property,cLogP,40.90909090909091,diagnostic_residual,50,50,1.0,0.8293403534016908,-0.13301918681135794,2.0868640357391093,0.7443739249098829,-0.6364713128639123,1.8622103189129677,0.7
cLogP,raw_property,cLogP,43.93939393939394,raw_property,50,50,1.0,5.883800000000006,4.241265000000004,7.155215000000006,2.274510000000003,0.9635600000000009,3.642852500000004,0.9
cLogP,raw_property,cLogP,43.93939393939394,diagnostic_residual,50,50,1.0,0.7751200997846923,-0.2904634503240482,2.2561222126247933,0.8656487882929224,-0.43939435900942625,1.8639819887822728,0.7
cLogP,raw_property,cLogP,46.96969696969697,raw_property,50,50,1.0,6.1699000000000055,3.8742700000000023,7.200595000000004,2.365945000000003,1.0651100000000013,3.6674900000000044,0.88
cLogP,raw_property,cLogP,46.96969696969697,diagnostic_residual,50,50,1.0,1.3445630303864307,-0.27641278178216844,2.4216316169278316,1.009313882641194,-0.8022578020100982,1.9362508469262651,0.66
cLogP,raw_property,cLogP,50.0,raw_property,50,50,1.0,6.294190000000006,3.835450000000003,6.9491950000000084,2.242660000000003,1.043600000000003,3.543850000000001,0.92
cLogP,raw_property,cLogP,50.0,diagnostic_residual,50,50,1.0,0.9752136681084629,-0.7411322778266627,2.154657531866602,0.6157558633760962,-0.8970801467963665,1.9381881088314021,0.6
cLogP,raw_property,cLogP,53.03030303030303,raw_property,50,50,1.0,6.470595000000007,4.2405000000000035,7.301697500000008,2.530635000000003,1.4525250000000023,3.8408000000000055,0.94
cLogP,raw_property,cLogP,53.03030303030303,diagnostic_residual,50,50,1.0,1.1756743038817574,-0.2058459378480601,2.5035691749678,1.2523415594342007,-0.7150273868446668,2.4803629731785826,0.66
cLogP,raw_property,cLogP,56.06060606060606,raw_property,50,50,1.0,6.436150000000007,4.576735000000004,8.092800000000006,2.7444600000000032,1.9648125000000045,4.009089999999993,0.92
cLogP,raw_property,cLogP,56.06060606060606,diagnostic_residual,50,50,1.0,1.5614475680844544,-0.5466401412743926,2.571904913424819,1.2907648822292868,-0.2516527612715401,2.537922734576436,0.72
cLogP,raw_property,cLogP,59.09090909090909,raw_property,50,50,1.0,6.484590000000006,4.398635000000003,8.083950000000007,2.645099999999999,1.3822250000000014,4.295300000000002,0.9
cLogP,raw_property,cLogP,59.09090909090909,diagnostic_residual,50,50,1.0,1.4218751738371567,-0.7721343730659929,2.6826709660447374,1.1770641945623725,-1.1239108225577137,2.5742824365238306,0.66
cLogP,raw_property,cLogP,62.121212121212125,raw_property,50,50,1.0,7.021500000000007,4.282935000000004,8.279325000000004,2.948300000000003,1.1864000000000017,4.645369999999996,0.88
cLogP,raw_property,cLogP,62.121212121212125,diagnostic_residual,50,50,1.0,1.4439225301067329,-0.7987420192226293,2.9033943757095955,1.0978296714411282,-1.4934646031977854,2.6873411640155043,0.6
cLogP,raw_property,cLogP,65.15151515151516,raw_property,50,50,1.0,7.0475000000000065,4.889150000000004,8.254275000000005,3.3861000000000043,1.4353100000000019,4.579280000000001,0.92
cLogP,raw_property,cLogP,65.15151515151516,diagnostic_residual,50,50,1.0,1.5999523273096679,-0.3252709874480244,2.9841095809579574,1.1564749659655347,-1.1924039852388093,2.800874416657547,0.68
cLogP,raw_property,cLogP,68.18181818181819,raw_property,50,50,1.0,7.968650000000007,5.562275000000005,8.920670000000001,4.430859999999999,1.724390000000003,5.719834999999986,0.94
cLogP,raw_property,cLogP,68.18181818181819,diagnostic_residual,50,50,1.0,2.422198302556973,-0.14588366639627076,3.2712124626173047,2.32091588182676,-0.717528485903659,3.4223044181640065,0.66
cLogP,raw_property,cLogP,71.21212121212122,raw_property,50,50,1.0,8.211400000000006,6.031175000000006,9.033075,4.561755000000002,2.496275000000002,5.633835000000002,0.94
cLogP,raw_property,cLogP,71.21212121212122,diagnostic_residual,50,50,1.0,2.64573850122429,0.40852389424859487,3.3197501307406494,2.480674689352007,0.09307851491047991,3.283278017568167,0.74
cLogP,raw_property,cLogP,74.24242424242425,raw_property,50,50,1.0,8.112650000000007,6.817550000000007,9.179050000000004,4.660399999999999,3.1807450000000044,6.263440000000006,0.96
cLogP,raw_property,cLogP,74.24242424242425,diagnostic_residual,50,50,1.0,2.3074102036837774,0.8651276030455224,3.633269596592213,2.2487568112978,0.5697182159004404,3.6298083920438873,0.78
cLogP,raw_property,cLogP,77.27272727272728,raw_property,50,50,1.0,8.455700000000006,7.238525000000006,9.198045,4.813099999999995,3.5045225000000038,6.230619999999998,0.96
cLogP,raw_property,cLogP,77.27272727272728,diagnostic_residual,50,50,1.0,2.5982152021133715,1.2615223873665011,3.434033539464137,2.40246420757156,0.9586287403607514,3.2706424659637916,0.78
cLogP,raw_property,cLogP,80.30303030303031,raw_property,50,50,1.0,8.554145000000005,7.238525000000006,9.709799999999996,5.199945000000001,3.0882750000000057,6.543075000000003,0.98
cLogP,raw_property,cLogP,80.30303030303031,diagnostic_residual,50,50,1.0,2.5690674743279587,1.1279361253670959,3.8094555407059865,2.4663713415443587,0.8654775935936581,3.8119523436761207,0.78
cLogP,raw_property,cLogP,83.33333333333334,raw_property,50,50,1.0,8.599145000000004,6.907200000000006,10.016804999999993,5.2425600000000045,3.571485000000004,6.9136425,0.98
cLogP,raw_property,cLogP,83.33333333333334,diagnostic_residual,50,50,1.0,2.740451475233221,0.7426955286383186,3.943173481075756,2.596312627708629,0.611386163838163,3.635303170574769,0.76
cLogP,raw_property,cLogP,86.36363636363637,raw_property,50,50,1.0,9.031405000000003,8.008475000000006,9.821139999999996,5.573509999999995,4.321174999999988,6.942290000000005,0.98
cLogP,raw_property,cLogP,86.36363636363637,diagnostic_residual,50,50,1.0,2.9760519121719495,1.792539334057227,3.7155605925980484,2.556765958689617,1.4440809212118708,3.58046004474892,0.86
cLogP,raw_property,cLogP,89.3939393939394,raw_property,50,50,1.0,9.03351,7.8855000000000075,10.133824999999991,5.73626,4.459945000000005,7.314325,0.98
cLogP,raw_property,cLogP,89.3939393939394,diagnostic_residual,50,50,1.0,3.0974956523860877,1.3861155771983948,3.6958901310236585,2.445105906612995,1.2313743734006282,3.8098862710248897,0.82
cLogP,raw_property,cLogP,92.42424242424244,raw_property,50,50,1.0,9.479135,8.401200000000003,10.56887999999999,6.313499999999984,4.527445,7.373575000000007,0.96
cLogP,raw_property,cLogP,92.42424242424244,diagnostic_residual,50,50,1.0,3.155848438853206,1.5942754901633196,3.9142117576831055,2.692918791341858,0.8545507219517297,3.675911339167146,0.78
cLogP,raw_property,cLogP,95.45454545454544,raw_property,50,50,1.0,9.769994999999996,8.643010000000002,10.49372249999999,6.3777699999999955,4.929117500000004,7.739639999999984,0.98
cLogP,raw_property,cLogP,95.45454545454544,diagnostic_residual,50,50,1.0,3.1132346336490517,1.943131642310099,3.7907745943228184,2.350341641760845,1.0362668929634231,4.083695094120108,0.8
cLogP,raw_property,cLogP,98.48484848484848,raw_property,50,50,1.0,9.529939999999996,8.327325000000005,10.330622499999992,6.330944999999986,4.607934999999996,7.829304999999989,0.94
cLogP,raw_property,cLogP,98.48484848484848,diagnostic_residual,50,50,1.0,2.6566013778727604,1.217964861638536,3.769233382586126,2.2942425105702746,0.5566385960472923,4.008244920133594,0.76
cLogP,raw_property,cLogP,101.5151515151515,raw_property,50,50,1.0,9.860509999999996,8.433000000000005,11.392699999999984,6.6958799999999945,5.286817500000005,8.17227999999999,0.96
cLogP,raw_property,cLogP,101.5151515151515,diagnostic_residual,50,50,1.0,2.3603996556113964,-0.45886729229818934,4.012939626917782,2.5160287104247363,-0.18321349808102338,3.883986638876566,0.72
cLogP,raw_property,cLogP,104.54545454545452,raw_property,50,50,1.0,10.232899999999994,8.8968,11.768717499999983,7.172199999999981,5.819749999999999,8.518494999999978,0.96
cLogP,raw_property,cLogP,104.54545454545452,diagnostic_residual,50,50,1.0,2.5461025160163677,-1.2284318566414631,3.776566577681786,2.3972179195186216,-3.2490359959541637,3.8907350465340995,0.68
cLogP,raw_property,cLogP,107.57575757575756,raw_property,50,50,1.0,10.72044499999999,9.468694999999997,11.577899999999984,7.5723999999999885,5.663214999999996,9.178629999999984,0.98
cLogP,raw_property,cLogP,107.57575757575756,diagnostic_residual,50,50,1.0,2.47096431092616,-4.407286740753504,4.273577458534911,1.97348229929792,-4.223743351205548,4.405680939494385,0.64
cLogP,raw_property,cLogP,110.60606060606062,raw_property,50,50,1.0,10.549594999999993,9.463099999999995,12.24897499999998,7.507149999999977,6.262122499999989,9.070314999999983,0.98
cLogP,raw_property,cLogP,110.60606060606062,diagnostic_residual,50,50,1.0,2.4533264507009873,-4.790919209304303,4.36197143608658,2.2635518109775177,-4.749660568606811,4.636025805457699,0.66
cLogP,raw_property,cLogP,113.63636363636364,raw_property,50,50,1.0,11.297849999999986,9.910372499999996,13.335797499999973,7.845819999999982,6.642777499999982,10.558547499999982,1.0
cLogP,raw_property,cLogP,113.63636363636364,diagnostic_residual,50,50,1.0,2.428997612533384,-5.257766253757589,4.45696380368679,2.012088317147624,-5.538351408939723,4.625750907685434,0.6
cLogP,raw_property,cLogP,116.66666666666669,raw_property,50,50,1.0,11.74689999999998,10.182642499999991,16.591974999999962,8.932739999999988,6.8279699999999925,12.249279999999972,1.0
cLogP,raw_property,cLogP,116.66666666666669,diagnostic_residual,50,50,1.0,0.7022094331609399,-5.744943423492418,4.169387389308019,-0.15860563610566136,-5.944220783359519,4.572735835623906,0.48
cLogP,raw_property,cLogP,119.69696969696967,raw_property,50,50,1.0,11.97689499999998,10.155017499999992,17.268699999999964,9.44009999999999,6.838262499999995,13.610159999999963,1.0
cLogP,raw_property,cLogP,119.69696969696967,diagnostic_residual,50,50,1.0,0.3784141405610466,-6.086923153366051,4.655158523972219,-0.13252777269477312,-7.204281545496759,5.531398695011077,0.5
cLogP,raw_property,cLogP,122.72727272727276,raw_property,50,50,1.0,12.21789999999998,10.597949999999992,18.494814999999985,9.146249999999966,7.2625499999999885,14.070869999999958,1.0
cLogP,raw_property,cLogP,122.72727272727276,diagnostic_residual,50,50,1.0,-1.067252165192615,-6.305068630911499,4.760798992570328,-0.9266936852317977,-6.647397495083421,5.33677965724099,0.46
cLogP,raw_property,cLogP,125.75757575757576,raw_property,50,50,1.0,13.104299999999975,10.29317499999999,36.42321500000001,10.618209999999983,7.025499999999989,32.569800000000036,1.0
cLogP,raw_property,cLogP,125.75757575757576,diagnostic_residual,50,50,1.0,2.887757948214231,-5.491968143116022,18.817622799813194,2.9840033013350107,-5.475143689750751,18.759941853829098,0.64
cLogP,raw_property,cLogP,128.7878787878788,raw_property,50,50,1.0,13.195999999999975,10.885297499999988,36.15487500000002,10.966699999999982,7.65770999999998,32.654425000000025,1.0
cLogP,raw_property,cLogP,128.7878787878788,diagnostic_residual,50,50,1.0,3.1155932384061567,-6.302040659667474,18.614035778214635,2.040001857762385,-6.51593823294747,18.08881595419587,0.6
cLogP,raw_property,cLogP,131.8181818181818,raw_property,50,50,1.0,18.17345999999997,11.329499999999983,38.085134999999994,14.718909999999969,8.77199499999998,34.13369749999998,1.0
cLogP,raw_property,cLogP,131.8181818181818,diagnostic_residual,50,50,1.0,3.403935389075367,-5.078618393737811,20.357363498851882,3.608418993612079,-5.4955368391152195,20.59435827227009,0.62
cLogP,raw_property,cLogP,134.84848484848487,raw_property,50,50,1.0,20.341249999999995,10.679992499999988,41.404917499999925,17.200799999999994,7.529777499999981,37.470154999999934,1.0
cLogP,raw_property,cLogP,134.84848484848487,diagnostic_residual,50,50,1.0,3.064346665893416,-6.79389625946256,23.564837248518394,3.1023226069908114,-6.824116815270692,22.86114069991204,0.54
cLogP,raw_property,cLogP,137.87878787878788,raw_property,50,50,1.0,27.875850000000064,11.547542499999983,44.56819999999988,23.178910000000062,7.609062499999977,43.14294999999988,1.0
cLogP,raw_property,cLogP,137.87878787878788,diagnostic_residual,50,50,1.0,9.70126389153076,-6.563934960803577,26.307100126091896,8.667109613783062,-7.205655407464374,27.712969701415854,0.54
cLogP,raw_property,cLogP,140.90909090909088,raw_property,50,50,1.0,34.82980000000004,10.17944999999999,48.813599999999795,31.869420000000027,7.590697499999992,46.60764999999982,0.98
cLogP,raw_property,cLogP,140.90909090909088,diagnostic_residual,50,50,1.0,17.29279190229312,-7.2797736170925695,30.423088843573556,17.563301589473262,-7.921717014061246,32.14866053566025,0.58
cLogP,raw_property,cLogP,143.93939393939394,raw_property,50,50,1.0,36.64114000000002,11.73367499999998,51.198374999999764,35.05095000000003,8.63907499999998,48.665499999999696,0.94
cLogP,raw_property,cLogP,143.93939393939394,diagnostic_residual,50,50,1.0,18.849228606594707,-6.059606514573231,32.55709157250336,19.144881124350377,-6.3917736605350886,33.24447938067672,0.66
cLogP,raw_property,cLogP,146.96969696969694,raw_property,50,50,1.0,45.805694999999844,12.12314999999998,53.23694999999972,40.765549999999834,9.90007499999998,50.17529999999972,0.94
cLogP,raw_property,cLogP,146.96969696969694,diagnostic_residual,50,50,1.0,27.658676968716204,-5.973861586201101,34.445684361392026,26.026849637991397,-6.0916089754424405,35.18263439202057,0.66
cLogP,raw_property,cLogP,150.0,raw_property,50,50,1.0,47.126599999999826,19.996449999999996,55.17724999999969,42.18543999999984,16.431199999999993,51.170424999999696,0.96
cLogP,raw_property,cLogP,150.0,diagnostic_residual,50,50,1.0,28.933033637029443,2.0565672738156984,35.857379980279845,27.6379730993782,2.481228922105587,35.548905236552315,0.76
cLogP,residual_property,cLogP_residual,-150.0,raw_property,50,50,1.0,-2.4216699999999967,-3.142769999999996,-1.2796449999999995,-5.623815000000001,-7.014612500000002,-4.662324999999997,1.0
cLogP,residual_property,cLogP_residual,-150.0,diagnostic_residual,50,50,1.0,-8.290144277185563,-9.766017765144305,-7.5043904835070085,-8.667042300502407,-11.418516863782411,-7.803635345808097,1.0
cLogP,residual_property,cLogP_residual,-146.96969696969697,raw_property,50,50,1.0,-2.4322099999999978,-3.8832449999999987,-1.5321699999999985,-5.791415000000001,-7.193387499999998,-4.59895,1.0
cLogP,residual_property,cLogP_residual,-146.96969696969697,diagnostic_residual,50,50,1.0,-8.118817400505328,-9.57422614347214,-7.131671557839788,-8.632049453426818,-10.34811971689344,-7.308709679035918,1.0
cLogP,residual_property,cLogP_residual,-143.93939393939394,raw_property,50,50,1.0,-2.2211599999999967,-3.0339449999999974,-1.5321699999999985,-5.67147,-7.193387499999998,-4.59895,1.0
cLogP,residual_property,cLogP_residual,-143.93939393939394,diagnostic_residual,50,50,1.0,-7.823072569080662,-9.309991278132443,-7.014796652381288,-8.453903019646585,-9.682210559146668,-7.267935651765335,1.0
cLogP,residual_property,cLogP_residual,-140.9090909090909,raw_property,50,50,1.0,-2.106809999999999,-3.006394999999998,-1.4814024999999986,-5.508520000000002,-7.152045000000003,-4.527225,1.0
cLogP,residual_property,cLogP_residual,-140.9090909090909,diagnostic_residual,50,50,1.0,-7.75538247917286,-9.020155644907694,-6.988311995443052,-8.07887632664926,-9.583607917496755,-7.040050235557182,1.0
cLogP,residual_property,cLogP_residual,-137.87878787878788,raw_property,50,50,1.0,-2.1806199999999993,-2.88378,-1.14907,-5.2262650000000015,-6.456949999999998,-4.367647500000002,1.0
cLogP,residual_property,cLogP_residual,-137.87878787878788,diagnostic_residual,50,50,1.0,-7.735783741811971,-8.686024901179454,-6.501162126414908,-7.682823764500854,-9.011786210524185,-6.98189449653967,1.0
cLogP,residual_property,cLogP_residual,-134.84848484848484,raw_property,50,50,1.0,-2.1962199999999994,-2.8730750000000005,-1.3482399999999999,-5.333765000000002,-7.113890000000002,-4.510320000000001,1.0
cLogP,residual_property,cLogP_residual,-134.84848484848484,diagnostic_residual,50,50,1.0,-7.763493789233181,-8.546686328900195,-6.621828442407587,-7.598672652996553,-9.069257377006757,-6.945037497092825,1.0
cLogP,residual_property,cLogP_residual,-131.8181818181818,raw_property,50,50,1.0,-2.3018699999999983,-3.1699699999999984,-1.556394999999998,-5.670159999999999,-7.114415000000002,-4.49156,1.0
cLogP,residual_property,cLogP_residual,-131.8181818181818,diagnostic_residual,50,50,1.0,-7.869612960020657,-8.543811134158066,-6.790234815458648,-7.878724094062083,-9.374814597846434,-7.039913775755665,1.0
cLogP,residual_property,cLogP_residual,-128.78787878787878,raw_property,50,50,1.0,-2.3022099999999983,-3.400464999999995,-1.4916899999999977,-5.640509999999997,-7.372594999999997,-4.479229999999999,1.0
cLogP,residual_property,cLogP_residual,-128.78787878787878,diagnostic_residual,50,50,1.0,-7.621076705709913,-8.627306626742989,-6.719831838134049,-7.985157243492035,-9.15128091371831,-6.965745645295992,1.0
cLogP,residual_property,cLogP_residual,-125.75757575757576,raw_property,50,50,1.0,-1.9184099999999975,-3.056644999999997,-1.362625,-5.485770000000004,-7.081779999999999,-4.256310000000001,1.0
cLogP,residual_property,cLogP_residual,-125.75757575757576,diagnostic_residual,50,50,1.0,-6.955677636262519,-8.433045263733312,-6.161180898852994,-7.606145671609849,-8.923610549204895,-6.475755499592749,1.0
cLogP,residual_property,cLogP_residual,-122.72727272727272,raw_property,50,50,1.0,-1.8768099999999985,-2.8090049999999973,-1.25609,-5.428520000000002,-6.868140000000002,-3.8713300000000013,1.0
cLogP,residual_property,cLogP_residual,-122.72727272727272,diagnostic_residual,50,50,1.0,-6.850879547623405,-7.953831929489272,-6.00175655373749,-7.0961067418037125,-9.02435237338813,-6.239829306624185,1.0
cLogP,residual_property,cLogP_residual,-119.69696969696967,raw_property,50,50,1.0,-2.12505,-3.078569999999995,-1.3899449999999984,-5.71626,-7.042482499999998,-4.226524999999997,1.0
cLogP,residual_property,cLogP_residual,-119.69696969696967,diagnostic_residual,50,50,1.0,-6.701763833421821,-8.428636184520663,-6.098995516757754,-7.427355676004268,-8.871822638997312,-6.313690972596104,1.0
cLogP,residual_property,cLogP_residual,-116.66666666666666,raw_property,50,50,1.0,-2.1348100000000008,-2.8748024999999964,-1.2348949999999999,-5.580670000000005,-6.8881025000000005,-4.395315000000001,1.0
cLogP,residual_property,cLogP_residual,-116.66666666666666,diagnostic_residual,50,50,1.0,-7.031172104375809,-7.986628630976751,-5.859400561442192,-7.328572213515217,-9.047949737272063,-6.377786030492707,1.0
cLogP,residual_property,cLogP_residual,-113.63636363636364,raw_property,50,50,1.0,-1.8148499999999987,-3.0268124999999984,-0.8407824999999982,-5.169830000000003,-6.762442500000001,-4.0008050000000015,1.0
cLogP,residual_property,cLogP_residual,-113.63636363636364,diagnostic_residual,50,50,1.0,-6.893545251562865,-8.19570085591277,-5.460116261561284,-6.948232029435516,-8.657273691248601,-6.038496642490707,1.0
cLogP,residual_property,cLogP_residual,-110.6060606060606,raw_property,50,50,1.0,-1.8148499999999987,-2.694444999999998,-0.904645,-4.994654999999996,-6.400345000000002,-3.8933425,1.0
cLogP,residual_property,cLogP_residual,-110.6060606060606,diagnostic_residual,50,50,1.0,-6.316955666179936,-8.078421087239299,-5.221670482001598,-6.656732413598892,-7.985454115319001,-5.575739562341006,1.0
cLogP,residual_property,cLogP_residual,-107.57575757575758,raw_property,50,50,1.0,-2.16111,-2.4783624999999967,-0.9730775,-5.2941600000000015,-6.7315974999999995,-3.8883125000000005,1.0
cLogP,residual_property,cLogP_residual,-107.57575757575758,diagnostic_residual,50,50,1.0,-6.5417373070437455,-7.431916959384819,-5.1889912757221275,-6.514855773791146,-8.16977829267529,-5.475710588045248,1.0
cLogP,residual_property,cLogP_residual,-104.54545454545456,raw_property,50,50,1.0,-1.620099999999998,-2.827139999999997,-0.9113949999999974,-5.2565500000000025,-6.530979999999998,-3.7805925000000005,1.0
cLogP,residual_property,cLogP_residual,-104.54545454545456,diagnostic_residual,50,50,1.0,-6.0777518749333,-7.63756917225045,-4.558994819955107,-6.604392740647362,-7.83284105043743,-5.115435422035779,1.0
cLogP,residual_property,cLogP_residual,-101.51515151515152,raw_property,50,50,1.0,-2.243564999999996,-2.977679999999996,-1.0295624999999984,-5.129659999999999,-6.637315000000001,-3.5901400000000026,1.0
cLogP,residual_property,cLogP_residual,-101.51515151515152,diagnostic_residual,50,50,1.0,-6.644285993152097,-8.032781936452764,-4.537459469831077,-6.65759485514328,-8.006157981001184,-5.1920854220357775,1.0
cLogP,residual_property,cLogP_residual,-98.48484848484848,raw_property,50,50,1.0,-1.9374149999999974,-3.2728824999999975,-0.7023300000000001,-5.12631,-6.72472,-3.5601100000000026,1.0
cLogP,residual_property,cLogP_residual,-98.48484848484848,diagnostic_residual,50,50,1.0,-6.351007521406227,-7.868900608959855,-4.439081354283489,-6.411900817175786,-7.815885089150647,-4.963990282338908,1.0
cLogP,residual_property,cLogP_residual,-95.45454545454544,raw_property,50,50,1.0,-1.6499499999999958,-2.6864149999999967,-0.5569649999999997,-4.954899999999997,-6.342639999999999,-3.5439000000000007,1.0
cLogP,residual_property,cLogP_residual,-95.45454545454544,diagnostic_residual,50,50,1.0,-5.862120677245857,-7.149282420818939,-4.681929512600284,-6.16262434147767,-7.630714572771331,-5.229680469301425,1.0
cLogP,residual_property,cLogP_residual,-92.42424242424242,raw_property,50,50,1.0,-1.4281599999999988,-2.332199999999994,-0.48179999999999995,-4.882774999999997,-6.5536749999999975,-3.341395000000001,1.0
cLogP,residual_property,cLogP_residual,-92.42424242424242,diagnostic_residual,50,50,1.0,-5.501129653785759,-6.763156037816793,-4.468582616486625,-5.917086782444766,-7.398097128289039,-4.384627658812383,1.0
cLogP,residual_property,cLogP_residual,-89.39393939393939,raw_property,50,50,1.0,-1.3173099999999955,-2.0386674999999967,-0.41532,-4.882774999999997,-5.716049999999998,-3.281754999999999,1.0
cLogP,residual_property,cLogP_residual,-89.39393939393939,diagnostic_residual,50,50,1.0,-5.26499779958713,-6.3189127583226705,-4.432508455077995,-5.859300985524714,-6.692178099910483,-4.28294543067037,1.0
cLogP,residual_property,cLogP_residual,-86.36363636363637,raw_property,50,50,1.0,-1.1949099999999961,-2.116289999999996,-0.25312999999999986,-5.047725,-5.948037499999999,-3.39194,1.0
cLogP,residual_property,cLogP_residual,-86.36363636363637,diagnostic_residual,50,50,1.0,-5.494175448934824,-6.293995564520075,-4.316581320643619,-5.963830019900957,-6.814719828384749,-4.294651924597685,1.0
cLogP,residual_property,cLogP_residual,-83.33333333333333,raw_property,50,50,1.0,-1.0377249999999973,-2.075197499999995,-0.4255150000000001,-4.7786599999999995,-5.948037499999999,-3.5895025,1.0
cLogP,residual_property,cLogP_residual,-83.33333333333333,diagnostic_residual,50,50,1.0,-5.080430208484657,-6.440716897294949,-4.293361516610832,-5.847300739070099,-6.8291567064043,-4.375775388593487,1.0
cLogP,residual_property,cLogP_residual,-80.3030303030303,raw_property,50,50,1.0,-1.0762250000000009,-2.1532724999999946,-0.23407999999999626,-4.833399999999999,-6.3952725000000035,-3.5895025,1.0
cLogP,residual_property,cLogP_residual,-80.3030303030303,diagnostic_residual,50,50,1.0,-5.246353892105036,-6.437732818451072,-3.8917366744630204,-5.7553837934962075,-7.061035591688896,-4.1524857593997,1.0
cLogP,residual_property,cLogP_residual,-77.27272727272728,raw_property,50,50,1.0,-1.314109999999999,-2.2357549999999975,-0.4166249999999994,-4.750810000000001,-6.2900949999999956,-3.3152050000000015,1.0
cLogP,residual_property,cLogP_residual,-77.27272727272728,diagnostic_residual,50,50,1.0,-5.229251244174474,-6.363740783035075,-4.004223315617884,-5.543301503004721,-7.000457176639671,-4.096712183463517,1.0
cLogP,residual_property,cLogP_residual,-74.24242424242425,raw_property,50,50,1.0,-1.0174600000000003,-1.8564974999999964,-0.11682499999999568,-4.374,-6.065930000000003,-3.0317999999999996,1.0
cLogP,residual_property,cLogP_residual,-74.24242424242425,diagnostic_residual,50,50,1.0,-4.783102456020805,-6.115704079813394,-3.6643488520419023,-5.1916790015692715,-6.473643658158963,-3.5627317425937166,1.0
cLogP,residual_property,cLogP_residual,-71.21212121212122,raw_property,50,50,1.0,-0.8288499999999993,-1.7905649999999969,0.14145000000000124,-4.317590000000002,-5.527140000000004,-2.7630249999999994,1.0
cLogP,residual_property,cLogP_residual,-71.21212121212122,diagnostic_residual,50,50,1.0,-4.467160412042487,-5.888535443226105,-3.350719994384639,-4.88806057403305,-6.026432884133839,-3.2064445894590072,1.0
cLogP,residual_property,cLogP_residual,-68.18181818181819,raw_property,50,50,1.0,-0.5953049999999986,-1.7613824999999974,0.2029999999999999,-4.3058499999999995,-5.441525000000001,-2.662700000000001,1.0
cLogP,residual_property,cLogP_residual,-68.18181818181819,diagnostic_residual,50,50,1.0,-4.2404422620713795,-5.742859106111013,-2.81923014419071,-4.629489584109393,-5.849826048150566,-3.044722438256441,1.0
cLogP,residual_property,cLogP_residual,-65.15151515151516,raw_property,50,50,1.0,-0.8786249999999989,-1.896039999999996,0.33547500000000097,-4.258414999999999,-5.466940000000002,-2.860897499999999,1.0
cLogP,residual_property,cLogP_residual,-65.15151515151516,diagnostic_residual,50,50,1.0,-4.241899022513102,-5.800031313758432,-2.45017229915914,-4.616157326729,-5.754429422382875,-3.044722438256441,1.0
cLogP,residual_property,cLogP_residual,-62.121212121212125,raw_property,50,50,1.0,-0.5562999999999978,-1.4959424999999973,0.8532725000000004,-3.8967600000000004,-4.968874999999999,-2.1672074999999946,1.0
cLogP,residual_property,cLogP_residual,-62.121212121212125,diagnostic_residual,50,50,1.0,-4.008089814934353,-5.348014257034002,-2.3577700404085524,-4.32906768569182,-5.330121947330175,-2.637693844436478,1.0
cLogP,residual_property,cLogP_residual,-59.09090909090909,raw_property,50,50,1.0,-0.42884999999999973,-1.1268574999999983,0.8294925000000021,-3.624400000000005,-5.098085000000001,-2.2663250000000006,1.0
cLogP,residual_property,cLogP_residual,-59.09090909090909,diagnostic_residual,50,50,1.0,-3.7681329254636973,-5.134989336505287,-2.2919285885597667,-3.920961853937542,-5.346246388757278,-2.6857188491145125,1.0
cLogP,residual_property,cLogP_residual,-56.06060606060606,raw_property,50,50,1.0,-0.06590000000000021,-0.7101500000000001,0.9515200000000003,-3.3923000000000023,-4.5349225,-1.9368650000000005,1.0
cLogP,residual_property,cLogP_residual,-56.06060606060606,diagnostic_residual,50,50,1.0,-3.293756997504779,-4.65556421310268,-1.9689115586365429,-3.6870071789361383,-4.832983405222239,-2.23427521718657,1.0
cLogP,residual_property,cLogP_residual,-53.03030303030303,raw_property,50,50,1.0,0.14839500000000072,-0.7014274999999981,1.4696675,-2.962200000000001,-4.240475000000004,-1.4805450000000007,1.0
cLogP,residual_property,cLogP_residual,-53.03030303030303,diagnostic_residual,50,50,1.0,-2.8271728115608217,-4.79310580206855,-1.3490344937825505,-3.246171984788046,-4.461229452388107,-1.5515441463370279,1.0
cLogP,residual_property,cLogP_residual,-50.0,raw_property,50,50,1.0,0.69765,-0.22004999999999958,1.5857125,-2.454405000000001,-3.8093275000000038,-1.1162900000000016,0.96
cLogP,residual_property,cLogP_residual,-50.0,diagnostic_residual,50,50,1.0,-2.334887031723057,-3.4660755921829876,-1.3204922192991824,-2.6605637455171145,-3.978437565801226,-1.3430757978644396,0.96
cLogP,residual_property,cLogP_residual,-46.96969696969697,raw_property,50,50,1.0,1.0407000000000006,-0.20217499999999888,1.825175,-2.390770000000002,-3.7334899999999998,-1.0273999999999999,0.92
cLogP,residual_property,cLogP_residual,-46.96969696969697,diagnostic_residual,50,50,1.0,-2.1505856150236995,-3.7050887601208875,-1.2334715400059801,-2.4723291506714284,-3.957781569508552,-1.062974631305866,0.94
cLogP,residual_property,cLogP_residual,-43.93939393939394,raw_property,50,50,1.0,1.3745,0.2222750000000001,2.125985,-2.092950000000002,-3.5890249999999964,-0.8067825000000005,0.9
cLogP,residual_property,cLogP_residual,-43.93939393939394,diagnostic_residual,50,50,1.0,-1.9208290443545373,-2.987288773199896,-1.150814030204228,-2.372972148532174,-3.636856428006943,-0.8123342092910966,0.92
cLogP,residual_property,cLogP_residual,-40.90909090909091,raw_property,50,50,1.0,1.2727,0.3641675,2.255075,-1.9854000000000034,-3.2249500000000046,-0.7589999999999999,0.84
cLogP,residual_property,cLogP_residual,-40.90909090909091,diagnostic_residual,50,50,1.0,-1.6461600159198997,-2.8724237728377466,-0.9955754936730237,-2.0458894631079847,-3.3125964959147325,-0.7975305950557339,0.86
cLogP,residual_property,cLogP_residual,-37.87878787878788,raw_property,50,50,1.0,2.004,0.8238099999999998,2.768075000000001,-1.3181150000000015,-2.238927500000002,-0.3309250000000006,0.8
cLogP,residual_property,cLogP_residual,-37.87878787878788,diagnostic_residual,50,50,1.0,-1.102843835528529,-2.3901447687606554,-0.2579714418043283,-1.5552143377367922,-2.4825118702131266,-0.22209960406952833,0.86
cLogP,residual_property,cLogP_residual,-34.848484848484844,raw_property,50,50,1.0,2.11179,1.0191000000000001,2.9873900000000013,-1.0672000000000006,-2.230077500000002,0.0,0.64
cLogP,residual_property,cLogP_residual,-34.848484848484844,diagnostic_residual,50,50,1.0,-0.8252729255337181,-2.0851391053076824,0.07831540424910914,-1.1990184253289522,-2.4729618220688825,-9.575673587391975e-16,0.86
cLogP,residual_property,cLogP_residual,-31.818181818181813,raw_property,50,50,1.0,2.18804,1.2669,2.8960650000000014,-0.8278149999999997,-2.3441525000000043,0.0,0.6
cLogP,residual_property,cLogP_residual,-31.818181818181813,diagnostic_residual,50,50,1.0,-0.8252729255337181,-2.1047071088255875,0.1526343785652274,-0.8810047913565193,-2.341417335690014,-7.355227538141662e-16,0.84
cLogP,residual_property,cLogP_residual,-28.787878787878785,raw_property,50,50,1.0,2.7321900000000006,1.46445,3.8856250000000028,0.0,-1.2927900000000019,0.0,0.48
cLogP,residual_property,cLogP_residual,-28.787878787878785,diagnostic_residual,50,50,1.0,-0.3347279448133751,-1.4351399087256347,0.41130750486488027,-0.04871497051151441,-1.4690222490762617,-1.3877787807814457e-17,0.74
cLogP,residual_property,cLogP_residual,-25.757575757575765,raw_property,50,50,1.0,2.8214000000000006,1.70552,3.962745000000002,0.0,-0.9995250000000011,0.0,0.42
cLogP,residual_property,cLogP_residual,-25.757575757575765,diagnostic_residual,50,50,1.0,-0.16321585210999534,-0.9511306914969211,0.5705602345713124,-7.771561172376096e-16,-1.1367560287796907,0.0,0.64
cLogP,residual_property,cLogP_residual,-22.727272727272734,raw_property,50,50,1.0,2.863950000000001,1.7789149999999996,4.233450000000003,0.0,0.0,0.0,0.24
cLogP,residual_property,cLogP_residual,-22.727272727272734,diagnostic_residual,50,50,1.0,0.23552864271417534,-0.853951845761067,0.9257818056580259,-4.440892098500626e-16,-1.3739009929736312e-15,0.0,0.54
cLogP,residual_property,cLogP_residual,-19.69696969696969,raw_property,50,50,1.0,2.9625100000000013,2.2268500000000007,4.299875000000003,0.0,0.0,0.0,0.12
cLogP,residual_property,cLogP_residual,-19.69696969696969,diagnostic_residual,50,50,1.0,0.2673436928026318,-0.736834128148699,0.9257818056580259,0.0,-8.881784197001252e-16,0.0,0.46
cLogP,residual_property,cLogP_residual,-16.666666666666657,raw_property,50,50,1.0,3.0412000000000017,2.29035,4.299875000000003,0.0,0.0,0.0,0.08
cLogP,residual_property,cLogP_residual,-16.666666666666657,diagnostic_residual,50,50,1.0,0.2673436928026318,-0.6618089609182232,0.9257818056580259,0.0,-8.881784197001252e-16,0.0,0.46
cLogP,residual_property,cLogP_residual,-13.636363636363626,raw_property,50,50,1.0,3.080950000000002,2.29035,4.505040000000004,0.0,0.0,0.0,0.06
cLogP,residual_property,cLogP_residual,-13.636363636363626,diagnostic_residual,50,50,1.0,0.28023318365683303,-0.6058077011115385,0.9257818056580259,0.0,-8.326672684688674e-16,0.0,0.44
cLogP,residual_property,cLogP_residual,-10.606060606060597,raw_property,50,50,1.0,3.080950000000002,2.3599250000000005,4.505040000000004,0.0,0.0,0.0,0.04
cLogP,residual_property,cLogP_residual,-10.606060606060597,diagnostic_residual,50,50,1.0,0.28023318365683303,-0.6058077011115385,0.9257818056580259,0.0,-6.34041430469523e-16,0.0,0.42
cLogP,residual_property,cLogP_residual,-7.575757575757564,raw_property,50,50,1.0,3.080950000000002,2.3599250000000005,4.505040000000004,0.0,0.0,0.0,0.04
cLogP,residual_property,cLogP_residual,-7.575757575757564,diagnostic_residual,50,50,1.0,0.28023318365683303,-0.6058077011115385,0.9257818056580259,0.0,-6.34041430469523e-16,0.0,0.42
cLogP,residual_property,cLogP_residual,-4.545454545454561,raw_property,50,50,1.0,3.080950000000002,2.3599250000000005,4.505040000000004,0.0,0.0,0.0,0.04
cLogP,residual_property,cLogP_residual,-4.545454545454561,diagnostic_residual,50,50,1.0,0.28023318365683303,-0.6058077011115385,0.9257818056580259,0.0,-6.34041430469523e-16,0.0,0.42
cLogP,residual_property,cLogP_residual,-1.5151515151515298,raw_property,50,50,1.0,3.115740000000002,2.3599250000000005,4.505040000000004,0.0,0.0,0.0,0.02
cLogP,residual_property,cLogP_residual,-1.5151515151515298,diagnostic_residual,50,50,1.0,0.28023318365683303,-0.6058077011115385,0.9257818056580259,0.0,-5.35162192338845e-16,2.0816681711721685e-17,0.4
cLogP,residual_property,cLogP_residual,1.5151515151515014,raw_property,50,50,1.0,3.115740000000002,2.3599250000000005,4.505040000000004,0.0,0.0,0.0,0.02
cLogP,residual_property,cLogP_residual,1.5151515151515014,diagnostic_residual,50,50,1.0,0.3220488847058573,-0.6058077011115385,0.9257818056580259,0.0,-5.35162192338845e-16,2.0816681711721685e-17,0.26
cLogP,residual_property,cLogP_residual,4.5454545454545325,raw_property,50,50,1.0,3.115740000000002,2.3599250000000005,4.505040000000004,0.0,0.0,0.0,0.02
cLogP,residual_property,cLogP_residual,4.5454545454545325,diagnostic_residual,50,50,1.0,0.3220488847058573,-0.6058077011115385,0.9257818056580259,0.0,-5.35162192338845e-16,2.0816681711721685e-17,0.26
cLogP,residual_property,cLogP_residual,7.575757575757564,raw_property,50,50,1.0,3.115740000000002,2.3599250000000005,4.505040000000004,0.0,0.0,0.0,0.04
cLogP,residual_property,cLogP_residual,7.575757575757564,diagnostic_residual,50,50,1.0,0.3220488847058573,-0.6058077011115385,0.9617170314130936,0.0,-5.35162192338845e-16,1.734723475976807e-16,0.28
cLogP,residual_property,cLogP_residual,10.606060606060597,raw_property,50,50,1.0,3.115740000000002,2.3599250000000005,4.505040000000004,0.0,0.0,0.0,0.06
cLogP,residual_property,cLogP_residual,10.606060606060597,diagnostic_residual,50,50,1.0,0.328251308299887,-0.6058077011115385,0.9617170314130936,0.0,-5.204170427930421e-16,3.885780586188048e-16,0.3
cLogP,residual_property,cLogP_residual,13.636363636363626,raw_property,50,50,1.0,3.115740000000002,2.410275000000001,4.505040000000004,0.0,0.0,0.0,0.06
cLogP,residual_property,cLogP_residual,13.636363636363626,diagnostic_residual,50,50,1.0,0.328251308299887,-0.6058077011115385,0.9617170314130936,0.0,-5.204170427930421e-16,3.885780586188048e-16,0.3
cLogP,residual_property,cLogP_residual,16.666666666666657,raw_property,50,50,1.0,3.115740000000002,2.410275000000001,4.505040000000004,0.0,0.0,0.0,0.06
cLogP,residual_property,cLogP_residual,16.666666666666657,diagnostic_residual,50,50,1.0,0.328251308299887,-0.6058077011115385,0.9617170314130936,0.0,-5.204170427930421e-16,3.885780586188048e-16,0.3
cLogP,residual_property,cLogP_residual,19.69696969696969,raw_property,50,50,1.0,3.304940000000002,2.410275000000001,4.299875000000003,0.0,0.0,0.0,0.08
cLogP,residual_property,cLogP_residual,19.69696969696969,diagnostic_residual,50,50,1.0,0.28023318365683303,-0.513817292240721,0.9617170314130936,0.0,-5.35162192338845e-16,4.440892098500626e-16,0.32
cLogP,residual_property,cLogP_residual,22.72727272727272,raw_property,50,50,1.0,3.495150000000002,2.410275000000001,4.299875000000003,0.0,0.0,0.0,0.1
cLogP,residual_property,cLogP_residual,22.72727272727272,diagnostic_residual,50,50,1.0,0.328251308299887,-0.513817292240721,1.0056131574019187,0.0,-5.35162192338845e-16,4.440892098500626e-16,0.32
cLogP,residual_property,cLogP_residual,25.75757575757575,raw_property,50,50,1.0,3.763900000000003,2.4311750000000005,4.644805000000003,0.0,0.0,0.0,0.2
cLogP,residual_property,cLogP_residual,25.75757575757575,diagnostic_residual,50,50,1.0,0.39045388282309185,-0.09546927358996538,1.1071114433140001,0.0,-4.85722573273506e-16,7.806255641895632e-16,0.38
cLogP,residual_property,cLogP_residual,28.787878787878785,raw_property,50,50,1.0,3.763900000000003,2.586000000000001,5.039075000000004,0.0,0.0,0.0,0.24
cLogP,residual_property,cLogP_residual,28.787878787878785,diagnostic_residual,50,50,1.0,0.40963131043822204,-0.18276241809173788,1.38831904159591,0.0,-6.34041430469523e-16,4.544975507059235e-16,0.36
cLogP,residual_property,cLogP_residual,31.818181818181813,raw_property,50,50,1.0,3.9507400000000024,2.718375000000001,5.296125000000004,0.0,0.0,0.7763200000000012,0.4
cLogP,residual_property,cLogP_residual,31.818181818181813,diagnostic_residual,50,50,1.0,0.4999466993043613,-0.15322922966307825,1.5820106962124894,0.0,-5.282232984349378e-16,0.7494815855872576,0.48
cLogP,residual_property,cLogP_residual,34.848484848484844,raw_property,50,50,1.0,4.135840000000003,3.081150000000002,5.433200000000005,0.5621600000000013,0.0,1.2829500000000014,0.66
cLogP,residual_property,cLogP_residual,34.848484848484844,diagnostic_residual,50,50,1.0,0.9890355325928659,0.10879604172211353,1.6509526868827737,0.3012277171933826,-4.163336342344337e-17,1.234596362839484,0.64
cLogP,residual_property,cLogP_residual,37.87878787878788,raw_property,50,50,1.0,4.251590000000003,3.165300000000002,5.7172500000000035,0.9256500000000014,0.0032800000000002827,1.5987500000000026,0.74
cLogP,residual_property,cLogP_residual,37.87878787878788,diagnostic_residual,50,50,1.0,1.2048716664281103,0.2251643102677949,1.8929535349716353,0.7147083198985147,0.0,1.3976615098330658,0.7
cLogP,residual_property,cLogP_residual,40.90909090909091,raw_property,50,50,1.0,4.682120000000004,3.276842500000002,6.360325000000005,1.007900000000002,0.11103500000000077,2.155725000000002,0.76
cLogP,residual_property,cLogP_residual,40.90909090909091,diagnostic_residual,50,50,1.0,1.3376585782930026,0.2561026084302918,2.317756262758782,0.8701254711137385,0.0,1.8206734550656853,0.7
cLogP,residual_property,cLogP_residual,43.93939393939394,raw_property,50,50,1.0,5.054410000000004,3.357992500000002,6.482920000000005,1.239300000000002,0.2971925000000002,2.18522,0.78
cLogP,residual_property,cLogP_residual,43.93939393939394,diagnostic_residual,50,50,1.0,1.6111030630869572,0.4368814906605856,2.4551509791985544,1.0441074598830442,0.0,2.185824982723795,0.72
cLogP,residual_property,cLogP_residual,46.96969696969697,raw_property,50,50,1.0,5.079750000000004,3.4453000000000022,6.4307400000000055,1.3804600000000016,0.45133000000000045,2.4546050000000026,0.8
cLogP,residual_property,cLogP_residual,46.96969696969697,diagnostic_residual,50,50,1.0,1.5734812172517505,0.738301864401917,2.5602215232910126,1.2523892562938679,0.04782399909610735,2.1995077362481594,0.76
cLogP,residual_property,cLogP_residual,50.0,raw_property,50,50,1.0,5.483250000000005,3.488900000000002,6.615180000000006,1.7902000000000022,0.7346250000000012,2.719600000000002,0.84
cLogP,residual_property,cLogP_residual,50.0,diagnostic_residual,50,50,1.0,1.860805740952017,0.6948362516689905,2.7625019223751694,1.5654055198553276,0.35083511437610027,2.287390559643347,0.82
cLogP,residual_property,cLogP_residual,53.03030303030303,raw_property,50,50,1.0,5.461845000000004,3.5495250000000027,6.980775000000005,1.7902000000000022,0.6520650000000006,2.855117500000003,0.84
cLogP,residual_property,cLogP_residual,53.03030303030303,diagnostic_residual,50,50,1.0,1.7208165202568357,0.6941794575661442,2.8233307850940217,1.42410801025401,0.35083511437610027,2.5407531153504084,0.8
cLogP,residual_property,cLogP_residual,56.06060606060606,raw_property,50,50,1.0,5.137150000000004,3.6044250000000035,6.952925000000006,1.7071000000000018,0.7122750000000007,2.721350000000003,0.82
cLogP,residual_property,cLogP_residual,56.06060606060606,diagnostic_residual,50,50,1.0,1.4518205385819285,0.5999134590319929,2.804280377891751,1.4959492202954108,0.20864992442071073,2.3156247878980856,0.78
cLogP,residual_property,cLogP_residual,59.09090909090909,raw_property,50,50,1.0,5.320490000000005,3.855125000000002,7.251255000000007,2.2965100000000027,0.8219000000000016,3.139200000000004,0.86
cLogP,residual_property,cLogP_residual,59.09090909090909,diagnostic_residual,50,50,1.0,1.874900620025517,0.6881103033552229,3.1556986205414335,1.78086183885237,0.3741264518579028,2.726674708651867,0.8
cLogP,residual_property,cLogP_residual,62.121212121212125,raw_property,50,50,1.0,5.820990000000005,4.451665000000004,7.135475000000006,2.3783300000000023,1.313575000000001,3.5782250000000033,0.92
cLogP,residual_property,cLogP_residual,62.121212121212125,diagnostic_residual,50,50,1.0,2.1174292902527627,1.1817861633379307,2.9412844583495543,2.037058065013298,0.6134943395847422,2.91166536955145,0.86
cLogP,residual_property,cLogP_residual,65.15151515151516,raw_property,50,50,1.0,5.849500000000004,4.727672500000003,7.309675000000006,2.592500000000004,1.3016750000000017,4.060824999999994,0.9
cLogP,residual_property,cLogP_residual,65.15151515151516,diagnostic_residual,50,50,1.0,2.1953307157212456,1.3274007458572925,3.0627850695778696,2.197188078272066,0.5794871295909346,3.5362872664713185,0.84
cLogP,residual_property,cLogP_residual,68.18181818181819,raw_property,50,50,1.0,5.849500000000004,4.710850000000003,7.309675000000006,2.6974450000000028,1.542400000000002,3.766925000000004,0.9
cLogP,residual_property,cLogP_residual,68.18181818181819,diagnostic_residual,50,50,1.0,2.2884132939782535,0.798874286037552,3.0270803220080453,2.0598049857790883,0.5234133769104041,3.2142450430618923,0.82
cLogP,residual_property,cLogP_residual,71.21212121212122,raw_property,50,50,1.0,5.934350000000006,4.413490000000003,7.309675000000006,2.655460000000004,1.542400000000002,3.5001000000000033,0.9
cLogP,residual_property,cLogP_residual,71.21212121212122,diagnostic_residual,50,50,1.0,2.0965453213516696,0.6903258891584304,2.9666060024116754,1.793951215023044,0.7263446371352675,3.1631084546659585,0.8
cLogP,residual_property,cLogP_residual,74.24242424242425,raw_property,50,50,1.0,5.9537500000000065,4.413490000000003,7.197150000000006,2.4931000000000028,1.5022900000000012,3.6385425000000042,0.9
cLogP,residual_property,cLogP_residual,74.24242424242425,diagnostic_residual,50,50,1.0,1.8985887417356948,0.7066387602555504,3.1487826677898654,1.7321506952445893,0.512708748158027,2.7515979376906423,0.86
cLogP,residual_property,cLogP_residual,77.27272727272728,raw_property,50,50,1.0,6.217350000000004,4.679575000000003,7.411250000000004,2.825250000000003,1.2090500000000008,3.732150000000005,0.9
cLogP,residual_property,cLogP_residual,77.27272727272728,diagnostic_residual,50,50,1.0,1.9756621494872944,0.8171228235621417,3.021325105393289,1.7669633345559927,0.44693536557496083,3.0501780003301713,0.82
cLogP,residual_property,cLogP_residual,80.30303030303031,raw_property,50,50,1.0,6.203300000000006,4.742150000000003,7.7357500000000075,3.1095900000000025,1.324425000000002,4.543349999999998,0.92
cLogP,residual_property,cLogP_residual,80.30303030303031,diagnostic_residual,50,50,1.0,2.0827386053888244,1.1394167585311892,3.2489332652300638,1.800895670456963,0.6045230392886923,3.5708035222872256,0.82
cLogP,residual_property,cLogP_residual,83.33333333333334,raw_property,50,50,1.0,6.345350000000005,4.821305000000004,7.587915000000005,3.1586100000000044,1.8762400000000006,4.037790000000003,0.88
cLogP,residual_property,cLogP_residual,83.33333333333334,diagnostic_residual,50,50,1.0,2.0262415946082646,1.1198975656767278,2.9072529152010995,2.1593972082964017,0.4550498459956329,3.0146864966726876,0.84
cLogP,residual_property,cLogP_residual,86.36363636363637,raw_property,50,50,1.0,6.734850000000005,5.410075000000005,7.968625000000004,3.533760000000001,1.9144000000000008,4.934125000000005,0.92
cLogP,residual_property,cLogP_residual,86.36363636363637,diagnostic_residual,50,50,1.0,2.169289681914277,1.1340531857430742,3.1610113413861223,2.222382237592139,0.44009455885191573,3.624649861556284,0.82
cLogP,residual_property,cLogP_residual,89.3939393939394,raw_property,50,50,1.0,6.982700000000003,5.501840000000005,8.073400000000005,3.5809500000000023,1.9878049999999994,4.967800000000006,0.94
cLogP,residual_property,cLogP_residual,89.3939393939394,diagnostic_residual,50,50,1.0,2.2909843728078,1.1712085053486054,3.287573637638762,2.1254141872253562,0.44939744795594383,3.4294534358778552,0.86
cLogP,residual_property,cLogP_residual,92.42424242424244,raw_property,50,50,1.0,7.049950000000006,5.366675000000004,8.075625000000006,3.6168000000000045,1.8643750000000014,4.877329999999997,0.94
cLogP,residual_property,cLogP_residual,92.42424242424244,diagnostic_residual,50,50,1.0,2.1515638800422923,1.172047913736115,3.1225686256363794,1.9522957727382697,0.314098728470822,3.450017641860035,0.84
cLogP,residual_property,cLogP_residual,95.45454545454544,raw_property,50,50,1.0,7.160850000000005,5.076800000000004,8.137250000000005,3.5258500000000006,2.1005249999999993,4.968625000000004,0.94
cLogP,residual_property,cLogP_residual,95.45454545454544,diagnostic_residual,50,50,1.0,2.1457773436706873,1.032631996634759,3.3040720059604496,1.9289463958517887,0.41358622441871384,3.425955242632271,0.82
cLogP,residual_property,cLogP_residual,98.48484848484848,raw_property,50,50,1.0,7.015100000000006,5.333990000000005,8.596642500000002,3.8759500000000036,2.2910975000000033,5.070125000000002,0.94
cLogP,residual_property,cLogP_residual,98.48484848484848,diagnostic_residual,50,50,1.0,2.2091058754983908,0.8274399146860623,3.3963652187697626,2.0841428802541064,0.4525394807038346,3.5613546239658485,0.8
cLogP,residual_property,cLogP_residual,101.5151515151515,raw_property,50,50,1.0,7.909100000000006,5.6654000000000035,9.0527,4.440189999999995,2.940110000000004,5.212250000000003,0.94
cLogP,residual_property,cLogP_residual,101.5151515151515,diagnostic_residual,50,50,1.0,2.772701068848232,1.3224954486329026,3.578943116370201,2.573999711272037,0.6866814045187202,3.832350866934289,0.88
cLogP,residual_property,cLogP_residual,104.54545454545452,raw_property,50,50,1.0,7.858050000000007,5.392340000000004,9.355199999999996,4.444649999999993,2.9230400000000043,5.680954999999997,0.94
cLogP,residual_property,cLogP_residual,104.54545454545452,diagnostic_residual,50,50,1.0,2.948384351309063,1.0855776733732796,3.888183719036997,2.531760883632548,0.6650330713082759,4.002706531983711,0.86
cLogP,residual_property,cLogP_residual,107.57575757575756,raw_property,50,50,1.0,7.890750000000005,6.088065000000006,9.283114999999995,4.640059999999982,3.3864699999999957,5.663735,0.94
cLogP,residual_property,cLogP_residual,107.57575757575756,diagnostic_residual,50,50,1.0,2.989584660409964,1.2824034445428263,3.7618783011743444,2.6086527969806226,1.106361898595878,3.982748032048632,0.88
cLogP,residual_property,cLogP_residual,110.60606060606062,raw_property,50,50,1.0,8.660350000000001,7.172800000000008,9.590274999999995,4.848204999999999,4.007975000000002,6.292474999999998,0.96
cLogP,residual_property,cLogP_residual,110.60606060606062,diagnostic_residual,50,50,1.0,3.0221728054847676,1.9685924146663458,4.079760807715239,2.881825554697108,1.5354437649460708,3.9962909232539143,0.9
cLogP,residual_property,cLogP_residual,113.63636363636364,raw_property,50,50,1.0,8.605950000000002,6.528800000000006,10.063849999999992,5.369599999999997,3.8817500000000047,6.424100000000004,0.96
cLogP,residual_property,cLogP_residual,113.63636363636364,diagnostic_residual,50,50,1.0,3.232359163526822,1.9133456268511833,4.332639892305016,2.9495919903873937,1.5006882173233196,4.427700057227474,0.88
cLogP,residual_property,cLogP_residual,116.66666666666669,raw_property,50,50,1.0,9.17465,7.413850000000007,10.718349999999988,5.7621999999999955,4.231105000000002,7.03484999999998,0.98
cLogP,residual_property,cLogP_residual,116.66666666666669,diagnostic_residual,50,50,1.0,3.5416579441653004,2.0285115768224276,4.554349944907693,3.380973767921671,1.5623198358904253,4.177317362118467,0.9
cLogP,residual_property,cLogP_residual,119.69696969696967,raw_property,50,50,1.0,9.329199999999998,8.192700000000004,10.767324999999987,5.454890000000006,4.442280000000005,7.278074999999978,0.98
cLogP,residual_property,cLogP_residual,119.69696969696967,diagnostic_residual,50,50,1.0,3.3702318007681265,2.067226419723484,4.659936839709161,3.2864132481666397,1.8228895768090791,4.694568622523868,0.9
cLogP,residual_property,cLogP_residual,122.72727272727276,raw_property,50,50,1.0,9.753599999999995,8.226587500000006,11.359974999999984,6.560209999999986,4.552175000000005,7.642599999999987,0.98
cLogP,residual_property,cLogP_residual,122.72727272727276,diagnostic_residual,50,50,1.0,3.9021054974424145,2.292626148804278,4.744785834671022,3.662994621664594,2.211116079304957,5.060117252625481,0.88
cLogP,residual_property,cLogP_residual,125.75757575757576,raw_property,50,50,1.0,10.231159999999992,8.732025000000002,12.043099999999981,6.770349999999988,5.188249999999982,8.794924999999978,1.0
cLogP,residual_property,cLogP_residual,125.75757575757576,diagnostic_residual,50,50,1.0,4.046616515513989,2.907630617382523,5.593540120816714,3.8138729330289065,2.64351018003026,5.976976978568632,0.96
cLogP,residual_property,cLogP_residual,128.7878787878788,raw_property,50,50,1.0,10.60264999999999,9.1103,13.025674999999975,6.993249999999982,5.188249999999982,9.786104999999974,1.0
cLogP,residual_property,cLogP_residual,128.7878787878788,diagnostic_residual,50,50,1.0,4.32755703717244,2.7558596112673017,6.372813992102897,4.332000272871978,2.5775216414300464,5.695412233161626,0.94
cLogP,residual_property,cLogP_residual,131.8181818181818,raw_property,50,50,1.0,11.068499999999986,9.309549999999998,13.620874999999971,7.882099999999969,5.910105000000003,10.18222499999997,1.0
cLogP,residual_property,cLogP_residual,131.8181818181818,diagnostic_residual,50,50,1.0,4.17543853654465,2.317094548965462,6.448425327004889,4.238403829585334,1.9813876724460129,6.119746635624212,0.84
cLogP,residual_property,cLogP_residual,134.84848484848487,raw_property,50,50,1.0,10.901949999999989,9.100747500000004,13.749874999999971,7.561859999999989,5.138284999999996,10.255029999999966,1.0
cLogP,residual_property,cLogP_residual,134.84848484848487,diagnostic_residual,50,50,1.0,4.17543853654465,1.5443064161976476,6.120873598156548,3.98394779045904,0.8891893176372496,5.533508972190392,0.78
cLogP,residual_property,cLogP_residual,137.87878787878788,raw_property,50,50,1.0,11.543999999999983,9.588367499999997,14.967249999999963,7.891099999999977,5.731854999999998,11.806024999999966,1.0
cLogP,residual_property,cLogP_residual,137.87878787878788,diagnostic_residual,50,50,1.0,4.515695511927742,2.7527781376504272,7.26238982504154,4.044700110696752,1.8891415675881862,7.688676553416762,0.84
cLogP,residual_property,cLogP_residual,140.90909090909088,raw_property,50,50,1.0,12.349999999999977,10.288074999999989,20.05174999999999,9.076649999999976,6.8510999999999775,14.994524999999987,1.0
cLogP,residual_property,cLogP_residual,140.90909090909088,diagnostic_residual,50,50,1.0,4.744632440367501,3.2547240238545365,10.553988019990959,5.07764889997915,2.829718930509397,9.857645112029923,0.86
cLogP,residual_property,cLogP_residual,143.93939393939394,raw_property,50,50,1.0,13.27579999999997,10.114149999999992,43.256699999999896,10.000699999999973,6.865254999999987,38.3501999999999,0.98
cLogP,residual_property,cLogP_residual,143.93939393939394,diagnostic_residual,50,50,1.0,5.455902644225111,3.1470435503091188,25.11569299644785,5.58245271983012,3.0704877627496425,25.167236365298223,0.88
cLogP,residual_property,cLogP_residual,146.96969696969694,raw_property,50,50,1.0,14.147849999999966,10.485154999999988,47.076074999999825,10.678249999999972,7.214514999999988,42.831599999999824,0.98
cLogP,residual_property,cLogP_residual,146.96969696969694,diagnostic_residual,50,50,1.0,6.12679677502776,3.703434361861031,28.812390972911857,6.466045246278315,3.7013075221600573,29.36044512379446,0.9
cLogP,residual_property,cLogP_residual,150.0,raw_property,50,50,1.0,16.782149999999962,11.609947499999981,55.48249999999968,14.423999999999962,8.634372499999987,51.02099999999967,0.98
cLogP,residual_property,cLogP_residual,150.0,diagnostic_residual,50,50,1.0,9.096748518217254,4.387986453583775,36.21413445788362,8.600340571749852,4.263443464684567,35.63087241570458,0.9
cLogP,selfies_length,selfies_len_tokens,-150.0,raw_property,50,44,0.88,0.6361,-0.3915,0.6361,-3.194350000000001,-4.291910000000003,-1.7402750000000007,0.9772727272727273
cLogP,selfies_length,selfies_len_tokens,-150.0,diagnostic_residual,50,44,0.88,-2.509202958324381,-2.5114898935986307,-2.509202958324381,-2.9188342687626037,-3.6640513073463072,-1.868126687080933,0.9772727272727273
cLogP,selfies_length,selfies_len_tokens,-146.96969696969697,raw_property,50,44,0.88,0.6361,-0.3915,0.6361,-3.194350000000001,-4.291910000000003,-1.7402750000000007,0.9772727272727273
cLogP,selfies_length,selfies_len_tokens,-146.96969696969697,diagnostic_residual,50,44,0.88,-2.509202958324381,-2.5114898935986307,-2.509202958324381,-2.9188342687626037,-3.6640513073463072,-1.868126687080933,0.9772727272727273
cLogP,selfies_length,selfies_len_tokens,-143.93939393939394,raw_property,50,44,0.88,0.6361,-0.3915,0.6361,-3.049900000000001,-4.291910000000003,-1.7402750000000007,0.9772727272727273
cLogP,selfies_length,selfies_len_tokens,-143.93939393939394,diagnostic_residual,50,44,0.88,-2.509202958324381,-2.5114898935986307,-2.509202958324381,-2.9188342687626037,-3.6640513073463072,-1.868126687080933,0.9772727272727273
cLogP,selfies_length,selfies_len_tokens,-140.9090909090909,raw_property,50,44,0.88,0.6361,-0.3915,0.6361,-3.049900000000001,-4.291910000000003,-1.7680750000000007,0.9772727272727273
cLogP,selfies_length,selfies_len_tokens,-140.9090909090909,diagnostic_residual,50,44,0.88,-2.509202958324381,-2.5114898935986307,-2.509202958324381,-2.9188342687626037,-3.6640513073463072,-1.868126687080933,0.9772727272727273
cLogP,selfies_length,selfies_len_tokens,-137.87878787878788,raw_property,50,45,0.9,0.6361,-0.3915,0.6361,-3.225300000000001,-4.287980000000003,-1.7746000000000006,0.9777777777777777
cLogP,selfies_length,selfies_len_tokens,-137.87878787878788,diagnostic_residual,50,45,0.9,-2.509202958324381,-2.5114898935986307,-2.509202958324381,-2.922186657615921,-3.6464227881132714,-1.8784930319183202,0.9777777777777777
cLogP,selfies_length,selfies_len_tokens,-134.84848484848484,raw_property,50,45,0.9,0.6361,-0.3915,0.6361,-3.225300000000001,-4.303700000000003,-1.7485000000000008,0.9777777777777777
cLogP,selfies_length,selfies_len_tokens,-134.84848484848484,diagnostic_residual,50,45,0.9,-2.509202958324381,-2.5114898935986307,-2.509202958324381,-2.9244735928901706,-3.6464227881132714,-1.8784930319183202,0.9777777777777777
cLogP,selfies_length,selfies_len_tokens,-131.8181818181818,raw_property,50,45,0.9,0.6361,-0.3915,0.6361,-3.225300000000001,-4.303700000000003,-1.7485000000000008,0.9777777777777777
cLogP,selfies_length,selfies_len_tokens,-131.8181818181818,diagnostic_residual,50,45,0.9,-2.509202958324381,-2.5114898935986307,-2.509202958324381,-2.9244735928901706,-3.6464227881132714,-1.8784930319183202,0.9777777777777777
cLogP,selfies_length,selfies_len_tokens,-128.78787878787878,raw_property,50,46,0.92,0.08029999999999994,-0.3915,0.6361,-3.238300000000001,-4.290800000000003,-1.774175000000001,0.9782608695652174
cLogP,selfies_length,selfies_len_tokens,-128.78787878787878,diagnostic_residual,50,46,0.92,-2.510346425961506,-2.5114898935986307,-2.509202958324381,-2.939898829717561,-3.6409014480117925,-1.9033952572128425,0.9782608695652174
cLogP,selfies_length,selfies_len_tokens,-125.75757575757576,raw_property,50,46,0.92,0.39904999999999996,-0.3915,0.6361,-3.238300000000001,-4.290800000000003,-1.7269000000000008,0.9782608695652174
cLogP,selfies_length,selfies_len_tokens,-125.75757575757576,diagnostic_residual,50,46,0.92,-2.510346425961506,-2.5114898935986307,-2.509202958324381,-2.939898829717561,-3.6409014480117925,-1.9033952572128425,0.9782608695652174
cLogP,selfies_length,selfies_len_tokens,-122.72727272727272,raw_property,50,46,0.92,0.39904999999999996,-0.3915,0.6361,-3.238300000000001,-4.237800000000004,-1.7269000000000008,0.9782608695652174
cLogP,selfies_length,selfies_len_tokens,-122.72727272727272,diagnostic_residual,50,46,0.92,-2.510346425961506,-2.5114898935986307,-2.509202958324381,-2.939898829717561,-3.589148988665098,-1.9033952572128425,0.9782608695652174
cLogP,selfies_length,selfies_len_tokens,-119.69696969696967,raw_property,50,46,0.92,0.21229999999999993,-0.3915,0.6361,-3.238300000000001,-4.120645000000003,-1.7201750000000005,0.9782608695652174
cLogP,selfies_length,selfies_len_tokens,-119.69696969696967,diagnostic_residual,50,46,0.92,-2.510346425961506,-2.5114898935986307,-2.509202958324381,-2.939898829717561,-3.589148988665098,-1.9033952572128425,0.9782608695652174
cLogP,selfies_length,selfies_len_tokens,-116.66666666666666,raw_property,50,46,0.92,0.44935,-0.3915,0.6361,-3.182050000000002,-3.8889100000000028,-1.7201750000000005,0.9782608695652174
cLogP,selfies_length,selfies_len_tokens,-116.66666666666666,diagnostic_residual,50,46,0.92,-2.509202958324381,-2.5114898935986307,-2.2297233750143803,-2.8143722865232625,-3.589148988665098,-1.9033952572128425,0.9782608695652174
cLogP,selfies_length,selfies_len_tokens,-113.63636363636364,raw_property,50,46,0.92,0.32565,-0.3915,0.6361,-3.182050000000002,-3.8889100000000028,-1.7283250000000003,0.9782608695652174
cLogP,selfies_length,selfies_len_tokens,-113.63636363636364,diagnostic_residual,50,46,0.92,-2.509202958324381,-2.5114898935986307,-2.2534977332501063,-2.8420684304064454,-3.589148988665098,-1.9033952572128425,0.9782608695652174
cLogP,selfies_length,selfies_len_tokens,-110.6060606060606,raw_property,50,47,0.94,0.2626,-0.3915,0.6361,-3.1388000000000034,-4.046390000000003,-1.9128000000000005,0.9787234042553191
cLogP,selfies_length,selfies_len_tokens,-110.6060606060606,diagnostic_residual,50,47,0.94,-2.509202958324381,-2.5114898935986307,-2.2297233750143803,-2.9154818799092865,-3.562479649582915,-1.9282974825073649,0.9787234042553191
cLogP,selfies_length,selfies_len_tokens,-107.57575757575758,raw_property,50,47,0.94,0.2626,-0.3915,1.0262,-3.1388000000000034,-3.8799400000000026,-1.9556100000000014,0.9787234042553191
cLogP,selfies_length,selfies_len_tokens,-107.57575757575758,diagnostic_residual,50,47,0.94,-2.509202958324381,-2.5114898935986307,-2.2297233750143803,-2.7686549809036043,-3.562479649582915,-1.8157979282852776,0.9787234042553191
cLogP,selfies_length,selfies_len_tokens,-104.54545454545456,raw_property,50,47,0.94,0.2626,-0.3915,1.0262,-2.962400000000001,-4.105750000000004,-1.9556100000000014,0.9787234042553191
cLogP,selfies_length,selfies_len_tokens,-104.54545454545456,diagnostic_residual,50,47,0.94,-2.509202958324381,-2.5114898935986307,-2.2297233750143803,-2.6427070743059202,-3.462830178485123,-1.7504603916151016,0.9787234042553191
cLogP,selfies_length,selfies_len_tokens,-101.51515151515152,raw_property,50,47,0.94,0.1619999999999999,-0.3915,0.6444000000000001,-2.962400000000001,-4.1806500000000035,-2.0557000000000007,0.9787234042553191
cLogP,selfies_length,selfies_len_tokens,-101.51515151515152,diagnostic_residual,50,47,0.94,-2.509202958324381,-2.5114898935986307,-2.2297233750143803,-2.737804507248824,-3.462830178485123,-1.7504603916151016,0.9787234042553191
cLogP,selfies_length,selfies_len_tokens,-98.48484848484848,raw_property,50,48,0.96,0.1619999999999999,-0.3915,0.6836,-2.9856900000000017,-4.173525000000004,-2.0664000000000007,0.9791666666666666
cLogP,selfies_length,selfies_len_tokens,-98.48484848484848,diagnostic_residual,50,48,0.96,-2.509202958324381,-2.5114898935986307,-2.2297233750143803,-2.677700923765003,-3.426042321249517,-1.7517816081336683,0.9791666666666666
cLogP,selfies_length,selfies_len_tokens,-95.45454545454544,raw_property,50,49,0.98,0.1619999999999999,-0.3915,1.0262,-3.008980000000002,-4.166400000000004,-2.0343000000000018,0.9795918367346939
cLogP,selfies_length,selfies_len_tokens,-95.45454545454544,diagnostic_residual,50,49,0.98,-2.509202958324381,-2.5114898935986307,-2.2297233750143803,-2.636002296599286,-3.3579318023856595,-1.8784930319183202,0.9795918367346939
cLogP,selfies_length,selfies_len_tokens,-92.42424242424242,raw_property,50,49,0.98,0.1793,-0.3915,1.0262,-3.008980000000002,-4.166400000000004,-2.0343000000000018,0.9795918367346939
cLogP,selfies_length,selfies_len_tokens,-92.42424242424242,diagnostic_residual,50,49,0.98,-2.324820807957284,-2.5114898935986307,-2.166906224081076,-2.636002296599286,-3.3579318023856595,-1.753102824652235,0.9591836734693877
cLogP,selfies_length,selfies_len_tokens,-89.39393939393939,raw_property,50,49,0.98,0.2052,-0.3915,1.0262,-3.225300000000001,-4.194900000000004,-2.0343000000000018,0.9795918367346939
cLogP,selfies_length,selfies_len_tokens,-89.39393939393939,diagnostic_residual,50,49,0.98,-2.324820807957284,-2.5450898935986306,-2.060820807957284,-2.4556391247237928,-3.3470290426002602,-1.698776814208427,0.9387755102040817
cLogP,selfies_length,selfies_len_tokens,-86.36363636363637,raw_property,50,49,0.98,0.2626,-0.3915,1.0262,-3.225300000000001,-4.166400000000004,-1.880400000000002,0.9795918367346939
cLogP,selfies_length,selfies_len_tokens,-86.36363636363637,diagnostic_residual,50,49,0.98,-2.324820807957284,-2.5450898935986306,-1.5708926506373098,-2.452072079532604,-3.2509927933141505,-1.6642898179027632,0.9387755102040817
cLogP,selfies_length,selfies_len_tokens,-83.33333333333333,raw_property,50,49,0.98,0.2626,-0.3915,1.0262,-3.167300000000001,-4.016600000000005,-2.0226000000000024,0.9795918367346939
cLogP,selfies_length,selfies_len_tokens,-83.33333333333333,diagnostic_residual,50,49,0.98,-2.324820807957284,-2.5114898935986307,-1.3964967214901487,-2.303877006977685,-3.1309911456988955,-1.5373997295421893,0.9387755102040817
cLogP,selfies_length,selfies_len_tokens,-80.3030303030303,raw_property,50,49,0.98,0.3887,-0.2991999999999999,1.0262,-3.061900000000002,-4.016600000000005,-1.8827999999999996,0.9795918367346939
cLogP,selfies_length,selfies_len_tokens,-80.3030303030303,diagnostic_residual,50,49,0.98,-2.060820807957284,-2.5114898935986307,-1.2185128283362097,-2.2212995345889053,-2.919718737659909,-1.4225725631490669,0.9387755102040817
cLogP,selfies_length,selfies_len_tokens,-77.27272727272728,raw_property,50,49,0.98,0.2052,-0.2991999999999999,1.0262,-3.061900000000002,-4.0511000000000035,-1.8827999999999996,0.9795918367346939
cLogP,selfies_length,selfies_len_tokens,-77.27272727272728,diagnostic_residual,50,49,0.98,-2.0377560720889027,-2.5114898935986307,-1.2185128283362097,-2.1298792530340624,-2.919718737659909,-1.362025273796359,0.9387755102040817
cLogP,selfies_length,selfies_len_tokens,-74.24242424242425,raw_property,50,49,0.98,0.2626,-0.1644000000000001,1.0262,-3.056900000000001,-3.992900000000006,-1.8827999999999996,0.9591836734693877
cLogP,selfies_length,selfies_len_tokens,-74.24242424242425,diagnostic_residual,50,49,0.98,-1.9502437917043791,-2.487820807957284,-1.2185128283362097,-2.097808618896229,-2.9001003476066005,-1.2780684859487694,0.9387755102040817
cLogP,selfies_length,selfies_len_tokens,-71.21212121212122,raw_property,50,49,0.98,0.3551000000000001,-0.0349999999999998,0.8371,-3.056900000000001,-3.960000000000004,-1.8920000000000012,0.9795918367346939
cLogP,selfies_length,selfies_len_tokens,-71.21212121212122,diagnostic_residual,50,49,0.98,-1.756628061631104,-2.3584208079572835,-1.2116759434764943,-2.097808618896229,-2.7330496520185625,-1.3024337390108882,0.9183673469387755
cLogP,selfies_length,selfies_len_tokens,-68.18181818181819,raw_property,50,49,0.98,0.3871,-0.0014,0.96679,-3.061900000000002,-3.8921000000000032,-1.8920000000000012,0.9795918367346939
cLogP,selfies_length,selfies_len_tokens,-68.18181818181819,diagnostic_residual,50,49,0.98,-1.6060571987374854,-2.2297233750143803,-1.2038047754758423,-1.7937197827293128,-2.7112097233875208,-1.2972019427412957,0.9387755102040817
cLogP,selfies_length,selfies_len_tokens,-65.15151515151516,raw_property,50,50,1.0,0.7145,0.16632499999999992,1.185825,-2.719450000000002,-3.7197250000000026,-1.8163250000000004,0.98
cLogP,selfies_length,selfies_len_tokens,-65.15151515151516,diagnostic_residual,50,50,1.0,-1.4790487356815265,-2.021342161988232,-0.9969639862707542,-1.7642395137255158,-2.4232205834172955,-0.9641295176825604,0.94
cLogP,selfies_length,selfies_len_tokens,-62.121212121212125,raw_property,50,50,1.0,0.7763,0.16632499999999992,1.3601,-2.804700000000002,-3.5251250000000027,-1.7743750000000007,0.96
cLogP,selfies_length,selfies_len_tokens,-62.121212121212125,diagnostic_residual,50,50,1.0,-1.3269288201923248,-1.7363476367984612,-0.9791456646284956,-1.7738357913695513,-2.32768939657283,-0.6372418887241842,0.92
cLogP,selfies_length,selfies_len_tokens,-59.09090909090909,raw_property,50,50,1.0,0.7779999999999999,0.38657500000000006,1.451175,-2.3292,-3.6928750000000026,-1.4923825000000017,0.96
cLogP,selfies_length,selfies_len_tokens,-59.09090909090909,diagnostic_residual,50,50,1.0,-1.1304318884412685,-1.6060571987374854,-0.5202574491349709,-1.5487578264702244,-2.3440472177248246,-0.39741497089474026,0.92
cLogP,selfies_length,selfies_len_tokens,-56.06060606060606,raw_property,50,50,1.0,0.8613,0.3888500000000001,1.575625,-2.5082900000000015,-3.579050000000003,-1.5098250000000017,0.96
cLogP,selfies_length,selfies_len_tokens,-56.06060606060606,diagnostic_residual,50,50,1.0,-1.0225718340684367,-1.603647059469712,-0.5175663246679741,-1.4140214122909405,-2.309976926811833,-0.3600665234206176,0.88
cLogP,selfies_length,selfies_len_tokens,-53.03030303030303,raw_property,50,50,1.0,1.06145,0.3888500000000001,1.5823,-2.410390000000002,-3.696850000000003,-1.527650000000001,0.96
cLogP,selfies_length,selfies_len_tokens,-53.03030303030303,diagnostic_residual,50,50,1.0,-1.0225718340684367,-1.5652765033857583,-0.5175663246679741,-1.3308570121617271,-2.1816359191166628,-0.20389148196962004,0.86
cLogP,selfies_length,selfies_len_tokens,-50.0,raw_property,50,50,1.0,1.1218,0.24267500000000003,1.57607,-2.3256900000000016,-3.6070500000000045,-1.3456500000000016,0.96
cLogP,selfies_length,selfies_len_tokens,-50.0,diagnostic_residual,50,50,1.0,-0.8780851876618765,-1.6162080924901847,-0.12574070998128664,-1.1741582751414392,-2.011077561724414,-0.06561969536267509,0.8
cLogP,selfies_length,selfies_len_tokens,-46.96969696969697,raw_property,50,50,1.0,1.2037499999999999,0.1290249999999999,1.86555,-2.2523500000000003,-3.1564250000000023,-1.617875000000002,0.98
cLogP,selfies_length,selfies_len_tokens,-46.96969696969697,diagnostic_residual,50,50,1.0,-0.7899397572115171,-1.63335417601498,0.2705944081732402,-0.9525426049433985,-1.9040489738756154,-0.1105174898517069,0.8
cLogP,selfies_length,selfies_len_tokens,-43.93939393939394,raw_property,50,50,1.0,1.3121,0.40867500000000007,1.946075,-2.025400000000002,-2.921060000000003,-1.2152550000000018,0.98
cLogP,selfies_length,selfies_len_tokens,-43.93939393939394,diagnostic_residual,50,50,1.0,-0.7893159437652857,-1.3995110383205538,0.035730687522108825,-0.9526083373581904,-1.6333463205302978,-0.3298933222905287,0.82
cLogP,selfies_length,selfies_len_tokens,-40.90909090909091,raw_property,50,50,1.0,1.07295,0.4532224999999997,2.03565,-1.891150000000001,-3.0031000000000034,-1.4520749999999998,0.98
cLogP,selfies_length,selfies_len_tokens,-40.90909090909091,diagnostic_residual,50,50,1.0,-0.8164317175854826,-1.3999870162046484,0.3079510339630045,-1.0460133369437685,-1.632586689116282,-0.1923747899899393,0.8
cLogP,selfies_length,selfies_len_tokens,-37.87878787878788,raw_property,50,50,1.0,1.2492999999999999,0.39964750000000004,2.03565,-1.902900000000002,-2.578540000000003,-1.05905,0.96
cLogP,selfies_length,selfies_len_tokens,-37.87878787878788,diagnostic_residual,50,50,1.0,-0.7001976095074939,-1.4241798614954004,0.38444265533334265,-0.8637908518592651,-1.4433027188554017,-0.02923399973492091,0.76
cLogP,selfies_length,selfies_len_tokens,-34.848484848484844,raw_property,50,50,1.0,1.5363,0.7991000000000001,2.0571,-1.891150000000001,-2.5968150000000034,-1.0868750000000003,0.92
cLogP,selfies_length,selfies_len_tokens,-34.848484848484844,diagnostic_residual,50,50,1.0,-0.5533363110960184,-1.2763916924612886,0.11147746401706918,-0.7394858824406868,-1.5098669718821704,-0.08618407650675275,0.78
cLogP,selfies_length,selfies_len_tokens,-31.818181818181813,raw_property,50,50,1.0,1.7651,1.0277500000000002,2.2350850000000007,-1.5555000000000003,-2.4108000000000023,-0.7707550000000001,0.88
cLogP,selfies_length,selfies_len_tokens,-31.818181818181813,diagnostic_residual,50,50,1.0,-0.4185962954062396,-1.0426470622846575,0.47078271255238535,-0.6258781715664206,-1.1730000344719282,-0.09403007861079626,0.78
cLogP,selfies_length,selfies_len_tokens,-28.787878787878785,raw_property,50,50,1.0,1.70695,1.2212175,2.8359500000000013,-1.3585500000000015,-2.305850000000001,-0.6643350000000001,0.86
cLogP,selfies_length,selfies_len_tokens,-28.787878787878785,diagnostic_residual,50,50,1.0,-0.44680937748678223,-1.020216942354585,0.4010813017569535,-0.5912656420837085,-1.3192148868852707,0.048055647037999416,0.74
cLogP,selfies_length,selfies_len_tokens,-25.757575757575765,raw_property,50,50,1.0,2.2255600000000006,1.4530349999999999,3.464525000000002,-0.9888000000000003,-1.6036250000000007,-0.008399999999999963,0.74
cLogP,selfies_length,selfies_len_tokens,-25.757575757575765,diagnostic_residual,50,50,1.0,-0.16906193816264437,-0.8565385338058475,0.9916564471918287,-0.3104469976470846,-0.8208175344175828,0.26115537223442253,0.6
cLogP,selfies_length,selfies_len_tokens,-22.727272727272734,raw_property,50,50,1.0,2.5978000000000003,1.5853949999999999,3.6520500000000027,-0.41795000000000104,-1.5243250000000013,0.0,0.68
cLogP,selfies_length,selfies_len_tokens,-22.727272727272734,diagnostic_residual,50,50,1.0,0.00016681462982835044,-0.8144253091661429,1.0027620253955543,-0.12208412525796022,-0.823646605226425,0.2557328311691288,0.58
cLogP,selfies_length,selfies_len_tokens,-19.69696969696969,raw_property,50,50,1.0,2.9657600000000013,1.99235,3.978125000000002,-0.34675000000000056,-0.9709500000000013,0.0,0.6
cLogP,selfies_length,selfies_len_tokens,-19.69696969696969,diagnostic_residual,50,50,1.0,0.2522385358111429,-0.7376811234044969,0.7735176637371141,-0.1365464273945447,-0.5362595278919635,2.0816681711721685e-17,0.64
cLogP,selfies_length,selfies_len_tokens,-16.666666666666657,raw_property,50,50,1.0,3.2066800000000013,2.0489499999999996,4.306550000000003,0.0,-0.41101500000000035,0.0,0.4
cLogP,selfies_length,selfies_len_tokens,-16.666666666666657,diagnostic_residual,50,50,1.0,0.23281168086948661,-0.6077887300562685,0.9017817063526707,-2.7755575615628914e-17,-0.1234326408088996,7.806255641895632e-16,0.5
cLogP,selfies_length,selfies_len_tokens,-13.636363636363626,raw_property,50,50,1.0,3.2651300000000005,2.176525,4.369350000000003,0.0,-0.0703250000000003,0.0,0.28
cLogP,selfies_length,selfies_len_tokens,-13.636363636363626,diagnostic_residual,50,50,1.0,0.325583312599268,-0.43135485392954326,0.9256269540805293,0.0,-9.853229343548264e-16,7.806255641895632e-16,0.46
cLogP,selfies_length,selfies_len_tokens,-10.606060606060597,raw_property,50,50,1.0,3.115740000000002,2.298575,4.505040000000004,0.0,0.0,0.0,0.12
cLogP,selfies_length,selfies_len_tokens,-10.606060606060597,diagnostic_residual,50,50,1.0,0.27988704146969523,-0.6058077011115385,0.9617170314130936,0.0,-5.204170427930421e-16,4.440892098500626e-16,0.38
cLogP,selfies_length,selfies_len_tokens,-7.575757575757564,raw_property,50,50,1.0,3.115740000000002,2.3599250000000005,4.505040000000004,0.0,0.0,0.0,0.02
cLogP,selfies_length,selfies_len_tokens,-7.575757575757564,diagnostic_residual,50,50,1.0,0.328251308299887,-0.6058077011115385,0.9617170314130936,0.0,-5.204170427930421e-16,3.885780586188048e-16,0.38
cLogP,selfies_length,selfies_len_tokens,-4.545454545454561,raw_property,50,50,1.0,3.115740000000002,2.3599250000000005,4.4493750000000025,0.0,0.0,0.0,0.02
cLogP,selfies_length,selfies_len_tokens,-4.545454545454561,diagnostic_residual,50,50,1.0,0.28023318365683303,-0.6058077011115385,0.9257818056580259,0.0,-5.35162192338845e-16,2.0816681711721685e-17,0.4
cLogP,selfies_length,selfies_len_tokens,-1.5151515151515298,raw_property,50,50,1.0,3.115740000000002,2.3599250000000005,4.505040000000004,0.0,0.0,0.0,0.0
cLogP,selfies_length,selfies_len_tokens,-1.5151515151515298,diagnostic_residual,50,50,1.0,0.328251308299887,-0.6058077011115385,0.9257818056580259,0.0,-5.204170427930421e-16,1.734723475976807e-16,0.38
cLogP,selfies_length,selfies_len_tokens,1.5151515151515014,raw_property,50,50,1.0,3.2390400000000015,2.3599250000000005,4.505040000000004,0.0,0.0,0.0,0.04
cLogP,selfies_length,selfies_len_tokens,1.5151515151515014,diagnostic_residual,50,50,1.0,0.28023318365683303,-0.6058077011115385,0.9257818056580259,0.0,-5.35162192338845e-16,1.734723475976807e-16,0.28
cLogP,selfies_length,selfies_len_tokens,4.5454545454545325,raw_property,50,50,1.0,3.136190000000002,2.3599250000000005,4.505040000000004,0.0,0.0,0.0,0.04
cLogP,selfies_length,selfies_len_tokens,4.5454545454545325,diagnostic_residual,50,50,1.0,0.28023318365683303,-0.6058077011115385,0.9257818056580259,0.0,-6.34041430469523e-16,2.0816681711721685e-17,0.26
cLogP,selfies_length,selfies_len_tokens,7.575757575757564,raw_property,50,50,1.0,3.225590000000002,2.410275000000001,4.385400000000004,0.0,0.0,0.0,0.08
cLogP,selfies_length,selfies_len_tokens,7.575757575757564,diagnostic_residual,50,50,1.0,0.27988704146969523,-0.6305140521564059,0.9112119955547442,0.0,-8.326672684688674e-16,2.0816681711721685e-17,0.26
cLogP,selfies_length,selfies_len_tokens,10.606060606060597,raw_property,50,50,1.0,3.4917500000000024,2.298575,4.446660000000002,0.0,0.0,0.0,0.22
cLogP,selfies_length,selfies_len_tokens,10.606060606060597,diagnostic_residual,50,50,1.0,0.06100251757040845,-0.6439452579071552,0.8379358936417571,-2.498001805406602e-16,-0.32695873996438757,4.440892098500626e-16,0.34
cLogP,selfies_length,selfies_len_tokens,13.636363636363626,raw_property,50,50,1.0,3.864900000000003,2.298575,4.402380000000004,0.0,0.0,0.3207750000000009,0.3
cLogP,selfies_length,selfies_len_tokens,13.636363636363626,diagnostic_residual,50,50,1.0,-0.07023090191452705,-0.6662860295018063,0.6139340829345288,-7.771561172376096e-16,-0.6765007921678364,4.440892098500626e-16,0.32
cLogP,selfies_length,selfies_len_tokens,16.666666666666657,raw_property,50,50,1.0,4.031640000000003,2.6304250000000007,4.747670000000003,0.0,0.0,0.998000000000002,0.44
cLogP,selfies_length,selfies_len_tokens,16.666666666666657,diagnostic_residual,50,50,1.0,-0.13725020168375465,-0.7991315767792515,0.8491025975785527,-0.22622879334227597,-0.7762450508418963,0.14135812049348764,0.34
cLogP,selfies_length,selfies_len_tokens,19.69696969696969,raw_property,50,50,1.0,3.915040000000003,2.636625000000001,4.6940450000000045,0.0,-0.09178250000000032,0.7397000000000007,0.36
cLogP,selfies_length,selfies_len_tokens,19.69696969696969,diagnostic_residual,50,50,1.0,-0.43232693775874975,-1.177192590322579,0.39156239885513305,-0.6585538477561053,-1.3221052611538127,0.0,0.22
cLogP,selfies_length,selfies_len_tokens,22.72727272727272,raw_property,50,50,1.0,3.8092900000000025,2.826300000000001,4.772410000000003,0.08983999999999992,0.0,0.953775000000002,0.52
cLogP,selfies_length,selfies_len_tokens,22.72727272727272,diagnostic_residual,50,50,1.0,-0.4979101980451681,-1.6993193731713927,0.4046480282933706,-0.6394578513131367,-1.5695910948936855,0.027021948107164795,0.28
cLogP,selfies_length,selfies_len_tokens,25.75757575757575,raw_property,50,50,1.0,3.821600000000003,2.6470000000000002,5.0490100000000036,0.02820000000000089,-0.07592499999999947,1.0960250000000025,0.5
cLogP,selfies_length,selfies_len_tokens,25.75757575757575,diagnostic_residual,50,50,1.0,-0.6576699639553705,-1.9970232676484343,0.6848325458129079,-1.0948915496833969,-1.6515434404797373,0.005732996648548282,0.28
cLogP,selfies_length,selfies_len_tokens,28.787878787878785,raw_property,50,50,1.0,3.8402400000000014,2.4330700000000007,4.810825000000003,0.04889999999999928,-0.23355500000000018,0.7616000000000023,0.5
cLogP,selfies_length,selfies_len_tokens,28.787878787878785,diagnostic_residual,50,50,1.0,-0.8669489860740853,-2.1255418943999356,0.15538615567831288,-1.211939135519684,-1.819239145548105,-0.5025357169439024,0.12
cLogP,selfies_length,selfies_len_tokens,31.818181818181813,raw_property,50,50,1.0,4.146000000000004,2.5405450000000007,5.151965000000005,0.0,-0.33224750000000003,0.9617250000000022,0.46
cLogP,selfies_length,selfies_len_tokens,31.818181818181813,diagnostic_residual,50,50,1.0,-0.6460856456877218,-2.190076739900835,0.5329048014537263,-1.369903833515384,-1.9188364853380864,-0.44088073956443496,0.14
cLogP,selfies_length,selfies_len_tokens,34.848484848484844,raw_property,50,50,1.0,3.767800000000002,2.2078749999999996,4.702345000000005,0.0,-0.5025300000000013,0.9408000000000016,0.44
cLogP,selfies_length,selfies_len_tokens,34.848484848484844,diagnostic_residual,50,50,1.0,-1.2181351485765042,-2.487272055937013,-0.023199958454074226,-1.5057163963864615,-2.075833944210466,-0.5735609754952538,0.1
cLogP,selfies_length,selfies_len_tokens,37.87878787878788,raw_property,50,50,1.0,3.716650000000002,2.2134500000000004,4.564100000000004,0.0,-0.4378399999999995,0.8114000000000012,0.48
cLogP,selfies_length,selfies_len_tokens,37.87878787878788,diagnostic_residual,50,50,1.0,-1.2422691115818778,-2.51389649547304,-0.23697880203643606,-1.5118003873913892,-2.196291522484019,-0.6424036591067193,0.12
cLogP,selfies_length,selfies_len_tokens,40.90909090909091,raw_property,50,50,1.0,3.6312000000000024,2.5160150000000003,4.404450000000002,-0.0075499999999992795,-0.43390000000000056,0.9236000000000014,0.44
cLogP,selfies_length,selfies_len_tokens,40.90909090909091,diagnostic_residual,50,50,1.0,-1.5085647899356522,-2.275915195394064,-0.5281925498963167,-1.6892056288545874,-2.125690326023017,-0.7906776374922945,0.08
cLogP,selfies_length,selfies_len_tokens,43.93939393939394,raw_property,50,50,1.0,3.5520250000000018,2.5058975000000006,4.774235000000005,0.21454500000000154,-0.42460000000000053,0.9088950000000018,0.54
cLogP,selfies_length,selfies_len_tokens,43.93939393939394,diagnostic_residual,50,50,1.0,-1.2244424638196976,-2.5656866942297545,-0.42418353091237954,-1.638788205727687,-2.1843706259428726,-0.9005298634483682,0.08
cLogP,selfies_length,selfies_len_tokens,46.96969696969697,raw_property,50,50,1.0,3.616450000000002,2.3600875,4.550275000000004,0.14624999999999977,-0.7195499999999994,0.8342950000000016,0.52
cLogP,selfies_length,selfies_len_tokens,46.96969696969697,diagnostic_residual,50,50,1.0,-1.4313686743428087,-2.5278899908091086,-0.813849865240686,-1.5773610748204865,-2.539396368941646,-0.9655377070934603,0.04
cLogP,selfies_length,selfies_len_tokens,50.0,raw_property,50,50,1.0,3.717700000000003,2.3293600000000003,4.707002500000005,0.16345000000000043,-0.8827499999999999,1.0243350000000015,0.56
cLogP,selfies_length,selfies_len_tokens,50.0,diagnostic_residual,50,50,1.0,-1.5054885386129548,-2.5571146184877875,-0.5129470187870069,-1.5214949039780394,-2.640267310250511,-0.9121847932964555,0.1
cLogP,selfies_length,selfies_len_tokens,53.03030303030303,raw_property,50,50,1.0,3.6300500000000024,1.9766200000000003,4.638977500000004,0.09534999999999927,-1.106000000000001,0.9337175000000011,0.52
cLogP,selfies_length,selfies_len_tokens,53.03030303030303,diagnostic_residual,50,50,1.0,-1.5209268705423633,-3.3121292583629804,-0.781175631574994,-2.222854482908785,-2.821128512606127,-0.9531698716057062,0.1
cLogP,selfies_length,selfies_len_tokens,56.06060606060606,raw_property,50,50,1.0,3.304625000000002,1.9660450000000003,4.520202500000004,0.0007399999999990747,-0.7611150000000017,0.9531175000000012,0.5
cLogP,selfies_length,selfies_len_tokens,56.06060606060606,diagnostic_residual,50,50,1.0,-1.8098291265169004,-3.181190656843194,-0.7798458497151097,-1.9834445868364792,-3.063860396274788,-1.2964071579005187,0.06
cLogP,selfies_length,selfies_len_tokens,59.09090909090909,raw_property,50,50,1.0,3.746060000000002,2.2065,4.855542500000005,0.1677000000000003,-0.7631250000000003,1.2736975000000028,0.58
cLogP,selfies_length,selfies_len_tokens,59.09090909090909,diagnostic_residual,50,50,1.0,-1.836812728968015,-3.328084435224139,-0.5828948250290329,-2.1040186659651825,-3.164723586397834,-0.9458633910306946,0.04
cLogP,selfies_length,selfies_len_tokens,62.121212121212125,raw_property,50,50,1.0,3.208540000000001,2.45892,4.9595750000000045,0.016540000000000443,-0.9892100000000014,1.2230250000000011,0.52
cLogP,selfies_length,selfies_len_tokens,62.121212121212125,diagnostic_residual,50,50,1.0,-2.2092880708893707,-3.4157317299376992,-0.3470808158289977,-2.220613766015097,-3.688721024275008,-1.2483802811709068,0.08
cLogP,selfies_length,selfies_len_tokens,65.15151515151516,raw_property,50,50,1.0,3.432150000000002,2.465200000000001,4.949127500000005,0.11742000000000097,-1.0235525000000012,1.2049500000000022,0.58
cLogP,selfies_length,selfies_len_tokens,65.15151515151516,diagnostic_residual,50,50,1.0,-2.159236786207454,-3.245562788009569,-0.5680937804026371,-2.234363622768646,-3.598162533101862,-1.3960187005982245,0.04
cLogP,selfies_length,selfies_len_tokens,68.18181818181819,raw_property,50,50,1.0,3.0139900000000006,2.2433750000000003,4.770510000000004,0.05989,-0.8403649999999976,1.0678425000000022,0.56
cLogP,selfies_length,selfies_len_tokens,68.18181818181819,diagnostic_residual,50,50,1.0,-2.6875158895247426,-4.717955950348459,-1.2764750010217842,-2.6440252088926197,-4.524047683635037,-1.5624948999250512,0.08
cLogP,selfies_length,selfies_len_tokens,71.21212121212122,raw_property,50,50,1.0,3.8709900000000026,2.2763424999999997,5.0308500000000045,0.5117200000000017,-0.8516650000000011,2.160675000000005,0.56
cLogP,selfies_length,selfies_len_tokens,71.21212121212122,diagnostic_residual,50,50,1.0,-2.3739000860714703,-4.718288812754114,-0.8600110594807451,-2.586859045878488,-4.518046203571933,-1.1601173017268784,0.08
cLogP,selfies_length,selfies_len_tokens,74.24242424242425,raw_property,50,50,1.0,3.8281750000000017,2.2959275000000003,4.8551725000000046,0.30099000000000053,-0.9155000000000011,1.4103250000000034,0.56
cLogP,selfies_length,selfies_len_tokens,74.24242424242425,diagnostic_residual,50,50,1.0,-3.6007040563084085,-8.972972401967356,-1.4193433444354715,-3.6226886726384557,-9.447881421465107,-1.9601818489419194,0.06
cLogP,selfies_length,selfies_len_tokens,77.27272727272728,raw_property,50,50,1.0,4.005895000000002,2.2929150000000007,5.456047500000007,0.9335000000000018,-0.7723824999999966,3.3047500000000056,0.6
cLogP,selfies_length,selfies_len_tokens,77.27272727272728,diagnostic_residual,50,50,1.0,-3.553672934447376,-9.071506526307095,-1.4301959890333493,-4.083438163227619,-10.046211759107159,-1.8146368243382618,0.08
cLogP,selfies_length,selfies_len_tokens,80.30303030303031,raw_property,50,50,1.0,3.6571850000000015,1.1689749999999997,5.292467500000006,0.5538800000000008,-0.9930575000000005,2.1680500000000045,0.58
cLogP,selfies_length,selfies_len_tokens,80.30303030303031,diagnostic_residual,50,50,1.0,-5.041521362875267,-9.901029621746053,-1.9313613181052716,-4.53713385233643,-11.176182545824066,-2.0972830319598623,0.1
cLogP,selfies_length,selfies_len_tokens,83.33333333333334,raw_property,50,50,1.0,3.625370000000002,1.8327075000000002,5.591967500000007,0.49198000000000075,-1.0018424999999995,2.7988800000000045,0.6
cLogP,selfies_length,selfies_len_tokens,83.33333333333334,diagnostic_residual,50,50,1.0,-5.799113513491144,-11.00968809197366,-1.8402111007264328,-6.240336944723083,-11.201718043197522,-1.8965931427435283,0.1
cLogP,selfies_length,selfies_len_tokens,86.36363636363637,raw_property,50,50,1.0,4.096225000000002,2.0785375000000004,5.760102500000006,0.9984900000000012,-0.6499499999999999,3.5463750000000034,0.66
cLogP,selfies_length,selfies_len_tokens,86.36363636363637,diagnostic_residual,50,50,1.0,-5.7129855576644015,-11.524162455067753,-1.9521769979822179,-6.46165142744333,-11.375710589297515,-2.024342241059145,0.1
cLogP,selfies_length,selfies_len_tokens,89.3939393939394,raw_property,50,50,1.0,4.116100000000003,2.681317500000001,8.660325000000004,1.063285000000001,-0.05285499999999921,5.336467500000003,0.72
cLogP,selfies_length,selfies_len_tokens,89.3939393939394,diagnostic_residual,50,50,1.0,-5.556922921532653,-10.571117223783471,-1.7236325314609604,-5.672745048840801,-11.47508923721141,-1.5683040790147431,0.16
cLogP,selfies_length,selfies_len_tokens,92.42424242424244,raw_property,50,50,1.0,4.161125000000004,2.629565000000002,8.285867500000002,1.1976350000000018,0.07327000000000083,3.187007499999998,0.76
cLogP,selfies_length,selfies_len_tokens,92.42424242424244,diagnostic_residual,50,50,1.0,-6.922370167347727,-10.278480779574608,-1.6285774427677988,-6.972684277233386,-11.268146468543993,-1.3601896837313505,0.16
cLogP,selfies_length,selfies_len_tokens,95.45454545454544,raw_property,50,50,1.0,4.744070000000004,3.2163375000000025,14.674674999999969,2.978590000000004,0.4097525000000004,11.797964999999964,0.78
cLogP,selfies_length,selfies_len_tokens,95.45454545454544,diagnostic_residual,50,50,1.0,-4.3835546542062565,-10.135940283438744,0.19462539730645906,-3.221293195399575,-10.51210808328415,0.7876135310318495,0.26
cLogP,selfies_length,selfies_len_tokens,98.48484848484848,raw_property,50,50,1.0,5.071495000000005,3.3092675000000016,14.047224999999978,3.053270000000003,0.11386249999999976,10.114369999999969,0.78
cLogP,selfies_length,selfies_len_tokens,98.48484848484848,diagnostic_residual,50,50,1.0,-7.639170533677923,-10.498990841393919,-0.3098146119884939,-7.174684573435432,-10.894126566901374,-0.712956486628217,0.18
cLogP,selfies_length,selfies_len_tokens,101.5151515151515,raw_property,50,50,1.0,5.816000000000006,2.6034249999999997,17.312849999999976,3.7460400000000087,-0.4833525000000018,13.195782499999975,0.7
cLogP,selfies_length,selfies_len_tokens,101.5151515151515,diagnostic_residual,50,50,1.0,-5.893965716808593,-10.989943791915296,2.199541303528132,-4.883344286258315,-10.995457326168822,2.474710349843504,0.3
cLogP,selfies_length,selfies_len_tokens,104.54545454545452,raw_property,50,50,1.0,5.576000000000006,2.710675000000001,14.62782499999997,2.1344450000000035,-0.5500250000000015,10.671892499999977,0.7
cLogP,selfies_length,selfies_len_tokens,104.54545454545452,diagnostic_residual,50,50,1.0,-7.890042916322617,-11.561148083888687,0.631083269963435,-8.479529303035731,-11.197955469635705,-0.03656363957132713,0.24
cLogP,selfies_length,selfies_len_tokens,107.57575757575756,raw_property,50,50,1.0,5.269225000000005,2.6342175,15.833792499999966,2.597885000000005,-0.5627750000000005,12.363522499999968,0.7
cLogP,selfies_length,selfies_len_tokens,107.57575757575756,diagnostic_residual,50,50,1.0,-8.373618464399005,-11.769420543819296,1.3476214954451848,-7.947958306548302,-11.742046677893535,0.6663033737279732,0.28
cLogP,selfies_length,selfies_len_tokens,110.60606060606062,raw_property,50,50,1.0,6.894125000000008,3.2290000000000014,15.816442499999969,3.1581600000000027,0.20581749999999943,11.451167499999961,0.76
cLogP,selfies_length,selfies_len_tokens,110.60606060606062,diagnostic_residual,50,50,1.0,-7.472662701168564,-10.827367725494424,1.508567286991115,-7.279825867406442,-11.085712797966318,0.47600521357556735,0.28
cLogP,selfies_length,selfies_len_tokens,113.63636363636364,raw_property,50,50,1.0,8.396835000000006,3.3770250000000015,15.703874999999965,5.941284999999984,0.03546000000000027,12.56986999999997,0.74
cLogP,selfies_length,selfies_len_tokens,113.63636363636364,diagnostic_residual,50,50,1.0,-5.389771133206089,-11.25814455144639,1.1380797284011392,-5.48758863632328,-10.72781793051396,0.7387620736299652,0.28
cLogP,selfies_length,selfies_len_tokens,116.66666666666669,raw_property,50,50,1.0,10.517419999999996,4.348995000000005,16.92849499999997,6.6977400000000085,1.2327600000000023,13.500177499999966,0.82
cLogP,selfies_length,selfies_len_tokens,116.66666666666669,diagnostic_residual,50,50,1.0,-3.197903015269869,-8.67860179770832,2.5155397586624426,-3.3138902284966947,-8.492327691972195,1.8606894568371874,0.4
cLogP,selfies_length,selfies_len_tokens,119.69696969696967,raw_property,50,50,1.0,9.912790000000001,4.455097500000004,15.90788499999996,6.890074999999996,1.309990000000001,12.327609999999972,0.84
cLogP,selfies_length,selfies_len_tokens,119.69696969696967,diagnostic_residual,50,50,1.0,-4.0954210906701025,-10.346797339632227,1.2562427950081516,-3.380979598918414,-9.973613025656197,1.0420604289494775,0.36
cLogP,selfies_length,selfies_len_tokens,122.72727272727276,raw_property,50,50,1.0,14.227889999999977,6.535460000000006,17.85236999999998,11.109744999999972,3.429215000000005,13.989367499999982,0.9
cLogP,selfies_length,selfies_len_tokens,122.72727272727276,diagnostic_residual,50,50,1.0,-0.31951254961726683,-7.098918910386581,3.4717579775932013,-0.6786825790518132,-6.724726524936846,2.7756283388344136,0.44
cLogP,selfies_length,selfies_len_tokens,125.75757575757576,raw_property,50,50,1.0,13.191069999999982,6.877552500000007,17.74158749999998,9.914544999999983,3.8981600000000025,14.107812499999975,0.88
cLogP,selfies_length,selfies_len_tokens,125.75757575757576,diagnostic_residual,50,50,1.0,-0.48181513860718805,-5.632942483761424,3.0288805525829616,-0.28256663373479035,-5.7883770391085125,2.699017217286742,0.48
cLogP,selfies_length,selfies_len_tokens,128.7878787878788,raw_property,50,50,1.0,14.54173499999997,7.707875000000007,17.844999999999978,11.161139999999966,3.6721300000000063,14.17908749999997,0.86
cLogP,selfies_length,selfies_len_tokens,128.7878787878788,diagnostic_residual,50,50,1.0,0.5242661741626398,-5.0091407707519515,3.119255725285516,0.1284890245767072,-6.800118869120058,2.230762480544294,0.5
cLogP,selfies_length,selfies_len_tokens,131.8181818181818,raw_property,50,50,1.0,14.128099999999975,7.537372500000011,17.938584999999982,10.240544999999978,3.8986500000000035,14.960312499999985,0.9
cLogP,selfies_length,selfies_len_tokens,131.8181818181818,diagnostic_residual,50,50,1.0,-0.029383649468074174,-5.82057308129567,3.355616342105659,-0.06654405854552839,-5.825953376414043,3.0032616795130105,0.5
cLogP,selfies_length,selfies_len_tokens,134.84848484848487,raw_property,50,50,1.0,15.33323499999997,8.456205000000008,19.785507499999994,11.517444999999976,5.766452499999996,15.62032999999998,0.86
cLogP,selfies_length,selfies_len_tokens,134.84848484848487,diagnostic_residual,50,50,1.0,0.8003694343263303,-5.151374962556082,4.1635007945042215,0.4487955254141598,-5.057729333707363,4.274033793881616,0.52
cLogP,selfies_length,selfies_len_tokens,137.87878787878788,raw_property,50,50,1.0,14.456849999999973,5.875467500000013,18.50911999999999,11.466859999999972,2.265352500000004,14.691857499999967,0.84
cLogP,selfies_length,selfies_len_tokens,137.87878787878788,diagnostic_residual,50,50,1.0,-0.2560352730514745,-7.589344390485543,3.958208889840908,0.07869267176190081,-7.028876227424877,3.150257178756048,0.5
cLogP,selfies_length,selfies_len_tokens,140.90909090909088,raw_property,50,50,1.0,11.699644999999986,5.329750000000006,17.09654499999997,9.347139999999996,2.0311775000000036,14.686294999999994,0.78
cLogP,selfies_length,selfies_len_tokens,140.90909090909088,diagnostic_residual,50,50,1.0,-1.818711416285792,-7.44847641058641,2.4234731032723826,-1.8888709787719513,-8.591981282159328,2.2327867188946873,0.38
cLogP,selfies_length,selfies_len_tokens,143.93939393939394,raw_property,50,50,1.0,14.393949999999972,5.035300000000005,18.528767499999983,11.44829499999997,1.0718175000000014,15.579697499999982,0.78
cLogP,selfies_length,selfies_len_tokens,143.93939393939394,diagnostic_residual,50,50,1.0,-0.22662591889653688,-8.15208673845621,4.32465091341168,-0.6011820229675107,-8.314348682567534,4.53404244967402,0.46
cLogP,selfies_length,selfies_len_tokens,146.96969696969694,raw_property,50,50,1.0,15.366489999999965,6.755995000000006,20.0650925,12.239149999999967,5.218460000000006,16.688222499999995,0.82
cLogP,selfies_length,selfies_len_tokens,146.96969696969694,diagnostic_residual,50,50,1.0,0.8963462663744775,-6.238520554047415,5.526353661672941,1.1435067639519805,-6.708263913011755,5.352887488435095,0.52
cLogP,selfies_length,selfies_len_tokens,150.0,raw_property,50,50,1.0,15.611399999999968,5.336975000000011,19.111372499999987,11.83830499999997,4.039225000000001,16.28099999999998,0.86
cLogP,selfies_length,selfies_len_tokens,150.0,diagnostic_residual,50,50,1.0,0.598679011950848,-6.906822987580211,4.842824070200052,0.4722552357104852,-6.378473734066034,4.417146436287449,0.52
