sample_id,canonical_smiles,exact_nearest_tanimoto,nearest_training_id_exact,search_threshold_used
1,C=CCOC(CC=CC(O)=CC(=O)CF)(OCC)C(=O)NC=CC(=O)[CH]CCN(C)C,0.27142858505249023,534545,0.2
2,COCC=CC1C=CC(Cl)=C(N)C(=O)C(CC=O)C(=O)CC=C(C)C=CC1,0.25882354378700256,60494,0.2
3,C#CC=CC(CC=O)C1=N[C@@H](C)CN1,0.42500001192092896,386905,0.2
4,FC=CSCC1CN=C(c2ccccc2)C2C=C(S)CC12,0.24193547666072845,344896,0.2
5,O=NCCCC1=CN=CCC(=O)CC=CC#CC=CCN1,0.19607843458652496,266756,0.15
6,C=C(C=COCN)C(=O)C1C2=CN=CC3=C1[C]N([CH]CNCC1(C=NNC1C)CC2)C3,0.21111111342906952,453948,0.2
7,CCNCCC(=O)NCC=CCOC=C(O)[PH](=O)C[CH]CCC(C)Br,0.29629629850387573,91367,0.2
8,CC(C)(C)CNC(=O)NC=CC(=O)C=COC=C(F)C(=O)C=CF,0.30612245202064514,272240,0.2
9,CC=CC(=O)C(C=C1C(N(O)C(=O)O)C=CN1CCC)CC=CC(O)CO,0.25,262883,0.2
10,O=C1CC=COCCC(F)C=NN=CC=CC=CCN1,0.26530611515045166,228305,0.2
11,NC(=O)C(=O)C(N)=CC1=CC=CC#C[C@@H](C=CC[N+](=O)[O-])C(=O)O1,0.20588235557079315,73515,0.2
12,CCC(=O)C=CC=N,0.5199999809265137,166871,0.2
13,CC=C(O)C=C1C=Cc2cc(ncc2=CC(O)=CN=CCCCC)=N1,0.2857142984867096,570909,0.2
14,CC=C1C(F)=NC=CC=CNC=C2C(=O)C(C=C(C=O)C(Br)=CCCS)C=NC21,0.1744185984134674,49916,0.15
15,CNC(C=CC=CN(C)F)CC(O)=CC=CC=CC[C@H](O)[C]CO,0.20000000298023224,7366,0.2
16,CC=C1NC(=O)C=COC2CNCC=C(Cl)C=CN=CC12,0.2112676054239273,516442,0.2
17,CC1=CC=CC=CCC(N)S(=O)C1,0.3030303120613098,567984,0.2
18,C=COC1=CN=CC2CC(=O)N2SC(=O)C(Cl)=CCCC(N)N=C1C=CO,0.2151898741722107,352182,0.2
19,C=C1C2=CC=CC1(Br)C=C(N)CC2,0.31111112236976624,57827,0.2
20,COC[C@H](N)OCC=CC(=O)SC=C1OCC=CC=C1C,0.25,627130,0.2
21,CC(=O)[SH]1C=COC(=O)C1,0.3142857253551483,231349,0.2
22,CC(F)(F)CN(F)CCS(=O)CCF,0.3095238208770752,296122,0.2
23,CC(=CC=CC(C)O)C1=CCOCC1=CC=C(Br)C=O,0.23529411852359772,239717,0.2
24,CNC(=O)C[CH]C=C1C=C2C=C3CCC2C[C@H](CO)CC=C3C=CCc2ccccc21,0.25882354378700256,565177,0.2
25,CC(=O)C=CC[CH]NC(=O)C(O)=NC12C=CC1C=CCO[C@@H]2COCC=CCN,0.24657534062862396,547251,0.2
26,CC1=CC(C=CC#N)CCCC(=O)NCCCOC2CCNCC(=O)C2=CCC(S)C(=O)N1,0.232876718044281,267779,0.2
27,CC1=C2NCC(=O)CNC(Cl)=C(F)C=CCCOCCN3CC=COC(C)C1C=C2C3,0.23255814611911774,10703,0.2
28,CC=C1COC(=O)CC2=CC(F)CC=C2C=C(C=NC(C)C)C1,0.21311475336551666,531404,0.2
29,C[SH](=O)(O)C1=C[C@@H](N)N(C=CC(F)=CC(=O)N[C@@H](F)[CH]C2(N)CC2)CC1=CF,0.21794871985912323,198350,0.2
30,CCOC(CC=NC=CF)C(=O)CC=CC1=C(CC(C)[SH]=CC(=O)NC)C=CCO1,0.2405063360929489,266280,0.2
31,O=CC(OCC=CC=Cc1cccnc1)C(Br)C(=O)C=CSCC(=O)NO,0.3636363744735718,486278,0.2
32,CC1=CC=CC2=CN(CCC=CCC=C3C(Cl)=CCSC(=O)ON3C=CC(C)C=O)C(=O)CN2C1,0.19148936867713928,546811,0.15
33,CNCCC1C=C(F)CCOCC2C=C(CCC(C)O1)C(Cl)(NC[CH]CC=O)C=CC(N)=N2,0.20909090340137482,77953,0.2
34,CC=CC1=CNC(=CCCl)C=CC2=C(C(C)=O)NC2(NCOC)C1=CC(C)C,0.22727273404598236,257045,0.2
35,CC=C1C=CCCCC=C(OC)C2=C3C=CCC(=CN2)CC=CC=CC13,0.2295081913471222,402756,0.2
36,C=NC=C1C=CN=CC=CCC1,0.24444444477558136,562765,0.2
37,CNC(=O)N=CC=C(O)Cl,0.29729729890823364,166592,0.2
38,CONC(=O)[CH]CNCC1=C(Cl)C=Cc2ccc(S)cc2CCCC=CC=NSC=C(C)[CH]1,0.26436781883239746,89107,0.2
39,CNC(=NC=CO[CH]CC1=CNC1)C1C=CSC1=O,0.22077922523021698,582628,0.2
40,CN(CC#N)Cc1ccc(F)cc1O[C@@H](C=C(S)Br)C(=O)CCC(CCF)NCCO,0.29487180709838867,622415,0.2
41,CC1=CC=C2NC(=O)N=C(C)C=CCC(=CCN=CC1F)C=CN=COC2C,0.18666666746139526,530657,0.15
42,C=CCC=C(C)CC=NOCC(=CN=CNC=NC=O)CC=Cc1cccc2c1C=CC2=C,0.2222222238779068,452362,0.2
43,C=CCC(C)(C=C1N=CC(F)(C=CCC)CC(C=C)C1=O)CC=NCC,0.22857142984867096,304118,0.2
44,C=CC(=O)C(Br)NCC(=O)NC1(CONC=C(Br)C(C)ONC(=O)CC)C=COCC1,0.2083333283662796,494147,0.2
45,CC=C(O)CC1=CN=CN[C](CNCC)CC(=O)C(NCCCCC)OC=CC1,0.23376622796058655,198988,0.2
46,C=COCCOCC(=O)N(CCC=CC(=C)C(Cl)=CC=CC(=O)F)CCCCC,0.35483869910240173,76009,0.2
47,CCCCOC(=COC(Cl)=CC1C=CC=CSC1C)C(=O)C=CCOCC,0.2931034564971924,232708,0.2
48,C=C(N)C=CC(=O)COC(C)c1occ(C(C)=CNCF)c1C=NC=C1CC1F,0.21590909361839294,261293,0.2
49,C#CC=CCC1(O)C[CH]C(=O)OCCC(C)=CN1,0.25,401969,0.2
50,CC=NC1=CCC2CC(=N)C3(CNC(=O)NC3=NC2N)ON=CCCC(N)=CCC#C1,0.17241379618644714,204923,0.15
51,CC(F)(F)C(=O)C1=CN2C=CC(=O)NC=CC3CCC=C2C=C1CC3,0.23529411852359772,118478,0.2
52,NC[C](C1=C=CC(Cl)=COC(=O)CNC2=CC=CCC=NC1CO2)C(F)F,0.20000000298023224,230766,0.2
53,COC(=O)[C@H](C)NC(=O)C=CCl,0.6896551847457886,387955,0.2
54,C=NC1=CC(=CC=S=O)C(Br)=C2OC=CC(F)C2=CN=CC2=CCCOC=C[SH]21,0.15853658318519592,454300,0.15
55,C=CC12C=COC3C=CC=CC(=O)CC(Br)OC(C)C=CC3=C1C=C2,0.2950819730758667,431645,0.2
56,CC=CNC=C(C=CC1=C=C2C=C(C)C=C2C1)NC=CCOC1=CC(Br)C=N1,0.20253165066242218,609851,0.2
57,ClCC=C1OC1C=CC=CNC1=CC=CC=C[SH]1C1=NN=NCC1,0.17910447716712952,200121,0.15
58,C=NCC1=C(C=CC=C[C@@H](Cl)OC)C2=C1CCC1=CNc3ccccc3COCC=C12,0.21782177686691284,135454,0.2
59,OCC=C(F)C=CCNNC1(F)NC=CC=CCN=CC=CSN1,0.2112676054239273,339710,0.2
60,C=CSC(=O)C=C(C)CC=CCC#N,0.3055555522441864,255055,0.2
61,CNC=CC1C2=NC=C3C(=NC=C(C)C#CN2C2OCC[CH]CC(OCCNC)C32)S1(=O)=O,0.20879121124744415,164286,0.2
62,CC(=CC=C(F)O[C@H]1CCNCC1C=C=S=CCC=CC=C(F)C#N)CC=N,0.22857142984867096,401991,0.2
63,NC(=O)OC(Br)=C(CC=O)c1nc1=O,0.28205129504203796,630966,0.2
64,CC=C1CCN1CNC=C1CC=CC(=O)[C@@H]1NCOCC(F)=CC=[N+][O-],0.20000000298023224,116276,0.2
65,CCNC=CC1CN(CC=CCS(C)=O)C(C(F)Cl)=CC=CC(=O)O1,0.2222222238779068,202849,0.2
66,C=COCC=CC1=CCC2=CC(=C)CC(C)(F)C=CN1C2=O,0.24285714328289032,423820,0.2
67,CC1(Cl)OCC2=CCC(=CC(=O)C1=O)C(Cl)=CC2,0.3181818127632141,209254,0.2
68,CC1CNC(=O)OC[C@@H](C=O)C2=CC2(C)CC(F)=C[C]C1=O,0.30909091234207153,386121,0.2
69,CC(=O)NC=C1NC(=O)CC2=NN=C3N=C1C(Br)=CC(C=CC=CCBr)=C[C@H]3C2,0.22093023359775543,414703,0.2
70,O=CC(F)C12C=C(C=CCCl)COC(C(S)=NC=CF)[C@@H](CC=NC1)O2,0.18518517911434174,251139,0.15
71,CC1CCC(CF)C(=O)COCC2=C(Cl)CNC(=O)C=C21,0.2545454502105713,385397,0.2
72,CCCN(C)F,0.5,265920,0.2
73,CC1=CSC=C2NC(=O)C=CC1=C1C=CC(C)N=C21,0.2222222238779068,386327,0.2
74,C=CC=CN(CC=C(Cl)N=CF)OCC=C(I)C1C(=O)COC(C(F)F)=C1Cl,0.19780220091342926,329872,0.15
75,CC=CC(F)=C1C=CC(C(=O)OCC(C)=O)=C1,0.3636363744735718,448643,0.2
76,CCNC(=O)OC(Cl)=CC(F)C=NC(=O)N=CCl,0.2954545319080353,548178,0.2
77,COCC=C1CC(CC(Cl)[N+]=NC(=O)OCCCC(C)=O)C2C=C1SCC2,0.24242424964904785,309861,0.2
78,[CH]C(=O)COc1cc(O)ccc1CC=C1C=CC=CNC(=O)[CH]OC(C)(C)CC(O)=C1,0.2650602459907532,344833,0.2
79,CC1=CC=CC2(CN1)CC1(C=CC(F)=C1)C(F)=C(C)Nc1[nH]ccc12,0.23636363446712494,304797,0.2
80,CC(CC=CCCC=O)CNC1=C2CC=CC=C(Cl)C(F)(F)[C]1CC2,0.23529411852359772,482882,0.2
81,[C-]#[N+]CC[C]CCOC(=O)NCC=CCNC=C1C=C(N=N)C=C1CN=CC1C=CCC=C1C,0.21111111342906952,310133,0.2
82,CC1(CCO)C2=NC=CC3=CN=CC(=CC(N)=CCCCCCCC1N)C(CC=CCNC(N)=O)=CC32,0.21276596188545227,318034,0.2
83,CCN(C[C]CC(C)=CC=CC=NC=CC=COC)C(C)=O,0.2954545319080353,360635,0.2
84,O=C(F)C1[CH]C=CC2=CC=CC=C(C(F)C=CC2)C1C=C(CO)CC=C1C=CCC=C1,0.17142857611179352,619003,0.15
85,O=C1C=CSC=C(Cl)C2C=CCC2N2C(O)=NC=C(CO)NC=CC12,0.20779220759868622,94164,0.2
86,O=C1COCCC(F)=C(NCCCC#CC=CC=C(F)CCNC[CH]CCF)C=N1,0.19819819927215576,40216,0.15
87,CCC=CC1C=CC(OC=CC=CCN)=CC2C=CCCNCC=CC3=NCC(=O)C3C=C(N)C12,0.1818181872367859,617495,0.15
88,C[C@@H](CC(N)=O)C1C2=COC(=O)C3(C=CC=CC=CN1CC(O)=CC=CC2)C=CN=CC3,0.23529411852359772,467147,0.2
89,C=NC1C=CCC2(C=CC=CN(C)C2)C(=O)OC(Cl)=C1CC(=O)O,0.25,329366,0.2
90,C=C1NCN=C(NCC)N=CCN1CC(C)C=CC(=O)CSC,0.2261904776096344,488512,0.2
91,C=CC[C]1CSC(=CC)C=C(F)CC2C=C(O)N=CC=CC(=O)N=C12,0.23529411852359772,11704,0.2
92,CC1CNC=C1CC1=C(C2=CC=CSN(C=CC#N)C(Cl)C=NN2)CC=CN=NC1O,0.18095238506793976,116827,0.15
93,CCNCCC(N)C(=O)C=C1CN2C=C[C@](C)(C1)[C@@H]2ONC=C(F)Cl,0.23255814611911774,226219,0.2
94,Cc1nc(CCC2CCC=CNCOC2)n2c1C1=CC=NN=CCOC=C12,0.22972972691059113,21250,0.2
95,C=C(Cl)C=CC1=CC2(N)C=C(I)C#CC(=O)C(CCS)C=CCCOCCC1C2,0.2183908075094223,400918,0.2
96,CCC(O)C1=CC=CC12CC=N2,0.3076923191547394,266283,0.2
97,CCC=Cc1c2cccc1C(F)=NOOCC2,0.2800000011920929,531183,0.2
98,C=CC=C1CN=CNCC2C=CC=C(C2)C(C(=O)C=COCC)O1,0.2432432472705841,146203,0.2
99,C#CCO[C@@H](C)C=O,0.5,500807,0.2
100,COC=CC=CC(=O)N[C@H](C#CCC1C=CCOC[CH]C(=O)NCC1)C=CCC(N)C=NN,0.23232322931289673,161549,0.2
101,O=C1[C]C[SH]2C3=C4CC(=C(Cl)C=C3O)C3=CN(CCO1)[C@@H]2C=C34,0.2112676054239273,361016,0.2
102,C=C(F)C=CN1N=CC2=NC1CC=CCC(=O)C(N=CC[C]C(=O)OC)C=C2,0.23456789553165436,191912,0.2
103,Cc1cscc1C#N,0.5185185074806213,150165,0.2
104,C=CCC(=CC(O)CF)OC,0.3589743673801422,595082,0.2
105,C=CC=C(Cl)C=NC[SH]1C2=CC=COC=CC=C1CN(F)OC=C2,0.20000000298023224,136922,0.2
106,C=C=CC=CCC(=O)SN(C)C=CC1=CCC(=O)N[C@H](CCCC#N)C=CC=C1C(C)F,0.20930232107639313,127054,0.2
107,C=NC(C=C(C)N[C@@H]1C=CC(F)=CC(C=CCN=N)CC(=O)C1)C=C1C=CC=C1N,0.1860465109348297,362076,0.15
108,CC=CC=C(F)C=CC(N)CC=C(C)Cl,0.27659574151039124,422448,0.2
109,C=CCC(=CC=CNC=O)CONC(=O)/N=C\SCN(C(N)=O)C(=O)/C=C\NC(=C)F,0.20779220759868622,136733,0.2
110,COCNC[C@@H](C=O)OC#N,0.4193548262119293,311232,0.2
111,COC1=C[CH][C@@H](C=O)N1C(=O)C=CNC=CN=CC=CC(CO)=C(Cl)CC(=O)NC1=CC=NNC1,0.21276596188545227,73124,0.2
112,NOC=CCCCNCC=C(CF)NC=O,0.3181818127632141,393664,0.2
113,CCO[CH]CC(=O)C(C=C1C=CC=CC1)=CCON=CNC(=O)[C](C)CC=O,0.22972972691059113,44485,0.2
114,COc1ccncc1Cl,1.0,363926,0.7
115,CCCC(C)(F)C=O,0.4583333432674408,371320,0.2
116,CCOC(=O)C(OC(=O)C=CC1C=CNC1=O)C1=NC=C(C2C=CC=C2)N=CC1=CCO,0.2666666805744171,213310,0.2
117,CNC=C1N=CONC(=O)CNCC(O)(C=CCCC#N)NC=CC2=CC1CC1N=C2CO1,0.20000000298023224,282277,0.2
118,CCC1C(=O)C=CN[CH]CC=CCC2=C1N(C(C=CC=CNCCCCN)=CC=CNC)C2C=N,0.1979166716337204,83179,0.15
119,CC(=O)CC1=CC12NC=CC(=O)C1=NC=C3C(CC(=O)C3[C@@H](C)O[CH]N3CC3N2)O1,0.20212766528129578,622495,0.2
120,CCNC=CC=NC(C)=C(CC=CC([NH])=O)C(=S)NCCOCC=CC(F)(F)F,0.2567567527294159,468952,0.2
121,CNC(=O)SC=CC1CN=C(C(=O)O)C(CCC(C)C=N)O1,0.23076923191547394,57596,0.2
122,CC[CH]C(=O)OCCN1COC=C2C=NCC3=CC(C(=O)C2=C3)C1=O,0.24657534062862396,410478,0.2
123,O=CC(=O)C=CC1C=NC=C(S)C(C=C2C=CC=NC=CC2)N1,0.18918919563293457,454368,0.15
124,CC=CC1C#CC=CC2(N)C=C(Cl)C3=CCCC=C2CC(=CC2=CC1C=CN2)O3,0.17045454680919647,543466,0.15
125,N#CC1=CC(=CC=CC2(O)CCCCCCC(F)(F)O2)N=C1,0.2545454502105713,557771,0.2
126,CCCC(=O)C=C1CCN=CC2=CC=C3SC=C1CC(=NC=C1CCOC[C@@H]1NC3=CCCl)N2,0.20999999344348907,571269,0.2
127,CCC=CC=CC(F)(C=CC(F)F)CC=C1CC=CS(=O)NN=CC=CC(C(=O)O)=C1CC,0.20588235557079315,610018,0.2
128,C=C(CO)C1C=C(I)C#CC(=O)C=CCC(C=CC)C2(C=O)C=C(O)C=CC=C12,0.19230769574642181,320015,0.15
129,N#Cc1cccc(Br)c1OCC=C1C#CC(=O)CNCCOC1,0.33898305892944336,117676,0.2
130,C=C(C=CC=C(C)N=COC)C(=O)NCC=C(C)C=COC=C(NC)N(C)C=C(C)C,0.2361111044883728,103657,0.2
131,O=C1C=CO1,0.3499999940395355,384541,0.2
132,CC(=O)ON=CC(=O)ONCC(C=O)ONCCCC(N)=O,0.31578946113586426,87158,0.2
133,NC1=C(Br)N=C(C=COC[C@H]2CC=CNC(=O)C2)CC(COC=Cc2ccccc2Cl)=N1,0.2631579041481018,227911,0.2
134,CCC=NC=C(COC)n1cc(Cl)nc1Br,0.3035714328289032,582086,0.2
135,CCOCC(CC=CNC(Cl)=CC1=CC(=O)C(C)P1C=C1C=CC=C1F)C(=O)O,0.23749999701976776,10821,0.2
136,CC1=C(NCC=CSF)C1(C)OC1=S=CC(=CCF)C1C,0.18421052396297455,5540,0.15
137,C[C]1NC2C=CCCNC=CC(F)C(=O)OCC=[N+](C#N)C12,0.21052631735801697,428342,0.2
138,CN(C)C=O,0.4444444477558136,276450,0.2
139,CC=NN=C(C#CCC(=O)CC=CC(=O)NCC=COCC)C=CC=C1C=C(F)C=CC=CC1Cl,0.25882354378700256,44485,0.2
140,C=C1SCCC(=CCC(S)NC)C2NC(O)C=C3C(F)=CC=C3N=C2C(F)=CC1=O,0.1910112351179123,631996,0.15
141,C=CCC1=CNN=CC(=O)C(Cl)C1=CC(=O)C(C=C)CCC=COC=CC,0.23188406229019165,11704,0.2
142,COCC1=CC=CC2C3=CC(=CC=O)C(=CCC3F)NC=CC1C=CC2C(C)=O,0.21250000596046448,295252,0.2
143,CC#CC(O)C(=O)NC1(C=CSC=C(O)NC=N)C=CC(F)=C1C=CO,0.2266666740179062,335009,0.2
144,C=C(N)OC=CC(=O)C(COC(=O)C[CH]N1CC=CC=C1C#N)C(=O)C=O,0.21212121844291687,356868,0.2
145,CC(C=CC(F)=C1CN(C)ON1CC[SH]=c1cccc[nH]1)SCCCN=O,0.2222222238779068,276565,0.2
146,CC(N)N=CC=CCSC1=CC=CC=NCCc2ccccc2C=CC1,0.2881355881690979,507368,0.2
147,C=CCOCCNC(C=C(F)C1=C(Cl)C=C(C#N)CC1C(=C)F)CC,0.28169015049934387,458541,0.2
148,C=CC1CC(=O)C2=CC=CC=C1CC=C(F)C=C(NC=CC#N)C=C(C=NOC)OC=CC=C2OC,0.19801980257034302,229122,0.15
149,C=C(C)NCC(=CC(=O)NC)OC(=O)C=C(Cl)C=CC=CC=CC,0.3199999928474426,600836,0.2
150,O=C1C=C(CC=C2NC3=NC=CCC23)CNC=NCCCN1,0.23076923191547394,102369,0.2
151,[CH]CCNS(=O)C(C=CC1=CCOCC1CC=C)OCC1CC=C(C=O)C1=O,0.2647058963775635,129988,0.2
152,CC[C@H]1Cc2occ(Br)n(C)ncc2C(=COC=C(C)C=CNC(=O)OC=N)SNN1,0.2298850566148758,30502,0.2
153,CCOC(=O)C#CNC=CC=C(C=O)OC,0.3947368562221527,152263,0.2
154,O=COC1=CC=C2C(Cl)=CNCCC3N4C=CC=CC4=CC23C=CO1,0.20000000298023224,65259,0.2
155,C=CNC1=NC=CC1CNC(O)C=C(F)NC=CF,0.18571428954601288,413106,0.15
156,CCCC1=CC(Br)=CC(=C2CNC2=O)N1C(O)C(C)=O,0.2542372941970825,138978,0.2
157,NS(=O)(=O)NCC1=CCC(F)C1,0.3095238208770752,165597,0.2
158,C=CCO[SH](C)C1(C)OC=CN2C=CC3=CC=NC=CC31NC=C2OCC,0.20000000298023224,357389,0.2
159,CC=NC=C1C(=O)CCN2SC1=CCNC(C1CC=CCC1)CCNC2=O,0.22891566157341003,583554,0.2
160,N=C1C2=C(O)[C@H](C[CH]C=CC=COCCC2)CC(NC(=O)C=CC=O)=CN1F,0.2073170691728592,391388,0.2
161,NCC1OCN=CN(CC=O)CC=CCC(=O)C2(O)CC(CC=CCC2Br)O1,0.23880596458911896,409659,0.2
162,CC1(OCO[C@H](N)OC(Br)=CC=O)CCNC2(CC=CC=C2C=N)C1,0.21686747670173645,120640,0.2
163,CSC1NC=C2C=CC(=O)C3(C=CN(Cl)C3)N3CC1(C)C=C2C(=O)O3,0.20000000298023224,484953,0.2
164,CC1[C]2C=CN3C(Br)=C(C[C@@H]3C[C@H]1C)C(c1c(F)cccc1Cl)=NC2,0.328125,393563,0.2
165,C=COC(=N)CCN1OC=C(CNO)O1,0.2181818187236786,409104,0.2
166,CNC(=O)CCC=CC(O)C1C=CC=NN=C1C(C)=CC=C(I)C=CC=CC(=O)CS,0.2133333384990692,48796,0.2
167,COC(=O)CNCC(F)F,0.6785714030265808,257843,0.2
168,CCCC=CCN=C(OC=CC(Cl)=NC=CN)C(=O)C1=CC(O)C=CCC1,0.23076923191547394,431726,0.2
169,CC1=CC(=CC2C=C[C]3CSC=CC=CCC(=O)N3C=CCC(=O)O2)C=CC1,0.22857142984867096,222703,0.2
170,C=CC=NCC=CC=CC=O,0.3870967626571655,296937,0.2
171,CCN(CC)C1NC=C(C)C[C@H]1NCC1C2=C1COC(Br)=C2,0.24637681245803833,269594,0.2
172,CNCCC=CCC=CC=CC=CC=CC=C(C=O)C[C]1C=CCC=C(C=O)O1,0.2666666805744171,625750,0.2
173,CCN1N=CCNC=C(N)N=C1C,0.25581395626068115,104748,0.2
174,CC=CON=C(C=C1OCC(O)(C(C)=C(C)N)OC=C1C)C(N)C(=O)C=CC,0.22857142984867096,528102,0.2
175,CC=C1NC=COC2=C1CC(NCC)[C]C=C1C=C(C2)C2COC(C)C2=N1,0.1627907007932663,510621,0.15
176,C[CH]CCC[C@H]1C[C@H]1C[CH]CCCOC=NC=C(Br)CC(C)=O,0.31147539615631104,567250,0.2
177,CC=CC=CC(O)N1C=C(CSN=CC=C(N)Cl)NC=C1CF,0.1875,127110,0.15
178,CC1=CCOC#C1,0.2647058963775635,516221,0.2
179,CC#CCN(N)C=C1C(C(=O)OC)=CC1[SH]1C(NCO)=C(C)CCS[PH]1=O,0.2368421107530594,585653,0.2
180,CC(=C[SH]=O)C1CCCC1=O,0.4848484992980957,529301,0.2
181,CC(=O)OC=CCC(F)C(F)N1CC(NO)C2=CC1C(C[CH]C=O)=CC2,0.26229506731033325,507538,0.2
182,C=NC(C)C1=C(N)C2=CC1=CC(/C(N)=C/C1=CC=CCC1)C=C2C(=O)NCF,0.2266666740179062,371912,0.2
183,CN=Nc1ccccncc(OC=C2CC[CH]C(C)C(N)=CC(F)=CC2F)cc1,0.2432432472705841,258221,0.2
184,CONC(=O)C=CC=C(Cl)C=NC=C(C)C=CNC=CF,0.26530611515045166,598504,0.2
185,COC1C=CC(=N)C=CC(Cl)=C1NC(=O)Cc1cccc(C)c1OCC(F)F,0.3142857253551483,574513,0.2
186,CCC=c1cc2c(CNC(F)=CC=CC=CO)c(C)[nH]ccc1=CC2,0.2222222238779068,30434,0.2
187,COC=C(C)C=C(F)C=CCCC(C)(C=CNC(=O)C=CC(F)=CNN)CC(C)F,0.2467532455921173,138283,0.2
188,CCNC(=O)C(Br)=CCNC(=O)C(O)C(Cl)=CC(=O)N1CCC(=O)OC1C,0.26153847575187683,580894,0.2
189,C=CC=C(Cl)C=CC(F)C=C1CCOCC(F)(Cl)SC(=O)N1,0.22727273404598236,557727,0.2
190,O=C(Cl)O[C@H](CCl)CCCO,0.5333333611488342,27849,0.2
191,CCC=C1C[C@@H](C)[C](O)[C](C)[C]1C(C)=CC(=O)O,0.31707316637039185,125662,0.2
192,C=CC(=CCNCCOCC)N1CCOC(C=CCF)C(n2cccc2C=CC=CC)=COC1,0.23232322931289673,259486,0.2
193,CNCC1C=CSCC1C=O,0.2750000059604645,81896,0.2
194,C[N+]C=CC(N)CC(=O)CO[C@H](Cl)[CH]Cc1ccccc1Cl,0.3636363744735718,217462,0.2
195,CC(=CCl)C1C=C(C(=O)OCC2=CC(Cl)=CC(Cl)C2C)C(F)c2cccc1n2,0.27272728085517883,311690,0.2
196,CC(=N)C1CN2C=CC1(C)N=C2C=CC=CC=COS(=O)C=CCC=NCC(C)=O,0.2298850566148758,141731,0.2
197,CC=NNC=CC=CC1C2=CC=COC2C[C@@H](CNC(=O)CCOC(C)=O)C=CC1Cl,0.2405063360929489,391924,0.2
198,CCNC=C1C(C)CC(N)(CF)C1O,0.25,217206,0.2
199,[CH]CC(=O)N[C@H](COC)COC=O,0.39534884691238403,120506,0.2
200,CCNC(=S)C=C1C=CC(=O)C(C=CC(Cl)=CC(C=O)C=CC=CF)C1,0.232876718044281,178805,0.2
201,CC=C(C)C(=O)NC(N)CCCl,0.3636363744735718,550814,0.2
202,CC1=CC(=O)C2=CC(=COC(=O)C3NC3=CC=CC=COC2SCN)N1,0.2153846174478531,123369,0.2
203,CCCON=C1C=NC(C)C2=CN=C=CC=CC=CNC(=C1)[C@@H]2CC=CC=CF,0.17105263471603394,505244,0.15
204,CC=NC1=C2CC(=CC(=O)C(NBr)C=CC(C=CC(Cl)=CC)C1)C1=NOC2C1,0.2261904776096344,518180,0.2
205,[CH]C1(C)CCC(F)N2CCNC=NCC=CO[C](C=NC1(C)CF)CC2,0.1927710771560669,132346,0.15
206,CC(O)C=C(Cl)CC=CC1=CC(S(C)=O)=CC#CN1,0.23636363446712494,239155,0.2
207,C[CH]CC=CC=C(Cl)C=CC=CNOCC=C1CC=C(F)N1CC=COC,0.20253165066242218,60567,0.2
208,CC=CC(C=NC=CCBr)=C(C)NC=CC=CNC(=O)O[SH](C)(C)=O,0.26923078298568726,446251,0.2
209,C=CC=CC=C(Cl)OC1(C)CNC(=O)OCC(=CSCC)NC(C)C(O)=NC=CN1,0.23170731961727142,312310,0.2
210,O=C1OC2C=COCC1(C=CCNCCCF)C1(Cl)C=CC=C1CC2,0.2380952388048172,497978,0.2
211,CCNC(=O)C1N=C1F,0.4193548262119293,579692,0.2
212,CC1=NC=CC(C=NO)C(C2CC2N)C(C)(CC2OC=CN=C2C(=O)CCSC=O)COC1,0.18691588938236237,547488,0.15
213,CCC12C=CC=CC(C=CC1=O)C1=CC=CN=CC=C[SH]1CN2,0.2222222238779068,465814,0.2
214,[CH]CCC=CC[C](O)C1=CC(Cl)=CNCC[C@H]2CSC12,0.20000000298023224,88102,0.2
215,CC(=O)OC=C1OC(C)=CC1=O,0.44186046719551086,364216,0.2
216,COC=C=C=C1CC=CC(=O)C(CCl)CC[C@H](C(=O)CO)C(C2=CN=C(C)C2CCF)C1,0.25,319710,0.2
217,CC1=C(F)CC1=O,0.3571428656578064,455872,0.2
218,CCO[CH]CC(N)C=COC=CN=O,0.2750000059604645,86854,0.2
219,CCC1(NC)C2=CN1C=C(F)C1=CN=CC3OCNC4=C3N=CN=C1C(N=CNC=C2)N4,0.16981132328510284,327836,0.15
220,CC(=CCC=CC=C(C)C(N)=O)OCC12C=CCCOCC=CC(C=C1)OC2,0.24390244483947754,4086,0.2
221,CCOC=CNCC=NC1=C2C(=O)CC(F)=CC1C=C(C)C(=NO)C2CCl,0.23999999463558197,44485,0.2
222,CC1C=C(NCC=O)C(=O)OC(=N)C(=O)C=C1C=CCF,0.2857142984867096,263229,0.2
223,CC([CH][C@H](F)C(=O)C=CCC[C]CF)=NN=CC(=O)[C@@H](C)O,0.25,217864,0.2
224,CNC1OC=C(C=CC2=CCCC(=O)OCCN2)NC=COC(C)C1C(Cl)CCl,0.26582279801368713,264171,0.2
225,CCC(=O)NC(Cl)=CC=CC(=O)C=C(O)CSC=N,0.25999999046325684,127462,0.2
226,C=C(C)C1OCC1NC(=O)C(C=C(Cl)C=NCC(C)CN)C(=CC1=CO1)CCl,0.23255814611911774,455197,0.2
227,C=CC=CC(=O)C=CC(Br)=NC1OCCC(C=CCC)=C[CH]OS1=O,0.23076923191547394,624720,0.2
228,C=C(C)C1COC(=O)C=C1C=NC=C1C=COC1=O,0.2678571343421936,498535,0.2
229,CCOCCC=CCC1=CC=CC=CC1=C(OCCO)C1(C)O[CH]CC1(C)C,0.24285714328289032,450460,0.2
230,CCC#CCc1cc2cc3c1CC=C(C)N3C[CH]OC=N2,0.22033898532390594,350992,0.2
231,COC(=O)OC(Cl)[CH]CC(=O)OC=CC(F)C(C)CC#N,0.3137255012989044,124192,0.2
232,C=CN=CC1CC(OC)C(=O)CSN2NC1C1CCC=NC2=CC=C1C=CC(C)CCCC#CC,0.20661157369613647,383190,0.2
233,C=CC=CCC1CCC(COC=CC=CC(=O)C=CC=CC)CNC=C(Br)C=C1CC[SH]=CC=O,0.22077922523021698,34187,0.2
234,CC(=O)C=COC(C)=CCC(=O)C=CCCl,0.3513513505458832,192627,0.2
235,CC(=C[C@@H](Cl)CCO[CH]C(=O)C=CN)OC=O,0.25531914830207825,152508,0.2
236,CC=CN=C(C=CCCOCCC=C(C)C=CCOC)C=CC(O)=CC,0.2857142984867096,457719,0.2
237,C#CCNC1N=C2C3=C(F)NNC2N=C(OC)C=C(NCCC)C(=C)C1=COC3,0.24719101190567017,519105,0.2
238,CCCCNN=NN([CH]CBr)C12N=C1C1=C3C=CNCCON=CN=CC1(N=COC2CBr)C(CC)C3,0.1603773534297943,149315,0.15
239,C[C@@H]1C2=CSCC=C2C2NN(CC=O)C=CC=CC3=CC=CCc4c3ccnc4[SH]21,0.20618556439876556,350827,0.2
240,CCCC(C=CC=CCC(=CC=NCC1=C(C)C(C)CC=C1)S(N)=O)=CN,0.23943662643432617,152387,0.2
241,N#C[N+](=O)C1=CCC2=CC1CC2,0.28205129504203796,351972,0.2
242,NC#CC1=C2COc3c(C=CC=CN)cc(F)coc(cc31)C=C2C1C=N1,0.2083333283662796,453340,0.2
243,CNC1CCC=CC1=CN(N=CCC=CNCC#N)n1cc(F)cc1CCl,0.2151898741722107,580420,0.2
244,O=C(COCF)NC1=CCOC1,0.3181818127632141,557877,0.2
245,O=C1N=CC2CC(F)C=C(OCCBr)COC(F)CCOCC=C2N1,0.23999999463558197,460144,0.2
246,CCC(F)=NCC1=CN(C=CCC#CC(C)Cl)C=C2C=CC=C(C2)c2cc1ccc2C,0.20000000298023224,532116,0.2
247,O=CC(F)NC(=O)CNCOC(=O)[CH]CF,0.2978723347187042,464470,0.2
248,COCSC=CC(=S)NC(=O)NC1=CC=C2C=CC(C)=C21,0.2537313401699066,103126,0.2
249,CCOCC[CH]C[C]C=CC(S)CC(=O)NC(=O)C=C(C)C(C)Cl,0.3333333432674408,461463,0.2
250,C=C(F)C=CC1OC23NC(=CC=C2OC)CCOC[C@H]13,0.2467532455921173,411464,0.2
251,C[C@H](CCC=CN=COCC(=CCF)C([NH])F)C1CCO1,0.3035714328289032,170672,0.2
252,C=NC1=c2cc(c(=COCCN3C(C=O)=CC3N=CC(F)=CNC)cn2)C1=CC=CC,0.20192307233810425,241195,0.2
253,C=C(Br)COCCCC(N)(C=Nc1cc2c(C)c(O)[nH]ccc1-2)OCC(Cl)=CC,0.2537313401699066,152453,0.2
254,CC1=CC(Cl)C(=O)CCC(=O)CC(=O)[C@@H](C=CCC=O)O[CH]C1,0.25,526035,0.2
255,CCO[CH]CC(=O)SC(=O)NC=CC(C)=CN=C=O,0.3137255012989044,472648,0.2
256,CC1OC(=O)N=C(CS)C2C=C(C=O)N=C3C=C[C](C=CN1COC(=O)N2)C3,0.19696970283985138,461824,0.15
257,C=CC=CC1N=C(C)C=C(OCCC(=O)OCC)C2(CC(=O)C(Cl)=CC(=O)OC2C)OC1C,0.2874999940395355,340327,0.2
258,CCNC(C)=O,1.0,583624,0.7
259,N=CCC=C1CC(F)=CCC(O)=CC2CNC(=S)C2=CCCCC=N1,0.1808510571718216,431118,0.15
260,C=C(C)[C]1C=CC=C2C(Cl)=CCN2C=CC=CO1,0.22807016968727112,211533,0.2
261,CCCCNC=CC#CC(=O)C1=CCCO1,0.3207547068595886,420104,0.2
262,CC=CC=C1N=C(COC(=O)C=CNCC2=CC2)C=CC(F)C=C1N,0.25,42874,0.2
263,C=CCONCC1CCCC1,0.4848484992980957,574270,0.2
264,N[CH]CNC=O,0.4000000059604645,1939,0.2
265,COC(=O)C(=NC1=CC=CC2C=C[C@H](Cl)C=NOC=C2CO1)C1[CH]CC=CC=C[C@@H]1C,0.20454545319080353,114980,0.2
266,COC=CC=C(C)C=O,0.6190476417541504,96869,0.2
267,C=C(O)[CH]C(=O)SCC=C(O)C=C1C(=C(C)O)CC2=C(C(C)(Cl)Cl)C=CC1(OCCC=NNC)O2,0.20212766528129578,460696,0.2
268,CCC(C)C=CC12N=C(C)NC=[SH]3(C)CC(O)=C3N1C(=O)OC=C2NC=O,0.2073170691728592,416463,0.2
269,CC(=O)OC=C(C)C1=CNCCC1O,0.30612245202064514,153354,0.2
270,C=CNC=CC(C=NC=O)N1C=C=[SH]C=CC=c2c3ccc1c(c3)n2CC=CN,0.19512194395065308,405631,0.15
271,C=C(F)C=C[CH]C(O)(C=N[C@@H](CCl)N=CC(CC)C(=O)O)CNCC[C]CC=CC(=O)CC,0.20000000298023224,499164,0.2
272,NCC1=CC=CC=CN2CCC(OC=CC=N2)C2=COCC(C1)N=C2,0.1875,355362,0.15
273,COC=C(NC=CC1=C([N+])CC=C1C(=O)CS)OC=C(C)C=CC(C)=O,0.25,548311,0.2
274,C1=Nn2nccc21,0.29629629850387573,440664,0.2
275,CC[CH]NC(=O)C1C[CH]C=COC1(O)C=CCC#CC=O,0.2539682686328888,228589,0.2
276,CC=CON(CC)CC(C)=CC=CC1=CCO1,0.23529411852359772,66756,0.2
277,CC=CC1C(=CC2=CNCCNC2=NCCCC)C2C=CC1C=C(COC#CCCl)O2,0.19512194395065308,581978,0.15
278,CC=C(F)CN1C=CC(N)=NC1OC(F)=C1C=C(C)C1=O,0.23076923191547394,13164,0.2
279,C=C(C)C1CC(=O)C=CC(O)=CC(=O)C(=O)NSC=C1O,0.26229506731033325,184008,0.2
280,C#CC1C=CC=CC=C2C=CNC(=N2)NC(=O)CNC=CS1,0.24528302252292633,613929,0.2
281,CCNC=COC1C#CC[CH]C=CC=C(S(C)(=O)=O)CC2C=NC(C)=C3[C]1CCNC=C32,0.20370370149612427,262422,0.2
282,C=COC(C=CC=CCC)=CC(=CCCO[CH]C(=O)CC=CC=COC)C(=O)CC=O,0.30000001192092896,614240,0.2
283,CC[C](O)CSc1ncccc1C=C(Cl)C1C=CC=C(CC)O1,0.30645161867141724,204585,0.2
284,COC=C1C(=O)C=C(F)C1F,0.2888889014720917,340169,0.2
285,C=CC(=O)CC=CC=CN/C=C\C1=NCC(=O)OC1,0.22641509771347046,177411,0.2
286,CC=CC=CCC=NCOC=NC1=CC=C2C(=C3CNC=C(OC)C=N3)C=CNC2C1,0.1818181872367859,70064,0.15
287,CC(O)C(CF)NNCNCC(=O)NCCO,0.44999998807907104,34197,0.2
288,CC=CNC=CC1CC=C2CCC(NC=O)=C1CC=N2,0.23728813230991364,527505,0.2
289,CC=CC=CC(O)C(O)=CNC=CCC(C=COC)CC#CC=C(O)C(C)(S)CC,0.2222222238779068,327874,0.2
290,COC(=O)CC=C1CC2=C(Br)NOC[SH](=O)=C3NC(=O)NC(=C3CC=C2)C1,0.28378379344940186,45974,0.2
291,CC[CH]CCCNCC(C)=C1OC(O)=CC=C(C)C2=C(C)C(=NC=CC(C)=C2)C=C1Br,0.21686747670173645,453143,0.2
292,CC(F)NC(=O)C=C(CO)CC=NCNC1=CC(O)C=C1C=CC=CCl,0.2054794579744339,292775,0.2
293,CCOCC1=CC=C2C(C)=CC34C(=CC=CSN23)OC=C2C=CC=CC(=C4NC1)O2,0.190476194024086,552349,0.15
294,CC(C)(N)CC1(C2C(F)=CC(F)=C3C(=O)NC=COC32)C2CN1CC=CC#CC=N2,0.20999999344348907,119901,0.2
295,N#CC=CCOC1C=C2C(F)C=[N+]([O-])C(C(=O)CNF)=CC21,0.2461538463830948,456317,0.2
296,CN(CC(=O)C1(N)C=CC=CCOCC1)ONC1=C(CBr)C=CC1=O,0.2535211145877838,289019,0.2
297,CCC1(Cl)C=C(C(F)OC)C1,0.2666666805744171,256138,0.2
298,CC1OCC=CC=C(C(=O)NNC=[N+])CO1,0.2884615361690521,371912,0.2
299,COC1C(C(=O)OC(C)=CNC=N)=C(F)C=COc2c(Br)cccc21,0.30645161867141724,84666,0.2
300,CCNC1(C)OC(C)C(C=C(Cl)C(=NNC2CC=C(C3=NC3)CC2)NCCCOCC)=CS1,0.23157894611358643,587438,0.2
301,C=CC=C1N=CSC23C=C(CCN)C(=N2)C(C=CN1)CC=C(CCl)C3C,0.18309858441352844,331650,0.15
302,C=CC=CC=C(O)C(Cl)=Cc1cc(O)ccc1NC(=O)CCCC=C,0.35211268067359924,488740,0.2
303,CC=CC(O)C=CC(C=CC=CC=NC1=CC1)NC(F)=C1C(Cl)=CC=C1CF,0.24242424964904785,222276,0.2
304,CCSC=CC(F)CC(=O)C12C=C(CO)C1C=C(C)C2,0.24074074625968933,314591,0.2
305,CC=CC1OCC23C=C[C@@H](N)C1(N)CC(=O)NC=C2[CH]C=C3OC,0.21250000596046448,525628,0.2
306,CCCOCC1=CC(=O)C=N1,0.35555556416511536,298674,0.2
307,C=C(C=O)NCPC=CC=C1CSC=CC=C1OC=C(C)CC[CH]CCN,0.24285714328289032,49087,0.2
308,N=CC=CC1=C(S)C(=O)C=C1C=O,0.21276596188545227,562438,0.2
309,Cc1cc(=O)[nH]n2c(Br)ccc(F)c2cp1C,0.2931034564971924,265152,0.2
310,NC1=N[C@@](Cl)(C(=O)c2ccoc2Cl)C(C=O)C(=O)C(O)C=CC1CC=O,0.28125,200623,0.2
311,CC[CH]CN=C(CN)CC(C)=CC(=O)NC=CCCC=O,0.28260868787765503,497547,0.2
312,C=CC=CC12C=CC(I)=CC1=CC(N=C(O)C[C@@H](C)O)C=CC2=C,0.21666666865348816,99196,0.2
313,CC=C1C2=C3CC(=COCC)C=CC=CN1C(CC)=CC1OC2COC31,0.21794871985912323,363100,0.2
314,CNC(=CC(=O)CC1=CN=C2C(Cl)=CCNC2=CN1C(=O)C(C=CSC)CC=N)OC=N,0.21212121844291687,373621,0.2
315,CCOC(=O)CC=C(C)Br,0.692307710647583,245737,0.2
316,C=CC1=CCNC2NC(=O)C3(F)C=NC(=O)OC[CH]C2(C=C1C=C)[SH]3O,0.2063492089509964,438232,0.2
317,CNC=CC(=O)N[CH]CC(=O)C=Cc1cc(F)ccn1,0.3571428656578064,498546,0.2
318,CCNCC(C)(O)C(=O)NC=CC=O,0.31578946113586426,461468,0.2
319,CC1=C(N=O)CCNC2C=CC=NC=CNC(=C(N)C=CC2[C]2CO2)C1,0.26153847575187683,229807,0.2
320,CCNOC(Cl)=Nc1ccccc1Cl,0.4523809552192688,239371,0.2
321,CCC(=O)NCC=C1C=CC2(C)C(=O)O[CH]C1OC(CC)C1=C2C=CC1,0.26249998807907104,339523,0.2
322,CCOC=C1C=CC=C(Cl)N=C1C1=CC=CNCC12CC=C(OC(F)C=CCCF)C2,0.18627451360225677,97214,0.15
323,C#CC(F)=CC=CCCC1=CC=CNC=C(I)C1(O)C=CN(C)CCC,0.2133333384990692,134065,0.2
324,CCCC(=O)C1(N=CC(N)=O)C=C1C=O,0.29729729890823364,14278,0.2
325,CNCC=C(C=C[C@@H](C#N)CC=CN1C=COC1)CC=CC=C(C)NC,0.2222222238779068,413421,0.2
326,C=NCCC=CCCNCCN(C=O)C=CC(C=O)NC=C(Br)C=O,0.19402985274791718,595402,0.15
327,CC(=N)CC=CC=COC=CC/C=C/c1ccccc1Cl,0.4444444477558136,38772,0.2
328,CCCCC=CCNC=C1C2=CC3C(F)C14C=C(F)C(CCO4)C3(COC)N2,0.24657534062862396,576377,0.2
329,O=CC=CC=CC1OC(F)CC(Cl)=CC=CC2(CC=CCNC2=[N+]CCCl)C[C@@H]1F,0.17721518874168396,102782,0.15
330,COC[C@H]1N=CCC(OC)=NC1NC=CC=C(C)S(=O)C=O,0.22727273404598236,532787,0.2
331,CCOC(=O)[CH]CC=CC=O,0.5862069129943848,28422,0.2
332,C=CC1=CC(=O)CC2=CC1=NC2=CC(C)(C=CCOCC=CN)C=NCCCO,0.1975308656692505,157522,0.15
333,O=C1C=C2SC(O)CC=CC2=CCC#CC(=O)c2cc(F)ccc2SO1,0.265625,72420,0.2
334,CC(=O)c1ccccc1[C@@H]1CCN(C(CN)C(=O)C(C)C)N1,0.3962264060974121,195352,0.2
335,CCOCOC=C1C=CC=C(CC(F)F)N=CC(O)=CC2(CCC(F)=N2)C(=O)[CH]CCC=C1,0.2142857164144516,271900,0.2
336,C=CC=C(F)C=CC=C(Cl)SOC1NC=CC=CC(=CC=O)OC=C(CC)C(C=C)=C1OCC,0.19587628543376923,168528,0.15
337,FC1=CNC2=CC1=C1C=CCN=CNC=C(CC=N1)N2,0.20967741310596466,347667,0.2
338,C=C1C=C(C)C=CCC=C[SH]1NC,0.3333333432674408,212367,0.2
339,CC12C=NCC=C1COc1cc(Cl)cc(c1C(Cl)CC1CC=CC(O)=CC1)O2,0.23170731961727142,158340,0.2
340,C=CSCCC1C2=CC3C(=O)NC(=C31)C(=O)N[C@H](C)CC=CC(F)=CC(=CC)C2,0.19767442345619202,308967,0.15
341,CC=C1C2=CC(Cl)=C3CNC1C(N[C@H](CC#CF)CCCCCC=C(F)C=CC[C]2)C3=O,0.20370370149612427,424725,0.2
342,CC=CC1(C)C=NC=C(C#N)C=C(C)NC(=O)CCC(Br)NC1=O,0.25974026322364807,397097,0.2
343,CPC1=C=C=NCC1=CNC(=O)C(=CC(C)=CCBr)N(C)F,0.22413793206214905,161427,0.2
344,C=C1CCC(CC=CO)C(CN)=CN=CCN1,0.2321428507566452,505818,0.2
345,[C-]#[N+]C[C@@H]1C(NC=CC)C12CC=C1C=CNC(=O)C3C=CC=C(C(C)O2)S3=C1,0.1910112351179123,339610,0.15
346,CC(O)=NOCC=NCC=C[C](N)OC=CC1=CCOC[CH]1,0.23880596458911896,344258,0.2
347,CC1=NCC(C)(N)C2=CCC=C2C(C)=C2C=CC(Cl)=COCC=CC=CNC=C2O1,0.1818181872367859,456473,0.15
348,Cc1[nH]cc(C(C)C=CN=C[N+]=[N-])c(=O)c1O,0.4375,373312,0.2
349,C=CC(F)=NCC(=NC=CCOC1=CCN=C1NC=O)C(=O)COC(C)=O,0.24657534062862396,479484,0.2
350,CCOC(CF)C(=O)COC(C)CC[C@H](C)I,0.3658536672592163,527459,0.2
351,CC(C)COC(=O)NC[C](Br)[C@@H](F)C=CC=C(F)CF,0.43478259444236755,448419,0.2
352,O=C1C=C2CNC=CN=CC3C(O)=C3C2=C1,0.23255814611911774,288653,0.2
353,CCCC=CC(=O)NC(=O)OC1=COCC=CC(N)=CC2(C=C1C)C(=O)C=CN=C2Cl,0.23863635957241058,301774,0.2
354,CCC(CCOC)(NC#N)OC[C](C)C(C)C,0.30434781312942505,187650,0.2
355,CNCC=C(CCNC)N1NCC2=C3C=CC=CC=C(CCOC(=O)C2NC1I)C3,0.21621622145175934,30306,0.2
356,CC[SH](C)C=NC1(N)CCOC(=O)C2CCOCC1c1cc(I)ccc12,0.28169015049934387,572629,0.2
357,CC1=CS(=O)CC1CC=C(O)NC(=O)CC=N,0.25,132635,0.2
358,CC1=CC(=CC=CC[C]2CCNC(=O)C2)C=Cc2ccccc2NCC(F)=NC=C1,0.2800000011920929,170543,0.2
359,CCC(C)=NC(CBr)CS(=O)N(C)CF,0.27906978130340576,113506,0.2
360,COCON(C)[C@@H]1C(OC)C=CC(=O)C1CNC=C(C)C,0.3050847351551056,459306,0.2
361,CC(=O)NC[CH]CC=C1C=CC=CC(C)C(=N)C=C(N)C=N1,0.2666666805744171,235220,0.2
362,CC(=O)OCC1C=CC=C2C(C=N1)CC2C(C)(C)O,0.3392857015132904,312952,0.2
363,C[C]C=CC=CC=C(F)NN=C[CH]C([CH][CH]C=N)=NC=O,0.171875,162485,0.15
364,CC=NCC(=O)N(C)C=CN1CNC=CNC(=O)C=CC(CO)=CC=CC(Nc2ccccc2C)=CN1,0.23863635957241058,302178,0.2
365,CCC1C[CH]OCC2=S3C(C=CC=O)C=CC=COC4[C](C=C2)[C@@H]3CC14,0.203125,282112,0.2
366,C=C1CCC=C(C)C(=[PH](C)OC=CC2=C[SH]=C=C(N)COC3(C)C(=C)C23)CNC1,0.1818181872367859,468552,0.15
367,CC=CN=C1CN(N=NC(=O)CC(F)=CCC)C1C=O,0.21666666865348816,432732,0.2
368,C=CC=CC(F)C(=N)N(Cl)C(=O)C#CC(C)=CP,0.24561403691768646,103596,0.2
369,CCCNCC1C2=CC=CN=C1C(C=CC(C)O)=C(C=C1C=C(CC)C1)C(C)=CC2,0.20930232107639313,84295,0.2
370,COC=CC1=C[C@H](OC=CC(C)=O)C=CC(F)=CCNC(C)=C1C,0.29411765933036804,478294,0.2
371,C=CCC(C)NCC1([SH](F)F)CCOC2([CH]C(=O)COC=C2)C2C=COC=C2C=N1,0.22772277891635895,515301,0.2
372,CCC(=O)NC=NCN=C(Cl)SC1C=C(O)C=NC1Cl,0.23529411852359772,582310,0.2
373,CCN=CC(C1=CC=C(Cl)OC1CF)C(CBr)NC=CC(=O)ON,0.2142857164144516,410259,0.2
374,CC=CC,0.3333333432674408,89843,0.2
375,COC1CN=CNCOC(N=O)=CC(C)=CC2=CC=CC=NCNN3C(O)CN=C(C=NC1)C23,0.1927710771560669,219047,0.15
376,Cc1ccn(C(=CNC2=NC=COC2)CCl)n1,0.3400000035762787,546445,0.2
377,CCC=CC1NC=Cc2ccncc2N2C(CC)C(=CC=CN)C12,0.26153847575187683,354740,0.2
378,CCCCC1C=N[C@@]1(F)C=NC(Cl)=CC=CC1=CC2C=C(CO)C3(C)[CH]CC=C1C3S2,0.20000000298023224,38799,0.2
379,CC(=N)C1=CC2=CNCC3CC4CC=CC3(C)CC(C)(C=CC1=C2)C4,0.22580644488334656,540408,0.2
380,C[C@@H]1C=C(O)C=CNOCOC1,0.23999999463558197,621108,0.2
381,C1CO1,0.4166666567325592,211400,0.2
382,CC=C(C#N)C=CC1OCC#CC2=C3C(NC)=CCC=C(N)C1=CCN23,0.20454545319080353,595897,0.2
383,[CH]N=CC1=CC2(NCC1)N[C@@H]1CCC(O)C=C1C(=O)NC2=CCOCC,0.2222222238779068,400856,0.2
384,CCC=CC1=C2C(=CCF)C=CC(C)C(=C(C)F)C=C(N)C2=C1,0.20338982343673706,432111,0.2
385,C=C(Br)NC=C[C@H](C#CC=CC=CC)[C@H](CC=Cc1cocc1C(C)C=CC#N)C(N)=O,0.20987653732299805,380157,0.2
386,NC(=O)c1c2c(n3c(=O)[nH]c(F)ccccc13)=CC=C2,0.3137255012989044,44568,0.2
387,CC1=CC=C(O)C=CC(N)(Br)CC1,0.2954545319080353,298910,0.2
388,C=CCCOC(C)F,0.4193548262119293,311361,0.2
389,C=CC=CC1CCC1=C(C)C(=O)C1=CC(O)CC(=O)NC(CCl)=C1C=COC,0.239130437374115,499627,0.2
390,COCC=CN=CC(=O)C1=CCC=CC1,0.31111112236976624,69189,0.2
391,CC=C(CC(N)=CCN=CC(F)=CNC(C)C(=O)C=CCC)C(=O)OCC,0.2931034564971924,107883,0.2
392,C=CC(=O)C=CC=CNC=C[C@H]1CC[CH]OC1C1=CC=CCCCC(=O)C1,0.27272728085517883,508809,0.2
393,CON=NC=CC(Cl)=CC=CC=N,0.21052631735801697,37789,0.2
394,C=CC(=O)OCSCNC(=O)C=O,0.40625,609579,0.2
395,N#CC=CCCC1SC=COCCC2C=CCC21,0.23943662643432617,257444,0.2
396,C=CNC1C=CC(=CC(O)C2C(=C)NC(=C)C2=C(Cl)C=C)C1,0.18840579688549042,478404,0.15
397,NOC=C(I)OC1=CN2C=CC=NOCC(=O)CNCC=CC=CC=CC(=C1CCO)C=CC2,0.17777778208255768,294691,0.15
398,C=CC(Br)=CC(=O)N=CC1C=CC2=C3CC=CC(=C1)NC=C2CC(=O)C=CN1C(=O)C=C1N3,0.17894737422466278,583298,0.15
399,CC(=N)N1C(=O)C=CC1(C=CC=C(C)F)C(F)=CCOCC=C(F)C=N,0.21153846383094788,609718,0.2
400,CC[CH]COC1=NC=C2C=C(O)CC=C2NC=N1,0.2222222238779068,353689,0.2
401,CC=C1OCCN1C1=C[CH]N2OC=CN=C3C=CC1[C@H](C2=O)C(O)C3,0.22857142984867096,481594,0.2
402,CNC(=O)C=C1C=C(C)C=C(C=CN=CC(=S)C2=CCC(=O)N2S(C)=C(C)C(=O)O)CC1,0.19767442345619202,609028,0.15
403,C=COC(C=C)C=C[CH]C(C)C(=CC=NCCC(O)C=CN=CC)N=C(F)C=CC[CH]C=O,0.1910112351179123,127256,0.15
404,CC(=O)COC(=O)OC(=O)NCC=CC(F)=CC(=O)NCCF,0.3191489279270172,139350,0.2
405,CCOC1=C[C@H]2[C@@H](O)C3=CN2C(C=O)C=C2C=CC=CC2C3[SH]=CCO1,0.20930232107639313,278015,0.2
406,CC(F)C1C(=O)C=CC=C1C=NOC=C(Cl)C=C1CSC=CC1C=C1NC(F)=C[SH]1C,0.18292683362960815,49087,0.15
407,CC=C1[CH]C2=CCC(C=CC(CO)C=C1C)N(N)OC=CC2,0.2063492089509964,369207,0.2
408,C=CC1C=C(Cl)C=CC(N)C=CC(O)=Cc2ccc1cc2C=CC(C)=O,0.3166666626930237,565375,0.2
409,C=CC=CCCc1ccc(I)cc1N=CN1C=CCO1,0.25806450843811035,358613,0.2
410,CCON1C=CCC(Br)C=CC(OC(C)=O)=CCC=C2SCCO[C@H]21,0.24657534062862396,622619,0.2
411,COC(CCC(=O)C=N)=C(F)C=CCC1(O)CSC1=O,0.2539682686328888,139893,0.2
412,CN1C(=O)CN=C1C(=O)NCC(=O)CC1=NC2c3cc(N)c2n3C(=O)NC=CC=C1,0.23529411852359772,214423,0.2
413,C=CC1=CC=CC2C=CNC([PH](=O)CC=CC(F)=CC=CC=CCN)=C12,0.18644067645072937,271837,0.15
414,O=CN=CCC=CC=COC1OC=C(Cl)[SH]2C=CC12,0.19718310236930847,37358,0.15
415,CC1=CCOC(=O)N2OC(=CO)C(F)C=CC=CCC(=O)NC=C2CC1C#N,0.23376622796058655,211957,0.2
416,O=S1C=C(CBr)C(=COC2=CC2(O)O)N2OOC(CCCl)C21,0.2278480976819992,369468,0.2
417,COC=CC=CNC=C1C=C(C=C2CN(CC3CCNCN3)C(C=C(F)SCOC)=C(C)N2)C=C1O,0.1875,498619,0.15
418,C=C(C=NC12N=CC=COC1N(C)C(=O)C2=NC=CC=COC)OC,0.23076923191547394,542813,0.2
419,C[CH]C1OC1=C1C=CC2C(=O)COC[C@H](COC1CC)C2(C)C,0.2586206793785095,497037,0.2
420,COC=CC=C1N=C(C=N)C2=NNCC=CN=CC(CO)=CN=C12,0.2112676054239273,371128,0.2
421,COC1=NC2=C(I)C1C(Cl)C=CC=N2,0.2291666716337204,270886,0.2
422,CCC(=O)C1N=CC1CNC(=O)N[CH]C(O)=CC=C(N)C(=O)NC,0.23636363446712494,91005,0.2
423,CC=C(O)CC(=O)C(C=O)(CC)CC=CC=NC,0.25999999046325684,167752,0.2
424,C[CH]CN1COc2cncccc(Br)c(C#CN=CCN)cc21,0.2631579041481018,201432,0.2
425,C=CC(=O)CC(C)OCC1=CC(C=COCC)C(N)C=CC(=CC=O)CC1N,0.23863635957241058,76707,0.2
426,CC1C=CC(=O)C[SH](C2C=CC(=CCF)C3COCCC=CCC=CC2=C3F)C1,0.25,251915,0.2
427,COC(=O)C=C(N)S(=O)(=O)NC(CF)=NC=C1C=CC=CN1,0.32758620381355286,144439,0.2
428,[C]C(=O)O[CH]C(C=C(C=COC)C=COC(Cl)=CC=CF)C1=CCN=C1C,0.23333333432674408,37789,0.2
429,CCOC(=O)C1(C=O)C=CCCOC(=O)CC=CC=C(N)C=COC(=O)[C@@H]2C(C)=CN=CC2=CC1,0.24390244483947754,266250,0.2
430,C=C(C=NN=CNC)COC(=O)C1C=C(C=CCF)NC=CN=CCNC=CCC1,0.2195121943950653,36384,0.2
431,O=C1NCc2ccc(n2Cc2c#ccc(O)c2)C(CCNC=CC(F)(F)F)=CC=CN=[SH]1,0.23076923191547394,31275,0.2
432,CC=CC=CC1(CC(=O)C(=O)OCC(N)(F)CCC2=NC(=O)NCCO2)[CH]C[C@H](C)C=C1CC=N,0.2195121943950653,314691,0.2
433,O=CCC(Cl)C1=CC=C2OC3C#CC=C(CN=CCO)C(=C3)C(CN=O)=CC21,0.17283950746059418,116881,0.15
434,CC(=O)C=C(F)C=CNC(=O)[C@@H](F)CCNC(C)=O,0.3333333432674408,170121,0.2
435,CNCCCCc1ccccc1C1=C2C=C(Cl)C=C3C(=CC=C1)C(=O)COCCC32,0.27142858505249023,54727,0.2
436,CC=C1CC2C=C1NN(C(C)OC)OC=NC=C1C2C=CC[SH]1C=O,0.20454545319080353,325478,0.2
437,CNCC=CC1=CC(O)=CC(=O)C1=CCC=COC,0.3076923191547394,246514,0.2
438,CC1=CC(=O)NC(Br)CN=CC(F)CC(C(=O)O)=CNC(=O)N1,0.265625,577966,0.2
439,CC=C[C](F)[C@@H]1CC2(C=CC(N)[C@@](C=C(O)CC(C)O)(CSNC)C1)NC2=O,0.22368420660495758,334509,0.2
440,O=C(C1=CCNC=C1)N1C(Cl)=COC1CC=CCCO,0.25925925374031067,488450,0.2
441,CCC=NNc1ccccc1N=O,0.529411792755127,266677,0.2
442,COC=NC(=O)C1C=CC1,0.34210526943206787,623846,0.2
443,[CH]C1C(=NOCO)OC1C=CC1=CC2(F)[C@H]1COC2(C=N)C=CCN,0.19230769574642181,116580,0.15
444,CCCN=CCC=CCC#CCC1=CC=CCN1CC#N,0.22580644488334656,438832,0.2
445,COC(=O)CCSC(=O)NC1C=c2ccc(=C3C=CN=C3C)c(=O)n2OCC=C1C,0.27272728085517883,397924,0.2
446,CCCC(=O)NNC1=CC(CN)C=C1N=C(C)C(=O)CCNCC,0.3050847351551056,547500,0.2
447,CCCONN=CC=CC[CH]N(C)C=O,0.25641027092933655,532898,0.2
448,C=C(Br)CNC(N)=CC=C1NC23NC(=O)N=C2C(CC1CC)NC=CC=CS3,0.20224718749523163,385342,0.2
449,FC1=CC1,0.3333333432674408,524172,0.2
450,CCOC(=O)C1=CC(Cl)=C(N)C1C(=O)C#CCOC,0.41304346919059753,53350,0.2
451,C=CCNCC(CC)N(F)C1CC=CCOC(=O)N2CC(C(=O)CC=CC=CC)=CN12,0.22340425848960876,76707,0.2
452,CCCOC1=CNC=CC(N)=CSC[C@H]1c1ccccc1C=CC(Cl)=CC=CCOC,0.28947368264198303,194229,0.2
453,C=C(C=CC(=O)C=CC(C)[C@@]12C=CN(C=C1CBr)C(C=CS)=C2)C(C)=O,0.20588235557079315,479709,0.2
454,CCC12C=C(F)C=CC(=CCC3=CN(C)C3C=C1C=O)C2,0.2321428507566452,295926,0.2
455,N=CC(Br)=CC=CC1=CC=COCCC1,0.302325576543808,429640,0.2
456,N=CC1C=C(CO)N[SH]2CCC(=C(Cl)C2)OC=CC1,0.1964285671710968,517307,0.15
457,CNN=CC=C[C@@H]1C=C2C(=O)OCC(F)=C3C(=CC4=C3C=C(O)CCC2=C4N)N1,0.20000000298023224,119584,0.2
458,C=C(C=CC=C1[C](Br)C=COCCC(CN)=C(C#N)C(=O)CC=C1Cl)OC,0.2150537669658661,569888,0.2
459,C=CCN(C[CH]C=O)N=CCC1N=CCC=CC(Cl)=CO1,0.22972972691059113,223491,0.2
460,OC=NOC=Cc1ccccn1,0.5454545617103577,14031,0.2
461,C=CC(O)=CC=COC=C1CC(C)C(C(=O)C=O)C1,0.26530611515045166,571859,0.2
462,CC1=C(C=O)C=CC2=CCC(OCN(C)CCC3=CCC(=O)C3)OC=C2CC=C1CO,0.2247191071510315,60967,0.2
463,C=C1C=C(F)C=CCN(C#N)COC=CC=CNCN=CC=CCC1=NC[CH]C,0.1666666716337204,287416,0.15
464,O=CSCC=C(CC=CNCC(F)F)NC(=O)C1NC=C2CCC(=O)N=NC(S)=C21,0.22077922523021698,415688,0.2
465,CC=CC1CSC(C=C(C)C=C2CCC=N2)=CC=CNC1(C)F,0.20000000298023224,312136,0.2
466,C#CC=CC1=CCC2C=C(N)N(C(F)C=CC2=C)C1C=C[SH]=O,0.1794871836900711,61337,0.15
467,CCOC=C1CCC=C2CNCC(NC(=O)c3ccccc32)C1=O,0.3181818127632141,158942,0.2
468,CC1C[C@@H](N)CC1C(=CCl)N=CC=CC=NCCNC(=O)CCCO,0.32258063554763794,61731,0.2
469,CCO[C@H](C)C(=O)C1=CC(C23C=CC=COCNC(C)CC=CC(=O)C2=CC3)O1,0.25,168642,0.2
470,COC(C)(C)CC=C(C)C(Cl)=CC1CNC=CC=C1C=CCF,0.22033898532390594,121077,0.2
471,CC(=O)NC1C=CC=C1C=CCC1=C(O)C(=O)C1C,0.2916666567325592,242679,0.2
472,CC=CC[CH]CC(=O)C=CCNC=C1C2=C(C(C)(C)N)N1CO[CH]CCCN=N2,0.2247191071510315,479261,0.2
473,CCOC=CNC1=CC23C=NCCC1=NC=C(F)NC(=O)NC2CNC=CN3,0.20930232107639313,603501,0.2
474,N[C@H]1C(=O)NCCC2C=CC(I)=CC=CC=CCOC(=O)CC(C2=O)C1=O,0.25925925374031067,3754,0.2
475,C=CC[C@H](O)c1cc(F)ccc1OC(C=CCCc1ccccn1)SC,0.39393940567970276,290429,0.2
476,[CH]C1CN1C=CN/C=C\CC1(C)C=CC1,0.25581395626068115,182921,0.2
477,O=C1C=CC(=CCC2CC=CCc3cccc(F)c3C2=O)C=CC(O)=N1,0.2711864411830902,419584,0.2
478,CC=CC1OC2=CC=C1C(NC=O)=CSC=C(N(C=CO)C=CC(Br)=CC=CCCO)C=C2,0.17283950746059418,158317,0.15
479,CNC(=O)N(O)C(=O)[CH]C=CO,0.3125,535963,0.2
480,CC=NC=C1C=CN(CCCCCC)C1CN1CCOC=CC1=O,0.3174603283405304,438832,0.2
481,C=[SH]C(O)=C1C=CC(=CNC(C)(O)C=CCOCC)C1,0.27272728085517883,17144,0.2
482,CC=C1[CH]C=CN(Cl)C=C1COC(=O)CBr,0.3404255211353302,329092,0.2
483,O=C=NCC(=O)C=O,0.3571428656578064,570810,0.2
484,C=CN=COC1=C2C=CC(=O)C=CCC3=C(C=CC)C=CCC(C1=C(N)C2)N(C)CCC3,0.20212766528129578,583554,0.2
485,CCC1N=NN2C=CC3=C(C=O)C=NC3=CC=C(F)CC2=N[SH]1c1c(Br)ccnc1OC,0.2405063360929489,595921,0.2
486,CC=NC(=N)C=CC1=CCS(C=CNC(=O)C=CCNCC)=C1CCC=O,0.22058823704719543,169971,0.2
487,CC=CN[CH]CC(C=O)=NC=C[C@](Cl)(NC(C)=COCC)OCC,0.2777777910232544,53787,0.2
488,C=C(COC=N)NC=NCNC(F)=CC(C)=O,0.26530611515045166,54412,0.2
489,O=[SH]OC(O)[CH]C1C2CC3=CC4=C([N+](=O)[O-])C4=C(Cl)C=CCC3OC[C@@H]1CN2,0.1931818127632141,46569,0.15
490,C[CH]COC=O,0.4285714328289032,532898,0.2
491,COC=CCC(=O)NC=C1CC=CC(C(C)=O)C(C)=CC(Br)=CC1,0.2467532455921173,322991,0.2
492,COCN(C=C1CC=CNC1)COC#CC=CC=NC=CC=O,0.19736842811107635,237218,0.15
493,COC(=O)C=CC=CCBr,0.7200000286102295,446251,0.7
494,CC(Br)=C1C=CC(=O)NC2=C1NC=CCC2=N,0.2222222238779068,466080,0.2
495,CC=CCCON=c1c2c1N(CC=CC=CF)C(N1CC=CC=C1C=O)N=C2,0.18018017709255219,512643,0.15
496,CCNC=C1C2C=CC3C4[CH]C=CC=NCNC=C(C(C)=CCC=C(CBr)C13)C2C4,0.16129031777381897,501722,0.15
497,CC1C=CC=C(C(Br)=NC=C2C3C=CC=CNC23)N1S(C)=O,0.22077922523021698,559888,0.2
498,CNC(=O)C=C(C)OC=CC1=C(CCl)C=C(C)N=CC=CC=CC1,0.2539682686328888,287588,0.2
499,CNC(=O)C(C)C,0.5789473652839661,339624,0.2
500,CC=CCC=CC=CC1CCC(C=C(F)CCC#CNC=CCOC)C1(C)O,0.2133333384990692,482713,0.2
501,N#CC=CN1Cc2ncc3c(I)c2CN31,0.261904776096344,122594,0.2
502,CNC1=CCOC1C[C@@H](CC1=C(Cl)NOC1)C1N=CC=C1C,0.20000000298023224,456351,0.2
503,NCC=C(F)C1=CN2C3=CC=C(C=O)NC(=O)C132,0.27272728085517883,415688,0.2
504,C=CC=CS(=O)C1(C(=O)NC=C2C=CNC3=COC(=O)C3=C2F)C=C(C)CC1,0.21052631735801697,348239,0.2
505,C=CC1=C(CCl)CC(C)C(=O)C2=CN=CC(C=O)=CC2(Cl)C(=O)O1,0.22727273404598236,352737,0.2
506,CC(C)(O)CC=O,0.5555555820465088,201320,0.2
507,C#CC=CC(=CCCC=COCC)C(=O)Br,0.44999998807907104,553986,0.2
508,COC=CC=C1CCOC=CC=CN2OC(=O)C3=CNC=COC(=O)C=C[C@@H]2CON13,0.21052631735801697,542813,0.2
509,CO[CH]CC(=O)NC1=CC=C(C=CCC=CC=CC=NCN)CC=C(F)C1,0.25,479825,0.2
510,C=CC=CN=C1C(CC=O)C(=C)C2N(Cl)C=CC=CC12C,0.24590164422988892,626244,0.2
511,NCCC(=O)[CH]C1=C(Cl)[C@H]1C=CC1=C(Br)NC=NCNCC(Br)=CC=N1,0.22093023359775543,136917,0.2
512,CC(=O)CCCOC(=O)NC=C(C)C(=O)COCCN=CC(=CCC=O)C(C)N,0.29230770468711853,346447,0.2
513,COCC=CNC=C1C=CC=CCC1=O,0.31481480598449707,482713,0.2
514,CN(C1=CNC(C=C(F)C(O)(S)C=O)=CSCC1)[C@@H](O)CN=O,0.20000000298023224,124875,0.2
515,CCOC(=O)[CH]COC=C1NC=CC(F)=C(C)C(=NC(C)C)N2CC=NC12,0.26436781883239746,377178,0.2
516,CC=CCOC(C)C1OC(Cl)=CC=C1C(C)=O,0.31481480598449707,291445,0.2
517,C=C(C)CN=C(C=C1CNC2OC=CC=C2C1C=C(C=O)CBr)OCC,0.2467532455921173,235411,0.2
518,COC=CC1(F)C=C2NC=C(NC=CCC=C3C4=CC=CC3C(=C3C=CC(Cl)=C3C)C4)C1=C2Br,0.1875,470869,0.15
519,N=C(CF)NC=CNCSC(=O)OCC(=O)C=CO,0.2291666716337204,506692,0.2
520,[CH]CC=CC=C(Cl)C(Cl)=NC=C(C)OCN=CNCC1O[C@@H]1O,0.2539682686328888,457908,0.2
521,CCOC(=O)NCC=CCI,0.517241358757019,557434,0.2
522,CCCNC(=O)[C@@H]1C2=CC=CN=C(C)NCCC2=CC[C@@H]2C(=O)C(=O)OC(C#N)C12,0.24657534062862396,559057,0.2
523,O=COC1C2=CNCCC=COC1=CC1CC(=N2)OCC1=O,0.2068965584039688,525505,0.2
524,CC1=CC2(F)C=CN=COC=C(Cl)NC(=N1)C2N,0.19354838132858276,10507,0.15
525,CC(O)C=CC(Cl)=CC=C1CC=CCC2OC=CC=CC2=CC(Cl)=NCC(=O)C1=O,0.20000000298023224,219445,0.2
526,C=CC=CC(F)C(=O)C=CC=NC(=O)CN(O)Cl,0.25581395626068115,540567,0.2
527,CC=CN1CC=C2NC(CC(O)CCC)C3=C(C=CNC3O)C2C(C)=C1I,0.21176470816135406,178269,0.2
528,CC=CC=CN(C)[C@@H]1C(=O)NCC(=C2CC2NOC23CC2COCC[C@H]3NC=O)N1C,0.21052631735801697,504834,0.2
529,CC=C1C=CNC=CC1=CC(O)(CN)N=[N+],0.2142857164144516,320004,0.2
530,CC1=C2C3=C4C[C]5CC=CNC(=O)C(N)N=CC(C(NCC1C4F)C2F)N(C=C3)C5,0.17499999701976776,331608,0.15
531,CNC=CCC=C(C(=O)OC)C(CNCC1=C2C=CC=CC(C2)C1C)C1COC(F)=C1C=O,0.2291666716337204,494140,0.2
532,CCC=CSC1=C2NC=C(O)N(COC(C)C(=O)C1)C2=C(F)C(Cl)=CCl,0.21212121844291687,426767,0.2
533,CON(O)CC=CC1=C2C=CC=NC3=CC(C=CO2)C(=CCC=C1C=CC=CF)C3,0.1733333319425583,241094,0.15
534,CC=CCOC(=CNCC(=O)OC=NCS(C)=CC1=NC1=CC(C=O)C1CNC1=O)NC=CC,0.2151898741722107,310106,0.2
535,C=C(C)N,0.38461539149284363,410800,0.2
536,CCCC(=O)NCC(F)=C1NC=CC=C1F,0.39024388790130615,458302,0.2
537,C=CCCCC=CC(N)=CCN=C=O,0.3888888955116272,21702,0.2
538,C[SH]C1=CNCC#CN(C=CC(F)(F)F)CC(=CC[C@H]2C=C[C]CC2)C(=O)C1,0.21052631735801697,219202,0.2
539,CN=C1COCC=CC(N)=CO1,0.3529411852359772,67302,0.2
540,CCCSC=CC=CC=C(F)C=C(Cl)CC(=O)C1OC=C(Cl)C=C1C1(CC(C)N)CC1C,0.2235294133424759,75597,0.2
541,O=c1[nH]c2ccc(Cl)cc([nH]occ1O)CCC(F)=CCOC=CCC(F)=C2,0.24358974397182465,506408,0.2
542,CC=CCOC(C=O)=CC,0.5384615659713745,266209,0.2
543,CC=NOC(Cl)=NC1(C#N)CC=CC=C1C,0.2857142984867096,558112,0.2
544,CCC=C1CC=CN(F)C=C(F)N=C1C(=O)CC(C)(C)C=O,0.25806450843811035,517729,0.2
545,CC=C(C)NC=C1OC(=O)C=CC(I)=CNOCC1=CC(=O)C=CC12CC=NC1=CC2,0.1875,105123,0.15
546,CC1C=CC=COCC2=CC=CCC2C(C)(COC=C=O)O1,0.2769230902194977,199078,0.2
547,C=CC(C=O)C(Cl)=CC[C@H](NC(=O)C1C(C)CC=CN1C(=O)NC(C)=O)C(=O)O,0.30158731341362,386294,0.2
548,C=C1C(S)=CC2C3=C2N2CC(=CC(O)=CC)N=C(N[N+]C=N3)OC2C1Br,0.18681319057941437,442766,0.15
549,COc1c(Cl)cccc1C1C=CC=CO1,0.42105263471603394,339082,0.2
550,CC=CC=C1C2=C(C=CNC(=O)C(C)C#N)CNC=C3C(=NC=CC31)C1=C2OCCC=C1Cl,0.19587628543376923,164159,0.15
551,CC=CC=NC=C(CBr)N1C=CC#CCNC(N)CC=CC=C1C,0.190476194024086,517597,0.15
552,CC1=CN=CC(=CC[C@@]2(CC=CF)CCOCCN2)c2ncc(F)cc2C=COC1,0.22077922523021698,148564,0.2
553,CNC1=NOC(C)C1,0.30000001192092896,492034,0.2
554,C#CCC=C[C@@H]1CC=CCC1=O,0.3142857253551483,399180,0.2
555,CC(Cl)=CC(C)CC(C)C,0.37037035822868347,225793,0.2
556,CCN1CC(=CN)NC=CN=CCC(C)(N)C1=O,0.2769230902194977,467147,0.2
557,C=CCN1CC2(C=C1N)COC=CCC1(C=NC=CC(CF)Cc3ccccc3CC1)C2,0.2716049253940582,80359,0.2
558,CC=NC=C1C=CCC2=CC(F)=CN=C(NC2)OC(=CC(F)CCC(=O)OC)C=N1,0.25,303720,0.2
559,C=CCC(Cl)=CC1=CNC2CC3=C1CC(C=C1CNC=CC=C12)CCC=CC3,0.19718310236930847,208465,0.15
560,CC1=CSCN(C=O)CC2C(C=CCC#N)=CC=NC34C=C(O)C1(C=CC3)C2=CC4,0.20779220759868622,513024,0.2
561,CC=CCC=C(C=O)C1=CN=CCN2C=CCCC2CO1,0.2567567527294159,327029,0.2
562,C=CC([N-]C(C=CC=[N+])=CC=CCNC1=C(OC)N=CC(N=CNC)C1(C)O)C1CC1=C,0.19387754797935486,630654,0.15
563,CCOC=CC=C=C=C1C=CC=C[C](C)C=CCOC(Cl)O1,0.25999999046325684,100016,0.2
564,CC1=NCC=C(Oc2ccccc2C)C2=CC=CC[C@H](N1)C2=O,0.30612245202064514,329270,0.2
565,CC(=CC=C(C=CC=COCC=CC=CC=C(F)OC=O)C(F)C=CCF)CCCF,0.2295081913471222,507538,0.2
566,C=COCC=C(F)C(=O)OC(S)C=CNC=COC,0.29411765933036804,215673,0.2
567,CC(=CN)C1C=C(C(=O)O)[CH]C(=N[CH]CC=CNCC(=O)C2(C(C)C=CC#N)CO2)C1,0.2298850566148758,7760,0.2
568,CC12C=C(CC(=O)C=CNCC(OC=CC(=O)F)C=NNC1)CC2=O,0.2083333283662796,297247,0.2
569,CC1=C(C#CC(C)O)NCCNCCC(F)=CCC2=CCC=CCC21,0.23880596458911896,344814,0.2
570,CCC=CC(Cl)=CCC(=N)N1C(=O)C=C(C)C1OC,0.2769230902194977,313585,0.2
571,C[CH]CCCC=CC1(Cl)C=C2N(C)C=NOC2(C(C)N)CO1,0.20000000298023224,501410,0.2
572,CC(=O)OCC1=NC2=CC(F)=CC(C)C1=C[CH]COC(C)C2,0.3030303120613098,353815,0.2
573,CC=NC=CC=C1CC=CC=C1C=NC=C(N=[N+]=[N-])C1(O)CC=CS(=O)OC2=CC(Cl)=C2C=N1,0.1827957034111023,170112,0.15
574,O=C1C=NC(CCCO)=CC2CCC=CC(CC=CC3C=C(CCCCO)C32)C1,0.28787878155708313,370009,0.2
575,CCOC(NC1C=CC(Cl)=CC1C)C(=O)CC(C=O)CC(=O)C=CCCl,0.26582279801368713,613767,0.2
576,CC=CN1C=CC(COC=O)C(OC(F)=CNC)=CN=CSC=CC1F,0.1975308656692505,340091,0.15
577,C=CC(=O)COC=CN1CC=CC=CCOC1C(=O)C1=CC(=N)CC=C1,0.2112676054239273,419718,0.2
578,CC=CN1C(N)=C2C(CC(Cl)[C]3C(=O)C=c4[nH]cc3c4=CC(=O)Cl)C(=CCl)C(F)C21,0.20408163964748383,337214,0.2
579,CCOC1=CC(O)C=C1NC=C=O,0.30434781312942505,369252,0.2
580,CC(CCCC=O)N=CN=CN,0.42424243688583374,631755,0.2
581,CN(C=CC(F)=CC(=O)C=CCO)C[S@@](=O)C(F)CN,0.24528302252292633,203504,0.2
582,NC1(O)C=CCC=CC=C1C(=O)C=CCCBr,0.25531914830207825,160577,0.2
583,CC1(C)CC=CC(N)CCCC(OC(=O)C2=CC(CF)C2CO)CCC(=N)NC1,0.2808988690376282,627465,0.2
584,O=C(NC=CN=CPCC1=CC=CC1Cl)SOCC1(C=CCO)CCNC1,0.21590909361839294,169929,0.2
585,COC(=O)NC=C(CC=N)C(N)=O,0.3636363744735718,266199,0.2
586,CC(O)C(C)CC1=CCOC=C(NC(=O)CC=CCC=NC2=C3C=CN=C3C=CC2=O)S1,0.21978022158145905,491855,0.2
587,CC1=CC1C1=CC(=O)CC=CC2=C(C3=NCCNC(=O)CC=C3)C1C=C(Cl)C=CN2,0.25,48185,0.2
588,CC1C=CC2=CNC(C)OC=CCC3(C=C4C=CCC4=NC1)C(F)C23,0.1780821979045868,530657,0.15
589,C=CN=CC=C(C)NCC(=O)CCC(C=CC)N=C(C)SCC[C@@H](C)NC,0.25,388732,0.2
590,C=CCSC1C=CC=C([N+]=CC=CC(=O)C(=O)OCC)N(C)CC=CC(N)=C[C@@H]1ON(C)O,0.2567567527294159,570105,0.2
591,CC[CH]C(=O)C=O,0.3913043439388275,147700,0.2
592,CC[C@H]1C=C(OC)C=COC(=O)CC2(C=[SH](=O)CC=CC(=NOC)NC1)CC=CC=C2Br,0.20253165066242218,417640,0.2
593,FC1=CC=C2CC=CCOC=CC=C3NOCC3C3=CNC=CC3C=CN=C12,0.17741934955120087,376550,0.15
594,CCOC(=O)C1=C(Br)C(=C(F)C=CC(=O)OC(CCCC(Cl)CC=O)SC)C=CC1,0.27272728085517883,321408,0.2
595,CC=C(Cl)C=CC=CCCOCC=C(C=C(O)C1C=CC=CC=C1Cl)NC,0.234375,479322,0.2
596,COc1ccc2c(c1C)C(C[C](C)[CH]COCCl)=C(C)C2,0.32203391194343567,214911,0.2
597,CCC1(F)CN2OC(=O)C=CC2=CC=C(C)C(N)=CN1CCOC1(N)CC2=CC(=O)OC21,0.2133333384990692,125248,0.2
598,C=CN=C(O)COC1=C(CCCC)C(I)=CCC2=CCOC21,0.23943662643432617,408108,0.2
599,CSC1CCC(CCOC=CC(F)=CC(Cl)CC=CC=O)=C[CH]C=CC1=O,0.21176470816135406,330105,0.2
600,CC=CC1=CNC(=O)N[C@H]1C=NC(Cl)=CCC=NNCC=N,0.20253165066242218,338549,0.2
601,C=CC=CC=C(Cl)C1CNC1=CCNC(C)C,0.24637681245803833,446151,0.2
602,CC=CNCC1=C(C=CC=C(C=O)C=CC)C1CCC,0.24561403691768646,372827,0.2
603,C=C(C)C=C1CC2NC(=O)C=C(C=C(Cl)C=COCC(=NC=COC)[C@H]3C=CNC3)[SH]12,0.18478260934352875,517081,0.15
604,C=CC(=CC)SC=CCC1=C(CC=C(OCC)C(F)F)N1,0.26530611515045166,388580,0.2
605,C=CC1CNCC=CC(C)=CN2CC=CC=C(Cl)C=C2C(=O)N(C)C=CC1=CN=O,0.19480518996715546,124249,0.15
606,CNC(=O)C=CSC=NC1=C(O)COC=C1C=CC(Cl)=CC=CC(N)=O,0.23999999463558197,286552,0.2
607,C[CH]C=C(F)OC(=O)N1C=C(C(F)C=C(F)C=CNC(=O)/C=C/Cc2ccoc2)CSN1CO,0.24705882370471954,306963,0.2
608,CC(C)C[C@@H](O)C1=C(F)C=CC2=C(COCC2)C[C@H]1CN,0.27272728085517883,145635,0.2
609,C=CC=C1C=CC=CC(CCl)=[SH](=O)C(=CCCC)CC=C1CO,0.2153846174478531,465018,0.2
610,CNC(C)=NC=C1N=C(C=CCC=O)O1,0.23999999463558197,39227,0.2
611,CCCCC(C)=CN1CC(=O)N2C(=O)[SH](C)OCC=CC(C)=CC(C(=O)Cl)=C12,0.2432432472705841,358496,0.2
612,C=C(C=CC)C=NC=COC(C)=CC=CC1=C(F)N=NOC1,0.18518517911434174,474931,0.15
613,C=C(Cl)ON1CC[C@H](C=O)COC=CC2C=CNCCNNCC(C)C=[N+]1CC=CC(C)=C2,0.21250000596046448,24383,0.2
614,CC=CC=CC(I)=CCC(=O)C1(O)C=CNOC(=O)NCCOC=CCNCC1F,0.2068965584039688,49027,0.2
615,CC(C)C=C1C=NC(N)=C1C=CNC(=O)CO,0.3076923191547394,502569,0.2
616,C=CC=C1CC=CCCNCC(=O)NC=CN(O)CC(N=COC(=O)NC)NC=N1,0.21568627655506134,197055,0.2
617,CCOC(N)C=C1C(N)C=C(F)[N+]1=O,0.2708333432674408,10457,0.2
618,CCCCCC(C)(CC=CC(Cl)Br)CCC(C)=O,0.3589743673801422,630663,0.2
619,CC(F)C(=O)C(O)C=C(C#N)CC=O,0.375,488759,0.2
620,O=C1C=C2C=CC23COCC2=C(N1)C1=CC[C@H](C(=C1)N=CCC(CC(Cl)Br)C3)C2C=CI,0.17391304671764374,110389,0.15
621,CC(=CC=CC(F)=CCl)N=COC=NC=CN1C=NCC[CH]CCC(CCBr)O1,0.1860465109348297,160403,0.15
622,CONC1=NC(=COC(C)F)C=NC(=O)NC(=O)N1,0.2380952388048172,615188,0.2
623,COCN=CC=CCSC=COC(=S)C=O,0.25999999046325684,167343,0.2
624,C=CCCOCC(O)(CNCC(=O)S(=O)(=O)CC)N1C=CC(=O)NCC(C)(Cl)CN=C1C,0.25,602317,0.2
625,CCCOCC#CC(=O)NCCOCC=CC(F)=CCN=CC(=O)NSCC(C)=O,0.2409638613462448,472642,0.2
626,CCCOC(C)[C@@H]1CCC(C)=C1Cl,0.3181818127632141,92078,0.2
627,C=C1N=C(Br)C=CNC1=O,0.2368421107530594,24503,0.2
628,CCNC=C1C(CC)=CC2=CC13CC2C=N3,0.27450981736183167,217206,0.2
629,CSC(Cl)CCC1=CCCC(=O)C=C1[C@H](N)C(=O)O,0.3333333432674408,213680,0.2
630,CC1CCNC(c2cc[nH]c3c(c(=O)[nH]c2)[C@@H](Cl)OC(=O)C=C3C(=O)NCCl)CC1,0.2916666567325592,353483,0.2
631,CNC(=O)CC1[C@H]2C=CCC=CC(C(F)Cl)C(Cl)=C(CC=C(C=C=O)N1C)O2,0.22891566157341003,551287,0.2
632,C=C(C)O[PH](=O)C1=CC(C)(C)C2C=CCCC(O)C1(C)N=C2C,0.2711864411830902,377848,0.2
633,C[CH]C1OC2=CN1C=CC(Br)=C2NC=CC=CC=C1C=NC(C)=C(Cl)C=C1C(C)=N,0.1927710771560669,613233,0.15
634,C=CC(=C)OCC=C(N)CC=CC(C)NCC,0.2888889014720917,535725,0.2
635,CCC=CCC(Cl)=CC(=O)CC(O)(Cl)C=NCCC,0.3095238208770752,193068,0.2
636,CCC=CC=C(CCC=CN(CC)CCC)NC=CC(=O)CSC=CC(N)=CNCC(=S)C=O,0.20779220759868622,534756,0.2
637,CCCC(=O)C1=CC=S2N[PH](=O)CCC2ON=C(C=CC#N)C(CCOC)=CCN=C(Cl)C1,0.2429906576871872,523994,0.2
638,CCOC(=O)CC=C(Cl)C=CC(O)F,0.4722222089767456,245737,0.2
639,COC[C@H]1C=CC2=COC(=O)COCC([SH]=O)C(=CC=CC1)C#COC=C2,0.23999999463558197,530607,0.2
640,CCO[C@H]1N[CH]C(C)=CCO1,0.29729729890823364,524482,0.2
641,C=CC1C2=C(F)C=CC2=CN2C=C3[CH]C2N1OC=C3CCN(C)C,0.21052631735801697,588958,0.2
642,CCC=CN1C(=O)C=CC(F)=CC1CC(O)=CC=C1CN=CC(F)=C1Cl,0.23456789553165436,301205,0.2
643,COC(=O)C=CCSC1=CCNC=COC(=O)CN=CC2C=C2OC1=O,0.31578946113586426,230701,0.2
644,CC=CN=C(OC=C(NC(F)F)C(C)=O)c1c2nc3c(c1C1=CC(=CCC)C2(F)N1)CCO3,0.25,36424,0.2
645,CCNC=CCSC=NNC(=O)C=CC(Cl)=CCC=COc1ccccc1,0.35483869910240173,234467,0.2
646,C=CON(C)CC(F)=CC(=O)C=CN=C(C)C(=O)NCC,0.25999999046325684,184470,0.2
647,BrC1=CC2[CH]CCCNC[C@H]2C=C1,0.302325576543808,52242,0.2
648,[C]C1[CH][C@@H]2C(=O)CC=CC(=CC=COC)C=C2CN1C=CCSC=CC(=C)Cl,0.20000000298023224,542813,0.2
649,C=CCC1=C[C@H]2CC=C[C@@H](C(=O)C(=C)C)C=CCC(S)=C(C=CC)C1O2,0.23943662643432617,417578,0.2
650,CCOC=CC12C(C(N)=O)=C[C@@H]3C(=O)C(O)=CC1C=C(F)C3=C2NC=O,0.260869562625885,128648,0.2
651,CCOC(F)CCC=CC1(C=O)N=CC(OCC(C)C)C=CC=CCO1,0.23529411852359772,452761,0.2
652,CC=CC1CCC=CC=C2C3=CCC=NC=C2CC=CC(=C3)SC(=O)N1,0.21739129722118378,79751,0.2
653,CCOC(=O)CC1(Cl)C=CC2(C=CCC1)C=COC=CCC(O)N2C=CC#N,0.3382352888584137,41282,0.2
654,CC=C1C(=N)[SH]2C=NCC(=O)C(O)(NC=CC(Cl)=C3C=CC(C(O)=CC)CNC3)C1=C2,0.2083333283662796,460840,0.2
655,[C][C@H](COC)C1=CC(Cl)C=NC(Cl)=CC=NN1C(=O)CCN=CCC(C=C)=CC=CN,0.20952381193637848,362341,0.2
656,C=CNC1C=NC(=CCCCO)CC=C(Cl)C(C)(NC)C[C@@H](CC=C2CCOC(=O)C2)C1,0.21296297013759613,139951,0.2
657,CC(O)OC1=CCC2=NCC=CC12,0.25,26144,0.2
658,O=C1CC(O)CCOC2[CH]N=CCC=CNC(C(=O)CN1)C2=O,0.3400000035762787,22066,0.2
659,COC(C=NC(=O)N[C]C(=O)C=C1C2=NC=CC2=C1N)C(C)=O,0.25,124918,0.2
660,CC=CC1=CC=C(NC(=O)COC)C2(O)C=NC=C12,0.3529411852359772,173088,0.2
661,CC1=CC2=C(C=O)C(=CCC=CC(=O)C=COCCC=COC2=O)C=C1,0.23076923191547394,212367,0.2
662,O=CN1C=CC23C4CCOC(=CC=CC2OC4)C=NC3C1,0.21052631735801697,586115,0.2
663,CCOC(=O)NC=CS1=C(F)C(C(Br)=CCCCCOCCF)=C1,0.3125,574821,0.2
664,CC[C@](C)(N)CNC(=O)NC=CC=C1C=CC=CC1=N,0.2857142984867096,145786,0.2
665,O=C1CN=C(Cl)C(C=CC[CH]CC2CCC=CC=CC(F)C2)O1,0.24193547666072845,224867,0.2
666,CC(=O)C1=C[C@@H](C)CC=CN2C(C)[C@@H]2C=NC=C(C=C2CC(C)=CC2=O)COCC1,0.21621622145175934,375867,0.2
667,CC=CC1C=CC(=CCC2=C(SCC=CCC(=O)O)C(N)NCC2)C(C)=C1,0.22580644488334656,289889,0.2
668,C=CC1C=C(OCCC(=CC=CC)NC(CC=NC(F)=CC)=NCNC)C=N1,0.18518517911434174,442436,0.15
669,CC=CC=C1C(=O)CC=C2C=C[C](Cl)C(=CC=CC(C)=O)CN1C(C)=C(Cl)N=C2,0.2142857164144516,172742,0.2
670,C=COC1C[C](CNC(=O)CCC(=C)O)C=C1COC(=O)C1=C(N)C=CC(=O)[C@@]1(C)C=N,0.2247191071510315,93414,0.2
671,COCC[CH][C@H](F)[C@@H](C=CNCN1CCC(CN)=C2CCC21)N=[N+]=[N-],0.22727273404598236,74200,0.2
672,CC=NC1=NCOC(=C[C@](O)(CNC2C(=CC=CC#N)COC=C2C(Br)=CC)OC)C1,0.2073170691728592,475819,0.2
673,C=C(C)C=CCC1(OC=C(F)C=C(F)C=CCC(N)=O)CC=C(CC)CC1,0.27586206793785095,211524,0.2
674,O=C1C=CC=NC=CC=NC2=CCN1CC1=CC=CN=CC1OC2,0.2068965584039688,292590,0.2
675,NC1=C(C=CO)C2=C(CO)C(=CCC(F)C=C2)OC1,0.21666666865348816,116335,0.2
676,N#C/C=C/OCOCC=CC=CCN,0.38235294818878174,330514,0.2
677,CCOC=CC1=CC=CC[SH]1C1=CN=C(F)C=CO1,0.28070175647735596,625386,0.2
678,C=CN=C(C)CC1(C)[CH]Cc2nc1ccc2COC=CN[C@@H](CNC=CC)C(=O)NC,0.22680412232875824,70055,0.2
679,CC=NC1=NC=C(OCC=C(F)C=CSC(O)=CCCl)C1CF,0.20000000298023224,374336,0.2
680,CCC=CC(I)=CC=CC(N)=CN=NC(=N)C=CCC(C)C(N)=CCC(=O)OCC,0.30434781312942505,98571,0.2
681,CCCOC1CC=CC2=C1C=C(NC1=CC(C=O)=CCC1)C(C)N=C2,0.234375,505244,0.2
682,O=C1C=CCC2=CNC3=CC(F)=CN4C(=CNCc5cc(F)cc(c5C2)NCC4C=C1)O3,0.22077922523021698,466080,0.2
683,C=CCN1C(C=C2CCOCC2)=CC=CC(Cl)C=C1C=CC1=CC(=O)COC=CC2=CC=CCC21,0.25333333015441895,383063,0.2
684,CN(C)C=CC=CN=C(O)CC=CC=C(F)CF,0.25,118956,0.2
685,CCSC=C1C=C(C=N)N(C=CCC2CNC(NC)C=CCC2C)C(=O)C1,0.19718310236930847,232089,0.15
686,CC(=CC[C]F)OC=C1C=C[C@]2(N)C[C@@H]2CC1,0.24590164422988892,450460,0.2
687,C=CCC=COC[CH]C1C(=O)OCC=CC(F)=NCC2[C]CNC=C21,0.2183908075094223,189437,0.2
688,CN1C=CC(O)=C(N=C2C=CCOC2=O)C2=C(F)[C@@H]2C1,0.2461538463830948,498575,0.2
689,O=CC=C1CCCOC1,0.5199999809265137,166394,0.2
690,CC([CH]CC(Cl)CN1COC1=O)=C1CCC=N1,0.2678571343421936,285087,0.2
691,CCOC(=O)NCC(O)C12C=NC=CC=C1OC=CC(F)C(OC)=CC(Cl)=C2,0.2888889014720917,41871,0.2
692,CC=CC=CCC=C1CCC(Cl)C1=CC(O)(CC)OCC,0.25,385027,0.2
693,C=CNC1=CN=CNC1C=CNO[C@H](C(=O)NC[CH]C(=O)OCN)C(C)(O)CN,0.22580644488334656,101891,0.2
694,C=CCC1N(CC=CC(C)=NN=CCOCF)C(=CC=CC=CC#N)CCCCN=S1C,0.2142857164144516,529573,0.2
695,CC=CC1=CC=N[C@@H]2OC[CH]COCC3C2OC=C(F)C(=O)CCC12C(C=CC)NC[C@H]32,0.20224718749523163,44700,0.2
696,COC(=O)C=CC=CC[CH]C1(N)C=CC=C(N)C2C=C(C)N(CN=CC1(C)C)[C@H]2O,0.2631579041481018,540254,0.2
697,COC(=O)C(Cl)=C1C=CC=C1C=CC[CH]CC=CC(=O)OC(O)C=CCF,0.2542372941970825,155935,0.2
698,CCOC(=O)C=CCCO,0.7777777910232544,334726,0.7
699,CNCCC1=C(NN(CC[C](C)O)C2(CCCl)SC2=O)C=CC1C,0.2361111044883728,300041,0.2
700,COC(=O)SC(C=CC(C)=O)=C(C)N=CN=COCC12NC(=O)C(=C1C=CC(C)C)C2C,0.22727273404598236,354054,0.2
701,COCCC=CC1=C2C(=O)C=CC1(C1=C(CN)[SH](C=C(C)OC)C1)C(=O)C[CH]C2COCN,0.21111111342906952,405406,0.2
702,C=CC=CC(C=CC=O)=CN(O)C[CH]CN1C(=O)COC=CC=C1C1=C(C=CC[CH]C)CO1,0.19387754797935486,104734,0.15
703,CC=NC(=O)CC1NCSCC[C]2CNC3=CCN(COCC)C(=O)C21CC=C3,0.2235294133424759,34596,0.2
704,CC1([N+](=O)[O-])C=COCCC=NO1,0.28947368264198303,7255,0.2
705,C=CC(O)C=CCC[C@@H]1CC(=O)C1=O,0.3181818127632141,59441,0.2
706,C=C(Cl)C1=C2CCCC1=CC(C)C=CC(C)=CN2,0.22580644488334656,228938,0.2
707,CCC1CC=C2NC3(CC(C=CC(C)=O)=CO2)NCC(C)CCC(CCN1)O3,0.25,398287,0.2
708,CCC(=O)C=NC(NC(=O)C(=O)CC)=C1C=CC=C1C=N,0.2380952388048172,576752,0.2
709,CC1OCC=CN1CC=CC=CC=C(Cl)C(=O)[C]C(N)=O,0.2295081913471222,626981,0.2
710,CSC=CNCC1=Cc2c(coc2Br)C(=O)NC2CC=CCCC1=CNC=CC(=[N-])C2,0.22891566157341003,13934,0.2
711,C=C(CC)N=CC(CC=CC1C=C1)C1OC(=O)S1,0.2542372941970825,222703,0.2
712,CC(C)=CC=CCC1=CNC2=CC1C1(O)C=CC3CC(CC=O)CC2=C1O3,0.22058823704719543,414807,0.2
713,CC=C(F)OC1=CC=CC2(O)CCOC=C2C2=CC=C(C)[SH]2NC1,0.2028985470533371,203575,0.2
714,CCCNC1CC=CC2C=NC3=NCC(=O)NCN1C3C(C=O)=NC=CN=CO2,0.1979166716337204,520550,0.15
715,CCOC(=N)C=CC(OC=C(Cl)C=C1N=CN=CC(=O)O1)C1OCC1=O,0.232876718044281,256597,0.2
716,C=CCC=C(C)C=COC1=C(N)C(=O)OC(=O)C1,0.3333333432674408,352245,0.2
717,CSC=CC=C1C=CC2OC(=O)C=CCC=C(N[NH])C=C3C=CC=C3N=CC2=C1,0.19178082048892975,55856,0.15
718,CCOC1C=CC=CC1C1CC=CC=C1C=CC#CCCC=CC(N)=O,0.30985915660858154,10743,0.2
719,CCNC=COCC1=C(C(=O)C2=CC=CC=CC(C(F)F)CC=CC(C)=C2N)CCC1=O,0.24358974397182465,168642,0.2
720,CC(C)NC=CC1C(=O)NC=CC1OCCC1=C[SH]=C2COC(C)N=C(N2)N1CC1CC1=O,0.1855670064687729,90533,0.15
721,C=CNC(=O)Cl,0.5,167146,0.2
722,O=C1NC2N=CCOC2=CN1Cl,0.26829269528388977,210953,0.2
723,CCCNC=C(C)SC(N)C(C)=O,0.3513513505458832,272839,0.2
724,C=CC(=O)NC(=O)CN1C=C(C(=O)CS)C=C(O)C=CC1,0.29411765933036804,64032,0.2
725,C#CC1NC=CNC(=O)CNC1C(=O)SC1=NC=C(CNC=O)C(NC=O)C1O,0.20000000298023224,148919,0.2
726,C=CCCC(C=C(CC=CC=CC)c1ccc2n(F)cccc-2ccnn1)CCF,0.232876718044281,132163,0.2
727,CC=C1NN=CC(=CC2=CC(=COCC)C2)C12CNC(CC)=C2C=CCCC,0.21621622145175934,452156,0.2
728,C[SH]1C=CC=C2C=C1C=C(C=O)C1=CC21,0.2291666716337204,525118,0.2
729,C=CC=CC1=CN(C(F)=CC(=C)F)C=NCOCC(=O)C1,0.2028985470533371,135485,0.2
730,CC=CC(C=O)=CCCl,0.4615384638309479,485781,0.2
731,CCCC=C(Cl)C=NC=C(CCCCN(F)F)NCC(=O)OC,0.35849055647850037,179069,0.2
732,CCOCC(O)N=C(C=O)[C](Cl)CC(=O)OC,0.3571428656578064,540155,0.2
733,C=O,0.1666666716337204,239560,0.15
734,CNCC1CC=C(Cl)C=C1NC=NC=C1C=CC=C(Br)CC2C=C1C(C=S)CO2,0.1975308656692505,84141,0.15
735,CC=CNC=CN1COCC2=C1CC=N2,0.20895522832870483,150719,0.2
736,C=CC=C(C=CF)C1=CC(=O)C=CN[CH]C(C=CNC(CC)CCC)C=C(C)C1=O,0.2054794579744339,305058,0.2
737,C[SH]1C=CC(=O)NOC=CC=CC2=NNC=CC21,0.22413793206214905,224428,0.2
738,C=CC(F)C=C(C=O)NC(=CC(C)C)CCl,0.2926829159259796,180156,0.2
739,CC(O)=CC=C1CC2=C(N)C=NNC(C=Cc3sc(=O)[nH]c3C)=C1C2=O,0.24590164422988892,416057,0.2
740,[C]C(C)=CC(=O)C(C#N)OC1(O)C=CC=CCOCNCC=CC(=O)[CH]CCCCC1,0.2261904776096344,147613,0.2
741,COC(=O)C1COC=CC2C=C(F)C1N=C(CO)N(C)C21C=CCC=CN1,0.26249998807907104,302382,0.2
742,ON=CC(C=CCNC(F)NNC1C[CH]NC=CC(F)=N1)=CC=C(O)C=CF,0.1756756752729416,54861,0.15
743,CC1=COC=CC2=C[C@H]3/C=C/CC(C)=C(CC(N=C2)C(C)=C(C)CO3)O1,0.1746031790971756,309288,0.15
744,Cc1ccccc1C(=CC=Cc1ccccc1Nc1cncn1C)CC(=O)N(C)C,0.3382352888584137,162347,0.2
745,CC=CC(C=COC(=O)NC)CNC1=NCC[C@H](CC=C2C=C(C)C2OC)C(=O)CCC1,0.2650602459907532,271771,0.2
746,CC=CC=C1C=CCC2C=CC(C)OC=NC(C=CCC(C)=CCCC)C1=C2C,0.20779220759868622,604985,0.2
747,C=CC=CCC(=O)C1=CCC(C)C12C=CNC2=CNC1(C)N=CNCCNCCC1=O,0.21250000596046448,481122,0.2
748,CCC1=CC=CC(CC)C2C=CNC3=CN=CC(C(=O)N(C)C1)C3=CCOC2,0.1975308656692505,224912,0.15
749,CC[CH]C1OC=C2C(=CO)C1(C)CNS2(C=C(F)C=N)N=O,0.18421052396297455,378267,0.15
750,C[CH]C1C2OCN1CSC(C(=O)F)=C2CF,0.22580644488334656,333615,0.2
751,C=CCSC(=O)NC=CC1=CC=NN(C(C)F)CO1,0.2702702581882477,13417,0.2
752,COC(F)C(=O)CNC=CCC(C)=NC=Cc1cccn1C,0.4000000059604645,517205,0.2
753,CC(=CO)C1NC=NC=CC2=CC3=CC(NCCC3=NOC=CC2)C2=CC(=NC[C](N)C2)CO1,0.16867469251155853,303524,0.15
754,CCC(=O)C=CS(=O)(=O)C(CCC(=O)C(C)Br)N=CC(C)C[CH]N(C)CC,0.2777777910232544,499164,0.2
755,C=CC=C1C2=CC3N=C1CC3=CC(C)C=C1C(C#N)=CC=CN1C=C2C=CC=O,0.19354838132858276,263879,0.15
756,CON=C(C#CCC=CN)C=CC=CSCCC=CC=NC=CC1(C(C)=O)CC1C=O,0.2266666740179062,117257,0.2
757,CCOC1=CC2(CC)[CH]COC(=O)N2C=NC(F)=NC(F)=C1,0.27586206793785095,235241,0.2
758,CSC1=CNC(=O)C=COCC1,0.4117647111415863,388086,0.2
759,CCNC=CC(F)C=NCCF,0.2195121943950653,203551,0.2
760,C[SH](C)(=O)C1COC2=CC[C@@]3(CCNC3=O)[C@H]3C#CC=C3SC=CC=CCC1C=CC=N2,0.1931818127632141,573067,0.15
761,CC=CC=CC(NC(=O)C(C)=N)Nc1cc(Cl)ccc1N1C=COC(C)(C)C1,0.2666666805744171,65310,0.2
762,C=CC1CC(O)C2CC=C3C=C(Cl)C=C(NC1=C)C(=COC)C3=C2Br,0.2112676054239273,153547,0.2
763,CC(O)(C=C1CCC1)COC1=CC=CC(Br)C1O,0.2549019753932953,577275,0.2
764,COC1(O)CN=CC2CC1=CC=CC=CNC[CH]CC(O)C[C]C2C(C)=O,0.2142857164144516,523003,0.2
765,CC1NC=CCCN2C=CCC(C(=O)COC=CC2)C(=O)S1,0.23636363446712494,604888,0.2
766,C=NCCOC=NC1(C=C2C=CNCC2)N=CC(N)=CCC=CC(OC)N1,0.18421052396297455,43723,0.15
767,CC1=CC=C(C=O)C(C=O)=[SH]C(=O)C=CC1,0.3142857253551483,567984,0.2
768,CC=CC=CC[C@@H](C=O)OCC,0.4000000059604645,19319,0.2
769,O=C(CC1=CCCC1)NC(Cl)=NC=C(O)CC=CCl,0.37254902720451355,412440,0.2
770,CC1OCCC=C2C(F)=CCC3=CC(=C[CH]C32)N1C1[CH]CCNOC1,0.17910447716712952,301428,0.15
771,CC1=CC=C(N)C2=CC3CCC3=CC(NO2)C2CC(=NC=CC=C1)CN(C=O)[C@H]2C,0.21686747670173645,199842,0.2
772,C=C(C)c1ccccc1OC1=CN=CPN(CC(F)F)[C@@H](F)[CH]CCC(F)=CC=CC1,0.24637681245803833,411495,0.2
773,COCC=COCC=C(F)NC(O)(CCOC)C(C)NCC=O,0.24528302252292633,54529,0.2
774,CCSC=C1C=C2C=CON2NC=C1[CH]C(=O)N1C=C(C=[N+]=[N-])CS1=CC(CO)C(=O)O,0.1782178282737732,441275,0.15
775,CCCC(=O)C1C2=C1C(=O)Cc1cc(C)ncc1CC=NC(=O)NCCC=C2,0.2857142984867096,32194,0.2
776,C=C(F)N=[C]N=CC1=CC(Cl)=NC1=CC1=CNC(=COC=O)N1,0.1780821979045868,49051,0.15
777,COC1=C(CC=CC=N)NCC=NC=C(F)C=CC=C(COC=O)C=CCN=C1CF,0.18478260934352875,23406,0.15
778,CCNC1=NC2CC=C(C=O)C=C(Cl)C=CC=CN12,0.27586206793785095,485604,0.2
779,CN1C=C(OC=CC=O)C(=O)C2CCNC[C@H]2C1,0.3199999928474426,147280,0.2
780,COC(CC=C1C=CC(Cl)=C1)C(=CO)CO,0.2549019753932953,67079,0.2
781,C=CNCC(=O)NOC1C=Cc2ncccc2C#CC1C(=O)OCC(N)CC,0.2876712381839752,250715,0.2
782,C=CCOC1CNC2=C3C=CC(=C3C=C1C=O)CC=C(Cl)c1ncccc1CC(=O)S2,0.2530120611190796,293223,0.2
783,CC1=CC(=O)OC2CC(CBr)=NC=C1C(C1=CC=COC1)=COC(CCl)C2,0.2238806039094925,118883,0.2
784,COCCC=CC1(F)C=C2C(=C(C)CCC2N)CO1,0.24590164422988892,201985,0.2
785,CC1=CC=CC=NC=CC(C)(C)[CH]C1,0.34375,567984,0.2
786,CC=CC1(C=CC[CH]CCNOC)C=CC=CN=CC(C(=O)C=CC(F)=CS)OC1(C)F,0.20987653732299805,270485,0.2
787,C=CC=CC1C(=CC2=CC=CC2=COC(=O)OC)C[SH]1C=C(Cl)SC,0.21212121844291687,157076,0.2
788,CCOC1=CC=CN2C=CNCCNC1[C@@H](OC)C(CC(=O)OC)=CC=N2,0.28169015049934387,392819,0.2
789,C=C(F)C=CC1C=NC=C(NC)C=C2C=CCC#CC2=C(F)CC=CCNC=CC1,0.16161616146564484,262052,0.15
790,N#CC1=CCCC=C(F)C=CCC=CC1OCCCOc1ccoc1,0.26153847575187683,311412,0.2
791,CC(=O)NCC(C)=C1NC=CC(Cl)=COCC2=CNC=CC21,0.2881355881690979,384334,0.2
792,CC=CN=C(N)C(C=CCCC=C1C=NC2CC=NCC2([CH]CCF)N=NC(F)=N1)C=NOC,0.17894737422466278,609944,0.15
793,C=NC(=O)C=C(O)NCCN(NC=C(CC=Cc1ccc(Cl)cc(=O)c1)OC)C(C)C,0.30337077379226685,143189,0.2
794,COCC=C1CC(=CCN[CH]C[C@H](C)CC(=O)OC2CCSC2)CC(=N)CNC1C,0.232876718044281,626457,0.2
795,C=CC=COC1NC(=O)C2(C[CH]CC=CC(O)=CC3=COCC=C31)COC=CN2,0.1882352977991104,205703,0.15
796,C#CC=CC=CC(NC=CC=C(C#N)NC)=C(N)C1COCC1C=O,0.22727273404598236,128424,0.2
797,CSC(C=O)=CNC(=O)CC(C)C(C)=O,0.3255814015865326,360947,0.2
798,CON=C1CC([N+]=[N-])=CC2=COC(=O)C2N=CO1,0.2321428507566452,306109,0.2
799,CC#CCNC1=NC(C)=CC=CC(COC(=O)[C@H](O)C2CCCC=C2F)C=CCC=CC=[N+]CC1=O,0.26744186878204346,399937,0.2
800,C[C](OC(=O)CC=CN)C(=O)C=CNCN=Nc1ccccc1CF,0.3125,116506,0.2
801,CC1C=C(COC(Br)=CC=N)CO1,0.23636363446712494,409259,0.2
802,CCOS1=NCC=CCNNC=CC=C1,0.19512194395065308,377949,0.15
803,CCC=CC=Cc1cc2c#ccc(C=NC=COC)c(cc1Cc1ccccc1O)=CSC=CC=2,0.23863635957241058,551804,0.2
804,CC=C(Cl)C(Br)=CC=CC(=O)N=NC(O)=NCCC(=O)NCOC=O,0.20000000298023224,265121,0.2
805,CCC(=O)C=COCC1=CO[CH]C(=CC=C2C(=O)C(CC)C2=O)C1,0.3137255012989044,549270,0.2
806,N#CCCN1Cc2cnc1n2CN1N=CN2CCNC2C[C]1F,0.260869562625885,234932,0.2
807,C=CC1=C[CH]N=CC1(C=CCCO)N=CC=C(F)C=CC(N)C(C)=O,0.2142857164144516,54308,0.2
808,CCCCOCC(F)=CC=CNC(=O)CC1NCN(C)N1NC1CC=CC1,0.26744186878204346,197622,0.2
809,CC=C(COCC=CCCCl)C1NCC=CC=C(O)C=C(Cl)O1,0.24193547666072845,341846,0.2
810,C=C(Cl)C=NC=CC1=CC=C(F)N=CC(C(=O)OC2N=CC=CS2)=C1,0.1882352977991104,276870,0.15
811,C=CC1CC(=COC)NC(=O)NC=NC(C)=CCCCC=C(C=CCCOC=O)NC1=CC(=C)Cl,0.22340425848960876,91934,0.2
812,O=C1CCCC(SC2=CC=NC=CC(Cl)=C2[CH]C2OCCO2)NC(=O)OC1,0.2238806039094925,367581,0.2
813,CCC=CC=CS(=O)(=O)N(F)COCCF,0.2857142984867096,95888,0.2
814,C=C1C=CN=C(N)C(OC(C)C)C(N=CC[C@H](F)C=CCN)=C1,0.21052631735801697,180781,0.2
815,CC1=C(O)CCC(=CC(=O)C(CO)C(C)CC=CC(=O)C=CC(C)(C)F)C=C1,0.22972972691059113,284309,0.2
816,C=CC=CCC#CCC=CC(Cl)=CC(N)(O)O,0.2857142984867096,271837,0.2
817,COC(=O)C1C=C(C=CC=CC=CC2=C(I)NC(F)C(N)=NC=C2)OC1=O,0.28358209133148193,585014,0.2
818,C=C(C)NC=CSC=C1C=CC(=O)C(NCC=CN)C(=O)C(CC(=O)O)C=NC=CS1,0.20000000298023224,152090,0.2
819,CC#CC=CC(=O)NCOC=O,0.31707316637039185,32101,0.2
820,[N-]=[N+][C@@H](N)C1=C(Cl)COC2C(=O)NN3CC(C=C1)C(=O)OC23,0.22727273404598236,605873,0.2
821,CC(C[CH]CNCCNC(=O)N(C#N)CC=CC1(C)CCOC1)C(=O)N=CC=N,0.24285714328289032,40234,0.2
822,CC(=O)C1OC=CC(Cl)c2ccccc2N1C(=O)C=CCC=C1C=CC=N1,0.2800000011920929,313585,0.2
823,O=CC(=O)CC=CC=CN=C1C=NC(=O)CC(F)=COCCC(CF)=C1,0.203125,519447,0.2
824,O=C1NC=CC(F)=CN(CC=COCCC=CF)C(Cl)=CN1,0.20000000298023224,577927,0.2
825,C=CC=CC1=CN=CCC(=CC(=O)NCC(=O)C(O)CCNC)N1,0.22499999403953552,72417,0.2
826,O=C1C=CC(F)C(=O)OCCC=CC2=CC=CC2(CF)NC1,0.2800000011920929,401234,0.2
827,C=CNC(=O)C(=CC)C=C1C(O)N=C(C)N2C(=O)OCC2CN1C,0.2461538463830948,471235,0.2
828,CCOC1=C(CC(=O)CCCl)C=CC=CC=C(F)C1,0.3333333432674408,547063,0.2
829,COCC12CNC(I)=CC(C)(C)CONC(NC(C=CC=NC(C)=O)C=C1N)C2O,0.21276596188545227,400200,0.2
830,CCOP(C)(=O)Cl,0.5789473652839661,310093,0.2
831,CCOC(C#N)CC=C1C=CC(=CNOC=CC=CCCO)C2COCC(SC)=C12,0.2183908075094223,605731,0.2
832,C=CC(F)=CN=C=CNC(=O)C1=CCC2C=C(C=CC(=O)CC2)N1,0.24242424964904785,34950,0.2
833,CCOC(=O)CC(Br)C1=CC(=O)OCNC(=O)CC=CC(=O)CNCC=C1CCOC,0.2650602459907532,447909,0.2
834,CCCCCC(=O)C=CNC(F)=CCSC,0.43589743971824646,225615,0.2
835,C=C1OC2=CN=C(C(O)=COCNCC)C(N)C2=CC2C=CC(C)=CC1(Cl)C=C2,0.20000000298023224,388644,0.2
836,CCC=COC1C=CC(C=CF)C(CC=CC=NNC)=CC=CC1=O,0.2361111044883728,238305,0.2
837,CC=NC(O)CCN(C)CC=CC(C)(Cl)NC(=O)[CH]C(=O)OC(C)OC=CCC,0.22535210847854614,529768,0.2
838,CCC(S)C=O,0.4736842215061188,531495,0.2
839,CCC(C=O)=CC=C[C@@H](C)C=CC(=O)OC1(COCC(C)Br)C=CC(Cl)=C1,0.2461538463830948,411929,0.2
840,CC=CC=C1C=CN2C=CNC[CH]c3ncccc3C=C2CC(COCF)CC1(F)F,0.2195121943950653,39321,0.2
841,CCN=CC1=C(C=COCC=CC(=O)OCC)CCC=CC=CN=CC(O)=N1,0.2916666567325592,403619,0.2
842,CCN1C[C@@H](C=C(C)N2C=CC(=O)C(C=CCC=O)=CO2)[C@@H](O)P1,0.21917808055877686,168299,0.2
843,C=C1NCC(CNC(F)F)C=C1CC=CCC1C=CC1,0.20000000298023224,338911,0.2
844,C=CC1[CH]C(CC=C(I)C=NNC=N)=C1,0.22641509771347046,550337,0.2
845,CC=CC(=N)NC1(C=C2C=CN=C2NC=C(O)NCC)CCC2=CN1CC2,0.19178082048892975,180159,0.15
846,C=C(C=CC=CC)C1=CC=COC2=CC(C)=NNC=CC21,0.18518517911434174,48689,0.15
847,CC=C1OC=CCC(O)C=CCN1C1C(Cl)=CC(C)=C[C@H]1N,0.21875,4574,0.2
848,CC(=O)NC1(N)C=CC(O)C(=O)C1=CC1=C(C)C=C2C(C)=NSC2CC1,0.21739129722118378,254362,0.2
849,CCNCC=CC[C@H](N=[N+]=[N-])C1=C(OC(=O)C=CC(C)=O)CNC=C1C=CC=O,0.25974026322364807,488671,0.2
850,COC(C=O)=C1CNC=CC=C(C)OCC=NN1,0.23076923191547394,196786,0.2
851,CC(O)C=C1CC2(CN1)C(=O)CC=CC=CC(CC=O)=CC2(C)C,0.2461538463830948,334509,0.2
852,N#CCC=CC1C[C]C=CC(F)=C(Cl)C1Oc1cccc(F)c1,0.3448275923728943,569818,0.2
853,C=CNC(Cl)(C=CNC(C)=O)CC=CSCC,0.3333333432674408,167146,0.2
854,COCOC=C1CCC=CC(COC=CC(Cl)C=C(C)C=CC=NCBr)C=C1F,0.20481927692890167,549795,0.2
855,CC(Cl)C(=O)OC(=O)N=C1C=CCC=N1,0.3414634168148041,436502,0.2
856,CC1=NC2C=C3OCC=CC(=CCNCC2=CC3Cl)C1,0.21666666865348816,438508,0.2
857,N#CC[CH]C(=O)CCCC1C=CC2=CC=C1[C@H]1COC(=C1C(O)O)C(N)O2,0.20779220759868622,531255,0.2
858,CCOC=C(F)C=NNC(Br)C(C)=O,0.380952388048172,336044,0.2
859,CCC=CC(Cl)=CN=C1C2ON3C=CNC4=C2CC(=CC#N)COC(=CC43)N1N,0.20408163964748383,338781,0.2
860,C[C@H]1C=CC2=C1C=C(Cl)C(COC1=COCCCOC(=O)C1)=CC[C@@H]2NO,0.2278480976819992,8951,0.2
861,C=COC=CC=CC(C=CC=CCl)C[CH]C(F)(F)F,0.20930232107639313,414427,0.2
862,Oc1cccc(COC=CC2=C(Cl)C=CCOC=CC(F)CC2)c1,0.3333333432674408,486433,0.2
863,C=CC(=O)C[CH]C12C=CC(=CC(=C)CC=CN=C1)CC2C,0.2295081913471222,322028,0.2
864,CC=CC1=CCC(C)(NO)CCC=C2C=CC(O)C2C=CC(F)=COC=C1C,0.23188406229019165,352366,0.2
865,CCC1=CNC2=CC=CC(C(=O)SC=C(C)ONC(=O)CC1C)N2C=NC,0.21739129722118378,126596,0.2
866,C=C1NC(=O)C2(F)C3=C(C=CC(N)Cl)N=CC=CC2COCC1=C(F)C=C3,0.19718310236930847,129988,0.15
867,C=CC(N)=CC=CC(C=O)C1=COC(=O)CC2NC=CC=C2C=C1C=CCC(C)=O,0.20652173459529877,151985,0.2
868,C=CC1=CC2=CC=C3OC=CC(=NC=CC1=CNC=C(F)C=COC)CC=C23,0.17721518874168396,132853,0.15
869,C=C1C(C)N=C(C=O)N1C(=O)C=C(F)C1=CCOC=C1C,0.2222222238779068,252331,0.2
870,CC1=CC2=C(CCl)C=COC2=CC=CC2(N)CC1C=CC2=S=O,0.2054794579744339,377402,0.2
871,CCOC(C)NC=CC(=O)COC(=O)N(CCN)COC(=O)C1N=NC=CC=C1CC,0.26744186878204346,117539,0.2
872,C#CC1[CH]CC=CC(C)=CCCOC2=CC=C(C1)OC(=O)NC2(C)N=CCCBr,0.19801980257034302,593474,0.15
873,OC1=CNN=CC(c2ccc(Cl)nc2)=COC2=CC(Cl)N3C(CC=C(F)C=C2)C13,0.24175824224948883,570335,0.2
874,CC=c1ccnccc2c(=O)c(c(=O)cc1)=C(C(C)N=CCN1C=CC=NC1)SC2,0.22340425848960876,567669,0.2
875,C=C1C[SH]2N=COC2C2COC3=NC(I)=COC3=CCC3=C2OC(=CCC)C3C=CC1C=O,0.17307692766189575,473474,0.15
876,CC=CCC1=CNC=C(C(CO)NC=CC(Br)=CC2=C(Cl)C=CC=CC2CN=CO)C1,0.1882352977991104,6847,0.15
877,CCOC1=CC=C(Cl)C=CC2=CC(=O)NC3=CC=CCC3(C=C[SH]1C(=O)OC)C(F)CC2,0.2584269642829895,292631,0.2
878,C=CC=CC=C1C2=CN(F)CCC3=C[N+]([CH]C4(F)[C@H]1CCC4(C)CCN3)CCCO2,0.20792078971862793,51159,0.2
879,CCC(=O)C=C(N)[C@@H]1C=CC(CC=CO)=C(C)N(F)C=C1,0.2857142984867096,251429,0.2
880,COC=CCCC(C=CC(N)C(=O)OSC=NC=C1N=NCCC=C1O)CBr,0.2195121943950653,474940,0.2
881,CCC1C=CC2=CC=NC#CC=CC(C[CH]C3C=CC=CC(C)C=CC(OC)=CCN3CNC1)C2,0.18367347121238708,505045,0.15
882,CN=C(C=O)NC(=O)C=CCC=CC(=O)C(C)=O,0.3235294222831726,444419,0.2
883,O=CC=C(F)C(F)=NC=C(C=NC=CC=CF)C=C1CCC=CO1,0.2545454502105713,525505,0.2
884,O=CN1C(=O)N2CCC1=CNC1C3C=C(CO2)C1(CO)C=CN3,0.20000000298023224,400416,0.2
885,COC=C[C]C[CH]CC[C@H](C#CC=C1C=CC[C@H](C)C1F)CO,0.20000000298023224,48200,0.2
886,CCC=C(C)ON=CNC1=CC=CC1OC=CC(F)=CC=CCCNC(C)C,0.20512820780277252,535672,0.2
887,CC=CCOCC(C)(CC1=NC([NH])C(CC[C](C=O)c2ccncc2C)=CC=C1)SCO,0.2531645596027374,386835,0.2
888,CCOC=C1N=C(OCN)C([CH]CC=CCC=C2C(C=CC=CI)=NCC23CN(C)ON3)C1=O,0.22093023359775543,286691,0.2
889,COC(F)(C#CCCOCC(=O)NSC=C(O)C1C(C(C)=CC(F)(F)F)=CC=CC1Cl)CC=N,0.20454545319080353,401420,0.2
890,CC=NC(=O)C=C1CC2CON=CCN1N1CC3=CC=C(C=CN32)C1CCC,0.21111111342906952,456236,0.2
891,C=C(C)C=CN=C(N)C=C(NCC(C#N)=CC1=CCN=CN1C(=O)N=NC)C(C)C=CCCl,0.19480518996715546,207599,0.15
892,C[CH]C(F)CF,0.22727273404598236,316534,0.2
893,C=C1C=CCC=COC(=CC=CC=CN(Cl)[C@@H](O)CSC=C(F)C=CC=CC(=O)OC)NC1C=O,0.22727273404598236,185928,0.2
894,CCC1(CO)C2=CC1C(C(C)=CC(=O)CCl)O[PH](=O)[C]2C,0.23880596458911896,152736,0.2
895,CC=CCC1(C)C=NNCC1=CC=CNCNN(O)C(=O)C=CC(O)CC,0.21176470816135406,63699,0.2
896,C=C(F)C=C1NC2C1=NC1=CN(CC1)OCCNC1C(=O)NCCC(=C1C=CC)N2Cl,0.20253165066242218,563453,0.2
897,CC(N)(F)C(C)(NC(=O)OC1C=COCCC1)OC(=O)C=CC=C=CO,0.2602739632129669,508344,0.2
898,CC1=CC2C(=CF)C=C(F)SC=CN=C12,0.20000000298023224,224027,0.2
899,CC(=O)CNCC[C@@H](COC(=O)C=CCI)NC(C)=CCF,0.3076923191547394,155935,0.2
900,CCC12C[C@@H](NC(=O)C(C)=CC(=O)C3=CC=C(C)C3(C)C1)C1=CNC2C(S)=C1,0.20512820780277252,170600,0.2
901,CCOC1=CC(Cl)=CC=CC(O)=C(C(C)(O)F)CC2C(=C(Br)C23C=CC=CC3)C=C1,0.27272728085517883,113655,0.2
902,C=CC1=NC(=O)CC=NN=CC([C]C)C(F)=CCS(=O)(=O)CN2N=CNC2C=C1,0.1860465109348297,565833,0.15
903,COC(C)CC1CC=CC=CCC=CC#CC2=CC=CC=CC2(CO)C=CO1,0.2222222238779068,30710,0.2
904,CCN1C=NC2=C(CC(=CNC)OCC[CH]CCNC=C2)C(=CC=NC)C(O)=C1,0.20224718749523163,302818,0.2
905,COC(=O)NC=NC1CC2CCOCP2ONC2=C(O)C=COC21,0.22535210847854614,602669,0.2
906,CC(CF)NCC(=O)C1=CC=CC=NC=CC=CCO1,0.25,508912,0.2
907,CC(O)C1(Br)C=C1F,0.37037035822868347,627021,0.2
908,CC1=CC(C)C(c2ccncc2[NH])=CC=CC(C)=C2C(=CN=CN(C)O)N=CC=CC=C12,0.21621622145175934,197522,0.2
909,O=C(C=CC=COC(=O)Cl)NC1=CCC(C2=NC=C(Br)CC2)C1,0.23880596458911896,527511,0.2
910,C=C1C=CCN=CN(C)C(=O)C(=CO)OC=CC1C#CC=CC1CC1=CC,0.19230769574642181,442057,0.15
911,CC=CNC=CC1(CCc2cocc2F)COCC(N)=CC(F)C1O,0.22077922523021698,150030,0.2
912,C=CC=C1CC=CC=C1N=CCO[C@H](C=CC)CCCC,0.27586206793785095,88762,0.2
913,COC1COCN(C=NC2=CC=C(F)C=C3C=CSC(C=C3)C(=O)C=C2)C1=O,0.22058823704719543,574791,0.2
914,CCOC(=O)C[C]1[CH]CC(=O)OC(C)=C[CH]C2=CC=C3C=C(C)C(C=O)=CC(O)C2(N1)N3,0.2800000011920929,368874,0.2
915,O=CCCc1ccccc1C=CCC=CNCNC(=O)NC=O,0.3877550959587097,298248,0.2
916,Cc1ccncc1C1=CC2OC1(F)COCCOC2=O,0.29487180709838867,256615,0.2
917,C[C@@H]1CC[C@H]2C(C[CH]C=O)=NOC[C@@H](C1)[C@H]2O,0.27586206793785095,12321,0.2
918,CCC1C(Cl)=CSCC12C=COCC1=CC=NN=CC(=CCC=O)C=CC=CC12N,0.18390804529190063,382802,0.15
919,COC=CC12CCN=CCC(F)(C=O)OCC=C1COCC2C(N)=O,0.2567567527294159,191879,0.2
920,CC(=CC=CC1=CCCOC(=O)CN1C(=O)OC=CC=CN1C(=O)CC1(O)C=O)CP(C)C,0.2142857164144516,22061,0.2
921,CC=NCC1C=CNNC(=O)C(CN)(CC=CC(C=CO)C2C=CCC=C2)COCC1,0.19587628543376923,344037,0.15
922,CCC=C(F)C(=O)O[CH]C[C@@H](C=O)CC,0.37837839126586914,517001,0.2
923,CCOC=COC1C[CH]CNC(=O)C2=C(F)[SH]3C=CC1(CC)[C@H](C3)C2=O,0.23376622796058655,527592,0.2
924,CCC1CNC(C=CC(O)=CC=CC2CCC=CC=CCCC2)CN=CC=C1C=S,0.20000000298023224,219861,0.2
925,C=CC=CC=CNC12C=C(C)C([C@@H](CN3CCNC4(NCC=C)CC3=CC=N4)N=N1)[C@@H]2C=O,0.18367347121238708,317580,0.15
926,CCOC=O,0.5555555820465088,532898,0.2
927,C=C(C)CCSCC(C=CC(Br)C(F)=CC(=O)NC(=O)NC(C)=N)=CCC[C]C,0.23170731961727142,197847,0.2
928,CC(CN=CC1=CCC(O)C=CC2C=C1C(=CC=CCN)c1cccc2c1)NC=O,0.23333333432674408,169784,0.2
929,CCC(C=CC1(O)CC=CC=CC2=NCC=C(Br)C21)c1ccccc1N=O,0.25333333015441895,235075,0.2
930,CC1=C(Cl)C=C(F)C(C(=O)[C](F)P)C([CH]O)N(C=O)C1=O,0.23333333432674408,219450,0.2
931,COC(=O)C1C2=CC3=CCCOC(=O)C(C=O)=C[C@@]14CC3(C)C=CC=C(F)C24,0.28947368264198303,212734,0.2
932,N#CCCCC=CC(C(N)=O)C(F)=C1C=CSC2=C(Cl)C=CCOCCOC1C2,0.22857142984867096,161251,0.2
933,CC1=C2NCC3=C1CNC(=O)OC=NC1=COCC4=CSC=C(C=CC1=C3)NC42,0.1875,66366,0.15
934,C=CCC(=CC=CSC=CC=CC(C)=CC(C)=O)NC=CCCF,0.2461538463830948,326218,0.2
935,C=COC(=O)[CH]CNC(=O)CCNC1=C2CC=CC(=CC=N1)NC=CCO2,0.25,425482,0.2
936,C=C1C=CC=CNCC(CO)(N=CC(=O)N(C)C=O)C(CF)=C1,0.2112676054239273,347013,0.2
937,CC(=CNCC(C)F)NCC(=CC1=CN[CH]CNCOC1)CF,0.18918919563293457,132545,0.15
938,O=CCl,0.2666666805744171,168821,0.2
939,CC=CCCCNC(=O)CC(C)=CC(=O)C=CF,0.41025641560554504,177954,0.2
940,CCOC=CNC=NCC=C[C](COC)OC(=O)C=C1CC(C)=CC=N1,0.2467532455921173,103126,0.2
941,CN1CC2N=CC1CCNC(=O)NC(=CC#N)C2CN=CC1C=CCN1,0.19540229439735413,88704,0.15
942,O=CNNCC=C1CC(CNCO)C(F)OC=C1NC=C1CNC=CC1=O,0.20253165066242218,45974,0.2
943,CCOCNC=CC(C=CO)=COc1cc(=O)nccc1COP(C)C,0.2638888955116272,141145,0.2
944,FC1(F)C=CNN=C1Cl,0.30000001192092896,579450,0.2
945,C=NC(=O)C=C(O)C=CNCCNC(C)=O,0.38461539149284363,136607,0.2
946,CC1(C=NC=CCNCC[C]C=C2NCC(=O)C3NC[C@]23C)CCC1,0.19354838132858276,142557,0.15
947,C=CCOCC(=O)C1(CC=N)Cc2occ1c2C([O-])=CNC(=O)SC,0.2698412835597992,572267,0.2
948,CNC=CC1=NC(O)C2=CN(C)CC=C(CCF)C(=C1)CC=CC=C2Cl,0.2023809552192688,179362,0.2
949,C#CC[C@H]1C=C2CC[C@H]2C=CC=NN1,0.2708333432674408,115074,0.2
950,CC(C)(N)N=CC1=CCCOC1=O,0.37837839126586914,555444,0.2
951,CC(C=CNC1=CC=CC(=O)CC(=CN=CC(=O)OC[CH]O)CO1)C(F)F,0.23999999463558197,419374,0.2
952,C=C(C[CH]C(=O)O)CPCC(F)C(Cl)C=CC=NC=C(O)C(F)F,0.21052631735801697,96251,0.2
953,CNCCC=CS(=O)(=O)C=O,0.3571428656578064,220694,0.2
954,FC1=COCCC2=C1OCCN=CC=CO2,0.22448979318141937,238830,0.2
955,NC1=C(Cl)N=CC=C(C=CO)NC2=CC[C@@H](C(O)C=CCCl)CC3C[C]4NC(=O)NC4[CH]C3C21,0.20952381193637848,445474,0.2
956,CC1C=NC=CCCC=C2C=CC=C3CC(C)(C=CC3C=N)C3(C=CC=C3)C(C2)OC1=S,0.18867924809455872,473757,0.15
957,CC(=O)NC1(C=CCBr)C=CSC=C2C=COCC2C[CH]C1,0.2278480976819992,567641,0.2
958,CCOC(N)CCC1C=CC(Cl)=CC=C1c1ncccc1C=C(O)OC,0.26582279801368713,430190,0.2
959,CN(C=O)CC[SH]1C=CC=NC1,0.3529411852359772,110859,0.2
960,CC=CCC=C1C=NN=C2C=C3CC=C(C(=CC)NC2=CO3)[C@@H](C[CH]C(=N)C(C)=CO)C=C1C,0.1666666716337204,88875,0.15
961,CC=CCCC(=O)C1=CC(Cl)=CC[C@@H]1COC=CCNOC=CC(=O)C=CC=CC[SH](C)[NH],0.2469135820865631,336657,0.2
962,CC1=CC=NC23CC(=O)C=CC(C[C@H]2C1=O)C(N)=CO3,0.2641509473323822,32914,0.2
963,C=C(O)CC(C(=CC(C)=O)C(F)(F)F)=C(C=CC)C(=O)NCCOCN,0.3035714328289032,13285,0.2
964,O=CNOC=C1NN=C(C=O)C2=CC(=O)C3OC=CC3(F)N(C=CC(=O)NN1)C2,0.1910112351179123,225248,0.15
965,CNC1=NC2=C(NC(C=O)=NC=N2)C(CCCO)=C(Br)NC=C(C)OC1,0.2432432472705841,19987,0.2
966,CCC=CC(F)=CCCC(=O)NC=C(C)OC1=CCN=CCC1,0.25806450843811035,490201,0.2
967,CC(=N)OCC=CC(=O)OCC=Cc1ccc(OC=C(I)C=CC=N)cn1,0.4166666567325592,27039,0.2
968,CC=NC(C)=CN=CC=CNN=C1C=CC=CCN1C(=O)C=CC1=CC=COC(=O)C1,0.20224718749523163,305262,0.2
969,CCOCC1=C(C)CC(=O)NC=CN(N)N=C(C(=O)CC)C(=O)OC=C1,0.2602739632129669,79656,0.2
970,[CH]CNCC1=CC=CC1,0.48148149251937866,61691,0.2
971,CC1CN(C=O)C=CN1N=C1C=CC2C1CC=CC=CN=C(O)S2=O,0.24657534062862396,476000,0.2
972,CC=C(F)C=CCOCS(=O)C(C)(C)C(O)(C=CC=CCCCCF)N(C)C[CH]/C=C/O,0.23076923191547394,130394,0.2
973,CCNC=C(F)[C@@H]1N=CC(=O)OC(C)C=CC12C=CC(O[CH]CC(C)=O)=C2,0.234375,382737,0.2
974,C#C,0.125,179760,0.1
975,CC=N[C]ON=C(F)C=CNC1(NC=O)OC1C(C)C=N,0.1764705926179886,144536,0.15
976,CC(O)CC=C1C=CC=CC2=C1OC=C1NC(=O)C=NC(CF)CC=CC1=N2,0.23999999463558197,93480,0.2
977,C=CCC1C(=O)OCC=CC(F)=C1C=CC#CC(=O)C=CNC,0.2539682686328888,334436,0.2
978,C#CCCNC1CCC2NC(=O)C=C(F)N=C(C=CN1C)S2=O,0.2469135820865631,330038,0.2
979,[CH]c1ccccc1C(=O)C=CC=C[C@@H](O)C1C[CH]C(O)C=CC=C(CS)C(=CC)OCC=N1,0.2210526317358017,184915,0.2
980,CC[C@@H]1CC=C(Cl)C2C(=CC(=O)O)C(Cl)=CCC=CCNCC(=O)C=CC2(O)C1,0.23749999701976776,54052,0.2
981,COCOC(=O)C=C(Br)C=CC(C)O,0.45945945382118225,42167,0.2
982,OC(C=CCl)=CC1C[C@H]2C=CC1=CC=CN2,0.2068965584039688,61353,0.2
983,[CH]C=C(C)C=CN=CC(=O)OC,0.375,172412,0.2
984,CNS(=O)(=O)N=C1C=NC(C)C(F)=C1,0.260869562625885,598671,0.2
985,C=C1CC=C(C)N=C(C=NCC[CH]C(=O)C2=CN=COC2CC(C)C(F)=CCOC)N1,0.20652173459529877,447844,0.2
986,CC1=CC2CCC=CC(C)=C2OC2(CCCC(C)=N1)CCSC(C)=CCNC2=O,0.22972972691059113,63733,0.2
987,O=C=COC=C1NC2CCN3C=C(SC2)C1=C(Cl)C=CN=CN3,0.2083333283662796,485002,0.2
988,C=CC=CC1OC2=NC=C(O)NCC1=NC(N)(C1=CC(C=NSC=CF)OC=C1C)C2,0.1666666716337204,87609,0.15
989,C=CC(Cl)=CCOC(=O)C1(F)CC(=O)C2=CC1=CC2OCC=CC,0.2638888955116272,594305,0.2
990,CC/C=C\[CH]C=C1C=C2C=NC3=C(C(C)=O)NC=C(C=C13)OCN2,0.2266666740179062,178892,0.2
991,COC(C)=C1C(C=CCC=CN)=C(C)Cc2cc(O)ccc21,0.3695652186870575,548109,0.2
992,CCNC(=O)CNC1C=CC2C=CN(C)N=CCC=CC3(C=CNC=C2C=C(Cl)C=C3)C=CNCNC1,0.2075471729040146,140467,0.2
993,O=CC1=CC(OC=CC2=CCC(C3NC(C=CBr)CCNC3=O)=C2)N=CNC=N1,0.20000000298023224,362815,0.2
994,COC(C)CNCC(=O)OCC=C(C)NC=O,0.574999988079071,255471,0.2
995,C#CC(=O)C1=C(C=CN=C(Br)C(C)=C2CC=C2Cl)C2=C(CC)CCCSC=NC=CC2=C1,0.18095238506793976,389492,0.15
996,CCCCC=CN(CCl)NCCNC(C)=O,0.43478259444236755,536337,0.2
997,CCNCC1=NC=C(Cl)CC=CC(O)C=C1F,0.2830188572406769,599029,0.2
998,CCN=CNC=c1ccccc1=C1C=CC=C1CNC=C1C=CC(N=O)C=C1O,0.2054794579744339,445230,0.2
999,CCC1=CC2=CC[SH](C(=O)C(C)=CN1)C(=C[CH]CC(=O)NC=CCCBr)[CH]CNC2=O,0.2054794579744339,588000,0.2
1000,CN(C=O)C1C=CNCCCCCC1,0.302325576543808,105412,0.2
1001,C=C1CC=CC=C(C=C2NC23CC=CN=CC3)N1,0.2857142984867096,586925,0.2
1002,CNC=CC#CC(N)=O,0.37931033968925476,307899,0.2
1003,CN=C1C2=C3NC(F)N4C=CC=CC=C(F)C3=CC1(NC=CC4)OCN=CC=CNC=C2,0.1818181872367859,232376,0.15
1004,CC(=O)[C@H](N)C=CC=NCCC(CF)=NCl,0.23999999463558197,161847,0.2
1005,CC(C)=C(C)C(=O)N[C]1C(C=O)=CC2=C1CC=CC(N)O2,0.23728813230991364,187952,0.2
1006,CS(=O)NCC=C(Br)N1P(C=CC=N)C1(O)[CH]CCN=C=O,0.20338982343673706,570810,0.2
1007,[C]CC1OC(=O)CC(C)(N[C@@H]2COC=CCC[N+](C)C([CH]NC(N)=O)C2)O1,0.23749999701976776,409841,0.2
1008,CCN1C2=CC3=C2C=CNC(=O)C1(C)C(C)=CCOC[CH]3,0.27272728085517883,24503,0.2
1009,C=CC(F)=CC=CC(NC=CC#CC)C(=O)NC#N,0.25925925374031067,604651,0.2
1010,CCC=C(F)C(C)=CC=CCl,0.3333333432674408,73941,0.2
1011,CC1=CC2=CC[C@H](C3=C(O)C=C[SH]3C=O)OC=C1C(F)C=C2,0.19354838132858276,516221,0.15
1012,C=C1OC=C(C)C=CCC(O)C2CCC3=CC2=CC3=C1C=CN1SC2=CC(=CC)C(=C2C)N1C,0.1651376187801361,59879,0.15
1013,C=CNNC=COCC(=O)CC(C=C(F)C(C)C(C)=O)NC(C=C)C(C)=O,0.27586206793785095,250927,0.2
1014,CCOC=CC1=CC(N)(CO)C1C=CC1=CCCc2ccccc2C1,0.30000001192092896,154727,0.2
1015,CNC(=O)C=CC=C1C=NC=CC=C1F,0.30000001192092896,126076,0.2
1016,CC=NC=CC1=C2CC=COC3C=Cc4cc(ccc4C)C(=CO2)C=C1OCC(F)OC3,0.19512194395065308,610200,0.15
1017,C=CCC1=CC(C2CC=CN=C2N)=CC(=CC=CC=CC)C=CC(C(F)(F)F)CC1,0.21739129722118378,171582,0.2
1018,CC1(C(=N)C=C(F)Cl)CN1,0.25641027092933655,516791,0.2
1019,C=CN=COC(=O)CC(N)=CN=CC=C(C)C(=C)O,0.26530611515045166,16973,0.2
1020,CC1SC(C=CC=NCCl)CC1=O,0.24444444477558136,485395,0.2
1021,CC(=CC(CC[SH](=O)=O)C(CC=CO)C(=O)NOC(=O)SC1C=CCCC1C)CC=CCl,0.21621622145175934,353111,0.2
1022,CCNC=NC=C1CC2=CCC(N1)C(C=C1C=C(Br)C=CO1)=CNC2=O,0.1910112351179123,543963,0.15
1023,C=COC(=O)O[C](C)C1=CCCC1,0.4324324429035187,356930,0.2
1024,CCC=CC=C(C=O)C=CC(C)CCl,0.3235294222831726,172797,0.2
1025,CNC(=O)O[CH]C[C@@H]1C(=O)c2cccc(Cl)c2C(=O)NC=CN1C,0.31578946113586426,311290,0.2
1026,CCN1C(=O)C2C=CC(CC1=CNC1=CNC=CC1=CC1=CC=CNC1)C(N)OC2,0.2142857164144516,147886,0.2
1027,C=CNC=CC=CSC=CC1NC(=O)C=C1CC=CCN=CC(O)CC(=O)OC(C)C,0.261904776096344,451892,0.2
1028,C=CC=CCNCC(F)=NCC(F)=CC1=COC(=O)CC1=CC(C)C,0.23333333432674408,384003,0.2
1029,CCSC=C(F)C=NCSC(C)(F)OC=CC=C(Cl)C(C)=N,0.1964285671710968,147768,0.15
1030,CCCC1=Cc2ccc3c(c2)C(=CC(N)CC1C)C1C(=O)C=CN=C1O3,0.22857142984867096,532730,0.2
1031,CC=CCNN(C=C(F)C(O)C=C1C=C(OCCC=O)C=C(CCl)CN1)CC,0.21875,189864,0.2
1032,COC(=O)C(C=C1C=C(F)N=CC1=N)C(C)(O)C=CC(C)C,0.2982456088066101,211351,0.2
1033,CC(=O)C=C1C=C2C=CC=C(C2)NC23C=C4OCC(C)(N[C@@H](C(C)=O)C142)N3,0.20588235557079315,62446,0.2
1034,[C]C=CCC=CC(=C)CI,0.2857142984867096,444419,0.2
1035,CC(=O)c1ccccc1OC(=CO)[SH]1CCOCC1,0.5,509041,0.2
1036,CC(C)C1C=NC23C(=C[CH]C(=O)N4C(=O)C(F)=CCCC=CC142)CC1=CC=CC13,0.20481927692890167,525114,0.2
1037,C=C(N)C=C(N)N[C@@H](C)COC1(C)C=COC1,0.25,315668,0.2
1038,C=C(O)C(Cl)(Cl)C(=S)CCOC=CCCOC1=CC(S[O-])C(=O)OCC1,0.24390244483947754,339606,0.2
1039,CC1C=C2C(=CC=CC(Cl)=CC=COO)C2CCN=C1S1=CC=C(CF)N=C1,0.18000000715255737,445474,0.15
1040,CC=C(Cl)CC=CCC(NCC(=O)C1=CC=CC=CC1C)OCC=CC(Cl)=CCS,0.20481927692890167,365080,0.2
1041,CC1Nc2ccncc2C=CN=CC2C=CC=CCNC1=CN=C2,0.3103448152542114,591355,0.2
1042,C=C1CC(=O)CC1=CCC=COCCNN(CNC=O)C1=NC=CC=COC1,0.19736842811107635,286071,0.15
1043,CC=CC1=CC2[CH]C(=O)NC(=CC1O)C(=O)CC(CC#N)[C@@H](C(=O)F)C2,0.2571428716182709,286412,0.2
1044,CC(=O)OCC=CCC1=CNC=C(F)C(O)C(=O)C(C)=CCOCCC1,0.29230770468711853,352191,0.2
1045,CC1(N)CC2C3=C1CC=CC1(C=CC(Cl)[CH]C(=O)CCCC32)OC=CC=C1O,0.2278480976819992,159443,0.2
1046,C=CC1CC(CC)=CCC2C=C(C3=C2CNC(=O)CC3NC(=O)O)S1(=O)=O,0.25806450843811035,261432,0.2
1047,C=C1CCC(=O)CC1[CH]CC(C)=O,0.3333333432674408,406965,0.2
1048,CC=C(F)C=C(F)CC(O)C(C=C=NO)=CC=C(C)CCOC(=O)C=C(Cl)C=CSCNC,0.22077922523021698,205827,0.2
1049,COC=C1C=C(C(C)F)NC2=C(CCN=C(N)C2=O)NC(C)=N1,0.23880596458911896,238555,0.2
1050,CCC(=O)OCC=C(CO)CSC1=CC(C)CC(=CN)CO1,0.2881355881690979,192186,0.2
1051,CNCOCC=CC=C(Br)NC=CC=N,0.2142857164144516,592955,0.2
1052,CCCCN(C)C=C1CC=CC[C](F)[C@@H](F)CC1C1=CC=CCC=C1,0.2666666805744171,88762,0.2
1053,O=CCOC=NC=CC12C=CCC=CC3=C(N1)C(=N2)OC3=O,0.22535210847854614,345762,0.2
1054,CC[CH]C[C@H](N)C(=O)C=C1C=CC=C1Cl,0.25,548664,0.2
1055,COC[CH]N=CC(C)=[SH]C1(F)C=C2CCC3C(O)=C(C=CC=CCO2)C=C(C1)NC3CN,0.1964285671710968,273164,0.15
1056,C=NC1C=CN=C2C=C1N1C=C[C@@H](O)CCC(=O)[CH]OCC[C@H]3C(C=CC)=CC(OC1)C23,0.19387754797935486,83474,0.15
1057,COC(=O)OCC=CC(=O)C=O,0.6538461446762085,549972,0.2
1058,C=C1CCNCC1C=COC1(C)CCC(C)=CC2=CCC(OC)NC1C(C)=C2C=N,0.1944444477558136,346827,0.15
1059,CCC(=O)N=COC12NCC(C)=CC1=NN=C2C=CC=O,0.2631579041481018,50911,0.2
1060,CC=C1C=CC2C=CC[CH]C(=C1C(F)=CCC=CC=O)S2,0.23636363446712494,296937,0.2
1061,CC(=N)C(N)C=CC=CC(=CC#CNCC1CC(C(C)F)C1)CC(=O)O,0.2222222238779068,602747,0.2
1062,C#CC=CC=CCCNC(F)F,0.28125,29149,0.2
1063,C=CN=NC(F)=NCC1=C(Cl)C(=CCC[C@H](C)O)C(CC=CCl)C=C1,0.24590164422988892,99196,0.2
1064,CNC1=CC=CC(N)(O)C2CNC=CC(N)=CC(O)CC=NC=C(CN=CCC1CO)C2,0.20202019810676575,613181,0.2
1065,C=CC=C(F)NCCCNOC(=O)NSCSC(N=COC)c1ccc(F)cn1,0.3239436745643616,609228,0.2
1066,CC[C@H]1C(C=O)=CCOC=C(SC)C=CC(Cl)OC=C2C=C21,0.2222222238779068,473474,0.2
1067,NCN=CCCC=C1N=C(F)C=CN1,0.19230769574642181,514184,0.15
1068,C=CC=NC(=O)CCC=CC1C2=C(Cl)OC34C=CCC=C(C(O)=CC(=O)C3=C[CH]CC)C1(C)CCN24,0.21590909361839294,604985,0.2
1069,O=CN=C1CC=CC=C1Br,0.3448275923728943,567984,0.2
1070,CC=C1CCSC2=C(C=O)C(C)(C=C1CC(N)=CCCC=CCCF)CCON=C2,0.2142857164144516,153404,0.2
1071,CCCCC=CNC1=CCOC=C1[N+](C)Br,0.3255814015865326,205742,0.2
1072,CC(Br)=CC(=O)NC=CC1(C)C=CCNC1=O,0.260869562625885,614652,0.2
1073,C=NC[CH]CC(F)(Cl)C=NC1NC=C(F)C(=CC)C1=O,0.20000000298023224,290751,0.2
1074,CC1OC=C(Cl)CO1,0.29729729890823364,75389,0.2
1075,C=CC1C2C=CCC3=CNCCC(C=CCC2)OOCC=CC(CF)N3C1C,0.20000000298023224,224867,0.2
1076,C=CC=C(C)C=CC1CNC=CC1=CC(=O)CC=CCC(=O)[C@@H]1ON1O,0.22093023359775543,355501,0.2
1077,CCC=CC1=C2C=CN=C(Cl)[SH]=C3C=C(C)C4(CC3=CC=C24)NC(C)(O)C=C(O)C=C1,0.1882352977991104,568623,0.15
1078,COC(C)=CC12[C]OC(C)=CC=CC3=C(CC=CSC)C(=C1)CC32NCC(C)O,0.19767442345619202,498316,0.15
1079,CCCC1=NC(=S)NCCC1O[C@@H](O)CC(C)=CCl,0.25,64303,0.2
1080,C=CC(O)(C#N)OC1=CC2=C(C3=CNC=CC3)C(C(F)=CC(=O)CN=C)=C1C2,0.2151898741722107,237866,0.2
1081,CC=CCC=CC(=O)C1=CCOC(=O)NC2=CC=CNC21,0.2535211145877838,327029,0.2
1082,C=CC(F)CNCC=C(C=CNC(=O)OC)CC(F)F,0.3181818127632141,266199,0.2
1083,CC(=O)C1=CC=C[CH]CC(=O)OC1C,0.2954545319080353,199875,0.2
1084,CC(CO)CCC1=NC=C1OCPC(=O)C=C1CCC2CNC[CH]C12,0.2222222238779068,433050,0.2
1085,CC=CC1=C(O)C=C2C(=CC3=CC(C=C4C=CC=C4)C(=N)C3=CC2OCC)C1,0.1927710771560669,445231,0.15
1086,CC1COC[C@@H](C(=O)CCl)C(C)(C)C=CSC1,0.3333333432674408,510707,0.2
1087,CC=CC=C(C)C1(COC=CNC=C(C=C(C)C)C(C)F)CC(=O)C=C(N)C(=O)O1,0.22891566157341003,111161,0.2
1088,CCCCOC=C1CC(C=NOCCCl)=CC=CNc2cscc21,0.23999999463558197,339544,0.2
1089,COC=NN=Cc1ccc[nH]1,0.43589743971824646,128127,0.2
1090,C=C1CCC=CC(Br)=CNC(F)=CNC(OC=CC)=COCC1,0.2142857164144516,256202,0.2
1091,COC=CC(C=O)=CC=C(S)C(=O)OCl,0.39393940567970276,236062,0.2
1092,CC=C(F)CC=CC=CCOCCNC1=NC1=CCCC,0.2631579041481018,629227,0.2
1093,CC1C[C@@H](CC=CC=C2NCCO[C@@H]2C)C(=O)NN1,0.3913043439388275,19241,0.2
1094,CC1=NCCNN=c2c3c(=O)c(c(n2C=CC=O)=CC=3Cl)=CC(C)C(=O)N1,0.2073170691728592,336887,0.2
1095,C[C](O)C(=O)C=C[C@@H](C)c1ncco1,0.28260868787765503,99131,0.2
1096,C[CH]C=C(CC(C)O)SCC1=CCCn2cc(O)occ3c1c2C(=O)C=C(C#N)C(=O)O3,0.2210526317358017,255995,0.2
1097,CC(=O)OCC=C(C)C(C)N,0.5555555820465088,522472,0.2
1098,CC(=O)N=CCOC(=O)N1C(F)=CC2=CC1=CC2N[C@@H]1C[CH]OC1C,0.2666666805744171,3234,0.2
1099,CC1=C(O)CC=CC=CC(=O)C(=O)C=CC12C=C(F)C=N2,0.2916666567325592,558191,0.2
1100,C#CC=CC(CCC1C=C=CC=C1)CS(Cl)=C1OC1NC(C)=O,0.2153846174478531,401969,0.2
1101,CCC1C=CN=CC2=NCC(=CCCOC(=O)NC(C)C=CCl)C(=O)CN1N2,0.2530120611190796,273865,0.2
1102,C=CC=CC(N)=C[C](CN[CH][C@@H]1OC=NC(=CC=C2CC2OC=CC(=O)[CH]F)C1C=O)OCC,0.23404255509376526,426006,0.2
1103,O=C1C=C(F)C=CC(=C2C=C(Br)C=COCOCCC(O)=C(Cl)/C=C\2)CCC1,0.24561403691768646,97350,0.2
1104,CC1=CN(C(C)CC[CH]C(=O)OCC(N)=CC#N)CC=CCN2C=CC=C1N2,0.23529411852359772,117051,0.2
1105,COC(=O)CCl,0.6000000238418579,322463,0.2
1106,CCC=CC1=CC=CNC1=CNC(C)(O)CC,0.2857142984867096,568252,0.2
1107,C=CCC1C=C(C(C)(C)CC)C(C#CO)C=C1F,0.2549019753932953,363647,0.2
1108,CC=COC(F)=CNC1=COC(F)=CCC(=CNCCC2=CO2)O1,0.2054794579744339,182012,0.2
1109,CCC=C(N)N=COC=CNCC=CC(C=CC=NOC)C(=N)C=O,0.2153846174478531,370969,0.2
1110,CCC(=O)c1ccccc1N=CC(=O)OC=CC(C)=CCC=CC(C)=O,0.3333333432674408,238194,0.2
1111,CCC=CC[SH]1C[C@@]2(C[CH]N=CC2=CN=C(C)C=CNC(=O)OC=CN(C)C)C1C,0.23170731961727142,297136,0.2
1112,CCOC(C)=C(O)C=CC=NC12CCCC1NC=CC(C)=C(CCF)C=C2NC=O,0.25882354378700256,583911,0.2
1113,C=CNC(=O)C(OCNC(=O)[CH][C@H]1C[CH][C](C)N2CC=C(Cl)C=C2CCSC1)C(C)=O,0.2235294133424759,188396,0.2
1114,CC1OC=COC2(O)C3=C1[C@H](C)[C@@H](F)C(CC(=O)NCPC=C(F)C=CCC2S)C3,0.20430107414722443,389189,0.2
1115,C=Nc1cc2cccnc2cc1C=CNCC1C=CCN1C[C@@H](C)O,0.3181818127632141,541005,0.2
1116,CC=CC=CC(C=CBr)=COC(=O)C1COCC1=CC,0.30909091234207153,100839,0.2
1117,CC(C=O)NC1=NOC1,0.3333333432674408,495145,0.2
1118,CC(=N)C=CCC1=NC=CC1=CC1=CNC(O)=CC(ON)=C1,0.1818181872367859,97716,0.15
1119,CCOC=C1C=C2CC=CCC(O)NCC3=CCC=C(C=CC(=C3N)C=CC=CC1)SC2,0.19480518996715546,570802,0.15
1120,CC1C=CCNC(=O)[CH]CC(F)(C=CCC#N)C(COC=C(Cl)C2=CCCN2)=CCCO1,0.2151898741722107,176852,0.2
1121,N=C1CC(S)=CC=CC(Br)=CN(F)C(=O)NCOCCC1=CSC(CNO)=NC=NC=O,0.18446601927280426,570253,0.15
1122,C[C@H]1CC2=NS(=O)C3C(=N1)C=CCOC3[CH]C(N)=C2,0.23636363446712494,351040,0.2
1123,C=CC=CC1=C(C)N(CNC=CC(=N)CC=COC)CC=CC=C1,0.2142857164144516,438832,0.2
1124,CNC(C=O)COCC1=CC=CNc2cccc(C(Cl)=C(Cl)CC=COC)c21,0.27419355511665344,408975,0.2
1125,C=CC(F)(F)CN1C=C2C=CN=CN3CCOC=CC(=O)[CH]c4ncc1n4OC=CC23,0.2151898741722107,8759,0.2
1126,Cc1[nH]c(=O)cc2c1C=C(Cl)C=CCc1ccccc1C=CCC(=CSOCS(C)=O)C2,0.2857142984867096,451381,0.2
1127,CCCC12C=CSC[C@H](N=CC=C(OC=C3CN3C)C1)N2,0.20000000298023224,547330,0.2
1128,CCC=NC(=O)C(C=O)NOCC(F)CC(N)OCC,0.27450981736183167,521491,0.2
1129,CC=C[C@@H](Cl)N1O[C@@]1(C)CCc1cccc(O)c1C(=O)C(N)C=CCC,0.28333333134651184,500354,0.2
1130,CCCC=C1CC=CC=CC=CC1=CCNC1=C(C(C)=O)[SH]1CC=C(N)C#N,0.2631579041481018,188691,0.2
1131,CC#CCCC=C1c2c(COCC=NC)cccc2SC=CC(CC)O[CH]CC1C(C)=O,0.22448979318141937,521754,0.2
1132,CC=CN(Cl)C=C1C=CC(Cl)[CH]N(C)C(=O)C=CC1(CC(=S)OC)OC,0.20000000298023224,615393,0.2
1133,C[C@@]1(O)CN1,0.46666666865348816,10965,0.2
1134,CCC=COc1ccnc(I)c1NC1=C[C@H](S)CCSCC1OC(C)C(C)=O,0.26744186878204346,530125,0.2
1135,CCC[C](C=O)C=CC(C)=C1[CH]NC[C@]2(C)CC(S)C3=CC=NC=CC312,0.2638888955116272,415709,0.2
1136,CCC1=C2[C]CC=C(Br)C(C=N1)N(CC=CN)C(C)C1C=CCN(C1)C21C=CC1,0.17525772750377655,236807,0.15
1137,COC1(C)C=CC=C(N2C=CC(N)=NC(CO)=N2)O1,0.2461538463830948,512141,0.2
1138,CC(=O)C=CC=CC(=O)CCN(C)C,0.4333333373069763,68616,0.2
1139,CCCC(C)C=CC(CN1C=NC=C(CF)O1)=[N+](C)C,0.3076923191547394,376199,0.2
1140,C=CC=CN=C1C=CCC2=CC(=CNCCO)C=CC3C1=CC=CSC=C(N)C=C3N2C=CC=CCl,0.16379310190677643,509265,0.15
1141,C=CC=CCC(N)=COCCN=N[C@@H]1CC=CCC(CBr)O1,0.21153846383094788,354443,0.2
1142,CC1(C)CCOC=C2CCN=[N+]2C=CNC=CC=C(Cl)C(=O)C(N)S1,0.2133333384990692,100141,0.2
1143,COC(C=CCCC=NCN1CC=C(N)CCC1)=CC(C)=CC=NCCOC=N,0.2150537669658661,21033,0.2
1144,CC=CNC1=C(O)C=CC[C@@H]1CNCC1CN1OCC=O,0.2222222238779068,473675,0.2
1145,C=C(OC)C(=O)C(C=N)OC,0.3333333432674408,11593,0.2
1146,CC=CC1=C(C)C1OC(=O)CNC=NC=C(C[P+]([O-])=CC=C(CC)CC1=CC=NOC1)OC,0.2142857164144516,440350,0.2
1147,C=CC=CC1C=C(I)C=C2C(CC)=CC(C(F)=COC=CC#N)N21,0.21311475336551666,330514,0.2
1148,CC=C1CC(C)=CC(=O)C=CNCC2=C[CH]CC=C2C=C(F)C1=O,0.23076923191547394,288653,0.2
1149,C=CCCCCC(O)OC1=NC=C2NC(C)=C(CC)CC2OC1,0.27941176295280457,295219,0.2
1150,CCN(C(=O)OC(C)C=C(C)C(=O)CCCC=C1C=CC(I)=C1)C(Br)=COC(C)=O,0.2461538463830948,5728,0.2
1151,CC1=C2C=CN(N=C[SH]2C)C2C=CC=C3CSCCC(C#N)=C2C=NN31,0.20481927692890167,393421,0.2
1152,CCC1CC2(C(C)O)N=CCCC=COC1C2C,0.260869562625885,46968,0.2
1153,O=CCNCC(C=CC#CNF)=NCC(O)F,0.2222222238779068,172952,0.2
1154,C=C1OC=CC1C1=C(N=CC)C(CC)=COCC(CN=C2C=CC(=O)C=C2C)C=C1,0.21917808055877686,78153,0.2
1155,CC=CC=C(O)C=CCOC1=CCC=C(N[C@H](O)C=CC=O)C(=C=NC)C=C1,0.21794871985912323,76783,0.2
1156,FC1=NCC(NC=CC=NC=CC=C2C=CC=CC=C2Cl)=C1,0.1666666716337204,360353,0.15
1157,CCN=CC(N)=NC12CCCCC[C@]1(C)CN=COC=C(C(O)(CC)OCC)CO2,0.2222222238779068,267897,0.2
1158,CN=C=CC1=CCN=CC(C)CC=NC(F)=C(F)CC=CC(Br)CC=C1,0.17391304671764374,314706,0.15
1159,CC1CC=CN1C#CCF,0.25581395626068115,11569,0.2
1160,CC=CCCOC(CC)(CCC=CCCC(C)=O)SC1(C)C=CC(=CCCSC)N1CN,0.2461538463830948,106941,0.2
1161,C=CC=CC=CC(=CN=CC(=O)NN(CO)CC=O)C1=COC=C(C=C)C2=CC(F)CC12,0.18571428954601288,540567,0.15
1162,C[C@H]1CC(Cl)=C(N=NCC(Cl)(C=NC=CC#N)CO)C1=N,0.22857142984867096,522614,0.2
1163,C=CC=C1[CH][C@H](F)CC2C=C3CNC[C@@H]4C(C)=COC14C=C3C(C=COCC)C=N2,0.19767442345619202,74828,0.15
1164,CC(C)C=CC=CC=C1C=CC(F)=NO1,0.25,165777,0.2
1165,CCCC=C1CCC=C(C=O)C1,0.37142857909202576,415710,0.2
1166,CC=C1C2=CCC(C=O)COC(Br)C(=O)NC12,0.2916666567325592,485830,0.2
1167,C=C1N=CC(N)=CC=NC(NC)=CNC2C=C(C=CO1)C(=CC)CC=CC=CC2,0.16249999403953552,497775,0.15
1168,CC=NC=C([CH]CC1=C2CC=CC3=CC=COC3C=CC=CCC=CC1=CCO2)N1CC(C)(C)SC1=O,0.26582279801368713,516121,0.2
1169,CC(=CNF)NC[CH]NC(OC=CN)=C(CC=C=O)NC=N,0.18965516984462738,507538,0.15
1170,CC1=CCC2=C3C4=CCC3=CCC(=O)N[SH](=O)(C1=C2)C(N)CCC=C4,0.22413793206214905,26205,0.2
1171,CCCC(C)OCC=Cc1cccc2c(=O)cc-2n(C(=O)CC(C)=O)c1,0.3478260934352875,195342,0.2
1172,O=C(C=CC=C1C=CCOC1)C1COC(=CC=CO)C(F)=C1I,0.24528302252292633,67302,0.2
1173,CCOC(=O)OCN=C1C=C(F)C=CC2C(N)S(=O)C2C=CC1,0.2698412835597992,81960,0.2
1174,CC=CSC(C[CH]CC=O)NC1=C(N=C=O)C1OC,0.24242424964904785,238173,0.2
1175,C=CC1=COc2c[nH]cc2C2=C(C=CC(=O)CC)C(C=CC(F)=CC=O)OC[CH]C1=CNC2,0.2235294133424759,100218,0.2
1176,C=CCc1ccccc1CS(=O)CCOC(=O)CCCC(=O)CN1CC(=O)C1=O,0.3166666626930237,218932,0.2
1177,C=CCC(CC)C1(C)NC2=CN[C@H]3CC(=O)CO[C]3OC3C(=O)C(Br)=CC[CH]C1(CO2)C3O,0.2210526317358017,143623,0.2
1178,C=CC1(C2OC=C(C)C=C(C(=O)OCC)c3ccc(N[NH])cc3CC=C2CO)CC=NC1,0.2777777910232544,215901,0.2
1179,CN=C(NC=CC=CBr)C1=C(O)c2ccc3c4cc(N)c(cc2-3)[CH]O[CH]CCOC=CN14,0.1808510571718216,532966,0.15
1180,O=C1C=CN2C(=O)N=CC=CC(Cl)=CC1=CC2=CCO,0.23333333432674408,307152,0.2
1181,CCC1=C(F)OC(=O)C=CC(NC)=CNC=C1,0.24444444477558136,401609,0.2
1182,COCCN=CC[C@@](C)(N)C=CC(=O)N(C)C=O,0.290909081697464,578333,0.2
1183,C=CCC=C(C)[CH]CC=CC[CH][C@H](C=C)CF,0.37837839126586914,352245,0.2
1184,CCC1CC(=O)CC=CCOC=CC2C(=O)CC2=Cc2nccnc2C[C]1CNC(C)=CN,0.21568627655506134,618775,0.2
1185,CC1=CNS(=O)(=O)NC2=CC=CC2C(C)=CC(O)=C(C)C(=S)C(N)=N1,0.22033898532390594,189257,0.2
1186,C=C(Cl)C=C(F)SN=CC=CNC(=O)CC=C1NCc2cnccc2[C]1CC,0.25333333015441895,288231,0.2
1187,CC(=O)CNC[C@@H](C)COCC(=CC=CN=CNCOC(=O)CC1=CCNC1)NCl,0.2763157784938812,217839,0.2
1188,C=CCC=C1COC=C(C)CCC=C(CO)N=CC1=CC=CC(N)CCCC,0.232876718044281,168050,0.2
1189,C=CN=C1C=CC=C(F)C=CC(=C(N)SN=C[CH]COC(C)C)C=C1,0.22641509771347046,53019,0.2
1190,CC=CN=C(Cl)C(CNc1ccccc1)NC1=C=CC=C1,0.3529411852359772,84654,0.2
1191,COC=C([CH]CNC=CO)C1CC=CN1C[C](O)C(=O)SCC=C(C=O)C1=CC=C[SH]1C,0.19767442345619202,430494,0.15
1192,C=CCOC1=C2CNC=CC23OCC=CC(=O)C(CC=CC=C1)CC=C(N)N=C3CC=O,0.2266666740179062,621923,0.2
1193,CC(=O)N(C)CC=C1CC=CN=C(C)C(=O)NCC1,0.29032257199287415,119851,0.2
1194,CCOC(C)CNCC(=O)OCCCCO,0.5249999761581421,255471,0.2
1195,COC(=O)[C]1CSC=C1NC=C(F)C=C[SH]1C[C]1OC(=O)O,0.25,49087,0.2
1196,Cc1cc(F)ccc1NC=CNC1=CN=CC=CC=CC1,0.3695652186870575,9104,0.2
1197,CCOC(=O)C=CC=C1C(=O)C=C(O)C=C(O)N=CC(C#N)=CC=C1C=NC1=C(CO)C=C1,0.26923078298568726,499097,0.2
1198,CCNC(C)COC=CC(C=CC(O)(F)NC)OC,0.2666666805744171,479547,0.2
1199,CCC1(C(C=CC=CC(O)CC=O)N=CN=[N+]=[N-])CCOC=C(Cl)C=CC=C1F,0.2235294133424759,160249,0.2
1200,N#CC=CCCC(O)=CCN1C=CC=CC(F)C2=CNC1=CCOCC=CC#C2,0.2164948433637619,313727,0.2
1201,C=CC=C(C)C=NC(=O)CN=N[C@H]1COC(C(NC=C(F)SCCCC)C(C)=O)N=C1Cl,0.23076923191547394,34953,0.2
1202,CC=NCC1=CC=C(C2=C(C(C)=O)C2CC2=CNC=C(COC=C(C)F)C2C)C(C)C(=O)N1,0.20000000298023224,413959,0.2
1203,CC1C=CC(COC=CC=C(C=O)CC=C(Cl)Br)=C1/C=N/O,0.2153846174478531,372827,0.2
1204,N=C(C=NOC=O)C[CH]COCC=CN,0.20000000298023224,511744,0.2
1205,CC(=COC(=O)N1C(F)=CC2=CCC(=O)C1SC=C2O)CN=O,0.26153847575187683,332278,0.2
1206,CN(CNN=CCCOCC(F)F)[C@@H](Br)C(=O)F,0.2888889014720917,172006,0.2
1207,CCOC(C)C(=O)C(O)(C=CN=CCCC#N)COC=O,0.29230770468711853,571699,0.2
1208,CCO[C@H](C=CNCN=C1CCCOC(=O)C[CH]C(=N)C=N1)NCC=CNC=C1C=CC(C)=C1,0.20000000298023224,393992,0.2
1209,CCC[C@@H](F)NCCN(C)O[N+]=[N-],0.25,621852,0.2
1210,CNC=Cc1c(C=O)cccc1OC,0.5454545617103577,182560,0.2
1211,COC(=O)CNCNC(=O)C1NC(F)=CCC2CNC(=O)CN=CC=CC=C(O)C=CC2N1,0.25641027092933655,241653,0.2
1212,CCCC(N)C(=O)N=C[C]C(=O)C(C=COC=CCl)OCN=CF,0.2586206793785095,164387,0.2
1213,C=CC=CC1=CC(F)=CC=CC1(Cl)C1=CN=COC1C1=CCN=C1,0.17105263471603394,560240,0.15
1214,CC1=CN(C=CN=CC(N)C#CF)N=[SH]1=O,0.18571428954601288,433261,0.15
1215,COCOC1=CC=C(Cl)C2CCNCCC(C)(CF)C(CO)NC12,0.27586206793785095,468765,0.2
1216,CC(N)(F)CN1C=CC2=COC=NC=C[C@H](OCC=CC=O)CC=CC1OCC=C2,0.1927710771560669,443164,0.15
1217,CCOCCC1C=C2C3=CC=C2SC(C=O)=CC=CCCOCOCN1N=CC(C)[C@@H](C)C3,0.2195121943950653,114872,0.2
1218,C=CCC=CCC1N=CC=CCC=C(NCC#N)C(C(=O)N(C)C(F)F)=C1C,0.22727273404598236,221428,0.2
1219,C=CC(O)=CCC(=CONC=CC(Cl)=CNC(=O)OC)OCCCC(=N)C=CN(C)O,0.22535210847854614,240664,0.2
1220,Cc1cnccc1CC(C)(Cl)C=CC=CF,0.4146341383457184,136535,0.2
1221,C=CCOCC=C(Cl)NCCCC1(F)ON=CC(=O)N1C1=CC=CC1CC(C)=O,0.2298850566148758,84282,0.2
1222,COCC=CCNC=C1C=CC2C=CC=C(CSCNC=O)C2=CCC2=COC1C(OC)=CC=C2,0.21111111342906952,223486,0.2
1223,CC1CC2NC=C[C@H]3CC(=O)N(C=C[SH]1C3)CC(=O)C=CC2=O,0.22727273404598236,505682,0.2
1224,CN=NC(=O)N1C=CC2(F)CN1COC=CC(C)=NC(C)=CO2,0.22972972691059113,261010,0.2
1225,CCc1coc(COC=C(Cl)C(C=CC=CN)CCOC2=CC=C(CCl)C(I)=CC2)n1,0.1975308656692505,302561,0.15
1226,C=CC1=CC=CN2N=CC=CC(Br)=C12,0.21276596188545227,492538,0.2
1227,CC=CC(O)(NF)N(C=C(C)C=COC)C[CH]Cl,0.25,21919,0.2
1228,CCOC=CCC=CCN,0.5,18767,0.2
1229,C=CCCOC(C=CC=C(C)C#N)NC=C(CN1C=CC=C(C(F)(F)F)C1CC=CO)OC,0.23364485800266266,341041,0.2
1230,CNC1=CN=CNCC=CCO[C@H](C)NC1=CC=CC(C)=O,0.2535211145877838,479612,0.2
1231,CC=C(F)C=CCC(=NO)NC1=CNCCOCCC(=O)C1,0.23728813230991364,61851,0.2
1232,[C]C(=O)C1C2=CC3=CC(=O)NC=C(C=CC)C3=CN/C1=C\C(=CCCC)CCOCC2=N,0.20224718749523163,106638,0.2
1233,CC1C=C2/C=C/C=NC(=O)CC(=CCCC2)C(NC=O)CC(=O)C1,0.23943662643432617,617011,0.2
1234,CC=C(F)C=CC(F)=C1C=CC2(C=C1C)CCO2,0.23404255509376526,145740,0.2
1235,C=C(Cl)C1=CC(O)=CC(=CC(=O)C=NC=CC=CN)COCC(N(F)C(C=O)COC)C1=CS,0.21153846383094788,288673,0.2
1236,CCNC=CC(C)OC1CN(C)C1C=CC(N)=O,0.32692307233810425,443547,0.2
1237,CC(C)(C)F,0.4545454680919647,445204,0.2
1238,CC1=CCC(C)(F)C2Oc3c4cccc3[C@H]2[CH]CNC1=NC=CC4=O,0.25,284187,0.2
1239,CC=C1C=CC2=COC(=C[CH]C(C=CC=CC(C)(O)F)=CC=COCC2)C=CC=C(NC(C)=O)OC1,0.21686747670173645,35081,0.2
1240,CCCC=CN(C(=O)O)C(C)N1CC=CC(Br)=CC1,0.290909081697464,330525,0.2
1241,CNC(=O)CC=C1C(C=O)=CNC(=O)C2=CC1C=C2F,0.25,204912,0.2
1242,CCNC(=O)C=CC1=C(N)C2(C=CC=CN=C(C)SCC(=CCN)C=CO2)N(C)C1,0.25882354378700256,294487,0.2
1243,C=CC(=O)OC=C(C)C=CC=C1OC=C(Cl)C=C(C)C2=CNC(=O)[C@H]12,0.2295081913471222,557030,0.2
1244,CCOC=C(Cl)[CH]C[CH]OCC(=O)[C]=O,0.3255814015865326,334557,0.2
1245,CC=C(Br)C=CC(C#N)C=COC(=O)CC=CNCC,0.25999999046325684,308680,0.2
1246,C=C1CC2CC(CNC(C)=C1CC=CCC)N=CCC2=C(C)OC,0.2602739632129669,234914,0.2
1247,COCC=C(O)CC(=O)NC=O,0.46666666865348816,258864,0.2
1248,C=CC=NC(F)=CC=CN=C(N)C=CC1OCN(C)C1C,0.21666666865348816,546088,0.2
1249,CC1=COC(=O)NN(C=CC=CC=CC=CC23C=CC(C=O)C(O2)[C@@H]3C)C(C)C=CN1,0.1944444477558136,553381,0.15
1250,CC(O)=C1C=CC2=CC3=C1C(Cl)[C]3OC2,0.22033898532390594,613416,0.2
1251,CC=CC=CC(=O)N(O)C(C)F,0.46875,412362,0.2
1252,CCCCC1=CC2=CN(C)CN1CN(C(N)=O)NC#Cc1cccc(OC)ccc(Cl)c2c1,0.2857142984867096,405043,0.2
1253,O=CF,0.2857142984867096,369953,0.2
1254,O=C1NC=CC=CCCC(CO)N1,0.4054054021835327,130070,0.2
1255,C=C(C)C=C(CF)NC=CCl,0.3103448152542114,205820,0.2
1256,C#CNN=CCC=CC(O)=CC=C,0.2380952388048172,360494,0.2
1257,C[C@H]1[C]CC#CC2(C=CC=NC=C(O)C(=CCOC=O)N=CO1)CCC2,0.20930232107639313,444958,0.2
1258,CON(CC=CC=CC(=CCl)CN1OCC1=O)C1=NOCC(Cl)P1C=O,0.20930232107639313,167708,0.2
1259,CNC1OC1C=CC(F)=CN=CN1C=C(F)CC=CNCC1,0.190476194024086,41319,0.15
1260,CC=CC1C=CCOC(C)C=CC=CCN=CNCON=CC(=O)N1,0.2112676054239273,443164,0.2
1261,CC(NOC(=O)C=CC=O)C1C=C[C@H](OCC=O)OCC[C@@H]1C,0.2931034564971924,568657,0.2
1262,CNC=CC=C(CC(=O)C1C2=CC(OC)C=C(Br)N1CC2F)SN,0.2405063360929489,527628,0.2
1263,C=CC(O)=C1N[CH]C(NC)C=NN=CC=CC(Cl)=CC(=NC=CC)C=C(F)C=C1Cl,0.18888889253139496,380099,0.15
1264,CC1=CC(C(=O)O)=CSC(C=O)C(Cl)=CC1,0.2916666567325592,540024,0.2
1265,CC1=CC=CCC=C(C)C=CNC2=CC(CC=CC(F)=CCOC2)OCC(Cl)=C1,0.22033898532390594,212367,0.2
1266,CNC1=C[C@@H](O)CN1CC=CCC(=O)C1=CC=CC=C(C)CSCC(=O)CN1,0.2151898741722107,19891,0.2
1267,COCCOC[C]NC(F)C=CC=CC=CC(=O)[CH]F,0.30434781312942505,602765,0.2
1268,CCCCNC(=O)C1=CC=COC(C=CO)=CCC1=CC=NC(=N)SNC(=O)CC=NNCCC,0.2298850566148758,577983,0.2
1269,C=CC=CC=CC=CN1CN1,0.2857142984867096,540567,0.2
1270,C=CN=CNc1cc(Cl)ccc1CCC=CCC(N)=CCN=S(N)C(=O)NC,0.27397260069847107,560275,0.2
1271,CC1CC2(N)C[CH]COC[C@H]1C(Cl)[C](C=C1C=CC(Cl)=C1)C2,0.19117647409439087,10507,0.15
1272,CCOC(=O)C(N)=CC=CC[CH]C[C@@H](OC=C(C)OCC(C)C)OCCN,0.31147539615631104,266317,0.2
1273,N#CNC(=O)C1OC1NC=O,0.2857142984867096,588387,0.2
1274,CC#CC(C)[C@@H](O)C(=O)C(=NCC)OCC(=O)CNCC#CCOC(F)F,0.24193547666072845,43148,0.2
1275,CCCCC=CC=NC(=CCC1=CO[C@H]2[C](S)NC2[CH]C1)c1ccccc1F,0.27142858505249023,248603,0.2
1276,C#CC[C@H]1CC=C(C=CCC)C(=CC=CN(Cl)CC=O)C1=O,0.2542372941970825,115074,0.2
1277,C=CCN1C[C@H](O)CC=NC=CC(Cl)=C2C(=CCOC2=CC)CC=CN=CC1=O,0.24418604373931885,341836,0.2
1278,CCC=CNCC1(C[CH]CN(C)C(=O)CO)C=CCN1,0.2539682686328888,75256,0.2
1279,N=CC(F)=CC1=C2CC(=O)C2=C1,0.20930232107639313,170910,0.2
1280,CC=CC=CC(CCC(=Cc1ncc(CN)cc1F)OC=CN1NC[C@H](C)C1=C=O)COC(N)=O,0.24752475321292877,437433,0.2
1281,CCSC=CC1=CC=CCC1N1C(NC)=NCC(C(=O)C2=CCCOC(C)=C2)C1O,0.2183908075094223,466367,0.2
1282,C=CC=NC(=CN=CC=CCOCC1=CC(F)=CCC2C=CCC12)CO,0.21621622145175934,481110,0.2
1283,O=C1CC(NO)=C2C=C12,0.22857142984867096,7015,0.2
1284,C=C1C=CNCC=C1F,0.2666666805744171,288653,0.2
1285,COC1=NC=CC=CC=CC(C)CC=COC(CC=CC(C)=O)=CC=CC(C)(Cl)C=C1,0.25,438347,0.2
1286,CC=CC1=C2C=CC=C(C3=C4CC=C(C=C3)C(C=O)C=CN4)COCC(=O)C[C@@H](C)OC12,0.20895522832870483,205985,0.2
1287,N=C(N)C=CC(O)CN=[SH]C(Br)=C1C(O)C=CN1COC=CC=O,0.20000000298023224,272821,0.2
1288,CCCC=C(N)C=CC=CC=NNCN(C)[PH](=O)COC(N)=O,0.2857142984867096,336501,0.2
1289,Nc1ccnc(C(=O)OO)c1-c1c2ccc3c1C(=O)C(=CN2)C=C(F)C=C3,0.2769230902194977,359159,0.2
1290,CONC(=O)NC=C1CCC1OCCC=CCCOC1=CC(F)=CCC=CCC1,0.25,332200,0.2
1291,N#CC=CC=NC1C2=C1C(=O)COCC1=C(CC3=CC=COC3C1CC#N)N2,0.24444444477558136,228278,0.2
1292,Cn1cccnc(=O)occ1C(O)(F)CCF,0.3636363744735718,537078,0.2
1293,CC(=O)COCCC1=CC=CN(O)C(=O)[C@H](C)[CH]CC=C1N[C@H]1C=C[C@H](O)CC[C]C1,0.23170731961727142,598407,0.2
1294,O=CCC=CN=CC(C=O)=CCO,0.2647058963775635,154615,0.2
1295,CC[CH]C(=O)NC[C@H]1C=C=CC=C1C=CC=NC=CCl,0.22535210847854614,617432,0.2
1296,O=C1C=CC2=CN(F)C(NC1)OC(=O)C2CC=CCC=NC(=O)OCF,0.2235294133424759,565151,0.2
1297,[N-]C=C1C=CC=C1C1[CH]CC2C=CC1CC(C=CCCC(F)(F)F)O2,0.20338982343673706,585038,0.2
1298,CCCC1=CNCC(Cl)=CC(N2C(=O)C=CCC2(C)CCC=NO)C1,0.2537313401699066,462964,0.2
1299,C[C@H]1C2C3=CC4=C(Cl)C=C(F)C=NC4NCC24CC3C=NN1C4,0.2151898741722107,117258,0.2
1300,BrCOC1C=CC=CC1,0.2857142984867096,286118,0.2
1301,CC=CC=CC=C1CCc2cc(F)cn2C(=O)[C@H]1C,0.25,583168,0.2
1302,O=C1C=C2C=COCC2=CC#CC=C(F)C(=O)CN1,0.30188679695129395,550763,0.2
1303,C=C[C@@H](Br)C#CC1CCOC1(C)NC=C(Cl)O[C@H](C)C(C)C(C)=CC(=O)NC,0.23170731961727142,419062,0.2
1304,CC=N[CH]OC=C1NC(CF)=NN1C=NN(Cl)C=C=CC=O,0.16883116960525513,556246,0.15
1305,CC=C(CF)[C@H](N)CC=CCC(=O)OCC=N,0.45652174949645996,538188,0.2
1306,CCNC=CN(C)CC(O)=CC[C@@H](OC)C(C)=C(O)C=O,0.2549019753932953,311167,0.2
1307,CCC=CC1=C(C)C(O)=C1C=CCC(=O)NC=C1C=CN=C(Cl)C=C1CC,0.28125,141687,0.2
1308,CC#CC1=C(C)CC=CC(=O)C=C1,0.3333333432674408,540632,0.2
1309,CCC=CC(O)N=CC(Cl)=CC(Cl)CC=CC=CN=Cc1cc(NO)ccc1C,0.23749999701976776,483795,0.2
1310,CC1=CCC=C(N)C=NC=CC2CC(=O)OC=CC(N)=CN(C)C(=O)[C@H]12,0.2112676054239273,246439,0.2
1311,CSc1ccccn1,0.5,22610,0.2
1312,CCOC(=N)[CH]COC(C)=C1CC=CC(O)=CC1C=CN=CC=CC=CC(C)(O)CC,0.2112676054239273,223027,0.2
1313,CC(=COC1=C(F)NC(=O)OC2C=C1NC(=O)COC2)N=N,0.2769230902194977,422623,0.2
1314,C=CCC1C=C(C=CC2=COCCOCC2)C=[N+](C)OC(=O)C=CCC(=O)NC(=O)O1,0.24285714328289032,151206,0.2
1315,O=CN=CNC(=O)C[C@H]1C=COCN=C1C1SC=CC=C1CC=CCCl,0.20270270109176636,281614,0.2
1316,CCC1C(=O)CNC(N)=NC=C1N1C=COC=C1C=O,0.24242424964904785,284558,0.2
1317,O=CNCCC(F)(F)NC1=CN2C(C(Cl)=CC=CCN=CNO)=C3C=CC2OC1=N3,0.19565217196941376,498663,0.15
1318,COC1C=NC=C(O)C(OC(C)COC(=O)C2=CNC(=O)CC=CC2)=CN1,0.2638888955116272,377569,0.2
1319,CNC12C(C)=CCC=C(Cl)[C@H]1C=NC(CO)=C1C#CC2=C1,0.21666666865348816,620789,0.2
1320,CC(=CO[SH]=O)C=C(O)C=CBr,0.32258063554763794,98593,0.2
1321,COCC=CCC1CCC=CC=C2C=C3C4C(=O)N(C)[C@H]3CN=C(N)C(C(=O)N[C@@H](C)C1)C24,0.2164948433637619,27585,0.2
1322,COC=NC=CNC(=O)OC(Br)C=CC=COCC(Br)C=O,0.27419355511665344,73207,0.2
1323,C#CC[CH]C=CC(O)=CCOC=CCCNC(=O)C1=C(F)[NH+]CCC1C=CC=NC(=O)OCC(F)CC,0.20370370149612427,484019,0.2
1324,COC=CC(C)=C1C[C@@H](OC)CN=C1F,0.28205129504203796,478294,0.2
1325,CC1=CC=CCSC2=CCN(C(C=CC=CCC=O)=CCN(C)CC3=NC(N)(F)C=C3)N1C2,0.20430107414722443,486756,0.2
1326,CC1N2C=CC(C=O)c3ccc4c2c3CC(C)C2(C=COC=C2COC1(C)N)C=C4,0.19767442345619202,511974,0.15
1327,CC(=CC(C)=C1CCC=CCN1CC1NC=CC[C@@H]1C)NC=CC=C[CH]N,0.22972972691059113,191912,0.2
1328,C=C(SC=CC#CCN=CN=C(Br)C=CC(=O)CC)C1C=CC=CCC1,0.22580644488334656,85724,0.2
1329,C=CC(C)=CCCC1=CC2=CC=CC3=CNOC=C3C[CH]C(=O)C2CC=COC1,0.23749999701976776,268598,0.2
1330,C=C(Br)C=CC=C1C2=C[C@H]3C4=CC1(C)C(NC)=CC23O4,0.1846153885126114,99909,0.15
1331,CC1=CC2CCN1C1=CN=CCC1NCC(F)=C2CO,0.232876718044281,98378,0.2
1332,CNC=C1C(F)=CC=CC=C(C=O)CNC=C(O)C(=O)C[C@H]1CO,0.22535210847854614,174363,0.2
1333,CC1ON=NC2CC(=CN=CN2)CC(=O)N=CCC1N,0.2181818187236786,156463,0.2
1334,CCOC(=O)CC=CC#N,0.6538461446762085,591763,0.2
1335,CCN(C#CC=CC=NCF)c1ccccc1C=COC(C)C(=O)C=CCSC,0.26249998807907104,278319,0.2
1336,COC=Cc1c(C=O)c2n(CN)c1OC(NC=O)C[PH](=O)[C@@H](F)O2,0.23999999463558197,391003,0.2
1337,C=CNC=CC1=C(NC(F)=NC2C=C2)C(CC=CC)COC(=O)NCC1,0.2631579041481018,428521,0.2
1338,CN(Cl)COC(=O)C(Cl)=CC=CCC(=N)C1=C(c2ccccc2)C=C1,0.296875,46682,0.2
1339,CCCC1=CCC=CC1n1nccc1C=C1CC(C)(C)CO1,0.2857142984867096,581826,0.2
1340,COC=CC=CC(C=CC(O)C=[N+])NC=CC=CC1C=CCC=N1,0.20930232107639313,339165,0.2
1341,CC=CCCOC(C)=NC1C(C(=O)OC2CCc3cc(Cl)c(C)cc32)=NCC1(C)C,0.26923078298568726,490767,0.2
1342,O=CCC=CC(=O)C1CC=CNCOOC2=CC1c1cc2c(Br)cn1,0.23188406229019165,411660,0.2
1343,CNCC=CC(C)=CC(=O)C(C)C=CCN=CC=CC1NC=CC=C1C,0.23404255509376526,37413,0.2
1344,C=C1N[C@H]2NC=CC2OC2=C(Cl)C=CN3C4=C[C@@H](C=CC(C)=O)NC1=CC=C(Cl)C=CC(=C4)C23,0.20481927692890167,297247,0.2
1345,COCCC=C1CNC(N)C1CBr,0.2857142984867096,201985,0.2
1346,NCC=CC1=CC2C=CC(=O)OC1CCC(C=O)C(=O)N(CO)C=CCC(N)=CC2F,0.2023809552192688,339528,0.2
1347,C=CCCOC=C(F)C=C1C=C(O)C2=[SH]C(S)=C[C]1OCCN2,0.21875,111747,0.2
1348,C[C@H](C#N)CNC=CC=C(CCl)NC=CSF,0.29411765933036804,411801,0.2
1349,CC=C(F)C1=CC(C=CC(F)OCCN=NC=CC(Br)C=O)C1,0.22857142984867096,362076,0.2
1350,C[CH]CCC1=CCN2C=CN=C3C(O)=CC(C)=C3C(=O)C=CCC(=CN=C1)C=CC(F)C2=O,0.19090908765792847,224029,0.15
1351,CNN=C(Br)N=C1OCCN=C1C=NC=CCC=CC(C)CCOCCCO,0.24285714328289032,360592,0.2
1352,COC=CC=CN1C=CC2=CC=C(O)C(F)=CC=CC(=O)OC1=C2,0.21052631735801697,391003,0.2
1353,CNCSC=CCC1=CCC=COC(C=CCN(C=O)CC=CC=COC)N1,0.21917808055877686,454602,0.2
1354,C=CCOC(=O)OC1[C]2[CH]CN3C1=C(C=CC)C=CNC3CCOC2(F)F,0.28421053290367126,107849,0.2
1355,C=CC=CCOC=CC1C=CC=C(Cl)C(C(F)C=COC(=O)O)=CO1,0.2151898741722107,449035,0.2
1356,CC=CC=CC(=O)NCCN=CNCNCCC=O,0.4285714328289032,600836,0.2
1357,C=CCSCC(N)C=NCC=CC1(CC)NC=CC=C1NC=C(F)F,0.232876718044281,58152,0.2
1358,C=NC=CC(=O)C1=C(CN)N1CC,0.25,109908,0.2
1359,CCC=CCCC(Cl)NN1CC2CC(C)=CCC13CC(=O)NCCOC=C2S3,0.2266666740179062,297263,0.2
1360,CC=C(C)C=C(C)C=CC=C(N)N=CC(C=CC=CC=CN)C=CC=CN=CCC(=O)OCC,0.2985074520111084,413869,0.2
1361,CCC1C=CC=CC=CCN1CC=C(N)C(=O)OC,0.2978723347187042,133954,0.2
1362,O=CN=CC12C(C3C=CCC3)=CC(=O)NC[CH]C(=O)C[C@@H]3NC1=C(I)C3=C2Cl,0.20512820780277252,335543,0.2
1363,CCSCC=C(O)C=C1CC=C(C(F)F)C(CC=C2CC2)C1C(O)CC,0.2222222238779068,243606,0.2
1364,COC=CC=C1CC(=N)C(OC=CF)=C(NC(C)O)NC=NN1,0.2142857164144516,211923,0.2
1365,CNCC#CCC1(C=CNC(N)=O)C(O)C(Cl)=CCC(CF)C1F,0.2278480976819992,226512,0.2
1366,[NH]C(=O)C=CC=NCN=C1CC=CO1,0.29411765933036804,202106,0.2
1367,C=C1C=CN=CCC=C(C=CCC)C=NC=CN=CN=C(F)C(F)[C@H](C)NCCC1,0.2112676054239273,188894,0.2
1368,O=CC1=CC=C2CCCC(Cl)COC(=O)CC(CCl)C=CC=CC1=CN2,0.2361111044883728,502297,0.2
1369,COC=CC(=O)[C@H](O)CC1=C2C(=O)O[C@@H]3CC=CCC(C(=O)N=CC=O)OCC=CC1=CC23,0.22535210847854614,222148,0.2
1370,CCCC=C1NCC(=O)C2=C1C(=O)C[C@]1(C=CCC3=CCC=CC(Cl)=CC=C31)CCOC2,0.21686747670173645,345762,0.2
1371,CC1=CN(C)c2ccccc2OCC2N=CC=COCC(OC2=O)C(=O)NOCC1F,0.2823529541492462,151172,0.2
1372,CC=C(F)C=CC=C(N)C1=NC(=O)NC1=C1CC(C)=NC(N)(C=CCC(=O)Cl)C1,0.24590164422988892,584442,0.2
1373,CC(=N)C=CC(C)=O,0.5,334542,0.2
1374,CCC[PH]1=CCN=C(O)CC(=O)C=CC=CC=C[C@@H](Cl)ON=C(C)C(C)(C)C=C1,0.21794871985912323,361553,0.2
1375,C=C1C(N)=CC(O)=CC(=O)CN=CC=C(C)OC=CSC=C1Cl,0.20967741310596466,231677,0.2
1376,CC1CCC1=CC=CC1C=COC1=CNC=O,0.23728813230991364,251568,0.2
1377,C=CC=CC(=CN=COC1=CC(=O)C1)c1ccccc1,0.27450981736183167,623628,0.2
1378,N=C1CNC2=C(CC=O)N(C=NC=CCC=O)C=CC12,0.19402985274791718,120213,0.15
1379,CC1=CC2=CC2=CCCOCC(CNO)=CN[C@H]2C=NC12,0.24242424964904785,597235,0.2
1380,CCCC=CC=CC1=C(C)C2C=CNC(=C1C)C=CC(=N)NCC(CCC)=C2,0.23188406229019165,152387,0.2
1381,CC=NN[C@H](C)[CH]OC=CC=CO,0.26829269528388977,231515,0.2
1382,CCCOC(=O)c1cnccc1NC=C[C@@H]1NCC2=C1CC(C=C(O)O)C=CC(=O)OCCC2,0.2921348214149475,97997,0.2
1383,CCOC(C)=NCC(O)CN(C)CC,0.3333333432674408,538379,0.2
1384,C=CC=C(O)C(=O)C(=CC1=CC=CNC=CC1F)CC(=O)OCC=C(F)C=CCl,0.22727273404598236,551755,0.2
1385,CC=CC1=CN=CC(C=O)C(Cl)=CCC=C1Cl,0.239130437374115,136575,0.2
1386,CCCOC=CC1=CC=CC=CC1=CCC(=C[C@@H]1CC1=COC=CN)N[CH]C=O,0.19767442345619202,549283,0.15
1387,O=C(N=C(F)F)OC1C=CNC(=O)N(O)CCC2C=C2C=C1,0.23076923191547394,137406,0.2
1388,CN([C]1C(=O)C2=NC=CC3CN2CC[CH][C@H]13)C(=O)C1C=CCCN1,0.2368421107530594,142037,0.2
1389,CCC1C2=NC(=O)[C@@H](CCOC)C1C=NCC=CC=CC2=O,0.24137930572032928,522978,0.2
1390,C=CC=CC1=CCCCC=C1C=CN=CC(O[CH]CC=CC=CC(=C)NF)C(=O)NCCF,0.2023809552192688,406457,0.2
1391,O=C1C=CNC[CH]C2C=CC(CO)(CCOCC3CC=CC=C3C(Cl)=C2)N1,0.2702702581882477,583109,0.2
1392,CCNc1cc(Cl)cc2c1CC=COCC=C1C(C)=C1C2NS(=O)OC,0.234375,246428,0.2
1393,CCOC(=O)N=CC(=CC(F)=CC=O)C12CC=C(Cl)N(C)CC=C1C=CO2,0.25974026322364807,197553,0.2
1394,CC=C(F)C(=Nc1ccccc1C)OC1=C2NC[C@@H]3[C@H]2COC(=O)N13,0.26582279801368713,422526,0.2
1395,C=CC=CC(OC(=O)NC=CNc1ccc(Br)cc1Cl)C(C)=CC=CC,0.35384616255760193,187055,0.2
1396,CC=CC=CNCC(=O)C=CSNC,0.32499998807907104,600836,0.2
1397,COC1CNC=CC12C(=O)OC=CC(=N)C=CC=CC=COC=CN=CC=C2N,0.18918919563293457,60752,0.15
1398,CCOC=CC=C(I)C(N)=O,0.40625,192627,0.2
1399,N#CC=C(Cl)C=CC=NC(C=C(Cl)NC=C1OCC=C1F)CC(=CF)CN,0.22058823704719543,117051,0.2
1400,C=NN=CC[C@@H]1C=NN(CC)C=CC(=O)C1,0.30612245202064514,436322,0.2
1401,CCC1=CCNC(=O)C=C(O)CC=NC(C=NCC=CC=CCCN)=CCCCC1,0.28125,195766,0.2
1402,CNC1=CC=C(C)CCNC(CCNC=CC(Cl)=CCF)NN=CC1,0.20212766528129578,187145,0.2
1403,CC=COC=C1C=CCC=C(OC=CCC=CCl)C(=CO)C=C1,0.22033898532390594,625750,0.2
1404,C#CSC(=O)C(=O)CNC=CC(=CCC=NCNC(=O)COC=C)CO,0.190476194024086,501203,0.15
1405,CC=CC=CC1=C2[CH]C(C)=C(Cl)OC1CCOCC1C(=CC[C@H]1[CH]OC)N2,0.22972972691059113,157538,0.2
1406,CC(C)=CCC1OC(=N)C=CC=C2C=C=NC=C2C=CC=C1C,0.3636363744735718,480824,0.2
1407,C=CC=NC(OCC1C=CC=CCC=C1)C(C)=O,0.40816327929496765,629668,0.2
1408,COC1=CC=C(CF)NC2C3=CNCC2SCCC13C,0.24285714328289032,337718,0.2
1409,CCOC#CF,0.4000000059604645,108854,0.2
1410,C=CC1=CCC2=CNC3C=C(C=CC(=O)C1CC)C(C=C[SH]=O)=CC=C23,0.21621622145175934,606621,0.2
1411,CC1=C(I)C=CC=CC(=O)C2=CC(=O)N(CCC(O)=C2)C(Cl)=C(C)SC(=O)C=C1,0.20779220759868622,178839,0.2
1412,CC1=CC=CNCCC=CCON2CC=C2C(C(C)=CN2CC=CC=N2)=C1,0.18518517911434174,317276,0.15
1413,C=CC=CNC(=O)C=CC(Cl)=CN=NC=NCC(N)=CN=NC=O,0.24561403691768646,309802,0.2
1414,CC1=C(C)OC(=O)CC(O[CH]C=O)C1,0.3076923191547394,597173,0.2
1415,Cc1ccnc(N=C[C@@H](N)OC(C2=C=NCc3cccccc(co3)C=C2)[C@@H](C)O)c1,0.2467532455921173,105389,0.2
1416,N[C@H](CCCO)C(=O)NC=C(C=CS)CBr,0.375,191487,0.2
1417,C=CC=C1C2[CH]OC(C)C1(CC1CC=CNC(=O)N1)C(O)COC(C)=C2,0.2153846174478531,304154,0.2
1418,C=C(Cl)C=CC1=CC=C(O)C=CC#COC(=O)CNC[C@]1(C)NC(=O)N=NC=CC=CC,0.19512194395065308,528102,0.15
1419,CC=C1[C](OC=CCC(=O)CC(C)C)C(=O)C(O)=C[C@H]2C(=O)OC=C2N2C=COC12,0.2151898741722107,520879,0.2
1420,C=COC(=O)C1(COC(=O)NC)CCSC(C(=O)O)C=CCOC=C1C=O,0.2530120611190796,315240,0.2
1421,O=C(CC1=CCCC=C(F)C2OC2(CF)C=C1Br)NCCl,0.27142858505249023,505799,0.2
1422,C=C(C[CH]C=C1C=C(NC)N1)COC#N,0.25999999046325684,422252,0.2
1423,CNC(C)[C@H](N)C(=O)Br,0.4615384638309479,608597,0.2
1424,C=C1CC2(C=C(C)OC=C(C)C=O)C=CC=COCC1CCCC2CNCCNCC,0.24137930572032928,341172,0.2
1425,CNOC1(C)C=CC(=CSC(=O)Br)CC(CO)=C=NC=CCC1,0.23943662643432617,450460,0.2
1426,C=C(C)F,0.4615384638309479,590853,0.2
1427,CC[C@H](C)SC(N)=Cc1cn2[nH]n(C)c(CF)c1C(F)=CNC2=O,0.20879121124744415,355140,0.2
1428,[CH]C(C)=C(C)NC=CN1CCOC[C]2CC=COC21,0.234375,135496,0.2
1429,CCC(O)CCC(C=C[N+](=O)[O-])=CNC(=O)CCC=N,0.3137255012989044,376160,0.2
1430,C=CCC1=C2C(N(C)C=CC)N=C(I)C=CC(=O)O[C@]2(Cl)N=CC1,0.20588235557079315,259078,0.2
1431,CCCC=CC=CC=NC=CC(NC=CC=NC(C#N)CC(=O)NC=C1C=CCN=C1)C1=CCCN1,0.19767442345619202,336501,0.15
1432,CCC(N)C(=O)[C@@H](C)CC=C(Br)CCC(=O)OC1CNC(C)OC(=O)C1,0.2537313401699066,544059,0.2
1433,CCC(CCl)CCN=CC1C2OCC2CC=C=C2C=CNN=CC2=CC1(F)S,0.1894736886024475,493596,0.15
1434,C[CH]C(=CC=CC(O)[C@H](F)C([CH]OC)=CNC[C@@H]1CN1)C(=O)CON=CCl,0.2368421107530594,141134,0.2
1435,CCOC=C=O,0.375,212935,0.2
1436,CC=CC(Cl)=CC1=CC(=O)OC2C(C=CCC2(C)C)C(CNC(=O)NC=NC)=COC1,0.2666666805744171,215792,0.2
1437,C=CS[C@H]1CCC(C=CC)=C1COC(C=C)(NCCCS)C(COC=CC=O)=[N+]C,0.1827957034111023,503603,0.15
1438,CCC=NCC1CC(C=CC(=O)CCC)=CCC(=O)O1,0.29032257199287415,50745,0.2
1439,CCOC=C1OCC=C1N,0.28260868787765503,286691,0.2
1440,COC=C1C(C)=CC1[C@H]1CC(=S)CC=CC([C@H](N)O)=C[CH]CCC(O)CC1=O,0.2266666740179062,309219,0.2
1441,C[C]C=C(C)COC(C)C=C(C)C1(C)C=CC(C)C=CC(CO)CC(=O)CO1,0.22535210847854614,405020,0.2
1442,COC=CCC=C(I)C1=C(C#N)C=CC(=O)[CH]OCC=Cc2ccccc21,0.2702702581882477,113664,0.2
1443,ClC=CC1=CC2=CC(Cl)=CN3CC=CC=CC=C(C=CC=C1)C2C3,0.1785714328289032,170208,0.15
1444,C=COC1(C=CN=CCC(N)C[C]F)C(=O)CC2=CC=CCOC=C(C)COC21,0.19387754797935486,103465,0.15
1445,CCC(=O)C(=O)OCC=CCNC1=CCC=C1CC=NC,0.3125,549294,0.2
1446,C=CC[C](Cl)C1C(OC2C#CC(C)OCC2)C(O)=CC2=CN1COC=C2C=C,0.1944444477558136,100477,0.15
1447,C=CC1C=CC1=CC(O)=CN=COC12CC=CO[SH]1C1=NC(=O)OC(=CC1)C=CC2,0.20000000298023224,571682,0.2
1448,[CH]CC=CCC=CC(F)C1NOC2C=C3OC(=O)COC=C1C=C3CS2,0.171875,185264,0.15
1449,CS(=O)(=O)O[CH]CNCC[CH]C1N=S2C3OCC(N[C@H]12)C3C=CCN1CCN=N1,0.2164948433637619,417154,0.2
1450,CCCNC=C(C=O)C=NC,0.3333333432674408,109251,0.2
1451,CCCC(C)ONC(=O)CSC=N,0.3684210479259491,609420,0.2
1452,CC=CC=COC(=O)NC=CC(=O)[C@@H](C=CC)C=CN,0.3137255012989044,387316,0.2
1453,O=CNC=CC(C=O)C(F)=CNC(=O)C1(Br)C=CC(F)=N1,0.2028985470533371,598693,0.2
1454,C=CCNC(=O)C1=C(C=CC=COC)C=CNc2ccccc2[C@@H]1CCOC,0.3188405930995941,448820,0.2
1455,C=CC=C(C)C=CC1=CC(=CC)C(NCC=CCC(F)(F)Br)CO1,0.22058823704719543,551441,0.2
1456,C/C=C\C=C(CNC[C@H](OC(=O)C=NN=CC(=O)NC)C1C(N)=CC[C@@H]1COCC)C(N)=O,0.21276596188545227,582828,0.2
1457,CCC(Cl)=CC(C)=C1C(C)=CC2=C1C(C)C(C)SC2=O,0.22807016968727112,480824,0.2
1458,O=C1O[C@@H]2C(C3=CN=CC3=CC=CC(O)F)CN12,0.23728813230991364,312314,0.2
1459,[CH]C12CC=NC=CSC3=CCC=CCNCC(CC1=CNC2)C1(C=CCN=C1C=O)C3,0.1764705926179886,501482,0.15
1460,C=C1NC2=CC=C[SH]3CCC=C(C=CSC1=CCC=O)COC=C2C(=O)NC3,0.17777778208255768,214338,0.15
1461,CCC(CC1CO1)=C(C)N=CO[C@H]1C[CH]C(=O)NCC(CC(C)N)=C(C(C)CC)N1,0.2467532455921173,69309,0.2
1462,CC(=O)C1C=C(F)CC2=C=CC=CCC(C2=O)N1C,0.2542372941970825,536985,0.2
1463,C=CCNCC(Cl)=CC=CC=C1C=NC(OC)C1C,0.30612245202064514,501404,0.2
1464,CCN=CC1CC=CC=COC2C(=O)C=NC(=CC=C(OC)CC=CC=C3C=CC=CN31)C(O)=C2C,0.22340425848960876,505132,0.2
1465,CCN=CC=CC(=O)OCC(C)Cl,0.4864864945411682,568657,0.2
1466,COC(=O)C(Cl)=C1CNC12C=COC=CC(CN)OC=C2,0.25,28261,0.2
1467,CNC1C=CNN2C=C(C)C=CC3=C(Br)C=C1[C@@H]2C(=O)OCC(NC)C3=O,0.20930232107639313,389189,0.2
1468,C=CC=CC=CCN([C](F)C=CC)C(N)NCC[CH]COC=O,0.2666666805744171,466904,0.2
1469,C#CC=CNCC=C(N)C(C=C(C)NC(=O)[C@H](C=CC)CO)C1COCCS1,0.2054794579744339,172200,0.2
1470,CCC(=O)C1Cn2ccnc2N=CC=CC(Br)=CN1,0.265625,7659,0.2
1471,C=CNC(O)=CC=O,0.375,167146,0.2
1472,CC=C(C)C(=O)C1CC[C]COCC=CCC=C(N)N1C,0.234375,68753,0.2
1473,CCC(C)=CC1CCC2=CC1=CO[C@H](N)[CH]C2,0.24137930572032928,349887,0.2
1474,CC=CCC1OC2=C(C=Cc3ccccc31)CCNC(C(=O)N=C(Cl)C=O)CCC2,0.2531645596027374,313854,0.2
1475,CC1c2ccncc2COC(C(=O)NC=O)C1Cl,0.30909091234207153,521529,0.2
1476,CC1(F)C=C(N2C(=CC=C3C=CCCC3)C3CC=CNCN=CC2=N3)C1,0.21917808055877686,417743,0.2
1477,CN1CC2=CCC(O)C3CC(F)C2OCC2=C3CC3(O)NC3[CH]NCSC=CN21,0.1682243049144745,247839,0.15
1478,CS(=O)C=CCCBr,0.43478259444236755,349527,0.2
1479,O=CC1=C2C3=C(CSCCCNC4=CC(Cl)=CC42COC3)C1Cl,0.2112676054239273,132378,0.2
1480,C=C1CCCC=C(O)C(SCC(=N)O)=COc2cn(c(=O)[nH]2)NC1=O,0.23529411852359772,616670,0.2
1481,O=CC=CC=CC=O,0.6153846383094788,277839,0.2
1482,O=CC(C=C1C=CC(Cl)=C1)C(=O)[C@@H]1C[C@@H](F)C=NN1CC[C@@H]1C=CC=CC1,0.2222222238779068,589801,0.2
1483,CO[C@H]1C[CH]CC1C(O)(C=CCO)CCl,0.3333333432674408,335518,0.2
1484,C=C(C=CC=C(O)C=CCNC=CC)CC=CC=C(I)C(CF)CF,0.24193547666072845,265387,0.2
1485,C=CC(C=CF)N=CC=CC=CNC(=O)NC(=O)CC,0.2641509473323822,270537,0.2
1486,O=CC1(F)CC1,0.6315789222717285,548023,0.2
1487,CC(=O)CC=CN1CC(C)C2=C(C)OC(=CC3=CC=CC(=O)C31)N2CN=CC=CO,0.2278480976819992,517106,0.2
1488,C=C(C)C=C(C)C=CC1=CC(O)N=C(C)C=CCN2C(=O)COCCC2(I)C1=C,0.25333333015441895,594052,0.2
1489,CCNC(=O)CC=C1NC(C[C@@H](N)CC(C)O[CH]C=CN=CCOC)C1(N)F,0.23999999463558197,392538,0.2
1490,CC1=NC2(C=C3NC=CN=C3C=N1)NCC=C2COC(=O)C1=NCC1C,0.2266666740179062,405020,0.2
1491,CC=C1C(=CC=CC(=O)OCC(=O)C=CC=CCC=O)OCNC=CC=CC1CC,0.27272728085517883,614240,0.2
1492,ClC(=CNC1=C2C=CCCC=CC21)CC1C=NC=CC1,0.2133333384990692,582148,0.2
1493,CC(=O)C1=C(F)C=CC=NC2=CC([SH]=O)C=CC=C(C=CBr)C(=O)N=CCC=CCCN=C(N)C=C21,0.18867924809455872,460286,0.15
1494,CCC1=CNC(=O)N2CCOC3=CC=CN=CC2C(C)(O)C(=CCCC1)C(C)=C3,0.28409090638160706,323317,0.2
1495,CN=C1C=CCSC(N)(N2C=CC=C(C)C=C2NC=CC=CCl)C1=CCCF,0.16981132328510284,324788,0.15
1496,CCC[CH]OCC=CC1=CC2=CC[C@@H](C1)N(C(=O)OC)CNC=C2,0.2631579041481018,612991,0.2
1497,C=CC(=O)CNC(=O)N[CH]C1(CNC(=O)C=CCC=CC=CCl)C#CCC=C(N)CC=N1,0.20512820780277252,64640,0.2
1498,COC(F)CC(F)=C1NC(Cl)=CC1F,0.24074074625968933,1543,0.2
1499,C=CC(F)=CC=C(C=CC=CC1=CC=CCOC(=CC(O)=CC(=O)OC)C1=CSC)OC,0.25974026322364807,209727,0.2
1500,FCN=CN1CCN1Cl,0.21621622145175934,523943,0.2
1501,C=CC=C1CC2(N)CC=CC(C)N=CC3C(=CO2)C3[CH]CC1C(=O)OCC=CC(=C)F,0.21978022158145905,487580,0.2
1502,O=CNC=CC12C=CONC3=CNC(=CC(Cl)=C1)C(=CCC2)O3,0.1818181872367859,568623,0.15
1503,CCNC(C)=N[C@@H](F)C(C=C1CC=C(F)C=C1CO)NCOCC,0.21875,466510,0.2
1504,CNSCC(=O)C=C1C=C(F)C=CC1,0.2711864411830902,113664,0.2
1505,CCOCC=CC(C)=CN(C(C)=O)C1=C(N(CN)OC)N=CC1,0.27272728085517883,514482,0.2
1506,C=CCNC(=O)CC1(C=C(C)OC=C2C(C=CC=CC)=C2NC)C=CCC1,0.2535211145877838,117306,0.2
1507,CSC1=CC=C(N)NCC=COC(O)(C=CC=CCO)N=CCOCCOC=C(C)C1,0.19480518996715546,514904,0.15
1508,O=C1C=C(Cl)CC(=O)C2C=CC=CC(=O)N3C=C(C=CC=CSC(=O)N1)N=CC23,0.22535210847854614,65259,0.2
1509,CC1=C(C)C(O)(OC=C(N)C=O)C=COC=CC=CNCC1,0.21666666865348816,379047,0.2
1510,CC1=C(C)N=CN(N)CC=CCNC=CC(Br)=C(NC(=O)F)C=NC(F)=C1,0.20779220759868622,304075,0.2
1511,CC1=C(C=CCCF)C=CSC(Cl)=CC=S2c3cncnc3NC2(S)NC1OONCC=CCN,0.19354838132858276,519453,0.15
1512,C=C(O)C=C(F)NC1=C(F)C=CC=CCNC(=O)CC(C)(F)C=CCSC1=CC(=O)C=O,0.20000000298023224,419660,0.2
1513,OC=C[SH]1CC=CC(C(F)(F)F)N1,0.23255814611911774,566374,0.2
1514,C=CNC1=CC=CC(=CNC)CC2=CN=CCC2CNOC=CC=C(Cl)C=COC1,0.17977528274059296,469954,0.15
1515,CNS1(=O)(O)C2=CCC=CC(=O)C(C)=C1C=C2,0.2857142984867096,12470,0.2
1516,C[C](C1=CC(Br)=CC=CC=COCC=C(N)CCC=C1)C(C)O,0.2549019753932953,369484,0.2
1517,C=CC1=CC(F)=CNC1C1=CSCCCc2cc1c(=O)ccc2N,0.25,601387,0.2
1518,CCOC(=O)NC=CC=NOC=CC(=O)O,0.38461539149284363,50226,0.2
1519,CC(=O)NC=CC=C1NC=CC=CN=CC=C1C=CNCN,0.24528302252292633,613815,0.2
1520,O=C1C=CC(=COCO)C(C=CC=CCCCl)=CC(O)=CS1,0.2222222238779068,106573,0.2
1521,CON(CCl)CC(=O)OC=CNC=CC=CC=CC=C(C)C=CC=O,0.28333333134651184,561403,0.2
1522,COC[C]CC1=C(O)C=C2C(=O)NC=CC(CO)C3=C2C=C1CC3,0.23076923191547394,191591,0.2
1523,COCN=CC[C]C#N,0.3125,230952,0.2
1524,C[C@@H](F)NC=Cc1ccc[nH]1,0.4054054021835327,321702,0.2
1525,CNC1=C(I)C(=CC(CO)C2=CC(=NOC)OC2)C=CC1,0.2112676054239273,46279,0.2
1526,COC(=O)C(=O)OCC(Cl)=CC(C)=CC=CC=CN=CCC[C@H](C=N)N(C)O,0.24193547666072845,171325,0.2
1527,CCOC=CC1C2=CN1C1=CC(Br)=CC3(C)C=CC1C=C3NC(C)=CC=C2,0.2073170691728592,242938,0.2
1528,C=CNC=CC=CC1(Cl)Cc2occc2C1S,0.24137930572032928,394888,0.2
1529,C=NNC=NOCCC(=O)C=CC(=O)OCCS(C)=O,0.36734694242477417,590209,0.2
1530,NC=C(F)C(=CC=CCN)C1=CCCC(C(F)F)C(I)CO1,0.2063492089509964,567119,0.2
1531,C#CCC(C)CN1CONCC=CC=CC(C=CC2C(=O)OCC=C2Cl)C1,0.20987653732299805,260971,0.2
1532,C=C(C#CC=CC(F)C1C=NC1=CCC)COC(=O)Cl,0.2711864411830902,259722,0.2
1533,CCC=C(O)C=CC1=CC2=CC3O[C@@H](C)O[C@@H]3CCOC(=O)[C@@H](OC)CCC2=C1,0.24358974397182465,223439,0.2
1534,N#CC1=CC(Cl)=CCCCOCC=CC1NC=CNC=O,0.23529411852359772,188396,0.2
1535,CCC1CC=CC=CNCC2=C3OC=C(C4CCOC=C24)N1C3=O,0.24137930572032928,441849,0.2
1536,C#CCCCCN(N=C1C(=O)C=COC1C(Cl)[CH]C(=O)C=C1C=CC=C(CC)C(N)=C1)C(=N)O,0.20879121124744415,68345,0.2
1537,COC[CH]CC12NC=CC=C1C13OC(F)=CC(N)=C1C=CCC=CN=C2OCC3=O,0.19767442345619202,512141,0.15
1538,CC(O)CC=CNC(=O)OCCNC(=N)C=CC=CCN=O,0.2931034564971924,201341,0.2
1539,CCN=C1C=C(O)OC2NCC=CC3C=C3C=CNC(=O)OC2=CCN1CC[CH][C](C)CC,0.1931818127632141,268598,0.15
1540,CC=CC1CC2C3=C(C(C)C=C3)N(CC=CC2(C#N)C2OC=CNCC2=CCF)C1=O,0.1979166716337204,92793,0.15
1541,CC=CC=CCC1=CN=CCC1,0.29411765933036804,138925,0.2
1542,CC=CC(N)=C1C=CC=COC(=O)SC=CC=CC(Cl)=CC=CNC=C1C,0.20895522832870483,528102,0.2
1543,C=CC=CC1=NCC2NC(O)=CC=C2OCC(=CSCC)C1=C1C=CC=CC1,0.18571428954601288,424917,0.15
1544,C=CCC=CNC[C@H]1C(=O)OC=CC=CCOC=CNC(=O)C1C(C=O)=NC=CCCO,0.19696970283985138,376550,0.15
1545,C=CNC(=O)NC(C)=C(C)CC1=CNC(O)(CC(C)=CC=CC)CCC(C)(NS)O1,0.20000000298023224,462662,0.2
1546,CC=CC=CC(=O)C1NC=CC=C1C1=NC(O)C=CC1Br,0.2539682686328888,254786,0.2
1547,CC1CNCCC2=C3C=CNc4c(cc(Br)n4C(=O)S1)C=[SH]C=CC=CC3C(=O)O2,0.2261904776096344,133708,0.2
1548,CNCC=NN1CC=C2C=NC=C(O)C(C)CC=CC(=CO2)C(Br)CNCCC1,0.20430107414722443,517170,0.2
1549,CSC(C)=COC=CN=CC=COCC=C[C@H]1CNC(CF)CC(=O)N=C1F,0.2073170691728592,522001,0.2
1550,CC=CC1=CCOCCC(CF)=CSC(N=C(O)C=CSC)C2C=C1N=C(C=COCCl)O2,0.1818181872367859,301051,0.15
1551,C[CH]CNC1=C(F)CSC=CC=C(C(=O)NC)[C@H]1OCN=CCC,0.28125,49087,0.2
1552,NC(C=O)=CC(F)=C1C=CC(=O)NCC2=NC(=CCC=CCCC(N)CO1)C=C2,0.232876718044281,276207,0.2
1553,CC=CC1OC(F)=CC(=CC=Cc2cnc(Br)c(=O)[nH]2)C=CC1O,0.2195121943950653,41319,0.2
1554,C=C(F)C=CCC(=O)C(=CCC=CC[C@@]1(CO)CCC1=O)CC=CCBr,0.2545454502105713,55774,0.2
1555,CCC1=CC(C)(OC)CC=CN=CC(C(C)=O)[C@@H](C)OC=CCN[CH]C(=O)[C@H](O)C(=O)N1,0.23999999463558197,557203,0.2
1556,CCC=COC1C=C(C=CC(=O)NC2C=C(C)[SH]2C=CNC=C(F)C=C[SH](=O)=O)N1,0.239130437374115,252473,0.2
1557,C[C@@H]1C[C]COC=NCNC=CC=N1,0.23404255509376526,498747,0.2
1558,CC(=O)CC1=CNC(C)=CC2=CC1=CC=COC1=NCC(I)=CC2=CC1,0.2222222238779068,144643,0.2
1559,C=C(C)C1=CC(=C)C(=O)CC=CC=CCn2c(ccc(CN)c2=O)NC(C)(OC)C=COC1=O,0.2142857164144516,359691,0.2
1560,CC=CC=CC(=O)SC(=CC=CNC(=O)[CH]C=C(O)F)C(C)S(C)=O,0.28333333134651184,223,0.2
1561,CCOC=CC(N)=C1C=CNC2=C(F)OCC=C2C=CC(=O)C(N)=C1,0.2535211145877838,44485,0.2
1562,CCC1=CC(NCCC(O)CC2=C(CC=NC(=O)CN)C(F)C=CN2C)=CCCCNC1,0.20353981852531433,502576,0.2
1563,O=C1NN=CS1=O,0.25806450843811035,598900,0.2
1564,O=C(C=CCCl)C1C[C@H](C(=O)NC=CO)CC1[CH]CF,0.2708333432674408,397783,0.2
1565,CC=C1CC=C(C#N)C[C@H]2CC(=O)N2C(=O)OCC1,0.3333333432674408,538505,0.2
1566,O=C1C=C2C=COC=C2NCCCC[C@H]2CCC=NC2CNC1=O,0.2461538463830948,586083,0.2
1567,CN=C(C)C=CC(C=O)=CC(=O)C=NCCC=COC,0.28260868787765503,340241,0.2
1568,CCCOC(C)NC(=O)C(=O)CNC=CCOC=CC(C)=CC(C)=CCF,0.23943662643432617,625333,0.2
1569,C=C(Cl)C=COC(=O)C1=COC2=CC=CC(Cl)=CNCC(=C2)OC1,0.2133333384990692,499407,0.2
1570,COCCOC=CC1C=C(C(O)CC=O)[C]1n1cccc1S(=O)O,0.265625,475812,0.2
1571,CC(=O)[C@@H](C)CC1=CNC2=CC(C)=CN=NC23C=CCCC2=CCCC213,0.23880596458911896,547441,0.2
1572,CC=NC1=CCC=CCNC=CC(=N)C=CC=CC=C(C(F)F)CC1,0.1964285671710968,618454,0.15
1573,NC(C1C#CC=CC1)C1C=CC(C=O)=C1C=CC(=O)O,0.2641509473323822,128467,0.2
1574,CC(C)CC1=C2C=NC(N)=C2C=C1C=C1OC1(C=O)CO,0.23728813230991364,242035,0.2
1575,Cc1ccccc1C1=CC(=C2C=CNC=CC2Br)NC1=O,0.3076923191547394,255618,0.2
1576,CCOC=CC=C1C=CC=C(CBr)C(CC(F)F)=CC1,0.25,100016,0.2
1577,CC=COC=C1C=C(CO)N1C1CC=CC(=O)C1N1C=CCC[C@@H](OC(=O)NC)C1,0.25925925374031067,2830,0.2
1578,CCC1(C)C=CC(=O)NC(F)NC2=C(F)C=CC21,0.2857142984867096,505244,0.2
1579,O=CCC1=CCC=CC(NC=CN=CN=C2C=COC(CCl)=CN=C2)=C1,0.1944444477558136,625750,0.15
1580,CCC[CH]C1NC(O)(OC)C=C1C=CC=CC=CC=CC(=O)COCC,0.30909091234207153,336501,0.2
1581,C=CC1COC=C[C@H](C(=CC=O)OC)CC=C[CH]CC=C(C(=O)OC)N1,0.26760563254356384,14774,0.2
1582,C=COC(=O)CCNC[CH]C(=C)NC1=C(CN=[N+]CC(=O)O[CH]C)C(C=NC)=NCCOC1,0.23255814611911774,47487,0.2
1583,O=CCNC1=CN=CC=CC(F)=C1,0.2800000011920929,433286,0.2
1584,CNC(=O)C=CN(C)COCC(=O)C=COC=CC=COC,0.31111112236976624,549270,0.2
1585,C=CN(C#C[C@@H](O)C(=O)C(Cl)=CC=CC)C=C1C=CC(C)=C1C,0.2075471729040146,346714,0.2
1586,CC1C2C=C3C(F)=CC2C=CSC32C=CC=CC2C1CBr,0.2075471729040146,182456,0.2
1587,C=C1C=CC=C2NC(=O)C3=CN1CCC2C(F)(F)ON3,0.25,204560,0.2
1588,COC=CC=C1OC(C(=O)OC)=CC12NC=CC1=C2C[SH]=CSC=CC1=O,0.23749999701976776,576394,0.2
1589,C=CC12OC=CC13C=COC(=O)CNCNC(C=CCF)=CN=CCN2C=COC3=O,0.20481927692890167,135728,0.2
1590,CCSCC(=O)C1N(C=CC(C)=COC(N)=O)NC1(C)N,0.2753623127937317,48128,0.2
1591,CCC1=CC(Br)=CC=CC(C=CCC(C)C)C(=O)N=CC2=CC(S)=C3C=C(C2)NC1=C3,0.20481927692890167,54237,0.2
1592,CC1CC(C=CC=CCF)=C1F,0.24390244483947754,354225,0.2
1593,C[CH]CSNC=CC=NC(=CN=CC)C1=C2N=CC=C(C)CC2C12CCNC2=O,0.2073170691728592,212812,0.2
1594,CC=CC(Br)=NN1C=CCOC(=C2C=CN=CC2)C=C1,0.25,266756,0.2
1595,CC=Cc1occ(C)c1F,0.35483869910240173,29748,0.2
1596,COC=CC1=C2CC(CCBr)=CSC[C@H](C#N)C(OC)CC2C(=O)C=N1,0.24285714328289032,228729,0.2
1597,CC=C1C=C(Cl)C=CNC(C)=C2CC(Cl)(C=C1C=N)OCC=CC(N=CC(=O)CCC)C2Br,0.19780220091342926,94164,0.15
1598,CCC(=O)CC=CC=C1CCC2=CC3=CNN(C(=O)CNCCCOC)CCC3N3CCC2C=C3N1,0.2613636255264282,302854,0.2
1599,C=CC(=O)C=C(Cl)c1cc2n(c1)CCOC(C(=C)C=C(F)C(=O)OC)=CC2N,0.261904776096344,95727,0.2
1600,C=C(C)C=CC1=CC=COCCOC2=CC=CC(C)NC(Cl)C(C2)C12COCC=C2N,0.18292683362960815,333147,0.15
1601,CC=C(Br)C=CN1C(=O)CON(CN)C=CNC1N(C=O)CF,0.23943662643432617,576412,0.2
1602,OCC1=CC(=CCN2OCC=CCC=C2F)C(C=C(O)C#CCF)=C1,0.18918919563293457,238782,0.15
1603,CCC1C=C(CF)OC(SCSC2CC=CC23C(=NC=COC)ON3C)CN1,0.19607843458652496,507266,0.15
1604,C=CC=C(C)C=C[SH]=C1C=C(N)C=C2C(COC=C1O)O[C@H]1C(=S2C)OCCN1C,0.18627451360225677,261726,0.15
1605,O=CN=C1C(=O)C[C@H]1NCc1cc(Br)ccc1F,0.42553192377090454,54579,0.2
1606,O=C(Br)C=C1C=CC=CC=CNC=C1O,0.23255814611911774,553678,0.2
1607,CCOC(C)N(C=CC(F)=CCl)C=NC(=O)CCOCC(=O)C(=O)OC(C)C,0.2786885201931,397267,0.2
1608,N=CC1CC(C=O)=CC=NC=C[C@H](C(=O)C=O)C=NC=C[CH]CC=CO1,0.20967741310596466,8277,0.2
1609,CCOC=C1CC=C(NNCO)N2C(=O)CC3=C(C1)C(C=CC=CC1=C2NCC=N1)OCC3,0.19587628543376923,159903,0.15
1610,[CH][SH]=C(C=C(F)CN=CC=CCC1(C=CC(F)=CCO)C(F)=C1CN)C[CH]OC=C(O)CC=O,0.1627907007932663,499212,0.15
1611,CC1(c2ccoc2NCCC(F)=CCF)CC=CCOC(=O)N=C(N)NC1,0.22093023359775543,370526,0.2
1612,[NH]C=CC=CC1=NN=CC=CC([CH]C=CCO)=C1C=CCC(C=CCC=O)CO,0.203125,197871,0.2
1613,CC(=O)CC(O)C(=O)C1C=NN1C#CS(=O)C=C1C=C1C1(O)C=CC=C1,0.21917808055877686,448662,0.2
1614,C=CC=CCOC=CC=C(C=CN(C)CCl)OC=N[CH]C=C1CC=CC=C1OCC,0.2151898741722107,587653,0.2
1615,CCOCC12N=NC=C3NC(=C1CF)N1C(C=N)=CC=C[C@H]1C(=CC3O)COC2=O,0.20952381193637848,353593,0.2
1616,C=CCOC[SH]1CC(C=CF)C=C2COC[C]1C(CNCCCl)=NC(C)C=C(C)N2,0.2133333384990692,74577,0.2
1617,C=CC(O)NC(=O)C1(CC=N)C(=O)NC1N1C#CC=CN=C1,0.2142857164144516,275890,0.2
1618,CCC1(CNC)CN=CC(SC2=C(Cl)C=CC(=O)CC=C2S)C=CN=C2CCC1C2F,0.20652173459529877,108227,0.2
1619,O=CN(C=O)N[CH]c1ncco1,0.25,178200,0.2
1620,COC1C=CCNC1C=C(C)N=CCNC(=O)OCC1=CC=C1,0.28169015049934387,293632,0.2
1621,C=c1c2nc(I)cccn-2o[pH]c1=CCC(O)C(O)C(C)C,0.22727273404598236,132447,0.2
1622,CNCCOC1=CC2=C(N)[SH]1COC=NC(OC)=CC=C(Cl)C=C2,0.2786885201931,118496,0.2
1623,CC1=CC(C=O)=C1C=CSC(=O)F,0.2857142984867096,2491,0.2
1624,CC(F)C=CC1CNC=C2N=NC=CC=CC=C2C(=O)N1,0.23076923191547394,565933,0.2
1625,CC1=C(C2CCC(=O)CO2)[SH]2(=O)C(=O)C(C=CSCC(C)C=N1)N=C2N=CBr,0.25,404267,0.2
1626,C=C1CN=CC1([NH])NC=CNC(=O)OC,0.3333333432674408,145480,0.2
1627,CCC1=C(C)C2COC=C(C3=CC(I)=CCNCCNCC=N3)C2=CNCC1,0.2361111044883728,542381,0.2
1628,CC(C)(O)C=CC12C=CCC[C@H]1C(F)=CC=C(O)C(=O)NC=CNC=C2,0.24390244483947754,417038,0.2
1629,C=CCC1C=C2NC=CC=NCN=CC2=NCC(CC)(C(=O)NC)C1=CC,0.24358974397182465,110906,0.2
1630,COC[C]CC[CH]COC=C(C)C1C(=O)CO[SH]1C(=C=S)SC=C=O,0.1785714328289032,337830,0.15
1631,C=C[SH]1C2=NC1C=CC2=C(N=CC=CC(=O)OC)[SH]=N,0.30188679695129395,237865,0.2
1632,CC1=C2C(=COC=C1)C1C=C(C=NC=CF)C2C(=O)C1C1=NCC[SH]1(C)=O,0.1785714328289032,307351,0.15
1633,CCC(C)(O)C=Nc1cc2ccc1OCC=NC=C2[NH],0.265625,135633,0.2
1634,CC=CC=CC1(C(=O)OC)OC(=O)[CH]CC2[C@H]1OC1C(OC[SH]2C)C(=O)[C@@H](O)[C@@H]1C,0.2380952388048172,631791,0.2
1635,CC1CN2CC(CN)C3=CCC(=C12)C(Cl)=CC=C1CCOC3=N1,0.22972972691059113,480914,0.2
1636,CCNC(CF)=NCC(N)SC(=O)NC1=CC=CC=CC=N1,0.24561403691768646,418332,0.2
1637,C=CC(=O)CC1C=C(Cl)C(=C[C@@H]2CC=CC2=CC=CC=O)CC1,0.2777777910232544,414457,0.2
1638,CCCCC(C)=O,0.8235294222831726,630663,0.7
1639,CC=CC1C=CN=CC=CN=CON=C1C(C=O)=NC,0.20338982343673706,84930,0.2
1640,[CH]N(CC=CC=CC1=C=C(OCN=CC=C(C)CC)C1C=CC(C=CC)C=CC=O)CNC,0.20000000298023224,428288,0.2
1641,C=CC1CCC(=CC=COC)N1C1=CC(CCN)(CCCCNC)C=C2C(=NC1)OC2CC,0.1982758641242981,581878,0.15
1642,C=CC(=O)CC1NN(C)C=CNC=C1N=CC1=CCC=CC1C(Cl)=CC(F)=CC(C)N,0.21276596188545227,151985,0.2
1643,CNC=C=C1C=CC(Cl)=C1NC=CC(O)C1C(=O)CC[C@H]1C=CN(C=CCO)CN,0.2291666716337204,153546,0.2
1644,CNC1CC=CC=C1SC(=O)N1C=CC=C2C=CC3=CC=NC(C)=NCC(N=CC2=C1)N3,0.1927710771560669,530782,0.15
1645,C=CCC=CC(Cl)C(CCl)=C(C=CNC(=O)C=CC(CNC(=O)CC)SC=N)OC,0.23880596458911896,281596,0.2
1646,O=CN=CC=CC1=C2C=COC=CC(C=CCC2)[C@@H]2C[CH]CC=C(Cl)C=CC12,0.1764705926179886,623565,0.15
1647,CCC=CC=C1C(CC=CN)=CN(C)CC(C)CC1=CCC(=O)c1cc(SC)c(F)o1,0.22340425848960876,317997,0.2
1648,CC(=O)C1=C(C)OC(=O)CN=CC(=O)NC=NC(COC=CC(C)=CCl)=C1Cl,0.21621622145175934,627085,0.2
1649,N[C@H](O)C=C1C=NC=C1CF,0.23255814611911774,461621,0.2
1650,CC=NCC(=O)C1=NN2OCC=CC=CC(CC=CC(N)(O)CC(C)C(C)C1C)[C@@H]2C(=O)C=O,0.21111111342906952,505132,0.2
1651,CC=CC1C2=C(Br)C(C(=O)OC)C1=C(NC=C(C)C=CN)C2=O,0.24242424964904785,120402,0.2
1652,CC(F)=C1C=C2C=CC3=CC(C=CC=C1C(F)F)C2C(=O)NCCC#CCO3,0.20481927692890167,316688,0.2
1653,O=CNc1cncc(CF)c1-c1cn2cc1CCC=NC=C2,0.2631579041481018,536450,0.2
1654,O=CC(O)=CC=CC=NC=CC=CF,0.24242424964904785,96869,0.2
1655,CCNC(=NCC(=O)OCC)C1=CC2C[CH]C(=O)C=CNN=CNCSCCC(=N2)OC1C,0.23529411852359772,193650,0.2
1656,COCC(F)C(N)S,0.4399999976158142,436170,0.2
1657,C=CNC(=O)C=COC(=S)OCN=C=CCOC=CC(C)=O,0.29411765933036804,192627,0.2
1658,CCCCC1=CC[C@H]2C(O)=CC3(C=CCC1C=CC=CC3)NNC=CC=NCOC=NCC2(C)O,0.20192307233810425,604142,0.2
1659,CC#CC1C=c2cc(C(N)C=C(O)CC(=O)OCC)c(cc2C=C(N)C=CO)=CC=CO1,0.261904776096344,244634,0.2
1660,C=CCC1C=C2OC=C(C3C=C3)c3cccc(c3)[C@H](F)C1=CCOC(N=C)N=CN2C,0.21782177686691284,597778,0.2
1661,CNC1=C(Cl)OC2=CC=CNC(=C3C=CC=C3C)C(O)N=C2[CH]C(F)=CC=C(OC)P1,0.21276596188545227,289264,0.2
1662,NCC=c1c2cncc1=CCC(=O)NCC(=S)OCC=C(Cl)C=CN=Cc1ccccc1-2,0.2235294133424759,190866,0.2
1663,C=CC(C=CC)C=C(C=O)OC#N,0.2857142984867096,252586,0.2
1664,COCC(=O)CC=C1C2=CC13CCC=CN(C(=O)OCC(C)S3)C(C)OC=C2,0.26582279801368713,66879,0.2
1665,C=C(F)C(=O)N(C=CNC=CC(O)C(=O)CCCl)CCCC,0.2711864411830902,177986,0.2
1666,CC=CC(C)CNCC(=O)C=CCCC(=O)C=C1C=C(F)C=CC1,0.24242424964904785,478019,0.2
1667,COC=CCC(F)C=C1C=C(F)C=N1,0.2777777910232544,95400,0.2
1668,CNC(=O)C1=CNCC=CC1CC=CCNCC[C@@H]1CC(CC=C(F)C=CC=N)=CC1=CNO,0.19780220091342926,57238,0.15
1669,C[C]CCOC1OC(=O)CCCC1(CNCC[C@H](C)N)C(=O)SC(C)=O,0.265625,280371,0.2
1670,CC1=C2c3ccc(c(c3)N1)PC(C)(C)NC=CC2C1=CC=C(CO)CC1C=N,0.1910112351179123,172007,0.15
1671,Cc1c2nc(Cl)c(c1Br)C(=O)C=c1c(F)c[nH]c1=C2,0.2786885201931,228,0.2
1672,CNC(=O)OC=CCSC(=O)CCl,0.3684210479259491,466253,0.2
1673,COc1ccccc1C=CC=C(CC=CI)COC(Br)=CC(=CC(F)=CC=O)N(C)C=N,0.3384615480899811,137059,0.2
1674,CC=CN(C=O)C(=O)C=CCCC,0.46875,431726,0.2
1675,COC(C)C1=C(NC(=O)OC(C)=CC=CCn2ccc(Cl)c2)CC(O)C(=O)C(C[CH]ON)=CNC1O,0.2298850566148758,15751,0.2
1676,CC=C(F)C=CNC(=O)PCCOCCOC(C)CC(Cl)C(=O)OC,0.30188679695129395,238653,0.2
1677,C=NCC[C]CC=CC(=O)OC1CNC[C@@H](SC=C2CC=CC=NO2)C1,0.2247191071510315,327219,0.2
1678,CCOC(=O)[CH]OC(O)C=C(F)C=CC1C=CC(C(F)C=CC=O)=CC(CF)C=NC1,0.2535211145877838,55265,0.2
1679,CC1C=CC=CC2=CCOC=CC=C(C=O)C(Cl)=C2COC(=O)C1,0.2321428507566452,222132,0.2
1680,C=CNC[C@@H]1CC(=O)OC[C@@H](F)OC(=O)C=CNC(C)(C)C1,0.29629629850387573,359629,0.2
1681,CCCC=CCC=CCNC=CCC(F)(F)F,0.38235294818878174,562072,0.2
1682,C=COC(C=C(F)C=COC=CNC[S@@](=O)N[C@](C)(O)CC)OC,0.23076923191547394,492586,0.2
1683,C=C1C=C2CC=C1C(=O)SC(Br)=CC2=C(F)OCC,0.27450981736183167,439373,0.2
1684,C[CH]OCCC(C=CC(O)=CNC(=CF)CC(F)OC=CCC)CC1C=CC=C1,0.21212121844291687,442982,0.2
1685,CC(=O)N=C(C)CC1C(C=CNC=CC=C(N)N=CCOC(C)C)=CCN=C1N,0.21348313987255096,546829,0.2
1686,CC=COCC(Cn1cccn1)SC=C(Cl)C1CC2C=CC=C1C2C=CC=CCl,0.25,421638,0.2
1687,COC=CC1C2=CN=C(C=CC=C[SH]1C(O)=NCO)C2=N,0.2153846174478531,513397,0.2
1688,C=CC1C(C=C(Cl)S(=O)CC)=CC=CN1CC(=O)OC,0.3174603283405304,294529,0.2
1689,O=C1C=C2NC=CNC=CCCC2=CC1,0.2702702581882477,504188,0.2
1690,C=O,0.1666666716337204,239560,0.15
1691,C=CCOC(CCBr)c1cc(F)ccn1,0.3695652186870575,41958,0.2
1692,CCNC(=O)C(Cl)=CCCOC(=O)C(=O)N1CC=CCNC(=O)C(Cl)=C1CC,0.2535211145877838,14697,0.2
1693,C#CNC1C=NC(C(C)=O)=CC2=C(CC(=CC=C)C(=CC=[N+]=[N-])OC1)C(OC=CC)N2C,0.21276596188545227,151083,0.2
1694,C=CCOC=COC1=CC=C(I)C=CCC(=CC=CC=O)O1,0.21875,540889,0.2
1695,CO[C]C[C@H](C)C1[CH]C2OCC(=O)OCC[C](O)C3=CC2C=CC=C1C(C)C3,0.22368420660495758,361496,0.2
1696,O=C1NC(Cl)C=C(C=CCNC=C(F)F)C[CH]O1,0.2153846174478531,117665,0.2
1697,CC1=CCCC1=CCOC1C(C=O)=C1C=C(O)CC(O)F,0.234375,93480,0.2
1698,C=C1CCC=CC(O)=NC=CC=C1CC(=O)C=CSC=CC,0.2537313401699066,452219,0.2
1699,OC1=CCOCCCC=CC2CC=CCCNC3=CC=C2N=CC=C13,0.21621622145175934,500330,0.2
1700,O=C(CNC1C=CC=CC(S)C=CC=CC1=O)NCO,0.3333333432674408,6847,0.2
1701,COC(=O)C(N)(C=O)C(=O)[CH]C1C=CC=C(C#N)C2=C(Cl)C=NC=CC=CC2NC=CC(O)=C1,0.23529411852359772,465607,0.2
1702,CCC[CH]C1=C2C=CC(C)=C3C=C4C(F)=CC[C@](O)(OC4(C)N)C2C[C@H]1C3OC,0.21212121844291687,114129,0.2
1703,CCCN1OC=CC(F)(F)C(C)=C(CC)C1c1c(C)occc1=NC(=O)OCC,0.30000001192092896,470526,0.2
1704,CC(=CC1=CC[CH]CC=C[SH](C)(=O)c2cc1ccc2[O-])N=NC(=O)OC1[CH]C=CC=C(N)C1,0.21250000596046448,183531,0.2
1705,C=CC=CC1=CC2NC(C(F)F)=CC=C(C=CF)C(C=O)=CN=C2NCOC1,0.1975308656692505,181939,0.15
1706,CCOC=C1C=NNCCC(Cl)=CC2C=CNC=C(C=CCC=C1CCN=N)O2,0.18390804529190063,94164,0.15
1707,[N-]=[N+]1OC1(O)S,0.19230769574642181,69249,0.15
1708,O=CCC=CN=CCOC1C(F)=CCC2=C[C@H]3NC=CC=C(C=CCC=CCO3)C(=O)N21,0.20652173459529877,71233,0.2
1709,CC=C1CN(N=NC=C2CC=CCNC=CN2)[C@H](CC=CN=CC=NC=CC#N)NN1,0.1764705926179886,522614,0.15
1710,CC(C=O)COCCNC=CC1(C)SC(C=C2CCC=NN(C)C2C)=CC=CC1=N,0.21794871985912323,73976,0.2
1711,CC=NC(=O)CCCNC(=O)C1=CCNCC=C(CC=COCC)C(=O)OC=CC=CC1Br,0.2298850566148758,138352,0.2
1712,NC=CC(Cl)=CC=CN1C2C=CC3CNCC4=C3C3=CCCCN(C=O)C(=C(Cl)C=C4N2)C31,0.1975308656692505,533074,0.15
1713,C=C[CH]OC=CC1=CNC=CC2NCC(=O)OC(N)=CC=CC2CC=CC(=O)C(S(C)=O)C=CC1,0.18292683362960815,621923,0.15
1714,CC1=CC=C2OC(=CC2NC2=CC3C=C(F)C2=[N+]C(=O)C32N=CCCC2OC(C)C)C=C1,0.18666666746139526,274240,0.15
1715,[CH]CC12C3=CC(Cl)=CC=CC=C(CC3=O)[C@@H]1C1C[C@H]1CC1(C)C=C(N=CCO)N2C1,0.23157894611358643,311394,0.2
1716,C=CCC1=CC=C(OCC(F)(C[SH]2C=CC(O)=C2)C(C)CC=O)C(=O)CNCC1=CCN,0.21250000596046448,11704,0.2
1717,C=CC(=O)NC=c1ccc2c3c1=C(N)CC[SH]1(=O)C4=NC=C2CCC=CC=C3C1C4,0.2222222238779068,218747,0.2
1718,CCON=CC(Cl)=NCC1=CC(OC2CC[CH]CC=CC(CF)=C2C)=C1CF,0.2150537669658661,137033,0.2
1719,O=C1CC=CNCC1,0.4615384638309479,618454,0.2
1720,[CH][C@]12C(Cc3ccccn3)=COC3=CC(CC#N)C=CCC(=C31)N2C=C,0.2763157784938812,5007,0.2
1721,CC(=O)C=CNSC(C)C=CCNC(=O)CC(C)=C(O)C1=CCN=C1,0.30158731341362,207079,0.2
1722,C=C1CC(Cl)=C(C)SCC=CC1=CC=NC,0.19607843458652496,341741,0.15
1723,CNC1SC(=O)N(CC(F)(F)F)C(=O)c2c[nH]c1c2,0.3207547068595886,513426,0.2
1724,CC(=O)N(C)[CH]OC(N)=O,0.32258063554763794,493083,0.2
1725,CCC1=CC2C3=CC(N=CO)C(c4ccccc4)[CH]CC(F)(O3)C1N2C=CCOC(C)F,0.22580644488334656,357688,0.2
1726,C=C1C(CSC)C=CC=CN2C1C(C=O)NC(=O)C2C(Br)C(=O)OC,0.2567567527294159,294529,0.2
1727,C=CNC=C(C)C=N[C@H]1CC=NCC1(C=N)C=COC=O,0.19354838132858276,452168,0.15
1728,C=C1CC2[C]C=CCCCC(=O)OC=C3NC=NC=C3[CH]C=C(O)C=CC=CC=C(O)C(=C2)N1,0.17924527823925018,366084,0.15
1729,CC=CCN1C=NC(=O)C(C)=CC=CCSCC(C=O)C1,0.22857142984867096,238490,0.2
1730,CNC1C=C2C=CC3ONCCC2N(C=C(C)SC1=O)C(F)=NC=C3F,0.2054794579744339,302265,0.2
1731,CC[C@H](C)CNC(=O)[CH]SC=CCOC(=O)CNC(=O)OC=C(Cl)C=CCF,0.3050847351551056,438913,0.2
1732,CC1=CC(Cl)=C2C=CCCC(=O)C(=O)NC=CC[CH]C(=O)C=CC=C12,0.2678571343421936,369513,0.2
1733,O=NC(C=CCCCC(O)F)NCC=C1[CH]Cc2ccccc21,0.25757575035095215,266915,0.2
1734,CS(=O)C=CC(N)=CC(=O)C=O,0.27272728085517883,44577,0.2
1735,C[CH]CC=CCC(C=COC(=O)C(CN=CC(C)C)C(C)c1cccc(F)c1O)C(N)=O,0.29230770468711853,93589,0.2
1736,CCOC=CC1N=C(N)C(Cl)=N1,0.41860464215278625,110722,0.2
1737,CC=NCNC1CC=NC=C1C=COPc1cn2n1CCSCC=CC(F)=NC(C)=CC2=O,0.1944444477558136,630508,0.15
1738,CCOC1=CC=C(F)C2=C3C=NC1(NC(C)=O)CC=C3C=CC2(C)CF,0.26923078298568726,567641,0.2
1739,CCNC=C(F)C=CNC1=C2C(CC)=CC=C(C1)CC2C=CNC(=O)OC,0.2539682686328888,588000,0.2
1740,CC1C=CC=C1CCC=NCNC(F)C[CH]Cl,0.2068965584039688,281614,0.2
1741,CCNC(=O)C1=CCC2C=CC(OC)C2=CNCCC1OC,0.2982456088066101,184393,0.2
1742,CONCCCNCC1=C2C=CN=C(N)N=CCC=C1C1=CNC=C[SH](C=C(OC)NC1COC=O)C2,0.17499999701976776,99997,0.15
1743,CN(N)C[CH]C(O)C(=O)C=O,0.3142857253551483,80999,0.2
1744,CC=NC(C=CCl)NC(=O)SC=CBr,0.25,510723,0.2
1745,C=C(C=CC=CC=CC(N)=NC=CC=CC=C[C@@H](COC)OC)CN(C=CCCl)CC=COCC,0.21739129722118378,157494,0.2
1746,C=CC=CC(F)=C(C)CC=CC(=O)C[C@@H](F)C=CC=CCC(=O)C=NC(=O)PC,0.234375,307205,0.2
1747,CC=CC(=O)CN=CC=C(Cl)C=C(F)F,0.30000001192092896,271481,0.2
1748,CCOC(=O)CC1=CC(=O)S23C=CC4CC(CC=C2C=PC=CC4=C(NC)NOCCl)[C@@H]13,0.25609755516052246,368874,0.2
1749,CCN=CC(C=O)OC=CC1(C=CNCO)c2ccnnc21,0.26153847575187683,70997,0.2
1750,CC[C](F)CC=CC=CC(=O)Cl,0.48571428656578064,14331,0.2
1751,CC=PC=CC1=C(C)CCOC1=NC(C)CC,0.2666666805744171,389609,0.2
1752,CCc1ccc(F)cc1COC=NC(Cl)=CCC(=O)O,0.3888888955116272,368486,0.2
1753,CCCNC(C)CCC(C=C[C@H](O)C(=O)NCC)C(=O)O,0.4146341383457184,609344,0.2
1754,C=C[C]1CC(=O)C(N)C1C=C(Cl)N=CC(=O)NCC,0.3125,184470,0.2
1755,CCC=C(O)C=C(F)C=C(Cl)C=CC(C=CON=C(C)C)=CS,0.2181818187236786,158153,0.2
1756,C=C(C)C(=O)COCN[SH](C)C=C1C=C[CH]C=C1C=O,0.23728813230991364,419016,0.2
1757,O=C=CC1=CN=CC2C(=CC=CC=C2C2=NCCOC2)C(F)=CC1,0.18840579688549042,523555,0.15
1758,CCC1=C(CC(F)(F)F)c2nc(c3nc2NC(=O)OC=C3)CC(=O)C1,0.2405063360929489,193103,0.2
1759,C=CC=CN(F)C(=O)C=CC=CSN(O)C=C[NH],0.261904776096344,540567,0.2
1760,CNC(=O)C=Cc1cc(F)ccc1I,0.4523809552192688,65719,0.2
1761,NCC=C[C@@H]1C=CCCN=CCCC=C(F)C=C(F)C=CCOCC2N=NC=C21,0.18292683362960815,525575,0.15
1762,O=CC=CC=CC(Cl)=CC(=O)OOCC(O)C=O,0.31111112236976624,568657,0.2
1763,CC(O)CC1C=C2C=C[SH]1CN(C)CN=CC=C(C=CCF)C[C@H]2CCl,0.2023809552192688,287416,0.2
1764,C=CC(=S)C1=CC2=CNO[CH]CC(COC(=CC=CC)NC)=CCOPC=CC2O1,0.1666666716337204,548452,0.15
1765,CCC12C(=O)C=C(Br)C13C=C(F)C(=O)C=CC(O)C=C(C)C=COC(C)CC2=CNC3,0.2537313401699066,156463,0.2
1766,CCOC=CC=C(F)C[CH]C=NC(=O)CC(=O)C=C(O)C=CC=O,0.290909081697464,176891,0.2
1767,C=CC=CC(Br)=CN=CCOC,0.3333333432674408,237865,0.2
1768,CC=CCC(=O)C1OC=C2C=C1CO2,0.30000001192092896,289889,0.2
1769,CNC(=O)C=CC1=CC(C=CCF)C2(CNC=C2C=CO)C(=C=O)C=CC#CC1,0.2183908075094223,284913,0.2
1770,O=C(OC1C=CC2C=NC=CC=CCC1=COC(O)=C2)S(=O)Cl,0.21621622145175934,177293,0.2
1771,CC=CN(CC)OCCNCC=C(CF)OC[C@@H](C)F,0.2142857164144516,59844,0.2
1772,CCCO[C@@H](N)C=NC=CNC(F)=CC(C=O)NC=C(F)F,0.2222222238779068,400749,0.2
1773,C=C(Cl)N=CC(C=CC(=O)c1ncc(CF)cn1)C=NC,0.35185185074806213,109566,0.2
1774,CCCC1=NC2(C3=C(F)CC24CC=CC(=O)C4C(Cl)=CC3)C2=C1C(C)(C)C=N2,0.20270270109176636,614174,0.2
1775,CC1=CC2C1C=CC1=CC=CC=CC3C(=CC4CC1=COC2(C)N4)C3C=CN,0.19718310236930847,465814,0.15
1776,CC=CC1C=C[CH]C(=O)[C]2C=CC(C(=O)OCCNC1)[C@H](C1=CCC=C1C=O)O2,0.19718310236930847,568154,0.15
1777,CC1=CC(N)=C(CC=CCC=C(F)C(C)=CCl)C1,0.2708333432674408,246839,0.2
1778,COC1=CC(COC2=CC(CF)C=C(C=COCC3CC=CC3=O)C2C)=C[C@@H](O)CC=C1,0.23943662643432617,621923,0.2
1779,C=CC=CCCSC1(N=CC(F)CCC(I)=CC(O)F)C=CC=CC=C1,0.2678571343421936,99196,0.2
1780,COC1=CSc2cc(=O)nc3nc2sc3=C(C)NC=C(C)CN1C1=C[C@@H](O)C(=O)NCC1,0.2380952388048172,552631,0.2
1781,CCC(F)N[C](C)NC=O,0.35483869910240173,258864,0.2
1782,CC(=N)OC=C([CH]C(O)F)N1C=CCO1,0.21212121844291687,347490,0.2
1783,CC#CC(C)(O)C(C)NCOC(C=CC(F)=C(N)OCC=[SH]C=CC#N)CO,0.21621622145175934,380157,0.2
1784,COC(=O)C1=CC=C(N)C(=O)C2CC(=O)OC(C)(C)COC=C2C(CCN)O1,0.30158731341362,521971,0.2
1785,CC=CC=C1N=CC[C@@H]1OC,0.28947368264198303,328485,0.2
1786,CC=CC=C(C=CC=N)C[CH]C[C@H](CC=CC1C=CC=C(C)C1=O)ONC=O,0.2112676054239273,281614,0.2
1787,CC1=C(Cl)CCN(CCC(F)CN)C(C=CCC=CC(F)F)=N1,0.2537313401699066,612980,0.2
1788,CCC(C)NC1=CC=CN=C(N)C=CC2=COCC(C)=C2C=C1NCC[CH]C(C)C=NN,0.19780220091342926,524533,0.15
1789,CNS(=O)(=O)NC(=CC=N)C(F)=CCC=NN(C)O,0.21311475336551666,101535,0.2
1790,O=C(NCC=CCl)OC1=CNC=c2cccc3c2=CC=C3CNC=C1,0.234375,51641,0.2
1791,CC(=O)C(C=O)N1C(=O)N(Cl)c2cc(C)c1cc2F,0.30188679695129395,503730,0.2
1792,CC=CN(C)F,0.3499999940395355,101773,0.2
1793,CC[CH]C1[CH]CCCOC2C(=CN=C2C)C1=C(CC1=CC([C]CCCl)=N1)C(=O)NC,0.2164948433637619,506992,0.2
1794,CNc1nccc2c1C=CC(F)=CC2C(=O)NC=C(N)CC1C=NC=C1F,0.26153847575187683,381192,0.2
1795,O=C(CBr)CC12C=CC=CC=CC1CC2,0.3947368562221527,143312,0.2
1796,C=C(C)CC(=O)[CH]NC(=O)Oc1ccc(F)cc1,0.4749999940395355,141959,0.2
1797,C#CCOC[CH]CC=CC=C1C(C=CCCCBr)C1NCC(F)Cl,0.2153846174478531,172857,0.2
1798,C=COC(C1=C2N=CC(=CC=CCCCC)C(CNC=CC=CC)N21)S(C)=O,0.2613636255264282,27384,0.2
1799,C=CC(=CC=CC=NC=CN=O)NC1=CCCOC1,0.2830188572406769,308670,0.2
1800,C=CC=CC(=CC(NC=CNCCC)C(=O)NC=C)O[C@@H](C)Cl,0.28070175647735596,596359,0.2
1801,PCCCNCCC1=CNCC=C1NC=CC=CNOC(Cl)=CCl,0.2063492089509964,484382,0.2
1802,NC(=O)C(O)C1C(NC(=O)[C@@H](F)CCNC(N)=NC=C(F)C=CI)=NC(I)[C@H]1F,0.19736842811107635,451756,0.15
1803,C=CC=CC=CCC1CNC=C(C=C(C)O)CC2=NC(=O)C=CC23CC=NNC2=CC=CCN2C13,0.1818181872367859,626244,0.15
1804,C=CC=C(C(=O)C=CC(Br)C=NCC(=O)NC)C(F)(Cl)C(F)CC,0.22580644488334656,282663,0.2
1805,CCN1C=CN=NC(=CF)C1,0.2926829159259796,197404,0.2
1806,C=C(CC(=N)N)NC(=O)C=CCC=CCC=CCOC(=C)F,0.27906978130340576,549972,0.2
1807,OC=CN=CCSCCN=[SH]CCCNC=C1N=CCC=N1,0.18918919563293457,516705,0.15
1808,COCC#CCC(CO)NC(=CCOC(=O)C(C)=O)OCCBr,0.2830188572406769,291105,0.2
1809,CCC=CC(C)=CNC(Cl)=CN,0.34375,107157,0.2
1810,C=CC=CCC(I)=CNC(=O)NN=C1NC(=O)OC1C,0.24242424964904785,156224,0.2
1811,C=C(CC1=C(C)OC=CC1=CC=CC(C=CI)C=CC#CC=C[C@@H](C)F)C(C)=O,0.2183908075094223,212781,0.2
1812,CCC1CC(N=O)=CC=C1C=CNC1=CC(=CN2NC=NC2(C)O)CC=CC(C)=C1,0.19565217196941376,403882,0.15
1813,CC1C=CC=C2C=CCC(O)(C=NCCCSC=N1)C(=O)[C]C2=O,0.2153846174478531,376772,0.2
1814,CCS(=O)(=NC=O)NC=O,0.2666666805744171,278552,0.2
1815,CS(=O)C12C=CC3CCNCN3C=CC(=CC3=CCC(O)O3)C(=CN1)OCC2,0.20253165066242218,219439,0.2
1816,O=COC=COCF,0.550000011920929,467620,0.2
1817,C=Cc1cnccc1C12C=NC1C=C2Cl,0.3863636255264282,120629,0.2
1818,CCCOC(=O)C=CC(N)CC(C)F,0.4444444477558136,73331,0.2
1819,N#CC=CC=CC=CC(=S)OCC=CC1=C(O)C=CC=CC=CC(F)=[SH]1=O,0.23999999463558197,507378,0.2
1820,C=C(O)C=CCC1(C)CC(C(C)=O)=CC(=CN[C@@H](C)CC)[CH]C1CC,0.260869562625885,589210,0.2
1821,CCOC(Cl)=CC(Cl)=NC1=NC=CON=CC1,0.2666666805744171,560709,0.2
1822,C=C(N=CO)C(O)=CC=CSCC1=CC=CNC=C(NN=C(F)N(F)C[C]2CC(O)CN2)C1,0.16867469251155853,522645,0.15
1823,CN1CC2C=C(Br)C=CC2=CCCCC1=CNC#N,0.24137930572032928,441212,0.2
1824,C=COC(=O)NC=C(Cl)C=CC1(C=C)NC(=O)OC=CC(Cl)=C1C=O,0.2222222238779068,235232,0.2
1825,CC(C(=O)CCl)c1c(N2CC=CN(C)C=CC(O)C2C)c1=NC(=O)C1CCNCC1,0.25,231469,0.2
1826,C=CC(F)=CC=CC=CC(I)=CNCCCNC(F)=CCCC=CC,0.2586206793785095,479322,0.2
1827,CC=C(O)C=CC(=O)C(=CC)C1C=CC=C(C)C=C(C=CNC=O)N1,0.24637681245803833,90286,0.2
1828,CCN1C=C2N=CC3=CC2(C)C=CCCC2=C(Cl)C=CPCC2NC(=O)C=CC3SCN1CF,0.1894736886024475,511665,0.15
1829,C=O,0.1666666716337204,239560,0.15
1830,CCc1cc(CC=CC=COCC=C(F)C=C(C=NC=CCCl)OC)c(O)cc1C,0.2631579041481018,172750,0.2
1831,CCCNC=C1OC(=O)C=C2CC=C3CC(=C1C)C(=C1CNCCC=COC1CCN)C23,0.20408163964748383,361708,0.2
1832,CCO[CH]C1C[C@@H](C(=O)OCC=CC=CC(C)N)N(C=COC=O)C1=O,0.2702702581882477,539926,0.2
1833,C1#CO1,0.11538461595773697,73656,0.1
1834,O=CC=C1CC=S2(=O)C=CC=CC2OC=CC23C=C(C(=CC=CCl)C2=O)N3C1,0.1818181872367859,352282,0.15
1835,CCOC=CC(C)(Cl)NC=C(F)C1=CC=COCC(=O)[C@H]2CC=C(OC)C(=C(O)N1)CC2,0.22448979318141937,559507,0.2
1836,CC=C1CN1C=NC=C(C=O)C(=O)C=CCNC,0.24444444477558136,580524,0.2
1837,NC=C1CCC(N=CC2(O)C=CC(=C3N=CCC=C3Br)CC2O)=CC=CCCOC1,0.18421052396297455,308670,0.15
1838,CNC(=O)C=CCC(=N)C=C1C=CC(N2C=CCC2C)=C2C=NC(F)=CC=C2S1,0.2247191071510315,214423,0.2
1839,CCC=CC=CC=CCC=CC=CNF,0.4482758641242981,296937,0.2
1840,CCOC(C)(C)C1C=C2OCC=NC2[C@H](C(C)C=CCCOC=O)CC1=S,0.21917808055877686,328290,0.2
1841,CC(C)CC#N,0.5555555820465088,250983,0.2
1842,C#CC=C1CNCC(OCC=C(C)Cl)C1CCN(F)C(=O)CN(F)CC=CC,0.22368420660495758,12427,0.2
1843,CNC1=CN2C=CC(C3CC3)CC=CNCCC(Cl)=NC(=O)C=C1[CH]C(=O)OCC2,0.20000000298023224,175542,0.2
1844,C=CC=CCCC=CC(F)CNC[C@H]1CC=CC(C)OC1,0.2800000011920929,460277,0.2
1845,CC1=CC=C2C=CC(O)=C2CC(N)C(OC(=O)CN(C)O)C1=O,0.23728813230991364,379750,0.2
1846,CCNC=C1C=C2OCCC=C2C=C=[SH](=O)C(=O)C=C(C=CBr)C(C#N)=CC1N,0.2380952388048172,271514,0.2
1847,C=C1CC=C(C=CC(N)=CC)C(N2C(=O)C(C=CCC[C]CC)[C@@H]2OC=CC)=N1,0.21111111342906952,607584,0.2
1848,[CH]C1C=C(C)[C@H](N)CN(CCC#C)COC=C1NCNC=C1C=C2C(N)=CC12,0.21739129722118378,545272,0.2
1849,[N-]=[N+]=NCSC=C1C=CC=CN=C(CCCOC(=NC=O)[SH]=O)N1,0.2361111044883728,528458,0.2
1850,C=CNOC(=CN=C([O-])SCCC(C=CNC)N=C)OC(F)=C(F)C=C(C)N,0.18666666746139526,205827,0.15
1851,C=C1C=CC2=C(C(F)=NC(C)(N=CCNC)O2)C(OC)C=CC=CSC(=O)NC1,0.21212121844291687,608646,0.2
1852,C=C1C=CC(Cl)=CC(C=NC=O)C=CC(OC)=CC=C(CCC)C=CC=C(F)CNC(=O)SC1,0.20183485746383667,569729,0.2
1853,N#CC1=C2C=C(N)C(Cl)C=CCC2(NC=CNC2C=C(Cl)CN=N2)N=C1,0.2150537669658661,242803,0.2
1854,CCOCC=CC=CN1C=CCCO1,0.3076923191547394,592955,0.2
1855,CCCCC1OC(Cl)=NC=C(CO)CC(F)=C(NC(N)=O)C1C=O,0.2666666805744171,72636,0.2
1856,CNOC=C1C(N)=C2C(C)=CC(=O)N2CC=CC2(C)C=CC3=NC(=CNCC2)C1CC=C3,0.2151898741722107,462964,0.2
1857,CC=C(COCC=C1N=CC=CN1)OC,0.24137930572032928,244916,0.2
1858,C=CC=Cc1cnc(C(C)=O)cc1SC1(N(C=CC(=N)CC(Cl)C=CC)CO)OC1=O,0.22499999403953552,177298,0.2
1859,CCN1C=C2C=C3CCC1CCC1=C(SC(=O)OC)C(=C(C)OCCN1)N=CC2=CN3,0.22727273404598236,189115,0.2
1860,CC=C1C[C@H](C)NCCO1,0.36666667461395264,390598,0.2
1861,C=C1C=CC(C=N)CC(NC(=O)C2(CCNC(=O)C=COC)CC=CCC2)C(COC)=C1,0.23595505952835083,298814,0.2
1862,C=C(C=NCOC1(C=CCC(C)=CC=COC2=CC2)CC=CC1=C)CC1C=CC=C1,0.20000000298023224,159076,0.2
1863,COC(=O)C1=CC=CCC(C)(C)N2CC=C(C=CC(=O)OC=CCO)OCC2=C1,0.2638888955116272,279280,0.2
1864,C=C(Cl)C1=CC=CC(=O)C1C=NC(=O)CC=CC,0.31111112236976624,584442,0.2
1865,CC1[CH]C(=O)OC(CF)CCOC(=O)C1,0.42105263471603394,447014,0.2
1866,CC=CC=CCC=C(F)C(F)=NCC=CN(C)C,0.28947368264198303,138925,0.2
1867,C=CSOC(=O)C(Cl)C=CNC(C)SC1C=CC(Cl)=C(C=C)C(N=CN)=C1,0.2278480976819992,224883,0.2
1868,CC1=C(Cn2ccc(C)cc2=O)NC=CNCCN=CC(F)(F)CC=C1,0.33870968222618103,459644,0.2
1869,CC=COC=C1C(C)OC=C(Cl)N1C(CN)=C(C)CI,0.19736842811107635,387505,0.15
1870,CC=CC(=O)C=C1C(CNC)=CC=C2CC(=O)NC1C(C)CS2,0.24285714328289032,557905,0.2
1871,CC(=O)N=CC1=CC=C(F)C(=O)OC1C,0.3333333432674408,99666,0.2
1872,C=CC=C[C@H](OCC(N)=O)C1C=C(O)C(C=O)C[CH]CN1C(=O)/C=C1\CC(=O)N1C=N,0.21978022158145905,188774,0.2
1873,C#CC1NC=CN(C)C(F)C1=CNC,0.22448979318141937,439293,0.2
1874,C=CC1C=CNC=C1OCCC=Cc1cnc2cc1N(Cl)C2,0.2985074520111084,624812,0.2
1875,CC=CC=C(C)C(=O)C=CC=CCOCCC1[CH]C(Cl)(CCO)NCC=C[C@@H](F)C1C,0.2073170691728592,592062,0.2
1876,C=COCC=C(Cl)OCCNCC[C](O)C#CCC1=CC=CN[C@@H]1COC1=CC=CSC1C,0.19540229439735413,224475,0.15
1877,CC=Cc1cccc(S)c1N=CC(=N)C(C)CC1=CCSCN1C=O,0.260869562625885,93294,0.2
1878,CCC=CSC1=CC2=C[C](C)C(=C2)C(C)C=C1c1ccccc1,0.2666666805744171,216244,0.2
1879,CC1=C[C@H](C(N)=O)C(=CN=C[CH]C2(N)CCN2)N1,0.25,50589,0.2
1880,C=NNC(=O)C=CC1C2=C3COC(=CNC(C)=CC(=CN(F)CC)C(=O)NC31)C=C2,0.19587628543376923,630640,0.15
1881,C#CC(=O)CCN1C(=O)OC1NCCOC(N)=CC=CC1=CCCC1,0.2777777910232544,403619,0.2
1882,CC1C(=O)C=C2C=NCC(Cc3cocc31)C(C#N)=C1CN1C=CC2S,0.21686747670173645,1951,0.2
1883,CN1CC=CC(F)=C1OC=C(O)CCN=C(Cl)C=NOC=CC=CCF,0.18292683362960815,491936,0.15
1884,C[CH]COC=CC(F)C=C1C=NC2=CC=CC2(F)NCC[CH]C(=O)C=CC=CC1,0.1927710771560669,113655,0.15
1885,CN(C[C@@H]1CCC2C=C1C=CC1(C=C(O)CC1)CCC2)OCCC=NC1C=C1,0.20481927692890167,518540,0.2
1886,CC=CCC(C)(O)C=O,0.3870967626571655,442665,0.2
1887,CC=CC1COC(=O)COCOCO1,0.3333333432674408,568154,0.2
1888,CCOC(=O)OC[C@H]1N=CCC(F)CN(C)C1=O,0.3541666567325592,74787,0.2
1889,CC1=CC(C)=C2c3ccccc3C2(CC2NCCC=C2C(=N)F)C1,0.2535211145877838,244879,0.2
1890,C=NC(C=N)NC(O)=CCC(I)=NCC#CC,0.22641509771347046,50639,0.2
1891,CC1=C2C=C3CC=CC(=O)C4(C=C[C@@]31C(C(C)F)=CC(C)C(I)=N4)CO2,0.20000000298023224,525114,0.2
1892,O=CCON1C=NC(C=C2N=CCC=CN2S)C=CNCCN1CC=O,0.18571428954601288,409659,0.15
1893,CC1=CC(F)(Cc2cccn2C)CC=CC=CC=CC2=CC2=CCC(=O)CO1,0.2800000011920929,429473,0.2
1894,CO[CH]COC1(Cl)C(=O)C=CON=CC[C@H]1COCN1[C](OC)CCNC1=O,0.21111111342906952,130837,0.2
1895,CC1=CC2=NC=C(CCOC(C=O)=CCNC=CCCC(=O)NC=CC2C)N1,0.2602739632129669,13934,0.2
1896,CC=CC(=CC=CC1C=CC=C(F)COC(=N)C=C(Br)OC(=O)C=CC(O)OC1)NCC,0.2133333384990692,75873,0.2
1897,C#CC1=CC=C2OC3=CCN2N2C=CC=CC(=CNC=C(C=NC3)C1C=CO)CN=C2,0.17142857611179352,431118,0.15
1898,C#N,0.1428571492433548,6213,0.1
1899,C=C(C)CCCC=CN=C1C=C2C=C1OCC(CCNC1C(C)C=CCC1CO)=CC(C)=N2,0.20560747385025024,227786,0.2
1900,C[C]1C[C@H](C)CC(O)=CCC1=C(C)F,0.26829269528388977,214035,0.2
1901,Nc1ccc(=O)c(C=CC=COC(=O)C2=NC(Br)=COCC2=C(F)C=C(O)C=O)nc1,0.2405063360929489,268731,0.2
1902,CC1=CCC(C=CC=NC=C(C[N+](=O)[O-])[N+](N)=O)C=NC(F)=CC(=O)OC=NO1,0.18421052396297455,246284,0.15
1903,O=C(C=CC=C1CC=C(O)C=CC(I)CO1)NC1=CC1,0.2295081913471222,243364,0.2
1904,C=C(C)N=CCC1=C(C)N=CNC#CC(=O)OC1C,0.2295081913471222,16783,0.2
1905,CC(=O)OC1(F)C=C(C)N1CC1=CCO[C@H]1CN=[N+]=[N-],0.3076923191547394,146803,0.2
1906,COC=CC1OC(=O)OC=CC=C2c3nc(co3)C=C3C=NC4=CC3COCC2COC1C=C4,0.19767442345619202,513397,0.15
1907,CCOC(=O)CC=CNC=CC(=CC=Cc1cccc2c3ccc(c12)COC(=O)C=C3)CN,0.3291139304637909,364474,0.2
1908,CC=CN(C#N)C=CCCSN=CC=CC=CN[N+]([O-])=CC,0.17307692766189575,255055,0.15
1909,C=C1C(C)=CC(=NC(=O)NC)C1Cl,0.25581395626068115,564853,0.2
1910,CC=CC1COC2=CC(=NC(C=N)CNC=CN=CC(C(F)(F)F)N2)C1C1CC1,0.21250000596046448,629954,0.2
1911,C=CC=CC[SH](=O)=C1C=C[C@@H]2C(=C1C=CO)C(NC#CF)CNC1=NC2C(F)=CO1,0.1834862381219864,330551,0.15
1912,C=COC1NC(Br)=CC(F)=CC(F)=CC1=CNC(=O)C=CSC=CC,0.2238806039094925,359452,0.2
1913,C=CN[C@H](C=C(C=NC=C(F)C=C)NC(=O)C=C)C1OC2C=CC1=C1C=C(C)C=C1S2,0.20253165066242218,165832,0.2
1914,COCC1=CC(N)C(=O)N(C)C2=C3C(C)=C4NC(C)=C2NC(=O)OCC43C1,0.260869562625885,414230,0.2
1915,COCN(O)C(F)(F)C=CCC=C1C=CC2CC(=O)C1C2,0.2698412835597992,389255,0.2
1916,C=C(F)C=CC(F)C=C1COC=CC=C2C=C[C]C(F)C=C2C=N[C@H](CC2C=CC2)C1,0.15909090638160706,161452,0.15
1917,C[CH]C(C)[CH]CCNC1(CCCN)CCC(=O)NC=CC=C(C(=O)OCCBr)C1CF,0.23711340129375458,184627,0.2
1918,C=CC=CC=CN(C)C=CN=C(CC(=CC(N)=O)n1cccn1)c1ccc(Cl)c(F)c1,0.2933333218097687,580072,0.2
1919,CCOC(=O)C(=O)N(C)CC1C=CC(NC=NC=CC2=CC=C(CC)N=NC2)C=C1,0.2647058963775635,55116,0.2
1920,CCC1=CC=C(CCN[CH]O)[C](C(=O)N[CH]C=O)OCC1(CC)CCNC(=O)C#N,0.2261904776096344,168672,0.2
1921,CC(C)C(Cl)C=CCCF,0.3125,255565,0.2
1922,C=CSC(C=O)=CC(=O)C1C[CH]C(=O)C(N)=CC1=CC(Cl)C=O,0.20000000298023224,112194,0.2
1923,CC1C=C2CNC(C)N(C3N=CC(=O)N3)N=CC2=CCN1,0.24193547666072845,192678,0.2
1924,CC=NC1=CNC(CF)=CC(F)=C1NC=CCCCOCC,0.24528302252292633,400135,0.2
1925,[C]CCNC(=O)C1=C(Cl)C(=O)[C@H](F)[C@H](S)C(C=C[C@H]2CC(F)=CC2=CCCC)O1,0.21348313987255096,506920,0.2
1926,CO[C@@H]1C[CH]COC[C@H](N)CC=CC2C=CC(CO)C2N=C(C(C)=O)CC1,0.23880596458911896,322521,0.2
1927,CCOCC(=O)C[CH]CCCOCC(C)=CC=C[C@H](C)OCCCC(Cl)=COC(C)=CCl,0.2602739632129669,273035,0.2
1928,CC(F)=CC=CCCC1=S2CC3=NC(=O)C1C(=CC=C3)CCC(C1C=CC(O)CC1)C2,0.2368421107530594,287611,0.2
1929,[CH]C(Cl)=[SH](=O)C1=CC=C1[C@H]1C=CCC1,0.3199999928474426,335543,0.2
1930,CCOCCC1C2=N[C@H](C)CCOC(C)=CC=CCOCC=CCN1[C]2N,0.24705882370471954,385279,0.2
1931,CCOCC=CC=CC=C1C(NCC=O)=CC(=O)C=CC2C=CC(=C2)N1CCF,0.2238806039094925,14505,0.2
1932,CCCCOC(=O)C=NC=C1C=C(NC(C)=CCO)N1NC=CC(=O)Cl,0.3142857253551483,553437,0.2
1933,CCC1=CN=CC2=NCCNC2C1=CC(=O)C1NCC=CC1=CC=CNO,0.2142857164144516,243756,0.2
1934,CC1CCN(C)C(=O)CN(CC=CC(=O)C2CCCC(=O)CO2)N1,0.30000001192092896,235134,0.2
1935,C=C(N=CNCSCC1=CN=CNC1)C1=CCNC(=O)C=C(C)N1C=NCCl,0.19587628543376923,392607,0.15
1936,C=CN=C1C(N(S)C=O)=CC(Cl)=CC1O,0.19298245012760162,289354,0.15
1937,C=CC=C(C=CCCc1cc(OC)c[nH]1)C=C(F)NCC(C)C=CNCC,0.24358974397182465,477187,0.2
1938,CCCC=C1CC(C)(O)NC=C(C)CC#CC2C=CCNC1=C[N+](F)=C2C=O,0.21917808055877686,450072,0.2
1939,CCC=CCOC1C(=O)C(NC)=C1C1=NC=C(C)C1C=CC=COC,0.2222222238779068,238305,0.2
1940,CC(N)(F)CCF,0.4000000059604645,607601,0.2
1941,CCNC1=CC=CC2(CCC3=CC(F)=C4CC3(C)CCN4C(N)=O)CN(OC)N12,0.23529411852359772,60343,0.2
1942,CC1=NOC=C(Cl)C=C1C(F)=CCOC1CN(C(N)(N)CNC=O)C1=O,0.21590909361839294,479261,0.2
1943,CN=C=CNC1OC(=O)CN=CCC(C)=CS1,0.19607843458652496,65873,0.15
1944,CC1OC=CCC2C=CC=C(SC(=O)N1C)C(=O)C=CC1=CCN=CC=C(CC(=O)CC2)O1,0.2266666740179062,508809,0.2
1945,CCC(=O)C(=O)N=CCC=CC=Cc1cccc2cc(Cl)cc-2c1,0.3571428656578064,305165,0.2
1946,CCS(=O)CNC(=O)NC(C)C[C]CCF,0.2888889014720917,502150,0.2
1947,C=NCOC1CC(C(C)N)C=C1C=CC1SC(C)=CC(C)C1=O,0.21621622145175934,281281,0.2
1948,O=[SH]C[CH]N[C@@H]1C=C2C=C(C3COCC3=O)C1(Cl)C=CCCCCO2,0.25,216072,0.2
1949,CC1NCC(C2=CCOC=C2N=CC(Cl)=CCC(F)F)C=CSCC=CCC1C(=O)O,0.21917808055877686,105599,0.2
1950,CC=CC=C1C=NC=C(C=CN(CC)SC=O)N1SC(=O)C=CN,0.2222222238779068,412362,0.2
1951,CC1=CC(=O)C2=C(C(O)C=CCCl)CC1CC=C2,0.27586206793785095,168642,0.2
1952,Cc1nccc2cscc1C([O-])OC(=O)/C2=C\N1CC2=CC1N=CC2=CCl,0.2409638613462448,137548,0.2
1953,CCNC(=O)C1=CC(=C(F)C=NC)C=CC1,0.3541666567325592,513312,0.2
1954,CC=CC=C1NCC2=CC(C=CC=CCC3C=C2C=N3)CC=NCCC(Br)C=NC=C1C=CC=C(C)Cl,0.17045454680919647,548452,0.15
1955,[CH]COC(=CC=CC=C)C[C@H](N)C([NH])=O,0.30434781312942505,438063,0.2
1956,CC1C=COCC2=CNC=CC2CCN1,0.2448979616165161,388679,0.2
1957,CCOCC(=S)NC=C(O)C[CH]C(=O)c1c2cc(F)cc1C(O)C=C(CN)C2,0.2531645596027374,242193,0.2
1958,CC=CC=C1C=C(C=O)C(=CCCC(C)=C2C=CC=CC2)CN1,0.22857142984867096,45974,0.2
1959,CCCC1=C[C@H](N)N=CC2C(=C(CS)C3=NCN=CN32)NCCC(Cl)C1,0.2153846174478531,251784,0.2
1960,CCC(O)NC(=CN=C(C)N1C=CC=CC1OC(=O)C=COC)CC=CC#N,0.23749999701976776,141408,0.2
1961,CCOCC=CC1NC=CCOCC(O)C(=O)[C]1C=C(C)OC=CC(C)=N,0.26760563254356384,589204,0.2
1962,CC(=O)CC(N)CPNCC1=NCNC=C1CF,0.27272728085517883,392087,0.2
1963,C=CC=CCCC12C[CH][C@@H](C(C)C)C3CC=CC=CN=C4CCC1=C1C5=CC=C(O)C2(C3)C41C5,0.19230769574642181,99196,0.15
1964,CCC1=CC2=CC3=C4C=CC(C(=C4)C(F)=CC(=O)OCC3)C(CCCC2CC)O1,0.24193547666072845,252797,0.2
1965,CCC=CC1C=C2C=CC(OC)C2C=CNC1,0.2545454502105713,550337,0.2
1966,CC=NC(C)=C(C=CCO)COC(=O)C=CC(Cl)=CC,0.3720930218696594,519977,0.2
1967,CCC(=O)CC=CC=COC(N)=O,0.4000000059604645,360737,0.2
1968,CCCC1OC=CC1(C=CC(C)=CN)C(C=CC(C)(C)F)=CC=O,0.25,551441,0.2
1969,CN=C(N)CCC(=O)OC=C1NC(NC)=C2C3C=CC1=CC23,0.2380952388048172,479327,0.2
1970,CC1CCNC(Br)=CC=CCC1=CCSC(F)=CO,0.23728813230991364,435398,0.2
1971,COCNNC(=O)OC(C=CC=C(C)F)=C(C=C1C=C(Br)C=C1C)NC=CCOC(C)=O,0.2535211145877838,440474,0.2
1972,NC=CC1C=CC2CC3C=CC(=CO1)N2c1cc(Br)ccc1[C@H]3C=CO,0.23999999463558197,362077,0.2
1973,CC[CH]C=C1C=CN2C=CC=C(C(=N)C=CN1)C(=O)NC=CC(=C=N)C2,0.23076923191547394,64458,0.2
1974,CCC1=CC=CNC(C(=O)NCCC(C)=CC(=O)NC)=CNC=C1C=N,0.2950819730758667,180442,0.2
1975,COCC(C)=CC(=O)N1C=CC(CO)C1,0.31111112236976624,442122,0.2
1976,CC(=CC(F)C=C(F)C=CC=NC(C)=CO)COCNCC1CN=C([SH](=O)=O)CSC=C1Cl,0.20212766528129578,240496,0.2
1977,CCOC(=O)[C@@H]1CC[CH]C(F)=CC1=CC(=O)C#CCC[SH]=CC(=O)O,0.328125,256652,0.2
1978,COC=CC=Cc1cn(Cl)cc1C(=O)C[CH]CCNOC=C1C=CC(=O)C=C(O)CC=CC1,0.2222222238779068,156492,0.2
1979,CCCC1C=C(c2cc3c(Cl)cc2C=CC(O)C(=O)C=C3C)C=C(CCO)C1,0.27419355511665344,436322,0.2
1980,Cc1cccc(Cl)c(F)cccn1,0.5185185074806213,599607,0.2
1981,CCCCSCCOC(=O)c1cnccc1C(=O)C=C1CNC(C)=C1N(C)N,0.4153846204280853,158922,0.2
1982,CC=NC=C1NC(C=CO)OCCC1[SH]1C=CC=C2NC=C(C)C=C2CC1CC[CH]OCC,0.1894736886024475,367392,0.15
1983,CCOCC=NS(F)=c1nc(Cl)cc[nH]1,0.3137255012989044,240757,0.2
1984,C#CCOC=C(C)[SH]1C(=O)N=CC2=NC(N)=NC3N=C(C)C2OC=C1NC(F)=C3C=C(S)OC,0.20183485746383667,385988,0.2
1985,[C]CC(F)C(=O)C=NC(Cl)C=CC=CC#N,0.23529411852359772,83593,0.2
1986,CNC(C)[CH]C=C1C=C2CC1C(=NOCC(F)F)CC1NCCC21,0.21621622145175934,497116,0.2
1987,NC1=CC2(F)OCC2N1,0.24444444477558136,154584,0.2
1988,CC1(S)C=COC1,0.3076923191547394,585735,0.2
1989,CCC=C(Cl)C1=CNC(=O)OC([CH]C=NOC)=C1C(=O)CCOC(C)F,0.22891566157341003,50826,0.2
1990,C=CC=CC=C(I)OC(N)(O)C1C=CC(F)=C(NC)C=C1C,0.22972972691059113,400258,0.2
1991,O=C1CN1,0.5,113249,0.2
1992,COC(=O)C1(C=O)C=CC(COc2ccccc2C=Cc2ccccc2)=NN1C,0.42105263471603394,252858,0.2
1993,O=CCCNCC1=NCN=CC(=O)OC[C@@H](CCC=CCl)C2OC(=C2CO)C=CN=C1,0.19607843458652496,390273,0.15
1994,CSc1[nH]cc(F)c1OC=CC=CCCC=C(C=O)CC1OC=C(O)C=C1C,0.23943662643432617,480824,0.2
1995,CC(F)=NC=CC=C(F)CNC12[C@@H](CC=CC1(C)F)CCCN2F,0.22058823704719543,261997,0.2
1996,CCCCCSC(CONCCC(=O)CCCc1ccc[nH]1)NCC#N,0.36666667461395264,447913,0.2
1997,CCC1=NCC(CC)C(=NC(=O)OC)C2=C(Br)C(N=N1)O2,0.28985506296157837,349996,0.2
1998,CC1=CC(=O)OC2CC(=NC=C2Br)CCC=CNCCC=CC=N1,0.25,53511,0.2
1999,CC=NC(=O)NC=C(F)Cl,0.2702702581882477,173358,0.2
2000,CC(=O)NNSCC=CN1[CH]OCC=C=CNCc2cnccc2C=CC1=O,0.25,192635,0.2
2001,CCOC=CC(F)(C#N)C1=NCNC=CC(C)=C1CCl,0.30000001192092896,75485,0.2
2002,O=CC1=C(Cl)C=CC(=O)NC(F)=CC=COC1,0.3191489279270172,606410,0.2
2003,CC(=O)C=NC=CC(=CC=NCN1CC12N=CC(=O)C=C2Cl)SC=CC=CC(C)CBr,0.20192307233810425,472081,0.2
2004,CC=CC1=CC(=O)OC(C)=C(C)C(NC=CC(=O)C=C(F)C=O)C1=CNCC,0.2380952388048172,280391,0.2
2005,CC1=C2C=CNC1(C)CC=CC1CCC=CC1=COCC(C(=O)O)C=CC2,0.27586206793785095,10726,0.2
2006,C=CC1=C2C=CNC13NCNC(=O)CC(C)NCC=CC2=CN3F,0.2711864411830902,194980,0.2
2007,O=CCC=CC[SH](O)C=O,0.38461539149284363,154615,0.2
2008,CC=CC1(O)C=CC(F)=CC=CPCCNC(=O)OCNC(F)=CC1(C)CC,0.2266666740179062,312310,0.2
2009,CNC(C)(CNc1cc(F)ccn1)N=C(C)N=CC=CC=CC=CC(=O)C=N,0.34328359365463257,118504,0.2
2010,C=COC(=O)C=C1CC(=O)C(C)=CC=CC=CC2=C1C=CC2C(=O)OC,0.2539682686328888,34950,0.2
2011,COCCC=CC1C=CC(C[NH])=CC2CC(C)C(C)([C]CCNC=CC3=CC2(O)C(=O)C3)CN1,0.20454545319080353,604985,0.2
2012,CC(=N)NC(=O)N(CF)CC1=NCC=C1COC(=O)C=O,0.2881355881690979,272388,0.2
2013,CCO[C@H](O)NC=CC=C(I)C=C(Cl)OC=CC=O,0.29629629850387573,428288,0.2
2014,C=C(C)C(=COC)CC(=O)OCC(Cl)NCCOC=CCNCC=CC=C(N)C=CC(=O)OCC,0.2916666567325592,585889,0.2
2015,C=CNC1C=C(CO)C2=CC1=CON(C)C(=O)COC2,0.27586206793785095,69539,0.2
2016,CNC=NCC[C](Cc1ccccc1OC1C=C(C)N=C1C)C(=O)NOC,0.3125,335921,0.2
2017,CCC1=C(C=N)C2(C=CN)C(C(F)F)=CC=CCC2=NS(=O)(=O)OC1,0.21666666865348816,615175,0.2
2018,CC1=CCC2=CCC[C@H](C)C(=C2)C(=O)OCNC=CC(=O)O1,0.29411765933036804,124907,0.2
2019,C=CC=CSC=CC1=C(C(C)=O)C=CN(F)N=C1C1=CC=COC1C,0.18840579688549042,123369,0.15
2020,CC=CC1COC(C)=N[C@@H]2C=Cc3c4cncc3C2=C(C=N1)CC(C)C([CH]OCC)[CH]4,0.19718310236930847,329618,0.15
2021,C=CC=C[C](C=CC1=C=C(F)[C@]1(N)CC)C=CC1=NC(C#CCC)C1=CC=COC,0.18518517911434174,495315,0.15
2022,C=CC(F)(F)C=CON=CC=COCN1C=CC(Cl)=CC(CC)C1,0.2266666740179062,112400,0.2
2023,C=CO[C@@H]1CC[C@H](C)CCCC=C(COC(C)=O)C2NCC=C2CC(=O)C=CC=CC1=O,0.27397260069847107,405020,0.2
2024,CC[C](CC)COC(=O)N=C1CC2=C(F)NC([SH]=CN=O)SC=C2C(=O)[C]1C,0.2405063360929489,306585,0.2
2025,CC=C1C=NOC=C(C=CNC=NC2=CC3=CC(Br)=CC[C@H]32)C1=CC1(C)NC=CCC1=N,0.1489361673593521,358535,0.1
2026,CNC(=O)C(=CC=C(C)ON=C(C)C=CON=CSC(=O)C1C=CCCOC1)CC=CF,0.21111111342906952,208681,0.2
2027,CN=COCn1c([SH]2C(C(F)C=O)=Cc3ccccc32)c2c(=COCC(=O)NC)c1=CC2,0.25641027092933655,387663,0.2
2028,COC(=O)CC(=O)NC(=O)C=CN(O)CNC=C1C=C(CCl)C=CC=C1F,0.2857142984867096,185000,0.2
2029,C=CC1CNC=C(N)C=C(C=CC=C(CCl)SC)CN1,0.2083333283662796,498427,0.2
2030,CC1=C(O)CC2=C1C(C)OCC(F)=NC2,0.2708333432674408,181218,0.2
2031,CNC(C=Cc1cc[nH]n1)N(O)CC(CC=CC1=C(F)C1C=O)OC(C)=O,0.2380952388048172,275542,0.2
2032,CCC(C)(Cl)[C@H]1C(O)[SH]1CNC(=O)OCC[CH]CC[C@@H](CC=CC(F)=NC[SH](C)(N)=O)OC=CCN,0.20652173459529877,501962,0.2
2033,C=CC(=O)NCC(I)=NCC(=CC=COC(CC)C(=O)OCC)C[CH]C=C(C)Br,0.29230770468711853,431669,0.2
2034,CCC(=O)C=CC=CC1=NC2=C(C)C(=C(F)OC(C)S1)C=CCC(S)=C2C,0.25,213548,0.2
2035,COC1COC=CC(C=C(F)N=O)NC(=NCCO)C2C=C(F)CC1=CC=CCCC2,0.21875,394461,0.2
2036,O=C(CCF)CNC1C=CC(CN=C([CH]O)OO)C(F)=C[N+]2=CC=CC(Cl)C12,0.18390804529190063,227561,0.15
2037,CC(F)C=C(N)CC=CC1COC2=CC3C=C(Cl)[C@H]2C(CCO)CC=NC=CC=C31,0.1894736886024475,335482,0.15
2038,CCN=C1CC(O)[C@H]2CC1C1OCC3=NC4C=C2[C@@]341,0.22033898532390594,407446,0.2
2039,C=CCOCN=CC=NC(C=O)=NCCCC(C)C(=O)NC[C@]1(N)C=COC(Cl)N1,0.23863635957241058,84282,0.2
2040,CC=C[C]C=CC1=C(CNC(C)(N)O)[CH]COC2=COCC=C2N=Nc2ncccc21,0.2278480976819992,622883,0.2
2041,[N-]=[N+]=C(C=CCN1C=C(OCCNCCCl)CC1)CC=CC=CO,0.20000000298023224,560162,0.2
2042,CCN1C=CC=C(F)C=NC(=O)C2C=C(Cl)N=C(C)C21,0.23188406229019165,188358,0.2
2043,CC=C(C=C1CNC(=N)NC=CN2C(C=COC)=C1C21NC=CC=C1C=O)CO,0.19718310236930847,533879,0.15
2044,C=CC1CC=CNC(=O)C2CC=NC(O)[C@H]12,0.26530611515045166,383063,0.2
2045,CC=CC=C(C)CC(CC=CCF)NCCC1=CONCC1C(C)=CC,0.20000000298023224,164219,0.2
2046,C=CC1CCC(=CCCl)C1=C(Cl)C=C(CC#CC(C)F)N=CC(C=CNC)C(=C)O,0.1808510571718216,34771,0.15
2047,CC=C1O[C@@H](CCOC=C(C)C=C(C)OC=O)[CH]C=C(C)C(=O)NC(=O)C1N,0.23376622796058655,460997,0.2
2048,COC=CC1=CC[C@@H]2CC(N)=C3C(C)C=C(c4ccc(C)n4OC13)C2O,0.21052631735801697,104505,0.2
2049,CC(=O)C(Cl)=C(CC=NCCl)CNCc1cc(Cl)cnc1F,0.3166666626930237,179358,0.2
2050,C=COC12CSC13COCN1C(N=CC(=O)NC)=CCC(=C[C@@H]3[CH]CCN2)C1CC(C)C,0.2222222238779068,297649,0.2
2051,COCCOCC=NC(C)=CC=C1OC=CC2C(=O)C=NCC3=CC=CC(Cl)=NC3=C12,0.22727273404598236,377499,0.2
2052,CC=NC(O)C(=O)C=CCC(N)CC=CN,0.3076923191547394,479078,0.2
2053,C=CNCC1OCCCC(NC=C2CC(=N)OC2CC)=CCC(=O)CN1CCl,0.23749999701976776,306247,0.2
2054,CC(C)=CC(=O)N1CC(C)=CN(CF)C2CC3=CN(CCC(O)CF)C3C=C2C1Br,0.22368420660495758,265852,0.2
2055,CNOC1=C[C@@H](C=CCC=COC=CCc2ccccc2C)CN=C1,0.30645161867141724,572950,0.2
2056,FC1=CCC2=CC3=CC1N=NC=C32,0.2380952388048172,448651,0.2
2057,CC=CC=CC1=CNC=CC2=CC1=C2C#N,0.23636363446712494,105459,0.2
2058,CC1OC(F)=CS1,0.25,228474,0.2
2059,CC=CC=CNC1C=C(F)C2=C3OC(=O)CCOCCS(=O)(=CC=C3OCCC)OC21,0.23404255509376526,427819,0.2
2060,C=C(C=CC(=O)OCC)C1=CC(C)=C1COC,0.44999998807907104,577858,0.2
2061,CC(C)NCC(O)C(=O)C=NC=CCC=CCC1=CC2CCC2SC1,0.2321428507566452,391870,0.2
2062,ClC1=CCNC(=CI)CCO1,0.261904776096344,229270,0.2
2063,FCC(C#CC1=COC=CC=C1Cl)=CN[C@@]12CCC=CC=NC=C1CCN2,0.1770833283662796,377892,0.15
2064,ClC=CCOCC1=CCC=NC2(C=NC(Cl)=CCN3NC=CC=C4C=CCC=C43)SC=CC=C2C1,0.17894737422466278,103757,0.15
2065,CC1(C2=C(SN)C2)CC(=O)CO1,0.3611111044883728,245200,0.2
2066,C=CC(=CC=COC)CC=CC1=CC(=O)NCS2=C(CC=CC)C=C1N2,0.2083333283662796,571777,0.2
2067,CC1=Cc2c(F)cccc2CCOC(=O)CC(=O)O1,0.42222222685813904,450445,0.2
2068,C=CCNC=C(F)C(=O)C1=CC2N=CCOC(=CCNC=C2C)C1CCCO,0.2247191071510315,468096,0.2
2069,COC(C)NCC1=C2CC(=CC=C1C=CC=C(C)F)N2,0.2151898741722107,413122,0.2
2070,CC(C)C(=O)OC1[CH]C=NC(N)=C1C(F)C(=O)CN1C=C[C@@H](C)CN(F)C=N1,0.23469388484954834,272277,0.2
2071,C[C@H]1C#CNC(C)(C)C(CCCO)C2OCC(N)C(=O)C2=C1,0.2698412835597992,391683,0.2
2072,COC=CC(F)=C1C(=O)C2=N[SH]3C=CC(=CN3C1C(C)=O)C(CF)=CN=C2,0.22077922523021698,389690,0.2
2073,CNc1ccc2c(=S)cc1-2,0.36666667461395264,397270,0.2
2074,N=CN=CC(F)CC=CC1=CC=C=NCC2(C=C(Cl)C=CC=COC2)N=CC1,0.1666666716337204,88762,0.15
2075,COC(C)C1=CC[C@](N)(C(=O)F)C1CF,0.2884615361690521,372697,0.2
2076,C=CCC(=O)NC1C=C(N=CCC=CC=CCC=O)C(C(=O)CC(=O)N=CC)=C1,0.23880596458911896,33852,0.2
2077,CNC=CC=C1C=C2N=C2CC(=O)OC=C(C=N)OC(N)=CCC=CN1,0.1764705926179886,97773,0.15
2078,COCC=CC(Cl)C(=O)N(F)OC=CC(O)=CC1C=CC(C)C=CC(F)=COC=CS1,0.2222222238779068,461375,0.2
2079,CC1=CNC2=C3NC(COC(=O)C1C)COC3(C)C(=O)N2C,0.24637681245803833,395853,0.2
2080,C=CC=C1NC[CH]C2[CH]C#C[C@@H](C2=O)C1=COC1=NC(CCl)OOCC=N1,0.1764705926179886,410591,0.15
2081,CC1=CC=C2OCC(C=CNCCC=O)=NN=CCC2O[C@@]1(F)C1=CCC=C1,0.23376622796058655,482882,0.2
2082,C=CCC=C(F)CC(CN)N(C=CC=O)C(=CC=COC)NC,0.22807016968727112,352245,0.2
2083,CC=CC1NN=CN(F)C(C(N)=O)Cn2ccc(C)c2COC1=CC,0.23943662643432617,286528,0.2
2084,O=CC=CC(=O)[C@@H](Br)NC(F)=CC(=O)N1CCNC=NCC=CNCSC(=O)C1,0.2235294133424759,306099,0.2
2085,CC(=O)C=CC1C=C2C=CO[C@H]2N2C(=O)[SH]3C=CC(=O)C(=N3)C=C2CCO1,0.23880596458911896,550692,0.2
2086,C=CC1(C2=CC=C(Cl)NC(=O)C2C)C[C]C(=O)C1,0.2884615361690521,124152,0.2
2087,N#CO[C@@H]1Nc2ccc1c(F)c2CN(C=CI)C=CC(=O)F,0.22058823704719543,316489,0.2
2088,O=C(C=C1NCC2=C1C=COCC2Cl)CO,0.2448979616165161,308836,0.2
2089,CCOC=C(C(=O)NC)C(Br)=NC=CC=CCCOCC=CCCN(F)C=CC=C=O,0.2266666740179062,499784,0.2
2090,CCOC[C@H](F)OC(=O)C(C=C(C)SCCCS)CF,0.29411765933036804,439663,0.2
2091,CCC(=O)C(Br)C(=CNC1=COCCOC=CC1=O)ON,0.2539682686328888,399572,0.2
2092,COC(N)=CC=CC12C=C(C=CCC(=O)CC1)C=COC2=O,0.2586206793785095,153583,0.2
2093,CC1=CC2CC(NC3=CCC3)=CCCC(=O)C=CC(=O)C(=O)OC1C2,0.2571428716182709,55278,0.2
2094,CCC=C1C=CCC=C2C3=CN(C)OC=CC(OC)[C](C(=O)O)SC1=CC=C1CC123,0.2266666740179062,625750,0.2
2095,COC=C(I)C=CC=COC(=O)C=CC(F)=CCC(=O)O,0.2978723347187042,548311,0.2
2096,CC=CC1=CN(CN=CCO)C(=O)NN2CN=NC1(C=CC=COC)CC=CCC2=O,0.2142857164144516,76012,0.2
2097,CC1C[C@@H]1COC(Br)=NC=Cc1ccccc1Cl,0.4117647111415863,36441,0.2
2098,CCCC(=O)C(=S)C=CNCC1=CCOCC(C)COC1,0.2786885201931,204073,0.2
2099,O=C1C=CN=CCN=CC2C=CC(Cl)C=CC(F)=CC2=N1,0.23999999463558197,266756,0.2
2100,C=C(C=CC=CC(=O)[CH]C)C(C)OCC(O)(F)C1=CN=C(CO)[C@H]1I,0.234375,170450,0.2
2101,CC(=CC(=O)O)O[PH](=O)CCC1OC2=CC(Cl)N(O)C2CN(C)C2=CC(=[SH](=O)CC2)O1,0.20454545319080353,596535,0.2
2102,NC(=O)NCOCC=CC(Cl)=NC1=C2NC(OC2=O)OC1C1C=CC1=CN=CF,0.23595505952835083,426903,0.2
2103,CC=CCC(=CC)O[C@@H]1C=C2CNC#CC(O)C(=CC=O)C(C3=C(C)OCC3)C(N2)C(C)=C1,0.18691588938236237,542509,0.15
2104,NC=C1C=CC=CNC1c1nc2ccc1C(Br)C(F)=CC2=O,0.22972972691059113,99922,0.2
2105,CCC=NC=CCC=CC1OC(=O)CC=NC(C)=C1C=CCOC,0.28169015049934387,393149,0.2
2106,C=NC12C=C(NC=C1C=CNC=CN=CC1C=[SH](=O)C1)C(=O)C=CC=C(NC(=S)CF)N2,0.17272727191448212,416422,0.15
2107,CNC(N)=C(F)C(C=O)=CCN,0.29032257199287415,484574,0.2
2108,CC[CH]C(=N)OC=C1CCNC=CC(N)=CC(S)C1=O,0.2641509473323822,618454,0.2
2109,C=CCOC(=CSCC=CN=COC1C(C(C)F)=CN=C1N)COC=CC,0.2238806039094925,593294,0.2
2110,C=C[CH]C(=O)[C@@H](S)C=NN1C(F)=CC(NC2=CC(CPC)=C(C)C2O)[C@H]1OC=O,0.2068965584039688,193404,0.2
2111,CC(=O)C1=CSC(C)C1C=CCOCC=CCC#CC(=O)C(C)C,0.25925925374031067,476121,0.2
2112,[2H]C1=CCS23C=CC(F)=C2C(C=C3C=CC)NC=C[C]1O,0.19354838132858276,377996,0.15
2113,O=C1C=CNCC2=C(C(CF)C=C1F)C(CO)NC=C2,0.26923078298568726,545192,0.2
2114,CC1=CC(O)CC=C(F)C2=C(S)C=CC=C(CC(=O)Cl)C2=Cc2ncccc2N1,0.28378379344940186,467885,0.2
2115,[CH]O[N+](C)=NC(Cl)=C(F)C=CC1=C2S[CH]COCCC(=CC=C(CNC#CC)C=C2F)C=CNC1,0.18367347121238708,457664,0.15
2116,CC1=NCC2=C(CC=CCC2)C12[CH]CC(C)C(=O)OC(C#N)C2=O,0.28787878155708313,13934,0.2
2117,CN1C(c2cc(F)cc(Cl)c2)=NC=CC=CC(=O)C1S,0.3037974536418915,610774,0.2
2118,CC1=CSC2C=CC1=CNC21C=CC=COCC2CCC=C(F)C=CC(=C1Cl)C2,0.1894736886024475,631975,0.15
2119,COC(=O)COC(=O)NC=O,0.4848484992980957,15229,0.2
2120,C=CC(C)=CC1=C(N)C=CNC1(C=N)[C@@H](O)/C=C/CC,0.23333333432674408,404338,0.2
2121,COC1=C(COC(=O)C(C)(C)O)N(C=O)CC=C1,0.40816327929496765,356887,0.2
2122,C#CC=COCC(=O)C1=N[C@@H](Br)C[CH]N1C(=O)C=CC[C@@H](C)C=CNC=O,0.2368421107530594,478019,0.2
2123,C=CCC1C=C(C=C(Cl)NC(=O)CC=NCC2=CN=CC2=CC(=C)N)CCO1,0.21621622145175934,535259,0.2
2124,CC1=CCOCCC(N=O)CC2=CCC=COC(C=C2)OCCC(=O)C(C)=C1,0.22580644488334656,156463,0.2
2125,CC=NC=CN(O)C1CCNOC=C(C)C[SH]1C=N,0.18840579688549042,196859,0.15
2126,C=C(F)C=CC1C(=O)OC12CC=CC=CCC=CC2=O,0.23728813230991364,297247,0.2
2127,[CH]C1C[C@H](C)CCC2=CC3(OC=CCO3)C3=CC(=C(C)N=CC31)C2,0.19354838132858276,286903,0.15
2128,CNCCNC=C(C=CC#N)C(=O)OCCN(C)C,0.43478259444236755,267201,0.2
2129,COC=CCC=C1C=C2C=C(C1)C(=CC=CF)C2,0.2321428507566452,513397,0.2
2130,NC(=O)CC=CC1CC2=CC=CCN=C(Cl)C3=COC=CC3C(=O)C1=CC=CO2,0.20253165066242218,95017,0.2
2131,CC=CC=C(C=CCl)NC=COCC=CCC=CCC,0.260869562625885,459804,0.2
2132,O=CNCC1CC=CCC1,0.46666666865348816,565668,0.2
2133,C#CCOC(C)=CC=CC(=O)C=CNCCN,0.3469387888908386,374676,0.2
2134,CCC#CC([CH]CC=CCl)NC[C@@H]1CCC=CCC1=CCCN,0.18987341225147247,525065,0.15
2135,CCC1(CC=O)C2=NCC(=O)C1(CC)NC=C(O)C=C2,0.24137930572032928,578106,0.2
2136,COCCCC(=O)C=CC1=NC=CC(OC)C(N)C(=O)C(=CS)C(O)O1,0.25806450843811035,53132,0.2
2137,[CH]C1=CCCC2C(C(C)=CC(F)=CC)O[C@@H](C#N)CCC(=O)C3(C=CC=C(C)NCC3)[SH]12,0.20408163964748383,394152,0.2
2138,CC1OC2C=CC3(CNC=C3C=O)C(C1=O)C(N)O2,0.23636363446712494,8096,0.2
2139,CNC=CC1=[C]C(C)=CC2C=CC=C1C(CBr)=C2,0.2068965584039688,224368,0.2
2140,CNC=NC(C)COCCOC(Br)C=O,0.30000001192092896,32655,0.2
2141,C=C(C)C1OC(=O)C2(C=COC=CC(C)=O)NC(=O)CC(F)=C2O1,0.25806450843811035,36490,0.2
2142,CC1C2=CC=CC(=C1CN(C)OC=O)C[CH]OCC2,0.22058823704719543,320776,0.2
2143,CC(=O)[C](O)C#CC=CC=C1C=CC(=CNC2=CC=CNC(=O)OC(C)(C)N2)C1(O)C=N,0.20930232107639313,47588,0.2
2144,CSC=NC1CC=CC=CC(NC=CC=C(C=O)C=CC=CC#N)C=C1F,0.19780220091342926,262052,0.15
2145,OC1=CCC2=CC3=CCC(CCl)=C(C=CC3(O)F)CS2=C1,0.1846153885126114,412414,0.15
2146,CCNC(=O)C(C=CCC=C1C=CC(Cl)C(O)C=CC1OC(=O)NC(C)OC)=COC,0.24719101190567017,187428,0.2
2147,CC12C=CCC3(C=CN1)C1=CN=C[SH]3C2=CC1,0.239130437374115,172721,0.2
2148,C=C(O)C=CNC1=C(O)N=CNC1=C(C=CC)C(=O)C[C]C=NC1=CC=C1C(C)O,0.21686747670173645,607746,0.2
2149,CCOC(=O)C(CCO)CCC(C)NC1=C(C)c2c(N)ccc3c2SCC3=C1,0.30985915660858154,488251,0.2
2150,O=CCC=CC1=CCC=C(CF)N=C1Cl,0.25,154615,0.2
2151,NN(C=CC=C1C=C(F)CC1(C#CC=CC=O)C=CCl)N1C=CC(F)C=CC=CCC1,0.1875,513078,0.15
2152,C=CC[C@@H]1CC=CN=CC1=C,0.4444444477558136,621923,0.2
2153,CNC(=O)C12CCC(C)C(=N1)C1(C)NC(=COC)C(Cl)=CCC21,0.2777777910232544,35500,0.2
2154,COCCC[C@H]1[CH]OC(=O)C2=CCC=C(CF)C[C@H](O)C=NC(N2)C(F)=CC=CN1,0.21348313987255096,307680,0.2
2155,CN=C1CCN=C(Cl)C(=CCCNC)C(C2=CC=CC3CC=NC(Br)=C3CO2)SC1,0.2068965584039688,619292,0.2
2156,C=CC1C(SCC)=CCc2nc(NC(C)(C)NCNC)ccc(cco2)ON1C,0.2142857164144516,383530,0.2
2157,C=CC1(C=CCCCCOC)CC(F)=C2OC=CNC=C(F)C3=C2C(F)(F)C3C1,0.2461538463830948,532450,0.2
2158,CC1=COC2=C(C)C(C)(O)C([CH]CC(C=CCCCl)=C[CH]OC1)OCCNC=CO2,0.20000000298023224,88762,0.2
2159,CCC=NN1C[C@H](F)[C@H](OC(C)F)C1=CC=C[C@@]1(C=CC=CC=O)C=CC=CN1F,0.21052631735801697,417637,0.2
2160,O=CC1=CC=CC2=NC(=CC1)OC=C2,0.2380952388048172,415710,0.2
2161,C=C1C=CNC1CCC1[C@@H](CCNCC(=O)[C@@H](C)O)N1CCF,0.22891566157341003,377683,0.2
2162,CC(=O)OC=CC=C(Br)C=CC(=O)F,0.42424243688583374,628289,0.2
2163,O=CC=CC=COC=CC1OCC=C2CC=CC2=CCC=CC1=O,0.25,517448,0.2
2164,COC1=CC=CC(=O)NC(CNC=NN2C=CC=CO2)C=CC=C1,0.22727273404598236,545021,0.2
2165,NC1=NC(N=CCO)C(C2C=COCC2)=C1,0.25,620811,0.2
2166,CNC=NC1C=C(N=CC#N)O1,0.24444444477558136,467046,0.2
2167,Cc1scc2c1OC=CCC(O)=C1C3COCC1(O)C(=CC=NN2)C1=C3COC=NC=C1,0.1756756752729416,194973,0.15
2168,CC1COCN=CC=C(O)C2CN(C1)C(=O)C=C[C@@H](O)[CH]C[C@H](C)C2C=CO,0.20000000298023224,320025,0.2
2169,C[CH]C(=O)NC(F)C=CC1=CC=CC(O)(C#N)C=CCN1,0.23076923191547394,544819,0.2
2170,CC1=CC2=Cc3on(c3C)CC(=C(Cl)N=C1)C=C(O)C=NN=C2,0.2068965584039688,631942,0.2
2171,CCC=NC=CC1=CC=CC(=CNC)C=CC=C2C(=O)[C](C#N)C=COC(=O)CNC12,0.20212766528129578,59713,0.2
2172,CCCNC(C=O)=CC=C(Cl)C=Cc1ccn(C)c1,0.44897958636283875,534302,0.2
2173,CC=C(C=COCC)OCCC(Cl)C1=CCC[CH]1,0.3333333432674408,157494,0.2
2174,CC(=O)C1=C2C(=O)OC(C)CC=COO[C@H](C#N)C=CC12O,0.2931034564971924,199875,0.2
2175,C[C]1C2N=C(N)N1C=C(Br)CC1=C2C(=O)OCC=CC(F)=CC1,0.23076923191547394,458225,0.2
2176,CC(=O)C=C(C=O)C(F)=CC(C#N)C=CC(N)CC1C=CCNC1,0.2222222238779068,511266,0.2
2177,CC=CC=C(C=CC=CC(C)=O)C(=O)NC=NC(I)=C[CH]C(=CNC=O)OCC,0.3103448152542114,94527,0.2
2178,CNC=CC(CCl)=NC1C(=O)C(Cl)=C1C(O)C=COC=O,0.25,307899,0.2
2179,CC(=O)C(C)=C(N)N=CCOC1(N)CCOC(=O)C(=O)C=CN1,0.2535211145877838,122456,0.2
2180,O=CC=CC1=CCC1,0.40740740299224854,415710,0.2
2181,CCC1C(=O)NC=CC1=CC=C(N)C1C(F)C1CSNC#CCl,0.19540229439735413,128124,0.15
2182,CC(=CC=CC(C(N)=O)C1(O)C2CC21)N=CC1CC=NC(C)NC(=O)[C]1N,0.2028985470533371,238718,0.2
2183,C=CCC=C1CC2=CNC(=COC2)C1=CCNC=CC=O,0.19480518996715546,317580,0.15
2184,CC=NCC=C[C@@H]1CC1OC=C(C=C(C)OC=CC=NC)C(=O)CCCOC(C)C,0.21917808055877686,164826,0.2
2185,O=C1CNC[C@H]2COCCC(=CC=CNOC2)C=Cc2cccnc2OC1,0.3030303120613098,611376,0.2
2186,COC=C(CO)C(=O)C#CCC(=O)CBr,0.3333333432674408,182424,0.2
2187,CSC(=O)C=CC1=CNC=CC(O)C1C1=CC=C(F)C1C=O,0.21311475336551666,60124,0.2
2188,CNCC=C[C](C)C(=O)NC=COCC(=N)C(=O)CCOC,0.2708333432674408,449869,0.2
2189,C=CC(N)C=C1[CH]C(N(C=NC=CC)CC=CCC(O)C=C2CC=CN=C2F)C(CF)=NC1,0.18987341225147247,576899,0.15
2190,C=CC(=NO)C1N=CNCC[CH]NC(=O)NCCOC=C(C)C=NC1=O,0.20253165066242218,547526,0.2
2191,N=CC=CC#CCN=CC=NC(CF)NC=CC=O,0.20000000298023224,568657,0.2
2192,CC(C)C(O)(SC=CC1(C=CCSF)C=NC(F)=CCCN=CC1C(C)(C)O)C(=O)Cl,0.20879121124744415,198484,0.2
2193,C=CON(C)CC1=CC=CC(=O)C(C=CS(C)=O)NC[S@@](=O)N[C@@H](C)C1OC,0.1931818127632141,251399,0.15
2194,C=CC(C=O)C=NC=C(CNC(C)=O)OC=CCC1C=CCCCC=C1,0.26153847575187683,7193,0.2
2195,CCN=C(C)C=CNC(=NC)C(C)N=CC=C1C2=C(F)C=C(F)C12,0.19718310236930847,338456,0.15
2196,CCC=COCN(O)C1C=NNC(=CCC=C(C)C=CC(=N)F)O1,0.20895522832870483,84161,0.2
2197,C=CC(Cl)=CNC=CC(=O)SC=CC(F)=CCCF,0.2199999988079071,177215,0.2
2198,CCO[CH]CC1=CC=CC(=CC(O)(CCOCC)NC)N=C1,0.2545454502105713,153131,0.2
2199,C=CN=CC=CCN(O)C1(C=C)C2=CC(Cl)C(F)(C=C)C(C(=O)NCC)C=CN21,0.22368420660495758,404221,0.2
2200,CCc1cc(Cl)cnc1CNC=CC=CN=CC=CC(N)N=COCC1NC=CCC1=O,0.2467532455921173,344484,0.2
2201,O=CC=C1SC23C=NCC(O)=C2C=CC(=O)[C@@H]2OCCCCC(=O)C13O2,0.2368421107530594,578450,0.2
2202,O=C(O)C1=C(F)N=CCC(OC[CH]NC2=CC=CCC2=O)=CNC1,0.23188406229019165,477726,0.2
2203,CC1=CC=C(Cl)C=C2[CH]C3=CC=CC1C1(C)OC(C)(C)C1C[C@@H](C3)N(C)C2,0.20481927692890167,335645,0.2
2204,CC(C)OCCSCC=O,0.5185185074806213,32655,0.2
2205,CC1=CC=C(CO)CC(=N)OCC(=CC=C[SH](=O)=O)ONCCC=N1,0.1944444477558136,347854,0.15
2206,CC[C@@H](O)CC=N[C@H](O)C=CC=CF,0.3030303120613098,38587,0.2
2207,CC(=O)NC(=O)C=N[C@H]1CC=C2C[C@@H]2NC=CC1C=NCC1=CCC=C1,0.26865673065185547,625750,0.2
2208,CNC1=CC1=CCC1NC=CC=NCC2=C(S1)C(=COCC=COC)CN=C2,0.1860465109348297,26934,0.15
2209,C=CC=CCC1=C(NC=C2OC=CC2Cl)OCC(=NOCC)C(=O)C=CC=CC=C1,0.21111111342906952,412654,0.2
2210,C=C(C)C1CC(=O)C=C(C[CH]COC=COCC)CCNC1=O,0.32203391194343567,97583,0.2
2211,C=C(C)C(N)OC1=C2C=CC=C(C)C(=C1)C=CN=C2Cl,0.20967741310596466,355262,0.2
2212,CC(=N)C(=O)NC=CC=CC1[CH]NC(C=C(C)F)C1,0.21621622145175934,102912,0.2
2213,C=C(F)C=CC1OC(CC)OC2=C1C=NC(C)C2=CNC[C@H]1C=C(Cl)C1,0.2073170691728592,578416,0.2
2214,C=CN=CC1=CCC2(C=C1C=CN=CO)C1=C(C)CSN2NCCNCCC(Cl)=C1,0.20779220759868622,96339,0.2
2215,C=C(O)c1cc(=O)c2c(n1COC(O)C(F)(F)F)=CC(Cl)=N[CH]C(=O)NC(=O)C=2,0.25333333015441895,243777,0.2
2216,C=C(C)C1=C(CC=COC)C[C@@H](C=CC(=CC(O)=NCCC)SC=CC(N)=O)N1,0.22972972691059113,588268,0.2
2217,CCNC(=O)CC=CC=NCNC=CC(C)C=CC1(C)CC=CC(C)(C)C1CC,0.2368421107530594,469508,0.2
2218,CNC=CCCOC1=C2C=C1C1=COC3=C([C@H]4C=NCC=C4C)C(F)C1C23,0.20000000298023224,432038,0.2
2219,CCC1O[C@@H]2CNC(=O)OC=C(C(C)C)[SH](C)C(C)=CC=CCOC(=O)[C@@H]1C2=O,0.23456789553165436,231882,0.2
2220,C=NC(=O)[C@H]1C=CCON(CC(C)=CC=N)CC=NCCC(C(=O)O)N1,0.2153846174478531,343491,0.2
2221,CO[C@H](F)CC1=C(Cl)C(N2CNC=CC=CC23CC=NOC3)C=CC(Br)=CC(F)=C1,0.20000000298023224,215421,0.2
2222,O=CC(C1=CC=CC#CC(CF)=CC=CC1)C1=CNC(Br)C=N1,0.234375,630641,0.2
2223,N=CC=CC=O,0.3888888955116272,277839,0.2
2224,NOC=CC(F)=CS[C]1C[C](O)CNC=COC(C=CCl)C2C=CCC=CC(=O)C=C12,0.16346153616905212,384637,0.15
2225,CC(F)(F)C1=Cc2ccccc2C=CC(O)CC1(N)C1=S2N=CC=CC2=NC1=O,0.239130437374115,373016,0.2
2226,C=COC1=CC=C(C)C2C=C3OCC=CCC4ON=CNC=C3CC(CC=C1S2)O4,0.171171173453331,81766,0.15
2227,CCCN1C=NC(=O)NC(=O)SC(OC)=C(Cl)C1Cl,0.30909091234207153,197641,0.2
2228,C=C(Cl)C=CC=CC(=CN=C(Cl)C=CC1CCC(=O)N(C)CC=CC2=C1NCC2)OC,0.2195121943950653,123475,0.2
2229,C=CC1=CC2C=CCCC(=C)CNC1=NN=C(Cl)C=Cc1cn2ncc1=O,0.19178082048892975,152990,0.15
2230,CC1=CC2=CCC(CCC(=S)C=O)C2C1,0.2586206793785095,415709,0.2
2231,OC=CC=CC1=C[C]C(O)=C[C@H]2C3=CN=C(C=CCO3)C1CN2I,0.19402985274791718,557013,0.15
2232,CC1CNC(=NN2CN=C([CH]CN)CC2C[CH]CN(Cl)C=COC=CC=CC=O)CO1,0.17777778208255768,582155,0.15
2233,CC=CNC=CCC(Br)=CC(N)=NCCOC,0.3199999928474426,391922,0.2
2234,CC1NC2CSC1/N=C\COCNCC(=O)PNCC(=O)OCCOC2=O,0.22033898532390594,516988,0.2
2235,C[C]CCOC=CC1=CC(=CF)CC2=C(C)C2CC=C1C1CSCC1=CNC,0.1666666716337204,323869,0.15
2236,C=CSC1C(=CN)C(C=CC(=O)OCC(=O)CC=CCCC)C2C=CN1C=N2,0.25,151974,0.2
2237,CCC=CC(C#CC1C=CCC=C1)C1C=CC(N)CC(=CC=CC=COC=O)O1,0.2028985470533371,361346,0.2
2238,CN=CC1=CC(C[SH]=CC2=CC(C(F)=CCC#N)=C2)C(=O)C(C)=C1C,0.2133333384990692,408545,0.2
2239,CC(=O)CC=C1C=C(C2=CC[C@@H]3CC=CC3(C=CCF)C=N[C@H]2Cl)C1,0.2535211145877838,517106,0.2
2240,C=CN=C[C@@H](CCC1=COCC(=O)[C@H]2C=CC1=Cc1ccnc2n1)CC(N)=O,0.21276596188545227,571964,0.2
2241,CCSC(C)C1COC[C@@H](C2(CC)C=COCC2=CN=COCC(C)(O)CC)C1,0.20481927692890167,507868,0.2
2242,C=CC(=O)C=CSNCC(O)(C=CC=CC=C(F)C=CC=CC)CC=O,0.24137930572032928,273199,0.2
2243,COC1=CCC=NSCC(OCCl)(C2=CC=NC(C)C(C)(C)C(N)=C2)CCC=CC#C1,0.18627451360225677,159861,0.15
2244,Cc1ccccn(N=CC2C(N)=COC(F)=C2C=CC=CCNC(=O)CC(C)O)on1,0.2530120611190796,319981,0.2
2245,C=C(C)C1=COC=CC=CC=CC#CC(CSC=CCO)=CC1=CC,0.19696970283985138,449457,0.15
2246,C=CCN1CCOCC2=CCC(=COC2)C(C(C)N)C1=O,0.2753623127937317,154805,0.2
2247,CC1(OCCOC(=O)[CH]C(=O)C(F)(F)CN=C(F)S)CN=C2CCOC3C(=C[SH]23)NC1=O,0.23232322931289673,15148,0.2
2248,C=CCOC=CCC=C1C=C2CSC(C=CNC3CC=NN=C23)C=C1NC=CF,0.17977528274059296,474695,0.15
2249,CCCSC=C1NC=NC1(O)C=NC1=CC(F)=NC(OC)=CS1,0.22058823704719543,92754,0.2
2250,C=CCC=C(C#N)C1=CCCC2[CH]CC3(CN=CC)C=C2OC(C1)C3=CSC,0.18390804529190063,559777,0.15
2251,COC(=O)CBr,0.6499999761581421,47055,0.2
2252,CC(C)CN[C@@H]1CC=C(C2CC(=O)C=CCC(=O)CNS2(=O)=O)COC1C,0.25,116990,0.2
2253,C=C1CC2C=CC(C(C)=O)(C=C(F)OCCC2)CC1C(C)=O,0.2857142984867096,535018,0.2
2254,CNC=CC1C=CC2=C(C=CBr)[C@@H](C)C(=CO)C=C(NC)C=CC2C=CC2=C(C=CN=C1)C(N)C2,0.1785714328289032,583024,0.15
2255,O=C1CC=C2C=C(Cl)C=C2C2COc3c(cccc31)C2,0.3333333432674408,105449,0.2
2256,C#CC(C)[CH]CC[SH]1CN=CSC(=O)[C@@H]2C3=CC=C1CCC3(CC=C)C2N,0.20270270109176636,16303,0.2
2257,COC(=O)[C@](C)(O)C(=O)CCNC=CC=O,0.3571428656578064,370298,0.2
2258,CCC1C=C(C)NCC2NC3=CCC4=C(C)N=C(O)C3=CC3C=CC=C4CNC=CC=CC12CC3=O,0.19565217196941376,159443,0.15
2259,NCC1CCOCC2(Cl)C(=O)C(F)(F)OC=C[C@H]12,0.2916666567325592,168832,0.2
2260,CCOC1=CC(NNC=C(O)C=C(Cl)C=CC=N)C=C(Cl)C=CNC[C@@H]1CC(=CC=CCSC)CO,0.18691588938236237,537706,0.15
2261,C=CC=CC=CC(=O)C=CC1(C=CC(F)CC(=O)NC(=O)CN2CCOC2)C=CC=N1,0.2631579041481018,502372,0.2
2262,C=C(COC=CC(C)=O)C(=CC(C)C)OC(=O)[C@H](Br)OCCC,0.3333333432674408,192627,0.2
2263,C[C]1CC=C2CCN1N([C@@H]1C=C(Cl)C(C)=N1)O2,0.23728813230991364,409594,0.2
2264,CCC=CC(=O)N=NC=CC(Br)=CCC1C=NC(N)=N1,0.2800000011920929,107157,0.2
2265,COC=CC=C(Cl)C=C(C)OC=CSC=CC=NOC(F)F,0.24137930572032928,539353,0.2
2266,CCC=CC=CC1C=NC(=O)C=CC(SC(C)NCCCl)=CC1,0.22413793206214905,106573,0.2
2267,C=C(OSC=CC)C(F)NC=C(N)C=CC,0.23076923191547394,474931,0.2
2268,CC=CC=CCNC=CCC=C1CC=CC1CO,0.27906978130340576,138925,0.2
2269,NC1(NC2C=CCC(=O)OC=NC=CC=CC(F)=CCC2)C=CC=CC1,0.2238806039094925,161316,0.2
2270,C=C(C)N=C(C=O)NC=CC=C1OC(=NC(=O)C=CCC)C=C1C(=O)O,0.24242424964904785,54943,0.2
2271,C=CCC1C=C(Cc2cccnc2)C(N)C(=N)C(=CC=O)C1,0.35185185074806213,90551,0.2
2272,CC=C(Cl)C1=CC=CCC(O)(N=CC=CNOC2C=CC2CN(C)O)CC1,0.19480518996715546,344655,0.15
2273,COCC=CC=C1C2CN3C=C(C)N1C1=CC(C3)N(C#CC=CCC(=O)N2)C=C1,0.20000000298023224,527628,0.2
2274,C=CC1C(C)[SH]1CC=CC1=CC(=CC(=O)SCC)NC2C=C(C)C=C2n2sc1c2NC,0.2142857164144516,527282,0.2
2275,C=CC1CSC2C=C1C(=NOC)NC=C(C=C=O)OCCC1=CC(CC=C1)CNC2,0.20000000298023224,617385,0.2
2276,O=C(O)CCC=CC1C=C(F)C=CC2CC=CNC=C(Cl)N(C=C3NCC=CC=C3C2O)C1,0.2380952388048172,95017,0.2
2277,C=CCC=CCC=CC(C=O)=CNNC1(C)C=COCOC1,0.24528302252292633,352245,0.2
2278,COC=CC1=CNCC(=O)CNC=CC#CCNN=CCC=C2OC(C)=C2C1C(=O)CCN,0.21359223127365112,86299,0.2
2279,CC1=CC=CC=CNC2C=C(C(Cl)=CN)N=CC2OC(=O)N1,0.22972972691059113,377087,0.2
2280,CNC(=CNN(C)C=CC1=CC=CN=CNC1)OCOC,0.2142857164144516,252720,0.2
2281,C=C(C)C=C[C@H]([O-])CC(=CNNC1=C(CO)CC[CH]1)C(O)F,0.2666666805744171,123306,0.2
2282,C=C(Cl)C1COC(=CON=CCS)C1(C=CC(C)=CC)CO,0.2295081913471222,56539,0.2
2283,CC=CC=C(N)OC(Cl)=COC1C(C)=CC=C1NCCN(C)C=CNC=C1C=CCOC(=O)O1,0.1962616890668869,456476,0.15
2284,CCC1C=C(C)C(O)(C2C=CC(F)=CC(=O)NC=CCC=N2)SCNC1,0.21917808055877686,282569,0.2
2285,C=CCN(C=CC(=CC(C=O)ON)C(F)F)NCC=C(NC#CC)NCCOCCCl,0.19480518996715546,598184,0.15
2286,CC[CH]CC1N=CCC2=S1C=CC=CC=CC2=O,0.2181818187236786,155131,0.2
2287,CCOCCC1=CCC=C2C=CC(F)=NC(=CN2)C(F)=[N+]1,0.24193547666072845,549635,0.2
2288,COC1=CN=CCC(C)C2(Br)C=CC=NC2=C(C)C=CC(=O)C(N)=CC1,0.21212121844291687,16298,0.2
2289,CC[C]1CCN[C@@H]2OCC(=CC=C2F)C(C=O)C(=O)ONC1,0.22727273404598236,262463,0.2
2290,C=CC=CC(=O)OCC(C=CCC=C(C=O)C1=C(CF)C=C(C)OC1C)=C(C)C,0.24590164422988892,237865,0.2
2291,C=CCCC(C)(O)[CH]OCCC=CNCC(=O)O,0.4000000059604645,397846,0.2
2292,O=C1C=C(Br)c2ccc(cc(S)c3c([nH]2)C2=CC=C(C2)S3)C1,0.22580644488334656,479318,0.2
2293,CCOC=CC1=CC2(CC=C(Br)C=C2N)CC(C(C)=O)C(Br)=CC1,0.28787878155708313,384676,0.2
2294,CC=CC(=O)CNC(CCOC=C1CC1)=NC1=CC(N)=CC1CC1CC1,0.22857142984867096,448625,0.2
2295,NC1=C2OC=CC(C(F)(F)F)CC2CCC1,0.27272728085517883,331348,0.2
2296,O=CC=C1C=CC1N[S@@](=O)COCC[C@@H](Cl)C=CC=CCOC(O)C=C(F)F,0.21348313987255096,426167,0.2
2297,[CH]OCC1=NCC2=CC=CC3(CCCOC3=O)C2=CC=C1C=CC(C)N,0.2380952388048172,95510,0.2
2298,CNC=CC(C#CC=C(C=O)N=CC=CCBr)COC(C)(C)I,0.21311475336551666,72759,0.2
2299,C=CC(=N)C(C=C1C=CN=CCC=CCNC(=C)C=CN=C1)C(=O)CC=CCF,0.17721518874168396,149228,0.15
2300,C=CC1(C)CC=CC=C(C(=O)C=CCC(=O)OCCCF)CC=C(SC=O)CSC(=O)C1=O,0.23170731961727142,391292,0.2
2301,CC(C)F,0.38461539149284363,482645,0.2
2302,CCN(C)C=O,1.0,282783,0.7
2303,C=CC=CC(=C[CH]CC)C(=O)OC=NC(CC(=O)CC(Cl)=CCC)=NN=C(CO)OC,0.25,237865,0.2
2304,CCCCCC1C=C[C@@H](Cl)[C@@H](C=NC=C2NC=CC2C=NC=N)O1,0.26229506731033325,40085,0.2
2305,CC=CCC=C1CC(Br)[C@H](NC=C2C=CNCC=C2CF)C(=O)N1,0.2266666740179062,51517,0.2
2306,C=CCC(=O)C=CSCCCC=CC1NCC2(C=C1Cl)NC=CN1CCC2=CC1C(Cl)C=C,0.1944444477558136,266849,0.15
2307,CCNC=CC=NCN(C=O)C1(C)COC(=O)CNC1C=CC=O,0.234375,490386,0.2
2308,CCCCC1=C(F)C=CC2C=CCNNC=CCC1[CH]CC(OC)C=CC2,0.22535210847854614,310907,0.2
2309,CO[C@@H]1C=CC=NNC=NC=CC(C)C(N=N)=NC(CCl)=CC(C)=CC=NC1,0.18292683362960815,574331,0.15
2310,C=CC=C(Br)C=CN=C1C=C(N)NN=C(C(OCF)C(=O)CC(=O)C=CC(C)F)N1,0.21111111342906952,154792,0.2
2311,C[C@H]1N=[N+](F)C12CC2(O)CCCOC[CH]C(O)=COC1=CNCC1,0.20270270109176636,20930,0.2
2312,CC1=CC(O)C(=O)NCC=C(I)C=CC=C(C(F)F)C1,0.2153846174478531,135130,0.2
2313,CCOCCCC=CC=CC(F)NC(=O)C(O)CF,0.3199999928474426,222276,0.2
2314,CC=C(Cl)C=COC1=CC(Cl)C=CC=CCOC(=O)C2=C(C=[N+]=[N-])C=CCC(C2)OC1,0.19767442345619202,593014,0.15
2315,CCN=Cc1cccn1CC(C=CC1=CCOC(=N)C(O)[CH]C(=O)C1)=CC(C)CC,0.2650602459907532,364975,0.2
2316,C=CC=C(F)S(=O)C(N)=CC(=O)C1(N=CC=O)C#CC1,0.1803278625011444,274369,0.15
2317,NOC1=CC=C(Br)C=CC(Cl)C=NCCC=CCCC=C1,0.21568627655506134,39332,0.2
2318,CNC1=C2CCN(C=CC(C)=NNC2=O)COC(=O)NC(C)=CC=CCCC(C)N=C1,0.20202019810676575,592513,0.2
2319,CSC=CCC1C(=O)OC2=CC(=O)N1C1(C=C(O)C(Cl)=C1)C2,0.2195121943950653,72130,0.2
2320,C=NC(Cl)=C[C@H](O)CC(=O)C(C=C1C=CC=C(CC=CC)S1)OC,0.2461538463830948,351757,0.2
2321,CCC=CC=C(I)C(=O)Cl,0.3870967626571655,556635,0.2
2322,C=CC1=C(C)C(C)C1=CCNC(=CSCC(=O)N[PH](=O)OCC)CCC=CC=CC=CS,0.232876718044281,270537,0.2
2323,CCOc1c[nH]c(=O)cc1NCC(=O)C1=CCC=CC1CC,0.3055555522441864,274612,0.2
2324,CC=CC1C=C(N)C=C(OC(=O)C(F)=CC=CCC=N)CCO1,0.23170731961727142,268957,0.2
2325,C=CCC=CC(=CC=CNCC(=O)C[CH]O)CC1=CCC2C=CCOC(C)=CC=C(Cl)C1=C2,0.20212766528129578,574403,0.2
2326,CC1=CC(=CC(=O)C2=CC=CSC3CCC23)C(NCC2=CCC(=O)C2)=CCNONC1,0.1807228922843933,461479,0.15
2327,CN=C1C=CC=C(C)OC=CC[CH]C=CC(=CC=CF)[N+](C=CC=CF)=C1,0.171875,208473,0.15
2328,O=C1CO1,0.47058823704719543,22553,0.2
2329,CCCNCCC(C=C1[CH]CCOC1N[C@@H](N)C(N)=O)CC=C(CF)OCC,0.26249998807907104,209389,0.2
2330,C[SH]1NC2=C3C=CC=CC(=O)C=C1C=CC=C(N)C(=NC=CCC=O)C=C2C=C3,0.17910447716712952,204560,0.15
2331,CCC=C(C=O)CC#COC=CC(C)=O,0.3684210479259491,295955,0.2
2332,C=C1C(=O)SCN2CC=CC(=CCC(C)(Br)CC#N)C(CCl)=C1C=C2F,0.21739129722118378,420324,0.2
2333,C=CC=CC=CC1CCNC2C(C=O)=CC(I)COC(NCF)C2=COC1,0.1818181872367859,71288,0.15
2334,CNC(=O)CCCNCC=C1C=CC=C(Cl)C=CC1CC1(C)CNC=CC1C=CC=CO,0.23076923191547394,34444,0.2
2335,C=CC=C=CC=CC(CCNO)C(Cl)OCCC=CC=CCSC=CCl,0.2028985470533371,344062,0.2
2336,CCC=CCC(Cl)=CC=C1C=CC(F)N=C(C=O)OC1,0.2537313401699066,238305,0.2
2337,C=C(N)OC1=CC=CC=CC1=CNCC(F)C(=O)OC,0.2931034564971924,442193,0.2
2338,CCCNC(CC=C(C)C(N)CC=CC=O)=C(F)F,0.2978723347187042,272839,0.2
2339,O=C1CC2OCC1C=C(CC(F)C=C(F)F)C13CC(O)=CC[C]1C(=O)S3=C2F,0.19780220091342926,126048,0.15
2340,C=CC1=C(C)C2CCC(C#CCCl)C=CC=CCC(=O)C(=N)C=COCC12,0.21621622145175934,4038,0.2
2341,C=CC=C(CCl)CN1C=CC(C=C2CC(=O)NC=C3COC(C)C[SH]32)=CC1,0.23170731961727142,57751,0.2
2342,COC1=CCN=CC(N)C2C(OC)=CN=CC3=CCN2C(CC1)CO3,0.24193547666072845,84830,0.2
2343,CC[C]1C=CC(C)=C1NC=NC(O)C1C=C2[C](C=C1F)CC=C2Br,0.2142857164144516,359466,0.2
2344,N=C(C=CC1(O)C=Nc2c[nH]c(c2C=CF)C=CC1)NC=O,0.19117647409439087,105123,0.15
2345,CC=CC(C)=C[N+](=O)[O-],0.375,626467,0.2
2346,CC=CC1=CC=CCC1=CNC=CC(=O)C=O,0.25,89265,0.2
2347,CC=NCCO[C@@H](O)CCl,0.3125,448,0.2
2348,CCOCC=C1C(=C[CH]OCC(I)=CCCCl)OC(=O)C1C,0.21917808055877686,629681,0.2
2349,COC=O,0.3529411852359772,310993,0.2
2350,CSC=CN(C#N)c1coc(C)c1,0.3055555522441864,14997,0.2
2351,CC#CNC=C1C=C2C=CNC(C=CN(C)C=O)OC(C)=CC2=CC1,0.19230769574642181,399338,0.15
2352,ClC1=C2C=COCC=CC=C1Nc1ccc2c(NC2OC=CCC3CC[CH]C32)c1,0.18518517911434174,560723,0.15
2353,NC=CN(C=NC=C1OC=CC1COCC(=O)NCC1=CSC(=O)C1)CCO,0.22340425848960876,441213,0.2
2354,CCNC12OC=CCN1N(C)CC[C@H]2CF,0.2291666716337204,296917,0.2
2355,C=c1oc2cc(ccc2CC=CF)c1=NC=C(O)C=CC(=O)CF,0.2432432472705841,587665,0.2
2356,CCC(=O)C1C=CC(C(F)(F)Cl)C=C1Cl,0.2926829159259796,170389,0.2
2357,O=C1S(=O)C2=Cc3cccc(Br)c3NC1(O)OC#CC=C2,0.2678571343421936,184983,0.2
2358,C[C]CC(C)=C1C2=CC1CNC(=CC1=CC(S)=CC1)C(N)=CC=CC=CNCCCC2=O,0.1860465109348297,582736,0.15
2359,C=CC1CN=C(O)C1=C(C)C(NCOC[N+](C)=[N-])OCN,0.2083333283662796,294529,0.2
2360,COCNC(O)(S)C=O,0.375,510745,0.2
2361,C#COCC(=CCC)c1c2c3cc(C)c1C(=O)C[CH]C(C)COC3C=CC=C(F)N=C2,0.21153846383094788,525133,0.2
2362,O=Cc1ccccn1,0.5357142686843872,434347,0.2
2363,CC1=CC(C)OC=C(C=C2C=CCNC(=O)NC=C2C=NC(F)=C(C)[NH])CC(=O)O1,0.2028985470533371,523237,0.2
2364,CCOC1C=C(C=COCC=CCC(C)=O)O[C@H](C)C=C(C)C(=O)[CH]C1,0.28358209133148193,517106,0.2
2365,C#CCC1=NC=C(S)C2NC(=O)N(C)C2=NC=CC=C1F,0.2461538463830948,192678,0.2
2366,CC=NC1=C(F)C(OCC(C)(C)COC(C)(C)O)=CC(=CCF)CSC1,0.23188406229019165,348550,0.2
2367,CC#CC(C)OC1=C(C[CH]OC=CC(Cl)=CCCl)CCC=C2NC(=S)OC=CC2N=CC=C1,0.2068965584039688,512624,0.2
2368,C=CC=CC(=O)C(=O)C=CS(=O)NCC1=CCC(Cl)(C=CC(=O)OC)C=CCC1,0.31081080436706543,63450,0.2
2369,CC(=O)NC=CC(=O)COC=C(F)c1nc2c(O)cc1NC=CC2C(F)F,0.2278480976819992,546502,0.2
2370,CCCCCC1(N)CCC2=C(Cl)C=CCCOC2(C=CC#CC2=CC(F)CC2)NC=C1C,0.2142857164144516,48175,0.2
2371,C=CCSC(C)C(C=C)N=CNC1(OCC)C=CC=NC(=CC)c2cccnc2C1,0.2368421107530594,622741,0.2
2372,CN=C[C@H](CC1C(NC)=C(C)[C]CC12C=CC(F)=NC=CC1C(=CN=CC1F)[CH]CN2)NC#N,0.15887850522994995,583300,0.15
2373,CC=CC=C1NC(=O)C2(C=C(C)C=C(Cl)N2C2=C[C@@H](N)CC(=O)NC2)C1Cl,0.22891566157341003,192953,0.2
2374,CC1CN=CCCC=CCOC(=O)C(O)O1,0.2884615361690521,616866,0.2
2375,C=CC(Cl)=CCCC=CC(I)=C(C)C=NCCOC,0.260869562625885,532450,0.2
2376,C=CC=C1NC(=O)C2C=CC3(CC1=C2)OCC=C(I)C[C@H](CBr)NC3=O,0.24637681245803833,228517,0.2
2377,C=C1C(=O)C(C)N(CON2C=C(C)OS2(=O)=O)C=CC1C(N)=C(C)NC,0.2142857164144516,449670,0.2
2378,Fc1ccn(C2C=CCCC2)[nH]c2c(c1)=NC13C=NC=CCC=CNCC=2C1=COC3,0.21590909361839294,128705,0.2
2379,CN(C=CCC(N)NC(=O)SC=CC1=CC=CCOC1)ON,0.22535210847854614,125415,0.2
2380,O=C1NCC2=CC1=COCCNCC2,0.28205129504203796,227208,0.2
2381,COCCC=C1CC(=O)C#CC([SH]=C2C=CC(C)=C2)C[C@@H](CO)CC(C=CNC(=CO)OC)S1,0.20454545319080353,45974,0.2
2382,C=CCOCC=CC(F)=CC=CCCC(C)O,0.4615384638309479,99196,0.2
2383,CC1=C2C(=N)NCC2OC=C(O)N=CC(C)(O)NC(=CNC=CC[CH]N)C=C1F,0.2142857164144516,206784,0.2
2384,CNC1=COC2=CSC2C(=O)CC=COC1N1CN=CN=NC1,0.19718310236930847,414403,0.15
2385,COC(C)N[C@H]1Cn2c(C)cnc2C2=C3CNN4C(C(Cl)=CC=CC31)C2C[C@@H]4O,0.23000000417232513,255309,0.2
2386,COC(=CCC=CNC[CH]NCF)C(O)=Cc1ccc(F)cc1F,0.3636363744735718,296251,0.2
2387,COCCC(=O)NC1C=C2C(O)=CC=CCN3SC=CC3[CH]C2C1=O,0.2604166567325592,13626,0.2
2388,CC(=CC(=O)NCC=CNC(C)CCC=O)N=C1CC=C2CN=CC=C2C1,0.23749999701976776,467792,0.2
2389,CCCC=C(C)OP1C=CC2=CCC(O)COC(=O)NC(C)=C2C=C1,0.25806450843811035,334701,0.2
2390,C[CH]CC=NC1=C(F)C=CCC(=O)C(Cl)CCC=CC=C1,0.23529411852359772,26205,0.2
2391,CCOCC=CCNC(=O)NC(C)=N[CH]C(Br)CCF,0.2830188572406769,14505,0.2
2392,CC1C=NC=C(F)C=C(SF)C=C(O)NCCC(=O)C(F)=CC=CCOC(C)(C)C(N)C=N1,0.20408163964748383,154970,0.2
2393,C[CH]NC=O,0.2777777910232544,89843,0.2
2394,CC1=CCCC(C=CC(=O)OC=NC=COC=CNCC[CH]C(C)(C)O)=NCCCC(=O)[C@H]1C,0.22680412232875824,422192,0.2
2395,C=CC(O)C=C[C@@H]1CC(C=O)CNC(=O)NCCC(O)(F)C1,0.23529411852359772,583560,0.2
2396,CC1=CC=CNN=CC1,0.42307692766189575,567984,0.2
2397,CCC=C1C2=CCC3=C(C)C4=CC=C5CC(F)=C(C=C3CNCCC1C)CC2C5C4,0.2153846174478531,280051,0.2
2398,CC(C)OCC(=O)N=CF,0.4642857015132904,206443,0.2
2399,CCOC=C(CF)C(=O)OC(Cl)=C[C@H](F)N=CC=CC=O,0.3035714328289032,614973,0.2
2400,OC1C=CCC1C=CC12CCN=CC=CC=CC=C(Cl)C(=CNC(F)=CC1O)CO2,0.20000000298023224,199078,0.2
2401,C=C1CNC1C(C)CNCC=CSC=COCC=CC(C=CC(=O)N=CC)CF,0.21348313987255096,376931,0.2
2402,CNC(=O)[C@@H](C=NC(C=CC=CF)C=CC(F)=CC=N)CCNC=CC(N)=CCC(C)O,0.22857142984867096,39097,0.2
2403,COC(=O)CC(O)=CCC1(CNC(C)(CCC=O)C(C)C)[C]CCC1,0.2957746386528015,458826,0.2
2404,C=CCOCC=C(C)C(=O)C1=N[C@@H](F)C2C(=CN1C)CC(N)=C2C(F)(F)F,0.2716049253940582,81056,0.2
2405,CCOC(C)(F)CC=C[CH]C(O)(F)S(C)(N)(=O)/C=C\OC,0.25,500710,0.2
2406,COCCOC(CF)C(F)OC=NC(Br)=CC=O,0.2708333432674408,325135,0.2
2407,C=CC(F)=CC1=CC2(O)C(=O)C=CC(C[CH]C(C)O)(C(C)=O)C1CC=C2C(=O)Cl,0.2368421107530594,484192,0.2
2408,C=CC=CN1CCc2ncn3nc(ccc23)C(=O)C=CN1,0.2238806039094925,195883,0.2
2409,CCOC=CNC=C(CF)NC=CC=NOC1(NSC)Nc2cc(F)ccc21,0.25581395626068115,309940,0.2
2410,C=CNc1c(NC(C)=O)nc(Cl)c(C=NC=CC(C)=CC(O)=NC)c1CC=C(C)OC,0.25609755516052246,144702,0.2
2411,C[SH]1CCC=CC1=C(F)C=CC=CC(C=CO)N1OC(C=CF)C2C=NCC[C@H]21,0.1599999964237213,477172,0.15
2412,NC(C=CC1=NC=CNN1)C1NC(=O)NC(O)CC=C1CBr,0.20000000298023224,596854,0.2
2413,CC1(N)CC(C(=O)NC(O)CNc2ccccc2C=O)=N[S@@]1=O,0.3392857015132904,484023,0.2
2414,C=CC=CNC(=O)C=CC1C(C=O)=COC(=O)CN2C=COC12,0.23188406229019165,439483,0.2
2415,CC=CCC=CC(=S)C(N=CC=CNC=CNC)=NC=CBr,0.2068965584039688,479322,0.2
2416,CCC1CCC=CC2C=CC(NCC=CN=CCC=COCO1)C2CC,0.20895522832870483,241583,0.2
2417,C=CCNC(Cl)CN=C1OC(C)C2C=C3C=C(O)C=C3OCC1C(Cl)=CC2,0.24705882370471954,180942,0.2
2418,COCCS(=O)CNC(N)=O,0.5517241358757019,276210,0.2
2419,CC1CC=CC2OCC[CH]CCC=C2C(=O)CN1F,0.24528302252292633,472066,0.2
2420,CC(=O)C1C2=CC=C(C=C(C)C=CC(C)=C(C)OCC=C2)N1C1C=CC(Br)=C1C=O,0.21739129722118378,65545,0.2
2421,C=C(C)C1C(C(C)NCC(=O)COC)=NN=CC=CC#CC1C=COC(=O)C12C=CNC1N=C2,0.18627451360225677,593496,0.15
2422,C=CC=CC=CC[C@H](OC)C(=O)OC=CCOC=CC(=C)Cl,0.30645161867141724,60567,0.2
2423,CNC(=O)C=C(C=CC=CC=N)[SH]=O,0.31578946113586426,91005,0.2
2424,CCSCCC(F)CNC=C1N=C2CN3C4(F)C(=NCCC[C@]3(C)C4NCO2)C=C1F,0.1881188154220581,409329,0.15
2425,CC1(C=NC(=O)C=CC=C(Br)C=CF)N=C(F)C(C(N)C=CC=CCCCO)O1,0.2432432472705841,265387,0.2
2426,C=CC(Cl)=CC1C[C@H](C(C)=O)CC=C1Br,0.3191489279270172,622683,0.2
2427,C=CN(C=CCN=CC[SH]1C=CC=C1C)Cc1cnccc1CON(C)CC=CC=NC=O,0.21739129722118378,294237,0.2
2428,ClCC1(I)CO1,0.4285714328289032,34147,0.2
2429,CC1=CC(C(C=C2C(=O)C=CC=C2C)=CC(=N)N)C=CC1=CN,0.22413793206214905,618949,0.2
2430,COCN1C=CC#CCC2=CC(C=CC=C3C(=O)OC(F)=CC=C3C=O)CN=C2C=C1,0.20454545319080353,29035,0.2
2431,CC=CCC1C(=CC2OC(=O)C(=O)CC2C)C=CC1F,0.3448275923728943,338661,0.2
2432,CCSCC=CN1CC(C)=N[C@H](C)OCC=NC(C)=C[C@@H](O)C(C(C)=O)C1,0.23076923191547394,58383,0.2
2433,C=CN(C=O)CC1=COC(C2=CNCCC2)C(CN)CCS(=O)(=O)N1,0.21666666865348816,162950,0.2
2434,CC1(N)CC(=N)CC(I)=CC=C1O,0.25641027092933655,561810,0.2
2435,C#N,0.1428571492433548,6213,0.1
2436,NC(=O)OC1=CCC=CC=NC2OC3(N)C(Br)=CC=C3[SH](C=COC2=O)CC(Cl)=C1,0.1818181872367859,85234,0.15
2437,CCOC(C)=CCC=C(N)CC(C)=C(O)C=C1CC=CC=N1,0.25806450843811035,499272,0.2
2438,CC1=CC([C](O)CC(=O)CO)COC(=O)NC[C@H](C)CCC(=O)OCC=C1,0.2931034564971924,75619,0.2
2439,C=CC(=O)NC=CC=CCN=C1OCC(=O)NC(=NC=CSC)C1=O,0.232876718044281,353472,0.2
2440,C=C1OC1=O,0.5,229236,0.2
2441,CC=CC1=CC=C(N)c2cccc(c2CC)CC=CC1,0.30612245202064514,207547,0.2
2442,CC(C=CCN1OC(=O)C=CC=C1C(F)=C[C@@H](C)O)=C(F)NC=CC(=O)C(C)F,0.22077922523021698,558263,0.2
2443,C[CH]CC1C=CC=CC(C)C(=O)C=CC(N)=C1,0.26530611515045166,431645,0.2
2444,C[CH]CCC=CC=CC(=O)SC(F)=CCC,0.375,127110,0.2
2445,CCOC=CC(Cl)C=CC[CH]C1=C[C]2C=CC3C=C2C=C(C=CC=C1)C(C=C1CCOC1C)=C3,0.1882352977991104,11381,0.15
2446,CC=CC(C)=C(O)C#CC=CC=C=CC=CC=CPCc1cn(C)cc1C=O,0.2133333384990692,489617,0.2
2447,CSC(F)C1C=COCC1,0.22580644488334656,337533,0.2
2448,CC=C(C=C(F)C(=O)O)CN,0.37931033968925476,197107,0.2
2449,CC=CC(C)OCC(C=CCO)N=C(C)C=C(C)CC(=O)C=CO,0.2678571343421936,203504,0.2
2450,C#N,0.1428571492433548,6213,0.1
2451,C=CC1CC(C)=C(F)C1C=CC(F)=CCCOCC=CC=C(C)N,0.24285714328289032,468952,0.2
2452,CCOCC(=O)N=C1CCC2COC2(CC(N)C2CN[C@H]2C=O)C(O)C1,0.22972972691059113,129687,0.2
2453,CNC(=CC=CC1=CC=COCC1NC(=O)CCOCC#N)NC,0.24137930572032928,173489,0.2
2454,CCCC(C)OCC=CC(N)CCCOC=CC(F)=C(O)C(F)=CC=O,0.30158731341362,383662,0.2
2455,CC1C=CCC=C2C=CN=C3C(=CF)C=CSC2[SH]3C=CC(O)=CC=N1,0.1595744639635086,244448,0.15
2456,COCNCSCC=CON1CC(SC)=CC(Cl)=C2C=CC1=CCOC(C)=CN2,0.18681319057941437,320275,0.15
2457,C=CC(O)=C[CH]C(C)C1(C=C)OCC2=C[CH]C1NC(=O)NC=COCCC2C,0.2133333384990692,340772,0.2
2458,CCOC(=O)C(OC=C(F)NC=C1C=CC=C1Cl)[C@@H](CF)CNCCF,0.2933333218097687,335399,0.2
2459,NC(O)CCC(=S)NC=C(F)C1=CC2OC=NCc3cccc(c3[C]1)C1=CC=CNC1[C]2F,0.1962616890668869,126472,0.15
2460,CO[PH](=O)C(=CCl)COCC(Cl)=NC=C(C)C(=O)O,0.25531914830207825,37117,0.2
2461,CCOCC=C(CC(O)(NC=Cc1c[nH]cc1NC=O)OCN(C)CN)C(=O)NC,0.21794871985912323,23943,0.2
2462,C=C1C(=O)NCC=C(Cl)C=CC1=C(F)C(O)C1=CNCC=CC2=CCNC2(Cl)N=CC1=O,0.18390804529190063,414014,0.15
2463,C=CCON1CC=CC=CN(C=COCCOC)S(=O)C=CC=C1Cl,0.24358974397182465,251399,0.2
2464,CCC=CC=CC1=CC2C(C=CC=CF)=C1C(CC=CC=C1C=CNC=C1Cl)=C[C@H]2Cl,0.1910112351179123,27384,0.15
2465,C=CC=CC1=C(Cl)N=C(C)OCC(C=O)C=CC=CC1,0.21568627655506134,329618,0.2
2466,COC(=O)C=O,0.5714285969734192,25593,0.2
2467,CC=CC=CC1=CC[CH]CC(C)=CN(C=O)C(C=C(C)N)CN(C)C1=O,0.21621622145175934,145728,0.2
2468,CC(C)NCC=C(Cl)C=C1C=NC=C(CC2=NCC=C(S)N2)C(=N)CC=COCC1,0.1860465109348297,296783,0.15
2469,CC(CCC(S)=CC=CC(CN)N=CC(=O)O)=C1C=C2CC2=C1F,0.21621622145175934,263583,0.2
2470,CCC(C)CCN(C=O)C(C)(CI)C(F)(F)Cl,0.31111112236976624,331587,0.2
2471,CC=C(Cl)C1C=CCC(Cl)C2ONC(C#N)N(C[C@@H]1CCC=CCC)C(=O)C=C2C,0.2247191071510315,495317,0.2
2472,COCCC[C@@H]1CC=C(NC=C2C=C3C=CC4=CC(Br)=C[C@@H]2CCC=C3C4)CN1,0.2133333384990692,493037,0.2
2473,C=CC1C=CC=CN1C(F)Cl,0.3030303120613098,191003,0.2
2474,N=C(Cl)C=NC=CCC1OC=CC=C1N=CC=NC=O,0.20370370149612427,282112,0.2
2475,CC(F)C=C1C=COC(=O)C2CCC([CH]O2)C[CH]CCC1,0.22058823704719543,256427,0.2
2476,C=CCC=COC[SH]1C=CC=C1C1C=C(COC(=O)N2C(=O)CN2[PH](=O)C=CC)C=CC1,0.22826087474822998,58598,0.2
2477,NCC=COC(=O)C=CC1=CC=C2OC=CCOC(=O)C=C(Br)C3=CC=C3C(=O)C=C12,0.21052631735801697,206657,0.2
2478,CCCC1C=CC=C2OC(C=CC=O)=CN(N)C=CC(=CC=COC)CCOC2C=C1,0.19480518996715546,542813,0.15
2479,CCOC(=O)CNC=CC=C(F)NC(C)=[SH]c1ccc(OC)nc1,0.3968254029750824,561758,0.2
2480,CC(=O)CNc1cc(=O)[nH]cc1CN,0.3863636255264282,488314,0.2
2481,CCC(=O)C=C(CCl)C1=CN=C1C=C(CC)CC=CC=COC,0.29411765933036804,549270,0.2
2482,NC1(CC=C(F)F)CN=NCC=CN1,0.2083333283662796,85150,0.2
2483,CCN1C(=O)NC(Cl)=Cc2nc3c4cc2CCC=CC1C=CN=C3N=CC=C(Cl)C4,0.22499999403953552,600494,0.2
2484,CC=CC1=CCC(=Cc2cccn2C(C)=CF)CN=C1CCl,0.24193547666072845,517205,0.2
2485,C=CC=C(C=C)CCNC=C1C=NC(N)=C2C(=S)COC=C2C=C1OC=CF,0.21250000596046448,122448,0.2
2486,COCCC1=C(Cl)C=CC1C1=C2C=CC([CH]CC1)CC=CC(F)=C(C=O)CC=CC(C)O2,0.2054794579744339,156320,0.2
2487,CC=C1C2=CC=C(C=Cc3ccccc3[C@H](O)C=CC(C)=C=C2)[SH]1C(=O)NC=O,0.32758620381355286,134331,0.2
2488,N=CC1=CC=C(C=CC=CCl)C(=O)NC=N1,0.18867924809455872,12487,0.15
2489,CCOC(=O)C=NC(F)=C(O)C=CCCO,0.46341463923454285,334726,0.2
2490,C=C(F)CCC1C=CC(C=CCO)N(CC=COC)C1,0.27272728085517883,26934,0.2
2491,C=C(S)C1=C(Cl)C(S)=NC2=C3C(=CC(C1)N3C(=O)CC=COC)C=C2CCO,0.23749999701976776,474940,0.2
2492,C=CCN1CC=NC(C=NC(N)(O)Cc2ccc(Cl)cc2C)CC[CH]C(=O)OC1,0.27835050225257874,471607,0.2
2493,CC([N+]=[N-])C(=O)C[C@H](CN)C(C)C=C[N+]C=O,0.2549019753932953,95285,0.2
2494,COCCC=CC1O[C@H](OC=CN=C(Cl)C2=CCC=CC2C)CNCC1=O,0.21875,74933,0.2
2495,C[CH]CC1=CNC2=C([CH]CC=CC=NC(O)(F)C=CC=C1CF)C(NO)=N2,0.17283950746059418,292943,0.15
2496,COC(C=C(N)C=CC(C=N)ON=C(C)N)=COC=CF,0.19696970283985138,81875,0.15
2497,CCC#CC(Br)CC(=O)C1CC1=CC(=O)OC(C)C1=CCOCC1,0.3239436745643616,325055,0.2
2498,C=COC1=CS2(F)C=C1OC(CCl)NC=CC2=N,0.19117647409439087,199627,0.15
2499,C=C1C=C(O)CC=C1S(=O)OC1(N)COC1=O,0.2199999988079071,334720,0.2
2500,CC=CCNN[CH]CC1(C=Cc2ccc(Cl)cc2N)CO1,0.35087719559669495,305470,0.2
2501,CCC1(C)OCCCC=NCCCOCC(C)=C2C=CC=CC=CC21,0.24242424964904785,116526,0.2
2502,CC=CC=C1CC2CCN=C(F)C(=CC(C=O)=N1)[SH]2SCC(C)=O,0.22077922523021698,85277,0.2
2503,CNC1NCC2=CC=CC(=CN1C)C(OC(Br)=CC(F)=CCl)=NC(=O)C2,0.20454545319080353,242955,0.2
2504,C=CCOC(=O)C1(Br)C2=CN(C=O)OCC(=N2)NC2=C(C)C=COCCN21,0.261904776096344,221344,0.2
2505,COC1(Br)N[C@@H](C=O)CN[C@@H](C)[C@H]1c1cccn1C=NC=N,0.234375,547560,0.2
2506,C=C[CH]CNC=CC=C1C=C2C(=O)CN(C(=O)OCC1CC)C2=O,0.25,296619,0.2
2507,CCOC=CC(CC=CC=CF)C1ONC(OC)C(C)=CN=NC(O)C(=O)C(C)=C1C,0.24137930572032928,598769,0.2
2508,O=C(C=COC(=O)CF)C=NCCNC=CCn1cccc1CF,0.265625,211269,0.2
2509,CC#CC=C(CC1=NC=C2OC(O)(CC=CC1=[N+][O-])CCC2C)NO,0.1794871836900711,571682,0.15
2510,CCOC(C)NC=CC=C1[C@H](OCCCl)C[CH][N+]1=O,0.26865673065185547,499030,0.2
2511,C=CC(O)=CC=C1C2=CNC=C1C1=C(C=CCC=CC=C(F)N1)C(F)(COC)C2,0.22727273404598236,89530,0.2
2512,O=C1[CH]O[SH]2(=O)CC=CC(Cl)=CCC2=CC=COC(=S)C=C2C=CCC=C2CN1,0.2028985470533371,55856,0.2
2513,NC1=C2N=[N+]C=CC#CCCC(=O)NC(F)=C2CC=C1,0.2222222238779068,397748,0.2
2514,COC(=O)N=CC(C)(N)F,0.3870967626571655,528992,0.2
2515,CC(F)=CC=CC1=Cc2csc(=O)c(C)c3[nH]cc2CC(=CCCC3)CC=C1,0.2083333283662796,432906,0.2
2516,C=C[C@@H](CCl)C(=O)COC1=C[C]C=CC(C)CCNC=CC(O)C(CCl)=C1C,0.23076923191547394,406535,0.2
2517,CC12C=CC=CC3=CC=C(Cl)C(O)(CC(F)CN(C1)O3)C2,0.2183908075094223,271393,0.2
2518,CC(C)=CC[C@]1(NC2=CCOC=C2C)CC=CC=CC1N(C)C(=O)NCC=CC(=O)F,0.21794871985912323,288931,0.2
2519,CCC=C(O)C=CNC(=O)OC1=CCCC[C@@H](C#N)CCOCCC1,0.28985506296157837,442116,0.2
2520,CNC=CC=C(F)C=CN=CC=CF,0.23076923191547394,307899,0.2
2521,Cc1cccc(COCCl)c1C,0.5357142686843872,447891,0.2
2522,CC1C=CC(NC2=CC=CN(C)O2)=CNC1C(=O)O,0.2641509473323822,274471,0.2
2523,CCOC(Cl)C=CC1C(COC)C2C=C(C=CC=C2C=CCO)SCN1C=CC=CN,0.2142857164144516,30929,0.2
2524,COC=CC1C=C(Cl)C(O)=C1C=CN1C=C(F)[SH](C)c2cccc(C)c21,0.22857142984867096,314299,0.2
2525,CC(Cl)=CC=CN(CF)C1(C)C=NC(Cl)N(F)C=CC(O)=C1C=O,0.1975308656692505,346464,0.15
2526,ClC1=c2c3cccc2=CC=CNC=CC(C=CN=C1)C31C=CC=CN1,0.22807016968727112,39446,0.2
2527,CC1(C=CC2=CCC(CCO)NC2)CC=COCCC(F)=CC=CC1O,0.22891566157341003,510795,0.2
2528,C#CC(=C)[SH]1C=CC=CC=NC(Cl)=CC1=C,0.23076923191547394,510609,0.2
2529,CO[CH][C@@H](F)COC(=O)OC1(O)C=CN(OCC(=O)OS)CC(=O)COC(C)CN1,0.22826087474822998,406666,0.2
2530,CC1=NC(=O)C=NC(=O)CSC(C=CF)=CCOC=C1,0.27450981736183167,81184,0.2
2531,N#CC(=C[C]N)[C@H](O)CC=O,0.32258063554763794,462546,0.2
2532,C=CC=CNc1c(C(F)=COC2C(=O)C2C(C)(N)CNC(C)NC=CN)cocn[nH]c1Br,0.19298245012760162,132469,0.15
2533,COC12C=CC(=O)C(CC=CC=O)=CC1=CC=CC2,0.2857142984867096,37013,0.2
2534,CCN(CC=CC=CC(C)=CC=COC)C(F)=CCOC=CC=C(CCl)OC,0.23076923191547394,360289,0.2
2535,COCC1CC(=O)C=CC=CC2=CC3C4=C(C)C2=CC4=[SH]C(I)=CCN(C=CN1)C3F,0.20224718749523163,49210,0.2
2536,COC=C(CC=C1C=CCNCC=CC=C1OC=C(Cl)N=[N+]C#N)P=O,0.21621622145175934,437455,0.2
2537,C=C(O)CC=Cc1c(Cl)cccc1OC(=O)NC=C1C=C1,0.35185185074806213,72806,0.2
2538,CC(=O)OC(N)CCC(=O)Cl,0.6206896305084229,275791,0.2
2539,CCC=CCC=C1C=CC(Br)=CC=CNC(NC=O)=C2C(O)=CCCC2C1,0.24637681245803833,378271,0.2
2540,CCOC=CC(C#N)=CCOC1(CNCCC=O)C[CH]C1Br,0.2666666805744171,522387,0.2
2541,CC(=O)OC1=CSC(C=CC(=O)C(C)C)C(OC=C(F)C=CC2(C(C)C)CC=CC2=O)=C1,0.25,588074,0.2
2542,[CH]OC1NCC=CCCN2C(SC)C[C](C1C)C2F,0.23880596458911896,122072,0.2
2543,CC=NC=CC=CC=NOC1=C(Cl)N(C)C2=CC=CC(C=C(C)C=CCO1)N=C2,0.20000000298023224,438508,0.2
2544,CC(N)C=CC=C(CF)N=C(Cl)C1SC=CC=CC1CC=O,0.19512194395065308,225431,0.15
2545,CCC1=CCC(F)=CC1NC(=O)NC(F)=CC=CC(C)=N,0.2539682686328888,391139,0.2
2546,CCCC1=CC2=CC=CC=CC(C=NC1)CC=C(CC)COC(=O)CC2,0.2666666805744171,334701,0.2
2547,CC(O)CCC=C(N)C=O,0.46666666865348816,519301,0.2
2548,CC(=CC(O)CCF)NC=CC1(C)C=COCCOC(CC(N)=O)C=C1,0.25,492262,0.2
2549,CC1(NCC=CC2(CC3C=CC=CC3O)C=N2)CC=CC=N1,0.20000000298023224,272970,0.2
2550,CN=CCC=CC1CN(C=C2C(C=O)CC2C=O)C(CN=N)=COC2C=CC(Cl)=CC=C12,0.18681319057941437,619768,0.15
2551,CNC(=O)C1=CCN2C=CC(O)(S)OC2OC=COC=CC=C1C=C1C=CNC1I,0.1979166716337204,188112,0.15
2552,CC=C1C2=C3C(=CC=CO)CN=C(C=C3CN1CC=CC(Cl)=CC(N)=O)[C@@H]2C[C@H](N)CO,0.2023809552192688,553076,0.2
2553,COC=CNC=C1NNC(N)=C2CC(=CC=C2Br)C(CF)=CC=C1F,0.20967741310596466,160846,0.2
2554,CC=C(Cl)C=CC(Cl)=CC=O,0.4761904776096344,168821,0.2
2555,C=CC=CC(C(=O)CSC1C(N=C)=CC(Cl)=C[C@H]1NCN1C=CC=NC1)C(C)C,0.22368420660495758,32479,0.2
2556,C=CN1C=C(C=CC(=O)NC=CCC)CC=NO1,0.2631579041481018,54943,0.2
2557,CCC=C(C=O)C=CNCC1=C(Cl)C=C[C@@H]([CH]CNC)COC1C=C1[C](COC(=O)OC)C1C=CCF,0.19819819927215576,570547,0.15
2558,CCC1C2C(N)C(C)(F)C(C)(C(=O)[C@@H]1F)C2C,0.25581395626068115,293896,0.2
2559,C=C1C=CN=C2C(=O)NC=C2C=C(OC)C1=CCC(C=CCC(F)=CC=CF)=NC[CH]C,0.1733333319425583,260436,0.15
2560,C#CC(O)CCC=NC1(Cl)[CH]Nc2ccccc21,0.3050847351551056,174390,0.2
2561,C=C(O)C(=O)C[C@H](C)CC(C)=N,0.40740740299224854,392671,0.2
2562,C=C(N=CC(C)OCC)N(Cl)CC=C1C[C@@H]1C=NOCC,0.2535211145877838,50826,0.2
2563,C=C[C@H]1C=CC(C)(CC=CC(C)=O)CC(O)(C=CC)CNC=CSC=C2C(=O)N(C)C21,0.2278480976819992,438347,0.2
2564,CCCCN(C=CC(C)=O)CC1=CC(N)(Br)CC(O)C(=O)NC=C1OCO,0.2432432472705841,243191,0.2
2565,CCCOC(=O)CC=CC(=O)N=CC(=O)C(C)=CN(C)CC=NC=C1[CH]CN1,0.2537313401699066,72649,0.2
2566,CCC1CC=C(CC(C)F)C1=CN=CSC=CC1NC=CC1C=CC=CBr,0.1733333319425583,405091,0.15
2567,C[N+](=N)COCCCN[C@H]1C2CC(=O)C21C=C(Br)C=N,0.25,333221,0.2
2568,O=COC1CC(=O)[CH]C=NCC[CH]CO1,0.23404255509376526,480151,0.2
2569,N=Cc1c(F)ccc2c1C=CSO[C@H]1NC=C2COc2ncccc21,0.27272728085517883,17603,0.2
2570,C=C1C[C@H]2C=C3C(=O)C(C)=CC=CCCOC(=O)C(N)=C3CCC=C2N1,0.22857142984867096,320728,0.2
2571,CNc1n[nH]cc1C[C@@H]1C(C=Cc2ccccc2)=CC=CC1Cl,0.3214285671710968,379810,0.2
2572,C=CCN[PH](=O)CC=NNCC(C=CC=CC1=COC(=O)NCC(F)=C1CC=C)=CCC,0.20224718749523163,617385,0.2
2573,COC=CC1=CC(Cl)(C2C=CCO2)C(=O)OCC(C)C1,0.27450981736183167,222132,0.2
2574,NCCC=C[C@H](O)C([CH]N1C=CNC[C@@H](N=CC(=O)O)C=C(F)C1)OCCl,0.21212121844291687,625537,0.2
2575,C=C(F)C=C(C)C(=O)C=CC(C=N)C=CNC,0.25581395626068115,307899,0.2
2576,CC(=N)C=CC(=O)C(=CCCC1=CC=CCC1C)CO,0.25806450843811035,216811,0.2
2577,COC=CC1=CCNC(=O)[C@H](C)CC12C=C(F)C=CCC(=O)NC1(C)C=CCC1C2=O,0.22499999403953552,329516,0.2
2578,CCNC=CC=C(F)C1=C2C=CC(=C(C)N=CNCC3=CC=CC32)C(SCN)O1,0.18000000715255737,369735,0.15
2579,CCC(C)(C)C(=O)Nc1ccnc(C)n1,0.574999988079071,335693,0.2
2580,CCCOC[C@H](N)C=NC=CC=N,0.3243243098258972,188837,0.2
2581,C1=C2OC3COCCC2=NC3CC1,0.3255814015865326,278257,0.2
2582,COC(=O)C=CNC1C=CC(Cl)=C(CCCC=O)C(C=CF)=CC=CC(Br)=CC=CO1,0.25,582397,0.2
2583,C[CH]C=NC1NC=CC=CC(=C2C(F)=CC(C)=C2CCO)C=CC(N)N(F)[PH]1=O,0.20000000298023224,338605,0.2
2584,CF,0.1818181872367859,353165,0.15
2585,O=CC12C=CC=CNCCC1C(O)=C2,0.3095238208770752,610271,0.2
2586,CC=C(F)C1=CC2(CNC=NN2CC=N)NC=C1CS(=O)(=O)NCC,0.23076923191547394,198692,0.2
2587,C[CH]C1(Cl)CN2C=C3NC=CC(C)(C=C[NH])C3=NN1C2,0.1944444477558136,93876,0.15
2588,CCCCC=C1OC(C)=CS(=O)(=O)OC2=CC=C(F)CC1C=CC=CN=CC(C)C2=N,0.2151898741722107,311376,0.2
2589,CC=CNC1C=C2N3C(=CN)C4=CC=C5CCC3[CH]C1C(C(F)(F)Cl)C52C[CH]4,0.1785714328289032,601235,0.15
2590,C=CC=CC(O)=CC1=CCC(F)=CC=C[CH]C1NC(=O)C(Cl)=CC1C=CC=CC1,0.23595505952835083,262052,0.2
2591,CC(F)C(=CO)C[C@@H](C)C(=O)NC=O,0.3243243098258972,485548,0.2
2592,CCNC(C)OC=CC(=O)C=NC(F)(Cl)CCl,0.30000001192092896,282663,0.2
2593,CSC(O)NC=CC=NNC1(C(=O)N=CC=CC(F)=NC=CF)ONO1,0.1666666716337204,573750,0.15
2594,C=CC=CC1NC=CC=CC(C)(F)C(=O)C1=CNC(CCCl)CCOC=O,0.20253165066242218,599925,0.2
2595,C=CC1=COCC=C1CC(I)OC=CNC(C=CC1CCC=CCCO1)N=C(F)C=N,0.17721518874168396,292738,0.15
2596,CCOC=CC(=O)OCC=NC(Cl)=CC=C(C=C1C=COC=C1)CC=CC=CC=CC=CCl,0.2857142984867096,211778,0.2
2597,O=C1CC[CH]C[C@H](C=C2C=C(O)N=CC3C=CC=CC3C(F)=C2OCCO)CCCO1,0.23170731961727142,303925,0.2
2598,C=COC=CCC(=CNC(=O)NC=CC)OC1=C(F)C=C2C=CCC1=NN=C2NCF,0.21739129722118378,341537,0.2
2599,CC=C(C)C1=CC=CC=CNCC2=C(C(O)=C1)C1OC(=O)[C@@H]2N(C(=O)OC)CC=NC1=O,0.2405063360929489,271848,0.2
2600,C/N=C\[SH]=CNC=O,0.23076923191547394,213977,0.2
2601,CCOC1=CC2[CH]C(=O)C=C(CN(C)C(C3CC3)N=C1)C(Sc1ccccc1NC)C2,0.2637362778186798,587680,0.2
2602,C=C(C)C=C1C(=O)N=CC(C(C)=CC)C1C#N,0.23529411852359772,242360,0.2
2603,CC=CCc1cnc(N[C@@H](CCl)CNCC=CC2(F)[CH]CC(O)=C2)nc1,0.23076923191547394,322346,0.2
2604,CCC=Cc1cc(Cl)cc(C(=O)N2C3=CC=C[C@H]2C=C3CSC(=O)CCF)c1,0.2571428716182709,597026,0.2
2605,COC=CC=CC(=O)OC(=O)[C@@H]1CCC(Br)C(=O)C=CONC=C1Cl,0.28125,461788,0.2
2606,CC=C1C=C[C@H](C(=O)O)C2NCC(C)C=C2ON1,0.25,469415,0.2
2607,O=C1OC=c2cc3ccccn4nc(cc4oc(Cl)c2)COC[C]3CCC1C=COCO,0.24242424964904785,145711,0.2
2608,COC=CC(O)(C=O)NC=CC(=CCN)CC(=O)NC=N,0.23999999463558197,423035,0.2
2609,CCCC=CC1=CC(C)=C2CCOC(NC2(O)NCC=CC=CC(=O)NCC)C2=C1CCC=C2,0.24705882370471954,345762,0.2
2610,O=C1CC=CC=CCC23CC2=CC3(F)O1,0.2750000059604645,227480,0.2
2611,C=CC1=CC=CNCC2C#CC=CCC=CC1(NC=NNC)COCC=CC(F)=CCC=N2,0.1652892529964447,161644,0.15
2612,C=CNC(=O)C(C)(C=CCNC1(CO)C=CCC#CC=CC=N1)NC=C,0.2222222238779068,614535,0.2
2613,CC1C=C2CC3C(C=O)([CH]CN(O)NN1)C3(CF)C2=N,0.20270270109176636,416887,0.2
2614,CCCNC=C1CC=CC(O)C2N=C3NC=C2CC(COC3=C2C=NC=CC2)NC1,0.20000000298023224,226375,0.2
2615,CC(O)NOC(=O)CNC=CC1ON=CC12C=CC=CN1CCOCC(Cl)C1=C2,0.25773194432258606,471985,0.2
2616,NC=CCC(=O)OC1(O)C=NCC2CC=C[C@H](CO2)C1,0.22535210847854614,582730,0.2
2617,CCCCCCl,0.9230769276618958,613509,0.7
2618,CCC1=CC(C(O)CC(N)=O)=COC(=O)COC(COCN)=CN1,0.25757575035095215,359466,0.2
2619,CCCC(=O)C1[CH]OC=C1C=CCOCC(C)OCC=CN(C)F,0.23999999463558197,10045,0.2
2620,N#CC(=O)CSC=C[C@H]1C=C2C=CC=COC2=C[CH]C1,0.21917808055877686,58945,0.2
2621,C=CC=C[C@H]1CC(NCCC23CC(C2)N3)C=CCCOC(=O)NOC=CNC=NO1,0.19767442345619202,542564,0.15
2622,C=C(C)C=CC1N=C2OCC(=C[CH]CN1)C2C(=C=O)C=CC=CC(=COC)C(=O)O,0.20224718749523163,539922,0.2
2623,C=CC(=O)C=COPC(=CC(=O)CC)C1=CC(=O)CCN(O)CC=C1CC(=C)Cl,0.2261904776096344,316635,0.2
2624,CC[CH]C1C(C)C2=CC1(CCNCC)C=NC1=CC=C3C4COC4C(=CN=[PH](C)C13)C2,0.17073170840740204,360780,0.15
2625,C=COC1C(OC)=CC=CC(=O)[CH]C2=C(NCC=CC=COC)C2=C1C,0.2210526317358017,182454,0.2
2626,CCOCCCCNCC1=C2CSC=C1C=CC=C(OC)C=CN1CC=C2C=CCC=C(N)C=CO1,0.22077922523021698,89530,0.2
2627,C=C1CC2C=C(C(=O)OC2C)C1(O)NCNN=CC,0.25806450843811035,160159,0.2
2628,COCCOC=NC12CCNCC13CC(C=CC=CI)C=CC(F)=C3CC=CC2=O,0.2195121943950653,271900,0.2
2629,O=C1C[SH]2C(=O)CNC=NC(F)=CC=CC=CC=C[CH]CN12,0.2830188572406769,30306,0.2
2630,C=C(C)C=CC=CC(Cl)=COC1(O)C=CC(C)=CC([CH]C)C(NCC2=CC=CC#CC2)C1,0.19512194395065308,428898,0.15
2631,CCCCOC(=O)C1CNC2=CC1=CC=CC(Cl)=CC=COC(=O)C1=C(CN1)C2C=NNC,0.2926829159259796,301268,0.2
2632,C[C@@H]1CCC2CNC=CC2C=COc2cccc(c2C#N)C1,0.29629629850387573,355718,0.2
2633,CCC1[CH]C(=O)N=CC=C1OCCN1NC=CC(NCC2=C(SC)CC(C)=N2)CCC1=O,0.2222222238779068,430740,0.2
2634,CCOC1=CC(C=O)C[SH]1CC[C](C)OC,0.2857142984867096,620353,0.2
2635,CC=CC1C(C=O)OC(=O)C2NC=CCC=C2C=CC(Br)=C2C=CC=CC2CC1(C)O,0.22077922523021698,224428,0.2
2636,CN=CC=CNCC=O,0.3076923191547394,245514,0.2
2637,COC=CC=CC=CCNC1C=CN=C(C=CN[C]CCO)C(C)(NC=O)CC=C(N)N1,0.20588235557079315,549985,0.2
2638,C=CSCCC=CCC12CNC=C1C=CC=CN=COCC=Cc1ccccc1C2,0.24657534062862396,480531,0.2
2639,C=O,0.1666666716337204,239560,0.15
2640,C[CH]C(=O)C1OCC2=COC=C(C)[C@@H]1OC(CN)=CCOCCC2[C@@H](C)O,0.23170731961727142,478342,0.2
2641,CC=CC1=C(C=CC(Br)=CNC(=O)OC=O)CC=C(C)NC(C)C1CC,0.25,373374,0.2
2642,C=CC(C)CC1=NC=CC1=CC(=O)C(=O)C1C2=NCC3C=CN1c1cn[n+]2c(c1)CC3,0.19801980257034302,13582,0.15
2643,COCCNC(C)OCC1(Cl)CSCC=CCCP2C=NC(=CC(O)=CC1=O)C2,0.2467532455921173,198375,0.2
2644,CCOC(O)CCC(Br)=CCNC1C=CC2=C(C=NC)CC1C(=O)OC(C)=CNC2=O,0.2235294133424759,268598,0.2
2645,CC1=C(Cl)CN1C,0.2857142984867096,12322,0.2
2646,CC=CCCC(=O)C=CC=C(F)NCF,0.3571428656578064,479322,0.2
2647,C=CCC=CNOC=CC=CC(C=CNCC(=O)CNC=C)N=C=O,0.2666666805744171,149076,0.2
2648,C=CC(F)=CC=CC=CC(O)CC1(NC=C(C#N)C=CN(C)Cl)CCC(=O)OC1C,0.2530120611190796,519161,0.2
2649,C=CC(=O)NC1=C(C)C=C[SH]1NC(=O)CC1C=CC=C(S)CC1,0.2857142984867096,559107,0.2
2650,CC=CNC1=CC=C[C@@H](O)CS(=O)(=O)C[C]C1CC(C)C,0.24590164422988892,6157,0.2
2651,Cc1cccc(C2N=C(OCCC3=CC=CC3=CC=CC#N)C(=CC=N)CN2)ccc[nH]c(=O)[nH]cc1,0.21929824352264404,182880,0.2
2652,CCN=CC(=O)NC=C1CNC(Cl)C1C,0.22580644488334656,269463,0.2
2653,CCOC=CNc1c2ccn1CC(=O)C(OCCN)CC=C(CC#N)C=NC=C2,0.2222222238779068,508372,0.2
2654,CNC(=O)CN(C)ONSC(=O)[CH]CC=NCN,0.2777777910232544,189984,0.2
2655,COC(=O)C(=CC=CN=CC=O)CC=C1C=CC(C)=N1,0.27586206793785095,529264,0.2
2656,[NH]C1=NCC2=CCCC(=C=O)C(O)C1=CC=CC#CC2,0.1803278625011444,372767,0.15
2657,O=C1C=CC2C(F)OC(=O)C3=CC4CC3OCC4=CC[CH][C@@H](O)N2C1,0.2542372941970825,75873,0.2
2658,C=CONC1C=CC=C(F)C=C1C=CNC1=CC=CCC=C1C(C)C=CCO,0.2195121943950653,26228,0.2
2659,C=C(C)C=COC(=O)CC=CNC[C@H]1C(=O)[C]C(C)CC(=O)C1=CN=CCC,0.2278480976819992,403558,0.2
2660,CC1=C2CCC3=CC4CC=C(C=CC(OC3)C2ON=C1)OC4,0.21311475336551666,125488,0.2
2661,C=CNC(OCCCC)C(=N)CN=C(CCl)C1=C(F)C=C(I)C=CC=CCCC1=O,0.2531645596027374,608218,0.2
2662,BrC1=CC=CNC2=CCC(Br)N=C12,0.21052631735801697,525082,0.2
2663,CC(F)=CC=C1C(=N[SH]=C2C(C)=CC#CNCC2Cl)[C@@H]1C(C)(C)F,0.1882352977991104,387825,0.15
2664,C=CC=CC1=CC=CNC(=O)COC(Cl)(C=O)C=CC(NC=CCC=O)=CC1=C[CH]NC(=O)OC,0.21782177686691284,491841,0.2
2665,CC1=CC=NC2(C)C3=CC[C@H](C(C)C=C1C)C(N)C32,0.22033898532390594,196601,0.2
2666,CCC=C(N)C(C=O)C(C=CCO[CH]CC=NC(C)C)OC(O)=C=O,0.21311475336551666,556880,0.2
2667,CC1OC2CCC1[C@@H](C)C=CC=CC2(C)C,0.28947368264198303,264463,0.2
2668,[CH][CH]CC=CCC(C=CSCCN)=CC=C(C=CC(Cl)=CC(=O)OC)OC(C)=O,0.260869562625885,438337,0.2
2669,CC(=O)c1cn(CNC=CCNC=NNC(C)=CC(C)=C(F)C=CC=CC=O)n1C,0.21052631735801697,573416,0.2
2670,CC(=O)COC(=O)C=CCC(=O)OC=CC(C)=CC[CH]C=CNCC=O,0.2711864411830902,30473,0.2
2671,N#CC=CC(C=CC1C(=O)C=CC1Cl)C([O-])=CC(=O)COCC=O,0.25333333015441895,7760,0.2
2672,C#CC=CC(=CCNN1C(=O)OC2OC(=O)CC(C)N(C=O)C(O)NC2=CN1C)CF,0.2211538404226303,216134,0.2
2673,COC=CC=C1C=CC1(N)OC,0.30000001192092896,542813,0.2
2674,CC(=O)CC(C)(N)CC[C@H]1COC(=O)NC(C=CC(F)(F)CC=O)O1,0.30000001192092896,243727,0.2
2675,CN(C)F,0.2857142984867096,620238,0.2
2676,COC=CSC12C=CC=C(N)C3=C(Cl)N=CC1C(C=NN=C2)C(=O)N3,0.2023809552192688,312904,0.2
2677,COC(C)=CC1=C2C(=CC=CC2C=CC(C)=C=O)C=CC=C1,0.23529411852359772,535079,0.2
2678,CC1=CC2(F)C=C(COCC1)/C(=C\C=CF)C2,0.24074074625968933,496224,0.2
2679,CC(N)C1(C=CO)C2=C(C=CC=C(F)C=CF)CC=C(Br)C=CC(C=C(C=N)CO)OC21,0.1666666716337204,568960,0.15
2680,CCC=CC(Cl)=COC[CH]C(C)CCOC1=CCC(C)CCC=C(C=CC(=O)OCC)N1,0.30000001192092896,602391,0.2
2681,CC=C(C)C=C(C(Cl)=COS(=O)OC(=O)OCC1CC=CN1NC=O)C1=NC=CC1,0.23469388484954834,227054,0.2
2682,CC=C1C=NC=C1SC1=CC(OC(N)=O)N=NC1=CC(C=O)=CC=COC,0.17910447716712952,527809,0.15
2683,CC(=O)C1CC=NCC(=O)C(C=CC=C=O)=CC=C1CCl,0.24561403691768646,176581,0.2
2684,COC1=CC=CN(C=O)C(=O)N[SH]1C,0.25,45563,0.2
2685,CNC=NCC=CNC[C@@H]1C[C@H](C)C(=O)OC=C1c1ccccc1F,0.3125,99666,0.2
2686,C=COC(C=CC=CCC=CF)C=NC=CC=CC1(C=NC=CC#N)CC(=O)NC=C1F,0.1875,558119,0.15
2687,C=CCOCC(C(=O)OCCCC)=C(Cl)C=CC1=C2CN=CC(C)=C2C=NOC=C1,0.29113924503326416,301268,0.2
2688,CC1=NCC=C(C=CI)N([C@H](C)F)C=C2C(S)=NC2C1C=CCl,0.19178082048892975,239835,0.15
2689,CC=CCC1C2=C(C)OC(=O)NC1=C(C(=O)OC(C)C)C(C=CF)=C2,0.2631579041481018,377087,0.2
2690,CC(C(=O)O)C(Br)=CC(CC=C(O)CN(F)F)=NN,0.239130437374115,29962,0.2
2691,C=C=CN1C=CC=CCC(NC)NC(C(F)(F)CO)C(C(=O)Cl)=C(C=O)CO1,0.25974026322364807,44661,0.2
2692,CSC=CC=C(O)[C@@H](C[CH]CCCN=O)CCC=CCI,0.25,56272,0.2
2693,CC(Br)C=CC(=CC=N)CBr,0.375,536151,0.2
2694,C=C(NC)SC=CNCCCOCCC(=O)CC=CC(N)C(=O)N=O,0.24637681245803833,561730,0.2
2695,C=CC1=C2C=CC=CC34C=C2CC1C=CP3(C)(Cl)C(O)C=C4N,0.19402985274791718,429516,0.15
2696,CC(O)=CNCC=CC=CCCCNC=Cc1ccoc1,0.3400000035762787,456563,0.2
2697,C=C(F)C(Cl)=CCOCC12CC[C@@H](Cc3c1c(C#N)cccc3=O)C2,0.26829269528388977,78720,0.2
2698,CCCC(=O)C=C(C=O)C=C(O)C=O,0.5185185074806213,331301,0.2
2699,C=CC=C(F)OCCC(=O)C(Cl)=C(C)C=CCC=CC=CN(OCC=O)C(=O)C=CC,0.21917808055877686,470491,0.2
2700,COC1C=NC2C(=O)C[SH]2(=O)C(N)C(N)=CCC=CS(=O)C=CC(Cl)=CC1,0.18987341225147247,139892,0.15
2701,CC=CCNCC=C(F)C([O-])C=CCC1(N)CC2C=COC1=C2,0.2295081913471222,550945,0.2
2702,COC(=O)CC=C(O)N=C1C(=C[NH])COC1C(C)CBr,0.3392857015132904,128162,0.2
2703,NC(=O)C1=C[CH]C=CC1C=COC=O,0.25,2606,0.2
2704,CC=CN=Cc1coccc(I)ccc1N=CC(C=O)=NOC,0.290909081697464,501762,0.2
2705,COCC=CC=C(Cl)C(=O)Cl,0.517241358757019,193167,0.2
2706,N=CC=NC1=CCC=CC=C1C=C1C=C2CC=C(F)C(=C1C=O)N2,0.1756756752729416,463981,0.15
2707,C=CC1=CN2CC1C=CC2(C)[CH]CF,0.23529411852359772,28375,0.2
2708,COCC(=O)C=C=C(C=CC=C(F)C=N)OC=C1C=CCC=C1,0.2321428507566452,350446,0.2
2709,CCC(=O)C[C]C=C(C)NN1C(C=NN)C1NC=Cc1ccc(F)cc1CCO,0.2763157784938812,406686,0.2
2710,C=CC=NC=C1C(C=N)=C2NC1C=CC=C2C(C)(O)Br,0.19354838132858276,235124,0.15
2711,C=CC(=COC(=O)C=CCOC=CC1=CN(F)N2C=C(C(C=N)CC=CO)C(OC)=CC=C12)CCl,0.19565217196941376,358403,0.15
2712,CC=CN1CC=NC12C1=CC=CC3=CN=C(Br)C3=CC=CC(F)NC(=O)N2COC1,0.1899999976158142,135207,0.15
2713,COC(=O)CCl,0.6000000238418579,322463,0.2
2714,CC(=O)OC=CC1=CC(C)C(F)C=C(Br)C=C1C=C(N)C=CC=O,0.28070175647735596,375687,0.2
2715,C=NC=CC(S)(C=CC1OC(C=CN=CN)OC(C)OC1=O)NC=NC(F)=C1C=CNC=C1,0.17894737422466278,30752,0.15
2716,CC=C(C)C=C1C(=CN2C=CN=C(C)[C](C)NC=C(N)CC(=O)C=CCC2O)C12CCO2,0.2023809552192688,185465,0.2
2717,CC=CC1NC(=O)C12C=NC=COC(=O)C=CC(F)=CN2,0.2142857164144516,575612,0.2
2718,CCCNS(=O)(=O)C1=C2CCOCC1(C=CNC(=O)OCC)OCC[C]2C[CH]CCOCC=CCl,0.24390244483947754,557727,0.2
2719,C=CCC=CCOCC=C(C)N=CC12CC=NC=C1CC(=O)OCNC(C)C2,0.22093023359775543,624655,0.2
2720,CC(=O)CC=CC=CC1(C=C(I)C=CCNC=NNC(N)=O)C=CCC=CC1,0.23188406229019165,108659,0.2
2721,CCN=C1C=CC(Br)C[CH]C1C,0.2702702581882477,363925,0.2
2722,NC(C=CC=CCl)NC=CCCC(C=C(CCl)CBr)C=C1C=CCN1N,0.18390804529190063,459805,0.15
2723,CCC=CC=C(NC=CN(C)C(F)F)SC(F)C(F)CCC,0.2083333283662796,537629,0.2
2724,CONC1=CC2=CC(F)C(C)=CC3=CN=C1C(OC2C)C3F,0.23333333432674408,615998,0.2
2725,C=C(F)C1=CC2=CC(=CO[CH]C(=O)C(C)(C)O1)C(C(C)=CCC)=COC(=O)N2,0.2461538463830948,521971,0.2
2726,COC(=O)N(C(C)=O)C(C)=NC1=CC(=O)C=C(Cl)C1,0.29411765933036804,537817,0.2
2727,C=CC1NCCC=C1N=CC(C)C(=O)C(=O)CNNC,0.2638888955116272,151985,0.2
2728,ON1C(C(F)F)=CC(c2ccncc2)=CC=CC=CC=CC(Br)C2C=C21,0.25,119980,0.2
2729,C=CCC1C(C=CC(F)F)(C(OCC)=C2C=C2C)CC(=O)C1(C)C(C)=O,0.3125,77985,0.2
2730,C=CC=CC=CC1CC(=O)N[C@@](O)(CBr)CC1CC,0.2982456088066101,162791,0.2
2731,CCC1(C=CC(Cl)=CC(=O)OC2=CC=CCC2C(=CC(C)N)C(F)F)C=CC(C)=CC1,0.2395833283662796,209742,0.2
2732,C=CN(C(=O)CCI)C(=O)OC(C=NC)C(C)C=O,0.29629629850387573,274665,0.2
2733,C#CCC=CN(CC)C(=O)OC=C1C2C[C](CN=O)[CH]C=CCOC(C#N)=CCC(O)(O2)C1NC,0.190476194024086,621422,0.15
2734,COC(=O)N1C=C(C)O[SH](CN=O)C1,0.3125,115092,0.2
2735,COCC=C(C)C(=O)C(C)=O,0.5,141117,0.2
2736,CC=CNC(C(C)=O)=C1C=C(N=O)C(C=CN[CH]C(=O)O)=CC1F,0.2549019753932953,613815,0.2
2737,C=C1OCC(C)(C)C=CC2C=CC=NC=C(N=O)C(C)C=C2CC=C1CC,0.2222222238779068,319891,0.2
2738,CC=CC=C1C=CC(Cl)=CC=CCN[C@@H](NC(=O)N=CCl)CO[C@@H]1Cl,0.21590909361839294,553357,0.2
2739,CNC=NN=C(CSCC=C(F)Cl)SC=CN(F)C(C=NC(F)F)=CS,0.1756756752729416,256791,0.15
2740,CCC(Cl)(C(C)CCBr)C1COC=NC(C)CNC=CCCCOC1,0.22535210847854614,209477,0.2
2741,C=CCCC=C(F)OC(=O)C=C(C)CCCCN=CC(Br)C(C)(C)F,0.3333333432674408,549906,0.2
2742,CC1=C2C(C[C]Br)C(=CO)C=CC(C#Cc3cnccc3C=CC#N)C(I)=CC(=O)N2CC=COC1,0.22549019753932953,488555,0.2
2743,C=NC=C(C)C=C1C(Br)=CCN1C(=O)CC(C=CCC(=O)OC=COC)C(=C)C,0.21917808055877686,157213,0.2
2744,CC1CN=CC2=NC(C)(C)NC=C3CCCC(C=CC=CO1)C(=CNC3=O)C2O,0.22077922523021698,467924,0.2
2745,CNC1N=CNC=CC2=C(N)C=NC2=CCCC2C3=NN=CN=C1C(=C3)C2F,0.1627907007932663,251985,0.15
2746,COC1=CN=CC(=O)C2=C(C)C(C=CC=CC2)C=C1CN,0.3166666626930237,333783,0.2
2747,Cc1ccc(Cl)c(N=Cc2ccnc(N=CCF)c2)c1C,0.3214285671710968,105389,0.2
2748,COC(=O)NCC=CCC(O)C(=O)C=CC(F)(F)F,0.4000000059604645,490005,0.2
2749,CC#CC1C=CNC=NC2=C1CC=C(C)N[SH](C=[N+][O-])C2,0.20000000298023224,168404,0.2
2750,CNCC=C(C)CC1C=NOC=CC=N1,0.24444444477558136,413421,0.2
2751,CN=CC(=O)C1=NC=C(NC=NNC=C2CC3=CC(Cc4ccccc4)(O2)C(C)=C(F)C[CH]3)C1,0.239130437374115,140677,0.2
2752,CCOC=CN=CC(=O)C[CH]C(=O)OC[C@H](O)C=C1C(=O)C=C(C#N)C=CC1OC(C)=O,0.22448979318141937,605755,0.2
2753,C=CC=CC=C(F)C=CC(I)C=Nc1ccccc1CC=CN=COC(F)C(=O)CCC,0.25609755516052246,266685,0.2
2754,C=CC[C@H]1C(=C)CN2C(SC(=O)OC)=CC=CC(O)=C12,0.28787878155708313,110906,0.2
2755,C=NCc1ccccc1NC=CC(=O)C(C)=C(C)NC=NSC=CN=O,0.26153847575187683,182737,0.2
2756,O=CC(=O)C=CC=CC=NC=C(C=CCl)C1(O)C=CNC1,0.2321428507566452,135116,0.2
2757,C=C1C(=C)C(F)C=CC=CNC#CC=CC(C=CF)=C1I,0.16949152946472168,619003,0.15
2758,C=CN=CC=CC1=NC(C=O)C=CNC=COC(=O)C1C(=O)ON,0.19387754797935486,405998,0.15
2759,O=C1CCN(Nc2csccc(Cl)nn2CCO)CCC(C(=CC#CCl)N=CCl)N1,0.2405063360929489,285997,0.2
2760,CCOC(=O)NC=C(Cl)C=CO,0.46875,506692,0.2
2761,C[C@@H]1OCCNC1(C)NC1=C2N=CC=C2C(C(=O)NCC(=O)C#N)C=CC=C1,0.24358974397182465,512163,0.2
2762,CCC(=CNC(=O)C(C)CCl)C(=O)NC=NCC1OC=Cc2c(C=O)coc21,0.23749999701976776,339112,0.2
2763,CC[CH]CC[C@H](C=O)OC,0.4642857015132904,311232,0.2
2764,CC1=CSC(=O)C=CC(N)=C1CC(O)(C=CCF)C(C)=CCOC(F)(F)F,0.21794871985912323,112018,0.2
2765,CC(=CC1C(=O)C=C[C]=C1C(C)NC=CC=CN=CC(C)=NO)NCC(C)CBr,0.20270270109176636,298808,0.2
2766,CC1=CC(C(=O)OC=CC(=N)N)(C(F)(F)F)CC=CN1,0.24193547666072845,567750,0.2
2767,CC(O)CC(=O)[C@@H](O)C=CF,0.40740740299224854,214699,0.2
2768,CC=NC(C)=CC=C(C=CCl)CCCl,0.2857142984867096,538962,0.2
2769,CCCN=CO[C@H]1C(OC(=O)C=O)=C(C=O)SCC1C,0.25,362279,0.2
2770,CC#CC(=CC=CC#N)CC(=CNC(=O)SC1=CC=CCC1)C1(CCC)[C]C1,0.2666666805744171,391292,0.2
2771,CCN1CC[SH]=CC=CC(NC)CN=CC12C=CC=C1CC=NC(F)=C1N2CC=O,0.20618556439876556,546066,0.2
2772,CC1C2=CC=C(Cl)C3COC4C=CC(=NC(Cl)C2)N(O4)C13,0.22727273404598236,12650,0.2
2773,CS(=O)(=O)C(N)=NC=NCN=CC=CC=CC1(Br)CCS1,0.20338982343673706,520094,0.2
2774,CCC1=CC(Cl)=CC=C(CC(C)F)OC=CC2=CC(=N2)CC1C,0.23728813230991364,126596,0.2
2775,[NH]CC1C2[CH]C(C3N=CC=C3CNC3=CC=CCN=C3Br)C1C2=O,0.19672131538391113,340857,0.15
2776,CN1CC2=CC1CNC=CC(=O)N2C=CC=COC1=CC(Br)=CCO1,0.21311475336551666,288653,0.2
2777,CC=C(F)C(=O)C(C=O)C1NC=CN=CC(Cl)=C1NC=C1CC(F)C(O)=CCC1=CCl,0.19767442345619202,372289,0.15
2778,CCC(=O)C(=O)OC=CCCC1=CC=C(C)C=C(N)C1,0.2857142984867096,613708,0.2
2779,[CH]CC(=O)C(CC=CC(C=CC(C)=NSC)=C(O)C=CF)N=C[CH]NC[CH]CCCOC,0.22891566157341003,232645,0.2
2780,C=C1C(=CNC2=COC=C(Cl)OC2C)CCC=CC=CN=C1C=CC[SH](=C)=O,0.19354838132858276,284389,0.15
2781,CCN1C=Cc2ccccc2C(=O)C2CC(F)=CN1C=CNC2=O,0.2931034564971924,171933,0.2
2782,C=CC=C1C=C(N)C2=C1CNC=CC1=CCC(=O)C(O)C[C@H]1C[C@@H](F)CNCCC2,0.2133333384990692,423149,0.2
2783,OC1CC=CNN2C=CC=CN2C=CO1,0.23076923191547394,375330,0.2
2784,CCCCC1=CC2=C(C#N)C23C=CCC=CC(S)=CC(=N)C(C)=CC=C13,0.23076923191547394,355337,0.2
2785,C=CC(C)C=CC(C(O)C=O)C(C)(N)CBr,0.2830188572406769,91713,0.2
2786,CCC1C(C)=COC2=CC[CH]C(=O)N2OC1C1=CC=C(C)C1OC(=O)CC=CNC,0.21739129722118378,485007,0.2
2787,CCOC=CC1C=C2CC=CC=CC2C2=COCC=C2CC1,0.23076923191547394,193475,0.2
2788,CC=Cc1c2ccnc1CC(N)C1CNCC(OC)C3CC2(C=CC3=O)[C]1O,0.25,231453,0.2
2789,CCC1=NC2=CC3=CC(=O)SC(CN1)C(N)C(C=CC(Cl)=CS3)N=CC2,0.21348313987255096,385439,0.2
2790,CC=CCOCc1ccc(F)cc1C=CC1=C(ONC=C2CCC2=O)NCC1,0.2702702581882477,58506,0.2
2791,CC=CC=CC[C@@H]1CCC(CC=CCNC)=C(C=CCS)N=NC(C)(CN)OC1,0.19540229439735413,225414,0.15
2792,CC(=CN(F)C=NCCl)C(=O)C(=O)Cl,0.29411765933036804,479873,0.2
2793,CC(=O)C=C(C)N=C1C[CH]CC(C(=O)CN(CCl)CCCBr)OC1,0.25,326705,0.2
2794,NC=C(I)N=CC=CC=CF,0.18518517911434174,450979,0.15
2795,CC=CC=CN=C(C(=O)OC1=CC=C(Cl)C=NCCC1)N1CCC2NC(C)=CC2=CCC(N)C1,0.22727273404598236,59182,0.2
2796,CC(C)=O,0.4545454680919647,622148,0.2
2797,C=CC=CCOC1CC(CC=CC)=CC=C(C=CCCO)C(=O)CC(C=NCCC(C)=O)C1,0.25581395626068115,488236,0.2
2798,CNCC(NNCF)=C1C=CNCNC(C(Cl)=CC(=O)C(C)C)=N1,0.25,140883,0.2
2799,O=C1CN=C(O)C23C=C(CC(O)C2=N3)C(C(=O)C[CH][CH]O)=CCO1,0.20000000298023224,513766,0.2
2800,CCOCC(=O)O[CH]c1ccccc1OC[C@H](C)C(=O)N=CCC1=NC=C(N)C=CC(C)=C1N(C)O,0.3012048304080963,278319,0.2
2801,CCOC(=O)CNC1(N)Nc2cc(Cl)cc(F)c2C2=C(F)C=CN=C1C2,0.3731343150138855,277095,0.2
2802,O=C1NC=C(SCC=CNC2=CC(O)=CCC=CC2F)C1C=CO,0.20000000298023224,422192,0.2
2803,CC(CCl)C(=O)CC(N)=O,0.48148149251937866,429488,0.2
2804,C=CC=C(N)[CH]C1(C=NC(=NC=CF)C(=O)C=C)C=CC(c2ccccc2)C1C,0.26153847575187683,359534,0.2
2805,CCC=CC=C1OCCNC2=C3C(=C1OS31C=CC=C1C)C=CC2C(=O)OCC,0.26829269528388977,189115,0.2
2806,CC=COC(=O)[C@H]1C=CC#CC=C(F)C=CC(S)=C(C(=O)OC)C1,0.26229506731033325,190104,0.2
2807,CC=COC(C)C(O)=CN=NC=C1N=C(C(N)C(O)COC(=O)C2C=CCCCC2)O1,0.2777777910232544,450327,0.2
2808,CCOC1=C2C=C3C(=O)C(C1=CC=CN2)C3NCc1ccccc1,0.31343284249305725,619306,0.2
2809,COCC#CNC1N=C(N)N2OC2C[C@@H]1N(C)C,0.2602739632129669,152690,0.2
2810,C=CCOC(=O)C=NCN(C)C(O)C(=O)C=NC=C(C=CNCCCC)CC=CC,0.30666667222976685,610292,0.2
2811,COC1c2c(F)ccc3c2CN1CC=CC=C(Cl)C(F)=C3,0.25,318688,0.2
2812,CNC=NC=CC=CC=C(OC)C1=CCO1,0.2954545319080353,39739,0.2
2813,CC(=O)C=O,0.5,25860,0.2
2814,C=C(OCC=C1C=C(C=CC)C1C=CCl)C(F)NCOC,0.20895522832870483,461375,0.2
2815,C=CCC(=O)CC=CN/C=C/CC1=CNC=C(C)O1,0.30000001192092896,308540,0.2
2816,C=CC(=O)C=CC1(F)N=C2CC=CC(F)=C(C=C(O)F)N1C1COC=C1C2=CC=O,0.21359223127365112,17829,0.2
2817,C=C1C(=C(C)COC)C2CCCC2C=C2C(N)=N[SH]12,0.25806450843811035,228071,0.2
2818,O=CC1=CC=C(Cl)SC(=O)OCCC12CC=CC(Br)NC=CN=CC2,0.20270270109176636,497553,0.2
2819,CCOC=C1CNC=C2[CH]OCC(C)CC(N3CC(O)CC=C3C)C(=CC3=C1C=CC3=O)C=CO2,0.20000000298023224,4574,0.2
2820,CC=CC=NN=C1C=CCCC[C@@H](CC(N)=O)C[SH]2C(=CCC(NC=C(C)F)=CC2C)CC(=O)C1,0.2222222238779068,91533,0.2
2821,CCC=CC=CC(=O)C1=C(C)C=C(Cl)C2C(=O)CC=C(C=NN(I)N=C1)C(O)C2CC,0.24242424964904785,614240,0.2
2822,C=CN=CCC(=CC)NC(C=CC1(OCCl)C=CC=CO1)C(Br)=CC=O,0.19540229439735413,573197,0.15
2823,CC=CCC=C(OC)OCC=C[N+]=C(Cl)CC(=CN=CC(=O)NCCOC)OC,0.3050847351551056,561045,0.2
2824,CC(=CNC(C)(C)c1cn(F)cc1S(=O)CCl)OCC=C[NH],0.260869562625885,497548,0.2
2825,CC12CC=NC=C(CCC=C3C(F)=CC(F)=C3NCCCCO1)N2,0.20000000298023224,5029,0.2
2826,CC=CCCC1=CC(N)=C2CC(=Nc3cccc(N)c3CC=O)NC2C1C1=C(F)CC(=O)N1,0.2291666716337204,462734,0.2
2827,CC1=CC=C2C=CNC(=O)CCCC=NOC(=O)C2C=CC=C1,0.234375,193387,0.2
2828,CC=C(CBr)CNN=C(F)CCF,0.30000001192092896,224062,0.2
2829,CC=CC1C=CC(=O)[SH]2(=NC=COC=C2Cl)C(=CCCl)C=CCSC1,0.1744185984134674,395252,0.15
2830,C[C@H]1CC=CC=CCCC(=CC=CN=CC2=C(O)C=CN3C=C2N=CC3C=CC=O)N1,0.20430107414722443,242388,0.2
2831,[2H]C1C=C(C)C=C2C(=CC=C(C)CC2Br)OC[C@H](C(=O)C=CC(I)=CC(C)=O)C1,0.24657534062862396,334854,0.2
2832,CC12CNCC(C=CN1)COC(=O)NC=CCc1conc1C1=CC3=C2OCC=CC3C1,0.1855670064687729,147278,0.15
2833,CO[C@H]1ON1C#N,0.2571428716182709,199004,0.2
2834,CCOC#CC=CC(C=O)C(C)(C)C(N)CC,0.3076923191547394,120311,0.2
2835,O=C1NC[C@@H]1OC(Cl)=C(CC(F)F)OCC1=NC=CCOCC=C1,0.23376622796058655,332915,0.2
2836,C=CC(=C)C=CC=C(CC[CH]CCC)NCCC(C)=O,0.30612245202064514,94776,0.2
2837,CCC1=CC2(N)C=CCC=NC1(CC(O)=COC)C(C(=O)NCC=NC=CO)=C2,0.23999999463558197,41282,0.2
2838,C=CCCOCC(N)C=CC(=O)C=C(C=CCSCC=CC=CC(=O)NC=C)CCl,0.25333333015441895,537188,0.2
2839,COC=CC1=C(C(=O)C=CC=N)CC=C1S,0.2881355881690979,494128,0.2
2840,COC1=CC(Cl)CC=C1CC1C=CC=C(C#N)CNC(=O)C1,0.24285714328289032,74828,0.2
2841,CC1=CC(C=N)=C2C=CCC23CONC2CC1C3[CH]C=CC=C2O,0.1805555522441864,404002,0.15
2842,C=C1C=C(N)C=C1C1=CC(O)C(=O)C=C1NC(=O)CNC(Cl)=CC=CC=CCF,0.2151898741722107,401815,0.2
2843,C=CC=C(OC(C)=CCF)N1C(=O)C2(C=C(O)C=CN=C)C=COC12,0.20270270109176636,451806,0.2
2844,CC1CCC2=CC=CCC2(C(=O)Cc2ccccc2)N=CNC1=O,0.359375,548317,0.2
2845,FC1=CC=CCC=NC2=CN=COCC(NC=C1)NC2,0.19298245012760162,89530,0.15
2846,CC1CC=CC=CC2=CCOC(C)(O)C(Cl)=CSC21,0.2539682686328888,69228,0.2
2847,N#CC1=CC(=O)[C]C1OCC1=C(C(=O)CCO)S(=O)CCC1,0.25,370587,0.2
2848,C1=CN=C1,0.2222222238779068,326634,0.2
2849,O=CN(S)C=CC(=O)O,0.3199999928474426,444419,0.2
2850,CC(O)N[C@@H]1CC=C(C=C2C=CC(O)=N2)C=CCCC1,0.2631579041481018,96648,0.2
2851,C=CC(=O)C1CCNCC=C1OC(C)(N)F,0.3076923191547394,203153,0.2
2852,COCC(=O)OC1=NC(C=CC2=CN(CC#N)CC(=CN(C=CC(=N)F)CF)C2)[SH]1CC=N,0.21111111342906952,630580,0.2
2853,CC=C(F)N=C(CBr)OC(=O)COC1=CC2=C(CC2)C(CC(C)=O)CNC=C1,0.2222222238779068,159686,0.2
2854,CC=CCC1(N)CN=C2C=COC3CC(C#N)=CC3N(C=C1O)C(=O)C(=CC(C)N)C2=O,0.21212121844291687,623755,0.2
2855,C=CC1C2=CN=C1C(C=C1C=CO1)N(C)N=CCC2NC(=O)CSC=N,0.22680412232875824,220194,0.2
2856,CCNC1=C[CH]CC=CC(F)=CCOC1C(NN=CC=CC=CC1=CC(=O)CC1C)=C(F)F,0.2023809552192688,47468,0.2
2857,N=COC=CC=C(O)C(=O)C=CC=CCCC1CC=C[CH]CN1,0.21875,37531,0.2
2858,C=COCc1cc(Cl)ccc1C1CC(C)C(=O)OC=CC(I)=NC(C=O)N1,0.27272728085517883,264638,0.2
2859,CCC1=CC(CCC[C@H]2CC=COC(=O)NCC2)OC1=CC=NC=C(Cl)C=CNC,0.2222222238779068,449980,0.2
2860,CCNC(=O)N(C=CCl)C=NNC1(F)CCOC1C=CC(C)=CNCBr,0.2153846174478531,443062,0.2
2861,CC=CCC(=O)C=COCC(C)C(=O)[C@@H](C)CCCCOC,0.30434781312942505,127332,0.2
2862,COC=CNCC=C1C=Nc2c(F)cncc21,0.25925925374031067,604508,0.2
2863,C=CONC=CCC=C(F)C=CNC=O,0.22448979318141937,93677,0.2
2864,C=CC=C1C(C)=CCN=C2C=CC1=CC(=C(C)C)C(=O)CCNCS2,0.20000000298023224,432924,0.2
2865,C=CC=C1C(F)=NC2=C1C1C=C[SH]2C=CC=CC2(N1)[C@H](C(C)C)C[C](C(C)O)N2C,0.18987341225147247,429511,0.15
2866,C=CCC[C@H](CO)C(=O)C=C(Br)CCOC=CC1=CC1=CC=C1C=C(Cl)C=CC1,0.22972972691059113,592425,0.2
2867,COC(=O)[C@@H]1C(Cl)=CC=C(C=CC=CCO)C=CC=CNC2=CC1C=N2,0.2702702581882477,565377,0.2
2868,O=C([CH]CN=CC=COC1=CN1C1CC(I)=CN1)CC(=O)CBr,0.2222222238779068,470936,0.2
2869,CCOCC=C1COC(CC2C=CC(F)=CC=C2F)NSC1N,0.2183908075094223,90495,0.2
2870,CC(Br)C1N=CC(=O)C=CN=C2C=CC=CN=COC=CN21,0.2142857164144516,545634,0.2
2871,COC(C)=C1COCC2=CC(=O)OC2=C1CCl,0.29411765933036804,78345,0.2
2872,CC(C)(C=NC=C(Cl)C=CCCC=O)CN,0.2857142984867096,227833,0.2
2873,C=CC1C=C2C=CC1C=CC(=CCCOC(=O)C=C(C)C=CC)CO2,0.28985506296157837,326218,0.2
2874,C[CH]C=CC=CC=CCOC=CC(Br)=COCNC=Cc1cc[nH]c1,0.32786884903907776,110303,0.2
2875,C#CCOCN=CC1C(=O)C[C@H]1F,0.2926829159259796,277293,0.2
2876,COC(=O)NC(OC(C)N)C(C(=O)CNCCC=N)C1CC1=O,0.3103448152542114,631234,0.2
2877,C=NC1=CNOCC1Oc1scc2c1C(C)=CC(C)=CC=NC=CC(=C(I)CCC)C2C,0.1770833283662796,311781,0.15
2878,C=CCC1(C=CCC)C=C1Cl,0.29411765933036804,8356,0.2
2879,C=CC=CC=C(C)C=CC=CC1C(=C)CC=C[C@H](C2=CC=CON2C=CSC=CC)C=CN1O,0.17582418024539948,552212,0.15
2880,C#CCCC=C(C=O)N=NC,0.3333333432674408,360494,0.2
2881,CN1CCCC2=CC=C(I)C=C(N)[PH](=O)COCC3=CC=CC=C(C=C21)C3,0.21917808055877686,542603,0.2
2882,N=CC=CCOCC=C[C@H](C=O)C1=CCCC1,0.3199999928474426,305067,0.2
2883,C=C(C=CC=CC=CC=CCCl)C=COC(=O)C1=CCO1,0.2542372941970825,129783,0.2
2884,CC=CC[C@H](N)C1=CC=N[C@@H]1COC=CC(C#N)=CCC(=O)N(C)CC(=O)CC,0.23999999463558197,262883,0.2
2885,CC=CC=C1C=C2C(C=CCO)=C2C(=O)C=CCC[CH]N2N=COC[CH]C12,0.20000000298023224,461330,0.2
2886,C[SH]=CC=CC=COC(=O)[C@H]1C2=CN=CCN(C[CH]2)CC1C,0.2278480976819992,270739,0.2
2887,CC#CC(C)OCC=C[C@@H]1C=CC(Br)=CC=C(C=CC(=O)NCO)C(=O)C=C(F)NC1,0.23529411852359772,106172,0.2
2888,CC#CC1=CC(OC=N)C(=O)O[CH]C=CC=CC=C1C=C1C=CC=C1Cl,0.19480518996715546,478219,0.15
2889,CC(CO)N=CCC1(C)CCCCN1,0.4324324429035187,331949,0.2
2890,C=C1C=C(F)C([CH]C2C=CC[C@H]2CC#N)CC=C1C=Cc1c[nH]cc1C,0.232876718044281,384365,0.2
2891,CC1C=CNC2=CC3=NN(Cc4c5c[nH]c4C(=CC=CC=C(N)C2=C3)C=CC=C5)C(=O)O1,0.20000000298023224,251904,0.2
2892,CCN=C(Cl)C=CC=NN(C(COCC)=C(OC)C(=O)F)C1C=C(C)CC(N)=C1,0.21686747670173645,466133,0.2
2893,CCC=C(C=O)C=NC=CCC=NC=CC1=CC(CCC(=N)CS)CC=CNC=N1,0.19540229439735413,127431,0.15
2894,NC1=CC=C2C3=CCC24C=CC2=C4C(=CCCCNCC2)C(=CN=CC=C3)C1,0.18571428954601288,434910,0.15
2895,C=CC1CC(=O)C=CC2(CN=C(C)C2)C2NC(=O)OCC=C(C1)C1=CCC(NC)C2=C1,0.22499999403953552,533441,0.2
2896,CC1=CC=C2[CH]C(=O)N(C)C(=O)C(=CC3=CC=CCCC3)C=C(F)C=CC(=O)N=C[SH]12,0.19780220091342926,620205,0.15
2897,O=S1N(O)C=CNC=CNOC12C=COC2C1C=CC#COC=NN1,0.1428571492433548,477212,0.1
2898,C=CC(Br)NCC(OC)C(C=O)OC=CC1C=C1,0.24528302252292633,103870,0.2
2899,CC(=O)[C@@H](C)CC1=CCOC2=CC1=C1Nc3ccc(cc3)C(=CCO1)C(F)=C2,0.2666666805744171,223147,0.2
2900,CC1CNC=NCCN2N=C2N=COC1CCNCc1ccccc1,0.37288135290145874,420631,0.2
2901,C=CS1(C)(=O)C=CC(C)=CN(C)C(=O)C1NC[C@H](C)CC1=NCCCCC1,0.22857142984867096,289238,0.2
2902,CCC(=O)C(C=CO)C=CC=C(C=C1C=N[C@H](C)O[C@H]1OCCCl)C(C)(C)N,0.23376622796058655,225671,0.2
2903,[CH]CC=C(C)C=C(C1C(=C[CH]C(=O)C=CC(C)=O)C=C(S)[C@H]1COC)S(=O)CF,0.2247191071510315,565103,0.2
2904,O=C1CC2=NC=CC=C[CH]CCC1C=C2,0.37142857909202576,58408,0.2
2905,CCC(=O)C=C(F)N=CCC(=O)NC[CH]C1CCC=CC(C(C)N)=CN(C)C=N1,0.21875,98769,0.2
2906,CNC1=CC=C(Cl)CC(C)(C(c2ccncc2)C(N)N=CO)C1,0.26923078298568726,548930,0.2
2907,CC1=C(C2=CC=COC=C2OC=CN=[N+]=[N-])N=CCC2C=CN(C)C(=C2)C=NC[CH]1,0.17592592537403107,444431,0.15
2908,CCC(C)(F)C(=NCC(=CC=CCl)NC(C)=O)NC(=O)C1=CS(=O)NC1,0.23456789553165436,466553,0.2
2909,N=C1CC2OCC1NC(=O)C=NC=C(C(=O)OC=CC(F)(F)F)C1(F)C[C@]21NC=C[C@@H](O)CCNCN,0.20000000298023224,337414,0.2
2910,CC(=O)OCC1=CC=NC=C(C#N)N=CCc2cnccc2C(=O)CC=COC1=O,0.3188405930995941,610642,0.2
2911,COC(=O)N1C(=O)C[C@H]1OC(=O)C(C)C=O,0.4324324429035187,174133,0.2
2912,COC(=CCC1=C(C)OCC1=CC=CN)NCC=O,0.2678571343421936,137458,0.2
2913,CC(C)(F)C=CS(=O)CC1=CC=CCOC1,0.28260868787765503,615175,0.2
2914,C=C(C)[CH]CCO,0.4285714328289032,252810,0.2
2915,COC(=O)C1(N)C=NC(CC(C)=NC=Cc2cccc(Cl)c2)=COC1,0.3571428656578064,120909,0.2
2916,C=C(Cl)OCCC=C(Br)C=CO[C@@H](C)C(C)=O,0.3191489279270172,559647,0.2
2917,CC(=CCCOC(=O)C=CC1C=C(O)CC=CCC12CC2)C1C=CC[C@@H]1C=N,0.24418604373931885,67668,0.2
2918,CSC=CC=C(COC=CO)C(=O)OC[N+]#N,0.2631579041481018,178631,0.2
2919,CCC1=NC2C(C)=CNC3=C1C(F)=C2C=CC3C=CNCC(=CCC(C)=CCCCO)OC,0.22499999403953552,430991,0.2
2920,CNC(C)C(Cl)C(O)(C=NC=CC=CBr)C(C)C(C)=O,0.24390244483947754,430756,0.2
2921,CCC1CC=NC2C=CC(O)=C(O2)[C@@H](F)C(N)C2=CN1CC(C)(N)CO2,0.19230769574642181,93393,0.15
2922,CNC1=CC=C(COC(C)=O)NCC=C(F)CC(Cl)=Cc2ccccc2C1,0.3333333432674408,199542,0.2
2923,CC=CC1=CC[C@H](CC)CO1,0.2750000059604645,604928,0.2
2924,C=CC(C)=CC=C(Cl)C=CC1C(=CNC(F)=NCCCF)C(=O)NC=CNOC1N,0.18367347121238708,170587,0.15
2925,CC=CC(O)=C[CH]CC(=O)C1(Cl)CCN(CCOCC)CCN1,0.3166666626930237,277163,0.2
2926,CC1OC=CN=C1C=O,0.27906978130340576,358632,0.2
2927,CCOC(=O)NC(C)C1[CH]C=CC=C1OCC=CC=C(Cl)C=CC=C1CCC=C(CCBr)N=CO1,0.23157894611358643,99654,0.2
2928,CCC(C=NC(C)=CNCC=CN=COC(Br)=CNC(=O)CC=COC)SF,0.19696970283985138,562143,0.15
2929,CC=CC1=C(C)CC=C1C=C(N)OCC=CCCCl,0.2545454502105713,341846,0.2
2930,C=C(F)C=CCC1SC(O)(C=CC=CC=CNC(=O)OC)N=CC1=O,0.2647058963775635,478995,0.2
2931,CNC=C1C=CC(=O)C=CCC=CNC(Cl)=C1,0.25,540632,0.2
2932,C=CCCC(C)=C1CC(CN)(NC(=O)NC=CC(=C)NC=CC)C1NC(C)C,0.2647058963775635,66742,0.2
2933,CC(F)(F)CC1=CCOC(Cl)C=CC1,0.2549019753932953,446614,0.2
2934,NC=C1C=CC2=C(C=CC=CC(F)CCCl)C=C2C=C(F)C(F)=CC(C=CCF)=C1,0.1846153885126114,281203,0.15
2935,COC=C1C=NC1=COC=CC(=C(O)Cl)c1ccccc1C,0.30612245202064514,134864,0.2
2936,CC#CC1OC=NCCC(F)=CC2CC(=C3C(O)=CC=C3Cl)CC2=NC(C)C1N,0.1860465109348297,69008,0.15
2937,C#CC,0.3636363744735718,484990,0.2
2938,C=CC(C)=C(C=COCC(F)=CC)C=CC(=O)[C@@H]1[C](O)N(F)C(OCCOC)O[C@H]1C,0.2238806039094925,549836,0.2
2939,CNC(=N)N=C1C=NC=C1CC(Cl)NCC=CC1=CC(NCC=CC(=N)F)C=N1,0.17582418024539948,163389,0.15
2940,C#CC=CO[C@@H]1CC=C(Cl)[C]=CC[CH]ON(C)Cc2ncccc2N[C@H](C)C1C,0.23157894611358643,359263,0.2
2941,CCC=CC=CC(F)=C1C(C[CH]O)CC1Nc1cc(Cl)ccc1N1C#CCC=C1C=O,0.25287356972694397,424190,0.2
2942,C=CC1(O)COOC([SH]=O)=CNC[C@H]1O,0.24074074625968933,21581,0.2
2943,COC(=O)CC=CNC=C1C=C1CO,0.41025641560554504,443560,0.2
2944,O=CN1C=C2C=CC3=CC=Nc4cc#cn(c(Cl)ccc4)C1=CC2C3O,0.2028985470533371,17717,0.2
2945,CC1=CC=CC(CNC(=O)CCOC=CCCO)(C[PH](=O)CO)CC1,0.25,37132,0.2
2946,C=CN(CCCCC)C(=O)N1C=CC(C)(C)ON=CC(Br)=N1,0.2916666567325592,55402,0.2
2947,COCC=Cc1cc(C(=O)C=CCC=CC(=O)OCO)no1,0.3404255211353302,404559,0.2
2948,CC=CC1CC=C2COCC(C)(CC)NC3(C)C=C1CC(C)=CC[C]C(=O)C23,0.2539682686328888,183687,0.2
2949,C=NC(Cl)=CC=CNCCOCC(=C)[CH]CO,0.21568627655506134,598184,0.2
2950,CN=C1N=C(I)C2CC=C(Br)N=CC(=O)NCN=CCCON1C2,0.2195121943950653,461910,0.2
2951,CC(C)(P)Nc1ccc(OC=N)c(Cl)c1,0.3636363744735718,153050,0.2
2952,CCOC1(CO)C(=O)C(C)=CCC=CC=CNCC=C1CC(C)=O,0.265625,518175,0.2
2953,CN=CCC=NCN(O)C1C=CC(O)=C1Cl,0.2181818187236786,340947,0.2
2954,C#CC[C]C=CC(=O)OC(=O)C=CC=COCC(=N)OC,0.31707316637039185,629203,0.2
2955,C=NC1=Cc2ccccc2C=C(CC(C)=O)C=CNCC(C=COCC)O1,0.28358209133148193,354097,0.2
2956,COC=CC1=C2C=C(F)C=COC3=C(CC1OC(Br)=N3)C2N=CC#[N+]O,0.21739129722118378,160846,0.2
2957,CC=C(C)C=CC(=CC(=N)NC=CNC(=O)OCCC=CCC)CF,0.37735849618911743,514167,0.2
2958,O=CC(=O)NC=CC1C=CC=CC2OC=CC=C2C(Cl)=CN1,0.2777777910232544,516121,0.2
2959,OC=NC=CC=CBr,0.22580644488334656,75713,0.2
2960,CCN1C2=CC(Cl)C1=C(C1C=CC=C1)C(CC(C)=O)=CNCO2,0.2432432472705841,4947,0.2
2961,CCCC1=CC2=C(O)C=NC(Cl)=C(C(C)(F)F)C(F)(C[CH]COC1=O)C(NC)=C2,0.23880596458911896,616226,0.2
2962,CC1=CCNC(=O)COC=CC(NC=O)=N1,0.2678571343421936,286071,0.2
2963,CCC1CC2=C(N)CCN=CC23C(N)N=CC2(C=C(F)CC23)C1,0.22807016968727112,247616,0.2
2964,C=CC(=O)[C@@](C)(OC=C=[SH]C=C1C=C(C)C(CN(O)O)=C1)OCOC,0.24358974397182465,621003,0.2
2965,CCOC(=O)NC(Cl)=CCSC(N)=CC1CCSC=CCC=CCc2ccccc2C1,0.30136987566947937,76296,0.2
2966,COC=C(O)C=NCCNC=NC(C)C=C1C=CC(Cl)=C1,0.234375,93513,0.2
2967,C=CC[C@@H]([CH]C=C1CC1=NCN=C(F)N=C)NCCOCC1=CCCN=C1COCC,0.2395833283662796,543777,0.2
2968,COC(=O)C1C=CC=C(CN=C2CNCC3=C(CC4=CCCC43)N=C2S)S1,0.2361111044883728,287462,0.2
2969,CS(=O)C[C@@H](Cl)NC=C(C=CC=O)C=NO,0.2448979616165161,568657,0.2
2970,CC=CC12CC=C3CC=CC1C3N1C3C=CN=CC=C3CN1CC(CC=O)=CC2=O,0.1975308656692505,525584,0.15
2971,C=CC(O)(O)C#COCC=COC=CC(Cl)C(C=C(F)F)=CCl,0.19298245012760162,556643,0.15
2972,C=C(C=CC=CCOC)C=NC1=C(Cl)C(C=C(F)CC(F)F)C(O)=CO1,0.20987653732299805,299030,0.2
2973,C=CC=CN=C(Cl)C=CNC[C@@H](O)C(C)[CH]c1ccccc1NN=C,0.25,268933,0.2
2974,CC(=O)C=CC(N)C=C1CN2C=NNC(Cl)=CCC1(C=CF)C(C=O)=C2,0.20430107414722443,417682,0.2
2975,COC(=O)C=C1C=CC(F)=C(N)C[CH]C(=O)OC1,0.30434781312942505,137528,0.2
2976,CCCC(=O)CCC=CC(=O)OC(S)=NCC1=C(O)C=C(C)C1,0.30188679695129395,151974,0.2
2977,[CH]NN=CNCOC,0.27906978130340576,573416,0.2
2978,C=CCC1=CN=NC=CSC(C)=CC=NC=C(c2ccccc2C)SC1C(=O)CC(=O)OCC,0.3199999928474426,379833,0.2
2979,COC(=O)NCC(=CC=C(CF)C(=O)Br)N=CCN,0.34090909361839294,139350,0.2
2980,CC=CC=C1N=C2C=C(C=CCN)C=CCC#CC=CC(N)=C2C=NC1CCOC,0.20224718749523163,374143,0.2
2981,O=CCOC(=O)N=C(F)F,0.3870967626571655,620966,0.2
2982,CCCCC(=O)C=CNC1C=CC=C1NCCOC1=C2CC=CC(C)=CC=C(CO2)C1,0.25,334148,0.2
2983,CC=CC=CCC1=CC2=C(C(C3CC3CN(C)N)=CC(N)=CC#CO[CH]1)C(NO)C=N2,0.1702127605676651,71272,0.15
2984,CC1(C)NCC(C)(F)C(=O)O1,0.3333333432674408,271590,0.2
2985,FCC1c2c[nH]cc21,0.2916666567325592,170180,0.2
2986,CCOC=CC=CN=C(O)N=CC(=O)C=CC=NN(F)C(=O)C[C@@H](C)C(=O)OCC=CO,0.26153847575187683,39435,0.2
2987,CCC=CC(=O)NC1=C(N)C(F)C(=O)[C]=NC=C(C=CCCF)C1F,0.3166666626930237,54943,0.2
2988,C=C1C(C[CH]COCC=O)=CC(Br)CC1F,0.2857142984867096,291238,0.2
2989,CC=CC1[C]2C3=C(F)C(=O)C(C[C@H]2CN=O)C[C@H]3NCC(OC)=CC=CC1=CC(=O)COC,0.21590909361839294,220644,0.2
2990,CNC1=CC(c2ccco2)NC1CCOCC(=O)C(C)=COC,0.2777777910232544,266536,0.2
2991,C=C(Cl)C=CC(C)C=CC(=O)C=O,0.35483869910240173,51056,0.2
2992,COC1CC(Br)C=CC1C=COCC=NCC(F)=CC=O,0.21311475336551666,261330,0.2
2993,FCC(CNOC(F)F)c1cccnc1,0.40909090638160706,510423,0.2
2994,CC=CC(=O)C=CNC(=NC(F)CN)C(CC#N)C(N)=O,0.2641509473323822,135162,0.2
2995,COC1C(C)=CCNC=CN=CN2C=CC=CC1OC1=C(Cl)CC(CC2=O)C1C(=O)O,0.2235294133424759,505917,0.2
2996,C=CC1(C)COC(=O)C(=CC(C)=O)C([N+]=[N-])=CN1,0.2982456088066101,114541,0.2
2997,CCCC=CC1=CCC=CC(C)=CN=C2NCC(F)=NC2=CC(CO)NC1=O,0.2432432472705841,152387,0.2
2998,CC(C=C(Cl)C(Cl)OC=CNC(C)(OCC=C[CH]O)c1cc(O)ccc1N)CC=CNC=O,0.24285714328289032,88909,0.2
2999,NC(N)C1C=NC=C2c3ccc(c(C=O)n3)CNCS(=O)CCN2O1,0.21686747670173645,21039,0.2
3000,C=CCNC=C1SC=CC1C=CC1=C(C=O)CCOC1,0.29629629850387573,120916,0.2
3001,CCOC=CC=CC1=CC=C(OCC[C@H](O)C=O)CCC(O)CN=CN(C(=O)CBr)CC=N1,0.2291666716337204,358584,0.2
3002,[N-]=[N+]=NNC(CC1=CC=C(N)CCC#C1)=NCF,0.19354838132858276,43449,0.15
3003,CC=CSC=CC=CC(=O)CC=CC(CCC=O)=C(F)CCC(C)(C=NC)CCCCOC,0.2539682686328888,565467,0.2
3004,FC=Cc1ccco1,0.517241358757019,257176,0.2
3005,C1CO1,0.4166666567325592,211400,0.2
3006,CSC(C=NC(=O)C=CC1=CCC=CC1)=CC=NCC=C(Cl)C=CN,0.21739129722118378,455014,0.2
3007,CCOC(=O)NCC=CC1=CN(C(C)=O)CN2C=NC3C=CC=C2C1=C3,0.27906978130340576,295419,0.2
3008,C=C(C=CF)OCC(N)CC(N)=CCCF,0.25581395626068115,450879,0.2
3009,C[C@H]1CC2C3C=CCN=C3CC(C=O)CC[C@@H]21,0.30434781312942505,173436,0.2
3010,CC1=C2CC(=CC=CC(Cl)C(=O)NCC(=O)CF)CNC2=CC1Cl,0.21052631735801697,595642,0.2
3011,CC(=O)OC(C)C,0.6470588445663452,457352,0.2
3012,CC=C(C=O)C(=O)ON,0.4000000059604645,519369,0.2
3013,C=CC1(C=CC)CC2=CC(=CC(C)(O)OCCOC(C)=O)C1C(=O)CC=C2F,0.26865673065185547,567542,0.2
3014,O=C(NCC(Cl)C=CCOCN=CNC1=NC1)C(=O)OC1CCOCC1,0.3174603283405304,298013,0.2
3015,CC=COC(=O)NCC(O)=C(F)N=CCNN=COC=CCC=CC(NO)C(C)=CCl,0.19402985274791718,140019,0.15
3016,C=CC=CC1=C(I)C1=C[CH]N(C)CC=CC(=O)O[C](N)C#CC,0.25,585405,0.2
3017,C=CC=CC1=CC(O)=CCC1=C[C@H]1C=CC=COC1,0.2199999988079071,147842,0.2
3018,CNC=CC=CC(F)C(=O)C=C(F)C1(F)C=NC=C1C=CCl,0.21739129722118378,372302,0.2
3019,C=CN1C(=O)CC=C1C[CH]CCF,0.3333333432674408,527399,0.2
3020,CC(CN=O)OCC(=O)NC=[PH]=NC(Cl)NC(F)F,0.26530611515045166,564068,0.2
3021,O=C(O)CC=CC(=O)C1=CC=CC(CCC2OC3=C(CC[CH]3)CC2C=CC=CF)C(F)=C1,0.20212766528129578,35212,0.2
3022,CCC=CC(=S)NC(C)=COC(C)=O,0.4000000059604645,495678,0.2
3023,CC=CN(C=CC=CC(=O)C(N)=O)C=CN(C=CC)CF,0.2666666805744171,412362,0.2
3024,CC=C(O)C=NC=C(N)C1=CN2C(=CC2=NCCNC)C=CC(C)=CNC(=O)C1,0.19178082048892975,501065,0.15
3025,C=C1CC(NCCC(=O)SCC)=CC=NC=C(C=CC=C(I)C=CCC(Cl)=CC=CC)O1,0.19417475163936615,154256,0.15
3026,CCN1C(C#N)=CC1C=CC1C=C(C)C1(CNC(=O)C=CC(O)C=NOC)OBr,0.23000000417232513,255237,0.2
3027,CC1=C(Cl)C=C2C[C@H](CC3(S(=O)C=NN)CC4OC=C3C2C=C4Cl)OCC=C1,0.21621622145175934,365711,0.2
3028,CC(C)NCCOC(=O)N1OCC(C=C2C=CC(=O)OC2C=O)NC1C(N)=O,0.24705882370471954,578000,0.2
3029,CC1=COC=C2C=C3C=C(F)C=C(C#CC(=O)C(C)OC=C4CC4)C(C3)C(C)C2S1,0.19480518996715546,15774,0.15
3030,CC1CNC(=O)[SH](C)C(=CC=CN=CC=CC=N)O1,0.24137930572032928,191807,0.2
3031,CC=CC(Cl)=CC1CC(=CC=CCCCCOC)C=CC=COCC(=O)C(O)C=CC2=CC=CCC21,0.23711340129375458,222570,0.2
3032,C=C[C@H](CNC=CC=CC[SH](C)(=O)Cl)C(=O)CC=CNC1=COC=CC=N1,0.20987653732299805,213076,0.2
3033,CCCOCC(=S)C(CO)C1=C(N)C=CN(F)C=C1,0.2641509473323822,99683,0.2
3034,C=CN=C(C=CSCC)c1c[nH]cc1C1C=CC=C(N)C1COC1C=C1N,0.22368420660495758,322327,0.2
3035,CC=CC=CCN(C)CC(=O)NC=CCl,0.3488371968269348,550660,0.2
3036,C=CCCC(C)[CH]C(=O)OC1C=C(Cl)C=CC=CC(CC)OC1=NC,0.261904776096344,166984,0.2
3037,CCCCCC1C2=CC3=C(N)C=CONC3C3=CC(C)C=NC1[C@@H]([CH]C(=O)S2)CN3,0.25,485215,0.2
3038,C=CC(I)C(=O)[CH]CCC1(CC)C=CC1,0.30188679695129395,484192,0.2
3039,O=CNC(=O)CC=Cc1ccccc1C1=CN=COC=C(CCl)C=CN=CCC=C1,0.25333333015441895,353965,0.2
3040,CCC12C=C(C)[C]3CCC(F)(F)CNCC=CCC(=C([C@H](OC)C3)S(=N)N1)O2,0.2073170691728592,219462,0.2
3041,C=C1CSC(C(=O)CN)C(Cl)C1=O,0.2666666805744171,507109,0.2
3042,CCNC(C)(O)CC=CNC1OCC2C=CC=CCCC(=O)NC=CN(C)C1=CC2C,0.21875,629181,0.2
3043,O=NC1=CC(F)=CC1OC=Cc1cnco1,0.20338982343673706,530767,0.2
3044,O=C(OCO)C1=CC(=C[C]CF)C=N1,0.302325576543808,582642,0.2
3045,C[N+]=CCN=C(N)C=CC=C(C)OC=NC[SH]=O,0.2068965584039688,428288,0.2
3046,CCCC=COSC=NC=CC(CC)CN=C1[CH]CC=CC#CC(C)C(COC2=C(F)C=C[SH]2C)CC1,0.171171173453331,83779,0.15
3047,CCNC1=C2C=C(Cl)C(=O)C=C(Cl)C=CCC=C3C(=COC1)C3OC2,0.2916666567325592,521126,0.2
3048,CCNC1=CC=C(C)CC=C1N1C=C(CO)C(O)=C(N)C(=O)C1,0.24590164422988892,64458,0.2
3049,CNC1[CH]C2C=C(C(N)C=CC3=CC=CC=CC3)C(CCN)=CCN=C2C(C=O)N1C,0.19480518996715546,88762,0.15
3050,CC[SH]1CC1(C)OCC=O,0.31578946113586426,604918,0.2
3051,C=CC1C=CC=C(CC=C(Cl)CC=O)SC2=CC1ON2,0.2222222238779068,224368,0.2
3052,C=CCN1CCN(C(=O)C(F)=CNCCCO)C1NC=O,0.2800000011920929,567102,0.2
3053,C=C(C=CC(O)C1=C2C=CON(Cl)C2OC1)ONCC(=O)OCC(Cl)O[NH],0.22499999403953552,516015,0.2
3054,CCC=C(Cl)C1CC2OC(=O)CC3=CNC=CC3=NCCC2=NC1(O)N=C(C)F,0.21621622145175934,181601,0.2
3055,COC1=C(Cl)C(=CC=CCC2OC(C)=C(O)COCC=CC(C)S2)CC=C1,0.20000000298023224,125788,0.2
3056,COC=CC=C(O)CNC=CC(=O)CC(=O)NC1OCSCC(F)=C1F,0.2133333384990692,588420,0.2
3057,CCOCOC=CC[CH]C1C2=CC=CC1C(=O)C1=CC(F)C(=O)C[C@H]1C2O,0.24285714328289032,6157,0.2
3058,CC=CC1C=CC1(N)C(=O)c1ccn(C(=O)OC)c1Cl,0.3392857015132904,272952,0.2
3059,NC(=O)SC(=O)C=CC=CC(F)(F)C(=O)OCF,0.3488371968269348,3929,0.2
3060,CC1CC(C#N)C2C(C)(N=CO1)C21OC2N(C)CC1[P@]2C,0.20338982343673706,360215,0.2
3061,CNCC1=CO[C](C)c2nc(ccc2C(=O)OC)NC=C1C,0.3396226465702057,460317,0.2
3062,CC12C=C(Br)N=CCOCCC(C3C=CCNC(=O)OC[C]C3)=C1O2,0.19718310236930847,611133,0.15
3063,CCCC1(C)C=CC=CC(C)=C1CC1C[C@@H](C(C)C(=O)CC)C1C=CCCBr,0.28985506296157837,604985,0.2
3064,CCC=CC=C1CC=C(CCl)C2C(CN=CC=CF)N=CC=CN2C1,0.1875,106573,0.15
3065,CC1=NC2(C)CCC3(C=C[CH]C=CC(C)C(=O)N3)C(=O)OC[C@H]2C=C1Cl,0.2278480976819992,270807,0.2
3066,CCNC1(N)C=NC=C(O)C(O)CC(=O)C1c1ccc(N)cc1C=O,0.2777777910232544,105232,0.2
3067,CNC(=O)[SH](C=CC1=CC=COC=C1NCO[C@@]1(C)C(C)=CCC1C)C(C)C=O,0.2467532455921173,417637,0.2
3068,CSC(=O)OCC=CC(=O)OC(=O)N=CC(=CC=N)CC1OC(=O)C=C1C=CCCl,0.22535210847854614,307666,0.2
3069,CC=CC1C=C[C@@H]2CC=C(C(C=CCF)CCC(O)O1)N2COCC[CH]C(C)C,0.2142857164144516,484075,0.2
3070,CCCN1ON(C)C2=CS(=O)C(=CCOC1=O)CC=C2CC(=O)NC=CO,0.21176470816135406,436132,0.2
3071,CCCOC=CN=C(Cl)C(O)(S)C(C=Cc1ccccc1)CC,0.31481480598449707,134050,0.2
3072,C=CSC=CC=CNC1C=CC=COC(=O)C2(CC(C)C=CNC=CC2=CCOC)NC=N1,0.1860465109348297,431645,0.15
3073,CC=C1CCC(Cl)C(C=c2cc[nH]cc3c(cc2CBr)=CCCO3)=C1OC=CC=N,0.21686747670173645,13852,0.2
3074,CNC(=N)C1=CC=COC(C)=N[C](N)[CH]CC2C3=CC(CCCl)C[C@H]2CC3=N1,0.20270270109176636,36714,0.2
3075,COC=CC=CC=C(C)F,0.4166666567325592,287906,0.2
3076,[CH]NC1OCCC=CC(C=NC2CCOCC2)=C(Cl)C1CCC(C)O,0.24285714328289032,319786,0.2
3077,CNC(=O)C(=O)C(O)CC[C@@H]1C=C(SC=CN=CC[C@H](CCO)C(C)=O)C(=CC=N)C2=CC=C[C@H]21,0.20202019810676575,252326,0.2
3078,CCC=CC1C2=CC(=C1F)C=C(O)C1=CC(Cl)=C1O2,0.2295081913471222,8516,0.2
3079,CCC(O)CC(=O)C=C(Cl)C[CH]C=C(C)NCC(C=CCI)=COC=N,0.25,54406,0.2
3080,CC=CC=CCC=CCOCC(CC(=N[SH](=O)=O)C(=O)C=CC(F)(F)c1c[nH]cc1O)=NC,0.25,592062,0.2
3081,CC=CC12CC3=COC=C4C=C1CCC(=O)[C@@H](Cl)NCC4=CC=CNC(=CC3=O)N2,0.1785714328289032,159443,0.15
3082,C#CCCNC(=O)C=CC(CC=CC=N)C(F)=CC=CC=O,0.29629629850387573,581095,0.2
3083,COC=CS[CH]COC(I)C1C=CC2=CC=NC=CC2=C1,0.2153846174478531,513397,0.2
3084,C=CC=NC(=O)OC1(c2ccccc2Cl)CC[C](C)CC=CC(=O)C1,0.328125,398783,0.2
3085,C=CC=C(CS)C(=O)NC(F)C=C1CN=C=C1C,0.23636363446712494,250927,0.2
3086,CCCOC1S2=CC3=CC(C=O)C(=CC=O)C=CC12C(=O)OC=C1CN3C=C1F,0.20000000298023224,424531,0.2
3087,C1CO1,0.4166666567325592,211400,0.2
3088,CC=C1COC2CSC=C(O)C1=CC1=C2C=NCCC(F)NC1,0.18421052396297455,131309,0.15
3089,C=Nc1ccccc1C=C1CC=C(c2ccccn2)OC=CCC(=COC)NC(=O)[CH]C=N1,0.25,457014,0.2
3090,CC1[CH]C1C(C=C[C](C=O)CSC=CC(N)=O)CN(C)N,0.23076923191547394,314591,0.2
3091,CCC(=O)CC(=O)NC1=CC=CC(=COC(Br)=CNC(C)=O)CCN1NC=C1C=CC(Cl)=C1C,0.25,235771,0.2
3092,[CH]C1=CC2=CC(c3ccccc3O)C=CC=CC(OCC=CCCCC=C)OC3=CNCC1=C23,0.23456789553165436,623086,0.2
3093,CCSC(=O)NC(=O)CC=C(I)CC=CN=CC(C)=CC(C=O)C=CO,0.2068965584039688,509967,0.2
3094,C[CH]C1=C(NC2=CCC(C)=C2CCCO)C=C1F,0.3137255012989044,167303,0.2
3095,COC=CN=c1scccc1C=C1NC(=O)C=NC=CC=COC2=CNC(C=C2)O1,0.2150537669658661,201047,0.2
3096,CCOC=C(O)CCCNC=Cc1ncc2c(C=CSC(=O)CC)cncn12,0.27272728085517883,27319,0.2
3097,CN=CC(N)=C1SC(F)C(N[C@H]2C=C(C)C2)=C1Cl,0.21052631735801697,611531,0.2
3098,CCC(C=CC1(F)C[C@@H]2C=CNC1C=CC(=O)N2CNc1ncc(O)cc1F)N(F)CC,0.24271844327449799,244590,0.2
3099,CC=CC1CCNCC(=O)CC(N)=NCC1=O,0.3488371968269348,280051,0.2
3100,CNCc1ccc(CBr)cc1OCCCl,0.4651162922382355,600148,0.2
3101,CCC1=CC=CC=CC=C(Cl)C(=O)C=CC(=NOC)NCC[CH]C1F,0.22807016968727112,196924,0.2
3102,C=COCC=CC=C[C@H]1C=CC=C(C(=O)CO)C(CN)=C[N+](=O)C(F)(F)C=C1,0.20879121124744415,389145,0.2
3103,COc1nccc(C)c1C=CC=CC(Cl)CC=C(Cl)C=COC=O,0.32203391194343567,595921,0.2
3104,C[CH]C=CC1OC=C(C)C(=O)OC=CC=C(F)C=C1S1=CC2=CC=C(C1)OC=CC2=O,0.1780821979045868,123369,0.15
3105,NCCCC1C2=NC=C3C4NCCCC4=CNOC(=CCC=COCC[C@H]21)C3(O)F,0.19736842811107635,65728,0.15
3106,COC=CNC(=O)C(C#N)=C(C)C#CNC1(CC(C)(C)C)OC(=O)C(C)=C(C)C1O,0.23880596458911896,10681,0.2
3107,CCNC=NC=C(Br)CCC=NC=C(Cl)C1=CC(CC#N)C=CCCO1,0.2054794579744339,376874,0.2
3108,CCC(=O)C(C)=CNC(=O)CNC=C(CO)PC1c2[nH]ccc2C2CCCC21N,0.2409638613462448,391979,0.2
3109,O=CC1=NC(=O)C(O)C=CCOCC=CC(Cl)=CCOO1,0.2708333432674408,67302,0.2
3110,COC(=O)N1C2C3=CC=C2C=CN1CC1=CC=CCC(=CC=C3)C1,0.27142858505249023,150183,0.2
3111,CCCOC(=O)C[C@H](CO)C(O)C=CC1(O)CC=CC=N1,0.32758620381355286,186205,0.2
3112,N=CCCC(CNC(=O)OCCC=CC=NC(=O)O)SCC=C1N=CN(CC=O)N=CC1O,0.24242424964904785,459898,0.2
3113,COCCCC(=S)C[C@H](CO)CC=C1NC=CC=C1OC=CC=CN=c1cccn[nH]1,0.25,229153,0.2
3114,C=CC=CC(N)=CCNCCNC=CCC#CC[C@@H]1c2ccnc1c2C=O,0.21621622145175934,444625,0.2
3115,CC=NC(C=CCC=C1C(C)=CC2C(C(C)=O)=CC12)C=CC(C)=O,0.25925925374031067,380628,0.2
3116,CCOC(=O)CC#CC=C(CCO)OCC(=O)C=C(O)C=CNC(=O)C1C=CC=N1,0.27397260069847107,44544,0.2
3117,CCOCC1=C2C=CC1=C1C=CC=NN(OC)C(C=C1)C=C(O)NCC(=O)NS2,0.22891566157341003,69270,0.2
3118,Cc1cc(CN(CBr)C(=O)C=CC=CC=CO)n(CCl)c1,0.2777777910232544,246086,0.2
3119,CC1C#CC(O)C(C2=NC=C(F)CN=N2)NCC=C2CC=CC(C1)C2O,0.19718310236930847,473633,0.15
3120,CCC(=O)N(C)C1=C2CC(Br)=C1CC=NNC=C1C=COCC1C=CO2,0.2222222238779068,209192,0.2
3121,CN=CC(C=C=CC=C1C=NS(C=NC)(OC)C1C)=CCl,0.20000000298023224,188199,0.2
3122,C[C@@H]1CC(F)=CN=C(Cl)C=C(C=O)NC1=O,0.3414634168148041,278297,0.2
3123,CNN=CC1=CC=C[SH]2[C](C(=O)O)C1=C(Cl)C=C(F)COC2C=CC#CCNC(C)C,0.2150537669658661,405407,0.2
3124,C=C(Br)C=C(C)NC=CNCN[C@H]1NCN=CC(F)=CC=CCP1(=O)O,0.1860465109348297,130542,0.15
3125,CCSOC=CC=CC(=O)C1NC(CC[NH])C(NC(=O)NC(C)(F)F)=CS1,0.22727273404598236,461565,0.2
3126,CCCC(=CC=C[C@H]1C=CC=CC(c2ccn[nH]2)[C@@H](C)C=C1Br)CC=C(F)C=CC#N,0.19767442345619202,377158,0.15
3127,CC1=C(OC=CC(=O)Cl)C2=COC(CC=CC=CCCSCCCO2)C1,0.26153847575187683,259837,0.2
3128,C=CC(=O)C(C)=CCC1=CCCOc2c(C(=C)C)cccc2[C@@H]2COC=CC=C(C=CC=CNC2=O)C1,0.2395833283662796,536728,0.2
3129,CC(C)=CC(F)C[CH]CC(F)=CC#N,0.2857142984867096,567265,0.2
3130,CC[C]1C(CNC=N)SCC=CC=CC2=C(C3=CNC=NN1OC3)C(O)(F)C2,0.1875,154609,0.15
3131,CC(=C[SH]1C(=O)CC(O)=C(C)N=CCC=C1C)CC(C)(F)CCCCC(C)I,0.22727273404598236,160278,0.2
3132,CCC1=C(C)C=CCC=C(CO)C(NC(=O)NC=CC=COC)=[SH]1,0.2786885201931,625750,0.2
3133,C=CN=C(CCCOC)[C@]1(F)NC2=CC(NC(=O)C(=C)Br)C=CN=C2NC1C,0.2405063360929489,141459,0.2
3134,CC(O)=CC1=NCNC2CCCCNC=CC=C2C(N=CC2C3=CC(=CF)C=C2C3)=CC=NN1,0.19780220091342926,118299,0.15
3135,C=C(Br)C(=O)C1=CN=CNC(F)C=CC1,0.24528302252292633,488012,0.2
3136,NC(N)CC(F)C(Cl)CC(F)F,0.2800000011920929,92347,0.2
3137,CC(=O)C1=CC=C(I)N=CC(C=CNc2cc(Cl)ncc2CC(C)O)=CCC1N,0.28947368264198303,538197,0.2
3138,COCC=CC=C1C2NN1COCC=C(CCl)[C]2C,0.23529411852359772,432535,0.2
3139,C=CC(C)(O)C(C=CCCNN1C=C1F)CO,0.29629629850387573,117096,0.2
3140,CON(C)CC1=CC2=CCC3=C(C)C[C@H]4C(Cl)=C2C2=C(Br)CNC2=C1C34O,0.20253165066242218,604570,0.2
3141,COC1(Cl)OCC(C=N)C1=C1CCC(=S)NC=C1C(=O)C=CNCC=O,0.22093023359775543,488030,0.2
3142,CCOC1(NCC(=O)C(C)(C)F)C(=O)C=CN1CC(=O)C=O,0.27272728085517883,392725,0.2
3143,CCC=CNC(=CC=CC(CC(=O)CCNC(=O)C1=CC=COC1C)SC=CC=O)CCC#N,0.21686747670173645,372312,0.2
3144,O=C1NC=CC=CC2C=C(CO1)CC(=O)C(=O)C(CCl)=CC2,0.23880596458911896,461017,0.2
3145,FC1=NC2C=C(C=CCO2)OC2=CC=NCC2CN=C1,0.19298245012760162,624567,0.15
3146,C[CH]OC(=O)[SH]=C1N=NCC(C)(O)N=CNC=CN=C[SH]2[CH]COC1N1C=CC(CC2)C1,0.20000000298023224,378572,0.2
3147,CCC(=O)CCCNC(N)C1[CH]CC=C2C(C)=CC(=CNC3NN=CC23)CC(C)=C1,0.23170731961727142,154533,0.2
3148,CS(=O)(=O)Cl,0.375,159533,0.2
3149,FCCN[C@H](F)COC1=CC#CNC1,0.2549019753932953,609746,0.2
3150,CC(=O)NCCC=CC(I)=CC=C1C=C(C=O)C(F)=C1O,0.3333333432674408,55181,0.2
3151,C1#CNCC1,0.2222222238779068,43538,0.2
3152,CC=CC1(C)OC=C2C=C3CC4C=CC(C)(CC2=N3)C4=C1O,0.19402985274791718,359452,0.15
3153,CCC1=CC2(C=NC(C3NNC(=O)C(C)=C3I)=C2NCCF)COC1,0.23529411852359772,149235,0.2
3154,O=C1CN=C(Cl)N(CCC=CC#CN2c3cccc2c3)C=NC2=CNCC=C2CCN1,0.19230769574642181,64398,0.15
3155,CC1=NCCC=CN1C=NCC=CC=C(Cl)CC(C=CC(=O)O)=C(C)O,0.24657534062862396,161474,0.2
3156,NC1C=CC(=CO)C2=CC3NC=C(I)C3=C21,0.1964285671710968,240402,0.15
3157,CC(=O)C[C@]1(O)C=C(N)C=N1,0.27659574151039124,477124,0.2
3158,N#CCNS(=O)(=O)C=CC(F)Oc1ccc(F)cc1Br,0.45098039507865906,230222,0.2
3159,O=CNC=CC(F)CN(O)C(F)F,0.23076923191547394,168197,0.2
3160,C=CCC(Cl)OC(C)=CC(O)=CC(=O)OCCC=O,0.380952388048172,478313,0.2
3161,CCOC=O,0.5555555820465088,532898,0.2
3162,C=CCNCCNCC(=O)CC=O,0.4838709533214569,384428,0.2
3163,CC(C)CC(=O)Nc1cc(F)ccc1C=C(F)CN=C(F)C=CC(C)(N)O,0.359375,58875,0.2
3164,CC(O)(S)C=O,0.5,172832,0.2
3165,CC(C)C(=O)C(O)OCCC1CC2CC(I)=C[C@H]1C2CNC(=O)CO,0.24657534062862396,514708,0.2
3166,CN=NC=NC1=CCC=NCC=CC(CF)N=CC1,0.1756756752729416,353879,0.15
3167,CCN1C(=CC(=O)O)C(=O)C(CCCN2CC=C3C2=CC(NC)=C3N)CSC1C,0.23076923191547394,146810,0.2
3168,CC=C(CCl)CN1C=CC2(CC=CC=C2N)C1=O,0.23076923191547394,46653,0.2
3169,C[C]CCC1(O)C=CC(C(=O)[CH]F)C(C)=CC1=O,0.24137930572032928,359452,0.2
3170,CC(C)Cn1c(NC(F)C2NOC=CC2Cl)cncc1=O,0.2698412835597992,536980,0.2
3171,CNC=CN=C[C@@](Br)(C=O)C=CC(C=CCF)=CC1=COC=CC1CC1=CC(=O)C1,0.19148936867713928,305269,0.15
3172,C=CN1COC(=CC=CSC)C=C1CN=CC=CC1=C(C(F)=CC)OC=CC=CC(O)=CC=C1,0.15853658318519592,140882,0.15
3173,C=C(C=CC=C1C=C(CC)C=C2C=NC(N)=C2[C@@H]1N)C1C(C)[C@@H]1OCC=CC=NCF,0.18584071099758148,84302,0.15
3174,CCC1=C(C=CCOCC(C=CN[SH]2C=CC(C)C2=O)=CNC(=O)NC)C(C)N1,0.2112676054239273,366775,0.2
3175,CC1=C(C)Cc2occc2C(=O)CSCCC(=O)C[C@@H](C=O)C(=O)NCC(O)[CH]1,0.2698412835597992,219185,0.2
3176,CC1=CC=CC(=O)CCCC(C=O)NC(=O)C=CC(=O)N1,0.2884615361690521,454602,0.2
3177,C=CC(C)(C(=O)C(C=CCCCC)=NC)C1=C(C(=C)N)CC=CCOC=C(C)N1,0.2535211145877838,167122,0.2
3178,CCC(C)=CC#CC=CNCSC=CC1C=NON=C(O)C1=O,0.19672131538391113,597479,0.15
3179,NC(F)C=CC(C=CC1=C(NC=CCl)N1)C1CNC=C1CO,0.19718310236930847,443670,0.15
3180,O=COC(=O)C=CCc1ccccn1,0.44999998807907104,570487,0.2
3181,CN(C)CF,0.3333333432674408,499501,0.2
3182,CC=CC=C(F)CC=C(F)C(=NC(O)F)[C@H](CC)C(O)C=CCF,0.20588235557079315,256673,0.2
3183,CC=CC=CC1OC2=CN(C=CC=C(Cl)CF)C(=O)O[C@@H]2c2ccc(=O)c(F)cc21,0.23655913770198822,616528,0.2
3184,CCOC1=CC2C(=O)NCN(C1)C1(C=C2N=NC)CC=NC=C1C=O,0.2537313401699066,385397,0.2
3185,CSC=CC1C(=O)[CH]CC1C=CC1=CCC=CC(CC=O)(NC=CC=CCl)C1F,0.20000000298023224,428959,0.2
3186,C=CC=C1CC2C=C(C)C=CN2CC(C(=O)NC)C2C(=O)NC=CC[CH]C=C12,0.2235294133424759,190577,0.2
3187,C=NCF,0.21052631735801697,472557,0.2
3188,CC=CC1=CCNOC(C)C2=CN(C=CC(=O)OCC)C1N2,0.3333333432674408,198983,0.2
3189,C=C(C)C1=CC=CC(C(C)=O)C=C(Cl)N=C1C(=O)C=COC=O,0.2295081913471222,355586,0.2
3190,CCCC=CC(=O)OC(=O)CSCC(=N)CC=CC=C1CCOC=CC(Cl)=CCC1CO,0.25,151974,0.2
3191,C=CC1=CC=C1C1(CCF)NNC=CC=CCC(OC)=CC=C1C,0.23333333432674408,630641,0.2
3192,O=C1Nc2ncoccc3cc(I)cn3c2CC=C1Cl,0.2537313401699066,523022,0.2
3193,COC=O,0.3529411852359772,310993,0.2
3194,COC1=CNC=CSC=C(Cl)C2=C1C1N=CC=CC=CS(=O)(=O)C2=CCO1,0.19696970283985138,39739,0.15
3195,O=C1C=CN=NC(OC(=O)N2OCC=NC2Cl)=CCCCO1,0.24074074625968933,227013,0.2
3196,C[C]C=CC(=O)NC(CCC)OCC1C[C@@H]2NC(=O)CC[C@@H]2N=C1C(Br)=CC(=O)NC,0.25641027092933655,370279,0.2
3197,CCOCC=C(F)C=CCNC=O,0.3589743673801422,504323,0.2
3198,C=CN=NC1=CC2=CC=CNC(=COCCCF)C(NF)=C[SH]1C(F)C=CCOC2,0.16867469251155853,179860,0.15
3199,O=CC=CC(Br)=NN=CC=CSCC=CNCC1=NC=CC=CC1,0.21212121844291687,568657,0.2
3200,NC=C1CC(F)=CC(=O)[CH]C=C2C=CC=CC=C(S2)C(N)C2=CCC=CC(F)=C2C=NN1,0.1818181872367859,30306,0.15
3201,CNC(=O)C=CC1=C(NCC2[CH]CC=NC2=CC=CF)C=C2C=C(C=CC(C)=CO1)CC=C2C,0.21739129722118378,284913,0.2
3202,C1CO1,0.4166666567325592,211400,0.2
3203,CC1=[SH](=O)C2=CC=CC=CC=C(N=CC(=O)CCC2)C1=CC=CC(Cl)=CC=O,0.22413793206214905,517033,0.2
3204,CC=CN1C[CH]c2cnccc2C(N=CC)=N1,0.2830188572406769,23478,0.2
3205,CC(C)(O)CC(N)=C1CC=CCN1,0.27272728085517883,442794,0.2
3206,COC1C=CNC=CC(=O)CC2=NC=C(OCl)C=C1C(F)=C2NC1=CC1C,0.20987653732299805,386435,0.2
3207,CC1CCOCC=CC(F)=C(F)CC(=O)C#CC(CC=CC=O)C[C@@H](C)O1,0.25333333015441895,463977,0.2
3208,CSC=CC(=CC=C(C)C(C)C)CNC=C1C=CC2=C(CO)NC(N=C1)NC(Cl)=C2CCF,0.19540229439735413,437177,0.15
3209,CC(C=CCNC(=O)C=NCC1=CC=C(CSC(C)C)CCOC1)=C1OC(F)=C(Cl)O1,0.23595505952835083,583868,0.2
3210,C=C(C)OC(=O)C(Cl)OCCCOCc1cc(F)ccc1CCN=CNC,0.34285715222358704,442601,0.2
3211,C#CCONC=C1CC=CC=C1Cl,0.27272728085517883,376205,0.2
3212,N#CC=CC=CCNC=CCC(=O)CF,0.2708333432674408,346525,0.2
3213,CCOC=CC=CN(C=NC=CC(C)NCC(C)=NC)[SH]=O,0.24561403691768646,176891,0.2
3214,CC(=O)C=CCC(=O)O[C@@H](Br)C(F)=CCC1CC=CC=C(OC(C)C)O1,0.2571428716182709,438347,0.2
3215,COC=CC([O-])COC(=O)[CH]C(C=C[N+]=O)CNC(F)F,0.25,468253,0.2
3216,CCNC(=O)C(F)=C(F)C1=CC(F)=CCC2CC(=O)CCC=C12,0.2982456088066101,377655,0.2
3217,CCC(C)C1[CH]C(=O)C(=O)OC(F)=CCC1=CC=NC,0.27419355511665344,97491,0.2
3218,CC1=CCC(S)=CN=C1C=C[CH]NN=CC12CCC(=CC=C(Cl)N=N1)N2,0.16049382090568542,154643,0.15
3219,CCOC=C(C=NC(C)N=C(C)[NH])C(=CC(CI)=NC(F)=CCl)CC,0.22580644488334656,287964,0.2
3220,CCOCCNC1=CC(=O)CC=CC=C(Br)C=NCC=COCC=C(N)C=C2C=CC=C(C=C2CC)C1,0.21590909361839294,377050,0.2
3221,COC(C)C(=O)CC1=C(C2=CCC3=CNC(Cl)CC3C=C2)C(C=O)=C1,0.21666666865348816,13850,0.2
3222,N#CCC=COC(=O)[C](O)C1=CCC(=O)[C]1C(F)F,0.2638888955116272,411392,0.2
3223,CC1C=CNC=CC=CC2=CC=NC(=C(O)C=C3CCC23)C(=O)C=C1,0.2142857164144516,386595,0.2
3224,N=C(C=CF)C(N)N=CC1(CNC(=O)CF)COC2=[SH]C(C2)N1,0.18918919563293457,54584,0.15
3225,CC1(Cl)CCCC(=O)[C@H](N)C=C(F)C=CC=C1O,0.2978723347187042,360989,0.2
3226,N=C(C=CC(Cl)[C@@H]1C=C2CC=CNOC3=C1C[C@H](O)C=CC2OC=C3N)CN,0.16470588743686676,257875,0.15
3227,C=C(O)C1C2=CC=C(N)C=C3C=C4CC(Cl)=C3C(F)=C[SH]1C(F)=CC=CNNC=C42,0.17073170840740204,415718,0.15
3228,O=C1NC[CH]C2OC=CC(Cl)=CC=C2OC=CC2C=C(F)OC(=CCCC2)N1,0.20512820780277252,66455,0.2
3229,CC1=C(C2=CC(=O)C=C(Br)C=C(C=O)CC=CC=CC3=CC(=O)C(O)=C3C2)COC=C1,0.2142857164144516,75360,0.2
3230,[CH]C1=C(OC=CC(=C)C)C(=CCN2C(=O)C=C(Br)C2=COC)C=C1Cl,0.260869562625885,14387,0.2
3231,CCNC=C1CC2=CN=C[C@@](C)(N)C=CC=NC3C=CC(=CC3)CC(C)(C)N21,0.18666666746139526,625232,0.15
3232,CC(O)C=CC=O,0.5789473652839661,165777,0.2
3233,CC(O)CC=CC(C(=O)NCS(=O)C(F)F)c1c(F)cccc1NC=O,0.32203391194343567,483320,0.2
3234,CCOC(=O)C=NC(=O)NC(C)=O,0.5161290168762207,202678,0.2
3235,CCSC=CC(=O)O[CH]C(CCl)OC(N)=O,0.375,314591,0.2
3236,C=CCOC=C(CC=C)OC=CC=C1OCC=NC(Cl)=[N+]2N=CC3C=CC(C)=C3[CH]C12,0.20792078971862793,189890,0.2
3237,CCOC1=CC2=CCC(=O)C2C=NC=C1CNC(C)=O,0.3055555522441864,98329,0.2
3238,CCOC(=O)CC(F)F,0.6399999856948853,84018,0.2
3239,CC(F)(/C=C/Cl)CNCC1=CCCNC(C=CCCCl)CC=C1,0.2028985470533371,524739,0.2
3240,N#CC(C=CNC=O)SC(F)=CC=COC(N)=CCl,0.20370370149612427,382326,0.2
3241,OC1=CC2(CC=CC(F)=CC=CCI)C=NC12,0.20000000298023224,377499,0.2
3242,CCC(C#N)C=CNC1C=C1C[CH]COC,0.27586206793785095,302431,0.2
3243,CC1=CC=C(N(C)C=O)C(OC2=CC(F)=CN=CN2)C=CCN1,0.2028985470533371,115573,0.2
3244,CCOC(=O)C(N)N[C@H](CO[SH]1C=C2C(CC)C=C[C@@]1(Cl)CC2C(C)=O)C(=O)C=NC,0.25609755516052246,382802,0.2
3245,CC[C@@H]1C(CC(C)=C2C=CC=C(C)OC(C)(N)O2)=CC=CCC(=O)CC1(C)F,0.23749999701976776,279997,0.2
3246,Nc1scc2c1CC=CCC(C1=CC=CC1)=CCOCCC2F,0.2698412835597992,436962,0.2
3247,CC(F)(F)[C@@H]1C(=O)CN(C=O)N2C=CC=COC1CN2,0.25,183543,0.2
3248,C=CCNC1CC2C=CC=CC(Cl)=C1N=CC=CC(=CC=CNC)C=CN2,0.2571428716182709,311155,0.2
3249,CC=CC1=CC=C(F)[N+]=NC2=C3C=NC=C(OC=C(C)C2)[C@H]3OCCSC=C1,0.20253165066242218,522883,0.2
3250,CCNC(=O)C(=CC=CC=O)CC,0.34285715222358704,272821,0.2
3251,CC=C1CS(=O)C=C1C1[CH]CC1=O,0.25,379180,0.2
3252,CC(=O)C1=CC(C)N=CC(OO)C=CCC(C(=S)NO)=CC=CNCS1,0.2432432472705841,45082,0.2
3253,C=C[C@H](CCN)C(C)(NC1(C=CN=CCC(F)CO)COC(C)C1)[SH](C)(=O)CC,0.2150537669658661,626339,0.2
3254,CC=CC1N=C(C=C(F)C=O)NC=CC=C1F,0.22033898532390594,405715,0.2
3255,[CH][C@@H](C)CCC(=O)C=CCONC(=O)[C@H](CF)CC=COC,0.26923078298568726,19580,0.2
3256,CC=CC=CC(C)C(=O)C(=O)C=C(O)C=CC=S1N=C(C)C1=O,0.28260868787765503,48689,0.2
3257,CC1=C2CC3CC(=CCC(=C(C)NC3C)C1)C=C1C=C2N(CC#N)CC1,0.234375,470365,0.2
3258,C=C1N=C2O[C@@]3(F)CC(=O)OPC2C(=CCC(N)=NC3=CC=C(C)OC)N(C)C=C1P,0.19148936867713928,615555,0.15
3259,CC=NC=CC1=CC(=C[CH]C(=O)[C@@H](N)C(C)C=COC)C(C)=C1,0.25,528989,0.2
3260,CCNC(Br)=C1C(C(C)=O)=CN2CCCOC[C@H]1CC=NNC2C1=C([SH]2C=NC=C2O)C=CC1=O,0.2118644118309021,443117,0.2
3261,CNCCC=CC(C1=NCNC(F)=C(C)C(=O)NCC(C)=NC=C1)=C1CC=CCC1,0.22429905831813812,603732,0.2
3262,CCOCC=CCC1(CC(F)F)NC=CC1=O,0.2857142984867096,17144,0.2
3263,COP1(=O)CCN2C=C(C(=NC=CC=CCOCNC(=O)C(=O)O)NCCC=NNC2=O)C12CC2,0.21904762089252472,453320,0.2
3264,C=C(F)CC(=CC=CS(=O)OC)CC1=NC(=O)N=C1CC1N=C(C)N=CC1COC1=CC=C1N,0.19298245012760162,521626,0.15
3265,CCC#CO[C@H](C=C1C=C1)C(C)=CC=CCS(C)(=O)=O,0.2631579041481018,562551,0.2
3266,CC=COC(=O)CC(C)(C=Nc1nccnc1NC)CC,0.2786885201931,404362,0.2
3267,[CH]CC=CC1(F)N=C(C)C=C1N1C=CC(=O)c2cc(F)cc(c2C(=O)CC)C=C[CH]C(S)C1,0.2567567527294159,529323,0.2
3268,CCC1=C[CH]C2=CC(N)C[C@H](COC(C)=C(CCOC=O)O2)C1,0.23529411852359772,584243,0.2
3269,CC(=O)C(Cl)=CC=CNCCCC1NC[C@H]2CC1CCN1C(=CO2)C=C1C(C)=O,0.2199999988079071,234919,0.2
3270,CN=C1N=CSC(C)C1=N,0.2432432472705841,295736,0.2
3271,CCC=S1C=C2COC3(OC(=O)OCCC(=O)[C@]13F)C(C(Cl)=COC)=CCN2,0.21794871985912323,557727,0.2
3272,COC(=O)CN1C=N[C@@H](CCF)C([CH]N)=C1,0.32692307233810425,610909,0.2
3273,Cc1ccc(C)c(NC(=O)C2=N[CH]C(=CC3CC[C@H](F)C3)NC(=O)SC=C2)c1,0.3125,595325,0.2
3274,CC(N)CC1CC(N)C=C1Sc1ccccc1,0.3181818127632141,20590,0.2
3275,CC(=N)CCON(C)C1=CC(=O)C=C1C(C)(C)C(=O)C(N)C=O,0.2777777910232544,73204,0.2
3276,CC=C(F)CC1(F)C=C(F)C(O)CC=C2CCC(OCOC)=C(NC(=S)C=CN)CC2N1,0.20192307233810425,373844,0.2
3277,CNC(=O)NC=CC1=CC2c3ccnc(c3)CCOC(=O)C2(F)C=C(C)C=NC(I)=C1,0.2429906576871872,623163,0.2
3278,COCC(C)=O,1.0,520932,0.7
3279,CC(O)=C(C)C=COC=CC(=O)NC(C)CCCC(C)(C)Br,0.375,94483,0.2
3280,C#CC1C=C(Cl)C2OC(NCC=N)C=C(Br)C=CC1(C)C(CF)=CC2C,0.23076923191547394,433304,0.2
3281,CC(C)(O)CC=C1C=COCC(=O)OC1,0.3799999952316284,307187,0.2
3282,CC=NOC=NNC12CC(C(=O)C3=C(CCC(C)O3)S1)c1cccccccc2c1,0.2631579041481018,524730,0.2
3283,CC1(C)C=C2C(=O)C2C1,0.35483869910240173,507516,0.2
3284,CNC=C1N=C2C=CCC(C(=O)O)(C=C1C=CCC=O)C(OC)C(C(=O)O)C=C2,0.23232322931289673,71759,0.2
3285,CC=NNCC=CC1=C2C=C(C=CC=CC(=O)NCC)OC(C)C=C2CC1,0.30645161867141724,600836,0.2
3286,C=C(C)C=C1CNC(=C)NC(C)C(C=O)C(F)NC1=O,0.2199999988079071,433875,0.2
3287,C=CCC=CN1CCC(C=Cc2ccccc2)=N1,0.3571428656578064,253002,0.2
3288,C=CN1CC(C)CN[C@@H]2C=C(N)CC(=C)n3cccc3C=C(F)C=C1C2=O,0.22499999403953552,351936,0.2
3289,C=C(O)C=C1CC(O)=C2COCCN(CCN(N)C2)C1=O,0.2678571343421936,338764,0.2
3290,CN=C1NC2=CCNC3=C(CC=CC=C3)CC=C(CC=CF)C(Cl)=CS[C@H]21,0.1785714328289032,368357,0.15
3291,N#CCOC=CC1C=C2C1=NC=C(O)C=CNCC(=O)NC2SC(=O)NCC=NC1=CC=CC1,0.19565217196941376,242010,0.15
3292,CCC1=C(C)CCC2=CNOCC(=O)C=C1C1N=CC=C1OC2,0.2321428507566452,240774,0.2
3293,COC=Cc1ccccc1C(C(C)=COC(=O)SCCC=CN(C)N=[N+]=[N-])C1CO1,0.3095238208770752,261293,0.2
3294,CC=C(C)C=CC[CH]NC=CC1C=CCC=C1CC=N,0.20967741310596466,261918,0.2
3295,CN[C]=C(Cl)C=CCNCOCC#N,0.261904776096344,615369,0.2
3296,CC(=O)CCC1C#CC2(c3cc(=O)[nH]o3)CCN=C2C(=O)SC=N1,0.2571428716182709,241004,0.2
3297,CCOC(=O)NC(=O)CF,0.5555555820465088,490463,0.2
3298,CC(C=CC(Cl)=[N+]CF)OC(O)CCCl,0.28947368264198303,38266,0.2
3299,FCC1=CCC=CSC(Br)=COCC1,0.26829269528388977,256202,0.2
3300,CC(C=NC(=O)F)=C1CC(=CN)C(Cl)C1=CC=CNC=C1CCC(CI)N1,0.1875,103323,0.15
3301,C=C(Cl)C=C(C)C=COC=CN=CCC1(C)CCC2OC(=O)N[C@H]21,0.28125,506625,0.2
3302,CC(=O)C1C(NCC=C(C)CCl)N1C=C(C)F,0.3181818127632141,106703,0.2
3303,CSC=CC1=CN=COCC1[C@H]1NC(=CF)OCCOCCS2(C=N2)N1C(=O)C=COC(=O)CO[C@@H](C)O,0.20588235557079315,261293,0.2
3304,C=CC1CCC=CC(O)=NCC2=CNC1C2=NCC1=CN=CC(F)=CC=C1N,0.1756756752729416,462902,0.15
3305,CC=C[CH]C1OC=CC(Br)=CN=CC2=NC=C(C)[C](CC2)S1,0.171875,6996,0.15
3306,CC=NC=C(C)C=COC(=CC(=O)C=N)N=CF,0.28260868787765503,387382,0.2
3307,CC(=CC=CN1CCOC1CC1=CC=CCC1)[SH]=O,0.30000001192092896,498292,0.2
3308,CCOC1=CN=CC2OC(NC)[C@H]1C=CC(=O)C2S(C)=O,0.27586206793785095,49036,0.2
3309,C=[PH]1CC=C[C@H]2C(=CC(=O)OC)COC21,0.35849055647850037,161452,0.2
3310,C[CH]C1=CC(Cl)=C2C=CC[C@H](N(F)CC=CNCC#N)C=C1N2,0.20987653732299805,98513,0.2
3311,C=C(NC=C(C=NC)CCCN1CNC=C(F)OC=CC(F)=CN1)C(=O)NCC,0.2073170691728592,434616,0.2
3312,C=C(F)C(=O)N1CC(NC(C)N)=CNc2c1ccnc2C,0.2857142984867096,158397,0.2
3313,CC(O)C=NC(Br)COC=CC=N,0.27906978130340576,477115,0.2
3314,O=C1C=C2C=CC3(SS)C=CCC=C(CC=C3)C(=O)CNCC=C2CN1,0.234375,550763,0.2
3315,CC(F)=CCC1=NC=CC=C(CN)CC=CNCOC1=O,0.2631579041481018,615175,0.2
3316,C=NC(F)=CC12C=C(C)C(=CC=COC)CNC3=CSC1=CC(C)=C3CC1=CCOC=C12,0.17283950746059418,542813,0.15
3317,CC1ON1C(=CN)C/C=C/CCF,0.22499999403953552,239889,0.2
3318,O=CC1=CC=C(F)C=CC1,0.27272728085517883,415710,0.2
3319,CC[CH]C1=CC(=O)NC=CC=C(O)C[C@@H](OC=CCC=CC=C2CC(O)CC2=O)C1,0.21875,197636,0.2
3320,CNC1=CC(CC=CCCOC=O)=CC=CC2=CN(CO)C3=NC(C=CC1C(Br)=CC2Cl)CN3,0.19387754797935486,424426,0.15
3321,COC=CC(C)=CCCl,0.4615384638309479,485781,0.2
3322,C=CN=CC=CNCC=NCC=CC(=O)c1ncco1,0.23076923191547394,460353,0.2
3323,C[SH](C)(=O)C=CC(=O)OCC[CH]C(=O)C=C1C=CCO1,0.27272728085517883,565663,0.2
3324,CC(=O)C=CC1=C(CC2C=CC=CC2)C=CC(C)C1=N,0.290909081697464,115868,0.2
3325,CCCC(=O)OC(=O)CCl,0.5416666865348816,264424,0.2
3326,CC=CC(=O)CNC=C1COCC=C1Cl,0.28070175647735596,87957,0.2
3327,CCOCCC(CCOC)C(Cl)C=COC1=CC=CC=CC2=C(C)C=CC2=C1,0.24193547666072845,582237,0.2
3328,ClC=C(Cl)C[CH]CC=CC=C1C=CC=CC1C[SH]1C=CC=C1,0.2142857164144516,619003,0.2
3329,CCC(C)C1=CCCC2C=CN(COC=CC(C)=C2)C1COCl,0.21739129722118378,482908,0.2
3330,FC1=CCCCNCSC2=CC(C3C=CCOC4C=CCN4C3)C2=C1,0.22535210847854614,443164,0.2
3331,CON(C)C1CC=C2C=CC=C(OCCC=C1C=O)C1CC(=CN1OC)C=C2,0.2112676054239273,507820,0.2
3332,CCNOCC=NC(=O)C=CC(=O)N(C=CCC#N)C1=CNC=C(O)C=NC1C=CCl,0.20192307233810425,99312,0.2
3333,CC(=O)C1=CCCOC=CC2=CC(C=CS1)N[C@H](Cl)C(Cl)=CCC2F,0.22727273404598236,219941,0.2
3334,C#CCC1=NC(C2C(=O)NC3CC=CC=CC=C3C=C2C=NCO)C1C(=O)O,0.22891566157341003,197453,0.2
3335,CCNC(C)=CNC1=CCN=C2C(F)=C(C=N)N(C=C1)CSC2OCC(=O)CC,0.2261904776096344,612087,0.2
3336,CC=CC(=O)CNNC(=O)OC(C)(C)F,0.44736841320991516,309462,0.2
3337,CCCONC=Cc1ccc(Cl)ccc(Cl)c2cc1C(=O)[C@H](C[C@@H](C)F)O2,0.2777777910232544,266104,0.2
3338,CCOCC=C[C@H](CC=CO[SH]=O)CC=COC1(F)OC=C(F)C=C1F,0.2711864411830902,14505,0.2
3339,C=CC=CC1C(=O)CNc2cc(Br)ccc2OC=CC(C)=C1C=N,0.32258063554763794,471223,0.2
3340,C=NC(C)=CC(=CC1CCNC2=CNC=CC2C2(CC=NC)CN=CN12)C(F)(F)F,0.18888889253139496,184696,0.15
3341,C=O,0.1666666716337204,239560,0.15
3342,CC1(O)NC(=O)OCO1,0.4482758641242981,284003,0.2
3343,O=CN1C=CC(Br)=CCC=CC=N1,0.25,517448,0.2
3344,C=CN(C=NOC1(C)CC=NC=C1OCCC)CCC(C)(C=C)S(N)(=O)=O,0.22972972691059113,393222,0.2
3345,C=CC12CC1C1C=C(F)S(=NC1)CCC(CC=CC=CBr)C=C(Cl)CN2,0.18666666746139526,159162,0.15
3346,C=NC(=NC(Cl)=CCC(N)C12C=C1C=CC=C(CC)C(C=O)=CC=N2)OC,0.20512820780277252,247077,0.2
3347,CC=C1C=C(C(=O)NC=C2CC=CC=CN=C2C)C=C1I,0.21739129722118378,113664,0.2
3348,CC=C(C)NC=CC=NNC(=O)C(C)=CNC1=NCC=C2CC=COC=C(C)N1C(=O)C2C,0.20000000298023224,627032,0.2
3349,CC#CC=CC(=O)C=O,0.3142857253551483,208863,0.2
3350,C=CC1=CC=NC(=O)N2OC([CH]C=NC=C2C(C)=O)C=CC(=NC=COC)[S@@](=O)N1,0.20454545319080353,199547,0.2
3351,CC1=CC(CCl)=COC(=CC=CCC(O)=CC(=O)C(C)(O)F)C1,0.23188406229019165,513711,0.2
3352,O=C1CNCC1OCC=NNC=C1C(Cl)=CSC1C(=O)NC=C1C=COC=C1,0.21590909361839294,116030,0.2
3353,CN([C]C(N)=O)C=CF,0.27586206793785095,394852,0.2
3354,CC(C)(C)CC=CC(=O)C=CCN=CC=C[SH]1C(Cl)=CC=C1NC=O,0.2571428716182709,35410,0.2
3355,CCC=COC=CCC=CNC1CN=C1NCC1CN=CC=N1,0.20967741310596466,378271,0.2
3356,C=CC=C(CF)C(C)CNC(C(Cl)=CNOC(C)=NOC=CC(F)(F)F)S(C)(=O)=O,0.2112676054239273,155247,0.2
3357,CC(=O)CC1(N)C=C(Br)C=N1,0.2857142984867096,29757,0.2
3358,C[CH]C1=CC2(CC=NC2)N=C1C=CCONC(=O)COC1=CN(Cl)O[C]C1C,0.20430107414722443,131765,0.2
3359,COC(=O)C1OC(=O)NC1COC(Br)=CC=CN=CO,0.43103447556495667,579234,0.2
3360,C[C@@H](O)[SH](C)(=O)C(O)CF,0.27272728085517883,342223,0.2
3361,O=CC1C=CC2=CCNC(=CC(=CCC=CO)C2)O1,0.2222222238779068,222703,0.2
3362,C=CC1=COC1(N)C(F)C=CC=CC,0.22727273404598236,44542,0.2
3363,CC=C(N)CCN=CSC(=O)OCCC1=C[CH]COC(C=C(C)C)C=CSCCC=C1,0.21176470816135406,285760,0.2
3364,CC=CC=C1[CH]CC2C3=CC(=CN2C(=O)C(=C2C(C)=CC=CC=CC=C2OC)N1)[C@H](C)CC3,0.21176470816135406,508848,0.2
3365,CCCC1C=C(Cl)SC=C2C=CC(C=COC)=CNC2(F)C=N1,0.22058823704719543,495234,0.2
3366,CC(C)[C@H]1C=NC(N)=CC=CC=COC=C2C=C(O)C=C2O1,0.18965516984462738,306955,0.15
3367,O=C1C/C=C\C(=CC=NCO)OCC12C(=O)CN1C=C3C(F)=CN1C(Cl)C=NC=C32,0.19148936867713928,355869,0.15
3368,CCC1=CC[CH]C[C@H]2CC(=O)C3C(C=C4C=C(F)C(Cl)=C4C)=CC3C12,0.234375,384131,0.2
3369,CC=CC(=O)C#CC=CC1=C(C=N)C(=CC=NC)C=CCC(=O)OCCC=C1,0.22580644488334656,401234,0.2
3370,CCOCN=C(I)C[C@H](C=COCCC=O)CC=O,0.3571428656578064,346081,0.2
3371,CCOC1C=C(C(I)CC2COCCC(C)=C(O)C2=O)C(C)=C1N,0.3174603283405304,37427,0.2
3372,CCC=CC=C1C(NC2=CNC3=C(CC=CC=C3)C2C)=CC1(C)O,0.21739129722118378,604985,0.2
3373,CCC1C2=CC(F)(CF)C(OC)CC=C2C2=CC1C(CC=CF)=CC=C2,0.20253165066242218,234914,0.2
3374,CC1=C[C@H]2C=NC(=O)C3C4=NC2NC(=C(N4)[C@H]3OC=CC(F)Br)CC(C)C=N1,0.21111111342906952,474977,0.2
3375,N=CC(=N)CC(=O)Cn1ncccc1=O,0.5789473652839661,274888,0.2
3376,C=CC=CN=CC=C(F)C=CC=C(C=COC)C(=C)C(O)CCl,0.24137930572032928,466904,0.2
3377,COC=C1CC(=O)N(C)OC(C=CN=Cc2ccc(I)cc2F)C1=CC=CC(=O)OCCCl,0.26851850748062134,379920,0.2
3378,CC(=O)NC1CS(=O)(=O)C=C(O)CN1c1cc2ccc1C=CC(NC(C)N)CC2,0.2530120611190796,128151,0.2
3379,C=C1CC=C(C)C2(N=CN)C=COCCC(C=CCC1)C(C)=CC2=O,0.2195121943950653,96864,0.2
3380,CCN(F)[C]COC1=NC=C(F)C12N[CH]CC[C@H]2N,0.21212121844291687,544901,0.2
3381,C#CC1CC=C(Br)N=C(C=COP(=O)(S)C=O)C1,0.26923078298568726,172657,0.2
3382,CCOC1=C(Br)CC=C2Cc3cncc(c32)C=C(Cl)C(F)CC=C(Cl)C1,0.2539682686328888,174540,0.2
3383,CCCCC=CC(=O)C=CC=C1C=NC2=CCN1C(O)CC(=O)[C@H](O)C(Cl)C=C2C,0.2804878056049347,26059,0.2
3384,CC=CC=CC(CN=O)NC1(C#CC=CCF)CN=C(c2ccccc2)C1,0.23943662643432617,119155,0.2
3385,CO[CH]C(=O)NC1C(OC[CH]C=NC(C)=CC[N+](=O)CC=CCO)=COC1(C)C,0.23456789553165436,563439,0.2
3386,CC[C@H](O)CCC=CC(C)C,0.5161290168762207,466904,0.2
3387,C=CN1C2=NC=CCOCCNCCC3=COC(C1=C(C=CC=C(C)CC)C=C2)C3C=CN,0.18103447556495667,384397,0.15
3388,COC(=O)[C]1C=CC=CC(C)N=CC2=CN=CCN2CC=CC1=O,0.29729729890823364,4681,0.2
3389,C[CH]CCC1CC(Cl)C=C2C=C(NC1=O)C(C)C(=NC(=O)NC=CC(C)(C)O)O2,0.24705882370471954,235131,0.2
3390,CCN1C=C(C2CC2)CCNC2(O)c3ccccc3CC(C#N)=CC(C)OC(=O)NC2CO1,0.261904776096344,305978,0.2
3391,CCC(=O)COC1=C(C2C=NC(C)=C2)C2(Br)C=NC=C(OC(C)(O)C=C1)C(N=C(C)C)=C2,0.2278480976819992,109771,0.2
3392,CC=CCSC(=O)NCC1C=C(C)C=C(Br)N=CN1,0.23529411852359772,363488,0.2
3393,CC(=O)C1CCC=CCN2CNCN=C1c1ccccc([SH]=N)c(co1)N2,0.27272728085517883,191429,0.2
3394,CC(C)=C1NC(CCl)=CCOCCC=CCCOC1C=NC[C@H](C)Cl,0.2083333283662796,99554,0.2
3395,NC=CC1=C(O)C=CCC=C(F)C1,0.2647058963775635,517448,0.2
3396,C[CH]C=Cc1c(F)ccc2c1OC(C)[PH](=O)C1OC(C)=CC1=C2,0.27941176295280457,454508,0.2
3397,CC(C)Cl,0.5,491324,0.2
3398,CC=CCCOC=CC=CCOCC=CCNC(=O)[C]CNC(C)=O,0.30188679695129395,479322,0.2
3399,CCC1CCC[CH][C@@H](N2CON=CNC(=O)C(F)CO2)O1,0.27586206793785095,181601,0.2
3400,CCOCCC1C#CC=C(F)C=C1N=C[C@@H](Cl)C=CC=CC=CCl,0.234375,331097,0.2
3401,O=C1CC=CCCCCn2c(Cl)cc(O)c21,0.31707316637039185,427697,0.2
3402,C=C(Cl)OC1=NC(C=O)=CC1=NCC=CC(=O)O,0.27272728085517883,444419,0.2
3403,C[SH](=O)(F)C1=CCCOC=CC(F)=NC=CC(=CN)C=CNCO[C@H](N)N=C1,0.18478260934352875,457491,0.15
3404,C=C[C@@H]1N=CC(C(=O)CC)OC(C)=CC2C=CC1(C)C2,0.2678571343421936,123952,0.2
3405,CC=CC=NCC=CC(N)=COCC=CNCC(=O)OC=COC(Cl)=C[CH]C(=O)OC,0.25,479322,0.2
3406,CCC=CC=C(Br)N=COc1c(C)cc(F)n1C(=O)CCNCC(N)OC,0.2409638613462448,335399,0.2
3407,C=CC1=C(N)C(C)C(CF)=CC(CCCC)(C(C)C=CF)CC1C,0.22058823704719543,526234,0.2
3408,COC=CCC=CC=C1C2=CC(C(C)C=CN2)C1C,0.27272728085517883,513397,0.2
3409,CSC(=O)C=O,0.380952388048172,141667,0.2
3410,CN=CCOC=C(C)OC(=O)[CH]CCC1=CC(C)(C=CCCOC)C(O)C1,0.2409638613462448,238401,0.2
3411,CCC=C(F)NCOCNC1(C(F)CF)C=CC(Cl)=CC(F)CO1,0.23076923191547394,270673,0.2
3412,CC=C(C)CC[N+](=O)C=O,0.30000001192092896,242749,0.2
3413,C=CC(Cl)=CC1=CCCC(=C)CCN1S(=O)(=O)C(F)=CC#N,0.23529411852359772,261430,0.2
3414,CC=NOC=C(O)C=CCC1=CC(CCC)[C@H](C)OC(=O)NC(C)CC=N1,0.25757575035095215,338519,0.2
3415,Cl,0.09090909361839294,590853,0.05
3416,CCC(C)(Cl)C(=O)C=CC1(C)CC(C(=O)O)C(=CCNC=C2C=C(Cl)C=C2Cl)CO1,0.23595505952835083,364259,0.2
3417,CNC1C#CC(=CNC(=O)C=CCC=C[CH]F)COC1,0.2432432472705841,277107,0.2
3418,C=CC(C=CSCC)C1SC=C2C=c3c1nc(F)c(C(F)(F)C=CC#N)c3=CC2,0.19607843458652496,48988,0.15
3419,CCCN(C=CN(C)C=C[CH]C=C1CC2=CC(CO)NC(CCl)=C12)C1CC=CN=N1,0.18681319057941437,432674,0.15
3420,CC=C(Cl)C1=CC(COCNC(=O)C=CC(F)=CF)C(F)=C(C)NC=C(CC)OC=C1F,0.21348313987255096,73237,0.2
3421,CC=C1C2=CNC(F)=C3C(=S)CC2C(=O)C(=C3C(C)O)NC=CC1C=NCC#N,0.1875,23963,0.15
3422,C=C(C=CCOC)CC1(C[C@@H](C)CCN=C=O)C=CC=CC(C)C=CC=CCOC1,0.232876718044281,382017,0.2
3423,COCNC=NC1=C(C)C(=CC(F)=CC=O)C(C(=O)OC)=C1C(C)=O,0.26153847575187683,353085,0.2
3424,COC(C)(F)C=CC(F)C(=O)NCl,0.34090909361839294,155247,0.2
3425,C#CC=CCC12C=CC(CC1=NCC)C(=O)N=C1C(O)CC[C@@H]1NCOC2,0.22340425848960876,323354,0.2
3426,C=C(N)C1=C2C3=COCN(CC)C(=CC2(C)C1C=O)C(O)=CCC=C3,0.2222222238779068,320015,0.2
3427,CC1OC=CC1(C=NCO)C(=O)OCC=C1CC2NC=CC=C2Nc2ccc(Cl)cc21,0.28421053290367126,208436,0.2
3428,CC(=O)CC1=CCCOCC=NNC=C(N)C=CN1,0.26153847575187683,211681,0.2
3429,COC=C1C=CC2(CO)C=C1C([O-])=CC=CC=NC13C(=CN=C1OC)C3=C2,0.20588235557079315,288702,0.2
3430,CC(=O)CCC1OCC2C(=CC3CC3CCl)NCNC(=O)OC2=CC(=O)C(O)NC1=O,0.24390244483947754,256641,0.2
3431,C=C1NC=CC=CC=C(C#N)CCC[C@H](Br)C(CO)=C1C,0.2830188572406769,351972,0.2
3432,CCOC(=O)Nc1cccnc1C(=O)NC=CCSC1=C(Cl)C=CC(=O)C(=O)C1=CCO,0.3802816867828369,143595,0.2
3433,CC1C=CC(F)=CNC2=c3oc(cc(c3=NCC(C)(C)O)C#CCC1=O)=COC2C=O,0.20253165066242218,334307,0.2
3434,C=C(C(=O)CC)C1=CCC2=CCC=CC2C=CC1=CCN1COC=CN=CC1=O,0.20000000298023224,563794,0.2
3435,CNC(=O)CNC1(F)C(C)OCC1OCF,0.30000001192092896,49043,0.2
3436,CC1=CC(F)N(C)OC=CC=CC=C2COC(=O)C2SCC1,0.22641509771347046,240774,0.2
3437,CCOC=C(CCC=Cc1ccccn1)C(F)C(C)=O,0.5686274766921997,387620,0.2
3438,O=C1C(F)OC(O)C2=CCNc3c[nH]cc3C12,0.25,298973,0.2
3439,C1CO1,0.4166666567325592,211400,0.2
3440,C=N[C@@H](CN)CC1CCCC(=C)CC=C(N)NC2(CC=CNNCN1O)CCO2,0.2023809552192688,507033,0.2
3441,CC=COCCNC[C@@H]1C(=O)NC1(O)OC(C)=O,0.27906978130340576,111222,0.2
3442,CCCC1C=C2N=C[C@@H]1NC(=O)C=C(Cl)C=CC=C1CC=C2OCC1(C)N,0.21621622145175934,365711,0.2
3443,N#CNCC1COC=C1F,0.34285715222358704,306060,0.2
3444,C=CC1(C)Oc2ccn(c2CC=C2[CH]C(=O)C=CC(=O)C=CCC2N(C)CC)C=CN1C=O,0.22727273404598236,479323,0.2
3445,CCN=CC=CC1(OC=CC(=O)NC(Br)=CC(C)C)OC1C1=CNC=C(C)C=C1,0.24731183052062988,375810,0.2
3446,C=CC1CCC=CC1=CC=CC1=CN=COC(=O)C1(O)NC1=CC=CC=CO1,0.18918919563293457,131920,0.15
3447,C=CC(=CC(=O)S(C)=O)[C@](F)(Cl)[SH](=O)=CNCC=C(C)O,0.23333333432674408,169092,0.2
3448,O=CC12C=CNC=C1C(C=CCF)=C=C(O)O2,0.19230769574642181,610271,0.15
3449,CC1=C(CN(O)C=C2N=CC=C2O)C=C1,0.23255814611911774,545,0.2
3450,CC=CNC=C(F)CNCCC(Br)C(=O)N=C(C)C=CN1CC(=O)OC1C,0.22857142984867096,513924,0.2
3451,COCC(=O)C(F)=CCC(C=O)Cc1ccccc1,0.44680851697921753,349430,0.2
3452,CNC(=O)CC(F)=CNC[CH]CC=CCC(C)=C(O)OCF,0.2631579041481018,185436,0.2
3453,CC=CNC(=O)C1=C(CC=O)C=CC(Cl)=CN=CNC1,0.2539682686328888,35027,0.2
3454,COCNC(=O)[C@H](S)CCl,0.4482758641242981,241976,0.2
3455,C=CC(=NC=CC)C1=NC(N)=NCCC2CC1=C(COC(C)C1C=CNC(=O)C=C1)C=C2F,0.21621622145175934,451922,0.2
3456,CC(=O)C1=C=CC2[SH]=C2CN=CC1C(C)O,0.2321428507566452,134745,0.2
3457,CC=CC(Cl)=CC=CNC=C1[CH]COC(=CC2C[C@H](C)C=N2)CC=C1,0.20000000298023224,452219,0.2
3458,NC(O)C[CH]C(=O)OCC=C(Cl)C=CCN(N)C=C(C=O)N=C1C=C(I)CC=CO1,0.20481927692890167,560709,0.2
3459,C=C(O)C(F)=NCCC(C)C=CCOC=CC=C(C)CSCCC#N,0.24637681245803833,611436,0.2
3460,CCC(F)=CN=CC1(F)C(F)C=CNC1[C]C(=O)C(C)(Cl)C=O,0.2133333384990692,180621,0.2
3461,C=CC1CCNC(=O)[CH]C(NC=CC#N)C=CC(C=COCC)C1,0.2711864411830902,330514,0.2
3462,NC(=O)NCCOC12C=CC3=CC=NC=C(C=CNC4=CC(CN1C4)C1=CC(F)=CC1S2)O3,0.21348313987255096,398179,0.2
3463,CC(=O)C1=C(C)OC(CC=NC=CBr)=CCCC(=O)N(F)C(P)CC=C1,0.23255814611911774,617219,0.2
3464,CC(Cl)CC=O,0.5,201425,0.2
3465,CCCCC=C1C(C)NC1C1SC=C(C)NC=CC2=CC1N=C(C)C=C2,0.2023809552192688,305199,0.2
3466,CCN1CC=NC(O)C=CC=CC=C2C3=C(C=CCC3)P2CN1,0.2073170691728592,308634,0.2
3467,CNC(=O)[C@H]1OC=CC=C1CF,0.31111112236976624,488168,0.2
3468,CCc1ncc2c(c1O)CC2(F)N(CF)c1ccccc1C,0.3333333432674408,460140,0.2
3469,C=CC1=CNN2CCN3CO[N+](=O)C(C=CC=C(C)F)C1=C(N)C=CNC3C2=CNC,0.1882352977991104,124218,0.15
3470,C[CH]OC(=O)CC=CNC1=C(C=CCF)C=CC1,0.2978723347187042,156804,0.2
3471,C[N+]1=CC=COC=CNC(=O)[C@@H]2CC(=O)N2C(=S)N1,0.23728813230991364,194615,0.2
3472,[CH]C1C=C(COC=CC(Cl)=CC(Cl)=CCCCSC)OC(C=CC(S)C(=O)OC)C1CN,0.23529411852359772,39190,0.2
3473,C=CC1=CC2=CC=C2C(S)=C[SH]2C(C=CC(=C)F)=CC=CN(F)C1=C2C,0.1617647111415863,517205,0.15
3474,COC=NC=C1N=C(F)C2=NOC(Cl)C=C2C=C1[C](O)C=CN(F)CF,0.18095238506793976,554426,0.15
3475,CC1=C2NC(=O)CN=CC(=O)CC(/C=C\C3=CC(F)=CC(=O)CC3C)N=C2C=C1,0.25,328672,0.2
3476,CC1C(=O)[C@](C)(C(F)F)C1C,0.29032257199287415,460383,0.2
3477,CC=CC=COCC1=C[C@H]2CCCC=NC(C2)C(C=O)=C(C#N)CC1,0.2235294133424759,327726,0.2
3478,C=C1C2=CCC3C=C(C=CCC1CC3)C1=C(OCCC=CC=CC#N)CNN1C2=O,0.20000000298023224,88255,0.2
3479,COCC1(O)C=C2CC3C=C4C=CC1C(C4)S(=O)(=O)C=COCC=C3CC2=O,0.232876718044281,441950,0.2
3480,CC1=NN(F)C=CCC1=CCCOC=CC1=CC(=CO)NC=C1,0.25,45974,0.2
3481,CC=CCC1C=C(F)C=C(F)C=NC(Cl)=CON(C#N)C=CCCC1NC(C)=O,0.25,49586,0.2
3482,COC=CC(=O)CNC=C(C)F,0.46875,549270,0.2
3483,[CH]C1C(C=O)=CC=CC12C(C(=CC=CCC=CC=C)CF)=NC(CC)=CC2OO,0.19512194395065308,339544,0.15
3484,C=C[C@H](C)[C](C)OCC(=O)Nc1ccccn1,0.529411792755127,342409,0.2
3485,CC1=CC2CC(=O)C(=N1)[C@H](C(=O)CO)C=C(Cl)OC1=CCCC=C2C=C1N(C)C,0.2278480976819992,278789,0.2
3486,CC#CC(O)C=CC=C(COC)OC(F)[SH](C)(C)=O,0.23255814611911774,529920,0.2
3487,FC1=CC2=C3C=CC=CCNC(=CC=CC(F)C(C=N2)N3)NCC=CC=N1,0.1818181872367859,282569,0.15
3488,O=C1NCC(C=C[C@@H]2C=CC=CO2)C(=O)CC=CC2CC=C1CCO2,0.30188679695129395,282112,0.2
3489,CC=CC1=C(I)OC(=O)NC2=C=NC=CC=C1C2,0.2142857164144516,79751,0.2
3490,C=CC=CC(CNCCNc1ncc(F)cc1F)NC(=O)[CH]C,0.359375,559697,0.2
3491,CNC(=O)[SH]1C(=NC=C(F)C2C=CC3C=CC(=O)SC3=C2)C=CN1C,0.21250000596046448,104024,0.2
3492,CO[C@@H](C)C=C(F)N(C)F,0.32258063554763794,493119,0.2
3493,O=CC1=COC(Cl)N1,0.2571428716182709,398336,0.2
3494,C=CC1CCC2NC=NCCCC=CC=C(OC(=NCO)C=CC(=O)NO2)N1C,0.21176470816135406,340557,0.2
3495,C=CCC1=CCN(C#N)C[C@H]2C(=CC2O)OC=NN2COCC=C12,0.23880596458911896,11704,0.2
3496,CCNN=CC#CC(C=CCO)=CC1=CCN=CC#CC(C=CCN)C(C)=CC1=O,0.18681319057941437,340834,0.15
3497,CCC1=CN(OC2=CCC=C2CP2(=O)CC=CC(Cl)=CC=NC2)COCC(=O)C1,0.1927710771560669,230968,0.15
3498,CC[CH]C(C)=NC=CC=CC(N)C(C)Cl,0.23255814611911774,456956,0.2
3499,[N-]=[N+]=CCNC(=O)C1[CH]CC2N(CCC[C]1NC=O)CCO[C@]2(F)Br,0.2222222238779068,543510,0.2
3500,C=CCC=C(Cl)C=CCCOC(Br)=CN=CC(=O)CC,0.30909091234207153,93677,0.2
3501,CC1=C(F)C2(C=CC=CNC2)N=C1[CH]C(C)N=CCNC(N)=O,0.23188406229019165,69367,0.2
3502,CC=C(C=CC=CC1=CC=CCC1CC)C=CNC=C(C)C=CC(=S)C=CN=CCC=NC=O,0.20481927692890167,361570,0.2
3503,CCOC1=C(C2(O)CC=CCC2)C(=NC=C(Br)OC)C=CC=NC=N1,0.232876718044281,271900,0.2
3504,Cc1ccccc1CC=C1COC(=NOC2=CCCN=C2C=N)C(F)=CC=CC(=O)S1,0.24285714328289032,354486,0.2
3505,C=CNC(=O)[CH]CCC1(C(=O)C(CCCO)CC(C)(C)F)C(F)=CC=C1NCC,0.26153847575187683,171589,0.2
3506,C=CC[C@H](C(=O)C=O)C(=O)NCC=CCC(=NC)C1C=CCC=C1C,0.296875,448259,0.2
3507,CNCN=CC1(C=COC)CC[C]C(=O)CNCC=CC(C)[C@H](C(=O)F)C(=O)C1,0.21794871985912323,242010,0.2
3508,CC=CCC(C1NC=CC1CC=CS)N1C=C(C)N=C(N)COCC1,0.22727273404598236,130284,0.2
3509,COCCC=CC(=O)C=CC=CC1(N)C(=O)C=CC(C=CC(=O)C(F)=CNCF)=C1C,0.24705882370471954,40562,0.2
3510,CC1=CC=NC1=CC1=CC(N)=CC1,0.23076923191547394,191959,0.2
3511,CCC1C=CN2OC=CC=C3C(=CC=CN3Cl)C(=O)NC2=CNC(C=CS(=O)CC)C1,0.190476194024086,430329,0.15
3512,CCCCNC1CC2C(=N)C(=O)CC=C3OCC(=O)SCC(=CC=CC=C31)C=C2F,0.2278480976819992,214652,0.2
3513,CCCN1C=CC=C(C)N1SC=C(CF)CC=CC=N,0.21212121844291687,455237,0.2
3514,N=C(C#CC(F)Br)C=NCC=CC[C@H](Cl)CN,0.20512820780277252,404174,0.2
3515,CCC(O)C=CC=C(O)NC1C2=C(N)C(O)C=NS(=O)(=O)C1CC(=O)N2,0.2380952388048172,272821,0.2
3516,C=CCC1(ON=CCn2cccc2C2C=COC(C=CN=CC)C=C2NC=O)C=C1,0.2531645596027374,97542,0.2
3517,CC1(C)C=CC(=O)OC1=O,0.3571428656578064,628734,0.2
3518,CC1CCCC=C2C=CC(C=O)(C3=CC(=O)CCC=C4C(Br)=CC43)C(CO1)S2,0.232876718044281,28573,0.2
3519,[CH]COC(=O)N(Cc1ccncc1O)CN1C=C(c2ccccc2C)C(CC(F)COC)[CH]C1,0.3052631616592407,302908,0.2
3520,COC(O)(F)C[C](C=NC(=N)N)C1C=C(/C=C/C(=O)NC=CC=CCC(=O)O)C(CC=CO)=C1,0.2222222238779068,556550,0.2
3521,CN1C=CC=CC(C(=O)C(O)C=CO)C=CC1=O,0.2542372941970825,476975,0.2
3522,CCCOC=CC(F)=CC1=CC=COC(=O)C(C(Cl)=C(N)O)C1c1ccccn1,0.2716049253940582,85973,0.2
3523,[NH]CC=CC(=O)C=CC(=O)C(N)C=CC(=CCCO)CF,0.2199999988079071,591087,0.2
3524,NCN1CC(O)COC(C2=C(Cl)C3CNC(=O)OC(SC=C2)C(N)C3)C1,0.24657534062862396,207774,0.2
3525,CC1=NN=C2CNC(=O)CC=CC3=CCN4C=CC=C(C=C31)C4C=CC=C(F)C2,0.19801980257034302,330194,0.15
3526,C=CC=CNCCC=CC=NC=CC=CNCC1=CC1,0.3137255012989044,579104,0.2
3527,CC=CC1=CC2CC(O)=CC2=COCC(C(=O)CC=CC=O)=CCNC1,0.2083333283662796,96523,0.2
3528,O=C([CH]CNCC=CC=CN=CC=CC1COC2=CC1=C2)C(=O)NC(Cl)=CCO,0.20000000298023224,276565,0.2
3529,COC(=O)OC(O)S,0.523809552192688,14351,0.2
3530,C=CC1C2=CN(COC=C3C=CC(CCl)=C31)C(=CO[C@H]1NC=CC(=O)N1COC)C2,0.20212766528129578,583316,0.2
3531,FC1=CC=CC=COc2cscc2N=C1,0.2195121943950653,529367,0.2
3532,CC(C)CC1OC=C(CCl)[CH]C=CCC(C)(CF)NC1(C)C(=O)/C=C/Cl,0.2537313401699066,104521,0.2
3533,C=C1OC[C@H]2OC(Cl)C1=CC1=CC=COC1C=CN=CC(=NCC)CC=CNC2=O,0.2133333384990692,516121,0.2
3534,CNC(=O)c1ccccc1CC=CCC=Cn1nccc1Cl,0.40740740299224854,182525,0.2
3535,CC1=CC=CC=CC2=C(CC=CC2=O)CCSCOC=CC1C,0.2432432472705841,292631,0.2
3536,CNc1cccc(C2=CC(CSC(C)=O)C=C2[C@H](N)C=N)n1,0.3194444477558136,57058,0.2
3537,C=C1C=CCN=C(C2=CC(=C[SH](=O)=O)OC(C)C2)C(CC)=COC=C[C@@H]2NC2=C1,0.19354838132858276,303578,0.15
3538,C=CC1=C[C@@H]2NCC[CH]C(C)(C)C(=C1)NC=C(Cl)N=CC(F)=C1C=COCC1O2,0.1860465109348297,26345,0.15
3539,CCC12C[C]3CC=CC4=C(CN)NC(=CN4C=CC(C)=CC3N=CC(=O)C1)O2,0.20987653732299805,542289,0.2
3540,C=CCCC(O)=CC(=O)CCC(=O)C(Br)=CC,0.37142857909202576,516200,0.2
3541,C=CC1C=C(Cl)C=CN2C3=CCC(=C)C(F)=CCCN(C=C12)CCC=CC3=O,0.2266666740179062,95546,0.2
3542,CC=CN=CC=COC=C=C(C#N)CNC(C=Cc1cc(C)ccc1N)CCC,0.2469135820865631,290369,0.2
3543,C=CN1C=CCNC=CC2=C(O)C(Cl)=CC(OC)=C(C(C)C)C21,0.2183908075094223,95983,0.2
3544,CC=CC(=O)COC1[CH]NC2=CNC(=C1)C=CC=C(F)C(F)C2=C1CCOC1,0.23595505952835083,583868,0.2
3545,CNCC(=O)C1C=CC(N2C=CC2(C=O)C=C(F)C=CC(=O)NC(C)=O)=C1,0.2266666740179062,317416,0.2
3546,C=C1C=CC=CN(N=CC[CH]C(=O)OC)C=CC=CCN(OC=CC(Cl)=CC(F)(F)F)OC=C1,0.2278480976819992,397881,0.2
3547,CC(C=O)=CCNCC1C(C=NC[CH]CCOCNC2=CC2C)=CC2COC1=C[C@@H]2C,0.2151898741722107,552700,0.2
3548,CC=C1NC=CC2=C1N=CC1=C(CC=CC(C)C1Br)OOCC=CCC=C2CF,0.16190476715564728,445055,0.15
3549,CCCCC(=O)C1CNN=NC=C[C@H](C(C)=NCC)C2=C1CN(C=CSC=O)C(=CNCC)O2,0.20930232107639313,417803,0.2
3550,CC=CC1(COCC=CCC(C)=O)CCN=NC1,0.2916666567325592,310106,0.2
3551,CC=CC=CC=CC(N)=CC(=O)NCCOC=CN=C(CO)NC(=O)N=CC=CCF,0.2535211145877838,223,0.2
3552,CC1=C(C)C2C[CH]CC(O)OC(C)(C)CN3CC=COC=CCC23N1,0.23188406229019165,125317,0.2
3553,[C]CC=C(C=CNC(=O)ON(C#CCC=CNC=CC=C)COCC)CC,0.26153847575187683,309802,0.2
3554,[C]C1=C2C=C[C]3C=C(O)CC=NC(C)=CC(CC[C@H]31)C(C=COCC)=CO2,0.25609755516052246,210621,0.2
3555,CC1=C(C2C=CC=NC=C2)C[SH]=CC(NC=C(F)CN(C)F)N=CC=C1,0.19696970283985138,241094,0.15
3556,N=CC1OCCC2=C(Cl)C=NC2=CC2=CCCC=CC(O)N=CC1=C2,0.21739129722118378,291822,0.2
3557,O=C1COC=C2C=C(NC=C2C(F)=CC(Cl)=CCF)NC2C3=CC(=CNC32)ON1,0.1756756752729416,136843,0.15
3558,NC(CF)OC(=O)C=CBr,0.40625,3278,0.2
3559,CC1=NC=C2OC=CNC=CCC=CN=[SH](=O)C(C)=S1C(Cl)=CCC2=O,0.18918919563293457,12650,0.15
3560,COCC(=O)C=C(C)C=O,0.6399999856948853,350446,0.2
3561,COC(=O)NC=CNC=NC(=O)NC=CC=C(/C=C/NC(=O)NC=CCNC(C)=O)CC=N,0.28333333134651184,588000,0.2
3562,CN(C)C(=O)OC1C=C(F)C=C(Cl)C2=CC=C(C1)OC2,0.290909081697464,545624,0.2
3563,C[C]C(=O)CCCC(=O)NCC1=CC=C2CC=C(S#N)C=C2C(=O)C1CC=CC=N,0.26249998807907104,147671,0.2
3564,CCSCC(=O)NC=C1[C@@H]2CC(=O)C=COC=C2C(C=CC=CCF)(CC)N1CF,0.24358974397182465,399572,0.2
3565,C=C(C)C=CC1C2C(=C)C(=CC[C@H]1C)N=C2C,0.2641509473323822,333147,0.2
3566,CC(=CCC(N)=O)C1=CC2CC(=O)C=C[CH]CC1C=N2,0.26229506731033325,357233,0.2
3567,CC=COCC1=C(C2C=C(N)C=CC2)C(OCN=NC=CC(Br)=CC)C(=O)ON1CCC,0.21176470816135406,346255,0.2
3568,CCC1=CNS(=O)C(C)(C)C2=C(N)C(=C3CC=CC=C32)NC1(CO)CF,0.23188406229019165,583109,0.2
3569,C=C=C(F)C=CC=COC=CC1=CCCC=CC2C=C2C=CC=CC(=O)NCSC1OC#N,0.17777778208255768,117423,0.15
3570,C[CH]CC=CC(=O)C(C#N)C=NC(O)CC1(C)C=CC=CN1,0.2631579041481018,48422,0.2
3571,CC=C1C=CC(=CCOC)OC=CCOCCC(=O)C=CCN(C)C(=O)C2=CC=CC12N,0.21111111342906952,383555,0.2
3572,COCC=CC=CC(CC(F)F)OCC1=CC=C(F)C=C(C(C)Cl)C1,0.2222222238779068,149520,0.2
3573,CN=CC12NCCC(Br)C=CC=CCC=CC(C)=CNC(=O)OCNC1=C2C(N)=O,0.20000000298023224,500640,0.2
3574,FC=CCC1=CCC=CC1CCCC1=CC=CNC1,0.22807016968727112,259141,0.2
3575,N=C(Cl)C=CC=CC1C=C2OCN=C2C(C=NN=CCCC=O)=CC=CC=CCNC1,0.1818181872367859,60816,0.15
3576,C[C]C(=O)OCC1C(C#N)=[S@@](C)N(C)CC1OCC,0.2933333218097687,311214,0.2
3577,CCOC1=CC(O)C=C1Cl,0.34375,41494,0.2
3578,FC1=CCNC=CC2(CC=COC=C1)NCSC1=C2C(Cl)C=C(Cl)C=C1F,0.2028985470533371,161316,0.2
3579,CCOC(=O)C(=CNC=CCCCNC#CCOC)C(F)CCC=CCCC(C)=O,0.32258063554763794,386597,0.2
3580,CC=CCC=C(OOC=CC=O)C(=O)NCC(C)CC,0.31147539615631104,190701,0.2
3581,C[CH]CCC[CH]C(=O)NC[C@H](C)[N+][O-],0.3478260934352875,223,0.2
3582,C=CC(O)=C[C](C)COCN=CC=CC1([C@@H]2CO2)C#CCC1,0.2083333283662796,125337,0.2
3583,C=CN1C(C(=O)CO)C=C(F)C1N=CC(C)C#CO,0.24193547666072845,288613,0.2
3584,CC=CCC=CC1=NC(C(=CC=CCC=CC(C)=O)C(C)N)=N1,0.29629629850387573,307205,0.2
3585,C=CON1C=NC(CNC(=O)NCC(C)OCC)=C(F)C=CC1OC(C)=O,0.2957746386528015,56260,0.2
3586,COC=CC=C1C=COCOCC(=O)C=C(CF)C(=C2N=CC(CC=CCl)=CC=CCC2=O)N1,0.1975308656692505,107595,0.15
3587,[CH]C(=O)C(=CNCCNC)CC#N,0.37142857909202576,21409,0.2
3588,CCN=CC=CC(Cl)(C=CC=O)NC(=O)OCCC(=N)Br,0.2711864411830902,576285,0.2
3589,CCOCC=C(Cl)C=CNC1(C(=O)OCC)CC(C2(C=C=O)OC(F)=NCC2=O)=CC=NC=CO1,0.23999999463558197,445091,0.2
3590,CC(=N)C(C=C1C=CN=CC=CC[CH]C(=O)OC=C1)O[CH]C=O,0.18644067645072937,266756,0.15
3591,CC=CC=CC1=CC2C(C(=O)N2C=O)C(=CN)COC(CNC)[CH]CO1,0.20481927692890167,439068,0.2
3592,C=CC(=O)CN=CC1=CC2=CC=C(F)C2=CNC(=O)C(C=NCC2=COCC2)NC=COC1,0.1927710771560669,270897,0.15
3593,CC=CC#CCC[CH]CC1C=CC(F)=[N+](O)[CH]CCCOCNC1,0.1807228922843933,337830,0.15
3594,CC=CC(=CCl)[C@H](NC=O)S(C)(=O)=O,0.25641027092933655,328424,0.2
3595,C=CCC1=C(Cl)C=CC2=C3OC(CNC2=O)C3(C)N1,0.2698412835597992,518945,0.2
3596,C=CC(N=C)NCC(C)(O)OC(F)=COC(=O)CC=CC1=CN1CC,0.23880596458911896,237960,0.2
3597,COCN(C)C1CC=CNC(CCl)=C(C(=O)OC(C)(C)CC=C(F)Cl)O1,0.24242424964904785,504738,0.2
3598,FCCC1(S)CC=C[C](Cl)C2NC3=C[CH]C4N=CC4=C[C@@H]2CC31,0.18918919563293457,218090,0.15
3599,C=CCC12C=C(N)C(CCOCC(=O)O1)C2C(=O)C=CC,0.2857142984867096,359452,0.2
3600,CN=C(Br)CC1=C(F)CCC1,0.261904776096344,309252,0.2
3601,CC1(C)C=C2C=CCOCC=NCC=CC(=CC=CCO1)O2,0.2083333283662796,67302,0.2
3602,CC=C(O)C1=C(Cl)CC2=C1CC=C2Cl,0.24390244483947754,94656,0.2
3603,C#CC1N=CC=C(C2C=NCC=C(C=CON)C2)C=C(F)CN1,0.16455696523189545,300174,0.15
3604,CC=CC1=C(OCNC(=O)O)CC=CC#COCC=CC=CC=C1C(=O)C=CC(O)C=CN,0.1975308656692505,528102,0.15
3605,COC(C=O)=CC=CC1=CCOCCCC(=O)O1,0.2830188572406769,213902,0.2
3606,COC(C)=CCC=CCCN=O,0.3235294222831726,158120,0.2
3607,CC(C)C(=O)C=CC(=O)C1=C(CF)NC=CCC=C1C=C(F)NC(F)F,0.24193547666072845,357798,0.2
3608,COC(=O)C1C=C(C(C)F)NC2(C=CC#N)C=COC2C=CCNC=CCOC1,0.24705882370471954,574147,0.2
3609,CC1=C(CCC=O)C2=CC1[C@H](C=CO)CC2I,0.2857142984867096,437048,0.2
3610,CNC=NCC(=O)C1C=C2CC=CC=C2C(O)[SH](C=CO)C(C)C1,0.2142857164144516,88997,0.2
3611,CC=NNC(C#CC=O)C=O,0.28947368264198303,437082,0.2
3612,COC(=O)CN1CCC=CC=C(C)C2CC=CC(C)C(C2)NC2C=CCC2(C)S1,0.26829269528388977,60744,0.2
3613,CC(=O)C=C(CCOC1C=CC(N)=C1)COC(=O)NC=CC=CC=CC=N,0.24637681245803833,439483,0.2
3614,C=CCC1=C[C@H](F)N(C)C(=O)[C@@H](C=CCOCCC)C=COC[C]1NCC(F)F,0.23863635957241058,188774,0.2
3615,NC(=CF)CC=NC(=O)NC1=CCC=COC=C(C=O)C(N)C=CC=CC1=O,0.20000000298023224,535079,0.2
3616,CNC=CC=C(N)C=O,0.30000001192092896,307899,0.2
3617,CC=CC1=CC(O)(CCl)CC(C)=CC=N1,0.27450981736183167,528102,0.2
3618,COC12C=CC(=C3CC3NCC(C=O)C3=CC(Cl)=CN1C3C)C=NC=C2Cl,0.20987653732299805,546528,0.2
3619,COOC12C=CC=CC(CC=C[SH](C)(C)=O)=CC1C=CN2,0.2666666805744171,550337,0.2
3620,CCN1C=CC=C(C=O)C=C(SC2=C(C)C(=C=O)CC2)C(C)OC(=O)NCCOCCO1,0.2151898741722107,4207,0.2
3621,C[CH]C(OC=CC(C)=O)OC1=CC=CNC2=C1C=CN(F)C2,0.22413793206214905,192627,0.2
3622,O=NC(=O)C1=CC2C(Cl)=CC=CC3C=CC2=NCC13,0.22448979318141937,464063,0.2
3623,N=CC=CC=CC(=O)C=CC(F)=CCCC1(N)C(Cl)=CNC=C1OC1C=CC(=O)CN1,0.19565217196941376,630278,0.15
3624,CCC=Cn1cc(C)cc1NCC(=CC(C)=CC1=CC(C)=CCCO1)CNC=NSC,0.2530120611190796,466367,0.2
3625,COC=O,0.3529411852359772,310993,0.2
3626,C[C@@]12CC(F)=CC=CNC(=O)NCCN(C=CN1)C2,0.2931034564971924,403246,0.2
3627,C=CC=CC1=C2C3=CC(=CNC1=C(CC=O)C(=C)C3)O[C@H](Cl)C=C2NCl,0.1860465109348297,382219,0.15
3628,CC(O)OC1CC=COCC=NC=CCCOCCC(=O)C1(C)O,0.2380952388048172,12853,0.2
3629,CC(=CNN)c1cnccc1CNN1NCC(SCCC=O)CNC1COCCl,0.24137930572032928,161311,0.2
3630,CCC=CN(C=CNCOC)CCOC(=O)N[C@@H](C)CC=COC,0.3333333432674408,539646,0.2
3631,C=CC1C2=CN=CC=C(F)[C@@H]1C2,0.2222222238779068,624172,0.2
3632,CC[CH]SCC1=COC(=S)C=CC1=COC,0.2199999988079071,20819,0.2
3633,CC=C(C)[C@@H]1CC(C(C=CC=COCOC)C=CCCl)C1C=CO,0.20000000298023224,187427,0.2
3634,CSC1=C(F)C(OC2=CC=CCC=C2C(C)Cl)C(=O)C=C1,0.2142857164144516,89530,0.2
3635,CNC(C)=CC=CC1C=C(F)OCN=C2CCCC=CN(C)C=CN=C1NC(=O)N2,0.2142857164144516,307156,0.2
3636,CC(=O)NC(=O)OC=CC1C#CC(=O)C=C(S)C=CC(C)=C1,0.23333333432674408,588268,0.2
3637,CC1=COCOC2(C)OC=CC=CC[C@H](O)C13C(=O)CC=CC=CN23,0.2602739632129669,505132,0.2
3638,C=CC(=O)C(CNCSC=CC(=O)C(C)(F)F)NCOC1C2=CC1C=CC2=O,0.25925925374031067,131465,0.2
3639,CC#CC(=O)C(O)=C1C2=C(Cl)C=CC21C1(C)C=CC[C@@H]2C=NC=C(C)N=CC21O,0.2432432472705841,19203,0.2
3640,C[CH]C(C)=CC1CC(=O)C=C(C(N)=O)CC(=O)O1,0.2857142984867096,85743,0.2
3641,C=CC=COC(C=CC=COC)C(=O)N=CCNC=CN(C)N=NCC(O)OC,0.234375,124026,0.2
3642,CCC=CCC(=O)CN1OCCNCC=NC=C(C(=CCOC)C(C)=O)C1Cl,0.2222222238779068,547141,0.2
3643,CC1(O)CC1,0.692307710647583,627747,0.2
3644,C=CC=NC=CC(=O)C1(C=NC=CC=CNC)NCC2C=CC(=O)OC(C)C=C21,0.2461538463830948,382737,0.2
3645,CC(=O)C(C=CC(=O)N=CC=CC1=C(O)C(F)C=C1)CCCl,0.23076923191547394,575383,0.2
3646,[CH]C1c2n[nH]cc2-c2ccccc2C1C1(C(C)C=CC=C)CN1,0.25925925374031067,373358,0.2
3647,C=CC=CC1C(=CC(F)=CC=O)C2=CC1=NC2=CCNN=CNC(=O)C=CCC,0.23999999463558197,54943,0.2
3648,C=CC[CH]C1C(CC(=O)CN)COC=CNC1C(C)F,0.265625,521423,0.2
3649,CC1CC2(CO)N=CC3=C(F)ON=CN3C=C(Br)N=CN=CC2C=C(N)NC(=O)CO1,0.20212766528129578,92793,0.2
3650,C=C1C(Cl)=CC(F)NC2=Cc3ncccc3C[C@@H]2C1C,0.28333333134651184,504319,0.2
3651,CC=CCC(CCOCC1=C(F)c2cc3ccc2NC=C3C=CNCC1=CC[NH])C(N)=O,0.2247191071510315,112606,0.2
3652,CC(N=C(C#COCCC=CC=O)CCl)OO,0.2916666567325592,360821,0.2
3653,CC1=CNC(=O)[C@@H]2C#CCC(=C[NH])C(F)=CC1=C2,0.2321428507566452,284724,0.2
3654,CCNC1(C=CC(=O)C=CC=CBr)CCC=CCC=C1C,0.2786885201931,405181,0.2
3655,CCOCCCC(=N)CNC(C#N)=C(C=CCl)OC,0.3137255012989044,378701,0.2
3656,CC=CCC(=O)[SH]=Cc1ccccc1C1C(=O)NC=C1OC,0.3174603283405304,72628,0.2
3657,CCC=NC(=O)c1cc(C=CN)ccc1C=CC(=CCO)NCC=CC(=O)ON,0.30263158679008484,464924,0.2
3658,C=COC=C(F)C=CCC(F)=CNCCNC(=O)NCCC=C(Cl)C=NC=COC,0.2238806039094925,284149,0.2
3659,C=CCC1=CC2OC3C(=C1C=CC2=O)C=CC=CCC3=C1C=C(Br)C=CC1C,0.24242424964904785,11704,0.2
3660,CN=C1[CH]C2C(Cl)=C(C=CC2C([CH]CSO)c2ccc(C)cc2F)O1,0.3030303120613098,377377,0.2
3661,CCC1NC2=CNN1C1C=NC=C1C=C1[C](C)CC2OC(OC[N+](C)=O)C=C1F,0.1882352977991104,606621,0.15
3662,CCNC1CC=C(F)C=C2CC(=O)OCC=COC(C(C)=CC1)C2C(C)=O,0.25,625470,0.2
3663,CCCC1OC2C=CC(C)(NC)C=C(C)C2=CC(Cl)=CC1CC,0.2448979616165161,55201,0.2
3664,C=NC=CC1C=CC(C(=O)OCC)C(C=C(Cl)CF)=CC=CC(I)OC(=O)NC(=O)N1,0.2750000059604645,122597,0.2
3665,COC=CC(C)(O)C=O,0.37931033968925476,417117,0.2
3666,COP1(O)=NOC=C(C=CC=CC2=C(N)C=CC(=O)OC=C2)C1,0.2380952388048172,64248,0.2
3667,C=CC1NC=C=CC(C(C=C)C(=O)OC=CO)C=CC1=CSC=C(C)C=CC=O,0.20779220759868622,7447,0.2
3668,O=C=CC1OC2=CNC(C=NC2=O)N1CCC1=CC=NCC1,0.1805555522441864,384905,0.15
3669,CCCNCC1=CC=Nc2c(C[CH]N)ccc(c2O)C1C=CC=CC(CCl)OC,0.2467532455921173,154778,0.2
3670,C=C(C=O)CCN(C)C(=O)C=CC=C(C=O)c1ccc2cc1CC=C2,0.2602739632129669,346879,0.2
3671,CC1C=C2C=CN=CC2(C2NCN3C=CC(=O)OCC=CC(=C3)C(=O)N2)[SH]1C,0.24590164422988892,384541,0.2
3672,C=CC=C1C2=CC(F)=CNC=C(C=NC=CC(F)(F)C=CCC2)C[C@@H](C=CC=O)CNC1C,0.1910112351179123,525163,0.15
3673,COC1=CC=CCc2c(cccc2C2=CCC=C2C=N)CC#CCC=CCC1=O,0.265625,293076,0.2
3674,C[N+](=[N-])OC1OC=CC=CCO1,0.3030303120613098,376550,0.2
3675,C=C1C=CCOC(CCl)C([C@H]2C=C2CCN(C)N=CC(=O)COC)=C1,0.2151898741722107,218167,0.2
3676,CC[C@H](C=O)C[N+]=C(N)C(Cl)=CC1=COCCCC(=O)C1,0.31481480598449707,429640,0.2
3677,CNC1[CH]C2(O)CC(CC2C2=CC=CC2(O)CC(N)=O)N2C=CC=CC12,0.23529411852359772,333691,0.2
3678,NN=C1C(CO)=C=CC2=CCCC1=CC=CC=NC=COCC2=O,0.20967741310596466,604888,0.2
3679,CNC1=CC=CNCC(=CCF)CCC(CCBr)C1C,0.2321428507566452,208465,0.2
3680,COC=C1C2=C(C(C)=O)C1NC(CC(F)F)C=C2c1c(F)cccc1F,0.3174603283405304,483456,0.2
3681,CC(=O)C1C=CC=C(C=O)CC=CC(N)=C(NC=CC(=CN)C2=CC(NC=O)=N2)[C]1N,0.21276596188545227,619934,0.2
3682,C=CC1N=C2NC3=C(F)CCC1N=CN3C=CN1C=NC2C=CCN=C1F,0.18292683362960815,372673,0.15
3683,O=NC1C=CC2=NC=CC(=CC2=CCC(=O)O)C=CC(O)=C1,0.24193547666072845,243364,0.2
3684,CC1C=CCOC(=O)[C@@H]2CC(O2)C(I)(ON2c3ccc(S)cc32)CCN1,0.23880596458911896,6397,0.2
3685,CNC(=O)NC1C=C(Br)COC(=O)[C](COC(=O)[CH]N=CC=O)OC=CC(Br)=CC=C1F,0.22499999403953552,526091,0.2
3686,CCNC=C1CC=CC=CC=CC=C(Cl)NC(NC)CCC(=O)NC(=O)C=CC=P1,0.22857142984867096,162438,0.2
3687,CC=CC(C)(O)Cl,0.5555555820465088,415457,0.2
3688,CC1=CN(CCSC=CCN=CNc2ccccc2C=CC2=CCC=NC=N2)C[C@H]1C,0.2247191071510315,465916,0.2
3689,O=C1NN1C1(F)C=CC=C(F)C1C1C=CN=CCN1C(F)CCF,0.2083333283662796,134460,0.2
3690,CC=CC=CC=CCOC12CCOC(=O)C3=CCNN=C3C1=C(SC)C=CC=C2[O-],0.2073170691728592,592062,0.2
3691,CC=C(F)CC12CNC=CC(C=CCCOCC)=C1CC=C2OC(C)Cl,0.21052631735801697,218621,0.2
3692,CCCC=C(C=O)C(=O)NCC1[C]C=CCC(C)(CCS)CC=CN=CC(=O)S1,0.20253165066242218,604985,0.2
3693,C=C1NCOC(=O)CNc2cnccc2C2=C(N=CCl)C1=CCC2,0.2698412835597992,268487,0.2
3694,COC=C(C)N=CC(P)CCN1C[CH]OCC=CC(C)=CC(F)CCC1=O,0.2531645596027374,98072,0.2
3695,CCCCN1C2[CH]CCN=C2N[CH]CC=C2C(C)=CNC3=C(CCC3)C3C=CC=C(OC)C21C3,0.20952381193637848,47648,0.2
3696,CC1=C2[CH]CC3=C4CN(C)N=CC4C14C=C(NC2=C3)C4=O,0.2068965584039688,61993,0.2
3697,NC1=C(Br)C2CCC(=C[C@H](O)C(=O)O2)C(=O)C=CC=C1OC(=O)NC=CC(Cl)=CF,0.21794871985912323,41725,0.2
3698,CSCC(C)(O)N=CC=C(C#N)OCC[CH]NC=C1C=CC(F)=C1,0.21250000596046448,326766,0.2
3699,CC=CC=NC(=O)C1(O)NC(C2C=CC(C)=CSC=COC2=O)CC1C,0.20779220759868622,243106,0.2
3700,CC(=O)C1=CC=CC=NC=C1CC(=O)[CH]C(Cl)NC=C1C(F)=CCN1C[CH]N,0.20779220759868622,597583,0.2
3701,CCNC(C)(C(N)=O)C1COCCC(C)=N1,0.3488371968269348,326630,0.2
3702,C=Cc1cnccc1CCN1C=CC(=C(C)F)C(F)CNC(F)C=CNC1O,0.2650602459907532,469856,0.2
3703,COC(=O)NC=CC=C1CC2=CC=C[SH]=C2NC(C)=C(C=O)CNCC=CN1,0.21794871985912323,402449,0.2
3704,CC1=CNC(=N)C(=O)C(C=NOC[SH]=CCC(=O)O)C=C1,0.2461538463830948,121414,0.2
3705,CNCN[C@]1(CC=CC2=CCC(=O)NOCC2C)C[CH]CCC1(O)NC,0.20512820780277252,418621,0.2
3706,CC[C@H]1C(=NCI)C=CC(=O)CC=NCCC1C=CC=N,0.2222222238779068,266756,0.2
3707,CNC=C(CC=C(C)NCCSC(C)=C1CC=CC=N1)C(=O)O,0.25,609288,0.2
3708,C=CC=CNCC1=CC(C)C(CN(C=CN=C(Cl)C=CC2(C)CC2CC)C(C)=O)=CN=C1O,0.21739129722118378,336907,0.2
3709,CC1=CCN(C=CC=CCO)C(COC2=C(C)NCOC(O)N=S(=O)(F)CC2)=C1,0.20212766528129578,321266,0.2
3710,NC=C1C=CCCONC2=NC=CNC2CC1C=C(F)C(Cl)=CF,0.1733333319425583,273431,0.15
3711,C=C(Br)CC=CC1COC(C(F)(F)CC)C=NN(C)C=CCC(=O)COC=C1NC,0.19718310236930847,234364,0.15
3712,COC=CC=C(/C=C\Cc1ccccc1C)CC=NCCSC=CC(C)=O,0.3650793731212616,194749,0.2
3713,C=C1C=CCN=COC2=NC(Cl)=NC=CC(=C2C=CC)SC(C)=C1N=N,0.18421052396297455,506270,0.15
3714,C=C(C)C[SH]1N=C(C)N(O)C=C1C,0.25,571751,0.2
3715,C=CC=NC(=O)C(N)C1=CC(C=CC=CC2=C(O)C(=O)N(C)OC2CC=NC)=C1Cl,0.19354838132858276,187780,0.15
3716,C=NC(=CC=C(Br)CC(C)=COC1=CSC=CC1=CC)CN=CC,0.19354838132858276,220521,0.15
3717,CN1N=C(C#N)C(F)=CC(F)(F)O1,0.2750000059604645,361990,0.2
3718,COC(=O)OC=CC1CC=C(C)C(F)=C(C)C2=CC(O)N=CC(=O)N21,0.24242424964904785,340324,0.2
3719,CCC1=CCC(CC(=O)Cl)=CN=NC1,0.3255814015865326,102167,0.2
3720,NOC1C=C(Cl)C2=C1C(OC=Cc1c(S)cccc1CCl)=CC2,0.23333333432674408,450721,0.2
3721,C=C(Cl)C=CN=CC=CNC12COC(C)[SH](C=C1CN=[N+]=[N-])OC(C=O)N2,0.2142857164144516,488671,0.2
3722,COC=CC=C(N)c1ccccc1C=CCC(N)=NCCF,0.3333333432674408,67460,0.2
3723,C=CON=C1C=CC(C=C(NN2C=CC=NC(C)NC=C2)C(=CCPBr)OC)C=CC1,0.17272727191448212,158343,0.15
3724,C=CCC1=C(C)N=NC2CC=CC=C2N=COC1C=CC=CC=CC(=O)OC,0.2602739632129669,2356,0.2
3725,CCNC=CCN=COCCC(Cl)=C[CH]CNC(=O)C=CC(C)CC,0.26865673065185547,188225,0.2
3726,C=CC=C(C(=N)C1OCC[C]1C=C1N=CCC[C@H]1CC)C(N)=O,0.2368421107530594,435276,0.2
3727,CCC(=CC=CCl)C1(C=CC(O)C(=O)NC)CC=NC2=C1CCN=C(F)C=C2,0.20999999344348907,505969,0.2
3728,CCC=CC1=C(F)c2cccc(c2)[CH]c2ccc(Cl)cc2[C@H]1CCNC(C)(C)N=CC=O,0.2738095223903656,323079,0.2
3729,CC=C(CCl)CN1C=NC=C(CN=C2C=CCC(F)=C(SC)O2)CCNC=NC=C1Cl,0.19801980257034302,551942,0.15
3730,CCC=CCNC1=NC=CC(F)=C2N=CC3NC(=C2C=C1)Cc1nc(F)cccc(=O)[nH]cc1N3,0.20618556439876556,282950,0.2
3731,CCCCC1=CN=CC=C(C=PC(=CF)O[SH](C)(=O)CC)C1,0.23529411852359772,629719,0.2
3732,CCOC=CC=CCCCC=CC=C1C(=O)CC=CCC=NCNC1C,0.2531645596027374,222570,0.2
3733,COC=CC=C1C=C(CCC(=O)C2C[C@H](O)CC=NN2)CC=C2C=C1NCC2C,0.2278480976819992,309219,0.2
3734,C#CC(C)(C)NNC(F)C1COC1=NNC=CCC(C)=CC=CC,0.20481927692890167,154467,0.2
3735,C=CCOc1cnc(C=CC=CCCO)cc1C(C=CC#N)C(O)=CC,0.3055555522441864,365610,0.2
3736,C=NC1(C)N=C(C)C=COC1(C=O)C1C[SH]=CC=C1OC(=O)CC=CC,0.22972972691059113,528102,0.2
3737,CCNC(=O)[C@]1(N)CCC(N)C1N,0.375,401400,0.2
3738,CCOC(C)=CC1=CC(OCC2OCC=C2CCl)Cc2ncc(N)nc2SC1F,0.26829269528388977,342259,0.2
3739,CN1C=CC2(F)NC=C2NC=CC=COC=C1NC=O,0.22413793206214905,327935,0.2
3740,C=C(C=CNC1=CC(=CC)[C](C=O)C1=O)N(O)CC=CC,0.2222222238779068,609851,0.2
3741,CCOC(F)c1ccncc1S1=CC(=NN)C=C1,0.3392857015132904,173106,0.2
3742,O=CC=CC(F)=COCCO,0.3235294222831726,46772,0.2
3743,NC1=NC(=O)C[C@@H]2C(=C1)OCCC(N)CC1NC(=O)C(F)=CCC(=O)C1=CN2N,0.2133333384990692,8673,0.2
3744,CNC1=CC(C2N=CC=C3CCC=CN32)C=NS1,0.19354838132858276,534584,0.15
3745,CC=CC=COC(C)N=CN(CCC(C)=CC=CC)C[C@H](Cl)CC=O,0.2539682686328888,69781,0.2
3746,CNC1=C(C2=CCO[CH]CC(N)=C2Cl)C(=N)N1,0.2083333283662796,369484,0.2
3747,CCC1(O)C(=O)C=NC=C1C=C(C)CCC(=O)NC=C1C=C(CC(=O)O)C=C1C,0.23170731961727142,469610,0.2
3748,C=[SH]C(N)=CNC(=O)CC(C)C1C=C(Cl)CC=C(C(=O)COC)C1,0.28358209133148193,408809,0.2
3749,CC1OC=CC1C1C(C=COC(C#N)CC(=O)C=CCCCl)N1C,0.24242424964904785,357785,0.2
3750,CC1C=C[C]2C3=CC4CC2C2CC(=O)NC(C=NOC3)CC1=C(Cl)CN4C2(C)O,0.2222222238779068,301568,0.2
3751,O=C1C=CCCNC(=O)OC=CN(F)CC=CC1,0.3333333432674408,537989,0.2
3752,CNC(=O)C(O)CC(=O)C=C(CCC=CCc1cccnc1)NC=CC=CC(=O)OCCl,0.4000000059604645,107089,0.2
3753,C=CNC(C=COC(C)NCC)COC(C)=O,0.3478260934352875,69750,0.2
3754,C=C[CH]NCS12(=O)CCNC=C(C)C(OC)[C@@H]1CCN=C2C(C)Cl,0.22891566157341003,140444,0.2
3755,CC(C)=CC1=P(O)=NCC=CNC=CCS(=O)C=CCC2(O)C=CSC(C)=C1C=C2N,0.17910447716712952,445919,0.15
3756,C=CC1=CC(=CNCOCCOC)COCC=N1,0.2881355881690979,9653,0.2
3757,C=CC(=O)[C@H]1NC(NC=CCCC=CC(C)=CCC)=C[CH]C(O)([C]CN)C(=O)CS1,0.23188406229019165,446703,0.2
3758,CCCC(=O)NC=NC=CC=CCS(=O)(=O)C(O)CCCN=C(C)OCC,0.2666666805744171,170164,0.2
3759,CC1NCC=C(F)CNC2C(=O)C3=CN=CCC3=C(C[C@H]2C=O)C(C)C(NC=C=O)O1,0.19512194395065308,477087,0.15
3760,CCON(C=CC=CC(C)O)C=CN=C(CC=O)CCC#N,0.26229506731033325,131966,0.2
3761,CCC=C1C=CC=CC2=NC=CC(Cl)(OC(=O)NC=CN1)C1=CCC(O)=C12,0.20930232107639313,188112,0.2
3762,CCOCC(=O)[SH]=CCN,0.4285714328289032,383422,0.2
3763,CCC(C=NC=C1C=CC2COC(C(=O)C3=CC=C4C=CC(=C3)C4)N2C=C1)=CCF,0.20454545319080353,167232,0.2
3764,CC=CC1=NCOC[C@H]1C,0.29411765933036804,200561,0.2
3765,CC(C)(C)C=CC=C1OC[C@H](OC(=O)C2=CCC=CC=CCC2)CC1=O,0.2698412835597992,371912,0.2
3766,CC(C)C=CC=C1C(=O)C2=CC=COC(=C2)CC2(NCC1C)C(=O)N2CCO,0.22535210847854614,240113,0.2
3767,C=C(O)CC1=NC(N)=CC2=CC3CC=C2C(=O)C(=CNC=CN(C)C2=CCC2C1[CH]C[C]CO)O3,0.18518517911434174,398009,0.15
3768,CCOCCN1C(=O)C2=C[SH]1C=C2C,0.34090909361839294,319232,0.2
3769,C=CC=NCC(=N)C1(C=CN=CC2C=CC=CC3C4=CC=NNC4=CC3C(CO)=C2)CO1,0.19767442345619202,79586,0.15
3770,COCN=C(Cl)OC1(C=CC=CN)NNC(C)NC=CC(F)=C1C,0.22368420660495758,599274,0.2
3771,CC(=O)NC1=CC=CC=CC=C(I)COCC2=NCCC1(C)C=CC(=O)CC2O,0.23880596458911896,525412,0.2
3772,C=CC=CNC(=O)C(OC)C1=COC(=CC=CNC(=O)OC)C=C(OC)C(C)CC=CC=C1,0.2571428716182709,309802,0.2
3773,CNC(=O)C(N)C1COC2C=C[C@H]1OC=C1CC(N)(F)[C](C(=O)O)C=CC2=C1Cl,0.25,629290,0.2
3774,CC=NC=COCC=CC(F)=CC1=C(N)O1,0.20338982343673706,530101,0.2
3775,CC1C(=O)CSC1=CC(=O)OC[CH]C=CC(S)(Br)C=CCF,0.2647058963775635,533133,0.2
3776,CC(=N)CNCCC1NC=CC1=CC(=O)NCC=C[SH]1CCC(=O)CC(O)=CC=C1Cl,0.20999999344348907,504511,0.2
3777,NC1(C=O)CNC=C2C=CC=C2C1=CC=C1C(=CO)C=C(Cl)C=CC[C@H]1OC=CC=NO,0.16049382090568542,6359,0.15
3778,CCC=C(C=CNC[C](C)C1=CNOC=N1)C1[CH]CC2=CC=C[C@@H](O)C2CO1,0.19540229439735413,246930,0.15
3779,CC(C)OC(=O)C1NC2C(=CCC3=CC=NC(Cl)=CC3)SOC[C@@H]12,0.24285714328289032,190160,0.2
3780,CC(=O)[C@H](C)CC(Br)=CC=N,0.37931033968925476,322550,0.2
3781,CCC(CO)OC(=O)C12C=CC(=NC)OOC(=N1)C=C(C)C(NC=CC#N)=C(C(=O)O)C2,0.2467532455921173,346525,0.2
3782,CCOC1=CC12C=CC=C1[CH]C(C)=CC1C(=O)OCC=C[C@H]2CC=CC=CC=CC=NC=C1C=CC=CO1,0.1770833283662796,469508,0.15
3783,NC1=CC2(F)C(=O)OC(F)C=CC=CC(Cl)=CC=CC(=O)[SH]2C1,0.2238806039094925,66455,0.2
3784,CCOP(C)(=O)C=CC(F)=CCCl,0.375,310093,0.2
3785,CC=CC(C)=CNC1=CNC(=O)OC=CC(F)=CC(N)=CC(Cl)(Br)N1C(C)C,0.19512194395065308,470161,0.15
3786,CC(=O)C#CC1COS(=O)(=O)NC=CC(Cl)=N1,0.28985506296157837,9584,0.2
3787,C=C(CCl)[C@@H](F)OC=CC(N)C=CC,0.30000001192092896,501864,0.2
3788,CC1[C]C=CC=C2C=C(C=CC(S)=N2)NC(=O)Nc2cc3c(cn2)CN1C(F)=C3,0.2247191071510315,509556,0.2
3789,C=CC=C(C=CC=CNS(C)=O)C(=O)NC=C(Cl)OCC=O,0.2641509473323822,620966,0.2
3790,CC1COCCC=CC2C=C(Cl)C=CC2=CC(O)=CC=CC1=O,0.25925925374031067,200561,0.2
3791,C=C(Cl)NC1=CC(=CC2=COCCN=CC2=CC=CC)N(CC=C2CCC=C2C=CC)C(=O)O1,0.17142857611179352,458856,0.15
3792,CN(Cl)C(=O)CCC(I)=CC12CC=C(C#N)C1C2Cl,0.2698412835597992,370587,0.2
3793,C[C@H]1C=CC=CC1,0.3125,328779,0.2
3794,COC(C)=CSC(F)(F)C=CC=CCOC1(CO)C=C(C)CCOC(=O)C=CC1,0.2405063360929489,525575,0.2
3795,CCC1C(=O)C=C2COC=CC3C4C=CNC(=O)C=CCO[C@@]23C(=C4)C(Cl)=C1O,0.22077922523021698,403194,0.2
3796,CN1CCC=C1C[C@H](N)C1=CCC[C]=CC(O)C=C2C=NC=C2OC(=O)N(C(F)F)C1,0.20212766528129578,526655,0.2
3797,CC=CC1(CC(N)=O)C(C)N=C(CCl)N1O,0.260869562625885,477132,0.2
3798,CCN=NC1=C=C=CC2=CC#CC=C(CC=COCC=C1)C/C=C/C=C(O)C=NC=CC=C2,0.1764705926179886,147842,0.15
3799,[C]C1CN(C=O)CC(=O)CNCC2(C=CS1=C1C=CC(C)=CC1)OC=CN2C=O,0.19512194395065308,153690,0.15
3800,COC=CC1=C2C(C=O)=CNCC(=C2CNCCF)C1,0.25925925374031067,533879,0.2
3801,CN=Cc1ccccc1OCC1=CN(C=O)[CH]C1,0.36734694242477417,454513,0.2
3802,CNC(C)N(C)NC1C=CC(Br)=CC1Cl,0.2291666716337204,160573,0.2
3803,CCCCC(Cl)=C1CC=NC=C(Cl)C=C(C=NOCC)C=C1CC=C(F)C=CCl,0.2584269642829895,211315,0.2
3804,CC=NCCNCC(=O)C=CC=CN1CC=CC=C1CC(N)=Cc1ncccc1Cl,0.25641027092933655,45143,0.2
3805,CN1CC=CC=CN=C2NC=CC=C2C2=C(C=CC=CC=CN(C=COCC=O)C2)C1,0.19230769574642181,438832,0.15
3806,CC(C)COC(=O)CC=CC=Cc1ncc2c(=O)cc-2cc(C=O)o1,0.3103448152542114,356868,0.2
3807,C=CC1C=CC=C(OC)COC=C(C(=CS)CC2=CC=CC=NC2)C=C1,0.2222222238779068,529573,0.2
3808,CC=C(F)COC=NC=CC1C[C](F)C(F)=CO1,0.21875,353815,0.2
3809,COC=CC=C1CC(=CC(=NCO)C(C)N)C(F)=C(C)C1,0.20370370149612427,222148,0.2
3810,C=CN=C1C(CBr)=CC2N=C(CN3C=CON=CC3)[C@@H](CN2)CC1(C)F,0.20618556439876556,87069,0.2
3811,[CH]OC1=C2C=CC(=C(C)C2)C(F)C(=O)NCC(=CC=COCOC)CCC1,0.20987653732299805,497375,0.2
3812,C=CN=CC=C1CC2=C(F)N3C=C(CCC=CC(=O)NC3)C2C1OC=C,0.22580644488334656,537989,0.2
3813,C[CH]C=CC1=C(C=CN=CC=C2C=CC(N)=N2)N2C=C2CO1,0.17499999701976776,610587,0.15
3814,C[CH]CC=C(CN=CNC(=O)Cl)OC1S[C@@H]2[CH]C(=O)C(C(C)=O)CC(C)N12,0.2266666740179062,121193,0.2
3815,C=CNC=CC(F)=CC(CC(C=NC(Cl)=CC#N)=CCC)OC(C)=O,0.25,252586,0.2
3816,CC=CC(I)=CCCOC1=CN([C@H](N)C=CC=O)S(=O)CCC(OC=O)=CC=C1,0.21052631735801697,182767,0.2
3817,CS(=O)COC1C=CC2C#CCC3C[C@@H](CC=CO3)C(=C1CONN=CN)S2,0.19587628543376923,347090,0.15
3818,CCCC1C=CCC=CC2=CNC(=O)C(C#N)=C(C2)N=C1,0.24137930572032928,436322,0.2
3819,C=CC(Cl)=CN=C[N+]C(F)(F)CC(O)C=NOC[C]C=O,0.2142857164144516,122606,0.2
3820,CC=CC=CC1C=CNC(=O)[CH]CC=CC2=CC13OC=CC(C)=C3[C](O)[C@H]1C=CC=CN1C2,0.1807228922843933,105123,0.15
3821,C=C1CNC=C(OC=CC(Cl)=NC2CC(COCF)N2)C2CC(O)[CH]C(C1)C2,0.16483516991138458,517052,0.15
3822,CC[CH]CC(=O)C=CN=C1C(CN=C2C=NN=CC2(C)I)=CNC1C,0.19736842811107635,119602,0.15
3823,CC[C]CNC#CC=CC=CC1=CC=C(F)C(CC2=CC(C(=O)CS)=C2CO)C2=CC=CCN12,0.1881188154220581,353479,0.15
3824,O=CC=CNC=O,0.31578946113586426,89843,0.2
3825,CC=C1Nc2c[nH]c(C(NC(=O)OC3[CH]C=CC=C3)N3C(=O)CNCC(=O)C3NCF)c2C=C1Cl,0.20560747385025024,598975,0.2
3826,C=C(F)CF,0.5,533080,0.2
3827,C=C1CC2CNC2CC(N=CC=CC(=O)OC)C=C2[CH]C(C)Oc3cccn3CC(=O)C2N1[CH]N,0.239130437374115,183058,0.2
3828,C1#CN2CCC(=CC=CN1)N1CN[CH]CC=C2c2c[nH]cc21,0.19672131538391113,330906,0.15
3829,CN(O)C(=CN=CC#N)CC=O,0.3030303120613098,539098,0.2
3830,CCC(=N)C=CC1C=C(F)NC=CC(CO)=C1CC,0.2222222238779068,249924,0.2
3831,CCOC(C)C=CC1C=C2C=CC3OC=CC1(O)C(OC2C=CN)C3CCl,0.21250000596046448,189573,0.2
3832,C=C(C)C=CCOC(F)=C[C@@H](F)CC(=CC(=O)NOC)c1ccccc1CBr,0.3787878751754761,424629,0.2
3833,C1=CCOC1,0.3684210479259491,67302,0.2
3834,CC(=CC=N)C1=NC=CCCC2=COc3cccc(c31)N=CC=C(F)C=CO2,0.18421052396297455,56604,0.15
3835,COC1=CC=CN=C(NCCF)C=N1,0.3191489279270172,94551,0.2
3836,[C]CCN1C=CN=CC(=O)N1[C@@H](C)C(=O)NO,0.25757575035095215,370579,0.2
3837,COC=CCC12[C](CCCC[C@H]1C(Br)C1=CC(=O)OCC1(O)C=CC=CBr)SC2=O,0.23170731961727142,496744,0.2
3838,C[C](C)C(N)(Br)C(=O)C(C)=CC(CN1C=C1)OC=CC(C)Cl,0.2321428507566452,266317,0.2
3839,CC=CCC1=CC=CO[PH]1CNC1C=CCC1(O)C=CC,0.2666666805744171,281614,0.2
3840,[N-]=[N+]=NC1NC(C=O)C23C=CC2=C3C(=O)CO1,0.2698412835597992,376072,0.2
3841,O=CC(=O)[CH]OCC=CC1(C(=O)CP2(=O)C=C3C=C(C3)C(F)=C2)COC=CO1,0.21250000596046448,551476,0.2
3842,COCC(=O)C(Cl)OC(Cl)=CCC=CO,0.375,586860,0.2
3843,CCC=CC(N)C1=CC(O)=CC1C1NC=C(CO)C1N,0.23728813230991364,404338,0.2
3844,N=C1C(F)=CC=COC=CC=NCO[C]2CCNC(=CN=CC(=O)Br)CC21,0.22368420660495758,367772,0.2
3845,CCOC=C1C=COC2C3=C(C=CC=CN=C3)C=C[C@H]12,0.24590164422988892,286691,0.2
3846,Cc1cc(N=C2COC(=O)NC=CO2)c(C)cn1,0.3076923191547394,583908,0.2
3847,CC1=CC=C2C[C@H](O)CC2C=CN=C(OC=C2CNC=N2)C1C,0.2238806039094925,6157,0.2
3848,C=C=C=CC(=O)C(O)CC(C)=O,0.3448275923728943,342334,0.2
3849,C=CN=C(N)CC(CC1=CNCC1CCl)C(=CNC)OC=CC(=O)OCC,0.2753623127937317,622735,0.2
3850,CNC=C1CCCC2=CC3CC(O)C(=O)CC3=CCC2C(O)=CC=CC2=CC=C(Cl)[SH]21,0.18518517911434174,178750,0.15
3851,CC=CNC1=CC=CC(=O)CNC2=CCC=C1C=CSC(=O)OC2,0.21052631735801697,377087,0.2
3852,O=C1C=C(CF)CCC=CC=CN(CC=CCC2C=C(C(=O)F)C2)C1,0.2361111044883728,57238,0.2
3853,C=CCC1(C=CC=CC=CC)C=CCOCC(=O)N=CNC(C(Br)=CC=CC=O)CO1,0.2133333384990692,601404,0.2
3854,C=CO[CH]C=CCCC1=NCCNC=C(O)C(=O)C2C=C(C)C=C2C(C=O)C=CC=C1,0.19565217196941376,447851,0.15
3855,CC1(C=C([NH])NCCCCl)N=CC=COSCCO1,0.26229506731033325,579324,0.2
3856,CCOCCCC(=O)CC1=C(C)C=CCO1,0.39534884691238403,390241,0.2
3857,O=CC(=O)OC(C(CCOCCCl)OC(F)(F)Cl)C(F)(F)F,0.2888889014720917,169443,0.2
3858,C=CCN1C(C)=C(C=NCC=CNC(F)=NC=CCF)NC2=CC(F)=CC(=O)C21,0.2235294133424759,382961,0.2
3859,CCNC=C1C=NC2=C(Cl)C=C[C@H]3C2CCN2COC4([CH][CH]C(C)=N[C@]4(CN)C2C=O)C[C@@H]13,0.19266055524349213,272918,0.15
3860,C=CN(C=O)C1=COC2=C3C(=NC=Cc4cc(I)cc(F)c43)C=CC3=C2C1=NCC3,0.2133333384990692,384084,0.2
3861,CCCOC(=CC=C(C=CC[C@@H](C#CCF)NC=O)CC(C)O)OC(C)Cl,0.30000001192092896,590037,0.2
3862,C=CC=CC1=C(O)C2C(=O)NC2COSC(=O)C=C(Cl)C=C1OC(C)=C(C)C,0.2073170691728592,345488,0.2
3863,C1=CC2C=CC=C2CNC2C=CC(=C[C@H]3C=COC3)C(=C1)C=NC=CN2,0.17241379618644714,600357,0.15
3864,CCCN(C)CC1C=CC(=O)OC2(C=C1O)CC=CC(C)=N2,0.29230770468711853,488372,0.2
3865,C=CC=C(F)C=CSCN1C[C@H](O)C1(F)CC[CH]NC,0.1964285671710968,132129,0.15
3866,COCCN1C2=CC3=CNCC3C(=C2)C1C,0.2800000011920929,98431,0.2
3867,CCCNC1=CC(C=NOC)=CCN1CC1(O)C=CCC1CCC,0.23076923191547394,110949,0.2
3868,CCC=CC(=CC=CC(C)=O)CNC=O,0.38235294818878174,344513,0.2
3869,C[C@H]1CC2=C[N+]([O-])=CCC3=CC=C(CC4=C(CCOC=NNC(=O)C4)COCC2=C3)N1,0.22972972691059113,43942,0.2
3870,CCNCCC1=CCC(Br)CC(O)=C(Cl)C=C1,0.3191489279270172,457996,0.2
3871,COC(O)CC1=CC(F)CN(O)C(C)(F)C=CC=C1,0.2678571343421936,441950,0.2
3872,C[C@@]1(O)CCOC(=O)NCCc2cc3c(F)cc2OC=CCCC=CC(=CC=C(C#N)N1)CC3,0.2926829159259796,82127,0.2
3873,NC(=CF)C1C2NC=C3C=CC=CC3OCCC21Cl,0.24074074625968933,516121,0.2
3874,C[C](C=O)N=CC=COCC(C#N)C=O,0.3333333432674408,162432,0.2
3875,CC1=CSC2OC(=O)NCC3=CC(=O)OCC(CC=CC2=C1)C(Cl)=CC3=O,0.22580644488334656,169959,0.2
3876,C=C1SC=COC=CC=CCC2(C=CC=C1F)C=CCC(C)=C2,0.2199999988079071,567984,0.2
3877,CONC(=O)C1=CC(C=CCC=C(C)Cl)C(O)CC=C(F)OC(=O)C=C1,0.26153847575187683,253372,0.2
3878,N#CC=CNC=C1C=C(C=O)CC2=CC(C(=O)C=CO)(C1)N=C2,0.21917808055877686,119252,0.2
3879,COC(=O)CCC12C=CC=CC1=CC1=C(O2)C1=CCCI,0.3265306055545807,134042,0.2
3880,CC(=CCOC=O)C=C(C)C(Cl)C1=C[C@H](O)CC(=O)C(=CCOC(C)C)O1,0.27272728085517883,269468,0.2
3881,C[SH]1(=O)C=CN=CC(O)=CC(=O)NCC(C2(C(F)F)CCC(=O)N=C=N2)=C1F,0.20270270109176636,550763,0.2
3882,CC(C)=CCC=NC1[CH]C=NC=C(Cl)C(O)C=CC=C(Cl)C=C1,0.23076923191547394,464063,0.2
3883,CC1OCC=CC1=CN[C@H]1CCC1=N[C]C#N,0.203125,170233,0.2
3884,C[CH]CNC(C=CC=O)N(C=O)CCC,0.2777777910232544,165777,0.2
3885,CC1(O)C[C@H]2C(=CC(O)(C#CC=C3C=CC=CC3)C=CCC(=O)NCCF)[SH]1CC2F,0.2073170691728592,327017,0.2
3886,CC(=O)OCC=CC1=CCNC2CC=CCC12,0.3958333432674408,393141,0.2
3887,C=C(I)C=CN1C(=NC(=COC)C(C)=O)CO[C@@H](C)Cc2cc(C)ncc21,0.2631579041481018,539984,0.2
3888,CC=CC=CC=COC=C(C)CC=CC(=O)C(C=CC=COC)=NO,0.3333333432674408,287906,0.2
3889,C=CC(C=NC=CC(=C)Cl)CNC1=C=C1CC1=CC=CNCS1,0.16867469251155853,545769,0.15
3890,C=C1C=C(CC(F)(F)F)CNCC[C@@H]2C(=O)NCCN=CC(I)NC3=C2C=C(C)C3=CC1,0.2380952388048172,533580,0.2
3891,C=C1C[C@H](C=C2C=CC(O)C=C2C)C12C=C[CH]C(=O)OCC2,0.2361111044883728,184939,0.2
3892,CCOC(=O)NC=CC=O,0.5,55265,0.2
3893,CC1C#CC=C=CCCC=CC=C1F,0.25641027092933655,98641,0.2
3894,CC(=O)C=NC(N)=CC=C(N=CC=NCN=C(C)CO)C(=O)C1CCC(=O)N1C,0.3166666626930237,410564,0.2
3895,[N-]=[N+]CC1CC(O)C=CCC1(CCOCC=O)CC(N)(F)Cl,0.2238806039094925,572676,0.2
3896,COCC1(C)C=NCC(C)C(COc2ccncc2C)C(CC=O)S[C@@H]2C(=O)C2=CO1,0.25287356972694397,23895,0.2
3897,CCCN=C1C=CNC[C@@](O)(c2ccc(O)cc2NC)C2=CC(I)=CN(OC3=CC=CC3C)C(O2)O1,0.22448979318141937,114931,0.2
3898,O=CCC(O)C=CC=CNC(=O)C(=O)CO,0.30000001192092896,272821,0.2
3899,COC=CC=C(C=C1C=CC(Cl)=NC(F)=CN=C1)CCO,0.2295081913471222,539353,0.2
3900,C=C(O)CCC(=O)C1ONC=CC2C=CC(C)=C1C=NC=Cc1ccc2cc1,0.2535211145877838,188045,0.2
3901,COC(=O)N(C)CC=CC=C1OC=CCC=C(C(O)C(C)C)C1C=N,0.27272728085517883,627990,0.2
3902,CC=NC=C1C(Cl)=NCN1CC1C=C2C=CC(=O)C(=NN1)C2,0.20000000298023224,604839,0.2
3903,C=CC(=CC(F)=CC=CC)C1=CCN(C)N=CC2C1C(CN(C)C=N)C(=O)N2CS(C)=O,0.18888889253139496,33862,0.15
3904,COC(=O)[C@@H]1C=C(Cl)CC1CC=CC(CC=CCC#CF)SC=N,0.2537313401699066,432784,0.2
3905,CCC=C1CC=CC2=C1SC(=O)CN(C)C(=O)NC(=O)[C]C(=O)C=C(CCOC)O2,0.22499999403953552,45974,0.2
3906,CCOC1C=CC(N)=CC=N1,0.3076923191547394,60009,0.2
3907,C=C1OCC(CC)=COCC(C[CH]COCC)=C[C@H](CC)COCC1=O,0.25,497037,0.2
3908,O=C1ONC2NC3=CC1C3CN=C(Cl)C(C=CNS1(Cl)C=CC(Cl)=C1)CC2F,0.17777778208255768,73237,0.15
3909,CC=CC1C=CC(F)=CC2=C(C)C=C1CC2N=COCC=CC(=O)C(=C[C]CC)CCl,0.21348313987255096,81006,0.2
3910,CC(=C=O)C(C=CCC=O)c1c2cc(Br)cc1C(=O)C=N2,0.2678571343421936,274285,0.2
3911,CCOC12CC3=NC=C4C5C=C(N1)C(C4CCC5)[C@H]2OC=C(F)C=C3O,0.2142857164144516,565450,0.2
3912,CCN=CN(C)C(=O)NC(NC=CC1=CC(=O)NC1C)=C1N=CC(C#N)=CC=C1C(C)=O,0.20202019810676575,34028,0.2
3913,CC=CC1=C=S(Cl)C=CC2=C1COC(C)=CC(=NO)CC2C=C1C=C1,0.24193547666072845,214035,0.2
3914,OC1CCNC=C1C=NC=C1NC=CS1,0.24444444477558136,65637,0.2
3915,C=CCC1=C(F)C=C[C@]2(CC3=C(C)NC=CC32)C2=CC(=[C]C(=O)CC1)C=C2C,0.22077922523021698,518945,0.2
3916,CCC(C)ONC=CC1=CC2(N)[C](C=CC3SCC=CC3=NC)CCN=CC2C(I)=C1C,0.17475728690624237,412595,0.15
3917,C[C]CC1=CC=CC=C(NC=C(C#N)CN[SH](C)OC(=O)O)C(N)C=NN1C,0.2278480976819992,197782,0.2
3918,CC=C1[CH][C]2CC(C)C(=O)N(OC(C)NC=CC3CO3)C=CC2=C1,0.2133333384990692,483345,0.2
3919,O=C1COC2C=NCC3NC4CC(=C1C=P4)COC=CN=C3NC=CC2,0.1764705926179886,422302,0.15
3920,CC1NC(=O)C(F)([PH]2(F)CO2)C1=O,0.4117647111415863,460383,0.2
3921,CCOC1=CC=CCN1CC1NCC2(C)C3CC(C)=CC=CC(C4=CCC(=N3)C=C4)N2[C@H]1C,0.20408163964748383,64270,0.2
3922,CC(C)=NCNC(C)O,0.4166666567325592,211131,0.2
3923,CC1(N)C=CC(=O)OC1=CC=C(Cl)C1=CCCNC(=O)C=CC=C1,0.26923078298568726,537989,0.2
3924,CCCCC=C(C)C=O,0.7272727489471436,134114,0.7
3925,CSC=CNC=C1CC(NCC(N)=O)=CN(O)C=CS1,0.27586206793785095,201566,0.2
3926,O=C1[C@H]2SCN=C3C=COC=CC(CC4=[N+]C2=C(O)N14)[N+]3,0.2028985470533371,256360,0.2
3927,COC=C1C=C[C@@H]2C[C@H]1NC=C2C(N)CCF,0.2222222238779068,321794,0.2
3928,COC=CC=CC=CN(C#N)[N+](C)=O,0.3333333432674408,527809,0.2
3929,C=CC(Cl)=CC=CC=NN(C)C(=O)C(=O)CC=CC1(C(=O)NC#CC)CNC=CN1,0.19736842811107635,376392,0.15
3930,CCCOC=CN=CCCNCC#N,0.37837839126586914,171196,0.2
3931,C=CC=C1C=CCC(C)=CC(F)=CC(Cl)=CNC(=O)N(Cl)CO[C@H](C)CN=N1,0.20987653732299805,562169,0.2
3932,[C-]#[N+]C[CH]C12N=CC=CCc3cc(Cl)ccc3CC1=CCOC[CH]N2,0.25757575035095215,347916,0.2
3933,CC=CCC=CC=C(N)N1C#CCOC1C1=CC=CN=CC1=CC=CC=CCCOCC,0.21875,385279,0.2
3934,N=CC=CC(=O)C=CCC(CNC(=O)OC[CH]CO)NO,0.29629629850387573,122690,0.2
3935,CCC=CC1C=CSC=C(C(C=C(F)CF)CBr)O1,0.28333333134651184,222703,0.2
3936,CC(=O)C1(C)C2=C(F)[C@@]23C(C=C(C)NC=O)C12ONC23,0.22058823704719543,228437,0.2
3937,CC=NCC1(C)OC2=NC(N)C[C@H]2C(C)C1OCCF,0.20000000298023224,523134,0.2
3938,CN=C(C)C=CC(=O)[SH]1C(C)N1C[C@H](C)Cl,0.25,167965,0.2
3939,CC=CCSC=NCC1=C(Cl)C=CC2OC1=CC=C2C(C)=O,0.23076923191547394,470491,0.2
3940,CC(=CC1=CCNCC2CCN=C(C)C=CC2NC=CS1)C(=O)C=O,0.22857142984867096,168404,0.2
3941,CON=C1CCSC2C(=O)N[CH][CH]C[CH]C(O[CH]F)=CN1NC(=O)C2N,0.21621622145175934,176931,0.2
3942,COCC1C2=CC=CCC34N=CC1N[C@@H](CO)C3C(=O)C=C[C@@H](N)NC4C(C)=CC2,0.2073170691728592,386595,0.2
3943,C=CP[C@H](CC=CC)OCC(=O)CCl,0.4000000059604645,168587,0.2
3944,CC=C(C)C(C=COC)N=CCC(=O)NC(=O)CNC=CC1C=CC(C=NC)=C1,0.20224718749523163,282778,0.2
3945,C=CC=CC1=CC(Cl)=CC(C2(C)C=CC=C2F)CC=C(OC)C(C)=C1OC,0.25,111484,0.2
3946,CC(C)=CC=Cc1ccncc1Oc1ccc(Cl)cc1S(=O)(=O)N1CC=CN=CN1C,0.29113924503326416,248969,0.2
3947,CCOC(=O)C=C1C2=CC(=O)N(C(C(C)C)=CC(C)(O)C[C](C)C=CNC2=O)C1C,0.2957746386528015,450460,0.2
3948,COC=CC=NC(C(=O)C=CN)C(=O)C=S(C)C=O,0.2954545319080353,222148,0.2
3949,C=CC1C=C(C2=CC=CSC2)C=C(N)NC(C#N)C(=CC=O)OCC1,0.2151898741722107,28255,0.2
3950,N=CC=CC=NC=CC=O,0.24137930572032928,111333,0.2
3951,CC(=O)COC=NC(=O)NC(Br)=COCC(=O)C=CC=C1C(=CN)CC2C=C(C)C=C12,0.19191919267177582,334791,0.15
3952,CC(O)C=CCC(=O)C=C1C=C2CCO[C@@H](C=O)CC(Cc3ccccc3)C=CNCC1=C2OCl,0.26966291666030884,546385,0.2
3953,CCCC=CC(Cl)CCCC=O,0.4375,577967,0.2
3954,CC=C1C=CN=CC=CNC2(C=COC2)C(C)=NC1OC,0.19718310236930847,512141,0.15
3955,CC1=C(C(F)(Br)SCC(N)=O)C(C=N)=CC1C(N)=C(O)C=CO,0.2537313401699066,272669,0.2
3956,O=CC(O)C=CCC1CC2=C(Cl)C=C(OC1O)C2OC=NC=CC(=O)c1cccs1,0.28409090638160706,262869,0.2
3957,CC=CC1CCOCC=C2N=CC=CC(=C=CCOC)C=C3OC2=C(N=C3CF)NC1,0.1944444477558136,472803,0.15
3958,C=CC(O)=NC1=NC=CC=NC1CC,0.2549019753932953,625232,0.2
3959,CCOC=CC1=CC=C1C1NC(=O)C=C1C,0.2916666567325592,359152,0.2
3960,CCC1=C(N=CCC=NC(C)=NNCCC(=O)CSC)NCN=CCO1,0.2461538463830948,561187,0.2
3961,C=CC(C=CC(=O)c1csc(Br)c1NC=O)=CC=CNCC=CC(F)=CN=CCC1CCNC1C,0.1860465109348297,386182,0.15
3962,CC#CC=CN,0.29032257199287415,208863,0.2
3963,CC[C@]1(F)NC=C2C3=C(C=CC2CC=CN=C3)C(=O)NC(=O)N1,0.21739129722118378,92411,0.2
3964,C[CH]OC1=C2C=NC(C)=C2CC=CC(N)CC(COCNC=CC)C1=O,0.2133333384990692,429914,0.2
3965,C=CC=CC=CNC(=O)OCCC(Br)=NNCCOC=CC(=N)C=O,0.296875,439483,0.2
3966,C=C1CC=C2C=C1CCC2C=COCC=CC=C(F)C=C(Cl)C(C=O)CO,0.19512194395065308,604664,0.15
3967,C#CC1=C(C)CC(C=CC=CC=C)C(=O)N=C(C=CC(=O)[CH]Cl)C=C(C=N)C1,0.2073170691728592,107555,0.2
3968,C#Cc1ccc2cc1N[CH]COC=C(F)CC=C2CSC=C(C=O)CO,0.21348313987255096,117644,0.2
3969,CC=C1C=C(C)O[C@@H](CC=CCC(=O)O)N2C(CC=C(C)C=C[C@H]2O)N1,0.25,338456,0.2
3970,CC1=CC(F)C(N)=CC2=CC1=C[C@@H]1C(O)CN2C1C,0.22807016968727112,139078,0.2
3971,CCOC(=O)C(C)=C1C=CC=C(Cl)N1,0.3863636255264282,389161,0.2
3972,C=C(C)CC=CCOC(=O)C1=CSC(OC=C(C)F)C=CC1C(=O)SCC(=O)CCCl,0.22058823704719543,414837,0.2
3973,CC1=C(OC=C2N=CC=C2O)C(=O)C(=O)OC1(C)O,0.2786885201931,356352,0.2
3974,CC1CC2=CC=C(Cl)C=CC(=CN=CN1[C@@H](C)CNC(=O)C1=CC(Cl)=CC1)C(=O)C2,0.2409638613462448,574022,0.2
3975,N=C1CC1C(=O)C12CC=CC=C(C(F)Br)COC=CC=CC(N1)OC2=O,0.19512194395065308,581478,0.15
3976,CN=NNC=C(C=N)C=CC=CC(=O)N(F)C=CC(F)F,0.2075471729040146,412362,0.2
3977,C=CCC=C(O)C=CNC=C1CC=C(OC)C=C2COC(N=N1)C2C=CC#N,0.21794871985912323,5758,0.2
3978,C=COC1=NCCC=C1C(=CC=COC[CH]C(O)=CC=CC1C=C(O)C=CC1)SCl,0.1764705926179886,524612,0.15
3979,CCOC=CN=CC=CC=CN(C)N1C=CC=CC=C1Br,0.24193547666072845,527511,0.2
3980,CC(=O)C=CC1C=CC=CN1C=CC=CF,0.2926829159259796,294467,0.2
3981,CCS(=O)(=O)CNC=C1OC2C=CC=C2C(=O)N1NOC(C)CCF,0.21739129722118378,529142,0.2
3982,CNC1=NN=CC(NC(=O)OC)C=CC=CC(CO)=CC=CC1(CC=C(C)O)CCC(=O)SN,0.21276596188545227,150726,0.2
3983,COC(=O)CC[C@H]1C2=C(Cl)C=C(C[C@@H](C)C3=CCC(C)(F)C1C=C3)C(F)C=CO2,0.2750000059604645,36149,0.2
3984,COCC=C1COC=C1CC=C1CNCOC=C(C)CC=C[C@@H]2CCC=C2C1=O,0.2151898741722107,364785,0.2
3985,CC=CC(C=C(C)C=O)SC=CC=CN=CCl,0.27659574151039124,162969,0.2
3986,CC=C(I)C=CC1=NC(C)=CC1OC(Cl)C(O)(F)C=O,0.23188406229019165,245335,0.2
3987,CC(=O)OC=CC(F)(F)[CH]C=CC(Cl)=C[CH]COCc1ccccc1C1=NC=C2CCC2C=C1,0.25242719054222107,31731,0.2
3988,COC=CC=CC1=CN=C[SH]1C(=O)N1C=COCC1c1ccc[nH]1,0.25,524513,0.2
3989,C=C1C(=CN=C(NC(C)C)C2=NCC2C(C)(O)Cl)C(CC=CO)C1(C)N,0.1931818127632141,480644,0.15
3990,CCO[CH]COC(=O)N1CCOC(=C(F)C=O)CC(C=CC=C(C)Cl)=C(C(F)(F)F)C(N)C1,0.29487180709838867,81818,0.2
3991,CC=CCCC(O)C(=O)N1C=CC(Br)=C2COC1CC=CC(CCF)=CC=C2CF,0.21686747670173645,276023,0.2
3992,CC=CC1(C(C)(C)O)C2=C3[CH]CN1C31C=CCC2=CN=C1,0.1846153885126114,105123,0.15
3993,CC=CC(=O)CCNC1=CN=C2CC=C3C4=CSC(=O)C=C(C(=O)OCC(C)=C(C)CC3C)C2C1=N4,0.20202019810676575,169560,0.2
3994,CC(C)CCCC1C[C@@](Cl)(C(F)F)C(C)C1C,0.31111112236976624,589289,0.2
3995,CC12N=C[C@@H](O)COCC34[CH]CC1NC=C3OC(O4)C1C=C12,0.20000000298023224,427807,0.2
3996,CC[CH]CC=C(O)CC(CBr)NC(=O)COC,0.380952388048172,201800,0.2
3997,CC=NC=CC(F)=CCOC=CCN=C(C)OC=C(Cl)N=CC=NC,0.1621621549129486,128819,0.15
3998,CCC1=CC(F)C1=CC(Cl)=CC=CN1C=CC=C(C(=O)COC)N=C1,0.23943662643432617,159290,0.2
3999,CCN=C(C)SC=CN(C)C=CC(F)=C(F)C=C(C)F,0.20408163964748383,487396,0.2
4000,SC1C=CC2=CCOC=NC23C(Cl)=CC=CC3=C1,0.19672131538391113,83997,0.15
4001,C=NC=CC=CCC(=O)C(C#N)C=COC=CC1=CC=CNC1,0.19718310236930847,556550,0.15
4002,CNCCC(=O)N(Cl)C=CC(C)=C(O)CC=Cc1cnccc1C[PH](C)=CC(N)=O,0.26966291666030884,362498,0.2
4003,CC1=C2CC=COC=CNC(F)=CC2=C1Br,0.21568627655506134,142237,0.2
4004,CC1(C[C@@H](N)F)CC(O)C=CN1,0.34210526943206787,351739,0.2
4005,COCCOCCC(=O)/C=C\C1C=CC(F)=CC(F)CCC1=O,0.3333333432674408,518940,0.2
4006,C=CCC=C(N)/C=C/C=CCN(F)C(=O)COCC(C)C,0.3199999928474426,89014,0.2
4007,C#CC(=O)CCl,0.4166666567325592,163928,0.2
4008,C=CN1C2=CC3C=CNC4(C=C[CH]C1CCCC([SH](=O)=O)C=CC4)C(C)C(=C2)N3[CH]COC(=C)F,0.19587628543376923,120754,0.15
4009,COC=C1C=C(F)C(O)NC=C(I)N=CC1C(=O)C=O,0.234375,352099,0.2
4010,O=C1C=CC(F)=C[CH]C=Cc2ccccc2C=CS(=O)CCCC=CO1,0.2545454502105713,78419,0.2
4011,CC#CCN1C2=CC3OC(=CC=C3N=C1C=N)C(C=CN)[SH](C=C(Cl)C=NCC(C)(O)O)NC2,0.17499999701976776,499589,0.15
4012,C=CCC(C=O)NC1C=NC2(C)C=CC(=CC=C2C)S(Cl)=NC(F)=CC(C#N)=C1,0.2068965584039688,276580,0.2
4013,C=CCC1CNCC=C1C=CN(C(=O)CCO)C(C)C=O,0.2698412835597992,274665,0.2
4014,CC1=NC(NC(=O)CC=CCC=O)OC1,0.26530611515045166,125488,0.2
4015,C=C1C=C(O)C=CC=CC=C(C=CS(=O)(=O)C2=C(O)C=CCC2(C)C)O1,0.24074074625968933,524802,0.2
4016,CCOC(=O)N(C(C)=O)C1=CCC=NCO/C=C/C(=O)C(SC)=CC=C1,0.25,180661,0.2
4017,CC=CC(=O)C1(N)C=NC=C(OC(=O)c2cccc(F)c2OC)NCCC(C)=CC=N1,0.3478260934352875,388426,0.2
4018,COC(C=CC(=O)C(O)=C(Cl)C1=CC1)=C(C)C[CH]CBr,0.25999999046325684,161427,0.2
4019,CC1=CCC23C=CC=c4ccc(cc4N(CC4=CC4(F)C#N)C2F)=CCC13,0.23456789553165436,403882,0.2
4020,CC=C(C)OC=C1C2[CH]CC(C1N)[SH](F)C=C2,0.20338982343673706,389255,0.2
4021,C=COC1=CC(Cl)=CC=CC1=COCC=NCNc1c(C)c#ccc1I,0.1818181872367859,11628,0.15
4022,C=C(C)C#CCOC1=C(C)OCCCCOC=C(CF)C1,0.27272728085517883,413391,0.2
4023,CCC(=O)C[C@H](S)C1C=CC=C(O)N=C1C(=O)C=C(O)C=CC(=O)CC=CBr,0.22580644488334656,116093,0.2
4024,COC=CC=C1C(C)=C(F)C1[CH]COC1CNC(C)[C]CCONCC(C)(C)C=N1,0.20224718749523163,102770,0.2
4025,CCOC1(O)C(C(F)C=C2C(=O)SC=CC2=S)=CC1Cl,0.22580644488334656,490495,0.2
4026,NC=CCN(Cl)C(=O)c1coc(C=CC=CC=CCC2=CCN=N2)c1NC=S,0.18918919563293457,204520,0.15
4027,CC1(C)[CH]CCONSC(C=CC(=O)OC=CO)=C(C=O)N=C1,0.23456789553165436,164100,0.2
4028,C=NC=CC1=CN=C(OC)CON=CC(=CCS)NC=C2C=C(C=C(C)CC(F)(F)F)C2[SH]1(=O)O,0.1782178282737732,494517,0.15
4029,O=C(O)CCN1CC(Cl)COCC=CC(Cl)=CCCN(F)N=CC=C(F)C1=O,0.28378379344940186,530628,0.2
4030,COC=CC(=O)C1=CC=C(C)C(O)C=CCN1[C]1C[CH]C(=O)[SH]1C[C@@H](C=CCC(C)=O)NC(=O)O,0.21739129722118378,510058,0.2
4031,C=NNCC=CC=CN(CCl)C(C)C=CCOCC,0.29411765933036804,14505,0.2
4032,CC1COC2C=CC=NC2=CCC2C(=CN=C2CF)N=CC#CC1=O,0.19402985274791718,170450,0.15
4033,CC1=CC(=O)CCN(C2C=CC=NC(C)=CNC2)CCC(=N)NC=CC(C)CCOCC1,0.22499999403953552,101098,0.2
4034,CC=CC(CNC=C1C=C1CSC)NCC[N+](F)=CC(F)Br,0.1846153885126114,189557,0.15
4035,N#CCOCC(=O)OC1=C2CCC(C#N)CC(F)C2=N1,0.32203391194343567,442116,0.2
4036,C=CCC1C(=O)C(F)=CC=CON1C(F)CSCC(=O)OC,0.32203391194343567,95528,0.2
4037,C=COC=CC(O)=C1N=CC(F)=C2NC(=CC(C=CC)=C1O)C=CC=C2C=CC(=CO)CC,0.16483516991138458,117697,0.15
4038,CC1=CCC2=C3C(C=CN3N=C(F)C=CC(C(S)=CCNCCNO)=N1)CC=C(I)C2,0.1744185984134674,338456,0.15
4039,CC12C=CC=NC(=N1)[C@H]([C@@H]1C=C(F)NCCN1)C(CCl)=C2,0.21311475336551666,75531,0.2
4040,CCC(=O)[CH]OCC1=CCN1CC#N,0.29629629850387573,457435,0.2
4041,COC=CCC=NSC1(C=N)OC=CC=C(F)C12C=CC=NCCO2,0.2054794579744339,492611,0.2
4042,CC#CCOC=CCCNC(=COC(COCCC#N)C(O)(S)CC)CI,0.24657534062862396,8304,0.2
4043,CCCOC=CC(C)NC=C(CC=CC=CC1C=CC=CC=C(CC)C1)OC(C)(Br)C=O,0.23170731961727142,66127,0.2
4044,CC(C)=CC[CH]C[C@@]1(C)SC=C2C=CC3=CC(C)=C(O)C1C=CC23,0.25,288931,0.2
4045,CC1C=CCC(O)CN=CC2NC=C(N)C2C1,0.26530611515045166,173436,0.2
4046,CC[SH]1C(N)C=CC2C=C(c3ccc(F)c(O)c32)N2C=C(CO)C1CC=C2Cl,0.2666666805744171,281801,0.2
4047,CCC=COC(C)(O)CO[CH]C=CC(=CC1=CC=CN(CCC)C1)[C@H](C)[CH]C=N,0.18840579688549042,478547,0.15
4048,CCOC1N=CCC=NC=CC=CC(=O)C2SC(=O)NOC=C(O)[C@@]12C=O,0.232876718044281,602019,0.2
4049,O=C(NCCCc1ncc[nH]1)C1CC=CC1OCC=CCC1=CNCOC1,0.29870128631591797,532535,0.2
4050,CCCC(Br)C=C(F)N=CCC(=O)CC=CC=CN=CC=CNC=CC=CC=N,0.21212121844291687,336501,0.2
4051,CC(N)C(=O)NOc1ccncc1C(=O)OCC=CC=CCl,0.41818180680274963,299994,0.2
4052,O=CN1C2=CC[CH]C=CC=CC[C@H]1CNC=CN=CC(=O)OCC=C2,0.2678571343421936,384541,0.2
4053,C[C@H](C=NC(F)C=C(Cl)CNCC=CF)CNF,0.25,161847,0.2
4054,CC=C(C)CC=CC(=O)C1CC(CBr)N=CC1C1=CC(C)=C(C(N)=CCN)COC=C1,0.2073170691728592,504521,0.2
4055,O=C[C@H]1CCNC=C1C(=O)Cl,0.30000001192092896,88102,0.2
4056,CCC1=CC=CC=C(COC(=O)CC2COC(=O)[CH]CCON2)C1,0.3142857253551483,139169,0.2
4057,C=CCC(=O)C(C)C(O)N=CCOC1CNCCC1OCCO[C](C)C(=O)CC,0.30985915660858154,381889,0.2
4058,CC=C1C=CC=C(N)C=C(C(C)=O)COC=NCC=C1F,0.23076923191547394,265287,0.2
4059,NC(=O)OCC=CC=C1C=CN=CNC2C=NC=C1C=CCC=C(C=CC=CCS)C(=O)OC2,0.1875,240353,0.15
4060,CC1(Br)C=CC(=O)OC=CO1,0.34210526943206787,609152,0.2
4061,CC=C(CC=NC(C)C=CC(=O)OC)N=CCO,0.4000000059604645,354054,0.2
4062,NC1(C=C2C=Cc3c4c[nH]c3C(=CC(F)(F)F)C=CNCN2C(F)=C4)CN1,0.17499999701976776,313050,0.15
4063,FC1=CC23OC=C(Cl)CCC24C=C3CC(F)C(Cl)C=CN4C=CO1,0.20000000298023224,211930,0.2
4064,CC=CN1C=CN(OC)C2C(=O)C=CC=C2C2(C=N2)c2ccccc2C1,0.2531645596027374,526319,0.2
4065,COC1[CH]C(N)OCCC=C1NCC=NC=CC(Cl)c1ccc(O)cc1CCF,0.2409638613462448,431410,0.2
4066,CC=C(Br)CC1[CH]COC(CC=COC)C=C=C([C](C)OC(Cl)CC)CC=C1S,0.20000000298023224,26934,0.2
4067,CC1=CCC=CCC2=CC(=CNO2)NC1F,0.25,618566,0.2
4068,CNC(=O)C1=NC(C(O)Br)=C1C(=O)OC=C(C=CCF)CF,0.2545454502105713,155935,0.2
4069,C=CC1=CC=CCC2(C[C@H](O)C3(OC[CH]OC)C=C(Cl)O3)NC=C1CC2COC,0.20000000298023224,631722,0.2
4070,CC=CC=C[SH]1(Cl)=CN=C1OCC[C@@H](C)C=NNC=C(C=C1C=COC=C1)C(C)C=N,0.1882352977991104,266685,0.15
4071,CN1N=CN2CC=C(CC=C3C4OCCN3C42)C2=NC(=O)C3(C=CC4=C1C(=CCN4)N3)C2,0.21590909361839294,526079,0.2
4072,CC=NOC(C=N)C(C)=C1CNCOC=NC(C=O)NC(=CC=C(C)F)C1F,0.17525772750377655,533960,0.15
4073,COC(=O)OC(C)=N[CH]C(C)C=C(O)Cc1ccccc1SC=CC=O,0.3181818127632141,351277,0.2
4074,O=C1C=CSC2(NC(=O)CC3CC=CC3)CC2CC=CC(CCF)=NC1,0.24193547666072845,321082,0.2
4075,C=CC(O)C[C@@H](C=O)NC(=O)N(C)C=O,0.38297873735427856,110364,0.2
4076,CC=CC(F)=CC(=N)C=CC=CC(N=CC)OC1C=CC(F)=C(Cl)C1=CCCF,0.17073170840740204,155356,0.15
4077,CC1=CCC=CCC=CC(NC(=O)NC(=O)OC2C[C@H](C)Nc3cccc2n3)=CC1,0.2527472674846649,352816,0.2
4078,C=CC1N(OC)C=CC12C=C(C=CN[C@@H]1C=CC=CC1)C(=CN=C)CC2,0.20481927692890167,255287,0.2
4079,CCOCCNCC=CC=NC=C(CC)ONC=CC=CCC1(O)CCC=C1C=O,0.2195121943950653,440512,0.2
4080,CC(C)(C)PC=CC(=Cc1ccccn1)CCN,0.4285714328289032,514139,0.2
4081,CNC(C=O)=CC=C1C=CNCC(=O)C=C1,0.4054054021835327,288653,0.2
4082,C=C1[CH]CN=C2CCNC3(CCN=CC=CNC2=CC3N=O)COCC1=CNC(C)=N,0.18095238506793976,285583,0.15
4083,C=CC=CC=CCN(C)N=CC1(Cl)[C@H]2CCCN2OCN1N1COC(=O)N1C,0.21348313987255096,157743,0.2
4084,CC(S)=CC1C=CC=CC1CC(=O)N=C[C@@H]1CC#CC(=O)C(F)=C(C)[C@@H]1C,0.20987653732299805,130407,0.2
4085,CC=NC=C(c1c(N(C)N)coc1C)C1(Cl)C=CC(F)=C1,0.22807016968727112,165107,0.2
4086,CC=CCC1CC(=O)C1=CC(=O)N=CC(C)(C)C,0.3396226465702057,449711,0.2
4087,CC(=O)C=CCN[C](N)C=CC(Cl)OC1C=CC=CC1,0.2666666805744171,214812,0.2
4088,CC=CNC1(F)C=C(SC)C2C=C(F)C(C2)OCC=C(F)C=CC=CNCC1,0.1785714328289032,391860,0.15
4089,CC(=O)C1=CC=CCCCOC2=CC(F)=CNC21C=CN=C(C)SN(C)C(C)(C)C,0.20987653732299805,283970,0.2
4090,COCC=CCC(=O)C(C)(C=N)NCC=CC=NCCl,0.2800000011920929,404559,0.2
4091,CCOC=C(CCl)SC(=O)C=O,0.4571428596973419,423966,0.2
4092,CC1=C2C=CC1(C)C=C(Br)C2=N,0.2368421107530594,184928,0.2
4093,Cc1ccc#cc2c(oc1)C=CCOC(C=O)C=C2,0.2380952388048172,480445,0.2
4094,COC=O,0.3529411852359772,310993,0.2
4095,C=CCSCC(=O)CC(CN1C=CC(F)=CN=C1C)(N=CCNCC)C(=O)CC,0.2535211145877838,419812,0.2
4096,CC=CC(C=CC(C)=CCC1=C(C#N)C=C1CC=O)NC(C)=O,0.2857142984867096,294714,0.2
4097,CC(CF)=NCCCF,0.30000001192092896,71489,0.2
4098,CNC(=O)C=CC1(NC)CC=CC2=CSC(C(=O)N1)C(C=N)=CCC=C2Br,0.21621622145175934,340501,0.2
4099,CC=C(CF)CN=CC(C=CCC(C)C(F)CC=NC=O)SC=CC=N,0.1818181872367859,463704,0.15
4100,COC[C]C(C)(CCl)NC(=O)C=CC1=CC=CC=C2NC=CC=C2C1=CC[C@@H]1[C]C1,0.23863635957241058,617491,0.2
4101,C=CC(O)=CC=CN1CC1=C1C[CH]C=CN1C,0.23999999463558197,229923,0.2
4102,CNC(=O)C(C)(CF)CC=CC1=CC(=O)SC(Cl)=CC1,0.25806450843811035,3398,0.2
4103,CC1=CC=CC2[CH]OC(CC3=CC4=NC(Cl)C=C4C[C@H]3C=C1)CC(O)NN2,0.18571428954601288,290225,0.15
4104,C=CC=C1C2=C(C(=O)NC)C(Cl)C=CC2C=CCC=NC2[CH]CCOC12,0.22580644488334656,403547,0.2
4105,CC=NN(C#N)C=CC(C(=O)C=CC=C(Cl)NC)N(C)[CH]C(=O)OCC=CN,0.2112676054239273,350991,0.2
4106,C#CC(=O)OCCCl,0.5555555820465088,428228,0.2
4107,C=COCCC(=O)[C@H](O)C=CC(=O)NC,0.3499999940395355,560555,0.2
4108,CCCC=CN(C)CC1OCCC2(N)SCC(=O)C=CC3=CC=NC=C(CC)C2NC1C3,0.20000000298023224,604985,0.2
4109,NC1=CC=CNC1,0.4137931168079376,208465,0.2
4110,C=C[C]C=CN1C=C2C=C[C@@H](C)[SH]2C=Cc2c(ccc(=O)n2C=C2COC=C2C=O)C(Cl)=CO1,0.18018017709255219,421875,0.15
4111,CCC1=COC2([C@H]3C=CC(C)=NC3)NN1CC1=CN=CNCCC=CNC12,0.171875,53511,0.15
4112,CO[C](O)C(=O)C=NC=CC1N2C=C3C=CC=CNC3N1C2C,0.234375,153836,0.2
4113,O=C(O)CC1C=CC(O)=CC[C]2CCCCOCCC(=O)/C=C/CC(Cl)=C2N=CN1,0.2261904776096344,180761,0.2
4114,CC=CC=CC=CNN=C=O,0.4285714328289032,177057,0.2
4115,C=CC(F)=C=CC(C=CNC(=O)NC(=O)[CH]C(=O)OC)C(Cl)=CC(=O)O,0.23728813230991364,166987,0.2
4116,NC1C=CC(=O)C(Cl)=CNC(=O)NC(=O)C(=O)OC1,0.2641509473323822,547260,0.2
4117,COC(=N)C/C=C1\NC(C=CC=CC=CC(C)=O)C1CN1C(=O)COC1=CC=O,0.26249998807907104,253744,0.2
4118,COC=NC=CC(C)N(C)CC1=CC(OC)=CN=CC(S(C)=O)CNC=CCC=C1OC,0.19780220091342926,63720,0.15
4119,CCOC=C1C=C(/C=C\C=C(C)[C@@H](CN)OC)C=CC2=C(CC3CC=CC=C(F)C3)C2CC1,0.21739129722118378,517597,0.2
4120,CC1=CCNC=C1C1CC=C(F)C=CN2C(C)=C[C@@H]2OC1,0.2461538463830948,465478,0.2
4121,CC(=O)OCCSCC(=O)C(N)C1C=CC=C2N=C[C]21,0.35483869910240173,161346,0.2
4122,C=C(C)C=CC1CNC(=O)OC(C(=O)SC(C=NCC=C(CN)S(C)=O)C=C(O)F)C1,0.24657534062862396,253941,0.2
4123,COC1=CC2=NC34N=CC=NC=CCCC=C(C=O)C3C=CC=C4C2(N)SC1Cl,0.1882352977991104,443877,0.15
4124,COC=C(O)C#N,0.37037035822868347,527809,0.2
4125,CCC=C(F)C=CC(=O)C1=CC(C(C=CNCC)CNC=N)OC(O)C=C[CH]C1=CC=CF,0.190476194024086,402365,0.15
4126,C=CC=CNC(=O)C(F)(C=CC)C(Br)=CC1=C(CC)CCONC=C(C)C1,0.23188406229019165,3929,0.2
4127,CC[C@@H]1C(O)C1[CH]SC=C(Cl)CC=O,0.2631579041481018,360737,0.2
4128,CC1=CC=C(CC(F)(F)Br)N(C(=O)OCc2ccccc2N=CNO)C(F)=C1,0.2876712381839752,178516,0.2
4129,CC=NC=C(N)CC1NC=CCCCNC=CC(=N)C=C(CC(F)(Cl)CN)CNCCO1,0.1944444477558136,592601,0.15
4130,CCN(F)N1C(=O)C(F)(I)C2C=C1NC=C(C1(F)C=CC=C(F)C=C1)OC(=O)C2,0.2133333384990692,546967,0.2
4131,CSC1=CNC=C(C2=NCNC2)CN2CCC=CC=CC(C=CO)C=CNC2=CCO1,0.1808510571718216,34529,0.15
4132,C=CC12C=CNC(=S)C3C=NC14C(N=C)=CC=CN4[SH]3C2,0.16091954708099365,170805,0.15
4133,NC1=CC=CC2=C[C]C3=C[C@H](CO3)C(=CC(CS)C=CC[C]2)C1,0.17391304671764374,498292,0.15
4134,CCC=NOC=C1OC=C(C#N)C=C(NC2=CC(Br)CCC2=O)c2ccccc21,0.24657534062862396,97809,0.2
4135,CCN1C=C(O)CC2=CC(C=C1C=CC=O)C(O)=CC(=O)NC=C2C=O,0.2222222238779068,50911,0.2
4136,C=COCC=CC=CC=COC(=O)C=CC[C]CC(=O)OC,0.3272727131843567,365255,0.2
4137,CC=CC=C1C(O)=CC1C=C(I)OCCC=CC1C(C#N)CCC1CF,0.23076923191547394,445474,0.2
4138,CNC1=CCCC1=NC(=O)N=C(Cl)C=Nc1c[nH]c(N=CCCC(C)Cl)c1OC(F)F,0.23376622796058655,9717,0.2
4139,CCNC(=O)CC=N[N+]=C(F)C=N,0.3243243098258972,286146,0.2
4140,CCOC(CC=CC=C(O)c1cncc(=O)cc1N=C(C)F)=C(O)SC,0.265625,496085,0.2
4141,C=CCOC=CC(C=O)C(F)=CC=CC=CC(F)=CCC,0.2857142984867096,593294,0.2
4142,O=C=CNC1C=CO[CH]CC2=CC2C1,0.20000000298023224,362723,0.2
4143,CC1=C2C=CCC(=CO1)C#CC=COC=C1N2C=CC(=O)[C@@]1(C)CO,0.2153846174478531,414296,0.2
4144,CCC1=COC2=CC(C=CO)(C[SH](C)C=CC2)N1,0.23333333432674408,553692,0.2
4145,C[C]CC(=O)[C@@H](CC=CC(O)C=O)NC[CH]C[CH]PC=C(F)c1cccc(C)c1,0.2800000011920929,130932,0.2
4146,CC1C=C(N)C2NC=CNC(=N)C=CC=CCC3(C=C3C(=O)O1)CCN2,0.2142857164144516,114413,0.2
4147,CCCC(C)(O)N(CC=N)NCOC=C1C(=O)CC(O)=C1C,0.25,201070,0.2
4148,CSCCC=CC=C1CN(O)CCC=CC(c2ccnnc2C)=C2NC=C(C)C2C(C)=C1C,0.22891566157341003,249893,0.2
4149,CN(C=O)CCN1C(=O)C2=CC(Cl)CNC21,0.27272728085517883,110859,0.2
4150,CO[CH]CC=C[C@@H]1N=C2C[CH]C(=COC[C]3C([CH]NC3C(=O)[C@H](C)N)C=CN=C2C#N)O1,0.21153846383094788,153004,0.2
4151,COCN=CC=NN(CC=CC=C(Cl)C=C1C=C1Cl)C1=COC=CC1C=CC1C2=CC[SH]1C#C2,0.17307692766189575,44089,0.15
4152,CC=CC1=C(OC(=O)[C@H](N)CC(=N)C(C)=CC[CH]C=NC=CF)C=C1,0.23529411852359772,591778,0.2
4153,CN=CC1C=CCC=C(C)C=CN2CC(F)=CC=C2OCC2C=CC=C2C1,0.21666666865348816,212367,0.2
4154,CCC=CC1CC=C(C)COC(=O)C=C2N=C1C(C)=NC=C(Cl)OC(Cl)C2=COCC,0.2567567527294159,418770,0.2
4155,C=C(F)C(C)=CC1=C(CO)CC(=C)N(CC)C=CC(=O)OC=CCC(N)[PH](=O)OC(C)CCC=C1,0.19148936867713928,423016,0.15
4156,C=CC=CC=CC=CC(F)=NC=CNC=CC(N)=NC(C=CC=CNC)NC(=O)OC,0.24242424964904785,595082,0.2
4157,CC=CC1(OC)COC(C=CCC=NC=COCC)CN=CNC(=O)c2cc(CC=O)cc1c2,0.24210526049137115,174929,0.2
4158,CC(C)=CCOC=CC=CNC(C=C(C)CCC#S(C)=O)C(=O)Cl,0.27272728085517883,84226,0.2
4159,CC1C=C2C=CN(C(=O)CCC(O)[CH]CC2N)C1(C)C=CC=O,0.2361111044883728,9777,0.2
4160,C=NC(C)=C(N)C=CC1(C=N)C=COCNC(=O)N1C(F)=CC,0.23188406229019165,484045,0.2
4161,CNC(=O)C1SC(=NC=CC=CN2N=CC=CC2(F)NC=COC)C1C1CO1,0.21111111342906952,2112,0.2
4162,CC=CC[C@](S)(CC(=O)[C@H]1CC[CH]CC(=O)[CH]CNCC2COCCN2N(C)C1)C(N)=O,0.2467532455921173,473371,0.2
4163,CC(=CCOC(C=O)C=CC=CF)CCC=O,0.3695652186870575,164826,0.2
4164,CCC=CC=C(NC)NC=CNC=C(C)C=NN=C1NC(C)=COCC1F,0.19565217196941376,373374,0.15
4165,CC1=COC=C2C3=CNCC=CC(CC=C3)CCC(=N1)OCCC2(C)C,0.2238806039094925,470812,0.2
4166,OC1(C2C=CC=CN2)CCCOCCOCC(CC2=C3C=CCC3=C2)=CCN1C#CCF,0.2450980395078659,300244,0.2
4167,CC1=CC2(Cl)CC(=CCCO)C(C=C1)C2=CN,0.2678571343421936,97342,0.2
4168,CC1C2=CC(=CS1=O)CC(=O)C(=CCCl)C=C2,0.23076923191547394,157714,0.2
4169,CON=CC=C1C=CC(=O)NC=NC2CN=C(C(F)=C1S)c1cnc3c(c12)CSCCN3,0.20588235557079315,391312,0.2
4170,COC=CC=CC1CC=C(F)N=C(F)C2NC=CC=C12,0.24137930572032928,454602,0.2
4171,CN=C(C=CCc1ccccc1)CC=CCC=O,0.4615384638309479,574624,0.2
4172,CC=CC(O)C(O)=NCN(F)CC(=O)C=CC(F)(F)F,0.2857142984867096,534264,0.2
4173,C=CC=CC=CC=C1CNC=C1COCC=CN,0.25531914830207825,179806,0.2
4174,C=CC=COC(C)CC=CC=CC=COC1C2=CC=CC1C(NC=O)=CC=CO2,0.20000000298023224,474475,0.2
4175,CCC1(O)C[C@@H](Br)C(=O)OCC(=O)NC=C1C(F)(F)C(C)(F)C(C)=O,0.28169015049934387,487700,0.2
4176,O=C(CC=CC=Cc1ccccc1)c1cc(Cl)ccc1OCCCl,0.4716981053352356,285178,0.2
4177,C=C(C)OC=CC(Br)=CC(=O)C(=O)C=CC1C(NC=O)=CC(F)=C1Cl,0.232876718044281,126339,0.2
4178,CCNC(=O)C=COCC1=CC=CC=C(OC2=CC=C(NC(=O)C=CCO)CC=C2)C=C1C(O)CN,0.2409638613462448,44485,0.2
4179,CC1N=C2C=NC=CN=CCOCC=C[CH]C(=O)C23C(=O)[CH]CC3C1C,0.2142857164144516,266756,0.2
4180,CC1=CNC(=CC#N)N1CC=CCNC(=O)O,0.34090909361839294,625839,0.2
4181,O=CC=CCC12C(NC3=C(F)C=CCCCC4[C@H](O)C341)O[PH]2=O,0.21917808055877686,531136,0.2
4182,N=COC(=O)C=CC1=CC=CC(=NCC=CC=CC(F)=CC=CC=O)C1,0.2112676054239273,130155,0.2
4183,CC(C=c1[nH]c(CCBr)cc1=CC(=O)CC[SH]=O)=NCNC=C1C2=COC(C)=C1NNC2,0.20481927692890167,334318,0.2
4184,C=C1C=CC(=O)CNC(F)(SC)NC(=O)NC1,0.26829269528388977,395868,0.2
4185,C[CH]C=CC=COC1=CC=C(OC=N)N[C@@H](C=O)C1,0.2153846174478531,264861,0.2
4186,CCC1C(C=O)=C(Cl)Cc2cccc(OC)nc3cc(c2=NCC=3)C2CC1C2,0.30666667222976685,602064,0.2
4187,CC1=CC=C[SH]2C(N)=CN=CNC12,0.239130437374115,169970,0.2
4188,CC=CN(F)C(=O)C=C(F)C(=O)OC(=O)c1ccccc1C=Cc1ccc(Cl)cc1C,0.3283582031726837,396731,0.2
4189,CNC=CC(C)=CNC=CC=O,0.34375,307899,0.2
4190,CC=C1C(=O)C12C=CC=CC=C2Cl,0.2777777910232544,628734,0.2
4191,CCC(F)NC=CC(C=CCOC=O)N1Cc2ccccc21,0.28358209133148193,142163,0.2
4192,C=CC=NC=C(C=O)C=CCC1=CC=CSC1C1=NCC(C=CC=CC(=O)NC)NC[CH]CC1OC,0.20388349890708923,298814,0.2
4193,NC1=CC=C2CN(C(F)F)C3=CN=CC=CC4(C=NCOC24CCO3)O1,0.16883116960525513,515782,0.15
4194,CN(O)CCOC=CCN=CC=CC(=O)Nc1ccccn1,0.42105263471603394,600127,0.2
4195,C=NCC=CC=CC1=C2C(=O)C3(C)C(=CCCC=C1C(=C)CO)OCCC=C23,0.21311475336551666,294805,0.2
4196,O=C1C=CNCC=C(Br)C=CC(=CCN=C2CC2OC=CF)N=CN1,0.19480518996715546,205096,0.15
4197,CC=C(C=[PH2]C12C=CNCC=CC1C1=CSC(F)(CS2)C1CNCC)CO,0.19512194395065308,491820,0.15
4198,CCOC=C1C=C(O)C=C1[CH]C=C(C)C(=CCc1c(CC)cccc1CCCO)NC,0.30985915660858154,361761,0.2
4199,C=CCC1=C(C2(c3c(F)cncc3Cl)C(C)C2(CC)CNC=CC=O)CC(F)=C1,0.22680412232875824,621027,0.2
4200,CC1C=CCCCN(NCCC=O)CN1,0.2800000011920929,414111,0.2
4201,CC=CC=CC(Br)=CC(=CO)C1(CCc2ccccc2C(C)C)CC=C1F,0.2982456088066101,446722,0.2
4202,CN=CC=CCNC[CH]CC[CH]CC1=CCNC1C[CH]COC(=O)CC1(OC)CO1,0.23456789553165436,573732,0.2
4203,CC12C=NC(=O)CN=C(O)C(F)=CC(F)N1CCOC2C=CCC=CCCC=O,0.27397260069847107,482882,0.2
4204,N=O,0.15000000596046448,66924,0.15
4205,CCCC(F)C=CC(C#N)=C1C=CC=CC1C,0.23529411852359772,421832,0.2
4206,C=C1C(NC(=O)OC)=CC(C#N)=C1CN1C=CC=CC1=CC=COCC,0.26436781883239746,337171,0.2
4207,CCSC=CC#CCCCOC(=O)C=CC=CC(C)C=C(Cl)C(C)=C=O,0.3125,621460,0.2
4208,C=CC1OCC=CC(=O)C(=O)C(C)COC(=O)C[C@H](N)C1=C,0.3199999928474426,233612,0.2
4209,C=C1N=C(Cl)C=NC=C(OC)C=CNC1=CNCC=CN=CNC#N,0.21176470816135406,426012,0.2
4210,CC=CC1=CC(CO)=NC1=CCC,0.302325576543808,580870,0.2
4211,C=CC12C=C3NCC(=C)C4=CC(=CC=CCCC)C(=O)C3=C1C(=C[C@H]4O)C=C2N,0.20512820780277252,152387,0.2
4212,CCOC(=O)C=C(Cl)C1C=CC(Cl)=C2C=NC3=NO[C@H](N)C(=O)OC2=C(N)CC(CN3)N1,0.25609755516052246,189088,0.2
4213,CCOSC(C)N=C1CC=CCC(=O)C(Cl)N=NCC(=O)COC=CC=CC1=O,0.22077922523021698,567436,0.2
4214,C=CC(=O)OC=C(Cl)C=C(C#N)C=C(C)O,0.41025641560554504,432946,0.2
4215,N=CC(=O)NCC(N)=NC1CN2C=CC=CCC=NC(=O)SO[C@@H]1CC2,0.2183908075094223,357354,0.2
4216,CCC1=NC(SCC(=CC=CNC(=O)C=NCOC)CC=C(C=N)C=CCC(C)=O)C=CC=C1,0.20618556439876556,441408,0.2
4217,N=CC=C(N)C(F)C1C=CC=NC1=CC=C1SCC2=CC1(C=C(F)F)CNC(=O)C=CCC2,0.18666666746139526,537989,0.15
4218,CC(=CC(=O)C=CCBr)NCNC(C)C=CN,0.3181818127632141,446251,0.2
4219,C=COC=CC1=CC=CCN2OCCC(CNC2=O)NC=CC1,0.21875,88762,0.2
4220,N=COC=CC(Cl)C12C=CC=CC(CC=C[CH]CC3C=CC3=CC1)CN(O)C=C2,0.16483516991138458,352282,0.15
4221,COCCNC1=CN(CF)CC#CC1,0.39024388790130615,291185,0.2
4222,C=C1CC(C)=CNC2=CC(O)=C(OC)C3C=NCC(C)C2NC1=N3,0.20000000298023224,137142,0.2
4223,C=CC1[C]CC2=C(C=CC2=CC(N)=O)N=CN1c1ncccc1Br,0.2933333218097687,168735,0.2
4224,C[CH]C(F)C=CC(F)CN(Cl)C=CCC=CS(=O)CC,0.18000000715255737,228441,0.15
4225,C=CC=CCCCC,1.0,74358,0.7
4226,CC=NCC1C(OCC2C=C(C#N)C2)=CC=CO[C@@H]2C[C@@H]2C[CH]C1COCC,0.2183908075094223,566690,0.2
4227,CC[SH]1C(=O)C=CC(Br)=C1Cl,0.32258063554763794,331137,0.2
4228,CN1CCCC=CC=CC(Cl)C=C1CCO,0.30434781312942505,577960,0.2
4229,CCOC(=O)CSCC1=CC(=O)OCSC(=O)C=C1NC=C(CN)C(C)=O,0.32307693362236023,12151,0.2
4230,CC(=O)n1cnc(CN2C=COCCC=C(O)C2=O)n1,0.265625,334583,0.2
4231,CCOC=CC1(NC[C@@H](C#N)CCC=O)N=CNCOC1C,0.2432432472705841,182267,0.2
4232,CC1=C(NN2C=CCCC2Br)N(PCNCC(C)O)C(=O)CNCC1,0.24137930572032928,27585,0.2
4233,COC(=O)N=CCOC=NC(CI)C(C=CC=CCl)C(=O)CF,0.2698412835597992,179149,0.2
4234,CC=COCON=C1OCC(=COCC)SNCC1=O,0.22535210847854614,517628,0.2
4235,C=CC=CC1C=CN2CC=C(F)C=C(N1)C(CC1CCCCC(=O)C(C)O1)C2C,0.2368421107530594,58612,0.2
4236,CC=NC=CCC(=CCOCCC=CC=CC(=O)NC=CN)NCC(C)=O,0.28358209133148193,216676,0.2
4237,O=CN1C2=CC=CN(Cl)[SH]1C=N2,0.3095238208770752,124181,0.2
4238,CC1(N)N=C2CC=C3NC(CO3)C2C=COC(=O)[SH]2OC(=O)C2O1,0.20588235557079315,43536,0.2
4239,CCC(=CNC=N)C=C(O)C1CC2=N[SH](C(F)(F)F)C1(C=O)CC(C(N)CCC=O)OC2C,0.2211538404226303,17630,0.2
4240,C[CH]CNC1=NCC=CC1OC=C1C=NOC12C=C1CC2=CC=CC=CO1,0.18446601927280426,215929,0.15
4241,CC1=CC=CC1(C)SOC(C)[SH]1C=CCC=CC(Cl)C2(F)C=CC=C2CCC=C1,0.19736842811107635,78501,0.15
4242,Cc1ccnc(Cc2ccc(F)nc2NC[CH][C@@H](C)O)c1,0.36000001430511475,110748,0.2
4243,C[C]1[CH]C=COC=CC(F)C(F)C(F)C[C@@H](C2C=CC(=O)N2C=CCC=O)O1,0.23076923191547394,382075,0.2
4244,IC1C=COC2CC=CC12,0.3333333432674408,472066,0.2
4245,C=CC=C(F)C=CC1(C)CC(=O)CCC=CCC2CCC(C)C(N)ON1O2,0.2638888955116272,131617,0.2
4246,CC=CC=C(N)NC(F)=CCC1N(O)C=CC(=O)N1CC=C1CC1C=O,0.21250000596046448,436081,0.2
4247,C[C@H]1CN(N)C2=C(COC=CC(=O)OC1=O)C1(C=C2)CC=CC=CC(Cl)=CCC1[CH]N,0.20000000298023224,93668,0.2
4248,O=[SH]C1=C2CC(O)OCC(O)(C=CN=C(O)CO2)C(=O)C=CC1,0.20967741310596466,594936,0.2
4249,C=CCCCC(O)C=CC(C)=CSCC[CH]CC(Cl)=CC,0.3636363744735718,575908,0.2
4250,CC=C(Cl)C=CNCOC(=O)CCCN=C(I)C=CN[CH]C(=O)COC,0.26153847575187683,316080,0.2
4251,C=CC=CC(C)[C@]1(Cl)NC(=O)OC1(C)C,0.27272728085517883,377193,0.2
4252,CNC=CNC1NC=CC=NCC=CC2C(OC)=CC=C(Cl)C=CC=NN2CC1=O,0.19565217196941376,559888,0.15
4253,CC[C@@H](C)CCOC(C)CC=CN(C)C1=COC[C]O1,0.2461538463830948,216979,0.2
4254,C=CC1=C[CH]C=CC2(Cl)NCC=CC(CC)C=C1C2=CSC(=O)C(=C)CC,0.2142857164144516,6228,0.2
4255,CC=CCPC(=O)[CH]NCOCC(=C(C)C)[C@@H]1CNC=CC1C=O,0.21052631735801697,441341,0.2
4256,CCC(=O)C(OC)=C1SC=CC([CH]C(C)F)OC(C)=NC=CC(NC)=C1C,0.22972972691059113,250641,0.2
4257,CCCCN1C#CC[CH]COCCC(=NC=C(C)C=CCCl)C(C(N)=O)=CC1,0.2405063360929489,8732,0.2
4258,CCC1=C(CCCN)C(=C(C)[CH]COC2CCN(OC)C2=O)CC(=O)N1,0.2786885201931,396222,0.2
4259,CC1=CC(C)=C2C=NCOC2CCCOC=CC(C(N)=O)C=CC=C(O)C=CCN1C,0.2461538463830948,222530,0.2
4260,C=CC=CC(=CC(Br)=CCNC(=O)CC(=O)COC)C=C(F)C(C)=CC=CC(=C)C=N,0.24590164422988892,482690,0.2
4261,C=CC=C(C)C=CC(CO)=C1[CH]C(=O)[C@H](COC)C(CNC)=CC2C(=C1)C=C(F)C2O,0.24137930572032928,486133,0.2
4262,CC=CN=CC(C)=COC1C=CC(F)=C1CCC,0.24137930572032928,340947,0.2
4263,COC(=O)C1=CC=CCN(C(=O)N(C)F)C=NN(C=CC2(O)C=CC=N2)CC1,0.28169015049934387,544819,0.2
4264,COC1CC2N=C(SC)C=CCCN1[C@@H](C)CCCNC(=O)C#CCN(C)CC=C2CF,0.22826087474822998,409463,0.2
4265,CC=CCOC(=O)C(C)(C)N[C@H](C)N=CS(=O)C(C)CC(=O)C(O)C=O,0.2857142984867096,310106,0.2
4266,CC=CNC(=O)ON=C(C)C(=O)[CH]CC1=CC=C1O,0.3396226465702057,96010,0.2
4267,CNC=CC=C1C(Cl)=C(F)C(=O)COC[C](N)C1C(N)=O,0.24193547666072845,237550,0.2
4268,CC1=C[C@@H](C)CC2N=C(C)NOCC(=O)N2C=CNC(C=O)=CC=CC1,0.25,24383,0.2
4269,CC=CC(C)OC(=O)CC=CC=C1C#CC=C1C=CC=C1C(C)=C(F)C=COCC1F,0.22448979318141937,445474,0.2
4270,CCNC(=CC=O)CC1=CN=CC=CC1NC=CNC=NC1=CC=CC1,0.2073170691728592,293388,0.2
4271,C[C]CCS(=O)(=O)N(CC=C(C)N)C(=O)C=O,0.30434781312942505,630047,0.2
4272,CC=CCC1=CCCN(/C(=C/C[CH]C=O)C(O)=CC=N)N1,0.22580644488334656,303615,0.2
4273,CNC1=CCC=C2NCC=C3C=CC=C1C3C=CCO2,0.20967741310596466,187903,0.2
4274,COCCC(C=CC1C2=CCCC(=O)C=C(C1O)C(Cl)[SH]2Cc1ccccc1C)C(C)O,0.261904776096344,630947,0.2
4275,CC=CC=C1[CH]CC2CC1C(=CC=CC)CNC=CNN=Cn1nccc1NC[C@@H]1CCOC1CC=N2,0.18390804529190063,98871,0.15
4276,CC1=CC(C=C2CN=CC(C=CC=S=O)SCC=CC2C=CSc2ccccc2CF)CO1,0.2261904776096344,450756,0.2
4277,COCCC[C@@H]1CCNC1OCC1=C(OCCOC=CC=CC(Cl)=CCCP)C(=O)C1,0.2222222238779068,51944,0.2
4278,O=C=C1C=C2COC(CC=CC=N1)Oc1cnncc12,0.20370370149612427,292590,0.2
4279,C=CC=CCC1=CN(CC=CC(=O)CC)C(C=CC=CF)=CN[SH]=C(Cl)O1,0.22368420660495758,100218,0.2
4280,CSC(C=COCCC(C)C)C(=O)C=NC(F)=CC(C)=N,0.2800000011920929,145408,0.2
4281,CCNC12C=CC(O)N1C1C=CCNC(=O)NC=C(C2=O)C(C(C)F)CO1,0.22058823704719543,481204,0.2
4282,CCCC(=O)C(C)OC#CCC=C1C(F)=C2C=CC=C(CN=N)CNC(OC)=CNC1CC=CC2=O,0.20430107414722443,168642,0.2
4283,Cc1cccc2c1C=C(C#CC=CCC(=O)C1=CSCCO1)CC(F)=CCOC2,0.2750000059604645,427490,0.2
4284,CCC=CC(NC(=O)OC)[C@@H](O)C[CH]C(N)C=C(F)F,0.3404255211353302,281655,0.2
4285,CC1=CC[CH]C(OC2=COC(C)C(C)=C2)CC(CCl)=N1,0.21666666865348816,210733,0.2
4286,C#CC=C1C=CN=C2C=CC=COC3=CCOC(=O)NC=CCOC(Cl)(OC1)C(=CC3)C2C=C,0.17525772750377655,27874,0.15
4287,CNC(=O)CC[CH]C[CH]c1cc(Cl)cc2c(O)c3cnc1=CCOC2C=3,0.2702702581882477,219474,0.2
4288,CC=C[S@@](=O)C(N)=S1CC1([CH]CC1=C(F)C=C(OC)C1O)C=CC(Br)=COC,0.19354838132858276,204257,0.15
4289,COC(=O)C(C#N)C=C(C=CC=CC=CC=CC(=O)O)C(F)(F)F,0.3191489279270172,569592,0.2
4290,CCC(CC(C)C(=O)Cl)SC(C=O)CC=CC(=O)NC=O,0.3181818127632141,303303,0.2
4291,CCSCCC(=O)C=CC1=CC=COC(OC)=C1C1=CCNC=C1,0.2467532455921173,441952,0.2
4292,CNCCNC(=O)OC=CC1=C([SH]=O)C=CC=CC=NOC2=CC[CH]C2[C](CC(C)(F)F)CCN1,0.22018349170684814,121541,0.2
4293,C#CC(O)CCC1=C(O)C=CC1NSCC(C)N,0.27659574151039124,273505,0.2
4294,CCC=C1C=COCC(C=O)=CN=CC1=CO,0.2291666716337204,239429,0.2
4295,CC=CC1=CN2C=CC(C[C@@H](C)CC)C=NC1C(N)=C2,0.2542372941970825,336679,0.2
4296,C=CCC=CC(=O)C1OC1=CCNC(=O)COCC#CC,0.26865673065185547,432048,0.2
4297,CC1=CC(=O)[C@@H](C)C(F)(C#N)C2C3=CC2CC=C1C(=O)CN(N)COC3,0.20000000298023224,196601,0.2
4298,CCNC1C(=CC=CC=COC)[C]2CSN3CCOCCN=C(C=C(CF)C=CC=C[SH]3C=O)C1=N2,0.21153846383094788,262155,0.2
4299,COC=CC(CN)C(=O)NC[C@H](C)C=CC=C(Cl)SC1C=CC=N1,0.2461538463830948,239361,0.2
4300,CC(=O)C(=O)NC1C=CC(Cl)=NC(C=C(N)C=CCN=NC=CC=O)=COCCC1,0.21904762089252472,331686,0.2
4301,O=C(CI)c1cccnc1,0.7142857313156128,259162,0.7
4302,[NH]C=CC(F)=CC(F)=CC1=CC=CC=C(O)CC(=O)OC2=C1C=CC=CC2,0.2295081913471222,43842,0.2
4303,CCC(=O)C=CC(O)(C#CN(C)C1N=C(N)C=C1Cl)C=CO,0.2545454502105713,499164,0.2
4304,CCC1C(N)C=CC12N=CC1CCCOCC=C(C)C=CNN=C(C)C(=C2N)c2cccc1n2,0.22580644488334656,375990,0.2
4305,COC=CCCOC(=O)C(COCC=C(F)F)=C(C=CF)CC=N,0.27586206793785095,167343,0.2
4306,CC(O)C=C(Br)N=CC1(C(=O)O)C=C(Cl)N=CN1,0.26923078298568726,479623,0.2
4307,CCC=C1COC2=C(OOCC)C(C=NC3(F)C=CS3)N=CC=C2C(C)=C(F)C(F)=CC=CO1,0.19230769574642181,158403,0.15
4308,CCCCC(F)N(C)OCC1=CC(F)=CC([CH]OC(=O)OCC)CNC=CCOC1,0.2530120611190796,273596,0.2
4309,O=C1OC[C@@H]1CF,0.4285714328289032,359629,0.2
4310,C=NCCC1=CC=CCO[C@@H](C)C(=NC)NCC(C)CN=CCCC=C(Cl)C1=O,0.19354838132858276,260683,0.15
4311,COC(=O)Cc1c2cccc1C(=CCCC(C)F)SC=CCC1=CC([CH]CC=O)C=NC1=C2,0.2857142984867096,313439,0.2
4312,COCCC(I)=C1CC(COC2=CC=CCCOC2)CS1=CC=C(C)C=CCO,0.21348313987255096,373515,0.2
4313,CC[C]CC1N=CCC2=C1C(I)=CC2=O,0.2545454502105713,333783,0.2
4314,C=C(C)C[C@@H]1CC=NC=C(C[SH](=O)=O)C2C=C(F)C[C@H]2C=NC=CC(C=O)COC1,0.20270270109176636,250606,0.2
4315,CC(=S)C(NC=O)C(C)=C(Br)N=CONC(=O)C=NC(C)(C)F,0.2542372941970825,206292,0.2
4316,C#CC1CCSCCN=C1c1c[nH]c(=O)nc1[S@](=O)C1C=C[C@H]1C=NC=CC=N,0.1899999976158142,147915,0.15
4317,C=CCOCC1=CN=CNC2(N(C=O)C=NSC3=CC=CN=CC3)CCCC12,0.20987653732299805,128693,0.2
4318,CC(=O)C(C)=O,0.4285714328289032,520830,0.2
4319,CCC(=O)OC(=O)C(C=O)=NCC1CC1,0.3684210479259491,312090,0.2
4320,C=CCC1C=CC=CN1C1=CC(O)=CSC1C(O)(CCl)C(=O)F,0.2222222238779068,602172,0.2
4321,CC1C=C(C=C(F)F)NC=C(O)C(C)O1,0.2380952388048172,146895,0.2
4322,O=C1[CH]C(=O)OC2=C(CCOCC(CCl)=NC=C1)[C@H](CC(=O)Cl)CCOCC2O,0.2539682686328888,138935,0.2
4323,C[C@@H]1C=CC2=CC(I)=CC[CH]C(=O)N1N=CC=NC2=O,0.18518517911434174,597847,0.15
4324,COC1=C(OC=Cc2cc(=O)[nH]cc2NCNC(=O)OCCSCC=CCO)CC1(C)O,0.22499999403953552,486588,0.2
4325,OCC1C=CC2(C=C(Cl)C=CC=CC2)N=C1,0.27272728085517883,138460,0.2
4326,COC(=O)C=C1C(CC(F)=NC=C[SH]=O)=CCC1N,0.29411765933036804,271241,0.2
4327,O=C1C=CNC(F)=C(C=NOCCC=CC=CF)COC1=O,0.2542372941970825,236254,0.2
4328,CC(=CC1CNC(=O)C=CC1NC=O)C1=CCC1CCC(=O)O,0.2800000011920929,84299,0.2
4329,CN1OCC(=O)C=COC=C1NC=CC=C1C=C2NC=C[SH]2C(=O)OC=CC1,0.1807228922843933,522722,0.15
4330,NC1=CC1,0.31578946113586426,155833,0.2
4331,CC=NC(=O)C=CNC=CC1C2=CN=CC1=C(C)N=C2C=CCC=O,0.21917808055877686,413055,0.2
4332,CCC=CC1=NC=C(C=CCOC23CNC(=O)C2=NNC3=CC#N)C(C=CO)=CCO1,0.1927710771560669,223659,0.15
4333,C=C(F)C=COC(=O)SC12NC(=O)C3=CC1=CCCC(OC=CO2)OCC3(F)F,0.19230769574642181,503193,0.15
4334,CCCC(Cl)=NC=C1C=C2CC=C1C2=NC[C@@H](C)Br,0.2153846174478531,475665,0.2
4335,O=CNC=CN=CCC(=O)O,0.2857142984867096,136533,0.2
4336,CC1=CC[C]2NC(=CN3C=C1CC[C@H]3CC(C)(C)CC=CCC=CC(=O)O)C=CNC2=O,0.25333333015441895,115457,0.2
4337,CN=C(C=O)NC(C)C(=O)C(=O)COCOC,0.375,276188,0.2
4338,CC1=C2C=CC=CN2C(C=C2C(O)=CC2=CC=CC(=N)F)C12CCC(N)N2,0.18681319057941437,119818,0.15
4339,CCC1=CCC=C(Cl)CC2=CC3CC4C2=C(CC2OC(=O)CN24)[N+]1=C[C@H]3O,0.23376622796058655,483641,0.2
4340,CNC=CC1C[C@@H](C)C(I)C2=C(C#N)C=C(CCS2)C[C@@H]1N,0.20000000298023224,3066,0.2
4341,CCCCC1=CC2=CNCC1=CCCC1=C2[CH]C=C(C=O)C(OCC=O)C1,0.25,72751,0.2
4342,CCNC=C(C)C1CC(ONC(=O)N2C=CC=CCC=NC=C2)C=CCOC=C1C,0.23376622796058655,449670,0.2
4343,C=CC(O)N=C(C=CC(F)F)[C@@H](NC)C(=O)OC,0.3658536672592163,467336,0.2
4344,[CH]C(=C)NC(O)NC(C)=O,0.4399999976158142,486413,0.2
4345,CCO[C](C)C1=CC(=O)C=CC=C[C@]2(NC(C)=O)OC=CC=NC=C(C#N)C2CCC1CC,0.25925925374031067,370587,0.2
4346,CC(Cl)=COC=CC=CC1C=CN=CN1CC=CN,0.18918919563293457,609589,0.15
4347,CCOC=CC12OC=C(Cl)C1=CNC[CH]CC1=CC=CC=C(C=C2OC=CC=O)C1,0.21794871985912323,193475,0.2
4348,C=CC=CC1C(OC)=C(O)C(C)(Cl)N2CC=CC=C(O)[C@H]12,0.22807016968727112,157076,0.2
4349,C=C1C=CC=C[CH]C=C2C1=CC1=CNCC(=CN=C(C(C)=O)C2=CC)C=CC1,0.203125,464089,0.2
4350,[C]CC(=O)NCCSC1C=CC2=CC=CC21,0.2777777910232544,253067,0.2
4351,N#CCCC1C=CC=CC1C=CSC(F)=CC(=CF)COC=CC(=O)NCO,0.22368420660495758,44485,0.2
4352,COC(C)(C)[CH]C(=O)CC1CN=C2OC(C)(C=CC(C)C)[CH]C[C@H]2[SH](C)C1,0.2405063360929489,348854,0.2
4353,CCOC1CCC(OC=O)[C@@H]1C1=C(O)OCCC=C(Cl)NC(=CC=O)NC=C1,0.24210526049137115,37020,0.2
4354,C=CC1=C(C)C=CC[C@@H](F)CC(=O)C2=C=CCCC(C)COC(=O)CNC21,0.2586206793785095,222132,0.2
4355,CC1=CCC2C=C(CCCC2)C1C1CCC=CCC(C)O1,0.27272728085517883,516108,0.2
4356,C=C[C@@H]1COC=CC(=O)CC=C(Cl)C2=CC=CC(=CN)C=CC1=C2F,0.20338982343673706,388086,0.2
4357,C=NCSC1=NCCCN(CC)C(C)=CNC2=C(F)C(=O)C(C)C=C2NS1=O,0.22499999403953552,554120,0.2
4358,CC(C=O)C=CO,0.4736842215061188,539080,0.2
4359,COCCC(N)C1=CC=COC1,0.3947368562221527,173392,0.2
4360,C=CC(F)C=CCC1N=CC(=CCC(N)CF)C(CC(C=CCNCC)=CCN)=CC1=O,0.19736842811107635,594281,0.15
4361,CNCCOC=C1C=CCC=CNCC[C@H](C)COC2=C(NC(C)=O)C2=CC1,0.23655913770198822,234375,0.2
4362,CCC1=C2C=CC=NC=COC(Cc3ccccc3CNC[C@@H]1NCC(C)=O)C(C1CO1)=C2,0.2613636255264282,179600,0.2
4363,C=CCC=CC(O)=CN=COC#C[C](Cl)CC=C1C=NC(N)=CC1,0.23333333432674408,355420,0.2
4364,CC(C)(C)C1=CCC(OCC=CN)CC1=CC(O)=CC=CC1=CN=CC=CCCOC1,0.23255814611911774,446481,0.2
4365,CC=NC1=NC(=O)C=C1C12CCC1C2,0.2884615361690521,320036,0.2
4366,C=NC=CC1=CC=CC2=CCNN=C2OC=NC2=CC=CC(Cl)=COC(=CCC[C@@H]1CC)C=C2,0.17777778208255768,571247,0.15
4367,CCC1=[SH]OCC[C](C=CON(C)C(=O)C=C(C)C=COC)C1,0.27941176295280457,422790,0.2
4368,[N+]=NCC[CH]CC(=[N-])C=CCCC=CC=CCCO,0.3055555522441864,113279,0.2
4369,N=COC1=C(F)NC=C(Cl)C=COC1NC(=O)C(O)=COC=O,0.20895522832870483,28638,0.2
4370,CCCNc1cc2ccc1OC2F,0.38461539149284363,312047,0.2
4371,C=CN=CNC(=O)C1(NC2=C(OC(C)C)C(F)C=N2)C=CC=C1CC=CSC=C,0.2164948433637619,389145,0.2
4372,CNC(=O)COC(CO)C1C=CC2=CCCC=C2C=CC(O)(O)N1,0.26229506731033325,185436,0.2
4373,C[C]1CC[CH]C2N[SH]3N=C2C=C3[C@@](Cl)(CCF)O1,0.19402985274791718,161343,0.15
4374,CCOC=C1COCN(C)C(=O)C=C(NC=O)C1C(=O)N=CSC=C(Cl)C=CF,0.22772277891635895,377314,0.2
4375,CN(CC=CC=CO)CN(C=CC=O)C=CCCO,0.28947368264198303,306855,0.2
4376,CC1(C)C=C(F)C=CC=NC(O[CH]O)=CC=C(Cl)C=CCOC(=O)C2=CC=NN=C1C2,0.21250000596046448,111890,0.2
4377,C=C(C)CC(=O)C=CC1=CC(F)=CC2=C=C(Cl)C=CC2O1,0.2950819730758667,108538,0.2
4378,CCC=CC1(F)C=CNCC=NC=C(F)C1,0.27906978130340576,600357,0.2
4379,COCC=C(N)C(I)=CCCOC(C)=COCC1C(C2=CC=C2)N=CC=CN1C,0.1927710771560669,454368,0.15
4380,CO[PH](=O)NSC(=O)CC(=O)CNCOC=CC(=O)N1CC=CCCN1,0.2222222238779068,598032,0.2
4381,CNC(C=O)=CC#CC(=O)OC,0.3636363744735718,544829,0.2
4382,C=CC=NC(Br)C1=NC=NC=NC(=O)C=C1OC(C=O)(C=O)C(C)C=C,0.2068965584039688,144597,0.2
4383,CC=CC(Br)=NC(C=C(F)c1ccsc1N)=NO,0.3333333432674408,49881,0.2
4384,CCC(=O)N(C=C(C=C(C)C)C1C[CH]C=C1C=CN)NC,0.2380952388048172,617460,0.2
4385,CC=CCC(N)C[C@H](C=CCCF)NC(=O)N1CC=CN=[N+]1[O-],0.232876718044281,159783,0.2
4386,CCCC1C=C(C=O)SC(Cl)=C=CC=COCC1,0.25925925374031067,436322,0.2
4387,CC=CC1=CNC2(F)C=C(N=CCC=C1)NC2,0.190476194024086,452219,0.15
4388,CC(C=CS1=C(c2cccnc2C)CN=C1C(F)=CC1COCCN1)=CC(=O)O,0.28723403811454773,82325,0.2
4389,CCNC(F)C=C(F)C=C(F)C=C1C=CSC(C)=C1,0.21311475336551666,444887,0.2
4390,CCC1=CSCC(=O)OC2C=CC3=CCC4=CC2=C(C=CC=CCC=CN=C3)OC(F)=C14,0.17073170840740204,307767,0.15
4391,NC(F)=CCC1CC1C=CCC=O,0.2708333432674408,465070,0.2
4392,C=COC(=O)CCC1=C(F)C(C)(C=C(CC)OC)OC(=O)C=CC=C1CC1=C(O)C1=CC,0.25,125945,0.2
4393,COC1=CC=CC1NC=C1CC=C(CCC2(O)CCCCCC2C)N=C(C)N1,0.23749999701976776,481440,0.2
4394,CC(CO)(CC(F)=CCl)C1C=C2C=CC=C(C=COCC(=O)OCC2)C=C1C[SH](C)(N)=O,0.19811320304870605,354222,0.15
4395,NC1=CCC2=C1COC=C1C(=O)C=C(CCl)C=CNC1=C2C=O,0.18571428954601288,420627,0.15
4396,C=COC(=CC(C)=CCOC1(C=C)C=CC(=O)CC2=CC1=C(C)N(C)N2)CCl,0.22972972691059113,621351,0.2
4397,[CH]OC12C(O)=CC(=O)C(NC(=O)OCC#C)=C1OC=C1OC2[CH]C[C@H](C)C1=N,0.30588236451148987,320775,0.2
4398,CC(C)=CC(C)(Cl)C=O,0.4285714328289032,111138,0.2
4399,C=CCc1cncc2c1C=C(NC(=O)NCCCSC=CC=CCCC)C2,0.28915661573410034,243508,0.2
4400,C=CC(C)[C@@H]1CC(=O)N(C)O1,0.3095238208770752,429686,0.2
4401,CN(CC=CC(=O)C1=CC=C2C=C(C1)OC=C(F)C2Cl)C1=CCC(Cl)C1,0.20895522832870483,337496,0.2
4402,C=C1NOCCC23C=C(N)[SH]1C=CC=CC(CN1C=CCOC(=CC=N2)C=CC1)NC3,0.1651376187801361,305679,0.15
4403,CCNC(=O)C#CNC=CSC(N)=COC=CC=CC(C)CCCCF,0.234375,46145,0.2
4404,C=CC(Cl)=C1C(F)=CC=C2CC(=COC)C=CN2C=C1C=C(O)C(C)C,0.22857142984867096,302158,0.2
4405,C=C(Br)COC1=C(C)C(N)C=CCC12C(=CC)C2C=CONC(C)=O,0.2571428716182709,218454,0.2
4406,[CH]C1C=C[C@@H](F)CC(=O)CNC(=O)C2=C(C=CCC1)CNCCOC=CC2,0.23076923191547394,131920,0.2
4407,C=C(C)CC1=CCCC2=CC3N=C(N)C=C3CC=C2C2(O)C=CC=CC1=NC2,0.20000000298023224,477291,0.2
4408,C=CCC1=CCC(CC)=CNOC(=O)C=CC=C(C=CC)C=CC=C2C=CC=CC1=C(F)O2,0.2368421107530594,334860,0.2
4409,COC(=O)C1C=CN=C(C)C2=C3C(C)(N)CCCC23C[C@@H](C)C=CCC=CCS1,0.2602739632129669,192871,0.2
4410,CC(=O)C=CC1C=NOC2=C3CCC(=C3N)C(F)C=COCC2=C(C)CO1,0.22535210847854614,428381,0.2
4411,CCOC(=O)[C]C1CNCC(=O)C2(OC=CC=CCO)[CH]C2C=CPC=C1C,0.28378379344940186,74828,0.2
4412,O=C(CN1C=NC=CC1)N(F)C=CC1=CCCC=C1O,0.20338982343673706,532856,0.2
4413,CC#CCC=CC=NC,0.3142857253551483,50639,0.2
4414,[NH]CC1=CC2=NC=CCC(C=O)=CC=C12,0.2075471729040146,358385,0.2
4415,CC=NNCC1=C[CH]C(C)=[P+]([O-])C(C(=O)OC)SCC1=O,0.27142858505249023,286569,0.2
4416,CC=CN=COC(=O)SC1=CN=NN(C)C2=CN(CC=O)COC=C2C1,0.20481927692890167,440308,0.2
4417,CC(=O)CC=NC(N)=C1C(=O)NC=C1NC=CC1=C2C(=O)[C]C=C(C)C=C2OCC1,0.21590909361839294,437024,0.2
4418,C=CCC1(C2=CCC=C2C=CN)SCNC=CO[C@@H](C)OCC=C1N=CC=O,0.1975308656692505,542564,0.15
4419,CC1=NCC2O[C]N(C)C(=O)C(=N1)[CH]COC=C(F)c1c(C)cccc12,0.25974026322364807,508038,0.2
4420,CC=COCCCC1=C(C)[SH](C)C[CH]NC(=O)OC=C(Cl)C(=CCC#CCC)C1,0.2068965584039688,446491,0.2
4421,CC=CCC1(C)OC=CCCC=CNC(=CCNO)C1CO,0.23728813230991364,304002,0.2
4422,CCN=C([CH]C=CCN=C(C)N=CC(C)C)C=O,0.25,180156,0.2
4423,CC1=CC2=NN(O)C=C(C=C3C=CC4C(F)=C(Cl)CN34)CCOCC(=O)NC=CC2N1,0.20560747385025024,629874,0.2
4424,IC(=NCC=CN=C[SH]1CC1)c1ccccc1,0.302325576543808,510909,0.2
4425,[CH]C(=O)C1=CC(CC#N)=CC2=NC(=CC)CCC=CCC(=C2)C(=CC)C1=O,0.25,340525,0.2
4426,CC(O)CCC(=O)N1OC(=O)[C]1N,0.41025641560554504,176686,0.2
4427,CCC(C=CCN(C=CC1=C(N=CC=O)C(C2C(NC=O)=C[C@H]2OC)C=C1)CC)CO,0.20588235557079315,511870,0.2
4428,C[SH]1(N)=CC=C(N)CC1,0.25806450843811035,330721,0.2
4429,CNC=NC=C[C](C)C(Cl)CCC=CCCCl,0.2708333432674408,341846,0.2
4430,OCC=CCC1=CC(Br)C=N1,0.3333333432674408,539496,0.2
4431,CNC1C2SC(S)C34CC[C@H](F)C(=CC2O)[C@H]1CC3=CC=NO4,0.21250000596046448,214205,0.2
4432,CC=CC=CSC=COC1=C(C=COCOC)C([CH]CC(C=O)=CCCO)=C1N,0.2063492089509964,212209,0.2
4433,C#CC1(C)CC2=C(N)C=C(NC(=O)SC(Cl)=CCC2)O1,0.2542372941970825,219939,0.2
4434,CCC=CC=C1C=NC2=C(C)C(=CNN=C3C(Br)=NC(F)=C3C[SH](C)(=O)CC)OCC1N2,0.19819819927215576,214192,0.15
4435,C=CC=C1C2ON=C2N1C1=NC(C=C[CH]S)C2=CC=CC=C(C=CC)C=C2CC1=CNC,0.15625,419062,0.15
4436,CCCC=COCC(=O)C1(O)C(CSNC2(C)C=CC2)C1N(C)SN=CCl,0.2266666740179062,604985,0.2
4437,CCC1=CCSC=CC=NCCNC=C2C=CC1OC=CC=CNC(=O)CO2,0.20779220759868622,62822,0.2
4438,CNC1[C]2C(C)=C3NC(=O)C=CC3NOCCC=C(Cl)C21,0.234375,237269,0.2
4439,CC=C(Br)C1=CC2=CC(=c3ccccsc(cn3)=C(C)N=C(Cl)C=C2)CNCCO1,0.2298850566148758,437257,0.2
4440,C=CC1=C[SH](N)C(C)=NCC=C2C(C=O)=CC3C=CN=C1C=CC2(O)C=CCCC(=O)O3,0.20000000298023224,176155,0.2
4441,CC(C=CC=Cc1cccc2c1C=CC(F)=CC=C2C(N)=O)COC(=O)[CH]CCN(O)CC=O,0.2469135820865631,213548,0.2
4442,CON=CC=C([NH])C(=O)C=CC=CCF,0.31111112236976624,479322,0.2
4443,CC(Cl)=CCONC=CC(C)(C)OC(C)C1=NCC(=O)C1,0.26153847575187683,512000,0.2
4444,CC=CCC1=C(C)C=COC(C=O)=C1C(Br)=CC1=CCCOC1C(C)OC,0.22499999403953552,138352,0.2
4445,O=CC1=C[CH]C=CC1NC=CCF,0.2083333283662796,476585,0.2
4446,C=CC1C(CNC(=O)C=CN(C)C)=CC(C=CC=CF)C1I,0.2631579041481018,487396,0.2
4447,CNC=CC1CC=Cc2c(I)cc(S)n2C(=O)OCC=CC=C(F)NCC1,0.2361111044883728,500970,0.2
4448,CCC1=CC(O)C=CC=C1C1=CCC1,0.27659574151039124,233520,0.2
4449,CCCNc1ccc2cc1C(=O)C=CC=C(Cl)C=CNC2=NC(C)C(=O)CC,0.3283582031726837,310246,0.2
4450,CNC(C=C(Br)C=CC(F)=CCl)(C(=O)OC=CC(C)=N)N(C)OC(N)=C(CCl)NC=CN,0.18421052396297455,201463,0.15
4451,COCC1=CN=C(C)SC[CH]COC=CCO1,0.25999999046325684,219915,0.2
4452,CC(=NC(=O)OS(C)=O)C(C#N)C=CC=CN,0.25999999046325684,569592,0.2
4453,CCN1C=CN2C(=CC1)N=C(F)C2C=CC(Cl)CC(=O)C=CN(C)NCC=CC=O,0.21568627655506134,212984,0.2
4454,CCC=CC(=O)C=NOC(=O)C=CC=CC#CC=CC[NH],0.3478260934352875,614240,0.2
4455,Cc1ccc(C)c2c([nH]c(=O)cc1)CCCC=C2C=O,0.3636363744735718,146859,0.2
4456,CC1=CC(C)(O)C=C1C=CC1(O)C=C(C2N=C(Br)C=C2OCC=CC=N)C(F)=C1C,0.20779220759868622,276851,0.2
4457,C=C1C=C(CN=CC(C=CC(O)=CC)C2NC=CC=C2C)C(=C(F)F)CNC1,0.21052631735801697,61353,0.2
4458,CC=CC=CC1C=CCC(=O)SC(NC(=N)C2=CC=CC2=NC(Cl)=CC)COCC1,0.20270270109176636,415251,0.2
4459,CC(=N)OCC(C)=O,0.6000000238418579,612002,0.2
4460,O=C1CC2C=COCC(=CSC(C(=O)O)=C2)CCCN1,0.2881355881690979,539419,0.2
4461,C[C](F)C=COC1C=C2C(=CC3=CC=CC(=O)[CH]C2NOC(=O)C3)CCNC(=O)C=CO1,0.2054794579744339,327838,0.2
4462,CC=C(NC(O)CS(=O)(=O)OCC=CC(C[C@@H](C)F)=NCC=O)OC,0.24561403691768646,18550,0.2
4463,CC=NC(C)=NCN1C=CCCC=C2N=C2N=NOCCC(C)C(=O)C(C)=CC2=CCOCCC21,0.22077922523021698,124907,0.2
4464,COC(=O)C(=O)NC(C=CC1=NCN=CC=C(C=CF)S1)CS,0.25,159328,0.2
4465,CC1=CNC=C2C(=O)NC=CC=CC(F)=CCC(O)=CNC(=O)C(C)=CC=CC=C2C1,0.21212121844291687,30306,0.2
4466,C[CH]CCNC=CC=CC=CC=CC1(N)C=NC=Cc2ccccc2NC=N1,0.24193547666072845,629706,0.2
4467,CCCOC=CCN=CC(CO)[PH](=O)OC=CNC1=CC=C(F)CC=C1,0.20270270109176636,581130,0.2
4468,CN=C(N)C1=CC=CC(=O)C(Cl)=CC1=CC(=O)C(N)(CCCNC)C1C(=O)OC1=NC(C)N,0.20430107414722443,243214,0.2
4469,CC(=O)[CH]CC(=O)OC(C)n1cc2c(C)ccc-2o1,0.2711864411830902,86201,0.2
4470,CNC=CN1C(=O)C(C#N)C(=O)N2C(Br)=CC3C(=N)C(=CNC(=O)C=CC1=COC)C=CC32,0.19565217196941376,78169,0.15
4471,N#CC(=O)[CH]CNC1=CC=CCC=CC=CC=CC=CC1,0.24528302252292633,380017,0.2
4472,CCC1=CC=C(Cl)C=C(C=CC=CC2=C(N)C=CC3CCNCC2C3=O)N1,0.2278480976819992,60506,0.2
4473,C=C(C)C1=CN=C(C=NC(Cl)C[CH]C(=O)OC)C(=O)C=C(O)C=CC1C=CC=CCF,0.21686747670173645,492867,0.2
4474,C=CC(=CC(=O)C1=NC(C)CC=CC1)NCF,0.24528302252292633,559057,0.2
4475,COC(=O)CC1CNC=C(N2C(F)=CCC[C@H]2I)C1,0.4150943458080292,241653,0.2
4476,COC[C@H](O)CC=C1C=CCC=C(O)C=CCC=C2C(Cl)=CC=C2OC=CN(C)C=C1,0.21052631735801697,512157,0.2
4477,CCC(N)=O,0.5625,14278,0.2
4478,CC=C(C=C(C)C1=NCC(F)=CC=C1OC)C1=CCN=C1NC=C1CC=NC1,0.18421052396297455,6268,0.15
4479,CNC=C(C)N=CC=O,0.26923078298568726,473244,0.2
4480,CCC=C1CC(=O)N(CCC=CC(C)C2NN=C2F)CCN1,0.2631579041481018,185017,0.2
4481,CC=CC=CNN1C=CC=CC=C(NC2=CN=C[C@@H](C)NCC23C2N=CCC(OC)[C@@H]23)C(=O)C1,0.1818181872367859,617491,0.15
4482,C[C]CC(=CCC(=O)NC[CH]C(=O)SC(C)=O)c1ccc(O)cc1,0.30909091234207153,548611,0.2
4483,CCOC=CCC(=O)NCC1(C=C(C)F)CC=CC1,0.3125,176891,0.2
4484,CCC1=NC(=CC=CCO)NCC=C=CNCC=CSC(=O)C(F)=CC=C(C)O1,0.18681319057941437,187627,0.15
4485,CCCC=C1C(=O)C=C(C)OC([CH]COCC=C2CN=CC[C@@H]2C=O)CCC=C1O,0.21686747670173645,22922,0.2
4486,CC=CC(C)OCC[C@H](CN)C(=O)c1ncccc1C=O,0.4423076808452606,231656,0.2
4487,CC1=COCC=C(N=C2C3C=CNC(C)C=CC=CN23)NC=CC(=O)C1,0.2222222238779068,65259,0.2
4488,C[CH]C=C([CH]CC1C[C@H](C)OC1F)CO,0.25,482830,0.2
4489,C=CCC1(C=CCF)C=NC(=C)N=C[CH]CC1OC(F)=CC[C@H](COCCC=CN)OC,0.23170731961727142,443261,0.2
4490,C=C1CC2=CC=CNC(=O)C(=C(C)Br)CC=C1OCN(CC(C)=CC(=O)C(C)O)O2,0.21111111342906952,13417,0.2
4491,C=C=O,0.1875,261375,0.15
4492,CCC=C(C=NN(C)N)CNCC=Cc1ccccc1C,0.3877550959587097,41357,0.2
4493,C#CC(=O)N=C(Cl)N=CC(=NC(Cl)=CCCC(=O)ON=CCC=CNCC)OC,0.265625,467165,0.2
4494,COCC1=CCCCC(=O)C(C)OC(C)C=CC1,0.3199999928474426,412440,0.2
4495,CNC=CC(Cl)=CC1=CCOC=CC=C(CC=Cc2cccc(Cl)c2)C=CC1=O,0.34285715222358704,178805,0.2
4496,CCNCCCC=NNC(O)CN1C=C2C(C)=CC=C21,0.25925925374031067,315765,0.2
4497,C=C1C=CCNC(C(=O)CC=N)C(CC(Br)C=CNC(=O)COC)C=CC(=O)O1,0.2247191071510315,83015,0.2
4498,COC=CCCNC(=O)N=CC=N,0.32499998807907104,55181,0.2
4499,C=C1C(=O)OCN2C=CC(=C(CC)C1=CC(=O)CNC)C=C2N(CC)C(F)CC,0.21111111342906952,574358,0.2
4500,[CH]CCOC1N=C(C)NC=C1CC[N+](N)=CC(=O)NC1=COC1,0.23333333432674408,506489,0.2
4501,CC1=CC2(OC(=O)F)CC1C(O)=CC(=O)N(Cl)C=CC=CC=CS2,0.25,357980,0.2
4502,C=C(Cl)OC(C)C1=CC=COC(=O)C=CC(C=N)C=CN(C)C(NCC=CF)=CC1,0.2083333283662796,358238,0.2
4503,O=C1NCCC[CH]OCC2[CH]C=NC(=CNC=CCCl)C2=NC=CO1,0.18840579688549042,567610,0.15
4504,CC(N)[C@@H](NC=CC=C1C(=O)OC2C[C@H]2C(C)(F)PC(=O)NCC=CCC#CC[C@H]1CO)C(F)F,0.21052631735801697,53163,0.2
4505,CC=C(COC=CCC)NCC=C[CH]CC(=CC(C#N)=CCC=N)CCC,0.23333333432674408,415554,0.2
4506,FC1=CC(Cl)C(N2C=COC2)=CC(I)=N1,0.22033898532390594,623596,0.2
4507,COC(C=C1CNCCC(C=O)CN1)=CC(O)[CH]C(N)C[C@H](C)O,0.2432432472705841,73124,0.2
4508,C=COC(CN1COCCCOC1)C(=O)CC(C)Br,0.3541666567325592,78188,0.2
4509,CC(COC(F)=C(I)C=CF)C1=C=CC(=O)CCN=C1,0.21666666865348816,462580,0.2
4510,CCC(Cl)=C(F)C1=C2C=C1N=NCCC1(N)C2C=C(Br)C1CC(C)=O,0.24242424964904785,325925,0.2
4511,CC=C(Br)C1=CC2C=C3C=C[C@H](C)C(C3)(NC2)C(F)N1CCOC=CCF,0.18571428954601288,32914,0.15
4512,C=CC(C=CC1=CC(F)=C(C)NC(C)(F)C1=O)CNCC,0.2786885201931,270985,0.2
4513,CC=C1C=CCCC=N[C@@]2(S)C=C(N)C(C)(O)NC(C(=O)N2)C2COC(C2)NC=C1,0.19230769574642181,576538,0.15
4514,CC=CC=CC(N)=CC(Cl)=CC(F)=NCC(=O)C(=O)OCC,0.36734694242477417,94527,0.2
4515,C[C](O)C=CC=C1C=NC=C2CN=CC(CC=C(O)Cc3cc1ccc3O)C2O,0.20000000298023224,321497,0.2
4516,C=CC1=NC2=C(C3C4=CC5(C(C)=CN=CC5=CN4)C4=CCNC=C43)C=CC12,0.1785714328289032,402250,0.15
4517,C#CN=CC=C[SH]1C(N)S(C)=NCC2C=C3NN4CC=C[C@@H]1C4=CC(C)=C3S2,0.1764705926179886,219763,0.15
4518,CC(=Nc1ccccc1F)NC1CC=CC1,0.3469387888908386,360129,0.2
4519,N=CC=CC=C(CF)OC1=C2CC3CC3=CCOC(=O)C#CC(Cl)=C21,0.20000000298023224,98589,0.2
4520,O=C(Cl)CCSC=CC=NCCl,0.34285715222358704,228767,0.2
4521,CO[C@@H]1CC2=CN(C(=O)NC=O)C2(C=NCCl)C1,0.2631579041481018,607961,0.2
4522,C=C1C(=O)CC2COCN=C(CCNCC)C[C]3C(=O)c4ccc(cc4C32)C1NF,0.21978022158145905,446784,0.2
4523,COCOCC=CC(=CC(C)=O)NC=CC(C)(OC)c1c(Br)c2cn1CC=C2C=O,0.2808988690376282,630274,0.2
4524,N=CCCOC(C=COCl)N1C=CC=NC=C1F,0.20270270109176636,405184,0.2
4525,CCOC(N)C=CC1=C(C(=O)OCNC(=O)O)CC=C2CC(F)=CC2=C1,0.2777777910232544,369322,0.2
4526,N#CC(C=O)C(=O)Br,0.46666666865348816,569592,0.2
4527,CCNC=O,0.5,278552,0.2
4528,C=CCOC1=CC23OCC(=CC2CNC=CNC=C1)C3C(=O)O,0.2647058963775635,259500,0.2
4529,CN1CC1=O,0.6470588445663452,248801,0.2
4530,C=CCCN=CCN1CCOCCCC(=N)c2c#cccc21,0.25806450843811035,511579,0.2
4531,C1=CCOCC1,0.2916666567325592,401234,0.2
4532,COP(=O)(O)C(=O)NC[CH]C1CC=CC=[N+]1[O-],0.2549019753932953,155581,0.2
4533,NC(C=CCS)CC=CN=CBr,0.24390244483947754,14505,0.2
4534,C=CC=C(C)C(F)=CC(=O)C=C(Cl)OCC=CN=CNC,0.30188679695129395,101505,0.2
4535,C=CCOC1CC2C(Cl)=CC=C2CC2OCC(=O)CC=C2C=C1C=NCC(C)=O,0.25555557012557983,411415,0.2
4536,[CH]OC1=CC(F)=CC(c2ccccc2C(Cl)=NCF)C1=CC=CC=C,0.24657534062862396,16912,0.2
4537,CCCC(=O)C1=NC=CC2=CC=C1NC=CC=CC1CCOC(C)C1NC[C]2CSC,0.21111111342906952,305240,0.2
4538,CCOC(=O)NC=O,0.5517241358757019,67257,0.2
4539,CC#CC(=N)CCOCC=CC,0.38461539149284363,537464,0.2
4540,CC(=O)C=CC=C(F)C=CCCO,0.4333333373069763,344513,0.2
4541,CSC(=O)C1=CC=NC(C)NCCOC(=O)C=C1C=CC(F)=CCF,0.23188406229019165,480824,0.2
4542,C=C1C(F)=CC=CC2C=N[C@]3(CCC23)C(C=O)NC=C1C=CC(=O)Cl,0.22535210847854614,447496,0.2
4543,CCC([CH]C=C(Br)C=C(C)F)N=C1CC(C)=CN=C[C@@H](O)C=CCC1=O,0.20000000298023224,627719,0.2
4544,CNC(NOC(F)=CC(Cl)=N[C@H](O)F)C1=C2NC=C(C=CS(C)=O)OC2C(C)=C1C,0.17391304671764374,73237,0.15
4545,CC[CH]C(=S)OC1CNC(C)(O)CC=CC=C1F,0.2647058963775635,120640,0.2
4546,CCOC(=O)C1C=CC=CO1,0.4375,349357,0.2
4547,CCC=C(N)C1(C=O)C=CC2=CS1=C(C)N=C2OC1C=CC=CN1C,0.2222222238779068,606812,0.2
4548,CN(O)C1C=NN=C(O)C=C1C=CC=CCCBr,0.25,32363,0.2
4549,C=CC1=C(F)C=CC=CCC(CNC(=O)C=C(C)C=CC(Cl)=CC=CC)C=Cc2cnccc21,0.23999999463558197,538595,0.2
4550,C[C@@H](CO)CCNC=CC1=CC2N=CC3=CC1(OCS(C)(=O)=O)C(=NC=CC(Cl)CO2)N=C3,0.20353981852531433,392077,0.2
4551,CC=C(Cl)C1C2C=CC=C3N=NC(=O)NC(CC)=CN=CC=NCCC2=CC31C,0.20253165066242218,461592,0.2
4552,[CH]N(C)C=CCC(C#CN)C(F)=CC[CH]C(C)=O,0.24137930572032928,129346,0.2
4553,C=C(F)OC1(CC=CC)C=NC=[SH]C(=O)N=C(Cl)OC2=C(C=CC)C1C=CCC=C2,0.19417475163936615,215782,0.15
4554,CCSCNC(N=C1[CH]c2ccoc2C1CBr)C1=CC(Cl)=CC(C)=CN1,0.1805555522441864,597191,0.15
4555,NC1=CN=CC2=CC3COC(=C3N2)NC=CC=CC1,0.19354838132858276,331608,0.15
4556,CC=C1C2=NC34N=C1C(CN=C(Br)NC3C(N)=C2)CNC(=O)[C@H](C)C4C,0.2537313401699066,63101,0.2
4557,COCCNCC=NC(Br)=CC(=O)F,0.3488371968269348,36227,0.2
4558,CC=C(C)NC=CCC1C=NC(NNCC=CNC=CCCCC(C)O)CC1,0.28125,92566,0.2
4559,COCC(=O)CC=CC(C=C[PH](=O)C=CC=CC(C)=O)CC#CC(C)(O)CCN,0.2647058963775635,418451,0.2
4560,CCOC(CCN1SC(C)=C(Cl)C1OC=NC)C1C=CC(O)=C1,0.2405063360929489,195729,0.2
4561,C=CCC=C(C#CC=CC(F)=COC)C=COC(C)=CC(=O)NCC,0.2839506268501282,497283,0.2
4562,CC1=CC=C2CC3(CCC4=CNC=CC5=NN(C4)C5)C=c4ccccc4=NC=C3N2C=CCN1,0.2222222238779068,150422,0.2
4563,C=CC=Cc1ccc(Br)cc1C(F)=NCC(COc1ccccn1)N=CO,0.3611111044883728,446113,0.2
4564,C=CC=CC1=CCN=CC2C(=CC[CH]CC(C)=O)C12,0.26153847575187683,135485,0.2
4565,CC1=C(F)N(CON=C=O)C=C2CNC=C2CC=C1C=CCF,0.21739129722118378,221688,0.2
4566,[CH]S(=O)CNCC1N=CC(=O)OC2=CC=CC(=CS(C)=O)CC(OC)=CC=CC(=CC2)O1,0.20000000298023224,511853,0.2
4567,CC(=CC1=C(Cl)C(O)=CC(=N)CO1)S(N)=O,0.25,234806,0.2
4568,CNCOC1=C(F)C[N+](=[N-])NC=CCC(Cl)(N2C=CC=CC2)CC1=O,0.2195121943950653,156273,0.2
4569,C=NC(F)=CN=CC1=C(F)N=C1SC=CCN=CC(F)=CC=CC=CC=CC=COO,0.16091954708099365,268957,0.15
4570,C=CC1=NC2CCNC=CC=CC(=C(N)C2=C2CC(=NC[CH]OC)S2)O1,0.1860465109348297,610118,0.15
4571,N=CNC(=O)NC=C(Cl)C=C(F)N=CCC1=C(F)C=CC2=NOCC=CCCC21,0.20212766528129578,123278,0.2
4572,COCCC=CCC=O,0.5909090638160706,176596,0.2
4573,CC[CH]C=CC1CNC=C(O)C=C1C(O)C=CC=N,0.2068965584039688,105509,0.2
4574,CCOC(=O)COC=C1N=C(CO)C=NC=C2C=CC(F)=C(F)C(O)=C[C@@H]1CC=NC2=O,0.2800000011920929,368874,0.2
4575,C=CSC1C=NC=CC(=C)C=CNCC1(N)C1=NCC=C1C=CC(C)CON,0.18518517911434174,206501,0.15
4576,CC(=CC(=O)C12C=CN[SH]1CC=CCC2)CP,0.2647058963775635,171741,0.2
4577,C=C1CC=C(F)C=C(NCCC)C2CN(C=NC=CC(CC)=C(Br)C2=S)CC=N1,0.20224718749523163,444505,0.2
4578,CCCC(C)=O,0.6111111044883728,630663,0.2
4579,CC1=C(C=O)C(=CNF)CNC(C(C)F)C=CN1,0.23076923191547394,74674,0.2
4580,C=CCOC(=O)NC(C)C(=O)C=O,0.5405405163764954,459725,0.2
4581,C=CCC=CC(=O)CNC(=O)N1C2=CCCC1=CC=C2,0.2800000011920929,355420,0.2
4582,CC(C)(C#CCC(=O)O)CC=CCCc1c(Cl)ccnc1F,0.3492063581943512,466787,0.2
4583,CC=CC(Cl)=CCOC(=O)CC(O)C=C(C)C1C=CC(OC)C(C)=C1,0.2537313401699066,582870,0.2
4584,NC(=O)OC=COCC1C=COC1N,0.2800000011920929,401105,0.2
4585,COC1C=CC23OCOC=C2CC2CC2=S3C2=NC=Cc3cn2c(=CC=S)c3=CC1,0.16129031777381897,48369,0.15
4586,CC=CC(=CC=CC#CC=NC(=O)NC=CC=CCNC)CC,0.2448979616165161,580524,0.2
4587,CCC=CC(C)(F)C(=O)N[C@@H](C)C1=CC2=COC=C3C2=NC(F)=CN=C3C1=CNC(=O)OCC,0.261904776096344,28750,0.2
4588,C=CC=C1NCC(C)(N)C2=CC3NC(C=C3C=CF)[C@H]12,0.2151898741722107,367210,0.2
4589,C=CC1(C)C=C(OC(=C)CCl)C(OC=CC=C2N=CC=C2CC=N)C1=CC=O,0.20987653732299805,498427,0.2
4590,CCOC(=O)C=NC(CSC1=CCC=CC=N1)N=CC=CCl,0.328125,8461,0.2
4591,CCOC1=C(SC)C(=CC=CO)SCC(Cl)=NC(=O)NC(CO)[CH]C1,0.23749999701976776,345640,0.2
4592,C=CCCOCC1=C(CC=O)CC=C2C([C]C1)C2c1c(F)cccc1C=C,0.28125,412653,0.2
4593,NC1=CC=CC(CSC=CC(=O)OCC2CC=NC=CC2F)C1,0.22972972691059113,469118,0.2
4594,COC=NC(C)C=C1C=C(C=C(N)F)C=NNC(C)N=C1C(F)C=C(O)F,0.17977528274059296,300560,0.15
4595,O=C1CC(I)C(=CCCl)OSC(Cl)=CC[CH]O1,0.22641509771347046,212309,0.2
4596,CC(F)=CC(O)=Cc1ccncc1OCC=CC1=CC(=O)C=C(C=N)CCNC=C1,0.2763157784938812,371318,0.2
4597,CC(NC(=O)C=CN=CC=CNC1=CC(F)=C(OC=COC(F)=CC=N)NC1)[C@@H](C)F,0.21348313987255096,292133,0.2
4598,CC(C)(C)CC1N=CCC2C=COC(=O)C=C(C2)N=C(Br)NC2OC=CC=C2C(=O)CO1,0.2133333384990692,123369,0.2
4599,CSC1=CCNC(C)C2C([CH]C=O)=CC=CSC2(Cl)C=CCC1,0.203125,127232,0.2
4600,C=C(C)C=CN1C=NC=C(OC)C1COCCC,0.28070175647735596,610054,0.2
4601,CC=CNOC(=O)OC=CC=CC=C(C)Cl,0.3243243098258972,613815,0.2
4602,CC=C(F)C1=CC(=NC#N)NC(Cl)=CC2CC(=NCC=CC3=C(C)C1NC3)O2,0.20879121124744415,148639,0.2
4603,CC(=O)SC[C@H](O)C=CC(Cl)=CNCC=CC[CH]NCCn1nc(C)cc1C(C)=O,0.28378379344940186,121907,0.2
4604,CC=C[CH]CN1C2C=CC(C=CC=CC(OF)SCC)(C1C)C2(C)O,0.190476194024086,48226,0.15
4605,COC=CC=COCC1CON=C(C)P1,0.2631579041481018,287906,0.2
4606,C[CH]C[C@H](C)ONCC1=C2C=CN=C2C=N1,0.21153846383094788,170751,0.2
4607,CC=CC=CC=CC=CC12C=CN(C=CC1=CC(=O)CO)C2,0.25,94527,0.2
4608,CC=CCC=CCC(O)CNC(=O)N=CC(Br)C=CC,0.2777777910232544,470491,0.2
4609,C=CC1=CC2(C(=O)O)Cc3cc(C)c(c2c3)C=C(C)O1,0.2666666805744171,245206,0.2
4610,CSC1=C(C=CC(C=C(C)C=CNCC(C)=O)C(=O)O)CO1,0.23333333432674408,512035,0.2
4611,Nc1cccncc[nH]c1C(=O)C1=COCC=C2C=C(Br)C1=CC2=NCC=O,0.2261904776096344,256226,0.2
4612,CC#CCC(Cl)=CC1=C2CC(=C2CF)C=C(NC=NC=CC=C(N)C=CCCC)O1,0.18918919563293457,431726,0.15
4613,CCC=CN=C(C=NCC(C=COCC=CC(=O)OCC)CSC=O)CCl,0.3333333432674408,585889,0.2
4614,C=CCN1C(=CN)C=C(C(F)=C2CCCC=CC=NC=CC(=O)S2)S(=O)NN2CC=CC=C21,0.20454545319080353,83774,0.2
4615,CC=C(CCC[C@H]1C=CN=C1SCC=O)OC#CC=CC=C1CNC=C1N=NC,0.18478260934352875,360139,0.15
4616,C=CC=NC[SH](=O)(C[C@H](C)[CH]C(=O)CN(C)C)C(=O)OC,0.30645161867141724,33616,0.2
4617,COC1=C2C(=CC(C)OCCNC=O)N(CC=N)C3CC=CC(C=CC(Cl)=CCC#N)C3C12,0.20370370149612427,310565,0.2
4618,CCC=Cc1c(C(N)=CNC2=CC(O)(OCC)C(=O)N=N2)coc1N,0.2380952388048172,284340,0.2
4619,C=C=CC1(OC=CC(=O)N=C(O)CC(=O)N2C=CC(C=CC)C(=O)OCC=C(N)C2CC)CCO1,0.20212766528129578,163014,0.2
4620,CC1(Br)C=C(C=C(F)C=C(CCNC=O)C(=O)ON)N=N1,0.2777777910232544,447256,0.2
4621,CNC=CC1=CC(O)C2=CC(Cl)=CC3C4NC=C1OC=CC(=C4O)[C@H]23,0.18518517911434174,77694,0.15
4622,CC=CC=CC1=C(C)C2C(=C(F)NCN2CC)C=S(C)C2=CC=C(Cl)C2=C1,0.20000000298023224,301492,0.2
4623,COCC(=NC=C(C)N=CC[CH]SC=C1C(Cl)=COC(C)=C1F)C(C)C,0.2112676054239273,124431,0.2
4624,[CH]C(O)(C[CH]C=NC=C)C1COCCC(N)=CC=CC(=O)C1,0.260869562625885,30907,0.2
4625,CC=NC(O)CC=C1C[CH]OC=C1[C@@H](F)C[CH]CCN1C=CCC=C1C=CF,0.1683168262243271,393675,0.15
4626,CC(=O)COC(C)=CC(I)=CCN=CNCCOC=CC1CC(C)N=C1NC=CCC=N,0.1894736886024475,561747,0.15
4627,C=C(C=C1C=CC=CC=C1CCC=O)S[CH]COC(=O)CC=CCOC,0.265625,440350,0.2
4628,CCCCOCC1=CCC(N)=N1,0.41025641560554504,331042,0.2
4629,[2H]C1COC=C2NC=CC(CC=CC=CN=C)(C1)C2=O,0.18333333730697632,52011,0.15
4630,CCOC=C(C=O)CC1C=CNNC1,0.4047619104385376,423966,0.2
4631,CC(CCN(O)CCC1=COC1)c1ccc(O)cc1F,0.35185185074806213,527667,0.2
4632,CC(C)(S)C=O,0.3888888955116272,310993,0.2
4633,CC(CC=O)OC(=O)C=Nc1nc2c3ccc(c2[nH]1)NC1C(=O)COC=C1C[SH]3C,0.2293577939271927,279279,0.2
4634,CC1=CC=C(C)C2C(=O)CCC=CC=CC(=O)NC=C2C(CO)OCC=C1,0.22857142984867096,467924,0.2
4635,NCOC=CC(F)=CNCC1C(N)CC=CC=C2OC(CC(N)=O)C21,0.22972972691059113,104595,0.2
4636,COC[C]C=CN(C)N=C(C)F,0.26829269528388977,413547,0.2
4637,CCCC=CC1N2C(=O)N1C(C)C(O)C=C1CC=C(C)C=CC2=CCSC1,0.27142858505249023,604985,0.2
4638,CCCCOC(=O)C1=C2N=C(F)C=CN2CCOCCC=CC=C1OC(=O)Cl,0.36231884360313416,391292,0.2
4639,CC1=CN=CC2SC=C(C)C2[CH]C2=CC=C3C4=C(CC=CC1=N[C@@H]3CC2)NCNC4,0.19178082048892975,94663,0.15
4640,CN1C=CC=CC=CN(C=O)C(C2=CC=CC2F)=C1,0.21568627655506134,593690,0.2
4641,C[C]C1CC=C(C)C=C1CNCC(=CC#N)N1CC=NC=C1CCCF,0.20930232107639313,66646,0.2
4642,CSCC1C=CON=CCC(CF)=C1,0.21276596188545227,519447,0.2
4643,CN[CH]CCN(O)C1C=NC[C@H]2O[CH]C=CC2C=CN1C(C)=O,0.2261904776096344,290409,0.2
4644,C=CC(C)=CC=CCc1ccc(C)n1CN(C=NC=C1NC=CC=C1C=C)CC,0.2112676054239273,361658,0.2
4645,C=C(F)NN(C=C1CC=CC2=CC(Cl)=CC23CC32CC(=O)C2=CNC=CC=C1Br)NC=CC=CC,0.16326530277729034,45974,0.15
4646,CC=CC(C=CC=CC(=O)C(=O)C(=CC=CNC=CF)CC=CCF)CN,0.21666666865348816,600836,0.2
4647,O=C1CCC(F)=CC=CC=C1F,0.3142857253551483,499146,0.2
4648,C=CC#CC1=CC2=COCC(C#C2)C(C=N)=C(C)CO1,0.19402985274791718,4038,0.15
4649,COC=CC=NCC1=CC=C(COC=CC=C(C)Cl)C1CO,0.22807016968727112,537106,0.2
4650,O=[SH]C1=CN(Cl)C2=CC=C1OCC[C@H]2C(O)C(F)C=CF,0.2647058963775635,102916,0.2
4651,CC(=O)CNC=NC(=O)N1C(=O)OC1Br,0.30188679695129395,120789,0.2
4652,CNC(=O)CNC=C[C@@H](C=C(F)C=CS(=O)(=O)C=COC=NC=C1C=C1)C(C)C,0.2151898741722107,373733,0.2
4653,C=CNCC=C(C)C(=O)COC(=O)C1CC(CCC=CC)C(Cl)=CC1=CC1CC1,0.23943662643432617,369115,0.2
4654,CCN1COC(=CC(=CF)N=CC=COC)C=CC=CCC(NC=O)C1F,0.2266666740179062,299646,0.2
4655,CC1=CC=CC(=CC=CC2=COC(=O)N=CCC=CC2)N1C=O,0.18987341225147247,577888,0.15
4656,COC=CC=C=C=O,0.375,287906,0.2
4657,C=CC(=COC(O)=CC=COC)N=C(O)C=CN=CI,0.25,527809,0.2
4658,C=CC=CC(=O)C(C)OC1=COCC2(O)OCC3=CC=CC3=CC12,0.25,55856,0.2
4659,C=CC[CH]CNC1(C=CC)COC=CC=CC=C1C(F)C(=O)SC=CCC=C,0.2222222238779068,499303,0.2
4660,C=C1C=CC=CC=CCN(C(=O)C=C(C)CF)C=CC=C1Cl,0.28787878155708313,162612,0.2
4661,C#CC(C=CC(=O)OC)C1CCC2C=CC=C(C2)OC1C,0.3076923191547394,90378,0.2
4662,CC(=O)C[CH]C(=O)NC(=O)C=CC(O)C1CC=Cc2cc(O)ccc2C=NC=CO1,0.2409638613462448,49948,0.2
4663,CC1=C2CN=C(F)C(=CC2NC(=CC=CC=O)NCC=O)C1,0.23170731961727142,196063,0.2
4664,CPC=Cc1ncc(N)ccc(F)ccc1-c1ccnc2c3c(c(Cl)cc12)C3C,0.26865673065185547,464876,0.2
4665,CN=CC#CC(C)C(C)Cl,0.23076923191547394,381866,0.2
4666,CC1NC2=Cc3c2ccc(O)c3C=CCC=CCN(C)CC(=O)N1O,0.23188406229019165,328826,0.2
4667,CSC(=O)NCC=CC=C1C=CC=C(C(C)(F)F)N=C1,0.2711864411830902,121922,0.2
4668,COC(C)(O)C(=O)[C@H](N)C1C=CCCC(C=CCl)=CC=CCOCC=C1,0.24242424964904785,371912,0.2
4669,CC#CCC(=CC(=O)[C@H](C)[SH]=CC(=O)C=CCCBr)CO,0.24528302252292633,49341,0.2
4670,C[C@H](OC1CC(F)=NN1CCO)C1C=CCNC(=O)O[CH]C2=C(F)C=CNC2=NCC=CC1,0.23529411852359772,622745,0.2
4671,CCOCC=NC1=C2C(=O)NC=C3[CH]C(=O)NC(=C(OC)CN1[C]3C)[C@@H]2C,0.2278480976819992,142043,0.2
4672,C=COCC=CC(COC)COC(=O)C=CC1=CC=CCO1,0.2982456088066101,412604,0.2
4673,N#CC=CC1=C[C@@H](Br)C2=CS13NC1=C(Br)C=C3C(OCC=O)=C2N=CC1,0.20270270109176636,434311,0.2
4674,COC1C=NC=C(NC=CC=CCC(=O)C=O)C2=C1C=CC(Cl)=COC2,0.2368421107530594,568810,0.2
4675,COCc1cc(Cl)cc2c1C=C(F)CCC2,0.39534884691238403,328614,0.2
4676,C=CC=CC=CCN(O)CCC[CH]O,0.32499998807907104,270537,0.2
4677,COCCCC1C=C2C=CNC(=O)CN=CCC2C=CN=CC1,0.234375,518940,0.2
4678,CCC1=CC(=O)C2=NOCC=C2N2CC(=N)CC(C)([CH]CNC2=O)O1,0.21794871985912323,577503,0.2
4679,COC(=O)C=C[CH]C1CC(NC=C=O)=CS1,0.3414634168148041,629203,0.2
4680,C=CC1SC(C)N=CC1(C=C)C=CC=CNN=COCC(Cl)Br,0.17910447716712952,42410,0.15
4681,CCOC1=C2OC=C(C)C3C4=CN=CNC1C(=C(Cl)CN2C4)C1(C)C=CC31,0.21875,377590,0.2
4682,CCOC=C1C2=CC=C3C=C(C)C(C(C)=O)C(CC2)N1COC=C(O)C=CC=C3C=C(C)Cl,0.23595505952835083,476532,0.2
4683,CCN=S1(=O)CN1,0.25806450843811035,403057,0.2
4684,CC1[C@@H](O)CC=CN=CC=CC[C](O)CNC(=O)N1C=CC1=CO1,0.2054794579744339,364828,0.2
4685,COCC1=CC2C=CC=C1C(Cl)c1cccc(c1)CN=C1C(C)C=CN1C=C2,0.23170731961727142,561156,0.2
4686,C=C(F)C=CN1CC(C)(C)CC=CC(C)(O)CCC=CC=C1Cc1nc(C)nn1C1CO1,0.1982758641242981,206731,0.15
4687,COC1CNC=NC=CC=C(I)C(=O)NCCC=CC=C(N=CC#N)C1C#CC=CC(C)C,0.20212766528129578,345798,0.2
4688,O=CC1(CNC=C=S)C=C(O)C=CN1C(=O)OC=CC(=O)NO,0.23376622796058655,489093,0.2
4689,CNC1=CC=COC(=O)C=NC(C#N)C2=C(N=C1[C@H](C)CF)N(C=CCF)C=C(C)CO2,0.19512194395065308,279391,0.15
4690,C1=CC(n2cc[nH]2)C(=C2CCO2)CN1,0.21276596188545227,86941,0.2
4691,ClCc1ccccc1,0.5909090638160706,548123,0.2
4692,CC=C(F)C=NC=C1C=CC(O)=N1,0.3055555522441864,152264,0.2
4693,C=CC(F)OC(=O)CCC1C(=COC(=O)C=CC)CCNCC(=O)C=CC1CC,0.2631579041481018,447485,0.2
4694,CNC=C1C=CNC(=O)C(F)(N=C=O)CC=CCC(CO)=C1,0.23076923191547394,404241,0.2
4695,CC1=NCC2=CC=CC3C=CC=CC(=C3C)N1C2=O,0.27450981736183167,30306,0.2
4696,C=C1C(F)=CN2C=CC(F)=C3CC=C(CC1C2C)C(C)O3,0.2068965584039688,314179,0.2
4697,CC=CC=CCC=CC(C)=C(CCOC=C=C=NC)C(C)=O,0.30188679695129395,479322,0.2
4698,[CH]C=CCC(=O)C=C1CCC=NC2=C(C=NO[C@H]2N)CCC(F)=NC1,0.18421052396297455,248380,0.15
4699,CC(F)=CC=CC(N)NCC=CN=COC[C@@H]1CO1,0.27586206793785095,340480,0.2
4700,CCCCOCCC1=NC[CH]C[C@H](C=CC(Cl)=CCF)NO1,0.2769230902194977,466678,0.2
4701,CC1CC=NNC(=N)C=c2ccc3[nH]c(cc[nH]ccc2=CN1)=CC=CC(C)(F)C=3,0.20967741310596466,303267,0.2
4702,CNC(=O)NC=CC(Br)=CCOC=CSC=NCF,0.2142857164144516,81510,0.2
4703,C=CC(C)=CCNC(=O)C1=CC(NC)C2=CNCC(=CN=CC)CC(C=CC)=NC1=CC=C2,0.19512194395065308,392596,0.15
4704,C[C]1C[SH]2C=CC3=C(C)[C@H]4ON=C3C4OC(C)C(=O)OC=C(CC1=O)C2=NN,0.1818181872367859,386080,0.15
4705,C[SH]=CC1(O)C=NC(C)=N[C@H]2C(C)=C3C=CC(=CC(=O)C3)CN2C=NC=COC=CC(F)=C1,0.18888889253139496,416663,0.15
4706,CC1(C)[CH]C2(C1)NC=CC(C)(F)C1[CH]C=CC2C(O)=N1,0.2075471729040146,210418,0.2
4707,CC[CH]C#CC(=O)COCC=C(C)N,0.2926829159259796,147231,0.2
4708,C=CC1C2=C[SH]=CCNC(=O)C(OC(C)=CCC)C1=CC(=CP(C)(C)=O)CCO2,0.2068965584039688,191102,0.2
4709,CCCCCNCN[C@H]1C2=CCC(=O)C(C=CC(=O)C2=CO)NC=CNCCN2N=C12,0.25,100799,0.2
4710,C=CC=C(F)OCCNC(=O)[C](NC=O)C(=O)NC=C,0.2830188572406769,140049,0.2
4711,CC=C(C)C(=CC=COC)C1=CCOCC(N)=NC=C1C#N,0.27272728085517883,527809,0.2
4712,CCC=C1C=CCC2=NC=NC[C@H]3C=COC(=CNC(=C(Cl)C2)C1)C(C)OC(=O)OC3,0.21917808055877686,141478,0.2
4713,O=Cc1ccc2nc1C1C=C(CCC1)OC2=O,0.3541666567325592,94295,0.2
4714,C=CNC(C)CNC(=CC=CC=CN1C(=O)C2=CC=C(C)C21C=C(F)F)CF,0.2631579041481018,284309,0.2
4715,CC(=O)OC(=O)NC=CC(C)=COCNCC=c1ccc(=CO)c2ccccc12,0.296875,394965,0.2
4716,C/C=C/C=C(C)N1C=CC(C(N=C=[N-])N=C(N)COC(=O)OCC)OCC(=O)C1C[CH]O,0.2526315748691559,582828,0.2
4717,CC=CC(Cl)=CC[CH]C(=O)C=N,0.3142857253551483,271481,0.2
4718,C=C(Cl)C(=O)CC[CH]C(=O)C=CCC=CC(O)=CCOC(=O)NCOCC=NCC,0.24285714328289032,64099,0.2
4719,C[C]C(C)CN1COC=CC(F)[C@@]1(C)NC(Cl)=NC(=O)CC=CC,0.23333333432674408,584442,0.2
4720,O=C1N=C(CCC=CCO)C2=C1CC=C2,0.3255814015865326,23691,0.2
4721,CN(C)N=C(F)C=COCC=CC(N)=CC1=C(F)CC=CCC1,0.23188406229019165,608536,0.2
4722,CC(=CNC(=O)C=NCC(=O)C1=CNOC=C2C(C=C(F)NONC1)C2C1C=C1)NO,0.1818181872367859,612639,0.15
4723,[CH]C1c2ccc(c(F)c2)C=[N+]C=CC2(C=NC1N)c1cccc2c1C=C,0.21212121844291687,565097,0.2
4724,COCCNC(C)(O)N[C@H](C)C(C)=O,0.4166666567325592,357086,0.2
4725,NC1=CCC=CC=CC(F)=CC=CC=CNCC(=O)C1,0.24444444477558136,288653,0.2
4726,CCNCC(N)=O,0.5384615659713745,469983,0.2
4727,CCC1C2CC=C(F)C=CC1(C=CC=CC=O)C(O)CSC(=O)O2,0.2183908075094223,535295,0.2
4728,CC1=C(CC[C@@H](C)CCI)CCCC=C1,0.375,129023,0.2
4729,CCNC=C[C@H]1CNCCC1=CCC1(C(C)=O)C=CC1,0.30645161867141724,375328,0.2
4730,C=C(C)c1ccccc1C1=C(C[SH]2C(CC=O)=CC(Cl)C=CC2CO)C=COC1,0.23943662643432617,120968,0.2
4731,O=C[SH]1NNC1=O,0.19354838132858276,236627,0.15
4732,C=CC[C@@]1(CC=CC2(Cl)CC(=O)c3cc(C(CC=O)C(C)=O)ncc32)CCC[SH]1C=O,0.2467532455921173,62664,0.2
4733,COCC=CC=NC1(C2OCC3=CCCC=C2CNC=C3C=CNCC(=O)Oc2ccc(F)cc2)OC1=O,0.2527472674846649,387775,0.2
4734,CC=C(Cl)C1C=COC=C1N(C)C=CNOC(=O)[C@H](C)C=NC(Cl)C(C)N,0.22368420660495758,624349,0.2
4735,C=CC1=C(F)COC2=C(C)COC(=CCNC3=CC32OCCC(C)=O)NC1=O,0.24731183052062988,151818,0.2
4736,CCC1C=CC(C)=CCC=C(C)C(C(I)=CCOCCC=N)[CH]NC(=O)C=CNC1,0.21250000596046448,338456,0.2
4737,C=CC=NC(=O)C=CC(=O)C=CNCCC1C=C2CC(C=C)C(=C2OC=C)C=CNNC=C(F)C1,0.20224718749523163,432048,0.2
4738,NC(=O)C=CC=C(C=O)C=NCOC=CCl,0.24074074625968933,561403,0.2
4739,CC1=CC(=O)N[C@@](O)(F)NC(=O)C[CH]OC2=CN(C)C(Cl)C(F)=C2CC1,0.2298850566148758,548440,0.2
4740,O=C1NOC(O)C(Cl)C1OC1=C(Cl)C=C1,0.2549019753932953,268005,0.2
4741,[CH]C(=O)CSC1=C(CO)CCC=C1C=PCC=NCN=CC,0.2073170691728592,402342,0.2
4742,C=CC1N=C(F)C=C(Cl)C(S)=CCC2CC3N=CC(C=C(Cl)N=C2C[C@@H]3N)C2CN1CCO2,0.19230769574642181,616327,0.15
4743,CCC#CC=CN1C=CCC=C1N=NC=C(F)CNc1ccc(F)cc1F,0.3030303120613098,189752,0.2
4744,C=CNC=CC=CC1(N=N)C=CNC2(C=C)COC(=O)C(F)=CC=C12,0.21917808055877686,353472,0.2
4745,CC=CC(C=C[CH]C(=O)OCN1CCNCC1C=[N+]=[N-])CCN(O)CC(=O)NC,0.2535211145877838,600876,0.2
4746,CCS(=O)NC=CC=C1C=CCN2C=C(c3cccc(O)c3)C=CN=C12,0.2985074520111084,439930,0.2
4747,CC#CCOCN=CC=CC=CN=c1cc(CCC)c2ccscc(C)c1=2,0.27941176295280457,93639,0.2
4748,CCCN(CC)CCOC[CH]C(C)C(O)=CC=CCC(=O)C#N,0.29230770468711853,113574,0.2
4749,CCCCC12COC3=C(C=C1C=CF)CN=CN(CC(=O)N2)ON=CC3,0.23456789553165436,364975,0.2
4750,C1CO1,0.4166666567325592,211400,0.2
4751,CC(O)=CC=CC1=C(C=C(C)CC=CC=C(F)F)OCCCC1,0.23529411852359772,214258,0.2
4752,CCC(N)C=C1[CH]C(N(F)CC)CC1,0.25641027092933655,172083,0.2
4753,CCOC[C@@H](C=O)C(C)CN=C1C=C2COC2C=C1C,0.25925925374031067,619185,0.2
4754,CCCCCC1(C2=C(F)C=C(O)CCNC(=O)C=C2)C=CC(C)=CC=C1F,0.2769230902194977,174897,0.2
4755,CCNCC(O)(NC)NP(=O)(O)CCF,0.2857142984867096,524080,0.2
4756,COC(=O)C=CC(C=NCC=O)N=CC#N,0.3571428656578064,354054,0.2
4757,O=C1N=CC(Cl)=C2CC([CH]CF)NC=CC3=CN(C3)C2CC=C2C=CC=C(Br)[SH]12,0.20430107414722443,508356,0.2
4758,CC1=C(CNC=O)C=CCC=CCO1,0.2978723347187042,227146,0.2
4759,N#CC=CCC=NC1=CC=C(C=C[NH])C(F)=NC=C1,0.2083333283662796,413449,0.2
4760,C=CC(=CC=CC(Cl)=COC(=CC)C=C(OC)C(Cl)C=NC(N)=O)OC=CN,0.24590164422988892,432946,0.2
4761,[O-]N(O)C=CC1=CC23C=CNC24N=CC14C3,0.171875,588309,0.15
4762,C=CC=CC=C1C=CN(C=CC2=CC(=O)COC=CC(CO)=C2CCCCC)C(C)=C1,0.23376622796058655,146031,0.2
4763,CNC(=O)C=CC=CC(CC=CCN)C(N)=CCON(C)C(=O)C=CC=C(C)Cl,0.22580644488334656,91005,0.2
4764,CCC=C(Cl)C(=O)NC(C)CC(OCl)OC1(C)C=C(Cl)C=C(C)[CH]C=CC1,0.2666666805744171,568623,0.2
4765,CC=C(NC1=C2C(CCl)=CN3C(=Cc4ncccc4C3C)C2C=CC(=O)N1)OCC,0.2747252881526947,111533,0.2
4766,CCNC=Cc1ccccc1C1=C(OC(=O)c2cccc(C)c2C)COC=CC(=O)N1,0.34246575832366943,582966,0.2
4767,CCNCC(=O)C(=O)NC(F)=C1C2=CC=CN=C1C(=O)C1=C(C)C=C[C@@H](O)CC(=O)C=C1O2,0.25757575035095215,234259,0.2
4768,CC(C)C(Br)C#N,0.4444444477558136,209474,0.2
4769,C=C(F)CNC1=CC2SC=C1C[C@H]2C=CC=CC=N,0.19298245012760162,171582,0.15
4770,CC=C1C=CC2=C(C=CC=CF)N(OCC=CN=C(N)C=CF)C(F)=CC=C12,0.18987341225147247,103913,0.15
4771,C#CCCC1(CCl)NC=NC=C2CC=CC(F)=C(F)C21NC=CC=C,0.20987653732299805,114574,0.2
4772,C=C(Br)NC(=O)C1=C2CNC3=CNC(C)C4(C(=C3F)C(Cl)=CC24)C1C=CCNC,0.20202019810676575,445474,0.2
4773,FC1=CC2=CCC(c3ccccn3)OCC2=CCC1,0.38461539149284363,189832,0.2
4774,CNCC=CC(F)=CC1C=C2C=CCC(F)N=C21,0.2238806039094925,559998,0.2
4775,N=CNC(=O)SC1CC(F)N(C=CC[SH](=O)C=CF)CO1,0.18421052396297455,546654,0.15
4776,C=CC=C1C=CSC12C=C(CNC(=O)C=CC=NC=C1C=C1C=CN=CC(CN)CCCl)C2C#CCl,0.18644067645072937,253592,0.15
4777,CC(F)NC=COC(=O)C=CCN1CCCCNC(=O)CC(=O)O[SH]1C,0.28358209133148193,616210,0.2
4778,CC=CC=COCNC=CCN1C(=O)C=CC1=CC(F)=CC=CNC,0.23728813230991364,120995,0.2
4779,CSC1=CC(=O)c2ncc(Cl)c(C)c21,0.3333333432674408,168564,0.2
4780,CCCCCC(=O)OC1(N)C2=CC1CC=CC1C(O)CN2CC[SH]1C(=O)C(C)=O,0.3194444477558136,263986,0.2
4781,OCC1CCC23C4C1C=CCC=NN1CC[C@H](COCC5N[C@@H]2C=CC(F)=C51)C43,0.2073170691728592,628705,0.2
4782,C=CC(=O)C=PC1C=C(C)C=C(Cl)C1=CON(C)C(C=COCC)CN,0.2631579041481018,45508,0.2
4783,COC=CC=C1C=COC=C2C(Br)=CC(O)(SC=O)C3=CS(=O)N2[C@@H]3C(O)COC1,0.18691588938236237,213428,0.15
4784,CCC(=O)C1=NCC2=CNC=CC(=CN1CC#CCOCCOC)NC1CCc3ccccc3N1C(=O)CN2,0.28125,563133,0.2
4785,C#CCC=CNC(=O)NC1=NN2CC1C2C=CCO,0.2199999988079071,29149,0.2
4786,C=C1CC(C=O)C=NC1=C[C@@H](Cl)C=COC(F)=CC(=O)CCSCC,0.23529411852359772,4597,0.2
4787,O=NC=CC1=CNC2C=CC=CC3=CC(C1O)N(C=C3)C=C2,0.20370370149612427,131200,0.2
4788,CC(=CCC(F)=C1C=COCC1)NC(=O)OCC=O,0.2884615361690521,620966,0.2
4789,CCCC(=O)C1=CC=CC2=CC=CC(CNC[C@H]3NC=C(C)C=CN=C(C)C13)C2,0.2222222238779068,6157,0.2
4790,CC(=O)C(=O)OC1=CNC(Br)=CC(O)=CC2(CN=CN=C2N)C1C1OC=C(Cl)C=C1N,0.20370370149612427,232921,0.2
4791,CC=CC=C=CC1N=Cn2c(C)cn21,0.19607843458652496,548452,0.15
4792,CCOC1CCNC(C(=O)OCN=C2CC=CC=CC(=C(C)CC)CSC=CC2)NC1,0.29113924503326416,365164,0.2
4793,C=CC=CC=C1CC(=O)CC=CC(Cl)=NC2(F)CCC(=O)[SH](C1=C)C1=C(C)C(S2)N1COC,0.2073170691728592,180603,0.2
4794,C=CCCOCC=CC=CC1(C=CN2C=CCC2)[CH]c2cccnc21,0.28358209133148193,51622,0.2
4795,C=CCCOC=CCC1=C2C(=C(Cl)C2O)OCC=CC=C(Cl)CC=C1NC,0.23529411852359772,586925,0.2
4796,CC(=O)C1C(C)=CC=C1C1=C(N=CCOC=CCCON(C)F)C1=CC=C(C)N,0.2073170691728592,228525,0.2
4797,CC=CC=CC=CC=CNC(=O)C(=O)C=CC(C)(N)Cl,0.3414634168148041,273199,0.2
4798,CC=NC=C(C=CC=C1C=[SH]NC(OCC=CCF)C(=NC)N1)NCC1=CC=C1,0.17073170840740204,221688,0.15
4799,C=CC(F)=CC=C[C@H]1CC=CC1=COC1=CC2=CNCC1[CH]C2COCOC,0.20779220759868622,403387,0.2
4800,COC(C)CC(=O)N1C=C(CCC=C2CC(=O)[CH]CC2OC)C2=CCCOC21,0.2530120611190796,374192,0.2
4801,CC=CC=CC(=O)C1C=C(OC=CC=C(Cl)C(=O)CC2=C3C2=CC3=NCOCCC=O)C(CI)N1,0.20430107414722443,85443,0.2
4802,CC1Cc2ccn(CN3CC(=CO)C=C3CC=O)c2C=CN1,0.25,226849,0.2
4803,COC=C1NC2C(C(Cl)=CC=CC(F)=CC=C1C=O)C2C1=CC(O)C=C1O,0.21739129722118378,224368,0.2
4804,CC1=C(C)C2C=C3C(=CCl)C(O)NC2C(=CC3C=O)N1,0.21568627655506134,598900,0.2
4805,C=C(Cl)CC1=C(C=O)C[C@H](OC[C@H](C)Cl)CC(C)C=CC=CC1,0.24285714328289032,483345,0.2
4806,CC1=CC2=CC(=O)C=C3C(=O)NC3C(CCl)=CNCC2=C1,0.22413793206214905,531648,0.2
4807,CCC1C=NC=CN2C[C@@H](C(=O)OC)N1C2=O,0.3928571343421936,1456,0.2
4808,O=C1C=CNC2=CCN(C=CC3SC=CN3C(F)=CN1)C(F)OCOC2,0.18918919563293457,19822,0.15
4809,C=CO[C@H]1C=CC(CO)(CCC=CC)NC=CN[C@H](OCCC)CC2=CC1NC(=O)C=C2C=C(C)CCl,0.20930232107639313,505244,0.2
4810,CNCC(C)CC1=C(F)C2=CC=CCC#CC3=C1C2=CNN3,0.24193547666072845,349072,0.2
4811,CCC(C)=NC[C@H]1CC(NCCCC=COC)N[C]C=C1C=NC=C(F)N=C1CNC(=O)N1,0.20212766528129578,180040,0.2
4812,CC=CC1=CCC(=O)NC=C(S)C1,0.23255814611911774,432726,0.2
4813,N[C@H]1CCC(=O)NCCOC2C(=CC3=CN=CC2CC=CC3)CC1,0.2545454502105713,529254,0.2
4814,CCOC(=O)C1(C=CC=CC=C2CC=CC=CO2)CCC=C(N)C=CS1,0.3030303120613098,317896,0.2
4815,CCC1N=C(CCC=CC(N)C=C2C=NCN=CC3=CC2C2C=NC=CN2CC3)N1,0.18518517911434174,14073,0.15
4816,CC(=CC=CF)OC[CH]C1=CC=CC2OC(F)=CC=C2N1,0.2028985470533371,191426,0.2
4817,CC1OCC2C=CC(NC=CF)=CCN1C(=O)CC=NCCNC=CC2,0.20930232107639313,100799,0.2
4818,CCOC(C)=CNC(=O)Nc1ncccc1C=C1C=C(F)C=C(C=O)C1,0.453125,16418,0.2
4819,O=C1CO1,0.47058823704719543,22553,0.2
4820,CC=CC=C1CC23C=NC=C4C(CNCNC(=N)C1=N[C@@H]2C[CH]C3)C4NC(CC)OC=O,0.17431192100048065,596855,0.15
4821,C[CH]C(=O)CC(C)(C)COC1([CH]C=CN=CNC)C=CC=C1N,0.232876718044281,242938,0.2
4822,C#CN=CC=CC=CC=C(O)C(C)=CCC=C1[CH]C=C(O)C=C1CC=CC=CC,0.20895522832870483,601404,0.2
4823,CC(O)C=CN=CNCC=CC=CNC[CH]COC[C](C=O)C[SH](=O)=O,0.203125,505470,0.2
4824,C=CCC1=CC(Cl)=CCCNN=CC(C)(C=O)N1C=CCOCC(=O)CC,0.2531645596027374,265800,0.2
4825,O=CN(C=CC1C=CC(O)C1)CN1C=CC(=O)C2=CC=C(Cl)C2C1=O,0.21917808055877686,106730,0.2
4826,N=CCCCN1C#CC[CH]C(C=CCSN)C12C=CC1C(=O)C=CCC12,0.1944444477558136,621923,0.15
4827,CC(=O)NC(Cl)=CC=CF,0.3333333432674408,606175,0.2
4828,CC(N)CC=C[SH]1C(C(Br)=CO)=C(F)NC=CCC1(Br)NCC(=O)NC=CC(F)=CCBr,0.20202019810676575,59772,0.2
4829,CC(=O)OC(=CCO[C@@H]1CC=C1N)N1C=CNC=CC1=O,0.2571428716182709,39011,0.2
4830,COCCOC=CC1(C)N2C(O)[SH]1O[C@H]2CC=C(C=O)N1CC=CC=NC1NC(N)=O,0.20952381193637848,599456,0.2
4831,N=C(C=C[C](O)O)NCC(N)C1=CCCC12C(=O)NC=CC=NCc1cc(F)ccc12,0.25,38980,0.2
4832,CCNC(=O)C12NCOC3=CC1OC(=O)C=C(F)PCC3(CO)N2,0.25882354378700256,518061,0.2
4833,C=C1C=CC=CC(N)=C1NC1=CC=C2CCOC3CN=CCC2CC=C13,0.19718310236930847,488935,0.15
4834,COCC=CCC1C=CC=C(Cl)C(Cl)=CC=C1C(C)C(CCOC=O)CSCC=O,0.2112676054239273,222878,0.2
4835,C=C(C)C=CNC#CCC(=O)C=CNC1=CC=CC1,0.23529411852359772,211524,0.2
4836,C=CC=NC(Br)=CCC(=O)OC(C)NC(=NCNCOC=CCCCl)NC1CCOC1,0.27848100662231445,83023,0.2
4837,C=C(S)C(=O)CC1C=CCNC1,0.30188679695129395,595782,0.2
4838,CC(=CC=O)C(C)=CC(C)C=CC1=CC=C2CC(=C(CO)O1)C(=N)C(CCN=O)C2,0.1882352977991104,17851,0.15
4839,CNC[C@@H](C=CC=CO)C(=O)Oc1ccc(F)cc1N,0.37931033968925476,161357,0.2
4840,C=COC(=O)NNC=CC=C(F)N=NC(C)(CF)OCC=C1C=CC(F)=C1CC,0.2278480976819992,318443,0.2
4841,C=C[C@@H](C)CN=COC1=CC2CC3=CC(=C1CCCC)N(OC=C2C=CN=CC)C(=O)[C]3O,0.21111111342906952,46691,0.2
4842,CCC=C1C=NN2C3=CC4=C[CH]SCC(=C2C(NC(=O)O1)NC3=CNC)C=CC=CC4,0.1910112351179123,54237,0.15
4843,COC(C)=C1NC2C=CC1C([CH]C1CO1)O2,0.23404255509376526,150836,0.2
4844,CCSC=COC1=CNC(=O)C1C1(C=NSCC)CC(=CC=O)C1,0.2054794579744339,58389,0.2
4845,C=CC(C)(C)C[CH]C(C)=C(C)OCC(=O)CC(C)O,0.32608696818351746,356720,0.2
4846,C=C(C[CH]CC)CCO,0.43478259444236755,624602,0.2
4847,CC=CC(=O)N(C)CNCC=CNC(=O)OCCc1ccccn1,0.38983049988746643,235051,0.2
4848,CC=CCC([CH]C1=C(OC)C=C1C(C)OCCN=CCCC=CC=O)CCNC=O,0.2368421107530594,206285,0.2
4849,C=COC(C)C(C=CC=CC=C1C=C(N)C1=C(C)C(=O)OCC)Nc1cccc(N)c1,0.3378378450870514,344382,0.2
4850,COC1=CC(CF)=CCC1=CCC(Cl)=CC=COC(=O)CC(=O)COC(C)C,0.25806450843811035,605758,0.2
4851,C=CC=CNCCOC(=O)C[C@@H](F)C=CN=CC=NC(Cl)=C(N)C=CC,0.24657534062862396,22864,0.2
4852,CC(=O)[C@@H](N)[SH]1NC(Br)=CNC(=O)OC2C1=NCC=CC1NCS(=O)(=O)C=CC12,0.20224718749523163,348433,0.2
4853,CC(=O)C=CC(=CC1=C(F)C=CC=NC=CCC=C(Br)C(C(C)C)N1)OCCNCC[C@H](C)N,0.22093023359775543,544816,0.2
4854,C=CSC=CC=CC#N,0.2800000011920929,402954,0.2
4855,C=C(C)C(C=CC=[SH](C)=O)NC(F)C(O)CC[CH]COc1ncccc1OCC=CN,0.27397260069847107,496223,0.2
4856,C=CCC=CC1(O)C(=CC(CC(=O)CCl)NC=COC)C1C,0.2711864411830902,348697,0.2
4857,COP(N)(=O)C1C=CC(F)=NC(=O)CCC=CC=CNN1,0.24193547666072845,297142,0.2
4858,N=C1C=CC=CCOC2COCCC2=NC(=O)NC=C1,0.25925925374031067,367088,0.2
4859,CCOC(=O)C=CC=CN=CC1=C(CC)C=CC=CNC2=C[CH]C(=O)C=C(C1)OC2,0.2933333218097687,93290,0.2
4860,O=C(C=NC1=C2[CH]CC=CCCO[C@@H](N=N1)NCCOC2=O)OC=N[SH]CF,0.2261904776096344,264171,0.2
4861,C=CC(=CC(C1C=CC1)C1C=CNCC1CF)C1CC1,0.2068965584039688,373564,0.2
4862,CCc1cc(I)ccc1C1=NC=CC=CC=CC(O)=CC=CC2=CC(=O)COC1C=C2,0.2571428716182709,166294,0.2
4863,CC=COCC(C)(C)C=O,0.4333333373069763,581704,0.2
4864,CNC1(O)C=NCC2=CC=CC13N=CC(=O)C(Cl)=CNc1c([nH]c3c1C)N2,0.1882352977991104,135226,0.15
4865,CC1CCCCC(O)N=C1C=COC1(ONS)CCCC2OC3=C4C=C(Cl)C=C2COC4C=C3C1,0.190476194024086,581779,0.15
4866,COCC(=O)OC=CN=CC1=C(C)OCC1=O,0.3333333432674408,75824,0.2
4867,C=CCl,0.3076923191547394,381866,0.2
4868,CN(CO)C(=O)N=CC(=O)CNC(C=CC=CC=N)CBr,0.22727273404598236,500988,0.2
4869,C=CCN1C(=O)C=CC23C=CC=C(C=C)C=CC(C)(Cl)NC4=CN=CC4C12N3C,0.2368421107530594,10283,0.2
4870,CC1=C(F)C2=C(Cc3cccnc3C(F)(N(C)CCCCl)C2)N=C(F)NC1C=O,0.24175824224948883,430068,0.2
4871,C=COC1(O)C(=O)OCC23CC=CC=C(OCC=CN[CH]C=C2C)C1N3,0.2238806039094925,419796,0.2
4872,N=CC=CC=C[n+]1ccc(F)cc1CNC=CC(S)NC(=O)OC(N)=O,0.26582279801368713,487037,0.2
4873,C#CCOC(=CC=CNC=CC(=O)C=CCC(F)=COC[CH]C)CO,0.2950819730758667,561305,0.2
4874,C=CC1(C=C[CH]CC=CC)C(=O)OCC=C1CC(C=O)(CO)C(C)=CC,0.21590909361839294,514292,0.2
4875,CC1C=C2NC=C3CC(O)(F)C2=CC1C1=CC=CC[C@H]31,0.25925925374031067,570260,0.2
4876,CCOC(=O)N1C=CC=C(C)C2=CC(=CC=CC=C2)C=CCC1O,0.30158731341362,107174,0.2
4877,CC=C(F)OCC#CC=CCNC=CCl,0.26530611515045166,480843,0.2
4878,C=CCNS(=O)[C@@H]1C(C)=COc2c(C3=C(C)OCCC(C(C)=N)=C3OCC)cccc21,0.2823529541492462,539122,0.2
4879,C=CC(O)=CN=CCN1CC(NC=CNC(=O)OCC=CC(C)=NC=COF)C1C,0.23376622796058655,377104,0.2
4880,C=CC1=CC=CC2(C=CC(Cl)=CN=C3C(C=C)CCSC3C(=O)N1)CC=CO2,0.20000000298023224,66455,0.2
4881,COC=CC=C1N=CC=C1Cl,0.30000001192092896,542813,0.2
4882,CCOC(=O)C1NC2=CN=C1C(O)(NC=C(N)C=C(Cl)C=CCO)C2C(C)=O,0.26153847575187683,519977,0.2
4883,CNC1=C[C@@H](C)C=CC[CH]C(N)C1=C(Cl)OCOC,0.23636363446712494,463939,0.2
4884,CC=C(F)C(O)=CN=CN=C1OC(C)(C=CCl)O1,0.20338982343673706,111890,0.2
4885,C=CC(=O)OC(C=CN=C)NC(=O)C(=O)OCCC,0.4390243887901306,302927,0.2
4886,C=CCF,0.3333333432674408,166679,0.2
4887,C[CH]C(F)C1=CC=CC=CC(CNC=C(C)C=CCOC=CC=CC=CCF)=C1,0.2063492089509964,507538,0.2
4888,CC=CC(=O)C1=COC(=O)N(NN)S(=O)(=O)NCN[CH]C(C)(O)[CH]OC1,0.24637681245803833,528102,0.2
4889,CC=CCC12C=C(Cl)C=CN=CC(C(=O)C=C(C)CC(=O)NCC1)C2N,0.22727273404598236,152090,0.2
4890,CC=C1CNC2C3=CCC(=O)OC1CC2(F)C(=CNC=CCC(N)=O)C(C)C=C3,0.20253165066242218,153843,0.2
4891,COC=CNC=CNC=CCCCCOC[C@H](C)N1C=CCN=C1S(=O)(=O)COC,0.2432432472705841,451792,0.2
4892,CNCCC1C=CC(C=O)C=C(Cl)C=CSC(F)(CF)NC1,0.22077922523021698,243214,0.2
4893,C=CC1=CN2CC=CCC2C=NC=CC(=NC=CCN)CC(=O)C1C=CC=C1C=NC1=O,0.17499999701976776,383063,0.15
4894,C[CH]CC=CC1C2=NC=C3CC31C=CC=CC=C(Cl)C=CNN=CC1=C(C)CC=CN1C=CC=C2,0.16363635659217834,569314,0.15
4895,CN=C(Br)CNC(=O)[CH]OC(=O)C=CC(Br)C(C)C,0.34090909361839294,434447,0.2
4896,N#C[C]1C(F)=CC=CN1C#CC=CC1=CCNC1,0.24074074625968933,157081,0.2
4897,O=C1C=NCNC(=O)OC(Br)=C1,0.302325576543808,432556,0.2
4898,CC=Cc1ccccc1NC(C=O)=CCO,0.4047619104385376,484023,0.2
4899,COC=CC1=NC=C(C)N=C(C=O)C(=O)OC[C@H](Cl)C=CC=C(NCC=C(C)N)C1,0.2195121943950653,231063,0.2
4900,CS(=O)C=CC=CC1C=NC2OC2=CCS1,0.19718310236930847,535341,0.15
4901,CCOC(CCCCF)C1C#CCC(C=NC=CCl)C1=O,0.26229506731033325,580569,0.2
4902,CC(=C[N+]1(C)OC=CC=CC1=O)CC1=CC1=CC=CCC[CH]C=O,0.22580644488334656,484615,0.2
4903,COC(=O)[C@H]1CC=CNC=C(NC=C(F)[C](C)OC(C)C=CC(C)=CC(C)O)N1,0.2602739632129669,270207,0.2
4904,CN=CC1=CC=CNC2=C(C[C@@H](CNCC=CSC(=O)NC)C(OC)=C2)N(C)CC#C1,0.2083333283662796,247466,0.2
4905,C=NN1C=C(C=O)C(=CNc2cnccc2O)O1,0.3272727131843567,11125,0.2
4906,CCCC[C@@H](COC)C(=O)C1=CC2NC(=CC=C(C=O)C=COC)OCC=C(C)C2=NC=C1C=O,0.25,48520,0.2
4907,CC(N)C(=[N+])C=[PH](C=O)C1=CN(C=N)C=CN([N-])OC1,0.1875,211824,0.15
4908,CNC(=O)C=CC[SH](=O)=O,0.46875,166592,0.2
4909,C=CC=CCC(=O)C1(C)CCC1(NC)[C@H]1C=CCCC1=C,0.2545454502105713,216817,0.2
4910,CC1=CC=CC2=[SH](C=O)(C=O)C1C=CC=C(F)C(F)C2=O,0.23529411852359772,461220,0.2
4911,CNC1C=CCCCCC(=O)CC(N)(C=O)C(N)=CN=CN1C,0.2786885201931,515641,0.2
4912,CCOC=CC(N)=CCc1c#cc(NC(F)F)cc1,0.32203391194343567,625220,0.2
4913,O=C1COCC=C1F,0.5384615659713745,239717,0.2
4914,C=NCC=CC(F)=CN=CC1C[CH]O[C@@H](C(F)=CC(C)C)C1,0.24561403691768646,599561,0.2
4915,C=CC=C1CC=CCC(O)=NC=CNC[CH]COC12N=CC1=CC2=C(F)C1=CNOC(=O)OC,0.20192307233810425,488887,0.2
4916,CCSC(=O)COCCSC(=O)NOC=CC=NC(O)=CC=CC=C=O,0.23636363446712494,517089,0.2
4917,O=C1CC2COCCN2CCC=C2C=CC3CC(=C(CF)N=CCC3=N2)C=C1F,0.25,302001,0.2
4918,CCC(=O)COC=C(O)CC=C(C1=CCCO1)C(CC=COCC(C)=O)=[SH]C,0.2567567527294159,466367,0.2
4919,C=CC1NC=C(Cl)c2oc(C)cc21,0.26829269528388977,490821,0.2
4920,CCNC=CCC(=O)CNCC12C=C1CC(C=NC(=O)C=O)OCC(O)C2C=CCBr,0.2142857164144516,286482,0.2
4921,CC1=C(C)N2C=CC(=O)[CH]C[C]N(CCOC(C)(O)C[C@@H](C)CC2=O)C1O,0.22972972691059113,289731,0.2
4922,CCCC=CCC12C=C(CC=O)NC1=CC2,0.2702702581882477,143437,0.2
4923,CCC1CC(C=NC=CC(=O)OC=CN(CCCF)C(=O)OC)C(=O)OC=CCC=C1F,0.21590909361839294,442828,0.2
4924,CCOC(F)=CC(=CC1COC1=O)CCBr,0.36000001430511475,339185,0.2
4925,CC=CCN=CC(NCCC=CC(C)(CSc1ccncc1)C(N)C=O)OCC,0.29870128631591797,499114,0.2
4926,C[CH]C1C(NCOCC=CC)=CCN[C@H]1NC(C)=O,0.2830188572406769,310106,0.2
4927,CC=CCN=CCC(=N)C=CNS(=O)C=CCC,0.23404255509376526,355878,0.2
4928,CC(F)C1C2=CCOC3CC4=C1C(=CCN4C3)C[C]2CCN(C)C,0.23076923191547394,81999,0.2
4929,CC=C1C(=O)OCC2=CC3(Cl)CC1C(=O)C=CCOCC3=CCC(C)(C)N2,0.24137930572032928,67302,0.2
4930,CC=NC=CC=C(Cl)OC=C(F)CCOCCO,0.2708333432674408,117868,0.2
4931,O=CC=C[C@@H]1C=C2CCC3=CC(=O)N3C(Cl)=C1N2,0.23728813230991364,71288,0.2
4932,CC(C[CH]C=CCBr)CS12C=C3C4=C(O)CN=CC(C4)(C3C)N1CCOC2,0.21590909361839294,374192,0.2
4933,C1=CNCCC1,1.0,592601,0.7
4934,C=CC(C)C=CO[C@]1(F)CCNCN=C(OC=CN=CCNC)C1F,0.20930232107639313,502037,0.2
4935,NC(=O)C=C(Br)N=C1C=CC(C=O)=CNCN2CC(Br)C2C([SH]=O)=[SH]1,0.20512820780277252,622071,0.2
4936,CCC=CC(=C=CC=CC=C1CC1)NC=CCNCC=CC=CN(C)[SH]=O,0.25,54943,0.2
4937,C1=CN=N[N-]CC1,0.20000000298023224,400672,0.2
4938,COC[CH]C1N=C(C=O)CO1,0.302325576543808,205391,0.2
4939,CC=CC(CBr)CCC1=COC(Cl)=CC1=CC(=O)NC(C)(CC)CSC(=O)C=CCO,0.21176470816135406,347961,0.2
4940,COC(=O)C=C1CC=CC=C1C=NC=NC1=CC=CCN=CC=C1,0.2545454502105713,137528,0.2
4941,CC(=CC1=N[CH]CCC2SC(C)=CC2=C1)NCCC1=NC(=O)C=CNC1C,0.2183908075094223,473235,0.2
4942,C=CCC(=O)N1CC(Cl)=C1C(Cl)=CCO[C](C)C(C)CC1=CC(Cl)=COC1,0.23999999463558197,45058,0.2
4943,O=C1[CH]C2CC=CC3=C2C(O)=C3CC=NCCCN1,0.2800000011920929,319888,0.2
4944,O=S1COC2C=C(F)C=C2CC=C(Br)C=CC(=CF)C1,0.19298245012760162,130208,0.15
4945,CSCC1=CC=CC2OCC=CC=CC=C3[C][C@H]3C(=CC=COCC1)CCN2CC=O,0.18918919563293457,571053,0.15
4946,C=CCOC=CC(=O)N(C)CCC(Cl)C=CC1=CC(=O)CN(OC(=O)O)C1=C,0.25,296322,0.2
4947,CC[CH]NCCN(C)C=C1C(=CC(=O)N=C(C)C)C(=O)NC2=C(C)OCC(=C1C)NC2,0.21739129722118378,142816,0.2
4948,CC=CN=C(COC1CC=C[C@@H](c2ccccc2)CC1)C(CO)C(=O)CN,0.28985506296157837,205577,0.2
4949,[C]C(=O)NC=C(F)C(F)(F)C=CC(C)NCC=C(C)C1=CCC(C)=CO1,0.22093023359775543,489873,0.2
4950,CC(O)CC1C=CNC2=CC=C(C(C=CO)=CC=N2)c2cncc(O)c21,0.22535210847854614,431364,0.2
4951,CCNC=CC=CCC(=O)C=CC(C)=C1OC=NC=CN=CC=C1C=CCCl,0.2266666740179062,129783,0.2
4952,C=CC12C=CN(CC=CC=C3CNCCOC=C4C=NNC=C(C=C(C)Cl)C43SC1)C2=COCC,0.190476194024086,434558,0.15
4953,COC(CNC=O)C1=CC=C(CSC)NC=C2C(CO[CH]C=O)C=C(F)C(=O)C2C(O)=C1,0.2054794579744339,52284,0.2
4954,COC=CNC(C)=C1CCCOC(C(N)=O)=C1CC=NO,0.2786885201931,586389,0.2
4955,C=C1C=NN=C[SH](NC(=O)CC(=CC)C(C)=O)C(=O)C=CC=CC1F,0.24590164422988892,619003,0.2
4956,CCSC=CC(F)=CC1CC(C)(CC)COCC1c1ccccn1,0.30882352590560913,516090,0.2
4957,CC=C1C(=O)C(=O)NCC2=CN(CC)C3CC(C)([CH]N13)OC2,0.21917808055877686,390378,0.2
4958,CCN=C(C)NC1CCC=CC1=CC(Cl)=CCCOC(C)(CC)CCO,0.2571428716182709,438972,0.2
4959,C=NC(=O)NCC=CC1=CC(F)=CN=CC=C1NCCS(=O)NC,0.2222222238779068,65026,0.2
4960,C#CCC=C(NC(=O)N(C)CCF)C(NC)OC1SC=CC(Cl)=C1Cl,0.25,237813,0.2
4961,C=C(N)C=C[C@@H]1C(O)=CC(=O)C(C=C(O)C=CCC(F)=CC)C=C1CCCC,0.23999999463558197,342128,0.2
4962,C=Cc1cc(C)c2n1CCC1=CNC(C=CO)(C=CC(=O)N3CC(=O)C=CC23)S1,0.21739129722118378,285567,0.2
4963,CC=C[SH]=CC=CCNC(CNCCN=CCCNC=O)N=CC1=CCC=CC1,0.2133333384990692,119155,0.2
4964,CC1C=CS(C=CC2=NC=CC(=O)NO2)=C(CC(F)=CNC=CF)C2=CC1C2,0.19587628543376923,108942,0.15
4965,CC(C=CC=CC=O)CC=NC1=C(Cl)C=C1C([NH])=O,0.3191489279270172,272821,0.2
4966,FC1=CNc2cc3cc(Cl)c2=CCC=3C2=CC(=CC=CS2)NC=CN=N1,0.1807228922843933,581871,0.15
4967,CCC[CH]CN1CC(=O)C(F)=C(O)C(=O)N=C(N)N1,0.2199999988079071,315839,0.2
4968,CNC1=C(I)C=NCC=CC1(CNCCO)NC(C)=C1C=CC(C)=NC1,0.20000000298023224,281772,0.2
4969,CCNC(=O)C(C)OCC(=O)C=CNC=C(C)F,0.3333333432674408,274985,0.2
4970,C=NC=CC1CCNCCC=CC2=NC(=CNC(=O)SCC)C=C2C1=O,0.23456789553165436,560694,0.2
4971,O=CNN1CC[C@@H](OC=O)C=CCOCC=N1,0.26923078298568726,322521,0.2
4972,[CH]C1(F)CCC(=O)NC=CCOC=CCC2(CCNC2)CSC(=O)C1=O,0.2857142984867096,566298,0.2
4973,C=C(F)SC1=COCc2c(Cl)ccc1c2C=CC(Cl)=CC,0.24561403691768646,277766,0.2
4974,CCC(C)=c1c(O)c2c(nc1=C(C)C=O)C(CF)CSC2,0.2195121943950653,511026,0.2
4975,C=[S@](C=CC(=O)NC)[C@@H](C)OCCC=CCN1C=C(F)C(=CC=COC)N=NC=COC=CC1,0.20618556439876556,419062,0.2
4976,CCCCC=CC(=O)Oc1ccccc1OC1=C(C=CO)C(=O)[C](C)C1,0.36986300349235535,349923,0.2
4977,CC=CC=CC=CC#CCCNCNC1=CC=C1,0.2195121943950653,277839,0.2
4978,O[C@H]1C[CH]C2=C(Nc3cccc4c3C=CC=CS4=CCC=C3C=CC=CC[C@H]32)S1,0.19178082048892975,296902,0.15
4979,CNC(C)C1=NC2CN=CCC=CC3=NC=CCCNC2CC(C1)C3Cl,0.1882352977991104,585274,0.15
4980,N[CH][SH](=O)=O,0.20000000298023224,450979,0.2
4981,CC=CNN1CC=C(C(C)=O)C(=O)OCC2=C(C)C(CC(C)=C2C)N2C=C(C)C1C=N2,0.21052631735801697,393531,0.2
4982,C=CO[N+]c1ccccc1OCN(C[C@]1(O)CCC=C1COCCC=N)C(C)=O,0.28378379344940186,147555,0.2
4983,NC1=CC=C[SH]2C(C=CNC=C(Cl)N=C1)OC(=O)N2CNCC=CCF,0.19587628543376923,132910,0.15
4984,NC(=O)SCNC1=[N+]C1,0.2647058963775635,599516,0.2
4985,[C]OCC=CC1C=CN2CC(=NC(Br)=COC[C@H]2CC2C=CCC(C)=CCOCN2N)C1,0.18000000715255737,247446,0.15
4986,CCC(C)(F)C1OCC#CNC=COC(=CCOC(C)=O)C1C(F)=CC=C1C=CC=CS1,0.2195121943950653,352191,0.2
4987,CC1=CC=C(Cl)C(C(C)C)=NC(=O)N=CCN(CCC2OCC3CC2N3)O1,0.2361111044883728,623105,0.2
4988,CC=CC=C1C2C=C(N)C(=NC=CC)C=CC(=CN)C=C[C@@H]1COC(C)C=CCNCC2=O,0.17105263471603394,351040,0.15
4989,C[CH]COC(=O)NC1[C@@H]2C=C(C)C(=O)CO[C@H]1C=CC=C1C=COC=C(C)C=C1C2,0.2530120611190796,453371,0.2
4990,CCOC(=O)C1=CCC(Cl)=C1C1=CNC2=CC(C)=CC2OC=CC(N)=CC=C1OC,0.26829269528388977,589597,0.2
4991,CC=CNC=CNc1ccccc1C=CC=CC=CC=CSC1(C)C=NC2CCC(C=CC)C2OCCN1,0.1962616890668869,245877,0.15
4992,C#CC=CC=C1C=CC(=O)C(OC(=C)NC=CC=CC#N)=C[CH]C(O)(CC)C(=O)OCCN1,0.20454545319080353,586127,0.2
4993,CN=CC1=CC=C2C(Cl)=NN=CC2[C@H](C)C=CCSCCNC(=O)O1,0.2238806039094925,199440,0.2
4994,FC(F)[C@H](F)CC(Br)OC1=CC=CC=CCC1,0.24390244483947754,98641,0.2
4995,C=N[C]1C=COC2C=CC=CNC[SH](=O)(O)[C@H](COC=CC=CC(=O)C=CO2)CC(S)C1,0.20000000298023224,224428,0.2
4996,CNC=Nc1nc(C)ccc1C1=CNC(=O)C(=COC)C(=O)CC=C(C)C=C1,0.26153847575187683,566802,0.2
4997,O=C(C[C@H](O)CC=CC=CO)C1=CC(F)C(=O)CC=CC(Cl)=NC=C1CCC=CF,0.20000000298023224,95017,0.2
4998,C=CCC(=O)C=CC1=CC(Cl)C=C([C]CN)NC1=CC,0.23188406229019165,336907,0.2
4999,CCOC[CH]C=CN(Cl)C=NOCCC1=CC(OC)C(=O)N2CNCCC=CC(F)=C2C1=CCl,0.20192307233810425,88712,0.2
5000,C=CC(C)C(=O)C=CCC(C)C(O)CC(=C)C=COCCC(=O)CC,0.3333333432674408,597905,0.2
