method,property,seed_id,requested_transitions,evaluable_transitions,structure_changed_transitions,structure_changed_fraction_evaluable,median_adjacent_tanimoto,q25_adjacent_tanimoto,p05_adjacent_tanimoto,median_absolute_sa_step_changed,p95_absolute_sa_step_changed,median_absolute_np_step_changed,p95_absolute_np_step_changed,median_absolute_property_step_changed,p95_absolute_property_step_changed
ChemSpacE extreme-SVM,BertzCT,0,99,64,20,0.3125,1.0,0.590625,0.15426320667284524,0.9955055632183814,3.2221192156244967,0.11347475563921064,1.3739741566246484,346.2557079669393,3068.2289290641115
ChemSpacE extreme-SVM,BertzCT,1,99,99,21,0.21212121212121213,1.0,1.0,0.11532276077730623,0.7042156159667883,4.580847465665993,0.10871151527270001,1.6935106545194079,127.35231111699068,3854.014606317668
ChemSpacE extreme-SVM,BertzCT,2,99,99,17,0.1717171717171717,1.0,1.0,0.07700665188470067,1.362214926383393,4.580847465665993,0.1861395829541285,2.3749084425858022,129.806110542876,4916.114648859976
ChemSpacE extreme-SVM,BertzCT,3,99,82,36,0.43902439024390244,1.0,0.573015873015873,0.09325221238938053,0.4448976778731937,3.8688090325581577,0.10907433232466626,0.44411233890117496,409.3257101565482,1893.113582316741
ChemSpacE extreme-SVM,BertzCT,4,99,99,20,0.20202020202020202,1.0,1.0,0.09141025641025642,0.6889583412680653,4.344955157973685,0.18520503287205392,0.7187520613551787,224.8136080178288,3705.838487993588
ChemSpacE extreme-SVM,BertzCT,5,99,99,31,0.31313131313131315,1.0,0.9622507122507122,0.049819277108433736,0.5821840501860835,4.388538467572001,0.10871151527270001,2.0322387387926213,460.65039856989404,1655.8776058514204
ChemSpacE extreme-SVM,BertzCT,6,99,99,23,0.23232323232323232,1.0,1.0,0.14847883211678833,0.5571876502129154,4.435454193148854,0.10871151527270001,0.5266077524739342,154.19494143034868,2314.6006824785145
ChemSpacE extreme-SVM,BertzCT,7,99,99,21,0.21212121212121213,1.0,1.0,0.10671758715236977,1.3043928745355595,4.580847465665993,0.24843446877916533,1.3533112701270498,101.51124422332077,7092.40811527174
ChemSpacE extreme-SVM,BertzCT,8,99,99,24,0.24242424242424243,1.0,1.0,0.1754201680672269,0.3748446813458237,3.6717453538445737,0.09255118780679741,1.0258586755681187,333.10487810867835,2302.906095474648
ChemSpacE extreme-SVM,BertzCT,9,99,99,29,0.29292929292929293,1.0,1.0,0.11529411764705882,0.3461750668771568,4.238566532448164,0.05473646444421493,1.3177835957575046,393.76523365539106,2491.5997062576107
ChemSpacE extreme-SVM,BertzCT,10,99,99,28,0.2828282828282828,1.0,1.0,0.12984607984607985,0.6025611747651518,4.248562863549002,0.08854698861750204,1.2137356577427783,402.08073668348516,2223.3189662265277
ChemSpacE extreme-SVM,BertzCT,11,99,99,22,0.2222222222222222,1.0,1.0,0.19080757726819542,0.3797878436338,3.5521416233578824,0.10270913572256984,1.0429531264956053,203.55697677692697,3562.712509347494
ChemSpacE extreme-SVM,BertzCT,12,99,99,24,0.24242424242424243,1.0,1.0,0.07427536231884059,0.6638213300916216,4.580847465665993,0.11768327222683,0.9394254414196297,350.1413060704796,3140.601077165268
ChemSpacE extreme-SVM,BertzCT,13,99,65,24,0.36923076923076925,1.0,0.6285714285714286,0.0733038432814385,0.4473260325011257,3.604888738915336,0.09146352877253515,0.9520571074874676,415.2540591021469,1920.5019891788338
ChemSpacE extreme-SVM,BertzCT,14,99,58,14,0.2413793103448276,1.0,1.0,0.1165719696969697,0.8598513817308167,4.18140663277891,0.16712889907751377,0.835103857422383,312.6736633035939,3258.664941626929
ChemSpacE extreme-SVM,BertzCT,15,99,99,25,0.25252525252525254,1.0,1.0,0.08953658536585365,0.8242835270722306,4.192324396324414,0.15285043109565222,1.105219539954142,286.6639413353423,2906.9213964026376
ChemSpacE extreme-SVM,BertzCT,16,99,59,19,0.3220338983050847,1.0,0.5147630147630148,0.10843373493975908,0.4647562177725071,3.7628305425890685,0.06867420215438053,1.174070422723252,631.951062616321,4097.665980989173
ChemSpacE extreme-SVM,BertzCT,17,99,99,31,0.31313131313131315,1.0,0.6538461538461539,0.1730355005983247,0.25808270031815894,2.091491492913572,0.10871151527270001,1.0857238813773684,181.7052750908657,1289.0686468584126
ChemSpacE extreme-SVM,BertzCT,18,99,53,12,0.22641509433962265,1.0,1.0,0.11172502928228119,1.3584322394475352,1.7020414035301288,0.3631895643673587,1.6974122860817622,294.59593971723564,7750.487612313827
ChemSpacE extreme-SVM,BertzCT,19,99,54,13,0.24074074074074073,1.0,1.0,0.05252100840336135,0.8946044356555349,3.1489596592733067,0.316837742031699,1.7176395219306437,709.9986498400704,7417.206905591012
ChemSpacE extreme-SVM,BertzCT,20,99,99,24,0.24242424242424243,1.0,1.0,0.14663865546218488,0.47294510169298043,2.8564590911271264,0.1238642273687142,1.2159316303728849,316.8253663593524,2387.439530305915
ChemSpacE extreme-SVM,BertzCT,21,99,99,21,0.21212121212121213,1.0,1.0,0.16729254201680674,0.6864546892097056,4.580847465665993,0.14465524199678143,1.9554796941081758,134.71351627306467,2541.950664195134
ChemSpacE extreme-SVM,BertzCT,22,99,99,29,0.29292929292929293,1.0,0.8898809523809523,0.11437418983148495,0.4422983438381376,4.2010936346751455,0.06838246196230408,0.9500568992275348,280.1489652777551,1923.8601688423691
ChemSpacE extreme-SVM,BertzCT,23,99,99,20,0.20202020202020202,1.0,1.0,0.11576227390180878,0.8739740302440646,4.583173619512147,0.2406757641628786,1.5327495091232013,189.52403879304333,1628.958978400446
ChemSpacE extreme-SVM,BertzCT,24,99,99,23,0.23232323232323232,1.0,1.0,0.1582857142857143,0.7762696645315224,3.0593408817888825,0.06014631695497501,2.1759711371646184,440.31686961275136,2121.6257804877278
ChemSpacE extreme-SVM,BertzCT,25,99,70,26,0.37142857142857144,1.0,0.699660633484163,0.05357142857142859,0.6800939603421017,4.46783735098721,0.08516443809587129,0.8284425145027723,185.97528584440215,2892.280107970127
ChemSpacE extreme-SVM,BertzCT,26,99,74,32,0.43243243243243246,1.0,0.5026595744680851,0.0872702272398321,0.3240672897291925,3.87068597065276,0.03427469499970297,1.549774012630113,455.3374358062847,1592.7513114135982
ChemSpacE extreme-SVM,BertzCT,27,99,99,28,0.2828282828282828,1.0,1.0,0.15874744724302248,0.58874516389456,3.9740232862191873,0.07073602266897012,0.8684479708489615,332.8021588779785,2065.9738143448712
ChemSpacE extreme-SVM,BertzCT,28,99,99,25,0.25252525252525254,1.0,1.0,0.22842105263157897,0.255372354418256,1.9714678883382581,0.16006966696136138,0.5950047370127943,190.76392511682732,2413.5103518470282
ChemSpacE extreme-SVM,BertzCT,29,99,99,18,0.18181818181818182,1.0,1.0,0.12157622739018088,0.8023287248623401,4.587825927204455,0.15484747507604665,2.433744524030152,319.2359418122909,2997.7384874242503
ChemSpacE extreme-SVM,BertzCT,30,99,55,12,0.21818181818181817,1.0,1.0,0.08896781923998631,0.9742031630192964,2.2437575901983435,0.2755301542333157,2.148672586762255,585.4678545800236,4021.060380261617
ChemSpacE extreme-SVM,BertzCT,31,99,99,33,0.3333333333333333,1.0,0.5494281045751634,0.12202380952380953,0.696632259147381,4.006123941417912,0.08167871425468287,0.783375081157537,375.4517582709136,1607.5941061561211
ChemSpacE extreme-SVM,BertzCT,32,99,99,27,0.2727272727272727,1.0,1.0,0.08764342453662843,0.3616103237081676,3.970852263499198,0.09897436528424991,1.157161820449365,382.1849525015932,2322.639611974298
ChemSpacE extreme-SVM,BertzCT,33,99,99,26,0.26262626262626265,1.0,1.0,0.18471638655462186,0.37168629020278887,4.543403002072892,0.05691504749262648,1.2312745779045002,442.36918231266736,2855.595262855855
ChemSpacE extreme-SVM,BertzCT,34,99,99,27,0.2727272727272727,1.0,1.0,0.11104117492787832,0.7578824325714368,4.296032092422858,0.06838246196230408,1.6569958832876557,251.6843797833103,1967.4321985984186
ChemSpacE extreme-SVM,BertzCT,35,99,99,25,0.25252525252525254,1.0,1.0,0.1313313875168388,0.5970070709131141,4.100826610817735,0.07208468474974698,1.1836684684481842,268.2707646867707,2017.3158446865245
ChemSpacE extreme-SVM,BertzCT,36,99,85,21,0.24705882352941178,1.0,1.0,0.09244558258642765,0.9926108803144089,3.631462888188879,0.10871151527270001,1.2790302781602167,204.19280948873632,2405.6568999879137
ChemSpacE extreme-SVM,BertzCT,37,99,99,27,0.2727272727272727,1.0,1.0,0.08446160835983645,0.4232572899293743,4.296032092422858,0.12885989848433033,1.1650904602332206,339.20272304529374,3267.8600399218403
ChemSpacE extreme-SVM,BertzCT,38,99,99,22,0.2222222222222222,1.0,1.0,0.07255944931163956,0.38373585820318734,4.533378236792137,0.14796375001141512,1.1942278899265872,220.98239363862544,5615.386074615551
ChemSpacE extreme-SVM,BertzCT,39,99,99,24,0.24242424242424243,1.0,1.0,0.12678571428571428,0.6143297582055007,4.422349918380865,0.08712999198243188,1.2645072674956377,453.4716953998759,2349.6311022340024
ChemSpacE extreme-SVM,BertzCT,40,99,99,25,0.25252525252525254,1.0,1.0,0.08931599773883551,0.6516424566755088,4.390970550170568,0.10871151527270001,1.2809993915163516,318.9173301461485,3744.791815577237
ChemSpacE extreme-SVM,BertzCT,41,99,99,22,0.2222222222222222,1.0,1.0,0.13603832442067737,0.8227018193994882,4.533378236792137,0.11069693416298307,1.1707798072847182,214.03177299074292,3288.687106145791
ChemSpacE extreme-SVM,BertzCT,42,99,99,28,0.2828282828282828,1.0,1.0,0.0903896103896104,0.5604939918987473,4.471784588166355,0.10871151527270001,1.5655937882535345,283.30044819396835,2363.530687290082
ChemSpacE extreme-SVM,BertzCT,43,99,99,26,0.26262626262626265,1.0,1.0,0.1988679245283019,0.6457800683642603,2.9332802755894978,0.11364557808442,1.4508018997898602,482.79606850421567,3238.7278127144127
ChemSpacE extreme-SVM,BertzCT,44,99,99,23,0.23232323232323232,1.0,1.0,0.14093097913322633,0.8637541586800346,4.449161950137663,0.18136924261092613,1.68278948504324,136.21499122004116,3399.453906846456
ChemSpacE extreme-SVM,BertzCT,45,99,99,23,0.23232323232323232,1.0,1.0,0.1461822660098522,0.6746543877451439,3.326497798447202,0.16287790673261332,1.3835966626961826,406.9862065128759,4156.072815168716
ChemSpacE extreme-SVM,BertzCT,46,99,99,26,0.26262626262626265,1.0,1.0,0.10288753799392099,0.65448072741084,4.345379934102678,0.10073595296203772,1.1720625047976165,338.58665867248703,2784.447752618749
ChemSpacE extreme-SVM,BertzCT,47,99,64,19,0.296875,1.0,0.44144144144144143,0.0844835164835165,1.0653461301637996,4.502342642564345,0.21391946909783371,1.1488261054173456,363.01552575795665,3848.7576260991814
ChemSpacE extreme-SVM,BertzCT,48,99,73,24,0.3287671232876712,1.0,0.5245901639344263,0.10654205607476637,0.5282233252803841,4.5807336270908765,0.15449094863611476,1.1071861432761578,159.36254355608222,2053.532927567683
ChemSpacE extreme-SVM,BertzCT,49,99,99,24,0.24242424242424243,1.0,1.0,0.1094017094017094,0.6523251516460347,4.366311426185754,0.10871151527270001,1.3629902177515192,315.833662189854,2890.090791919952
ChemSpacE extreme-SVM,FractionCSP3,0,99,99,39,0.3939393939393939,1.0,0.6900656814449918,0.11097560975609756,0.10460410696324551,1.464865958301094,0.013063918580566769,1.2864436013246567,0.0,0.2864661654135338
ChemSpacE extreme-SVM,FractionCSP3,1,99,99,37,0.37373737373737376,1.0,0.6957478005865103,0.15045805207328836,0.12650288770790574,2.7986420969136465,0.014076479007362919,1.1278834006818814,0.0,0.1999999999999993
ChemSpacE extreme-SVM,FractionCSP3,2,99,99,20,0.20202020202020202,1.0,1.0,0.12078853046594983,0.8894402483641479,2.8845305941144637,0.3838195822289111,2.953522554552597,0.007898009950248794,0.2883928571428572
ChemSpacE extreme-SVM,FractionCSP3,3,99,99,32,0.32323232323232326,1.0,0.6669387755102041,0.1562012987012987,0.29647077951921474,1.5960768645421266,0.04339008534628572,0.6137655324515064,0.00324675324675322,0.20924836601307184
ChemSpacE extreme-SVM,FractionCSP3,4,99,99,35,0.35353535353535354,1.0,0.6495535714285714,0.1464555052790347,0.17429442024496122,1.7961260195176645,0.03210144345384416,1.3636205756065025,0.0,0.19887955182072814
ChemSpacE extreme-SVM,FractionCSP3,5,99,99,30,0.30303030303030304,1.0,0.7320574162679425,0.10382727272727273,0.15674967243165128,2.4742542711185784,0.039777059968348905,1.5015837470194748,0.0,0.2492063492063491
ChemSpacE extreme-SVM,FractionCSP3,6,99,99,37,0.37373737373737376,1.0,0.7000768049155146,0.09550352258599254,0.17429442024496122,1.5567431832677339,0.018523586756022725,0.7162702513924135,0.0,0.13995859213250508
ChemSpacE extreme-SVM,FractionCSP3,7,99,99,24,0.24242424242424243,1.0,1.0,0.11340116279069769,0.36436191794158157,2.2722707904752864,0.21746786252523764,0.993468517961796,0.01483619763694947,0.25
ChemSpacE extreme-SVM,FractionCSP3,8,99,99,24,0.24242424242424243,1.0,1.0,0.17721424774056355,0.1880494996032187,2.187710827284562,0.13106536615534523,0.8572266168067899,0.015395622895622879,0.22127299783549761
ChemSpacE extreme-SVM,FractionCSP3,9,99,99,41,0.41414141414141414,1.0,0.7540322580645161,0.16511627906976745,0.11846062439018468,1.9838086351822177,0.014739075855844157,1.02740575835366,0.0,0.2307692307692308
ChemSpacE extreme-SVM,FractionCSP3,10,99,99,29,0.29292929292929293,1.0,0.7563524590163935,0.12929508196721312,0.1622403651076869,1.6985123937404585,0.039301414422548975,1.4776936148279343,0.0,0.20705590062111778
ChemSpacE extreme-SVM,FractionCSP3,11,99,99,25,0.25252525252525254,1.0,0.9125,0.1819014084507042,0.18920359955927246,1.551162988265145,0.058355123072220766,1.2379907295129566,0.00649350649350644,0.266399286987522
ChemSpacE extreme-SVM,FractionCSP3,12,99,99,37,0.37373737373737376,1.0,0.6858552631578947,0.12257616124174679,0.1622403651076869,1.6647542848391454,0.019398987840688303,0.898132427015204,0.0,0.18421052631578952
ChemSpacE extreme-SVM,FractionCSP3,13,99,99,44,0.4444444444444444,1.0,0.6518489378442172,0.15776397515527948,0.13487976597781381,2.2837226665827774,0.015536296866012997,0.8896725957067005,0.0,0.1401785714285714
ChemSpacE extreme-SVM,FractionCSP3,14,99,99,49,0.494949494949495,1.0,0.7301587301587302,0.12069481880802636,0.07869664012495825,1.7613707818956372,0.0054445059587272665,0.9382898950867367,0.0,0.09628571428571417
ChemSpacE extreme-SVM,FractionCSP3,15,99,99,35,0.35353535353535354,1.0,0.7249798224374495,0.1288050885960927,0.13388847647637014,2.4738396718849827,0.022195900704126623,1.1432944432347625,0.0,0.13596638655462132
ChemSpacE extreme-SVM,FractionCSP3,16,99,99,39,0.3939393939393939,1.0,0.7320574162679425,0.20871080139372822,0.09063954727556123,1.639457210513327,0.02121243153638961,0.711570351868805,0.0,0.12852941176470598
ChemSpacE extreme-SVM,FractionCSP3,17,99,99,41,0.41414141414141414,1.0,0.6475806451612903,0.12392857142857143,0.17942800783441193,1.9759756569876181,0.01577981794147848,0.5769558234990676,0.0,0.30831643002028386
ChemSpacE extreme-SVM,FractionCSP3,18,99,99,33,0.3333333333333333,1.0,0.7096774193548387,0.2011690325659072,0.22603787310969814,1.9443467766340337,0.02484349379941557,0.9017740992658554,0.0,0.2190909090909091
ChemSpacE extreme-SVM,FractionCSP3,19,99,99,38,0.3838383838383838,1.0,0.6813909774436091,0.12420212765957447,0.17902331078692546,2.5472445608167154,0.021868283869955752,1.4603156003004643,0.0,0.16067251461988294
ChemSpacE extreme-SVM,FractionCSP3,20,99,99,35,0.35353535353535354,1.0,0.7346041055718475,0.18577515568666012,0.1622403651076869,2.003865992509469,0.02121243153638961,0.9458965839275026,0.0,0.20692307692307688
ChemSpacE extreme-SVM,FractionCSP3,21,99,99,18,0.18181818181818182,1.0,1.0,0.12079303675048357,0.8489426663803563,2.152575972845133,0.25196541731898026,1.2063984943212689,0.04106060606060601,0.2625174825174825
ChemSpacE extreme-SVM,FractionCSP3,22,99,99,40,0.40404040404040403,1.0,0.6908349026993095,0.1227803738317757,0.18098023586561762,1.6798387414120912,0.021683540277719147,1.1522673426025012,0.0,0.21419191919191902
ChemSpacE extreme-SVM,FractionCSP3,23,99,99,25,0.25252525252525254,1.0,0.9358974358974359,0.16022978347326558,0.24560991295282086,2.058877114082952,0.1642616679950537,0.7548453082642479,0.033333333333333326,0.22196078431372532
ChemSpacE extreme-SVM,FractionCSP3,24,99,99,22,0.2222222222222222,1.0,1.0,0.11265368852459018,0.7668911797411377,3.0074957967281075,0.08214183131679287,2.2636507713118172,0.0,0.32820512820512804
ChemSpacE extreme-SVM,FractionCSP3,25,99,99,40,0.40404040404040403,1.0,0.7113095238095238,0.14617322834645669,0.13252978614012267,1.944572854593119,0.01432340087950279,0.5654056431103038,0.0,0.24460336498417456
ChemSpacE extreme-SVM,FractionCSP3,26,99,99,40,0.40404040404040403,1.0,0.7333333333333333,0.10252192982456142,0.0742137305986148,1.977306102783473,0.01098898504159091,0.9356500481181227,0.0,0.1689560439560437
ChemSpacE extreme-SVM,FractionCSP3,27,99,99,27,0.2727272727272727,1.0,0.7698412698412698,0.13575,0.39508216676604135,2.3657762821213204,0.05671355361022212,0.8320540688196184,0.0,0.2891968645165576
ChemSpacE extreme-SVM,FractionCSP3,28,99,99,30,0.30303030303030304,1.0,0.7432517263025737,0.26135531135531137,0.1860797047806293,2.0567738029894467,0.02446864902717207,0.4427039241998856,0.0,0.2659514170040485
ChemSpacE extreme-SVM,FractionCSP3,29,99,99,20,0.20202020202020202,1.0,1.0,0.11195773081201335,0.4956464204940283,2.5802820445049592,0.3025859046779243,1.2993221084882631,0.0,0.3375
ChemSpacE extreme-SVM,FractionCSP3,30,99,99,35,0.35353535353535354,1.0,0.6742424242424242,0.1506849315068493,0.1471254311154251,1.8748527428744153,0.019398987840688303,0.9984532769528011,0.0,0.1769344992575479
ChemSpacE extreme-SVM,FractionCSP3,31,99,99,21,0.21212121212121213,1.0,1.0,0.14085213032581453,0.3699478420372282,1.8978191472152206,0.16859266410621082,0.5098170942013709,0.0463768115942029,0.241025641025641
ChemSpacE extreme-SVM,FractionCSP3,32,99,99,34,0.3434343434343434,1.0,0.7124999999999999,0.10273726273726275,0.14107139402943325,2.3810806671823825,0.01951800401583159,1.3309263599393035,0.0,0.1759090909090909
ChemSpacE extreme-SVM,FractionCSP3,33,99,99,22,0.2222222222222222,1.0,1.0,0.2540816326530613,0.22938328815807196,2.53827674335205,0.08303664405843528,1.1184004688097209,0.0,0.26583333333333325
ChemSpacE extreme-SVM,FractionCSP3,34,99,99,27,0.2727272727272727,1.0,0.8447368421052632,0.13973042362002566,0.2751627414442348,2.875928402817614,0.060235750976208396,0.7098327421306196,0.0,0.24272727272727274
ChemSpacE extreme-SVM,FractionCSP3,35,99,99,35,0.35353535353535354,1.0,0.7055103884372177,0.15247252747252749,0.11998221537450693,2.240078227427664,0.018523586756022725,1.1721498929074006,0.0,0.18706709956709955
ChemSpacE extreme-SVM,FractionCSP3,36,99,99,30,0.30303030303030304,1.0,0.7612293144208038,0.10219435736677117,0.16295596748519525,2.2015751094759435,0.03878494310203624,0.8502603747949398,0.0,0.12093544137022406
ChemSpacE extreme-SVM,FractionCSP3,37,99,99,40,0.40404040404040403,1.0,0.7257053291536051,0.15068376068376071,0.1306472255230351,2.4911971253773975,0.016920794703858762,1.1170804410620947,0.0,0.15844155844155833
ChemSpacE extreme-SVM,FractionCSP3,38,99,99,26,0.26262626262626265,1.0,0.8011695906432749,0.16963002873563218,0.16984094117573,2.4182366517369074,0.06909809393311189,0.806045073926372,0.0,0.2344780219780219
ChemSpacE extreme-SVM,FractionCSP3,39,99,99,16,0.16161616161616163,1.0,1.0,0.1456051541647492,1.065160085540601,2.6565667152051913,0.328232597939414,1.6646570774575784,0.037062937062937104,0.275
ChemSpacE extreme-SVM,FractionCSP3,40,99,99,17,0.1717171717171717,1.0,1.0,0.12989719366490693,0.615367047574888,2.258496719232254,0.38641896899625655,1.665292603940165,0.021367521367521403,0.22377622377622372
ChemSpacE extreme-SVM,FractionCSP3,41,99,99,28,0.2828282828282828,1.0,0.7698412698412698,0.15818877551020408,0.16984094117573,2.07199690845822,0.0429086162331605,0.764594720146812,0.0,0.14514986824769427
ChemSpacE extreme-SVM,FractionCSP3,42,99,99,35,0.35353535353535354,1.0,0.7002932551319648,0.09856418918918919,0.16286376743700792,2.240011994999224,0.022332921958746768,1.1522506764409421,0.0,0.14627450980392143
ChemSpacE extreme-SVM,FractionCSP3,43,99,99,20,0.20202020202020202,1.0,1.0,0.19904761904761906,0.21298445982119185,2.274233059826176,0.12211308566685,1.3918901440274611,0.0,0.27361305361305377
ChemSpacE extreme-SVM,FractionCSP3,44,99,99,21,0.21212121212121213,1.0,1.0,0.1339907604832978,0.5406730433390878,2.089708332979934,0.23248739301332066,1.6076214169513543,0.02631578947368418,0.2478260869565218
ChemSpacE extreme-SVM,FractionCSP3,45,99,99,29,0.29292929292929293,1.0,0.7475633528265107,0.11976190476190476,0.1653874621064988,2.168259889537287,0.016526074427331505,1.1185631702208163,0.0,0.16714285714285712
ChemSpacE extreme-SVM,FractionCSP3,46,99,99,28,0.2828282828282828,1.0,0.8013888888888889,0.14663865546218488,0.17053354910026863,1.9639208210833021,0.03229994634661639,0.8685668856859456,0.0,0.21444444444444444
ChemSpacE extreme-SVM,FractionCSP3,47,99,99,37,0.37373737373737376,1.0,0.7222222222222222,0.13285714285714287,0.115362450798429,2.1858714449130434,0.016108403052733773,0.8188952116496762,0.0,0.15752668384247306
ChemSpacE extreme-SVM,FractionCSP3,48,99,99,45,0.45454545454545453,1.0,0.7383146807109942,0.16880514705882355,0.0549747853302307,1.8442343731339117,0.010293936970948062,0.4555245131894562,0.0,0.16339522546419097
ChemSpacE extreme-SVM,FractionCSP3,49,99,99,39,0.3939393939393939,1.0,0.6551840594393785,0.16357020547945206,0.1622403651076869,1.7792870650915176,0.018523586756022725,0.7621173794933053,0.0,0.1602380952380957
ChemSpacE extreme-SVM,HBA,0,99,99,54,0.5454545454545454,1.0,0.6741071428571428,0.11,0.07687234395910902,2.2675098524362522,0.01086727252137013,1.0060185432195992,0.0,13.699999999999989
ChemSpacE extreme-SVM,HBA,1,99,99,41,0.41414141414141414,1.0,0.7429193899782135,0.13303571428571428,0.23344566900748376,2.2687710207386527,0.01716821179073491,1.447425173641342,0.0,21.0
ChemSpacE extreme-SVM,HBA,2,99,99,36,0.36363636363636365,1.0,0.8328173374613003,0.11659663865546219,0.26632076546411465,2.263835157653374,0.04418980765601918,1.7801960341726248,0.0,20.25
ChemSpacE extreme-SVM,HBA,3,99,99,63,0.6363636363636364,1.0,0.7204861111111112,0.0851063829787234,0.04810318739456321,1.561474704944461,0.0015881873537954491,0.7912038606558142,0.0,9.899999999999999
ChemSpacE extreme-SVM,HBA,4,99,99,30,0.30303030303030304,1.0,0.9041666666666667,0.11972105837111863,0.2942839375009183,2.3493439197136405,0.21302897444085428,1.3162670977495214,0.5,13.299999999999983
ChemSpacE extreme-SVM,HBA,5,99,99,39,0.3939393939393939,1.0,0.7349498327759196,0.07077922077922078,0.2788878696522108,3.6849048752578497,0.10798637619325407,1.4721480292160003,0.0,61.00000000000003
ChemSpacE extreme-SVM,HBA,6,99,99,40,0.40404040404040403,1.0,0.5621212121212121,0.12473021582733813,0.2232134554403018,2.1854347082740766,0.0905709680410766,1.1457685456254383,0.0,15.549999999999969
ChemSpacE extreme-SVM,HBA,7,99,99,41,0.41414141414141414,1.0,0.6458333333333333,0.11058823529411764,0.25029229202321446,1.6082971324045552,0.018844585870299913,1.1543500517053333,0.0,24.0
ChemSpacE extreme-SVM,HBA,8,99,99,40,0.40404040404040403,1.0,0.7592592592592593,0.15232292460015234,0.3856930059474992,2.789514877626453,0.06607446542579123,1.3099088186637777,0.0,20.099999999999994
ChemSpacE extreme-SVM,HBA,9,99,99,30,0.30303030303030304,1.0,0.98,0.16264367816091954,0.32566255120965426,2.158134643495652,0.056802910925772075,1.2162657601756135,0.0,15.149999999999963
ChemSpacE extreme-SVM,HBA,10,99,99,40,0.40404040404040403,1.0,0.7596153846153846,0.10715942028985508,0.20160958535066253,2.679971383993795,0.054093250276484886,1.1893710405691624,0.0,16.19999999999999
ChemSpacE extreme-SVM,HBA,11,99,99,31,0.31313131313131315,1.0,0.975,0.16728571428571432,0.3997445842332761,2.5001754050414493,0.06250302353590001,1.477845049644606,0.0,14.5
ChemSpacE extreme-SVM,HBA,12,99,99,36,0.36363636363636365,1.0,0.44381313131313127,0.11986845711153742,0.5856321766283412,1.8989029982672565,0.3472950499202787,1.5074157439259745,0.0,10.5
ChemSpacE extreme-SVM,HBA,13,99,95,60,0.631578947368421,0.9666666666666667,0.75,0.12083333333333333,0.02585099562035431,2.5800987962086346,0.006941534264987013,0.4849755094774318,0.0,4.499999999999972
ChemSpacE extreme-SVM,HBA,14,99,94,36,0.3829787234042553,1.0,0.7024620220010477,0.14733796296296295,0.23859711982109122,4.168992992470476,0.04495140017046329,1.6505785917622404,0.0,15.0
ChemSpacE extreme-SVM,HBA,15,99,99,28,0.2828282828282828,1.0,0.9666666666666667,0.11613311109833899,0.5833299802037017,2.51540450937021,0.18104323539518663,1.3976272065998872,1.0,13.899999999999991
ChemSpacE extreme-SVM,HBA,16,99,99,37,0.37373737373737376,1.0,0.587919776119403,0.10173796791443851,0.32732925147799463,2.2151199959350314,0.17121353736893336,1.4077371624303416,0.0,12.599999999999987
ChemSpacE extreme-SVM,HBA,17,99,99,29,0.29292929292929293,1.0,1.0,0.11023622047244094,0.6776366579670956,2.9667930624288275,0.12123827839141706,1.3207312774547528,1.0,30.39999999999999
ChemSpacE extreme-SVM,HBA,18,99,99,37,0.37373737373737376,1.0,0.5492753623188406,0.14516885553470918,0.29183407607487943,2.1865002590471914,0.12866841112607452,1.3891499211800868,0.0,13.399999999999991
ChemSpacE extreme-SVM,HBA,19,99,99,36,0.36363636363636365,1.0,0.7367724867724867,0.11213151927437642,0.26988388469545077,2.754920695626569,0.13205783796194565,2.351268782087719,0.5,15.0
ChemSpacE extreme-SVM,HBA,20,99,99,45,0.45454545454545453,1.0,0.6185185185185185,0.1649241964827168,0.17441470013670735,1.681690800896516,0.02088973426589286,1.215857253103309,0.0,11.599999999999994
ChemSpacE extreme-SVM,HBA,21,99,99,58,0.5858585858585859,0.9090909090909091,0.45472972972972975,0.1276062900407688,0.07842288527068764,1.5774682618808027,0.011611595564892812,0.8561012109637983,0.0,8.149999999999999
ChemSpacE extreme-SVM,HBA,22,99,99,43,0.43434343434343436,1.0,0.7537537537537538,0.09064171122994653,0.1978917007783778,1.671365294199646,0.02855651611545818,0.9192857337912432,0.0,18.599999999999994
ChemSpacE extreme-SVM,HBA,23,99,99,37,0.37373737373737376,1.0,0.831764705882353,0.11681139755766622,0.25726356434397246,2.4417893935717236,0.043628010731949995,0.8611356500222123,0.0,16.399999999999928
ChemSpacE extreme-SVM,HBA,24,99,99,40,0.40404040404040403,1.0,0.6892857142857143,0.11052631578947368,0.218133940360008,2.327679806862171,0.039611314590676905,0.8909002758220298,0.0,13.249999999999986
ChemSpacE extreme-SVM,HBA,25,99,99,61,0.6161616161616161,0.875,0.5416901408450705,0.12392857142857143,0.058865173453364505,1.2396030668883036,0.005444505958727272,1.029975333009645,0.0,16.0
ChemSpacE extreme-SVM,HBA,26,99,99,33,0.3333333333333333,1.0,0.8492647058823529,0.10344827586206896,0.4199767993544148,2.4766636475105894,0.07676094834970834,1.3243599992589,0.0,16.19999999999999
ChemSpacE extreme-SVM,HBA,27,99,99,35,0.35353535353535354,1.0,0.5961538461538461,0.13663793103448277,0.32980715225159507,2.680201999329737,0.09131972871558075,1.4220976560158345,0.0,10.599999999999994
ChemSpacE extreme-SVM,HBA,28,99,99,37,0.37373737373737376,1.0,0.8708333333333333,0.2640615835777126,0.10089756157692875,1.7249927429120713,0.01275164473338708,0.8245576373833825,0.0,15.199999999999996
ChemSpacE extreme-SVM,HBA,29,99,99,44,0.4444444444444444,1.0,0.7285714285714286,0.10473289597000938,0.18493337217520356,1.5555994929064105,0.013091778067056602,1.5594935363166245,0.0,20.350000000000016
ChemSpacE extreme-SVM,HBA,30,99,96,34,0.3541666666666667,1.0,0.6443376068376069,0.11283783783783784,0.3770453558997966,2.1571184111180157,0.1267751551130685,1.35560670880993,0.5,13.349999999999998
ChemSpacE extreme-SVM,HBA,31,99,99,57,0.5757575757575758,1.0,0.7795542635658914,0.14401544401544403,0.05023475408250633,1.762101633756938,0.00366410019764935,0.787994288252102,0.0,9.399999999999991
ChemSpacE extreme-SVM,HBA,32,99,99,32,0.32323232323232326,1.0,0.8819444444444444,0.1400656814449918,0.2925746267609002,3.8684517364374713,0.038732147091767144,0.5643953115884411,0.0,41.0
ChemSpacE extreme-SVM,HBA,33,99,99,56,0.5656565656565656,1.0,0.7746031746031746,0.1633456904541242,0.030402400075748126,2.67085400371354,0.0012395857898460372,0.8853367963253913,0.0,23.0
ChemSpacE extreme-SVM,HBA,34,99,99,40,0.40404040404040403,1.0,0.5764767932489452,0.16403810835629018,0.37656681972340644,1.445633400440513,0.11667651808741791,0.8303087299208005,0.0,15.099999999999994
ChemSpacE extreme-SVM,HBA,35,99,99,31,0.31313131313131315,1.0,0.5857699805068226,0.1,0.4199767993544148,2.8314768358687763,0.19978113083789223,1.6206291753107696,0.0,18.5
ChemSpacE extreme-SVM,HBA,36,99,99,40,0.40404040404040403,1.0,0.5438746438746438,0.08492753623188407,0.2569907657107722,2.271494850848977,0.2201233825818071,1.1279223434672974,0.0,11.049999999999997
ChemSpacE extreme-SVM,HBA,37,99,99,35,0.35353535353535354,1.0,0.5610766045548654,0.14047619047619048,0.36879464427313735,2.50708569006616,0.20337913065043223,1.2032816829182504,0.0,13.399999999999977
ChemSpacE extreme-SVM,HBA,38,99,99,43,0.43434343434343436,1.0,0.5815018315018315,0.08115384615384616,0.23882720855831607,2.827485255331028,0.05091923459899972,1.4083474227009551,0.0,12.499999999999993
ChemSpacE extreme-SVM,HBA,39,99,99,35,0.35353535353535354,1.0,0.6419753086419753,0.14415204678362573,0.28041069235196403,2.14424317080218,0.09994780640410363,1.6487524031545289,0.0,15.0
ChemSpacE extreme-SVM,HBA,40,99,99,34,0.3434343434343434,1.0,0.7697368421052632,0.10335985853227232,0.23882720855831607,2.5733947108936053,0.12154328614747426,1.2316798692209048,0.0,16.049999999999994
ChemSpacE extreme-SVM,HBA,41,99,99,42,0.42424242424242425,1.0,0.8139097744360901,0.148295033358043,0.09364587739268071,1.6023351592832897,0.023249832011993196,0.9752458321510911,0.0,15.64999999999997
ChemSpacE extreme-SVM,HBA,42,99,99,38,0.3838383838383838,1.0,0.743421052631579,0.13625914315569487,0.2324574728940485,2.104342256212502,0.04954718411898855,0.9557895565811338,0.0,19.15
ChemSpacE extreme-SVM,HBA,43,99,99,48,0.48484848484848486,1.0,0.6666666666666666,0.13762357652358903,0.13332263990284954,1.9130611015997157,0.012860226225915487,0.6642292204701424,0.0,9.949999999999996
ChemSpacE extreme-SVM,HBA,44,99,99,38,0.3838383838383838,1.0,0.7733050847457628,0.11234663767665787,0.277039062682396,2.249064052096512,0.02506297238085857,0.8767541465613738,0.0,14.0
ChemSpacE extreme-SVM,HBA,45,99,99,33,0.3333333333333333,1.0,0.7614035087719297,0.15261248185776488,0.2817207897954823,2.5910222181260227,0.12164990057754424,1.2423333555351008,0.0,16.599999999999994
ChemSpacE extreme-SVM,HBA,46,99,99,37,0.37373737373737376,1.0,0.8492647058823529,0.08629579375848034,0.20073144048474312,1.9741253655919615,0.022962110911552633,1.4308252360860252,0.0,11.199999999999996
ChemSpacE extreme-SVM,HBA,47,99,99,34,0.3434343434343434,1.0,0.9117647058823529,0.12669917257683214,0.5247327345594441,2.2140512117029565,0.06656803070618682,1.323122790854528,0.0,12.699999999999996
ChemSpacE extreme-SVM,HBA,48,99,99,56,0.5656565656565656,1.0,0.7651515151515151,0.20071428571428576,0.04532488716471761,1.7956362451323808,0.010068033045116885,0.593160741510487,0.0,10.25
ChemSpacE extreme-SVM,HBA,49,99,99,33,0.3333333333333333,1.0,0.8823529411764706,0.1262189426489819,0.4199767993544148,1.9989845552053602,0.0960504905956126,1.6582199719109025,0.0,7.399999999999999
ChemSpacE extreme-SVM,HeavyAtomCount,0,99,53,32,0.6037735849056604,0.7368421052631579,0.42105263157894735,0.0821746067927969,0.4468690454948443,2.7576681309121978,0.02696089333673702,1.2783103304657266,0.0,46.849999999999994
ChemSpacE extreme-SVM,HeavyAtomCount,1,99,54,27,0.5,0.95,0.5488548801369864,0.08185513673318552,0.16124969300350322,2.125985462931827,0.04016110803287659,1.2009677151449991,0.0,45.599999999999994
ChemSpacE extreme-SVM,HeavyAtomCount,2,99,55,31,0.5636363636363636,0.8571428571428571,0.560583822570124,0.09927946474523933,0.47401056973538847,4.362522444972049,0.03376249399793507,1.5683116359124647,0.0,31.5
ChemSpacE extreme-SVM,HeavyAtomCount,3,99,55,47,0.8545454545454545,1.0,0.49113272311212813,0.04868781825303565,0.10455852557822443,1.7807282143213834,0.007891988155734664,0.39929315402767124,3.0,13.0
ChemSpacE extreme-SVM,HeavyAtomCount,4,99,54,38,0.7037037037037037,0.712962962962963,0.39559270516717326,0.10981818181818183,0.1668171696464471,1.9231423049747531,0.00762318568097091,0.7182977769612483,0.0,31.199999999999932
ChemSpacE extreme-SVM,HeavyAtomCount,5,99,57,36,0.631578947368421,0.675,0.5128205128205128,0.05935556811758057,0.6707105450530308,2.9055480542934005,0.0888356018600788,1.2275995138166795,3.5,20.25
ChemSpacE extreme-SVM,HeavyAtomCount,6,99,55,30,0.5454545454545454,0.75,0.37772899857617465,0.03389228886168911,0.3317858371938698,2.041539395398155,0.11114616984532297,0.5341025812874907,1.0,59.34999999999995
ChemSpacE extreme-SVM,HeavyAtomCount,7,99,55,26,0.4727272727272727,1.0,0.44751412429378534,0.11643243243243244,0.22738517868945873,2.7860174313007504,0.07012503616792333,1.0388092795939639,0.5,32.75
ChemSpacE extreme-SVM,HeavyAtomCount,8,99,56,24,0.42857142857142855,1.0,0.631578947368421,0.14599483204134367,0.5281558151328221,3.0092605664183543,0.058736799293569744,1.2034263895437063,0.0,25.049999999999972
ChemSpacE extreme-SVM,HeavyAtomCount,9,99,55,26,0.4727272727272727,1.0,0.5003561253561254,0.057255244755244766,0.3747333052221724,1.7630514864054605,0.025260497982883767,1.003408330232478,0.0,54.5
ChemSpacE extreme-SVM,HeavyAtomCount,10,99,55,53,0.9636363636363636,0.5176470588235295,0.36848974780009264,0.08238636363636365,0.08778493647360897,2.072904594453886,0.024877324828916247,1.0058170190113644,3.0,16.999999999999993
ChemSpacE extreme-SVM,HeavyAtomCount,11,99,57,36,0.631578947368421,0.7741935483870968,0.40540540540540543,0.1329192546583851,0.24214507028588672,1.871206827158416,0.017534954620218177,0.5921264564390785,0.0,18.25
ChemSpacE extreme-SVM,HeavyAtomCount,12,99,54,30,0.5555555555555556,0.8583333333333334,0.5,0.07784313725490197,0.346740078448585,1.6595706447656602,0.04171085774333762,1.0427612986151193,2.0,16.84999999999998
ChemSpacE extreme-SVM,HeavyAtomCount,13,99,54,30,0.5555555555555556,0.8931459376203312,0.5410412757973734,0.11998929622692,0.16218808689226716,3.060454025476541,0.02738341892841822,0.6009330986295391,0.0,28.84999999999998
ChemSpacE extreme-SVM,HeavyAtomCount,14,99,53,45,0.8490566037735849,0.5714285714285714,0.4444444444444444,0.1407041092664547,0.20081217835134346,1.62455135722719,0.04255122170438455,0.6548523145395426,3.0,15.599999999999994
ChemSpacE extreme-SVM,HeavyAtomCount,15,99,55,29,0.5272727272727272,0.875,0.5234234234234234,0.07978947368421054,0.330975633796073,2.7669774541778716,0.010327850159350001,0.5151723537129453,0.0,17.799999999999994
ChemSpacE extreme-SVM,HeavyAtomCount,16,99,53,31,0.5849056603773585,0.8125,0.2554347826086957,0.08252032520325203,0.23182000131762504,3.234380640150951,0.014223626673039471,1.1790332799400445,2.0,63.0
ChemSpacE extreme-SVM,HeavyAtomCount,17,99,56,43,0.7678571428571429,0.6143802434125014,0.37628170534268757,0.15689493433395874,0.2540372657383383,1.9722565222630564,0.010562761015959684,0.7222762416798966,3.0,24.9
ChemSpacE extreme-SVM,HeavyAtomCount,18,99,53,53,1.0,0.6984126984126984,0.5333333333333333,0.08332243296272074,0.07456974016868045,2.549508896242123,0.022558118952502676,0.9069476129989837,1.0,42.79999999999991
ChemSpacE extreme-SVM,HeavyAtomCount,19,99,52,39,0.75,0.7459720730397421,0.43885135135135134,0.053755274261603384,0.23575883563211875,1.4047860237837677,0.022837482445974028,1.044990308649721,0.0,24.1
ChemSpacE extreme-SVM,HeavyAtomCount,20,99,57,27,0.47368421052631576,1.0,0.6153846153846154,0.09770833333333334,0.5042459967495532,4.048543637845101,0.02308702097094803,0.929861704431219,0.0,56.39999999999998
ChemSpacE extreme-SVM,HeavyAtomCount,21,99,55,27,0.4909090909090909,1.0,0.5040983606557377,0.1254192654192654,0.3319509696794505,3.2348910132028994,0.04609032979962824,1.28484628318339,0.0,24.79999999999999
ChemSpacE extreme-SVM,HeavyAtomCount,22,99,55,31,0.5636363636363636,0.8181818181818182,0.5198529411764705,0.06596244131455399,0.4377994817286073,4.338279227317324,0.04671473681994158,1.3325850444204372,0.0,51.5
ChemSpacE extreme-SVM,HeavyAtomCount,23,99,55,27,0.4909090909090909,1.0,0.44199346405228757,0.07319833234067898,0.3028414992863073,2.4111060179599284,0.0419103666574156,0.8495494456534595,0.0,59.8
ChemSpacE extreme-SVM,HeavyAtomCount,24,99,57,24,0.42105263157894735,1.0,0.4594594594594595,0.06307692307692309,0.6481297965525226,4.353454216381901,0.06616443624012855,2.7656216349841145,2.0,38.249999999999986
ChemSpacE extreme-SVM,HeavyAtomCount,25,99,56,30,0.5357142857142857,0.9009146341463414,0.5431488801054019,0.08869485294117647,0.2842315016045336,3.077380894818233,0.029699516572745624,0.9083212171931117,0.0,49.799999999999955
ChemSpacE extreme-SVM,HeavyAtomCount,26,99,54,36,0.6666666666666666,0.7670967741935484,0.4369047619047619,0.08136727688787186,0.20238360036676983,2.116581971762869,0.010068033045116883,0.7434006094574851,0.0,20.5
ChemSpacE extreme-SVM,HeavyAtomCount,27,99,57,29,0.5087719298245614,1.0,0.3466666666666667,0.1331081081081081,0.6551724035504956,2.8126138738921567,0.10794669168427094,0.8762930000898833,2.0,13.0
ChemSpacE extreme-SVM,HeavyAtomCount,28,99,57,24,0.42105263157894735,1.0,0.5333333333333333,0.1949397590361446,0.5218754242318822,2.094563391421491,0.1011457006404867,0.5318462500388542,1.0,31.199999999999974
ChemSpacE extreme-SVM,HeavyAtomCount,29,99,54,27,0.5,0.9375,0.5169507942657885,0.07789893617021279,0.18827808576549288,3.3427030959727695,0.04649732473907143,2.317741748297648,0.0,46.29999999999998
ChemSpacE extreme-SVM,HeavyAtomCount,30,99,53,45,0.8490566037735849,0.5833333333333334,0.2631578947368421,0.037500000000000006,0.42085574039147033,2.9073479790357375,0.06970714691620183,1.1316955811973104,4.0,21.19999999999999
ChemSpacE extreme-SVM,HeavyAtomCount,31,99,56,28,0.5,0.9318181818181819,0.4108823529411765,0.10753757736516358,0.5240664348917798,2.6559920271291078,0.028801510836808437,0.833539185305495,1.0,32.84999999999996
ChemSpacE extreme-SVM,HeavyAtomCount,32,99,54,32,0.5925925925925926,0.7634032634032635,0.43180991635349736,0.05570707070707072,0.19968136763389133,2.1367357821066966,0.010197941602233442,0.27705750150957825,0.0,27.649999999999988
ChemSpacE extreme-SVM,HeavyAtomCount,33,99,55,19,0.34545454545454546,1.0,0.5903010033444815,0.08984158415841584,0.3226080335054702,2.9437449916676726,0.1077103838645325,1.4337874085743672,2.0,29.299999999999866
ChemSpacE extreme-SVM,HeavyAtomCount,34,99,55,29,0.5272727272727272,0.8695652173913043,0.38125,0.09000999000999002,0.5749940422438673,2.2379024135212604,0.09082987591392946,0.9952538122700862,2.0,43.39999999999999
ChemSpacE extreme-SVM,HeavyAtomCount,35,99,55,34,0.6181818181818182,0.7741935483870968,0.3894588165328576,0.062152917505030186,0.21316828323220172,2.980537160452812,0.016423391930319917,1.229265567920312,2.0,19.49999999999998
ChemSpacE extreme-SVM,HeavyAtomCount,36,99,54,37,0.6851851851851852,0.7078282828282829,0.3993416827231856,0.09276354973198332,0.1180355127863475,2.05917864275915,0.01615355154213837,0.6497725975664316,0.0,25.199999999999953
ChemSpacE extreme-SVM,HeavyAtomCount,37,99,54,30,0.5555555555555556,0.8310344827586207,0.40433294588660723,0.07511272629382866,0.47745914165705017,2.879204921152619,0.04055701132465944,1.2341468496651142,1.0,69.84999999999998
ChemSpacE extreme-SVM,HeavyAtomCount,38,99,54,24,0.4444444444444444,1.0,0.49185059422750427,0.06957741935483872,0.2476538608408725,2.933038389367486,0.04962596722726163,1.5148293187418793,0.5,75.69999999999999
ChemSpacE extreme-SVM,HeavyAtomCount,39,99,55,29,0.5272727272727272,0.9411764705882353,0.4392361111111111,0.09791666666666667,0.2705131543154291,2.7842674375841545,0.06594273959388867,1.6190407228483141,4.0,45.19999999999999
ChemSpacE extreme-SVM,HeavyAtomCount,40,99,56,29,0.5178571428571429,0.7653846153846153,0.3727134146341463,0.0654846598488217,0.568299654850378,2.279273335614264,0.05553793670503243,0.8886565434542071,1.0,57.599999999999945
ChemSpacE extreme-SVM,HeavyAtomCount,41,99,54,22,0.4074074074074074,1.0,0.4102473650866786,0.09704724409448821,0.6059063515417087,4.43918233930041,0.17592100494397644,1.8939129713244403,3.0,27.29999999999999
ChemSpacE extreme-SVM,HeavyAtomCount,42,99,56,28,0.5,0.9333333333333333,0.3968253968253968,0.04661654135338346,0.6223474475089978,3.4676126572706862,0.06486299996222941,1.5013605332463344,1.0,66.3
ChemSpacE extreme-SVM,HeavyAtomCount,43,99,57,20,0.3508771929824561,1.0,0.7272727272727273,0.18692307692307694,0.5634358980359617,3.266247336267968,0.026535749255061393,0.8287339036772462,0.0,19.30000000000009
ChemSpacE extreme-SVM,HeavyAtomCount,44,99,55,30,0.5454545454545454,0.7008547008547008,0.47106647537063606,0.12986111111111112,0.19939174332803233,1.9034021603652358,0.04056130210057471,1.33535100876627,0.0,33.0
ChemSpacE extreme-SVM,HeavyAtomCount,45,99,57,26,0.45614035087719296,1.0,0.4418604651162791,0.11591676040494939,0.3957354959117767,1.877769675165685,0.03696011641162007,1.2409005587249546,0.0,37.75
ChemSpacE extreme-SVM,HeavyAtomCount,46,99,55,27,0.4909090909090909,1.0,0.4333990425232329,0.1391304347826087,0.7260859657423424,1.9398976601850422,0.046961084647856005,0.7598745326676448,1.0,34.599999999999994
ChemSpacE extreme-SVM,HeavyAtomCount,47,99,54,36,0.6666666666666666,0.7715773809523809,0.373399897593446,0.08347800925925927,0.20291207813499845,1.8041281829007518,0.011225455861782897,0.8187208256582368,0.5,42.75
ChemSpacE extreme-SVM,HeavyAtomCount,48,99,54,24,0.4444444444444444,1.0,0.6196172248803828,0.12679367201426028,0.43946913856995273,2.6720921100698685,0.06550159774368298,1.063024634542028,0.5,12.399999999999991
ChemSpacE extreme-SVM,HeavyAtomCount,49,99,55,28,0.509090909090909,1.0,0.5206349206349206,0.06407179487179487,0.3814710699923354,2.1507458465090754,0.03307892507865795,1.1825259985711811,0.0,32.39999999999998
ChemSpacE extreme-SVM,TPSA,0,99,99,42,0.42424242424242425,1.0,0.75,0.09006046863189722,0.18425317769769523,2.550400728905552,0.015386208228188312,1.1836549942475663,13.999999999999773,97.90999999999978
ChemSpacE extreme-SVM,TPSA,1,99,99,51,0.5151515151515151,1.0,0.7096774193548387,0.1502130449033104,0.12447292500133855,2.624091889973202,0.010068033045116885,0.8730165932177494,14.0,738.244999999999
ChemSpacE extreme-SVM,TPSA,2,99,99,55,0.5555555555555556,1.0,0.7795138888888888,0.08770053475935831,0.033644524239802465,2.768207083923683,0.0,1.1908671503798516,5.599999999999909,261.19
ChemSpacE extreme-SVM,TPSA,3,99,99,27,0.2727272727272727,1.0,0.935,0.12862903225806452,0.7672191921035374,2.6266334694587004,0.24508281232396661,1.6648936940531354,14.0,332.1150000000001
ChemSpacE extreme-SVM,TPSA,4,99,99,22,0.2222222222222222,1.0,1.0,0.11403137669663319,0.5278421348483908,2.1882690160015716,0.16052678346965554,1.4327981614780336,35.27499999999999,220.60799999999955
ChemSpacE extreme-SVM,TPSA,5,99,99,51,0.5151515151515151,1.0,0.6224561403508772,0.05080500894454383,0.10896761943346611,2.412788360318059,0.008479845691321429,1.6296856796769914,16.799999999999727,259.775
ChemSpacE extreme-SVM,TPSA,6,99,99,59,0.5959595959595959,1.0,0.6904761904761905,0.10615367433549253,0.06509240163960683,3.034973150377357,0.00462352708638961,1.0747235783132467,11.19999999999959,351.5439999999945
ChemSpacE extreme-SVM,TPSA,7,99,99,43,0.43434343434343436,1.0,0.7182539682539683,0.18113636363636365,0.13136113220830836,1.4640004117320091,0.0041784241196623426,0.7834082063584932,19.59999999999991,180.77999999999992
ChemSpacE extreme-SVM,TPSA,8,99,99,50,0.5050505050505051,1.0,0.7527233115468409,0.12695269526952696,0.0928236332059873,2.21005127652211,0.009919132463282632,1.231073893424854,11.389999999999986,215.0634999999997
ChemSpacE extreme-SVM,TPSA,9,99,99,54,0.5454545454545454,1.0,0.7394540942928041,0.1981818181818182,0.028590504983851517,1.6063994789277964,0.0,0.6070854936373662,8.399999999999864,154.2984999999999
ChemSpacE extreme-SVM,TPSA,10,99,99,58,0.5858585858585859,0.96875,0.6771235521235521,0.15601799775028122,0.054320904796989034,1.54488612492947,0.004400975603025976,0.8782577336861935,11.294999999999732,142.58949999999996
ChemSpacE extreme-SVM,TPSA,11,99,99,25,0.25252525252525254,1.0,1.0,0.14394673123486684,0.4848703651068291,2.7613621417297436,0.09944757892785455,1.685180007020182,13.999999999999545,193.40199999999976
ChemSpacE extreme-SVM,TPSA,12,99,99,58,0.5858585858585859,1.0,0.6876847290640394,0.16543624161073825,0.0809064105705124,1.225055979215354,0.00711248173098052,1.3553802268236386,11.199999999999704,203.06499999999934
ChemSpacE extreme-SVM,TPSA,13,99,99,30,0.30303030303030304,1.0,0.9761904761904762,0.11736070381231672,0.28794280999628485,2.048366218326316,0.06823853702467898,0.6484133301304098,15.39999999999975,124.69499999999985
ChemSpacE extreme-SVM,TPSA,14,99,99,58,0.5858585858585859,1.0,0.7696827262044654,0.16128188358404186,0.035287749299981463,2.1312343668084597,0.003921262158655846,1.2881094352508604,5.599999999999909,377.89650000000006
ChemSpacE extreme-SVM,TPSA,15,99,99,24,0.24242424242424243,1.0,1.0,0.18165322580645163,0.5278419119480318,2.810557143900562,0.12574186707334334,1.2079008153847723,15.415000000000033,173.11549999999974
ChemSpacE extreme-SVM,TPSA,16,99,99,58,0.5858585858585859,1.0,0.722007722007722,0.12328597497393118,0.04825820742918552,1.2702652954325802,0.0048114650391948115,1.4773732096736683,8.399999999999864,89.17599999999996
ChemSpacE extreme-SVM,TPSA,17,99,99,45,0.45454545454545453,1.0,0.7390756302521009,0.11911111111111111,0.0786803092102204,1.9293998207433405,0.010068033045116885,1.1139464344973053,8.399999999999864,137.39999999999978
ChemSpacE extreme-SVM,TPSA,18,99,99,44,0.4444444444444444,1.0,0.6854066985645934,0.10435483870967742,0.20181673673029454,2.4211428069473717,0.035271662374532914,1.6076018717531246,5.600000000000023,261.1434999999999
ChemSpacE extreme-SVM,TPSA,19,99,99,52,0.5252525252525253,1.0,0.6794871794871795,0.09559708584098829,0.06127270542094454,1.9706638303874993,0.008968588745375851,1.243811880238995,9.79999999999984,177.12149999999951
ChemSpacE extreme-SVM,TPSA,20,99,99,56,0.5656565656565656,1.0,0.6951013513513513,0.15556090515166107,0.05572306068903554,2.1040769661185346,0.005690921068324681,0.975006401047551,8.400000000000091,65.15750000000003
ChemSpacE extreme-SVM,TPSA,21,99,99,47,0.47474747474747475,1.0,0.6466165413533835,0.07939213564213565,0.24045989147770896,1.9564519255391146,0.027023096150059288,1.0014196040218692,11.199999999999818,226.15799999999956
ChemSpacE extreme-SVM,TPSA,22,99,99,52,0.5252525252525253,1.0,0.6964285714285714,0.10342741935483872,0.07958170596426228,2.275018109843455,0.010068033045116885,1.3466088423219789,9.799999999999955,226.98299999999995
ChemSpacE extreme-SVM,TPSA,23,99,99,57,0.5757575757575758,0.9629629629629629,0.6625596184419714,0.16149412296564195,0.07267612022683068,1.4478570399047552,0.00828762728403896,0.8098153909830036,13.999999999999545,164.376
ChemSpacE extreme-SVM,TPSA,24,99,99,55,0.5555555555555556,1.0,0.6666666666666666,0.13110465116279071,0.05541879929011806,3.0178915499481516,0.010068033045116885,1.1097722986799465,9.23,162.99299999999982
ChemSpacE extreme-SVM,TPSA,25,99,99,35,0.35353535353535354,1.0,0.7947368421052632,0.14325017088174985,0.2946385842075001,1.6840667578469395,0.017152656929046946,0.8878637477153901,14.0,198.925
ChemSpacE extreme-SVM,TPSA,26,99,99,46,0.46464646464646464,1.0,0.6770833333333333,0.1512522361359571,0.1381932875276206,1.9741351850428215,0.012964100110435067,1.3642169375382651,11.104999999999905,353.5249999999997
ChemSpacE extreme-SVM,TPSA,27,99,99,55,0.5555555555555556,1.0,0.7308035714285714,0.14472049689440994,0.02669776490127873,1.7033986467830489,0.00462352708638961,0.7426204316103253,11.200000000000045,189.21499999999952
ChemSpacE extreme-SVM,TPSA,28,99,99,41,0.41414141414141414,1.0,0.8380434782608696,0.15627515983897705,0.10363817531986541,1.9591801735769812,0.0041784241196623426,0.27740623912635337,11.199999999999818,155.95999999999995
ChemSpacE extreme-SVM,TPSA,29,99,99,45,0.45454545454545453,1.0,0.743421052631579,0.1264240506329114,0.21948731692614487,2.142908232231083,0.02330995468590909,1.7115282822859834,13.999999999999773,373.4159999999993
ChemSpacE extreme-SVM,TPSA,30,99,99,60,0.6060606060606061,0.9523809523809523,0.7386148007590133,0.16636363636363635,0.03819965616568144,1.7442943899334298,0.002622272690363636,0.7070198890214867,5.599999999999909,211.51099999999988
ChemSpacE extreme-SVM,TPSA,31,99,99,52,0.5252525252525253,1.0,0.7527233115468409,0.147678916827853,0.04982743916631005,3.0772486056284496,0.009964256587084415,1.4630767187286595,11.199999999999932,207.9784999999998
ChemSpacE extreme-SVM,TPSA,32,99,99,28,0.2828282828282828,1.0,0.9166666666666667,0.14841286525120873,0.3645742740741684,2.4958782391860295,0.08872779456296241,0.881733841393921,15.73499999999973,156.91199999999995
ChemSpacE extreme-SVM,TPSA,33,99,99,31,0.31313131313131315,1.0,0.9354166666666667,0.12903225806451613,0.18863549971441884,3.062633084396579,0.03694455539195454,1.1002087899330677,14.0,226.29999999999998
ChemSpacE extreme-SVM,TPSA,34,99,99,60,0.6060606060606061,0.9285714285714286,0.625,0.15916453537936912,0.06258918531214075,1.6407672644912568,0.01164088589012987,0.9582637181314222,8.715000000000046,176.8899999999998
ChemSpacE extreme-SVM,TPSA,35,99,99,37,0.37373737373737376,1.0,0.7338056680161943,0.12361111111111112,0.3825306884617783,1.9457201319400539,0.012702031409091138,1.4256895274603605,11.199999999999818,653.7739999999974
ChemSpacE extreme-SVM,TPSA,36,99,99,59,0.5959595959595959,0.9090909090909091,0.6654240447343895,0.1416386554621849,0.08425264237384411,1.8608318783760915,0.00544450595872728,1.0540031128186382,11.009999999999536,101.575
ChemSpacE extreme-SVM,TPSA,37,99,99,54,0.5454545454545454,1.0,0.6896551724137931,0.1651537732014632,0.08812437706935583,2.1551984262727286,0.005690921068324681,1.1082624104590275,11.199999999999818,72.61399999999979
ChemSpacE extreme-SVM,TPSA,38,99,99,50,0.5050505050505051,1.0,0.6757894736842105,0.12465529495380243,0.11188284017786465,2.3420474758108494,0.010068033045116885,1.1501786960417042,11.199999999999818,152.6199999999999
ChemSpacE extreme-SVM,TPSA,39,99,99,55,0.5555555555555556,1.0,0.6417112299465241,0.14756128702757917,0.0402855337655339,1.6019383552224589,0.0041784241196623426,0.5269902043907783,11.009999999999536,224.68799999999953
ChemSpacE extreme-SVM,TPSA,40,99,99,24,0.24242424242424243,1.0,1.0,0.14811912225705332,0.659762873173102,1.8290355165019703,0.08712127763361566,1.4750000135145591,22.149999999999807,180.26549999999975
ChemSpacE extreme-SVM,TPSA,41,99,99,45,0.45454545454545453,1.0,0.759375,0.12424242424242424,0.12202538251515715,1.6955472683765167,0.00544450595872728,1.095340338748343,11.199999999999818,131.1879999999999
ChemSpacE extreme-SVM,TPSA,42,99,99,55,0.5555555555555556,1.0,0.7068965517241379,0.08066528066528067,0.07148856148446114,2.4037368590345114,0.00544450595872728,0.6127158215088504,11.200000000000045,128.61899999999974
ChemSpacE extreme-SVM,TPSA,43,99,99,43,0.43434343434343436,1.0,0.722007722007722,0.15274725274725276,0.1492339921670034,1.5661369352701575,0.01164088589012987,0.7311453495955208,13.999999999999545,155.3969999999999
ChemSpacE extreme-SVM,TPSA,44,99,99,52,0.5252525252525253,1.0,0.7727272727272727,0.08741596638655463,0.12304868975244965,2.1309388133086387,0.011640885890129873,0.8775939119380526,9.79999999999984,193.04549999999983
ChemSpacE extreme-SVM,TPSA,45,99,99,57,0.5757575757575758,1.0,0.6619047619047619,0.10952380952380952,0.035123147663309595,1.8469308799250355,0.0003433808957738812,1.425997725892506,8.399999999999864,194.0819999999998
ChemSpacE extreme-SVM,TPSA,46,99,99,50,0.5050505050505051,1.0,0.6937908496732026,0.1710139979515193,0.11158784545140943,1.8228725990441867,0.007686436982427922,0.8512187558555007,11.389999999999986,199.99699999999967
ChemSpacE extreme-SVM,TPSA,47,99,99,44,0.4444444444444444,1.0,0.6211993243243243,0.14866436088012364,0.14799244404348144,1.8603655897724116,0.025886177900137863,1.0620352405236664,8.399999999999636,244.54000000000013
ChemSpacE extreme-SVM,TPSA,48,99,99,39,0.3939393939393939,1.0,0.8695652173913043,0.17555555555555558,0.16922652231378787,2.063611855213082,0.02602670585578584,0.7643641999610817,11.199999999999818,264.4320000000002
ChemSpacE extreme-SVM,TPSA,49,99,99,57,0.5757575757575758,1.0,0.6909814323607427,0.09419137466307279,0.05084159921981524,2.0161443052014127,0.0041784241196623426,0.8748992258725794,11.200000000000045,150.00799999999964
ChemSpacE extreme-SVM,cLogP,0,99,99,31,0.31313131313131315,1.0,0.6711229946524064,0.11807951987997,0.5759326185487099,3.1932170250633627,0.09168479037669974,1.4419170931964542,2.575599999999941,15.896300000000032
ChemSpacE extreme-SVM,cLogP,1,99,99,30,0.30303030303030304,1.0,0.717948717948718,0.09360576923076923,0.6033330260646976,1.9862986233787243,0.13668815302308726,1.4823615644361607,2.454999999999988,18.240024999999875
ChemSpacE extreme-SVM,cLogP,2,99,99,24,0.24242424242424243,1.0,1.0,0.18390151515151518,0.47009098251817427,2.0414244349842106,0.10554268248998762,2.289358520265116,1.252649999999997,30.07159499999979
ChemSpacE extreme-SVM,cLogP,3,99,99,33,0.3333333333333333,1.0,0.5714285714285714,0.13135737501934686,0.4228893247579686,2.901602317379836,0.1341808157264918,1.00510811701847,2.494720000000002,39.99465999999982
ChemSpacE extreme-SVM,cLogP,4,99,99,23,0.23232323232323232,1.0,1.0,0.14914317302377003,0.9577046519055843,2.794055327322194,0.31405961263312215,1.5011266297011152,2.1997899999999966,32.47669999999977
ChemSpacE extreme-SVM,cLogP,5,99,99,30,0.30303030303030304,1.0,0.5714285714285714,0.11066666666666666,0.40271000660987344,2.1236455444693147,0.17574729770286734,1.3072425262906389,1.594785000000002,20.837334999999864
ChemSpacE extreme-SVM,cLogP,6,99,99,28,0.2828282828282828,1.0,0.746031746031746,0.14829871193507557,0.585375256181984,1.7845829436663974,0.09398760121701047,0.855828438190776,2.7395000000000014,24.30983499999983
ChemSpacE extreme-SVM,cLogP,7,99,99,29,0.29292929292929293,1.0,0.7338056680161943,0.10098039215686275,0.40734594932725,2.0934232598644034,0.1438856015384176,1.1148854274729598,1.734599999999988,18.965559999999883
ChemSpacE extreme-SVM,cLogP,8,99,99,26,0.26262626262626265,1.0,0.6400560224089635,0.1525895875591616,0.8175691476952469,2.462674177677891,0.28794209030658946,1.0037141156038991,2.0881499999999953,34.71012499999957
ChemSpacE extreme-SVM,cLogP,9,99,99,24,0.24242424242424243,1.0,1.0,0.10764127764127764,0.47689480959330277,1.778020128312019,0.09313340596690223,1.147392034304076,1.3578500000000018,32.308844999999735
ChemSpacE extreme-SVM,cLogP,10,99,99,27,0.2727272727272727,1.0,0.6363636363636364,0.17433562992125987,0.569449801387333,2.5685634924968466,0.1604369911464159,1.056957417276708,1.5679999999999836,25.852439999999856
ChemSpacE extreme-SVM,cLogP,11,99,99,21,0.21212121212121213,1.0,1.0,0.16375,0.6108089829180425,2.4862463456360535,0.18900755349197956,1.17400621564286,1.521300000000001,57.1710999999996
ChemSpacE extreme-SVM,cLogP,12,99,99,25,0.25252525252525254,1.0,0.7857142857142857,0.11299790356394131,0.8582266562332501,2.9744120576983177,0.22445173094558124,1.2552928718624519,1.738700000000002,24.766639999999803
ChemSpacE extreme-SVM,cLogP,13,99,99,29,0.29292929292929293,1.0,0.6720430107526881,0.09542735042735044,0.6377417759813495,2.8602450977554454,0.12303948002626623,0.9673953140978142,3.979799999999999,39.56109999999983
ChemSpacE extreme-SVM,cLogP,14,99,99,32,0.32323232323232326,1.0,0.7752525252525253,0.13971433007297004,0.3721433098435112,2.147320839489712,0.12083389317104937,1.2763190688723107,2.029450000000001,20.613529999999926
ChemSpacE extreme-SVM,cLogP,15,99,99,23,0.23232323232323232,1.0,1.0,0.13938759065269943,0.8376463481563352,1.8697671640507192,0.24965586508389054,1.1957181707422695,2.5556999999999803,27.127519999999915
ChemSpacE extreme-SVM,cLogP,16,99,99,27,0.2727272727272727,1.0,0.7430555555555556,0.1425249169435216,0.733963440845578,2.5504017559668464,0.10683966990407062,1.3394259981326586,1.7855999999999996,23.204539999999835
ChemSpacE extreme-SVM,cLogP,17,99,99,28,0.2828282828282828,1.0,0.6974789915966386,0.13430451127819548,0.43817301664331865,2.6759075900101656,0.16844616563489695,1.0902604567772367,2.140440000000008,17.643015
ChemSpacE extreme-SVM,cLogP,18,99,99,26,0.26262626262626265,1.0,0.7103174603174603,0.13426573426573427,0.5793639152236536,2.063864404658732,0.16652785516209587,1.052477700661289,2.4560850000000016,22.03512499999997
ChemSpacE extreme-SVM,cLogP,19,99,99,29,0.29292929292929293,1.0,0.6720338983050846,0.09326923076923077,0.7857766770714383,2.142000393753496,0.14461494594022178,2.0842472457512167,2.5269100000000027,19.233779999999896
ChemSpacE extreme-SVM,cLogP,20,99,99,26,0.26262626262626265,1.0,0.9666666666666667,0.16155394524959743,0.48074640848851846,2.2902126581933793,0.2417561660917899,0.9956324027009589,1.3014499999999805,43.00234999999936
ChemSpacE extreme-SVM,cLogP,21,99,99,31,0.31313131313131315,1.0,0.5257142857142857,0.10423393237892171,0.611980462196267,3.801755932910403,0.20167780910897215,1.1365235317410762,1.4848999999999988,36.68769999999985
ChemSpacE extreme-SVM,cLogP,22,99,99,29,0.29292929292929293,1.0,0.7270967741935483,0.1315578101881209,0.37776497247375396,2.5486617522295227,0.07291796745257084,1.1237126446720709,1.8306999999999882,23.614079999999973
ChemSpacE extreme-SVM,cLogP,23,99,99,25,0.25252525252525254,1.0,0.9545454545454546,0.15178088921640875,0.6672925894819377,2.4043843412475105,0.10235030658897895,0.8318145785044058,2.5320999999999856,28.064879999999775
ChemSpacE extreme-SVM,cLogP,24,99,99,21,0.21212121212121213,1.0,1.0,0.19138804457953393,0.42743713882807377,2.8185665440641143,0.4152588443954045,1.462664394762793,1.242300000000001,57.00499999999959
ChemSpacE extreme-SVM,cLogP,25,99,99,33,0.3333333333333333,1.0,0.5584415584415584,0.1411926046322633,0.4503100831708533,2.437281100878062,0.10368283373783854,0.8043937388798859,2.3845999999999945,28.82723999999991
ChemSpacE extreme-SVM,cLogP,26,99,99,25,0.25252525252525254,1.0,1.0,0.12718969555035128,0.8393576016550881,2.4777349383351748,0.31107248894386874,1.3655989107654123,1.3088999999999995,26.561759999999865
ChemSpacE extreme-SVM,cLogP,27,99,99,23,0.23232323232323232,1.0,1.0,0.11933600266933601,0.7361756827481445,2.525389380275649,0.32419207447400944,1.060567163101106,2.030399999999997,52.549119999999554
ChemSpacE extreme-SVM,cLogP,28,99,99,26,0.26262626262626265,1.0,0.7893772893772895,0.23856988082340194,0.5334092611711898,2.0481384721889273,0.14728619762877898,0.7350355949076344,1.3196499999999902,28.014149999999773
ChemSpacE extreme-SVM,cLogP,29,99,99,27,0.2727272727272727,1.0,0.770979020979021,0.1337986041874377,0.5676220422702931,1.843196981260358,0.1724330983213643,1.785936079584898,3.0508999999999995,21.782409999999935
ChemSpacE extreme-SVM,cLogP,30,99,99,30,0.30303030303030304,1.0,0.5561403508771929,0.10634377758164165,0.5497891923549267,2.8535228526270306,0.17611672773495105,1.152088385491705,2.0283499999999783,17.0195649999999
ChemSpacE extreme-SVM,cLogP,31,99,99,28,0.2828282828282828,1.0,0.777511961722488,0.10367598503191724,0.6758617083421563,2.731839621749004,0.11537245261222498,1.1762099184639279,1.8732949999999997,29.0053499999998
ChemSpacE extreme-SVM,cLogP,32,99,99,25,0.25252525252525254,1.0,0.9047619047619048,0.14414438502673796,0.7268880472101742,3.210953209878619,0.22795224976065978,1.2542109535570134,1.8283000000000031,48.4350199999996
ChemSpacE extreme-SVM,cLogP,33,99,99,27,0.2727272727272727,1.0,0.759375,0.23770080321285142,0.4777128739156744,2.4160645108934515,0.15051393805738333,1.2062071245162942,2.3242999999999876,21.570299999999982
ChemSpacE extreme-SVM,cLogP,34,99,99,29,0.29292929292929293,1.0,0.5934065934065934,0.1356902356902357,0.3610416997462016,2.5288746174992394,0.16167741322817092,0.7635439556742362,0.978390000000001,33.86821999999945
ChemSpacE extreme-SVM,cLogP,35,99,99,25,0.25252525252525254,1.0,0.8888888888888888,0.1223901098901099,0.6371700261641458,2.5215254471841004,0.21739202505961103,1.3556223610158613,1.8929899999999975,24.511819999999876
ChemSpacE extreme-SVM,cLogP,36,99,99,26,0.26262626262626265,1.0,0.6613636363636364,0.11183823529411765,0.6825208035236652,3.3473116193368577,0.13837739418073602,1.2851871361491405,2.282659999999998,22.32012499999997
ChemSpacE extreme-SVM,cLogP,37,99,99,25,0.25252525252525254,1.0,0.8833333333333333,0.1298136645962733,0.6078619043251656,1.6014717015799322,0.16928464875900004,1.4957201678743357,1.6871999999999687,32.70739999999973
ChemSpacE extreme-SVM,cLogP,38,99,99,28,0.2828282828282828,1.0,0.6761133603238867,0.09820639130983959,1.0763139720118904,2.7483753997566014,0.26570178672471745,1.4916656057837825,2.5157499999999984,41.82231
ChemSpacE extreme-SVM,cLogP,39,99,99,23,0.23232323232323232,1.0,1.0,0.12038123167155426,0.7617854001493995,2.493378185701453,0.2575487367554,1.1989710163499796,1.6039999999999983,43.93832999999965
ChemSpacE extreme-SVM,cLogP,40,99,99,24,0.24242424242424243,1.0,1.0,0.12562296858071506,0.6920664649362278,1.907295643921224,0.14326163994046565,1.5785144214882025,2.185049999999995,44.43145999999944
ChemSpacE extreme-SVM,cLogP,41,99,99,27,0.2727272727272727,1.0,0.651098901098901,0.14591850548260457,0.5820304357396244,3.025522298060577,0.30520209364659445,0.9464131470415165,2.8131999999999984,46.70153999999964
ChemSpacE extreme-SVM,cLogP,42,99,99,25,0.25252525252525254,1.0,1.0,0.1303896103896104,0.7450955258559713,2.8527869872973857,0.16560529684721798,1.7282796525896007,1.933200000000003,54.53257999999957
ChemSpacE extreme-SVM,cLogP,43,99,99,21,0.21212121212121213,1.0,1.0,0.14766169154228856,0.7012103992750358,2.847302644285259,0.1600705455283546,1.246717405923857,2.7349099999999984,42.365299999999934
ChemSpacE extreme-SVM,cLogP,44,99,99,29,0.29292929292929293,1.0,0.47815126050420165,0.1507439484787919,0.5893101106752869,2.149736079592623,0.16340936702869943,0.7961762386616974,1.8468000000000053,19.117399999999947
ChemSpacE extreme-SVM,cLogP,45,99,99,24,0.24242424242424243,1.0,1.0,0.11052631578947368,1.3682103458224777,3.2542503502813176,0.18834956233411965,1.6347167713512207,2.2963000000000005,49.41499999999952
ChemSpacE extreme-SVM,cLogP,46,99,99,24,0.24242424242424243,1.0,1.0,0.05556179775280899,0.686666895897321,2.6496749687033123,0.15567438153180915,0.9949546133142471,2.106700000000009,52.07878499999957
ChemSpacE extreme-SVM,cLogP,47,99,99,28,0.2828282828282828,1.0,0.7638888888888888,0.13921775898520083,0.513921234417329,2.0983556798771033,0.14903744033357982,1.4008689698664103,1.8518949999999932,22.295904999999863
ChemSpacE extreme-SVM,cLogP,48,99,99,28,0.2828282828282828,1.0,0.6660079051383399,0.2039835164835165,0.7460750309588748,2.340868541905824,0.14248556298597398,1.091233201476358,1.9265999999999757,25.529319999999842
ChemSpacE extreme-SVM,cLogP,49,99,99,23,0.23232323232323232,1.0,1.0,0.1069361558383065,0.6974593903516171,3.9435428315481458,0.12760174030609142,1.557732534087244,2.2886800000000034,44.52916999999928
MolecuLA raw OLS (seed-excluded),BertzCT,0,99,99,49,0.494949494949495,1.0,0.2663043478260869,0.09244548286604361,0.737756529033982,3.7321246112438526,0.39084147698600014,1.8208090705375026,120.82625060892883,5035.231751315255
MolecuLA raw OLS (seed-excluded),BertzCT,1,99,99,48,0.48484848484848486,1.0,0.29753285063019574,0.09335584701170188,0.7255695035127276,2.856965425356692,0.23569483583300246,1.1147705661911398,215.60019793641652,5151.801230938496
MolecuLA raw OLS (seed-excluded),BertzCT,2,99,99,36,0.36363636363636365,1.0,0.32420549747282423,0.1128242924528302,0.7679214972556965,3.2012302904353307,0.21187011151242197,1.6200583613758863,137.03902808826786,4575.032669943204
MolecuLA raw OLS (seed-excluded),BertzCT,3,99,99,58,0.5858585858585859,0.4166666666666667,0.20738993710691825,0.09975609756097562,0.46881440500027605,2.1158291000213487,0.2948070465316929,0.8732719272580938,85.98742307405357,1382.453520882424
MolecuLA raw OLS (seed-excluded),BertzCT,4,99,99,48,0.48484848484848486,1.0,0.2993430874888027,0.0824074074074074,0.43362770276927964,1.3216762819515777,0.24281124540495663,1.1752676896537226,113.15278379532403,905.4836688334999
MolecuLA raw OLS (seed-excluded),BertzCT,5,99,99,69,0.696969696969697,0.4344262295081967,0.21149068322981365,0.07198924731182796,0.4481068324959825,2.225852760181865,0.1633318032700979,0.8952860587071068,107.45504895810086,1333.4775662747886
MolecuLA raw OLS (seed-excluded),BertzCT,6,99,99,61,0.6161616161616161,0.5,0.24302955982961144,0.11472686836862345,0.666053279108354,2.5549882744851358,0.28845436430410526,0.8779749342064473,123.45283525829768,5855.702684876687
MolecuLA raw OLS (seed-excluded),BertzCT,7,99,99,41,0.41414141414141414,1.0,0.20256410256410257,0.09259189797449363,0.6706122521661424,1.6750012186867096,0.47660255704776333,0.9681829355827156,155.48832110828312,503.0362841137103
MolecuLA raw OLS (seed-excluded),BertzCT,8,99,99,61,0.6161616161616161,0.5,0.3134533251982916,0.18992568125516102,0.4161686753149638,1.8068055457062053,0.2823886809468389,0.810842340781708,73.49935650356474,1200.987840448155
MolecuLA raw OLS (seed-excluded),BertzCT,9,99,99,44,0.4444444444444444,1.0,0.25712045989025345,0.08066528066528067,0.7567568256430133,2.4234617192678076,0.21310753080277295,1.2339130528725273,165.1689501135504,1870.3794875829226
MolecuLA raw OLS (seed-excluded),BertzCT,10,99,99,49,0.494949494949495,1.0,0.2486257614024662,0.1049730625777041,0.6810041958041957,1.485579589831297,0.34919174276845544,1.2905347359975288,130.19080564326424,682.239297927277
MolecuLA raw OLS (seed-excluded),BertzCT,11,99,99,37,0.37373737373737376,1.0,0.33052749719416386,0.14260651629072682,0.7673108803144082,2.6847030719212173,0.2965167402259987,1.411625701409572,162.92390828257794,3421.643323700911
MolecuLA raw OLS (seed-excluded),BertzCT,12,99,99,55,0.5555555555555556,0.59375,0.24837662337662336,0.11197318007662835,0.6201417839934145,2.4515893161207782,0.2726468949885523,1.5462591197350155,71.55170173726742,3030.3371435863205
MolecuLA raw OLS (seed-excluded),BertzCT,13,99,99,40,0.40404040404040403,1.0,0.34635416666666663,0.0845108695652174,0.5756896662149029,3.226737786213137,0.2648966191255222,0.9244189054291013,101.88596963096694,1002.0881438542078
MolecuLA raw OLS (seed-excluded),BertzCT,14,99,99,52,0.5252525252525253,0.6818181818181818,0.2366596638655462,0.10497835497835499,1.0948806259427486,2.838675496185978,0.3973245316304696,1.0812335134777908,170.38576077117642,3714.8138283249677
MolecuLA raw OLS (seed-excluded),BertzCT,15,99,99,29,0.29292929292929293,1.0,0.5837837837837838,0.13503389830508475,0.7673108803144082,3.3219746043712868,0.30497050863423336,1.145330619436451,51.12144150915083,4533.912556876185
MolecuLA raw OLS (seed-excluded),BertzCT,16,99,99,48,0.48484848484848486,1.0,0.30542528735632185,0.10476021156495845,0.6389337341888033,1.8491206500298283,0.3044250442324157,0.7857792623518902,140.28530785988448,2810.148018882491
MolecuLA raw OLS (seed-excluded),BertzCT,17,99,99,65,0.6565656565656566,0.5853658536585366,0.20944853238457184,0.11608837970540099,0.7304509255698468,2.5349732519881614,0.1812066102017218,0.83467846329917,87.38658088432067,2189.432496073426
MolecuLA raw OLS (seed-excluded),BertzCT,18,99,99,55,0.5555555555555556,0.7272727272727273,0.3084383493946133,0.14335533631438238,0.399045564789005,2.925513431272389,0.13694830335176367,0.9725778938196011,158.06178379996663,4292.708253391911
MolecuLA raw OLS (seed-excluded),BertzCT,19,99,99,58,0.5858585858585859,0.6140350877192983,0.312987012987013,0.12154326494201606,0.5277829529105307,2.635845514136592,0.18457758539609498,0.9797747878800203,112.01966293795118,1452.5479273340218
MolecuLA raw OLS (seed-excluded),BertzCT,20,99,99,50,0.5050505050505051,0.9319727891156463,0.2980819586279131,0.15995045417010736,0.37431932245355215,2.0190927815175916,0.20586583895807936,0.867475239173709,149.38267071003816,2362.532152913811
MolecuLA raw OLS (seed-excluded),BertzCT,21,99,99,58,0.5858585858585859,0.5254237288135594,0.2886446886446886,0.15237464522232735,0.4057483702864877,2.8165231648193774,0.16754788347270277,0.5966162305923733,157.70084309391592,4310.815980252995
MolecuLA raw OLS (seed-excluded),BertzCT,22,99,99,57,0.5757575757575758,0.46938775510204084,0.17415090038750855,0.08255813953488372,0.5184660688067426,2.8274141910825583,0.1918835561841884,1.5233705378401978,113.660142892767,2035.0509846988725
MolecuLA raw OLS (seed-excluded),BertzCT,23,99,99,51,0.5151515151515151,0.7012987012987013,0.28290875405280225,0.11496839443742099,0.6320323686961649,2.6921322270810704,0.3858772266243667,1.0124827855374106,116.73326724231742,3571.1064368571615
MolecuLA raw OLS (seed-excluded),BertzCT,24,99,99,35,0.35353535353535354,1.0,0.3358974358974359,0.125,0.5217285899446882,2.1906936985906365,0.40773804534427827,2.5076083221394865,140.7285486946662,1981.5864402323189
MolecuLA raw OLS (seed-excluded),BertzCT,25,99,99,55,0.5555555555555556,0.5362318840579711,0.229490022172949,0.11071428571428571,1.0609108977435122,3.9514197470248127,0.3434526055008027,1.361994368978786,180.56116931327324,4859.832426032882
MolecuLA raw OLS (seed-excluded),BertzCT,26,99,99,51,0.5151515151515151,0.625,0.24469255663430423,0.09534398629269565,0.7376942336033112,2.0065607475056435,0.3395777197985568,1.3103523520159364,171.13841116145704,1472.6553748169251
MolecuLA raw OLS (seed-excluded),BertzCT,27,99,99,52,0.5252525252525253,0.5918367346938775,0.227997227997228,0.13396774193548386,0.6571181948611828,3.4676400655708757,0.17132493468897853,1.1829460548729398,166.00230118247052,3707.5410247965015
MolecuLA raw OLS (seed-excluded),BertzCT,28,99,99,46,0.46464646464646464,1.0,0.3881390917751667,0.17303541781959048,0.39168533366696323,2.2826495538315728,0.1633380355908136,0.8135950201182343,133.39794454685597,2555.2262314694185
MolecuLA raw OLS (seed-excluded),BertzCT,29,99,99,39,0.3939393939393939,1.0,0.2830010266385692,0.10303991541104943,0.5146790587388868,2.8373598972652303,0.3859732690549152,1.2760704034614727,109.90688366147197,3128.2887166264413
MolecuLA raw OLS (seed-excluded),BertzCT,30,99,99,50,0.5050505050505051,0.9428571428571428,0.27374273692646767,0.13747341839447105,0.6391433345428887,2.8236500687112587,0.3044179581026111,1.1883430210925543,174.3657224256038,4392.52920681777
MolecuLA raw OLS (seed-excluded),BertzCT,31,99,99,54,0.5454545454545454,0.5348837209302325,0.18878833584715937,0.11820545570659612,0.7712209649002615,2.548237889197462,0.31602276323864587,0.9214683149758123,169.034062339171,2186.849090624295
MolecuLA raw OLS (seed-excluded),BertzCT,32,99,99,32,0.32323232323232326,1.0,0.34635416666666663,0.09933333333333334,0.9527059451977404,2.535400587449971,0.4976332578836025,1.5707356242835633,110.14234719280762,1841.188254224332
MolecuLA raw OLS (seed-excluded),BertzCT,33,99,99,42,0.42424242424242425,1.0,0.34891304347826085,0.11245000000000001,0.6285928062748156,3.0717401961913717,0.3549728843698734,1.0681017180824182,108.08738569023774,4673.017477723433
MolecuLA raw OLS (seed-excluded),BertzCT,34,99,99,51,0.5151515151515151,0.8939393939393939,0.25786790780141844,0.09878007796746874,0.7581610773577818,2.793381799500291,0.16903533764861983,1.3748606210047534,143.29999829484905,2473.729113242872
MolecuLA raw OLS (seed-excluded),BertzCT,35,99,99,54,0.5454545454545454,0.5897435897435898,0.2021505376344086,0.11272401433691756,0.618779422487532,1.8834584918923174,0.17829508308891204,0.7482441627454769,151.2403853223181,2957.3521819852103
MolecuLA raw OLS (seed-excluded),BertzCT,36,99,99,52,0.5252525252525253,0.7105263157894737,0.24471830985915494,0.08818011257035648,0.7257570558488124,2.449968243401624,0.20547258849480404,0.6988537948555956,213.06606618614478,2689.1077853868705
MolecuLA raw OLS (seed-excluded),BertzCT,37,99,99,51,0.5151515151515151,0.7428571428571429,0.2,0.09571677018633541,0.9276248239580811,2.2215997117290383,0.33070000913872916,1.0584241623426691,107.13167702305662,2982.9733543480706
MolecuLA raw OLS (seed-excluded),BertzCT,38,99,99,50,0.5050505050505051,0.5460526315789473,0.24408388003748827,0.09916007107090938,0.737502628456328,3.1072272699958634,0.25142267883093655,0.9067858904390443,110.6308735178419,3497.596486953242
MolecuLA raw OLS (seed-excluded),BertzCT,39,99,99,46,0.46464646464646464,1.0,0.346875,0.13761669208167515,0.8724448526798332,2.3004805885104176,0.22808024939698993,0.9650824648544722,98.34184119804837,3820.987444262604
MolecuLA raw OLS (seed-excluded),BertzCT,40,99,99,52,0.5252525252525253,0.6428571428571429,0.2222222222222222,0.08602785985647952,0.6441145492972056,3.3777452197771476,0.2901068444620465,1.5850286843862107,116.06379957770899,4841.58695294006
MolecuLA raw OLS (seed-excluded),BertzCT,41,99,99,53,0.5353535353535354,0.6575342465753424,0.2541861300754581,0.12667910447761194,0.7725678688282649,2.2449614975127714,0.29132579944533576,0.8783072409829541,95.20671786825551,3359.212962679256
MolecuLA raw OLS (seed-excluded),BertzCT,42,99,99,57,0.5757575757575758,0.6206896551724138,0.2776098901098901,0.12310307609282246,0.5687489221315811,2.0559407136414003,0.22889847933995677,1.145360770856949,145.3206069667068,1671.341316063925
MolecuLA raw OLS (seed-excluded),BertzCT,43,99,99,38,0.3838383838383838,1.0,0.2894821658788139,0.10622268041237115,0.8781554186085048,2.8202749623939614,0.25504951418467947,1.048536963833966,246.83002800982683,3354.1505292671422
MolecuLA raw OLS (seed-excluded),BertzCT,44,99,99,58,0.5858585858585859,0.5625,0.282312925170068,0.08016456582633054,0.7091064024214533,2.7481190470846384,0.2715678115975868,0.8496878289128972,135.30796903478745,2516.305566243478
MolecuLA raw OLS (seed-excluded),BertzCT,45,99,99,47,0.47474747474747475,1.0,0.2916371367824238,0.10391304347826087,0.7673108803144082,2.887130167197405,0.24585337097020082,0.9586600099261579,152.87695382078664,3411.70825866238
MolecuLA raw OLS (seed-excluded),BertzCT,46,99,99,54,0.5454545454545454,0.6292134831460674,0.21712938711367208,0.09281183932346723,0.5502629810779558,2.139351962666828,0.21404092751587528,1.321416180673858,176.4542119372124,2512.004368265616
MolecuLA raw OLS (seed-excluded),BertzCT,47,99,99,58,0.5858585858585859,0.5631067961165048,0.28260068439062913,0.1008638483296384,0.5071310562689768,2.239011151969986,0.17538153316859678,0.8160806191376759,144.5671297701639,2325.664224010186
MolecuLA raw OLS (seed-excluded),BertzCT,48,99,99,52,0.5252525252525253,0.7142857142857143,0.32091954022988506,0.14101351351351352,0.4356938430777153,2.2582784771015425,0.20036212993900715,0.8252401954512789,191.72968241813214,1869.2182254937782
MolecuLA raw OLS (seed-excluded),BertzCT,49,99,99,44,0.4444444444444444,1.0,0.27665140614780903,0.10399707709170625,0.5072936697133188,2.6230447536931667,0.313932480879637,1.487598066188671,74.56232935146339,2779.2397765190553
MolecuLA raw OLS (seed-excluded),FractionCSP3,0,99,99,60,0.6060606060606061,0.5972222222222222,0.29923273657289007,0.10669342793129201,0.566923237581836,1.8152112104079472,0.2494055060125815,1.0809801804407702,0.03258145363408518,0.1579545454545455
MolecuLA raw OLS (seed-excluded),FractionCSP3,1,99,99,59,0.5959595959595959,0.625,0.3046491228070175,0.1013477801268499,0.26861272615245557,1.5827963647480732,0.20575788262769512,1.0321419349585061,0.04347826086956519,0.10077569489334183
MolecuLA raw OLS (seed-excluded),FractionCSP3,2,99,99,50,0.5050505050505051,1.0,0.28997668997669,0.13776595744680853,0.4002703592869561,2.1382297326447652,0.3182844260554065,1.8499365150840605,0.06666666666666671,0.22749999999999984
MolecuLA raw OLS (seed-excluded),FractionCSP3,3,99,99,71,0.7171717171717171,0.4647887323943662,0.26334026334026334,0.10801980198019802,0.42419343966442913,1.5013608107860774,0.16038273170896578,0.7722702475143034,0.034090909090909005,0.19551282051282054
MolecuLA raw OLS (seed-excluded),FractionCSP3,4,99,99,55,0.5555555555555556,0.6829268292682927,0.3359855334538879,0.1376210771018985,0.3187068131868145,1.392881198229882,0.44185943413026796,1.306577276425364,0.0394736842105263,0.1660427807486631
MolecuLA raw OLS (seed-excluded),FractionCSP3,5,99,99,78,0.7878787878787878,0.2845528455284553,0.16386376483889203,0.09420798595875385,0.6482588332367243,2.574794901153476,0.2108339176491331,1.209640001017598,0.041538461538461524,0.1886363636363633
MolecuLA raw OLS (seed-excluded),FractionCSP3,6,99,99,77,0.7777777777777778,0.47435897435897434,0.25217654629419334,0.09707992538384275,0.3615497970635255,1.6234589559288006,0.24691921428960356,0.8139889696016869,0.03448275862068961,0.12608695652173918
MolecuLA raw OLS (seed-excluded),FractionCSP3,7,99,99,40,0.40404040404040403,1.0,0.3021541950113379,0.09652460215840497,0.3776939425134671,1.7334979799884749,0.3116768784189413,0.9777643167378076,0.061469780219780196,0.29374999999999996
MolecuLA raw OLS (seed-excluded),FractionCSP3,8,99,99,56,0.5656565656565656,0.7692307692307693,0.4238415905082572,0.17833039906103287,0.5815096608706121,1.5366563511543172,0.2161832466914841,0.7381938816255804,0.017676767676767603,0.09889069264069261
MolecuLA raw OLS (seed-excluded),FractionCSP3,9,99,99,46,0.46464646464646464,1.0,0.4330357142857143,0.099375,0.24376479382500538,2.1000044860779408,0.22007867700584716,1.3911813147557635,0.03333333333333341,0.14444444444444443
MolecuLA raw OLS (seed-excluded),FractionCSP3,10,99,99,66,0.6666666666666666,0.475,0.2883141762452107,0.10196765498652292,0.3493566829168322,1.6742808200613266,0.28895301251030553,1.134775258889519,0.04971042471042467,0.1878205128205128
MolecuLA raw OLS (seed-excluded),FractionCSP3,11,99,99,35,0.35353535353535354,1.0,0.6869300911854104,0.24965753424657533,0.33245868279640867,1.2597749786001458,0.25287755005558643,1.0048295266385048,0.00833333333333336,0.18727272727272717
MolecuLA raw OLS (seed-excluded),FractionCSP3,12,99,99,64,0.6464646464646465,0.640625,0.22978056426332288,0.123489010989011,0.3451928995672455,1.9171277985477684,0.17778807561167187,0.9205198197485706,0.0262297901616787,0.1173684210526316
MolecuLA raw OLS (seed-excluded),FractionCSP3,13,99,99,46,0.46464646464646464,1.0,0.34038155802861686,0.1603864734299517,0.3728172747142824,1.0936455422146307,0.2557758702322715,0.9664924149818289,0.002747252747252748,0.15277777777777782
MolecuLA raw OLS (seed-excluded),FractionCSP3,14,99,99,64,0.6464646464646465,0.5671641791044776,0.3450433793201536,0.14411764705882352,0.44482466179514946,1.4504883528002888,0.18893093932799526,0.7450175926790328,0.027371941559584542,0.12718972332015796
MolecuLA raw OLS (seed-excluded),FractionCSP3,15,99,99,67,0.6767676767676768,0.5121951219512195,0.18982758620689655,0.10865703689244584,0.3389496408744668,1.3789902087551122,0.19805773572987273,0.962208212166403,0.04347826086956519,0.16471774193548375
MolecuLA raw OLS (seed-excluded),FractionCSP3,16,99,99,58,0.5858585858585859,0.6410256410256411,0.24305019305019304,0.10113924050632911,0.4114288195082376,2.0203014755570865,0.21845301084217122,1.2219399944953153,0.02317290552584671,0.20798534798534793
MolecuLA raw OLS (seed-excluded),FractionCSP3,17,99,99,74,0.7474747474747475,0.4888888888888889,0.20044885424049136,0.085879917184265,0.55091310885707,2.3945641438277754,0.13881591096485685,0.8002417011707391,0.02423359785266624,0.19745098039215683
MolecuLA raw OLS (seed-excluded),FractionCSP3,18,99,99,68,0.6868686868686869,0.47368421052631576,0.23694029850746268,0.15141435306443166,0.22172248205340717,1.4927216816194369,0.18416205458085494,0.8758334031202502,0.029220779220779203,0.15000351815367297
MolecuLA raw OLS (seed-excluded),FractionCSP3,19,99,99,63,0.6363636363636364,0.5352112676056338,0.2027511961722488,0.08276699029126214,0.4448813499636515,1.7211173627866787,0.2171861456747285,1.3742572239484736,0.03218390804597715,0.16274509803921566
MolecuLA raw OLS (seed-excluded),FractionCSP3,20,99,99,73,0.7373737373737373,0.41025641025641024,0.270537714712472,0.18236584410497453,0.31826883240536485,1.4434096565366727,0.22444447824445424,0.9653040568639304,0.02614379084967322,0.08695652173913039
MolecuLA raw OLS (seed-excluded),FractionCSP3,21,99,99,64,0.6464646464646465,0.6623376623376623,0.287887323943662,0.1482088208820882,0.3992752246155553,2.030948361429517,0.18827560226540452,0.7110866663487105,0.027272913250976853,0.14242857142857135
MolecuLA raw OLS (seed-excluded),FractionCSP3,22,99,99,61,0.6161616161616161,0.575,0.28474903474903474,0.13154398086633007,0.4202468765396805,2.0867611365180343,0.23621603866642354,1.0030695990290348,0.0251851851851852,0.17391304347826092
MolecuLA raw OLS (seed-excluded),FractionCSP3,23,99,99,56,0.5656565656565656,0.7115384615384616,0.31493506493506496,0.13495495495495496,0.3936791325538458,1.6395838974050467,0.2392717556249614,0.8848903431122098,0.03426501035196684,0.13897515527950316
MolecuLA raw OLS (seed-excluded),FractionCSP3,24,99,99,51,0.5151515151515151,1.0,0.3645104895104895,0.15225464190981433,0.28888401638769423,1.6711311337380002,0.19794421797078843,1.1411399433920952,0.013513513513513487,0.1279137529137529
MolecuLA raw OLS (seed-excluded),FractionCSP3,25,99,99,78,0.7878787878787878,0.42696629213483145,0.23864150943396228,0.10771396396396397,0.6111380412927367,2.108322190606467,0.189349502778619,1.0311579390967427,0.0204159153142323,0.163076923076923
MolecuLA raw OLS (seed-excluded),FractionCSP3,26,99,99,50,0.5050505050505051,0.8615384615384616,0.2985209235209235,0.1092808734939759,0.513023566130983,1.6973776085829337,0.3686787587237166,1.0921666479227161,0.04653679653679654,0.3464285714285714
MolecuLA raw OLS (seed-excluded),FractionCSP3,27,99,99,59,0.5959595959595959,0.7045454545454546,0.3117408906882591,0.11715587044534413,0.3195475544025985,2.089187668758326,0.12417195540122117,0.8737519488508547,0.013368983957219305,0.13117647058823526
MolecuLA raw OLS (seed-excluded),FractionCSP3,28,99,99,54,0.5454545454545454,0.8974358974358975,0.39338235294117646,0.10305232558139536,0.2578318972536229,1.66229744856403,0.31960157272236334,0.6698667959832223,0.041944349510139006,0.15009137426900584
MolecuLA raw OLS (seed-excluded),FractionCSP3,29,99,99,47,0.47474747474747475,1.0,0.34860173577627773,0.10587830080367396,0.36908024202587253,2.3300931922232864,0.19824238739080186,1.0543879684584045,0.033333333333333326,0.16490196078431366
MolecuLA raw OLS (seed-excluded),FractionCSP3,30,99,99,66,0.6666666666666666,0.5303030303030303,0.224937343358396,0.11436095505617977,0.6209198373676261,1.7153229082576666,0.2165853412238233,0.8696745853232576,0.0395256916996047,0.11414141414141418
MolecuLA raw OLS (seed-excluded),FractionCSP3,31,99,99,53,0.5353535353535354,0.6944444444444444,0.2450438429279451,0.10310344827586207,0.3876611438967057,1.9553087539773482,0.280842934182737,1.0490262076737036,0.06249999999999999,0.1705882352941177
MolecuLA raw OLS (seed-excluded),FractionCSP3,32,99,99,52,0.5252525252525253,0.7777777777777778,0.27217553688141927,0.09967741935483872,0.4437872055731269,1.815197107412795,0.24367207585066275,0.9140672031831508,0.0159090909090909,0.14355769230769216
MolecuLA raw OLS (seed-excluded),FractionCSP3,33,99,99,49,0.494949494949495,1.0,0.36725309876049583,0.10444245676803816,0.36629026380104435,1.5912496464195542,0.2092461795011279,1.0207470700728267,0.0075757575757575135,0.2019047619047617
MolecuLA raw OLS (seed-excluded),FractionCSP3,34,99,99,84,0.8484848484848485,0.3333333333333333,0.19553975436328377,0.12897306895531221,0.47423278433051896,1.5023456673808266,0.23388063029049405,0.8557268180268451,0.036851851851851795,0.12961956521739115
MolecuLA raw OLS (seed-excluded),FractionCSP3,35,99,99,54,0.5454545454545454,0.7333333333333333,0.21895424836601307,0.07552991345792048,0.6971492608823615,2.8906517250180266,0.324477763249875,1.021579854337815,0.03430416202155335,0.16762845849802346
MolecuLA raw OLS (seed-excluded),FractionCSP3,36,99,99,60,0.6060606060606061,0.546875,0.17867271695972775,0.06761363636363636,0.683744027934932,2.3464401901508385,0.3252546475066086,1.0763087056814764,0.04057017543859646,0.14279411764705868
MolecuLA raw OLS (seed-excluded),FractionCSP3,37,99,99,66,0.6666666666666666,0.6363636363636364,0.26620421753607104,0.10987670865719647,0.481783115096698,1.774421969970063,0.19373489053213006,0.9171124973417404,0.04083333333333339,0.12291666666666672
MolecuLA raw OLS (seed-excluded),FractionCSP3,38,99,99,57,0.5757575757575758,0.7017543859649122,0.3368563685636856,0.12761627906976744,0.3748594453935965,1.6904692639810839,0.20290307349371717,0.9623739126699093,0.03472222222222221,0.15047619047619049
MolecuLA raw OLS (seed-excluded),FractionCSP3,39,99,99,49,0.494949494949495,1.0,0.3425385934819897,0.12678571428571428,0.3805295233191117,1.50355674070061,0.2569304028844923,1.0913352355733508,0.0333333333333333,0.1927272727272726
MolecuLA raw OLS (seed-excluded),FractionCSP3,40,99,99,52,0.5252525252525253,0.8285714285714286,0.2744360902255639,0.10419630156472262,0.3508303992403796,2.1742280435997396,0.34327212027595333,1.1999872698447733,0.04880952380952379,0.15489010989010968
MolecuLA raw OLS (seed-excluded),FractionCSP3,41,99,99,63,0.6363636363636364,0.6206896551724138,0.3007936507936508,0.15307881773399015,0.39217298820825786,2.040322649919117,0.22815814316364902,0.858180610534637,0.027027027027026973,0.09523809523809527
MolecuLA raw OLS (seed-excluded),FractionCSP3,42,99,99,71,0.7171717171717171,0.36507936507936506,0.1705931263858093,0.08349314237164704,0.45260192340574346,1.9797745747131312,0.32303271468445205,1.3173531043108875,0.052380952380952195,0.1946169772256728
MolecuLA raw OLS (seed-excluded),FractionCSP3,43,99,99,47,0.47474747474747475,1.0,0.4292763157894737,0.16164354770912148,0.27568504587865306,2.2830011088139646,0.15783396213785517,0.90044407710785,0.0227272727272727,0.36230769230769216
MolecuLA raw OLS (seed-excluded),FractionCSP3,44,99,99,72,0.7272727272727273,0.4888888888888889,0.20126582278481014,0.08464285714285714,0.22146910028272826,1.9784253637193532,0.23873538139531336,0.9460742290287032,0.02,0.20284615384615393
MolecuLA raw OLS (seed-excluded),FractionCSP3,45,99,99,47,0.47474747474747475,1.0,0.41208791208791207,0.09242424242424242,0.4200194053693167,2.0087337972329085,0.2575324132055433,1.0525711169858178,0.03450292397660826,0.20428571428571418
MolecuLA raw OLS (seed-excluded),FractionCSP3,46,99,99,63,0.6363636363636364,0.5769230769230769,0.2775935139119219,0.14466063348416291,0.19350873731069917,1.08621625068979,0.20929366741909572,0.7825427818064243,0.0239234449760766,0.10823616600790513
MolecuLA raw OLS (seed-excluded),FractionCSP3,47,99,99,67,0.6767676767676768,0.38823529411764707,0.17573529411764705,0.09321052631578948,0.430332636794283,1.8898887518110792,0.2824891712638078,1.0830174139521926,0.03571428571428564,0.15839598997493723
MolecuLA raw OLS (seed-excluded),FractionCSP3,48,99,99,61,0.6161616161616161,0.6,0.3323376623376624,0.16605263157894737,0.48849724589698873,1.9618216536893334,0.23217628178806238,1.0860172191382444,0.02619047619047621,0.10196078431372549
MolecuLA raw OLS (seed-excluded),FractionCSP3,49,99,99,68,0.6868686868686869,0.5535714285714286,0.24783549783549783,0.09626265634306136,0.4155646996296185,1.4129481689045404,0.28704017110288915,1.011326379939846,0.0320381231671554,0.15553312629399577
MolecuLA raw OLS (seed-excluded),HBA,0,99,99,59,0.5959595959595959,0.3804347826086957,0.14598626568789957,0.09189473684210527,0.6499830555437116,2.594897024162788,0.2734491136556133,1.8406241826634062,1.0,12.099999999999994
MolecuLA raw OLS (seed-excluded),HBA,1,99,99,57,0.5757575757575758,0.546583850931677,0.2627406150896084,0.11150375939849624,0.5454950838689676,1.9911360762805486,0.25373177313315276,1.0309818045696177,1.0,18.199999999999996
MolecuLA raw OLS (seed-excluded),HBA,2,99,99,43,0.43434343434343436,1.0,0.24511173184357543,0.083532205040789,0.824696246165165,3.146938851427375,0.1319788484301041,1.5763869455765414,2.0,39.0
MolecuLA raw OLS (seed-excluded),HBA,3,99,99,53,0.5353535353535354,0.673469387755102,0.21651785714285715,0.08427118644067796,0.34351813186813196,1.6831215795093903,0.22563169611442863,1.272838220440247,1.0,21.199999999999996
MolecuLA raw OLS (seed-excluded),HBA,4,99,99,48,0.48484848484848486,1.0,0.20450367647058823,0.06442815249266862,0.5947553509117838,1.7217654578734307,0.28348472120344687,1.1558597959494168,1.0,7.949999999999996
MolecuLA raw OLS (seed-excluded),HBA,5,99,99,43,0.43434343434343436,1.0,0.22636363636363635,0.10415643302474967,0.63022260376622,2.5645328980348236,0.2807405783881931,0.9102177454102037,1.0,17.799999999999997
MolecuLA raw OLS (seed-excluded),HBA,6,99,99,52,0.5252525252525253,0.7567567567567568,0.26142376142376145,0.11121237227285281,0.7806005574583064,2.941690500318063,0.38174093432084955,1.424347820343703,1.0,24.599999999999966
MolecuLA raw OLS (seed-excluded),HBA,7,99,99,42,0.42424242424242425,1.0,0.26005469755469757,0.11262420957542908,0.5138321736319447,1.5671220753199901,0.16229037920554526,1.1013354413783243,2.0,23.89999999999999
MolecuLA raw OLS (seed-excluded),HBA,8,99,99,48,0.48484848484848486,1.0,0.34520905923344947,0.10801980198019802,0.5940937870712699,2.6224246124396857,0.17965896060169978,1.03253822172515,1.0,13.249999999999993
MolecuLA raw OLS (seed-excluded),HBA,9,99,99,41,0.41414141414141414,1.0,0.22714285714285715,0.09869565217391306,0.8848156186932261,2.0202363843954725,0.21053910361455913,1.0400925799436287,2.0,23.0
MolecuLA raw OLS (seed-excluded),HBA,10,99,99,57,0.5757575757575758,0.5857142857142857,0.2994024754588135,0.11640866873065016,0.40645202517937395,1.4745355942554312,0.1877607295392242,0.9488431181938508,1.0,8.0
MolecuLA raw OLS (seed-excluded),HBA,11,99,99,33,0.3333333333333333,1.0,0.5096153846153846,0.16792717086834735,0.5549592173265072,1.7949495774578583,0.22703889137572003,1.4350835466724672,1.0,12.399999999999999
MolecuLA raw OLS (seed-excluded),HBA,12,99,99,61,0.6161616161616161,0.5,0.2586486173782252,0.11692075015124016,0.5896999874250257,1.6681881072520586,0.16210598609872234,1.2286983158436497,1.0,7.0
MolecuLA raw OLS (seed-excluded),HBA,13,99,99,40,0.40404040404040403,1.0,0.41712454212454214,0.13166666666666668,0.33407365387700017,1.8059678804151105,0.17231530920199972,0.6333442097456827,2.0,9.549999999999969
MolecuLA raw OLS (seed-excluded),HBA,14,99,99,53,0.5353535353535354,0.5070422535211268,0.25390650539391957,0.11902941176470588,0.7450194141059372,2.610071632368462,0.27396005254822947,1.3124277177326515,2.0,11.599999999999994
MolecuLA raw OLS (seed-excluded),HBA,15,99,99,50,0.5050505050505051,0.7162162162162162,0.18876327509421034,0.06240384615384616,0.5299384949384156,2.5884515915907014,0.3217656848016204,1.1948195917437796,2.0,22.19999999999999
MolecuLA raw OLS (seed-excluded),HBA,16,99,99,60,0.6060606060606061,0.4117647058823529,0.1883445945945946,0.08776930119011292,0.5816733344842153,1.7505631767797842,0.3465702774791078,1.132981789306021,1.5,11.149999999999991
MolecuLA raw OLS (seed-excluded),HBA,17,99,99,71,0.7171717171717171,0.37142857142857144,0.19592163134746102,0.10290736984448952,0.6076008646270434,2.304861615979704,0.21763831241489592,1.0128944415699999,1.0,7.0
MolecuLA raw OLS (seed-excluded),HBA,18,99,96,51,0.53125,0.8093544137022398,0.23951048951048953,0.09207077326343381,0.3619534713157284,1.8086676938115085,0.22760841413699995,1.0464417981883056,1.0,10.0
MolecuLA raw OLS (seed-excluded),HBA,19,99,99,48,0.48484848484848486,1.0,0.2757417694079393,0.05727314707919649,0.5354680851902494,2.2416588981043715,0.2965097391117127,1.163659507351613,1.0,14.649999999999999
MolecuLA raw OLS (seed-excluded),HBA,20,99,99,46,0.46464646464646464,1.0,0.33344768439108063,0.14417524062396284,0.37111052244276177,1.3932392211540043,0.23799544377486548,1.371710609813658,1.0,12.0
MolecuLA raw OLS (seed-excluded),HBA,21,99,99,62,0.6262626262626263,0.44339622641509435,0.2065997130559541,0.08714408973252803,0.6943117774783971,2.3557049085408193,0.2552938148456254,0.8687891635270248,0.0,15.599999999999966
MolecuLA raw OLS (seed-excluded),HBA,22,99,99,60,0.6060606060606061,0.42452830188679247,0.2231800766283525,0.10996407847471677,0.5391567617179027,2.045383166585156,0.164921138747395,0.8275007343505617,1.0,37.0
MolecuLA raw OLS (seed-excluded),HBA,23,99,99,48,0.48484848484848486,1.0,0.26732925586136597,0.13238866396761134,0.7621414551191883,2.432891547294636,0.17260246552559488,1.2134643683284636,2.5,28.299999999999997
MolecuLA raw OLS (seed-excluded),HBA,24,99,99,32,0.32323232323232326,1.0,0.39218856364874066,0.12685013876040702,0.5628510440157273,2.1881369440283542,0.36037005752860274,1.2637577718862847,1.0,8.0
MolecuLA raw OLS (seed-excluded),HBA,25,99,99,59,0.5959595959595959,0.5125,0.17545787545787545,0.09242424242424242,0.6830626707647598,2.0917319120665763,0.26439812229383935,1.4821240434426821,1.0,28.19999999999999
MolecuLA raw OLS (seed-excluded),HBA,26,99,99,53,0.5353535353535354,0.7,0.21555727554179566,0.08547008547008547,0.5978939780401369,1.8864982406012247,0.3424797107519246,1.3554816648790375,1.0,13.199999999999996
MolecuLA raw OLS (seed-excluded),HBA,27,99,99,51,0.5151515151515151,0.8405797101449275,0.2917910447761194,0.13793103448275862,0.34302175132829316,1.2221630291721208,0.22748754169033703,0.9242001215130405,1.0,4.0
MolecuLA raw OLS (seed-excluded),HBA,28,99,99,38,0.3838383838383838,1.0,0.5921690921690922,0.17251589160254266,0.3754684604583902,1.832272183021645,0.167945490211494,1.051978700164772,1.0,24.19999999999999
MolecuLA raw OLS (seed-excluded),HBA,29,99,99,38,0.3838383838383838,1.0,0.3038740920096852,0.125,0.5463345256667784,2.1368054734404986,0.32246737489516375,1.824225835496642,2.0,21.15
MolecuLA raw OLS (seed-excluded),HBA,30,99,99,55,0.5555555555555556,0.5681818181818182,0.23442938267081884,0.12193634922570419,0.5085478629154245,1.9422689075124802,0.23460886055284497,1.1635693782067178,1.0,20.39999999999995
MolecuLA raw OLS (seed-excluded),HBA,31,99,99,54,0.5454545454545454,0.6176470588235294,0.19933774834437085,0.09302325581395349,0.5340971358882936,2.2707605276719662,0.18052403972538728,1.488217420265727,1.0,25.499999999999943
MolecuLA raw OLS (seed-excluded),HBA,32,99,99,30,0.30303030303030304,1.0,0.3798141891891892,0.10269248937175247,0.6628445890378027,2.082048210985194,0.3953304759805978,1.5530848038641976,1.5,18.64999999999999
MolecuLA raw OLS (seed-excluded),HBA,33,99,99,40,0.40404040404040403,1.0,0.2803433268858801,0.08131766161459944,0.4496532165143745,2.303486552227343,0.19840089258028687,1.1055681398245225,2.0,14.049999999999997
MolecuLA raw OLS (seed-excluded),HBA,34,99,99,62,0.6262626262626263,0.449438202247191,0.22429688955112684,0.10211256863941429,0.4177631153709167,1.8043328976539688,0.29146338894712565,0.9887068568360733,1.0,13.949999999999996
MolecuLA raw OLS (seed-excluded),HBA,35,99,99,67,0.6767676767676768,0.411214953271028,0.19253938832252088,0.10618466898954704,0.6395338401501274,1.7171143210360278,0.23717217027775706,1.5248483743356605,1.0,13.699999999999996
MolecuLA raw OLS (seed-excluded),HBA,36,99,99,52,0.5252525252525253,0.6410256410256411,0.2877507324768988,0.09977443609022557,0.7809884923257933,2.392585517910853,0.22798795701112493,1.8368697621638597,2.0,27.349999999999987
MolecuLA raw OLS (seed-excluded),HBA,37,99,99,57,0.5757575757575758,0.5148514851485149,0.2734649122807018,0.06111111111111111,0.6467990121204394,2.3581552243739106,0.2552513802816821,2.0660757600931294,1.0,13.199999999999996
MolecuLA raw OLS (seed-excluded),HBA,38,99,99,46,0.46464646464646464,1.0,0.31666666666666665,0.14696969696969697,0.5931930851876515,1.8395305756472335,0.3072080523676492,0.9392607730302116,1.0,8.25
MolecuLA raw OLS (seed-excluded),HBA,39,99,99,38,0.3838383838383838,1.0,0.3808851224105462,0.12414414414414414,0.7583767668835986,2.1256530938993574,0.22835891311787518,1.9454159063427436,2.0,12.149999999999999
MolecuLA raw OLS (seed-excluded),HBA,40,99,99,38,0.3838383838383838,1.0,0.34696048632218845,0.12397540983606557,0.5446507925608026,2.559611197255367,0.23895592999163376,1.2670036723982172,2.0,20.449999999999996
MolecuLA raw OLS (seed-excluded),HBA,41,99,99,52,0.5252525252525253,0.8333333333333334,0.24641563345068626,0.12264513033743803,0.5296961895329075,1.7510610460515759,0.27207890340878016,1.4581340140359595,1.0,7.0
MolecuLA raw OLS (seed-excluded),HBA,42,99,99,52,0.5252525252525253,0.6571428571428571,0.22975543478260868,0.11980519480519482,0.5834988145581157,1.9578093680438122,0.26760795969856177,1.0552988509380328,1.0,10.0
MolecuLA raw OLS (seed-excluded),HBA,43,99,99,38,0.3838383838383838,1.0,0.31811145510835914,0.0990909090909091,0.7453745177685946,2.0095469641185413,0.28077096489257736,1.3272349842350928,2.0,7.149999999999999
MolecuLA raw OLS (seed-excluded),HBA,44,99,99,67,0.6767676767676768,0.32967032967032966,0.18454661558109833,0.12652799178222907,0.5474332028723374,2.2165511330614986,0.14988065426493072,0.7584927005680724,1.0,12.499999999999979
MolecuLA raw OLS (seed-excluded),HBA,45,99,99,58,0.5858585858585859,0.57,0.24780701754385964,0.11495726495726497,0.4047013501019925,1.3994802355240812,0.2079952854168809,1.011521889425218,1.0,8.149999999999999
MolecuLA raw OLS (seed-excluded),HBA,46,99,99,57,0.5757575757575758,0.5961538461538461,0.28814827127659576,0.10449293966623877,0.4879601145492334,1.6733430959986948,0.26568692565281343,1.2736975717386967,1.0,6.3999999999999915
MolecuLA raw OLS (seed-excluded),HBA,47,99,99,62,0.6262626262626263,0.5882352941176471,0.2596153846153846,0.14257142857142857,0.5206768078994961,1.9774520732851435,0.23954583921843853,0.6964735075168151,1.0,14.949999999999996
MolecuLA raw OLS (seed-excluded),HBA,48,99,99,52,0.5252525252525253,0.7349397590361446,0.2726445743989604,0.16257522964840038,0.5798557872447305,1.9979064272529747,0.25825703392144683,0.8298569236419439,1.0,7.0
MolecuLA raw OLS (seed-excluded),HBA,49,99,99,48,0.48484848484848486,1.0,0.30493430656934306,0.10958188153310106,0.4362702417668731,1.5235004023159981,0.31088088755561905,1.7603692115155778,1.0,5.649999999999999
MolecuLA raw OLS (seed-excluded),HeavyAtomCount,0,99,91,51,0.5604395604395604,0.6344086021505376,0.266110248447205,0.10966356478167502,0.7185000667768273,2.297166851669087,0.2709738566003661,1.6805587331941614,2.0,73.0
MolecuLA raw OLS (seed-excluded),HeavyAtomCount,1,99,99,46,0.46464646464646464,1.0,0.3394051459595562,0.11264738598442714,0.5126341530801337,2.56379157038206,0.1746798323621246,1.136808439962886,2.0,63.25
MolecuLA raw OLS (seed-excluded),HeavyAtomCount,2,99,99,36,0.36363636363636365,1.0,0.26977785100365215,0.10370065789473686,0.5861616314190186,3.051676554224123,0.20351160261694312,2.0674914606976076,2.0,73.0
MolecuLA raw OLS (seed-excluded),HeavyAtomCount,3,99,99,52,0.5252525252525253,0.8103448275862069,0.22117429496070273,0.09090909090909091,0.7089593586619976,2.580386497179017,0.2657859913767702,0.9923695999679695,2.5,24.0
MolecuLA raw OLS (seed-excluded),HeavyAtomCount,4,99,99,53,0.5353535353535354,0.6326530612244898,0.23508771929824562,0.13315384615384615,0.48692167102390815,1.9276426852095547,0.19398373143823278,0.9737005363368526,2.0,49.599999999999994
MolecuLA raw OLS (seed-excluded),HeavyAtomCount,5,99,99,62,0.6262626262626263,0.36363636363636365,0.1390436876504988,0.05881410256410258,0.6297027830023585,2.606624795497901,0.3638851430878778,1.4834490185124185,2.5,53.599999999999966
MolecuLA raw OLS (seed-excluded),HeavyAtomCount,6,99,99,51,0.5151515151515151,0.8108108108108109,0.23437591007047587,0.10258062700512185,0.5828842808271091,2.082676077764823,0.22280870642589018,0.9372301955082778,2.0,68.5
MolecuLA raw OLS (seed-excluded),HeavyAtomCount,7,99,99,46,0.46464646464646464,1.0,0.2523148148148148,0.0990909090909091,0.7267037330660919,3.255688946501384,0.23112571940312981,0.9494571437850107,3.0,68.5
MolecuLA raw OLS (seed-excluded),HeavyAtomCount,8,99,99,53,0.5353535353535354,0.7096774193548387,0.3094758064516129,0.15166800320769847,0.4212541799627765,3.4405230264738735,0.22746400810579348,0.8032902393417897,2.0,82.39999999999999
MolecuLA raw OLS (seed-excluded),HeavyAtomCount,9,99,99,45,0.45454545454545453,1.0,0.23041936838176985,0.11479609032692956,0.6026564635636227,2.02355984811763,0.1623231422918584,1.0007904217494612,3.0,23.0
MolecuLA raw OLS (seed-excluded),HeavyAtomCount,10,99,99,48,0.48484848484848486,1.0,0.2668411867364747,0.10285954583683768,0.9124841189284423,2.8744845662179332,0.2672406406125453,1.0533499768006747,4.0,59.949999999999996
MolecuLA raw OLS (seed-excluded),HeavyAtomCount,11,99,99,47,0.47474747474747475,1.0,0.2906297134238311,0.10397137121410491,0.7658952028101105,3.2712953990022715,0.20448401120893123,1.0136574036305792,2.0,14.399999999999991
MolecuLA raw OLS (seed-excluded),HeavyAtomCount,12,99,99,47,0.47474747474747475,1.0,0.29046548532134353,0.1308679245283019,0.6222160588918015,1.9318065201926653,0.24997364352361523,0.811588534139015,3.0,29.89999999999997
MolecuLA raw OLS (seed-excluded),HeavyAtomCount,13,99,99,34,0.3434343434343434,1.0,0.3777552856500225,0.14084163663345348,1.0317736220871385,2.815767217311089,0.20241613148022009,1.012944525579638,3.0,69.49999999999997
MolecuLA raw OLS (seed-excluded),HeavyAtomCount,14,99,76,51,0.6710526315789473,0.39982876712328763,0.21296610169491526,0.15340749084764854,0.4740014483356152,2.4058758292272353,0.2953658623029908,0.8062445546199699,4.0,76.5
MolecuLA raw OLS (seed-excluded),HeavyAtomCount,15,99,99,43,0.43434343434343436,1.0,0.2437590262017743,0.10831932773109244,0.6335746346121596,2.8647359929284075,0.17855313769651937,0.9876928315259629,4.0,86.0
MolecuLA raw OLS (seed-excluded),HeavyAtomCount,16,99,80,43,0.5375,0.718859649122807,0.28304878871718736,0.14278499278499276,0.9203541689080152,3.067174465193878,0.23992999913082086,0.7147101954695917,5.0,54.9
MolecuLA raw OLS (seed-excluded),HeavyAtomCount,17,99,99,61,0.6161616161616161,0.5,0.18225524475524474,0.05883870967741936,0.7115182924375478,2.2418717472656766,0.2222351107313171,0.8571359810012683,3.0,43.0
MolecuLA raw OLS (seed-excluded),HeavyAtomCount,18,99,81,53,0.654320987654321,0.5,0.25654450261780104,0.12154696132596685,0.6026387740265058,3.2235495841234267,0.2076887897846097,1.1773874066417618,2.0,64.8
MolecuLA raw OLS (seed-excluded),HeavyAtomCount,19,99,74,54,0.7297297297297297,0.4163405088062622,0.21971889210417528,0.07692307692307693,0.676352816001287,3.511082446595155,0.2496982185286722,1.1012067668979109,2.0,61.04999999999998
MolecuLA raw OLS (seed-excluded),HeavyAtomCount,20,99,99,54,0.5454545454545454,0.855072463768116,0.29773809523809525,0.1931453841901603,0.6898948116838204,2.7418634455968043,0.17590256931469178,0.9073758257322669,1.5,57.04999999999998
MolecuLA raw OLS (seed-excluded),HeavyAtomCount,21,99,99,54,0.5454545454545454,0.6923076923076923,0.3003263610740246,0.09647177419354838,0.7904459584037404,2.6156292596279176,0.19216363785439378,0.6238617519704579,2.0,43.949999999999676
MolecuLA raw OLS (seed-excluded),HeavyAtomCount,22,99,99,56,0.5656565656565656,0.4827586206896552,0.2559065228556754,0.08883572567783095,0.840929851069768,2.835258422830445,0.17465897515644796,0.8410439070280455,3.0,32.25
MolecuLA raw OLS (seed-excluded),HeavyAtomCount,23,99,99,46,0.46464646464646464,1.0,0.38675213675213677,0.15421695951107717,0.4796338273870435,3.8791741956715677,0.18102806656493003,0.9463792947682832,2.0,55.5
MolecuLA raw OLS (seed-excluded),HeavyAtomCount,24,99,99,34,0.3434343434343434,1.0,0.3666666666666667,0.10449976624590931,0.85182812089666,2.8317492970910902,0.2519834296757591,1.5705550851131913,4.5,43.05
MolecuLA raw OLS (seed-excluded),HeavyAtomCount,25,99,99,51,0.5151515151515151,0.8059701492537313,0.29950085742283195,0.13125,0.7222515841232218,2.890134811564053,0.21166295376046174,0.9482622288952516,4.0,67.5
MolecuLA raw OLS (seed-excluded),HeavyAtomCount,26,99,86,53,0.6162790697674418,0.5,0.1825864779874214,0.07991452991452992,0.8977613479720263,2.318784879636148,0.23727057842076105,0.9778423253818034,2.0,23.999999999999993
MolecuLA raw OLS (seed-excluded),HeavyAtomCount,27,99,99,52,0.5252525252525253,0.6545454545454545,0.2495137046861185,0.13895150273224044,1.0446871839367189,2.79220608348853,0.24586394212801135,0.820690111761595,2.0,77.44999999999999
MolecuLA raw OLS (seed-excluded),HeavyAtomCount,28,99,99,51,0.5151515151515151,0.7625,0.2890217391304348,0.15480410447761195,0.4990838592018756,2.273259482226487,0.20866795712259156,0.8121437397291116,2.0,81.5
MolecuLA raw OLS (seed-excluded),HeavyAtomCount,29,99,99,41,0.41414141414141414,1.0,0.26649958228905596,0.11302945301542777,0.5640252424819199,2.4593479588921587,0.35794978568433466,1.5130367168811751,4.0,56.0
MolecuLA raw OLS (seed-excluded),HeavyAtomCount,30,99,80,43,0.5375,0.7033724340175953,0.2670877756681759,0.14501942501942502,0.5751401252880299,2.3474042437512512,0.1878244621052144,0.761647954743226,4.0,60.8
MolecuLA raw OLS (seed-excluded),HeavyAtomCount,31,99,99,57,0.5757575757575758,0.4430379746835443,0.19405940594059407,0.0885440347929228,0.8567645076674335,2.7251684754627323,0.38794359826832336,1.4568746784301398,3.0,64.39999999999992
MolecuLA raw OLS (seed-excluded),HeavyAtomCount,32,99,99,30,0.30303030303030304,1.0,0.44285714285714284,0.10877443609022557,1.16452568640055,2.535966568253352,0.36269724325147734,1.4216627140526668,2.5,70.0
MolecuLA raw OLS (seed-excluded),HeavyAtomCount,33,99,99,37,0.37373737373737376,1.0,0.26881014873140857,0.11584337349397592,0.5854795143004958,2.8019252637649075,0.27362452263850245,0.9909198800960582,3.0,68.19999999999999
MolecuLA raw OLS (seed-excluded),HeavyAtomCount,34,99,99,51,0.5151515151515151,0.8939393939393939,0.30772946859903383,0.11394974226804123,0.7911119632584329,2.7161748232631853,0.1385826326383795,1.3458956865091105,3.0,71.0
MolecuLA raw OLS (seed-excluded),HeavyAtomCount,35,99,99,47,0.47474747474747475,1.0,0.31464029889816997,0.13042544886807184,0.6733830163874455,3.0835295934532745,0.16686517170500909,1.1600559874479932,3.0,78.19999999999997
MolecuLA raw OLS (seed-excluded),HeavyAtomCount,36,99,96,44,0.4583333333333333,1.0,0.2991379310344827,0.16068412162162163,0.7095698912841861,2.3239285872522917,0.224894467444048,1.1995635330073955,4.0,56.10000000000001
MolecuLA raw OLS (seed-excluded),HeavyAtomCount,37,99,99,51,0.5151515151515151,0.8607594936708861,0.2562962962962963,0.10976923076923077,0.9168861358044218,2.423746192229618,0.29026000214351033,1.252343802041362,2.0,71.0
MolecuLA raw OLS (seed-excluded),HeavyAtomCount,38,99,99,48,0.48484848484848486,1.0,0.28566966028894963,0.11371585609593604,0.4708892961177664,2.224124587839507,0.19764667586985696,1.159076570171015,2.0,50.94999999999994
MolecuLA raw OLS (seed-excluded),HeavyAtomCount,39,99,99,35,0.35353535353535354,1.0,0.3609649122807017,0.13966489034638246,0.904393858161284,2.784480415066099,0.28889907000862947,0.8698853734545677,2.0,72.3
MolecuLA raw OLS (seed-excluded),HeavyAtomCount,40,99,99,41,0.41414141414141414,1.0,0.33850160256410255,0.1170519007704682,0.608450496724096,3.7360361080072835,0.23760887446125611,1.4043388670055401,3.0,60.0
MolecuLA raw OLS (seed-excluded),HeavyAtomCount,41,99,99,50,0.5050505050505051,0.7894736842105263,0.2720696498303566,0.13441528187606772,0.6743687555197972,2.441570619801846,0.353548843021183,0.9562570360185838,2.0,59.04999999999997
MolecuLA raw OLS (seed-excluded),HeavyAtomCount,42,99,99,55,0.5555555555555556,0.5269461077844312,0.2736185383244207,0.10901639344262296,0.7863982687803226,2.0787747490181974,0.3398004982011762,1.0896713149650554,3.0,54.09999999999995
MolecuLA raw OLS (seed-excluded),HeavyAtomCount,43,99,99,37,0.37373737373737376,1.0,0.3577443122014412,0.1427505330490405,1.0264887101074454,2.8213127781495095,0.3343648790659065,1.0096188926687586,2.0,46.59999999999999
MolecuLA raw OLS (seed-excluded),HeavyAtomCount,44,99,99,52,0.5252525252525253,0.6226415094339622,0.2681681026647762,0.10780262518230434,0.5487200436865933,2.3721198944794675,0.129226934037372,0.7644190685567336,2.0,19.24999999999998
MolecuLA raw OLS (seed-excluded),HeavyAtomCount,45,99,99,47,0.47474747474747475,1.0,0.25628531073446326,0.13899708697461508,0.8159172738447662,3.3244571916248153,0.28720149517519494,0.9777194135657088,3.0,80.1
MolecuLA raw OLS (seed-excluded),HeavyAtomCount,46,99,99,48,0.48484848484848486,1.0,0.2740372244617892,0.0832089552238806,0.5316540359874584,2.3787889694240585,0.20670939480678177,1.2391405810436098,3.0,47.599999999999994
MolecuLA raw OLS (seed-excluded),HeavyAtomCount,47,99,86,53,0.6162790697674418,0.48698795180722887,0.28401681537405626,0.11074162864434305,0.4931356053788942,1.9683485653038686,0.1961286512587812,0.8867399613099899,3.0,35.39999999999995
MolecuLA raw OLS (seed-excluded),HeavyAtomCount,48,99,99,51,0.5151515151515151,0.875,0.30981382451970685,0.14940677966101695,0.7222485418923181,3.3242550249803093,0.22510140164208636,1.1704250427781342,2.0,75.5
MolecuLA raw OLS (seed-excluded),HeavyAtomCount,49,99,99,37,0.37373737373737376,1.0,0.35922695142126637,0.10741023682200153,0.9081889238264731,3.9032028559790284,0.3826868395561216,1.3108047526886606,3.0,70.19999999999999
MolecuLA raw OLS (seed-excluded),TPSA,0,99,99,47,0.47474747474747475,1.0,0.23273809523809524,0.02515479876160991,0.6403403769632767,2.290420325421315,0.3179366731967968,1.2891843756989039,8.79,136.9969999999999
MolecuLA raw OLS (seed-excluded),TPSA,1,99,99,49,0.494949494949495,1.0,0.42740183792815367,0.1220668092808952,0.2969217305829943,0.8959584369803054,0.1931164916890923,0.9966615956331354,12.030000000000001,97.79600000000002
MolecuLA raw OLS (seed-excluded),TPSA,2,99,99,33,0.3333333333333333,1.0,0.5108695652173914,0.15376766091051805,0.3949686028257453,1.4776247199871921,0.25743248594278967,1.3675832901602543,12.310000000000002,61.44199999999996
MolecuLA raw OLS (seed-excluded),TPSA,3,99,99,57,0.5757575757575758,0.5652173913043478,0.24695121951219512,0.10672699849170439,0.4918862872697112,1.4395781844760336,0.26386087742245845,1.1148433410963745,11.08999999999999,125.03599999999993
MolecuLA raw OLS (seed-excluded),TPSA,4,99,99,34,0.3434343434343434,1.0,0.5459183673469388,0.15046153846153848,0.5268440816753279,1.2563553973939285,0.29149120707340437,0.7872576057912941,8.955000000000004,65.97899999999996
MolecuLA raw OLS (seed-excluded),TPSA,5,99,99,69,0.696969696969697,0.5,0.1602469135802469,0.046027131782945735,0.37261081971521914,2.3217221952393494,0.2807405783881929,1.2258608584095336,8.870000000000005,155.5239999999998
MolecuLA raw OLS (seed-excluded),TPSA,6,99,99,60,0.6060606060606061,0.6590909090909091,0.3898989898989899,0.11238213399503721,0.30288373841740857,1.5701023479967198,0.2622899653404725,0.971914371541981,9.21499999999999,43.018
MolecuLA raw OLS (seed-excluded),TPSA,7,99,99,26,0.26262626262626265,1.0,0.5689792663476874,0.09029275808936826,0.4871267345814352,1.920226189509452,0.32516565032076994,2.042535752196926,19.765000000000008,85.59000000000003
MolecuLA raw OLS (seed-excluded),TPSA,8,99,99,42,0.42424242424242425,1.0,0.4702240566037736,0.1905769230769231,0.34677531730929845,1.25138276846574,0.1641059315891602,0.8655334542876411,1.5649999999999906,65.04899999999998
MolecuLA raw OLS (seed-excluded),TPSA,9,99,99,27,0.2727272727272727,1.0,0.6817451205510907,0.13625914315569487,0.3801670866300153,1.2198600359376695,0.24959175116906504,1.5735927719571103,12.36,59.403999999999996
MolecuLA raw OLS (seed-excluded),TPSA,10,99,99,66,0.6666666666666666,0.5384615384615384,0.1963998714239794,0.09533206831119545,0.45827541986158504,1.2863766936897245,0.25532285224591034,1.1280990212461757,7.685000000000008,171.98499999999999
MolecuLA raw OLS (seed-excluded),TPSA,11,99,99,26,0.26262626262626265,1.0,1.0,0.16065182829888713,0.4649570685112665,2.766046236794936,0.37188133080905333,2.0352520088009123,7.1349999999999945,73.6575
MolecuLA raw OLS (seed-excluded),TPSA,12,99,99,52,0.5252525252525253,0.7647058823529411,0.36078811369509045,0.14724025974025975,0.41749529009356756,1.5510684438099094,0.2785618669913959,1.113937143528827,19.419999999999995,150.64249999999993
MolecuLA raw OLS (seed-excluded),TPSA,13,99,99,29,0.29292929292929293,1.0,0.6163663663663663,0.1570434782608696,0.2909747558083886,1.9304928495507658,0.3298861912969834,1.1821320179257564,20.230000000000004,173.23799999999991
MolecuLA raw OLS (seed-excluded),TPSA,14,99,99,48,0.48484848484848486,1.0,0.338335550382441,0.1276595744680851,0.5220353272787253,1.42477122034061,0.21279968019151113,0.953550893113724,12.195,95.78550000000001
MolecuLA raw OLS (seed-excluded),TPSA,15,99,99,46,0.46464646464646464,1.0,0.3077731092436975,0.08666804893219988,0.41031775232399603,2.097842407974064,0.3479136222421228,1.5547335184728208,9.200000000000001,118.07
MolecuLA raw OLS (seed-excluded),TPSA,16,99,99,55,0.5555555555555556,0.796875,0.30950653120464444,0.12183198860939724,0.2500910326190642,1.6569762767155707,0.23765336665078,0.7022346979245222,11.490000000000009,71.405
MolecuLA raw OLS (seed-excluded),TPSA,17,99,99,76,0.7676767676767676,0.37662337662337664,0.22765261627906977,0.1384084880636605,0.6152264404959107,1.8555817406838377,0.31532100893814874,1.0623118242824292,8.11,94.07250000000002
MolecuLA raw OLS (seed-excluded),TPSA,18,99,99,31,0.31313131313131315,1.0,0.5463870177587262,0.15577651515151517,0.6891760737702564,2.102506582879047,0.495841079478219,1.939076058111912,12.030000000000001,157.66000000000003
MolecuLA raw OLS (seed-excluded),TPSA,19,99,99,62,0.6262626262626263,0.5633802816901409,0.2195488721804511,0.07989473684210527,0.4608484527835319,2.1134880682025186,0.2334872483522068,1.1649069054184256,12.725000000000001,131.2484999999999
MolecuLA raw OLS (seed-excluded),TPSA,20,99,99,59,0.5959595959595959,0.7547169811320755,0.4100713012477718,0.18259999999999998,0.21731884020370984,1.0525173428491519,0.16459796926704007,1.067750297469027,12.029999999999987,84.12299999999998
MolecuLA raw OLS (seed-excluded),TPSA,21,99,99,56,0.5656565656565656,0.6507936507936508,0.30394736842105263,0.14874843554443054,0.43990866589309974,2.1901835077726974,0.20658675275695626,0.7015632320374425,8.145000000000008,79.42999999999998
MolecuLA raw OLS (seed-excluded),TPSA,22,99,99,52,0.5252525252525253,0.7192982456140351,0.2929785455558651,0.08961038961038961,0.4838935460950293,1.9221827786559826,0.22174462439480525,1.1710813322565476,9.229999999999999,40.17049999999995
MolecuLA raw OLS (seed-excluded),TPSA,23,99,99,37,0.37373737373737376,1.0,0.4792663476874003,0.1686147186147186,0.5066316713729417,1.7113407096933784,0.45246290275419276,1.2824231618464264,26.299999999999997,92.62599999999999
MolecuLA raw OLS (seed-excluded),TPSA,24,99,99,43,0.43434343434343436,1.0,0.5236118318629994,0.11618962432915922,0.24498042213883675,2.1439415922891163,0.2652745047846465,1.3958272549904363,9.23,134.37999999999994
MolecuLA raw OLS (seed-excluded),TPSA,25,99,99,56,0.5656565656565656,0.6075949367088608,0.23132331755505248,0.11737660581473969,0.5563187592223908,2.1969997795025273,0.290373965973005,0.925650343197734,9.775000000000006,154.29000000000002
MolecuLA raw OLS (seed-excluded),TPSA,26,99,99,43,0.43434343434343436,1.0,0.36029019524165157,0.13032581453634084,0.4107502400991727,1.1586564912657835,0.3141192692296173,1.032857626797133,12.439999999999998,140.72799999999998
MolecuLA raw OLS (seed-excluded),TPSA,27,99,99,54,0.5454545454545454,0.84,0.4,0.1263878698948398,0.3135012184038488,1.3080251644448544,0.21030360008256607,0.8595703810124319,10.63000000000001,63.76149999999998
MolecuLA raw OLS (seed-excluded),TPSA,28,99,99,32,0.32323232323232326,1.0,0.7084639498432602,0.40006516780710333,0.2598596171645129,0.99982717147005,0.11023262603170397,1.33438193344709,19.230000000000018,69.7019999999999
MolecuLA raw OLS (seed-excluded),TPSA,29,99,99,21,0.21212121212121213,1.0,1.0,0.16578947368421051,0.38867760953536035,1.2161080473372774,0.44179429267143067,1.962815025168735,12.89,149.08999999999997
MolecuLA raw OLS (seed-excluded),TPSA,30,99,99,54,0.5454545454545454,0.6851851851851852,0.3083916083916084,0.13313131313131313,0.3882990363452943,1.5393396093233245,0.25232636713869877,1.1837820446179204,20.254999999999985,128.50299999999996
MolecuLA raw OLS (seed-excluded),TPSA,31,99,99,51,0.5151515151515151,0.8,0.31414473684210525,0.10677339901477832,0.25466079703429134,1.4895122009291426,0.2673730646101431,1.099193295992778,6.840000000000003,95.33499999999995
MolecuLA raw OLS (seed-excluded),TPSA,32,99,99,27,0.2727272727272727,1.0,0.6002844950213371,0.11846915460776847,0.44460388189644373,2.111409305966182,0.43984554619500005,1.4343388882551895,11.0,126.85799999999992
MolecuLA raw OLS (seed-excluded),TPSA,33,99,99,34,0.3434343434343434,1.0,0.5707442888725129,0.17357762777242047,0.4508360705400585,1.5958875524744425,0.26854362887852146,1.4029368962319146,0.6799999999999962,87.35849999999989
MolecuLA raw OLS (seed-excluded),TPSA,34,99,99,56,0.5656565656565656,0.5441176470588235,0.2330257461836409,0.10811667723525682,0.6043367688822161,2.2486995984799045,0.35130775671099834,1.3007044579101,12.195000000000004,110.84249999999997
MolecuLA raw OLS (seed-excluded),TPSA,35,99,99,65,0.6565656565656566,0.59,0.32916666666666666,0.11364550942015732,0.3576948654210881,1.938975002969765,0.2608602682373785,0.9337695353436162,1.7699999999999818,87.46000000000001
MolecuLA raw OLS (seed-excluded),TPSA,36,99,99,40,0.40404040404040403,1.0,0.5102778835173201,0.24083688492832236,0.42582219957340417,1.5759558728385386,0.24627288878948533,1.375279533432349,0.0,29.05499999999998
MolecuLA raw OLS (seed-excluded),TPSA,37,99,99,50,0.5050505050505051,0.7678571428571429,0.2627572898799314,0.14033448106246926,0.8466209402683771,2.929298239469051,0.2952652484967756,1.083826656675184,15.384999999999984,111.51399999999981
MolecuLA raw OLS (seed-excluded),TPSA,38,99,99,47,0.47474747474747475,1.0,0.2936948297604035,0.1202530815630737,0.514962358742503,2.0745559074139988,0.1986870001452789,0.884145975748677,17.07,94.24700000000001
MolecuLA raw OLS (seed-excluded),TPSA,39,99,99,26,0.26262626262626265,1.0,0.8461538461538461,0.20404411764705882,0.49876453546453625,1.8734136662336092,0.34414913551786397,2.1229629877598444,10.115,99.88250000000002
MolecuLA raw OLS (seed-excluded),TPSA,40,99,99,39,0.3939393939393939,1.0,0.35857142857142854,0.11556865464632456,0.3746887055874417,1.5424835106091563,0.3252791343129121,1.40205337496969,17.070000000000004,171.07800000000006
MolecuLA raw OLS (seed-excluded),TPSA,41,99,99,45,0.45454545454545453,1.0,0.329842070629524,0.1109090909090909,0.6041021515451659,2.0044934666349943,0.32338130572759505,1.3667400798459717,9.23,63.20799999999996
MolecuLA raw OLS (seed-excluded),TPSA,42,99,99,55,0.5555555555555556,0.7361111111111112,0.2416573971078977,0.1075897435897436,0.4208667842243967,1.6509934137568698,0.2874997212137295,1.1963936532388375,12.030000000000001,79.9149999999999
MolecuLA raw OLS (seed-excluded),TPSA,43,99,99,32,0.32323232323232326,1.0,0.4913793103448276,0.12085186452275061,0.5531256334030679,2.3110022430894763,0.290409701017791,0.8745556004213398,7.899999999999988,103.93299999999998
MolecuLA raw OLS (seed-excluded),TPSA,44,99,99,68,0.6868686868686869,0.4426229508196721,0.18531165833012697,0.10384174311926606,0.5314222347254245,1.8671976735777016,0.3157893844700932,0.9082247251529696,2.500000000000007,113.29999999999988
MolecuLA raw OLS (seed-excluded),TPSA,45,99,99,51,0.5151515151515151,1.0,0.32625000000000004,0.11485524442335074,0.3001464361874202,1.5812413632541302,0.2553184896510792,1.3763289317236223,9.230000000000004,96.04499999999999
MolecuLA raw OLS (seed-excluded),TPSA,46,99,99,44,0.4444444444444444,1.0,0.3322115384615385,0.05570530098831986,0.6000670007117281,1.2896693541872297,0.4676891326421134,2.088200937447084,12.030000000000015,158.12650000000005
MolecuLA raw OLS (seed-excluded),TPSA,47,99,99,58,0.5858585858585859,0.6944444444444444,0.25518925518925517,0.11909059354390836,0.3925874452990601,1.8817371866582975,0.30754797215092833,0.8455552427488969,12.36000000000002,109.34299999999999
MolecuLA raw OLS (seed-excluded),TPSA,48,99,99,35,0.35353535353535354,1.0,0.5773596176821983,0.22139565503620803,0.37094927206337935,1.725822609168341,0.3603892936808226,1.1521707494484112,4.350000000000001,49.88299999999984
MolecuLA raw OLS (seed-excluded),TPSA,49,99,99,52,0.5252525252525253,0.7857142857142857,0.34491708723864456,0.1689198606271777,0.5593951040728342,1.8759194215130406,0.27128078515107157,1.3697603523374475,12.68,83.59999999999995
MolecuLA raw OLS (seed-excluded),cLogP,0,99,99,55,0.5555555555555556,0.6349206349206349,0.23774703557312254,0.15746753246753248,0.41079560804032145,2.0908526369162614,0.2839404258656156,1.0745487697478306,0.4457999999999984,2.858189999999989
MolecuLA raw OLS (seed-excluded),cLogP,1,99,99,41,0.41414141414141414,1.0,0.3096903096903097,0.11764705882352941,0.791292165472167,2.444912514933458,0.457385403447636,1.635149105483889,0.6824999999999997,24.820200000000085
MolecuLA raw OLS (seed-excluded),cLogP,2,99,99,33,0.3333333333333333,1.0,0.5079365079365079,0.1111111111111111,0.781767012944389,2.42996393099371,0.14288980735966017,2.937940856456631,0.9826999999999728,5.243039999999956
MolecuLA raw OLS (seed-excluded),cLogP,3,99,99,54,0.5454545454545454,0.6777777777777778,0.18080075662042874,0.06731601731601733,0.6629518058148016,2.312635540425166,0.25486282166353846,0.9527745603616071,0.4378500000000001,2.4092209999999987
MolecuLA raw OLS (seed-excluded),cLogP,4,99,99,42,0.42424242424242425,1.0,0.3684210526315789,0.10515350877192982,0.481358781352923,1.6539620193071327,0.2882741712925439,0.9147647738986743,0.7377499999999997,5.011410000000017
MolecuLA raw OLS (seed-excluded),cLogP,5,99,99,56,0.5656565656565656,0.5645161290322581,0.19097827810369433,0.08027295285359802,0.684446180635689,2.755207962132859,0.27817015938341144,1.2831647346439516,0.8005099999999978,6.028390000000006
MolecuLA raw OLS (seed-excluded),cLogP,6,99,99,60,0.6060606060606061,0.48,0.252000252000252,0.12616204690831556,0.6897704072904935,2.5545079595100524,0.2971820808574129,1.0705349292657775,0.9006949999999994,28.90023499999997
MolecuLA raw OLS (seed-excluded),cLogP,7,99,99,36,0.36363636363636365,1.0,0.36968417761100686,0.13781314470969644,0.736695774841428,2.07386224523937,0.29954839919940246,1.1275393566120904,0.9154899999999961,24.313225000000074
MolecuLA raw OLS (seed-excluded),cLogP,8,99,99,53,0.5353535353535354,0.825,0.3894230769230769,0.17650375939849625,0.47890774870632136,1.81332416704705,0.23636089362329704,1.0945748866282907,0.39309999999999956,3.322059999999938
MolecuLA raw OLS (seed-excluded),cLogP,9,99,99,41,0.41414141414141414,1.0,0.3919191919191919,0.12041166380789023,0.605323877696403,1.8915229233917001,0.34688309569176845,1.3724802601820665,0.9225199999999933,6.252530000000007
MolecuLA raw OLS (seed-excluded),cLogP,10,99,99,55,0.5555555555555556,0.7088607594936709,0.29913419913419914,0.10795303500221534,0.6084151614400968,1.5017261938693673,0.16054551186986554,0.7189063451096821,0.6344999999999956,6.4558700000000515
MolecuLA raw OLS (seed-excluded),cLogP,11,99,99,43,0.43434343434343436,1.0,0.3931818181818182,0.19669421487603306,0.5626826194111025,2.113813820669443,0.3206073009815795,1.2326561178286337,0.656600000000001,3.531919999999995
MolecuLA raw OLS (seed-excluded),cLogP,12,99,99,54,0.5454545454545454,0.5238095238095238,0.24446022727272726,0.10759036144578314,0.5255864943182229,2.501147709694586,0.3620948100832768,1.0472971546414709,0.8012999999999997,5.259229999999942
MolecuLA raw OLS (seed-excluded),cLogP,13,99,99,38,0.3838383838383838,1.0,0.3294950055493896,0.12939231832662138,0.5143229363892221,2.498799528581507,0.322791302660353,1.2132736759810987,0.8415999999999948,6.3361549999999855
MolecuLA raw OLS (seed-excluded),cLogP,14,99,99,41,0.41414141414141414,1.0,0.34619666048237474,0.1693452380952381,0.8724099379528241,1.982999104283575,0.25588945914715566,1.3457330331435333,0.6429999999999998,23.870400000000043
MolecuLA raw OLS (seed-excluded),cLogP,15,99,99,50,0.5050505050505051,0.782608695652174,0.312962962962963,0.11272401433691756,0.6835376290616288,1.6727256956761734,0.2908820135124146,1.2385219249021648,0.5461499999999955,14.669970000000013
MolecuLA raw OLS (seed-excluded),cLogP,16,99,99,43,0.43434343434343436,1.0,0.35239981360671013,0.13075268817204302,0.6517869350843615,2.680601064029616,0.24453121655631993,1.1712846799950303,0.8785000000000003,3.578529999999986
MolecuLA raw OLS (seed-excluded),cLogP,17,99,99,65,0.6565656565656566,0.45,0.26998432601880873,0.14144271570014144,0.7547537891801763,2.5324625614486256,0.1987321365554467,0.8964911957241857,0.8741000000000021,8.35703799999997
MolecuLA raw OLS (seed-excluded),cLogP,18,99,99,57,0.5757575757575758,0.68,0.3093073593073593,0.15988785046728973,0.5144279080731549,1.9152079977461987,0.28879564938447777,1.0735071513411838,0.6954000000000002,23.40726000000005
MolecuLA raw OLS (seed-excluded),cLogP,19,99,99,53,0.5353535353535354,0.7222222222222222,0.28035714285714286,0.12480769230769231,0.7376606362762619,3.037187835098587,0.3300861968571818,1.2104225030527038,0.6600000000000019,4.45391999999994
MolecuLA raw OLS (seed-excluded),cLogP,20,99,99,58,0.5858585858585859,0.6730769230769231,0.34993997599039617,0.17620634497467344,0.44676525461698047,1.5527110710249772,0.1953582197074684,0.8668816458121446,0.8022500000000012,11.245609999999829
MolecuLA raw OLS (seed-excluded),cLogP,21,99,99,61,0.6161616161616161,0.5333333333333333,0.3148360760301059,0.08768334337954592,0.598305903977538,2.104824208673783,0.15754459132331333,0.7651085245653284,0.5785999999999998,3.1266200000000044
MolecuLA raw OLS (seed-excluded),cLogP,22,99,99,60,0.6060606060606061,0.5232558139534884,0.23410638052382599,0.09791271347248577,0.45716171872005384,1.704967249891979,0.23905624328039327,1.1888202071080325,0.5451049999999973,7.751725500000051
MolecuLA raw OLS (seed-excluded),cLogP,23,99,99,47,0.47474747474747475,1.0,0.3871415356151712,0.108973185088293,0.5529967622614711,1.9338863385051341,0.21748985119841469,1.1888839865232124,0.7136000000000005,21.44220999999985
MolecuLA raw OLS (seed-excluded),cLogP,24,99,99,40,0.40404040404040403,1.0,0.375,0.15327635327635328,0.3546609848541,2.0776492393737267,0.23874064624337799,1.0533991879002178,0.9759500000000005,3.6123444999999985
MolecuLA raw OLS (seed-excluded),cLogP,25,99,99,53,0.5353535353535354,0.7101449275362319,0.25685425685425683,0.12931034482758622,0.6335912177075125,2.594631935462488,0.24867085486366108,0.7837917423205171,0.6118999999999932,21.526940000000103
MolecuLA raw OLS (seed-excluded),cLogP,26,99,99,46,0.46464646464646464,1.0,0.308027079303675,0.13218033424018658,0.5780469664645791,2.8546473687773877,0.29904545723833,1.0859728002926081,0.7247049999999935,18.78204499999996
MolecuLA raw OLS (seed-excluded),cLogP,27,99,99,47,0.47474747474747475,1.0,0.38224299065420564,0.13294117647058823,0.5505851106249615,2.041627882069984,0.23204323120509562,0.9646907042992624,1.2449999999999921,8.865590000000061
MolecuLA raw OLS (seed-excluded),cLogP,28,99,99,46,0.46464646464646464,1.0,0.3957332418210936,0.2678156146179402,0.328372316746826,2.014596971624993,0.1699878368584446,1.0007697899564825,0.6364500000000001,3.1301499999999383
MolecuLA raw OLS (seed-excluded),cLogP,29,99,99,34,0.3434343434343434,1.0,0.39619252873563215,0.14523301516002246,0.5836042087190476,2.7938066287302115,0.46534760738383074,1.3501535412355499,0.7663499999999988,26.50272500000001
MolecuLA raw OLS (seed-excluded),cLogP,30,99,99,51,0.5151515151515151,0.7551020408163265,0.23779761904761904,0.1518042646254784,0.4787687277192143,1.9414071233097285,0.2660556570455,0.8463631824376581,0.7802000000000007,2.788949999999993
MolecuLA raw OLS (seed-excluded),cLogP,31,99,99,45,0.45454545454545453,1.0,0.26365441906653425,0.06963636363636364,0.4411554890921874,2.64046769807211,0.28544119381884125,1.1131562294873376,0.7223000000000015,6.430719999999965
MolecuLA raw OLS (seed-excluded),cLogP,32,99,99,26,0.26262626262626265,1.0,0.5847953216374269,0.1059337748344371,0.5731435543242358,1.9001411838525815,0.23389224261771746,1.3000370190159114,0.9265950000000003,28.437339999999985
MolecuLA raw OLS (seed-excluded),cLogP,33,99,99,32,0.32323232323232326,1.0,0.5086206896551724,0.2434633950120676,0.5502612972619034,1.621376921814759,0.21550477176916172,1.0647853334233321,0.7589049999999968,3.911775499999985
MolecuLA raw OLS (seed-excluded),cLogP,34,99,99,56,0.5656565656565656,0.5955056179775281,0.2703308596165739,0.15306007860752388,0.4787007448100513,1.7422321689787628,0.1950227890768271,0.6466614872311067,0.7717900000000002,3.7117374999999786
MolecuLA raw OLS (seed-excluded),cLogP,35,99,99,55,0.5555555555555556,0.6666666666666666,0.22144522144522144,0.11097560975609756,0.9062618969712268,2.4992368503024514,0.3300712141055817,1.3884477358042504,0.6430000000000016,6.558629999999967
MolecuLA raw OLS (seed-excluded),cLogP,36,99,99,49,0.494949494949495,1.0,0.259170653907496,0.10664282064384262,0.6837826531418987,2.3232366907909587,0.22175496377271386,1.1435761390301082,0.6530000000000005,18.108059999999824
MolecuLA raw OLS (seed-excluded),cLogP,37,99,99,61,0.6161616161616161,0.5535714285714286,0.29890257989988445,0.09657953281423803,0.5165538167413377,2.121832633990903,0.2586656190717741,0.964325592321132,0.7135999999999987,6.2852999999999835
MolecuLA raw OLS (seed-excluded),cLogP,38,99,99,48,0.48484848484848486,1.0,0.21279003961516696,0.11297508549096238,0.7045660354957453,2.0523870710157333,0.3009821448395902,0.8702510984657466,0.7504049999999975,27.052334999999996
MolecuLA raw OLS (seed-excluded),cLogP,39,99,99,33,0.3333333333333333,1.0,0.4781919111816019,0.17167076167076167,0.4306620275183839,2.853656771259514,0.4128590307582788,0.8623432029429361,0.5871,2.1340600000000016
MolecuLA raw OLS (seed-excluded),cLogP,40,99,99,43,0.43434343434343436,1.0,0.2897727272727273,0.11751025991792066,0.5330092831787745,2.8256409785831194,0.388771469432327,1.1731492967825332,0.8608000000000011,25.946259999999974
MolecuLA raw OLS (seed-excluded),cLogP,41,99,99,50,0.5050505050505051,0.7096774193548387,0.2857142857142857,0.13789663461538462,0.6905938951376491,2.103917075978908,0.23049824618702905,0.9348556653514759,0.7621499999999974,3.598199999999974
MolecuLA raw OLS (seed-excluded),cLogP,42,99,99,61,0.6161616161616161,0.5272727272727272,0.28313340603416937,0.07527472527472528,0.6002994356155593,1.8536833135687738,0.29441989685159653,1.0932877502511251,0.8210000000000015,6.743900000000018
MolecuLA raw OLS (seed-excluded),cLogP,43,99,99,40,0.40404040404040403,1.0,0.4835897435897436,0.1375237578061363,0.575267552043845,1.720581069892549,0.30389837116286456,0.8920271496526019,0.6329,12.832664999999919
MolecuLA raw OLS (seed-excluded),cLogP,44,99,99,59,0.5959595959595959,0.5569620253164557,0.228603324237162,0.1361721611721612,0.495761683494953,1.811629703659493,0.222828637207374,0.8190457489546623,0.7802000000000016,5.698298999999899
MolecuLA raw OLS (seed-excluded),cLogP,45,99,99,43,0.43434343434343436,1.0,0.45029624753127057,0.0734053862508859,0.7048964673548426,3.2903180011476585,0.3050545730958776,1.2567747207861555,0.7537999999999938,32.4394799999997
MolecuLA raw OLS (seed-excluded),cLogP,46,99,99,55,0.5555555555555556,0.7012987012987013,0.2746615087040619,0.10358803986710964,0.4355356704333726,1.5543645663060595,0.2238221529589044,0.9059886519201475,0.6415799999999976,2.592059999999991
MolecuLA raw OLS (seed-excluded),cLogP,47,99,99,47,0.47474747474747475,1.0,0.324317738791423,0.16609195402298849,0.4064318571656331,1.3496945449791617,0.22020207245257845,0.8270798207220816,0.8071999999999964,5.850369999999997
MolecuLA raw OLS (seed-excluded),cLogP,48,99,99,51,0.5151515151515151,0.9622641509433962,0.35632861635220126,0.20157894736842105,0.419745602868832,1.5999540013133942,0.16716709582912806,1.012741082960813,0.7395000000000014,15.672099999999988
MolecuLA raw OLS (seed-excluded),cLogP,49,99,99,51,0.5151515151515151,0.782051282051282,0.21237000547345375,0.08471861471861472,0.6594547462712796,2.4054905586739905,0.23167539629483758,1.0389920515574915,0.5967200000000012,5.5843349999999905
