method,property,alpha,latent_displacement,requested_candidates,valid_candidates,valid_fraction,distinct_canonical_structures,median_sa_score,median_delta_sa_vs_seed,median_np_likeness,median_delta_np_vs_seed,median_np_fragment_confidence,sa_nonworsening_fraction_valid_changed,np_nondecreasing_fraction_valid_changed
MolecuLA raw OLS (seed-excluded),FractionCSP3,-150.0,150.0,50,50,1.0,50,5.97049367229083,3.36887011646941,0.546778384824294,1.4287020433450692,0.4780952380952381,0.0,0.96
MolecuLA raw OLS (seed-excluded),FractionCSP3,-146.96969696969697,146.96969696969697,50,50,1.0,50,5.984572295905885,3.4995321245587223,0.5580148092032746,1.453825849307837,0.5055555555555555,0.0,0.96
MolecuLA raw OLS (seed-excluded),FractionCSP3,-143.93939393939394,143.93939393939394,50,50,1.0,50,6.036886410242884,3.5656278344122634,0.5897429961056584,1.5207816333060746,0.48325041459369816,0.0,0.96
MolecuLA raw OLS (seed-excluded),FractionCSP3,-140.9090909090909,140.9090909090909,50,50,1.0,50,6.036886410242884,3.5656278344122634,0.6458492312362578,1.4676862998727944,0.5053191489361701,0.0,0.94
MolecuLA raw OLS (seed-excluded),FractionCSP3,-137.87878787878788,137.87878787878788,50,50,1.0,50,5.996117042037956,3.558373626402005,0.6080065114878025,1.3898522266906832,0.49603174603174605,0.0,0.92
MolecuLA raw OLS (seed-excluded),FractionCSP3,-134.84848484848484,134.84848484848484,50,50,1.0,50,5.963652209858148,3.426491508777641,0.7891964621571277,1.5206219202011355,0.5352990033222591,0.0,0.98
MolecuLA raw OLS (seed-excluded),FractionCSP3,-131.8181818181818,131.8181818181818,50,50,1.0,50,5.864917680293015,3.265813662537814,0.7516213738624442,1.5133579472959955,0.5522875816993464,0.0,0.96
MolecuLA raw OLS (seed-excluded),FractionCSP3,-128.78787878787878,128.78787878787878,50,50,1.0,50,5.883003243814567,3.341846857760619,0.7584732442535806,1.3949991778574922,0.5494505494505495,0.0,0.98
MolecuLA raw OLS (seed-excluded),FractionCSP3,-125.75757575757576,125.75757575757576,50,50,1.0,50,5.865655216703578,3.216897014837825,0.6592913965761722,1.3467350742885569,0.5366161616161615,0.0,0.96
MolecuLA raw OLS (seed-excluded),FractionCSP3,-122.72727272727272,122.72727272727272,50,50,1.0,50,5.859994823955635,3.422452896231166,0.7375535014476033,1.3895431027840246,0.5699614890885751,0.0,0.96
MolecuLA raw OLS (seed-excluded),FractionCSP3,-119.69696969696967,119.69696969696967,50,50,1.0,50,5.789490113272699,3.2610377691745787,0.7915842669446645,1.5522894155499092,0.5866188769414575,0.0,0.96
MolecuLA raw OLS (seed-excluded),FractionCSP3,-116.66666666666666,116.66666666666666,50,50,1.0,50,5.876156024871182,3.3546736740251784,0.7636385214685353,1.7645767820833576,0.5526477832512315,0.0,0.96
MolecuLA raw OLS (seed-excluded),FractionCSP3,-113.63636363636364,113.63636363636364,50,50,1.0,50,5.686377499370819,3.034068265946645,0.7594255029312277,1.6283329125501371,0.5767590618336886,0.0,0.94
MolecuLA raw OLS (seed-excluded),FractionCSP3,-110.6060606060606,110.6060606060606,50,50,1.0,50,5.725260237575981,3.224119695090388,0.8265210457391561,1.6991949314430512,0.5934690639873084,0.0,0.96
MolecuLA raw OLS (seed-excluded),FractionCSP3,-107.57575757575758,107.57575757575758,50,50,1.0,50,6.00313048660427,3.410232858287633,0.7822907056633448,1.7076134828743386,0.5878607809847198,0.0,0.94
MolecuLA raw OLS (seed-excluded),FractionCSP3,-104.54545454545456,104.54545454545456,50,50,1.0,50,5.758202646772339,3.3853628125748894,0.8097361723509449,1.6656610858558856,0.599025974025974,0.0,0.98
MolecuLA raw OLS (seed-excluded),FractionCSP3,-101.51515151515152,101.51515151515152,50,50,1.0,50,5.664335549296254,3.1491847819051397,0.7519833507177551,1.7104363283214057,0.6066017316017316,0.0,0.96
MolecuLA raw OLS (seed-excluded),FractionCSP3,-98.48484848484848,98.48484848484848,50,50,1.0,50,5.793210011662251,3.045541396718199,0.7507417126904186,1.7104363283214057,0.6306818181818181,0.0,0.96
MolecuLA raw OLS (seed-excluded),FractionCSP3,-95.45454545454544,95.45454545454544,50,50,1.0,50,5.748233497754692,3.1486331357718393,0.7917953563379116,1.726630476339784,0.6143790849673203,0.0,0.96
MolecuLA raw OLS (seed-excluded),FractionCSP3,-92.42424242424242,92.42424242424242,50,50,1.0,50,5.584246519555201,3.114149786127014,0.7532180609589185,1.644044128598094,0.6152751423149905,0.0,0.96
MolecuLA raw OLS (seed-excluded),FractionCSP3,-89.39393939393939,89.39393939393939,50,50,1.0,50,5.5238660665383605,2.94760012678822,0.8615046086949574,1.799281112245744,0.6165413533834587,0.0,0.98
MolecuLA raw OLS (seed-excluded),FractionCSP3,-86.36363636363637,86.36363636363637,50,50,1.0,50,5.745379119087472,3.3058140333675334,0.8773161966118642,1.7509816746340847,0.6274509803921569,0.0,0.94
MolecuLA raw OLS (seed-excluded),FractionCSP3,-83.33333333333333,83.33333333333333,50,50,1.0,50,5.788119160394723,3.2112328138758164,0.7821575852872558,1.7662672770948242,0.6289428815004263,0.0,0.96
MolecuLA raw OLS (seed-excluded),FractionCSP3,-80.3030303030303,80.3030303030303,50,50,1.0,50,5.462037677540198,3.014968853941966,0.7978607028066383,1.7159637553901999,0.6322905620360552,0.0,0.96
MolecuLA raw OLS (seed-excluded),FractionCSP3,-77.27272727272728,77.27272727272728,50,50,1.0,50,5.110378271432149,2.6333540061513254,0.8955976732120614,1.8419135748504947,0.6595744680851063,0.0,0.98
MolecuLA raw OLS (seed-excluded),FractionCSP3,-74.24242424242425,74.24242424242425,50,50,1.0,50,5.31294053923378,2.727901491582799,0.9310845301330468,1.7844597163757454,0.6762096774193549,0.0,0.98
MolecuLA raw OLS (seed-excluded),FractionCSP3,-71.21212121212122,71.21212121212122,50,50,1.0,50,5.11537875899492,2.6799218304187153,0.8500897381819651,1.7821625691584737,0.677122641509434,0.0,0.92
MolecuLA raw OLS (seed-excluded),FractionCSP3,-68.18181818181819,68.18181818181819,50,50,1.0,50,5.19193662505908,2.616924996600691,0.8168795189038287,1.8197341087787744,0.6898989898989899,0.0,0.96
MolecuLA raw OLS (seed-excluded),FractionCSP3,-65.15151515151516,65.15151515151516,50,50,1.0,50,5.161711926209613,2.6253970770834165,0.836054697359945,1.6346105082369724,0.6854166666666667,0.0,0.98
MolecuLA raw OLS (seed-excluded),FractionCSP3,-62.121212121212125,62.121212121212125,50,50,1.0,50,5.003716315262814,2.5831742680098126,0.7889404826869464,1.579556881819966,0.6964285714285714,0.02,0.96
MolecuLA raw OLS (seed-excluded),FractionCSP3,-59.09090909090909,59.09090909090909,50,50,1.0,50,4.931559061789411,2.586525209039887,0.7423361025798995,1.5877942926250603,0.7142857142857143,0.02,0.96
MolecuLA raw OLS (seed-excluded),FractionCSP3,-56.06060606060606,56.06060606060606,50,50,1.0,50,4.9417414802982425,2.514272215955281,0.7118124816388599,1.5987443335174696,0.7177083333333334,0.02,0.96
MolecuLA raw OLS (seed-excluded),FractionCSP3,-53.03030303030303,53.03030303030303,50,50,1.0,50,4.780222731837097,2.3812722833588356,0.910544431678309,1.6101549555224888,0.7263814616755793,0.04,0.96
MolecuLA raw OLS (seed-excluded),FractionCSP3,-50.0,50.0,50,50,1.0,50,4.761969238943823,2.2201893187429977,0.810758514978791,1.633853748708322,0.7272727272727273,0.06,0.92
MolecuLA raw OLS (seed-excluded),FractionCSP3,-46.96969696969697,46.96969696969697,50,50,1.0,50,4.613131436709152,2.1588878761852857,0.6234333111881769,1.5952948305135437,0.7427626137303557,0.04,0.92
MolecuLA raw OLS (seed-excluded),FractionCSP3,-43.93939393939394,43.93939393939394,50,50,1.0,50,4.753417161477814,2.3265953048552896,0.48741039839551403,1.4612238211776931,0.7483262325015216,0.04081632653061224,0.9387755102040817
MolecuLA raw OLS (seed-excluded),FractionCSP3,-40.90909090909091,40.90909090909091,50,50,1.0,50,4.784163090559208,2.2716450559941412,0.39852347614519595,1.3615395001904853,0.7579555054914109,0.02040816326530612,0.9183673469387755
MolecuLA raw OLS (seed-excluded),FractionCSP3,-37.87878787878788,37.87878787878788,50,50,1.0,50,4.630823956057808,2.090048726130993,0.46018719935919894,1.430788617273521,0.7847490347490347,0.02040816326530612,0.9183673469387755
MolecuLA raw OLS (seed-excluded),FractionCSP3,-34.848484848484844,34.848484848484844,50,50,1.0,50,4.461688659519698,1.8867193230925277,0.3516350492130259,1.4096096099858852,0.7911622276029056,0.020833333333333332,0.875
MolecuLA raw OLS (seed-excluded),FractionCSP3,-31.818181818181813,31.818181818181813,50,50,1.0,50,3.6756868984841695,1.2487429453214824,-0.028478229694450706,0.9633695939035001,0.826376811594203,0.06666666666666667,0.7777777777777778
MolecuLA raw OLS (seed-excluded),FractionCSP3,-28.787878787878785,28.787878787878785,50,50,1.0,50,3.3005205297463043,1.1009462313427107,-0.18177499103886702,0.8185426169437028,0.8669319186560566,0.1111111111111111,0.8055555555555556
MolecuLA raw OLS (seed-excluded),FractionCSP3,-25.757575757575765,25.757575757575765,50,50,1.0,50,2.930681887133864,0.874626618543088,-0.42994548152534395,0.47684990256482784,0.9039938556067588,0.125,0.78125
MolecuLA raw OLS (seed-excluded),FractionCSP3,-22.727272727272734,22.727272727272734,50,50,1.0,50,2.5967537996466152,0.7206782099497828,-0.5374005072831356,0.7108942521099235,0.927050997782705,0.1,0.9
MolecuLA raw OLS (seed-excluded),FractionCSP3,-19.69696969696969,19.69696969696969,50,50,1.0,50,2.5680445297483745,1.3778524220315425,-0.5152294988761329,0.975652517285648,0.9545454545454546,0.0,1.0
MolecuLA raw OLS (seed-excluded),FractionCSP3,-16.666666666666657,16.666666666666657,50,50,1.0,50,2.4661114655710445,1.4448394889284915,-0.6081236832792594,1.0247669566374045,0.9648148148148148,0.0,1.0
MolecuLA raw OLS (seed-excluded),FractionCSP3,-13.636363636363626,13.636363636363626,50,50,1.0,50,2.4512319297902634,0.7209070887917237,-0.8399808981387062,0.7179218472513167,0.9696691176470589,0.25,1.0
MolecuLA raw OLS (seed-excluded),FractionCSP3,-10.606060606060597,10.606060606060597,50,50,1.0,50,2.4512319297902634,1.7853974261386134,-0.8399808981387062,1.0782576691563592,0.9696691176470589,0.0,1.0
MolecuLA raw OLS (seed-excluded),FractionCSP3,-7.575757575757564,7.575757575757564,50,50,1.0,50,2.4512319297902634,1.7694617975084284,-0.8399808981387062,1.0303178826153496,0.9696691176470589,0.0,1.0
MolecuLA raw OLS (seed-excluded),FractionCSP3,-4.545454545454561,4.545454545454561,50,50,1.0,50,2.4512319297902634,1.7694617975084284,-0.8399808981387062,1.0303178826153496,0.9696691176470589,0.0,1.0
MolecuLA raw OLS (seed-excluded),FractionCSP3,-1.5151515151515298,1.5151515151515298,50,50,1.0,50,2.4512319297902634,1.3784169017984214,-0.8399808981387062,0.9030910693480652,0.9696691176470589,0.0,1.0
MolecuLA raw OLS (seed-excluded),FractionCSP3,1.5151515151515014,1.5151515151515014,50,50,1.0,50,2.4512319297902634,1.6178840548693145,-0.8399808981387062,1.2460977341623005,0.9696691176470589,0.0,1.0
MolecuLA raw OLS (seed-excluded),FractionCSP3,4.5454545454545325,4.5454545454545325,50,50,1.0,50,2.4512319297902634,1.573515133090165,-0.8399808981387062,0.907171238830873,0.9708614864864865,0.3333333333333333,0.6666666666666666
MolecuLA raw OLS (seed-excluded),FractionCSP3,7.575757575757564,7.575757575757564,50,50,1.0,50,2.4512319297902634,1.573515133090165,-0.8399808981387062,0.907171238830873,0.9708614864864865,0.3333333333333333,0.6666666666666666
MolecuLA raw OLS (seed-excluded),FractionCSP3,10.606060606060597,10.606060606060597,50,50,1.0,50,2.4512319297902634,1.573515133090165,-0.8399808981387062,0.907171238830873,0.9708614864864865,0.3333333333333333,0.6666666666666666
MolecuLA raw OLS (seed-excluded),FractionCSP3,13.636363636363626,13.636363636363626,50,50,1.0,50,2.4890790370695814,0.39757887323943564,-0.8399808981387062,0.5118767477402636,0.9677083333333334,0.14285714285714285,0.7142857142857143
MolecuLA raw OLS (seed-excluded),FractionCSP3,16.666666666666657,16.666666666666657,50,50,1.0,50,2.5967537996466152,0.9332465220228361,-0.6081236832792594,0.7794910863517943,0.9590301003344481,0.0,0.9166666666666666
MolecuLA raw OLS (seed-excluded),FractionCSP3,19.69696969696969,19.69696969696969,50,50,1.0,50,2.7626692324557576,1.168356592046118,-0.48442954852735315,0.7697490987977612,0.9555335968379447,0.0,0.9523809523809523
MolecuLA raw OLS (seed-excluded),FractionCSP3,22.72727272727272,22.72727272727272,50,50,1.0,50,3.297533918037515,1.3209408064786166,-0.24460993983303664,0.8480188359645286,0.9171428571428571,0.0,0.9666666666666667
MolecuLA raw OLS (seed-excluded),FractionCSP3,25.75757575757575,25.75757575757575,50,50,1.0,50,3.75515319787476,1.4480596586905357,0.03928887985967268,0.8969951374528462,0.8687960687960687,0.0,0.9230769230769231
MolecuLA raw OLS (seed-excluded),FractionCSP3,28.787878787878785,28.787878787878785,50,50,1.0,50,4.368795521985579,1.607136147425396,0.2370503558394112,1.1877102297255804,0.8090909090909091,0.021739130434782608,0.9347826086956522
MolecuLA raw OLS (seed-excluded),FractionCSP3,31.818181818181813,31.818181818181813,50,50,1.0,50,4.406140087118013,2.0305219485345667,0.5923201783710255,1.3740565968087781,0.7931034482758621,0.0,1.0
MolecuLA raw OLS (seed-excluded),FractionCSP3,34.848484848484844,34.848484848484844,50,50,1.0,50,4.520965845029311,2.055425737495751,0.6044445318232972,1.516344713534698,0.7905926122774383,0.0,0.9795918367346939
MolecuLA raw OLS (seed-excluded),FractionCSP3,37.87878787878788,37.87878787878788,50,50,1.0,50,4.649883853548534,2.213190831497754,0.7596656276642468,1.4826143901045334,0.7936105476673427,0.0,0.98
MolecuLA raw OLS (seed-excluded),FractionCSP3,40.90909090909091,40.90909090909091,50,50,1.0,50,4.656955756159286,2.12238995422603,0.7410216990388621,1.483984124062185,0.8052944862155389,0.0,0.98
MolecuLA raw OLS (seed-excluded),FractionCSP3,43.93939393939394,43.93939393939394,50,50,1.0,50,4.693378408879019,2.143078603216545,0.7410216990388621,1.5435480805062283,0.7900641025641025,0.0,0.98
MolecuLA raw OLS (seed-excluded),FractionCSP3,46.96969696969697,46.96969696969697,50,50,1.0,50,4.667003381419688,2.37745986218467,0.8179237983435554,1.5605093463069144,0.7769886363636364,0.0,0.98
MolecuLA raw OLS (seed-excluded),FractionCSP3,50.0,50.0,50,50,1.0,50,4.614345402860834,2.1848407615172887,0.7688437265414434,1.5215356843177152,0.7713815789473684,0.0,0.98
MolecuLA raw OLS (seed-excluded),FractionCSP3,53.03030303030303,53.03030303030303,50,50,1.0,50,4.775648751674176,2.399941570924955,0.7959788674677126,1.745108315606179,0.7713815789473684,0.0,0.96
MolecuLA raw OLS (seed-excluded),FractionCSP3,56.06060606060606,56.06060606060606,50,50,1.0,50,4.55633948338706,2.1317912028305868,0.8524851021390702,1.6924789582626598,0.7944947209653092,0.0,0.96
MolecuLA raw OLS (seed-excluded),FractionCSP3,59.09090909090909,59.09090909090909,50,50,1.0,50,4.428413197912474,1.8174918893821745,0.7058300979162174,1.6302330349837,0.796264268419232,0.0,0.96
MolecuLA raw OLS (seed-excluded),FractionCSP3,62.121212121212125,62.121212121212125,50,50,1.0,50,4.389067772967496,1.9028215278376654,0.7302817824331185,1.6768190472370337,0.7916666666666666,0.0,0.96
MolecuLA raw OLS (seed-excluded),FractionCSP3,65.15151515151516,65.15151515151516,50,50,1.0,50,4.45463821371657,1.9144195214746613,0.7758091585303803,1.637142217875672,0.7916666666666666,0.0,0.94
MolecuLA raw OLS (seed-excluded),FractionCSP3,68.18181818181819,68.18181818181819,50,50,1.0,50,4.289440081700553,1.630452737616256,0.7293761387418234,1.613124142234323,0.8108108108108109,0.02,0.92
MolecuLA raw OLS (seed-excluded),FractionCSP3,71.21212121212122,71.21212121212122,50,50,1.0,50,4.429995972983914,1.9841924189949114,0.8855583671841922,1.7310463588229408,0.7981481481481482,0.02,0.94
MolecuLA raw OLS (seed-excluded),FractionCSP3,74.24242424242425,74.24242424242425,50,50,1.0,50,4.307482639858433,1.9690968026103106,0.8341893044342831,1.7682474844379268,0.8221804511278196,0.02,0.96
MolecuLA raw OLS (seed-excluded),FractionCSP3,77.27272727272728,77.27272727272728,50,50,1.0,50,4.324852019861577,1.8966743456208026,0.937808205460973,1.8065922865422337,0.8157894736842105,0.04,0.94
MolecuLA raw OLS (seed-excluded),FractionCSP3,80.30303030303031,80.30303030303031,50,50,1.0,50,4.466333499662517,1.8656775764012252,0.9403690589218188,1.8007552624870486,0.8317610062893082,0.04,0.96
MolecuLA raw OLS (seed-excluded),FractionCSP3,83.33333333333334,83.33333333333334,50,50,1.0,50,4.435003635070175,1.8528347426957898,0.9682903942633379,1.8217646201174333,0.8410526315789473,0.04,0.96
MolecuLA raw OLS (seed-excluded),FractionCSP3,86.36363636363637,86.36363636363637,50,50,1.0,50,4.561808841893512,1.9225920132085856,1.0828463885788975,1.8389902715996203,0.8476418570375829,0.04,0.98
MolecuLA raw OLS (seed-excluded),FractionCSP3,89.3939393939394,89.3939393939394,50,50,1.0,50,4.62578996689691,2.03129789937353,0.9825243726297204,1.8191491573009333,0.8481554677206851,0.04,0.96
MolecuLA raw OLS (seed-excluded),FractionCSP3,92.42424242424244,92.42424242424244,50,50,1.0,50,4.812913824282495,2.1591837575354087,1.1379275358936343,1.9940706467306184,0.8461538461538461,0.04,0.94
MolecuLA raw OLS (seed-excluded),FractionCSP3,95.45454545454544,95.45454545454544,50,50,1.0,50,4.479324384943602,1.9791474870472872,1.0720370238202968,1.8093608671037686,0.851457840819543,0.04,0.94
MolecuLA raw OLS (seed-excluded),FractionCSP3,98.48484848484848,98.48484848484848,50,50,1.0,50,4.544821426706621,1.9378367937024437,1.0279948018353549,1.776423899487709,0.8637566137566137,0.04,0.98
MolecuLA raw OLS (seed-excluded),FractionCSP3,101.5151515151515,101.5151515151515,50,50,1.0,50,4.408506979457924,1.9982627808430244,0.9309070495574977,1.8399976384894248,0.8689931350114417,0.02,0.96
MolecuLA raw OLS (seed-excluded),FractionCSP3,104.54545454545452,104.54545454545452,50,50,1.0,50,4.438730951938895,1.9613292365616908,0.9765344906883945,1.7327562552897247,0.8722826086956521,0.0,0.96
MolecuLA raw OLS (seed-excluded),FractionCSP3,107.57575757575756,107.57575757575756,50,50,1.0,50,4.592168962807307,2.1693676218038536,0.9741774852139166,1.7872253577065798,0.8739606953892668,0.02,0.98
MolecuLA raw OLS (seed-excluded),FractionCSP3,110.60606060606062,110.60606060606062,50,50,1.0,50,4.558124179756309,2.1029063152232377,0.9653410331209287,1.7499805223686917,0.8821717366191759,0.02,0.98
MolecuLA raw OLS (seed-excluded),FractionCSP3,113.63636363636364,113.63636363636364,50,50,1.0,50,4.472919245215916,1.999694012466135,0.9569800888849144,1.6086931576672185,0.8773720014321518,0.02,0.98
MolecuLA raw OLS (seed-excluded),FractionCSP3,116.66666666666669,116.66666666666669,50,50,1.0,50,4.566483388765297,2.0727559760512855,0.8286817311629082,1.7258205021077,0.8786764705882353,0.02,0.98
MolecuLA raw OLS (seed-excluded),FractionCSP3,119.69696969696967,119.69696969696967,50,50,1.0,50,4.665551437426599,2.1896324438741157,0.852879267429203,1.658077139833157,0.8715488215488215,0.02,0.98
MolecuLA raw OLS (seed-excluded),FractionCSP3,122.72727272727276,122.72727272727276,50,50,1.0,50,4.768067959845318,2.131327304670132,0.9014714648348461,1.7642923813769213,0.8987179487179487,0.0,0.98
MolecuLA raw OLS (seed-excluded),FractionCSP3,125.75757575757576,125.75757575757576,50,50,1.0,50,4.702878233141012,2.120016547161564,0.8467282265248748,1.6574909490626708,0.9154761904761904,0.0,0.98
MolecuLA raw OLS (seed-excluded),FractionCSP3,128.7878787878788,128.7878787878788,50,50,1.0,50,5.044948749911822,2.5156136853675584,0.7262994289725235,1.5134475761659778,0.9274044795783927,0.02,0.96
MolecuLA raw OLS (seed-excluded),FractionCSP3,131.8181818181818,131.8181818181818,50,50,1.0,50,4.764966586363682,2.3782351885806308,0.6317693948627983,1.4489449278207926,0.9130434782608695,0.02,0.96
MolecuLA raw OLS (seed-excluded),FractionCSP3,134.84848484848487,134.84848484848487,50,50,1.0,49,5.090821771649894,2.6156608016504848,0.42568500414509286,1.4347846483086604,0.9263015551048005,0.02,0.94
MolecuLA raw OLS (seed-excluded),FractionCSP3,137.87878787878788,137.87878787878788,50,50,1.0,47,5.120316348630082,2.5279047009593953,0.35816296896417477,1.394701723353765,0.9496969696969697,0.0,0.94
MolecuLA raw OLS (seed-excluded),FractionCSP3,140.90909090909088,140.90909090909088,50,50,1.0,46,5.272848182530659,2.547349745391725,0.2565276625291251,1.3149089272906127,0.9454941860465116,0.0,0.9
MolecuLA raw OLS (seed-excluded),FractionCSP3,143.93939393939394,143.93939393939394,50,50,1.0,44,5.548467138267421,2.832929805960352,0.21470400509918103,1.2523923434294635,0.9629502572898799,0.0,0.9
MolecuLA raw OLS (seed-excluded),FractionCSP3,146.96969696969694,146.96969696969694,50,50,1.0,41,5.548467138267421,2.9087221078474337,0.19374867791451952,1.2540560444417426,0.9795918367346939,0.0,0.86
MolecuLA raw OLS (seed-excluded),FractionCSP3,150.0,150.0,50,50,1.0,41,5.548467138267421,2.946550727073469,0.1444617369057933,1.2296145310696132,0.9803921568627452,0.0,0.88
MolecuLA raw OLS (seed-excluded),HBA,-150.0,150.0,50,50,1.0,16,3.6582262694042136,1.4319282283149697,0.2702114798440666,1.2557568367914858,0.8,0.14,0.82
MolecuLA raw OLS (seed-excluded),HBA,-146.96969696969697,146.96969696969697,50,50,1.0,18,3.6582262694042136,1.3772973712793766,0.2702114798440666,1.3170414300516828,0.8,0.14,0.82
MolecuLA raw OLS (seed-excluded),HBA,-143.93939393939394,143.93939393939394,50,50,1.0,21,3.6582262694042136,1.2741632794203408,0.2702114798440666,1.3937056065484787,0.8,0.14,0.84
MolecuLA raw OLS (seed-excluded),HBA,-140.9090909090909,140.9090909090909,50,49,0.98,25,3.6582262694042136,1.1980462621786572,0.2702114798440666,1.6556351332666424,0.8333333333333334,0.14285714285714285,0.8571428571428571
MolecuLA raw OLS (seed-excluded),HBA,-137.87878787878788,137.87878787878788,50,49,0.98,28,3.6957977486383786,1.264474004569113,0.2702114798440666,1.4781201840468552,0.8333333333333334,0.14285714285714285,0.8979591836734694
MolecuLA raw OLS (seed-excluded),HBA,-134.84848484848484,134.84848484848484,50,50,1.0,30,3.7197266484622697,1.2288683896543668,0.44637619139585,1.4558940237552953,0.8333333333333334,0.14,0.9
MolecuLA raw OLS (seed-excluded),HBA,-131.8181818181818,131.8181818181818,50,50,1.0,31,3.7962483110104213,1.3243165367527343,0.671556046044525,1.5866630276082123,0.8,0.1,0.9
MolecuLA raw OLS (seed-excluded),HBA,-128.78787878787878,128.78787878787878,50,50,1.0,31,3.921833379946076,1.4993007901831152,0.7231334597103001,1.7135138188781385,0.8,0.12,0.9
MolecuLA raw OLS (seed-excluded),HBA,-125.75757575757576,125.75757575757576,50,50,1.0,32,4.007471920620576,1.5338024324982409,0.8064941990298999,1.8270190522636103,0.8,0.14,0.9
MolecuLA raw OLS (seed-excluded),HBA,-122.72727272727272,122.72727272727272,50,50,1.0,36,3.6582262694042136,1.3150443203105047,0.9770620881211168,1.9269615169327938,0.8333333333333334,0.14,0.92
MolecuLA raw OLS (seed-excluded),HBA,-119.69696969696967,119.69696969696967,50,50,1.0,36,3.724064730942675,1.3772973712793766,0.9207276098330168,1.8130405037334811,0.8284313725490196,0.16,0.9
MolecuLA raw OLS (seed-excluded),HBA,-116.66666666666666,116.66666666666666,50,50,1.0,37,3.724064730942675,1.3150443203105047,0.9770620881211168,1.8130405037334811,0.8333333333333334,0.14,0.9
MolecuLA raw OLS (seed-excluded),HBA,-113.63636363636364,113.63636363636364,50,50,1.0,39,3.6582262694042136,1.2604561750984509,1.0025238949257,1.9816247003354066,0.8333333333333334,0.16,0.9
MolecuLA raw OLS (seed-excluded),HBA,-110.6060606060606,110.6060606060606,50,50,1.0,40,3.6582262694042136,1.2604561750984509,0.9770620881211168,1.699091383227601,0.8333333333333334,0.18,0.92
MolecuLA raw OLS (seed-excluded),HBA,-107.57575757575758,107.57575757575758,50,50,1.0,42,3.6582262694042136,1.1778032883902982,1.2677654261521583,1.9414040800028305,0.8333333333333334,0.2,0.94
MolecuLA raw OLS (seed-excluded),HBA,-104.54545454545456,104.54545454545456,50,50,1.0,44,3.724064730942675,1.1993040619344164,1.2567609440285799,1.9016385680443513,0.846875,0.2,0.94
MolecuLA raw OLS (seed-excluded),HBA,-101.51515151515152,101.51515151515152,50,50,1.0,47,3.771757227394771,1.2222590763648027,1.389998735143089,1.9414040800028305,0.8660714285714286,0.18,0.94
MolecuLA raw OLS (seed-excluded),HBA,-98.48484848484848,98.48484848484848,50,50,1.0,48,3.8368155268467685,1.3005147667931034,1.3406122850823046,1.9536731818113893,0.85,0.14,0.94
MolecuLA raw OLS (seed-excluded),HBA,-95.45454545454544,95.45454545454544,50,50,1.0,46,3.5919964296256417,1.153634800769896,1.4166863201482798,2.1050688266877278,0.873015873015873,0.2,0.96
MolecuLA raw OLS (seed-excluded),HBA,-92.42424242424242,92.42424242424242,50,50,1.0,46,3.553357731140849,1.123853325886195,1.3406122850823046,2.0560039134259336,0.8660714285714286,0.22,0.96
MolecuLA raw OLS (seed-excluded),HBA,-89.39393939393939,89.39393939393939,50,50,1.0,46,3.553357731140849,1.0718037284596398,1.1718900878204326,2.0041175204441215,0.8660714285714286,0.26,0.92
MolecuLA raw OLS (seed-excluded),HBA,-86.36363636363637,86.36363636363637,50,50,1.0,45,3.510265265303639,1.0688225566554257,1.248500943165297,2.0712200835980408,0.8918128654970761,0.24,0.92
MolecuLA raw OLS (seed-excluded),HBA,-83.33333333333333,83.33333333333333,50,50,1.0,47,3.6970757821685645,1.205607336670787,1.112940849239652,2.022941003162313,0.8856209150326797,0.14,0.94
MolecuLA raw OLS (seed-excluded),HBA,-80.3030303030303,80.3030303030303,50,50,1.0,47,3.754931509824623,1.2805980701298374,1.1471003153584807,2.065483306573199,0.8856209150326797,0.14,0.9
MolecuLA raw OLS (seed-excluded),HBA,-77.27272727272728,77.27272727272728,50,50,1.0,48,3.853860390247238,1.4320699282201907,1.2359125124831476,2.0904911643944946,0.8633540372670807,0.08,0.92
MolecuLA raw OLS (seed-excluded),HBA,-74.24242424242425,74.24242424242425,50,50,1.0,48,3.601429034708503,1.332037988752862,1.4332469258489042,2.124990164561618,0.8588039867109634,0.12,0.92
MolecuLA raw OLS (seed-excluded),HBA,-71.21212121212122,71.21212121212122,50,50,1.0,49,3.6258988659329727,1.0659560371860488,1.359818193339104,2.0828200562502364,0.8520833333333333,0.16,0.92
MolecuLA raw OLS (seed-excluded),HBA,-68.18181818181819,68.18181818181819,50,50,1.0,50,3.6762190459438973,1.049167419421626,1.3039290441557037,1.9618749157950424,0.8708333333333333,0.18,0.92
MolecuLA raw OLS (seed-excluded),HBA,-65.15151515151516,65.15151515151516,50,50,1.0,50,3.6813511676930393,1.0747590965074623,1.2661173698165562,1.9486921331930476,0.8473193473193473,0.18,0.92
MolecuLA raw OLS (seed-excluded),HBA,-62.121212121212125,62.121212121212125,50,50,1.0,50,3.7026147030370447,1.1216426222326246,0.963649297883896,1.9787762501564352,0.8571428571428571,0.18,0.92
MolecuLA raw OLS (seed-excluded),HBA,-59.09090909090909,59.09090909090909,50,50,1.0,50,3.6958961431404744,1.1493349161930513,1.145970069148883,2.0646951782695404,0.8681159420289855,0.16,0.94
MolecuLA raw OLS (seed-excluded),HBA,-56.06060606060606,56.06060606060606,50,50,1.0,50,3.775122406868666,1.2804793839537632,1.1011422291817163,1.9783582871609204,0.8435314685314685,0.08,0.96
MolecuLA raw OLS (seed-excluded),HBA,-53.03030303030303,53.03030303030303,50,50,1.0,50,3.715732179899687,1.1289347096221585,1.0591120750082657,1.8814412070503401,0.8377110694183865,0.12,0.96
MolecuLA raw OLS (seed-excluded),HBA,-50.0,50.0,50,50,1.0,50,3.7685259089326744,1.2257463035418485,0.9103356053290405,1.6589163002457497,0.8377110694183865,0.1,0.96
MolecuLA raw OLS (seed-excluded),HBA,-46.96969696969697,46.96969696969697,50,50,1.0,50,4.0610263628526235,1.3397266387929045,0.8717226997817646,1.604422744385325,0.8235294117647058,0.12,0.92
MolecuLA raw OLS (seed-excluded),HBA,-43.93939393939394,43.93939393939394,50,50,1.0,50,3.830257607308144,1.2327994250035625,0.797903491770183,1.545480439893433,0.8169642857142857,0.12,0.94
MolecuLA raw OLS (seed-excluded),HBA,-40.90909090909091,40.90909090909091,50,50,1.0,50,3.777488804772978,1.1865026424560936,0.46145332003852296,1.2967756137698627,0.830952380952381,0.12,0.9
MolecuLA raw OLS (seed-excluded),HBA,-37.87878787878788,37.87878787878788,50,50,1.0,50,3.5373132377641348,1.0203664875647647,0.3821908928978354,1.2281654458325404,0.8523611831862999,0.14285714285714285,0.8775510204081632
MolecuLA raw OLS (seed-excluded),HBA,-34.848484848484844,34.848484848484844,50,50,1.0,50,3.5373132377641348,1.134047003590041,0.35857124827036213,1.0600883007967177,0.8611111111111112,0.10638297872340426,0.8723404255319149
MolecuLA raw OLS (seed-excluded),HBA,-31.818181818181813,31.818181818181813,50,50,1.0,50,3.185083631612386,0.7646219284055835,0.06732329532607423,0.9955322499060719,0.8736702127659575,0.11627906976744186,0.8837209302325582
MolecuLA raw OLS (seed-excluded),HBA,-28.787878787878785,28.787878787878785,50,50,1.0,50,2.861181857520699,0.7218341137123749,-0.04420880083524893,0.810842340781708,0.9163265306122449,0.16216216216216217,0.8108108108108109
MolecuLA raw OLS (seed-excluded),HBA,-25.757575757575765,25.757575757575765,50,50,1.0,50,2.847120576627999,0.6707662728968171,-0.39378834126954176,0.6917574390257111,0.9396969696969697,0.15625,0.78125
MolecuLA raw OLS (seed-excluded),HBA,-22.727272727272734,22.727272727272734,50,50,1.0,50,2.651759370335455,0.6226013918188551,-0.47758169492292035,0.6340178138867012,0.9489708404802745,0.08333333333333333,0.8333333333333334
MolecuLA raw OLS (seed-excluded),HBA,-19.69696969696969,19.69696969696969,50,50,1.0,50,2.538164933518102,0.5967262988588171,-0.6801136917932334,0.525266512288119,0.9590301003344481,0.07692307692307693,0.7692307692307693
MolecuLA raw OLS (seed-excluded),HBA,-16.666666666666657,16.666666666666657,50,50,1.0,50,2.4661114655710445,0.6123545135631083,-0.7789174755270104,0.47881858069892747,0.9622507122507122,0.125,0.875
MolecuLA raw OLS (seed-excluded),HBA,-13.636363636363626,13.636363636363626,50,50,1.0,50,2.4512319297902634,0.5967262988588171,-0.9046971310677188,0.4323706491097359,0.9677083333333334,0.0,1.0
MolecuLA raw OLS (seed-excluded),HBA,-10.606060606060597,10.606060606060597,50,50,1.0,50,2.4512319297902634,0.5967262988588171,-0.9046971310677188,0.4323706491097359,0.9677083333333334,0.0,1.0
MolecuLA raw OLS (seed-excluded),HBA,-7.575757575757564,7.575757575757564,50,50,1.0,50,2.4512319297902634,1.573515133090165,-0.9046971310677188,0.907171238830873,0.9696691176470589,0.0,1.0
MolecuLA raw OLS (seed-excluded),HBA,-4.545454545454561,4.545454545454561,50,50,1.0,50,2.4512319297902634,1.573515133090165,-0.9046971310677188,0.907171238830873,0.9696691176470589,0.0,1.0
MolecuLA raw OLS (seed-excluded),HBA,-1.5151515151515298,1.5151515151515298,50,50,1.0,50,2.4512319297902634,1.573515133090165,-0.9046971310677188,0.907171238830873,0.9696691176470589,0.0,1.0
MolecuLA raw OLS (seed-excluded),HBA,1.5151515151515014,1.5151515151515014,50,50,1.0,50,2.4512319297902634,1.3784169017984214,-0.8399808981387062,0.9030910693480652,0.9696691176470589,0.0,1.0
MolecuLA raw OLS (seed-excluded),HBA,4.5454545454545325,4.5454545454545325,50,50,1.0,50,2.4512319297902634,1.1833186705066776,-0.8399808981387062,0.8990108998652574,0.9708614864864865,0.3333333333333333,0.6666666666666666
MolecuLA raw OLS (seed-excluded),HBA,7.575757575757564,7.575757575757564,50,50,1.0,50,2.4512319297902634,1.1833186705066776,-0.8399808981387062,0.8990108998652574,0.9708614864864865,0.3333333333333333,0.6666666666666666
MolecuLA raw OLS (seed-excluded),HBA,10.606060606060597,10.606060606060597,50,50,1.0,50,2.4661114655710445,1.1833186705066776,-0.8713744615904248,0.3683180057402483,0.9708614864864865,0.0,0.6
MolecuLA raw OLS (seed-excluded),HBA,13.636363636363626,13.636363636363626,50,50,1.0,50,2.5396967076391856,0.9307568784727005,-0.6850681847097368,0.2933617715902635,0.9660919540229885,0.0,0.7
MolecuLA raw OLS (seed-excluded),HBA,16.666666666666657,16.666666666666657,50,50,1.0,50,2.780440401901229,1.0248822475683843,-0.5931628772760528,0.5322174027443066,0.9405882352941176,0.0,0.7727272727272727
MolecuLA raw OLS (seed-excluded),HBA,19.69696969696969,19.69696969696969,50,50,1.0,50,3.054243244808721,1.0146837408063951,-0.5370702435897263,0.5939579951618614,0.9196428571428572,0.0,0.8928571428571429
MolecuLA raw OLS (seed-excluded),HBA,22.72727272727272,22.72727272727272,50,50,1.0,50,3.362292639755573,1.2051090484537283,-0.5030709764170138,0.528324189047891,0.8911067193675889,0.0,0.8571428571428571
MolecuLA raw OLS (seed-excluded),HBA,25.75757575757575,25.75757575757575,50,50,1.0,50,3.8136421433723253,1.4262856505579355,-0.4092464456167767,0.7249895835046511,0.8474137931034482,0.0,0.8947368421052632
MolecuLA raw OLS (seed-excluded),HBA,28.787878787878785,28.787878787878785,50,50,1.0,50,3.9742554410122755,1.4372341065830465,-0.3401606282588017,0.715473320649041,0.8472222222222222,0.0,0.8536585365853658
MolecuLA raw OLS (seed-excluded),HBA,31.818181818181813,31.818181818181813,50,50,1.0,50,4.248804312661135,1.6871862645903493,-0.16480047862111563,0.8532258061141353,0.8042553191489361,0.0,0.8666666666666667
MolecuLA raw OLS (seed-excluded),HBA,34.848484848484844,34.848484848484844,50,50,1.0,50,4.2206772572478375,1.7198541310290891,-0.24152556839327677,0.8523702973429923,0.8071331981068289,0.021739130434782608,0.8478260869565217
MolecuLA raw OLS (seed-excluded),HBA,37.87878787878788,37.87878787878788,50,50,1.0,50,4.625458616568232,2.198019436474489,-0.09612683918299533,0.801869070818624,0.7672619047619048,0.0425531914893617,0.851063829787234
MolecuLA raw OLS (seed-excluded),HBA,40.90909090909091,40.90909090909091,50,50,1.0,50,4.978438865683352,2.485710492793269,0.2103036227784781,0.9512524825368796,0.746150201374082,0.041666666666666664,0.8541666666666666
MolecuLA raw OLS (seed-excluded),HBA,43.93939393939394,43.93939393939394,50,50,1.0,50,4.739299562843941,2.2990057998783944,0.326697914727173,1.1563603761532837,0.727773556231003,0.020833333333333332,0.8125
MolecuLA raw OLS (seed-excluded),HBA,46.96969696969697,46.96969696969697,50,50,1.0,50,5.061161539917758,2.627821526430327,0.26389186618611304,1.1095514453163386,0.7101018675721562,0.0,0.86
MolecuLA raw OLS (seed-excluded),HBA,50.0,50.0,50,50,1.0,50,5.221280763565805,2.8156353215688146,0.3382361174372409,1.2481795853872288,0.7165422885572139,0.0,0.88
MolecuLA raw OLS (seed-excluded),HBA,53.03030303030303,53.03030303030303,50,50,1.0,50,5.279990758812431,2.7744042195974776,0.40062206977468817,1.1774500430418104,0.7020609318996416,0.0,0.9
MolecuLA raw OLS (seed-excluded),HBA,56.06060606060606,56.06060606060606,50,50,1.0,50,5.446743421306932,2.892285939584731,0.28405059737211136,0.9546414813631475,0.6806949806949807,0.0,0.9
MolecuLA raw OLS (seed-excluded),HBA,59.09090909090909,59.09090909090909,50,50,1.0,50,5.757077504457161,3.1575870221619895,0.22281142745607624,1.0446301809897083,0.6772183449651047,0.0,0.9
MolecuLA raw OLS (seed-excluded),HBA,62.121212121212125,62.121212121212125,50,50,1.0,50,5.861156145669376,3.408695637019559,0.22824084990072974,1.2200345317232957,0.6898348565015231,0.0,0.88
MolecuLA raw OLS (seed-excluded),HBA,65.15151515151516,65.15151515151516,50,50,1.0,50,5.677464615176567,3.2589642624279156,0.2133693830393703,1.2613731462800042,0.6758660068519223,0.04,0.92
MolecuLA raw OLS (seed-excluded),HBA,68.18181818181819,68.18181818181819,50,50,1.0,50,5.697823526249842,3.255805260664043,0.3087414699393396,1.1095048999871295,0.646606334841629,0.04,0.92
MolecuLA raw OLS (seed-excluded),HBA,71.21212121212122,71.21212121212122,50,50,1.0,50,5.78311979397855,3.2858819731973634,0.28098640492720656,1.191826848169272,0.641941391941392,0.04,0.94
MolecuLA raw OLS (seed-excluded),HBA,74.24242424242425,74.24242424242425,50,50,1.0,50,5.711344206818559,3.1076144334245495,0.22931960107890975,1.0598394145419296,0.6363636363636364,0.04,0.92
MolecuLA raw OLS (seed-excluded),HBA,77.27272727272728,77.27272727272728,50,50,1.0,50,6.088077123980392,3.4500223596650357,0.2685319761887023,0.8789707097014714,0.6180397264734614,0.04,0.9
MolecuLA raw OLS (seed-excluded),HBA,80.30303030303031,80.30303030303031,50,50,1.0,50,6.034531272646287,3.3540862168800567,0.19753197524896832,0.9246967684214523,0.6073688969258589,0.0,0.86
MolecuLA raw OLS (seed-excluded),HBA,83.33333333333334,83.33333333333334,50,50,1.0,50,5.839640570327433,3.3797105414423974,0.20386024011462708,0.9904127386704372,0.5864253393665159,0.0,0.88
MolecuLA raw OLS (seed-excluded),HBA,86.36363636363637,86.36363636363637,50,50,1.0,50,5.8658712816100484,3.3675359954123856,0.10517843869821708,0.8890768793095941,0.6125703564727956,0.0,0.88
MolecuLA raw OLS (seed-excluded),HBA,89.3939393939394,89.3939393939394,50,50,1.0,50,6.236128387961969,3.7748657474909533,0.16166424660212578,0.9746672421736976,0.5912291933418694,0.0,0.86
MolecuLA raw OLS (seed-excluded),HBA,92.42424242424244,92.42424242424244,50,50,1.0,50,6.159649447000019,3.6956856275619216,0.09140901310574857,0.9986778471776518,0.5896025151583202,0.0,0.84
MolecuLA raw OLS (seed-excluded),HBA,95.45454545454544,95.45454545454544,50,50,1.0,50,6.1480326996221875,3.632255796090753,0.11230970077966215,1.0231804991864437,0.5986935028248588,0.0,0.88
MolecuLA raw OLS (seed-excluded),HBA,98.48484848484848,98.48484848484848,50,50,1.0,50,6.17362600261526,3.655849230862493,0.1635070383124292,1.0401900701376112,0.5811507936507936,0.0,0.9
MolecuLA raw OLS (seed-excluded),HBA,101.5151515151515,101.5151515151515,50,50,1.0,50,6.433942239383205,3.6744238188330076,0.15497595714942464,1.019337481223515,0.571971706454465,0.0,0.9
MolecuLA raw OLS (seed-excluded),HBA,104.54545454545452,104.54545454545452,50,50,1.0,50,6.364782774624847,3.720709601522304,0.06775093562814966,0.9958369098700703,0.5548048048048049,0.0,0.84
MolecuLA raw OLS (seed-excluded),HBA,107.57575757575756,107.57575757575756,50,50,1.0,50,6.545314403470881,3.822425392683395,0.029142704757789684,0.8701343300096464,0.5496715927750411,0.0,0.84
MolecuLA raw OLS (seed-excluded),HBA,110.60606060606062,110.60606060606062,50,50,1.0,50,6.687698344951899,4.056346047057675,0.09674399238405362,0.8606346626748427,0.5400318133616119,0.02,0.86
MolecuLA raw OLS (seed-excluded),HBA,113.63636363636364,113.63636363636364,50,50,1.0,50,6.617970590074722,4.00587079275324,0.08073113190029838,0.8904136387083152,0.5396629213483146,0.0,0.84
MolecuLA raw OLS (seed-excluded),HBA,116.66666666666669,116.66666666666669,50,50,1.0,50,6.391268268326762,3.855791770697275,0.05512909317737859,0.8977609695968881,0.5432098765432098,0.0,0.82
MolecuLA raw OLS (seed-excluded),HBA,119.69696969696967,119.69696969696967,50,50,1.0,50,6.738417182272284,4.249432564002635,0.08248161008577418,0.9071017464603017,0.5242541696030069,0.0,0.9
MolecuLA raw OLS (seed-excluded),HBA,122.72727272727276,122.72727272727276,50,50,1.0,50,6.544263814926058,3.9447250917910273,0.10774775586367166,0.9383530282820401,0.511204481792717,0.0,0.86
MolecuLA raw OLS (seed-excluded),HBA,125.75757575757576,125.75757575757576,50,50,1.0,50,6.55889429648501,3.9968393624981626,0.0585509287265428,0.8697023305213989,0.5227743271221532,0.0,0.88
MolecuLA raw OLS (seed-excluded),HBA,128.7878787878788,128.7878787878788,50,50,1.0,49,6.717108432055924,4.2795332198409195,0.04142213533968846,0.8757322906469612,0.5326241134751772,0.0,0.86
MolecuLA raw OLS (seed-excluded),HBA,131.8181818181818,131.8181818181818,50,50,1.0,49,6.582977802771218,3.9588629338693573,0.019880183472353218,0.8192013704411052,0.5135531135531135,0.0,0.86
MolecuLA raw OLS (seed-excluded),HBA,134.84848484848487,134.84848484848487,50,50,1.0,49,6.552949694976597,4.094273154782738,0.01647489559895501,0.8136081627263649,0.4969879518072289,0.0,0.86
MolecuLA raw OLS (seed-excluded),HBA,137.87878787878788,137.87878787878788,50,50,1.0,49,6.748762147391851,4.189016317369796,0.036105955249436515,0.8306841948818078,0.4815537555228277,0.0,0.88
MolecuLA raw OLS (seed-excluded),HBA,140.90909090909088,140.90909090909088,50,50,1.0,49,6.734783862094724,4.123857550552626,0.026368300872615304,0.867557570489756,0.48879142300194933,0.0,0.88
MolecuLA raw OLS (seed-excluded),HBA,143.93939393939394,143.93939393939394,50,50,1.0,49,6.621124648409326,4.231142551176695,0.0535160122892587,0.9430803958330991,0.47365393465255407,0.0,0.84
MolecuLA raw OLS (seed-excluded),HBA,146.96969696969694,146.96969696969694,50,50,1.0,49,6.95889229852674,4.563307598486426,0.05295256355766875,0.8912182341155737,0.44499449944994496,0.0,0.82
MolecuLA raw OLS (seed-excluded),HBA,150.0,150.0,50,50,1.0,49,6.676003194112308,4.355938190705499,0.030616804354634743,0.9431172071901859,0.47368421052631576,0.0,0.84
MolecuLA raw OLS (seed-excluded),TPSA,-150.0,150.0,50,50,1.0,44,3.2608657886691494,0.5454810996847002,1.1598557854860942,1.7237150549390088,1.0,0.34,0.98
MolecuLA raw OLS (seed-excluded),TPSA,-146.96969696969697,146.96969696969697,50,50,1.0,47,3.125807069117837,0.5055702918833527,1.3399505270740732,1.7894083622669195,1.0,0.36,0.98
MolecuLA raw OLS (seed-excluded),TPSA,-143.93939393939394,143.93939393939394,50,50,1.0,48,2.852582770900338,0.17788348395929354,1.3026195122613018,1.934176563791968,1.0,0.4,0.96
MolecuLA raw OLS (seed-excluded),TPSA,-140.9090909090909,140.9090909090909,50,50,1.0,48,2.9535988691816737,0.2994478357215469,1.2382924567529026,1.8670695135585766,1.0,0.42,0.94
MolecuLA raw OLS (seed-excluded),TPSA,-137.87878787878788,137.87878787878788,50,50,1.0,46,3.1095814650134748,0.5127520745120502,1.4525229571980252,1.9773474452522657,1.0,0.32,0.96
MolecuLA raw OLS (seed-excluded),TPSA,-134.84848484848484,134.84848484848484,50,50,1.0,47,3.142107396699453,0.5567658829007263,1.6384503369483165,2.164941905671749,0.9569597069597069,0.26,0.96
MolecuLA raw OLS (seed-excluded),TPSA,-131.8181818181818,131.8181818181818,50,50,1.0,46,3.1099854562537064,0.5567658829007263,1.681545640710783,2.251512197144063,0.9685741088180113,0.26,0.96
MolecuLA raw OLS (seed-excluded),TPSA,-128.78787878787878,128.78787878787878,50,50,1.0,46,3.2904171652958705,0.6427427448492833,1.5392038199422222,2.28933862361224,0.949874686716792,0.22,0.96
MolecuLA raw OLS (seed-excluded),TPSA,-125.75757575757576,125.75757575757576,50,50,1.0,46,3.4624741661671177,0.7687049883786008,1.7237406271679843,2.4559680785917486,0.9534632034632035,0.2,0.96
MolecuLA raw OLS (seed-excluded),TPSA,-122.72727272727272,122.72727272727272,50,50,1.0,47,3.566921299333291,0.8097652213880444,1.743388752535204,2.3984344664711825,0.919661733615222,0.14,0.98
MolecuLA raw OLS (seed-excluded),TPSA,-119.69696969696967,119.69696969696967,50,50,1.0,49,3.566921299333291,0.9374928747292697,1.7134769914525738,2.4144229655657643,0.9310253699788583,0.16,1.0
MolecuLA raw OLS (seed-excluded),TPSA,-116.66666666666666,116.66666666666666,50,50,1.0,48,3.624585376167928,1.2712442344604034,1.6248550706172469,2.4789581791138673,0.9019138755980861,0.14,0.98
MolecuLA raw OLS (seed-excluded),TPSA,-113.63636363636364,113.63636363636364,50,50,1.0,48,3.883771453427956,1.3339298870268306,1.7198968338306435,2.410025324893925,0.8786764705882353,0.14,0.98
MolecuLA raw OLS (seed-excluded),TPSA,-110.6060606060606,110.6060606060606,50,50,1.0,49,3.877893670668182,1.3316887616849016,1.8577486276671211,2.473403724941063,0.8798076923076923,0.14,1.0
MolecuLA raw OLS (seed-excluded),TPSA,-107.57575757575758,107.57575757575758,50,50,1.0,49,3.8069581698195183,1.3416518361277987,1.728603274348773,2.392645907081909,0.8693181818181819,0.12,0.98
MolecuLA raw OLS (seed-excluded),TPSA,-104.54545454545456,104.54545454545456,50,50,1.0,49,3.739690959585464,1.291281537303541,1.5325891887585361,2.27745291079217,0.893796992481203,0.12,0.98
MolecuLA raw OLS (seed-excluded),TPSA,-101.51515151515152,101.51515151515152,50,50,1.0,50,3.79099166603847,1.3802197840033434,1.6481799959031858,2.339508188059681,0.893796992481203,0.12,0.98
MolecuLA raw OLS (seed-excluded),TPSA,-98.48484848484848,98.48484848484848,50,50,1.0,50,3.747593911041954,1.246626359523178,1.5392475988757695,2.3819909266143666,0.8888888888888888,0.14,0.98
MolecuLA raw OLS (seed-excluded),TPSA,-95.45454545454544,95.45454545454544,50,50,1.0,50,3.775894392775576,1.3140630656424297,1.5324237544533295,2.319910022900744,0.8856209150326797,0.16,0.98
MolecuLA raw OLS (seed-excluded),TPSA,-92.42424242424242,92.42424242424242,50,50,1.0,50,3.8326967966217294,1.4003338768374896,1.5964050457272516,2.4234316860613214,0.8856209150326797,0.12,0.98
MolecuLA raw OLS (seed-excluded),TPSA,-89.39393939393939,89.39393939393939,50,50,1.0,50,3.973382032889545,1.586495771769219,1.5292507072062267,2.379340347060234,0.8624324324324324,0.12,0.96
MolecuLA raw OLS (seed-excluded),TPSA,-86.36363636363637,86.36363636363637,50,50,1.0,50,4.121165473934468,1.7112113724465452,1.53419675401125,2.2088107862708224,0.8516483516483516,0.1,0.96
MolecuLA raw OLS (seed-excluded),TPSA,-83.33333333333333,83.33333333333333,50,50,1.0,50,3.983063055369433,1.5186366358525034,1.546192714697411,2.387152325517742,0.8461538461538461,0.06,0.96
MolecuLA raw OLS (seed-excluded),TPSA,-80.3030303030303,80.3030303030303,50,50,1.0,50,3.809080851251425,1.503727556033562,1.4925415357230678,2.1651975485636106,0.8430769230769231,0.1,0.94
MolecuLA raw OLS (seed-excluded),TPSA,-77.27272727272728,77.27272727272728,50,50,1.0,50,3.6046636623712436,1.3155201408144945,1.4335371676018007,2.3334361493296054,0.8571428571428571,0.12,0.94
MolecuLA raw OLS (seed-excluded),TPSA,-74.24242424242425,74.24242424242425,50,50,1.0,50,4.323742640074192,1.6077752456451484,1.22997418204292,2.0346062795682442,0.8397435897435898,0.12,0.94
MolecuLA raw OLS (seed-excluded),TPSA,-71.21212121212122,71.21212121212122,50,50,1.0,49,4.152955661842166,1.6921444723160315,1.2600724456438956,2.1350220141584018,0.8167832167832167,0.12,0.96
MolecuLA raw OLS (seed-excluded),TPSA,-68.18181818181819,68.18181818181819,50,50,1.0,50,4.379159400899653,1.8075130342123744,1.3836001740474213,2.191727763545009,0.7948131197559115,0.1,0.98
MolecuLA raw OLS (seed-excluded),TPSA,-65.15151515151516,65.15151515151516,50,50,1.0,50,4.080677576192209,1.6329475325826994,1.3233320430900277,2.2428515243601446,0.7947860962566844,0.08,0.94
MolecuLA raw OLS (seed-excluded),TPSA,-62.121212121212125,62.121212121212125,50,50,1.0,50,4.4918915816415685,1.8706989336366897,1.2558634807428481,2.1003803114778963,0.7960323574730355,0.06,0.96
MolecuLA raw OLS (seed-excluded),TPSA,-59.09090909090909,59.09090909090909,50,50,1.0,50,4.490230688133064,1.9262926756139755,1.1370961260677939,1.9326686797162855,0.7909982174688057,0.08,0.92
MolecuLA raw OLS (seed-excluded),TPSA,-56.06060606060606,56.06060606060606,50,50,1.0,50,4.091615193875411,1.6116182569662785,1.0842022967823248,1.9085333615108335,0.8148148148148148,0.12,0.9
MolecuLA raw OLS (seed-excluded),TPSA,-53.03030303030303,53.03030303030303,50,50,1.0,50,4.27127877715894,1.6728124197102003,0.9262353386541892,1.5597343064859992,0.815099715099715,0.14,0.92
MolecuLA raw OLS (seed-excluded),TPSA,-50.0,50.0,50,50,1.0,50,4.156363747207788,1.6428924788372958,0.917653781515797,1.524685166506026,0.8307142857142857,0.14,0.92
MolecuLA raw OLS (seed-excluded),TPSA,-46.96969696969697,46.96969696969697,50,50,1.0,50,3.87830264004855,1.1190621099150118,0.576463965044811,1.3752724297089813,0.8516483516483516,0.16326530612244897,0.9183673469387755
MolecuLA raw OLS (seed-excluded),TPSA,-43.93939393939394,43.93939393939394,50,50,1.0,50,3.6355279874771957,0.9998640762916509,0.4128369031930076,1.1205317389987866,0.8717105263157895,0.22448979591836735,0.8163265306122449
MolecuLA raw OLS (seed-excluded),TPSA,-40.90909090909091,40.90909090909091,50,50,1.0,50,3.695218978038496,1.0233162560146294,0.34156169790247687,0.9019325396915802,0.8571428571428571,0.1702127659574468,0.8085106382978723
MolecuLA raw OLS (seed-excluded),TPSA,-37.87878787878788,37.87878787878788,50,50,1.0,50,3.289407423092422,0.9139446875704937,0.2833587316487636,1.0286260248319155,0.8806146572104019,0.20454545454545456,0.7954545454545454
MolecuLA raw OLS (seed-excluded),TPSA,-34.848484848484844,34.848484848484844,50,50,1.0,50,3.1507310429190385,0.6824971472137289,-0.013916949675500362,1.0126606253413848,0.901219512195122,0.1794871794871795,0.8205128205128205
MolecuLA raw OLS (seed-excluded),TPSA,-31.818181818181813,31.818181818181813,50,50,1.0,50,2.822391660033249,0.6241996100261815,-0.18082976971125697,0.7971406754144773,0.9140394088669951,0.14285714285714285,0.8285714285714286
MolecuLA raw OLS (seed-excluded),TPSA,-28.787878787878785,28.787878787878785,50,50,1.0,50,2.6306036820454226,0.7062669011651161,-0.44479693049946223,0.5581647112678099,0.930952380952381,0.17857142857142858,0.8571428571428571
MolecuLA raw OLS (seed-excluded),TPSA,-25.757575757575765,25.757575757575765,50,50,1.0,50,2.538164933518102,0.7657347902097928,-0.605995976104621,0.4864437583188914,0.9590301003344481,0.15789473684210525,0.8421052631578947
MolecuLA raw OLS (seed-excluded),TPSA,-22.727272727272734,22.727272727272734,50,50,1.0,50,2.4661114655710445,0.8024292290940735,-0.6936537647101936,0.44504072641298176,0.9622507122507122,0.08333333333333333,0.8333333333333334
MolecuLA raw OLS (seed-excluded),TPSA,-19.69696969696969,19.69696969696969,50,50,1.0,50,2.438975274202863,0.45035171380878136,-0.7591653144555687,0.60553946663736,0.9677083333333334,0.16666666666666666,0.8333333333333334
MolecuLA raw OLS (seed-excluded),TPSA,-16.666666666666657,16.666666666666657,50,50,1.0,50,2.4512319297902634,0.7699823307365694,-0.8399808981387062,0.5081561440599507,0.9708614864864865,0.0,1.0
MolecuLA raw OLS (seed-excluded),TPSA,-13.636363636363626,13.636363636363626,50,50,1.0,50,2.4512319297902634,1.3442454337822705,-0.8399808981387062,0.6666210962094752,0.9677083333333334,0.0,1.0
MolecuLA raw OLS (seed-excluded),TPSA,-10.606060606060597,10.606060606060597,50,50,1.0,50,2.4512319297902634,1.573515133090165,-0.8399808981387062,0.907171238830873,0.9696691176470589,0.0,1.0
MolecuLA raw OLS (seed-excluded),TPSA,-7.575757575757564,7.575757575757564,50,50,1.0,50,2.4512319297902634,0.8793894045006869,-0.9046971310677188,0.5494473058259032,0.9696691176470589,0.0,1.0
MolecuLA raw OLS (seed-excluded),TPSA,-4.545454545454561,4.545454545454561,50,50,1.0,50,2.4512319297902634,1.573515133090165,-0.9046971310677188,0.907171238830873,0.9696691176470589,0.0,1.0
MolecuLA raw OLS (seed-excluded),TPSA,-1.5151515151515298,1.5151515151515298,50,50,1.0,50,2.4512319297902634,1.573515133090165,-0.9046971310677188,0.907171238830873,0.9696691176470589,0.0,1.0
MolecuLA raw OLS (seed-excluded),TPSA,1.5151515151515014,1.5151515151515014,50,50,1.0,50,2.4512319297902634,1.3784169017984214,-0.8399808981387062,0.9030910693480652,0.9696691176470589,0.0,1.0
MolecuLA raw OLS (seed-excluded),TPSA,4.5454545454545325,4.5454545454545325,50,50,1.0,50,2.4512319297902634,0.5787721206322853,-0.9046971310677188,0.39638975748099325,0.9708614864864865,0.5,0.5
MolecuLA raw OLS (seed-excluded),TPSA,7.575757575757564,7.575757575757564,50,50,1.0,50,2.4512319297902634,0.5787721206322853,-0.9046971310677188,0.39638975748099325,0.9708614864864865,0.5,0.5
MolecuLA raw OLS (seed-excluded),TPSA,10.606060606060597,10.606060606060597,50,50,1.0,50,2.4512319297902634,1.1833186705066776,-0.8399808981387062,0.8990108998652574,0.9708614864864865,0.3333333333333333,0.6666666666666666
MolecuLA raw OLS (seed-excluded),TPSA,13.636363636363626,13.636363636363626,50,50,1.0,50,2.4512319297902634,1.1833186705066776,-0.751357150201465,0.8990108998652574,0.9677083333333334,0.2,0.8
MolecuLA raw OLS (seed-excluded),TPSA,16.666666666666657,16.666666666666657,50,50,1.0,50,2.5680445297483745,1.1845189151813074,-0.6690392300402616,0.4281431934984894,0.9622507122507122,0.08333333333333333,0.9166666666666666
MolecuLA raw OLS (seed-excluded),TPSA,19.69696969696969,19.69696969696969,50,50,1.0,50,2.767538297465264,0.6804881252949198,-0.6690392300402616,0.346254776107509,0.9417420814479638,0.047619047619047616,0.8571428571428571
MolecuLA raw OLS (seed-excluded),TPSA,22.72727272727272,22.72727272727272,50,50,1.0,50,2.882306902415584,0.7831230146268311,-0.5723388070654429,0.30086330612992196,0.9232843137254902,0.06451612903225806,0.8387096774193549
MolecuLA raw OLS (seed-excluded),TPSA,25.75757575757575,25.75757575757575,50,50,1.0,50,3.0297493643793088,1.033897936072909,-0.5152294988761329,0.6105848884288386,0.9096467391304348,0.03125,0.875
MolecuLA raw OLS (seed-excluded),TPSA,28.787878787878785,28.787878787878785,50,50,1.0,50,3.183364631043607,0.9899339206462514,-0.4508369091881894,0.6718270137207021,0.9043040293040293,0.02702702702702703,0.8378378378378378
MolecuLA raw OLS (seed-excluded),TPSA,31.818181818181813,31.818181818181813,50,50,1.0,50,3.4086806783187025,1.2212849329218214,-0.35015325452542856,0.7145177985943623,0.8762755102040816,0.02564102564102564,0.8461538461538461
MolecuLA raw OLS (seed-excluded),TPSA,34.848484848484844,34.848484848484844,50,50,1.0,50,3.619981035982745,1.3194808020259279,-0.24289489912465437,0.8777759583246254,0.8571428571428571,0.05,0.85
MolecuLA raw OLS (seed-excluded),TPSA,37.87878787878788,37.87878787878788,50,50,1.0,50,4.025323609796076,1.502212978297965,-0.22313567227574194,0.9106985353813348,0.8466062239647145,0.047619047619047616,0.8809523809523809
MolecuLA raw OLS (seed-excluded),TPSA,40.90909090909091,40.90909090909091,50,50,1.0,50,4.212375440110515,1.7477442149904259,-0.10739407712847633,1.0013548068785096,0.8081574884199691,0.022727272727272728,0.8863636363636364
MolecuLA raw OLS (seed-excluded),TPSA,43.93939393939394,43.93939393939394,50,50,1.0,50,4.122787380632978,1.7247229435441684,-0.07185567894022474,0.9713985940798111,0.8137564052029957,0.0,0.8695652173913043
MolecuLA raw OLS (seed-excluded),TPSA,46.96969696969697,46.96969696969697,50,50,1.0,50,4.2877558115544705,1.8926601429045444,0.0623555260853669,0.8564752168191526,0.7675324675324675,0.04081632653061224,0.8367346938775511
MolecuLA raw OLS (seed-excluded),TPSA,50.0,50.0,50,50,1.0,50,4.611492630657094,1.8388064249321818,0.11223392171204377,1.003405624603992,0.7599073597529593,0.02040816326530612,0.8571428571428571
MolecuLA raw OLS (seed-excluded),TPSA,53.03030303030303,53.03030303030303,50,50,1.0,50,4.618441053732779,1.923914070277112,0.18702368844379902,0.9683162198354429,0.756668835393624,0.02,0.9
MolecuLA raw OLS (seed-excluded),TPSA,56.06060606060606,56.06060606060606,50,50,1.0,50,4.740101085111135,1.9759870969821822,0.20201053961374033,1.0525061047056705,0.7565835065835066,0.02,0.9
MolecuLA raw OLS (seed-excluded),TPSA,59.09090909090909,59.09090909090909,50,50,1.0,50,4.7691573348585035,2.225606261186629,0.15315780740639018,1.1416948987722613,0.7360681114551084,0.02,0.88
MolecuLA raw OLS (seed-excluded),TPSA,62.121212121212125,62.121212121212125,50,50,1.0,50,4.775505079788552,2.312681270827191,0.3365002308230286,1.162507507740973,0.7016722408026757,0.0,0.86
MolecuLA raw OLS (seed-excluded),TPSA,65.15151515151516,65.15151515151516,50,50,1.0,50,4.768057233300497,2.3764069466023563,0.281510987530688,1.1048292913287328,0.7248928352725046,0.0,0.88
MolecuLA raw OLS (seed-excluded),TPSA,68.18181818181819,68.18181818181819,50,50,1.0,50,5.10575507950527,2.509929666338275,0.22561631758211903,1.2619772394361493,0.6978260869565217,0.0,0.88
MolecuLA raw OLS (seed-excluded),TPSA,71.21212121212122,71.21212121212122,50,50,1.0,50,5.035225101401847,2.429341963532624,0.13199360641711239,1.0419826763782236,0.6760731319554849,0.0,0.88
MolecuLA raw OLS (seed-excluded),TPSA,74.24242424242425,74.24242424242425,50,50,1.0,50,4.984819954940119,2.485360511930893,0.11759620454694303,1.1893126773109266,0.6695402298850575,0.0,0.86
MolecuLA raw OLS (seed-excluded),TPSA,77.27272727272728,77.27272727272728,50,50,1.0,50,5.090098887058334,2.3332997759845617,0.16556519402814612,1.198246281077083,0.6976911976911977,0.0,0.88
MolecuLA raw OLS (seed-excluded),TPSA,80.30303030303031,80.30303030303031,50,50,1.0,50,5.107829278319324,2.5383376088806004,0.1998667839683125,1.2640605293072824,0.6738490645364725,0.0,0.9
MolecuLA raw OLS (seed-excluded),TPSA,83.33333333333334,83.33333333333334,50,50,1.0,50,5.135993949604055,2.6778787368613775,0.21093329355970197,1.182169588247072,0.6666666666666666,0.0,0.92
MolecuLA raw OLS (seed-excluded),TPSA,86.36363636363637,86.36363636363637,50,50,1.0,50,5.264032132224637,2.7892000771637724,0.22384933270840057,1.3070258806293993,0.6666666666666666,0.0,0.92
MolecuLA raw OLS (seed-excluded),TPSA,89.3939393939394,89.3939393939394,50,50,1.0,50,5.178594148711086,2.689678635408117,0.21650647727507424,1.1285857450605188,0.6758241758241759,0.0,0.86
MolecuLA raw OLS (seed-excluded),TPSA,92.42424242424244,92.42424242424244,50,50,1.0,50,5.225539337642351,2.751914996409497,0.1342716895856002,1.119473423775902,0.6614583333333333,0.0,0.88
MolecuLA raw OLS (seed-excluded),TPSA,95.45454545454544,95.45454545454544,50,50,1.0,50,5.387443104462488,2.683885525456575,0.12310524678678203,1.1435962815256748,0.641941391941392,0.0,0.88
MolecuLA raw OLS (seed-excluded),TPSA,98.48484848484848,98.48484848484848,50,50,1.0,50,5.487745437168318,2.918199712695152,0.1847191210223287,1.2548283700073748,0.6449490662139219,0.0,0.92
MolecuLA raw OLS (seed-excluded),TPSA,101.5151515151515,101.5151515151515,50,50,1.0,50,5.2893890202864995,2.659330280665464,0.24266380749109392,1.1333892031202903,0.6463582226294091,0.0,0.88
MolecuLA raw OLS (seed-excluded),TPSA,104.54545454545452,104.54545454545452,50,50,1.0,50,5.298555013983795,2.619978918817872,0.26044421853078614,1.2392816772928428,0.6666666666666666,0.0,0.88
MolecuLA raw OLS (seed-excluded),TPSA,107.57575757575756,107.57575757575756,50,50,1.0,50,5.3534397540974705,2.7791960318541804,0.28761769698533857,1.2255523918271978,0.6318840579710145,0.0,0.9
MolecuLA raw OLS (seed-excluded),TPSA,110.60606060606062,110.60606060606062,50,50,1.0,50,5.5008252551744885,2.8067208913852597,0.2688333562565894,1.279086074184876,0.6487493987493987,0.0,0.9
MolecuLA raw OLS (seed-excluded),TPSA,113.63636363636364,113.63636363636364,50,50,1.0,50,5.546888865817282,2.9821004232214157,0.17608400832022453,1.2753096244081492,0.6180344478216819,0.0,0.88
MolecuLA raw OLS (seed-excluded),TPSA,116.66666666666669,116.66666666666669,50,50,1.0,50,5.5762470844403165,3.071993253155966,0.17608400832022453,1.2594431470393919,0.6266025641025641,0.0,0.9
MolecuLA raw OLS (seed-excluded),TPSA,119.69696969696967,119.69696969696967,50,50,1.0,50,5.342707066724472,2.7541928186292033,0.11176703987807725,1.2013103943746288,0.6266025641025641,0.0,0.9
MolecuLA raw OLS (seed-excluded),TPSA,122.72727272727276,122.72727272727276,50,50,1.0,50,5.513533031828442,2.9829754624164564,0.10648214595474528,1.2852710691879201,0.6322843822843822,0.0,0.9
MolecuLA raw OLS (seed-excluded),TPSA,125.75757575757576,125.75757575757576,50,50,1.0,50,5.617853252535965,2.9903321228653517,0.07719890692947722,1.1937646290743176,0.6238207547169812,0.0,0.9
MolecuLA raw OLS (seed-excluded),TPSA,128.7878787878788,128.7878787878788,50,50,1.0,50,5.566326711628943,2.8550878506667337,0.10206997559872873,1.0452277176558182,0.6165525114155251,0.0,0.9
MolecuLA raw OLS (seed-excluded),TPSA,131.8181818181818,131.8181818181818,50,50,1.0,50,5.367941531004094,2.774503133464984,0.13091121767613,1.0303791936158833,0.6181657848324515,0.0,0.88
MolecuLA raw OLS (seed-excluded),TPSA,134.84848484848487,134.84848484848487,50,50,1.0,50,5.577787805098022,3.0457632516020814,0.11613763363990498,1.1969365157386067,0.6179144385026738,0.0,0.9
MolecuLA raw OLS (seed-excluded),TPSA,137.87878787878788,137.87878787878788,50,50,1.0,50,5.512040926219571,2.9232870583592083,0.1458170687784875,1.1182712653810034,0.6170212765957447,0.0,0.86
MolecuLA raw OLS (seed-excluded),TPSA,140.90909090909088,140.90909090909088,50,50,1.0,50,5.396203932828178,2.9406518852275156,0.10739088521739062,1.125091801374638,0.6162029459901801,0.0,0.86
MolecuLA raw OLS (seed-excluded),TPSA,143.93939393939394,143.93939393939394,50,50,1.0,50,5.340785879820869,2.8799121672988797,0.1111612104305936,1.1188041204662662,0.6162029459901801,0.0,0.88
MolecuLA raw OLS (seed-excluded),TPSA,146.96969696969694,146.96969696969694,50,50,1.0,50,5.470414179670958,2.9976126155704934,0.12999194628914038,1.1498335662989574,0.594229217110573,0.0,0.88
MolecuLA raw OLS (seed-excluded),TPSA,150.0,150.0,50,50,1.0,50,5.48110662008772,3.066358165664408,0.12579117504145826,1.1205700016678226,0.5902951958325294,0.0,0.86
MolecuLA raw OLS (seed-excluded),cLogP,-150.0,150.0,50,50,1.0,29,3.565875611257084,1.3175051805563234,0.33178490411555,1.059122797856082,0.6666666666666666,0.04,0.9
MolecuLA raw OLS (seed-excluded),cLogP,-146.96969696969697,146.96969696969697,50,50,1.0,31,3.565875611257084,1.2323148334742866,0.2699499267162737,1.059122797856082,0.6666666666666666,0.04,0.9
MolecuLA raw OLS (seed-excluded),cLogP,-143.93939393939394,143.93939393939394,50,50,1.0,30,3.5790531750163783,1.2557900795167933,0.319547578101325,0.9951885894364898,0.6666666666666666,0.02,0.92
MolecuLA raw OLS (seed-excluded),cLogP,-140.9090909090909,140.9090909090909,50,50,1.0,32,3.5790531750163783,1.2323148334742866,0.33178490411555,1.0049451687467847,0.6666666666666666,0.04,0.92
MolecuLA raw OLS (seed-excluded),cLogP,-137.87878787878788,137.87878787878788,50,50,1.0,35,3.5790531750163783,1.3373843994873438,0.22383903004827505,0.983315873696972,0.6794871794871795,0.04,0.9
MolecuLA raw OLS (seed-excluded),cLogP,-134.84848484848484,134.84848484848484,50,50,1.0,37,3.5922307387756724,1.3674232641333663,0.2778119670819125,1.0049451687467847,0.6666666666666666,0.04,0.88
MolecuLA raw OLS (seed-excluded),cLogP,-131.8181818181818,131.8181818181818,50,50,1.0,40,3.701737993081898,1.4331123368040775,0.27056060190808195,1.0774549802419926,0.6666666666666666,0.06,0.84
MolecuLA raw OLS (seed-excluded),cLogP,-128.78787878787878,128.78787878787878,50,50,1.0,40,3.820796375470948,1.4331123368040775,0.3396694747388084,1.1036310455574918,0.6794871794871795,0.06,0.86
MolecuLA raw OLS (seed-excluded),cLogP,-125.75757575757576,125.75757575757576,50,50,1.0,42,3.9211614873648006,1.4788075545829829,0.3396694747388084,1.111796484046749,0.6742424242424242,0.04,0.88
MolecuLA raw OLS (seed-excluded),cLogP,-122.72727272727272,122.72727272727272,50,50,1.0,42,3.565875611257084,1.2853902689229901,0.22527174027409752,1.1250455270016233,0.6939799331103679,0.06,0.86
MolecuLA raw OLS (seed-excluded),cLogP,-119.69696969696967,119.69696969696967,50,50,1.0,43,3.5790531750163783,1.3305830513606152,0.27115448678641996,0.9368992737637556,0.7477313974591651,0.08,0.88
MolecuLA raw OLS (seed-excluded),cLogP,-116.66666666666666,116.66666666666666,50,50,1.0,43,3.565875611257084,1.18144017557012,0.22527174027409752,0.8823759018535541,0.7777777777777778,0.08,0.86
MolecuLA raw OLS (seed-excluded),cLogP,-113.63636363636364,113.63636363636364,50,50,1.0,42,3.565875611257084,1.1303491794077614,0.20998287422520004,0.8823759018535541,0.7727272727272727,0.12,0.86
MolecuLA raw OLS (seed-excluded),cLogP,-110.6060606060606,110.6060606060606,50,50,1.0,44,3.565875611257084,1.046679789727614,0.2886331270831626,0.9001866881982421,0.7801932367149759,0.14,0.88
MolecuLA raw OLS (seed-excluded),cLogP,-107.57575757575758,107.57575757575758,50,50,1.0,44,3.576618464387007,1.0635343677314513,0.282748093412606,0.9853460360120861,0.7559523809523809,0.14,0.86
MolecuLA raw OLS (seed-excluded),cLogP,-104.54545454545456,104.54545454545456,50,50,1.0,47,3.6252380223783827,1.0778142867598635,0.28222139664690005,1.1816719957828368,0.75,0.12,0.86
MolecuLA raw OLS (seed-excluded),cLogP,-101.51515151515152,101.51515151515152,50,50,1.0,48,3.6252380223783827,1.0778142867598635,0.23485953667953752,0.9956547844968213,0.7559523809523809,0.1,0.86
MolecuLA raw OLS (seed-excluded),cLogP,-98.48484848484848,98.48484848484848,50,50,1.0,48,3.7316089072427108,1.0778142867598635,0.22708266537845,1.0341113057564066,0.7559523809523809,0.08,0.86
MolecuLA raw OLS (seed-excluded),cLogP,-95.45454545454544,95.45454545454544,50,50,1.0,49,3.8493079818223297,1.2793147267643006,0.23559598239109097,1.0723304690040638,0.7459677419354839,0.06,0.9
MolecuLA raw OLS (seed-excluded),cLogP,-92.42424242424242,92.42424242424242,50,50,1.0,49,3.875404984064777,1.4186263571129096,0.23087100782966036,1.1049414252882548,0.7609523809523809,0.06,0.92
MolecuLA raw OLS (seed-excluded),cLogP,-89.39393939393939,89.39393939393939,50,50,1.0,50,3.9329357823306115,1.4186263571129096,0.24913407483699662,0.9635458838853377,0.770979020979021,0.06,0.92
MolecuLA raw OLS (seed-excluded),cLogP,-86.36363636363637,86.36363636363637,50,50,1.0,49,3.9410837113246946,1.4330705697679305,0.3190198827597627,1.2773977689316065,0.755,0.06,0.9
MolecuLA raw OLS (seed-excluded),cLogP,-83.33333333333333,83.33333333333333,50,50,1.0,49,3.8179715572544897,1.3472300783341273,0.3121207788406527,1.3148956149279285,0.8038461538461539,0.06,0.92
MolecuLA raw OLS (seed-excluded),cLogP,-80.3030303030303,80.3030303030303,50,50,1.0,49,3.8587922669868684,1.3124943205093023,0.2974639612438644,1.3148956149279285,0.7875939849624061,0.06,0.92
MolecuLA raw OLS (seed-excluded),cLogP,-77.27272727272728,77.27272727272728,50,50,1.0,50,3.9159295223348343,1.3472300783341273,0.33174955477975493,1.3472597887303448,0.7947368421052632,0.06,0.9
MolecuLA raw OLS (seed-excluded),cLogP,-74.24242424242425,74.24242424242425,50,50,1.0,49,3.8432402791663454,1.3124943205093023,0.323994556575945,1.3536220838180106,0.8047619047619048,0.08,0.9
MolecuLA raw OLS (seed-excluded),cLogP,-71.21212121212122,71.21212121212122,50,50,1.0,49,3.917224592994195,1.3622127720736743,0.4375748863847593,1.345447330471392,0.7958333333333334,0.06,0.94
MolecuLA raw OLS (seed-excluded),cLogP,-68.18181818181819,68.18181818181819,50,50,1.0,49,3.9578463869722076,1.3394225358541125,0.38259391488827565,1.2885978124532784,0.8,0.1,0.96
MolecuLA raw OLS (seed-excluded),cLogP,-65.15151515151516,65.15151515151516,50,50,1.0,50,4.047506784729069,1.3409493922427074,0.4812434119865238,1.129945911993857,0.8,0.06,0.94
MolecuLA raw OLS (seed-excluded),cLogP,-62.121212121212125,62.121212121212125,50,50,1.0,50,3.8739412854685056,1.2557027999134909,0.43423575859698393,1.2279013761932336,0.8248081841432224,0.08,0.86
MolecuLA raw OLS (seed-excluded),cLogP,-59.09090909090909,59.09090909090909,50,50,1.0,50,3.9302553818419006,1.3650149807120213,0.5812908099490042,1.3554416566483898,0.8136574074074074,0.08,0.9
MolecuLA raw OLS (seed-excluded),cLogP,-56.06060606060606,56.06060606060606,50,50,1.0,50,3.9438951446567287,1.469435603784448,0.5503458369326876,1.1862218523006898,0.8176638176638176,0.1,0.9
MolecuLA raw OLS (seed-excluded),cLogP,-53.03030303030303,53.03030303030303,50,50,1.0,50,3.976526572560966,1.4230196753074056,0.41448442040180666,1.0628106636315007,0.8136574074074074,0.1,0.88
MolecuLA raw OLS (seed-excluded),cLogP,-50.0,50.0,50,50,1.0,50,4.017307840433478,1.408289608358968,0.4277301663415781,1.154296415220882,0.8100961538461539,0.08,0.92
MolecuLA raw OLS (seed-excluded),cLogP,-46.96969696969697,46.96969696969697,50,50,1.0,50,4.10219197898976,1.6354448363371565,0.4452666334249937,1.2023596972681554,0.8257575757575758,0.14,0.9
MolecuLA raw OLS (seed-excluded),cLogP,-43.93939393939394,43.93939393939394,50,50,1.0,50,4.072217770809277,1.6003234402984128,0.420358579384302,1.2686202756191345,0.8273809523809523,0.12,0.92
MolecuLA raw OLS (seed-excluded),cLogP,-40.90909090909091,40.90909090909091,50,50,1.0,50,4.089480637184339,1.4805792917592204,0.32435574081501733,1.1232583845000552,0.7974358974358975,0.06,0.94
MolecuLA raw OLS (seed-excluded),cLogP,-37.87878787878788,37.87878787878788,50,50,1.0,50,4.038456744584428,1.6416497402842611,0.24425166806626486,1.2120800823844653,0.822875816993464,0.08333333333333333,0.875
MolecuLA raw OLS (seed-excluded),cLogP,-34.848484848484844,34.848484848484844,50,50,1.0,50,3.4495942708548744,1.1610268859619266,0.05606998022436375,0.8732612657669108,0.8721088435374149,0.13953488372093023,0.8837209302325582
MolecuLA raw OLS (seed-excluded),cLogP,-31.818181818181813,31.818181818181813,50,50,1.0,50,3.0276987640963293,0.7920027851732279,-0.3032141349391354,0.783282360424417,0.9116883116883117,0.175,0.85
MolecuLA raw OLS (seed-excluded),cLogP,-28.787878787878785,28.787878787878785,50,50,1.0,50,2.793521177252373,0.724229168487863,-0.413016362676319,0.7084944365384499,0.9540169133192389,0.21875,0.78125
MolecuLA raw OLS (seed-excluded),cLogP,-25.757575757575765,25.757575757575765,50,50,1.0,50,2.649623637346113,0.694048637194923,-0.47061028781542347,0.7944931905656942,0.9545454545454546,0.20833333333333334,0.7916666666666666
MolecuLA raw OLS (seed-excluded),cLogP,-22.727272727272734,22.727272727272734,50,50,1.0,50,2.5680445297483745,0.6766237843366589,-0.6081236832792594,0.6449848385004181,0.9578527062999113,0.1875,0.8125
MolecuLA raw OLS (seed-excluded),cLogP,-19.69696969696969,19.69696969696969,50,50,1.0,50,2.585301298979423,0.6766237843366589,-0.7214717240843516,0.6449848385004181,0.9615384615384616,0.08333333333333333,0.9166666666666666
MolecuLA raw OLS (seed-excluded),cLogP,-16.666666666666657,16.666666666666657,50,50,1.0,50,2.515197362019565,0.6279827282673995,-0.8005233467466868,0.7647031647127172,0.9677083333333334,0.2,1.0
MolecuLA raw OLS (seed-excluded),cLogP,-13.636363636363626,13.636363636363626,50,50,1.0,50,2.4661114655710445,0.538947750779311,-0.8399808981387062,0.7647031647127172,0.9708614864864865,0.3333333333333333,1.0
MolecuLA raw OLS (seed-excluded),cLogP,-10.606060606060597,10.606060606060597,50,50,1.0,50,2.4512319297902634,0.7448383012439006,-0.9046971310677188,0.5177938270269108,0.9677083333333334,0.0,1.0
MolecuLA raw OLS (seed-excluded),cLogP,-7.575757575757564,7.575757575757564,50,50,1.0,50,2.4512319297902634,1.3356128294827165,-0.9046971310677188,0.9765674360651397,0.9696691176470589,0.0,1.0
MolecuLA raw OLS (seed-excluded),cLogP,-4.545454545454561,4.545454545454561,50,50,1.0,50,2.4512319297902634,1.3784169017984214,-0.8399808981387062,0.9030910693480652,0.9696691176470589,0.0,1.0
MolecuLA raw OLS (seed-excluded),cLogP,-1.5151515151515298,1.5151515151515298,50,50,1.0,50,2.4512319297902634,1.3784169017984214,-0.8399808981387062,0.9030910693480652,0.9696691176470589,0.0,1.0
MolecuLA raw OLS (seed-excluded),cLogP,1.5151515151515014,1.5151515151515014,50,50,1.0,50,2.4512319297902634,1.6178840548693145,-0.8399808981387062,1.2460977341623005,0.9696691176470589,0.0,1.0
MolecuLA raw OLS (seed-excluded),cLogP,4.5454545454545325,4.5454545454545325,50,50,1.0,50,2.4512319297902634,1.1640863523573195,-0.8399808981387062,0.907171238830873,0.9708614864864865,0.3333333333333333,0.6666666666666666
MolecuLA raw OLS (seed-excluded),cLogP,7.575757575757564,7.575757575757564,50,50,1.0,50,2.4512319297902634,1.1640863523573195,-0.8399808981387062,0.907171238830873,0.9708614864864865,0.3333333333333333,0.6666666666666666
MolecuLA raw OLS (seed-excluded),cLogP,10.606060606060597,10.606060606060597,50,50,1.0,50,2.4512319297902634,0.8896217142593148,-0.8189766900479889,0.3878264804094679,0.9708614864864865,0.2,0.8
MolecuLA raw OLS (seed-excluded),cLogP,13.636363636363626,13.636363636363626,50,50,1.0,50,2.4661114655710445,0.43139402732706245,-0.8399808981387062,0.2562945481513702,0.9745817245817245,0.14285714285714285,0.7142857142857143
MolecuLA raw OLS (seed-excluded),cLogP,16.666666666666657,16.666666666666657,50,50,1.0,50,2.6306036820454226,0.5633446700567486,-0.5030709764170138,0.4422329650290872,0.9636243386243386,0.06666666666666667,0.9333333333333333
MolecuLA raw OLS (seed-excluded),cLogP,19.69696969696969,19.69696969696969,50,50,1.0,50,2.910516562130188,0.7232254248804946,-0.4724996181168618,0.48196896451773025,0.9347517730496454,0.0,1.0
MolecuLA raw OLS (seed-excluded),cLogP,22.72727272727272,22.72727272727272,50,50,1.0,50,2.955659215888172,0.7301311619343052,-0.44090027064638637,0.46868644410898097,0.9339941972920696,0.034482758620689655,0.9310344827586207
MolecuLA raw OLS (seed-excluded),cLogP,25.75757575757575,25.75757575757575,50,50,1.0,50,3.257534364879038,1.1946182957360585,-0.3982438148366199,0.48012757961466,0.9092775041050903,0.029411764705882353,0.9411764705882353
MolecuLA raw OLS (seed-excluded),cLogP,28.787878787878785,28.787878787878785,50,50,1.0,50,3.7396207926750757,1.4847974736494365,-0.17445473974044484,0.7114186229935872,0.8860191772347665,0.0,0.9487179487179487
MolecuLA raw OLS (seed-excluded),cLogP,31.818181818181813,31.818181818181813,50,50,1.0,50,4.000014835568272,1.756730916758717,-0.015729664076940382,0.9860010007920451,0.8648956975228161,0.022727272727272728,0.9090909090909091
MolecuLA raw OLS (seed-excluded),cLogP,34.848484848484844,34.848484848484844,50,50,1.0,50,4.308059484353869,1.92134967008958,0.14979405714053393,1.1302111435993256,0.8348484848484848,0.043478260869565216,0.8478260869565217
MolecuLA raw OLS (seed-excluded),cLogP,37.87878787878788,37.87878787878788,50,50,1.0,50,4.354875651118195,1.9814487544061636,0.22789280493898284,1.0702389802345116,0.8320512820512821,0.020833333333333332,0.8958333333333334
MolecuLA raw OLS (seed-excluded),cLogP,40.90909090909091,40.90909090909091,50,50,1.0,50,4.661855496912442,2.0344355570852026,0.4175213957102541,1.3186544567801732,0.8062865497076024,0.020833333333333332,0.9166666666666666
MolecuLA raw OLS (seed-excluded),cLogP,43.93939393939394,43.93939393939394,50,50,1.0,50,4.623264459778797,1.945378524808444,0.3200077079172171,1.3707539231228874,0.7923076923076924,0.020833333333333332,0.875
MolecuLA raw OLS (seed-excluded),cLogP,46.96969696969697,46.96969696969697,50,50,1.0,50,4.70133468182066,2.190970655746933,0.5774755459676328,1.441550613852331,0.8145614035087719,0.041666666666666664,0.8958333333333334
MolecuLA raw OLS (seed-excluded),cLogP,50.0,50.0,50,50,1.0,50,5.023129929653287,2.3856121137618835,0.7003349687236996,1.580252278001065,0.774852154322726,0.04081632653061224,0.8775510204081632
MolecuLA raw OLS (seed-excluded),cLogP,53.03030303030303,53.03030303030303,50,50,1.0,50,5.13323283233819,2.7531895475415222,0.7961079052233121,1.5443576160814037,0.7692307692307693,0.04081632653061224,0.9183673469387755
MolecuLA raw OLS (seed-excluded),cLogP,56.06060606060606,56.06060606060606,50,50,1.0,50,5.152867583320031,2.7756827951443315,0.8324377812089707,1.580252278001065,0.7730616864742501,0.04081632653061224,0.9183673469387755
MolecuLA raw OLS (seed-excluded),cLogP,59.09090909090909,59.09090909090909,50,50,1.0,50,4.865183914185915,2.4623004049017574,0.8151625382432268,1.6184670968648902,0.7661982825917252,0.04081632653061224,0.9183673469387755
MolecuLA raw OLS (seed-excluded),cLogP,62.121212121212125,62.121212121212125,50,50,1.0,50,5.095157858290452,2.531819792972613,0.8411896855627936,1.58456742498268,0.7574746725969854,0.04,0.92
MolecuLA raw OLS (seed-excluded),cLogP,65.15151515151516,65.15151515151516,50,50,1.0,50,5.008330714670404,2.407127078679747,0.8687803854955556,1.7433587060164002,0.75,0.04,0.94
MolecuLA raw OLS (seed-excluded),cLogP,68.18181818181819,68.18181818181819,50,50,1.0,50,5.420335375705921,2.896754694457192,0.9347779461553752,1.7930337538640884,0.747093023255814,0.04,0.92
MolecuLA raw OLS (seed-excluded),cLogP,71.21212121212122,71.21212121212122,50,50,1.0,50,5.441780219600432,2.8640021527527155,0.9562636429717117,1.8552590385683294,0.7612340710932259,0.04,0.94
MolecuLA raw OLS (seed-excluded),cLogP,74.24242424242425,74.24242424242425,50,50,1.0,50,5.713825069114385,3.0994191174164945,0.9851243002398582,1.858130319315279,0.7605633802816901,0.02,0.98
MolecuLA raw OLS (seed-excluded),cLogP,77.27272727272728,77.27272727272728,50,50,1.0,50,5.809922526105231,3.2841062901293494,1.0591679185684741,1.8567641781008446,0.7655060882800608,0.0,0.96
MolecuLA raw OLS (seed-excluded),cLogP,80.30303030303031,80.30303030303031,50,50,1.0,50,5.745446692372814,3.2650748679615846,1.0752013414706636,1.885482664777716,0.766281512605042,0.0,0.96
MolecuLA raw OLS (seed-excluded),cLogP,83.33333333333334,83.33333333333334,50,50,1.0,50,5.786533672079075,2.9963399417086762,1.0789758893001204,1.9583704793154666,0.7462553096355913,0.0,0.98
MolecuLA raw OLS (seed-excluded),cLogP,86.36363636363637,86.36363636363637,50,50,1.0,50,5.64439648183655,3.2559584124548095,1.220542756312644,2.016510206464398,0.7344300822561691,0.0,1.0
MolecuLA raw OLS (seed-excluded),cLogP,89.3939393939394,89.3939393939394,50,50,1.0,50,5.965264080462603,3.422623116221716,1.117621446965813,2.012634496895372,0.723287888395688,0.0,0.98
MolecuLA raw OLS (seed-excluded),cLogP,92.42424242424244,92.42424242424244,50,50,1.0,50,6.012727588237739,3.480827965585909,1.1913860959379357,2.137382319236768,0.7084057971014492,0.0,0.98
MolecuLA raw OLS (seed-excluded),cLogP,95.45454545454544,95.45454545454544,50,50,1.0,50,6.173356949989696,3.622030599236431,1.1937668734314841,2.0067037349475076,0.7099111734455353,0.0,0.98
MolecuLA raw OLS (seed-excluded),cLogP,98.48484848484848,98.48484848484848,50,50,1.0,50,6.139469705822111,3.541702026524481,1.2042291812814405,2.1132124915948163,0.7034640274076893,0.0,0.98
MolecuLA raw OLS (seed-excluded),cLogP,101.5151515151515,101.5151515151515,50,50,1.0,50,6.234292811472752,3.7452137744031706,1.1928448235339315,2.005299948172395,0.7005046583850931,0.0,0.98
MolecuLA raw OLS (seed-excluded),cLogP,104.54545454545452,104.54545454545452,50,50,1.0,50,5.996894596349945,3.404715596852697,1.2342150491791373,2.1216899372811895,0.7275172117039587,0.0,0.98
MolecuLA raw OLS (seed-excluded),cLogP,107.57575757575756,107.57575757575756,50,50,1.0,50,6.062395313308867,3.433717847942524,1.3352096993623803,2.15208101675848,0.7423215898825655,0.0,0.98
MolecuLA raw OLS (seed-excluded),cLogP,110.60606060606062,110.60606060606062,50,50,1.0,50,6.371497827063382,3.8037906194377613,1.2899536523159352,2.1142231223816985,0.7218372280419016,0.02,0.98
MolecuLA raw OLS (seed-excluded),cLogP,113.63636363636364,113.63636363636364,50,50,1.0,50,6.050360172445609,3.5060662257650956,1.2420989160521594,2.011580019668587,0.721217105263158,0.0,0.96
MolecuLA raw OLS (seed-excluded),cLogP,116.66666666666669,116.66666666666669,50,50,1.0,50,6.368779664847121,3.782994934856123,1.286669722766328,2.249508917188955,0.7340136054421769,0.0,0.98
MolecuLA raw OLS (seed-excluded),cLogP,119.69696969696967,119.69696969696967,50,50,1.0,50,6.378807075131409,3.934779386525381,1.2041057410005735,2.1649755165745566,0.7331696601628117,0.02,0.98
MolecuLA raw OLS (seed-excluded),cLogP,122.72727272727276,122.72727272727276,50,50,1.0,50,6.486031609192713,3.867456004674549,1.1395259399701232,2.0858478538026617,0.7452603471295061,0.0,0.98
MolecuLA raw OLS (seed-excluded),cLogP,125.75757575757576,125.75757575757576,50,50,1.0,50,6.6175326586952705,3.9424097704461896,1.0015496074956678,1.978370031893109,0.756761325219743,0.02,0.98
MolecuLA raw OLS (seed-excluded),cLogP,128.7878787878788,128.7878787878788,50,50,1.0,50,6.443783994121756,3.680804024693893,1.1107695139483025,1.9936228030174798,0.7894088669950738,0.02,0.98
MolecuLA raw OLS (seed-excluded),cLogP,131.8181818181818,131.8181818181818,50,50,1.0,50,6.660747632821079,4.204950272848201,0.9796683107065436,1.8631237530700362,0.7887465267057734,0.04,0.98
MolecuLA raw OLS (seed-excluded),cLogP,134.84848484848487,134.84848484848487,50,50,1.0,50,6.077395340847866,3.585599197262451,0.8656351566356055,1.839074217154515,0.8044117647058824,0.04,0.98
MolecuLA raw OLS (seed-excluded),cLogP,137.87878787878788,137.87878787878788,50,50,1.0,50,6.458897898771927,3.8378471584045433,0.8237844265110185,1.8042918660757243,0.7979591836734694,0.02,0.98
MolecuLA raw OLS (seed-excluded),cLogP,140.90909090909088,140.90909090909088,50,50,1.0,50,6.542521164757945,3.993897080798921,0.728601623301866,1.7373852430567074,0.8158244680851063,0.02,0.98
MolecuLA raw OLS (seed-excluded),cLogP,143.93939393939394,143.93939393939394,50,50,1.0,50,6.509759114328539,3.877528019038243,0.6725992906260211,1.593381788815241,0.8480769230769231,0.06,0.96
MolecuLA raw OLS (seed-excluded),cLogP,146.96969696969694,146.96969696969694,50,50,1.0,50,6.278089827903729,3.7630423181837127,0.5578098211295099,1.5778639405794155,0.8612299465240641,0.08,0.98
MolecuLA raw OLS (seed-excluded),cLogP,150.0,150.0,50,50,1.0,48,6.453881315165347,3.829366601903046,0.4930906380501108,1.431697516936974,0.8681159420289855,0.08,0.96
MolecuLA raw OLS (seed-excluded),BertzCT,-150.0,150.0,50,50,1.0,9,2.701044842026315,0.20940298543128932,0.05893999783791667,1.1133789424370901,0.6666666666666666,0.4,0.88
MolecuLA raw OLS (seed-excluded),BertzCT,-146.96969696969697,146.96969696969697,50,50,1.0,9,2.701044842026315,0.20940298543128932,0.05893999783791667,1.1133789424370901,0.6666666666666666,0.4,0.88
MolecuLA raw OLS (seed-excluded),BertzCT,-143.93939393939394,143.93939393939394,50,50,1.0,10,2.701044842026315,0.2437814397166047,0.0251286675201,1.1133789424370901,0.6666666666666666,0.38,0.88
MolecuLA raw OLS (seed-excluded),BertzCT,-140.9090909090909,140.9090909090909,50,50,1.0,11,2.701044842026315,0.2437814397166047,0.0251286675201,1.0574717865912646,0.6666666666666666,0.38,0.88
MolecuLA raw OLS (seed-excluded),BertzCT,-137.87878787878788,137.87878787878788,50,50,1.0,11,2.701044842026315,0.20940298543128932,0.0251286675201,1.0574717865912646,0.6666666666666666,0.4,0.86
MolecuLA raw OLS (seed-excluded),BertzCT,-134.84848484848484,134.84848484848484,50,50,1.0,10,2.701044842026315,0.20940298543128932,0.0251286675201,1.0980799999738027,0.6666666666666666,0.38,0.86
MolecuLA raw OLS (seed-excluded),BertzCT,-131.8181818181818,131.8181818181818,50,50,1.0,10,2.724306380487853,0.20940298543128932,0.0251286675201,1.0980799999738027,0.5833333333333333,0.38,0.86
MolecuLA raw OLS (seed-excluded),BertzCT,-128.78787878787878,128.78787878787878,50,50,1.0,10,2.701044842026315,0.1281474355226413,0.0251286675201,1.0980799999738027,0.6666666666666666,0.42,0.86
MolecuLA raw OLS (seed-excluded),BertzCT,-125.75757575757576,125.75757575757576,50,50,1.0,10,2.701044842026315,0.040185085177408375,0.0251286675201,1.1133789424370901,0.6666666666666666,0.46,0.86
MolecuLA raw OLS (seed-excluded),BertzCT,-122.72727272727272,122.72727272727272,50,50,1.0,12,2.701044842026315,0.039970095253133664,0.0251286675201,1.1133789424370901,0.6666666666666666,0.48,0.86
MolecuLA raw OLS (seed-excluded),BertzCT,-119.69696969696967,119.69696969696967,50,50,1.0,12,2.701044842026315,0.005493324966646007,0.05893999783791667,1.115922250581035,0.6666666666666666,0.5,0.86
MolecuLA raw OLS (seed-excluded),BertzCT,-116.66666666666666,116.66666666666666,50,50,1.0,14,2.701044842026315,-0.049864755872929045,0.09275132815573334,1.115922250581035,0.6666666666666666,0.52,0.88
MolecuLA raw OLS (seed-excluded),BertzCT,-113.63636363636364,113.63636363636364,50,50,1.0,13,2.4398659242430307,-0.1732697278653479,0.0251286675201,1.115922250581035,0.75,0.56,0.84
MolecuLA raw OLS (seed-excluded),BertzCT,-110.6060606060606,110.6060606060606,50,50,1.0,15,2.077226269404214,-0.31660280521783335,0.09275132815573334,1.141160484746644,0.75,0.58,0.84
MolecuLA raw OLS (seed-excluded),BertzCT,-107.57575757575758,107.57575757575758,50,50,1.0,15,1.9802570386349831,-0.3262357626952914,0.05893999783791667,1.100623308117747,0.75,0.62,0.84
MolecuLA raw OLS (seed-excluded),BertzCT,-104.54545454545456,104.54545454545456,50,50,1.0,17,1.9802570386349831,-0.37809385493826664,0.0251286675201,1.0882295945286677,0.75,0.66,0.86
MolecuLA raw OLS (seed-excluded),BertzCT,-101.51515151515152,101.51515151515152,50,50,1.0,17,1.9802570386349831,-0.37809385493826664,0.0251286675201,1.0882295945286677,0.75,0.66,0.86
MolecuLA raw OLS (seed-excluded),BertzCT,-98.48484848484848,98.48484848484848,50,50,1.0,20,1.966192874141485,-0.41338444377101435,0.0251286675201,1.049115727929666,0.75,0.74,0.84
MolecuLA raw OLS (seed-excluded),BertzCT,-95.45454545454544,95.45454545454544,50,50,1.0,22,1.9741137163788327,-0.351829704815918,0.0349728103137625,1.1258615422833564,0.75,0.7,0.86
MolecuLA raw OLS (seed-excluded),BertzCT,-92.42424242424242,92.42424242424242,50,50,1.0,25,1.960636196397636,-0.41338444377101435,0.0251286675201,1.112312290966005,0.75,0.68,0.84
MolecuLA raw OLS (seed-excluded),BertzCT,-89.39393939393939,89.39393939393939,50,50,1.0,25,1.960636196397636,-0.4260373563885924,0.06878414063157917,1.1210755075471068,0.75,0.68,0.84
MolecuLA raw OLS (seed-excluded),BertzCT,-86.36363636363637,86.36363636363637,50,50,1.0,26,1.9741137163788327,-0.41338444377101435,0.06561788637303251,1.1049409085922997,0.7916666666666667,0.64,0.84
MolecuLA raw OLS (seed-excluded),BertzCT,-83.33333333333333,83.33333333333333,50,50,1.0,27,1.9624137163788333,-0.3832933626886428,0.06561788637303251,1.099160926186363,0.8333333333333334,0.64,0.84
MolecuLA raw OLS (seed-excluded),BertzCT,-80.3030303030303,80.3030303030303,50,50,1.0,34,2.013996074596056,-0.34192463168478415,0.10569655287948332,1.1049409085922997,0.8333333333333334,0.66,0.84
MolecuLA raw OLS (seed-excluded),BertzCT,-77.27272727272728,77.27272727272728,50,50,1.0,41,2.205800885405605,-0.3255069169533309,0.15280501057132,1.29569171969657,0.8541666666666667,0.64,0.84
MolecuLA raw OLS (seed-excluded),BertzCT,-74.24242424242425,74.24242424242425,50,50,1.0,40,2.177550716537495,-0.3275718603214557,0.11921100154354998,1.1792171161407516,0.875,0.64,0.84
MolecuLA raw OLS (seed-excluded),BertzCT,-71.21212121212122,71.21212121212122,50,50,1.0,41,2.205800885405605,-0.20116791127849787,0.197817334242595,1.1687815867682136,0.875,0.6,0.84
MolecuLA raw OLS (seed-excluded),BertzCT,-68.18181818181819,68.18181818181819,50,50,1.0,42,2.4086145315434377,-0.13655478181115566,0.34934152147315,1.2508450197383083,0.875,0.54,0.9
MolecuLA raw OLS (seed-excluded),BertzCT,-65.15151515151516,65.15151515151516,50,50,1.0,41,2.716003530217357,0.23928635584500846,0.4480121250500738,1.3431859638156478,0.875,0.42,0.88
MolecuLA raw OLS (seed-excluded),BertzCT,-62.121212121212125,62.121212121212125,50,50,1.0,45,2.7618318273768754,0.27689600657908464,0.45463611751265387,1.3485215697734378,0.875,0.38,0.86
MolecuLA raw OLS (seed-excluded),BertzCT,-59.09090909090909,59.09090909090909,50,50,1.0,48,3.0700313408636997,0.4501857861189409,0.7124841829539925,1.4947253331399155,0.875,0.36,0.9
MolecuLA raw OLS (seed-excluded),BertzCT,-56.06060606060606,56.06060606060606,50,50,1.0,50,2.985111657145808,0.3095957814633472,0.6684758488188125,1.5238068121163524,0.8908730158730158,0.32,0.92
MolecuLA raw OLS (seed-excluded),BertzCT,-53.03030303030303,53.03030303030303,50,50,1.0,49,3.365304616041532,0.7298878741476456,0.7202016834740126,1.4290495712135942,0.8603896103896104,0.32,0.96
MolecuLA raw OLS (seed-excluded),BertzCT,-50.0,50.0,50,50,1.0,49,3.4542787354463567,1.0093095556146703,0.6717356516854199,1.5735177311159063,0.8389189189189189,0.28,0.96
MolecuLA raw OLS (seed-excluded),BertzCT,-46.96969696969697,46.96969696969697,50,50,1.0,50,3.5455484327644093,1.0165965113588387,0.835705660470698,1.4775972047486108,0.8333333333333334,0.26,0.96
MolecuLA raw OLS (seed-excluded),BertzCT,-43.93939393939394,43.93939393939394,50,50,1.0,50,3.558347553634683,0.9585485307522141,0.9089865685292351,1.6244017216786624,0.8144963144963145,0.18,0.94
MolecuLA raw OLS (seed-excluded),BertzCT,-40.90909090909091,40.90909090909091,50,50,1.0,50,3.654499171635604,1.041347867196365,0.9410175720560406,1.6038458028375149,0.8350340136054422,0.14,0.92
MolecuLA raw OLS (seed-excluded),BertzCT,-37.87878787878788,37.87878787878788,50,50,1.0,50,3.697984452890821,1.1066719428731862,0.6769171879302167,1.38393019225714,0.8642506142506143,0.12,0.94
MolecuLA raw OLS (seed-excluded),BertzCT,-34.848484848484844,34.848484848484844,50,50,1.0,50,3.757749374886332,1.1007368601704686,0.5600750790203974,1.1664052155850326,0.8571428571428571,0.16,0.9
MolecuLA raw OLS (seed-excluded),BertzCT,-31.818181818181813,31.818181818181813,50,50,1.0,50,3.757175719426161,1.2234013297976256,0.4832843826589375,1.2081088749647724,0.8507936507936508,0.14,0.86
MolecuLA raw OLS (seed-excluded),BertzCT,-28.787878787878785,28.787878787878785,50,50,1.0,50,3.7259135305121336,1.2573630457808571,0.4344866484755204,1.1495333133774488,0.8535714285714285,0.125,0.875
MolecuLA raw OLS (seed-excluded),BertzCT,-25.757575757575765,25.757575757575765,50,50,1.0,50,3.3927575249586406,0.9474439448835312,0.1792044779101768,0.9338950196215584,0.8807746979388771,0.15555555555555556,0.8222222222222222
MolecuLA raw OLS (seed-excluded),BertzCT,-22.727272727272734,22.727272727272734,50,50,1.0,50,2.9235904588281674,0.610201371282943,-0.38792632323088855,0.7844595588117118,0.9347517730496454,0.2,0.8
MolecuLA raw OLS (seed-excluded),BertzCT,-19.69696969696969,19.69696969696969,50,50,1.0,50,2.6769879172824176,0.49971180906499413,-0.5030709764170138,0.5232049590695118,0.9555335968379447,0.2727272727272727,0.7272727272727273
MolecuLA raw OLS (seed-excluded),BertzCT,-16.666666666666657,16.666666666666657,50,50,1.0,50,2.5680445297483745,0.478223374187956,-0.6893640782077088,0.34677427539415817,0.9648148148148148,0.3076923076923077,0.6923076923076923
MolecuLA raw OLS (seed-excluded),BertzCT,-13.636363636363626,13.636363636363626,50,50,1.0,50,2.515197362019565,0.48289860441811605,-0.8214444243300341,0.3693305969264751,0.9677083333333334,0.26666666666666666,0.8
MolecuLA raw OLS (seed-excluded),BertzCT,-10.606060606060597,10.606060606060597,50,50,1.0,50,2.523973345837282,0.5834652395233553,-0.8713744615904248,0.6449848385004181,0.9666666666666667,0.16666666666666666,1.0
MolecuLA raw OLS (seed-excluded),BertzCT,-7.575757575757564,7.575757575757564,50,50,1.0,50,2.4512319297902634,1.5263706969978168,-0.8399808981387062,0.907171238830873,0.9708614864864865,0.3333333333333333,0.6666666666666666
MolecuLA raw OLS (seed-excluded),BertzCT,-4.545454545454561,4.545454545454561,50,50,1.0,50,2.4512319297902634,1.549942915043991,-0.8399808981387062,1.1759816041841593,0.9696691176470589,0.0,1.0
MolecuLA raw OLS (seed-excluded),BertzCT,-1.5151515151515298,1.5151515151515298,50,50,1.0,50,2.4512319297902634,1.6178840548693145,-0.8399808981387062,1.2460977341623005,0.9696691176470589,0.0,1.0
MolecuLA raw OLS (seed-excluded),BertzCT,1.5151515151515014,1.5151515151515014,50,50,1.0,50,2.4512319297902634,1.3784169017984214,-0.8399808981387062,0.9030910693480652,0.9696691176470589,0.0,1.0
MolecuLA raw OLS (seed-excluded),BertzCT,4.5454545454545325,4.5454545454545325,50,50,1.0,50,2.4512319297902634,1.3784169017984214,-0.727606605999077,0.9030910693480652,0.9708614864864865,0.25,0.75
MolecuLA raw OLS (seed-excluded),BertzCT,7.575757575757564,7.575757575757564,50,50,1.0,50,2.4512319297902634,0.6662778981001622,-0.8713744615904248,0.3992013632650306,0.9708614864864865,0.25,0.5
MolecuLA raw OLS (seed-excluded),BertzCT,10.606060606060597,10.606060606060597,50,50,1.0,50,2.6306036820454226,0.5775781443573562,-0.5859526748722566,0.4422329650290872,0.9596424702058505,0.0,1.0
MolecuLA raw OLS (seed-excluded),BertzCT,13.636363636363626,13.636363636363626,50,50,1.0,50,2.8062090833156086,1.0124431724430902,-0.5152294988761329,0.5989689686676355,0.9548233695652174,0.0,1.0
MolecuLA raw OLS (seed-excluded),BertzCT,16.666666666666657,16.666666666666657,50,50,1.0,50,3.0263051908434493,1.1833186705066776,-0.5030709764170138,0.48882934254708704,0.9325757575757576,0.034482758620689655,0.9655172413793104
MolecuLA raw OLS (seed-excluded),BertzCT,19.69696969696969,19.69696969696969,50,50,1.0,50,3.571664143430417,1.631522353151226,-0.2912327339354731,0.731339992612683,0.9107142857142857,0.02857142857142857,0.9428571428571428
MolecuLA raw OLS (seed-excluded),BertzCT,22.72727272727272,22.72727272727272,50,50,1.0,50,3.543737780183113,1.3941264625754335,-0.3749298224861751,0.7009111631266621,0.9010756192959584,0.027777777777777776,0.9166666666666666
MolecuLA raw OLS (seed-excluded),BertzCT,25.75757575757575,25.75757575757575,50,50,1.0,50,3.679125573562018,1.462642355481223,-0.158489277297012,0.724157815562352,0.8736702127659575,0.0,0.9473684210526315
MolecuLA raw OLS (seed-excluded),BertzCT,28.787878787878785,28.787878787878785,50,50,1.0,50,3.939107212566115,1.7672389908679795,-0.27816875506201316,0.7186178353816706,0.8503496503496504,0.0,0.925
MolecuLA raw OLS (seed-excluded),BertzCT,31.818181818181813,31.818181818181813,50,50,1.0,50,3.9958470973734257,2.09827382617018,-0.1812341321844646,0.8990108998652574,0.8548387096774194,0.0,0.9069767441860465
MolecuLA raw OLS (seed-excluded),BertzCT,34.848484848484844,34.848484848484844,50,50,1.0,50,4.390173707162516,2.1970335728491577,0.16107682794464037,1.049282682864846,0.8138528138528138,0.0,0.8837209302325582
MolecuLA raw OLS (seed-excluded),BertzCT,37.87878787878788,37.87878787878788,50,50,1.0,50,5.043431672201018,2.4555035260804754,0.27124245186829077,1.200241818465261,0.7820135746606335,0.0,0.9111111111111111
MolecuLA raw OLS (seed-excluded),BertzCT,40.90909090909091,40.90909090909091,50,50,1.0,50,5.192142341755021,2.736438604438959,0.4598354594827835,1.1313056102424328,0.7795138888888888,0.0,0.9555555555555556
MolecuLA raw OLS (seed-excluded),BertzCT,43.93939393939394,43.93939393939394,50,50,1.0,50,4.819916277078509,2.587432054547831,0.48449529355225973,1.1824985387774756,0.7673239436619719,0.0,0.8936170212765957
MolecuLA raw OLS (seed-excluded),BertzCT,46.96969696969697,46.96969696969697,50,50,1.0,50,5.173615129213521,2.7620089012270683,0.5745983647621082,1.486696096869471,0.7578201368523949,0.0,0.8958333333333334
MolecuLA raw OLS (seed-excluded),BertzCT,50.0,50.0,50,50,1.0,50,5.099995129597401,2.540947689463227,0.6033588081606955,1.4736133977122017,0.7462121212121212,0.0,0.9387755102040817
MolecuLA raw OLS (seed-excluded),BertzCT,53.03030303030303,53.03030303030303,50,50,1.0,50,5.4112277824041195,2.78018646062672,0.6501117722159016,1.5190602173993357,0.7272994129158512,0.0,0.94
MolecuLA raw OLS (seed-excluded),BertzCT,56.06060606060606,56.06060606060606,50,50,1.0,50,5.6748955292911205,3.21692941696562,0.6073195311698021,1.4119832596373718,0.7104761904761905,0.0,0.96
MolecuLA raw OLS (seed-excluded),BertzCT,59.09090909090909,59.09090909090909,50,50,1.0,50,5.865532142706096,3.3608447832557555,0.5606629630158069,1.4082949314813131,0.6993150684931506,0.0,0.98
MolecuLA raw OLS (seed-excluded),BertzCT,62.121212121212125,62.121212121212125,50,50,1.0,50,5.265835094884208,2.723389196167899,0.5540121801433646,1.4028102104845475,0.7088699626090569,0.0,0.96
MolecuLA raw OLS (seed-excluded),BertzCT,65.15151515151516,65.15151515151516,50,50,1.0,50,5.547067114485089,3.0536322236114604,0.61800451122671,1.4422670544728269,0.6826923076923077,0.0,0.96
MolecuLA raw OLS (seed-excluded),BertzCT,68.18181818181819,68.18181818181819,50,50,1.0,50,5.628193253125354,3.1616355944533843,0.5919111097237912,1.4202986211618303,0.6689497716894977,0.0,0.94
MolecuLA raw OLS (seed-excluded),BertzCT,71.21212121212122,71.21212121212122,50,50,1.0,50,5.817939174687536,3.422086207348104,0.691357597676669,1.492387527434009,0.6837500000000001,0.0,0.96
MolecuLA raw OLS (seed-excluded),BertzCT,74.24242424242425,74.24242424242425,50,50,1.0,50,5.893588774295852,3.5338240825590583,0.6441612693822089,1.4754245760423446,0.6818181818181818,0.0,0.96
MolecuLA raw OLS (seed-excluded),BertzCT,77.27272727272728,77.27272727272728,50,50,1.0,50,5.85813264897768,3.3350179192350935,0.5907919842038094,1.4967123450314095,0.6805797101449276,0.0,0.92
MolecuLA raw OLS (seed-excluded),BertzCT,80.30303030303031,80.30303030303031,50,50,1.0,50,6.1218249963155955,3.618333176143299,0.633256823496761,1.5650517546946954,0.6754445964432285,0.0,0.94
MolecuLA raw OLS (seed-excluded),BertzCT,83.33333333333334,83.33333333333334,50,50,1.0,50,6.44068540069816,3.902278403766184,0.681916065788321,1.5075407574168773,0.6692708333333333,0.0,0.94
MolecuLA raw OLS (seed-excluded),BertzCT,86.36363636363637,86.36363636363637,50,50,1.0,50,6.268178741231676,3.8297722448351275,0.6336741340234737,1.3966846669473583,0.6655701754385965,0.0,0.94
MolecuLA raw OLS (seed-excluded),BertzCT,89.3939393939394,89.3939393939394,50,50,1.0,50,6.27039816980753,3.8066039130040945,0.6450424187467603,1.5163735579772988,0.6633333333333333,0.0,0.96
MolecuLA raw OLS (seed-excluded),BertzCT,92.42424242424244,92.42424242424244,50,50,1.0,50,6.438255203852417,3.8253512991113507,0.6066228104373859,1.2567222574247512,0.664319248826291,0.0,0.96
MolecuLA raw OLS (seed-excluded),BertzCT,95.45454545454544,95.45454545454544,50,50,1.0,50,6.756636615533075,4.3642850621147,0.5351805346725376,1.3885134772005399,0.650462962962963,0.0,0.94
MolecuLA raw OLS (seed-excluded),BertzCT,98.48484848484848,98.48484848484848,50,50,1.0,50,6.785658747187002,4.238970711721713,0.5086728307006352,1.4297931176728493,0.650997150997151,0.0,0.96
MolecuLA raw OLS (seed-excluded),BertzCT,101.5151515151515,101.5151515151515,50,50,1.0,50,6.295304415791817,4.01502219458117,0.5244176984883534,1.3746607008885996,0.6582417582417582,0.0,0.96
MolecuLA raw OLS (seed-excluded),BertzCT,104.54545454545452,104.54545454545452,50,50,1.0,50,6.956796246313182,4.19811176925106,0.5043314095652146,1.3685760367998014,0.6427350427350428,0.0,0.94
MolecuLA raw OLS (seed-excluded),BertzCT,107.57575757575756,107.57575757575756,50,50,1.0,50,6.642975779206097,4.435603550999763,0.5230398031049411,1.2540702656504465,0.632996632996633,0.0,0.92
MolecuLA raw OLS (seed-excluded),BertzCT,110.60606060606062,110.60606060606062,50,50,1.0,50,7.137209653852913,4.60779988513594,0.5139658979604755,1.3072724110648943,0.6356421356421356,0.0,0.92
MolecuLA raw OLS (seed-excluded),BertzCT,113.63636363636364,113.63636363636364,50,50,1.0,50,7.082153414637576,4.332507136249058,0.44926901704438305,1.2969808768756483,0.6144557823129252,0.0,0.94
MolecuLA raw OLS (seed-excluded),BertzCT,116.66666666666669,116.66666666666669,50,50,1.0,50,7.825556671839082,5.155025185752556,0.45814457117197477,1.2751694565674678,0.6057627688172043,0.0,0.9
MolecuLA raw OLS (seed-excluded),BertzCT,119.69696969696967,119.69696969696967,50,50,1.0,50,6.728304176252972,4.234124859172737,0.46957877362310685,1.2916348033117095,0.6488857278330963,0.0,0.88
MolecuLA raw OLS (seed-excluded),BertzCT,122.72727272727276,122.72727272727276,50,50,1.0,50,7.184383491110339,4.687713829755767,0.42561258176245,1.2595146787965832,0.6324184846352334,0.0,0.94
MolecuLA raw OLS (seed-excluded),BertzCT,125.75757575757576,125.75757575757576,50,50,1.0,50,7.820740769353755,5.122791912024258,0.45387068614160475,1.3551331930802275,0.6251975417032485,0.0,0.94
MolecuLA raw OLS (seed-excluded),BertzCT,128.7878787878788,128.7878787878788,50,50,1.0,50,7.439949342604535,4.532389207568572,0.5264903699476763,1.4277615262261372,0.611780258519389,0.0,0.94
MolecuLA raw OLS (seed-excluded),BertzCT,131.8181818181818,131.8181818181818,50,50,1.0,50,7.492483586921182,4.646003327276604,0.5457982372536943,1.3724118129372793,0.6232608145712117,0.0,0.94
MolecuLA raw OLS (seed-excluded),BertzCT,134.84848484848487,134.84848484848487,50,50,1.0,50,7.5279334464321614,4.991952092692857,0.4499002984036362,1.396291483278337,0.5874264960221376,0.0,0.94
MolecuLA raw OLS (seed-excluded),BertzCT,137.87878787878788,137.87878787878788,50,50,1.0,50,7.792132997692152,5.165533091397043,0.4239028975478391,1.2441374884507401,0.6339712918660287,0.0,0.96
MolecuLA raw OLS (seed-excluded),BertzCT,140.90909090909088,140.90909090909088,50,50,1.0,50,7.712742034041451,4.922066631153278,0.418830043041846,1.2944088153014004,0.601639807746678,0.0,0.94
MolecuLA raw OLS (seed-excluded),BertzCT,143.93939393939394,143.93939393939394,50,50,1.0,50,7.658606665848488,5.067807869821866,0.5167466251897502,1.4866191730010598,0.6135416666666667,0.0,0.94
MolecuLA raw OLS (seed-excluded),BertzCT,146.96969696969694,146.96969696969694,50,50,1.0,50,7.562408434821153,4.7237487989028075,0.4037372927216194,1.3204425580483348,0.5858981046774474,0.0,0.92
MolecuLA raw OLS (seed-excluded),BertzCT,150.0,150.0,50,50,1.0,50,7.821965951088817,5.292999088018485,0.48689118055770997,1.3352913323277373,0.5882208387942334,0.0,0.92
MolecuLA raw OLS (seed-excluded),HeavyAtomCount,-150.0,150.0,50,41,0.82,4,7.3284153846153846,4.750678125241233,0.0,0.5676923832217768,0.0,0.07317073170731707,0.8048780487804879
MolecuLA raw OLS (seed-excluded),HeavyAtomCount,-146.96969696969697,146.96969696969697,50,41,0.82,4,7.3284153846153846,4.750678125241233,0.0,0.5676923832217768,0.0,0.04878048780487805,0.8048780487804879
MolecuLA raw OLS (seed-excluded),HeavyAtomCount,-143.93939393939394,143.93939393939394,50,41,0.82,5,7.3284153846153846,4.750678125241233,0.0,0.5676923832217768,0.0,0.07317073170731707,0.8048780487804879
MolecuLA raw OLS (seed-excluded),HeavyAtomCount,-140.9090909090909,140.9090909090909,50,42,0.84,5,7.3284153846153846,4.70478088749383,0.0,0.6871753059415946,0.0,0.07142857142857142,0.8095238095238095
MolecuLA raw OLS (seed-excluded),HeavyAtomCount,-137.87878787878788,137.87878787878788,50,42,0.84,5,7.3284153846153846,4.70478088749383,0.0,0.6871753059415946,0.0,0.07142857142857142,0.8095238095238095
MolecuLA raw OLS (seed-excluded),HeavyAtomCount,-134.84848484848484,134.84848484848484,50,42,0.84,6,7.3284153846153846,4.70478088749383,0.0,0.6871753059415946,0.0,0.11904761904761904,0.8095238095238095
MolecuLA raw OLS (seed-excluded),HeavyAtomCount,-131.8181818181818,131.8181818181818,50,42,0.84,6,7.3284153846153846,4.70478088749383,0.0,0.6871753059415946,0.0,0.11904761904761904,0.8095238095238095
MolecuLA raw OLS (seed-excluded),HeavyAtomCount,-128.78787878787878,128.78787878787878,50,42,0.84,6,7.3284153846153846,4.70478088749383,0.0,0.6871753059415946,0.0,0.11904761904761904,0.8095238095238095
MolecuLA raw OLS (seed-excluded),HeavyAtomCount,-125.75757575757576,125.75757575757576,50,43,0.86,6,7.3284153846153846,4.554626881700393,0.0,0.8681709087542455,0.0,0.11627906976744186,0.813953488372093
MolecuLA raw OLS (seed-excluded),HeavyAtomCount,-122.72727272727272,122.72727272727272,50,43,0.86,7,7.3284153846153846,4.435908578674518,0.0,0.8681709087542455,0.0,0.16279069767441862,0.813953488372093
MolecuLA raw OLS (seed-excluded),HeavyAtomCount,-119.69696969696967,119.69696969696967,50,43,0.86,7,5.868476923076923,3.91566651053634,0.0,0.8681709087542455,0.0,0.16279069767441862,0.8604651162790697
MolecuLA raw OLS (seed-excluded),HeavyAtomCount,-116.66666666666666,116.66666666666666,50,43,0.86,7,2.7475679189493913,1.0492019330126077,0.0,0.8681709087542455,0.5,0.18604651162790697,0.8604651162790697
MolecuLA raw OLS (seed-excluded),HeavyAtomCount,-113.63636363636364,113.63636363636364,50,43,0.86,8,2.7475679189493913,0.935467425084175,0.0,0.8681709087542455,0.5,0.18604651162790697,0.8604651162790697
MolecuLA raw OLS (seed-excluded),HeavyAtomCount,-110.6060606060606,110.6060606060606,50,45,0.9,10,2.7475679189493913,0.7808592621882458,0.0251286675201,0.8733035676160001,0.5,0.17777777777777778,0.8666666666666667
MolecuLA raw OLS (seed-excluded),HeavyAtomCount,-107.57575757575758,107.57575757575758,50,45,0.9,12,2.7475679189493913,0.6821168006497835,0.0251286675201,0.8733035676160001,0.5,0.15555555555555556,0.8666666666666667
MolecuLA raw OLS (seed-excluded),HeavyAtomCount,-104.54545454545456,104.54545454545456,50,45,0.9,12,2.7475679189493913,0.6821168006497835,0.0251286675201,0.9172011413289998,0.5,0.15555555555555556,0.8666666666666667
MolecuLA raw OLS (seed-excluded),HeavyAtomCount,-101.51515151515152,101.51515151515152,50,45,0.9,15,2.7475679189493913,0.578247135908752,0.0251286675201,1.0744456792372388,0.5,0.17777777777777778,0.8666666666666667
MolecuLA raw OLS (seed-excluded),HeavyAtomCount,-98.48484848484848,98.48484848484848,50,45,0.9,16,2.7475679189493913,0.5645039555107827,0.0251286675201,1.0744456792372388,0.5,0.2,0.8666666666666667
MolecuLA raw OLS (seed-excluded),HeavyAtomCount,-95.45454545454544,95.45454545454544,50,46,0.92,16,2.7475679189493913,0.5579368974507459,0.0251286675201,1.0574717865912646,0.5,0.21739130434782608,0.8695652173913043
MolecuLA raw OLS (seed-excluded),HeavyAtomCount,-92.42424242424242,92.42424242424242,50,48,0.96,18,2.7475679189493913,0.5027383497952176,0.0251286675201,1.0980799999738027,0.5,0.1875,0.875
MolecuLA raw OLS (seed-excluded),HeavyAtomCount,-89.39393939393939,89.39393939393939,50,48,0.96,19,2.8215880604290424,0.4669925612218684,0.0251286675201,1.1133789424370901,0.6666666666666666,0.20833333333333334,0.8958333333333334
MolecuLA raw OLS (seed-excluded),HeavyAtomCount,-86.36363636363637,86.36363636363637,50,48,0.96,18,2.7475679189493913,0.39516213542819134,0.0251286675201,1.165952221821237,0.6666666666666666,0.22916666666666666,0.8958333333333334
MolecuLA raw OLS (seed-excluded),HeavyAtomCount,-83.33333333333333,83.33333333333333,50,48,0.96,21,2.7475679189493913,0.3828029706002338,0.0251286675201,1.165952221821237,0.6666666666666666,0.2708333333333333,0.875
MolecuLA raw OLS (seed-excluded),HeavyAtomCount,-80.3030303030303,80.3030303030303,50,49,0.98,25,2.7475679189493913,0.3812949807008117,0.37503123485672224,1.1895741006505243,0.75,0.3469387755102041,0.8979591836734694
MolecuLA raw OLS (seed-excluded),HeavyAtomCount,-77.27272727272728,77.27272727272728,50,49,0.98,30,2.7475679189493913,0.3448003097543939,0.4786285547801,1.1423303429919498,0.7586206896551724,0.3673469387755102,0.8979591836734694
MolecuLA raw OLS (seed-excluded),HeavyAtomCount,-74.24242424242425,74.24242424242425,50,50,1.0,32,2.952967210476057,0.3706648102519674,0.4786285547801,1.2072608737478032,0.8333333333333334,0.36,0.88
MolecuLA raw OLS (seed-excluded),HeavyAtomCount,-71.21212121212122,71.21212121212122,50,50,1.0,36,2.865290772079315,0.38217875637745635,0.49244409514067,1.2419949644450483,0.8333333333333334,0.4,0.9
MolecuLA raw OLS (seed-excluded),HeavyAtomCount,-68.18181818181819,68.18181818181819,50,50,1.0,40,2.9660375666078407,0.3470245937384524,0.5115042986632075,1.3995887438113344,0.8333333333333334,0.4,0.9
MolecuLA raw OLS (seed-excluded),HeavyAtomCount,-65.15151515151516,65.15151515151516,50,50,1.0,40,2.883690042551482,0.3470245937384524,0.50625963550124,1.3448705171355935,0.8333333333333334,0.4,0.92
MolecuLA raw OLS (seed-excluded),HeavyAtomCount,-62.121212121212125,62.121212121212125,50,50,1.0,44,2.977924657936098,0.2782421325933959,0.7728786559629126,1.6034448500334877,0.875,0.4,0.92
MolecuLA raw OLS (seed-excluded),HeavyAtomCount,-59.09090909090909,59.09090909090909,50,50,1.0,43,2.8582361963976357,0.015452836730148967,0.561831119437055,1.4947253331399155,0.8819444444444444,0.5,0.9
MolecuLA raw OLS (seed-excluded),HeavyAtomCount,-56.06060606060606,56.06060606060606,50,50,1.0,46,3.1285999695449034,0.33940041262227805,0.5954459179438083,1.5706344667708367,0.8819444444444444,0.44,0.94
MolecuLA raw OLS (seed-excluded),HeavyAtomCount,-53.03030303030303,53.03030303030303,50,50,1.0,48,3.088140042551482,0.6272172937929885,0.7661008361075667,1.5245479127734773,0.8888888888888888,0.36,0.94
MolecuLA raw OLS (seed-excluded),HeavyAtomCount,-50.0,50.0,50,50,1.0,47,3.0500992193374126,0.7478440789897234,0.6636901245350799,1.3438397963665176,0.8819444444444444,0.32,0.9
MolecuLA raw OLS (seed-excluded),HeavyAtomCount,-46.96969696969697,46.96969696969697,50,50,1.0,47,3.195730389843475,0.7392106558916689,0.7337779649939618,1.4173122709822563,0.8651515151515152,0.24,0.9
MolecuLA raw OLS (seed-excluded),HeavyAtomCount,-43.93939393939394,43.93939393939394,50,50,1.0,47,3.5409409995231775,1.025051335534589,0.47130714872531565,1.347269206678292,0.84,0.26,0.92
MolecuLA raw OLS (seed-excluded),HeavyAtomCount,-40.90909090909091,40.90909090909091,50,50,1.0,49,3.5466611579568044,0.990625017708513,0.874718759296169,1.4196638650833175,0.8333333333333334,0.22,0.94
MolecuLA raw OLS (seed-excluded),HeavyAtomCount,-37.87878787878788,37.87878787878788,50,50,1.0,49,3.5536626398499904,1.1007368601704686,0.7049799345454228,1.4140555328660152,0.8355855855855856,0.2,0.94
MolecuLA raw OLS (seed-excluded),HeavyAtomCount,-34.848484848484844,34.848484848484844,50,50,1.0,50,3.767634795656856,1.1007368601704686,0.6504106686451037,1.4140555328660152,0.8615900383141762,0.18,0.92
MolecuLA raw OLS (seed-excluded),HeavyAtomCount,-31.818181818181813,31.818181818181813,50,50,1.0,50,3.5840302252654395,1.0116962094489774,0.43049911763665594,1.0100077199039124,0.8699324324324325,0.2,0.82
MolecuLA raw OLS (seed-excluded),HeavyAtomCount,-28.787878787878785,28.787878787878785,50,50,1.0,50,3.575407766672336,1.1860300095137442,0.43506082896922404,1.003115320906979,0.8474903474903475,0.20408163265306123,0.7959183673469388
MolecuLA raw OLS (seed-excluded),HeavyAtomCount,-25.757575757575765,25.757575757575765,50,50,1.0,50,3.277228781403992,0.7176783644436142,0.23154486131853097,0.8807451074479096,0.8733974358974359,0.15217391304347827,0.8260869565217391
MolecuLA raw OLS (seed-excluded),HeavyAtomCount,-22.727272727272734,22.727272727272734,50,50,1.0,50,2.904016281901935,0.538947750779311,-0.32377692362962535,0.6974060303811646,0.925,0.18604651162790697,0.7906976744186046
MolecuLA raw OLS (seed-excluded),HeavyAtomCount,-19.69696969696969,19.69696969696969,50,50,1.0,50,2.7825484533534857,0.46369665362241097,-0.5030709764170138,0.4666880731936774,0.9555335968379447,0.2702702702702703,0.7567567567567568
MolecuLA raw OLS (seed-excluded),HeavyAtomCount,-16.666666666666657,16.666666666666657,50,50,1.0,50,2.509265903674077,0.4288541516856821,-0.8202755078181285,0.24780961570109916,0.9648148148148148,0.3333333333333333,0.6666666666666666
MolecuLA raw OLS (seed-excluded),HeavyAtomCount,-13.636363636363626,13.636363636363626,50,50,1.0,50,2.515197362019565,0.49146181560459823,-0.7847588821792424,0.441875843889043,0.9622507122507122,0.1875,0.8125
MolecuLA raw OLS (seed-excluded),HeavyAtomCount,-10.606060606060597,10.606060606060597,50,50,1.0,50,2.523973345837282,0.5834652395233553,-0.8713744615904248,0.6449848385004181,0.9666666666666667,0.16666666666666666,1.0
MolecuLA raw OLS (seed-excluded),HeavyAtomCount,-7.575757575757564,7.575757575757564,50,50,1.0,50,2.4512319297902634,0.031728297727839916,-0.9542687274206383,0.03504956524039071,0.9708614864864865,0.5,1.0
MolecuLA raw OLS (seed-excluded),HeavyAtomCount,-4.545454545454561,4.545454545454561,50,50,1.0,50,2.4512319297902634,1.549942915043991,-0.8399808981387062,1.1759816041841593,0.9696691176470589,0.0,1.0
MolecuLA raw OLS (seed-excluded),HeavyAtomCount,-1.5151515151515298,1.5151515151515298,50,50,1.0,50,2.4512319297902634,1.6178840548693145,-0.8399808981387062,1.2460977341623005,0.9696691176470589,0.0,1.0
MolecuLA raw OLS (seed-excluded),HeavyAtomCount,1.5151515151515014,1.5151515151515014,50,50,1.0,50,2.4512319297902634,1.1833186705066776,-0.8399808981387062,0.8990108998652574,0.9708614864864865,0.3333333333333333,0.6666666666666666
MolecuLA raw OLS (seed-excluded),HeavyAtomCount,4.5454545454545325,4.5454545454545325,50,50,1.0,50,2.4512319297902634,1.1833186705066776,-0.8399808981387062,0.8990108998652574,0.9708614864864865,0.3333333333333333,0.6666666666666666
MolecuLA raw OLS (seed-excluded),HeavyAtomCount,7.575757575757564,7.575757575757564,50,50,1.0,50,2.4512319297902634,0.5775781443573562,-0.8713744615904248,0.3878264804094679,0.9708614864864865,0.2,0.6
MolecuLA raw OLS (seed-excluded),HeavyAtomCount,10.606060606060597,10.606060606060597,50,50,1.0,50,2.6769481317292527,0.7503111551932564,-0.6461636801419015,0.4003483115283799,0.9603610675039247,0.0,1.0
MolecuLA raw OLS (seed-excluded),HeavyAtomCount,13.636363636363626,13.636363636363626,50,50,1.0,50,2.846638744882984,1.1833186705066776,-0.4852670161772637,0.7234196750332089,0.9465625,0.0,0.9523809523809523
MolecuLA raw OLS (seed-excluded),HeavyAtomCount,16.666666666666657,16.666666666666657,50,50,1.0,50,3.1158480051581123,1.2220184678184451,-0.4305215324195698,0.7602273858571796,0.9247641509433963,0.03571428571428571,1.0
MolecuLA raw OLS (seed-excluded),HeavyAtomCount,19.69696969696969,19.69696969696969,50,50,1.0,50,3.3551724093345863,1.3899441235600314,-0.4386224062040392,0.6665790875441906,0.9069264069264069,0.030303030303030304,0.9696969696969697
MolecuLA raw OLS (seed-excluded),HeavyAtomCount,22.72727272727272,22.72727272727272,50,50,1.0,50,3.58539648011663,1.520126793657603,-0.2648663092953947,0.7818900379332386,0.8640215716486903,0.0,0.8378378378378378
MolecuLA raw OLS (seed-excluded),HeavyAtomCount,25.75757575757575,25.75757575757575,50,50,1.0,50,3.9996895160758545,1.868763918079841,-0.17145095673613248,0.8725339303868103,0.8671568627450981,0.0,0.8974358974358975
MolecuLA raw OLS (seed-excluded),HeavyAtomCount,28.787878787878785,28.787878787878785,50,50,1.0,50,4.129914967976681,1.9880800937007326,-0.2853856012844337,0.9395610324062544,0.8535714285714285,0.0,0.8717948717948718
MolecuLA raw OLS (seed-excluded),HeavyAtomCount,31.818181818181813,31.818181818181813,50,50,1.0,50,4.186997447320168,1.9822524267123,-0.2385390646523484,0.9001426793668947,0.8357186669392762,0.0,0.9047619047619048
MolecuLA raw OLS (seed-excluded),HeavyAtomCount,34.848484848484844,34.848484848484844,50,50,1.0,50,4.549726139198178,2.3274825563252293,-0.1669185715053974,1.025080183037581,0.8058232090490155,0.0,0.8222222222222222
MolecuLA raw OLS (seed-excluded),HeavyAtomCount,37.87878787878788,37.87878787878788,50,50,1.0,50,4.465506425573162,2.179210781494373,0.046674345615920945,0.9496421290870436,0.8298582995951418,0.0,0.8695652173913043
MolecuLA raw OLS (seed-excluded),HeavyAtomCount,40.90909090909091,40.90909090909091,50,50,1.0,50,4.83280320955248,2.670476627096843,0.19420351230185606,1.0471005114314245,0.7845238095238095,0.0,0.8695652173913043
MolecuLA raw OLS (seed-excluded),HeavyAtomCount,43.93939393939394,43.93939393939394,50,50,1.0,50,5.082352722856656,2.74116462094649,0.496955355900251,1.333816988641052,0.7853528965342778,0.0,0.8775510204081632
MolecuLA raw OLS (seed-excluded),HeavyAtomCount,46.96969696969697,46.96969696969697,50,50,1.0,50,5.086562889779737,2.631545358111719,0.4621606531047175,1.3428924119851904,0.7628125,0.0,0.92
MolecuLA raw OLS (seed-excluded),HeavyAtomCount,50.0,50.0,50,50,1.0,50,5.190645125792054,2.6166067763580543,0.45539915450329893,1.299489970553151,0.7651654411764706,0.0,0.94
MolecuLA raw OLS (seed-excluded),HeavyAtomCount,53.03030303030303,53.03030303030303,50,50,1.0,50,5.31433876941108,2.6721239089998075,0.5088188777663669,1.3224912144932748,0.744343891402715,0.0,0.96
MolecuLA raw OLS (seed-excluded),HeavyAtomCount,56.06060606060606,56.06060606060606,50,50,1.0,50,5.4512768286179565,2.8442109097577726,0.7417105726630935,1.3299012872294478,0.7579069767441861,0.0,0.94
MolecuLA raw OLS (seed-excluded),HeavyAtomCount,59.09090909090909,59.09090909090909,50,50,1.0,50,5.758500546548853,3.341492083967039,0.7393058699891804,1.5994848736088711,0.7249721913236931,0.0,0.94
MolecuLA raw OLS (seed-excluded),HeavyAtomCount,62.121212121212125,62.121212121212125,50,50,1.0,50,5.758500546548853,3.198379664112857,0.7039547130688351,1.5813134341113932,0.7264227642276422,0.0,0.96
MolecuLA raw OLS (seed-excluded),HeavyAtomCount,65.15151515151516,65.15151515151516,50,50,1.0,50,5.623437343523717,3.1806303302751227,0.6306366974499795,1.3747543009596597,0.7214582252205501,0.02,0.96
MolecuLA raw OLS (seed-excluded),HeavyAtomCount,68.18181818181819,68.18181818181819,50,50,1.0,50,5.799423800911645,3.362955900781814,0.6589695991596378,1.3296914126225177,0.7189110271384405,0.0,0.96
MolecuLA raw OLS (seed-excluded),HeavyAtomCount,71.21212121212122,71.21212121212122,50,50,1.0,50,5.728623036480576,3.1557780224483674,0.6734061069283165,1.4401856092811836,0.7171428571428571,0.0,0.96
MolecuLA raw OLS (seed-excluded),HeavyAtomCount,74.24242424242425,74.24242424242425,50,50,1.0,50,6.087734081949551,3.558736367508635,0.649743869357114,1.477797538379569,0.7142857142857143,0.0,0.96
MolecuLA raw OLS (seed-excluded),HeavyAtomCount,77.27272727272728,77.27272727272728,50,50,1.0,50,6.320820715502407,3.6257124841762063,0.7141146552995781,1.548385903265304,0.7073715562174236,0.0,0.96
MolecuLA raw OLS (seed-excluded),HeavyAtomCount,80.30303030303031,80.30303030303031,50,50,1.0,50,6.013668898188309,3.5111598503699244,0.7224892669617116,1.4787419763818226,0.7125384878549436,0.0,0.96
MolecuLA raw OLS (seed-excluded),HeavyAtomCount,83.33333333333334,83.33333333333334,50,50,1.0,50,5.910979121500079,3.581227717400935,0.7692045544923258,1.5934347155771635,0.6970149253731344,0.0,0.98
MolecuLA raw OLS (seed-excluded),HeavyAtomCount,86.36363636363637,86.36363636363637,50,50,1.0,50,5.870168126150993,3.4475157042491023,0.6604139327271232,1.5230390352280168,0.7125645438898451,0.02,0.96
MolecuLA raw OLS (seed-excluded),HeavyAtomCount,89.3939393939394,89.3939393939394,50,50,1.0,50,6.13389455550069,3.729866940829969,0.7029157564107464,1.5923740842177514,0.6811764705882353,0.04,0.96
MolecuLA raw OLS (seed-excluded),HeavyAtomCount,92.42424242424244,92.42424242424244,50,50,1.0,50,6.2368794502208775,3.705662868554648,0.710443820263545,1.6727010033999086,0.7150871329672953,0.02,0.94
MolecuLA raw OLS (seed-excluded),HeavyAtomCount,95.45454545454544,95.45454545454544,50,50,1.0,50,6.535346939339778,3.979611970414603,0.7054976708342391,1.6413654142044725,0.6712328767123288,0.02,0.98
MolecuLA raw OLS (seed-excluded),HeavyAtomCount,98.48484848484848,98.48484848484848,50,50,1.0,50,6.511491172344934,3.9889150388128094,0.6880932147463164,1.4928128855040141,0.6978260869565217,0.02,0.96
MolecuLA raw OLS (seed-excluded),HeavyAtomCount,101.5151515151515,101.5151515151515,50,50,1.0,50,6.992697426299658,4.165054704577584,0.7599194378386147,1.595314085859538,0.6594569719282098,0.02,0.94
MolecuLA raw OLS (seed-excluded),HeavyAtomCount,104.54545454545452,104.54545454545452,50,50,1.0,50,6.784621570775711,4.0208637237230445,0.6746576034583393,1.5052840134680996,0.6666666666666666,0.0,0.96
MolecuLA raw OLS (seed-excluded),HeavyAtomCount,107.57575757575756,107.57575757575756,50,50,1.0,50,7.281840696223854,4.234005920621959,0.6514850683724713,1.4673812325483035,0.6712639334970716,0.0,0.96
MolecuLA raw OLS (seed-excluded),HeavyAtomCount,110.60606060606062,110.60606060606062,50,50,1.0,50,7.367217394630604,4.753503630944486,0.6329717822564467,1.4793178176307886,0.6753139458030404,0.0,0.98
MolecuLA raw OLS (seed-excluded),HeavyAtomCount,113.63636363636364,113.63636363636364,50,50,1.0,50,7.4268640065241645,4.753942375533409,0.6889576122064922,1.5145120584255165,0.6525925925925926,0.0,0.98
MolecuLA raw OLS (seed-excluded),HeavyAtomCount,116.66666666666669,116.66666666666669,50,50,1.0,50,7.245912285144355,4.5803910300492685,0.6627614866794915,1.4691870015860218,0.6607142857142857,0.0,0.98
MolecuLA raw OLS (seed-excluded),HeavyAtomCount,119.69696969696967,119.69696969696967,50,50,1.0,50,7.2933931243023125,4.558790170483544,0.560276103492855,1.5107048414422874,0.6623310810810811,0.0,0.98
MolecuLA raw OLS (seed-excluded),HeavyAtomCount,122.72727272727276,122.72727272727276,50,50,1.0,50,7.380305844697667,4.7897901094776785,0.613002363407176,1.4898759199494793,0.6502580228995323,0.0,0.98
MolecuLA raw OLS (seed-excluded),HeavyAtomCount,125.75757575757576,125.75757575757576,50,50,1.0,50,7.3772996101001524,4.856813233383559,0.6310379580873349,1.6325909876122657,0.660865617433414,0.0,0.98
MolecuLA raw OLS (seed-excluded),HeavyAtomCount,128.7878787878788,128.7878787878788,50,50,1.0,50,7.480084663335254,4.90024335024062,0.5566407501174393,1.6320109720732137,0.6627906976744186,0.0,0.94
MolecuLA raw OLS (seed-excluded),HeavyAtomCount,131.8181818181818,131.8181818181818,50,50,1.0,50,7.493283580984957,4.857975676513429,0.5768186661798225,1.4464396238215445,0.6641025641025641,0.0,0.98
MolecuLA raw OLS (seed-excluded),HeavyAtomCount,134.84848484848487,134.84848484848487,50,50,1.0,50,7.569975829937006,4.8868328347611705,0.6067373749686384,1.4361565083165342,0.6596483451536643,0.0,0.96
MolecuLA raw OLS (seed-excluded),HeavyAtomCount,137.87878787878788,137.87878787878788,50,50,1.0,50,7.6575249577425755,5.100786185201201,0.5705122235441038,1.4476182424487445,0.6575187969924812,0.0,0.98
MolecuLA raw OLS (seed-excluded),HeavyAtomCount,140.90909090909088,140.90909090909088,50,50,1.0,50,7.361760009327567,4.800743565583055,0.576580166360732,1.4898023944944794,0.653818048958714,0.0,0.94
MolecuLA raw OLS (seed-excluded),HeavyAtomCount,143.93939393939394,143.93939393939394,50,50,1.0,50,7.2350310072488995,4.612942222779067,0.5699035434671325,1.4857036610794219,0.6484458164786033,0.02,0.92
MolecuLA raw OLS (seed-excluded),HeavyAtomCount,146.96969696969694,146.96969696969694,50,50,1.0,50,7.58641978789426,5.04049858399369,0.5661560674824667,1.4527836324699055,0.6507122507122507,0.0,0.94
MolecuLA raw OLS (seed-excluded),HeavyAtomCount,150.0,150.0,50,50,1.0,50,7.481292165810537,4.941276017594511,0.49326418023132956,1.4426471042171283,0.6507575757575758,0.0,0.94
ChemSpacE extreme-SVM,FractionCSP3,-150.0,150.0,50,50,1.0,30,8.400678306675008,5.739395746149972,-0.004904329912100649,0.9493643975085375,0.48267622461170845,0.0,0.8
ChemSpacE extreme-SVM,FractionCSP3,-146.96969696969697,146.96969696969697,50,50,1.0,33,8.457393044965588,5.95661761988433,-0.004904329912100649,0.9172629540546935,0.47058823529411764,0.0,0.82
ChemSpacE extreme-SVM,FractionCSP3,-143.93939393939394,143.93939393939394,50,50,1.0,36,8.585052032224464,5.945831661088944,0.008632949045081167,0.9277760289858006,0.41784338896020534,0.0,0.82
ChemSpacE extreme-SVM,FractionCSP3,-140.9090909090909,140.9090909090909,50,50,1.0,30,8.554986432450894,5.868946303526537,0.006872808726081172,0.9328445979581805,0.4444444444444444,0.0,0.82
ChemSpacE extreme-SVM,FractionCSP3,-137.87878787878788,137.87878787878788,50,50,1.0,35,8.500981680798075,5.890729786271214,0.014632353127646113,0.9348465627894402,0.4444444444444444,0.0,0.82
ChemSpacE extreme-SVM,FractionCSP3,-134.84848484848484,134.84848484848484,50,50,1.0,37,8.554986432450894,5.984616160575656,0.018707531889483778,0.9495319278067649,0.4444444444444444,0.0,0.82
ChemSpacE extreme-SVM,FractionCSP3,-131.8181818181818,131.8181818181818,50,50,1.0,36,8.591476788243591,5.981437494555716,0.01735460610700975,0.9548173956883688,0.415625,0.0,0.82
ChemSpacE extreme-SVM,FractionCSP3,-128.78787878787878,128.78787878787878,50,50,1.0,36,8.591476788243591,5.900427191414361,0.02474135209781495,0.9736480517204662,0.430448717948718,0.0,0.82
ChemSpacE extreme-SVM,FractionCSP3,-125.75757575757576,125.75757575757576,50,50,1.0,34,8.559427821155133,5.923458622153131,0.027168947952376635,0.9776407523215636,0.4519519519519519,0.0,0.82
ChemSpacE extreme-SVM,FractionCSP3,-122.72727272727272,122.72727272727272,50,50,1.0,33,8.457393044965588,6.002422622290834,0.06209846428241235,0.9838652712275766,0.47058823529411764,0.0,0.84
ChemSpacE extreme-SVM,FractionCSP3,-119.69696969696967,119.69696969696967,50,50,1.0,34,8.458608404391033,5.928834083765146,0.06209846428241235,0.9705486634555603,0.4807407407407407,0.0,0.84
ChemSpacE extreme-SVM,FractionCSP3,-116.66666666666666,116.66666666666666,50,50,1.0,32,8.42718582591239,5.920783788066848,0.07014903839037014,0.971623333527648,0.4760348583877996,0.0,0.84
ChemSpacE extreme-SVM,FractionCSP3,-113.63636363636364,113.63636363636364,50,50,1.0,30,8.369840454411923,5.88712518692412,0.07275510653960066,1.0245339506411415,0.48148148148148145,0.0,0.84
ChemSpacE extreme-SVM,FractionCSP3,-110.6060606060606,110.6060606060606,50,50,1.0,30,8.302991733564737,5.834185717883269,0.07275510653960066,1.0163671917030506,0.5116550116550116,0.0,0.84
ChemSpacE extreme-SVM,FractionCSP3,-107.57575757575758,107.57575757575758,50,50,1.0,28,8.08434601019374,5.77048005649171,0.07275510653960066,1.0190894446824141,0.6220238095238095,0.0,0.84
ChemSpacE extreme-SVM,FractionCSP3,-104.54545454545456,104.54545454545456,50,50,1.0,26,8.08434601019374,5.746939468702962,0.07275510653960066,1.0163671917030506,0.6220238095238095,0.0,0.84
ChemSpacE extreme-SVM,FractionCSP3,-101.51515151515152,101.51515151515152,50,50,1.0,24,7.997198800071259,5.704048387936483,0.07275510653960066,1.013644938723687,0.65625,0.0,0.84
ChemSpacE extreme-SVM,FractionCSP3,-98.48484848484848,98.48484848484848,50,50,1.0,23,7.997198800071259,5.682398192429112,0.07275510653960066,1.0357661795437387,0.6875,0.0,0.84
ChemSpacE extreme-SVM,FractionCSP3,-95.45454545454544,95.45454545454544,50,50,1.0,20,7.997198800071259,5.660614431474788,0.07275510653960066,1.0357661795437387,0.6875,0.0,0.84
ChemSpacE extreme-SVM,FractionCSP3,-92.42424242424242,92.42424242424242,50,50,1.0,20,7.997198800071259,5.63617361564458,0.07724246416148377,1.0357661795437387,0.6875,0.0,0.84
ChemSpacE extreme-SVM,FractionCSP3,-89.39393939393939,89.39393939393939,50,50,1.0,18,7.997198800071259,5.604522833411194,0.08149745212310065,1.0270238339602389,0.6875,0.0,0.84
ChemSpacE extreme-SVM,FractionCSP3,-86.36363636363637,86.36363636363637,50,50,1.0,15,7.997198800071259,5.604522833411194,0.08149745212310065,1.0270238339602389,0.6875,0.0,0.84
ChemSpacE extreme-SVM,FractionCSP3,-83.33333333333333,83.33333333333333,50,50,1.0,14,7.997198800071259,5.604522833411194,0.08149745212310065,1.0270238339602389,0.6875,0.0,0.84
ChemSpacE extreme-SVM,FractionCSP3,-80.3030303030303,80.3030303030303,50,50,1.0,15,7.997198800071259,5.578783999596476,0.08421970510246429,1.0270238339602389,0.6875,0.0,0.84
ChemSpacE extreme-SVM,FractionCSP3,-77.27272727272728,77.27272727272728,50,50,1.0,11,7.914505069018009,5.551939962402569,0.08762306832668183,1.0270238339602389,0.6899038461538461,0.0,0.84
ChemSpacE extreme-SVM,FractionCSP3,-74.24242424242425,74.24242424242425,50,50,1.0,10,7.914505069018009,5.538304780229302,0.08762306832668183,1.0270238339602389,0.6899038461538461,0.0,0.84
ChemSpacE extreme-SVM,FractionCSP3,-71.21212121212122,71.21212121212122,50,50,1.0,11,7.914505069018009,5.519971971609874,0.08762306832668183,1.0270238339602389,0.6899038461538461,0.0,0.84
ChemSpacE extreme-SVM,FractionCSP3,-68.18181818181819,68.18181818181819,50,50,1.0,8,7.83181133796476,5.519971971609874,0.08762306832668183,1.0270238339602389,0.6923076923076923,0.0,0.84
ChemSpacE extreme-SVM,FractionCSP3,-65.15151515151516,65.15151515151516,50,50,1.0,8,7.83181133796476,5.519971971609874,0.08762306832668183,1.0270238339602389,0.6923076923076923,0.0,0.84
ChemSpacE extreme-SVM,FractionCSP3,-62.121212121212125,62.121212121212125,50,50,1.0,7,7.83181133796476,5.519971971609874,0.08762306832668183,1.0362856273382501,0.6923076923076923,0.0,0.84
ChemSpacE extreme-SVM,FractionCSP3,-59.09090909090909,59.09090909090909,50,50,1.0,7,7.83181133796476,5.507214755242936,0.08762306832668183,1.043719608231791,0.6923076923076923,0.0,0.84
ChemSpacE extreme-SVM,FractionCSP3,-56.06060606060606,56.06060606060606,50,50,1.0,8,7.83181133796476,5.507214755242936,0.08762306832668183,1.043719608231791,0.6923076923076923,0.0,0.84
ChemSpacE extreme-SVM,FractionCSP3,-53.03030303030303,53.03030303030303,50,50,1.0,10,7.83181133796476,5.464700667749977,0.08762306832668183,1.043719608231791,0.6923076923076923,0.0,0.84
ChemSpacE extreme-SVM,FractionCSP3,-50.0,50.0,50,50,1.0,9,7.83181133796476,5.484953167979482,0.08762306832668183,1.043719608231791,0.6923076923076923,0.0,0.84
ChemSpacE extreme-SVM,FractionCSP3,-46.96969696969697,46.96969696969697,50,50,1.0,9,7.83181133796476,5.474887507534422,0.08762306832668183,1.043719608231791,0.6923076923076923,0.0,0.84
ChemSpacE extreme-SVM,FractionCSP3,-43.93939393939394,43.93939393939394,50,50,1.0,9,7.83181133796476,5.474887507534422,0.08762306832668183,1.043719608231791,0.6923076923076923,0.0,0.84
ChemSpacE extreme-SVM,FractionCSP3,-40.90909090909091,40.90909090909091,50,50,1.0,10,7.83181133796476,5.474887507534422,0.08762306832668183,1.043719608231791,0.6923076923076923,0.0,0.84
ChemSpacE extreme-SVM,FractionCSP3,-37.87878787878788,37.87878787878788,50,50,1.0,11,7.83181133796476,5.474887507534422,0.08762306832668183,1.043719608231791,0.6923076923076923,0.0,0.84
ChemSpacE extreme-SVM,FractionCSP3,-34.848484848484844,34.848484848484844,50,50,1.0,15,7.83181133796476,5.474887507534422,0.08762306832668183,1.043719608231791,0.6923076923076923,0.0,0.84
ChemSpacE extreme-SVM,FractionCSP3,-31.818181818181813,31.818181818181813,50,50,1.0,20,7.83181133796476,5.50769371428758,0.08762306832668183,1.0455474207162616,0.6923076923076923,0.0,0.86
ChemSpacE extreme-SVM,FractionCSP3,-28.787878787878785,28.787878787878785,50,50,1.0,24,8.02861203416293,5.5831238155991,0.08762306832668183,1.0455474207162616,0.631578947368421,0.0,0.86
ChemSpacE extreme-SVM,FractionCSP3,-25.757575757575765,25.757575757575765,50,50,1.0,36,8.051028820299734,5.6107853375715315,0.09899279196142591,1.1754206022070042,0.4791304347826087,0.0,0.86
ChemSpacE extreme-SVM,FractionCSP3,-22.727272727272734,22.727272727272734,50,50,1.0,50,6.91434318055028,4.347678325448603,0.25146596972113416,1.3087710981410399,0.44,0.0,0.92
ChemSpacE extreme-SVM,FractionCSP3,-19.69696969696969,19.69696969696969,50,50,1.0,50,6.055397804171502,3.6263519738692747,0.475455126296343,1.47676397012538,0.4818856394587516,0.0,0.94
ChemSpacE extreme-SVM,FractionCSP3,-16.666666666666657,16.666666666666657,50,50,1.0,50,6.551396974528515,3.891958341990496,0.5602825832685476,1.3088493035971664,0.5150732127476314,0.0,0.96
ChemSpacE extreme-SVM,FractionCSP3,-13.636363636363626,13.636363636363626,50,50,1.0,50,6.115975523713955,3.5170552178812406,0.6464614379359965,1.5924562723620643,0.5347826086956522,0.0,0.98
ChemSpacE extreme-SVM,FractionCSP3,-10.606060606060597,10.606060606060597,50,50,1.0,50,5.792413417818084,3.2875821616809517,0.7382780774477715,1.5606804810450696,0.5959183673469388,0.0,0.98
ChemSpacE extreme-SVM,FractionCSP3,-7.575757575757564,7.575757575757564,50,50,1.0,50,5.20484820745896,2.7447309496276535,0.5829776598092609,1.382745678958153,0.681878306878307,0.0,0.96
ChemSpacE extreme-SVM,FractionCSP3,-4.545454545454561,4.545454545454561,50,50,1.0,50,4.2690058010274665,1.777031800423127,0.25393470192863865,1.0821847641319378,0.7914250207125103,0.04,0.86
ChemSpacE extreme-SVM,FractionCSP3,-1.5151515151515298,1.5151515151515298,50,50,1.0,50,2.4512319297902634,1.964560028800172,-0.6081236832792594,1.0343980520981573,0.9677083333333334,0.0,1.0
ChemSpacE extreme-SVM,FractionCSP3,1.5151515151515014,1.5151515151515014,50,50,1.0,50,2.4512319297902634,1.573515133090165,-0.8399808981387062,0.907171238830873,0.9708614864864865,0.3333333333333333,0.6666666666666666
ChemSpacE extreme-SVM,FractionCSP3,4.5454545454545325,4.5454545454545325,50,50,1.0,50,4.25883331890516,1.7800928380818979,0.4532513453169353,1.1742912908618826,0.7970588235294118,0.0,0.94
ChemSpacE extreme-SVM,FractionCSP3,7.575757575757564,7.575757575757564,50,50,1.0,50,4.574887802420888,2.0352504973215644,0.6676985026445716,1.4690006413621801,0.8056648308418568,0.02,0.92
ChemSpacE extreme-SVM,FractionCSP3,10.606060606060597,10.606060606060597,50,50,1.0,50,4.169256840660762,1.6721557163106762,0.7462879099331832,1.5896355448061787,0.8537433155080214,0.0,0.94
ChemSpacE extreme-SVM,FractionCSP3,13.636363636363626,13.636363636363626,50,50,1.0,50,3.7639422219665706,1.0889634585913797,0.5969921876530989,1.5034186483262353,0.8876262626262625,0.12,0.92
ChemSpacE extreme-SVM,FractionCSP3,16.666666666666657,16.666666666666657,50,50,1.0,36,4.545940517914887,1.7881772242921112,0.17749089534255053,1.1348157626037083,1.0,0.16,0.9
ChemSpacE extreme-SVM,FractionCSP3,19.69696969696969,19.69696969696969,50,50,1.0,13,4.718797012828133,2.252685547257088,0.015864731175254543,1.0825797896005596,1.0,0.0,0.86
ChemSpacE extreme-SVM,FractionCSP3,22.72727272727272,22.72727272727272,50,50,1.0,5,4.718797012828133,2.2798217386252695,0.015864731175254543,1.0393109509547935,1.0,0.0,0.84
ChemSpacE extreme-SVM,FractionCSP3,25.75757575757575,25.75757575757575,50,50,1.0,1,4.718797012828133,2.2675650830378693,0.015864731175254543,0.9701334585958927,1.0,0.0,0.84
ChemSpacE extreme-SVM,FractionCSP3,28.787878787878785,28.787878787878785,50,50,1.0,1,4.718797012828133,2.2675650830378693,0.015864731175254543,0.9701334585958927,1.0,0.0,0.84
ChemSpacE extreme-SVM,FractionCSP3,31.818181818181813,31.818181818181813,50,50,1.0,1,4.718797012828133,2.2675650830378693,0.015864731175254543,0.9701334585958927,1.0,0.0,0.84
ChemSpacE extreme-SVM,FractionCSP3,34.848484848484844,34.848484848484844,50,50,1.0,1,4.718797012828133,2.2675650830378693,0.015864731175254543,0.9701334585958927,1.0,0.0,0.84
ChemSpacE extreme-SVM,FractionCSP3,37.87878787878788,37.87878787878788,50,50,1.0,1,4.718797012828133,2.2675650830378693,0.015864731175254543,0.9701334585958927,1.0,0.0,0.84
ChemSpacE extreme-SVM,FractionCSP3,40.90909090909091,40.90909090909091,50,50,1.0,1,4.718797012828133,2.2675650830378693,0.015864731175254543,0.9701334585958927,1.0,0.0,0.84
ChemSpacE extreme-SVM,FractionCSP3,43.93939393939394,43.93939393939394,50,50,1.0,1,4.718797012828133,2.2675650830378693,0.015864731175254543,0.9701334585958927,1.0,0.0,0.84
ChemSpacE extreme-SVM,FractionCSP3,46.96969696969697,46.96969696969697,50,50,1.0,1,4.718797012828133,2.2675650830378693,0.015864731175254543,0.9701334585958927,1.0,0.0,0.84
ChemSpacE extreme-SVM,FractionCSP3,50.0,50.0,50,50,1.0,1,4.718797012828133,2.2675650830378693,0.015864731175254543,0.9701334585958927,1.0,0.0,0.84
ChemSpacE extreme-SVM,FractionCSP3,53.03030303030303,53.03030303030303,50,50,1.0,1,4.718797012828133,2.2675650830378693,0.015864731175254543,0.9701334585958927,1.0,0.0,0.84
ChemSpacE extreme-SVM,FractionCSP3,56.06060606060606,56.06060606060606,50,50,1.0,1,4.718797012828133,2.2675650830378693,0.015864731175254543,0.9701334585958927,1.0,0.0,0.84
ChemSpacE extreme-SVM,FractionCSP3,59.09090909090909,59.09090909090909,50,50,1.0,1,4.718797012828133,2.2675650830378693,0.015864731175254543,0.9701334585958927,1.0,0.0,0.84
ChemSpacE extreme-SVM,FractionCSP3,62.121212121212125,62.121212121212125,50,50,1.0,1,4.718797012828133,2.2675650830378693,0.015864731175254543,0.9701334585958927,1.0,0.0,0.84
ChemSpacE extreme-SVM,FractionCSP3,65.15151515151516,65.15151515151516,50,50,1.0,1,4.718797012828133,2.2675650830378693,0.015864731175254543,0.9701334585958927,1.0,0.0,0.84
ChemSpacE extreme-SVM,FractionCSP3,68.18181818181819,68.18181818181819,50,50,1.0,1,4.718797012828133,2.2675650830378693,0.015864731175254543,0.9701334585958927,1.0,0.0,0.84
ChemSpacE extreme-SVM,FractionCSP3,71.21212121212122,71.21212121212122,50,50,1.0,1,4.718797012828133,2.2675650830378693,0.015864731175254543,0.9701334585958927,1.0,0.0,0.84
ChemSpacE extreme-SVM,FractionCSP3,74.24242424242425,74.24242424242425,50,50,1.0,1,4.718797012828133,2.2675650830378693,0.015864731175254543,0.9701334585958927,1.0,0.0,0.84
ChemSpacE extreme-SVM,FractionCSP3,77.27272727272728,77.27272727272728,50,50,1.0,1,4.718797012828133,2.2675650830378693,0.015864731175254543,0.9701334585958927,1.0,0.0,0.84
ChemSpacE extreme-SVM,FractionCSP3,80.30303030303031,80.30303030303031,50,50,1.0,1,4.718797012828133,2.2675650830378693,0.015864731175254543,0.9701334585958927,1.0,0.0,0.84
ChemSpacE extreme-SVM,FractionCSP3,83.33333333333334,83.33333333333334,50,50,1.0,1,4.718797012828133,2.2675650830378693,0.015864731175254543,0.9701334585958927,1.0,0.0,0.84
ChemSpacE extreme-SVM,FractionCSP3,86.36363636363637,86.36363636363637,50,50,1.0,1,4.718797012828133,2.2675650830378693,0.015864731175254543,0.9701334585958927,1.0,0.0,0.84
ChemSpacE extreme-SVM,FractionCSP3,89.3939393939394,89.3939393939394,50,50,1.0,1,4.718797012828133,2.2675650830378693,0.015864731175254543,0.9701334585958927,1.0,0.0,0.84
ChemSpacE extreme-SVM,FractionCSP3,92.42424242424244,92.42424242424244,50,50,1.0,1,4.718797012828133,2.2675650830378693,0.015864731175254543,0.9701334585958927,1.0,0.0,0.84
ChemSpacE extreme-SVM,FractionCSP3,95.45454545454544,95.45454545454544,50,50,1.0,1,4.718797012828133,2.2675650830378693,0.015864731175254543,0.9701334585958927,1.0,0.0,0.84
ChemSpacE extreme-SVM,FractionCSP3,98.48484848484848,98.48484848484848,50,50,1.0,1,4.718797012828133,2.2675650830378693,0.015864731175254543,0.9701334585958927,1.0,0.0,0.84
ChemSpacE extreme-SVM,FractionCSP3,101.5151515151515,101.5151515151515,50,50,1.0,1,4.718797012828133,2.2675650830378693,0.015864731175254543,0.9701334585958927,1.0,0.0,0.84
ChemSpacE extreme-SVM,FractionCSP3,104.54545454545452,104.54545454545452,50,50,1.0,1,4.718797012828133,2.2675650830378693,0.015864731175254543,0.9701334585958927,1.0,0.0,0.84
ChemSpacE extreme-SVM,FractionCSP3,107.57575757575756,107.57575757575756,50,50,1.0,1,4.718797012828133,2.2675650830378693,0.015864731175254543,0.9701334585958927,1.0,0.0,0.84
ChemSpacE extreme-SVM,FractionCSP3,110.60606060606062,110.60606060606062,50,50,1.0,1,4.718797012828133,2.2675650830378693,0.015864731175254543,0.9701334585958927,1.0,0.0,0.84
ChemSpacE extreme-SVM,FractionCSP3,113.63636363636364,113.63636363636364,50,50,1.0,1,4.718797012828133,2.2675650830378693,0.015864731175254543,0.9701334585958927,1.0,0.0,0.84
ChemSpacE extreme-SVM,FractionCSP3,116.66666666666669,116.66666666666669,50,50,1.0,1,4.718797012828133,2.2675650830378693,0.015864731175254543,0.9701334585958927,1.0,0.0,0.84
ChemSpacE extreme-SVM,FractionCSP3,119.69696969696967,119.69696969696967,50,50,1.0,1,4.718797012828133,2.2675650830378693,0.015864731175254543,0.9701334585958927,1.0,0.0,0.84
ChemSpacE extreme-SVM,FractionCSP3,122.72727272727276,122.72727272727276,50,50,1.0,1,4.718797012828133,2.2675650830378693,0.015864731175254543,0.9701334585958927,1.0,0.0,0.84
ChemSpacE extreme-SVM,FractionCSP3,125.75757575757576,125.75757575757576,50,50,1.0,1,4.718797012828133,2.2675650830378693,0.015864731175254543,0.9701334585958927,1.0,0.0,0.84
ChemSpacE extreme-SVM,FractionCSP3,128.7878787878788,128.7878787878788,50,50,1.0,1,4.718797012828133,2.2675650830378693,0.015864731175254543,0.9701334585958927,1.0,0.0,0.84
ChemSpacE extreme-SVM,FractionCSP3,131.8181818181818,131.8181818181818,50,50,1.0,1,4.718797012828133,2.2675650830378693,0.015864731175254543,0.9701334585958927,1.0,0.0,0.84
ChemSpacE extreme-SVM,FractionCSP3,134.84848484848487,134.84848484848487,50,50,1.0,1,4.718797012828133,2.2675650830378693,0.015864731175254543,0.9701334585958927,1.0,0.0,0.84
ChemSpacE extreme-SVM,FractionCSP3,137.87878787878788,137.87878787878788,50,50,1.0,1,4.718797012828133,2.2675650830378693,0.015864731175254543,0.9701334585958927,1.0,0.0,0.84
ChemSpacE extreme-SVM,FractionCSP3,140.90909090909088,140.90909090909088,50,50,1.0,1,4.718797012828133,2.2675650830378693,0.015864731175254543,0.9701334585958927,1.0,0.0,0.84
ChemSpacE extreme-SVM,FractionCSP3,143.93939393939394,143.93939393939394,50,50,1.0,1,4.718797012828133,2.2675650830378693,0.015864731175254543,0.9701334585958927,1.0,0.0,0.84
ChemSpacE extreme-SVM,FractionCSP3,146.96969696969694,146.96969696969694,50,50,1.0,1,4.718797012828133,2.2675650830378693,0.015864731175254543,0.9701334585958927,1.0,0.0,0.84
ChemSpacE extreme-SVM,FractionCSP3,150.0,150.0,50,50,1.0,1,4.718797012828133,2.2675650830378693,0.015864731175254543,0.9701334585958927,1.0,0.0,0.84
ChemSpacE extreme-SVM,HBA,-150.0,150.0,50,50,1.0,1,4.718797012828133,2.2675650830378693,0.015864731175254543,0.9701334585958927,1.0,0.0,0.84
ChemSpacE extreme-SVM,HBA,-146.96969696969697,146.96969696969697,50,50,1.0,1,4.718797012828133,2.2675650830378693,0.015864731175254543,0.9701334585958927,1.0,0.0,0.84
ChemSpacE extreme-SVM,HBA,-143.93939393939394,143.93939393939394,50,50,1.0,1,4.718797012828133,2.2675650830378693,0.015864731175254543,0.9701334585958927,1.0,0.0,0.84
ChemSpacE extreme-SVM,HBA,-140.9090909090909,140.9090909090909,50,50,1.0,1,4.718797012828133,2.2675650830378693,0.015864731175254543,0.9701334585958927,1.0,0.0,0.84
ChemSpacE extreme-SVM,HBA,-137.87878787878788,137.87878787878788,50,50,1.0,1,4.718797012828133,2.2675650830378693,0.015864731175254543,0.9701334585958927,1.0,0.0,0.84
ChemSpacE extreme-SVM,HBA,-134.84848484848484,134.84848484848484,50,50,1.0,1,4.718797012828133,2.2675650830378693,0.015864731175254543,0.9701334585958927,1.0,0.0,0.84
ChemSpacE extreme-SVM,HBA,-131.8181818181818,131.8181818181818,50,50,1.0,1,4.718797012828133,2.2675650830378693,0.015864731175254543,0.9701334585958927,1.0,0.0,0.84
ChemSpacE extreme-SVM,HBA,-128.78787878787878,128.78787878787878,50,50,1.0,1,4.718797012828133,2.2675650830378693,0.015864731175254543,0.9701334585958927,1.0,0.0,0.84
ChemSpacE extreme-SVM,HBA,-125.75757575757576,125.75757575757576,50,50,1.0,1,4.718797012828133,2.2675650830378693,0.015864731175254543,0.9701334585958927,1.0,0.0,0.84
ChemSpacE extreme-SVM,HBA,-122.72727272727272,122.72727272727272,50,50,1.0,1,4.718797012828133,2.2675650830378693,0.015864731175254543,0.9701334585958927,1.0,0.0,0.84
ChemSpacE extreme-SVM,HBA,-119.69696969696967,119.69696969696967,50,50,1.0,1,4.718797012828133,2.2675650830378693,0.015864731175254543,0.9701334585958927,1.0,0.0,0.84
ChemSpacE extreme-SVM,HBA,-116.66666666666666,116.66666666666666,50,50,1.0,1,4.718797012828133,2.2675650830378693,0.015864731175254543,0.9701334585958927,1.0,0.0,0.84
ChemSpacE extreme-SVM,HBA,-113.63636363636364,113.63636363636364,50,50,1.0,1,4.718797012828133,2.2675650830378693,0.015864731175254543,0.9701334585958927,1.0,0.0,0.84
ChemSpacE extreme-SVM,HBA,-110.6060606060606,110.6060606060606,50,50,1.0,1,4.718797012828133,2.2675650830378693,0.015864731175254543,0.9701334585958927,1.0,0.0,0.84
ChemSpacE extreme-SVM,HBA,-107.57575757575758,107.57575757575758,50,50,1.0,1,4.718797012828133,2.2675650830378693,0.015864731175254543,0.9701334585958927,1.0,0.0,0.84
ChemSpacE extreme-SVM,HBA,-104.54545454545456,104.54545454545456,50,50,1.0,1,4.718797012828133,2.2675650830378693,0.015864731175254543,0.9701334585958927,1.0,0.0,0.84
ChemSpacE extreme-SVM,HBA,-101.51515151515152,101.51515151515152,50,50,1.0,1,4.718797012828133,2.2675650830378693,0.015864731175254543,0.9701334585958927,1.0,0.0,0.84
ChemSpacE extreme-SVM,HBA,-98.48484848484848,98.48484848484848,50,50,1.0,1,4.718797012828133,2.2675650830378693,0.015864731175254543,0.9701334585958927,1.0,0.0,0.84
ChemSpacE extreme-SVM,HBA,-95.45454545454544,95.45454545454544,50,50,1.0,1,4.718797012828133,2.2675650830378693,0.015864731175254543,0.9701334585958927,1.0,0.0,0.84
ChemSpacE extreme-SVM,HBA,-92.42424242424242,92.42424242424242,50,50,1.0,1,4.718797012828133,2.2675650830378693,0.015864731175254543,0.9701334585958927,1.0,0.0,0.84
ChemSpacE extreme-SVM,HBA,-89.39393939393939,89.39393939393939,50,50,1.0,1,4.718797012828133,2.2675650830378693,0.015864731175254543,0.9701334585958927,1.0,0.0,0.84
ChemSpacE extreme-SVM,HBA,-86.36363636363637,86.36363636363637,50,50,1.0,1,4.718797012828133,2.2675650830378693,0.015864731175254543,0.9701334585958927,1.0,0.0,0.84
ChemSpacE extreme-SVM,HBA,-83.33333333333333,83.33333333333333,50,50,1.0,1,4.718797012828133,2.2675650830378693,0.015864731175254543,0.9701334585958927,1.0,0.0,0.84
ChemSpacE extreme-SVM,HBA,-80.3030303030303,80.3030303030303,50,50,1.0,1,4.718797012828133,2.2675650830378693,0.015864731175254543,0.9701334585958927,1.0,0.0,0.84
ChemSpacE extreme-SVM,HBA,-77.27272727272728,77.27272727272728,50,50,1.0,1,4.718797012828133,2.2675650830378693,0.015864731175254543,0.9701334585958927,1.0,0.0,0.84
ChemSpacE extreme-SVM,HBA,-74.24242424242425,74.24242424242425,50,50,1.0,1,4.718797012828133,2.2675650830378693,0.015864731175254543,0.9701334585958927,1.0,0.0,0.84
ChemSpacE extreme-SVM,HBA,-71.21212121212122,71.21212121212122,50,50,1.0,1,4.718797012828133,2.2675650830378693,0.015864731175254543,0.9701334585958927,1.0,0.0,0.84
ChemSpacE extreme-SVM,HBA,-68.18181818181819,68.18181818181819,50,50,1.0,1,4.718797012828133,2.2675650830378693,0.015864731175254543,0.9701334585958927,1.0,0.0,0.84
ChemSpacE extreme-SVM,HBA,-65.15151515151516,65.15151515151516,50,50,1.0,2,4.718797012828133,2.2675650830378693,0.015864731175254543,0.9701334585958927,1.0,0.02,0.84
ChemSpacE extreme-SVM,HBA,-62.121212121212125,62.121212121212125,50,50,1.0,5,4.718797012828133,2.252685547257088,0.015864731175254543,1.0046252741028845,1.0,0.06,0.84
ChemSpacE extreme-SVM,HBA,-59.09090909090909,59.09090909090909,50,50,1.0,13,4.718797012828133,1.9673243609081172,0.015864731175254543,1.0548705911459084,1.0,0.28,0.84
ChemSpacE extreme-SVM,HBA,-56.06060606060606,56.06060606060606,50,50,1.0,22,4.718797012828133,1.7628525155143961,0.029746370953602268,1.1348157626037083,1.0,0.4,0.86
ChemSpacE extreme-SVM,HBA,-53.03030303030303,53.03030303030303,50,50,1.0,31,1.8290983894175366,-0.5718098748130505,0.04654076616543287,1.1499321574027717,1.0,0.62,0.88
ChemSpacE extreme-SVM,HBA,-50.0,50.0,50,50,1.0,36,1.69696790263448,-0.7289334011951087,0.056817874441609295,1.2141394466608906,1.0,0.74,0.88
ChemSpacE extreme-SVM,HBA,-46.96969696969697,46.96969696969697,50,50,1.0,35,1.533307141256265,-0.8943799255863638,0.08725602146389999,1.2600764574147445,1.0,0.76,0.9
ChemSpacE extreme-SVM,HBA,-43.93939393939394,43.93939393939394,50,50,1.0,34,1.5752730493203115,-0.8555807549874412,0.08284307325193263,1.226283423514598,1.0,0.72,0.88
ChemSpacE extreme-SVM,HBA,-40.90909090909091,40.90909090909091,50,50,1.0,35,1.765421818227515,-0.5982200426516591,0.21652818466364998,1.2664243157342254,1.0,0.68,0.92
ChemSpacE extreme-SVM,HBA,-37.87878787878788,37.87878787878788,50,50,1.0,29,1.8461867722702632,-0.6887934281709414,0.2572641699714933,1.2512941603030656,0.873015873015873,0.64,0.9
ChemSpacE extreme-SVM,HBA,-34.848484848484844,34.848484848484844,50,50,1.0,23,2.7197692003141345,-0.2797288252408334,0.22945898591153333,1.239509459024144,0.8528138528138528,0.54,0.9
ChemSpacE extreme-SVM,HBA,-31.818181818181813,31.818181818181813,50,50,1.0,27,2.7475679189493913,0.2664491135885192,0.2702114798440666,1.2943079319202464,0.8333333333333334,0.44,0.88
ChemSpacE extreme-SVM,HBA,-28.787878787878785,28.787878787878785,50,50,1.0,29,2.880495837909665,0.41009818501767503,0.718557256966425,1.6699279177352881,0.873015873015873,0.34,0.9
ChemSpacE extreme-SVM,HBA,-25.757575757575765,25.757575757575765,50,50,1.0,33,3.119323046467981,0.7716859228516695,0.8373668705134168,1.7792621021697075,0.9090909090909091,0.28,0.9
ChemSpacE extreme-SVM,HBA,-22.727272727272734,22.727272727272734,50,49,0.98,39,3.2492106310584923,0.7226906313440224,1.4875680043928858,2.089926629971258,0.9166666666666666,0.20408163265306123,0.9387755102040817
ChemSpacE extreme-SVM,HBA,-19.69696969696969,19.69696969696969,50,48,0.96,38,3.4358425198238876,0.8369825186239499,1.8713775813850335,2.4945994867234704,0.9298029556650247,0.1875,0.9791666666666666
ChemSpacE extreme-SVM,HBA,-16.666666666666657,16.666666666666657,50,47,0.94,42,3.4887012348073814,1.05043318993053,1.7514022968137002,2.5403772391493127,0.9230769230769231,0.14893617021276595,0.9574468085106383
ChemSpacE extreme-SVM,HBA,-13.636363636363626,13.636363636363626,50,47,0.94,44,3.8764486877386544,1.3012958543680693,1.7337190104879003,2.613387633314746,0.9166666666666666,0.2127659574468085,0.9787234042553191
ChemSpacE extreme-SVM,HBA,-10.606060606060597,10.606060606060597,50,50,1.0,48,3.8936106310584915,1.3826847618595473,1.328483030078405,2.0311124010172503,0.8628526645768024,0.12,0.94
ChemSpacE extreme-SVM,HBA,-7.575757575757564,7.575757575757564,50,50,1.0,50,3.8907328948507387,1.46627938454625,1.0619668468021874,2.108965742461778,0.8168896321070234,0.08,0.88
ChemSpacE extreme-SVM,HBA,-4.545454545454561,4.545454545454561,50,50,1.0,50,3.4947928989261268,1.0500930947461367,0.25756227216182864,1.1101839484159195,0.8641025641025641,0.16326530612244897,0.8571428571428571
ChemSpacE extreme-SVM,HBA,-1.5151515151515298,1.5151515151515298,50,50,1.0,50,2.4512319297902634,1.147870721437961,-0.8874228621879163,0.5970512864961202,0.9696691176470589,0.0,1.0
ChemSpacE extreme-SVM,HBA,1.5151515151515014,1.5151515151515014,50,50,1.0,50,2.4661114655710445,1.3958471921675693,-0.8399808981387062,0.5737263993324486,0.9696691176470589,0.0,1.0
ChemSpacE extreme-SVM,HBA,4.5454545454545325,4.5454545454545325,50,50,1.0,50,4.854916905446531,2.4559279341458464,0.1567338471791113,0.9415435945627089,0.7387959866220736,0.020833333333333332,0.9375
ChemSpacE extreme-SVM,HBA,7.575757575757564,7.575757575757564,50,50,1.0,50,5.618109677452707,3.1012883795501067,0.2123551428913856,1.1247702204319228,0.6609579100145138,0.0,0.92
ChemSpacE extreme-SVM,HBA,10.606060606060597,10.606060606060597,50,50,1.0,50,6.4593632009309925,4.014696479546168,0.2983463150558108,1.1277398249842099,0.5833333333333334,0.0,0.94
ChemSpacE extreme-SVM,HBA,13.636363636363626,13.636363636363626,50,50,1.0,50,6.623954637759294,4.205830647815574,0.19536101706143877,1.0475702781949552,0.5103367433930094,0.0,0.88
ChemSpacE extreme-SVM,HBA,16.666666666666657,16.666666666666657,50,50,1.0,50,6.58306880353765,4.105442176168914,0.08553717085771662,1.1267079707998349,0.45753588516746413,0.0,0.84
ChemSpacE extreme-SVM,HBA,19.69696969696969,19.69696969696969,50,50,1.0,50,6.941804293089325,4.365164267854004,0.03294142954991677,1.0364477302651194,0.36967654986522913,0.0,0.86
ChemSpacE extreme-SVM,HBA,22.72727272727272,22.72727272727272,50,50,1.0,50,6.632746877242693,4.027009165258318,0.006095641150856573,0.9476179138192212,0.34272727272727277,0.0,0.86
ChemSpacE extreme-SVM,HBA,25.75757575757575,25.75757575757575,50,50,1.0,50,6.884525736865861,4.416270469148943,0.006302238272045084,0.9631749740499234,0.28517759562841527,0.0,0.84
ChemSpacE extreme-SVM,HBA,28.787878787878785,28.787878787878785,50,50,1.0,50,7.335207852151184,4.877971878446869,0.012139886908140874,0.944586946260678,0.22821969696969696,0.0,0.86
ChemSpacE extreme-SVM,HBA,31.818181818181813,31.818181818181813,50,50,1.0,50,8.886426642075996,6.117269332439548,0.010007518993172081,0.9518052026643264,0.1984848484848485,0.0,0.84
ChemSpacE extreme-SVM,HBA,34.848484848484844,34.848484848484844,50,50,1.0,50,8.860986085639382,6.390508498347134,0.010376072941444808,0.950890477660109,0.19482758620689655,0.0,0.84
ChemSpacE extreme-SVM,HBA,37.87878787878788,37.87878787878788,50,50,1.0,50,8.812878437599768,6.347500990460504,0.00329900720495195,0.9526225474699337,0.21689895470383275,0.0,0.84
ChemSpacE extreme-SVM,HBA,40.90909090909091,40.90909090909091,50,50,1.0,49,8.711111176657761,6.246011629604708,0.001088886082405848,0.9526225474699337,0.2413793103448276,0.0,0.84
ChemSpacE extreme-SVM,HBA,43.93939393939394,43.93939393939394,50,50,1.0,49,8.621264100727362,6.109677056722093,-0.004368432930068182,0.9526225474699337,0.263768115942029,0.0,0.84
ChemSpacE extreme-SVM,HBA,46.96969696969697,46.96969696969697,50,50,1.0,48,8.56184327204516,6.085989012572791,-0.004381245983814935,0.9481554116269986,0.27586206896551724,0.0,0.84
ChemSpacE extreme-SVM,HBA,50.0,50.0,50,50,1.0,44,8.503003811620854,6.01739158043585,-0.004381245983814935,0.9498874814368232,0.3,0.0,0.82
ChemSpacE extreme-SVM,HBA,53.03030303030303,53.03030303030303,50,50,1.0,40,8.461889667066504,5.933889040709006,-0.004381245983814935,0.9496259394726805,0.3,0.0,0.82
ChemSpacE extreme-SVM,HBA,56.06060606060606,56.06060606060606,50,50,1.0,37,8.442682961198264,5.910078380146559,-0.004381245983814935,0.9496259394726805,0.3,0.0,0.82
ChemSpacE extreme-SVM,HBA,59.09090909090909,59.09090909090909,50,50,1.0,33,8.41783786635554,5.874390109046325,-0.004381245983814935,0.9496259394726805,0.3157894736842105,0.0,0.82
ChemSpacE extreme-SVM,HBA,62.121212121212125,62.121212121212125,50,50,1.0,31,8.388454887112315,5.8534640434491045,-0.004381245983814935,0.9496259394726805,0.3157894736842105,0.0,0.82
ChemSpacE extreme-SVM,HBA,65.15151515151516,65.15151515151516,50,50,1.0,25,8.296517125196493,5.830405659625448,-0.004381245983814935,0.9496259394726805,0.375,0.0,0.82
ChemSpacE extreme-SVM,HBA,68.18181818181819,68.18181818181819,50,50,1.0,23,8.296517125196493,5.774328008224831,-0.004381245983814935,0.9496259394726805,0.375,0.0,0.82
ChemSpacE extreme-SVM,HBA,71.21212121212122,71.21212121212122,50,50,1.0,22,8.296517125196493,5.722754498213028,-0.004381245983814935,0.9496259394726805,0.375,0.0,0.82
ChemSpacE extreme-SVM,HBA,74.24242424242425,74.24242424242425,50,50,1.0,20,8.296517125196493,5.722692784708467,-0.004381245983814935,0.9496259394726805,0.375,0.0,0.82
ChemSpacE extreme-SVM,HBA,77.27272727272728,77.27272727272728,50,50,1.0,20,8.296517125196493,5.6433783672159645,-0.004381245983814935,0.9493643975085375,0.375,0.0,0.82
ChemSpacE extreme-SVM,HBA,80.30303030303031,80.30303030303031,50,50,1.0,17,8.262040181436115,5.538482211218081,-0.004381245983814935,0.9493643975085375,0.4,0.0,0.82
ChemSpacE extreme-SVM,HBA,83.33333333333334,83.33333333333334,50,50,1.0,14,7.8420633820817,5.500712547731489,-0.004904329912100649,0.9493643975085375,0.625,0.0,0.8
ChemSpacE extreme-SVM,HBA,86.36363636363637,86.36363636363637,50,50,1.0,13,7.8420633820817,5.439798549227913,-0.004904329912100649,0.9493643975085375,0.625,0.0,0.8
ChemSpacE extreme-SVM,HBA,89.3939393939394,89.3939393939394,50,50,1.0,12,7.8420633820817,5.439798549227913,-0.004904329912100649,0.9493643975085375,0.625,0.0,0.82
ChemSpacE extreme-SVM,HBA,92.42424242424244,92.42424242424244,50,50,1.0,11,7.8420633820817,5.403088107878837,-0.004904329912100649,0.9493643975085375,0.625,0.0,0.8
ChemSpacE extreme-SVM,HBA,95.45454545454544,95.45454545454544,50,50,1.0,11,7.8420633820817,5.403088107878837,-0.004904329912100649,0.9493643975085375,0.625,0.0,0.82
ChemSpacE extreme-SVM,HBA,98.48484848484848,98.48484848484848,50,50,1.0,10,7.8420633820817,5.403088107878837,-0.004904329912100649,0.9493643975085375,0.625,0.0,0.82
ChemSpacE extreme-SVM,HBA,101.5151515151515,101.5151515151515,50,50,1.0,10,7.8420633820817,5.403088107878837,-0.004904329912100649,0.9493643975085375,0.625,0.0,0.82
ChemSpacE extreme-SVM,HBA,104.54545454545452,104.54545454545452,50,50,1.0,10,7.8420633820817,5.403088107878837,-0.004904329912100649,0.9493643975085375,0.625,0.0,0.8
ChemSpacE extreme-SVM,HBA,107.57575757575756,107.57575757575756,50,50,1.0,9,7.8420633820817,5.403088107878837,-0.004904329912100649,0.9493643975085375,0.625,0.0,0.8
ChemSpacE extreme-SVM,HBA,110.60606060606062,110.60606060606062,50,50,1.0,9,7.8420633820817,5.403088107878837,-0.004904329912100649,0.9493643975085375,0.625,0.0,0.8
ChemSpacE extreme-SVM,HBA,113.63636363636364,113.63636363636364,50,50,1.0,9,7.8420633820817,5.403088107878837,-0.004904329912100649,0.9493643975085375,0.625,0.0,0.8
ChemSpacE extreme-SVM,HBA,116.66666666666669,116.66666666666669,50,50,1.0,9,7.8420633820817,5.403088107878837,-0.004904329912100649,0.9493643975085375,0.625,0.0,0.8
ChemSpacE extreme-SVM,HBA,119.69696969696967,119.69696969696967,50,50,1.0,7,7.8420633820817,5.403088107878837,-0.004904329912100649,0.9493643975085375,0.625,0.0,0.8
ChemSpacE extreme-SVM,HBA,122.72727272727276,122.72727272727276,50,50,1.0,8,7.8420633820817,5.403088107878837,-0.004904329912100649,0.9493643975085375,0.625,0.0,0.8
ChemSpacE extreme-SVM,HBA,125.75757575757576,125.75757575757576,50,50,1.0,6,7.8420633820817,5.403088107878837,-0.004904329912100649,0.9493643975085375,0.625,0.0,0.8
ChemSpacE extreme-SVM,HBA,128.7878787878788,128.7878787878788,50,50,1.0,5,7.8420633820817,5.403088107878837,-0.004904329912100649,0.9493643975085375,0.625,0.0,0.8
ChemSpacE extreme-SVM,HBA,131.8181818181818,131.8181818181818,50,50,1.0,5,7.8420633820817,5.394842003749547,-0.004904329912100649,0.9493643975085375,0.625,0.0,0.8
ChemSpacE extreme-SVM,HBA,134.84848484848487,134.84848484848487,50,50,1.0,5,7.8420633820817,5.394842003749547,-0.004904329912100649,0.9493643975085375,0.625,0.0,0.8
ChemSpacE extreme-SVM,HBA,137.87878787878788,137.87878787878788,50,50,1.0,5,7.8420633820817,5.394842003749547,-0.004904329912100649,0.9493643975085375,0.625,0.0,0.8
ChemSpacE extreme-SVM,HBA,140.90909090909088,140.90909090909088,50,50,1.0,4,7.8420633820817,5.390831452291437,-0.004904329912100649,0.9493643975085375,0.625,0.0,0.8
ChemSpacE extreme-SVM,HBA,143.93939393939394,143.93939393939394,50,50,1.0,4,7.8420633820817,5.390831452291437,-0.004904329912100649,0.9493643975085375,0.625,0.0,0.8
ChemSpacE extreme-SVM,HBA,146.96969696969694,146.96969696969694,50,50,1.0,4,7.8420633820817,5.390831452291437,-0.004904329912100649,0.9493643975085375,0.625,0.0,0.8
ChemSpacE extreme-SVM,HBA,150.0,150.0,50,50,1.0,4,7.8420633820817,5.390831452291437,-0.004904329912100649,0.9493643975085375,0.625,0.0,0.8
ChemSpacE extreme-SVM,TPSA,-150.0,150.0,50,50,1.0,1,4.718797012828133,2.2675650830378693,0.015864731175254543,0.9701334585958927,1.0,0.0,0.84
ChemSpacE extreme-SVM,TPSA,-146.96969696969697,146.96969696969697,50,50,1.0,1,4.718797012828133,2.2675650830378693,0.015864731175254543,0.9701334585958927,1.0,0.0,0.84
ChemSpacE extreme-SVM,TPSA,-143.93939393939394,143.93939393939394,50,50,1.0,1,4.718797012828133,2.2675650830378693,0.015864731175254543,0.9701334585958927,1.0,0.0,0.84
ChemSpacE extreme-SVM,TPSA,-140.9090909090909,140.9090909090909,50,50,1.0,1,4.718797012828133,2.2675650830378693,0.015864731175254543,0.9701334585958927,1.0,0.0,0.84
ChemSpacE extreme-SVM,TPSA,-137.87878787878788,137.87878787878788,50,50,1.0,1,4.718797012828133,2.2675650830378693,0.015864731175254543,0.9701334585958927,1.0,0.0,0.84
ChemSpacE extreme-SVM,TPSA,-134.84848484848484,134.84848484848484,50,50,1.0,1,4.718797012828133,2.2675650830378693,0.015864731175254543,0.9701334585958927,1.0,0.0,0.84
ChemSpacE extreme-SVM,TPSA,-131.8181818181818,131.8181818181818,50,50,1.0,1,4.718797012828133,2.2675650830378693,0.015864731175254543,0.9701334585958927,1.0,0.0,0.84
ChemSpacE extreme-SVM,TPSA,-128.78787878787878,128.78787878787878,50,50,1.0,1,4.718797012828133,2.2675650830378693,0.015864731175254543,0.9701334585958927,1.0,0.0,0.84
ChemSpacE extreme-SVM,TPSA,-125.75757575757576,125.75757575757576,50,50,1.0,1,4.718797012828133,2.2675650830378693,0.015864731175254543,0.9701334585958927,1.0,0.0,0.84
ChemSpacE extreme-SVM,TPSA,-122.72727272727272,122.72727272727272,50,50,1.0,1,4.718797012828133,2.2675650830378693,0.015864731175254543,0.9701334585958927,1.0,0.0,0.84
ChemSpacE extreme-SVM,TPSA,-119.69696969696967,119.69696969696967,50,50,1.0,1,4.718797012828133,2.2675650830378693,0.015864731175254543,0.9701334585958927,1.0,0.0,0.84
ChemSpacE extreme-SVM,TPSA,-116.66666666666666,116.66666666666666,50,50,1.0,1,4.718797012828133,2.2675650830378693,0.015864731175254543,0.9701334585958927,1.0,0.0,0.84
ChemSpacE extreme-SVM,TPSA,-113.63636363636364,113.63636363636364,50,50,1.0,1,4.718797012828133,2.2675650830378693,0.015864731175254543,0.9701334585958927,1.0,0.0,0.84
ChemSpacE extreme-SVM,TPSA,-110.6060606060606,110.6060606060606,50,50,1.0,1,4.718797012828133,2.2675650830378693,0.015864731175254543,0.9701334585958927,1.0,0.0,0.84
ChemSpacE extreme-SVM,TPSA,-107.57575757575758,107.57575757575758,50,50,1.0,1,4.718797012828133,2.2675650830378693,0.015864731175254543,0.9701334585958927,1.0,0.0,0.84
ChemSpacE extreme-SVM,TPSA,-104.54545454545456,104.54545454545456,50,50,1.0,1,4.718797012828133,2.2675650830378693,0.015864731175254543,0.9701334585958927,1.0,0.0,0.84
ChemSpacE extreme-SVM,TPSA,-101.51515151515152,101.51515151515152,50,50,1.0,1,4.718797012828133,2.2675650830378693,0.015864731175254543,0.9701334585958927,1.0,0.0,0.84
ChemSpacE extreme-SVM,TPSA,-98.48484848484848,98.48484848484848,50,50,1.0,1,4.718797012828133,2.2675650830378693,0.015864731175254543,0.9701334585958927,1.0,0.0,0.84
ChemSpacE extreme-SVM,TPSA,-95.45454545454544,95.45454545454544,50,50,1.0,1,4.718797012828133,2.2675650830378693,0.015864731175254543,0.9701334585958927,1.0,0.0,0.84
ChemSpacE extreme-SVM,TPSA,-92.42424242424242,92.42424242424242,50,50,1.0,1,4.718797012828133,2.2675650830378693,0.015864731175254543,0.9701334585958927,1.0,0.0,0.84
ChemSpacE extreme-SVM,TPSA,-89.39393939393939,89.39393939393939,50,50,1.0,1,4.718797012828133,2.2675650830378693,0.015864731175254543,0.9701334585958927,1.0,0.0,0.84
ChemSpacE extreme-SVM,TPSA,-86.36363636363637,86.36363636363637,50,50,1.0,1,4.718797012828133,2.2675650830378693,0.015864731175254543,0.9701334585958927,1.0,0.0,0.84
ChemSpacE extreme-SVM,TPSA,-83.33333333333333,83.33333333333333,50,50,1.0,1,4.718797012828133,2.2675650830378693,0.015864731175254543,0.9701334585958927,1.0,0.0,0.84
ChemSpacE extreme-SVM,TPSA,-80.3030303030303,80.3030303030303,50,50,1.0,1,4.718797012828133,2.2675650830378693,0.015864731175254543,0.9701334585958927,1.0,0.0,0.84
ChemSpacE extreme-SVM,TPSA,-77.27272727272728,77.27272727272728,50,50,1.0,1,4.718797012828133,2.2675650830378693,0.015864731175254543,0.9701334585958927,1.0,0.0,0.84
ChemSpacE extreme-SVM,TPSA,-74.24242424242425,74.24242424242425,50,50,1.0,1,4.718797012828133,2.2675650830378693,0.015864731175254543,0.9701334585958927,1.0,0.0,0.84
ChemSpacE extreme-SVM,TPSA,-71.21212121212122,71.21212121212122,50,50,1.0,1,4.718797012828133,2.2675650830378693,0.015864731175254543,0.9701334585958927,1.0,0.0,0.84
ChemSpacE extreme-SVM,TPSA,-68.18181818181819,68.18181818181819,50,50,1.0,1,4.718797012828133,2.2675650830378693,0.015864731175254543,0.9701334585958927,1.0,0.0,0.84
ChemSpacE extreme-SVM,TPSA,-65.15151515151516,65.15151515151516,50,50,1.0,1,4.718797012828133,2.2675650830378693,0.015864731175254543,0.9701334585958927,1.0,0.0,0.84
ChemSpacE extreme-SVM,TPSA,-62.121212121212125,62.121212121212125,50,50,1.0,1,4.718797012828133,2.2675650830378693,0.015864731175254543,0.9701334585958927,1.0,0.0,0.84
ChemSpacE extreme-SVM,TPSA,-59.09090909090909,59.09090909090909,50,50,1.0,1,4.718797012828133,2.2675650830378693,0.015864731175254543,0.9701334585958927,1.0,0.0,0.84
ChemSpacE extreme-SVM,TPSA,-56.06060606060606,56.06060606060606,50,50,1.0,1,4.718797012828133,2.2675650830378693,0.015864731175254543,0.9701334585958927,1.0,0.0,0.84
ChemSpacE extreme-SVM,TPSA,-53.03030303030303,53.03030303030303,50,50,1.0,1,4.718797012828133,2.2675650830378693,0.015864731175254543,0.9701334585958927,1.0,0.0,0.84
ChemSpacE extreme-SVM,TPSA,-50.0,50.0,50,50,1.0,1,4.718797012828133,2.2675650830378693,0.015864731175254543,0.9701334585958927,1.0,0.0,0.84
ChemSpacE extreme-SVM,TPSA,-46.96969696969697,46.96969696969697,50,50,1.0,1,4.718797012828133,2.2675650830378693,0.015864731175254543,0.9701334585958927,1.0,0.0,0.84
ChemSpacE extreme-SVM,TPSA,-43.93939393939394,43.93939393939394,50,50,1.0,1,4.718797012828133,2.2675650830378693,0.015864731175254543,0.9701334585958927,1.0,0.0,0.84
ChemSpacE extreme-SVM,TPSA,-40.90909090909091,40.90909090909091,50,50,1.0,6,4.718797012828133,2.1948236669908505,0.015864731175254543,0.9852498533949561,1.0,0.1,0.84
ChemSpacE extreme-SVM,TPSA,-37.87878787878788,37.87878787878788,50,50,1.0,5,4.718797012828133,2.150752483079758,0.015864731175254543,0.9516611808999156,1.0,0.14,0.82
ChemSpacE extreme-SVM,TPSA,-34.848484848484844,34.848484848484844,50,50,1.0,9,4.718797012828133,1.9934106838224546,0.015864731175254543,0.931867530536316,1.0,0.22,0.82
ChemSpacE extreme-SVM,TPSA,-31.818181818181813,31.818181818181813,50,50,1.0,13,4.718797012828133,1.660176510190548,0.015864731175254543,1.0162141893275758,1.0,0.36,0.82
ChemSpacE extreme-SVM,TPSA,-28.787878787878785,28.787878787878785,50,50,1.0,13,1.7549570386349824,-0.40104195150602084,0.015864731175254543,1.007292608530038,0.8166666666666667,0.6,0.82
ChemSpacE extreme-SVM,TPSA,-25.757575757575765,25.757575757575765,50,50,1.0,16,1.7549570386349824,-0.6675489930801097,-0.05233133598465001,0.9760410967620881,0.75,0.84,0.82
ChemSpacE extreme-SVM,TPSA,-22.727272727272734,22.727272727272734,50,50,1.0,14,1.7549570386349824,-0.6121536315798011,-0.08358284775260001,1.0070279600480152,0.75,0.8,0.84
ChemSpacE extreme-SVM,TPSA,-19.69696969696969,19.69696969696969,50,50,1.0,20,1.7549570386349824,-0.41299548625499316,0.0251286675201,1.2562522903105342,0.8,0.7,0.88
ChemSpacE extreme-SVM,TPSA,-16.666666666666657,16.666666666666657,50,50,1.0,28,3.1093692003141347,0.41438437233862047,1.58319964877624,2.255644645319525,0.9090909090909091,0.32,0.94
ChemSpacE extreme-SVM,TPSA,-13.636363636363626,13.636363636363626,50,50,1.0,38,3.175746894440007,0.7224112991980176,1.5843921516108825,2.354831629395241,0.925,0.24,0.96
ChemSpacE extreme-SVM,TPSA,-10.606060606060597,10.606060606060597,50,50,1.0,48,3.5680193175848767,1.0413984483726981,1.4425160047502048,2.217157040790399,0.8918128654970761,0.28,0.94
ChemSpacE extreme-SVM,TPSA,-7.575757575757564,7.575757575757564,50,50,1.0,50,3.745425447066719,1.3509481618712078,1.1179517813519007,1.849568794445897,0.8355855855855856,0.16,0.94
ChemSpacE extreme-SVM,TPSA,-4.545454545454561,4.545454545454561,50,50,1.0,50,3.3667611051276465,0.9229689251741346,0.20789107003110247,0.9400248437090363,0.8570833333333333,0.20408163265306123,0.8367346938775511
ChemSpacE extreme-SVM,TPSA,-1.5151515151515298,1.5151515151515298,50,50,1.0,50,2.4512319297902634,1.156668117974613,-0.9046971310677188,0.7585964079674519,0.9677083333333334,0.0,1.0
ChemSpacE extreme-SVM,TPSA,1.5151515151515014,1.5151515151515014,50,50,1.0,50,2.4661114655710445,1.0855517020852252,-0.751357150201465,0.24844189879963996,0.9708614864864865,0.0,0.7142857142857143
ChemSpacE extreme-SVM,TPSA,4.5454545454545325,4.5454545454545325,50,50,1.0,50,4.109102401284337,1.666215857953996,-0.04533558841672633,0.7996556468086956,0.8139225181598063,0.0425531914893617,0.8936170212765957
ChemSpacE extreme-SVM,TPSA,7.575757575757564,7.575757575757564,50,50,1.0,50,5.078132302952982,2.6453501875981367,0.39316894439436545,1.2104895493821157,0.7006733021077283,0.02,0.94
ChemSpacE extreme-SVM,TPSA,10.606060606060597,10.606060606060597,50,50,1.0,49,5.678683859692521,2.931829469148388,0.3085708241689788,1.2926217412193488,0.6469178082191781,0.0,0.94
ChemSpacE extreme-SVM,TPSA,13.636363636363626,13.636363636363626,50,50,1.0,49,5.832359359969688,3.0705902001631173,0.2881158698114562,1.2018494073521824,0.610105970535022,0.0,0.94
ChemSpacE extreme-SVM,TPSA,16.666666666666657,16.666666666666657,50,50,1.0,48,5.759658537214955,3.5125755989351632,0.22569317173582765,1.2445063065374677,0.5599385245901639,0.0,0.9
ChemSpacE extreme-SVM,TPSA,19.69696969696969,19.69696969696969,50,50,1.0,50,6.133323314286665,3.532317013368488,0.22332144770150475,1.1744054745120893,0.49691358024691357,0.0,0.92
ChemSpacE extreme-SVM,TPSA,22.72727272727272,22.72727272727272,50,50,1.0,50,6.23733943014947,3.7641873365097864,0.12271988301473166,1.029327815831068,0.41561264822134386,0.0,0.9
ChemSpacE extreme-SVM,TPSA,25.75757575757575,25.75757575757575,50,50,1.0,49,6.493379999917077,4.014084366347517,0.017884388055973227,1.0350469496734127,0.3596875,0.0,0.82
ChemSpacE extreme-SVM,TPSA,28.787878787878785,28.787878787878785,50,50,1.0,50,6.6605577735614006,4.199198474819687,-0.0059501693051871515,0.8882899574474885,0.29289318755256516,0.0,0.84
ChemSpacE extreme-SVM,TPSA,31.818181818181813,31.818181818181813,50,50,1.0,49,6.837610466916262,4.416974779329022,-0.0221058875444568,0.8655171388625836,0.298936170212766,0.0,0.82
ChemSpacE extreme-SVM,TPSA,34.848484848484844,34.848484848484844,50,50,1.0,50,8.454832370654309,5.678678685737178,-0.004409881578480392,0.9797304519249201,0.2576036866359447,0.0,0.82
ChemSpacE extreme-SVM,TPSA,37.87878787878788,37.87878787878788,50,50,1.0,49,8.629487920443559,6.081341305227282,0.00010100859604556203,0.9470818051027762,0.25806451612903225,0.0,0.84
ChemSpacE extreme-SVM,TPSA,40.90909090909091,40.90909090909091,50,50,1.0,50,8.63807985313213,6.138990383384369,0.00010180036435462959,0.9498874814368232,0.25806451612903225,0.0,0.84
ChemSpacE extreme-SVM,TPSA,43.93939393939394,43.93939393939394,50,50,1.0,50,8.636506419318817,6.122335593603829,0.00024386463919281047,0.9496259394726805,0.2608695652173913,0.0,0.84
ChemSpacE extreme-SVM,TPSA,46.96969696969697,46.96969696969697,50,50,1.0,49,8.62627184251404,6.064388747870278,0.00024386463919281047,0.9496259394726805,0.26666666666666666,0.0,0.84
ChemSpacE extreme-SVM,TPSA,50.0,50.0,50,50,1.0,49,8.592302734883615,6.044201746589592,0.0009303610827305197,0.9496259394726805,0.26666666666666666,0.0,0.84
ChemSpacE extreme-SVM,TPSA,53.03030303030303,53.03030303030303,50,50,1.0,49,8.593600326873112,6.029377261920213,0.00024228110257467535,0.9496259394726805,0.27793103448275863,0.0,0.84
ChemSpacE extreme-SVM,TPSA,56.06060606060606,56.06060606060606,50,50,1.0,49,8.586714126505196,6.011917008737714,0.00024228110257467535,0.9496259394726805,0.28,0.0,0.84
ChemSpacE extreme-SVM,TPSA,59.09090909090909,59.09090909090909,50,50,1.0,47,8.582823651139368,6.005076923930018,0.00024228110257467535,0.9496259394726805,0.27636363636363637,0.0,0.84
ChemSpacE extreme-SVM,TPSA,62.121212121212125,62.121212121212125,50,50,1.0,46,8.567071115320562,5.934638092814633,-0.004381245983814935,0.9496259394726805,0.28,0.0,0.84
ChemSpacE extreme-SVM,TPSA,65.15151515151516,65.15151515151516,50,50,1.0,43,8.569401110978994,5.893828154711895,-0.0011792795600811686,0.9496259394726805,0.28,0.0,0.84
ChemSpacE extreme-SVM,TPSA,68.18181818181819,68.18181818181819,50,50,1.0,41,8.55875203104041,5.92782490589532,0.001618441062886364,0.9496259394726805,0.2727272727272727,0.0,0.84
ChemSpacE extreme-SVM,TPSA,71.21212121212122,71.21212121212122,50,50,1.0,40,8.567957997708582,5.883215984912161,0.00024228110257467535,0.9496259394726805,0.2727272727272727,0.0,0.84
ChemSpacE extreme-SVM,TPSA,74.24242424242425,74.24242424242425,50,50,1.0,40,8.553807664687483,5.839060199963202,0.00024228110257467535,0.9496259394726805,0.28,0.0,0.84
ChemSpacE extreme-SVM,TPSA,77.27272727272728,77.27272727272728,50,50,1.0,40,8.52931538638029,5.844135161956975,0.00024228110257467535,0.9496259394726805,0.27636363636363637,0.0,0.84
ChemSpacE extreme-SVM,TPSA,80.30303030303031,80.30303030303031,50,50,1.0,38,8.513814185693235,5.845165169908534,-0.00206948244062013,0.9496259394726805,0.2727272727272727,0.0,0.84
ChemSpacE extreme-SVM,TPSA,83.33333333333334,83.33333333333334,50,50,1.0,38,8.498069983400153,5.845771031884446,0.0009303610827305197,0.9496259394726805,0.27636363636363637,0.0,0.84
ChemSpacE extreme-SVM,TPSA,86.36363636363637,86.36363636363637,50,50,1.0,38,8.499981533921233,5.856703282691608,0.00443904048460065,0.9496259394726805,0.2727272727272727,0.0,0.84
ChemSpacE extreme-SVM,TPSA,89.3939393939394,89.3939393939394,50,50,1.0,37,8.490458196037245,5.880807547100115,0.01257124697286039,0.9496259394726805,0.2792207792207792,0.0,0.84
ChemSpacE extreme-SVM,TPSA,92.42424242424244,92.42424242424244,50,50,1.0,38,8.4873240064416,5.809715140339117,0.01257124697286039,0.9496259394726805,0.28285714285714286,0.0,0.84
ChemSpacE extreme-SVM,TPSA,95.45454545454544,95.45454545454544,50,50,1.0,38,8.491708934308633,5.855073606733791,0.013259326953016235,0.9496259394726805,0.2857142857142857,0.0,0.84
ChemSpacE extreme-SVM,TPSA,98.48484848484848,98.48484848484848,50,50,1.0,39,8.479827626810733,5.778352914569169,0.013259326953016235,0.9496259394726805,0.2928571428571428,0.0,0.84
ChemSpacE extreme-SVM,TPSA,101.5151515151515,101.5151515151515,50,50,1.0,38,8.481440948136868,5.796087389319512,0.013259326953016235,0.9496259394726805,0.27636363636363637,0.0,0.84
ChemSpacE extreme-SVM,TPSA,104.54545454545452,104.54545454545452,50,50,1.0,37,8.462101309184696,5.775124869469057,0.018293343475574677,0.9496259394726805,0.28078817733990147,0.0,0.84
ChemSpacE extreme-SVM,TPSA,107.57575757575756,107.57575757575756,50,50,1.0,37,8.425035764934243,5.7859512637521,0.018293343475574677,0.9496259394726805,0.2857142857142857,0.0,0.84
ChemSpacE extreme-SVM,TPSA,110.60606060606062,110.60606060606062,50,50,1.0,36,8.338991610889158,5.7859512637521,0.03289312528125649,0.9496259394726805,0.2857142857142857,0.0,0.84
ChemSpacE extreme-SVM,TPSA,113.63636363636364,113.63636363636364,50,50,1.0,33,8.291612414565488,5.796800094209365,0.04706708314198701,0.9496259394726805,0.3,0.0,0.84
ChemSpacE extreme-SVM,TPSA,116.66666666666669,116.66666666666669,50,50,1.0,34,8.260555597869985,5.788109259454728,0.04706708314198701,0.9496259394726805,0.3,0.0,0.84
ChemSpacE extreme-SVM,TPSA,119.69696969696967,119.69696969696967,50,50,1.0,34,8.280041031886206,5.798736738541535,0.04706708314198701,0.9496259394726805,0.31698564593301437,0.0,0.84
ChemSpacE extreme-SVM,TPSA,122.72727272727276,122.72727272727276,50,50,1.0,34,8.173153500502899,5.7638167163635785,0.04706708314198701,0.9496259394726805,0.3157894736842105,0.0,0.84
ChemSpacE extreme-SVM,TPSA,125.75757575757576,125.75757575757576,50,50,1.0,33,8.042777312757856,5.776468139015044,0.04706708314198701,0.9496259394726805,0.34539473684210525,0.0,0.84
ChemSpacE extreme-SVM,TPSA,128.7878787878788,128.7878787878788,50,50,1.0,32,8.124268332534335,5.767222440258813,0.04706708314198701,0.9505161423532194,0.36397058823529416,0.0,0.84
ChemSpacE extreme-SVM,TPSA,131.8181818181818,131.8181818181818,50,50,1.0,29,8.02813360959216,5.803720858230637,0.04706708314198701,0.9526257829960311,0.35789473684210527,0.0,0.84
ChemSpacE extreme-SVM,TPSA,134.84848484848487,134.84848484848487,50,50,1.0,29,7.98158898607228,5.752560177088181,0.04706708314198701,0.958446225941096,0.41428571428571426,0.0,0.84
ChemSpacE extreme-SVM,TPSA,137.87878787878788,137.87878787878788,50,50,1.0,28,7.98158898607228,5.763175921039772,0.04706708314198701,0.9634802424636544,0.41428571428571426,0.0,0.84
ChemSpacE extreme-SVM,TPSA,140.90909090909088,140.90909090909088,50,50,1.0,27,7.98158898607228,5.750632750913281,0.05003575123094805,0.9634802424636544,0.5267857142857143,0.0,0.84
ChemSpacE extreme-SVM,TPSA,143.93939393939394,143.93939393939394,50,50,1.0,26,7.98158898607228,5.746962128272367,0.04706708314198701,0.958446225941096,0.625,0.0,0.84
ChemSpacE extreme-SVM,TPSA,146.96969696969694,146.96969696969694,50,50,1.0,25,7.98158898607228,5.746962128272367,0.049156295201818176,0.9743411261297112,0.625,0.0,0.84
ChemSpacE extreme-SVM,TPSA,150.0,150.0,50,50,1.0,23,7.98158898607228,5.740894971442083,0.05300441931990909,0.9801615690747763,0.625,0.0,0.84
ChemSpacE extreme-SVM,cLogP,-150.0,150.0,50,50,1.0,1,7.8420633820817,5.390831452291437,-0.004904329912100649,0.9493643975085375,0.625,0.0,0.8
ChemSpacE extreme-SVM,cLogP,-146.96969696969697,146.96969696969697,50,50,1.0,1,7.8420633820817,5.390831452291437,-0.004904329912100649,0.9493643975085375,0.625,0.0,0.8
ChemSpacE extreme-SVM,cLogP,-143.93939393939394,143.93939393939394,50,50,1.0,1,7.8420633820817,5.390831452291437,-0.004904329912100649,0.9493643975085375,0.625,0.0,0.8
ChemSpacE extreme-SVM,cLogP,-140.9090909090909,140.9090909090909,50,50,1.0,1,7.8420633820817,5.390831452291437,-0.004904329912100649,0.9493643975085375,0.625,0.0,0.8
ChemSpacE extreme-SVM,cLogP,-137.87878787878788,137.87878787878788,50,50,1.0,1,7.8420633820817,5.390831452291437,-0.004904329912100649,0.9493643975085375,0.625,0.0,0.8
ChemSpacE extreme-SVM,cLogP,-134.84848484848484,134.84848484848484,50,50,1.0,1,7.8420633820817,5.390831452291437,-0.004904329912100649,0.9493643975085375,0.625,0.0,0.8
ChemSpacE extreme-SVM,cLogP,-131.8181818181818,131.8181818181818,50,50,1.0,1,7.8420633820817,5.390831452291437,-0.004904329912100649,0.9493643975085375,0.625,0.0,0.8
ChemSpacE extreme-SVM,cLogP,-128.78787878787878,128.78787878787878,50,50,1.0,1,7.8420633820817,5.390831452291437,-0.004904329912100649,0.9493643975085375,0.625,0.0,0.8
ChemSpacE extreme-SVM,cLogP,-125.75757575757576,125.75757575757576,50,50,1.0,1,7.8420633820817,5.390831452291437,-0.004904329912100649,0.9493643975085375,0.625,0.0,0.8
ChemSpacE extreme-SVM,cLogP,-122.72727272727272,122.72727272727272,50,50,1.0,1,7.8420633820817,5.390831452291437,-0.004904329912100649,0.9493643975085375,0.625,0.0,0.8
ChemSpacE extreme-SVM,cLogP,-119.69696969696967,119.69696969696967,50,50,1.0,1,7.8420633820817,5.390831452291437,-0.004904329912100649,0.9493643975085375,0.625,0.0,0.8
ChemSpacE extreme-SVM,cLogP,-116.66666666666666,116.66666666666666,50,50,1.0,1,7.8420633820817,5.390831452291437,-0.004904329912100649,0.9493643975085375,0.625,0.0,0.8
ChemSpacE extreme-SVM,cLogP,-113.63636363636364,113.63636363636364,50,50,1.0,1,7.8420633820817,5.390831452291437,-0.004904329912100649,0.9493643975085375,0.625,0.0,0.8
ChemSpacE extreme-SVM,cLogP,-110.6060606060606,110.6060606060606,50,50,1.0,1,7.8420633820817,5.390831452291437,-0.004904329912100649,0.9493643975085375,0.625,0.0,0.8
ChemSpacE extreme-SVM,cLogP,-107.57575757575758,107.57575757575758,50,50,1.0,1,7.8420633820817,5.390831452291437,-0.004904329912100649,0.9493643975085375,0.625,0.0,0.8
ChemSpacE extreme-SVM,cLogP,-104.54545454545456,104.54545454545456,50,50,1.0,1,7.8420633820817,5.390831452291437,-0.004904329912100649,0.9493643975085375,0.625,0.0,0.8
ChemSpacE extreme-SVM,cLogP,-101.51515151515152,101.51515151515152,50,50,1.0,1,7.8420633820817,5.390831452291437,-0.004904329912100649,0.9493643975085375,0.625,0.0,0.8
ChemSpacE extreme-SVM,cLogP,-98.48484848484848,98.48484848484848,50,50,1.0,1,7.8420633820817,5.390831452291437,-0.004904329912100649,0.9493643975085375,0.625,0.0,0.8
ChemSpacE extreme-SVM,cLogP,-95.45454545454544,95.45454545454544,50,50,1.0,1,7.8420633820817,5.390831452291437,-0.004904329912100649,0.9493643975085375,0.625,0.0,0.8
ChemSpacE extreme-SVM,cLogP,-92.42424242424242,92.42424242424242,50,50,1.0,1,7.8420633820817,5.390831452291437,-0.004904329912100649,0.9493643975085375,0.625,0.0,0.8
ChemSpacE extreme-SVM,cLogP,-89.39393939393939,89.39393939393939,50,50,1.0,1,7.8420633820817,5.390831452291437,-0.004904329912100649,0.9493643975085375,0.625,0.0,0.8
ChemSpacE extreme-SVM,cLogP,-86.36363636363637,86.36363636363637,50,50,1.0,1,7.8420633820817,5.390831452291437,-0.004904329912100649,0.9493643975085375,0.625,0.0,0.8
ChemSpacE extreme-SVM,cLogP,-83.33333333333333,83.33333333333333,50,50,1.0,1,7.8420633820817,5.390831452291437,-0.004904329912100649,0.9493643975085375,0.625,0.0,0.8
ChemSpacE extreme-SVM,cLogP,-80.3030303030303,80.3030303030303,50,50,1.0,1,7.8420633820817,5.390831452291437,-0.004904329912100649,0.9493643975085375,0.625,0.0,0.8
ChemSpacE extreme-SVM,cLogP,-77.27272727272728,77.27272727272728,50,50,1.0,1,7.8420633820817,5.390831452291437,-0.004904329912100649,0.9493643975085375,0.625,0.0,0.8
ChemSpacE extreme-SVM,cLogP,-74.24242424242425,74.24242424242425,50,50,1.0,1,7.8420633820817,5.390831452291437,-0.004904329912100649,0.9493643975085375,0.625,0.0,0.8
ChemSpacE extreme-SVM,cLogP,-71.21212121212122,71.21212121212122,50,50,1.0,1,7.8420633820817,5.390831452291437,-0.004904329912100649,0.9493643975085375,0.625,0.0,0.8
ChemSpacE extreme-SVM,cLogP,-68.18181818181819,68.18181818181819,50,50,1.0,1,7.8420633820817,5.390831452291437,-0.004904329912100649,0.9493643975085375,0.625,0.0,0.8
ChemSpacE extreme-SVM,cLogP,-65.15151515151516,65.15151515151516,50,50,1.0,1,7.8420633820817,5.390831452291437,-0.004904329912100649,0.9493643975085375,0.625,0.0,0.8
ChemSpacE extreme-SVM,cLogP,-62.121212121212125,62.121212121212125,50,50,1.0,1,7.8420633820817,5.390831452291437,-0.004904329912100649,0.9493643975085375,0.625,0.0,0.8
ChemSpacE extreme-SVM,cLogP,-59.09090909090909,59.09090909090909,50,50,1.0,2,7.8420633820817,5.403088107878837,-0.004904329912100649,0.9493643975085375,0.625,0.0,0.8
ChemSpacE extreme-SVM,cLogP,-56.06060606060606,56.06060606060606,50,50,1.0,7,7.8420633820817,5.408220458277339,-0.004904329912100649,0.9493643975085375,0.625,0.0,0.8
ChemSpacE extreme-SVM,cLogP,-53.03030303030303,53.03030303030303,50,50,1.0,15,7.8420633820817,5.439798549227913,-0.004904329912100649,0.9493643975085375,0.625,0.0,0.8
ChemSpacE extreme-SVM,cLogP,-50.0,50.0,50,50,1.0,23,7.8420633820817,5.509117338128196,-0.004904329912100649,0.9493643975085375,0.625,0.0,0.82
ChemSpacE extreme-SVM,cLogP,-46.96969696969697,46.96969696969697,50,50,1.0,34,8.373331683749,5.673417231861987,-0.004381245983814935,0.9496259394726805,0.35294117647058826,0.0,0.82
ChemSpacE extreme-SVM,cLogP,-43.93939393939394,43.93939393939394,50,50,1.0,41,8.565010711084799,5.938026541469457,-0.004381245983814935,0.9520648900713728,0.2915057915057915,0.0,0.82
ChemSpacE extreme-SVM,cLogP,-40.90909090909091,40.90909090909091,50,50,1.0,50,8.666690906371535,6.142075022781488,-0.004381245983814935,0.9701260867376765,0.2714987714987715,0.0,0.82
ChemSpacE extreme-SVM,cLogP,-37.87878787878788,37.87878787878788,50,50,1.0,50,7.366218426173898,4.967735245983956,0.0006501209585753789,0.9108347118819222,0.2594670406732118,0.0,0.84
ChemSpacE extreme-SVM,cLogP,-34.848484848484844,34.848484848484844,50,50,1.0,50,6.6104856368998925,4.08689091098003,0.016055751156126594,0.9311381360897006,0.2885122410546139,0.0,0.8
ChemSpacE extreme-SVM,cLogP,-31.818181818181813,31.818181818181813,50,50,1.0,50,6.512939828970649,3.8984508395639565,0.05005160236196578,0.9217373913714462,0.3499769903359411,0.0,0.86
ChemSpacE extreme-SVM,cLogP,-28.787878787878785,28.787878787878785,50,50,1.0,49,6.353676888252344,3.7473512452172724,0.07394287164636093,1.0410184047626712,0.39376538146021334,0.0,0.82
ChemSpacE extreme-SVM,cLogP,-25.757575757575765,25.757575757575765,50,50,1.0,50,5.961499440066532,3.4408214335557155,0.17232813472034464,1.1187533053936107,0.46291208791208793,0.0,0.88
ChemSpacE extreme-SVM,cLogP,-22.727272727272734,22.727272727272734,50,50,1.0,50,5.778757604162335,3.3549472600797183,0.2555192571515425,1.16829834743894,0.5094175095919079,0.0,0.86
ChemSpacE extreme-SVM,cLogP,-19.69696969696969,19.69696969696969,50,50,1.0,50,5.777081261872349,3.1067410264721684,0.36699835737787323,1.227578907749809,0.5683229813664596,0.0,0.92
ChemSpacE extreme-SVM,cLogP,-16.666666666666657,16.666666666666657,50,50,1.0,50,5.192085548656973,2.8012708707663276,0.31746611927440577,1.0933043460712288,0.6285714285714286,0.0,0.92
ChemSpacE extreme-SVM,cLogP,-13.636363636363626,13.636363636363626,50,50,1.0,50,5.039792906355467,2.4332579346966416,0.3855373747557992,1.2007138611761223,0.6744565217391305,0.0,0.96
ChemSpacE extreme-SVM,cLogP,-10.606060606060597,10.606060606060597,50,50,1.0,50,4.805571690075471,2.252141948188789,0.38217048197230036,1.3617807312237895,0.7184905660377359,0.0,0.96
ChemSpacE extreme-SVM,cLogP,-7.575757575757564,7.575757575757564,50,50,1.0,50,4.5466396781598135,1.9431883038486086,0.31341191955303555,1.191958097568787,0.7406518010291595,0.04,0.92
ChemSpacE extreme-SVM,cLogP,-4.545454545454561,4.545454545454561,50,50,1.0,50,3.3012117106879133,1.5425029430866801,-0.3998861321216898,0.7789155190023423,0.8956521739130434,0.03125,0.875
ChemSpacE extreme-SVM,cLogP,-1.5151515151515298,1.5151515151515298,50,50,1.0,50,2.4512319297902634,1.3356128294827165,-0.9046971310677188,0.9765674360651397,0.9696691176470589,0.0,1.0
ChemSpacE extreme-SVM,cLogP,1.5151515151515014,1.5151515151515014,50,50,1.0,50,2.4512319297902634,0.6409362401004941,-0.8399808981387062,0.5813656606268965,0.9708614864864865,0.25,0.75
ChemSpacE extreme-SVM,cLogP,4.5454545454545325,4.5454545454545325,50,50,1.0,50,2.9733831691589696,0.7412867838780168,-0.16031024437535388,0.8469373404197993,0.9110671936758893,0.09375,0.8125
ChemSpacE extreme-SVM,cLogP,7.575757575757564,7.575757575757564,50,50,1.0,48,4.626233404654249,2.3304353403850087,0.6888451549266411,1.4042072895240436,0.8064012490241999,0.16326530612244897,0.8775510204081632
ChemSpacE extreme-SVM,cLogP,10.606060606060597,10.606060606060597,50,50,1.0,50,5.20433156215878,2.522903372110514,1.1911498109743954,2.0552448733035535,0.7405329593267882,0.02,0.96
ChemSpacE extreme-SVM,cLogP,13.636363636363626,13.636363636363626,50,50,1.0,50,5.383954972417021,2.979989210604078,1.4548435656816887,2.299557770095725,0.7855089131684876,0.0,0.96
ChemSpacE extreme-SVM,cLogP,16.666666666666657,16.666666666666657,50,50,1.0,50,5.88159938134706,3.469253576951659,1.5562462921325797,2.430996240186768,0.7715277777777778,0.02,0.98
ChemSpacE extreme-SVM,cLogP,19.69696969696969,19.69696969696969,50,50,1.0,44,5.398945533566061,2.8392605031487728,1.1372290622972439,2.210403212623299,0.8038461538461539,0.06,1.0
ChemSpacE extreme-SVM,cLogP,22.72727272727272,22.72727272727272,50,50,1.0,44,6.595306687554981,4.0619764578393625,0.5913970625914255,1.5196047979765115,0.8811764705882352,0.12,0.98
ChemSpacE extreme-SVM,cLogP,25.75757575757575,25.75757575757575,50,50,1.0,42,6.197844967098963,3.326135358357937,0.35634425177606865,1.2621376430325637,0.9230769230769231,0.22,0.96
ChemSpacE extreme-SVM,cLogP,28.787878787878785,28.787878787878785,50,50,1.0,37,5.3799320841519425,2.7616376672688108,0.14830674680928052,1.1403932938281052,1.0,0.22,0.86
ChemSpacE extreme-SVM,cLogP,31.818181818181813,31.818181818181813,50,50,1.0,30,5.141686337586101,2.5406882191176083,0.08374643540755974,1.0839737086119525,1.0,0.16,0.84
ChemSpacE extreme-SVM,cLogP,34.848484848484844,34.848484848484844,50,50,1.0,20,4.718797012828133,2.3165321799743452,0.015864731175254543,1.011792464512559,1.0,0.08,0.86
ChemSpacE extreme-SVM,cLogP,37.87878787878788,37.87878787878788,50,50,1.0,8,4.718797012828133,2.27352493033429,0.015864731175254543,1.0334528324062011,1.0,0.02,0.86
ChemSpacE extreme-SVM,cLogP,40.90909090909091,40.90909090909091,50,50,1.0,5,4.718797012828133,2.2798217386252695,0.015864731175254543,1.0188725542094155,1.0,0.0,0.84
ChemSpacE extreme-SVM,cLogP,43.93939393939394,43.93939393939394,50,50,1.0,1,4.718797012828133,2.2675650830378693,0.015864731175254543,0.9701334585958927,1.0,0.0,0.84
ChemSpacE extreme-SVM,cLogP,46.96969696969697,46.96969696969697,50,50,1.0,1,4.718797012828133,2.2675650830378693,0.015864731175254543,0.9701334585958927,1.0,0.0,0.84
ChemSpacE extreme-SVM,cLogP,50.0,50.0,50,50,1.0,1,4.718797012828133,2.2675650830378693,0.015864731175254543,0.9701334585958927,1.0,0.0,0.84
ChemSpacE extreme-SVM,cLogP,53.03030303030303,53.03030303030303,50,50,1.0,1,4.718797012828133,2.2675650830378693,0.015864731175254543,0.9701334585958927,1.0,0.0,0.84
ChemSpacE extreme-SVM,cLogP,56.06060606060606,56.06060606060606,50,50,1.0,1,4.718797012828133,2.2675650830378693,0.015864731175254543,0.9701334585958927,1.0,0.0,0.84
ChemSpacE extreme-SVM,cLogP,59.09090909090909,59.09090909090909,50,50,1.0,1,4.718797012828133,2.2675650830378693,0.015864731175254543,0.9701334585958927,1.0,0.0,0.84
ChemSpacE extreme-SVM,cLogP,62.121212121212125,62.121212121212125,50,50,1.0,1,4.718797012828133,2.2675650830378693,0.015864731175254543,0.9701334585958927,1.0,0.0,0.84
ChemSpacE extreme-SVM,cLogP,65.15151515151516,65.15151515151516,50,50,1.0,1,4.718797012828133,2.2675650830378693,0.015864731175254543,0.9701334585958927,1.0,0.0,0.84
ChemSpacE extreme-SVM,cLogP,68.18181818181819,68.18181818181819,50,50,1.0,1,4.718797012828133,2.2675650830378693,0.015864731175254543,0.9701334585958927,1.0,0.0,0.84
ChemSpacE extreme-SVM,cLogP,71.21212121212122,71.21212121212122,50,50,1.0,1,4.718797012828133,2.2675650830378693,0.015864731175254543,0.9701334585958927,1.0,0.0,0.84
ChemSpacE extreme-SVM,cLogP,74.24242424242425,74.24242424242425,50,50,1.0,1,4.718797012828133,2.2675650830378693,0.015864731175254543,0.9701334585958927,1.0,0.0,0.84
ChemSpacE extreme-SVM,cLogP,77.27272727272728,77.27272727272728,50,50,1.0,1,4.718797012828133,2.2675650830378693,0.015864731175254543,0.9701334585958927,1.0,0.0,0.84
ChemSpacE extreme-SVM,cLogP,80.30303030303031,80.30303030303031,50,50,1.0,1,4.718797012828133,2.2675650830378693,0.015864731175254543,0.9701334585958927,1.0,0.0,0.84
ChemSpacE extreme-SVM,cLogP,83.33333333333334,83.33333333333334,50,50,1.0,1,4.718797012828133,2.2675650830378693,0.015864731175254543,0.9701334585958927,1.0,0.0,0.84
ChemSpacE extreme-SVM,cLogP,86.36363636363637,86.36363636363637,50,50,1.0,1,4.718797012828133,2.2675650830378693,0.015864731175254543,0.9701334585958927,1.0,0.0,0.84
ChemSpacE extreme-SVM,cLogP,89.3939393939394,89.3939393939394,50,50,1.0,1,4.718797012828133,2.2675650830378693,0.015864731175254543,0.9701334585958927,1.0,0.0,0.84
ChemSpacE extreme-SVM,cLogP,92.42424242424244,92.42424242424244,50,50,1.0,1,4.718797012828133,2.2675650830378693,0.015864731175254543,0.9701334585958927,1.0,0.0,0.84
ChemSpacE extreme-SVM,cLogP,95.45454545454544,95.45454545454544,50,50,1.0,1,4.718797012828133,2.2675650830378693,0.015864731175254543,0.9701334585958927,1.0,0.0,0.84
ChemSpacE extreme-SVM,cLogP,98.48484848484848,98.48484848484848,50,50,1.0,1,4.718797012828133,2.2675650830378693,0.015864731175254543,0.9701334585958927,1.0,0.0,0.84
ChemSpacE extreme-SVM,cLogP,101.5151515151515,101.5151515151515,50,50,1.0,1,4.718797012828133,2.2675650830378693,0.015864731175254543,0.9701334585958927,1.0,0.0,0.84
ChemSpacE extreme-SVM,cLogP,104.54545454545452,104.54545454545452,50,50,1.0,1,4.718797012828133,2.2675650830378693,0.015864731175254543,0.9701334585958927,1.0,0.0,0.84
ChemSpacE extreme-SVM,cLogP,107.57575757575756,107.57575757575756,50,50,1.0,1,4.718797012828133,2.2675650830378693,0.015864731175254543,0.9701334585958927,1.0,0.0,0.84
ChemSpacE extreme-SVM,cLogP,110.60606060606062,110.60606060606062,50,50,1.0,1,4.718797012828133,2.2675650830378693,0.015864731175254543,0.9701334585958927,1.0,0.0,0.84
ChemSpacE extreme-SVM,cLogP,113.63636363636364,113.63636363636364,50,50,1.0,1,4.718797012828133,2.2675650830378693,0.015864731175254543,0.9701334585958927,1.0,0.0,0.84
ChemSpacE extreme-SVM,cLogP,116.66666666666669,116.66666666666669,50,50,1.0,1,4.718797012828133,2.2675650830378693,0.015864731175254543,0.9701334585958927,1.0,0.0,0.84
ChemSpacE extreme-SVM,cLogP,119.69696969696967,119.69696969696967,50,50,1.0,1,4.718797012828133,2.2675650830378693,0.015864731175254543,0.9701334585958927,1.0,0.0,0.84
ChemSpacE extreme-SVM,cLogP,122.72727272727276,122.72727272727276,50,50,1.0,1,4.718797012828133,2.2675650830378693,0.015864731175254543,0.9701334585958927,1.0,0.0,0.84
ChemSpacE extreme-SVM,cLogP,125.75757575757576,125.75757575757576,50,50,1.0,1,4.718797012828133,2.2675650830378693,0.015864731175254543,0.9701334585958927,1.0,0.0,0.84
ChemSpacE extreme-SVM,cLogP,128.7878787878788,128.7878787878788,50,50,1.0,1,4.718797012828133,2.2675650830378693,0.015864731175254543,0.9701334585958927,1.0,0.0,0.84
ChemSpacE extreme-SVM,cLogP,131.8181818181818,131.8181818181818,50,50,1.0,1,4.718797012828133,2.2675650830378693,0.015864731175254543,0.9701334585958927,1.0,0.0,0.84
ChemSpacE extreme-SVM,cLogP,134.84848484848487,134.84848484848487,50,50,1.0,1,4.718797012828133,2.2675650830378693,0.015864731175254543,0.9701334585958927,1.0,0.0,0.84
ChemSpacE extreme-SVM,cLogP,137.87878787878788,137.87878787878788,50,50,1.0,1,4.718797012828133,2.2675650830378693,0.015864731175254543,0.9701334585958927,1.0,0.0,0.84
ChemSpacE extreme-SVM,cLogP,140.90909090909088,140.90909090909088,50,50,1.0,1,4.718797012828133,2.2675650830378693,0.015864731175254543,0.9701334585958927,1.0,0.0,0.84
ChemSpacE extreme-SVM,cLogP,143.93939393939394,143.93939393939394,50,50,1.0,1,4.718797012828133,2.2675650830378693,0.015864731175254543,0.9701334585958927,1.0,0.0,0.84
ChemSpacE extreme-SVM,cLogP,146.96969696969694,146.96969696969694,50,50,1.0,1,4.718797012828133,2.2675650830378693,0.015864731175254543,0.9701334585958927,1.0,0.0,0.84
ChemSpacE extreme-SVM,cLogP,150.0,150.0,50,50,1.0,1,4.718797012828133,2.2675650830378693,0.015864731175254543,0.9701334585958927,1.0,0.0,0.84
ChemSpacE extreme-SVM,BertzCT,-150.0,150.0,50,48,0.96,5,4.718797012828133,2.1948236669908505,0.015864731175254543,1.0393109509547935,1.0,0.041666666666666664,0.8333333333333334
ChemSpacE extreme-SVM,BertzCT,-146.96969696969697,146.96969696969697,50,48,0.96,5,4.718797012828133,2.237978105093883,0.015864731175254543,1.0393109509547935,1.0,0.08333333333333333,0.8333333333333334
ChemSpacE extreme-SVM,BertzCT,-143.93939393939394,143.93939393939394,50,47,0.94,6,4.718797012828133,2.229202121276166,0.015864731175254543,0.8522237433993002,1.0,0.0851063829787234,0.8297872340425532
ChemSpacE extreme-SVM,BertzCT,-140.9090909090909,140.9090909090909,50,47,0.94,6,4.718797012828133,2.160445212705535,0.015864731175254543,0.8984322351361002,1.0,0.06382978723404255,0.8297872340425532
ChemSpacE extreme-SVM,BertzCT,-137.87878787878788,137.87878787878788,50,47,0.94,8,4.718797012828133,2.160445212705535,0.015864731175254543,0.8984322351361002,1.0,0.10638297872340426,0.8085106382978723
ChemSpacE extreme-SVM,BertzCT,-134.84848484848484,134.84848484848484,50,45,0.9,7,4.718797012828133,2.229202121276166,0.015864731175254543,0.8733035676160001,1.0,0.1111111111111111,0.8222222222222222
ChemSpacE extreme-SVM,BertzCT,-131.8181818181818,131.8181818181818,50,45,0.9,7,4.718797012828133,2.229202121276166,0.015864731175254543,0.7855784044447123,1.0,0.1111111111111111,0.8222222222222222
ChemSpacE extreme-SVM,BertzCT,-128.78787878787878,128.78787878787878,50,45,0.9,7,4.718797012828133,2.2467540889116,0.015864731175254543,0.7230753809088122,1.0,0.08888888888888889,0.8444444444444444
ChemSpacE extreme-SVM,BertzCT,-125.75757575757576,125.75757575757576,50,44,0.88,7,4.718797012828133,2.1948236669908505,0.015864731175254543,0.7481033053467543,1.0,0.11363636363636363,0.8409090909090909
ChemSpacE extreme-SVM,BertzCT,-122.72727272727272,122.72727272727272,50,43,0.86,9,4.718797012828133,2.1181547521195965,0.015864731175254543,0.8317868961815122,1.0,0.16279069767441862,0.8604651162790697
ChemSpacE extreme-SVM,BertzCT,-119.69696969696967,119.69696969696967,50,43,0.86,9,4.718797012828133,2.160445212705535,0.015864731175254543,0.8066582286614122,1.0,0.16279069767441862,0.8372093023255814
ChemSpacE extreme-SVM,BertzCT,-116.66666666666666,116.66666666666666,50,41,0.82,10,4.718797012828133,2.1181547521195965,0.015864731175254543,0.8066582286614122,1.0,0.24390243902439024,0.8292682926829268
ChemSpacE extreme-SVM,BertzCT,-113.63636363636364,113.63636363636364,50,40,0.8,10,4.718797012828133,1.9673243609081172,0.015864731175254543,0.8477610706153257,1.0,0.275,0.8
ChemSpacE extreme-SVM,BertzCT,-110.6060606060606,110.6060606060606,50,40,0.8,10,4.718797012828133,1.8027427211772125,0.015864731175254543,0.9021168282516757,1.0,0.3,0.8
ChemSpacE extreme-SVM,BertzCT,-107.57575757575758,107.57575757575758,50,39,0.78,9,4.718797012828133,1.7756407893318356,0.015864731175254543,0.8066582286614122,1.0,0.3076923076923077,0.8205128205128205
ChemSpacE extreme-SVM,BertzCT,-104.54545454545456,104.54545454545456,50,39,0.78,9,4.718797012828133,1.570288778684139,0.015864731175254543,0.8125047064681444,1.0,0.358974358974359,0.8205128205128205
ChemSpacE extreme-SVM,BertzCT,-101.51515151515152,101.51515151515152,50,39,0.78,9,4.718797012828133,1.570288778684139,0.015864731175254543,0.8066582286614122,1.0,0.358974358974359,0.8205128205128205
ChemSpacE extreme-SVM,BertzCT,-98.48484848484848,98.48484848484848,50,37,0.74,11,2.7475679189493913,0.28738791172383493,0.015864731175254543,0.9724467603218392,1.0,0.40540540540540543,0.8378378378378378
ChemSpacE extreme-SVM,BertzCT,-95.45454545454544,95.45454545454544,50,37,0.74,9,2.7475679189493913,0.28738791172383493,0.015864731175254543,0.9724467603218392,0.8,0.3783783783783784,0.8378378378378378
ChemSpacE extreme-SVM,BertzCT,-92.42424242424242,92.42424242424242,50,37,0.74,8,2.7475679189493913,0.5181694066167069,0.015864731175254543,0.9724467603218392,0.75,0.32432432432432434,0.8378378378378378
ChemSpacE extreme-SVM,BertzCT,-89.39393939393939,89.39393939393939,50,37,0.74,8,4.718797012828133,2.160445212705535,0.0,0.9724467603218392,0.75,0.32432432432432434,0.8378378378378378
ChemSpacE extreme-SVM,BertzCT,-86.36363636363637,86.36363636363637,50,37,0.74,8,4.718797012828133,2.3170349563155552,0.0,0.9724467603218392,0.5,0.2972972972972973,0.8108108108108109
ChemSpacE extreme-SVM,BertzCT,-83.33333333333333,83.33333333333333,50,37,0.74,8,4.718797012828133,2.160445212705535,0.0,0.9724467603218392,0.5,0.2972972972972973,0.8108108108108109
ChemSpacE extreme-SVM,BertzCT,-80.3030303030303,80.3030303030303,50,37,0.74,10,2.7475679189493913,0.578247135908752,0.015864731175254543,0.9724467603218392,0.5,0.32432432432432434,0.8648648648648649
ChemSpacE extreme-SVM,BertzCT,-77.27272727272728,77.27272727272728,50,37,0.74,8,2.7475679189493913,0.578247135908752,0.0,0.9724467603218392,0.5,0.3783783783783784,0.8648648648648649
ChemSpacE extreme-SVM,BertzCT,-74.24242424242425,74.24242424242425,50,37,0.74,8,7.3284153846153846,3.6366877251904786,0.0,0.9724467603218392,0.0,0.3783783783783784,0.8378378378378378
ChemSpacE extreme-SVM,BertzCT,-71.21212121212122,71.21212121212122,50,37,0.74,7,7.3284153846153846,3.6366877251904786,0.0,0.9724467603218392,0.0,0.3783783783783784,0.8108108108108109
ChemSpacE extreme-SVM,BertzCT,-68.18181818181819,68.18181818181819,50,37,0.74,5,7.3284153846153846,4.524692776790186,0.0,0.9724467603218392,0.0,0.32432432432432434,0.8108108108108109
ChemSpacE extreme-SVM,BertzCT,-65.15151515151516,65.15151515151516,50,37,0.74,5,7.3284153846153846,4.554626881700393,0.0,0.9724467603218392,0.0,0.32432432432432434,0.8108108108108109
ChemSpacE extreme-SVM,BertzCT,-62.121212121212125,62.121212121212125,50,37,0.74,4,7.3284153846153846,4.606799527529068,0.0,0.9724467603218392,0.0,0.2972972972972973,0.8108108108108109
ChemSpacE extreme-SVM,BertzCT,-59.09090909090909,59.09090909090909,50,38,0.76,3,7.3284153846153846,4.580713204614731,0.0,0.8895524944916258,0.0,0.2631578947368421,0.8157894736842105
ChemSpacE extreme-SVM,BertzCT,-56.06060606060606,56.06060606060606,50,38,0.76,3,7.3284153846153846,4.580713204614731,0.0,0.8895524944916258,0.0,0.15789473684210525,0.8421052631578947
ChemSpacE extreme-SVM,BertzCT,-53.03030303030303,53.03030303030303,50,38,0.76,3,7.3284153846153846,4.580713204614731,0.0,0.8895524944916258,0.0,0.07894736842105263,0.8421052631578947
ChemSpacE extreme-SVM,BertzCT,-50.0,50.0,50,39,0.78,3,7.3284153846153846,4.554626881700393,0.0,0.8066582286614122,0.0,0.07692307692307693,0.8205128205128205
ChemSpacE extreme-SVM,BertzCT,-46.96969696969697,46.96969696969697,50,39,0.78,3,7.3284153846153846,4.554626881700393,0.0,0.8066582286614122,0.0,0.07692307692307693,0.8205128205128205
ChemSpacE extreme-SVM,BertzCT,-43.93939393939394,43.93939393939394,50,39,0.78,2,7.3284153846153846,4.554626881700393,0.0,0.8066582286614122,0.0,0.05128205128205128,0.8205128205128205
ChemSpacE extreme-SVM,BertzCT,-40.90909090909091,40.90909090909091,50,39,0.78,3,7.3284153846153846,4.554626881700393,0.0,0.8066582286614122,0.0,0.05128205128205128,0.8205128205128205
ChemSpacE extreme-SVM,BertzCT,-37.87878787878788,37.87878787878788,50,40,0.8,3,7.3284153846153846,4.580713204614731,0.0,0.727606605999077,0.0,0.025,0.825
ChemSpacE extreme-SVM,BertzCT,-34.848484848484844,34.848484848484844,50,41,0.82,4,7.3284153846153846,4.606799527529068,0.0,0.8066582286614122,0.0,0.024390243902439025,0.8292682926829268
ChemSpacE extreme-SVM,BertzCT,-31.818181818181813,31.818181818181813,50,42,0.84,4,7.3284153846153846,4.580713204614731,0.0,0.727606605999077,0.0,0.047619047619047616,0.8333333333333334
ChemSpacE extreme-SVM,BertzCT,-28.787878787878785,28.787878787878785,50,42,0.84,5,7.3284153846153846,4.53965982924529,0.0,0.727606605999077,0.0,0.11904761904761904,0.8333333333333334
ChemSpacE extreme-SVM,BertzCT,-25.757575757575765,25.757575757575765,50,42,0.84,5,7.3284153846153846,4.442187695137197,0.0,0.8416605560032251,0.0,0.14285714285714285,0.8333333333333334
ChemSpacE extreme-SVM,BertzCT,-22.727272727272734,22.727272727272734,50,44,0.88,8,6.998115384615385,3.6601460022818273,0.0,0.9105067235573672,0.0,0.1590909090909091,0.8181818181818182
ChemSpacE extreme-SVM,BertzCT,-19.69696969696969,19.69696969696969,50,44,0.88,9,2.7475679189493913,0.5905627543578316,0.0251286675201,0.9105067235573672,0.5,0.22727272727272727,0.8181818181818182
ChemSpacE extreme-SVM,BertzCT,-16.666666666666657,16.666666666666657,50,46,0.92,9,2.7475679189493913,0.36677991911108343,0.0251286675201,0.9635625871254427,0.5833333333333333,0.2391304347826087,0.8913043478260869
ChemSpacE extreme-SVM,BertzCT,-13.636363636363626,13.636363636363626,50,48,0.96,13,2.7475679189493913,0.318982428082089,0.0251286675201,1.000566265236726,0.6666666666666666,0.3125,0.875
ChemSpacE extreme-SVM,BertzCT,-10.606060606060597,10.606060606060597,50,50,1.0,22,2.4585509403306487,-0.1004276047562982,0.010327850159350001,1.0051516326057484,0.75,0.52,0.86
ChemSpacE extreme-SVM,BertzCT,-7.575757575757564,7.575757575757564,50,50,1.0,45,2.4787734036840057,-0.1566690643751869,0.18906954384566133,1.3055929877209491,0.875,0.54,0.84
ChemSpacE extreme-SVM,BertzCT,-4.545454545454561,4.545454545454561,50,50,1.0,50,3.535059291706775,0.7076016597763597,0.6247009577645584,1.439937306023268,0.8768939393939394,0.22,0.86
ChemSpacE extreme-SVM,BertzCT,-1.5151515151515298,1.5151515151515298,50,50,1.0,50,2.4661114655710445,0.29107114858868455,-0.8214444243300341,0.30002624331182154,0.9708614864864865,0.375,0.6875
ChemSpacE extreme-SVM,BertzCT,1.5151515151515014,1.5151515151515014,50,50,1.0,50,2.788755555370095,1.1833186705066776,-0.48267922017767206,0.8236590645168045,0.9477163461538461,0.0,1.0
ChemSpacE extreme-SVM,BertzCT,4.5454545454545325,4.5454545454545325,50,50,1.0,50,4.791111089247643,2.216534975621102,0.1379375569212037,1.0885814567190248,0.8228764478764479,0.0,0.9090909090909091
ChemSpacE extreme-SVM,BertzCT,7.575757575757564,7.575757575757564,50,50,1.0,50,5.359043079262558,2.6712355084110904,0.4227916008717897,1.3261554028881857,0.7251748251748251,0.0,0.9591836734693877
ChemSpacE extreme-SVM,BertzCT,10.606060606060597,10.606060606060597,50,50,1.0,50,5.589770212162158,3.071860048555491,0.45006733777075014,1.3067188383420612,0.6978260869565217,0.0,0.94
ChemSpacE extreme-SVM,BertzCT,13.636363636363626,13.636363636363626,50,50,1.0,50,6.8074137255539195,4.363262909679094,0.36324414526055204,1.3618306171006576,0.613835725677831,0.0,0.94
ChemSpacE extreme-SVM,BertzCT,16.666666666666657,16.666666666666657,50,50,1.0,50,7.517311160504035,4.936704774840585,0.4665676055469085,1.4626291840374595,0.539072039072039,0.0,0.92
ChemSpacE extreme-SVM,BertzCT,19.69696969696969,19.69696969696969,50,50,1.0,50,7.9209110351627015,5.280386369699276,0.2722507105626549,1.2408586718672547,0.4878572762936671,0.0,0.88
ChemSpacE extreme-SVM,BertzCT,22.72727272727272,22.72727272727272,50,50,1.0,50,8.164876813936797,5.530814289512499,0.1838507508394817,1.21295617530002,0.4649525057320668,0.0,0.88
ChemSpacE extreme-SVM,BertzCT,25.75757575757575,25.75757575757575,50,50,1.0,47,7.995153567403301,5.445388684638356,0.14292732777203812,1.0636535919264343,0.48769819573537454,0.0,0.88
ChemSpacE extreme-SVM,BertzCT,28.787878787878785,28.787878787878785,50,50,1.0,42,7.741616931136248,5.104218910177005,0.131818854671356,1.0370931145422648,0.5769230769230769,0.0,0.88
ChemSpacE extreme-SVM,BertzCT,31.818181818181813,31.818181818181813,50,50,1.0,36,7.422261638426305,5.047915452663041,0.10859136162277558,1.0371762645397031,0.6273148148148149,0.0,0.88
ChemSpacE extreme-SVM,BertzCT,34.848484848484844,34.848484848484844,50,50,1.0,31,7.284354713588849,4.9592713708305105,0.10073958299143808,1.0371762645397031,0.6666666666666666,0.0,0.88
ChemSpacE extreme-SVM,BertzCT,37.87878787878788,37.87878787878788,50,50,1.0,26,7.284354713588849,5.03125788988111,0.08508041517798118,1.0371762645397031,0.7692307692307693,0.0,0.88
ChemSpacE extreme-SVM,BertzCT,40.90909090909091,40.90909090909091,50,50,1.0,22,7.284354713588849,4.916757283337551,0.08290753711906493,1.0371762645397031,1.0,0.0,0.88
ChemSpacE extreme-SVM,BertzCT,43.93939393939394,43.93939393939394,50,50,1.0,15,7.284354713588849,4.861848681873757,0.08290753711906493,1.0371762645397031,1.0,0.0,0.86
ChemSpacE extreme-SVM,BertzCT,46.96969696969697,46.96969696969697,50,50,1.0,10,7.284354713588849,4.861848681873757,0.08290753711906493,1.0371762645397031,1.0,0.0,0.86
ChemSpacE extreme-SVM,BertzCT,50.0,50.0,50,50,1.0,9,7.284354713588849,4.851474171994998,0.08290753711906493,1.0371762645397031,1.0,0.0,0.86
ChemSpacE extreme-SVM,BertzCT,53.03030303030303,53.03030303030303,50,50,1.0,7,7.284354713588849,4.861848681873757,0.08290753711906493,1.0371762645397031,1.0,0.0,0.86
ChemSpacE extreme-SVM,BertzCT,56.06060606060606,56.06060606060606,50,50,1.0,5,7.284354713588849,4.850511789784488,0.08290753711906493,1.0371762645397031,1.0,0.0,0.86
ChemSpacE extreme-SVM,BertzCT,59.09090909090909,59.09090909090909,50,50,1.0,4,7.284354713588849,4.845379439385986,0.08290753711906493,1.0371762645397031,1.0,0.0,0.86
ChemSpacE extreme-SVM,BertzCT,62.121212121212125,62.121212121212125,50,50,1.0,2,7.284354713588849,4.8331227837985855,0.08290753711906493,1.0371762645397031,1.0,0.0,0.86
ChemSpacE extreme-SVM,BertzCT,65.15151515151516,65.15151515151516,50,50,1.0,2,7.284354713588849,4.8331227837985855,0.08290753711906493,1.0371762645397031,1.0,0.0,0.86
ChemSpacE extreme-SVM,BertzCT,68.18181818181819,68.18181818181819,50,50,1.0,2,7.284354713588849,4.8331227837985855,0.08290753711906493,1.0371762645397031,1.0,0.0,0.86
ChemSpacE extreme-SVM,BertzCT,71.21212121212122,71.21212121212122,50,50,1.0,2,7.284354713588849,4.8331227837985855,0.08290753711906493,1.0371762645397031,1.0,0.0,0.84
ChemSpacE extreme-SVM,BertzCT,74.24242424242425,74.24242424242425,50,50,1.0,1,7.284354713588849,4.8331227837985855,0.08290753711906493,1.0371762645397031,1.0,0.0,0.84
ChemSpacE extreme-SVM,BertzCT,77.27272727272728,77.27272727272728,50,50,1.0,1,7.284354713588849,4.8331227837985855,0.08290753711906493,1.0371762645397031,1.0,0.0,0.84
ChemSpacE extreme-SVM,BertzCT,80.30303030303031,80.30303030303031,50,50,1.0,1,7.284354713588849,4.8331227837985855,0.08290753711906493,1.0371762645397031,1.0,0.0,0.84
ChemSpacE extreme-SVM,BertzCT,83.33333333333334,83.33333333333334,50,50,1.0,1,7.284354713588849,4.8331227837985855,0.08290753711906493,1.0371762645397031,1.0,0.0,0.84
ChemSpacE extreme-SVM,BertzCT,86.36363636363637,86.36363636363637,50,50,1.0,1,7.284354713588849,4.8331227837985855,0.08290753711906493,1.0371762645397031,1.0,0.0,0.84
ChemSpacE extreme-SVM,BertzCT,89.3939393939394,89.3939393939394,50,50,1.0,1,7.284354713588849,4.8331227837985855,0.08290753711906493,1.0371762645397031,1.0,0.0,0.84
ChemSpacE extreme-SVM,BertzCT,92.42424242424244,92.42424242424244,50,50,1.0,1,7.284354713588849,4.8331227837985855,0.08290753711906493,1.0371762645397031,1.0,0.0,0.84
ChemSpacE extreme-SVM,BertzCT,95.45454545454544,95.45454545454544,50,50,1.0,1,7.284354713588849,4.8331227837985855,0.08290753711906493,1.0371762645397031,1.0,0.0,0.84
ChemSpacE extreme-SVM,BertzCT,98.48484848484848,98.48484848484848,50,50,1.0,1,7.284354713588849,4.8331227837985855,0.08290753711906493,1.0371762645397031,1.0,0.0,0.84
ChemSpacE extreme-SVM,BertzCT,101.5151515151515,101.5151515151515,50,50,1.0,1,7.284354713588849,4.8331227837985855,0.08290753711906493,1.0371762645397031,1.0,0.0,0.84
ChemSpacE extreme-SVM,BertzCT,104.54545454545452,104.54545454545452,50,50,1.0,1,7.284354713588849,4.8331227837985855,0.08290753711906493,1.0371762645397031,1.0,0.0,0.84
ChemSpacE extreme-SVM,BertzCT,107.57575757575756,107.57575757575756,50,50,1.0,1,7.284354713588849,4.8331227837985855,0.08290753711906493,1.0371762645397031,1.0,0.0,0.84
ChemSpacE extreme-SVM,BertzCT,110.60606060606062,110.60606060606062,50,50,1.0,1,7.284354713588849,4.8331227837985855,0.08290753711906493,1.0371762645397031,1.0,0.0,0.84
ChemSpacE extreme-SVM,BertzCT,113.63636363636364,113.63636363636364,50,50,1.0,1,7.284354713588849,4.8331227837985855,0.08290753711906493,1.0371762645397031,1.0,0.0,0.84
ChemSpacE extreme-SVM,BertzCT,116.66666666666669,116.66666666666669,50,50,1.0,1,7.284354713588849,4.8331227837985855,0.08290753711906493,1.0371762645397031,1.0,0.0,0.84
ChemSpacE extreme-SVM,BertzCT,119.69696969696967,119.69696969696967,50,50,1.0,1,7.284354713588849,4.8331227837985855,0.08290753711906493,1.0371762645397031,1.0,0.0,0.84
ChemSpacE extreme-SVM,BertzCT,122.72727272727276,122.72727272727276,50,50,1.0,1,7.284354713588849,4.8331227837985855,0.08290753711906493,1.0371762645397031,1.0,0.0,0.84
ChemSpacE extreme-SVM,BertzCT,125.75757575757576,125.75757575757576,50,50,1.0,1,7.284354713588849,4.8331227837985855,0.08290753711906493,1.0371762645397031,1.0,0.0,0.84
ChemSpacE extreme-SVM,BertzCT,128.7878787878788,128.7878787878788,50,50,1.0,1,7.284354713588849,4.8331227837985855,0.08290753711906493,1.0371762645397031,1.0,0.0,0.84
ChemSpacE extreme-SVM,BertzCT,131.8181818181818,131.8181818181818,50,50,1.0,1,7.284354713588849,4.8331227837985855,0.08290753711906493,1.0371762645397031,1.0,0.0,0.84
ChemSpacE extreme-SVM,BertzCT,134.84848484848487,134.84848484848487,50,50,1.0,1,7.284354713588849,4.8331227837985855,0.08290753711906493,1.0371762645397031,1.0,0.0,0.84
ChemSpacE extreme-SVM,BertzCT,137.87878787878788,137.87878787878788,50,50,1.0,1,7.284354713588849,4.8331227837985855,0.08290753711906493,1.0371762645397031,1.0,0.0,0.84
ChemSpacE extreme-SVM,BertzCT,140.90909090909088,140.90909090909088,50,50,1.0,1,7.284354713588849,4.8331227837985855,0.08290753711906493,1.0371762645397031,1.0,0.0,0.84
ChemSpacE extreme-SVM,BertzCT,143.93939393939394,143.93939393939394,50,50,1.0,1,7.284354713588849,4.8331227837985855,0.08290753711906493,1.0371762645397031,1.0,0.0,0.84
ChemSpacE extreme-SVM,BertzCT,146.96969696969694,146.96969696969694,50,50,1.0,1,7.284354713588849,4.8331227837985855,0.08290753711906493,1.0371762645397031,1.0,0.0,0.84
ChemSpacE extreme-SVM,BertzCT,150.0,150.0,50,50,1.0,1,7.284354713588849,4.8331227837985855,0.08290753711906493,1.0371762645397031,1.0,0.0,0.84
ChemSpacE extreme-SVM,HeavyAtomCount,-150.0,150.0,50,0,0.0,0,,,,,,,
ChemSpacE extreme-SVM,HeavyAtomCount,-146.96969696969697,146.96969696969697,50,0,0.0,0,,,,,,,
ChemSpacE extreme-SVM,HeavyAtomCount,-143.93939393939394,143.93939393939394,50,0,0.0,0,,,,,,,
ChemSpacE extreme-SVM,HeavyAtomCount,-140.9090909090909,140.9090909090909,50,0,0.0,0,,,,,,,
ChemSpacE extreme-SVM,HeavyAtomCount,-137.87878787878788,137.87878787878788,50,0,0.0,0,,,,,,,
ChemSpacE extreme-SVM,HeavyAtomCount,-134.84848484848484,134.84848484848484,50,0,0.0,0,,,,,,,
ChemSpacE extreme-SVM,HeavyAtomCount,-131.8181818181818,131.8181818181818,50,0,0.0,0,,,,,,,
ChemSpacE extreme-SVM,HeavyAtomCount,-128.78787878787878,128.78787878787878,50,0,0.0,0,,,,,,,
ChemSpacE extreme-SVM,HeavyAtomCount,-125.75757575757576,125.75757575757576,50,0,0.0,0,,,,,,,
ChemSpacE extreme-SVM,HeavyAtomCount,-122.72727272727272,122.72727272727272,50,0,0.0,0,,,,,,,
ChemSpacE extreme-SVM,HeavyAtomCount,-119.69696969696967,119.69696969696967,50,0,0.0,0,,,,,,,
ChemSpacE extreme-SVM,HeavyAtomCount,-116.66666666666666,116.66666666666666,50,0,0.0,0,,,,,,,
ChemSpacE extreme-SVM,HeavyAtomCount,-113.63636363636364,113.63636363636364,50,0,0.0,0,,,,,,,
ChemSpacE extreme-SVM,HeavyAtomCount,-110.6060606060606,110.6060606060606,50,0,0.0,0,,,,,,,
ChemSpacE extreme-SVM,HeavyAtomCount,-107.57575757575758,107.57575757575758,50,0,0.0,0,,,,,,,
ChemSpacE extreme-SVM,HeavyAtomCount,-104.54545454545456,104.54545454545456,50,0,0.0,0,,,,,,,
ChemSpacE extreme-SVM,HeavyAtomCount,-101.51515151515152,101.51515151515152,50,0,0.0,0,,,,,,,
ChemSpacE extreme-SVM,HeavyAtomCount,-98.48484848484848,98.48484848484848,50,0,0.0,0,,,,,,,
ChemSpacE extreme-SVM,HeavyAtomCount,-95.45454545454544,95.45454545454544,50,0,0.0,0,,,,,,,
ChemSpacE extreme-SVM,HeavyAtomCount,-92.42424242424242,92.42424242424242,50,0,0.0,0,,,,,,,
ChemSpacE extreme-SVM,HeavyAtomCount,-89.39393939393939,89.39393939393939,50,0,0.0,0,,,,,,,
ChemSpacE extreme-SVM,HeavyAtomCount,-86.36363636363637,86.36363636363637,50,0,0.0,0,,,,,,,
ChemSpacE extreme-SVM,HeavyAtomCount,-83.33333333333333,83.33333333333333,50,0,0.0,0,,,,,,,
ChemSpacE extreme-SVM,HeavyAtomCount,-80.3030303030303,80.3030303030303,50,0,0.0,0,,,,,,,
ChemSpacE extreme-SVM,HeavyAtomCount,-77.27272727272728,77.27272727272728,50,0,0.0,0,,,,,,,
ChemSpacE extreme-SVM,HeavyAtomCount,-74.24242424242425,74.24242424242425,50,0,0.0,0,,,,,,,
ChemSpacE extreme-SVM,HeavyAtomCount,-71.21212121212122,71.21212121212122,50,0,0.0,0,,,,,,,
ChemSpacE extreme-SVM,HeavyAtomCount,-68.18181818181819,68.18181818181819,50,0,0.0,0,,,,,,,
ChemSpacE extreme-SVM,HeavyAtomCount,-65.15151515151516,65.15151515151516,50,0,0.0,0,,,,,,,
ChemSpacE extreme-SVM,HeavyAtomCount,-62.121212121212125,62.121212121212125,50,0,0.0,0,,,,,,,
ChemSpacE extreme-SVM,HeavyAtomCount,-59.09090909090909,59.09090909090909,50,0,0.0,0,,,,,,,
ChemSpacE extreme-SVM,HeavyAtomCount,-56.06060606060606,56.06060606060606,50,0,0.0,0,,,,,,,
ChemSpacE extreme-SVM,HeavyAtomCount,-53.03030303030303,53.03030303030303,50,0,0.0,0,,,,,,,
ChemSpacE extreme-SVM,HeavyAtomCount,-50.0,50.0,50,0,0.0,0,,,,,,,
ChemSpacE extreme-SVM,HeavyAtomCount,-46.96969696969697,46.96969696969697,50,0,0.0,0,,,,,,,
ChemSpacE extreme-SVM,HeavyAtomCount,-43.93939393939394,43.93939393939394,50,0,0.0,0,,,,,,,
ChemSpacE extreme-SVM,HeavyAtomCount,-40.90909090909091,40.90909090909091,50,0,0.0,0,,,,,,,
ChemSpacE extreme-SVM,HeavyAtomCount,-37.87878787878788,37.87878787878788,50,0,0.0,0,,,,,,,
ChemSpacE extreme-SVM,HeavyAtomCount,-34.848484848484844,34.848484848484844,50,0,0.0,0,,,,,,,
ChemSpacE extreme-SVM,HeavyAtomCount,-31.818181818181813,31.818181818181813,50,0,0.0,0,,,,,,,
ChemSpacE extreme-SVM,HeavyAtomCount,-28.787878787878785,28.787878787878785,50,0,0.0,0,,,,,,,
ChemSpacE extreme-SVM,HeavyAtomCount,-25.757575757575765,25.757575757575765,50,0,0.0,0,,,,,,,
ChemSpacE extreme-SVM,HeavyAtomCount,-22.727272727272734,22.727272727272734,50,8,0.16,1,7.3284153846153846,4.8915128944008295,0.0,1.2807410198479299,0.0,0.0,0.875
ChemSpacE extreme-SVM,HeavyAtomCount,-19.69696969696969,19.69696969696969,50,14,0.28,2,7.3284153846153846,4.813218022595819,0.0,0.8312448525546011,0.0,0.0,0.8571428571428571
ChemSpacE extreme-SVM,HeavyAtomCount,-16.666666666666657,16.666666666666657,50,31,0.62,2,7.3284153846153846,4.838820493063418,0.0,0.5676923832217768,0.0,0.0,0.8387096774193549
ChemSpacE extreme-SVM,HeavyAtomCount,-13.636363636363626,13.636363636363626,50,44,0.88,8,7.3284153846153846,4.580713204614731,0.0,0.8707372381851228,0.0,0.13636363636363635,0.8181818181818182
ChemSpacE extreme-SVM,HeavyAtomCount,-10.606060606060597,10.606060606060597,50,49,0.98,15,2.7475679189493913,0.5802057371780371,0.0251286675201,1.0119436995169022,0.5,0.20408163265306123,0.8571428571428571
ChemSpacE extreme-SVM,HeavyAtomCount,-7.575757575757564,7.575757575757564,50,50,1.0,40,2.9457419065828887,0.41583257780817284,0.4786285547801,1.2320369183689202,0.8333333333333334,0.36,0.88
ChemSpacE extreme-SVM,HeavyAtomCount,-4.545454545454561,4.545454545454561,50,50,1.0,50,3.551358423060926,0.990625017708513,0.8273761172229754,1.4082378193255525,0.8397435897435898,0.2,0.88
ChemSpacE extreme-SVM,HeavyAtomCount,-1.5151515151515298,1.5151515151515298,50,50,1.0,50,2.447923351638156,0.40591957323841976,-0.8214444243300341,0.36499873126732485,0.9677083333333334,0.3333333333333333,0.7222222222222222
ChemSpacE extreme-SVM,HeavyAtomCount,1.5151515151515014,1.5151515151515014,50,50,1.0,50,2.8011758065447694,0.9551803429136485,-0.5030709764170138,0.5544186122254353,0.9482606132075472,0.0,0.9090909090909091
ChemSpacE extreme-SVM,HeavyAtomCount,4.5454545454545325,4.5454545454545325,50,50,1.0,50,4.516663712359147,2.0442722249230343,0.15850046985573304,1.054266933071916,0.8130296610169492,0.022222222222222223,0.9555555555555556
ChemSpacE extreme-SVM,HeavyAtomCount,7.575757575757564,7.575757575757564,50,50,1.0,50,5.111926227458941,2.867708050827055,0.46055767867117325,1.2130581038140409,0.7352941176470589,0.0,0.9591836734693877
ChemSpacE extreme-SVM,HeavyAtomCount,10.606060606060597,10.606060606060597,50,50,1.0,49,6.096277910662291,3.5174881571915,0.49862141669193455,1.3601352484486369,0.69338199513382,0.0,0.94
ChemSpacE extreme-SVM,HeavyAtomCount,13.636363636363626,13.636363636363626,50,50,1.0,48,5.897654571942917,3.3220042314926053,0.599249795309025,1.4284690151042292,0.6929280397022333,0.0,0.96
ChemSpacE extreme-SVM,HeavyAtomCount,16.666666666666657,16.666666666666657,50,50,1.0,48,5.829024420067089,3.378581687231839,0.6163138323610726,1.489358580848482,0.6833057166528583,0.0,0.94
ChemSpacE extreme-SVM,HeavyAtomCount,19.69696969696969,19.69696969696969,50,50,1.0,48,7.0373458252131265,4.420745381763619,0.4959444322056027,1.322880606296474,0.6385742838107928,0.0,0.96
ChemSpacE extreme-SVM,HeavyAtomCount,22.72727272727272,22.72727272727272,50,50,1.0,50,7.172939599175304,4.709547086087811,0.19634024406388076,1.23556906700819,0.6104594330400782,0.0,0.9
ChemSpacE extreme-SVM,HeavyAtomCount,25.75757575757575,25.75757575757575,50,50,1.0,50,7.254277540160004,4.774222166386708,0.12216329498513159,1.121514064271191,0.6248484848484848,0.0,0.9
ChemSpacE extreme-SVM,HeavyAtomCount,28.787878787878785,28.787878787878785,50,50,1.0,50,7.673121923420274,4.7866255665742745,0.10698932198150704,0.9794922502182337,0.5833333333333334,0.0,0.9
ChemSpacE extreme-SVM,HeavyAtomCount,31.818181818181813,31.818181818181813,50,50,1.0,50,7.963991985042292,5.122642963795525,0.09431216180497015,0.9795163232075922,0.5881211180124224,0.0,0.88
ChemSpacE extreme-SVM,HeavyAtomCount,34.848484848484844,34.848484848484844,50,50,1.0,49,8.206470517374749,5.351481731423088,0.09562940932344186,0.976749753089551,0.5522496371552975,0.0,0.88
ChemSpacE extreme-SVM,HeavyAtomCount,37.87878787878788,37.87878787878788,50,50,1.0,49,7.986022974203677,5.245404086556848,0.07675584498514113,0.9814042706815609,0.564421106557377,0.0,0.88
ChemSpacE extreme-SVM,HeavyAtomCount,40.90909090909091,40.90909090909091,50,50,1.0,48,7.954797256204545,5.2119816335396525,0.08017906092857786,0.9814042706815609,0.5699797160243407,0.0,0.86
ChemSpacE extreme-SVM,HeavyAtomCount,43.93939393939394,43.93939393939394,50,50,1.0,48,7.856971520612184,5.319945724048888,0.07268853523193211,0.9737210652617121,0.5377777777777778,0.0,0.86
ChemSpacE extreme-SVM,HeavyAtomCount,46.96969696969697,46.96969696969697,50,50,1.0,47,7.8420633820817,5.338117354806387,0.07504712546389124,0.9723837796744155,0.520609824957651,0.0,0.86
ChemSpacE extreme-SVM,HeavyAtomCount,50.0,50.0,50,50,1.0,47,7.8420633820817,5.203919226988594,0.08108275330136094,0.9989351974348033,0.5949902407286922,0.0,0.86
ChemSpacE extreme-SVM,HeavyAtomCount,53.03030303030303,53.03030303030303,50,50,1.0,45,7.8420633820817,5.153656208823644,0.07697188881842533,1.0000122453006592,0.5892857142857142,0.0,0.86
ChemSpacE extreme-SVM,HeavyAtomCount,56.06060606060606,56.06060606060606,50,50,1.0,46,7.820386684457028,5.2114597000362775,0.0830641872840909,1.0000122453006592,0.5166666666666666,0.0,0.88
ChemSpacE extreme-SVM,HeavyAtomCount,59.09090909090909,59.09090909090909,50,50,1.0,44,7.8420633820817,5.227502048698881,0.08322083744911689,1.0316076777192096,0.47896825396825393,0.0,0.88
ChemSpacE extreme-SVM,HeavyAtomCount,62.121212121212125,62.121212121212125,50,50,1.0,43,7.8420633820817,5.265850453609776,0.07769549777592857,1.0369003361450917,0.5242424242424242,0.0,0.88
ChemSpacE extreme-SVM,HeavyAtomCount,65.15151515151516,65.15151515151516,50,50,1.0,43,7.831225033269364,5.229151871822419,0.06943179701561397,1.0289729282291447,0.5266666666666666,0.0,0.84
ChemSpacE extreme-SVM,HeavyAtomCount,68.18181818181819,68.18181818181819,50,50,1.0,41,7.8420633820817,5.258468366930188,0.06411003710441962,1.029760192705658,0.5067567567567568,0.0,0.84
ChemSpacE extreme-SVM,HeavyAtomCount,71.21212121212122,71.21212121212122,50,50,1.0,40,7.820386684457028,5.2795328234603005,0.055878196336066235,1.0527858505072538,0.569047619047619,0.0,0.84
ChemSpacE extreme-SVM,HeavyAtomCount,74.24242424242425,74.24242424242425,50,50,1.0,38,7.784054728591233,5.284608658993384,0.05562110251537116,1.052822998404534,0.575187969924812,0.0,0.84
ChemSpacE extreme-SVM,HeavyAtomCount,77.27272727272728,77.27272727272728,50,50,1.0,31,7.98158898607228,5.374364605296456,0.05300441931990909,1.0442970907405429,0.625,0.0,0.84
ChemSpacE extreme-SVM,HeavyAtomCount,80.30303030303031,80.30303030303031,50,50,1.0,28,7.98158898607228,5.370513382660125,0.05300441931990909,1.0507576499709366,0.625,0.0,0.84
ChemSpacE extreme-SVM,HeavyAtomCount,83.33333333333334,83.33333333333334,50,50,1.0,27,7.98158898607228,5.256202657066602,0.05300441931990909,1.06161210943856,0.625,0.0,0.84
ChemSpacE extreme-SVM,HeavyAtomCount,86.36363636363637,86.36363636363637,50,50,1.0,24,7.98158898607228,5.367698013873198,0.05300441931990909,1.0762042239898506,0.625,0.0,0.84
ChemSpacE extreme-SVM,HeavyAtomCount,89.3939393939394,89.3939393939394,50,50,1.0,21,7.98158898607228,5.431783722767025,0.05300441931990909,1.0762042239898506,0.625,0.0,0.84
ChemSpacE extreme-SVM,HeavyAtomCount,92.42424242424244,92.42424242424244,50,50,1.0,19,7.98158898607228,5.524425597936529,0.05300441931990909,1.0762042239898506,0.625,0.0,0.84
ChemSpacE extreme-SVM,HeavyAtomCount,95.45454545454544,95.45454545454544,50,50,1.0,16,7.98158898607228,5.530357056282017,0.05300441931990909,1.073481971010487,0.625,0.0,0.84
ChemSpacE extreme-SVM,HeavyAtomCount,98.48484848484848,98.48484848484848,50,50,1.0,16,7.98158898607228,5.544437484115812,0.05300441931990909,1.0762042239898506,0.625,0.0,0.84
ChemSpacE extreme-SVM,HeavyAtomCount,101.5151515151515,101.5151515151515,50,50,1.0,15,7.98158898607228,5.560906726603583,0.05300441931990909,1.073481971010487,0.625,0.0,0.84
ChemSpacE extreme-SVM,HeavyAtomCount,104.54545454545452,104.54545454545452,50,50,1.0,14,7.98158898607228,5.552589003622857,0.05300441931990909,1.073481971010487,0.625,0.0,0.84
ChemSpacE extreme-SVM,HeavyAtomCount,107.57575757575756,107.57575757575756,50,50,1.0,14,7.98158898607228,5.515477520501236,0.05300441931990909,1.073481971010487,0.625,0.0,0.84
ChemSpacE extreme-SVM,HeavyAtomCount,110.60606060606062,110.60606060606062,50,50,1.0,13,7.98158898607228,5.530357056282017,0.05300441931990909,1.076450639099448,0.625,0.0,0.84
ChemSpacE extreme-SVM,HeavyAtomCount,113.63636363636364,113.63636363636364,50,50,1.0,10,7.98158898607228,5.530357056282017,0.05300441931990909,1.076450639099448,0.625,0.0,0.84
ChemSpacE extreme-SVM,HeavyAtomCount,116.66666666666669,116.66666666666669,50,50,1.0,10,7.98158898607228,5.515477520501236,0.05300441931990909,0.9807709370805928,0.625,0.0,0.84
ChemSpacE extreme-SVM,HeavyAtomCount,119.69696969696967,119.69696969696967,50,50,1.0,10,7.98158898607228,5.515477520501236,0.05300441931990909,0.9807709370805928,0.625,0.0,0.84
ChemSpacE extreme-SVM,HeavyAtomCount,122.72727272727276,122.72727272727276,50,50,1.0,10,7.98158898607228,5.515477520501236,0.05300441931990909,0.9807709370805928,0.625,0.0,0.84
ChemSpacE extreme-SVM,HeavyAtomCount,125.75757575757576,125.75757575757576,50,50,1.0,10,7.98158898607228,5.515477520501236,0.05300441931990909,0.9807709370805928,0.625,0.0,0.84
ChemSpacE extreme-SVM,HeavyAtomCount,128.7878787878788,128.7878787878788,50,50,1.0,9,7.98158898607228,5.5007700783380304,0.05300441931990909,0.9807709370805928,0.625,0.0,0.84
ChemSpacE extreme-SVM,HeavyAtomCount,131.8181818181818,131.8181818181818,50,50,1.0,9,7.98158898607228,5.4778025068394935,0.05300441931990909,0.9807709370805928,0.625,0.0,0.84
ChemSpacE extreme-SVM,HeavyAtomCount,134.84848484848487,134.84848484848487,50,50,1.0,8,7.98158898607228,5.5007700783380304,0.05300441931990909,0.9807709370805928,0.625,0.0,0.84
ChemSpacE extreme-SVM,HeavyAtomCount,137.87878787878788,137.87878787878788,50,50,1.0,7,7.98158898607228,5.4778025068394935,0.05300441931990909,0.9807709370805928,0.625,0.0,0.84
ChemSpacE extreme-SVM,HeavyAtomCount,140.90909090909088,140.90909090909088,50,50,1.0,7,7.98158898607228,5.5007700783380304,0.05300441931990909,0.9807709370805928,0.625,0.0,0.84
ChemSpacE extreme-SVM,HeavyAtomCount,143.93939393939394,143.93939393939394,50,50,1.0,7,7.98158898607228,5.5007700783380304,0.05300441931990909,1.076450639099448,0.625,0.0,0.84
ChemSpacE extreme-SVM,HeavyAtomCount,146.96969696969694,146.96969696969694,50,50,1.0,6,7.98158898607228,5.5007700783380304,0.05300441931990909,1.076450639099448,0.625,0.0,0.84
ChemSpacE extreme-SVM,HeavyAtomCount,150.0,150.0,50,50,1.0,5,7.98158898607228,5.515477520501236,0.05300441931990909,1.076450639099448,0.625,0.0,0.84
