method,property,seed_id,requested_candidates,valid_candidates,distinct_canonical_structures,median_sa_score,median_np_likeness,median_np_fragment_confidence,valid_changed_candidates,median_delta_sa_vs_seed,median_delta_np_vs_seed,median_delta_np_confidence_vs_seed,sa_nonworsening_fraction_valid_changed,np_nondecreasing_fraction_valid_changed,sa_and_np_fraction_valid_changed
MolecuLA raw OLS (seed-excluded),FractionCSP3,0,100,100,61,5.270791516079705,0.5280939271174463,0.7719298245614035,85,3.391727643201138,2.5433666639456547,-0.2592093441150045,0.0,1.0,0.0
MolecuLA raw OLS (seed-excluded),FractionCSP3,1,100,100,60,4.950446804603581,0.685133135986522,0.7448894451397581,84,3.0008995498522566,1.9961117483946742,-0.30000000000000004,0.0,1.0,0.0
MolecuLA raw OLS (seed-excluded),FractionCSP3,2,100,100,51,4.402897847375685,0.5587096528503444,0.8125,81,2.1725756694321046,2.4888576312145445,-0.18681318681318682,0.08641975308641975,1.0,0.08641975308641975
MolecuLA raw OLS (seed-excluded),FractionCSP3,3,100,100,72,5.044786449488569,0.8495921254419334,0.7730616864742501,86,1.4836488853596634,0.9209503871901102,-0.1624379481522339,0.03488372093023256,0.9186046511627907,0.0
MolecuLA raw OLS (seed-excluded),FractionCSP3,4,100,100,54,4.4759201720159325,0.49555034734383996,0.8188775510204082,85,2.5289568267654365,1.7252025698233822,-0.22807017543859653,0.0,0.9764705882352941,0.0
MolecuLA raw OLS (seed-excluded),FractionCSP3,5,100,100,79,5.7317309082077506,0.35343897930191187,0.718349358974359,93,2.8243425644528397,2.1850336533933183,-0.26149732620320854,0.043010752688172046,0.956989247311828,0.0
MolecuLA raw OLS (seed-excluded),FractionCSP3,6,100,100,78,5.241721483233305,0.5124594963518926,0.7628968253968254,97,1.6806472472198708,1.8437188682462304,-0.19584171696847752,0.010309278350515464,1.0,0.010309278350515464
MolecuLA raw OLS (seed-excluded),FractionCSP3,7,100,100,41,4.280650156498542,0.7328298691002001,0.76,82,1.8924425777953235,1.3548398651252123,-0.2246963562753037,0.0,0.9878048780487805,0.0
MolecuLA raw OLS (seed-excluded),FractionCSP3,8,100,100,57,4.556863441713126,0.8394316463454385,0.8933962264150943,82,2.4491169304976443,1.1479980332463962,-0.13295019157088117,0.0,1.0,0.0
MolecuLA raw OLS (seed-excluded),FractionCSP3,9,100,100,47,4.342460374646276,0.4308163732475868,0.830952380952381,80,2.1852484709401176,1.8192677157560309,-0.2238095238095238,0.0,0.9625,0.0
MolecuLA raw OLS (seed-excluded),FractionCSP3,10,100,100,67,5.099981203071977,0.7698966359670387,0.7909632571996028,87,2.348851154276967,2.1072717991260497,-0.20467836257309935,0.0,1.0,0.0
MolecuLA raw OLS (seed-excluded),FractionCSP3,11,100,100,36,4.63169122405166,0.174238444481635,0.8610038610038611,82,2.1518467790535003,2.060833947280181,-0.0949383949383949,0.0,1.0,0.0
MolecuLA raw OLS (seed-excluded),FractionCSP3,12,100,100,65,4.6336873648725945,0.31487969786469633,0.8487707261292168,85,2.276251916973889,1.9378577151273673,-0.15583075335397312,0.0,1.0,0.0
MolecuLA raw OLS (seed-excluded),FractionCSP3,13,100,100,47,4.105136637175077,0.7627223254921622,0.875,79,1.81513212792325,0.16880060083664028,-0.09605662285136507,0.0759493670886076,0.7848101265822784,0.0
MolecuLA raw OLS (seed-excluded),FractionCSP3,14,100,100,65,5.191730264441249,0.9134482319254531,0.7741935483870968,83,2.9129734440944803,2.3841896189404572,-0.20141969831410833,0.0,1.0,0.0
MolecuLA raw OLS (seed-excluded),FractionCSP3,15,100,100,68,4.946925815731875,0.7155760140046765,0.747093023255814,86,2.4923871481737674,1.3760324912879052,-0.1995098039215687,0.0,1.0,0.0
MolecuLA raw OLS (seed-excluded),FractionCSP3,16,100,100,59,5.160994248040744,0.6937300200223883,0.7561561561561562,84,3.067644605355948,2.2125080432385476,-0.3020833333333333,0.03571428571428571,0.9642857142857143,0.0
MolecuLA raw OLS (seed-excluded),FractionCSP3,17,100,100,75,5.800623569387356,0.2359255419354126,0.6779661016949152,94,2.9745004226205323,1.5495642221386143,-0.24887082204155375,0.0,1.0,0.0
MolecuLA raw OLS (seed-excluded),FractionCSP3,18,100,100,69,4.796790478193284,0.6548563165540591,0.8145979703356753,86,2.72594007677402,2.3059167558566926,-0.197773654916512,0.0,1.0,0.0
MolecuLA raw OLS (seed-excluded),FractionCSP3,19,100,100,64,5.755674022378003,0.5426505256151272,0.6904186795491143,85,3.4882358409801277,3.714773732258055,-0.3195918367346938,0.0,1.0,0.0
MolecuLA raw OLS (seed-excluded),FractionCSP3,20,100,100,74,5.382206955189283,0.4474739464925748,0.7847127555988316,92,2.767188435358763,1.7037137660976778,-0.17700559701492535,0.0,0.9891304347826086,0.0
MolecuLA raw OLS (seed-excluded),FractionCSP3,21,100,100,65,5.759065078005759,1.0043268171294377,0.8333333333333334,88,3.653550915693284,0.797046603186436,-0.14566789143060327,0.0,0.9545454545454546,0.0
MolecuLA raw OLS (seed-excluded),FractionCSP3,22,100,100,62,4.694503020581591,0.42267936448061594,0.7939876215738284,86,1.795652485680125,0.9089256940698713,-0.16249999999999992,0.0,0.9651162790697675,0.0
MolecuLA raw OLS (seed-excluded),FractionCSP3,23,100,100,57,4.4135389940089516,1.0384260901514684,0.8529411764705882,85,2.3089804257689313,0.8955847222397746,-0.19047619047619047,0.0,0.9529411764705882,0.0
MolecuLA raw OLS (seed-excluded),FractionCSP3,24,100,100,52,4.324108852284522,0.6322234574659308,0.8,80,3.1318730275426385,2.430170205100351,-0.2655699177438308,0.0,1.0,0.0
MolecuLA raw OLS (seed-excluded),FractionCSP3,25,100,100,79,5.081305584700287,0.6734318464157523,0.8417616004445679,90,2.2462701411768706,0.8085824512407934,-0.18107302533532038,0.044444444444444446,0.9111111111111111,0.022222222222222223
MolecuLA raw OLS (seed-excluded),FractionCSP3,26,100,100,51,4.547312528950017,0.4596562372551734,0.7857142857142857,87,2.136594157216349,2.0435025884500964,-0.18663594470046085,0.0,1.0,0.0
MolecuLA raw OLS (seed-excluded),FractionCSP3,27,100,100,60,4.589033373930651,0.7857305483820612,0.7755102040816326,88,2.241990398536549,0.7777141752317682,-0.13888888888888884,0.0,0.9545454545454546,0.0
MolecuLA raw OLS (seed-excluded),FractionCSP3,28,100,100,55,4.091513868831775,0.6472987350633952,0.9545454545454546,85,2.5664143329959046,0.7661199602598093,-0.15555555555555556,0.0,0.9529411764705882,0.0
MolecuLA raw OLS (seed-excluded),FractionCSP3,29,100,100,48,3.857324427994403,0.6936879102363052,0.8933143669985775,75,2.8115607553739794,2.635238272138762,-0.24242424242424243,0.0,1.0,0.0
MolecuLA raw OLS (seed-excluded),FractionCSP3,30,100,100,67,4.715625434053566,0.5857049486469167,0.7619825708061002,85,2.6385850521654515,1.6310796874064657,-0.19335548172757477,0.0,1.0,0.0
MolecuLA raw OLS (seed-excluded),FractionCSP3,31,100,100,54,4.640720007830521,0.8472778321360899,0.7841614906832298,84,1.6241965545706267,0.006657709082311225,-0.1934959349593497,0.011904761904761904,0.5119047619047619,0.011904761904761904
MolecuLA raw OLS (seed-excluded),FractionCSP3,32,100,100,53,4.397763430283087,0.6447076537852325,0.7850140056022409,84,2.2899754163884682,0.2521218626387907,-0.23333333333333328,0.0,0.75,0.0
MolecuLA raw OLS (seed-excluded),FractionCSP3,33,100,100,50,4.281907482527238,0.3160856790850875,0.8571428571428571,80,2.353218151500049,1.1843249308122186,-0.1830779054916985,0.0,0.95,0.0
MolecuLA raw OLS (seed-excluded),FractionCSP3,34,100,100,85,5.523550378907725,0.5925649932856043,0.7421798631476051,100,3.0339554873557577,1.963076604015856,-0.22448680351906158,0.0,1.0,0.0
MolecuLA raw OLS (seed-excluded),FractionCSP3,35,100,100,54,4.589137444643403,0.3871944537837286,0.8571428571428571,86,2.375659802293606,2.324175695597364,-0.18219461697722567,0.13953488372093023,1.0,0.13953488372093023
MolecuLA raw OLS (seed-excluded),FractionCSP3,36,100,100,61,5.23448084846125,0.6305157426284516,0.7526199669056812,84,2.3349005163808223,1.5188448897824176,-0.20660649207559956,0.09523809523809523,1.0,0.09523809523809523
MolecuLA raw OLS (seed-excluded),FractionCSP3,37,100,100,67,4.662357494427163,0.577433661926692,0.8330434782608696,89,2.611537796525364,1.9050382550178546,-0.18792517006802723,0.0,1.0,0.0
MolecuLA raw OLS (seed-excluded),FractionCSP3,38,100,100,58,4.9415028331902455,0.8867842784906863,0.7870879120879121,85,1.3982286728575497,-1.0867298755975516,-0.24528301886792447,0.047058823529411764,0.058823529411764705,0.0
MolecuLA raw OLS (seed-excluded),FractionCSP3,39,100,100,49,3.758271376779348,0.4819498986396815,0.8623737373737375,81,1.723798771603164,1.1759369098895274,-0.14017857142857137,0.04938271604938271,0.9506172839506173,0.0
MolecuLA raw OLS (seed-excluded),FractionCSP3,40,100,100,53,4.2903905864789085,0.3662584958605125,0.8292682926829268,85,2.5494762297874933,1.701629691142964,-0.2075471698113207,0.011764705882352941,0.9882352941176471,0.0
MolecuLA raw OLS (seed-excluded),FractionCSP3,41,100,100,64,4.703500399993381,1.0715183987753267,0.8530997304582211,85,2.4032594559506233,1.1656503443967743,-0.13101604278074874,0.0,1.0,0.0
MolecuLA raw OLS (seed-excluded),FractionCSP3,42,100,100,71,5.231523969210716,0.6542181681041994,0.7866531850353893,86,2.4230093965019868,1.1216527368133842,-0.14909090909090905,0.046511627906976744,0.9651162790697675,0.011627906976744186
MolecuLA raw OLS (seed-excluded),FractionCSP3,43,100,100,48,4.037694149167335,0.559675566366483,0.8293269230769231,79,2.3836629587554725,1.3064396539534386,-0.16809492419248517,0.0,1.0,0.0
MolecuLA raw OLS (seed-excluded),FractionCSP3,44,100,100,73,4.766019812930188,0.9443739777036287,0.8164983164983165,89,2.363717136081025,1.0557993172024094,-0.19999999999999996,0.0,1.0,0.0
MolecuLA raw OLS (seed-excluded),FractionCSP3,45,100,100,48,4.744930152648436,0.3465663282074763,0.9128873771730914,86,2.4886537582692285,2.1569493932810744,-0.15620782726045884,0.0,1.0,0.0
MolecuLA raw OLS (seed-excluded),FractionCSP3,46,100,100,64,4.700576401944145,0.829381327864674,0.7977272727272727,85,2.574346616970092,1.4556150861161075,-0.13095238095238093,0.0,1.0,0.0
MolecuLA raw OLS (seed-excluded),FractionCSP3,47,100,100,68,4.7835051233301655,0.8845077265452174,0.8109181141439206,84,2.3725745757297876,1.835105727280737,-0.1846841682907257,0.0,1.0,0.0
MolecuLA raw OLS (seed-excluded),FractionCSP3,48,100,100,62,4.335265242393146,0.6465882335286484,0.8611971104231166,84,2.6512975335762428,1.1595551877239796,-0.1816666666666667,0.0,1.0,0.0
MolecuLA raw OLS (seed-excluded),FractionCSP3,49,100,100,69,4.438831362946553,0.6253982814914538,0.8331271265078874,89,1.7500642416969567,1.725788027119076,-0.16764132553606237,0.0,1.0,0.0
MolecuLA raw OLS (seed-excluded),HBA,0,100,100,60,5.3010749657896445,0.0,0.6666666666666666,89,3.749063105446731,2.0455636148066767,-0.30952380952380953,0.0,1.0,0.0
MolecuLA raw OLS (seed-excluded),HBA,1,100,100,58,4.214312279055393,0.2365208755545596,0.7828282828282829,86,2.499312414636088,1.573241928087179,-0.2571428571428571,0.011627906976744186,0.9883720930232558,0.0
MolecuLA raw OLS (seed-excluded),HBA,2,100,100,43,3.6669045867477,0.15513364757902,0.8333333333333334,83,1.756064943110145,1.9860179068907113,-0.0714285714285714,0.0,1.0,0.0
MolecuLA raw OLS (seed-excluded),HBA,3,100,100,54,4.742984353613271,0.11275921399841671,0.6842105263157895,89,1.1052855176450285,0.008183921111221737,-0.2517006802721089,0.0898876404494382,0.5280898876404494,0.0449438202247191
MolecuLA raw OLS (seed-excluded),HBA,4,100,100,49,3.8242771969726843,-0.093546191362,0.8437118437118437,87,1.822691090704108,0.9101089652194735,-0.20512820512820518,0.0,0.9885057471264368,0.0
MolecuLA raw OLS (seed-excluded),HBA,5,100,100,44,4.575462077579202,0.45746237772318576,0.7116883116883117,96,1.7432230419364263,2.303541219553508,-0.26225490196078427,0.020833333333333332,0.9479166666666666,0.0
MolecuLA raw OLS (seed-excluded),HBA,6,100,100,53,4.7480710875998415,-0.01108303429414991,0.7647058823529411,96,1.1911159358210637,1.3300457362072482,-0.201336222462983,0.17708333333333334,1.0,0.17708333333333334
MolecuLA raw OLS (seed-excluded),HBA,7,100,100,43,4.633043020725215,0.005325978369030405,0.7391304347826086,77,2.2029075826521645,0.5179657848640844,-0.37137452711223207,0.0,1.0,0.0
MolecuLA raw OLS (seed-excluded),HBA,8,100,100,49,4.071144001221838,0.6559552600406333,0.9,86,2.061876249885533,1.0362034776474647,-0.12178699436763951,0.023255813953488372,0.9651162790697675,0.0
MolecuLA raw OLS (seed-excluded),HBA,9,100,100,42,3.2847796304801227,0.09716598936066553,0.8229166666666667,81,2.0202363843954725,1.4540969527619914,-0.17878787878787883,0.04938271604938271,1.0,0.04938271604938271
MolecuLA raw OLS (seed-excluded),HBA,10,100,100,58,4.578115855812122,0.2267924206753889,0.7303030303030302,88,1.9769222342011172,1.5505409312201837,-0.2880116959064327,0.0,1.0,0.0
MolecuLA raw OLS (seed-excluded),HBA,11,100,100,34,2.746877703896379,-0.12297794637597265,0.75,80,0.674366679505066,1.28942570102206,-0.16428571428571426,0.3375,1.0,0.3375
MolecuLA raw OLS (seed-excluded),HBA,12,100,100,62,3.8064441702602925,0.049867889640325264,0.8474137931034482,90,1.2270886989838146,1.7026856823668686,-0.15463458110516926,0.2,0.9222222222222223,0.12222222222222222
MolecuLA raw OLS (seed-excluded),HBA,13,100,100,41,5.6890340147054985,0.444979536757113,0.6382978723404256,83,3.9828303248924444,-0.3298861912969834,-0.35911914172783743,0.18072289156626506,0.1566265060240964,0.0
MolecuLA raw OLS (seed-excluded),HBA,14,100,100,54,5.526990056247257,0.0,0.7248188405797101,87,3.642747789778154,1.3537433496332218,-0.2697747511786276,0.14942528735632185,0.9770114942528736,0.12643678160919541
MolecuLA raw OLS (seed-excluded),HBA,15,100,100,51,3.9313488175169304,0.231032315023536,0.8,80,1.5938572752374922,0.9011428493042652,-0.1641304347826087,0.0,1.0,0.0
MolecuLA raw OLS (seed-excluded),HBA,16,100,100,61,4.448573637742713,0.0,0.6666666666666666,87,2.114842440486324,1.5891499910910643,-0.33333333333333337,0.0,1.0,0.0
MolecuLA raw OLS (seed-excluded),HBA,17,100,100,71,5.027294059580409,0.3067319329099072,0.7014925373134329,93,2.1760175098571093,1.6194561631560325,-0.2299880525686978,0.03225806451612903,1.0,0.03225806451612903
MolecuLA raw OLS (seed-excluded),HBA,18,100,98,53,4.299117123043803,0.08380867804183818,0.8235294117647058,87,2.2800957393627987,1.723469950457656,-0.17189952904238615,0.0,1.0,0.0
MolecuLA raw OLS (seed-excluded),HBA,19,100,100,49,4.5241878078657525,0.03956566347827279,0.7619047619047619,89,2.2830551773618684,3.047992482244222,-0.2891156462585034,0.0,1.0,0.0
MolecuLA raw OLS (seed-excluded),HBA,20,100,100,47,4.075789578426912,0.2528421514896986,0.7777777777777778,92,1.3493478072136282,1.5753314868337998,-0.1753472222222222,0.0,1.0,0.0
MolecuLA raw OLS (seed-excluded),HBA,21,100,100,63,5.073433487508447,0.7477457695768976,0.7597402597402597,90,2.906841414738004,0.7240971164239167,-0.2176860025220681,0.0,0.7333333333333333,0.0
MolecuLA raw OLS (seed-excluded),HBA,22,100,100,61,4.585832743204351,0.3952760733593783,0.7568366592756837,85,1.9456879913546272,0.9005814987876296,-0.2303225806451612,0.18823529411764706,0.9764705882352941,0.18823529411764706
MolecuLA raw OLS (seed-excluded),HBA,23,100,100,49,3.837999766989083,0.3113580932755834,0.8,81,2.463910960499657,0.1977541276844949,-0.2941176470588235,0.0,0.6172839506172839,0.0
MolecuLA raw OLS (seed-excluded),HBA,24,100,100,33,3.1638132405938526,0.1054385548794117,0.8333333333333334,77,1.5584896546315221,1.963859141765607,-0.19999999999999996,0.0,1.0,0.0
MolecuLA raw OLS (seed-excluded),HBA,25,100,100,59,4.718993729797232,0.3750159033190875,0.7782984859408796,88,1.8740321946021883,0.4031949637440828,-0.2647058823529411,0.125,0.8409090909090909,0.125
MolecuLA raw OLS (seed-excluded),HBA,26,100,100,54,4.470830984468732,-0.3468032536410486,0.770979020979021,85,1.9096071773094803,1.306204527216367,-0.261904761904762,0.07058823529411765,1.0,0.07058823529411765
MolecuLA raw OLS (seed-excluded),HBA,27,100,100,52,3.467440411234141,0.48269719902247615,0.8,85,2.0101708491027335,0.5669657823096947,-0.0888888888888888,0.03529411764705882,0.7647058823529411,0.0
MolecuLA raw OLS (seed-excluded),HBA,28,100,100,39,1.9201855798380691,0.22945898591153333,0.8461538461538461,83,2.5171823657919745,0.2303356028215167,-0.19999999999999996,0.40963855421686746,0.891566265060241,0.3253012048192771
MolecuLA raw OLS (seed-excluded),HBA,29,100,100,39,4.780644842026316,0.03604774782027188,0.6756756756756757,82,3.1288019330126087,1.9305410025371266,-0.3957648776925885,0.0,0.975609756097561,0.0
MolecuLA raw OLS (seed-excluded),HBA,30,100,100,56,4.533707911523171,0.0,0.7958109986102839,86,2.8928716436786104,0.9360906945194373,-0.18940826330532212,0.0,0.9651162790697675,0.0
MolecuLA raw OLS (seed-excluded),HBA,31,100,100,55,4.080759935978531,0.5646342258621222,0.8,85,0.9019555470147456,-0.39949955826736316,-0.14111498257839727,0.07058823529411765,0.29411764705882354,0.047058823529411764
MolecuLA raw OLS (seed-excluded),HBA,32,100,100,31,3.428496688952521,0.45598009326575717,0.7631578947368421,74,2.134018108491743,-0.14176349079642753,-0.33730158730158727,0.1891891891891892,0.40540540540540543,0.02702702702702703
MolecuLA raw OLS (seed-excluded),HBA,33,100,100,40,4.403491024142703,0.1385138390398303,0.75,73,2.607571812087011,0.9848346843959418,-0.34391534391534384,0.0136986301369863,0.9863013698630136,0.0
MolecuLA raw OLS (seed-excluded),HBA,34,100,100,62,5.2802256918355726,0.23384800175515752,0.7722222222222223,94,2.7906308002836058,1.727590515852773,-0.19999999999999996,0.0,0.9893617021276596,0.0
MolecuLA raw OLS (seed-excluded),HBA,35,100,100,68,4.4523013835291465,0.14872300104684877,0.8136574074074074,91,2.414582663594306,1.999167640497361,-0.20370370370370372,0.0,0.9560439560439561,0.0
MolecuLA raw OLS (seed-excluded),HBA,36,100,100,53,3.912629307096001,0.1485931719559497,0.8095238095238095,87,0.994916485631359,1.0329732252735468,-0.14936886395511917,0.27586206896551724,0.9885057471264368,0.26436781609195403
MolecuLA raw OLS (seed-excluded),HBA,37,100,100,56,3.240871596714692,0.24152712266420845,0.8545454545454545,87,1.428827757071529,1.5255759068782562,-0.13748657357679916,0.11494252873563218,1.0,0.11494252873563218
MolecuLA raw OLS (seed-excluded),HBA,38,100,100,47,4.780644842026316,1.0693013292363098,0.7083333333333334,84,1.4333161700141535,-1.2466730862206374,-0.3453416149068323,0.08333333333333333,0.10714285714285714,0.05952380952380952
MolecuLA raw OLS (seed-excluded),HBA,39,100,100,38,3.6582262694042136,-0.2884011756108001,0.84375,80,1.325766985487224,0.48446454598283156,-0.13541666666666663,0.1,0.7625,0.0625
MolecuLA raw OLS (seed-excluded),HBA,40,100,100,39,3.6582262694042136,-0.21812898978839215,0.8139386189258312,84,2.046924167295062,1.1688354328000634,-0.19999999999999996,0.07142857142857142,0.9761904761904762,0.047619047619047616
MolecuLA raw OLS (seed-excluded),HBA,41,100,100,53,4.11113889225775,0.3599435360875333,0.7341269841269842,85,2.3728317423610488,0.47582976071060545,-0.2378787878787879,0.10588235294117647,0.7764705882352941,0.10588235294117647
MolecuLA raw OLS (seed-excluded),HBA,42,100,100,53,4.015223015629605,0.20470767528951594,0.7527777777777778,88,1.3343439555416685,0.6374436501285715,-0.16550116550116545,0.2159090909090909,0.8977272727272727,0.2159090909090909
MolecuLA raw OLS (seed-excluded),HBA,43,100,100,39,3.6582262694042136,0.2702114798440666,0.8333333333333334,78,1.5927751511046058,0.7692448013336,-0.17297297297297298,0.01282051282051282,1.0,0.01282051282051282
MolecuLA raw OLS (seed-excluded),HBA,44,100,100,68,4.688993004685631,0.4900279411276679,0.7407407407407407,90,2.358069910486363,0.5808751226929474,-0.26086956521739135,0.011111111111111112,0.9888888888888889,0.011111111111111112
MolecuLA raw OLS (seed-excluded),HBA,45,100,100,59,3.8723930623890013,0.07608939197297654,0.8113981762917932,87,1.793371421507028,1.8264229590259022,-0.19816053511705678,0.0,1.0,0.0
MolecuLA raw OLS (seed-excluded),HBA,46,100,100,58,3.6582262694042136,0.2262074126290231,0.8695652173913043,88,1.862322022501104,0.8379038630658435,-0.07480158730158726,0.056818181818181816,0.9204545454545454,0.056818181818181816
MolecuLA raw OLS (seed-excluded),HBA,47,100,100,63,4.545590770452607,0.36508077266700173,0.802439024390244,90,2.152785405312107,1.3714321980993764,-0.21112896112896118,0.0,0.9888888888888889,0.0
MolecuLA raw OLS (seed-excluded),HBA,48,100,100,53,2.876875515941663,-0.05010112459117567,0.9230769230769231,84,1.4481017836350314,0.3969226480570113,-0.11235233692860813,0.23809523809523808,0.9642857142857143,0.23809523809523808
MolecuLA raw OLS (seed-excluded),HBA,49,100,100,49,3.6582262694042136,0.03425429055613999,0.8333333333333334,84,1.2650548299876938,1.2757765338079532,-0.1570593149540518,0.25,1.0,0.25
MolecuLA raw OLS (seed-excluded),TPSA,0,100,100,48,4.2856617605992895,0.06312160360928001,0.7692307692307693,84,2.876181171479562,2.2934615419259385,-0.24672748635012787,0.0,1.0,0.0
MolecuLA raw OLS (seed-excluded),TPSA,1,100,100,50,3.8940552690399546,0.09811380707634666,0.8315602836879432,82,2.259760794914672,1.682232723899153,-0.2919863597612958,0.012195121951219513,1.0,0.012195121951219513
MolecuLA raw OLS (seed-excluded),TPSA,2,100,100,33,4.13177528083294,0.36819978431922407,0.9047619047619048,73,1.9022774641375273,3.467208723860345,-0.010025062656641603,0.0,1.0,0.0
MolecuLA raw OLS (seed-excluded),TPSA,3,100,100,58,4.863750912331095,0.6298101758609967,0.7586206896551724,87,1.2557689664375635,0.6525279220511724,-0.19496309161962655,0.06896551724137931,0.8275862068965517,0.011494252873563218
MolecuLA raw OLS (seed-excluded),TPSA,4,100,100,35,3.155810989228458,0.34836752190020004,0.9057649667405765,87,1.595745854835724,1.3208142822220392,-0.10526315789473684,0.08045977011494253,1.0,0.08045977011494253
MolecuLA raw OLS (seed-excluded),TPSA,5,100,100,70,5.355149016562626,-0.03492213169745396,0.7088733798604188,95,2.501532324398555,1.8505090798544994,-0.2705882352941177,0.031578947368421054,0.968421052631579,0.0
MolecuLA raw OLS (seed-excluded),TPSA,6,100,100,61,5.218326238332374,-0.03376869752602495,0.7837094111172263,96,1.573515133090165,1.3388480396535267,-0.17513778322106544,0.09375,1.0,0.09375
MolecuLA raw OLS (seed-excluded),TPSA,7,100,100,27,2.8585344747720756,0.23281238014233996,0.9615384615384616,71,1.6772887924275421,0.9270712682806599,-0.20598290598290603,0.2676056338028169,0.9014084507042254,0.2676056338028169
MolecuLA raw OLS (seed-excluded),TPSA,8,100,100,42,3.9315057834846674,0.912411860569189,0.9,79,1.904596613798109,1.284492913847199,-0.08492063492063484,0.0,1.0,0.0
MolecuLA raw OLS (seed-excluded),TPSA,9,100,100,28,3.2396936450002336,-0.0355633580242625,0.8,82,2.0202363843954725,1.3292904937179315,-0.17878787878787883,0.2073170731707317,1.0,0.2073170731707317
MolecuLA raw OLS (seed-excluded),TPSA,10,100,100,67,4.666106619984578,0.17515607377453277,0.7905844155844155,85,2.1455396161376665,1.566041669472602,-0.23245614035087714,0.0,1.0,0.0
MolecuLA raw OLS (seed-excluded),TPSA,11,100,100,27,2.7863162195357702,-0.02945149833732221,0.8,79,1.517551648351648,1.3519287245579599,-0.11428571428571421,0.34177215189873417,0.9493670886075949,0.2911392405063291
MolecuLA raw OLS (seed-excluded),TPSA,12,100,100,53,4.0012590596845055,0.07179250812748182,0.8780487804878049,88,1.4108477366259713,1.6624241196470089,-0.1342383107088989,0.1590909090909091,0.9204545454545454,0.07954545454545454
MolecuLA raw OLS (seed-excluded),TPSA,13,100,100,29,2.718978032638013,0.7002337591328834,0.8888888888888888,76,1.2215386884160182,0.14061926514568274,-0.10358056265984661,0.13157894736842105,0.5789473684210527,0.02631578947368421
MolecuLA raw OLS (seed-excluded),TPSA,14,100,100,48,3.6143926166064544,-0.13122629499781188,0.88,83,1.26243609680418,1.3577878762780338,-0.11868390129259698,0.04819277108433735,1.0,0.04819277108433735
MolecuLA raw OLS (seed-excluded),TPSA,15,100,100,47,3.2383450481725045,0.3170960064256696,0.8421052631578947,73,1.6268335994194487,1.0792873507860226,-0.18081395348837215,0.1095890410958904,0.958904109589041,0.0958904109589041
MolecuLA raw OLS (seed-excluded),TPSA,16,100,100,54,4.734271881298032,0.17974703082996524,0.7727272727272727,85,2.698025606958293,1.753651449952742,-0.2295081967213115,0.0,1.0,0.0
MolecuLA raw OLS (seed-excluded),TPSA,17,100,100,76,5.365165559565638,0.38957397583919434,0.7133072407045009,90,2.511199710971354,1.7989383476254275,-0.22889433551198257,0.011111111111111112,1.0,0.011111111111111112
MolecuLA raw OLS (seed-excluded),TPSA,18,100,100,32,4.6945660644996625,0.17395442378502501,0.7857142857142857,85,2.6520869148378408,1.9183607551976787,-0.21036106750392458,0.0,1.0,0.0
MolecuLA raw OLS (seed-excluded),TPSA,19,100,100,63,5.013441949237592,-0.031959169182644555,0.7583108715184187,85,2.8133046767949565,3.104288615265882,-0.2768891340319911,0.0,1.0,0.0
MolecuLA raw OLS (seed-excluded),TPSA,20,100,100,59,4.10216332408873,0.21252548103467622,0.7837837837837838,93,1.4594896000867674,1.430210048217134,-0.18389423076923073,0.0,1.0,0.0
MolecuLA raw OLS (seed-excluded),TPSA,21,100,100,57,5.001414756325826,0.9266099008953331,0.7904571843251089,86,2.989872484119216,0.8569576321475778,-0.18795355587808416,0.0,0.872093023255814,0.0
MolecuLA raw OLS (seed-excluded),TPSA,22,100,100,53,4.982479175358863,0.8197240247113857,0.7592592592592593,85,2.160823479920479,1.231403133898881,-0.2226086956521739,0.047058823529411764,0.9529411764705882,0.047058823529411764
MolecuLA raw OLS (seed-excluded),TPSA,23,100,100,37,3.0667123653020907,0.3075973537087167,0.95,76,1.6594404567705574,0.3019038673214801,-0.09090909090909094,0.10526315789473684,0.5657894736842105,0.09210526315789473
MolecuLA raw OLS (seed-excluded),TPSA,24,100,100,44,2.7607866821523137,0.015864731175254543,1.0,74,2.226393547361665,1.9959589430103852,-0.19596443228454175,0.0945945945945946,1.0,0.0945945945945946
MolecuLA raw OLS (seed-excluded),TPSA,25,100,100,57,5.172756988118445,0.4085240577493976,0.75,87,2.5701434878988696,0.6165560582564998,-0.27450980392156865,0.04597701149425287,0.8620689655172413,0.04597701149425287
MolecuLA raw OLS (seed-excluded),TPSA,26,100,100,44,3.638656616606454,0.06803644738890519,0.8181818181818182,83,1.2717780234252576,1.9208685235461842,-0.1361185983827493,0.1686746987951807,1.0,0.1686746987951807
MolecuLA raw OLS (seed-excluded),TPSA,27,100,100,55,4.27637222489691,1.0752636787404042,0.8333333333333334,86,2.0968265460652473,1.0458725166540068,-0.08046497584541057,0.046511627906976744,0.8953488372093024,0.046511627906976744
MolecuLA raw OLS (seed-excluded),TPSA,28,100,100,33,2.0583729506868,0.2506173977253,1.0,82,1.2489195547861414,0.2985413753128264,-0.12203557312252966,0.34146341463414637,0.9024390243902439,0.2682926829268293
MolecuLA raw OLS (seed-excluded),TPSA,29,100,100,21,3.2492106310584923,0.15813423200939994,0.875,76,1.959536486326635,2.1064416770214507,-0.18620689655172412,0.013157894736842105,0.8552631578947368,0.013157894736842105
MolecuLA raw OLS (seed-excluded),TPSA,30,100,100,55,4.128034486850931,0.4898699601339885,0.7586206896551724,85,1.98342903314306,1.60641789726506,-0.19498746867167915,0.0,0.9882352941176471,0.0
MolecuLA raw OLS (seed-excluded),TPSA,31,100,100,51,3.879597925897782,0.7953113576066373,0.8228795438346401,84,0.9978424756747635,-0.1468653236006467,-0.16367137355584083,0.07142857142857142,0.36904761904761907,0.047619047619047616
MolecuLA raw OLS (seed-excluded),TPSA,32,100,100,28,2.7197692003141345,0.58735630766805,0.8888888888888888,73,1.0187672784285144,0.13137621440229286,-0.22580645161290325,0.0958904109589041,0.7671232876712328,0.0
MolecuLA raw OLS (seed-excluded),TPSA,33,100,100,35,2.7871824561890453,0.23359898190894335,0.9629629629629629,73,1.6147006072078343,1.1867281228391717,-0.14814814814814814,0.2602739726027397,0.9315068493150684,0.1917808219178082
MolecuLA raw OLS (seed-excluded),TPSA,34,100,100,57,5.0958395105727075,0.4088055943528814,0.7641711229946524,97,2.6159683082713023,1.7880162403108324,-0.20579710144927532,0.0,1.0,0.0
MolecuLA raw OLS (seed-excluded),TPSA,35,100,100,66,4.684852845197683,0.092139376959025,0.7723704866562009,87,2.499128990422193,2.0790075767589147,-0.25,0.05747126436781609,1.0,0.05747126436781609
MolecuLA raw OLS (seed-excluded),TPSA,36,100,100,41,3.9688853310496413,0.11767971377194998,0.8333333333333334,84,0.7611659507983699,1.2769960286796123,-0.11904761904761901,0.2619047619047619,0.9047619047619048,0.19047619047619047
MolecuLA raw OLS (seed-excluded),TPSA,37,100,100,51,4.180590863171094,0.20410228898738036,0.8798076923076923,84,2.6122757912449934,1.5415772245758335,-0.13741376832423108,0.07142857142857142,1.0,0.07142857142857142
MolecuLA raw OLS (seed-excluded),TPSA,38,100,100,48,4.645942427058053,1.2894719167258466,0.756578947368421,81,1.6027117871295156,-0.9417071089294374,-0.2666666666666667,0.18518518518518517,0.08641975308641975,0.0
MolecuLA raw OLS (seed-excluded),TPSA,39,100,100,27,3.2049664687640176,0.27146317788768887,0.9231884057971014,76,0.9664082592105352,0.9442910803380313,-0.05965909090909094,0.18421052631578946,0.9473684210526315,0.18421052631578946
MolecuLA raw OLS (seed-excluded),TPSA,40,100,100,40,3.4874460886038148,-0.006811935417535682,0.9,83,1.5342856241973566,1.3783653192831422,-0.16279069767441856,0.07228915662650602,0.9397590361445783,0.012048192771084338
MolecuLA raw OLS (seed-excluded),TPSA,41,100,100,46,3.8378428574010357,0.17821359285542404,0.8523002421307506,81,1.8153280959331433,0.34479719588079916,-0.12597402597402596,0.1111111111111111,0.8395061728395061,0.1111111111111111
MolecuLA raw OLS (seed-excluded),TPSA,42,100,100,56,4.222972936355607,0.12608305871136813,0.7985175202156334,87,1.6677981163097737,0.566900497865562,-0.1471861471861472,0.1724137931034483,0.8160919540229885,0.034482758620689655
MolecuLA raw OLS (seed-excluded),TPSA,43,100,100,33,3.127235720912614,0.4797224026684645,0.9529346622369879,76,1.3388494917141838,1.3459458762076333,-0.0563063063063064,0.09210526315789473,1.0,0.09210526315789473
MolecuLA raw OLS (seed-excluded),TPSA,44,100,100,69,5.2098611638323895,0.4900279411276679,0.775686136523575,86,2.8372893790703353,0.9193794045286949,-0.232051282051282,0.011627906976744186,0.872093023255814,0.011627906976744186
MolecuLA raw OLS (seed-excluded),TPSA,45,100,100,51,3.5943437688751194,0.0034213627010307467,0.8461538461538461,83,1.6382513670234102,1.832625291142063,-0.15264423076923073,0.060240963855421686,1.0,0.060240963855421686
MolecuLA raw OLS (seed-excluded),TPSA,46,100,100,45,2.953982339855571,0.3190206226400118,0.9166666666666666,87,0.8394256260943989,0.9573593658919657,-0.030952380952380953,0.05747126436781609,0.9195402298850575,0.05747126436781609
MolecuLA raw OLS (seed-excluded),TPSA,47,100,100,59,4.5264292340604175,0.46634087358530674,0.8081014729950899,87,2.1375227187307253,1.4773265019889117,-0.17954545454545456,0.0,1.0,0.0
MolecuLA raw OLS (seed-excluded),TPSA,48,100,100,35,3.4401402744389786,0.47303380945445345,0.8733974358974359,81,1.5305724906637295,1.0368097602905078,-0.18518518518518523,0.12345679012345678,1.0,0.12345679012345678
MolecuLA raw OLS (seed-excluded),TPSA,49,100,100,53,3.7382989570112346,0.12447616653781271,0.8609353023909987,81,1.7558669668702134,1.2855301872993667,-0.17917745182628697,0.2345679012345679,1.0,0.2345679012345679
MolecuLA raw OLS (seed-excluded),cLogP,0,100,100,56,4.757105578470023,0.13927175273019277,0.7520273154075972,89,3.0564196818409988,2.0934461441590444,-0.23425499231950841,0.0,1.0,0.0
MolecuLA raw OLS (seed-excluded),cLogP,1,100,100,42,4.080856822320508,0.5463241237218543,0.7755102040816326,83,2.4839284698803956,2.107698763591842,-0.2586206896551724,0.03614457831325301,1.0,0.03614457831325301
MolecuLA raw OLS (seed-excluded),cLogP,2,100,100,34,3.5568922772372105,0.010327850159350001,0.7777777777777778,68,2.78720850940478,2.2614432288538997,-0.2175824175824176,0.014705882352941176,1.0,0.014705882352941176
MolecuLA raw OLS (seed-excluded),cLogP,3,100,100,55,5.009675401557965,0.5721727037548856,0.7222222222222222,90,1.3496574977243467,0.5261368305084347,-0.2146636432350718,0.1,0.8555555555555555,0.06666666666666667
MolecuLA raw OLS (seed-excluded),cLogP,4,100,100,43,4.417538693082541,0.14909133717491668,0.8181818181818182,83,2.589296884863103,1.3329441083792575,-0.21052631578947367,0.0,0.9759036144578314,0.0
MolecuLA raw OLS (seed-excluded),cLogP,5,100,100,56,4.663544246805407,0.058373946719480915,0.7368421052631579,96,1.7890270499815966,1.8916162636976432,-0.24350490196078434,0.08333333333333333,0.9375,0.03125
MolecuLA raw OLS (seed-excluded),cLogP,6,100,100,61,5.052633223068712,-0.04709234329102305,0.795219457646072,96,1.5017811719217522,1.269188260374155,-0.1731087977138191,0.1875,0.8854166666666666,0.07291666666666667
MolecuLA raw OLS (seed-excluded),cLogP,7,100,100,37,3.7142683957759988,0.4786285547801,0.7687165775401069,77,2.0662043895136755,1.0841743464497768,-0.27526395173454,0.05194805194805195,1.0,0.05194805194805195
MolecuLA raw OLS (seed-excluded),cLogP,8,100,100,54,3.6860468944400075,0.47655356061961,0.875,88,1.8747145338598488,0.7746582829062644,-0.11791085145515523,0.0,0.9545454545454546,0.0
MolecuLA raw OLS (seed-excluded),cLogP,9,100,100,41,4.369490007712866,0.4071212514362408,0.7837837837837838,80,2.1488358076270813,1.783281622456799,-0.2080459770114943,0.0,1.0,0.0
MolecuLA raw OLS (seed-excluded),cLogP,10,100,100,55,4.39815723334708,0.05493891515873125,0.7537878787878788,84,1.9273143991329302,1.3931016350691243,-0.26023391812865493,0.0,1.0,0.0
MolecuLA raw OLS (seed-excluded),cLogP,11,100,100,44,3.1383860871686258,0.5537303233993249,0.8421052631578947,86,0.8351949327265951,2.123805188919211,-0.09482870071105365,0.10465116279069768,1.0,0.10465116279069768
MolecuLA raw OLS (seed-excluded),cLogP,12,100,100,55,4.262902239067552,0.12945214178350348,0.8390854184641933,87,1.5828148866104383,1.844047993558863,-0.15987933634992457,0.04597701149425287,0.9885057471264368,0.034482758620689655
MolecuLA raw OLS (seed-excluded),cLogP,13,100,100,39,4.137352910967653,0.7002337591328834,0.7333333333333333,77,2.6332789250780086,0.16696669750737736,-0.27652173913043476,0.09090909090909091,0.6103896103896104,0.07792207792207792
MolecuLA raw OLS (seed-excluded),cLogP,14,100,100,42,3.9785575717416295,0.1345134148850791,0.8076923076923077,87,1.9335334579048524,1.5534294844266419,-0.15652173913043477,0.09195402298850575,0.9080459770114943,0.0
MolecuLA raw OLS (seed-excluded),cLogP,15,100,100,51,4.271731063902129,0.22670445049992,0.7807881773399015,79,1.6326386959414192,1.0183977951318113,-0.17500000000000004,0.0,0.9746835443037974,0.0
MolecuLA raw OLS (seed-excluded),cLogP,16,100,100,44,3.8227217651032372,0.09909292109764682,0.8035714285714286,83,2.381496571977493,1.822562190563072,-0.25,0.0,1.0,0.0
MolecuLA raw OLS (seed-excluded),cLogP,17,100,100,64,5.300726812682523,0.3028526656088958,0.6785714285714286,84,2.745446037078527,1.6764189095493647,-0.2407407407407408,0.0,1.0,0.0
MolecuLA raw OLS (seed-excluded),cLogP,18,100,100,58,4.208760175057725,0.296872113668119,0.7841614906832298,91,2.281719883835491,1.9082201140850388,-0.21246854906346102,0.0,1.0,0.0
MolecuLA raw OLS (seed-excluded),cLogP,19,100,100,54,4.6379439868912975,0.13950063711114224,0.7407407407407407,88,2.361233676742126,3.278227901749842,-0.25736961451247165,0.0,1.0,0.0
MolecuLA raw OLS (seed-excluded),cLogP,20,100,100,59,4.433374531757407,0.01763410835163074,0.7893277893277892,89,1.8482611189522533,1.2722199263287595,-0.17812499999999998,0.0,1.0,0.0
MolecuLA raw OLS (seed-excluded),cLogP,21,100,100,61,4.31159406888931,0.72731145727788,0.7544011544011544,88,2.508613301980911,0.565274753544838,-0.21153846153846156,0.0,0.9545454545454546,0.0
MolecuLA raw OLS (seed-excluded),cLogP,22,100,100,61,4.411599893846487,0.8699064371938934,0.7837837837837838,87,1.77660344600761,1.3258533907937964,-0.16222222222222216,0.08045977011494253,0.896551724137931,0.04597701149425287
MolecuLA raw OLS (seed-excluded),cLogP,23,100,100,48,3.6441006005773047,1.2246318394493239,0.8495475113122172,83,2.4070876738774603,1.2510101678806096,-0.18518518518518523,0.0,0.9879518072289156,0.0
MolecuLA raw OLS (seed-excluded),cLogP,24,100,100,41,3.618368382904169,0.22678914595689448,0.8333333333333334,74,2.225396599430798,2.049159409003674,-0.17647058823529416,0.0,1.0,0.0
MolecuLA raw OLS (seed-excluded),cLogP,25,100,100,54,4.22136069953325,0.31728217376788886,0.7619047619047619,84,1.8610422828783513,0.45613237163973663,-0.27091487279843446,0.0,0.7738095238095238,0.0
MolecuLA raw OLS (seed-excluded),cLogP,26,100,100,47,3.442907661852595,-0.06838830619813457,0.8333333333333334,88,1.4182473888463702,1.54801353410224,-0.09523809523809523,0.18181818181818182,1.0,0.18181818181818182
MolecuLA raw OLS (seed-excluded),cLogP,27,100,100,48,3.0318955001734453,0.2167384810676508,0.8235294117647058,84,1.4724820567098083,0.6301319489717716,-0.065359477124183,0.0,0.9761904761904762,0.0
MolecuLA raw OLS (seed-excluded),cLogP,28,100,100,47,3.8887389747743377,0.5687327188203638,0.8666666666666667,83,2.088208429986553,0.7588820395911978,-0.18181818181818177,0.0,1.0,0.0
MolecuLA raw OLS (seed-excluded),cLogP,29,100,100,35,3.565875611257084,0.9310622904638735,0.775,78,2.3988580672235575,3.0509757337533108,-0.25893997445721584,0.0,1.0,0.0
MolecuLA raw OLS (seed-excluded),cLogP,30,100,100,52,4.187688363852013,0.36185790049444283,0.8,86,1.985768533379094,1.3850253735351266,-0.13303571428571426,0.0,1.0,0.0
MolecuLA raw OLS (seed-excluded),cLogP,31,100,100,45,3.565875611257084,0.8472778321360899,0.8235294117647058,84,0.27862848406461715,-0.06671934443632976,-0.14508323654665123,0.35714285714285715,0.4523809523809524,0.09523809523809523
MolecuLA raw OLS (seed-excluded),cLogP,32,100,100,27,3.565875611257084,0.45598009326575717,0.8333333333333333,79,0.9192488777225112,0.23608014189796778,-0.2962962962962963,0.26582278481012656,0.5822784810126582,0.08860759493670886
MolecuLA raw OLS (seed-excluded),cLogP,33,100,100,33,3.400122598641199,0.7097847032522131,0.8333333333333334,77,1.9183859508387506,1.580252278001065,-0.25462962962962954,0.0,1.0,0.0
MolecuLA raw OLS (seed-excluded),cLogP,34,100,100,57,4.198981124784794,0.22383903004827505,0.7938842203548085,100,1.7093862332328271,1.5943506407785266,-0.17278244631185813,0.01,1.0,0.01
MolecuLA raw OLS (seed-excluded),cLogP,35,100,100,56,4.265334643821166,0.48508862486029086,0.791407867494824,90,2.4401882855768946,2.3940118614806893,-0.2222222222222222,0.0,1.0,0.0
MolecuLA raw OLS (seed-excluded),cLogP,36,100,100,50,4.638797706117562,0.05735751933864614,0.76,82,1.6811372339696655,1.2090786534871623,-0.16465428555958628,0.13414634146341464,0.8536585365853658,0.0
MolecuLA raw OLS (seed-excluded),cLogP,37,100,100,62,4.2787893688277,0.29142970291746695,0.7812066574202496,87,2.4082364119660777,1.6774193490282965,-0.22959183673469385,0.09195402298850575,0.9770114942528736,0.06896551724137931
MolecuLA raw OLS (seed-excluded),cLogP,38,100,100,49,4.527522770290545,1.117868278022791,0.7167919799498748,82,1.4197263669694529,-0.9275919837337672,-0.33333333333333337,0.2926829268292683,0.036585365853658534,0.0
MolecuLA raw OLS (seed-excluded),cLogP,39,100,100,34,3.2941298628135476,0.3475540453620667,0.8333333333333334,80,1.0441994925393372,1.015334598610218,-0.13541666666666663,0.0,1.0,0.0
MolecuLA raw OLS (seed-excluded),cLogP,40,100,100,44,2.7762443597201214,0.33906179041422,0.8823529411764706,83,1.3965548282164448,1.5110104289817357,-0.1428571428571429,0.060240963855421686,0.8674698795180723,0.04819277108433735
MolecuLA raw OLS (seed-excluded),cLogP,41,100,100,51,3.8868687864473297,0.6528670087808055,0.8409247757073843,85,2.3204386427200054,0.7992094666463904,-0.15454545454545454,0.0,0.9058823529411765,0.0
MolecuLA raw OLS (seed-excluded),cLogP,42,100,100,61,4.639471853746729,0.46342866894383383,0.7813725490196078,84,1.9870586333323041,0.9486336343237161,-0.15478056426332287,0.11904761904761904,0.8690476190476191,0.05952380952380952
MolecuLA raw OLS (seed-excluded),cLogP,43,100,100,41,3.3214171323165314,0.17427827898390003,0.9,76,1.4694052360167262,1.2184331390302054,-0.11931443638760719,0.05263157894736842,1.0,0.05263157894736842
MolecuLA raw OLS (seed-excluded),cLogP,44,100,100,60,4.2847046448461015,0.5828567230937004,0.8019607843137255,86,2.3026404470881117,0.8476166468167036,-0.20991432068543453,0.023255813953488372,0.8837209302325582,0.0
MolecuLA raw OLS (seed-excluded),cLogP,45,100,100,44,3.6254023762792564,-0.17040464476610737,0.8634429400386847,81,1.3797121045591325,1.4763388890376798,-0.15723981900452488,0.12345679012345678,1.0,0.12345679012345678
MolecuLA raw OLS (seed-excluded),cLogP,46,100,100,56,4.145186964957762,0.31868161859045,0.8317610062893082,88,2.3114786479108833,0.9675204957859951,-0.10069444444444442,0.045454545454545456,0.9090909090909091,0.0
MolecuLA raw OLS (seed-excluded),cLogP,47,100,100,48,4.047543507451747,0.27444945921978153,0.8125,90,1.5684030419626245,1.2736402956861017,-0.14952153110047856,0.0,1.0,0.0
MolecuLA raw OLS (seed-excluded),cLogP,48,100,100,52,3.529354362184984,0.53618736093355,0.8786764705882353,85,1.6486223245188771,1.1501939662459386,-0.1333333333333333,0.023529411764705882,1.0,0.023529411764705882
MolecuLA raw OLS (seed-excluded),cLogP,49,100,100,52,4.495081955834303,0.2849992119148222,0.8,79,1.6094685661767505,1.5131447491364889,-0.22807017543859642,0.012658227848101266,1.0,0.012658227848101266
MolecuLA raw OLS (seed-excluded),BertzCT,0,100,100,50,4.862397158758444,0.0251286675201,0.6666666666666666,93,3.1224429599828936,2.018278341559801,-0.30952380952380953,0.0,1.0,0.0
MolecuLA raw OLS (seed-excluded),BertzCT,1,100,100,49,4.147981853379403,0.4786285547801,0.673658733360226,88,2.3816868733090617,1.6937234337810354,-0.33333333333333337,0.06818181818181818,1.0,0.06818181818181818
MolecuLA raw OLS (seed-excluded),BertzCT,2,100,100,37,3.119323046467981,0.29390678228930767,0.6595744680851063,82,1.072586365047405,2.3939606150283996,-0.28223815985010015,0.0,1.0,0.0
MolecuLA raw OLS (seed-excluded),BertzCT,3,100,100,57,4.2805305413519115,0.4786285547801,0.7368421052631579,90,0.8185743636949354,0.37947428110780057,-0.22605965463108324,0.3888888888888889,0.8666666666666667,0.34444444444444444
MolecuLA raw OLS (seed-excluded),BertzCT,4,100,100,48,2.701044842026315,0.1995151209735616,0.7777777777777778,88,0.972607421321539,1.2664120361855131,-0.2647058823529411,0.056818181818181816,0.9772727272727273,0.03409090909090909
MolecuLA raw OLS (seed-excluded),BertzCT,5,100,100,68,4.614610994771131,0.3487178891717542,0.6899038461538461,97,1.671454771274834,2.157755959406358,-0.28308823529411764,0.27835051546391754,0.9690721649484536,0.24742268041237114
MolecuLA raw OLS (seed-excluded),BertzCT,6,100,100,62,4.840804638137083,0.20379130562967523,0.7200854700854701,97,1.213508666002764,1.5304276202291438,-0.24524647887323936,0.35051546391752575,1.0,0.35051546391752575
MolecuLA raw OLS (seed-excluded),BertzCT,7,100,100,42,3.5581949713630836,0.4154837128922114,0.7007462686567164,85,1.4733372355064898,0.8681709087542455,-0.29487179487179493,0.11764705882352941,0.9647058823529412,0.11764705882352941
MolecuLA raw OLS (seed-excluded),BertzCT,8,100,100,62,3.5553370594266602,0.5975523317007333,0.8333333333333334,93,1.7501043617499308,0.8121929382128893,-0.14444444444444438,0.26881720430107525,0.9032258064516129,0.17204301075268819
MolecuLA raw OLS (seed-excluded),BertzCT,9,100,100,45,2.600642260708536,0.22442175084316118,0.8333333333333334,79,0.7939092610382144,1.659695212762783,-0.21666666666666667,0.46835443037974683,1.0,0.46835443037974683
MolecuLA raw OLS (seed-excluded),BertzCT,10,100,100,49,3.2674192614476096,0.5594880583465054,0.8333333333333334,85,0.64892285159062,1.8555439561931575,-0.14912280701754377,0.3176470588235294,1.0,0.3176470588235294
MolecuLA raw OLS (seed-excluded),BertzCT,11,100,100,38,2.7475679189493913,0.13569885768030004,0.8076923076923077,86,1.2826297874802006,1.701651965019758,-0.15516767715043578,0.32558139534883723,1.0,0.32558139534883723
MolecuLA raw OLS (seed-excluded),BertzCT,12,100,100,56,2.9462674942958422,0.05892521708516704,0.75,91,0.7232254248804946,1.6852005816740514,-0.23039215686274506,0.3076923076923077,0.967032967032967,0.27472527472527475
MolecuLA raw OLS (seed-excluded),BertzCT,13,100,100,39,4.94088224157292,0.6577850905405864,0.7052139037433156,81,3.436457771518956,-0.1681178805594168,-0.2898550724637682,0.07407407407407407,0.345679012345679,0.037037037037037035
MolecuLA raw OLS (seed-excluded),BertzCT,14,100,100,53,6.267791799955088,0.0,0.6868524733693273,91,4.074950046030691,1.3537433496332218,-0.30197628458498027,0.08791208791208792,0.9120879120879121,0.0
MolecuLA raw OLS (seed-excluded),BertzCT,15,100,100,30,2.773788502914991,0.13569885768030004,0.7573529411764706,83,0.7014269461007814,0.7868517012035373,-0.21447368421052637,0.40963855421686746,0.9156626506024096,0.40963855421686746
MolecuLA raw OLS (seed-excluded),BertzCT,16,100,100,48,3.745306270867962,0.0251286675201,0.6718924972004479,89,3.010786043939543,1.5383124000443968,-0.4067796610169492,0.16853932584269662,1.0,0.16853932584269662
MolecuLA raw OLS (seed-excluded),BertzCT,17,100,100,66,5.520942472652559,0.12075815680547264,0.639984631147541,95,2.6483272002086267,1.4592583209332246,-0.27360459050599895,0.21052631578947367,1.0,0.21052631578947367
MolecuLA raw OLS (seed-excluded),BertzCT,18,100,100,56,6.113304451152549,0.2999210966457474,0.6666666666666666,94,4.112442991386359,1.8701712145811666,-0.31896530110815824,0.0,1.0,0.0
MolecuLA raw OLS (seed-excluded),BertzCT,19,100,100,59,4.756165473172063,0.0251286675201,0.7205882352941176,92,2.3793946992787975,3.0170955864188604,-0.2802767682415432,0.11956521739130435,1.0,0.11956521739130435
MolecuLA raw OLS (seed-excluded),BertzCT,20,100,100,51,4.074769230577246,0.1897165875277,0.7769485903814262,89,1.5400679904207788,1.4818197335096543,-0.203125,0.23595505617977527,1.0,0.23595505617977527
MolecuLA raw OLS (seed-excluded),BertzCT,21,100,100,59,4.171541047411018,0.6005671435596086,0.7838235294117647,92,2.0923026715721993,0.3715580660034975,-0.18387047734873824,0.17391304347826086,0.8260869565217391,0.0
MolecuLA raw OLS (seed-excluded),BertzCT,22,100,100,57,4.118959067272179,0.6715596879232999,0.8474903474903475,90,1.5119291109236137,1.018357919992263,-0.1783367139959432,0.35555555555555557,0.9666666666666667,0.32222222222222224
MolecuLA raw OLS (seed-excluded),BertzCT,23,100,100,52,3.5393108885504576,0.5669632971755565,0.7582051282051282,87,1.9773605430019368,0.3962418744853909,-0.25,0.11494252873563218,0.8850574712643678,0.0
MolecuLA raw OLS (seed-excluded),BertzCT,24,100,100,36,2.7475679189493913,0.0251286675201,0.745,79,1.2681280035503661,1.9989386905002282,-0.3125,0.11392405063291139,1.0,0.11392405063291139
MolecuLA raw OLS (seed-excluded),BertzCT,25,100,100,56,3.3623881197041325,0.4786285547801,0.803921568627451,90,0.5843934832663549,0.4829233139088933,-0.22499999999999998,0.36666666666666664,0.9444444444444444,0.32222222222222224
MolecuLA raw OLS (seed-excluded),BertzCT,26,100,100,52,3.2631158978512618,0.0251286675201,0.75,90,1.0903678569983626,1.6814561290662233,-0.201740506329114,0.26666666666666666,0.9555555555555556,0.2222222222222222
MolecuLA raw OLS (seed-excluded),BertzCT,27,100,100,51,3.350197039593933,0.5584818497206907,0.75,89,1.4946695196425335,0.5569047193334318,-0.13888888888888884,0.1797752808988764,0.6966292134831461,0.0
MolecuLA raw OLS (seed-excluded),BertzCT,28,100,100,47,2.7896157209126144,0.028953426058708022,0.875,87,1.104879897753591,0.38837709777648505,-0.14516129032258063,0.1724137931034483,0.5977011494252874,0.0
MolecuLA raw OLS (seed-excluded),BertzCT,29,100,100,40,3.1285999695449034,0.4786285547801,0.7294117647058823,82,2.245925826784717,2.251035325307827,-0.31043956043956045,0.0,1.0,0.0
MolecuLA raw OLS (seed-excluded),BertzCT,30,100,100,51,6.100217510755532,0.0,0.6833333333333333,90,4.334382580625367,1.0558479010234552,-0.25911330049261083,0.0,1.0,0.0
MolecuLA raw OLS (seed-excluded),BertzCT,31,100,100,55,3.3877834329015464,0.611779005127949,0.7692307692307693,89,0.9784541291798341,-0.24972550043535657,-0.17682926829268297,0.4157303370786517,0.29213483146067415,0.033707865168539325
MolecuLA raw OLS (seed-excluded),BertzCT,32,100,100,33,2.89815381569875,0.4786285547801,0.7965517241379311,77,1.0131407653791875,0.022648461514342855,-0.2857142857142857,0.03896103896103896,0.7142857142857143,0.0
MolecuLA raw OLS (seed-excluded),BertzCT,33,100,100,43,2.701044842026315,0.3346176284429322,0.75,76,1.401541234951197,1.0962986040846168,-0.2962962962962963,0.10526315789473684,0.9868421052631579,0.09210526315789473
MolecuLA raw OLS (seed-excluded),BertzCT,34,100,100,49,4.101858883529146,0.2950433008128661,0.7436098069900887,99,1.612263991977179,1.6742598693985367,-0.22592592592592597,0.1111111111111111,1.0,0.1111111111111111
MolecuLA raw OLS (seed-excluded),BertzCT,35,100,100,53,3.8915226655250077,0.053953474172994106,0.7203114860480208,94,1.6172417139484967,1.8813773554618514,-0.314611154752553,0.22340425531914893,1.0,0.22340425531914893
MolecuLA raw OLS (seed-excluded),BertzCT,36,100,100,53,4.398627316954872,0.0162625238144625,0.6666666666666666,87,1.262464229083264,0.9106839596572183,-0.2246376811594203,0.3103448275862069,1.0,0.3103448275862069
MolecuLA raw OLS (seed-excluded),BertzCT,37,100,100,50,2.9266508397554967,0.0349728103137625,0.7424698795180723,91,1.2473131949296636,1.2835372322364713,-0.28728414442700156,0.3076923076923077,0.9560439560439561,0.26373626373626374
MolecuLA raw OLS (seed-excluded),BertzCT,38,100,100,51,3.691727659424906,0.9095067994394092,0.7295127353266888,78,0.7601698202202822,-1.3387205605237007,-0.33333333333333337,0.4358974358974359,0.08974358974358974,0.07692307692307693
MolecuLA raw OLS (seed-excluded),BertzCT,39,100,100,46,2.7475679189493913,0.0251286675201,0.7254901960784313,84,0.905059375794151,0.6462398590388545,-0.28606875719217495,0.13095238095238096,0.9642857142857143,0.09523809523809523
MolecuLA raw OLS (seed-excluded),BertzCT,40,100,100,52,2.9474261053312496,0.0251286675201,0.75,90,0.9926277715589897,1.3107049329048404,-0.25,0.16666666666666666,0.9,0.13333333333333333
MolecuLA raw OLS (seed-excluded),BertzCT,41,100,100,54,3.712149651261737,0.48422013243623463,0.7610970196575777,89,1.5397487919454882,0.6687015117749162,-0.20454545454545459,0.1797752808988764,0.8651685393258427,0.0898876404494382
MolecuLA raw OLS (seed-excluded),BertzCT,42,100,100,57,3.310015941300156,-0.08358284775260001,0.75,91,0.7147220815895095,0.36550641892222174,-0.15909090909090906,0.4065934065934066,0.7362637362637363,0.3076923076923077
MolecuLA raw OLS (seed-excluded),BertzCT,43,100,100,39,2.065451118299608,0.5975523317007333,0.8333333333333334,76,0.7826452575291278,1.0965856531902665,-0.13963963963963966,0.4605263157894737,1.0,0.4605263157894737
MolecuLA raw OLS (seed-excluded),BertzCT,44,100,100,59,3.451272689838124,0.48364558946024927,0.778888888888889,92,1.280104698485688,0.5685429192859592,-0.22564695981485378,0.1956521739130435,0.8152173913043478,0.010869565217391304
MolecuLA raw OLS (seed-excluded),BertzCT,45,100,100,47,3.778161448728379,0.3234201990833122,0.7894736842105263,90,2.0674246610820703,2.014130710215378,-0.19624542124542121,0.25555555555555554,1.0,0.25555555555555554
MolecuLA raw OLS (seed-excluded),BertzCT,46,100,100,54,2.778131738877705,0.17498563922914318,0.75,92,0.6902799423823236,0.9712554546294843,-0.16666666666666663,0.2608695652173913,0.967391304347826,0.22826086956521738
MolecuLA raw OLS (seed-excluded),BertzCT,47,100,100,59,3.619749758279932,0.33264954989298157,0.7685439560439561,95,1.2822691681573222,1.2485679513595156,-0.20454545454545459,0.14736842105263157,0.9894736842105263,0.14736842105263157
MolecuLA raw OLS (seed-excluded),BertzCT,48,100,100,53,2.582447844564893,0.583078877421074,0.875,91,1.4154219551260496,0.9955866602656712,-0.14516129032258063,0.4175824175824176,1.0,0.4175824175824176
MolecuLA raw OLS (seed-excluded),BertzCT,49,100,100,43,2.968732771131176,0.0251286675201,0.75,86,0.23399980432294054,1.1567442685328846,-0.23245614035087714,0.4418604651162791,0.9651162790697675,0.4418604651162791
MolecuLA raw OLS (seed-excluded),HeavyAtomCount,0,100,92,52,5.075253372523476,0.0,0.673469387755102,85,3.146383101156002,2.0557451104500517,-0.30952380952380953,0.0,0.9764705882352941,0.0
MolecuLA raw OLS (seed-excluded),HeavyAtomCount,1,100,100,47,4.345742758924908,0.4786285547801,0.6743745774171737,88,2.618611018432325,1.6937234337810354,-0.33333333333333337,0.0,1.0,0.0
MolecuLA raw OLS (seed-excluded),HeavyAtomCount,2,100,100,37,4.910348318987014,0.6026141362401282,0.6978365384615385,80,3.9634097982488488,2.4242440476327314,-0.24986499754540992,0.0,1.0,0.0
MolecuLA raw OLS (seed-excluded),HeavyAtomCount,3,100,100,52,5.374546170645351,0.5632902356561594,0.7406629318394025,92,1.92642120464994,0.49174587090810823,-0.23835990092239429,0.1956521739130435,0.7065217391304348,0.16304347826086957
MolecuLA raw OLS (seed-excluded),HeavyAtomCount,4,100,100,52,4.564236689858793,0.047971023923816664,0.7368421052631579,87,3.0715566815861433,1.329464621604679,-0.3098591549295775,0.04597701149425287,1.0,0.04597701149425287
MolecuLA raw OLS (seed-excluded),HeavyAtomCount,5,100,100,62,4.271531312739862,0.3531373968924308,0.6735729386892177,98,1.3538213133515558,2.2071488953296408,-0.29809014514896864,0.21428571428571427,0.9693877551020408,0.1836734693877551
MolecuLA raw OLS (seed-excluded),HeavyAtomCount,6,100,100,52,4.660897729333067,0.3570772354125735,0.6666666666666666,97,1.213508666002764,1.6911720114111275,-0.29107981220657275,0.29896907216494845,0.9484536082474226,0.24742268041237114
MolecuLA raw OLS (seed-excluded),HeavyAtomCount,7,100,100,47,4.070354000010368,0.4786285547801,0.6743918053777209,83,2.758137968043024,0.8681709087542455,-0.29487179487179493,0.0,0.9879518072289156,0.0
MolecuLA raw OLS (seed-excluded),HeavyAtomCount,8,100,100,54,5.010383959756333,0.596201734269552,0.8285714285714286,93,3.0045764039962846,0.8121929382128893,-0.1595959595959595,0.17204301075268819,0.978494623655914,0.16129032258064516
MolecuLA raw OLS (seed-excluded),HeavyAtomCount,9,100,100,46,4.28399480072683,0.1143021716784792,0.7006493506493506,82,3.113611461035715,1.6260626921389578,-0.3109126984126984,0.1951219512195122,1.0,0.1951219512195122
MolecuLA raw OLS (seed-excluded),HeavyAtomCount,10,100,100,48,5.610486679535724,0.1977100574414249,0.7307692307692307,86,3.5667889958509567,1.793742216053067,-0.26645004278990153,0.023255813953488372,1.0,0.023255813953488372
MolecuLA raw OLS (seed-excluded),HeavyAtomCount,11,100,100,48,4.468756260500492,0.11864177760323331,0.7115384615384616,88,2.605170816115257,1.5573950389232736,-0.23071928071928072,0.14772727272727273,1.0,0.14772727272727273
MolecuLA raw OLS (seed-excluded),HeavyAtomCount,12,100,100,48,4.872784566961357,0.0,0.7763758711848113,93,2.323336937042858,1.5654203561901847,-0.21476715686274506,0.23655913978494625,0.956989247311828,0.1935483870967742
MolecuLA raw OLS (seed-excluded),HeavyAtomCount,13,100,100,35,5.6076399339066025,0.7002337591328834,0.7059072922555116,84,3.436457771518956,0.015605813318243345,-0.29937888198757767,0.047619047619047616,0.5,0.047619047619047616
MolecuLA raw OLS (seed-excluded),HeavyAtomCount,14,100,77,52,5.253215071309392,0.0,0.8260869565217391,70,2.9098452600196283,1.3537433496332218,-0.14520098441345364,0.17142857142857143,0.8285714285714286,0.0
MolecuLA raw OLS (seed-excluded),HeavyAtomCount,15,100,100,44,4.2299712984552755,0.010327850159350001,0.6666666666666666,80,2.9788406587529703,0.5662068539664622,-0.26049783549783556,0.075,0.975,0.075
MolecuLA raw OLS (seed-excluded),HeavyAtomCount,16,100,81,43,4.237810796646601,0.0,0.8,70,2.515766041187909,1.5380725781460143,-0.2816901408450704,0.11428571428571428,1.0,0.11428571428571428
MolecuLA raw OLS (seed-excluded),HeavyAtomCount,17,100,100,61,5.607761317516931,0.20117342112678063,0.6295149638802889,94,2.769416759430009,1.524933220160667,-0.2914319849803721,0.10638297872340426,1.0,0.10638297872340426
MolecuLA raw OLS (seed-excluded),HeavyAtomCount,18,100,82,54,4.582412675520912,0.39179621541277654,0.8014084507042254,76,2.8838637937860243,2.0107274796558317,-0.2375998447427019,0.0,1.0,0.0
MolecuLA raw OLS (seed-excluded),HeavyAtomCount,19,100,75,55,5.089239449351006,0.2819806047294523,0.6666666666666666,67,2.9880222978686595,3.2891893987060223,-0.34801288936627284,0.014925373134328358,1.0,0.014925373134328358
MolecuLA raw OLS (seed-excluded),HeavyAtomCount,20,100,100,55,3.2469818747587684,0.41361796993490074,0.764375413086583,91,1.1404095635109481,1.6478797639773732,-0.19450431034482762,0.21978021978021978,1.0,0.21978021978021978
MolecuLA raw OLS (seed-excluded),HeavyAtomCount,21,100,100,55,5.256569204846244,0.6902053638276562,0.75,92,3.3493528032971196,0.4496742901105729,-0.22751209237010456,0.0,0.8913043478260869,0.0
MolecuLA raw OLS (seed-excluded),HeavyAtomCount,22,100,100,55,4.016999675885124,0.6715596879232999,0.75,89,1.559947842774851,1.018357919992263,-0.21272727272727265,0.38202247191011235,1.0,0.38202247191011235
MolecuLA raw OLS (seed-excluded),HeavyAtomCount,23,100,100,47,4.996940049284507,0.8111644635108393,0.7777777777777778,87,3.041451211142597,0.6387042035421,-0.2692307692307693,0.011494252873563218,0.8735632183908046,0.0
MolecuLA raw OLS (seed-excluded),HeavyAtomCount,24,100,100,35,3.0802284974155825,0.085274984475075,0.7515432098765432,80,2.7612617748661794,2.182963780256833,-0.2915300019293845,0.05,1.0,0.05
MolecuLA raw OLS (seed-excluded),HeavyAtomCount,25,100,100,52,4.043614072795545,0.41011401834204997,0.8333333333333334,88,1.2981091774225435,0.5105954452860091,-0.19995003331112587,0.13636363636363635,0.9318181818181818,0.11363636363636363
MolecuLA raw OLS (seed-excluded),HeavyAtomCount,26,100,87,54,4.9420631868815015,0.11864177760323331,0.72,79,2.648793252718799,1.6814561290662233,-0.229776247848537,0.13924050632911392,0.9620253164556962,0.10126582278481013
MolecuLA raw OLS (seed-excluded),HeavyAtomCount,27,100,100,53,4.784493046720609,0.53630593120606,0.7619047619047619,90,2.9436255259608983,0.4402651239881861,-0.14333333333333326,0.1,0.6777777777777778,0.08888888888888889
MolecuLA raw OLS (seed-excluded),HeavyAtomCount,28,100,100,52,2.7453302814694647,0.4786285547801,0.7861904761904761,87,1.9841432153850551,0.5634780716747319,-0.23809523809523814,0.022988505747126436,0.8390804597701149,0.0
MolecuLA raw OLS (seed-excluded),HeavyAtomCount,29,100,100,42,4.16551766691331,0.4786285547801,0.6818181818181818,83,3.510664057535184,2.2701030929155586,-0.33333333333333337,0.0,1.0,0.0
MolecuLA raw OLS (seed-excluded),HeavyAtomCount,30,100,81,44,4.590139391840941,0.28552742261509995,0.7428571428571429,72,2.755752316254035,1.3110447064908457,-0.1969805055039665,0.0,1.0,0.0
MolecuLA raw OLS (seed-excluded),HeavyAtomCount,31,100,100,58,3.314289403320956,0.5918223600106817,0.730905077262693,89,0.8172756305397471,-0.25992152446803984,-0.2327994175464143,0.4606741573033708,0.29213483146067415,0.033707865168539325
MolecuLA raw OLS (seed-excluded),HeavyAtomCount,32,100,100,31,3.752430365125325,0.45598009326575717,0.7272727272727273,76,3.4771940859836388,0.046763146834222225,-0.33333333333333337,0.013157894736842105,0.5263157894736842,0.0
MolecuLA raw OLS (seed-excluded),HeavyAtomCount,33,100,100,38,2.701044842026315,0.4786285547801,0.6666666666666666,80,1.7056056173135197,1.143780212165108,-0.2962962962962963,0.025,0.975,0.0
MolecuLA raw OLS (seed-excluded),HeavyAtomCount,34,100,100,52,4.51220383693147,0.7128580406597596,0.7297297297297297,98,2.0246970674020783,2.087931452775007,-0.23693693693693696,0.0,1.0,0.0
MolecuLA raw OLS (seed-excluded),HeavyAtomCount,35,100,100,48,5.310860908739487,0.0251286675201,0.6483379319406123,94,3.3519047487588876,1.8060431149529894,-0.3686061381074169,0.0,1.0,0.0
MolecuLA raw OLS (seed-excluded),HeavyAtomCount,36,100,97,45,5.641885477456224,0.0,0.6666666666666666,84,3.311288009198618,0.9917685603552131,-0.2360984426201817,0.047619047619047616,1.0,0.047619047619047616
MolecuLA raw OLS (seed-excluded),HeavyAtomCount,37,100,100,52,5.106915185518399,0.01256433376005,0.75,92,2.969243502907294,1.2752053332051765,-0.23551238677289094,0.21739130434782608,0.9130434782608695,0.13043478260869565
MolecuLA raw OLS (seed-excluded),HeavyAtomCount,38,100,100,49,3.691727659424906,0.9053780564769763,0.6814123376623377,84,1.4345205314765623,-1.1638060454939485,-0.33333333333333337,0.4166666666666667,0.09523809523809523,0.08333333333333333
MolecuLA raw OLS (seed-excluded),HeavyAtomCount,39,100,100,36,4.518016547968836,0.0251286675201,0.7172630376855729,85,3.2133958406337495,0.9544869997801478,-0.2743055555555556,0.047058823529411764,0.9764705882352941,0.023529411764705882
MolecuLA raw OLS (seed-excluded),HeavyAtomCount,40,100,100,42,3.368496759202195,0.0251286675201,0.8166666666666667,90,1.496121870346256,1.3488628521218695,-0.2530487804878049,0.022222222222222223,0.8555555555555555,0.0
MolecuLA raw OLS (seed-excluded),HeavyAtomCount,41,100,100,51,4.943443197226776,0.5291236828290355,0.7716181180417874,90,2.8161554248511496,0.6143613645213111,-0.19204545454545463,0.07777777777777778,0.9444444444444444,0.05555555555555555
MolecuLA raw OLS (seed-excluded),HeavyAtomCount,42,100,100,55,4.573957493456345,0.1325512299544264,0.7555713608345187,89,2.1056517334535343,0.6159534108646523,-0.16550116550116545,0.21348314606741572,0.898876404494382,0.19101123595505617
MolecuLA raw OLS (seed-excluded),HeavyAtomCount,43,100,100,38,3.0432414000398422,0.5975523317007333,0.8037104901511681,78,2.4680547944592224,1.0989431758796033,-0.2367530934549007,0.21794871794871795,1.0,0.21794871794871795
MolecuLA raw OLS (seed-excluded),HeavyAtomCount,44,100,100,52,4.738481138928938,0.649055488671066,0.8257575757575758,93,2.838639324073096,0.788348616745886,-0.19565217391304346,0.0,1.0,0.0
MolecuLA raw OLS (seed-excluded),HeavyAtomCount,45,100,100,48,5.399501559124924,0.0251286675201,0.762531328320802,89,3.0054483058601553,1.6326682541642297,-0.23294314381270897,0.056179775280898875,1.0,0.056179775280898875
MolecuLA raw OLS (seed-excluded),HeavyAtomCount,46,100,100,49,2.9502743298085248,0.0251286675201,0.7880952380952381,92,1.7765390665657055,0.6529673676968518,-0.14938409259849206,0.22826086956521738,0.8913043478260869,0.16304347826086957
MolecuLA raw OLS (seed-excluded),HeavyAtomCount,47,100,87,54,5.645847477355318,0.41811832415937505,0.75,82,3.2212283320464907,1.2949895015828004,-0.21260997067448684,0.024390243902439025,0.9878048780487805,0.024390243902439025
MolecuLA raw OLS (seed-excluded),HeavyAtomCount,48,100,100,52,5.628097443632251,0.5438838802553363,0.8057780320366132,90,3.873684452360706,0.9875090468541134,-0.24695121951219512,0.17777777777777778,0.9888888888888889,0.17777777777777778
MolecuLA raw OLS (seed-excluded),HeavyAtomCount,49,100,100,38,3.2027325754541165,0.0,0.817487330761667,84,1.8225960648074504,1.0744456792372388,-0.23245614035087714,0.32142857142857145,0.9166666666666666,0.32142857142857145
ChemSpacE extreme-SVM,FractionCSP3,0,100,100,40,5.011157124221699,0.015864731175254543,0.7388372093023257,98,3.4555632694694163,1.8855350781880629,-0.2836032668881506,0.0,1.0,0.0
ChemSpacE extreme-SVM,FractionCSP3,1,100,100,38,5.317929719080295,0.015864731175254543,0.7516447368421053,98,3.417313183485873,1.2309596101761897,-0.3125,0.0,1.0,0.0
ChemSpacE extreme-SVM,FractionCSP3,2,100,100,21,4.827750917140457,0.07275510653960066,0.7097902097902098,98,2.558829997391566,1.7885615335862453,-0.21245421245421248,0.01020408163265306,1.0,0.01020408163265306
ChemSpacE extreme-SVM,FractionCSP3,3,100,100,33,5.088029373974283,0.06209846428241235,0.7692307692307693,98,1.5126236092494452,-0.05066074971600436,-0.14913657770800626,0.0,0.14285714285714285,0.0
ChemSpacE extreme-SVM,FractionCSP3,4,100,100,36,4.718797012828133,0.015864731175254543,0.8292158968850698,98,2.833516143554087,0.9883114914970937,-0.19183673469387752,0.0,1.0,0.0
ChemSpacE extreme-SVM,FractionCSP3,5,100,100,31,5.6982120658856426,0.015864731175254543,0.6923076923076923,100,2.7550558423893454,1.8173335162625766,-0.27828054298642535,0.01,0.99,0.0
ChemSpacE extreme-SVM,FractionCSP3,6,100,100,37,5.4588974826544625,0.015864731175254543,0.6923076923076923,100,1.8140863774122544,1.3217099409859931,-0.2654387865655471,0.0,1.0,0.0
ChemSpacE extreme-SVM,FractionCSP3,7,100,100,25,4.718797012828133,0.0482147902964167,0.7759259259259259,98,2.1731812987271093,0.4516408182565579,-0.26538461538461544,0.01020408163265306,0.9897959183673469,0.01020408163265306
ChemSpacE extreme-SVM,FractionCSP3,8,100,100,25,4.788053360941959,0.06209846428241235,0.8705936920222634,98,2.6743666017975247,0.27946132377393196,-0.1501262626262626,0.0,1.0,0.0
ChemSpacE extreme-SVM,FractionCSP3,9,100,100,42,4.718797012828133,0.015864731175254543,0.806470588235294,98,2.1181547521195965,1.3225264585268626,-0.2245977011494253,0.01020408163265306,1.0,0.01020408163265306
ChemSpacE extreme-SVM,FractionCSP3,10,100,100,30,4.718797012828133,0.01758078865717111,0.7686170212765957,98,2.1530405493187414,1.2776784771051548,-0.23953161204899037,0.0,1.0,0.0
ChemSpacE extreme-SVM,FractionCSP3,11,100,100,26,4.969580344768653,0.017970795130813965,0.7846153846153847,98,2.8388694413061413,1.3954176543667542,-0.18351648351648348,0.0,1.0,0.0
ChemSpacE extreme-SVM,FractionCSP3,12,100,100,38,4.853181145479466,0.015864731175254543,0.8764880952380952,98,2.303290623785416,1.5812850873654392,-0.14664831449821308,0.0,1.0,0.0
ChemSpacE extreme-SVM,FractionCSP3,13,100,100,45,4.718797012828133,0.015864731175254543,0.9356060606060606,98,2.60080916531761,-0.6843690279576289,-0.10345156369183833,0.030612244897959183,0.07142857142857142,0.0
ChemSpacE extreme-SVM,FractionCSP3,14,100,100,50,4.718797012828133,0.015864731175254543,0.8052168021680217,98,2.185832728490985,1.3696080808084763,-0.16046569346359513,0.0,1.0,0.0
ChemSpacE extreme-SVM,FractionCSP3,15,100,100,36,4.7823800176803495,0.015864731175254543,0.7744360902255639,98,2.0999585426062675,0.522973362519749,-0.19114832535885168,0.01020408163265306,1.0,0.01020408163265306
ChemSpacE extreme-SVM,FractionCSP3,16,100,100,40,4.718797012828133,0.015864731175254543,0.7205882352941178,98,2.4832423320851613,1.5066420176227764,-0.30330882352941174,0.0,1.0,0.0
ChemSpacE extreme-SVM,FractionCSP3,17,100,100,41,5.462760965793706,0.015864731175254543,0.6986128625472887,99,2.6907134523552863,1.3139554447689639,-0.21509971509971515,0.0,1.0,0.0
ChemSpacE extreme-SVM,FractionCSP3,18,100,100,34,4.854334213051866,0.015864731175254543,0.7986150367439231,98,2.9330772775822678,1.574956360719933,-0.2340365377275362,0.0,1.0,0.0
ChemSpacE extreme-SVM,FractionCSP3,19,100,100,39,5.456531209974567,0.015864731175254543,0.6978938130759105,98,3.2181473530613727,2.980951935289737,-0.2846007812785221,0.0,1.0,0.0
ChemSpacE extreme-SVM,FractionCSP3,20,100,100,36,4.7700485098549255,0.015864731175254543,0.7963269814968241,98,2.2156459189374376,1.2043382220964542,-0.1741434182015168,0.01020408163265306,1.0,0.01020408163265306
ChemSpacE extreme-SVM,FractionCSP3,21,100,100,19,4.965728269934472,0.07275510653960066,0.8207070707070707,98,2.928145968643768,-0.2035569435771793,-0.18803418803418803,0.0,0.10204081632653061,0.0
ChemSpacE extreme-SVM,FractionCSP3,22,100,100,41,4.981920619356707,0.015864731175254543,0.7613571017826337,98,2.012562924015398,0.36266296324421765,-0.2097697697697697,0.0,1.0,0.0
ChemSpacE extreme-SVM,FractionCSP3,23,100,100,26,4.718797012828133,0.06209846428241235,0.8431372549019608,98,2.4020631313014738,-0.24549888942630438,-0.23717948717948717,0.0,0.12244897959183673,0.0
ChemSpacE extreme-SVM,FractionCSP3,24,100,100,23,4.718797012828133,0.02211444846729222,0.7595588235294117,98,3.182689653247193,1.6498380673907835,-0.27852564102564104,0.01020408163265306,1.0,0.01020408163265306
ChemSpacE extreme-SVM,FractionCSP3,25,100,100,41,4.8214304173046045,0.015864731175254543,0.9205329153605015,98,2.4215017546245963,0.02015949030404782,-0.1584880636604774,0.01020408163265306,0.8979591836734694,0.0
ChemSpacE extreme-SVM,FractionCSP3,26,100,100,41,5.01320779044695,0.015864731175254543,0.6990254872563718,98,2.9293201058459353,1.5786790826382444,-0.2612577639751553,0.0,1.0,0.0
ChemSpacE extreme-SVM,FractionCSP3,27,100,100,28,4.718797012828133,0.04584750404467534,0.873015873015873,98,2.3951999744168746,-0.10901752647748107,-0.03986291486291482,0.0,0.12244897959183673,0.0
ChemSpacE extreme-SVM,FractionCSP3,28,100,100,31,4.718797012828133,0.01728613153236916,0.9650776053215078,98,2.7986114329900635,0.021916395305187915,-0.07828282828282829,0.0,0.9897959183673469,0.0
ChemSpacE extreme-SVM,FractionCSP3,29,100,100,21,4.718797012828133,0.06482071726177599,0.8683385579937304,98,3.1115750335576164,1.842555808918097,-0.18080149114631872,0.0,1.0,0.0
ChemSpacE extreme-SVM,FractionCSP3,30,100,100,36,4.902279663369795,0.015864731175254543,0.7743664717348928,98,2.6198865182520814,0.9519554256946918,-0.1596560846560846,0.0,1.0,0.0
ChemSpacE extreme-SVM,FractionCSP3,31,100,100,22,4.722413331220247,0.07275510653960066,0.7926829268292683,98,1.459578550382628,-0.7798510467250834,-0.19043151969981242,0.01020408163265306,0.04081632653061224,0.0
ChemSpacE extreme-SVM,FractionCSP3,32,100,100,35,4.810244321360708,0.015864731175254543,0.7853618421052632,98,2.3312478297928805,-0.4401153620905026,-0.234375,0.01020408163265306,0.08163265306122448,0.0
ChemSpacE extreme-SVM,FractionCSP3,33,100,100,23,4.718797012828133,0.059376211303048716,0.875,98,2.9503040619750145,0.7106534476191542,-0.13888888888888884,0.0,0.9897959183673469,0.0
ChemSpacE extreme-SVM,FractionCSP3,34,100,100,28,4.718797012828133,0.02172444199364936,0.8090229079008883,100,2.229202121276166,1.3922360527239008,-0.1576437587657784,0.01,1.0,0.01
ChemSpacE extreme-SVM,FractionCSP3,35,100,100,36,4.718797012828133,0.015864731175254543,0.7913456599897277,98,2.510220962661346,1.796779178608144,-0.24016949152542372,0.0,1.0,0.0
ChemSpacE extreme-SVM,FractionCSP3,36,100,100,31,4.919444180044666,0.015864731175254543,0.7208252740167633,98,2.0459034423311353,0.8225229598366668,-0.19666565318739226,0.01020408163265306,0.9897959183673469,0.01020408163265306
ChemSpacE extreme-SVM,FractionCSP3,37,100,100,41,4.718797012828133,0.015864731175254543,0.8927899686520375,98,2.489398500495448,1.2545850103043008,-0.14398577612863328,0.0,1.0,0.0
ChemSpacE extreme-SVM,FractionCSP3,38,100,100,27,5.067586749218636,0.06209846428241235,0.7829787234042553,98,1.646339162598223,-1.8881687347601275,-0.27086743044189854,0.01020408163265306,0.0,0.0
ChemSpacE extreme-SVM,FractionCSP3,39,100,100,17,4.718797012828133,0.07275510653960066,0.8569844789356984,98,2.386337728911143,0.596105472947372,-0.16925215208034433,0.0,1.0,0.0
ChemSpacE extreme-SVM,FractionCSP3,40,100,100,18,4.718797012828133,0.07275510653960066,0.8535714285714286,98,2.5494762297874933,1.2362114901592696,-0.2576036866359447,0.01020408163265306,1.0,0.01020408163265306
ChemSpacE extreme-SVM,FractionCSP3,41,100,100,29,4.718797012828133,0.023762031374568192,0.8587301587301588,98,2.394467464590887,0.066422569366037,-0.13782071586949635,0.0,1.0,0.0
ChemSpacE extreme-SVM,FractionCSP3,42,100,100,36,4.718797012828133,0.015864731175254543,0.8116554054054055,98,2.324028523384872,0.3562424825773763,-0.1500269671001378,0.0,0.9795918367346939,0.0
ChemSpacE extreme-SVM,FractionCSP3,43,100,100,21,4.718797012828133,0.0698515009171169,0.8720538720538721,98,2.653345894528525,0.5717884280291339,-0.17926667926667927,0.0,1.0,0.0
ChemSpacE extreme-SVM,FractionCSP3,44,100,100,22,4.718797012828133,0.07275510653960066,0.8522370486656201,98,2.2765131604731623,0.13226839657900424,-0.20192307692307693,0.0,1.0,0.0
ChemSpacE extreme-SVM,FractionCSP3,45,100,100,30,4.84270740499205,0.015864731175254543,0.8272727272727273,98,2.5883592537693256,1.6234043178193842,-0.18281004709576132,0.0,1.0,0.0
ChemSpacE extreme-SVM,FractionCSP3,46,100,100,29,4.718797012828133,0.017970795130813965,0.8603145235892692,98,2.5514348310567785,0.5894168252154262,-0.06722170829478874,0.0,1.0,0.0
ChemSpacE extreme-SVM,FractionCSP3,47,100,100,38,5.19988111971308,0.015864731175254543,0.8096264367816092,98,3.199345560763173,0.8891682987912547,-0.21496212121212127,0.0,1.0,0.0
ChemSpacE extreme-SVM,FractionCSP3,48,100,100,46,4.718797012828133,0.015864731175254543,0.8869047619047619,98,2.724004542111916,0.4138990597401925,-0.12683150183150182,0.0,1.0,0.0
ChemSpacE extreme-SVM,FractionCSP3,49,100,100,40,4.718797012828133,0.015864731175254543,0.825,98,1.7500642416969567,1.0903104104124932,-0.1770989974937343,0.01020408163265306,1.0,0.01020408163265306
ChemSpacE extreme-SVM,HBA,0,100,100,55,4.882867428150847,0.015864731175254543,0.6403688524590163,98,3.1174249784925685,1.8855350781880629,-0.35119047619047616,0.07142857142857142,1.0,0.07142857142857142
ChemSpacE extreme-SVM,HBA,1,100,100,42,4.718797012828133,0.015864731175254543,0.775,98,2.6057696774553945,1.2309596101761897,-0.25462962962962965,0.061224489795918366,1.0,0.061224489795918366
ChemSpacE extreme-SVM,HBA,2,100,100,37,4.718797012828133,0.015864731175254543,0.8333333333333334,98,2.2586170056025763,1.731671158221899,-0.1586080586080586,0.05102040816326531,1.0,0.05102040816326531
ChemSpacE extreme-SVM,HBA,3,100,100,64,4.80295848717332,0.04706708314198701,0.5366666666666666,99,1.1214956469644486,-0.06569213085642969,-0.41836734693877553,0.10101010101010101,0.23232323232323232,0.10101010101010101
ChemSpacE extreme-SVM,HBA,4,100,100,30,4.75802773672072,0.015864731175254543,0.625,98,2.734499844866436,0.9883114914970937,-0.375,0.061224489795918366,1.0,0.061224489795918366
ChemSpacE extreme-SVM,HBA,5,100,100,40,5.163800629860281,0.015864731175254543,0.7023809523809523,98,2.4437140807474136,1.8173335162625766,-0.28324487689812766,0.05102040816326531,1.0,0.05102040816326531
ChemSpacE extreme-SVM,HBA,6,100,100,41,4.949702473228119,0.006909329027470784,0.7416666666666667,99,1.5165135745280072,1.3185749817832744,-0.2244131455399061,0.13131313131313133,1.0,0.13131313131313133
ChemSpacE extreme-SVM,HBA,7,100,100,42,4.718797012828133,0.015864731175254543,0.7916666666666667,97,2.1410597534539813,0.4054070851494001,-0.29487179487179493,0.05154639175257732,1.0,0.05154639175257732
ChemSpacE extreme-SVM,HBA,8,100,100,41,4.718797012828133,0.015864731175254543,0.8482269503546099,98,2.4491169304976443,0.23050533768741052,-0.15965835430488828,0.10204081632653061,0.9897959183673469,0.09183673469387756
ChemSpacE extreme-SVM,HBA,9,100,100,31,4.718797012828133,-0.004904329912100649,0.75,98,2.1181547521195965,1.3017573974395076,-0.22803030303030303,0.16326530612244897,0.9897959183673469,0.15306122448979592
ChemSpacE extreme-SVM,HBA,10,100,100,41,4.857774352670673,0.015864731175254543,0.7309899569583931,98,2.253022082299502,1.2738563556676787,-0.3009435353088603,0.07142857142857142,1.0,0.07142857142857142
ChemSpacE extreme-SVM,HBA,11,100,100,30,4.718797012828133,0.0002612357172603872,0.625,97,2.160445212705535,1.3853021105043204,-0.28928571428571426,0.10309278350515463,1.0,0.10309278350515463
ChemSpacE extreme-SVM,HBA,12,100,100,37,4.937381304312495,0.015864731175254543,0.7382659713168187,98,2.5101346039578925,1.5812850873654392,-0.3025075414781297,0.01020408163265306,1.0,0.01020408163265306
ChemSpacE extreme-SVM,HBA,13,100,97,62,7.269334368656875,0.015864731175254543,0.3230769230769231,95,4.844960010597283,-0.6843690279576289,-0.6752717391304348,0.07368421052631578,0.042105263157894736,0.010526315789473684
ChemSpacE extreme-SVM,HBA,14,100,96,38,7.3284153846153846,0.009481735696269485,0.625,94,4.73555004603069,1.3664731216057575,-0.3315217391304348,0.07446808510638298,1.0,0.07446808510638298
ChemSpacE extreme-SVM,HBA,15,100,100,29,4.718797012828133,0.015864731175254543,0.7570168404170008,98,1.9450085099131416,0.522973362519749,-0.21970729751403373,0.1326530612244898,1.0,0.1326530612244898
ChemSpacE extreme-SVM,HBA,16,100,100,38,5.059168892368323,0.011060908917466002,0.625,98,2.722329525257253,1.505074538021417,-0.375,0.0,1.0,0.0
ChemSpacE extreme-SVM,HBA,17,100,100,30,5.205427465384008,0.015864731175254543,0.7638888888888888,99,2.5591695205594824,1.3139554447689639,-0.15740740740740744,0.09090909090909091,1.0,0.09090909090909091
ChemSpacE extreme-SVM,HBA,18,100,100,38,4.718797012828133,0.015864731175254543,0.8888888888888888,98,2.771677857211389,1.574956360719933,-0.1494331065759637,0.05102040816326531,1.0,0.05102040816326531
ChemSpacE extreme-SVM,HBA,19,100,100,37,4.718797012828133,0.001088886082405848,0.6929280397022333,98,2.471470572116879,2.9735640127433127,-0.28728414442700156,0.04081632653061224,1.0,0.04081632653061224
ChemSpacE extreme-SVM,HBA,20,100,100,46,4.718797012828133,0.015864731175254543,0.7142857142857143,99,1.989640211903093,1.2043382220964542,-0.25924744897959184,0.0707070707070707,1.0,0.0707070707070707
ChemSpacE extreme-SVM,HBA,21,100,100,59,4.870578902164358,0.015864731175254543,0.7453703703703703,99,2.6557479471668453,-0.2604473189415254,-0.22079772079772086,0.0,0.21212121212121213,0.0
ChemSpacE extreme-SVM,HBA,22,100,100,44,4.754459586061483,0.015864731175254543,0.7368131868131869,98,1.8971693831334902,0.36266296324421765,-0.21003205128205127,0.04081632653061224,1.0,0.04081632653061224
ChemSpacE extreme-SVM,HBA,23,100,100,38,4.718797012828133,0.015864731175254543,0.8571428571428571,98,2.4020631313014738,-0.29173262253346216,-0.20575692963752668,0.10204081632653061,0.09183673469387756,0.01020408163265306
ChemSpacE extreme-SVM,HBA,24,100,100,41,4.718797012828133,0.015864731175254543,0.8293269230769231,98,2.9066965189629164,1.6225775475007265,-0.18990384615384615,0.061224489795918366,1.0,0.061224489795918366
ChemSpacE extreme-SVM,HBA,25,100,100,61,4.976686637024073,0.015864731175254543,0.7123161764705883,98,2.7320430797573527,0.02015949030404782,-0.32674632352941174,0.05102040816326531,0.7959183673469388,0.05102040816326531
ChemSpacE extreme-SVM,HBA,26,100,100,34,4.718797012828133,0.005741742595719804,0.8333333333333334,98,2.1042163822718605,1.5786790826382444,-0.19047619047619047,0.061224489795918366,1.0,0.061224489795918366
ChemSpacE extreme-SVM,HBA,27,100,100,36,4.718797012828133,0.015864731175254543,0.7717948717948718,98,2.3238406571631516,-0.12032174325460317,-0.16116181370418653,0.05102040816326531,0.16326530612244897,0.030612244897959183
ChemSpacE extreme-SVM,HBA,28,100,100,38,4.718797012828133,0.015864731175254543,1.0,98,2.7986114329900635,0.0167413480852379,-0.05660377358490565,0.16326530612244897,0.6122448979591837,0.14285714285714285
ChemSpacE extreme-SVM,HBA,29,100,100,45,4.718797012828133,0.015864731175254543,0.625,98,3.0669541038144255,1.788271501702981,-0.375,0.04081632653061224,1.0,0.04081632653061224
ChemSpacE extreme-SVM,HBA,30,100,98,36,4.940154599053017,-0.0016461799507045435,0.6394230769230769,96,2.726223160266648,0.9371795806018431,-0.28928571428571426,0.03125,1.0,0.03125
ChemSpacE extreme-SVM,HBA,31,100,100,58,4.718797012828133,0.015864731175254543,0.819327731092437,98,1.404507609507177,-0.8314131009608353,-0.1482578397212544,0.09183673469387756,0.07142857142857142,0.02040816326530612
ChemSpacE extreme-SVM,HBA,32,100,100,32,7.3284153846153846,0.0015258446038230536,0.625,98,4.6817886510808115,-0.45598009326575717,-0.375,0.07142857142857142,0.05102040816326531,0.0
ChemSpacE extreme-SVM,HBA,33,100,100,56,4.718797012828133,0.015864731175254543,0.5,97,2.545723982888828,0.6644197145119963,-0.4629629629629629,0.07216494845360824,0.9896907216494846,0.061855670103092786
ChemSpacE extreme-SVM,HBA,34,100,100,41,4.976865125174189,0.015864731175254543,0.7531746031746032,99,2.625243972763502,1.386376341905506,-0.23809523809523814,0.04040404040404041,1.0,0.04040404040404041
ChemSpacE extreme-SVM,HBA,35,100,100,32,4.812482657452836,0.007044308921699448,0.7459677419354839,98,2.5775552210293715,1.7951996294718087,-0.2847699629825489,0.10204081632653061,1.0,0.10204081632653061
ChemSpacE extreme-SVM,HBA,36,100,100,41,5.025267273147813,0.015864731175254543,0.625,98,2.2486737562819648,0.8225229598366668,-0.2663043478260869,0.12244897959183673,1.0,0.12244897959183673
ChemSpacE extreme-SVM,HBA,37,100,100,35,4.718797012828133,0.015864731175254543,0.791304347826087,98,2.489398500495448,1.2545850103043008,-0.23114463176574973,0.01020408163265306,1.0,0.01020408163265306
ChemSpacE extreme-SVM,HBA,38,100,100,44,4.718797012828133,0.015864731175254543,0.8038461538461539,98,1.3094820675247951,-1.918836171227993,-0.2587301587301587,0.14285714285714285,0.061224489795918366,0.04081632653061224
ChemSpacE extreme-SVM,HBA,39,100,100,36,4.718797012828133,0.015864731175254543,0.625,98,2.386337728911143,0.5392150975830259,-0.34375,0.08163265306122448,0.9897959183673469,0.08163265306122448
ChemSpacE extreme-SVM,HBA,40,100,100,34,4.718797012828133,0.011534547500379574,0.8090909090909091,98,2.603264382176603,1.1793211147949234,-0.19999999999999996,0.08163265306122448,1.0,0.08163265306122448
ChemSpacE extreme-SVM,HBA,41,100,100,43,4.718797012828133,0.015864731175254543,0.8521341463414633,98,2.730543195019972,0.057840605568278525,-0.19705416534684833,0.11224489795918367,0.9795918367346939,0.11224489795918367
ChemSpacE extreme-SVM,HBA,42,100,100,38,4.728679491011571,0.015864731175254543,0.7528985507246377,98,2.199989755740646,0.3562424825773763,-0.2152013673752804,0.10204081632653061,1.0,0.10204081632653061
ChemSpacE extreme-SVM,HBA,43,100,100,49,4.718797012828133,0.015864731175254543,0.7678571428571428,98,2.653345894528525,0.5148980526647878,-0.22297297297297303,0.09183673469387756,1.0,0.09183673469387756
ChemSpacE extreme-SVM,HBA,44,100,100,39,4.770257706062816,0.015864731175254543,0.7346185397867104,98,2.4102277098431837,0.07537802121465814,-0.3232265446224256,0.07142857142857142,1.0,0.07142857142857142
ChemSpacE extreme-SVM,HBA,45,100,100,34,5.008400851344161,0.015864731175254543,0.6627764127764127,98,3.027834894181686,1.6234043178193842,-0.35008741258741255,0.08163265306122448,1.0,0.08163265306122448
ChemSpacE extreme-SVM,HBA,46,100,100,38,4.718797012828133,0.015864731175254543,0.875,98,2.5514348310567785,0.5835571143970314,-0.09266848816029138,0.07142857142857142,1.0,0.07142857142857142
ChemSpacE extreme-SVM,HBA,47,100,100,35,4.779957662638445,0.015864731175254543,0.7714046822742475,98,2.4351672822726633,0.8891682987912547,-0.2168936326831064,0.11224489795918367,1.0,0.11224489795918367
ChemSpacE extreme-SVM,HBA,48,100,100,56,4.718797012828133,0.015864731175254543,0.9215384615384616,98,2.9271604497058363,0.4138990597401925,-0.15475409836065573,0.15306122448979592,0.9897959183673469,0.14285714285714285
ChemSpacE extreme-SVM,HBA,49,100,100,34,4.718797012828133,0.015864731175254543,0.825,98,1.7500642416969567,1.0903104104124932,-0.17089700056593093,0.11224489795918367,1.0,0.11224489795918367
ChemSpacE extreme-SVM,TPSA,0,100,100,43,4.718797012828133,0.02048685700585973,0.7697368421052632,98,2.76598660028755,1.891409519657146,-0.22619047619047616,0.05102040816326531,1.0,0.05102040816326531
ChemSpacE extreme-SVM,TPSA,1,100,100,52,4.718797012828133,0.015864731175254543,0.75,98,2.6057696774553945,1.2309596101761897,-0.25,0.061224489795918366,0.9897959183673469,0.05102040816326531
ChemSpacE extreme-SVM,TPSA,2,100,100,56,4.718797012828133,0.015864731175254543,0.8,97,2.2586170056025763,1.731671158221899,-0.12698412698412698,0.030927835051546393,1.0,0.030927835051546393
ChemSpacE extreme-SVM,TPSA,3,100,100,28,5.21616704970677,0.04706708314198701,0.6300675675675675,99,1.9479127720313487,-0.06569213085642969,-0.29336734693877553,0.09090909090909091,0.13131313131313133,0.030303030303030304
ChemSpacE extreme-SVM,TPSA,4,100,100,23,4.718797012828133,-0.004642787947957792,0.7596153846153846,98,2.6184674135515698,0.9749475841722567,-0.25,0.061224489795918366,1.0,0.061224489795918366
ChemSpacE extreme-SVM,TPSA,5,100,100,52,4.9296561056027155,0.015864731175254543,0.7321428571428572,100,1.986499882106418,1.8173335162625766,-0.2384453781512605,0.03,0.99,0.03
ChemSpacE extreme-SVM,TPSA,6,100,100,60,5.229554762692882,0.015864731175254543,0.75,99,1.5959721818111827,1.3217099409859931,-0.20774647887323938,0.06060606060606061,1.0,0.06060606060606061
ChemSpacE extreme-SVM,TPSA,7,100,100,44,4.718797012828133,0.015864731175254543,0.75,97,2.1410597534539813,0.4054070851494001,-0.21153846153846156,0.05154639175257732,0.9896907216494846,0.05154639175257732
ChemSpacE extreme-SVM,TPSA,8,100,100,51,4.718797012828133,0.015864731175254543,0.7923538230884557,98,2.4491169304976443,0.23050533768741052,-0.22346743295019156,0.04081632653061224,0.9897959183673469,0.030612244897959183
ChemSpacE extreme-SVM,TPSA,9,100,100,54,4.718797012828133,0.015864731175254543,0.75,98,2.1181547521195965,1.3225264585268626,-0.21666666666666667,0.061224489795918366,1.0,0.061224489795918366
ChemSpacE extreme-SVM,TPSA,10,100,100,59,4.81946370750088,0.015864731175254543,0.7321428571428572,98,2.3057358499565583,1.2738563556676787,-0.27237210673743173,0.04081632653061224,1.0,0.04081632653061224
ChemSpacE extreme-SVM,TPSA,11,100,100,26,4.718797012828133,0.005741742595719804,0.75,98,2.160445212705535,1.3888732799499144,-0.16428571428571426,0.061224489795918366,0.9897959183673469,0.05102040816326531
ChemSpacE extreme-SVM,TPSA,12,100,100,59,4.718797012828133,0.015864731175254543,0.8315602836879432,98,1.9971811557418162,1.5812850873654392,-0.15438742873035738,0.01020408163265306,1.0,0.01020408163265306
ChemSpacE extreme-SVM,TPSA,13,100,100,31,4.718797012828133,0.04706708314198701,0.625,98,2.286777861270166,-0.6531666759908964,-0.3315217391304348,0.030612244897959183,0.02040816326530612,0.0
ChemSpacE extreme-SVM,TPSA,14,100,100,59,4.718797012828133,0.015864731175254543,0.7545180722891567,98,2.1259316742434384,1.3696080808084763,-0.2815217391304348,0.04081632653061224,1.0,0.04081632653061224
ChemSpacE extreme-SVM,TPSA,15,100,100,24,4.877841366782857,0.015864731175254543,0.7666666666666666,98,2.310338599984174,0.522973362519749,-0.2098484848484849,0.07142857142857142,1.0,0.07142857142857142
ChemSpacE extreme-SVM,TPSA,16,100,100,59,4.718797012828133,0.015864731175254543,0.75,98,2.3094516454487044,1.5066420176227764,-0.25,0.05102040816326531,1.0,0.05102040816326531
ChemSpacE extreme-SVM,TPSA,17,100,100,45,4.89571554060983,0.015864731175254543,0.6648351648351649,99,1.9724818554865866,1.3139554447689639,-0.292022792022792,0.030303030303030304,1.0,0.030303030303030304
ChemSpacE extreme-SVM,TPSA,18,100,100,44,4.718797012828133,0.015864731175254543,0.7734375,98,2.550825495429346,1.574956360719933,-0.22959183673469385,0.05102040816326531,1.0,0.05102040816326531
ChemSpacE extreme-SVM,TPSA,19,100,100,53,4.718797012828133,0.015864731175254543,0.75,98,2.2831303167773767,2.980951935289737,-0.22959183673469385,0.04081632653061224,1.0,0.04081632653061224
ChemSpacE extreme-SVM,TPSA,20,100,100,57,4.718797012828133,0.015864731175254543,0.7379084967320262,99,1.989640211903093,1.2043382220964542,-0.24201388888888886,0.020202020202020204,1.0,0.020202020202020204
ChemSpacE extreme-SVM,TPSA,21,100,100,48,4.718797012828133,0.04706708314198701,0.7836257309941521,99,2.500594598127077,-0.22924496697479294,-0.18376068376068377,0.030303030303030304,0.16161616161616163,0.030303030303030304
ChemSpacE extreme-SVM,TPSA,22,100,100,53,4.718797012828133,0.015864731175254543,0.8117647058823529,98,1.570288778684139,0.36266296324421765,-0.1399999999999999,0.04081632653061224,1.0,0.04081632653061224
ChemSpacE extreme-SVM,TPSA,23,100,100,58,4.718797012828133,0.015864731175254543,0.75,98,2.5400574417415833,-0.29173262253346216,-0.25,0.04081632653061224,0.09183673469387756,0.0
ChemSpacE extreme-SVM,TPSA,24,100,100,56,4.718797012828133,0.015864731175254543,0.7777777777777778,98,2.9066965189629164,1.6225775475007265,-0.2361111111111111,0.05102040816326531,1.0,0.05102040816326531
ChemSpacE extreme-SVM,TPSA,25,100,100,36,4.7446600695228565,0.04706708314198701,0.75,98,1.883655368603839,0.051361842270780285,-0.265625,0.05102040816326531,0.9489795918367347,0.0
ChemSpacE extreme-SVM,TPSA,26,100,100,47,4.718797012828133,-0.0032806399944890945,0.75,98,2.1042163822718605,1.5681435948281295,-0.1785714285714286,0.07142857142857142,1.0,0.07142857142857142
ChemSpacE extreme-SVM,TPSA,27,100,100,56,4.718797012828133,0.015864731175254543,0.75,98,2.2467540889116,-0.12032174325460317,-0.13888888888888884,0.030612244897959183,0.10204081632653061,0.0
ChemSpacE extreme-SVM,TPSA,28,100,100,41,4.718797012828133,0.04706708314198701,0.8571428571428571,98,2.7986114329900635,0.047943700051970364,-0.1428571428571429,0.08163265306122448,0.9897959183673469,0.07142857142857142
ChemSpacE extreme-SVM,TPSA,29,100,100,46,4.718797012828133,0.015864731175254543,0.75,98,3.0669541038144255,1.7912087224375228,-0.25,0.01020408163265306,1.0,0.01020408163265306
ChemSpacE extreme-SVM,TPSA,30,100,100,58,4.718797012828133,0.015864731175254543,0.7194444444444444,98,2.41876709726323,0.9519554256946918,-0.25555555555555554,0.04081632653061224,1.0,0.04081632653061224
ChemSpacE extreme-SVM,TPSA,31,100,100,53,4.718797012828133,0.015864731175254543,0.8213768115942028,98,1.404507609507177,-0.8314131009608353,-0.11849593495934962,0.061224489795918366,0.061224489795918366,0.02040816326530612
ChemSpacE extreme-SVM,TPSA,32,100,100,27,4.718797012828133,0.015864731175254543,0.75,97,2.0721702792935597,-0.4401153620905026,-0.25,0.061855670103092786,0.05154639175257732,0.0
ChemSpacE extreme-SVM,TPSA,33,100,100,32,4.718797012828133,0.03146590715862078,0.75,97,2.545723982888828,0.6956220664787288,-0.2129629629629629,0.07216494845360824,0.9896907216494846,0.061855670103092786
ChemSpacE extreme-SVM,TPSA,34,100,100,61,4.980205097614309,0.015864731175254543,0.7595930232558139,99,2.5550392212879016,1.386376341905506,-0.22248062015503878,0.010101010101010102,1.0,0.010101010101010102
ChemSpacE extreme-SVM,TPSA,35,100,100,38,4.718797012828133,0.009780548753337536,0.75,98,2.3160294036331353,1.796779178608144,-0.25914634146341464,0.05102040816326531,1.0,0.05102040816326531
ChemSpacE extreme-SVM,TPSA,36,100,100,60,4.718797012828133,0.015864731175254543,0.7840909090909092,98,1.373180870360227,0.8225229598366668,-0.14130434782608692,0.09183673469387756,0.9897959183673469,0.09183673469387756
ChemSpacE extreme-SVM,TPSA,37,100,100,55,4.718797012828133,0.015864731175254543,0.7777777777777778,98,2.489398500495448,1.2545850103043008,-0.22959183673469385,0.05102040816326531,1.0,0.05102040816326531
ChemSpacE extreme-SVM,TPSA,38,100,100,51,4.718797012828133,0.015864731175254543,0.75,98,1.0270693534032267,-1.918836171227993,-0.255,0.07142857142857142,0.030612244897959183,0.02040816326530612
ChemSpacE extreme-SVM,TPSA,39,100,100,56,4.718797012828133,0.015864731175254543,0.7638888888888888,98,2.386337728911143,0.5392150975830259,-0.21875,0.061224489795918366,1.0,0.061224489795918366
ChemSpacE extreme-SVM,TPSA,40,100,100,25,4.718797012828133,0.015864731175254543,0.823076923076923,98,2.5494762297874933,1.1793211147949234,-0.19999999999999996,0.04081632653061224,0.9897959183673469,0.030612244897959183
ChemSpacE extreme-SVM,TPSA,41,100,100,46,4.718797012828133,0.04706708314198701,0.75,98,2.3109839131628656,0.08904295753501099,-0.20454545454545459,0.05102040816326531,0.9591836734693877,0.01020408163265306
ChemSpacE extreme-SVM,TPSA,42,100,100,56,4.718797012828133,0.015864731175254543,0.7467948717948718,99,1.8262902068872657,0.3562424825773763,-0.16550116550116545,0.050505050505050504,0.98989898989899,0.050505050505050504
ChemSpacE extreme-SVM,TPSA,43,100,100,44,4.718797012828133,0.015864731175254543,0.7533783783783784,98,2.653345894528525,0.5148980526647878,-0.22297297297297303,0.05102040816326531,1.0,0.05102040816326531
ChemSpacE extreme-SVM,TPSA,44,100,100,53,4.718797012828133,0.015864731175254543,0.821969696969697,98,2.2765131604731623,0.07537802121465814,-0.20562770562770566,0.030612244897959183,0.9693877551020408,0.030612244897959183
ChemSpacE extreme-SVM,TPSA,45,100,100,58,4.718797012828133,0.015864731175254543,0.75,98,2.3170349563155552,1.6234043178193842,-0.24345039018952058,0.030612244897959183,1.0,0.030612244897959183
ChemSpacE extreme-SVM,TPSA,46,100,100,51,4.718797012828133,0.015864731175254543,0.775,98,2.5514348310567785,0.5835571143970314,-0.16666666666666663,0.061224489795918366,1.0,0.061224489795918366
ChemSpacE extreme-SVM,TPSA,47,100,100,45,4.718797012828133,0.013775602641628895,0.75,99,2.200818945914526,0.8891682987912547,-0.20454545454545459,0.08080808080808081,1.0,0.08080808080808081
ChemSpacE extreme-SVM,TPSA,48,100,100,39,4.718797012828133,0.04706708314198701,0.8358974358974359,98,2.724004542111916,0.4451014117069249,-0.19999999999999996,0.10204081632653061,1.0,0.10204081632653061
ChemSpacE extreme-SVM,TPSA,49,100,100,58,4.718797012828133,0.015864731175254543,0.75,98,1.7500642416969567,1.0903104104124932,-0.23245614035087714,0.09183673469387756,1.0,0.09183673469387756
ChemSpacE extreme-SVM,cLogP,0,100,100,32,6.62449341757848,0.015864731175254543,0.6474358974358974,98,4.701365826140419,1.8855350781880629,-0.34958791208791207,0.0,1.0,0.0
ChemSpacE extreme-SVM,cLogP,1,100,100,31,5.839064617974412,0.015864731175254543,0.7476470588235294,98,3.8025967549267046,1.2309596101761897,-0.2698529411764706,0.0,1.0,0.0
ChemSpacE extreme-SVM,cLogP,2,100,100,25,4.987712985946191,0.015864731175254543,0.8968085106382979,95,2.8437740044215527,1.731671158221899,-0.17748917748917747,0.010526315789473684,1.0,0.010526315789473684
ChemSpacE extreme-SVM,cLogP,3,100,100,34,5.81841881225248,0.015864731175254543,0.6515151515151515,98,2.1861774000890173,-0.09689448282316217,-0.28537071394214253,0.01020408163265306,0.19387755102040816,0.0
ChemSpacE extreme-SVM,cLogP,4,100,100,24,5.273731943700539,0.015864731175254543,0.8168279970215935,96,3.2651000857640566,0.9883114914970937,-0.21138807429130013,0.0,1.0,0.0
ChemSpacE extreme-SVM,cLogP,5,100,100,31,5.91880547436468,0.015864731175254543,0.7175245098039216,99,3.1669865388851886,1.8173335162625766,-0.2647058823529411,0.010101010101010102,0.98989898989899,0.0
ChemSpacE extreme-SVM,cLogP,6,100,100,29,5.291429364048881,0.015864731175254543,0.772488906817265,99,1.7197213845231785,1.3217099409859931,-0.19655244902249314,0.0,1.0,0.0
ChemSpacE extreme-SVM,cLogP,7,100,100,30,5.18250635590882,0.015864731175254543,0.7623931623931623,97,2.808858398125487,0.4054070851494001,-0.22079772079772086,0.0,0.9896907216494846,0.0
ChemSpacE extreme-SVM,cLogP,8,100,100,27,4.763749598690332,0.015864731175254543,0.8685185185185185,98,2.642420498456064,0.23050533768741052,-0.13535353535353528,0.01020408163265306,1.0,0.01020408163265306
ChemSpacE extreme-SVM,cLogP,9,100,100,25,4.981382024079457,0.015864731175254543,0.7867647058823529,96,2.6336630779997634,1.3225264585268626,-0.2256989247311828,0.010416666666666666,0.9895833333333334,0.0
ChemSpacE extreme-SVM,cLogP,10,100,100,28,5.228575827228015,0.015864731175254543,0.782590051457976,98,2.580504084297402,1.2738563556676787,-0.2360925039872408,0.0,1.0,0.0
ChemSpacE extreme-SVM,cLogP,11,100,100,22,4.718797012828133,0.005741742595719804,0.8387387387387388,96,2.1778615553505554,1.3888732799499144,-0.13847143847143845,0.0,1.0,0.0
ChemSpacE extreme-SVM,cLogP,12,100,100,26,5.3058789036131095,0.015864731175254543,0.7284167398302605,98,2.787724994822473,1.5812850873654392,-0.2576470588235294,0.01020408163265306,1.0,0.01020408163265306
ChemSpacE extreme-SVM,cLogP,13,100,100,30,5.393557784364413,0.015864731175254543,0.780448717948718,96,3.301221675450941,-0.6843690279576289,-0.22546113306982873,0.03125,0.08333333333333333,0.0
ChemSpacE extreme-SVM,cLogP,14,100,100,33,6.115004866639266,0.015864731175254543,0.7426545086119554,97,3.550661834145852,1.3696080808084763,-0.2440217391304348,0.0,1.0,0.0
ChemSpacE extreme-SVM,cLogP,15,100,100,24,5.46526975195666,0.015864731175254543,0.7833333333333333,96,3.260840075015508,0.522973362519749,-0.17738600212089084,0.0,0.9895833333333334,0.0
ChemSpacE extreme-SVM,cLogP,16,100,100,28,5.324275290632274,0.015864731175254543,0.7712418300653594,98,3.1035622068677884,1.5066420176227764,-0.2509803921568628,0.0,1.0,0.0
ChemSpacE extreme-SVM,cLogP,17,100,100,29,6.367670380237443,0.015864731175254543,0.6649983316649983,98,3.471227678530443,1.3139554447689639,-0.2627865961199295,0.0,1.0,0.0
ChemSpacE extreme-SVM,cLogP,18,100,100,27,5.599583726875014,0.015864731175254543,0.717607973421927,97,3.480224452908736,1.574956360719933,-0.2814786291875241,0.0,1.0,0.0
ChemSpacE extreme-SVM,cLogP,19,100,100,30,6.1564274688640435,0.015864731175254543,0.6905901116427433,98,3.8925895276495415,2.980951935289737,-0.3005300518376687,0.0,1.0,0.0
ChemSpacE extreme-SVM,cLogP,20,100,100,27,4.778743997473253,0.015864731175254543,0.7583830104321907,99,2.109534181193334,1.2043382220964542,-0.2318135245901639,0.030303030303030304,1.0,0.030303030303030304
ChemSpacE extreme-SVM,cLogP,21,100,100,32,5.1791358197018695,0.015864731175254543,0.7515427563914193,98,3.0205788987930253,-0.2604473189415254,-0.21491015727663815,0.01020408163265306,0.14285714285714285,0.0
ChemSpacE extreme-SVM,cLogP,22,100,100,30,5.066473530975896,0.015864731175254543,0.7342245989304813,98,2.2603569135140837,0.36266296324421765,-0.21272727272727265,0.030612244897959183,1.0,0.030612244897959183
ChemSpacE extreme-SVM,cLogP,23,100,100,26,5.273365878021574,0.015864731175254543,0.8410714285714285,96,3.109958620292801,-0.29173262253346216,-0.24094202898550726,0.0,0.125,0.0
ChemSpacE extreme-SVM,cLogP,24,100,100,22,4.718797012828133,0.006519894108558135,0.8391672807663965,96,2.940474218022658,1.6225775475007265,-0.2142857142857143,0.0,1.0,0.0
ChemSpacE extreme-SVM,cLogP,25,100,100,34,6.009531464551525,0.015864731175254543,0.7807192807192808,98,3.2030429913683105,0.02015949030404782,-0.24038461538461536,0.01020408163265306,0.6428571428571429,0.0
ChemSpacE extreme-SVM,cLogP,26,100,100,26,5.258258973951573,0.015864731175254543,0.7543103448275862,98,2.6898313626624013,1.5786790826382444,-0.19357142857142862,0.0,1.0,0.0
ChemSpacE extreme-SVM,cLogP,27,100,100,24,5.050313608289425,0.015864731175254543,0.7375100725221595,98,2.753868867727175,-0.12032174325460317,-0.15917286454811802,0.01020408163265306,0.14285714285714285,0.0
ChemSpacE extreme-SVM,cLogP,28,100,100,27,4.767136775425724,0.015864731175254543,0.8463541666666667,97,3.0006218676196,0.0167413480852379,-0.16981132075471694,0.0,0.5773195876288659,0.0
ChemSpacE extreme-SVM,cLogP,29,100,100,28,5.363879055580499,0.015864731175254543,0.8220720720720721,96,3.8178704646206323,1.788271501702981,-0.2647058823529411,0.0,1.0,0.0
ChemSpacE extreme-SVM,cLogP,30,100,100,31,5.589862498372857,0.015864731175254543,0.727721335268505,98,3.4062019295107326,0.9519554256946918,-0.2096413020941323,0.01020408163265306,1.0,0.01020408163265306
ChemSpacE extreme-SVM,cLogP,31,100,100,29,4.718797012828133,0.015864731175254543,0.7124060150375939,97,1.4431180113372735,-0.8314131009608353,-0.22682926829268302,0.05154639175257732,0.05154639175257732,0.0
ChemSpacE extreme-SVM,cLogP,32,100,100,26,4.727860547599944,0.015864731175254543,0.8333333333333334,96,2.23918141700405,-0.4401153620905026,-0.2129032258064516,0.010416666666666666,0.125,0.0
ChemSpacE extreme-SVM,cLogP,33,100,100,28,4.718797012828133,0.015864731175254543,0.8235294117647058,96,2.545723982888828,0.6644197145119963,-0.16296296296296287,0.010416666666666666,0.9895833333333334,0.010416666666666666
ChemSpacE extreme-SVM,cLogP,34,100,100,30,5.30095322270914,0.015864731175254543,0.8001900688999762,100,2.8113583311571735,1.386376341905506,-0.16647659776669044,0.01,1.0,0.01
ChemSpacE extreme-SVM,cLogP,35,100,100,26,5.768100187658353,0.015864731175254543,0.6961538461538461,98,3.3934917091322276,1.796779178608144,-0.3324175824175824,0.0,1.0,0.0
ChemSpacE extreme-SVM,cLogP,36,100,100,27,5.886090108348748,0.015864731175254543,0.7197862428062483,97,2.8782007543328536,0.8225229598366668,-0.21739130434782605,0.020618556701030927,0.979381443298969,0.0
ChemSpacE extreme-SVM,cLogP,37,100,100,26,4.74724502975413,0.015864731175254543,0.8301282051282051,97,2.912287825253417,1.2545850103043008,-0.15350488021295472,0.010309278350515464,1.0,0.010309278350515464
ChemSpacE extreme-SVM,cLogP,38,100,100,29,5.132043677637407,0.015864731175254543,0.7417748917748919,98,1.5162121744784263,-1.918836171227993,-0.2673160173160173,0.04081632653061224,0.02040816326530612,0.0
ChemSpacE extreme-SVM,cLogP,39,100,100,24,4.718797012828133,0.015864731175254543,0.8832054560954816,96,2.4991805871935378,0.5392150975830259,-0.1400958110516934,0.03125,0.9895833333333334,0.020833333333333332
ChemSpacE extreme-SVM,cLogP,40,100,100,25,4.718797012828133,0.015864731175254543,0.8660256410256411,97,2.5494762297874933,1.1793211147949234,-0.16393442622950816,0.05154639175257732,0.9896907216494846,0.041237113402061855
ChemSpacE extreme-SVM,cLogP,41,100,100,28,5.470028439263272,0.015864731175254543,0.8162448626433052,98,3.2855984690691318,0.057840605568278525,-0.14490219925002534,0.01020408163265306,0.9897959183673469,0.0
ChemSpacE extreme-SVM,cLogP,42,100,100,26,4.941209393459975,0.015864731175254543,0.7263814616755793,98,2.137406928460736,0.3562424825773763,-0.191507101374274,0.05102040816326531,0.9897959183673469,0.05102040816326531
ChemSpacE extreme-SVM,cLogP,43,100,100,22,4.718797012828133,0.015864731175254543,0.8231638418079097,96,2.897983729256242,0.5148980526647878,-0.21992419248516815,0.03125,1.0,0.03125
ChemSpacE extreme-SVM,cLogP,44,100,100,30,5.552169917065841,0.015864731175254543,0.7679945054945054,98,3.1518459226187048,0.07537802121465814,-0.2487012987012987,0.0,0.9897959183673469,0.0
ChemSpacE extreme-SVM,cLogP,45,100,100,25,4.798623091296024,0.015864731175254543,0.7750764101139205,98,2.5824118331124106,1.6234043178193842,-0.2546142382207956,0.02040816326530612,1.0,0.02040816326530612
ChemSpacE extreme-SVM,cLogP,46,100,100,25,4.718797012828133,0.015864731175254543,0.8333333333333334,98,2.5514348310567785,0.5835571143970314,-0.08783783783783777,0.030612244897959183,1.0,0.030612244897959183
ChemSpacE extreme-SVM,cLogP,47,100,100,29,5.435850137802808,0.015864731175254543,0.7712418300653594,97,3.2739651017294253,0.8891682987912547,-0.24025974025974028,0.0,1.0,0.0
ChemSpacE extreme-SVM,cLogP,48,100,100,29,4.879513442702607,0.015864731175254543,0.8420566502463054,97,3.223512200271551,0.4138990597401925,-0.2753623188405797,0.010309278350515464,1.0,0.010309278350515464
ChemSpacE extreme-SVM,cLogP,49,100,100,24,4.833041458341556,0.015864731175254543,0.7596030729833547,98,2.0045322044116136,1.0903104104124932,-0.2529667037311588,0.04081632653061224,1.0,0.04081632653061224
ChemSpacE extreme-SVM,BertzCT,0,100,66,22,7.284354713588849,0.08290753711906493,1.0,66,5.331544301048266,1.9525778841318733,0.023809523809523836,0.07575757575757576,1.0,0.07575757575757576
ChemSpacE extreme-SVM,BertzCT,1,100,100,22,7.284354713588849,0.08290753711906493,1.0,98,5.171327378216111,1.2980024161200001,0.0,0.061224489795918366,1.0,0.061224489795918366
ChemSpacE extreme-SVM,BertzCT,2,100,100,17,7.284354713588849,0.08282438712162662,1.0,97,4.8241747063632925,1.7987139641657095,0.09523809523809523,0.05154639175257732,1.0,0.05154639175257732
ChemSpacE extreme-SVM,BertzCT,3,100,84,37,7.284354713588849,0.08290753711906493,0.7321428571428572,83,3.584919900940366,-0.02985167687935178,-0.20408163265306123,0.13253012048192772,0.37349397590361444,0.08433734939759036
ChemSpacE extreme-SVM,BertzCT,4,100,100,21,7.284354713588849,0.05393495232214416,1.0,98,5.184025114312286,1.0552711474434657,0.0,0.07142857142857142,0.9897959183673469,0.061224489795918366
ChemSpacE extreme-SVM,BertzCT,5,100,100,31,7.284354713588849,0.08290753711906493,1.0,100,4.341198490092552,1.884376322206387,0.02941176470588236,0.21,1.0,0.21
ChemSpacE extreme-SVM,BertzCT,6,100,100,24,7.284354713588849,0.08290753711906493,1.0,100,3.6395436083466404,1.3887527469298035,0.04225352112676062,0.13,1.0,0.13
ChemSpacE extreme-SVM,BertzCT,7,100,100,22,7.284354713588849,0.08290753711906493,1.0,98,4.7066174542146975,0.47244989109321045,0.038461538461538436,0.061224489795918366,1.0,0.061224489795918366
ChemSpacE extreme-SVM,BertzCT,8,100,100,25,4.718797012828133,0.08290753711906493,1.0,100,2.4491169304976443,0.2975481436312209,0.022222222222222254,0.1,0.99,0.09
ChemSpacE extreme-SVM,BertzCT,9,100,100,28,7.284354713588849,0.08290753711906493,0.9666666666666667,98,4.683712452880313,1.389569264470673,-0.029166666666666674,0.09183673469387756,1.0,0.09183673469387756
ChemSpacE extreme-SVM,BertzCT,10,100,100,29,7.284354713588849,0.08290753711906493,0.8635902636916836,98,4.48063210576365,1.3408991616114891,-0.14337568058076217,0.10204081632653061,1.0,0.10204081632653061
ChemSpacE extreme-SVM,BertzCT,11,100,100,23,4.718797012828133,0.08290753711906493,1.0,98,2.865544356109162,1.4559160858937248,0.08571428571428574,0.1326530612244898,1.0,0.1326530612244898
ChemSpacE extreme-SVM,BertzCT,12,100,100,24,7.284354713588849,0.08290753711906493,1.0,99,4.562738856502532,1.6483278933092496,0.019607843137254943,0.0707070707070707,1.0,0.0707070707070707
ChemSpacE extreme-SVM,BertzCT,13,100,67,26,7.284354713588849,0.08290753711906493,1.0,65,4.852335562030882,-0.6173262220138185,0.04347826086956519,0.06153846153846154,0.06153846153846154,0.015384615384615385
ChemSpacE extreme-SVM,BertzCT,14,100,60,16,7.284354713588849,0.08290753711906493,1.0,59,4.691489375004155,1.4366508867522867,0.04347826086956519,0.01694915254237288,0.9830508474576272,0.0
ChemSpacE extreme-SVM,BertzCT,15,100,100,26,7.284354713588849,0.07597289158932503,1.0,98,4.510566210673858,0.5870798896848337,0.07499999999999996,0.11224489795918367,1.0,0.11224489795918367
ChemSpacE extreme-SVM,BertzCT,16,100,61,20,7.284354713588849,0.08290753711906493,1.0,59,4.875009346209421,1.5736848235665868,0.0,0.01694915254237288,1.0,0.01694915254237288
ChemSpacE extreme-SVM,BertzCT,17,100,100,29,4.871033142486947,0.08290753711906493,1.0,100,1.9314313651259734,1.3809982507127743,0.09259259259259256,0.22,1.0,0.22
ChemSpacE extreme-SVM,BertzCT,18,100,54,13,7.284354713588849,0.08290753711906493,1.0,54,5.116383196190062,1.6419991666637435,0.020408163265306145,0.0,1.0,0.0
ChemSpacE extreme-SVM,BertzCT,19,100,56,15,7.284354713588849,0.08290753711906493,1.0,55,4.848688017538093,3.047994741233547,0.020408163265306145,0.0,1.0,0.0
ChemSpacE extreme-SVM,BertzCT,20,100,100,25,4.718797012828133,0.08290753711906493,1.0,99,1.989640211903093,1.2713810280402646,0.046875,0.13131313131313133,1.0,0.13131313131313133
ChemSpacE extreme-SVM,BertzCT,21,100,100,22,7.284354713588849,0.08290753711906493,1.0,99,5.066152298887793,-0.19340451299771502,0.038461538461538436,0.06060606060606061,0.10101010101010101,0.010101010101010102
ChemSpacE extreme-SVM,BertzCT,22,100,100,29,5.722927467239299,0.08290753711906493,1.0,99,2.623373576376747,0.42970576918802805,0.06000000000000005,0.2727272727272727,0.98989898989899,0.26262626262626265
ChemSpacE extreme-SVM,BertzCT,23,100,100,21,7.284354713588849,0.08290753711906493,1.0,98,4.96762083206219,-0.2246898165896518,0.0,0.07142857142857142,0.07142857142857142,0.0
ChemSpacE extreme-SVM,BertzCT,24,100,100,24,4.718797012828133,0.08290753711906493,1.0,97,2.9066965189629164,1.6896203534445369,0.0,0.09278350515463918,1.0,0.09278350515463918
ChemSpacE extreme-SVM,BertzCT,25,100,72,27,7.284354713588849,0.08290753711906493,1.0,71,4.377742066164721,0.0872022962478582,0.0,0.15492957746478872,0.9859154929577465,0.14084507042253522
ChemSpacE extreme-SVM,BertzCT,26,100,76,34,7.284354713588849,0.08290753711906493,0.8902116402116402,75,4.669774083032577,1.6457218885820548,-0.07671957671957674,0.09333333333333334,1.0,0.09333333333333334
ChemSpacE extreme-SVM,BertzCT,27,100,100,27,4.920007161840324,0.08290753711906493,1.0,98,2.7386654312230285,-0.05327893731079278,0.11111111111111116,0.10204081632653061,0.16326530612244897,0.02040816326530612
ChemSpacE extreme-SVM,BertzCT,28,100,100,25,4.718797012828133,0.08290753711906493,1.0,98,2.7986114329900635,0.08378415402904828,0.0,0.11224489795918367,0.8979591836734694,0.04081632653061224
ChemSpacE extreme-SVM,BertzCT,29,100,100,19,7.284354713588849,0.08290753711906493,1.0,97,5.632511804575142,1.8553143076467915,0.0,0.020618556701030927,1.0,0.020618556701030927
ChemSpacE extreme-SVM,BertzCT,30,100,56,13,7.284354713588849,0.08290753711906493,1.0,55,4.950921909598831,1.0189982316385022,0.08571428571428574,0.0,1.0,0.0
ChemSpacE extreme-SVM,BertzCT,31,100,100,32,7.284354713588849,0.08290753711906493,1.0,98,3.970065310267893,-0.7643702950170249,0.07317073170731703,0.1836734693877551,0.030612244897959183,0.0
ChemSpacE extreme-SVM,BertzCT,32,100,100,28,7.284354713588849,0.08290753711906493,0.9642857142857143,98,4.637727980054276,-0.3730725561466922,-0.09126984126984128,0.061224489795918366,0.030612244897959183,0.0
ChemSpacE extreme-SVM,BertzCT,33,100,100,27,7.284354713588849,0.08290753711906493,1.0,97,5.111281683649544,0.7314625204558067,0.03703703703703709,0.061855670103092786,1.0,0.061855670103092786
ChemSpacE extreme-SVM,BertzCT,34,100,100,27,7.284354713588849,0.08290753711906493,0.9912280701754386,100,4.794759822036882,1.4534191478493164,0.024561403508771895,0.07,1.0,0.07
ChemSpacE extreme-SVM,BertzCT,35,100,100,26,7.284354713588849,0.08290753711906493,1.0,100,4.8815871043938515,1.8638219845519544,0.0,0.08,1.0,0.08
ChemSpacE extreme-SVM,BertzCT,36,100,87,22,7.284354713588849,0.08290753711906493,1.0,85,3.9387385711209433,0.8895657657804772,0.10869565217391308,0.08235294117647059,1.0,0.08235294117647059
ChemSpacE extreme-SVM,BertzCT,37,100,100,26,7.284354713588849,0.08290753711906493,1.0,99,5.054956201256164,1.3216278162481112,0.020408163265306145,0.09090909090909091,0.9797979797979798,0.0707070707070707
ChemSpacE extreme-SVM,BertzCT,38,100,100,23,7.284354713588849,0.08290753711906493,1.0,98,3.592627054163943,-1.8517933652841827,0.0,0.1326530612244898,0.0,0.0
ChemSpacE extreme-SVM,BertzCT,39,100,100,24,7.284354713588849,0.08290753711906493,0.96875,98,4.951895429671859,0.6062579035268363,-0.007211538461538436,0.04081632653061224,1.0,0.04081632653061224
ChemSpacE extreme-SVM,BertzCT,40,100,100,24,7.284354713588849,0.08290753711906493,1.0,99,5.1150339305482095,1.2463639207387338,0.0,0.0707070707070707,1.0,0.0707070707070707
ChemSpacE extreme-SVM,BertzCT,41,100,100,23,7.284354713588849,0.08290753711906493,0.9772727272727273,99,4.876541613923582,0.12488341151208891,0.045454545454545414,0.06060606060606061,0.9696969696969697,0.030303030303030304
ChemSpacE extreme-SVM,BertzCT,42,100,100,26,7.209431112327211,0.08290753711906493,1.0,99,4.344988715349421,0.42328528852118663,0.09090909090909094,0.24242424242424243,0.9797979797979798,0.23232323232323232
ChemSpacE extreme-SVM,BertzCT,43,100,100,27,4.718797012828133,0.08290753711906493,1.0,96,2.653345894528525,0.5819408586085982,0.027027027027026973,0.13541666666666666,1.0,0.13541666666666666
ChemSpacE extreme-SVM,BertzCT,44,100,100,22,7.284354713588849,0.08290753711906493,1.0,100,4.8420708612338785,0.14242082715846852,0.0,0.09,0.97,0.06
ChemSpacE extreme-SVM,BertzCT,45,100,100,24,4.718797012828133,0.08290753711906493,1.0,98,2.607123143866404,1.6904471237631946,0.019230769230769273,0.08163265306122448,1.0,0.08163265306122448
ChemSpacE extreme-SVM,BertzCT,46,100,100,25,7.284354713588849,0.08290753711906493,1.0,99,5.116992531817495,0.6505999203408418,0.08333333333333337,0.0707070707070707,1.0,0.0707070707070707
ChemSpacE extreme-SVM,BertzCT,47,100,66,21,7.284354713588849,0.08290753711906493,1.0,66,4.766376646675242,0.9562111047350651,0.045454545454545414,0.07575757575757576,1.0,0.07575757575757576
ChemSpacE extreme-SVM,BertzCT,48,100,75,25,7.284354713588849,0.08290753711906493,1.0,74,5.289562242872632,0.4809418656840029,0.0,0.0945945945945946,1.0,0.0945945945945946
ChemSpacE extreme-SVM,BertzCT,49,100,100,23,7.284354713588849,0.08290753711906493,1.0,98,4.315621942457673,1.1573532163563036,0.01754385964912286,0.16326530612244897,0.9897959183673469,0.16326530612244897
ChemSpacE extreme-SVM,HeavyAtomCount,0,100,54,33,7.284354713588849,0.08432687456677632,0.7530364372469636,54,5.331544301048266,1.9539972215795847,-0.2231540389435126,0.0,1.0,0.0
ChemSpacE extreme-SVM,HeavyAtomCount,1,100,55,28,7.98158898607228,0.05300441931990909,0.625,53,5.868561650699542,1.2680992983208443,-0.375,0.0,1.0,0.0
ChemSpacE extreme-SVM,HeavyAtomCount,2,100,56,32,7.285067927911363,0.08151657424483767,0.625,52,4.868235377389828,1.7983513811468492,-0.27976190476190477,0.0,1.0,0.0
ChemSpacE extreme-SVM,HeavyAtomCount,3,100,56,48,6.850055004471391,0.07191928623604184,0.625,55,3.1602583006474427,-0.04115675281187285,-0.29336734693877553,0.01818181818181818,0.41818181818181815,0.01818181818181818
ChemSpacE extreme-SVM,HeavyAtomCount,4,100,55,39,7.98158898607228,0.04706708314198701,0.5517241379310345,53,5.881259386795717,1.0195138434638262,-0.4571428571428572,0.018867924528301886,0.9811320754716981,0.0
ChemSpacE extreme-SVM,HeavyAtomCount,5,100,58,37,7.731735209842482,0.05300441931990909,0.625,58,4.7885789863461845,1.8544732044072312,-0.34558823529411764,0.034482758620689655,1.0,0.034482758620689655
ChemSpacE extreme-SVM,HeavyAtomCount,6,100,56,31,7.98158898607228,0.05300441931990909,0.625,56,4.336777880830072,1.3588496291306478,-0.3327464788732394,0.03571428571428571,1.0,0.03571428571428571
ChemSpacE extreme-SVM,HeavyAtomCount,7,100,56,27,7.98158898607228,0.05300441931990909,0.625,54,5.403851726698129,0.4425467732940546,-0.33653846153846156,0.0,1.0,0.0
ChemSpacE extreme-SVM,HeavyAtomCount,8,100,57,25,6.847368805140828,0.05300441931990909,0.625,57,4.57768872281034,0.26764502583206506,-0.35277777777777775,0.03508771929824561,0.9649122807017544,0.017543859649122806
ChemSpacE extreme-SVM,HeavyAtomCount,9,100,56,27,5.748024208808044,0.05300441931990909,0.729490022172949,54,3.3808205031507113,1.3596661466715172,-0.2477671451355662,0.037037037037037035,1.0,0.037037037037037035
ChemSpacE extreme-SVM,HeavyAtomCount,10,100,56,54,6.965002035824375,0.08003397276527272,0.625,55,4.179160688675383,1.3388102440495133,-0.35745614035087714,0.0,1.0,0.0
ChemSpacE extreme-SVM,HeavyAtomCount,11,100,58,37,7.384317376558149,0.04978933612135065,0.625,56,4.96028729472496,1.4255201378753741,-0.28928571428571426,0.03571428571428571,1.0,0.03571428571428571
ChemSpacE extreme-SVM,HeavyAtomCount,12,100,55,31,7.98158898607228,0.05300441931990909,0.625,55,5.259973128985964,1.6184247755100938,-0.35539215686274506,0.03636363636363636,0.9818181818181818,0.01818181818181818
ChemSpacE extreme-SVM,HeavyAtomCount,13,100,55,31,7.98158898607228,0.1271876112741623,0.5714285714285714,53,5.549569834514314,-0.6187171848880457,-0.39652173913043476,0.018867924528301886,0.09433962264150944,0.018867924528301886
ChemSpacE extreme-SVM,HeavyAtomCount,14,100,54,46,7.6854102821757655,0.11121734948548717,0.5581201334816464,53,5.094689914711277,1.466796398908872,-0.40479760119940034,0.018867924528301886,0.9811320754716981,0.0
ChemSpacE extreme-SVM,HeavyAtomCount,15,100,56,30,7.8420633820817,0.0,0.625,54,5.068274879166709,0.5079178518759376,-0.30000000000000004,0.0,1.0,0.0
ChemSpacE extreme-SVM,HeavyAtomCount,16,100,54,32,7.98158898607228,0.05300441931990909,0.625,52,5.572243618692852,1.543781705767431,-0.375,0.019230769230769232,1.0,0.019230769230769232
ChemSpacE extreme-SVM,HeavyAtomCount,17,100,57,44,7.98158898607228,0.04706708314198701,0.46153846153846156,57,5.041987208711307,1.3451577967356965,-0.4458689458689459,0.0,1.0,0.0
ChemSpacE extreme-SVM,HeavyAtomCount,18,100,54,54,8.336973070401239,0.10623895647976299,0.45236895161290325,54,6.1690015530024525,1.6653305860244416,-0.5272228851217906,0.0,1.0,0.0
ChemSpacE extreme-SVM,HeavyAtomCount,19,100,53,40,7.870166578534338,0.09639136567214288,0.5517241379310345,52,5.490211086252553,3.061478569786625,-0.4310024950419039,0.0,1.0,0.0
ChemSpacE extreme-SVM,HeavyAtomCount,20,100,58,28,7.3284153846153846,0.05300441931990909,0.625,58,4.599258583690345,1.2414779102411089,-0.328125,0.034482758620689655,1.0,0.034482758620689655
ChemSpacE extreme-SVM,HeavyAtomCount,21,100,56,28,7.98158898607228,0.06530954169068831,0.625,55,5.763386571371225,-0.22330763079687085,-0.33653846153846156,0.01818181818181818,0.2727272727272727,0.0
ChemSpacE extreme-SVM,HeavyAtomCount,22,100,56,32,7.454692537438788,0.05300441931990909,0.625,54,4.415792466114263,0.39980265138887217,-0.31499999999999995,0.05555555555555555,1.0,0.05555555555555555
ChemSpacE extreme-SVM,HeavyAtomCount,23,100,56,28,7.98158898607228,0.05300441931990909,0.625,54,5.664855104545621,-0.25459293438880765,-0.375,0.0,0.2037037037037037,0.0
ChemSpacE extreme-SVM,HeavyAtomCount,24,100,58,25,7.1693506607789885,0.05300441931990909,0.625,55,5.516314890750168,1.659717235645381,-0.375,0.0,1.0,0.0
ChemSpacE extreme-SVM,HeavyAtomCount,25,100,57,31,7.98158898607228,0.05300441931990909,0.625,56,5.074976338648153,0.06960430081948159,-0.375,0.03571428571428571,1.0,0.03571428571428571
ChemSpacE extreme-SVM,HeavyAtomCount,26,100,55,37,7.98158898607228,0.045049127330246755,0.6,55,5.367008355516008,1.6078634787932367,-0.3285714285714286,0.01818181818181818,1.0,0.01818181818181818
ChemSpacE extreme-SVM,HeavyAtomCount,27,100,58,30,7.387687066641673,0.05300441931990909,0.625,56,4.998011052758228,-0.08318205510994861,-0.26388888888888884,0.0,0.21428571428571427,0.0
ChemSpacE extreme-SVM,HeavyAtomCount,28,100,58,25,7.98158898607228,0.05300441931990909,0.625,56,6.061403406234211,0.053881036229892446,-0.375,0.017857142857142856,0.9642857142857143,0.0
ChemSpacE extreme-SVM,HeavyAtomCount,29,100,55,28,7.98158898607228,0.05300441931990909,0.625,52,6.329746077058573,1.8254111898476357,-0.375,0.0,1.0,0.0
ChemSpacE extreme-SVM,HeavyAtomCount,30,100,54,46,6.288950325794179,0.12453437581823382,0.39520474137931033,53,4.032535273283247,1.0752922728592167,-0.5549107142857143,0.0,1.0,0.0
ChemSpacE extreme-SVM,HeavyAtomCount,31,100,57,29,6.709470335310418,0.05300441931990909,0.7272727272727273,55,3.5330794018198723,-0.7942734128161808,-0.20531028095091086,0.07272727272727272,0.03636363636363636,0.0
ChemSpacE extreme-SVM,HeavyAtomCount,32,100,55,33,7.8420633820817,0.013259326953016235,0.625,53,5.195436648547127,-0.4442936191577539,-0.3783783783783784,0.0,0.11320754716981132,0.0
ChemSpacE extreme-SVM,HeavyAtomCount,33,100,56,20,7.98158898607228,0.05300441931990909,0.625,53,5.808515956132975,0.7015594026566508,-0.3379629629629629,0.0,1.0,0.0
ChemSpacE extreme-SVM,HeavyAtomCount,34,100,56,30,7.943556473179644,0.05300441931990909,0.625,56,5.453961581627677,1.4235160300501606,-0.3416666666666667,0.0,1.0,0.0
ChemSpacE extreme-SVM,HeavyAtomCount,35,100,56,35,7.98158898607228,0.05251158910071429,0.625,56,5.578821376877283,1.8334260365336037,-0.375,0.0,1.0,0.0
ChemSpacE extreme-SVM,HeavyAtomCount,36,100,55,38,7.98158898607228,0.05300441931990909,0.4939759036144578,53,4.635972843604375,0.8596626479813213,-0.423562412342216,0.0,1.0,0.0
ChemSpacE extreme-SVM,HeavyAtomCount,37,100,55,31,7.98158898607228,0.05300441931990909,0.625,55,5.752190473739596,1.2917246984489554,-0.35459183673469385,0.05454545454545454,0.9636363636363636,0.01818181818181818
ChemSpacE extreme-SVM,HeavyAtomCount,38,100,55,25,7.98158898607228,0.05300441931990909,0.625,53,4.289861326647374,-1.8816964830833385,-0.375,0.05660377358490566,0.018867924528301886,0.0
ChemSpacE extreme-SVM,HeavyAtomCount,39,100,56,30,7.289682940495554,0.05300441931990909,0.625,54,4.995956100698395,0.5763547857276804,-0.34375,0.0,1.0,0.0
ChemSpacE extreme-SVM,HeavyAtomCount,40,100,57,30,7.482042433417261,0.05300441931990909,0.625,55,5.538545786962816,1.2331678933538825,-0.375,0.0,1.0,0.0
ChemSpacE extreme-SVM,HeavyAtomCount,41,100,55,23,7.98158898607228,0.05300441931990909,0.625,54,5.573775886407013,0.09498029371293307,-0.3295454545454546,0.018518518518518517,0.9814814814814815,0.018518518518518517
ChemSpacE extreme-SVM,HeavyAtomCount,42,100,57,28,7.710253198205589,0.05300441931990909,0.625,56,4.883343954855143,0.3933821707220308,-0.28409090909090906,0.05357142857142857,0.9642857142857143,0.017857142857142856
ChemSpacE extreme-SVM,HeavyAtomCount,43,100,58,21,6.690381426821345,0.05300441931990909,0.6696428571428572,55,4.78191768684122,0.5520377408094423,-0.347972972972973,0.03636363636363636,1.0,0.03636363636363636
ChemSpacE extreme-SVM,HeavyAtomCount,44,100,56,31,7.98158898607228,0.06294711481277922,0.625,56,5.53930513371731,0.12246040485218282,-0.375,0.03571428571428571,0.9821428571428571,0.017857142857142856
ChemSpacE extreme-SVM,HeavyAtomCount,45,100,58,27,5.855122771495246,0.05300441931990909,0.736875800256082,56,3.5823528543503995,1.6605440059640388,-0.27206244459765583,0.0,1.0,0.0
ChemSpacE extreme-SVM,HeavyAtomCount,46,100,56,28,7.98158898607228,0.05300441931990909,0.625,56,5.814226804300926,0.6206968025416859,-0.29166666666666663,0.03571428571428571,0.9642857142857143,0.017857142857142856
ChemSpacE extreme-SVM,HeavyAtomCount,47,100,55,37,7.98158898607228,0.05251158910071429,0.625,55,5.463610919158674,0.9258151567167144,-0.3295454545454546,0.01818181818181818,1.0,0.01818181818181818
ChemSpacE extreme-SVM,HeavyAtomCount,48,100,55,25,7.98158898607228,0.05300441931990909,0.625,54,5.986796515356064,0.451038747884847,-0.375,0.037037037037037035,1.0,0.037037037037037035
ChemSpacE extreme-SVM,HeavyAtomCount,49,100,56,29,7.959249340287606,0.05300441931990909,0.625,54,5.012856214941104,1.1274500985571478,-0.35745614035087714,0.018518518518518517,1.0,0.018518518518518517
